ts,y,ao,ah,al,sigma,p_up,loss_ens,loss_cal,cp_prob,cal_05,cal_10,cal_25,cal_40,cal_50,cal_60,cal_75,cal_90,cal_95,loss_empirical,loss_ewma,loss_garch,loss_har,loss_bocpd,loss_hmm,loss_online_qr,loss_lgbm,t_b,t_u,t_d,g_b,g_u,g_d,g_p,g_05,g_25,g_75,g_95,g_eff,g2_b,g2_u,g2_d,c2_in,g3_b,g3_u,g3_d,c3_in,g4_b,g4_u,g4_d,c4_in,g5_b,g5_u,g5_d,c5_in,g5_o
1790208000,0.000826819,-3.72596e-06,0.0010725,-0.000104332,0.000422565,0.485341,0.000296264,0.000306321,0.0276122,-0.000598371,-0.00045987,-0.000250961,-9.36223e-05,-1.34712e-05,8.01154e-05,0.000221313,0.000440572,0.000564269,0.000247808,0.000304265,0.000289265,0.000314839,0.000320267,0.000277775,0.000278492,0.00030479,-0.000286289,0.000342916,4.66051e-05,-0.000296124,0.000284088,1.25137e-06,0.499028,-0.000606442,-0.000255251,0.000240119,0.000599169,1790208000,0.000296815,0,0.000238548,1,0.000270874,1.10767e-05,0.000246492,1,0.000238571,0,0.000225028,1,0.000251924,2.9345e-06,0.000253359,1,
1790208060,-0.000346287,-1.86145e-05,9.67899e-05,-0.000450569,0.000434353,0.486715,9.67848e-05,9.6447e-05,0.0920721,-0.000737698,-0.000546046,-0.000286555,-0.000109048,-1.48698e-05,9.87944e-05,0.000273355,0.000553082,0.000708622,9.99581e-05,9.67742e-05,9.65288e-05,9.62913e-05,9.53414e-05,9.90651e-05,9.51528e-05,9.77991e-05,-0.000337717,0.000408011,0.000104663,-0.000356946,0.000358806,9.07522e-05,0.498088,-0.000754027,-0.000297575,0.000293573,0.00077294,1790208000,-0.000341479,0.000295617,0,1,0.000287227,0,0.00026995,1,0.000258288,3.08659e-05,0.000251796,1,0.000237378,1.00426e-05,0.000231821,1,
1790208120,-8.93838e-05,-7.44835e-06,7.07565e-05,-0.000245825,0.000432767,0.482911,4.83185e-05,4.5544e-05,0.073182,-0.000680572,-0.0005027,-0.00026462,-0.000107574,-1.79583e-05,8.88619e-05,0.000247,0.000507197,0.000653707,6.4122e-05,4.28196e-05,5.37194e-05,4.29676e-05,4.25329e-05,5.3263e-05,5.16765e-05,4.64133e-05,-0.000309586,0.000352221,5.3945e-05,0.000318464,0,0.000323833,0.503542,-0.000682951,-0.000261304,0.000270221,0.000690324,1790208000,-0.000379799,0.000362313,0,1,0.000353875,0,0.000302644,1,-0.000276255,0.000268596,0,1,-0.00026813,0.000267828,0,1,
1790208180,0.000845102,0,0.000845102,-0.000137816,0.000428604,0.486791,0.000292379,0.000301956,0.0528806,-0.000617435,-0.000460887,-0.00024391,-9.15165e-05,-1.32477e-05,8.87586e-05,0.000239036,0.000486473,0.000627548,0.000254381,0.000309047,0.000281184,0.000318673,0.000317785,0.000279133,0.000271505,0.000296496,-0.000290463,0.000339805,2.01111e-05,0.000293898,0,0.000255629,0.508228,-0.000615708,-0.000236996,0.00025434,0.000643321,1790208000,0.000328915,0,0.000284929,1,0.000362963,2.63875e-05,0.000319204,1,-0.000313683,0.000285029,4.33896e-06,0,-0.000265408,0.000270115,6.87389e-06,1,
1790208240,-6.69865e-05,1.1164e-05,0.000111634,-0.000684962,0.000440808,0.480874,5.32471e-05,5.03524e-05,0.152866,-0.000772414,-0.00057995,-0.000310283,-0.000117628,-2.3038e-05,9.91771e-05,0.000291137,0.000592045,0.000766009,6.27765e-05,4.31447e-05,5.71458e-05,4.6131e-05,4.63706e-05,5.65418e-05,5.71819e-05,5.42043e-05,-0.000363372,0.000406745,8.34481e-05,-0.000362973,0.000345266,6.58488e-05,0.497791,-0.000765718,-0.000303901,0.000297275,0.000784975,1790208000,-0.000291362,0.000281412,6.15358e-06,1,-0.000325808,0.000307731,0,1,0.000332781,3.88097e-05,0.000341513,1,0.000265228,3.20505e-05,0.000250589,0,
1790208300,2.23293e-05,3.72159e-06,0.000468811,-0.000260546,0.00043648,0.485819,5.15956e-05,4.98351e-05,0.105748,-0.000769492,-0.000574378,-0.000295731,-0.000110811,-1.75535e-05,0.000107972,0.000300151,0.000584603,0.000754372,6.25892e-05,4.09388e-05,5.31132e-05,4.93535e-05,4.20955e-05,5.06555e-05,5.50074e-05,5.28123e-05,-0.000358016,0.000403224,5.77825e-05,0.000374053,4.41487e-06,0.000429222,0.501881,-0.000774579,-0.00030518,0.000307872,0.000788628,1790208300,-0.000378192,0.000344494,1.13138e-05,1,-0.000328901,0.000267845,0,1,-0.000318953,0.000292239,2.34675e-06,1,-0.000353539,0.000344372,0,1,
1790208360,0.000550632,1.11645e-05,0.000736588,1.11645e-05,0.000432105,0.489388,0.000153857,0.00015477,0.075721,-0.000706712,-0.000526673,-0.000273456,-9.72322e-05,-1.24e-05,0.000106177,0.000283414,0.000555045,0.000712958,0.000161666,0.000165831,0.000157198,0.000158214,0.000163965,0.000155377,0.000151805,0.000150687,-0.000335177,0.00039351,4.34142e-05,0.000339569,9.15512e-06,0.000361528,0.508603,-0.000707845,-0.00027575,0.000288105,0.000727247,1790208300,0.00037615,0,0.000364568,1,0.000371575,1.37776e-06,0.000328625,1,-0.000291745,0.000267718,1.71553e-05,0,-0.000309036,0.000291647,2.15854e-05,1,
1790208420,-0.000319925,0,5.57904e-05,-0.000558075,0.000434792,0.480804,8.76562e-05,8.78881e-05,0.0987002,-0.000747706,-0.000566121,-0.000303593,-0.000107256,-2.19362e-05,9.40804e-05,0.00027894,0.000565145,0.000726351,9.52262e-05,8.94682e-05,8.91667e-05,8.90074e-05,9.32011e-05,9.15121e-05,8.81179e-05,8.96002e-05,-0.000352275,0.000380755,6.55868e-05,0.000332294,0,0.000377706,0.501157,-0.000710887,-0.000279333,0.000274868,0.000725438,1790208300,0.000343357,2.92533e-05,0.000330065,1,0.000383553,1.33518e-06,0.000362999,1,0.000332261,2.42655e-05,0.000346739,1,0.000298322,3.17936e-06,0.000293136,1,
1790208480,-0.000267923,-2.60449e-05,0.000159975,-0.000383301,0.000432794,0.483876,7.85412e-05,7.67668e-05,0.0755742,-0.000712277,-0.000538295,-0.000281614,-0.000104415,-1.81496e-05,9.61445e-05,0.000282306,0.00055949,0.000718201,8.65183e-05,7.4996e-05,7.95672e-05,7.57878e-05,7.62464e-05,7.98384e-05,8.01088e-05,7.96821e-05,-0.000338419,0.000375025,6.38807e-05,0.000335143,0,0.000350777,0.505435,-0.000712995,-0.000272364,0.000285033,0.00073411,1790208300,-0.000362738,0.00033906,0,1,-0.000365868,0.000349047,0,1,-0.000357741,0.000347268,5.99409e-06,1,-0.000354533,0.00032515,1.0769e-06,1,
1790208540,-0.000431805,0,0.000174902,-0.000565851,0.000430116,0.483913,0.000121608,0.000120838,0.0557729,-0.000668564,-0.000498096,-0.000260949,-9.80869e-05,-1.69091e-05,8.99197e-05,0.000259901,0.000528985,0.000679448,0.000120011,0.000120452,0.000120068,0.000119958,0.00012003,0.000122217,0.00012152,0.000123604,-0.000312665,0.000355752,6.41999e-05,0.000299448,0,0.000291317,0.50882,-0.000634181,-0.000240983,0.000259734,0.000655937,1790208300,-0.000371064,0.000345264,0,1,0.000348581,0,0.000308027,1,-0.000339285,0.000325043,1.87426e-05,1,-0.000351797,0.000324553,3.68341e-05,1,
1790208600,-0.000417092,0,0.000204758,-0.000808273,0.00043015,0.478907,0.000117034,0.000115586,0.0505,-0.000697292,-0.000511215,-0.000268579,-0.000109029,-2.31609e-05,8.83649e-05,0.000266808,0.000530614,0.000697562,0.000115626,0.000116348,0.000115927,0.000115808,0.00011386,0.000118164,0.000117167,0.000118184,-0.000321494,0.000368831,9.34785e-05,0.00032148,0,0.000344552,0.506967,-0.000686894,-0.000258465,0.00027789,0.000698283,1790208600,0.000320037,0,0.000294036,0,-0.000360246,0.000340163,0,0,-0.000327123,0.000336666,0,0,0.000346097,1.28781e-05,0.000330165,1,
1790208660,-0.000797427,-8.93995e-05,-8.93995e-05,-0.000804883,0.000429893,0.483888,0.000256266,0.000259633,0.0469653,-0.000729094,-0.000528753,-0.000283789,-0.000113836,-1.91091e-05,0.000101215,0.000291008,0.000571515,0.000742056,0.000227395,0.00027672,0.00024737,0.000241374,0.000268789,0.000255071,0.000256336,0.000269206,-0.000345427,0.000410057,9.9843e-05,0.000351811,1.98955e-05,0.000395511,0.51011,-0.000738132,-0.000277655,0.000304266,0.000753953,1790208600,-0.000349192,0.00031452,0,0,-0.000333216,0.000296765,0,0,-0.000337378,0.000322681,0,0,-0.000333599,0.000316212,0,0,
1790208720,0.00050685,-3.72779e-06,0.000722928,-0.000167764,0.000440261,0.481929,0.000142393,0.000145221,0.0773974,-0.000739704,-0.00053263,-0.000281959,-0.000112293,-2.03226e-05,9.38979e-05,0.000285367,0.000577399,0.000733382,0.000150485,0.000146433,0.000145755,0.000147347,0.000154812,0.000144068,0.000140479,0.000139087,-0.000340669,0.000380055,8.31793e-05,0.000335852,0,0.000334874,0.506881,-0.000724593,-0.000267201,0.000293835,0.000730077,1790208600,-0.000370031,0.000342518,0,1,-0.000333436,0.000312081,0,1,-0.000303252,0.000294436,4.47913e-06,1,-0.000320626,0.000307835,2.51022e-05,0,
1790208780,0.000625754,-3.7259e-06,0.000625754,-0.000264573,0.000441691,0.476715,0.000180498,0.000184699,0.0731053,-0.000787858,-0.000577421,-0.000314336,-0.000124781,-2.76269e-05,9.2789e-05,0.000292005,0.000589122,0.000751934,0.000183514,0.000192222,0.000178671,0.000183344,0.000196069,0.000177117,0.000179723,0.000183438,-0.000366766,0.000394684,0.000113773,-0.000366658,0.000343856,5.52852e-05,0.499217,-0.000776422,-0.000304111,0.000304876,0.000784028,1790208600,0.000357361,0,0.000313832,0,-0.000354111,0.000346871,2.22988e-06,1,-0.000310824,0.000316668,3.23558e-06,1,0.000308667,1.28349e-05,0.000291617,1,
1790208840,-0.000160126,-3.72357e-06,-3.72357e-06,-0.000256959,0.000446117,0.47145,6.12267e-05,5.8892e-05,0.0852802,-0.000800001,-0.000604561,-0.000327527,-0.000136985,-3.46814e-05,8.85775e-05,0.000294395,0.000601459,0.00075715,6.78704e-05,5.62247e-05,6.6214e-05,6.12974e-05,5.82671e-05,6.73463e-05,6.2369e-05,5.82778e-05,-0.000377808,0.000385977,0.000116586,-0.000376792,0.000336804,8.25005e-05,0.493514,-0.000801607,-0.000320385,0.000303885,0.000804922,1790208600,-0.000374708,0.000349038,1.43593e-05,1,-0.000332202,0.000308265,1.43703e-06,1,-0.000325981,0.000347762,1.56348e-05,1,-0.000312498,0.000317858,0,1,
1790208900,0.000874795,0,0.00100874,0,0.000442213,0.479121,0.000291481,0.000301293,0.0624883,-0.000745962,-0.000555905,-0.000293327,-0.000117421,-2.39278e-05,9.24441e-05,0.000284359,0.000563438,0.000709746,0.000268437,0.000313292,0.000277362,0.000309927,0.000311609,0.000278748,0.000272884,0.000300322,-0.000347832,0.000377457,1.91509e-05,-0.000334122,0.000286119,0,0.499341,-0.000704087,-0.000281856,0.000275963,0.000709676,1790208900,0.000382407,0,0.000368024,1,0.00037151,0,0.000330189,0,-0.000314379,0.000324196,0,0,-0.000333397,0.000349967,1.98468e-06,1,
1790208960,0.000171147,1.48835e-05,0.000223229,-2.97677e-05,0.000454914,0.476877,7.03001e-05,7.02243e-05,0.116373,-0.000821075,-0.00062517,-0.00033254,-0.00013171,-2.98439e-05,0.000101039,0.000310768,0.000628868,0.000820628,7.78974e-05,6.22596e-05,7.47519e-05,6.41355e-05,6.25478e-05,7.36285e-05,7.44745e-05,6.95973e-05,-0.000388937,0.000405023,6.09026e-05,-0.000396918,0.000390188,3.16558e-05,0.499,-0.000840514,-0.000332863,0.000323829,0.000855636,1790208900,-0.000367336,0.000354936,0,0,0.000377655,2.93685e-05,0.000328123,1,0.000337328,3.59816e-05,0.000342609,0,-0.00031528,0.000330528,0,0,
1790209020,0.000159959,0,0.000267823,-7.81286e-05,0.000450992,0.475576,6.45744e-05,6.40382e-05,0.0922464,-0.000734555,-0.000559208,-0.000300418,-0.000121952,-2.78632e-05,8.80227e-05,0.000268986,0.000554919,0.000720318,7.60326e-05,5.99552e-05,7.05693e-05,5.53541e-05,5.93973e-05,6.81213e-05,6.67818e-05,6.61652e-05,-0.000346006,0.000298191,1.3298e-05,-0.000319617,0.000257439,0,0.497577,-0.000696327,-0.000274015,0.000259067,0.000694776,1790208900,0.000422235,0,0.000389973,1,-0.000329141,0.000286512,0,0,0.000358618,2.69042e-05,0.000343839,1,0.000365409,1.1089e-06,0.000328965,0,
1790209080,0.000215718,-3.71968e-06,0.000383053,-2.23183e-05,0.000447032,0.484711,7.12342e-05,7.02457e-05,0.0743212,-0.000705172,-0.000535311,-0.000286679,-0.000107315,-1.70257e-05,9.61237e-05,0.000265409,0.00053569,0.000689798,8.52237e-05,6.8799e-05,7.77578e-05,6.45327e-05,6.7574e-05,7.44911e-05,7.16651e-05,7.20208e-05,-0.000333833,0.000312388,0,0.000326686,0,0.0002975,0.504993,-0.000696887,-0.000271695,0.000273288,0.000713308,1790208900,-0.000360341,0.000311743,0,1,0.00042649,0,0.000338422,1,0.000341892,0,0.000304842,0,-0.000379291,0.000341446,0,1,
1790209140,0.000267723,0,0.000472185,0,0.000443589,0.48178,8.06263e-05,8.09171e-05,0.0655315,-0.000686696,-0.00051084,-0.000281724,-0.000112664,-1.95254e-05,8.94136e-05,0.000241503,0.000504999,0.00065088,9.37795e-05,7.79294e-05,8.46099e-05,7.75364e-05,7.5315e-05,8.12447e-05,8.37079e-05,8.35314e-05,-0.000319205,0.00028568,1.81227e-05,0.000317178,0,0.000314875,0.502116,-0.000685793,-0.00026697,0.000262567,0.00068955,1790208900,0.000354338,0,0.000299136,1,-0.000338406,0.000316514,0,1,-0.000375803,0.000381672,1.35901e-06,1,-0.000316265,0.000299048,0,0,
1790209200,-0.000435086,1.11536e-05,0.000104095,-0.00048716,0.00044076,0.483796,0.00011844,0.000118768,0.0617716,-0.000692228,-0.000515792,-0.000283891,-0.000108621,-1.72137e-05,9.07814e-05,0.000247437,0.000507645,0.000655427,0.00011996,0.000121408,0.000121093,0.000120863,0.000127238,0.000123383,0.000115811,0.000114367,-0.000323063,0.000300008,2.43957e-05,0.00032335,0,0.000327703,0.503129,-0.000699159,-0.000271215,0.00026885,0.000705678,1790209200,-0.000348913,0.000320221,0,1,-0.000361907,0.000322017,0,1,-0.000335667,0.000314866,0,1,-0.000389273,0.000371025,0,1,
1790209260,1.48779e-05,-5.20742e-05,9.67021e-05,-0.000494815,0.000440648,0.481613,4.35844e-05,4.2238e-05,0.0513778,-0.000643528,-0.000481025,-0.00025626,-0.000101672,-1.96561e-05,8.90073e-05,0.000242195,0.000495956,0.000642299,6.21621e-05,4.25812e-05,5.13895e-05,3.67765e-05,4.42729e-05,4.85728e-05,4.58982e-05,4.08392e-05,-0.000301122,0.000315093,3.8202e-05,0.000302727,0,0.00029299,0.506409,-0.000654603,-0.000244605,0.000261413,0.000673145,1790209200,-0.000361414,0.000330306,0,1,-0.000340177,0.000317058,0,1,-0.000333939,0.000310565,0,1,-0.000301241,0.000275955,2.17117e-05,1,
1790209320,-0.00139949,3.71943e-06,0.00010042,-0.00140694,0.000436224,0.488356,0.00057351,0.00057876,0.0439688,-0.000624037,-0.000470366,-0.000252842,-9.69593e-05,-1.16812e-05,9.03831e-05,0.000248345,0.000508228,0.000637944,0.000504014,0.000572034,0.000550778,0.000571091,0.000572947,0.000557645,0.000580764,0.000586543,-0.000301387,0.000317999,3.52354e-05,0.000312295,0,0.00031643,0.509429,-0.000653011,-0.000250986,0.000270094,0.000683763,1790209200,0.000346372,0,0.000279033,0,-0.000346108,0.000327353,0,0,-0.000324098,0.000312722,0,0,-0.000314948,0.000311356,2.13878e-06,1,
1790209380,0.000491532,0,0.000614378,0,0.000475033,0.494282,0.000137632,0.000138376,0.18496,-0.000896088,-0.000656918,-0.000331678,-0.00012389,-8.12457e-06,0.00013323,0.000350112,0.000682404,0.000876051,0.000146539,0.000140439,0.0001423,0.00014076,0.000145603,0.000141409,0.000132339,0.00013489,-0.000411285,0.000498077,0.000101284,0.000435967,5.36344e-05,0.000473958,0.515406,-0.000929135,-0.00033557,0.00038137,0.000925031,1790209200,-0.000320336,0.000293728,3.20661e-05,0,-0.000339471,0.000319292,0,1,-0.000328547,0.000318572,0,1,-0.000310731,0.000301197,0,1,
1790209440,0.000602914,-1.11685e-05,0.000617796,-1.11685e-05,0.000475369,0.487177,0.000172596,0.000172591,0.149843,-0.00079915,-0.000600717,-0.000319532,-0.000117709,-1.54125e-05,0.000106681,0.000301153,0.000617917,0.000788249,0.000177354,0.000175903,0.00017296,0.000182617,0.000171554,0.000172001,0.000173245,0.00017736,-0.000374856,0.000357823,5.00646e-05,0.000383628,0,0.00038675,0.50395,-0.000820673,-0.000316807,0.000323751,0.000833388,1790209200,0.000457162,0,0.000391531,1,-0.000350267,0.000322324,0,1,-0.000311275,0.000308566,0,1,-0.000312197,0.000304079,5.17977e-06,1,
1790209500,0.000319918,2.23232e-05,0.000342234,-0.000282803,0.000478253,0.469427,0.000100041,9.92815e-05,0.138142,-0.000805378,-0.000617747,-0.000328238,-0.00013476,-3.62411e-05,8.42129e-05,0.000275737,0.000574685,0.000749465,0.000102759,9.27504e-05,0.000103537,9.22933e-05,9.25741e-05,0.000106684,0.00010894,0.000105905,-0.000369132,0.000299222,8.64218e-05,-0.000383823,0.000300364,6.59762e-05,0.492866,-0.000835107,-0.00033285,0.000307025,0.000822702,1790209500,-0.000384929,0.0003444,1.65512e-05,1,-0.000385097,0.000399052,6.36125e-05,1,-0.000298153,0.0003152,2.17123e-05,1,-0.000300431,0.000311113,0,1,
1790209560,-0.000264111,-7.43879e-06,0.000200826,-0.000305036,0.000475604,0.486527,7.98207e-05,7.95036e-05,0.11013,-0.0008137,-0.000622067,-0.000331055,-0.000127961,-1.66612e-05,0.000108901,0.000299876,0.000609848,0.000786081,8.5476e-05,7.72913e-05,8.80062e-05,7.57231e-05,8.78041e-05,9.48165e-05,7.77656e-05,7.43228e-05,-0.000382456,0.000359553,2.29937e-05,0.000398549,0,0.000409567,0.502732,-0.00084213,-0.000332294,0.000330275,0.000863843,1790209500,-0.000373169,0.000353091,0,1,-0.000377037,0.000348822,0,1,-0.000373829,0.00039357,2.481e-05,1,0.000314246,6.89945e-06,0.000316593,1,
1790209620,-5.5807e-05,4.09232e-05,0.000208319,-0.000111617,0.000472303,0.487279,5.12674e-05,4.92103e-05,0.0882566,-0.000757978,-0.000567439,-0.000296417,-0.00011193,-1.53084e-05,0.000106921,0.000289226,0.000571777,0.000737434,6.16986e-05,4.89575e-05,6.16605e-05,4.52064e-05,5.64593e-05,6.69995e-05,4.93572e-05,4.61765e-05,-0.000352292,0.000343377,1.74693e-05,0.000376201,0,0.000359712,0.505599,-0.000803665,-0.000307722,0.000319854,0.000826275,1790209500,0.00037969,3.23033e-05,0.000374399,1,-0.000350499,0.000376906,0,1,-0.000333382,0.000366421,1.87431e-05,1,-0.000349175,0.00038156,4.53814e-05,1,
1790209680,-5.58101e-05,0,0,-0.000208374,0.000467622,0.485989,4.703e-05,4.46191e-05,0.0733161,-0.000690918,-0.000509816,-0.000265406,-9.97887e-05,-1.50191e-05,9.40498e-05,0.000263564,0.000521904,0.000673611,6.16627e-05,4.82429e-05,5.84251e-05,3.88103e-05,5.45463e-05,6.17711e-05,4.30899e-05,4.46086e-05,-0.000317624,0.000287833,0,0.000317875,0,0.000288904,0.505365,-0.000673252,-0.000257821,0.000270083,0.000699963,1790209500,0.000379055,2.78058e-05,0.00032894,1,-0.000406854,0.000407662,0,1,-0.000344877,0.000375942,0,1,-0.000347389,0.000363679,0,1,
1790209740,0.000383167,1.4883e-05,0.000424079,-0.000334926,0.00046299,0.48277,0.000111241,0.000110644,0.0638988,-0.000651241,-0.000486529,-0.000251355,-9.79083e-05,-1.76659e-05,8.67138e-05,0.000247069,0.000505614,0.000652036,0.000116127,0.000110045,0.000110778,0.000109171,0.000106716,0.000110016,0.000112781,0.000112689,-0.00029971,0.000271697,6.50881e-06,0.000294153,0,0.000262889,0.501912,-0.000617377,-0.000237985,0.000246254,0.000653514,1790209500,-0.000337648,0.000306227,0,1,-0.000389509,0.000359746,0,1,-0.000370607,0.000371025,1.3552e-05,1,-0.000355355,0.000317388,4.00185e-06,1,
1790209800,0.000438787,5.57887e-05,0.000438787,-0.000658542,0.000461529,0.485324,0.00012765,0.000126327,0.0588665,-0.000773371,-0.000581494,-0.000307283,-0.0001119,-1.75469e-05,0.000103857,0.000293766,0.000580383,0.000748032,0.000131242,0.000125464,0.000126152,0.000125996,0.000120349,0.000125233,0.000126345,0.000132795,-0.000362165,0.000410926,6.29809e-05,0.000360479,1.7074e-05,0.000404652,0.507625,-0.00075918,-0.000299527,0.000305278,0.000775721,1790209800,-0.000313866,0.000257989,0,1,-0.00034958,0.000299049,0,1,-0.000363568,0.000339064,9.48022e-06,1,-0.000374433,0.00035926,1.03804e-05,1,
1790209860,0.000561218,-3.71773e-06,0.000631813,-6.69212e-05,0.000461085,0.484773,0.000163386,0.000161337,0.0567187,-0.000818306,-0.000613462,-0.000325706,-0.000121752,-1.8935e-05,0.00010726,0.000302683,0.000594204,0.000781553,0.000165083,0.000162172,0.000160143,0.000160268,0.00015218,0.000159134,0.000165967,0.000168454,-0.000379475,0.000398172,7.23559e-05,0.000362967,1.05026e-05,0.000427154,0.502284,-0.000771454,-0.000303868,0.00030421,0.000797159,1790209800,-0.000399913,0.000384675,0,1,-0.000331802,0.000288968,0,0,-0.000312913,0.000301813,7.08082e-06,1,-0.000345647,0.000358227,5.92636e-06,1,
1790209920,6.31638e-05,-3.71564e-06,8.17406e-05,-0.000494302,0.0004633,0.480236,5.52163e-05,5.33786e-05,0.0579532,-0.000800328,-0.000620635,-0.000316468,-0.00012053,-2.37756e-05,9.83756e-05,0.000292336,0.000578846,0.0007442,6.47698e-05,4.88863e-05,5.70957e-05,4.90607e-05,5.14359e-05,5.64534e-05,5.46256e-05,6.0955e-05,-0.000368001,0.000349669,2.58406e-05,0.000337632,0,0.000351477,0.503424,-0.00073271,-0.00028574,0.000280088,0.000744872,1790209800,-0.000366928,0.00038622,1.06967e-05,1,0.000325927,4.4109e-05,0.00034875,1,-0.000289314,0.00030118,0,0,-0.000297535,0.000316213,1.20296e-05,1,
1790209980,-0.00136076,2.97228e-05,0.000211755,-0.00136448,0.00045873,0.490379,0.000529132,0.000536935,0.0547311,-0.000744451,-0.000564429,-0.000287888,-0.000101421,-1.06716e-05,0.000102079,0.000292912,0.000559281,0.000726415,0.000484804,0.000541673,0.000523329,0.000528566,0.000549121,0.000526087,0.000540954,0.000518319,-0.000349033,0.000354253,4.04397e-06,0.00034401,0,0.000350192,0.508156,-0.000726266,-0.000281547,0.000293494,0.000760742,1790209800,0.000348277,1.52079e-05,0.000320695,0,0.000383075,4.58489e-05,0.000327303,1,0.000329394,6.37572e-05,0.000326303,1,-0.000277063,0.000282695,2.53734e-05,1,
1790210040,3.72039e-05,0,0.000208324,-0.000230695,0.000493212,0.502083,6.1136e-05,5.91028e-05,0.0935029,-0.00092623,-0.000675642,-0.000338841,-0.000111877,1.28179e-06,0.000150581,0.00037926,0.000706165,0.000899278,6.34199e-05,5.19933e-05,7.05183e-05,5.99561e-05,5.93688e-05,7.76055e-05,6.0131e-05,5.42069e-05,0.000435497,0.000102268,0.000483588,0.00044966,7.53695e-05,0.000456681,0.518873,-0.000957502,-0.000346323,0.000396251,0.00096051,1790209800,-0.00034237,0.000343701,1.56055e-05,0,0.000349477,2.03196e-05,0.000302886,0,-0.000333117,0.00038402,1.63307e-05,1,-0.000322613,0.000352173,1.60844e-05,1,
1790210100,-0.000669882,0,3.34823e-05,-0.000669882,0.000488283,0.497482,0.000193275,0.000197653,0.0723165,-0.000794144,-0.000593309,-0.000308923,-0.000105253,-3.30717e-06,0.000112566,0.000314794,0.000621508,0.000783716,0.000184728,0.000195052,0.00018652,0.000196409,0.00019225,0.000190442,0.000204269,0.00019863,-0.000374825,0.000364773,1.89178e-05,0.000386509,0,0.00037465,0.5065,-0.000815738,-0.000314131,0.000331387,0.000839067,1790210100,0.000448044,1.77371e-05,0.000404607,1,-0.000371754,0.000366423,0,0,-0.000320145,0.000342012,6.76408e-06,0,-0.000352409,0.000359578,7.3125e-06,1,
1790210160,-8.93515e-05,-3.72282e-06,0.000271729,-0.000119137,0.000492572,0.486244,5.50113e-05,5.26031e-05,0.0844989,-0.000800257,-0.000599657,-0.00030662,-0.000110014,-1.55485e-05,9.94546e-05,0.000306682,0.000609355,0.000769993,6.33314e-05,5.37827e-05,6.85404e-05,4.74266e-05,6.12441e-05,7.62977e-05,5.19976e-05,4.85521e-05,-0.000367988,0.000357724,7.09073e-05,-0.000395799,0.000353856,2.55861e-05,0.499365,-0.000871089,-0.000326686,0.000336511,0.000867297,1790210100,-0.000364994,0.000314785,6.63949e-05,1,-0.000397927,0.0004001,7.21732e-05,1,-0.000323018,0.00033152,2.89033e-05,0,-0.000324043,0.000320982,8.39425e-06,0,
1790210220,-0.00025693,-7.07423e-05,0.000215919,-0.00025693,0.000487785,0.488334,7.7288e-05,7.68978e-05,0.0721091,-0.000745843,-0.000556711,-0.000289789,-9.46872e-05,-1.25224e-05,9.6766e-05,0.000289721,0.000573315,0.000717597,8.37465e-05,7.73795e-05,8.56871e-05,7.25847e-05,8.23823e-05,9.2638e-05,7.33248e-05,7.42604e-05,-0.000347713,0.000322329,3.0972e-05,0.000365039,0,0.000351561,0.501307,-0.000787314,-0.000304707,0.000306632,0.000781672,1790210100,-0.000406459,0.000363943,0,1,-0.000383375,0.000328274,6.21473e-06,1,-0.000369793,0.000373624,6.62184e-05,1,-0.000323299,0.000321814,4.29245e-05,0,
1790210280,-0.000212296,-3.72411e-06,4.09643e-05,-0.00069665,0.000484248,0.483004,6.96472e-05,6.87648e-05,0.0682442,-0.000752786,-0.000563394,-0.000289737,-0.000102944,-1.89726e-05,9.45927e-05,0.000295052,0.000571748,0.00073007,7.62023e-05,6.94868e-05,7.62402e-05,6.54542e-05,7.33119e-05,8.22512e-05,6.6511e-05,6.7713e-05,-0.000351366,0.000339833,6.74835e-05,0.000371971,0,0.000391965,0.501135,-0.000814923,-0.00031033,0.000314942,0.000810147,1790210100,-0.000331953,0.000339801,1.3624e-05,1,-0.000362114,0.000356867,2.3814e-05,1,-0.00032737,0.000339947,4.97933e-05,1,-0.000345573,0.000382797,6.67821e-05,1,
1790210340,-0.000216067,-8.94015e-05,0.000167606,-0.000223519,0.00048032,0.486931,7.09302e-05,6.9564e-05,0.0662566,-0.000753946,-0.000563268,-0.000281783,-0.000102553,-1.46499e-05,9.93692e-05,0.000289593,0.000575772,0.000732771,7.68308e-05,6.96897e-05,7.5005e-05,6.72683e-05,7.25194e-05,7.96131e-05,7.10586e-05,6.881e-05,-0.000343732,0.000365487,4.84545e-05,0.000359867,0,0.000371943,0.508797,-0.000768555,-0.000289879,0.000315734,0.000792742,1790210100,-0.000361202,0.000371141,0,1,-0.000349983,0.000312845,7.0341e-06,1,-0.000339557,0.000360066,9.99841e-06,1,-0.000325852,0.000347374,3.48135e-05,1,
1790210400,0.000167642,0.000134116,0.000260765,-0.000335369,0.000476473,0.479432,6.19581e-05,6.09098e-05,0.0669419,-0.000689016,-0.000507515,-0.00025959,-9.79936e-05,-2.10281e-05,8.31144e-05,0.000255795,0.000506674,0.000643324,7.75853e-05,6.43845e-05,6.88664e-05,5.81204e-05,6.89966e-05,6.85634e-05,6.04891e-05,5.95626e-05,-0.000309724,0.000298357,4.78293e-05,0.00031687,0,0.000305229,0.50159,-0.000687128,-0.000262328,0.000265522,0.000673104,1790210400,-0.000347299,0.00034663,3.83636e-05,1,-0.00034414,0.000346689,1.33972e-05,1,-0.000329556,0.000322328,3.26957e-05,1,-0.000322064,0.000331158,4.01168e-05,1,
1790210460,-0.000197448,-3.72508e-06,0.000402227,-0.000219804,0.00047228,0.484297,6.51253e-05,6.36035e-05,0.062367,-0.000698295,-0.000524026,-0.000267046,-0.00010207,-1.66919e-05,9.14978e-05,0.00027,0.000538683,0.000676006,7.3564e-05,6.57309e-05,6.86448e-05,6.33678e-05,6.80837e-05,7.08993e-05,6.40023e-05,6.34248e-05,-0.000322547,0.000332551,5.68973e-05,0.000318017,0,0.000329139,0.505064,-0.000674315,-0.000259463,0.000273171,0.000691606,1790210400,-0.000302212,0.000304863,0,1,-0.000359434,0.000367634,0,1,-0.000342944,0.000356267,8.82998e-06,1,-0.000331095,0.000350606,0,1,
1790210520,0.000435825,2.9806e-05,0.000487962,-0.000141591,0.000468367,0.485613,0.000123455,0.000123419,0.0664539,-0.00070435,-0.000520619,-0.000259107,-9.68424e-05,-1.60418e-05,9.73323e-05,0.000272725,0.000522801,0.000661108,0.000131459,0.000124859,0.000125276,0.000124884,0.000127683,0.000123759,0.000126608,0.000117879,-0.00032071,0.000333577,6.65056e-05,0.000310416,0,0.000321589,0.504304,-0.000679556,-0.000255438,0.000264845,0.000666776,1790210400,-0.000304201,0.000294857,5.72483e-05,1,-0.000308298,0.000290299,1.03474e-05,1,-0.000316463,0.000360562,3.86796e-05,1,-0.000330793,0.000360521,8.33537e-06,1,
1790210580,-0.000163878,-9.3109e-05,0.000186192,-0.000257002,0.000467738,0.485427,5.94385e-05,5.78845e-05,0.0561034,-0.000708526,-0.000527647,-0.000260424,-9.98608e-05,-1.52763e-05,9.1419e-05,0.000267553,0.000525463,0.000667998,6.78516e-05,5.97248e-05,6.19876e-05,5.79785e-05,6.26277e-05,6.33678e-05,5.97717e-05,5.73906e-05,-0.000317665,0.000340854,5.73653e-05,0.00031957,0,0.000319721,0.505416,-0.000694244,-0.000265306,0.000271793,0.000699979,1790210400,0.000315386,1.41588e-05,0.000293634,1,0.000334533,3.05858e-06,0.000322083,1,-0.000297067,0.000300475,2.05057e-05,1,0.000327554,3.69738e-05,0.000355476,1,
1790210640,0.000223463,5.9595e-05,0.000394751,2.60732e-05,0.000463617,0.481172,6.9297e-05,6.80555e-05,0.0584687,-0.000653027,-0.000485804,-0.000238013,-9.02167e-05,-1.83381e-05,8.09161e-05,0.000248776,0.000477252,0.000598907,8.66637e-05,7.22098e-05,7.37621e-05,6.86567e-05,7.52566e-05,7.2058e-05,6.87956e-05,6.60054e-05,-0.000293315,0.000309353,4.57676e-05,0.000305226,0,0.000304995,0.503651,-0.000662416,-0.000252558,0.000257105,0.000650186,1790210400,-0.000316097,0.000313337,1.94683e-05,1,0.000309872,1.27256e-05,0.000316332,1,0.000289325,4.1789e-05,0.000328157,1,0.000298037,2.41455e-05,0.000299318,1,
1790210700,-0.00044325,-9.68278e-05,-9.68278e-05,-0.000879242,0.000460044,0.492695,0.00012551,0.000126364,0.0593176,-0.000687306,-0.00050529,-0.000247402,-8.66139e-05,-7.56986e-06,9.46626e-05,0.000266394,0.00050218,0.000617571,0.000121942,0.000123945,0.000123486,0.000123456,0.000123048,0.000125305,0.000126995,0.000127347,-0.000310563,0.000357601,1.91429e-05,0.000315343,0,0.000294491,0.506478,-0.000676672,-0.000265277,0.000264394,0.000656136,1790210700,-0.000300169,0.000304335,0,1,0.000323595,1.15511e-05,0.000303119,1,0.000300543,1.90647e-05,0.000319643,1,0.000312164,2.44429e-05,0.000331767,1,
1790210760,1.11768e-05,0.000100587,0.000432078,-0.000339089,0.000459714,0.486698,4.4692e-05,4.29043e-05,0.0528176,-0.000688605,-0.000511023,-0.000247958,-9.23359e-05,-1.41926e-05,9.4343e-05,0.000269055,0.000520305,0.000639318,6.17663e-05,4.54974e-05,4.78027e-05,4.67098e-05,4.95629e-05,4.70095e-05,4.53169e-05,3.96231e-05,-0.000312762,0.000366497,5.58351e-05,0.000340498,0,0.000343403,0.50847,-0.000737089,-0.000275415,0.000297581,0.000739126,1790210700,-0.000328805,0.000315623,0,1,-0.000305091,0.000301331,1.45354e-05,1,0.000291537,3.88345e-05,0.000317506,1,0.000301654,3.60021e-05,0.000307345,1,
1790210820,-0.000387535,-1.49024e-05,-1.49024e-05,-0.000611181,0.000455096,0.490458,0.000110186,0.00011053,0.0550862,-0.000676071,-0.000498128,-0.000247117,-8.95757e-05,-9.73711e-06,9.41293e-05,0.000265133,0.000510011,0.000626654,0.000106156,0.000108501,0.000108039,0.000108028,0.000105757,0.000109702,0.000110409,0.000113529,-0.000309399,0.000337865,4.62692e-05,0.000339702,0,0.000341989,0.507191,-0.000729691,-0.000277674,0.000294659,0.000729931,1790210700,-0.00033054,0.000317154,2.57317e-05,1,-0.000274939,0.000270807,5.47233e-05,1,-0.000296491,0.00029687,2.43384e-05,1,0.00030683,1.78951e-05,0.000321007,1,
1790210880,-0.000529377,-3.72703e-06,4.47232e-05,-0.000603959,0.000453844,0.487016,0.000151964,0.000153961,0.0489692,-0.000666368,-0.000491077,-0.00024248,-9.07291e-05,-1.33143e-05,9.10474e-05,0.00026284,0.000506207,0.000633758,0.000145557,0.000147853,0.000147404,0.000147338,0.000143641,0.000149136,0.000155525,0.000160592,-0.000305423,0.000345452,6.11757e-05,0.000316845,0,0.000308576,0.503026,-0.000698246,-0.000259896,0.000274506,0.000691854,1790210700,-0.000323362,0.000311701,5.29751e-05,1,0.000336142,0,0.000362049,1,0.000294573,1.03518e-05,0.000307972,1,-0.000294355,0.000310763,2.15285e-05,1,
1790210940,0.00032437,0,0.000354191,-3.729e-06,0.000455477,0.487237,9.04012e-05,9.1383e-05,0.0452277,-0.000677075,-0.000500772,-0.000242354,-9.10984e-05,-1.32375e-05,9.22998e-05,0.000274435,0.000526245,0.000650542,0.000103652,9.36554e-05,9.40395e-05,9.37015e-05,9.9143e-05,9.23787e-05,8.59011e-05,8.77328e-05,-0.000313406,0.0003585,3.76237e-05,0.000327778,0,0.000303614,0.507054,-0.00071882,-0.000264025,0.000289048,0.000717668,1790210700,-0.000325386,0.000294137,0,1,-0.000347298,0.000321316,1.44826e-05,1,-0.000300887,0.000314348,4.96239e-05,1,0.000282183,2.04702e-05,0.000303023,1,
1790211000,-0.000335557,4.10048e-05,0.000253457,-0.000350473,0.000453227,0.481455,9.41986e-05,9.37051e-05,0.0406309,-0.000631551,-0.000475462,-0.000237638,-9.11744e-05,-1.68542e-05,7.5843e-05,0.000238409,0.000472472,0.000590071,9.64982e-05,9.39945e-05,9.35281e-05,9.34479e-05,8.95166e-05,9.53991e-05,9.51937e-05,9.42536e-05,-0.000285715,0.000279622,4.2496e-05,0.000298916,0,0.000281751,0.500721,-0.000658431,-0.000252429,0.000247824,0.000636343,1790211000,0.000333057,0,0.000325877,1,0.0003204,0,0.000325488,1,-0.000302909,0.000309242,6.55598e-05,1,-0.000308885,0.000315903,4.85514e-05,1,
1790211060,-0.000458776,8.20354e-05,0.000108136,-0.000552049,0.000451174,0.477673,0.00012813,0.000126927,0.0402649,-0.000654727,-0.000487546,-0.000250048,-9.9293e-05,-2.18937e-05,7.7971e-05,0.000248684,0.000480927,0.000610335,0.000125582,0.000128127,0.000127654,0.000127644,0.00012249,0.000129578,0.000128672,0.000128234,-0.000299414,0.000311889,6.14311e-05,0.000320852,0,0.000323401,0.501322,-0.000705839,-0.000266643,0.000273997,0.000688907,1790211000,-0.00028892,0.000257391,9.083e-06,1,-0.000325201,0.000299443,1.1599e-05,1,0.000290469,1.57949e-05,0.000310136,1,0.000319772,1.44715e-05,0.000347234,1,
1790211120,6.34206e-05,-1.11923e-05,0.000287226,-0.00017536,0.000451327,0.482501,4.5101e-05,4.38623e-05,0.0415192,-0.000643346,-0.0004757,-0.000242004,-9.27394e-05,-1.71923e-05,8.2859e-05,0.000254363,0.000493263,0.000621193,6.48087e-05,4.73117e-05,5.11611e-05,4.30521e-05,5.21529e-05,4.98156e-05,4.2501e-05,4.33567e-05,-0.000298959,0.000325687,1.47043e-05,0.000331989,0,0.000302346,0.505984,-0.000722453,-0.000269253,0.000290439,0.000722085,1790211000,0.000316533,0,0.000302652,1,-0.000280238,0.000271527,0,1,-0.000294682,0.000305398,2.84569e-05,1,0.000292893,1.02774e-05,0.000323103,1,
1790211180,-0.000324607,-3.73052e-06,5.96863e-05,-0.000910658,0.000446881,0.485695,9.26829e-05,9.09997e-05,0.0403222,-0.00063712,-0.000470457,-0.000243482,-9.34492e-05,-1.33395e-05,8.16987e-05,0.000249363,0.000484479,0.000609217,9.46327e-05,9.08051e-05,9.02443e-05,9.02843e-05,8.38843e-05,9.22142e-05,9.44096e-05,9.55405e-05,-0.000296237,0.000317894,5.62856e-05,0.000325952,0,0.000332947,0.502141,-0.000707298,-0.000271931,0.000277884,0.000697729,1790211000,0.000324712,0,0.000325535,1,0.00031157,0,0.000333994,1,0.000269397,2.58503e-05,0.000277517,1,0.000296047,2.46796e-05,0.000317231,1,
1790211240,0.00035072,0.000100751,0.00035072,-5.59774e-05,0.000444765,0.489238,9.70492e-05,9.88728e-05,0.0420219,-0.000719979,-0.000528769,-0.000269865,-0.000105869,-1.20559e-05,0.000101747,0.000292336,0.000544515,0.000683722,0.000108169,0.000100984,0.000101395,0.000101699,0.000108493,9.94568e-05,9.43275e-05,9.08698e-05,-0.00033937,0.000394855,6.83832e-05,0.000355198,1.72427e-05,0.000392277,0.50466,-0.000762332,-0.000290357,0.000306048,0.000757652,1790211000,-0.000321141,0.000295715,1.76778e-05,1,-0.000333697,0.000299397,2.24235e-06,1,-0.000300534,0.000298368,2.71486e-05,1,0.000279154,3.27268e-06,0.000286329,1,
1790211300,0.00033941,-7.46085e-06,0.000455007,-1.86522e-05,0.00044308,0.485936,9.67131e-05,9.78307e-05,0.0384056,-0.000657544,-0.000501333,-0.000256932,-0.00010037,-1.36612e-05,8.5244e-05,0.000257555,0.000504325,0.000632197,0.000106201,9.78239e-05,9.82527e-05,9.78196e-05,0.000103553,9.63236e-05,9.38652e-05,9.68428e-05,-0.000308757,0.000352064,5.19672e-05,-0.000307237,0.000276518,0,0.499762,-0.000669011,-0.000260405,0.000257558,0.000665286,1790211300,0.00034891,0,0.000369777,1,-0.000321193,0.000308443,5.19378e-06,1,-0.000299766,0.000300142,3.35131e-05,1,0.000305218,5.09635e-06,0.000321738,1,
1790211360,0.000659841,-4.47507e-05,0.000976559,-0.000428944,0.000441246,0.479495,0.000205554,0.000215806,0.038209,-0.000655544,-0.000494713,-0.000257616,-0.000100711,-1.92674e-05,7.64603e-05,0.000243997,0.000471917,0.000600003,0.000193826,0.000203997,0.000200343,0.000212028,0.000204878,0.000197699,0.000206177,0.000211807,-0.000302476,0.000312796,5.91117e-05,-0.000304883,0.000260937,7.04493e-06,0.496922,-0.00067073,-0.000263547,0.00024898,0.000644741,1790211300,0.000310606,0,0.000310162,0,0.000343576,1.25949e-05,0.000358835,0,0.000304209,1.67851e-05,0.000322815,1,0.000310447,1.55329e-05,0.000318974,1,
1790211420,-0.000674758,9.31628e-05,0.000596092,-0.000734427,0.000446667,0.486561,0.000194509,0.000196087,0.044195,-0.000809386,-0.000602665,-0.000310985,-0.000121898,-1.63772e-05,0.000107272,0.000317014,0.000599733,0.000749794,0.000185413,0.000204685,0.000197099,0.000187699,0.000196688,0.000200898,0.000188757,0.000203598,-0.000377391,0.000433687,8.38879e-05,0.000383807,2.43034e-05,0.000442436,0.501099,-0.000815228,-0.000321472,0.000319223,0.000819179,1790211300,0.000302691,0,0.000283288,1,0.000314402,0,0.000276986,1,0.000314722,2.98569e-05,0.000347587,1,0.00030856,2.09927e-05,0.000319991,1,
1790211480,0.000480951,-7.08573e-05,0.000518225,-0.000201397,0.000452357,0.491965,0.000134688,0.00013507,0.0423489,-0.000844093,-0.000630202,-0.000319567,-0.000121023,-1.06814e-05,0.000124068,0.000337012,0.000623199,0.000785255,0.000144098,0.000137211,0.000138037,0.000138886,0.000140784,0.000136605,0.000130072,0.000131999,-0.000395901,0.000468759,6.21595e-05,0.000399795,5.36251e-05,0.000429479,0.50781,-0.000856965,-0.000323272,0.000340644,0.000835651,1790211300,0.000378711,2.70606e-05,0.000399101,1,0.000297137,5.407e-06,0.000285358,1,0.000291567,3.00626e-05,0.000283661,1,0.000326875,1.50698e-05,0.000356008,1,
1790211540,-0.000275866,-3.72741e-06,0.000223619,-0.000305694,0.000452947,0.489532,8.18911e-05,8.03007e-05,0.0451073,-0.000773214,-0.000570579,-0.000293187,-0.000111639,-1.21178e-05,0.000105449,0.000306556,0.000580146,0.000722019,8.67733e-05,7.72377e-05,8.31812e-05,8.26147e-05,7.89606e-05,8.34007e-05,8.4846e-05,8.03587e-05,-0.000361125,0.000392341,2.47357e-05,0.000363814,0,0.000351691,0.506292,-0.000777341,-0.000300435,0.000309686,0.000785535,1790211300,0.00040522,3.0199e-05,0.000351631,1,0.000397129,1.83334e-05,0.000362967,1,0.000294064,9.24993e-06,0.00029389,1,0.000300842,1.16052e-05,0.000298561,1,
1790211600,0.000152854,0,0.000152854,-0.000272213,0.000450089,0.480732,6.87409e-05,6.84508e-05,0.0400751,-0.000858557,-0.000659539,-0.000344496,-0.00014142,-2.38602e-05,0.000101776,0.000332954,0.000619184,0.000783619,7.49825e-05,5.93611e-05,6.49686e-05,7.6847e-05,6.31546e-05,6.15063e-05,7.3689e-05,6.46999e-05,-0.000407647,0.000459396,0.000100699,-0.000401887,0.000407087,8.33755e-05,0.493056,-0.000843883,-0.000345365,0.000321018,0.000813984,1790211600,0.000364826,0,0.000395662,1,0.000376632,9.21681e-06,0.000408626,1,0.000354076,1.37519e-05,0.000402585,1,0.000303289,0,0.000303692,1,
1790211660,0.000760196,8.57372e-05,0.00121827,7.4557e-06,0.000446089,0.492421,0.000234234,0.000243404,0.0387369,-0.000714171,-0.000541405,-0.000276988,-0.000105499,-8.10495e-06,0.000100039,0.000293811,0.00054835,0.000696526,0.000224811,0.000250733,0.000234363,0.000236284,0.000246406,0.000235798,0.000227736,0.000235371,-0.000344035,0.000362345,1.06973e-05,0.0003401,0,0.000317,0.502401,-0.000725064,-0.000280616,0.000289422,0.000741101,1790211600,-0.000488693,0.000390098,0,1,-0.000374127,0.000336792,0,1,-0.000368726,0.000352739,3.54978e-05,1,0.000382432,0,0.000389943,1,
1790211720,-0.000286869,-3.72504e-06,6.33236e-05,-0.000428471,0.000454504,0.487131,8.5707e-05,8.44344e-05,0.0522199,-0.000851006,-0.000630037,-0.000323311,-0.000125983,-1.60791e-05,0.000110685,0.00032596,0.00061551,0.000790784,8.87072e-05,8.03023e-05,8.58318e-05,8.90244e-05,8.22809e-05,8.59725e-05,8.77114e-05,8.29762e-05,-0.000389841,0.000440589,0.000103656,-0.000401436,0.000405986,9.4595e-05,0.495629,-0.000867734,-0.000338543,0.000331355,0.000874244,1790211600,-0.000335034,0.000300401,2.42983e-05,1,0.000452197,0,0.000437488,1,-0.000326558,0.000332437,4.08877e-05,1,0.000357848,1.1761e-05,0.000389387,1,
1790211780,-0.000216137,-6.33457e-05,7.45193e-05,-0.00092823,0.000451761,0.490954,6.9939e-05,6.82123e-05,0.0443766,-0.000716212,-0.000541718,-0.000273837,-0.000105751,-9.779e-06,0.000100133,0.000289911,0.000530609,0.000680228,7.6694e-05,6.70825e-05,7.27688e-05,6.74874e-05,6.93172e-05,7.26228e-05,7.06466e-05,6.97195e-05,-0.000339894,0.000349087,1.21098e-05,0.000338425,0,0.000327167,0.500244,-0.000736826,-0.000280074,0.000288642,0.000749115,1790211600,0.000431847,0,0.000407771,1,-0.000362691,0.000312758,0,1,0.000418641,0,0.000425605,1,0.000340228,0,0.000359747,1,
1790211840,-0.000887398,3.35416e-05,3.35416e-05,-0.000887398,0.000448264,0.49491,0.000292478,0.000296881,0.0396632,-0.000773849,-0.000583642,-0.000293519,-0.000115389,-6.58526e-06,0.000120666,0.000330768,0.000612765,0.000790138,0.000260939,0.000307685,0.000287216,0.00026859,0.000294795,0.000297036,0.000296412,0.000309261,-0.000378147,0.000446713,3.53601e-05,0.000384724,5.96694e-05,0.000404674,0.511318,-0.000805554,-0.000303814,0.000337029,0.000839424,1790211600,0.00036607,0,0.000313331,0,0.000416677,2.42137e-05,0.000367374,1,-0.000320466,0.00031462,1.55366e-05,1,-0.000331626,0.000329624,4.44045e-05,1,
1790211900,-0.000201452,-3.73022e-06,0.000619024,-0.000298462,0.000461163,0.492762,7.12169e-05,6.87164e-05,0.0497088,-0.000788114,-0.000576746,-0.000290701,-0.000117082,-8.40697e-06,0.000109141,0.000315357,0.000599096,0.000771222,7.40545e-05,6.55782e-05,7.36798e-05,6.69326e-05,6.57547e-05,7.52843e-05,7.57625e-05,6.99565e-05,-0.000366034,0.00042441,4.6696e-05,0.000380327,1.66965e-05,0.000382596,0.505761,-0.000822884,-0.000302746,0.000332733,0.00082784,1790211900,0.000399167,0,0.000412925,0,0.000369711,0,0.000343869,0,0.000390924,1.86365e-05,0.00039606,1,0.000330726,0,0.000344065,1,
1790211960,0.000451345,0.000201452,0.000716089,-0.000373166,0.000457416,0.487771,0.000127062,0.000128053,0.0436512,-0.000836708,-0.000609674,-0.000311767,-0.000128384,-1.58497e-05,0.000115583,0.000332623,0.000628991,0.000800175,0.000135887,0.000129316,0.000130286,0.000130595,0.000133534,0.000128663,0.000121041,0.000126216,-0.000388599,0.000431847,7.14225e-05,0.000399073,1.75399e-05,0.000446602,0.504352,-0.000848001,-0.000321398,0.000342692,0.000852186,1790211900,0.000410032,0,0.000363949,1,0.000412695,0,0.000386864,1,-0.00034874,0.000317827,0,1,-0.000404194,0.000392461,0,1,
1790212020,0.000801475,5.22086e-05,0.000879724,-8.20476e-05,0.000457295,0.479933,0.000244009,0.000247123,0.0411866,-0.000837364,-0.000629355,-0.000326454,-0.000140616,-2.63425e-05,0.000106762,0.000330374,0.000628008,0.00080317,0.000241455,0.000266073,0.000244183,0.000238157,0.000264523,0.00024503,0.000238555,0.000250035,-0.000394451,0.000430521,0.000116855,-0.000402899,0.000398649,0.000104863,0.495334,-0.000847795,-0.000334933,0.000334655,0.000862929,1790211900,-0.000417632,0.000379996,0,0,-0.000374457,0.000336899,2.18745e-05,1,-0.000363711,0.000381999,2.63024e-05,1,-0.000337097,0.000321408,1.76307e-05,1,
1790212080,-0.000499448,-0.000122975,-7.08021e-05,-0.000574014,0.000466673,0.482429,0.000138526,0.000137857,0.0533847,-0.000866229,-0.000658802,-0.00033579,-0.000141901,-2.28384e-05,0.000109006,0.000333019,0.000638003,0.00081289,0.000136373,0.00013917,0.000138757,0.000138506,0.000138465,0.000142935,0.000135707,0.000139254,-0.000401655,0.000427919,9.39142e-05,-0.000402069,0.000381046,6.49574e-05,0.494024,-0.000862966,-0.000342526,0.000328915,0.00087176,1790211900,-0.000399788,0.000381596,3.65008e-05,1,-0.000396018,0.000370743,9.41393e-06,1,-0.000346991,0.000339947,1.48225e-05,1,0.000370977,2.78119e-05,0.000384937,1,
1790212140,-0.000413911,0,2.23687e-05,-0.000548189,0.000467351,0.482196,0.000116233,0.000114826,0.0484241,-0.000781202,-0.000584391,-0.000299449,-0.000128714,-2.18062e-05,0.000102542,0.000307435,0.000586763,0.000746415,0.000112407,0.000115402,0.000114996,0.000114692,0.000112882,0.000119098,0.000119877,0.000114195,-0.000364913,0.000378729,1.90131e-05,0.000365464,0,0.000337774,0.500511,-0.00078654,-0.000300808,0.000310797,0.000798434,1790211900,0.000408078,1.1166e-05,0.000388213,1,0.000408569,1.37924e-05,0.00037796,1,0.000372037,7.89709e-06,0.000394941,1,-0.000338419,0.000345652,2.10613e-05,1,
1790212200,0.000324431,-3.72971e-06,0.000324431,-0.000134278,0.000466342,0.486698,9.19046e-05,9.26144e-05,0.0449792,-0.000758468,-0.000563086,-0.000294904,-0.000122815,-1.57419e-05,0.000104462,0.000316142,0.000596758,0.000752094,0.000103685,9.41205e-05,9.81377e-05,9.45663e-05,9.71218e-05,9.61817e-05,8.81581e-05,9.27705e-05,-0.000368128,0.000392873,0,0.000361026,0,0.000315925,0.506678,-0.000765294,-0.00028683,0.000317392,0.000797555,1790212200,0.000372487,1.15869e-05,0.000312242,1,0.000409986,2.12973e-05,0.000350998,1,0.000369707,4.07312e-05,0.000386918,1,0.000370836,3.15139e-05,0.000365346,1,
1790212260,-0.000212547,-0.000126777,0.000208774,-0.000294594,0.00046393,0.48376,6.98403e-05,6.74949e-05,0.041993,-0.000741554,-0.000552761,-0.000287175,-0.000122947,-1.85908e-05,9.77431e-05,0.000300876,0.000571166,0.000722341,7.58916e-05,6.77748e-05,7.40363e-05,6.66693e-05,6.87274e-05,7.54639e-05,7.05207e-05,6.85275e-05,-0.000353926,0.000344527,3.70107e-05,0.000355025,0,0.000356786,0.500842,-0.000764251,-0.000293598,0.000300938,0.000779609,1790212200,0.00037822,0,0.000365235,1,-0.00038521,0.000340711,0,1,0.000385866,1.89248e-05,0.000381836,1,0.000404601,0,0.000386523,1,
1790212320,-0.000156642,3.72928e-06,0.000231189,-0.000242433,0.00046025,0.477136,5.84794e-05,5.56821e-05,0.0389328,-0.000704393,-0.000522964,-0.000278707,-0.000119755,-2.65896e-05,9.15447e-05,0.000282138,0.000530672,0.000678219,6.65763e-05,5.80696e-05,6.30961e-05,5.62294e-05,5.87272e-05,6.38099e-05,5.81321e-05,5.67368e-05,-0.000336761,0.000332068,4.81446e-05,-0.000358391,0.000313507,1.49372e-05,0.499852,-0.00077385,-0.000296612,0.000303205,0.000768242,1790212200,-0.000382084,0.000301421,0,1,-0.000401212,0.000320024,0,1,-0.000368934,0.000328323,0,1,-0.000410534,0.000384341,0,1,
1790212380,0.000287159,1.11895e-05,0.000387831,1.11895e-05,0.000456162,0.477828,8.25541e-05,8.33701e-05,0.0377396,-0.000662767,-0.000491835,-0.000260237,-0.000116797,-2.43235e-05,8.72067e-05,0.000274457,0.000514926,0.000656938,9.72888e-05,8.36838e-05,8.70909e-05,8.35158e-05,8.65016e-05,8.37282e-05,7.95967e-05,8.29896e-05,-0.00032172,0.000320552,1.84953e-05,0.000326201,0,0.000310004,0.502591,-0.000697313,-0.000265488,0.000280704,0.000710924,1790212200,-0.000372733,0.000342189,0,1,-0.000367386,0.00033234,0,1,-0.000345547,0.000322617,2.02724e-05,1,-0.000361927,0.000348082,0,1,
1790212440,0.00042872,7.83017e-05,0.00042872,3.72873e-05,0.0004534,0.477179,0.000123076,0.000123172,0.0379616,-0.0006514,-0.000481538,-0.000251586,-0.000112492,-2.36062e-05,8.16493e-05,0.000260075,0.000489273,0.000628887,0.000129588,0.000122971,0.000123644,0.000122498,0.00012506,0.0001215,0.000123978,0.000122813,-0.000307639,0.000281566,2.64185e-05,-0.00030047,0.000252003,0,0.498192,-0.00064892,-0.000251086,0.000247793,0.000643576,1790212200,0.000337751,0,0.000317858,1,-0.000371503,0.000333367,7.84767e-06,1,0.000335597,1.24385e-05,0.000333007,1,0.000347997,4.1793e-06,0.000347613,1,
1790212500,0.000383828,-2.23634e-05,0.000510496,-2.23634e-05,0.000452919,0.485318,0.000109501,0.000108882,0.0398691,-0.000691645,-0.000520072,-0.000264552,-0.000109946,-1.56092e-05,9.25201e-05,0.000282995,0.000509284,0.000653814,0.000116885,0.000110408,0.000110934,0.000110111,0.000111529,0.000109036,0.000108284,0.000109141,-0.000330142,0.000335954,6.85696e-06,-0.000328338,0.000296282,0,0.49921,-0.000701771,-0.000279424,0.000269859,0.000690796,1790212500,0.000317806,0,0.000287004,1,-0.000361037,0.000314742,0,1,-0.000364842,0.000330229,7.46927e-06,1,-0.000335549,0.0003222,1.71104e-05,1,
1790212560,-0.00101765,0,0,-0.00110717,0.000451641,0.486283,0.000373567,0.000378134,0.0433119,-0.000678995,-0.000510831,-0.000251138,-0.000107232,-1.44643e-05,9.27936e-05,0.000277495,0.000497875,0.000644175,0.000312239,0.000370861,0.00035615,0.0003878,0.000361146,0.000364283,0.000367122,0.000380938,-0.000319849,0.000302887,1.36764e-05,-0.000322173,0.000298357,0,0.498395,-0.00069918,-0.000272838,0.000266249,0.000697657,1790212500,-0.00036768,0.000325431,0,1,0.000315073,0,0.000282736,1,-0.000336304,0.00032082,2.26828e-06,1,-0.000356905,0.000345311,3.50184e-06,1,
1790212620,-0.000992556,-7.45915e-06,-3.72957e-06,-0.00107469,0.000469694,0.49171,0.000347817,0.000350938,0.0486987,-0.000772158,-0.000565564,-0.000283185,-0.000117707,-1.06123e-05,0.000119281,0.000320093,0.000577127,0.000747388,0.000301989,0.00034985,0.000312798,0.000358062,0.000338272,0.000308729,0.000355914,0.000363276,-0.000365705,0.000423344,1.17303e-05,0.000406468,4.62908e-05,0.000390028,0.50664,-0.000869337,-0.000323114,0.000351163,0.000867208,1790212500,0.000346457,0,0.000286835,0,0.000296684,2.82792e-07,0.000316853,0,0.000304018,5.45973e-06,0.000285713,1,0.00034565,9.69486e-06,0.000315346,1,
1790212680,0.00120139,-1.49332e-05,0.00126105,-5.9734e-05,0.000485699,0.500102,0.000422033,0.000431942,0.0864628,-0.000864934,-0.000621702,-0.000302863,-0.000121456,-3.35418e-07,0.000132914,0.000364277,0.000658893,0.000844948,0.000422143,0.000453158,0.000405911,0.00047154,0.000458939,0.000376036,0.000402277,0.000413594,0.000406142,5.01992e-05,0.000390883,0.000435042,5.30423e-05,0.000404291,0.508694,-0.00092088,-0.000339304,0.000381055,0.000931126,1790212500,0.000427438,0,0.000350928,1,0.000341856,0,0.000287424,1,0.000323002,1.08565e-05,0.000292786,1,0.000311736,0,0.000287082,1,
1790212740,0.000540527,-0.000197645,0.000726849,-0.000331917,0.000509953,0.479309,0.000157006,0.000156179,0.213411,-0.000961242,-0.000717378,-0.000373021,-0.000159594,-3.02899e-05,0.000118143,0.000375818,0.000691346,0.000917401,0.000160654,0.000154585,0.000156629,0.000154515,0.00015707,0.00015454,0.00016033,0.000157501,-0.000449545,0.000463774,0.00012363,-0.000492087,0.000486839,0.000102796,0.491186,-0.00104393,-0.000413126,0.000399673,0.0010567,1790212500,0.000455946,0,0.000420569,0,0.000402671,0,0.00040269,1,0.000330577,3.48715e-06,0.000303738,1,0.000311703,0,0.000306903,1,
1790212800,-0.000551714,-7.45356e-06,0.00026084,-0.000555443,0.000510583,0.475312,0.000150179,0.000149396,0.196833,-0.000960822,-0.000730163,-0.000378865,-0.000168788,-3.7368e-05,0.000116033,0.000364132,0.000665595,0.000886468,0.00015058,0.000153876,0.000153515,0.00015304,0.000156401,0.000157301,0.000143619,0.000148055,-0.000447378,0.000395856,9.10198e-05,-0.000480629,0.000451662,0.000103744,0.490723,-0.00102474,-0.000409666,0.000384055,0.00101044,1790212800,-0.000519467,0.000442434,9.59047e-06,1,-0.000427141,0.000367354,5.41832e-06,1,-0.000373115,0.000353473,7.54943e-06,1,0.0003315,0,0.00030613,1,
1790212860,-0.000223755,-2.23732e-05,0.000219976,-0.000343111,0.000511438,0.484033,7.91404e-05,7.6981e-05,0.174503,-0.000913627,-0.000685036,-0.000353768,-0.000147574,-2.4685e-05,0.000131957,0.000369263,0.000668602,0.000869965,7.75758e-05,7.45619e-05,8.70123e-05,7.4147e-05,7.84688e-05,9.28672e-05,8.26422e-05,7.11437e-05,-0.000435355,0.000436036,0,0.000455728,3.34788e-06,0.000423503,0.502468,-0.00096659,-0.000371366,0.000385467,0.000973307,1790212800,0.000471109,1.30536e-05,0.000417817,1,0.000483764,1.1207e-05,0.000413,1,-0.000372105,0.000373854,2.39603e-05,1,0.000357433,9.48595e-06,0.000369718,1,
1790212920,-0.000149198,8.20491e-05,0.000522016,-0.000149198,0.000507285,0.485617,6.49595e-05,6.22991e-05,0.131889,-0.000853814,-0.000632378,-0.000328764,-0.000140099,-2.02394e-05,0.000122503,0.000354529,0.000640043,0.000826342,6.63065e-05,6.16411e-05,7.39534e-05,5.9829e-05,6.35835e-05,7.93963e-05,6.63241e-05,5.99847e-05,-0.000412042,0.00039406,0,0.00042993,0,0.000398917,0.501397,-0.000907608,-0.000350571,0.000365633,0.000923714,1790212800,0.000438826,6.40403e-05,0.00037026,1,0.000441776,5.2375e-05,0.00041237,1,0.000418255,6.66335e-05,0.000422563,1,0.00035987,3.31017e-05,0.000371071,1,
1790212980,-0.000160412,0,0.000138008,-0.000242493,0.00050263,0.480805,6.54797e-05,6.23299e-05,0.101712,-0.000855325,-0.000628937,-0.000327557,-0.000148598,-2.65376e-05,0.000113727,0.00034946,0.000620224,0.000807018,6.70021e-05,6.29802e-05,7.0936e-05,6.30586e-05,6.37358e-05,7.66947e-05,6.41591e-05,6.22774e-05,-0.000407816,0.000375328,2.84274e-05,-0.000421726,0.000397277,1.31342e-05,0.498024,-0.000907312,-0.000348069,0.000356152,0.000904891,1790212800,-0.000426609,0.000401031,0,1,-0.000454048,0.000416378,0,1,0.000435111,1.6921e-05,0.000424678,1,-0.000435693,0.000429885,0,1,
1790213040,0.00102545,1.49231e-05,0.00111117,1.49231e-05,0.000498095,0.474618,0.000362188,0.000372228,0.0826223,-0.000778149,-0.00057867,-0.000300917,-0.000147684,-3.29363e-05,9.88175e-05,0.00031267,0.000568467,0.00074379,0.0003327,0.000360487,0.000336106,0.000383978,0.000362316,0.000317868,0.00035947,0.000378767,-0.000369069,0.000326147,9.09712e-06,-0.000346282,0.000300462,0,0.496673,-0.000739278,-0.000285221,0.000290254,0.000747558,1790212800,-0.000445478,0.000386513,0,1,-0.000440235,0.000374366,0,1,-0.000427932,0.000388079,1.18236e-05,1,-0.000435489,0.000407614,2.49066e-06,1,
1790213100,-0.000980679,9.68971e-05,9.68971e-05,-0.00118962,0.000513972,0.4729,0.000307551,0.000309846,0.115124,-0.0009039,-0.000679371,-0.000357295,-0.000168921,-3.85713e-05,0.000105814,0.000343562,0.000635511,0.000850856,0.000297002,0.000324952,0.000291824,0.000335628,0.000316449,0.00028632,0.000297456,0.000321653,-0.000422291,0.000398791,6.61339e-05,-0.000430359,0.00041607,4.76351e-05,0.494979,-0.000924904,-0.000366591,0.000354422,0.000935046,1790213100,-0.000355894,0.000323922,0,1,-0.000423718,0.000378788,6.79141e-07,1,-0.000391687,0.000372973,1.74583e-05,1,0.000415135,1.49091e-05,0.000395976,1,
1790213160,-0.000111926,0,0,-0.00041792,0.00052737,0.481188,6.54344e-05,6.42038e-05,0.139896,-0.000954726,-0.000711231,-0.000360028,-0.000168153,-2.89399e-05,0.000127005,0.000383544,0.0006864,0.000897723,6.42225e-05,6.03666e-05,7.67954e-05,5.92442e-05,6.55825e-05,8.24438e-05,6.60007e-05,5.71973e-05,-0.000448341,0.000464832,3.52919e-05,0.000468905,3.89687e-05,0.000486082,0.502318,-0.0010028,-0.000379585,0.000399722,0.000996375,1790213100,0.000424931,6.66299e-06,0.000420839,1,-0.000369065,0.000325283,0,1,-0.000390726,0.000372159,1.57153e-05,1,0.000378404,1.97436e-05,0.000379045,1,
1790213220,0.00101806,2.61171e-05,0.00101806,1.86552e-05,0.000522309,0.481897,0.000337783,0.000347638,0.0892836,-0.000817038,-0.000614824,-0.000315741,-0.000140318,-2.53174e-05,0.000116621,0.000353569,0.000641633,0.000831556,0.000328579,0.000346747,0.000311914,0.000378298,0.000342849,0.000301107,0.000330107,0.000350177,-0.000404217,0.000369712,0,0.000409424,0,0.000342467,0.503797,-0.000848429,-0.000329336,0.00035362,0.000890731,1790213100,0.000458015,2.50484e-05,0.000393896,1,0.000425229,2.5875e-05,0.00036105,1,0.000335673,0,0.000326668,1,-0.000367637,0.000378522,1.94575e-05,1,
1790213280,-0.00011928,-1.49092e-05,4.09991e-05,-0.000458559,0.000536731,0.469418,6.31193e-05,6.17834e-05,0.0816812,-0.000931959,-0.00070116,-0.0003673,-0.000169855,-4.43564e-05,0.000102832,0.000361804,0.000664556,0.000881383,6.47169e-05,6.19495e-05,7.81504e-05,5.15571e-05,6.90994e-05,8.28834e-05,6.08381e-05,5.62389e-05,-0.000438157,0.000376879,5.30582e-05,-0.000469444,0.00044002,6.5096e-05,0.493174,-0.00101299,-0.000400592,0.000383473,0.00101718,1790213100,-0.000378389,0.000348081,5.06079e-05,1,0.000432948,1.02643e-05,0.000448939,1,0.000379387,4.95815e-05,0.000391381,1,0.000331522,1.5494e-05,0.000320058,1,
1790213340,-0.000227416,-3.72772e-06,0.000335438,-0.000227416,0.000531604,0.473853,7.67934e-05,7.33911e-05,0.0571636,-0.000872074,-0.000665867,-0.000335407,-0.000154297,-3.81098e-05,0.000109767,0.000352121,0.000633316,0.000834354,7.84497e-05,7.69379e-05,8.58923e-05,6.99574e-05,8.15813e-05,9.21299e-05,7.34527e-05,7.29356e-05,-0.000414059,0.000349519,0,-0.000446864,0.000409703,0,0.496292,-0.000948991,-0.00037443,0.000371242,0.000963448,1790213100,-0.0004694,0.000427012,0,1,-0.000436745,0.000350043,0,1,-0.000405572,0.000406654,2.23682e-05,1,-0.000405653,0.00040727,0,1,
1790213400,0.000167771,1.49141e-05,0.000208778,-0.000559441,0.000527243,0.48046,6.97556e-05,7.19934e-05,0.0479302,-0.00090016,-0.000670172,-0.000336099,-0.000138328,-2.99915e-05,0.000125605,0.000381579,0.000665347,0.000866819,7.76085e-05,7.03443e-05,7.77257e-05,6.81906e-05,7.26818e-05,7.98519e-05,6.64006e-05,6.52249e-05,-0.000434219,0.000456455,0,0.000460075,3.04876e-05,0.000434144,0.501399,-0.000977771,-0.000383869,0.000385781,0.000962771,1790213400,-0.000426983,0.000417078,0,1,0.000436505,2.84317e-05,0.000398184,1,-0.000353252,0.000356255,3.55211e-05,1,-0.000393059,0.000408087,2.877e-05,1,
1790213460,1.49116e-05,4.47342e-05,0.00038763,-0.000182686,0.000522483,0.479427,5.40429e-05,5.51459e-05,0.0481006,-0.000835077,-0.000627583,-0.000314324,-0.000145307,-2.83901e-05,0.000111698,0.000339918,0.000625275,0.000825205,6.21962e-05,5.50689e-05,6.22041e-05,4.992e-05,5.80163e-05,6.61103e-05,5.29793e-05,4.80144e-05,-0.000394957,0.00037504,5.62128e-06,-0.0004319,0.000444291,1.62868e-05,0.499946,-0.000910945,-0.000357151,0.000365034,0.000931276,1790213400,0.000491164,2.37019e-05,0.000392479,1,-0.000444967,0.000422462,0,1,0.000393028,5.4733e-05,0.000405165,1,0.000360873,2.0103e-05,0.000371491,1,
1790213520,0.000693145,0,0.000708046,0,0.000517236,0.477713,0.00020903,0.000211576,0.0512387,-0.000780994,-0.000583892,-0.000293599,-0.000132731,-2.68067e-05,9.55425e-05,0.000315659,0.000557739,0.000737426,0.000202816,0.000203272,0.000197525,0.000213114,0.000200755,0.000196755,0.000213641,0.000216952,-0.000367375,0.000331135,9.82906e-07,-0.000403068,0.000383664,1.0728e-05,0.496527,-0.000854604,-0.000338901,0.000334249,0.000852173,1790213400,-0.000419097,0.000384523,3.12636e-05,1,-0.000395555,0.000385527,4.08885e-05,1,-0.000403097,0.000394167,5.81634e-06,1,-0.000399474,0.000393497,1.71233e-05,1,
1790213580,0.000487895,1.49011e-05,0.000487895,1.49011e-05,0.000521336,0.477697,0.000141058,0.000140485,0.0496883,-0.000815082,-0.000607322,-0.000302517,-0.000130153,-2.68892e-05,9.57599e-05,0.000313985,0.000573036,0.000752921,0.000145457,0.000139901,0.000140469,0.00013899,0.00013713,0.000139913,0.000145335,0.000139609,-0.00037104,0.000319925,0,-0.000368458,0.000351492,3.37405e-06,0.498703,-0.000787917,-0.000311264,0.00030189,0.000793412,1790213400,-0.000382241,0.000373232,0,1,0.000430956,0,0.000401264,1,0.000425061,0,0.000401368,1,-0.000383514,0.000378988,4.52429e-05,1,
1790213640,0.00101227,4.09574e-05,0.00101599,2.23406e-05,0.000520689,0.475435,0.000360985,0.000367661,0.0536722,-0.000807701,-0.000604839,-0.000300511,-0.000130959,-2.90686e-05,9.13493e-05,0.000306673,0.000557254,0.000739844,0.000323004,0.00034541,0.000330947,0.000397148,0.000330406,0.000311372,0.000386039,0.000355833,-0.000364944,0.000261964,0,-0.000356589,0.000311991,0,0.496364,-0.000776248,-0.000306504,0.000284078,0.000766697,1790213400,0.0003524,1.19639e-05,0.000340116,0,-0.000389994,0.000377036,0,0,0.000364343,4.27923e-05,0.000392477,0,0.000370168,6.0341e-05,0.000373074,0,
1790213700,0.00030497,7.4394e-06,0.000490882,7.4394e-06,0.000534966,0.474189,9.83442e-05,9.88316e-05,0.0643119,-0.000962643,-0.00073456,-0.000370721,-0.000162947,-3.63634e-05,0.00010666,0.000356684,0.000653903,0.000876699,9.99355e-05,9.37397e-05,0.000101588,8.81193e-05,8.9357e-05,0.000105287,0.000101274,0.000106036,-0.000437935,0.000355911,0,-0.000438007,0.000431825,2.91313e-05,0.495955,-0.000949974,-0.00037944,0.000354626,0.000959822,1790213700,0.000351539,5.54818e-07,0.000304147,0,0.000351005,2.69453e-05,0.000308755,0,-0.000357408,0.000362147,2.28608e-05,0,0.000366365,2.32594e-05,0.000403205,0,
1790213760,0.000531615,0,0.000739723,-0.000141316,0.000531342,0.477313,0.000156097,0.000153529,0.063183,-0.00087941,-0.000655079,-0.000316657,-0.000146632,-3.04669e-05,0.000105953,0.000327246,0.000596034,0.000791963,0.000157162,0.000151913,0.000152594,0.000159336,0.000139357,0.000151826,0.000168868,0.000160809,-0.000387672,0.000271157,0,-0.000398818,0.000361162,6.68333e-07,0.499741,-0.00087182,-0.000341126,0.000326006,0.00087408,1790213700,0.000428721,3.05659e-05,0.000400213,1,0.000336737,2.45622e-05,0.000299365,0,0.00032079,5.18108e-05,0.000327881,0,0.000349808,2.18738e-05,0.000366071,0,
1790213820,-0.0013091,-2.22999e-05,0.000468182,-0.00193078,0.000531348,0.482125,0.000474707,0.000480393,0.0725696,-0.000904939,-0.000669729,-0.00032888,-0.000146548,-2.42626e-05,0.000113598,0.000357161,0.0006437,0.000853032,0.000459444,0.000484267,0.000462561,0.000512803,0.000502818,0.000438651,0.000491405,0.000450354,-0.00041445,0.000342611,0,0.000441036,1.11611e-05,0.000458018,0.505998,-0.000944415,-0.000365632,0.000372696,0.000979255,1790213700,0.000403738,1.43959e-05,0.000335876,1,0.000428526,3.01012e-05,0.000360265,1,-0.000324916,0.000352126,0,1,0.000336202,1.98522e-05,0.000327433,1,
1790213880,-0.000949425,-1.86075e-05,0.000253028,-0.00100903,0.000557637,0.494148,0.000282626,0.000284894,0.0622097,-0.00113254,-0.000822764,-0.000397206,-0.000161511,-1.07706e-05,0.000174752,0.000479676,0.000823519,0.00105885,0.000286569,0.000292658,0.00026985,0.000265593,0.000296732,0.000267896,0.000294251,0.00029342,-0.000534301,0.000644364,5.23633e-05,0.000558675,0.000171243,0.000664623,0.519022,-0.00117379,-0.000428525,0.000488214,0.00119601,1790213700,-0.000440401,0.000458975,0,0,-0.000383386,0.000397311,0,0,-0.000381055,0.000413968,1.52829e-05,1,-0.000320268,0.00032058,9.10897e-06,1,
1790213940,1.1175e-05,7.44973e-05,0.000212303,-0.000163914,0.000568126,0.495426,6.7083e-05,6.83077e-05,0.0737385,-0.00105389,-0.000781908,-0.000385921,-0.00015205,-8.24623e-06,0.000166954,0.000468,0.000815098,0.00103163,6.17535e-05,6.09128e-05,7.84889e-05,6.90504e-05,6.70909e-05,7.8942e-05,6.41402e-05,6.16238e-05,-0.00051906,0.000569021,0,0.000504387,6.21779e-05,0.000513662,0.515259,-0.00107525,-0.00039094,0.000451482,0.00111531,1790213700,0.000560864,3.59335e-05,0.000526869,1,-0.000437859,0.000442901,0,0,-0.000376907,0.000372326,0,0,-0.00038678,0.000377483,1.56292e-05,1,
1790214000,-0.00106964,-2.235e-05,-2.235e-05,-0.00129713,0.000562419,0.478855,0.000347889,0.000350964,0.0635931,-0.000941216,-0.000706634,-0.000365039,-0.000160657,-3.19039e-05,0.000121226,0.000385238,0.000711653,0.000911888,0.000339242,0.000350924,0.000319293,0.0003579,0.000342637,0.000319164,0.000368417,0.000363408,-0.000451719,0.000370757,4.12829e-05,-0.000422666,0.000341034,2.14297e-05,0.498001,-0.000907942,-0.000350718,0.000356902,0.000932198,1790214000,-0.000501946,0.000483785,1.80984e-05,1,-0.000479225,0.000544755,0.000104905,0,-0.000390646,0.000405396,4.3055e-05,0,-0.000345888,0.000351479,3.73353e-05,0,
1790214060,-0.000462497,-5.22067e-05,0.000134233,-0.00047742,0.00057695,0.489873,0.000133498,0.000132728,0.0879495,-0.00110532,-0.00081785,-0.00040498,-0.000171877,-1.77373e-05,0.000159723,0.000470637,0.000824466,0.00105993,0.00012759,0.000129345,0.000131647,0.000128423,0.000126982,0.000134507,0.000138719,0.000137411,-0.00053092,0.000561909,7.82012e-05,0.000509796,2.31041e-05,0.000576784,0.506248,-0.00110711,-0.000408744,0.000445465,0.00111756,1790214000,-0.000403834,0.000339694,5.64206e-05,0,-0.000464568,0.000432805,6.37816e-05,1,-0.000455139,0.000488845,9.13806e-05,0,-0.000377086,0.000390688,5.26325e-05,0,
1790214120,-0.000402994,-2.98458e-05,7.83411e-05,-0.000563491,0.000574884,0.48467,0.000115523,0.00011385,0.087855,-0.001003,-0.000738986,-0.000383934,-0.00015771,-2.51174e-05,0.000141027,0.000428072,0.000764066,0.00096823,0.000111051,0.000112744,0.000119342,0.000111817,0.000112611,0.000122894,0.000119153,0.000118248,-0.000490009,0.000450126,9.72851e-06,0.000447607,0,0.000434449,0.502394,-0.000968094,-0.000364399,0.000387976,0.000983389,1790214000,-0.00049539,0.000498613,0,1,-0.000404983,0.000365045,2.42208e-05,0,-0.000407666,0.000434492,8.60081e-05,1,-0.000414573,0.000483175,0.000118331,0,
1790214180,-0.00109039,5.22491e-05,9.33001e-05,-0.00149772,0.000571953,0.478159,0.000364232,0.000363761,0.0884166,-0.000927797,-0.00070272,-0.000359526,-0.000161688,-3.32956e-05,0.000121438,0.000396197,0.000709266,0.00091411,0.000348709,0.000357182,0.000328835,0.000383297,0.000326078,0.000329124,0.00038849,0.0003815,-0.00045587,0.000387952,3.10996e-05,-0.000439273,0.000386235,1.64329e-05,0.49731,-0.000953676,-0.000363994,0.000374056,0.000952623,1790214000,-0.000404829,0.000421141,3.01146e-05,0,-0.000440488,0.000474428,6.65818e-05,0,-0.000364731,0.000391948,3.62871e-05,0,-0.000386728,0.000453858,6.99593e-05,0,
1790214240,0.000754438,4.10979e-05,0.002023,-3.73632e-05,0.000586827,0.495692,0.000205692,0.000206468,0.125131,-0.0011142,-0.000826565,-0.0004065,-0.000173377,-8.04568e-06,0.000176215,0.000498847,0.000846407,0.00107953,0.000222426,0.000215978,0.000216193,0.000216315,0.000231575,0.000213233,0.00019844,0.000188943,-0.000550477,0.000583615,3.31078e-05,0.000523385,6.40023e-05,0.000581524,0.506379,-0.00113237,-0.000419768,0.000457848,0.00112504,1790214000,-0.000403785,0.000385174,3.35075e-05,1,-0.000416363,0.000377698,2.28428e-05,1,-0.000420088,0.000469462,4.80517e-05,1,-0.000361896,0.00038157,4.34714e-05,0,
1790214300,0.000884432,-3.7335e-05,0.000929193,-0.000410762,0.000590646,0.490348,0.000247118,0.000246967,0.0890456,-0.00124093,-0.000920652,-0.000488947,-0.000199022,-1.85823e-05,0.000176296,0.000525371,0.000892647,0.00113837,0.000272004,0.000265748,0.00025217,0.000253557,0.000268875,0.000249335,0.000242726,0.000255887,-0.000610904,0.000694277,0.000124708,-0.000618903,0.000733627,0.000201147,0.499091,-0.00129043,-0.000510642,0.000507024,0.00126504,1790214300,0.000493497,1.54499e-05,0.00050765,1,-0.000403944,0.000385626,3.00302e-05,1,-0.000384553,0.000401497,4.90102e-05,1,-0.000407192,0.000457956,5.94525e-05,1,
1790214360,-0.000962838,8.57894e-05,0.000123087,-0.00128772,0.000597938,0.476213,0.000272765,0.000271004,0.0695803,-0.00115387,-0.000890202,-0.000463124,-0.000205784,-4.33822e-05,0.000141389,0.000460001,0.000813051,0.00104479,0.000291979,0.000288954,0.000269558,0.000273856,0.000274592,0.000274583,0.000261085,0.000278183,-0.000554169,0.000552553,0.000127826,-0.000528591,0.000517902,0.000129387,0.49262,-0.00115574,-0.000455835,0.000434363,0.00114437,1790214300,-0.000613884,0.00065595,3.42786e-05,1,0.000453755,3.0665e-05,0.000517215,1,-0.000371371,0.000398592,4.27798e-05,1,0.000392889,4.17426e-05,0.000394733,1,
1790214420,0.00023893,-1.4935e-05,0.000641995,-0.000126955,0.000607388,0.487319,9.43138e-05,9.70336e-05,0.0767866,-0.00118867,-0.000900867,-0.00044988,-0.000192596,-2.45926e-05,0.000171762,0.000500502,0.000865956,0.00109837,8.90203e-05,9.02135e-05,0.00010199,9.95512e-05,0.000101097,9.73259e-05,8.97279e-05,8.91499e-05,-0.000574991,0.000634829,1.67281e-05,0.000543732,6.11913e-05,0.000557377,0.50487,-0.00117758,-0.000442048,0.000470513,0.00117068,1790214300,0.00050342,1.45332e-05,0.00052591,1,0.000477344,8.1743e-05,0.000582872,1,-0.000421501,0.000476421,6.27026e-05,1,0.000382577,2.19913e-05,0.000405226,1,
1790214480,-0.000836505,0,0.00033963,-0.000944853,0.000602232,0.488286,0.000237724,0.000235088,0.0581764,-0.00109367,-0.000820737,-0.000426937,-0.000177522,-2.0894e-05,0.000159878,0.000460234,0.000797225,0.00100876,0.000242842,0.000239332,0.000232734,0.000232311,0.000226255,0.000236133,0.000247817,0.00024911,-0.000534992,0.000518647,0,0.000498738,0,0.000494276,0.502677,-0.00107492,-0.00041441,0.000425697,0.00106812,1790214300,0.000510838,6.92985e-05,0.000482723,1,0.000477596,8.14769e-05,0.000467806,1,0.000498829,0.000106453,0.0005562,1,0.000420623,5.99373e-05,0.000470285,1,
1790214540,-0.000336293,4.10947e-05,0.000254013,-0.00038114,0.000607803,0.485261,0.000109992,0.000107318,0.041552,-0.0011981,-0.000889093,-0.000444504,-0.000194731,-2.89359e-05,0.00016982,0.000494847,0.000854601,0.0011138,9.76429e-05,0.000101551,0.000109767,0.000109308,0.000100988,0.000112083,0.00011362,0.000109659,-0.000568303,0.000612018,7.74992e-05,0.000530841,2.95431e-05,0.000590519,0.501162,-0.00116711,-0.000435208,0.000458433,0.00114194,1790214300,0.000454369,8.52986e-06,0.000507192,1,0.000496334,1.81143e-05,0.000533335,1,0.000448191,7.26534e-05,0.000485188,1,0.000496017,8.15625e-05,0.000508762,1,
1790214600,-0.000441089,0.000156951,0.000347501,-0.000601873,0.000603571,0.48573,0.000128966,0.000125191,0.0409234,-0.00105793,-0.000796618,-0.00038988,-0.000170331,-2.44595e-05,0.000149358,0.000440913,0.000784504,0.000997058,0.000122149,0.0001232,0.000124408,0.000122235,0.000116746,0.000127762,0.000137765,0.000134745,-0.000503526,0.000506379,1.70743e-08,-0.000468878,0.00044229,0,0.497258,-0.00103286,-0.000390745,0.000401985,0.00101691,1790214600,0.00054183,0,0.000515795,1,-0.000473003,0.000431079,2.10634e-05,1,-0.000466951,0.000470672,6.14177e-05,1,-0.000465575,0.000466467,4.41316e-05,1,
1790214660,0.000130852,-3.73893e-05,0.000351391,-6.73018e-05,0.000600752,0.48418,7.39687e-05,7.69391e-05,0.0434205,-0.00108216,-0.000807525,-0.000400799,-0.000182862,-2.87997e-05,0.000155653,0.000452966,0.000780606,0.00101715,7.11139e-05,7.1184e-05,7.75029e-05,7.07989e-05,8.43781e-05,7.84502e-05,7.21218e-05,7.31395e-05,-0.000517123,0.000513569,6.11132e-05,-0.000483899,0.000468501,3.43116e-05,0.494756,-0.00107345,-0.000407299,0.000412142,0.0010444,1790214600,-0.000467772,0.000435542,0,1,0.00047885,5.02145e-06,0.000555925,1,-0.000429854,0.000431168,7.83372e-05,1,-0.000452758,0.00048621,6.27798e-05,1,
1790214720,0.000949096,0,0.000982709,0,0.000595002,0.482789,0.000291711,0.000301214,0.0480991,-0.000969548,-0.000732204,-0.000367014,-0.000164848,-2.62753e-05,0.000128774,0.000389153,0.000699126,0.00089915,0.000295606,0.000291216,0.000287276,0.000324513,0.00030221,0.000281548,0.000292581,0.00028872,-0.000455926,0.000425123,3.00147e-05,-0.000410825,0.000349588,0,0.494008,-0.000913886,-0.000351493,0.000337354,0.000863412,1790214600,0.000481831,0,0.000477409,1,-0.000466293,0.000405641,1.8291e-06,1,-0.000453157,0.000462175,6.06584e-05,1,0.000432501,2.73644e-05,0.000467089,1,
1790214780,-0.000493119,0,0,-0.000519276,0.000604121,0.477927,0.00013722,0.000133602,0.0374727,-0.00102664,-0.000792058,-0.000403492,-0.000186544,-3.6049e-05,0.000129685,0.000401025,0.000721379,0.000947674,0.000136971,0.0001377,0.000137282,0.000136753,0.000129829,0.000140786,0.000135041,0.000138044,-0.000482995,0.000483365,9.36799e-05,-0.000482336,0.000454066,5.51298e-05,0.492977,-0.0010819,-0.000420214,0.00039899,0.00105068,1790214600,0.00041106,0,0.000393347,1,0.000462498,0,0.000477688,1,0.000421257,0,0.000453625,1,-0.000427897,0.000454015,8.89244e-05,1,
1790214840,-7.09992e-05,0,0.000235382,-0.000164427,0.000602102,0.480456,6.22326e-05,6.20586e-05,0.0372148,-0.000956841,-0.000733484,-0.00035792,-0.000165406,-3.03564e-05,0.000127377,0.000387044,0.000684099,0.000905031,6.29296e-05,6.63487e-05,7.08605e-05,4.69155e-05,7.1289e-05,7.60847e-05,6.14664e-05,5.74737e-05,-0.000450167,0.000414177,0,-0.000428251,0.000395489,0,0.494114,-0.000961086,-0.000359889,0.000363096,0.000954824,1790214600,0.000491073,0,0.000477337,1,-0.000399967,0.000377397,0,1,0.000428761,2.19079e-05,0.000457543,1,0.000408655,2.60082e-05,0.000438495,1,
1790214900,-6.72671e-05,0,0,-0.000142014,0.000596135,0.485885,6.13439e-05,6.06948e-05,0.0436542,-0.000918173,-0.000699235,-0.000342226,-0.000146235,-2.09646e-05,0.000129952,0.000387993,0.00069686,0.000891083,6.2711e-05,6.50962e-05,6.65056e-05,4.8306e-05,6.97126e-05,7.17343e-05,6.37917e-05,5.71761e-05,-0.00044255,0.000462095,0,-0.000431874,0.000411466,0,0.499913,-0.000950627,-0.000359134,0.000371794,0.000947938,1790214900,0.000474253,0,0.000378043,1,0.000459499,4.03049e-05,0.000427622,1,0.00039427,5.5611e-06,0.000393243,1,0.000431101,1.92154e-05,0.000457492,1,
1790214960,5.97932e-05,-3.73719e-06,5.97932e-05,-2.61606e-05,0.00059022,0.476355,5.44143e-05,5.69063e-05,0.0540148,-0.000833231,-0.000637772,-0.000298143,-0.000139631,-3.17569e-05,0.000104914,0.000346711,0.000617522,0.000803197,6.47465e-05,6.52509e-05,6.39339e-05,3.7839e-05,7.25871e-05,6.64371e-05,5.13116e-05,5.0872e-05,-0.000391815,0.000343059,0,-0.000362666,0.000279687,0,0.491505,-0.000777631,-0.000298179,0.000294192,0.000794721,1790214900,0.000469963,0,0.000420158,1,0.000455754,0,0.000416455,1,0.000439741,5.28964e-05,0.000444971,1,0.000385139,1.71388e-05,0.000396253,1,
1790215020,-0.000156965,0,7.4739e-06,-0.00034386,0.000584349,0.476396,6.17451e-05,5.81611e-05,0.069813,-0.000783029,-0.000597099,-0.000278844,-0.000128095,-2.83704e-05,9.4161e-05,0.000315701,0.00056775,0.000742163,6.72177e-05,6.87456e-05,6.60131e-05,4.79348e-05,7.18746e-05,6.96388e-05,6.2624e-05,6.10661e-05,-0.000360689,0.000293772,0,-0.00032933,0.000232411,0,0.495017,-0.000689536,-0.000265556,0.000251538,0.000671796,1790214900,-0.00040777,0.000306308,0,1,-0.000466079,0.000415664,0,1,0.000433781,0,0.0004044,1,-0.000449754,0.000448514,1.81331e-05,1,
1790215080,-0.000396259,-1.49503e-05,-1.49503e-05,-0.000579488,0.000578902,0.474528,0.000114927,0.000110303,0.0890409,-0.000764682,-0.000585301,-0.000282644,-0.000132636,-3.08675e-05,9.26317e-05,0.000320588,0.000576319,0.000749596,0.000109172,0.000110623,0.000110187,0.000109745,0.000106747,0.00011363,0.000123816,0.000116806,-0.000365144,0.000354339,0,-0.000352107,0.00031172,0,0.498397,-0.000740459,-0.000280636,0.000294683,0.000762179,1790214900,-0.000346379,0.000264299,0,1,-0.000410694,0.000330421,0,1,0.000443009,0,0.000425683,1,-0.000403381,0.000413436,2.9873e-05,1,
1790215140,3.73896e-05,4.48674e-05,4.48674e-05,-0.00017575,0.000575817,0.475178,5.05223e-05,5.28832e-05,0.0938094,-0.000783471,-0.000592841,-0.000287729,-0.000132624,-3.07099e-05,9.53138e-05,0.00033305,0.0005916,0.000758236,6.32843e-05,6.1703e-05,5.56433e-05,4.16306e-05,6.70697e-05,5.45287e-05,4.88444e-05,4.80649e-05,-0.000375842,0.000400314,0,0.000356675,0,0.000334907,0.502281,-0.000750607,-0.000278656,0.00030735,0.000774853,1790214900,-0.000374641,0.000336602,0,1,-0.000336934,0.000277019,0,1,0.000374703,0,0.000327886,1,0.0004047,5.05626e-05,0.000427511,1,
1790215200,0.000224308,6.35591e-05,0.000228046,-0.000912706,0.000570055,0.474575,7.67003e-05,8.08617e-05,0.124702,-0.000793712,-0.000632659,-0.000329366,-0.000148668,-3.00889e-05,9.05346e-05,0.00034157,0.000618923,0.000770483,8.65107e-05,8.27273e-05,7.67225e-05,7.04853e-05,8.90311e-05,7.40524e-05,7.91262e-05,7.73459e-05,-0.000403252,0.000455434,1.59743e-05,-0.000379032,0.000358275,7.43454e-06,0.494239,-0.000762614,-0.000324303,0.000307347,0.00077638,1790215200,0.000384474,0,0.000369305,1,0.000400058,0,0.000358123,1,0.000337404,0,0.000287307,1,0.000341646,6.89236e-06,0.000380399,1,
1790215260,3.73805e-06,-0.000108409,3.73805e-06,-0.00187077,0.000565216,0.480685,5.44022e-05,5.60665e-05,0.146716,-0.000860439,-0.000653332,-0.000329723,-0.000149848,-2.61148e-05,0.000111351,0.000356914,0.000640894,0.000821766,6.13594e-05,5.80249e-05,4.94449e-05,5.86918e-05,6.02987e-05,4.78546e-05,6.21217e-05,5.18387e-05,-0.000414219,0.000480586,7.58815e-05,-0.000419639,0.000453393,6.35688e-05,0.498713,-0.000900935,-0.000345543,0.000363534,0.00092389,1790215200,-0.000445886,0.000333092,0,1,0.00039976,0,0.000368921,1,0.000363254,1.93888e-05,0.000348857,1,0.000305392,8.76125e-07,0.000332422,1,
1790215320,-2.61666e-05,0,0.000291524,-0.000299088,0.000559536,0.485618,6.15289e-05,5.99311e-05,0.198263,-0.000934983,-0.000704624,-0.000358395,-0.000156579,-2.1579e-05,0.000130706,0.000396027,0.000715917,0.00089527,5.96167e-05,5.71216e-05,4.74426e-05,8.10504e-05,5.52308e-05,4.76944e-05,6.9712e-05,5.7949e-05,-0.00045564,0.000540148,7.99272e-05,0.000449434,9.06226e-05,0.00054423,0.502952,-0.000949654,-0.000365203,0.000391805,0.000975523,1790215200,0.000435808,0,0.000479927,1,0.000498109,0,0.000420375,1,0.000358328,2.71447e-05,0.000358947,1,0.000370072,2.14193e-05,0.000374767,1,
1790215380,-0.00117072,-6.72887e-05,-6.72887e-05,-0.00117072,0.000553924,0.480369,0.000429774,0.000426887,0.269244,-0.000812855,-0.000617163,-0.000313543,-0.000133854,-2.45747e-05,0.000102826,0.000349207,0.000617117,0.000780192,0.00038891,0.000411564,0.000445712,0.000381985,0.000410658,0.000446492,0.000434431,0.000448591,-0.000399877,0.000483868,3.43026e-05,-0.000366843,0.000360862,8.10644e-06,0.497735,-0.000783679,-0.000301378,0.000310521,0.000789167,1790215200,0.000443428,1.54104e-05,0.000503798,1,0.000460756,1.38857e-05,0.000421998,1,0.000410551,4.12397e-06,0.000412905,1,0.000371506,3.41552e-05,0.000370728,1,
1790215440,-0.000179657,5.98784e-05,0.000123495,-0.000299446,0.000572807,0.486124,7.7053e-05,7.25915e-05,0.0598323,-0.0010161,-0.000741487,-0.000355767,-0.000149211,-1.93409e-05,0.000122331,0.000406634,0.000719605,0.000931759,7.08939e-05,7.1113e-05,7.17068e-05,7.35278e-05,6.9914e-05,7.7072e-05,8.72002e-05,7.71174e-05,-0.00046206,0.000577127,1.64975e-05,0.000448436,1.91214e-05,0.000438756,0.501886,-0.000972273,-0.000358457,0.000393011,0.000967791,1790215200,0.000384443,0,0.00036922,0,0.00047897,3.79219e-05,0.000452286,1,0.000401827,5.93014e-05,0.000423337,1,0.00035963,2.8336e-05,0.000381972,1,
1790215500,-0.00064029,-0.000119789,2.6202e-05,-0.000685238,0.000567619,0.48097,0.00018444,0.000178808,0.0599644,-0.000945956,-0.000697159,-0.000341634,-0.000149409,-2.39456e-05,0.000104158,0.000379699,0.00068724,0.0008813,0.000176844,0.000178492,0.000177864,0.000177423,0.000164692,0.000181944,0.000201831,0.000187573,-0.000435694,0.000471827,0,-0.000399639,0.000345678,0,0.495589,-0.000851903,-0.000324102,0.000343159,0.000876135,1790215500,0.000459289,0,0.000416598,1,0.000410186,0,0.000368642,0,0.000415315,6.40657e-05,0.000464529,0,0.000438769,1.57422e-05,0.000447204,0,
1790215560,0.00027339,-5.99312e-05,0.000367,-0.000603221,0.000569163,0.476027,8.97672e-05,9.47632e-05,0.0515844,-0.000999678,-0.000737383,-0.000355168,-0.000156415,-3.37922e-05,0.000109445,0.000402477,0.000706907,0.000903283,9.48348e-05,9.0647e-05,9.09121e-05,9.31883e-05,0.000102216,9.04396e-05,8.37391e-05,8.91293e-05,-0.000458336,0.000517869,5.2569e-05,-0.000436287,0.000399195,2.09741e-05,0.493688,-0.000953462,-0.000359335,0.000373205,0.000945278,1790215500,-0.000408366,0.000335419,2.12174e-05,1,0.000444088,0,0.000473355,1,0.000383591,8.61242e-06,0.000377092,0,0.000465852,2.063e-05,0.00047271,1,
1790215620,-0.00148395,9.73538e-05,0.000175979,-0.00187028,0.000564768,0.481675,0.000569341,0.000563932,0.0480641,-0.000905856,-0.000693604,-0.000347849,-0.000152042,-2.4228e-05,0.000110243,0.000367344,0.000673485,0.000867595,0.000544286,0.000563421,0.000567871,0.000556017,0.000526755,0.000565353,0.000588566,0.000574219,-0.000430836,0.00049661,4.62964e-05,-0.000475653,0.00047078,4.89992e-05,0.496206,-0.00100854,-0.000393408,0.000402646,0.00101942,1790215500,-0.000459454,0.00039614,0,1,-0.000442824,0.000338127,0,0,-0.000410645,0.000386451,3.34683e-05,0,0.000397576,2.03767e-05,0.000375246,0,
1790215680,0.000273721,9.74984e-05,0.000532376,-0.00133969,0.000597181,0.489107,9.80055e-05,0.000103287,0.0495218,-0.00121862,-0.000913939,-0.000445357,-0.000182364,-2.03805e-05,0.00016911,0.000514834,0.000890157,0.0011189,9.47888e-05,9.37436e-05,0.000103489,0.000102106,0.000108997,0.000104795,8.84471e-05,9.52496e-05,-0.000582404,0.000711395,7.0684e-05,-0.000578244,0.000677639,0.000107662,0.499464,-0.00123149,-0.000463441,0.000490303,0.00119359,1790215500,0.000456923,0,0.000512726,1,-0.000436242,0.000390276,1.02091e-05,1,-0.000382909,0.000363089,1.54344e-05,1,0.000416541,0,0.000428528,1,
1790215740,0.000254906,5.2486e-05,0.000543471,-0.000491252,0.000592445,0.487137,9.6794e-05,0.000101428,0.0448242,-0.00122517,-0.000907353,-0.000453408,-0.000195258,-2.3517e-05,0.000161682,0.000494992,0.00090999,0.001151,9.15509e-05,9.0013e-05,9.71388e-05,0.00010966,0.000103554,9.83215e-05,8.93297e-05,9.28863e-05,-0.000572863,0.000636549,4.06401e-05,-0.000577889,0.000665819,0.00010978,0.498043,-0.00118598,-0.000466079,0.000486042,0.00120907,1790215500,0.000561724,1.45728e-05,0.000512076,1,0.000483449,0,0.000451647,1,0.000416229,0,0.000414645,1,0.000397724,0,0.000383725,1,
1790215800,-0.000153686,-0.000187425,-2.99856e-05,-0.000727404,0.000587597,0.47684,7.79439e-05,7.59983e-05,0.0445424,-0.00113328,-0.000860949,-0.000438574,-0.00019799,-3.87727e-05,0.000130989,0.000443345,0.000805706,0.00102254,6.66352e-05,6.80356e-05,7.36446e-05,8.51525e-05,6.95493e-05,7.97924e-05,7.96416e-05,7.676e-05,-0.00052958,0.00054332,0.000113507,-0.000517989,0.000489404,0.000128659,0.486616,-0.00110292,-0.00044174,0.000422417,0.00108202,1790215800,0.000529657,0,0.000672929,1,0.000502807,2.11087e-05,0.000571012,1,0.000431196,2.92292e-05,0.000458635,1,0.000420525,0,0.000412615,1,
1790215860,-0.000221199,-0.000183704,-8.24752e-05,-0.000442446,0.000582098,0.479631,8.673e-05,8.17498e-05,0.0472256,-0.00109918,-0.000827476,-0.0004071,-0.000176358,-3.34541e-05,0.000133118,0.000429719,0.000766594,0.000993479,7.7831e-05,7.8608e-05,8.06167e-05,8.68069e-05,7.29353e-05,8.68537e-05,9.41528e-05,8.85371e-05,-0.000504435,0.000546624,2.53524e-05,-0.000487424,0.000471776,1.63538e-05,0.492974,-0.0010243,-0.000408703,0.000405413,0.0010172,1790215800,-0.000488856,0.000455149,3.4499e-05,1,0.000583097,0,0.00055265,1,0.00049282,1.38122e-05,0.00052184,1,0.000465424,0,0.000448943,1,
1790215920,0.00131148,0.000108731,0.00137888,0.000108731,0.000577096,0.475256,0.000464542,0.000479469,0.0517926,-0.00105064,-0.000778583,-0.00037935,-0.000168791,-3.62808e-05,0.000112653,0.000400139,0.00071976,0.000928255,0.000473755,0.000480077,0.000479233,0.000476167,0.000499464,0.000458631,0.000441928,0.000459003,-0.000469724,0.000497081,1.06404e-05,-0.00043311,0.000371597,0,0.490333,-0.000916127,-0.000366589,0.000357298,0.000905297,1790215800,0.000438517,1.57526e-08,0.000473975,1,0.000494066,5.39509e-07,0.000493402,1,0.000476361,4.81187e-05,0.00056479,1,0.000487891,1.7965e-05,0.00051061,1,
1790215980,0.000561537,3.74456e-05,0.00082348,3.74456e-05,0.000600648,0.473146,0.000160571,0.000164815,0.0485329,-0.00113633,-0.000853045,-0.000440351,-0.000194033,-4.61606e-05,0.000128138,0.00043958,0.000805769,0.00105169,0.000165833,0.000161515,0.000162724,0.000162226,0.000173407,0.000159823,0.000161107,0.000156034,-0.000528049,0.000582664,9.51344e-05,-0.00050255,0.000501134,6.56191e-05,0.488112,-0.00108555,-0.00043353,0.000411787,0.00108338,1790215800,0.000394091,0,0.000410344,0,0.000487966,0,0.000466897,1,0.000456791,1.7367e-05,0.000485599,1,0.000527189,1.76482e-05,0.000521883,1,
1790216040,0.00020956,5.2394e-05,0.00020956,-0.000247037,0.000599891,0.471938,8.47232e-05,8.85159e-05,0.0530588,-0.00106027,-0.000805693,-0.000410156,-0.000183403,-4.47089e-05,0.000117011,0.000400976,0.000731665,0.000945233,8.38135e-05,8.31894e-05,9.01697e-05,7.95666e-05,9.07537e-05,9.08443e-05,8.86504e-05,7.844e-05,-0.000487706,0.000456528,4.97665e-05,-0.000478572,0.00044392,4.29092e-05,0.488208,-0.0010408,-0.000416242,0.000387308,0.00101324,1790215800,0.00051158,0,0.000515428,1,-0.000444742,0.000368561,0,0,0.000440045,0,0.000468874,1,0.00048561,0,0.000485832,1,
1790216100,0.00183925,0,0.00183925,0,0.000594601,0.489571,0.000715868,0.000728004,0.0547691,-0.00104169,-0.00079412,-0.000394437,-0.000153385,-1.69919e-05,0.000148312,0.000425332,0.000764222,0.00097762,0.000736828,0.000736676,0.000721255,0.000760908,0.000740286,0.000697119,0.000667768,0.00071945,-0.000495222,0.000554664,0,-0.000506997,0.000545105,0,0.496677,-0.00106396,-0.000426251,0.000423825,0.0010688,1790216100,0.000477042,3.53339e-06,0.000414955,0,0.000512874,0,0.00043984,0,0.000405566,0,0.000410546,0,0.000455444,0,0.000459842,0,
1790216160,0.000515279,3.73486e-06,0.00109372,3.73486e-06,0.000643534,0.480423,0.000150651,0.000152797,0.154629,-0.00129052,-0.000970291,-0.000499251,-0.000208995,-3.76071e-05,0.000157066,0.000477803,0.000889089,0.00123769,0.000152898,0.000149168,0.000156147,0.000148383,0.000142711,0.000152042,0.000153504,0.000151402,-0.000588452,0.000657601,7.79867e-05,-0.000628793,0.000701575,0.000115174,0.489811,-0.0013385,-0.000531452,0.000513531,0.00137154,1790216100,0.000551682,0,0.000478508,0,0.000466617,6.00778e-06,0.000435376,0,0.000443465,2.99853e-05,0.000469891,0,0.000410585,0,0.000398845,0,
1790216220,0.000798531,0,0.00104841,-0.000276276,0.00064122,0.477329,0.00023065,0.000231776,0.15494,-0.00121547,-0.000917432,-0.000479121,-0.000209569,-4.19251e-05,0.00014557,0.000449263,0.000825307,0.00108656,0.000237393,0.000227771,0.000229619,0.000234246,0.000218062,0.000226821,0.000239979,0.000232136,-0.000559986,0.000499405,1.83375e-05,-0.000577965,0.000557968,7.24106e-05,0.49379,-0.00123226,-0.000488771,0.00047344,0.00122767,1790216100,0.000681688,0,0.000638404,1,0.000469862,0,0.000473984,0,0.00045371,0,0.000453346,0,0.000474631,0,0.000462737,0,
1790216280,0.000249876,3.72996e-06,0.000540699,-0.000138018,0.000644743,0.486896,9.84011e-05,0.000100486,0.187214,-0.00122502,-0.000928514,-0.000470581,-0.000194783,-2.56827e-05,0.000172894,0.000491904,0.000889237,0.00117783,9.03962e-05,9.45531e-05,0.000107294,9.40853e-05,8.84978e-05,0.000101153,9.78688e-05,9.7711e-05,-0.000579779,0.000611203,0,0.000587559,4.83973e-05,0.000616265,0.50313,-0.00124013,-0.000479781,0.000501051,0.00129444,1790216100,0.00056673,1.89449e-05,0.000514603,1,0.000652193,2.94743e-05,0.00052263,1,0.000482595,2.9395e-07,0.000432633,0,-0.000451735,0.000415971,3.64485e-06,0,
1790216340,0.000574106,8.94928e-05,0.000708265,7.45779e-05,0.00063924,0.481916,0.000164885,0.000164523,0.169912,-0.00111668,-0.000845852,-0.000427437,-0.00018182,-3.22018e-05,0.00014842,0.000443152,0.000787687,0.00103959,0.000168901,0.000165245,0.000166313,0.00016465,0.000147337,0.000163682,0.000167294,0.000164672,-0.000523989,0.00048265,0,0.000527036,0,0.000548649,0.500709,-0.00111705,-0.000434746,0.000446741,0.00115513,1790216100,0.000595908,2.95122e-05,0.000594503,1,0.000559057,0,0.000569821,1,0.000556909,4.90383e-05,0.000569787,1,0.000423082,1.98418e-05,0.000458833,0,
1790216400,-0.000447327,6.33552e-05,0.000182601,-0.000447327,0.000638003,0.484322,0.000126038,0.000125024,0.178275,-0.00108769,-0.000831926,-0.000410433,-0.000177041,-2.66407e-05,0.000145838,0.000435726,0.000771984,0.0010445,0.000124324,0.000125021,0.000128677,0.000124042,0.000148211,0.000129267,0.000125511,0.000125031,-0.000510503,0.000471648,0,0.000507032,0,0.000500887,0.501705,-0.00107614,-0.000418033,0.000429292,0.00111913,1790216400,-0.000528846,0.000510116,0,1,-0.000618663,0.000590084,0,1,-0.000530679,0.00046578,6.56959e-05,1,-0.00055464,0.000540439,2.28249e-05,1,
1790216460,-0.000559441,1.11856e-05,5.59268e-05,-0.000693753,0.000634751,0.481059,0.000157677,0.000155667,0.120018,-0.00102081,-0.000774263,-0.000389452,-0.000162707,-3.10551e-05,0.000135443,0.000416697,0.000729639,0.000957165,0.000154992,0.00015615,0.000155832,0.000155183,0.000170359,0.000159492,0.00015606,0.000159906,-0.000486231,0.000432464,0,0.000445746,0,0.000435628,0.501292,-0.000944071,-0.000355271,0.000385519,0.00100679,1790216400,-0.00050759,0.000474311,0,1,-0.000529743,0.000488264,4.33608e-06,1,-0.000538276,0.000519166,7.1989e-05,1,-0.000513569,0.000459524,6.06749e-05,1,
1790216520,-0.000787477,0,0,-0.000996579,0.000633332,0.485424,0.000227895,0.000224961,0.083964,-0.000984136,-0.000740037,-0.000379658,-0.000158643,-2.25086e-05,0.000134446,0.000406319,0.000739148,0.000944355,0.000222615,0.000219357,0.000218985,0.000233481,0.000226484,0.000222827,0.00023385,0.000240969,-0.000473825,0.000466235,0,0.000458262,0,0.000443,0.506094,-0.00096107,-0.000357407,0.000406412,0.00103645,1790216400,-0.000470326,0.000457089,0,1,-0.000504756,0.000454467,0,1,-0.000489852,0.000452736,4.8938e-05,1,-0.00052661,0.000516883,5.85706e-05,1,
1790216580,-0.000332344,-3.73359e-06,7.46714e-06,-0.000814253,0.000636781,0.485033,0.000101577,9.86832e-05,0.0589415,-0.000995626,-0.000747396,-0.000393986,-0.000170047,-2.25691e-05,0.000130771,0.000413183,0.000758174,0.000970112,9.65147e-05,0.000102045,0.000106162,9.24074e-05,0.000107081,0.000109911,0.000102543,9.91232e-05,-0.000485588,0.000490299,2.55014e-05,0.000474525,5.54199e-07,0.000506623,0.507225,-0.000996187,-0.000368074,0.000424227,0.00106881,1790216400,-0.000466478,0.000445256,5.96043e-06,1,-0.000476347,0.000424307,0,1,-0.000455238,0.000431531,5.00436e-05,1,-0.00046355,0.000451139,6.35681e-05,1,
1790216640,1.8674e-05,-0.000149404,2.24087e-05,-0.000257736,0.000632131,0.478552,6.37308e-05,6.60416e-05,0.05117,-0.000986508,-0.000739494,-0.000393537,-0.000178062,-3.36403e-05,0.000125735,0.000406115,0.000751093,0.000968018,6.23396e-05,6.71273e-05,7.03987e-05,5.67501e-05,7.16465e-05,7.1602e-05,6.51844e-05,5.71566e-05,-0.000480581,0.000470893,4.83343e-05,0.000478579,0,0.000524981,0.505054,-0.00099852,-0.000376904,0.000424159,0.00107677,1790216400,-0.00047386,0.000449006,2.70951e-05,1,-0.000486612,0.000421248,0,1,-0.000427929,0.000408196,2.73512e-05,1,-0.00043708,0.000421739,5.76636e-05,1,
1790216700,-3.73476e-06,0,0.00018672,-0.000429589,0.000625783,0.471323,5.63442e-05,5.81311e-05,0.0591027,-0.000892852,-0.00067783,-0.000359228,-0.000168702,-3.81938e-05,9.7497e-05,0.0003507,0.000662865,0.000865536,6.10632e-05,6.48843e-05,6.48795e-05,4.35362e-05,6.91864e-05,6.61919e-05,5.34812e-05,5.40201e-05,-0.000427195,0.000306707,8.94568e-06,-0.000388827,0.000300556,0,0.499065,-0.000795428,-0.000309979,0.000316945,0.000826719,1790216700,-0.000466467,0.000434792,6.98293e-05,1,-0.000472288,0.00044101,3.04813e-05,1,-0.000415396,0.000416392,5.36632e-05,1,-0.000415668,0.000424794,2.83983e-05,1,
1790216760,-6.72281e-05,-1.8674e-05,0.000470471,-7.09632e-05,0.000619494,0.47399,5.9616e-05,5.84803e-05,0.0743605,-0.000900093,-0.000685654,-0.000365918,-0.000162609,-3.52913e-05,0.00010287,0.000360117,0.000657051,0.000867583,6.21433e-05,6.6328e-05,6.34577e-05,5.58068e-05,6.96025e-05,6.4578e-05,6.07442e-05,5.32842e-05,-0.000436272,0.000402551,5.53559e-05,0.000443683,0,0.0004888,0.501811,-0.000920213,-0.000357962,0.000381888,0.000975661,1790216700,-0.000352202,0.000323408,2.96478e-05,1,-0.000483571,0.000462278,5.88e-06,1,-0.000411069,0.00044604,6.39378e-05,1,-0.000415616,0.000442006,3.06643e-05,1,
1790216820,-1.86753e-05,3.73502e-06,7.46977e-05,-0.000209183,0.000613341,0.47162,5.44108e-05,5.48674e-05,0.0997495,-0.000875082,-0.000660515,-0.000348419,-0.000149505,-3.73212e-05,9.66366e-05,0.000344524,0.000619083,0.000821553,6.01914e-05,6.2647e-05,5.73282e-05,5.16603e-05,6.54466e-05,5.69612e-05,5.50115e-05,4.98117e-05,-0.000416139,0.000396388,5.01332e-05,0.000407968,0,0.000436672,0.501349,-0.000858008,-0.000329598,0.000345776,0.000883443,1790216700,-0.0004046,0.0004216,6.03039e-05,1,-0.000367394,0.000350011,0,1,-0.000415216,0.000475318,5.24443e-05,1,-0.000422906,0.000462225,3.25261e-05,1,
1790216880,0.000306231,-0.000104588,0.000309965,-0.000197979,0.000607183,0.475756,8.93152e-05,9.18181e-05,0.135684,-0.00079235,-0.000603265,-0.000311293,-0.000134438,-2.74288e-05,8.81363e-05,0.000317439,0.000573854,0.000757941,0.000100063,9.90548e-05,9.32907e-05,8.90251e-05,0.000101922,8.9683e-05,8.97534e-05,8.65192e-05,-0.000377683,0.000341909,0,-0.000325579,0.000280238,0,0.499677,-0.00062037,-0.000241646,0.000257187,0.000670512,1790216700,-0.000392389,0.000431464,0,1,-0.000444965,0.000450406,0,1,-0.000348411,0.000388621,5.71726e-06,1,-0.000430882,0.000478743,2.96715e-05,1,
1790216940,0.000645765,0,0.000694273,0,0.000602638,0.476484,0.000189747,0.00019416,0.149535,-0.00079561,-0.000597969,-0.000306899,-0.000131531,-2.62336e-05,8.77349e-05,0.000307638,0.000565005,0.000742162,0.000189308,0.000184644,0.000185266,0.000200241,0.000187233,0.000186424,0.000192598,0.00018982,-0.000368784,0.000323971,6.28317e-06,0.000329816,0,0.000324868,0.502277,-0.000660412,-0.000250816,0.000262427,0.000684161,1790216700,-0.000310264,0.000300687,1.86726e-05,1,-0.000404921,0.000410795,0,1,-0.000403886,0.000451859,4.10884e-05,1,-0.000360859,0.000378038,2.47433e-06,1,
1790217000,-9.32928e-05,-1.11947e-05,2.61204e-05,-0.000373223,0.000603531,0.481462,5.99778e-05,5.87171e-05,0.0996429,-0.000901196,-0.000685397,-0.000359248,-0.000143085,-2.3856e-05,0.000107246,0.000346408,0.000628018,0.000815754,6.37076e-05,6.52283e-05,5.91845e-05,5.42291e-05,6.90331e-05,5.78541e-05,6.57976e-05,5.81754e-05,-0.000424407,0.000432781,2.27155e-05,0.000423269,0,0.000448801,0.500118,-0.000897308,-0.000356323,0.000350619,0.000893712,1790217000,0.000326464,0,0.000318979,1,-0.000356805,0.000337745,0,1,-0.000399498,0.000417317,2.10379e-05,1,-0.000425229,0.000464654,7.70354e-06,1,
1790217060,-0.000526334,0,3.35864e-05,-0.000601014,0.000597611,0.48059,0.000147649,0.000145591,0.125509,-0.000783167,-0.000592237,-0.000297725,-0.00012301,-2.12866e-05,9.07707e-05,0.000305252,0.000552184,0.000720067,0.000145234,0.000146616,0.000146185,0.000148111,0.000148345,0.000149048,0.000142666,0.000153536,-0.000362497,0.000318143,0,-0.000377782,0.000333479,0,0.496743,-0.000780088,-0.000306439,0.000311408,0.000810681,1790217000,0.000436505,4.12799e-06,0.000405714,1,0.000331412,2.43077e-05,0.000301627,1,0.000315771,3.94214e-05,0.000318327,1,0.000400167,5.66299e-05,0.000379855,1,
1790217120,0.00144023,-2.24034e-05,0.00144023,-2.61373e-05,0.000596269,0.480092,0.000571674,0.00058203,0.0989212,-0.00077122,-0.000578564,-0.000292978,-0.000119479,-2.23851e-05,9.24423e-05,0.000306238,0.000558394,0.000719696,0.00053729,0.000540688,0.00056226,0.00060185,0.000537965,0.00056364,0.000565128,0.00057833,-0.000360673,0.000345946,0,-0.000396063,0.000382957,0,0.498611,-0.000844864,-0.000318694,0.000337281,0.00086719,1790217000,-0.000347264,0.000348236,1.74902e-05,1,0.000349183,4.51207e-05,0.000396505,1,0.000304536,6.60729e-05,0.000307106,1,0.000331878,4.22284e-05,0.000323461,0,
1790217180,-0.00076463,-3.72848e-06,0.000141672,-0.00076463,0.000624429,0.479586,0.000211452,0.00020917,0.0425068,-0.00103047,-0.000782401,-0.000411163,-0.000173224,-2.97253e-05,0.000118388,0.000393407,0.000736291,0.00098044,0.000213739,0.000212857,0.000212411,0.000231557,0.000217537,0.000216894,0.000200466,0.00021771,-0.000484667,0.000445826,4.52018e-05,-0.000524192,0.000528637,7.93771e-05,0.492095,-0.00113303,-0.000448032,0.000431537,0.00114824,1790217000,0.000389196,0,0.000365412,1,-0.000397658,0.00036725,0,1,0.000370819,5.8509e-05,0.000377288,1,0.000323452,3.83899e-05,0.0003188,1,
1790217240,-0.000156728,0,0.00027235,-0.00017912,0.00062754,0.472939,6.76486e-05,6.60065e-05,0.037573,-0.000974831,-0.000738813,-0.00038747,-0.0001668,-3.97177e-05,0.000109564,0.000369897,0.000683377,0.000894104,6.79898e-05,7.19617e-05,7.92556e-05,6.00004e-05,7.72626e-05,8.61016e-05,6.2999e-05,6.1895e-05,-0.000456252,0.000382722,1.22211e-05,-0.000493676,0.000466772,1.98734e-05,0.491297,-0.00107831,-0.000417552,0.00040797,0.00105534,1790217000,-0.000506712,0.00049606,3.72291e-05,1,-0.000409756,0.000363659,0,1,-0.000347583,0.000350992,2.47081e-05,1,-0.000366493,0.000389784,1.39643e-05,1,
1790217300,-0.000194078,0,0,-0.000391928,0.000621628,0.479295,7.36966e-05,7.07404e-05,0.0382092,-0.000894084,-0.000672761,-0.000354142,-0.000137741,-2.7365e-05,0.000107288,0.000352923,0.000672057,0.000860124,7.4058e-05,7.68434e-05,7.95466e-05,6.39875e-05,8.11828e-05,8.66601e-05,7.0138e-05,7.15322e-05,-0.00042438,0.00034878,0,-0.000448119,0.000399448,0,0.494189,-0.000953761,-0.000376628,0.000369644,0.000944785,1790217300,0.00046578,2.10758e-05,0.000399415,1,0.000501559,2.39091e-05,0.000441844,1,-0.000352048,0.000350279,2.69548e-05,1,0.00035669,4.37152e-06,0.000377723,1,
1790217360,5.5988e-05,0,0.000291103,-0.000373334,0.000615992,0.469845,5.84178e-05,5.93076e-05,0.0418114,-0.000878232,-0.000662439,-0.000345815,-0.000152857,-3.89207e-05,9.26103e-05,0.000338541,0.000649301,0.000839048,6.48892e-05,6.62716e-05,6.73599e-05,4.72859e-05,7.07125e-05,7.18527e-05,5.65092e-05,5.19109e-05,-0.000411634,0.000316036,2.30505e-06,-0.000442827,0.000376107,0,0.487217,-0.000948746,-0.000377299,0.00036029,0.000951376,1790217300,0.000389461,2.78825e-05,0.000391621,1,0.00044783,0,0.000467815,1,-0.000419684,0.000484408,5.40547e-05,1,0.000351942,1.71751e-05,0.000365614,1,
1790217420,0.000134358,-3.73244e-06,0.000238847,-0.000257571,0.000609852,0.474351,6.50362e-05,6.77331e-05,0.0499298,-0.0008834,-0.000665365,-0.000353786,-0.000148957,-3.28279e-05,9.76029e-05,0.000343904,0.000640811,0.000828316,7.1805e-05,7.03576e-05,6.91943e-05,6.20319e-05,7.40785e-05,7.11652e-05,6.65687e-05,5.82377e-05,-0.000419702,0.000361635,1.83382e-05,-0.000481139,0.000455712,2.67809e-05,0.492202,-0.00101664,-0.00040791,0.000395195,0.00100903,1790217300,-0.000405579,0.000357314,1.17066e-05,1,-0.000438642,0.000363032,0,1,-0.000420601,0.000394763,3.43972e-05,1,-0.000444629,0.000439768,2.38592e-05,1,
1790217480,0.000421619,0,0.000522333,-0.000138091,0.000604022,0.4715,0.000123817,0.000125368,0.0625312,-0.000839559,-0.000637842,-0.000338357,-0.000147147,-3.39922e-05,8.76937e-05,0.000320039,0.000609528,0.000794939,0.000127064,0.000122344,0.000122092,0.000121171,0.000122254,0.000121248,0.000132066,0.00012116,-0.000397285,0.000328077,3.43139e-05,-0.000394152,0.000349747,1.40705e-05,0.493482,-0.000831154,-0.000331999,0.00031831,0.000830399,1790217300,-0.000412519,0.000410814,4.78635e-05,1,-0.00042431,0.000372671,0,1,-0.000388763,0.000352946,4.43392e-05,1,-0.000406475,0.000388705,4.44379e-05,1,
1790217540,-8.20712e-05,1.1191e-05,0.000108174,-0.000343252,0.000600917,0.47706,5.79635e-05,5.60873e-05,0.0658696,-0.000872846,-0.000662152,-0.000342811,-0.000140939,-2.76527e-05,9.52936e-05,0.000333428,0.00062772,0.000827885,6.36984e-05,6.3846e-05,5.94956e-05,4.87241e-05,6.9162e-05,6.17501e-05,6.01223e-05,5.67997e-05,-0.000406792,0.000359635,2.44935e-05,-0.000374833,0.000371938,2.84754e-05,0.497081,-0.000809132,-0.000312723,0.000305686,0.000816054,1790217300,0.000342457,1.70742e-05,0.00037239,1,-0.000440584,0.000418959,2.18993e-06,1,-0.000365392,0.000372044,1.41455e-05,1,0.00038347,1.48418e-05,0.000377098,1,
1790217600,0.000846502,4.10364e-05,0.000924776,4.10364e-05,0.00059499,0.47164,0.000272553,0.000281921,0.0875663,-0.000803906,-0.00061216,-0.000315683,-0.000129291,-3.25936e-05,8.47126e-05,0.000308935,0.000577476,0.000755852,0.00025605,0.000254987,0.000264333,0.000298892,0.000248526,0.000260676,0.000277391,0.000274803,-0.000375502,0.000304128,0,-0.000354741,0.000326173,5.11663e-07,0.495455,-0.000735699,-0.000289297,0.000285652,0.000752995,1790217600,0.000376231,1.81547e-05,0.000348521,1,0.000372628,8.7413e-06,0.000355398,1,-0.000387607,0.000398023,5.43837e-05,1,-0.000359214,0.000356901,3.36915e-05,1,
1790217660,0.000462104,0,0.000499361,-9.3192e-05,0.000601053,0.469759,0.000137795,0.000137828,0.0551907,-0.00093653,-0.000710765,-0.000367918,-0.000147933,-3.68776e-05,8.74741e-05,0.0003436,0.000654046,0.000849623,0.000137764,0.000133347,0.000133115,0.00013223,0.000128785,0.00013275,0.00014792,0.000140493,-0.000429399,0.000353841,0,-0.000417165,0.000399405,3.35317e-05,0.497135,-0.000908408,-0.000354629,0.000343702,0.000919085,1790217600,0.000329109,1.5433e-05,0.000335994,0,0.000365631,5.4118e-05,0.000322919,1,0.000340882,3.83305e-05,0.000364146,1,0.000393572,8.02032e-06,0.000424697,1,
1790217720,0.000257046,3.72571e-05,0.000257046,-7.07924e-05,0.00059859,0.462884,8.92998e-05,9.02176e-05,0.0637721,-0.000911278,-0.000707546,-0.000355792,-0.000153857,-4.46653e-05,7.80687e-05,0.000325597,0.000620236,0.000813318,9.18277e-05,8.9248e-05,8.72345e-05,7.52336e-05,8.80977e-05,8.79892e-05,9.43252e-05,9.8376e-05,-0.000412215,0.000286059,0,-0.00040179,0.000353967,2.6114e-05,0.496574,-0.000874547,-0.000341118,0.000327022,0.000878973,1790217600,0.000397385,2.31136e-05,0.000406208,1,0.000363893,1.66694e-06,0.000334907,0,0.000342224,7.81211e-05,0.000332069,1,0.000360536,1.88385e-05,0.000362879,1,
1790217780,0.000126636,-3.72483e-06,0.000126636,-3.72483e-06,0.000593688,0.476154,6.22984e-05,6.26019e-05,0.0812911,-0.000841974,-0.000651166,-0.000323486,-0.00012551,-2.6825e-05,8.80414e-05,0.000311289,0.000588194,0.000758847,6.99683e-05,6.694e-05,6.36721e-05,4.98849e-05,6.96283e-05,6.33458e-05,6.12344e-05,6.9104e-05,-0.000382081,0.000273886,0,0.000369278,0,0.000337964,0.501022,-0.000783678,-0.000302183,0.000301914,0.000807891,1790217600,0.000380157,1.10134e-05,0.000372078,1,0.000399952,2.84603e-05,0.000365951,1,0.000326392,3.03265e-05,0.000341087,0,-0.00034589,0.000391386,6.89373e-06,1,
1790217840,0.000108,-1.48975e-05,0.000212266,-0.000294267,0.000587994,0.477899,5.44507e-05,5.41502e-05,0.106962,-0.000763158,-0.00056949,-0.000282197,-0.000101373,-2.19713e-05,7.97922e-05,0.00027502,0.000528238,0.000689136,6.77426e-05,6.46065e-05,5.88843e-05,4.15553e-05,6.67112e-05,5.82651e-05,5.07397e-05,6.00831e-05,-0.000335049,0.000186136,0,0.000307641,0,0.000251488,0.50127,-0.000633673,-0.000237134,0.000232691,0.000642566,1790217600,-0.000341175,0.000343831,8.03812e-06,1,-0.000376248,0.000400822,0,1,-0.000359392,0.00040775,3.59473e-05,1,0.000339037,2.37804e-05,0.00034986,0,
1790217900,0.000126606,2.23435e-05,0.000271811,-7.07576e-05,0.000582285,0.492165,6.06893e-05,5.97964e-05,0.137948,-0.000832331,-0.000623803,-0.000323318,-0.000107685,-9.45288e-06,0.000110479,0.00033173,0.000603941,0.000771854,6.98022e-05,6.56055e-05,5.9731e-05,5.58948e-05,6.51932e-05,5.77628e-05,6.21619e-05,6.35635e-05,-0.000393796,0.000383802,0,0.000429839,0,0.000457656,0.50417,-0.000914883,-0.000356193,0.000366453,0.000933942,1790217900,-0.000294889,0.000261833,0,1,-0.000363859,0.00034179,0,1,-0.000356289,0.000379567,2.76175e-05,1,-0.000377858,0.000384982,1.82624e-05,1,
1790217960,-6.70249e-05,0,0.0002755,-0.000234607,0.00057671,0.486934,4.80983e-05,4.69448e-05,0.149895,-0.000728033,-0.000557707,-0.000275929,-0.000100933,-1.39366e-05,9.50368e-05,0.0002786,0.000522667,0.000690006,6.30137e-05,5.94462e-05,5.09826e-05,3.82956e-05,6.38068e-05,5.10779e-05,4.38277e-05,5.04405e-05,-0.000333056,0.000288889,0,0.00033182,0,0.000337411,0.50077,-0.000702866,-0.00026594,0.000271202,0.000725276,1790217900,-0.000446544,0.000421217,9.2865e-06,1,-0.000295264,0.000257111,2.19223e-06,1,-0.000336268,0.000335677,2.88752e-05,1,-0.000360612,0.000349836,4.42245e-05,1,
1790218020,0.000863532,0.000107982,0.000882135,0.000107982,0.000570993,0.48996,0.000292952,0.000298205,0.150849,-0.00070373,-0.000535416,-0.000266401,-9.36801e-05,-1.11822e-05,0.000102046,0.000283042,0.000525158,0.000688729,0.000261731,0.000265975,0.000293652,0.000319916,0.000247799,0.000290397,0.000301337,0.000281095,-0.000331619,0.000314648,2.75678e-05,0.000321378,0,0.000350551,0.505224,-0.000674668,-0.000248125,0.000271595,0.000713717,1790217900,-0.000337122,0.000327036,0,1,-0.00037392,0.000374712,8.56957e-05,1,-0.000292664,0.000280702,1.47075e-06,1,-0.000332912,0.000325487,4.82052e-05,1,
1790218080,-0.000334902,-3.72052e-06,4.46452e-05,-0.000372121,0.000578296,0.484088,9.11326e-05,9.34522e-05,0.0836699,-0.000836342,-0.000613698,-0.000311481,-0.000111871,-1.79599e-05,9.7225e-05,0.000304069,0.000570879,0.000766915,9.8609e-05,9.60891e-05,9.35709e-05,9.31566e-05,0.00011168,9.64085e-05,8.41556e-05,9.34607e-05,-0.000369971,0.000325819,2.11295e-05,0.000383876,0,0.000426579,0.500379,-0.000846062,-0.000321234,0.000322586,0.000871207,1790217900,-0.000337602,0.00034515,0,1,-0.000341341,0.000338739,0,1,0.000383448,2.16486e-05,0.000414394,1,-0.000275772,0.000264375,4.47287e-05,1,
1790218140,-0.000420647,1.48869e-05,0.000189792,-0.000521182,0.000574439,0.484141,0.00011687,0.000118268,0.0681424,-0.000761332,-0.00057801,-0.000285246,-0.000101967,-1.79296e-05,9.74242e-05,0.000287676,0.000540184,0.000721961,0.000116838,0.000117628,0.000117308,0.00011683,0.000131901,0.000119866,0.000109006,0.000119906,-0.000344063,0.000275707,0,-0.000353032,0.000300477,0,0.499008,-0.000773184,-0.000284713,0.000298879,0.000811157,1790217900,-0.000388449,0.000387712,1.71113e-05,1,-0.000345967,0.000361221,0,1,-0.000325293,0.000348883,7.88657e-06,1,-0.000356015,0.000374297,7.44636e-05,1,
1790218200,0.000256877,6.70176e-05,0.000368541,-4.09574e-05,0.000571769,0.491848,7.88932e-05,7.82706e-05,0.0604025,-0.000767258,-0.000572118,-0.000290831,-0.000100254,-9.96918e-06,0.000111553,0.000309768,0.000579266,0.000746297,9.1513e-05,8.61512e-05,8.27191e-05,7.48634e-05,8.24996e-05,7.98309e-05,7.96543e-05,7.56223e-05,-0.000362328,0.000363158,0,0.000388286,0,0.00039174,0.509092,-0.000842333,-0.000304834,0.000347214,0.000892235,1790218200,-0.000375883,0.000367951,0,1,0.000383099,2.2533e-05,0.000361985,1,-0.000327064,0.000366991,1.91521e-05,1,-0.000319009,0.000344049,2.91443e-05,1,
1790218260,-0.000379754,0,0.000241925,-0.000379754,0.000567187,0.489223,0.000105463,0.000106471,0.0639792,-0.000726898,-0.000546508,-0.000285578,-0.000102723,-1.15457e-05,9.78567e-05,0.000288129,0.000533815,0.00069786,0.000105776,0.000106254,0.000105946,0.000105502,0.000119092,0.000108069,9.81267e-05,0.00010843,-0.000344464,0.000297448,2.61067e-05,0.000361059,0,0.00038719,0.504488,-0.000780581,-0.000289736,0.000310715,0.000820558,1790218200,-0.000396231,0.000404629,1.58751e-05,1,-0.000376413,0.000353419,0,1,-0.000350853,0.000397672,3.49226e-05,1,-0.000331608,0.000377968,2.16723e-05,1,
1790218320,-0.000361272,-3.72379e-06,0.000182449,-0.000361272,0.000564049,0.483199,0.000101145,0.000101258,0.0652154,-0.000745267,-0.000551889,-0.000285129,-0.000104766,-1.94347e-05,9.84946e-05,0.000290454,0.000543992,0.000714021,0.000102551,0.000101055,0.000100733,0.00010029,0.000110237,0.000102836,9.46984e-05,0.000105948,-0.000345871,0.000329897,4.95804e-05,0.000379388,0,0.000419694,0.502819,-0.000836149,-0.000306211,0.000330746,0.00086579,1790218200,-0.000364152,0.000324147,4.73115e-05,1,-0.000409894,0.000373156,1.58712e-05,1,-0.000355331,0.000346485,1.13523e-05,1,-0.000368999,0.000367976,3.19134e-05,1,
1790218380,0.00021231,2.23505e-05,0.000264449,-7.078e-05,0.000560713,0.484096,7.05432e-05,7.03936e-05,0.0679331,-0.000732421,-0.000540144,-0.000287185,-0.000105182,-1.88104e-05,0.000101706,0.000288911,0.000545516,0.00070825,8.41677e-05,7.7456e-05,7.31336e-05,6.552e-05,7.55714e-05,7.02997e-05,7.3267e-05,6.73512e-05,-0.000345812,0.000333847,2.72611e-05,0.000347805,0,0.000357301,0.503696,-0.000754954,-0.000275278,0.000302524,0.000789044,1790218200,-0.00039974,0.000384201,0,1,-0.000367092,0.000341661,2.46951e-05,1,-0.000370274,0.000327961,1.22186e-05,1,-0.00034443,0.000341463,4.3728e-05,1,
1790218440,0.000461711,-4.46931e-05,0.000498937,-4.84176e-05,0.000555889,0.482405,0.000133485,0.000132305,0.0675066,-0.000700731,-0.000527503,-0.000281271,-0.000107828,-1.95517e-05,9.37897e-05,0.000272072,0.000520294,0.000675141,0.000137807,0.000132577,0.000132011,0.000135954,0.000123977,0.000130443,0.000140262,0.000132833,-0.000332984,0.000281609,2.81876e-05,0.000325569,0,0.000340303,0.502248,-0.000699844,-0.000259891,0.000273218,0.000727001,1790218200,-0.0003585,0.000361809,0,1,-0.000386466,0.000367027,3.48783e-05,1,-0.000343559,0.000320209,2.13144e-06,1,-0.000370756,0.000393363,4.27725e-05,1,
1790218500,-0.00029413,-7.81781e-05,0,-0.000536201,0.000554162,0.482998,8.05885e-05,8.08616e-05,0.0572567,-0.000738677,-0.000562268,-0.000292615,-0.000111213,-1.92853e-05,9.63637e-05,0.000276785,0.000525797,0.000695556,9.13473e-05,8.67821e-05,8.30143e-05,8.1742e-05,9.6546e-05,8.39787e-05,7.60541e-05,8.31658e-05,-0.000343132,0.000288178,3.29794e-05,0.000346787,0,0.000389003,0.502231,-0.000771448,-0.000285068,0.000294476,0.000790891,1790218500,-0.000330498,0.000295819,2.86081e-05,1,-0.00036937,0.000341007,2.53091e-06,1,-0.000371948,0.000324853,0,1,-0.000349241,0.000352651,4.91218e-05,1,
1790218560,3.72371e-06,-5.58573e-05,0.00016383,-8.19251e-05,0.000550167,0.484982,4.60143e-05,4.60143e-05,0.0615993,-0.000709423,-0.000534263,-0.000286173,-0.0001111,-1.76028e-05,0.00010181,0.000281286,0.000529348,0.000692085,6.21158e-05,5.32652e-05,4.7783e-05,3.9074e-05,5.60655e-05,4.62396e-05,4.83321e-05,4.45433e-05,-0.000340982,0.000313815,2.30914e-05,0.000353161,0,0.000370061,0.503232,-0.000765686,-0.000283652,0.000306717,0.000799231,1790218500,-0.000377963,0.000316437,0,1,-0.000335555,0.000318658,5.1736e-06,1,-0.000347275,0.000314458,0,1,-0.000368734,0.00037102,4.36167e-05,1,
1790218620,-9.30969e-05,-3.72371e-06,0.000305297,-0.000100545,0.000544638,0.487267,4.5979e-05,4.49381e-05,0.0692201,-0.000646429,-0.000484578,-0.000260423,-9.72192e-05,-1.27299e-05,8.94204e-05,0.00025717,0.000481024,0.000626471,6.47644e-05,5.63817e-05,4.97746e-05,3.79745e-05,5.94867e-05,5.04623e-05,4.22236e-05,4.66483e-05,-0.000310862,0.000238791,0,0.000307777,0,0.000294561,0.503008,-0.000659264,-0.0002434,0.000256874,0.00067519,1790218500,-0.000357501,0.000321248,0,1,-0.000349904,0.000375315,0,1,-0.000321616,0.0003085,0,1,-0.000356838,0.000377895,5.76807e-06,1,
1790218680,7.44782e-05,-3.72405e-06,0.000145227,-0.000163872,0.000539325,0.483103,4.55431e-05,4.49798e-05,0.0804864,-0.000644416,-0.000480169,-0.000258293,-9.40878e-05,-1.7258e-05,8.7033e-05,0.000253657,0.000472994,0.000619548,6.59507e-05,5.56097e-05,4.80981e-05,3.92438e-05,5.17928e-05,4.90474e-05,4.70876e-05,4.34799e-05,-0.00030757,0.000254492,1.93953e-05,0.000318443,0,0.000342328,0.500346,-0.000694479,-0.000256664,0.000268918,0.000706015,1790218500,-0.000322424,0.000267606,0,1,-0.000384348,0.000360542,2.64527e-06,1,-0.000347604,0.00034675,0,1,-0.000332944,0.000336714,2.31047e-05,1,
1790218740,-0.000104271,0,9.30899e-05,-0.000204828,0.000534008,0.488408,4.62136e-05,4.59406e-05,0.0912279,-0.000622596,-0.000465199,-0.000253636,-9.07022e-05,-1.10957e-05,8.67593e-05,0.000249488,0.00047657,0.000624736,6.51583e-05,5.54718e-05,4.73589e-05,4.05661e-05,5.78812e-05,5.04756e-05,4.39658e-05,4.81339e-05,-0.000302284,0.000254041,0,0.000306696,0,0.000309329,0.503256,-0.000657182,-0.000242048,0.000260918,0.000689909,1790218500,-0.000348994,0.000283991,0,1,-0.000338567,0.000292232,0,1,-0.000360286,0.000314494,0,1,-0.000351106,0.000353646,2.97044e-05,1,
1790218800,0.000394683,1.48965e-05,0.000506357,1.48965e-05,0.000528847,0.48207,0.000115958,0.000115294,0.0939313,-0.000693563,-0.000536015,-0.000304529,-0.000115823,-1.88373e-05,8.83378e-05,0.000268807,0.000519801,0.00066805,0.000119336,0.000113508,0.000112841,0.000113011,0.000103327,0.000111509,0.000123771,0.000117359,-0.000347038,0.000355185,5.7136e-05,-0.00031684,0.000292538,4.45523e-05,0.495135,-0.0006665,-0.000269037,0.000258681,0.000681799,1790218800,-0.000329551,0.000256086,0,1,-0.000352609,0.000317327,7.78336e-06,1,-0.000334302,0.000279398,0,1,-0.000373208,0.000364852,2.70479e-05,1,
1790218860,0.000647538,0.000111674,0.000699621,0.000111674,0.000526499,0.487864,0.000200861,0.000202544,0.0761886,-0.000647127,-0.000481247,-0.000253378,-9.31132e-05,-1.15819e-05,8.59599e-05,0.000252224,0.000476803,0.000640027,0.000189415,0.000189484,0.000198405,0.000227123,0.000176899,0.000193496,0.000209107,0.000197245,-0.000303477,0.000256729,6.4504e-06,0.000299541,0,0.000317121,0.501256,-0.000664355,-0.000239266,0.000253934,0.000687747,1790218800,-0.000411172,0.000299481,0,0,-0.000351032,0.000312273,0,1,-0.000345309,0.000289939,0,1,-0.000329034,0.000333481,8.12165e-06,1,
1790218920,0.000200875,-3.72029e-06,0.000617376,-8.55701e-05,0.000529191,0.479218,7.02174e-05,6.90003e-05,0.056845,-0.000713396,-0.000527649,-0.000287666,-0.000113817,-2.08993e-05,8.17828e-05,0.000268654,0.000509531,0.000686316,8.20849e-05,7.19484e-05,6.9232e-05,5.91474e-05,5.71088e-05,6.81128e-05,7.4645e-05,7.72429e-05,-0.000335635,0.000258984,3.05386e-06,-0.000338527,0.000289559,3.47973e-05,0.497619,-0.000760307,-0.000282088,0.000286387,0.000784811,1790218800,-0.000354932,0.000284711,0,1,-0.0004346,0.000365853,0,0,-0.000328007,0.000292754,0,1,-0.000347092,0.000343989,9.12958e-06,1,
1790218980,0.000107861,7.43904e-06,0.000699028,7.43904e-06,0.000524642,0.494401,5.39749e-05,5.27489e-05,0.0555209,-0.000742963,-0.000552906,-0.000290169,-0.000106749,-6.91616e-06,0.000112514,0.000296632,0.000545031,0.000720093,6.75375e-05,5.58791e-05,5.25846e-05,4.8984e-05,4.63708e-05,5.19374e-05,5.89379e-05,5.94256e-05,-0.000352763,0.000334731,3.40593e-05,0.000361352,0,0.000405517,0.501596,-0.000806818,-0.000297367,0.000313414,0.000829756,1790218800,-0.00038768,0.000315495,0,1,-0.000342509,0.00033762,0,1,-0.000384242,0.000318484,0,1,-0.000334581,0.00032884,2.32203e-05,1,
1790219040,-0.00050593,-7.43829e-06,-7.43829e-06,-0.000587795,0.000519593,0.495647,0.000141288,0.000142985,0.0537701,-0.000715895,-0.000527405,-0.000282991,-0.000100678,-5.36412e-06,0.000108689,0.000300309,0.000546219,0.000713252,0.00014073,0.000141577,0.000141262,0.000141057,0.000169129,0.000142539,0.000132814,0.000145633,-0.000351238,0.000338077,2.93285e-05,0.000351497,0,0.000384134,0.506924,-0.000775737,-0.000281308,0.000311066,0.000808232,1790218800,-0.000415804,0.000366131,0,1,-0.000376014,0.000373215,0,1,0.000333078,0,0.00028043,1,-0.000333502,0.000340323,9.36583e-06,1,
1790219100,-0.000495017,7.442e-06,7.06968e-05,-0.000495017,0.000519323,0.496861,0.000139884,0.000140761,0.050908,-0.000684984,-0.000499092,-0.000263574,-9.30869e-05,-3.8336e-06,0.000101581,0.000282697,0.000534656,0.000716438,0.000137349,0.000138449,0.000138131,0.000141201,0.000155334,0.000139669,0.000135362,0.000149321,-0.000329261,0.000337004,2.28027e-05,0.000340156,0,0.000332406,0.506389,-0.000752402,-0.000262932,0.000307913,0.000809074,1790219100,-0.000395224,0.000346954,0,1,-0.000413678,0.000399878,0,1,-0.000363259,0.000329805,0,1,-0.000339857,0.00033777,0,1,
1790219160,-0.000808186,8.18995e-05,0.000279175,-0.000808186,0.000518848,0.49116,0.000269085,0.000273034,0.0546602,-0.000695027,-0.000503019,-0.000269273,-9.95916e-05,-9.24337e-06,9.63335e-05,0.000283073,0.000547111,0.000715558,0.000231038,0.000254231,0.000259605,0.000285175,0.00028141,0.00026083,0.000259463,0.000280345,-0.000332334,0.000332822,2.58407e-05,0.000338074,0,0.000329499,0.506642,-0.000750497,-0.000259908,0.000307585,0.00080538,1790219100,-0.000408326,0.000304266,0,0,-0.000409986,0.000364386,3.1037e-06,0,-0.000406564,0.000335736,0,1,-0.000373316,0.000339655,1.05644e-05,1,
1790219220,-0.000655967,-2.60814e-05,-2.60814e-05,-0.000711894,0.000526196,0.495939,0.000191099,0.000191935,0.0706899,-0.000836002,-0.000592156,-0.000317203,-0.000119988,-5.03684e-06,0.000116984,0.000333419,0.000639398,0.000819847,0.000181571,0.000188966,0.00018493,0.000192759,0.000191683,0.000188005,0.000185223,0.000202336,-0.000391532,0.000411389,7.77879e-05,0.000386539,0,0.000438103,0.508319,-0.000856109,-0.000299365,0.000351573,0.000892423,1790219100,-0.00040901,0.000294964,0,0,-0.000408229,0.000329856,1.00293e-06,0,-0.000397249,0.000308307,0,0,-0.000400007,0.000378397,1.5604e-05,0,
1790219280,-2.98269e-05,0,0.000372762,-0.000171517,0.000529104,0.492974,5.32592e-05,5.20599e-05,0.0876655,-0.000798743,-0.000586041,-0.000315059,-0.00012044,-8.53895e-06,0.00011377,0.000329251,0.000637126,0.000817579,6.12701e-05,5.12648e-05,5.64036e-05,4.09689e-05,5.42073e-05,5.64855e-05,5.40134e-05,5.91536e-05,-0.000387558,0.000367363,4.29972e-05,0.000370739,0,0.000389264,0.506088,-0.000826517,-0.000286555,0.000338895,0.000879298,1790219100,-0.000443528,0.00034056,0,1,-0.000406769,0.000316915,2.75352e-06,0,-0.00036556,0.000289107,0,0,-0.000399687,0.000378009,1.4474e-05,0,
1790219340,0.000309411,2.98269e-05,0.000607548,-0.000305777,0.000523803,0.487128,8.96638e-05,8.99199e-05,0.0820967,-0.000783722,-0.00057834,-0.000311444,-0.000121453,-1.49253e-05,0.000103124,0.000312554,0.000593964,0.000771532,0.000100475,8.98871e-05,9.20751e-05,8.92953e-05,9.12303e-05,8.94134e-05,9.57876e-05,8.70684e-05,-0.00037448,0.000340898,8.11399e-05,0.000378778,0,0.000447741,0.501429,-0.000840822,-0.000305332,0.000335062,0.000873781,1790219100,-0.000435043,0.00031568,0,1,-0.000415942,0.000367118,4.98132e-05,1,-0.000362048,0.000289883,0,1,-0.00036004,0.000332209,4.46324e-05,0,
1790219400,-0.000350425,-3.72728e-06,2.98177e-05,-0.000428728,0.000520382,0.485451,9.75842e-05,9.6584e-05,0.0691474,-0.000832758,-0.000614651,-0.000330739,-0.000129532,-1.78881e-05,0.000107146,0.000319745,0.000614253,0.000811768,0.000100738,9.80369e-05,9.77442e-05,9.74214e-05,9.96408e-05,0.00010012,9.36948e-05,0.000104335,-0.000391532,0.000387086,0.000111623,-0.000400439,0.000351488,9.46274e-05,0.499409,-0.000883323,-0.000326944,0.00034826,0.000914603,1790219400,-0.000425653,0.000326108,0,1,-0.000421681,0.000348415,1.7126e-05,1,-0.000388863,0.000332507,0,1,-0.000360062,0.000339758,2.92129e-05,1,
1790219460,-0.000712411,-7.83031e-05,0.000108123,-0.000712411,0.00051753,0.481807,0.000212887,0.000212226,0.0749674,-0.000767642,-0.000573047,-0.000307546,-0.000119591,-2.07796e-05,9.55075e-05,0.000295815,0.000567804,0.000756363,0.000196809,0.000212014,0.000210618,0.000227563,0.000209119,0.000214605,0.000204598,0.000214838,-0.000363302,0.000350752,4.33788e-05,-0.000346675,0.000285113,0,0.49897,-0.000777234,-0.000277943,0.000306045,0.000815913,1790219400,-0.000437337,0.000358359,0,1,-0.00042326,0.00037801,8.582e-06,1,-0.000384294,0.000331802,0,1,-0.000398618,0.000387179,2.46253e-05,1,
1790219520,-0.000440382,0,6.71599e-05,-0.000548642,0.000522141,0.489192,0.00012643,0.000123837,0.0937301,-0.000837308,-0.000618629,-0.000321661,-0.000119089,-1.34907e-05,0.000113417,0.000328519,0.00061443,0.00080709,0.000121178,0.000122988,0.000122653,0.000122349,0.000116691,0.000125628,0.000130844,0.000131,-0.000390766,0.000438338,4.32616e-05,0.000378191,0,0.000380834,0.507859,-0.000844801,-0.000293631,0.0003451,0.0008796,1790219400,-0.00040493,0.000323288,0,1,-0.000445662,0.000429932,0,1,-0.000414318,0.000360757,0,1,-0.0003904,0.000379397,1.58074e-05,1,
1790219580,0.000369486,0,0.000694074,-3.73288e-06,0.000520631,0.483849,0.000105411,0.00010721,0.106245,-0.000806349,-0.000594637,-0.000319043,-0.0001235,-1.97571e-05,0.00010465,0.000313817,0.000606832,0.000796404,0.000112776,0.000106627,0.000106892,0.000106151,0.000116575,0.000105807,0.000102933,0.000103897,-0.000380341,0.000389825,3.62283e-05,0.000358735,0,0.000356602,0.501346,-0.000793093,-0.000281754,0.00032177,0.000829119,1790219400,-0.000452283,0.000360202,0,1,-0.000414655,0.000351072,0,1,-0.00042211,0.000377583,0,1,-0.000418569,0.000413395,0,1,
1790219640,0.00211352,-7.46302e-06,0.00239276,-7.46302e-06,0.000518041,0.482722,0.000903095,0.000910946,0.0782539,-0.000817795,-0.000612112,-0.00033081,-0.00012762,-2.03747e-05,9.96219e-05,0.00031456,0.000589759,0.000770426,0.000871766,0.000908997,0.000899278,0.000922082,0.00091496,0.000901215,0.000890364,0.000900863,-0.000388689,0.000382768,8.12967e-05,-0.00037428,0.000326782,4.86888e-05,0.496154,-0.000833602,-0.000309032,0.000322073,0.000843204,1790219400,-0.000420629,0.000296326,0,0,-0.000432673,0.000371339,0,0,-0.000391262,0.000314547,0,1,-0.000448551,0.000414773,0,1,
1790219700,-0.000655572,0,0.000930472,-0.000726369,0.000593581,0.481,0.000179776,0.000177415,0.329953,-0.00140636,-0.00104298,-0.000574158,-0.000214286,-3.83232e-05,0.000165757,0.000508059,0.000984799,0.00139494,0.000180822,0.000182965,0.000182735,0.000182249,0.000199163,0.000191761,0.000175926,0.00017495,-0.00065487,0.000727764,0.000180472,-0.000639757,0.000686849,0.00025923,0.48769,-0.0013354,-0.000528567,0.00051015,0.00136768,1790219700,-0.000425878,0.000317602,0,0,-0.000415724,0.000336562,0,0,-0.000406043,0.000335511,0,1,-0.000386414,0.000356269,0,1,
1790219760,-0.000372675,-3.72607e-06,0.000115501,-0.000521785,0.000594884,0.485587,0.000117819,0.000116662,0.267053,-0.0012764,-0.000944529,-0.000504587,-0.000193349,-2.77019e-05,0.000166879,0.000480385,0.000889883,0.00121105,0.000104299,0.000104912,0.000122848,0.00011299,0.000120717,0.000131393,0.000121554,0.000111271,-0.000592963,0.000608911,8.86384e-05,-0.000579961,0.000631598,0.000107237,0.49901,-0.00124879,-0.00046685,0.000488682,0.0012428,1790219700,-0.000759741,0.000653164,0,1,-0.000406134,0.00037549,0,1,-0.000368323,0.000313581,0,1,-0.000393546,0.000393603,1.04883e-05,1,
1790219820,-0.000231129,-7.45493e-06,-7.45493e-06,-0.000283326,0.000591259,0.489386,8.98529e-05,8.80989e-05,0.192892,-0.00107801,-0.000802674,-0.000434972,-0.000155136,-1.78283e-05,0.000152508,0.000433528,0.000819578,0.00107877,8.04744e-05,8.08653e-05,9.57911e-05,7.92448e-05,9.14144e-05,9.96383e-05,9.60651e-05,8.61958e-05,-0.000521238,0.000524583,0,0.000488694,0,0.000409447,0.502514,-0.00104581,-0.000387179,0.000430733,0.00109387,1790219700,0.000625286,0,0.000426013,1,0.000625899,7.21745e-05,0.000573559,1,-0.000386207,0.000343977,0,1,-0.000369664,0.000360599,7.91736e-06,1,
1790219880,7.82915e-05,0,0.000219946,-1.86417e-05,0.000586228,0.478007,6.68581e-05,6.75811e-05,0.140061,-0.000996231,-0.000735462,-0.000399915,-0.000161817,-3.32045e-05,0.00012012,0.000381106,0.000727971,0.00096594,6.63999e-05,6.38271e-05,8.11247e-05,5.27097e-05,7.24813e-05,7.85171e-05,6.56505e-05,6.47e-05,-0.000470711,0.00039897,0,-0.000423874,0.000329068,0,0.487003,-0.000926855,-0.000350162,0.000357347,0.000956764,1790219700,-0.000509387,0.000426317,0,1,0.000570422,3.34112e-05,0.000583812,1,0.000602448,6.25771e-05,0.000605631,1,-0.000393506,0.000374789,0,1,
1790219940,-0.000156589,0.0001342,0.000529239,-0.000156589,0.000580442,0.477898,6.77053e-05,6.56035e-05,0.113195,-0.000955431,-0.000710265,-0.000391621,-0.000157466,-3.08417e-05,0.000111023,0.000361163,0.000679868,0.000903627,6.78001e-05,6.72939e-05,7.89341e-05,5.98866e-05,7.35615e-05,7.69764e-05,6.62549e-05,6.54682e-05,-0.000454465,0.000386708,1.03399e-05,-0.000421211,0.000315161,0,0.489029,-0.000920884,-0.000355116,0.000347083,0.000909851,1790219700,-0.000477089,0.000296906,0,1,-0.000558819,0.000413146,0,1,-0.000590314,0.000516254,6.85914e-06,1,-0.000611763,0.000557325,0,1,
1790220000,-0.000563178,-0.00013051,-0.00013051,-0.000615409,0.000575035,0.475278,0.000155959,0.000152138,0.103186,-0.000945674,-0.000706696,-0.000392294,-0.000156369,-3.53727e-05,0.000110008,0.000359375,0.000691171,0.000922184,0.000154555,0.000157141,0.000156859,0.000156373,0.000156854,0.000160866,0.000153486,0.000154359,-0.000454337,0.000422138,6.89025e-05,-0.000402095,0.000377097,2.04003e-05,0.49128,-0.000884689,-0.000333996,0.000340685,0.000885321,1790220000,-0.000436577,0.000305712,0,1,-0.000477923,0.000336271,0,1,-0.000472475,0.000394509,4.28043e-05,1,-0.00053847,0.000513086,4.41194e-05,1,
1790220060,-0.000242525,-3.73071e-06,2.98452e-05,-0.000242525,0.0005748,0.47545,7.85171e-05,7.5707e-05,0.0937411,-0.000840575,-0.000624677,-0.000347131,-0.000139604,-3.10825e-05,9.78244e-05,0.000324269,0.000631829,0.000844393,8.19583e-05,8.08916e-05,8.6834e-05,6.72281e-05,8.43385e-05,8.77491e-05,8.01806e-05,7.54062e-05,-0.000405504,0.000367281,0,-0.000366456,0.000335981,0,0.494011,-0.000795833,-0.000290362,0.00031484,0.000820465,1790220000,0.000441118,0,0.000329997,1,-0.000432691,0.000333519,0,1,-0.000406085,0.000346204,0,1,-0.000446927,0.000434861,2.6195e-05,1,
1790220120,-0.000391896,0,0.00021641,-0.000391896,0.000570056,0.470893,0.000110624,0.000105513,0.0978568,-0.000789216,-0.000585785,-0.000321056,-0.00013349,-3.38024e-05,8.46077e-05,0.000301345,0.000604946,0.000799007,0.000106785,0.000109404,0.000109255,0.000108741,0.000107379,0.000113018,0.000112649,0.000111138,-0.000376235,0.000296843,0,-0.000330044,0.000275717,0,0.490804,-0.000706554,-0.000256968,0.000275012,0.000741013,1790220000,-0.000411414,0.000322554,0,1,0.00043785,0,0.000388919,1,-0.000414649,0.000347759,0,1,-0.000374676,0.000333642,4.07731e-05,1,
1790220180,-0.00124389,-3.73314e-05,0.000126916,-0.00129622,0.000567042,0.467395,0.000459142,0.000456502,0.107749,-0.000829211,-0.000609206,-0.000346842,-0.000148071,-4.12214e-05,8.7472e-05,0.000313417,0.000618771,0.000828637,0.000421606,0.000448005,0.000436221,0.000493566,0.000423032,0.000442795,0.000458529,0.000461949,-0.000400395,0.000366975,3.14557e-05,-0.00037606,0.000348867,0,0.496064,-0.000821969,-0.000299089,0.000327478,0.00084223,1790220000,-0.000389145,0.000277841,0,0,-0.000415386,0.000355643,0,0,0.000416159,0,0.000392985,0,-0.000379176,0.000344749,2.02401e-05,0,
1790220240,-1.4951e-05,-6.35432e-05,0.00059412,-8.59712e-05,0.000588261,0.481999,6.79916e-05,6.71736e-05,0.0779216,-0.00106012,-0.000777564,-0.000409314,-0.000162278,-2.94135e-05,0.000136339,0.000442658,0.000809786,0.00106302,6.10787e-05,5.92278e-05,7.13777e-05,5.3096e-05,6.6793e-05,7.60767e-05,7.10182e-05,7.49563e-05,-0.00051302,0.000563983,3.60314e-05,0.000493988,6.4459e-05,0.000519208,0.505248,-0.00107951,-0.000383729,0.000444437,0.00109268,1790220000,-0.00041991,0.000327137,0,0,-0.000392235,0.00031513,0,0,-0.000370181,0.000367154,0,0,0.000413219,1.40886e-05,0.000378399,0,
1790220300,0.000246663,5.6065e-05,0.000526887,-2.99026e-05,0.000582352,0.479894,8.47554e-05,8.84242e-05,0.0714105,-0.00091212,-0.000678369,-0.000377348,-0.000147358,-2.74984e-05,0.0001116,0.000377782,0.000713448,0.000930421,9.10159e-05,8.6601e-05,9.33384e-05,7.99089e-05,9.49482e-05,9.39109e-05,7.97994e-05,8.123e-05,-0.000453094,0.000427662,1.12587e-05,-0.000453944,0.000423453,2.88854e-05,0.496589,-0.000986517,-0.000369849,0.000393355,0.000985046,1790220300,0.00053443,0,0.000423392,1,-0.000405552,0.000368135,0,1,0.000346598,0,0.00030338,1,0.000363526,1.18465e-05,0.000350588,1,
1790220360,-6.35285e-05,0,0.000212978,-0.000493386,0.000577554,0.469724,5.94252e-05,5.70187e-05,0.0624925,-0.000897484,-0.000669235,-0.000374991,-0.000150917,-4.00156e-05,9.44627e-05,0.000346272,0.000670093,0.000882746,6.23379e-05,6.03013e-05,6.60626e-05,5.10536e-05,6.48005e-05,7.04088e-05,5.88658e-05,5.6059e-05,-0.000435895,0.000408223,5.01795e-05,-0.000430235,0.000371606,3.72099e-05,0.489814,-0.000947952,-0.000361069,0.00036212,0.000939429,1790220300,-0.000457098,0.000372763,0,1,-0.000470842,0.000460981,3.88925e-05,1,-0.000374692,0.00038111,0,1,0.000331776,1.80746e-05,0.000313717,1,
1790220420,-0.000665423,2.98963e-05,3.36332e-05,-0.000829978,0.000571819,0.473076,0.000187354,0.000181621,0.0638053,-0.000881199,-0.000662289,-0.000368699,-0.000143715,-3.61354e-05,0.000100363,0.000344413,0.000679258,0.000885182,0.000182713,0.00018522,0.00018479,0.000186771,0.000178565,0.000189148,0.000192529,0.000194339,-0.000430727,0.000439862,1.40983e-05,-0.000448744,0.000424211,1.04029e-05,0.495882,-0.000961687,-0.00036584,0.000386464,0.000981159,1790220300,-0.000439628,0.000346367,0,1,-0.000448667,0.000407257,5.5134e-06,1,-0.000444658,0.000465576,1.99965e-05,1,0.000370454,2.21286e-05,0.000363014,1,
1790220480,-0.000134634,-7.47918e-06,0.000306598,-0.000157075,0.000573841,0.475785,6.57298e-05,6.2582e-05,0.0550287,-0.000929609,-0.000696056,-0.000367993,-0.000144407,-3.35488e-05,0.000107295,0.000355357,0.000691977,0.000917867,6.62992e-05,6.36525e-05,6.74537e-05,5.89817e-05,6.73985e-05,7.22305e-05,7.08462e-05,6.61644e-05,-0.00043554,0.000480505,1.53248e-06,-0.000446111,0.000451057,0,0.4984,-0.00097053,-0.000356011,0.000392548,0.000991687,1790220300,-0.000421429,0.000376909,0,1,-0.000417988,0.000411168,0,1,0.000426619,5.3095e-06,0.000449601,1,-0.000422134,0.000472933,2.67255e-05,1,
1790220540,0.000665513,0,0.000665513,-3.74009e-06,0.000568393,0.472613,0.00018613,0.000194741,0.0583295,-0.000836191,-0.000628509,-0.00034409,-0.000130743,-3.2929e-05,8.95825e-05,0.00033162,0.000639394,0.000837013,0.000195718,0.000189714,0.000190028,0.000202414,0.00019999,0.000189076,0.000181543,0.000181737,-0.000406782,0.000402517,0,-0.000370222,0.000343586,0,0.495032,-0.000800547,-0.000297109,0.000317321,0.000804613,1790220300,0.00044961,0,0.000373148,1,-0.000454614,0.000432242,0,1,0.000407232,1.66775e-05,0.000398499,1,0.000420192,4.25171e-05,0.000400629,1,
1790220600,-0.000564536,-7.47521e-06,-7.47521e-06,-0.000564536,0.000570497,0.472993,0.000159231,0.000153032,0.043746,-0.000904882,-0.00068167,-0.00037422,-0.000139314,-3.60082e-05,9.96035e-05,0.000342185,0.000661269,0.00086559,0.000154688,0.000157121,0.000156715,0.000156314,0.000151135,0.000161201,0.000163032,0.000160447,-0.000432764,0.000454316,1.71996e-05,-0.000436478,0.000423845,8.89421e-06,0.48945,-0.000958341,-0.000374996,0.000359303,0.000916877,1790220600,-0.00038881,0.000308125,0,1,-0.00044742,0.000410165,0,1,-0.000415847,0.000416471,2.76114e-05,1,-0.000400226,0.000407749,0,1,
1790220660,0.000504732,0,0.000743924,-0.000216926,0.000570379,0.468891,0.000143326,0.000148903,0.0415638,-0.000839539,-0.000631212,-0.00033952,-0.000134892,-3.83251e-05,8.71516e-05,0.000313862,0.000619862,0.000817965,0.000151168,0.000145077,0.000145512,0.000148315,0.000152202,0.000144598,0.000140485,0.000141564,-0.000395085,0.000361582,0,-0.000393798,0.000361146,0,0.487445,-0.000874557,-0.000326803,0.00033144,0.000864012,1790220600,-0.000475202,0.000361479,0,1,-0.000389061,0.000342399,0,1,-0.000401425,0.000401704,1.83958e-05,1,0.000422964,9.26117e-06,0.000426929,1,
1790220720,-0.00073288,0,7.4756e-06,-0.00078899,0.00056914,0.477857,0.000213766,0.000208062,0.0403147,-0.000887465,-0.000666931,-0.000370531,-0.000136267,-2.92264e-05,0.000105042,0.000345194,0.000659066,0.00086776,0.000201459,0.000209468,0.000206812,0.000215182,0.000198643,0.000207956,0.000220423,0.000220638,-0.000431643,0.000451104,0,-0.000445494,0.000447527,0,0.495735,-0.000964255,-0.000367502,0.000380476,0.000969421,1790220600,0.000411168,0,0.000292119,1,0.000362804,1.44904e-05,0.000392726,1,0.000357106,1.27036e-06,0.000359966,1,0.000394457,2.15656e-05,0.000405437,1,
1790220780,0.00010473,0,0.000130911,-0.000213234,0.000572874,0.473984,6.11297e-05,6.26528e-05,0.0361516,-0.000886306,-0.000670144,-0.000363188,-0.000134693,-3.47469e-05,0.000101105,0.000340956,0.000658365,0.000859802,6.76721e-05,6.3334e-05,6.74091e-05,5.22956e-05,7.00028e-05,7.31713e-05,5.79243e-05,6.04545e-05,-0.000424659,0.000425679,0,-0.000431457,0.000433966,0,0.490021,-0.000954741,-0.00035583,0.000368108,0.000940628,1790220600,0.000422228,0,0.000398281,1,0.000404807,0,0.000364694,1,0.00037564,0,0.000316007,1,0.000346569,3.74747e-05,0.000339064,1,
1790220840,0.000287951,1.87006e-05,0.000512271,1.87006e-05,0.000567309,0.483739,8.49028e-05,8.84579e-05,0.0397747,-0.000802524,-0.000609021,-0.00033563,-0.000119114,-1.95686e-05,0.000103041,0.000320762,0.000627999,0.000813266,9.77793e-05,9.17543e-05,9.29954e-05,8.37834e-05,9.88356e-05,9.46751e-05,7.77356e-05,8.11616e-05,-0.00039538,0.000382536,0,-0.000397988,0.000360024,0,0.494113,-0.000855035,-0.000325732,0.000338844,0.000865447,1790220600,0.000450411,0,0.000330131,1,0.000444855,0,0.000406528,1,-0.000367667,0.000307827,0,1,0.000356495,1.83436e-06,0.0003749,1,
1790220900,0.000130859,0,0.000493438,-0.00023185,0.000563082,0.472795,6.0397e-05,6.335e-05,0.0445475,-0.000815397,-0.000613919,-0.000343858,-0.000126086,-3.16623e-05,8.69759e-05,0.000299088,0.000582584,0.00077249,7.15797e-05,6.50286e-05,6.50482e-05,5.59093e-05,7.14233e-05,6.59121e-05,5.89485e-05,5.65512e-05,-0.00038929,0.000353441,2.32282e-05,-0.00039024,0.000339085,7.56059e-07,0.487604,-0.000864622,-0.000332609,0.000320056,0.000832146,1790220900,-0.000377382,0.000290382,0,1,0.000414907,0,0.000405975,1,-0.000386686,0.000357539,0,1,0.000352808,0,0.000357847,1,
1790220960,-0.000157033,6.35541e-05,0.000220553,-0.000157033,0.00055773,0.480145,6.49601e-05,6.20475e-05,0.0516051,-0.000824355,-0.000626877,-0.000349652,-0.000125283,-2.48748e-05,0.000102641,0.000311618,0.000602264,0.000799577,6.76633e-05,6.46085e-05,6.32208e-05,6.16838e-05,6.83184e-05,6.66964e-05,6.69539e-05,6.56985e-05,-0.000399699,0.000408178,2.13456e-05,-0.000411346,0.000407089,5.23598e-06,0.493498,-0.000895756,-0.000342395,0.00034854,0.000887665,1790220900,0.000383015,0,0.00031091,1,-0.000403727,0.000338201,0,1,-0.000377082,0.000330695,0,1,0.000400971,1.01177e-05,0.000402602,1,
1790221020,-5.60893e-05,7.47834e-06,0.00013834,-5.60893e-05,0.000552571,0.471606,4.96139e-05,4.71458e-05,0.0595576,-0.000746395,-0.000565684,-0.000312109,-0.000115875,-3.23819e-05,8.38724e-05,0.000276994,0.000550532,0.000726843,6.1993e-05,5.61558e-05,5.27368e-05,4.28756e-05,6.18633e-05,5.39334e-05,4.8141e-05,4.83995e-05,-0.000356929,0.000331183,0,-0.000347434,0.000308789,0,0.489488,-0.000759089,-0.00028595,0.000288634,0.00075482,1790220900,0.0003963,0,0.000340915,1,0.000363213,0,0.000350817,1,0.000348847,0,0.000317709,1,0.000355782,7.53001e-06,0.000386943,1,
1790221080,-7.47882e-06,-3.7394e-06,-3.7394e-06,-0.00134334,0.000547075,0.467648,4.3737e-05,4.38699e-05,0.0743504,-0.000703793,-0.000528968,-0.000287204,-0.000107543,-3.46065e-05,7.45506e-05,0.000256661,0.000507636,0.000672232,6.123e-05,5.3243e-05,4.81294e-05,3.57676e-05,5.97169e-05,4.86407e-05,4.09242e-05,4.31528e-05,-0.000329353,0.000299053,0,-0.000279881,0.000232669,0,0.490058,-0.000573645,-0.000213962,0.000215619,0.000568319,1790220900,0.000352713,0,0.000266607,1,0.000403589,0,0.000385927,1,0.00035286,7.69209e-06,0.000351091,1,0.000336888,1.3368e-05,0.000363476,1,
1790221140,-7.10515e-05,4.11328e-05,0.00016826,-0.000519915,0.000541577,0.482464,5.8886e-05,5.59013e-05,0.0980769,-0.000846032,-0.000647525,-0.000346183,-0.000128358,-2.28799e-05,0.000109764,0.000335942,0.000644008,0.000835806,6.26624e-05,5.54103e-05,4.92103e-05,6.61032e-05,5.95806e-05,5.0539e-05,6.48135e-05,5.74014e-05,-0.00041033,0.000480904,5.95417e-05,0.000387268,8.84027e-05,0.000439317,0.501761,-0.000825449,-0.000308383,0.000344013,0.000862162,1790220900,-0.000295011,0.000231119,0,1,-0.000363547,0.000321186,0,1,0.000373789,4.3581e-06,0.000397248,1,0.000345528,2.06787e-06,0.000351342,1,
1790221200,0.000426234,0.000142098,0.000497255,0.000108445,0.000536228,0.473299,0.000119989,0.000124856,0.129483,-0.000775631,-0.000592197,-0.000322658,-0.000117445,-3.22979e-05,9.08103e-05,0.000300688,0.000581793,0.000763072,0.000129102,0.000122835,0.000122345,0.000123365,0.000128303,0.000120482,0.000113951,0.000118867,-0.000376065,0.000429539,3.93988e-05,-0.000314145,0.000338549,4.08474e-06,0.498203,-0.00066049,-0.000244993,0.000269286,0.00068364,1790221200,-0.000387765,0.000338382,0,1,-0.000306145,0.000260644,0,1,0.000334628,0,0.00032684,1,0.000370433,1.5408e-05,0.000385301,1,
1790221260,0.000317688,3.73809e-06,0.000355056,-9.71952e-05,0.00053425,0.471545,9.14731e-05,9.548e-05,0.129227,-0.000746884,-0.000568013,-0.000302112,-0.0001067,-3.08512e-05,7.97068e-05,0.000271318,0.00053327,0.000706157,0.000102429,9.29179e-05,9.22559e-05,9.23376e-05,9.55577e-05,9.03947e-05,8.83156e-05,9.31228e-05,-0.000346746,0.000377858,2.47759e-05,-0.000307617,0.000278924,0,0.491214,-0.000660501,-0.000252687,0.000246714,0.00065206,1790221200,0.000320769,0,0.000286804,1,0.000400586,4.45587e-05,0.000376775,1,0.000287015,0,0.000266751,1,0.000322849,1.55368e-05,0.000317924,1,
1790221320,-0.000377499,-3.73691e-06,-3.73691e-06,-0.000747661,0.000530786,0.471442,0.000106387,0.000102158,0.153639,-0.000742197,-0.000567031,-0.000302331,-0.000107834,-3.23352e-05,8.30144e-05,0.000275245,0.000527564,0.000694096,0.000103976,0.000105287,0.000104934,0.000104565,0.000107346,0.00010696,0.000108958,0.000106436,-0.000348649,0.000363254,1.71155e-05,-0.00032094,0.000293115,0,0.491203,-0.000691411,-0.000267217,0.000259444,0.000680492,1790221200,0.000305583,0,0.00024693,1,0.000336916,1.84517e-05,0.000303298,1,0.000338159,8.74119e-05,0.000367459,1,0.00027337,2.68966e-05,0.000264855,1,
1790221380,0.000112143,0,0.000429814,-0.000123372,0.000528156,0.478385,5.59548e-05,5.74587e-05,0.133356,-0.000775735,-0.000589126,-0.000312733,-0.000110277,-2.67698e-05,9.91896e-05,0.000313454,0.000585452,0.0007628,6.81072e-05,5.80099e-05,5.38145e-05,6.20711e-05,6.05417e-05,5.25618e-05,5.82295e-05,5.1407e-05,-0.000375767,0.000455136,8.02638e-06,-0.000365638,0.000404186,0,0.497267,-0.000789337,-0.000296203,0.000316955,0.000806576,1790221200,0.000304741,0,0.000253103,1,0.000302757,5.22532e-06,0.000263947,1,0.000296819,5.89536e-05,0.000300891,1,0.000358079,5.81066e-05,0.000387354,1,
1790221440,5.23292e-05,-3.73791e-06,0.000265356,-0.000138312,0.000523088,0.47916,4.73106e-05,4.71886e-05,0.169073,-0.00069879,-0.000522405,-0.000283813,-9.6027e-05,-2.32484e-05,9.04013e-05,0.000274863,0.000515219,0.000679323,6.42151e-05,5.30665e-05,4.68024e-05,5.01521e-05,5.37679e-05,4.80852e-05,4.58242e-05,4.2641e-05,-0.000335865,0.000376894,0,-0.000346658,0.000346495,0,0.4958,-0.000742373,-0.000284974,0.000293257,0.000743561,1790221200,0.000362552,0,0.000296619,1,0.000306554,1.1181e-05,0.000279682,1,0.000286323,3.57079e-05,0.000270668,1,0.000312334,5.10645e-05,0.000313184,1,
1790221500,-8.22328e-05,0.000179394,0.00051567,-8.59709e-05,0.000517884,0.489841,5.09972e-05,4.81603e-05,0.155391,-0.000715493,-0.000541702,-0.000296743,-9.05518e-05,-1.06188e-05,9.59769e-05,0.000287955,0.000530667,0.000676764,6.28485e-05,5.27161e-05,4.58283e-05,5.06108e-05,5.16823e-05,4.9393e-05,5.8007e-05,5.0452e-05,-0.000351248,0.000430904,2.50932e-05,-0.000361509,0.000362297,6.67244e-06,0.49174,-0.000773531,-0.000307137,0.000298845,0.000748926,1790221500,0.000328581,0,0.000291061,1,0.000366071,3.25173e-06,0.000337631,1,0.000290712,2.56166e-05,0.000287592,1,0.000290764,2.05262e-05,0.000283527,1,
1790221560,-8.97163e-05,-3.73802e-06,0.000497032,-8.97163e-05,0.000512811,0.481229,4.8313e-05,4.53873e-05,0.139257,-0.000681194,-0.000508526,-0.000276606,-8.70738e-05,-1.86654e-05,8.28252e-05,0.000262787,0.000497971,0.000656005,6.30885e-05,5.24243e-05,4.50152e-05,4.87143e-05,4.89597e-05,4.96222e-05,5.08332e-05,4.93858e-05,-0.000324527,0.000354659,1.37398e-05,-0.000323887,0.000327616,0,0.491703,-0.000702171,-0.000268413,0.000270886,0.000698259,1790221500,-0.000373213,0.000304569,0,1,0.000338203,0,0.000322424,1,0.000327572,2.79977e-05,0.000331774,1,0.000299544,6.1049e-06,0.000302586,1,
1790221620,-0.000261718,-6.35539e-05,-1.86919e-05,-0.000332768,0.000507815,0.480306,7.69351e-05,7.35866e-05,0.116328,-0.000679404,-0.000505034,-0.000272563,-8.98229e-05,-2.01963e-05,8.4386e-05,0.000261745,0.000492184,0.000653411,8.43622e-05,7.70576e-05,7.2739e-05,7.55606e-05,7.50023e-05,7.65318e-05,8.26953e-05,8.08294e-05,-0.000321334,0.000368892,2.92746e-05,-0.000314488,0.00032124,9.6339e-06,0.493125,-0.000682293,-0.000260687,0.000262424,0.000665728,1790221500,0.000325966,0,0.000252655,1,0.000302755,5.96454e-06,0.00034809,1,0.000311972,1.59935e-05,0.000331866,1,0.000323924,3.43e-05,0.000343085,1,
1790221680,0.000145823,-3.73933e-06,0.000213119,-0.000280489,0.000504072,0.475269,5.31408e-05,5.53867e-05,0.0925731,-0.000627023,-0.000470075,-0.000247528,-8.73571e-05,-2.34283e-05,7.33212e-05,0.000240694,0.000461599,0.000610158,7.35397e-05,6.09006e-05,5.51844e-05,5.36866e-05,5.55073e-05,5.73021e-05,4.96615e-05,4.87464e-05,-0.000293586,0.00031758,0,-0.000268451,0.000254132,0,0.489794,-0.000559664,-0.000212292,0.000215217,0.00056443,1790221500,0.00031632,0,0.000244359,1,0.000327758,0,0.000296604,1,0.000324413,1.93847e-05,0.000313082,1,0.000316404,3.10959e-05,0.000315639,1,
1790221740,0,-3.73879e-06,9.72035e-05,-0.000280448,0.000499432,0.478508,4.11589e-05,4.00896e-05,0.0759806,-0.000638492,-0.000479303,-0.000255334,-9.04842e-05,-2.0892e-05,7.8316e-05,0.000244026,0.000470377,0.000622156,6.10071e-05,4.67974e-05,3.92859e-05,4.22581e-05,3.74723e-05,4.45739e-05,4.22725e-05,3.8266e-05,-0.000300683,0.000336155,7.3282e-06,-0.000294969,0.000298885,0,0.494185,-0.000623525,-0.000239896,0.000246093,0.000631337,1790221500,0.000278165,0,0.00021056,1,0.000313341,9.04381e-06,0.000290777,1,0.000306819,1.26091e-05,0.000306644,1,0.000301418,2.6785e-05,0.000318992,1,
1790221800,0.000123372,-0.000127127,0.000123372,-0.00024679,0.000494413,0.478587,4.89358e-05,5.04575e-05,0.0631555,-0.000602633,-0.000460081,-0.000245444,-8.6267e-05,-1.94731e-05,7.34471e-05,0.000230579,0.000443979,0.000586817,6.96558e-05,5.60506e-05,5.00265e-05,5.1383e-05,4.64424e-05,5.3428e-05,4.48067e-05,4.48974e-05,-0.000286912,0.000305127,9.98348e-07,-0.000285996,0.000274306,0,0.491807,-0.000600489,-0.000233781,0.000235165,0.000605665,1790221800,0.000288366,0,0.000259699,1,0.00028447,0,0.000242396,1,0.000307273,1.68973e-05,0.000302601,1,0.000310918,2.96171e-05,0.000294651,1,
1790221860,-0.000710533,7.10255e-05,7.10255e-05,-0.000819027,0.000489754,0.484341,0.000244106,0.00024348,0.0533214,-0.00057086,-0.000433892,-0.000229733,-7.80818e-05,-1.29971e-05,7.19627e-05,0.000214593,0.000424608,0.000549884,0.000195003,0.000216013,0.000240073,0.000239224,0.000254994,0.000219936,0.000261795,0.00025755,-0.000268062,0.000266389,0,-0.000271723,0.000257774,0,0.49376,-0.000575394,-0.000220882,0.0002197,0.000567519,1790221800,0.000276219,0,0.000246197,1,0.000300949,6.70807e-06,0.00026641,1,0.00025959,2.22439e-05,0.000234854,1,0.000309941,4.03688e-05,0.000285024,1,
1790221920,4.48907e-05,0.000130926,0.000486209,-4.11516e-05,0.000495136,0.482158,4.48129e-05,4.39492e-05,0.0666606,-0.000675956,-0.000494866,-0.000259272,-9.1727e-05,-1.79917e-05,8.48305e-05,0.000254039,0.000491635,0.000654056,6.34638e-05,4.88995e-05,4.70158e-05,4.43638e-05,4.43689e-05,4.9123e-05,4.29191e-05,4.1166e-05,-0.000308529,0.000363202,1.08354e-05,-0.000350422,0.000379771,0,0.495715,-0.000762861,-0.000284941,0.000302051,0.000756534,1790221800,0.00026515,0,0.000218198,1,0.000298246,0,0.000266752,1,0.000273506,4.77512e-05,0.000266024,1,0.000262668,2.84373e-05,0.000247097,1,
1790221980,0.000811426,8.97753e-05,0.00102072,8.97753e-05,0.0004902,0.482613,0.000275748,0.0002879,0.0570038,-0.000651546,-0.000485443,-0.000258318,-8.86313e-05,-1.57438e-05,7.67643e-05,0.000243199,0.000474269,0.000625309,0.000246744,0.000269249,0.000277608,0.000282602,0.000299236,0.000266128,0.000271493,0.000279183,-0.0003023,0.000319327,4.07384e-06,-0.000332906,0.000329824,0,0.492941,-0.000716668,-0.000276239,0.00028197,0.000714776,1790221800,0.000347853,0,0.000274282,1,0.000269631,3.71458e-06,0.000237109,1,0.000276322,3.01233e-05,0.000265156,1,0.00029102,3.09316e-05,0.000278945,1,
1790222040,-9.71868e-05,2.24264e-05,0.000115864,-0.000179429,0.000498657,0.47647,5.34412e-05,5.02775e-05,0.073294,-0.000783172,-0.000591479,-0.000309784,-0.00011277,-2.52219e-05,8.39648e-05,0.00027675,0.000558919,0.000739785,6.36394e-05,5.14129e-05,5.44634e-05,5.06617e-05,5.1156e-05,5.55042e-05,5.86604e-05,4.96875e-05,-0.000355443,0.000396839,9.39741e-05,-0.000384263,0.000379218,6.59711e-05,0.485451,-0.000842138,-0.000331418,0.000313974,0.000832397,1790221800,0.000328871,0,0.000288801,1,0.000335378,0,0.000334516,1,0.000258327,3.1165e-05,0.000239445,1,0.000291262,2.17895e-05,0.000279716,1,
1790222100,-0.000179447,-3.73814e-06,-3.73814e-06,-0.000332749,0.000493836,0.47316,6.05756e-05,5.79253e-05,0.0624922,-0.000683554,-0.000515247,-0.000272517,-9.84959e-05,-2.52654e-05,7.08424e-05,0.000243775,0.000486869,0.000641781,7.08894e-05,6.23393e-05,6.33487e-05,5.63175e-05,6.17974e-05,6.5327e-05,6.01739e-05,5.91976e-05,-0.000312631,0.00028841,0,-0.000326242,0.000274134,0,0.484874,-0.000704045,-0.000279425,0.000263682,0.000693298,1790222100,0.000389744,0,0.000329744,1,0.000340703,0,0.000316408,1,-0.000311501,0.000315674,1.08621e-05,1,0.000270543,1.44603e-05,0.000256558,1,
1790222160,-0.000119649,3.73874e-05,3.73874e-05,-0.000142085,0.000489531,0.478346,5.17965e-05,4.86689e-05,0.055095,-0.000664205,-0.000500195,-0.000259246,-9.18158e-05,-2.0851e-05,7.73977e-05,0.000249146,0.000498479,0.000658543,6.47428e-05,5.18845e-05,5.22121e-05,4.64383e-05,4.98996e-05,5.43714e-05,5.59818e-05,5.06879e-05,-0.000306226,0.000321597,0,-0.000331772,0.00030711,0,0.491637,-0.000710193,-0.000274551,0.000279883,0.000724272,1790222100,0.000304701,0,0.00023894,1,0.000367903,2.36206e-05,0.000325112,1,0.000312789,2.39901e-06,0.00032243,1,0.000318069,1.2048e-05,0.000318896,1,
1790222220,-4.86115e-05,-7.47854e-06,-7.47854e-06,-0.000422625,0.000484907,0.468766,4.1444e-05,3.76348e-05,0.0491978,-0.000618799,-0.000466116,-0.000240596,-9.0788e-05,-2.6675e-05,6.06683e-05,0.000217415,0.000451441,0.000599276,6.07761e-05,4.67586e-05,4.63304e-05,3.41538e-05,4.26877e-05,4.8302e-05,3.98932e-05,3.98176e-05,-0.000277858,0.000240385,0,-0.000281678,0.000228209,0,0.482778,-0.0006057,-0.000234757,0.000226121,0.000612182,1790222100,0.000319844,0,0.000269243,1,0.000329996,0,0.00029819,1,0.000345047,3.69918e-05,0.000341517,1,0.000321028,2.17094e-05,0.000300595,1,
1790222280,0.000512172,-5.23535e-05,0.000512172,-0.000142109,0.000480082,0.469804,0.00014471,0.000152424,0.0442883,-0.000636422,-0.000481199,-0.000251185,-9.38096e-05,-2.91043e-05,6.92017e-05,0.000234923,0.000477111,0.00063027,0.00015275,0.00014617,0.000146106,0.000153415,0.000152397,0.000144239,0.000139304,0.000147896,-0.000293736,0.000302787,5.81601e-06,-0.000337525,0.000324311,0,0.492416,-0.000714183,-0.000278322,0.000285735,0.000730195,1790222100,-0.000304016,0.00021044,0,1,-0.000357162,0.000289849,0,1,-0.000319128,0.00025035,0,1,0.000364469,0,0.000351706,1,
1790222340,0.000231699,1.12125e-05,0.000381155,-5.98021e-05,0.000480745,0.467216,7.00817e-05,7.1741e-05,0.0496604,-0.000655044,-0.000488658,-0.000257855,-9.74993e-05,-3.14447e-05,6.6392e-05,0.000230899,0.000472313,0.000627904,8.77841e-05,7.32143e-05,7.3688e-05,6.7549e-05,6.74993e-05,7.2575e-05,7.03597e-05,6.81653e-05,-0.000296516,0.000282039,1.70544e-05,-0.000315261,0.000303464,1.00544e-05,0.490694,-0.00068571,-0.00026729,0.000260252,0.000679941,1790222100,-0.000327967,0.000247272,0,1,-0.000318264,0.0002357,0,1,0.000317141,0,0.00027406,1,0.000321567,0,0.000308133,1,
1790222400,-0.000538223,4.85753e-05,8.59394e-05,-0.000564394,0.00047704,0.471692,0.00014846,0.000145556,0.0468002,-0.000736666,-0.000568944,-0.000305756,-0.000112662,-2.98067e-05,7.73963e-05,0.000261673,0.000519335,0.000684435,0.000147157,0.000150318,0.000150783,0.000149274,0.000163093,0.000151546,0.000144698,0.000147853,-0.000344246,0.000372188,5.64339e-05,-0.000354992,0.000369825,5.0208e-05,0.483698,-0.000747407,-0.000315344,0.000279228,0.000719552,1790222400,0.000317263,0,0.000271025,1,0.000355252,0,0.000329129,1,0.00028003,0,0.000221674,1,0.000318164,0,0.000309013,1,
1790222460,-0.000534772,3.7386e-05,0.000175702,-0.00107357,0.00047834,0.476024,0.000155518,0.000152913,0.049169,-0.000676095,-0.000497393,-0.000257507,-9.33652e-05,-2.43018e-05,7.89718e-05,0.000255161,0.000506896,0.000671956,0.00014618,0.000148935,0.000148581,0.000158428,0.000152451,0.000150792,0.00015905,0.000163278,-0.000307897,0.000316981,0,-0.000334443,0.00035758,0,0.491679,-0.000731024,-0.000274092,0.000286204,0.000736814,1790222400,0.000409414,0,0.000265911,1,0.000319197,1.52311e-06,0.000276032,1,0.000311319,0,0.000279867,1,0.000272712,0,0.000265265,1,
1790222520,-0.000243173,-5.23707e-05,5.2368e-05,-0.000389105,0.000479534,0.48325,7.97266e-05,7.62793e-05,0.0514242,-0.000810688,-0.000596433,-0.000298657,-0.000112779,-2.10314e-05,0.000106444,0.000321036,0.000621701,0.00080178,8.14997e-05,7.18182e-05,7.42991e-05,7.86923e-05,6.80889e-05,7.55889e-05,8.93472e-05,8.19564e-05,-0.000373995,0.000452492,4.08838e-05,-0.000402678,0.000508859,2.41832e-05,0.497881,-0.000851782,-0.000319806,0.000346673,0.000862562,1790222400,0.000364538,0,0.00025179,1,0.000404796,0,0.000337134,1,0.000298641,0,0.000257297,1,0.000321317,0,0.000332473,1,
1790222580,-0.000550163,7.10874e-05,0.00014217,-0.00103695,0.000475959,0.47234,0.000156926,0.000152776,0.0450372,-0.000726154,-0.000545202,-0.000277591,-0.000111105,-2.8879e-05,7.74318e-05,0.000279131,0.000560287,0.000726021,0.000150455,0.000154686,0.000152796,0.000153975,0.000149381,0.000155054,0.000163118,0.00016468,-0.000334163,0.000350517,3.10346e-05,-0.000342017,0.000334679,0,0.485908,-0.000737077,-0.000285108,0.000286324,0.000738484,1790222400,0.000427035,0,0.000345759,1,0.000356923,0,0.000311348,1,0.000377728,0,0.000324819,0,0.000326097,0,0.000299757,0,
1790222640,0.000479071,3.74363e-06,0.000523972,-0.000370689,0.000477556,0.479862,0.000132286,0.000137746,0.050662,-0.000854501,-0.000625011,-0.000312129,-0.000122059,-2.51725e-05,0.000101739,0.000329847,0.000642553,0.000830896,0.000143297,0.00013698,0.000137459,0.000138323,0.000147898,0.000135529,0.000125194,0.000124507,-0.000386852,0.000449684,5.73529e-05,-0.000399929,0.000469014,4.98511e-05,0.489998,-0.000851984,-0.000325786,0.000336006,0.000844557,1790222400,-0.000362711,0.000261046,0,1,0.000402558,0,0.000381194,1,0.0003329,0,0.000273446,1,-0.000329693,0.000318668,0,1,
1790222700,-0.000381741,5.23844e-05,0.000261895,-0.000441635,0.000477586,0.47537,0.000109689,0.000104844,0.0486763,-0.000820028,-0.000626578,-0.000323384,-0.000125429,-2.94146e-05,9.19229e-05,0.000318425,0.000619107,0.000795982,0.000104712,0.000106402,0.000106053,0.000105585,9.9925e-05,0.000108562,0.000114985,0.000113793,-0.000385698,0.000422949,5.71821e-05,-0.000387778,0.000402491,4.15176e-05,0.484765,-0.000826514,-0.000326872,0.000317969,0.000828137,1790222700,0.000414201,0,0.000326773,1,0.000351892,0,0.000316639,1,0.00036392,0,0.00032124,1,0.000324894,1.81082e-06,0.000309495,1,
1790222760,0.000796999,-1.87165e-05,0.000796999,-0.000119792,0.000475858,0.470724,0.000243296,0.000254164,0.0473796,-0.000805614,-0.000604664,-0.000312923,-0.000125088,-3.55055e-05,8.76777e-05,0.000304596,0.000589622,0.000772705,0.000240539,0.000265245,0.000250728,0.000244694,0.000286874,0.00025269,0.000234461,0.000237057,-0.000371538,0.000386483,4.0254e-05,-0.000361479,0.000358638,1.80825e-05,0.482652,-0.000788621,-0.000306382,0.000296935,0.000767348,1790222700,0.000382823,0,0.000384643,1,0.00038392,2.74253e-06,0.000361041,1,0.000323681,0,0.000262332,1,0.000358704,3.00359e-05,0.000358268,1,
1790222820,0.000557148,0,0.000643123,0,0.000484372,0.473535,0.000157538,0.00016221,0.0624667,-0.000820586,-0.000622777,-0.000328244,-0.000123471,-3.2661e-05,9.26874e-05,0.000306451,0.000612015,0.000803633,0.000164808,0.000159546,0.000159625,0.00015926,0.000163086,0.000158198,0.000154123,0.000156371,-0.000383399,0.000418207,2.94026e-05,-0.000388751,0.000398011,8.76225e-06,0.488199,-0.000833741,-0.000326599,0.000321712,0.000846311,1790222700,0.000376425,0,0.000298589,0,0.00039297,0,0.000322287,1,0.000360732,0,0.000300223,1,0.000319115,2.80241e-06,0.000302197,1,
1790222880,-0.000669363,-0.000123368,-8.22439e-05,-0.000987374,0.000485935,0.470067,0.000190929,0.000186858,0.0696176,-0.000822396,-0.000628342,-0.000332994,-0.000127432,-3.60328e-05,8.62887e-05,0.000300119,0.000589134,0.000782046,0.000183623,0.000198387,0.000186926,0.000196724,0.000195968,0.000190743,0.00018771,0.000192628,-0.000383196,0.000372011,2.92251e-05,-0.000374918,0.000343883,2.37137e-05,0.484525,-0.000820835,-0.0003215,0.000304763,0.000814322,1790222700,0.000393941,0,0.000381934,1,0.000360185,0,0.000323203,1,0.000353585,3.89982e-05,0.000330507,1,0.000366009,1.71312e-05,0.000340704,1,
1790222940,0.000422611,0,0.000560949,-1.87037e-05,0.000490276,0.479303,0.000118098,0.000122695,0.0672584,-0.000850831,-0.000644795,-0.000335473,-0.000127298,-2.72595e-05,0.00010641,0.000331015,0.000628896,0.000830213,0.000127575,0.000121458,0.000122439,0.000121823,0.000125575,0.000121453,0.000108894,0.000116785,-0.000400367,0.000450757,0,-0.00041192,0.000459294,0,0.49681,-0.000876239,-0.000329001,0.000352685,0.000886362,1790222700,0.000395781,0,0.000331519,1,0.00040878,0,0.000325693,1,0.000356256,0,0.00031867,1,0.000385283,0,0.000330745,1,
1790223000,-0.000852885,-3.73914e-06,0.000373843,-0.000905279,0.000489015,0.478646,0.000276413,0.000273625,0.0644346,-0.000776372,-0.000593404,-0.000311324,-0.000111218,-2.46472e-05,9.27312e-05,0.000302304,0.000575673,0.000771512,0.000246729,0.000281983,0.000257232,0.000291131,0.000269123,0.000259574,0.000273395,0.000294549,-0.000369014,0.000362268,0,-0.000376563,0.000361632,0,0.491724,-0.000808757,-0.000312142,0.000315705,0.000817789,1790223000,0.000429301,0,0.000360452,1,0.000374971,0,0.000326179,1,0.000362546,1.69271e-05,0.000352602,1,0.000359657,0,0.000316582,1,
1790223060,5.98753e-05,0.000119747,0.00032927,-0.000280713,0.0004989,0.481724,6.16775e-05,6.20932e-05,0.0695913,-0.000938535,-0.000699401,-0.000360666,-0.000138508,-2.61365e-05,0.000118871,0.000366864,0.000686582,0.000909475,6.45133e-05,5.1974e-05,6.47315e-05,5.94056e-05,5.74458e-05,6.77745e-05,6.38214e-05,6.01543e-05,-0.000437093,0.000488669,4.31625e-05,-0.000448516,0.000509131,5.14588e-05,0.494331,-0.000959352,-0.000357537,0.000379788,0.000951544,1790223000,0.000389273,0,0.00036759,1,0.000428611,0,0.000404318,1,0.000370458,0,0.000341186,1,0.000391811,0,0.000347046,1,
1790223120,-0.000254495,-1.12263e-05,0.000276877,-0.000258238,0.000493958,0.480053,8.21056e-05,7.87741e-05,0.0573357,-0.0008245,-0.000627722,-0.000334928,-0.000124067,-2.40308e-05,9.84204e-05,0.000327742,0.000630102,0.000832745,8.32294e-05,7.58452e-05,8.27729e-05,7.70825e-05,7.57126e-05,8.65796e-05,8.78953e-05,8.08988e-05,-0.000398371,0.000410078,0,-0.000400808,0.000403485,0,0.493953,-0.000844369,-0.000323353,0.000343831,0.00087639,1790223000,0.000501124,0,0.000397969,1,-0.000395954,0.000332316,0,1,-0.000397225,0.000346871,2.23417e-06,1,-0.000375453,0.000332106,0,1,
1790223180,1.12291e-05,0,0.000142226,-0.00015722,0.000490316,0.468644,5.17807e-05,5.18951e-05,0.0511177,-0.00081706,-0.000609863,-0.00032851,-0.000130019,-3.55389e-05,7.97631e-05,0.000302355,0.000600124,0.000803816,6.16912e-05,4.80079e-05,5.61325e-05,4.88545e-05,5.2471e-05,5.57871e-05,5.39481e-05,4.81382e-05,-0.000381658,0.000368965,4.5803e-05,-0.000368935,0.000333824,1.81337e-05,0.486077,-0.000807235,-0.000307673,0.000309251,0.000803287,1790223000,-0.000409486,0.00035968,1.90456e-05,1,0.000426786,0,0.000453317,1,0.000357021,0,0.000355684,1,0.000382573,0,0.000394275,1,
1790223240,-4.49171e-05,7.86e-05,7.86e-05,-0.000220862,0.000485391,0.475268,5.00869e-05,4.68456e-05,0.0485148,-0.000739817,-0.000570479,-0.000300702,-0.000112546,-2.55734e-05,7.97712e-05,0.000289697,0.000561183,0.000745092,6.06478e-05,4.79749e-05,5.37738e-05,4.34934e-05,4.95598e-05,5.36662e-05,5.29056e-05,4.9228e-05,-0.000355437,0.000343542,0,-0.000342892,0.000303708,0,0.488043,-0.000735154,-0.000285007,0.000287227,0.000745315,1790223000,-0.000402698,0.00034516,0,1,-0.000444631,0.000363932,0,1,-0.000418762,0.000386645,0,1,0.000363129,0,0.000342135,1,
1790223300,0.000643619,-1.12296e-05,0.000886739,-2.24593e-05,0.000480554,0.474724,0.000184886,0.000192773,0.0479944,-0.000763939,-0.000587439,-0.000311497,-0.00011545,-2.64669e-05,8.01656e-05,0.0003033,0.000570904,0.000749015,0.000189214,0.000193214,0.000187774,0.000194486,0.000200881,0.00018749,0.000174099,0.000183801,-0.000369637,0.000380197,0,-0.000356191,0.000330172,0,0.481138,-0.000752501,-0.00030495,0.00028863,0.000743779,1790223300,-0.000355699,0.000304706,0,1,-0.00038164,0.000342777,0,1,-0.000386002,0.000369547,6.62422e-06,1,-0.000390796,0.000381676,2.49817e-05,1,
1790223360,0.000183281,-3.74077e-06,0.000183281,-0.000411569,0.000484354,0.472104,6.85005e-05,7.13528e-05,0.0467912,-0.000808359,-0.000615228,-0.000320429,-0.000122621,-3.10682e-05,8.22416e-05,0.00029682,0.000575463,0.000764354,7.96127e-05,6.65761e-05,7.13494e-05,6.62647e-05,7.03069e-05,6.85409e-05,7.26259e-05,6.45611e-05,-0.000372752,0.000393157,5.0532e-05,-0.000365732,0.000382447,2.31807e-05,0.485513,-0.000795797,-0.000312034,0.000300696,0.000795368,1790223300,-0.000380624,0.000288021,0,1,-0.000380335,0.000314622,0,1,0.00037635,0,0.000348447,1,0.000393001,0,0.000372792,1,
1790223420,-0.000729582,0,0.000392631,-0.000729582,0.000480186,0.471563,0.000220522,0.000216243,0.0480205,-0.000749152,-0.000580332,-0.000305086,-0.000117503,-3.02937e-05,7.81551e-05,0.000279137,0.000545234,0.000727778,0.000200081,0.000223251,0.000216957,0.00022731,0.000214855,0.000220758,0.000218222,0.000222173,-0.000353228,0.000337737,1.16727e-05,-0.000352554,0.000345871,1.11331e-06,0.488111,-0.000750968,-0.000295024,0.000292467,0.000766433,1790223300,0.00040037,0,0.000299891,1,0.000344295,0,0.000323765,1,0.000354664,0,0.000321003,1,0.00037052,0,0.000339363,1,
1790223480,-0.000752588,3.7428e-06,7.48534e-05,-0.00106352,0.000486429,0.480261,0.000228936,0.000223401,0.0405206,-0.000829003,-0.000630856,-0.000321174,-0.000115822,-2.42777e-05,0.000100663,0.000329495,0.000620427,0.000814139,0.000207525,0.000231594,0.000220626,0.000222129,0.000216615,0.000224152,0.000234445,0.000239184,-0.000391151,0.000451864,1.5168e-05,-0.000399173,0.000469063,0,0.498022,-0.00085467,-0.000318112,0.000344336,0.000859297,1790223300,0.000356886,0,0.000293161,0,0.000390013,1.63187e-06,0.0003048,1,0.000342006,0,0.000286637,1,0.000348025,0,0.000321055,1,
1790223540,0.000715159,4.49465e-05,0.000823699,0,0.000493162,0.484265,0.000197793,0.000205355,0.0426195,-0.000903103,-0.000676755,-0.000341187,-0.000128103,-1.92764e-05,0.000105202,0.000360293,0.000695139,0.000901872,0.000209656,0.000218364,0.000205558,0.000210163,0.000226525,0.000202878,0.000187223,0.000192204,-0.00042245,0.000482642,1.15925e-05,-0.000424159,0.000500011,0,0.499046,-0.000893607,-0.00033153,0.000368473,0.000914641,1790223300,0.000429152,0,0.000298651,1,0.000378372,0,0.000315461,1,0.00035775,2.33724e-05,0.000323622,1,0.000331426,0,0.000296714,1,
1790223600,-1.12289e-05,-3.74296e-06,0.00023952,-0.000179678,0.000498571,0.470606,5.47419e-05,5.43193e-05,0.0438741,-0.000878382,-0.000679646,-0.000358361,-0.000133399,-3.44975e-05,8.48609e-05,0.000328366,0.000643412,0.000840578,6.04246e-05,4.848e-05,5.98439e-05,5.14171e-05,5.38009e-05,6.38213e-05,5.86678e-05,4.83852e-05,-0.000415038,0.000415587,5.91678e-05,-0.000415667,0.000406324,3.56702e-05,0.484668,-0.000894658,-0.000349804,0.000340914,0.000902192,1790223600,0.000446881,0,0.000362865,1,0.000403879,0,0.000381081,1,0.000344528,2.61192e-06,0.00032148,1,0.00036991,0,0.000323567,1,
1790223660,0.000190874,-2.24582e-05,0.000336812,-0.000119783,0.000493563,0.466771,7.12786e-05,7.42126e-05,0.0414599,-0.000804877,-0.000630037,-0.000332672,-0.000129176,-3.53157e-05,7.29389e-05,0.0002928,0.000580831,0.000766757,8.08508e-05,6.91377e-05,7.59152e-05,6.87108e-05,7.44634e-05,7.50119e-05,7.19384e-05,6.79577e-05,-0.000379398,0.000342324,3.33183e-05,-0.00038002,0.000331734,1.82536e-05,0.482967,-0.000817835,-0.000323562,0.000308893,0.000813037,1790223600,-0.000443182,0.000361649,0,1,-0.000421402,0.000376185,0,1,-0.000383149,0.000356282,0,1,0.000356921,0,0.00033804,1,
1790223720,0.000261925,8.23267e-05,0.000261925,2.99378e-05,0.000489347,0.477455,8.079e-05,8.31986e-05,0.0422797,-0.0007786,-0.000606337,-0.000316658,-0.00011648,-2.44035e-05,8.57955e-05,0.000294725,0.000580945,0.000761599,9.26438e-05,8.04386e-05,8.56493e-05,7.99449e-05,8.52707e-05,8.37338e-05,8.06708e-05,7.61701e-05,-0.000369157,0.000364497,0,-0.000370787,0.000341284,0,0.489311,-0.000798526,-0.000311375,0.0003063,0.000800518,1790223600,-0.000377557,0.000349906,0,1,0.000413384,0,0.000353181,1,-0.000372321,0.000374122,1.04797e-05,1,0.000365435,1.56905e-05,0.00035311,1,
1790223780,-2.61894e-05,0,0.000418937,-5.98625e-05,0.000485843,0.474197,4.59524e-05,4.30967e-05,0.0450336,-0.000718987,-0.000560655,-0.00028876,-0.00010598,-2.47189e-05,7.30219e-05,0.000256799,0.000524194,0.000694194,5.94706e-05,4.73921e-05,5.2577e-05,3.79346e-05,5.08848e-05,5.24105e-05,4.66797e-05,4.30077e-05,-0.00033094,0.000295683,0,-0.000320683,0.000256779,0,0.48489,-0.000697909,-0.000272921,0.00025632,0.000694019,1790223600,0.000360766,1.88147e-06,0.000318888,1,-0.000379288,0.000362946,0,1,0.000366605,3.24426e-05,0.000350173,1,0.000362812,2.60039e-05,0.000364508,1,
1790223840,0.000142163,3.74139e-06,0.000145904,-0.000213282,0.000480975,0.477774,5.73652e-05,5.93372e-05,0.0480048,-0.000719068,-0.000554545,-0.000288785,-0.000100243,-2.2011e-05,7.89467e-05,0.00026687,0.00052121,0.000692264,7.25729e-05,5.95533e-05,6.22101e-05,5.53545e-05,6.34765e-05,5.95688e-05,5.64286e-05,5.37875e-05,-0.000335347,0.000330172,0,-0.000342546,0.000324199,0,0.490922,-0.000743249,-0.000285716,0.000285443,0.000745658,1790223600,0.00032801,0,0.000275086,1,-0.000381271,0.000345592,0,1,0.000377369,0,0.00034394,1,-0.000373353,0.00036532,0,1,
1790223900,0.000254346,-7.48175e-06,0.000426367,-0.00029183,0.000476565,0.480258,7.46857e-05,7.63839e-05,0.0544808,-0.000675689,-0.000528347,-0.000270684,-9.70175e-05,-1.82547e-05,7.61172e-05,0.000252264,0.000506017,0.000672617,9.1188e-05,7.77596e-05,7.93585e-05,7.38225e-05,8.10276e-05,7.70659e-05,7.37386e-05,7.2438e-05,-0.000315839,0.000307893,0,-0.000284804,0.000264199,0,0.493388,-0.00060216,-0.000229274,0.000235017,0.000627548,1790223900,0.000370171,0,0.000300022,1,-0.000328882,0.00028564,0,1,-0.000360641,0.000343927,0,1,-0.000369643,0.000351932,0,1,
1790223960,0.000246804,-7.47985e-06,0.000246804,-0.000243124,0.000473144,0.480713,7.54274e-05,7.65314e-05,0.0633017,-0.000712593,-0.000552375,-0.000291448,-0.000100807,-1.89245e-05,8.10888e-05,0.000266971,0.000523091,0.000693292,8.99073e-05,7.6128e-05,7.71854e-05,7.57652e-05,7.83062e-05,7.52642e-05,7.67982e-05,7.1675e-05,-0.000337204,0.000342523,1.76627e-05,-0.000319188,0.000319027,1.13258e-05,0.493372,-0.000685748,-0.000263713,0.000267173,0.000707018,1790223900,-0.000306016,0.000239492,0,1,-0.000368534,0.000334132,0,1,0.00031233,0,0.000269429,1,0.000359156,0,0.000320427,1,
1790224020,0.000385042,7.47795e-06,0.000385042,-6.73041e-05,0.000469688,0.484554,0.000109282,0.000111724,0.0758369,-0.000691788,-0.000541198,-0.000279558,-9.11688e-05,-1.49603e-05,8.3772e-05,0.000259884,0.000514688,0.000681459,0.000117403,0.000110797,0.000110966,0.000110507,0.000110273,0.000109033,0.000109812,0.000105883,-0.000325434,0.000324948,0,-0.000302511,0.000288611,0,0.493168,-0.000651119,-0.000249817,0.000250728,0.000675519,1790223900,0.000337786,0,0.000277239,1,0.000326628,0,0.000261239,1,-0.000354309,0.000317881,0,1,-0.000300866,0.000276119,0,1,
1790224080,0.00042599,3.73754e-06,0.00042599,3.73754e-06,0.000468145,0.48726,0.000120407,0.000122103,0.0888742,-0.000679478,-0.000530907,-0.000266109,-8.47184e-05,-1.22968e-05,8.60987e-05,0.000255082,0.00049899,0.000667877,0.00012874,0.000122141,0.000122344,0.000121634,0.000119181,0.000120433,0.000122844,0.000115107,-0.000313687,0.000305974,0,-0.000295093,0.00026641,0,0.493789,-0.000641516,-0.000244728,0.000241823,0.000661842,1790223900,-0.000322977,0.000265174,0,1,0.000346916,1.09649e-07,0.000294457,1,0.000288754,1.74753e-05,0.000261074,0,-0.000334684,0.000333035,0,1,
1790224140,0.000197986,0,0.000197986,-0.000104612,0.000467339,0.485645,6.49259e-05,6.48429e-05,0.10545,-0.000685358,-0.000536231,-0.000264158,-8.15406e-05,-1.26667e-05,7.74402e-05,0.000243425,0.00047423,0.000638229,8.13373e-05,6.74354e-05,6.88625e-05,5.99955e-05,6.46466e-05,6.70446e-05,6.19302e-05,6.70249e-05,-0.000306,0.000274995,0,-0.000296759,0.000253421,0,0.493126,-0.000648381,-0.000248671,0.000239761,0.000662154,1790223900,0.00031635,0,0.000239704,1,0.000330744,0,0.000268584,1,-0.000310086,0.000331335,0,1,0.000292199,5.72088e-06,0.000280473,0,
1790224200,-0.000582864,4.10866e-05,5.22917e-05,-0.000590339,0.000463489,0.495296,0.000169706,0.000168454,0.131855,-0.000693417,-0.000545248,-0.000271621,-7.70741e-05,-5.21609e-06,9.22901e-05,0.000261413,0.000497697,0.000652948,0.000159722,0.00016799,0.00016715,0.000172584,0.000176217,0.000167756,0.000178022,0.000164818,-0.000320414,0.000341578,0,-0.000315236,0.000285907,0,0.495542,-0.00067207,-0.000265246,0.000257093,0.000681967,1790224200,0.000311408,0,0.000232288,1,0.000315041,0,0.000256823,1,0.000297998,2.3151e-05,0.000273458,1,-0.00032321,0.000326761,0,1,
1790224260,0.000261583,-1.49497e-05,0.000321364,-1.86872e-05,0.000466176,0.49095,7.39424e-05,7.51596e-05,0.0629981,-0.000642839,-0.000499829,-0.000246641,-7.60366e-05,-8.44851e-06,8.49604e-05,0.00024479,0.000471659,0.000629124,9.18006e-05,7.79566e-05,8.04763e-05,7.54621e-05,7.84665e-05,7.82284e-05,7.10631e-05,7.19855e-05,-0.000295015,0.000303873,0,-0.00032558,0.000318558,0,0.497233,-0.000712173,-0.000261651,0.00027959,0.00073921,1790224200,-0.000338612,0.000280017,0,1,-0.000306372,0.000298805,0,1,-0.000291869,0.000309866,0,1,-0.000301181,0.000302672,0,1,
1790224320,-0.000250371,0,0.000164389,-0.000250371,0.000462971,0.496407,7.25146e-05,7.1707e-05,0.0601027,-0.000608693,-0.000477162,-0.000237241,-7.09162e-05,-3.66044e-06,8.05548e-05,0.000231098,0.0004424,0.000587144,8.23297e-05,7.25602e-05,7.45254e-05,6.95565e-05,7.69297e-05,7.58232e-05,7.26998e-05,7.77694e-05,-0.000281442,0.000235694,0,-0.000299009,0.000251731,0,0.494702,-0.00064991,-0.000247389,0.000245382,0.000662534,1790224200,-0.000353417,0.000295498,0,1,-0.000289198,0.000275856,4.14039e-06,1,-0.000288402,0.000292446,0,1,-0.000294125,0.00028862,0,1,
1790224380,0.000336305,0,0.000489474,-3.73736e-06,0.000459683,0.477948,9.75416e-05,9.85683e-05,0.0508297,-0.000615191,-0.000479872,-0.000247108,-8.48107e-05,-1.92683e-05,6.9947e-05,0.000225335,0.000439042,0.000586693,0.000104507,9.70522e-05,9.71247e-05,9.60574e-05,9.51767e-05,9.54903e-05,0.000100677,9.72995e-05,-0.000285252,0.0002406,0,-0.00030158,0.000255765,0,0.490685,-0.000662438,-0.000249494,0.00024984,0.000678349,1790224200,-0.000304021,0.000237111,0,1,-0.000346577,0.000307132,0,1,0.000299482,1.11231e-06,0.000274312,1,-0.000290262,0.000270499,0,1,
1790224440,-7.84611e-05,0,3.73609e-06,-0.000179349,0.000457542,0.483568,4.33589e-05,4.16508e-05,0.0487107,-0.00063114,-0.000490748,-0.000255355,-8.59346e-05,-1.45454e-05,7.5804e-05,0.000233169,0.000451076,0.000606664,6.2051e-05,4.66395e-05,4.89468e-05,3.84959e-05,5.03333e-05,4.98696e-05,4.09693e-05,4.05954e-05,-0.000294781,0.000263691,0,-0.000303458,0.000267759,0,0.496887,-0.000659522,-0.000250727,0.000252812,0.000682384,1790224200,-0.000323084,0.000255826,0,1,-0.000300847,0.000266317,0,1,-0.000309265,0.000288534,0,1,-0.000277285,0.000273504,9.4718e-06,1,
1790224500,0.000224158,1.86818e-05,0.000231629,1.86818e-05,0.000453079,0.478042,6.66348e-05,6.71483e-05,0.0466168,-0.000575349,-0.000457968,-0.000234327,-7.87251e-05,-1.81928e-05,6.64707e-05,0.000213954,0.000422646,0.000565794,8.58362e-05,7.03127e-05,7.10406e-05,6.46513e-05,6.90272e-05,7.06548e-05,6.97924e-05,6.75512e-05,-0.00027075,0.000211924,0,-0.000268156,0.000203654,0,0.488215,-0.0005735,-0.000221285,0.000214606,0.00060457,1790224500,-0.000300621,0.000267782,0,1,-0.000310725,0.000286404,0,1,-0.000274224,0.000278465,0,1,-0.000297134,0.000294302,9.69189e-06,1,
1790224560,-0.000463316,-3.73556e-06,-3.73556e-06,-0.000500689,0.000449645,0.48126,0.000130831,0.000129632,0.0459362,-0.000578805,-0.000454084,-0.000228769,-7.21097e-05,-1.51846e-05,6.76414e-05,0.000207475,0.000406773,0.000552974,0.000125806,0.00012917,0.000128873,0.000146624,0.00013471,0.000130636,0.000135603,0.000128599,-0.000263277,0.000195634,0,-0.000247619,0.000197826,0,0.495641,-0.000530659,-0.000200005,0.000194787,0.00054322,1790224500,-0.000269088,0.000213008,0,1,-0.000305264,0.000299843,0,1,-0.000295007,0.000283555,0,1,-0.000273477,0.000268076,0,1,
1790224620,-0.000250429,0,9.34277e-05,-0.000321458,0.000449922,0.481814,7.10436e-05,6.99338e-05,0.0421997,-0.000603302,-0.000474045,-0.000239009,-7.8138e-05,-1.61296e-05,7.43627e-05,0.000227266,0.000440058,0.000587967,8.21617e-05,7.13199e-05,7.28104e-05,6.94117e-05,7.50995e-05,7.53782e-05,7.10443e-05,7.33682e-05,-0.000280744,0.000253882,0,-0.000287263,0.000264195,0,0.494521,-0.000630787,-0.000232685,0.000242609,0.000654439,1790224500,-0.000253314,0.000208826,0,1,-0.000292768,0.000257218,0,1,-0.000285978,0.000304,2.26159e-06,1,-0.000289472,0.000282297,0,1,
1790224680,-7.47672e-05,7.47616e-05,0.000254167,-0.000104676,0.000446806,0.486274,4.16921e-05,3.98602e-05,0.0431797,-0.00058669,-0.000462182,-0.000239307,-7.68172e-05,-1.19635e-05,7.69851e-05,0.000230468,0.000438378,0.000579693,6.17962e-05,4.50496e-05,4.69511e-05,3.57858e-05,4.84745e-05,4.93547e-05,3.89218e-05,3.98005e-05,-0.000282515,0.000259569,0,-0.000283434,0.000257797,0,0.496487,-0.000613693,-0.00022774,0.00024084,0.00064063,1790224500,-0.000306721,0.000256106,0,1,-0.000250683,0.000237244,0,1,-0.000269496,0.000264276,0,1,-0.000296712,0.000301859,0,1,
1790224740,0.000138315,3.73849e-06,0.000269136,-0.000325302,0.000442442,0.474543,5.15486e-05,5.1937e-05,0.0453376,-0.000573859,-0.000451873,-0.000237415,-7.81084e-05,-2.18681e-05,6.58043e-05,0.000216703,0.000418867,0.000559384,7.12925e-05,5.49937e-05,5.56968e-05,4.72036e-05,5.57309e-05,5.62081e-05,5.01031e-05,4.95735e-05,-0.000273944,0.000228942,0,-0.000270956,0.000231607,0,0.490985,-0.000592312,-0.000223532,0.000223335,0.000605923,1790224500,-0.000291482,0.000238184,0,1,-0.000301148,0.000281665,0,1,-0.000242206,0.000255806,0,1,-0.000267738,0.000254971,0,1,
1790224800,0.000115871,-1.4952e-05,0.000115871,-0.000138315,0.000438431,0.482377,4.96382e-05,4.95748e-05,0.046127,-0.000618474,-0.000488688,-0.000256494,-8.42802e-05,-1.70381e-05,8.13965e-05,0.00023704,0.000456404,0.000603155,6.75518e-05,5.0796e-05,5.10036e-05,4.9022e-05,5.07291e-05,5.23418e-05,4.99523e-05,4.66544e-05,-0.000297526,0.000294522,1.88894e-05,-0.000299779,0.000285424,2.06946e-05,0.495416,-0.000651957,-0.00024849,0.000252314,0.000672437,1790224800,-0.000284521,0.000227477,0,1,-0.000303887,0.000263321,0,1,-0.000275937,0.000276088,0,1,-0.000238779,0.000239528,0,1,
1790224860,-4.11139e-05,-3.73756e-06,0.000108383,-0.000127085,0.000434334,0.48407,3.87851e-05,3.68306e-05,0.0472271,-0.000572005,-0.00045494,-0.000237163,-7.42237e-05,-1.40803e-05,7.60452e-05,0.000216165,0.000424251,0.000559988,5.99893e-05,4.15149e-05,4.16329e-05,3.34741e-05,4.46585e-05,4.6861e-05,3.79104e-05,3.6326e-05,-0.00027353,0.000246887,0,-0.000256684,0.000212306,0,0.492017,-0.000558301,-0.000214051,0.000206625,0.000568421,1790224800,-0.000299976,0.000256904,0,1,-0.000284779,0.000263103,0,1,-0.000268415,0.00026687,3.80616e-06,1,-0.000273088,0.000275496,0,1,
1790224920,0.000213026,-7.47543e-06,0.000242921,-1.12132e-05,0.000430008,0.480687,6.25013e-05,6.27811e-05,0.0502557,-0.000550852,-0.000436966,-0.000227069,-6.86991e-05,-1.66859e-05,7.14321e-05,0.000206767,0.000401108,0.000529168,8.35754e-05,6.61095e-05,6.55878e-05,6.18539e-05,6.50249e-05,6.83757e-05,6.37029e-05,6.11151e-05,-0.000261544,0.000237323,0,-0.000231478,0.000194673,0,0.491519,-0.000489981,-0.000188352,0.000181882,0.000498028,1790224800,-0.000254113,0.000213568,0,1,-0.000308614,0.000316332,0,1,-0.00026666,0.0002729,0,1,-0.000270027,0.00027896,0,1,
1790224980,-0.000298997,-3.73691e-06,-3.73691e-06,-0.000317688,0.000426751,0.482396,8.36548e-05,8.31617e-05,0.0486191,-0.000553175,-0.00043174,-0.000222011,-6.46527e-05,-1.45105e-05,6.96219e-05,0.000201129,0.000387212,0.000516641,9.04046e-05,8.34596e-05,8.31934e-05,8.29258e-05,8.7897e-05,8.49257e-05,8.18212e-05,8.53074e-05,-0.000254932,0.00021015,0,-0.00021943,0.000182605,0,0.49385,-0.000471034,-0.000177205,0.00016836,0.000468243,1790224800,-0.000233991,0.000201559,0,1,-0.000263509,0.000260138,0,1,-0.000281965,0.000312738,1.46681e-06,1,-0.000269318,0.000277422,0,1,
1790225040,0.000142035,0,0.000142035,-0.000157009,0.000424573,0.480498,4.98492e-05,4.95142e-05,0.0474038,-0.000541566,-0.000422918,-0.000219174,-6.33765e-05,-1.58263e-05,6.70231e-05,0.000199501,0.000393967,0.000521809,7.178e-05,5.37609e-05,5.39304e-05,4.58538e-05,5.29592e-05,5.67252e-05,4.8351e-05,4.67741e-05,-0.000252508,0.000211494,0,-0.000235665,0.000203353,0,0.488739,-0.000517236,-0.000192852,0.000188998,0.000524762,1790224800,0.000231629,0,0.000171115,1,-0.000255854,0.000237113,0,1,0.000252374,2.01787e-05,0.000225176,1,-0.000294737,0.000304292,0,1,
1790225100,-7.47501e-06,0,4.85862e-05,-1.12125e-05,0.000420786,0.493822,3.63177e-05,3.43401e-05,0.0465072,-0.000556154,-0.000434127,-0.000231477,-6.39453e-05,-5.8797e-06,8.09422e-05,0.000215413,0.000410157,0.000526986,5.97974e-05,3.80702e-05,3.84261e-05,3.10634e-05,4.07249e-05,4.5025e-05,3.71258e-05,3.32494e-05,-0.000268858,0.000262152,0,-0.000263501,0.000244068,0,0.495844,-0.000564962,-0.000221334,0.000215946,0.000562902,1790225100,-0.000260889,0.000205732,0,1,0.000229233,0,0.000191936,1,0.000242328,1.21147e-08,0.000222022,1,-0.000255737,0.000255151,0,1,
1790225160,-0.000242968,-3.73753e-06,-3.73753e-06,-0.000773966,0.000416558,0.477187,6.79706e-05,6.71838e-05,0.0461341,-0.000478453,-0.000376693,-0.000194103,-5.40471e-05,-1.67596e-05,5.83707e-05,0.000169524,0.000336866,0.000452212,8.08504e-05,6.79086e-05,6.76765e-05,6.74155e-05,7.19604e-05,7.33764e-05,6.38677e-05,7.1388e-05,-0.000219485,0.000149709,0,-0.000192639,0.000125955,0,0.48332,-0.00039617,-0.000155368,0.000131624,0.000387115,1790225100,-0.000277107,0.000221724,0,1,0.000265426,0,0.000220076,1,0.000221184,1.75885e-05,0.000196894,1,0.000246807,5.33658e-06,0.000225856,1,
1790225220,-0.0005497,0,0,-0.000837759,0.0004138,0.491856,0.000167552,0.000165473,0.046121,-0.000603061,-0.00046302,-0.000236035,-6.63056e-05,-8.20418e-06,9.38559e-05,0.000238561,0.000457485,0.000597096,0.0001501,0.000163635,0.000163677,0.000161325,0.000164996,0.000155889,0.000170271,0.000180523,-0.000285094,0.000329897,1.59228e-05,-0.000290394,0.000324707,1.29454e-05,0.499781,-0.000637376,-0.000236763,0.000250849,0.000657099,1790225100,-0.000202743,0.000149869,0,0,-0.000249121,0.000229269,4.76253e-06,1,-0.000240154,0.000230921,0,1,-0.000225691,0.000227258,0,1,
1790225280,-0.000119703,-1.12215e-05,0.00047119,-0.000168336,0.000416953,0.488833,5.01849e-05,4.96336e-05,0.0452016,-0.000644882,-0.000482235,-0.000253048,-7.77292e-05,-1.11763e-05,9.05772e-05,0.000247451,0.000470578,0.000609859,6.3881e-05,4.66332e-05,4.92302e-05,4.85789e-05,4.81811e-05,5.36993e-05,5.09464e-05,5.09465e-05,-0.000300702,0.000326771,2.15084e-05,0.000296205,5.46023e-06,0.000294511,0.500728,-0.000646207,-0.000237409,0.000256773,0.000654436,1790225100,-0.000318878,0.00027141,0,1,-0.000215266,0.000172368,0,0,0.000247975,1.40351e-05,0.000234911,1,-0.000239292,0.000230797,0,1,
1790225340,0.000624541,3.74093e-06,0.000624541,-1.12229e-05,0.000413109,0.48278,0.000187416,0.000192323,0.0427167,-0.000658688,-0.000499702,-0.000257684,-8.11169e-05,-1.79188e-05,8.77893e-05,0.000252733,0.000480917,0.0006266,0.000184122,0.000200078,0.000192148,0.000192008,0.000197483,0.000184386,0.000187952,0.000177893,-0.000306629,0.000314936,3.85664e-05,-0.000288181,0.000281673,2.03683e-05,0.494992,-0.000635316,-0.000239269,0.000243542,0.000629278,1790225100,0.000294468,0,0.00025981,1,0.000315993,9.29704e-06,0.000273335,1,0.000221622,0,0.000180012,1,0.000244853,4.30479e-06,0.000242342,1,
1790225400,-0.000149555,-2.24318e-05,-1.49545e-05,-0.00035897,0.000418386,0.473888,5.31466e-05,5.2598e-05,0.0414278,-0.000649292,-0.000506798,-0.000269219,-8.90461e-05,-2.56339e-05,7.4208e-05,0.000236134,0.000461681,0.000599203,6.55395e-05,5.19026e-05,5.65059e-05,5.03924e-05,5.539e-05,5.95293e-05,5.21733e-05,5.14734e-05,-0.000305432,0.000291677,4.90221e-05,-0.00029548,0.000254241,2.57985e-05,0.486207,-0.000659366,-0.000256968,0.00023782,0.000652034,1790225400,-0.000301045,0.000247935,0,1,-0.000296372,0.000277127,5.0981e-06,1,0.000285805,2.89902e-05,0.000268704,1,-0.000211277,0.00019903,0,1,
1790225460,2.99128e-05,-5.60889e-05,0.000224324,-0.00011966,0.000414721,0.473948,4.18031e-05,4.12963e-05,0.037687,-0.000622249,-0.000495513,-0.000258242,-8.98398e-05,-2.53681e-05,7.36659e-05,0.000233255,0.000453655,0.000594396,6.16741e-05,3.97973e-05,4.55422e-05,3.89785e-05,4.23576e-05,4.74084e-05,4.15704e-05,3.98932e-05,-0.000296904,0.000275143,1.31332e-05,-0.000281399,0.000234333,0,0.487371,-0.000617423,-0.000239874,0.000229192,0.000617343,1790225400,-0.000299847,0.000241493,0,1,-0.000294826,0.000275889,0,1,-0.000268737,0.000270389,2.34496e-05,1,-0.000281153,0.000300633,8.09667e-06,1,
1790225520,0.00083346,2.6173e-05,0.00083346,2.6173e-05,0.000410574,0.47986,0.000303108,0.000311767,0.034958,-0.000592647,-0.000462521,-0.000244628,-7.71053e-05,-1.80259e-05,7.31215e-05,0.000220049,0.000426962,0.0005562,0.000257461,0.000304563,0.000290644,0.0003143,0.000296326,0.000278924,0.000304948,0.000311379,-0.000280358,0.000265286,0,-0.000273908,0.000234968,0,0.49632,-0.000598542,-0.000228247,0.000228506,0.000599295,1790225400,-0.000272176,0.000231953,0,1,0.000293268,0,0.000254856,1,-0.000280285,0.000280085,6.58543e-06,0,-0.000284251,0.000284808,0,1,
1790225580,0.000272686,-3.73594e-06,0.000407133,-3.73594e-06,0.000423194,0.475801,8.09976e-05,8.19662e-05,0.055257,-0.000665972,-0.000521732,-0.000279066,-9.04495e-05,-2.33815e-05,7.49328e-05,0.000241455,0.000476553,0.000625367,9.31798e-05,7.90045e-05,8.38808e-05,7.84463e-05,7.51051e-05,8.24182e-05,8.74406e-05,8.03023e-05,-0.000314788,0.000284734,1.87747e-05,-0.000319363,0.000280362,2.8012e-05,0.488845,-0.000703233,-0.00027456,0.000258898,0.000711735,1790225400,0.000264719,0,0.000225734,0,-0.000296883,0.000269752,0,0,0.000271698,2.18755e-05,0.000267774,1,0.000286799,9.3641e-06,0.000268603,0,
1790225640,0.000339819,0,0.000485421,-7.09658e-05,0.000420712,0.479428,9.93429e-05,9.96421e-05,0.0511709,-0.000631186,-0.000507955,-0.000262386,-8.43703e-05,-1.91047e-05,7.54474e-05,0.000229748,0.000441432,0.000588303,0.000104373,9.75236e-05,9.82367e-05,9.67409e-05,9.17529e-05,9.6974e-05,0.000105045,9.94458e-05,-0.000296972,0.000232896,0,-0.000298427,0.000249959,1.43394e-07,0.489305,-0.000662493,-0.000258293,0.00023954,0.000653866,1790225400,-0.000327004,0.000265932,0,1,-0.00029073,0.000249385,0,0,-0.000281559,0.000257859,0,0,-0.000299402,0.000269874,0,1,
1790225700,0.000832256,6.72033e-05,0.000832256,6.72033e-05,0.000419247,0.486559,0.00029183,0.000298035,0.0514018,-0.00064333,-0.000515161,-0.000268705,-8.04888e-05,-1.32295e-05,8.68751e-05,0.000250107,0.000468412,0.000622348,0.000256102,0.000298684,0.000271572,0.000315436,0.000278794,0.00027046,0.000302808,0.000283399,-0.000312113,0.000269122,0,-0.000304996,0.000282387,0,0.496946,-0.000665987,-0.000256133,0.000253568,0.000678964,1790225700,0.000307819,0,0.000224873,0,0.000332779,0,0.000289754,0,-0.000280026,0.00024917,5.66672e-06,0,-0.000292474,0.000256757,0,0,
1790225760,0.000962015,-2.98447e-05,0.000965742,-6.71519e-05,0.000431399,0.480106,0.000347217,0.000352106,0.0946192,-0.000730599,-0.000582796,-0.000298855,-9.75736e-05,-2.07472e-05,8.52647e-05,0.000264693,0.000516062,0.000699899,0.000306009,0.00035738,0.000317257,0.000385133,0.000328562,0.000312512,0.000361588,0.000336874,-0.000340397,0.000282808,0,-0.000340711,0.000316503,2.16644e-05,0.492969,-0.000749253,-0.000288656,0.000280884,0.000772847,1790225700,0.000310072,0,0.000253307,0,-0.000299975,0.000285558,0,0,-0.000294244,0.000295504,2.20298e-05,0,-0.000288118,0.000270294,0,0,
1790225820,-7.45418e-05,3.72694e-06,3.72694e-06,-0.000577844,0.000448211,0.481424,5.62929e-05,5.49383e-05,0.223219,-0.000838199,-0.000671693,-0.000355029,-0.000127463,-2.21331e-05,9.88105e-05,0.000307712,0.000604105,0.000851113,6.17691e-05,4.69569e-05,6.45672e-05,4.0733e-05,6.05339e-05,7.04852e-05,4.95824e-05,6.48832e-05,-0.000401374,0.000317533,0,-0.000385673,0.0003695,4.45856e-05,0.494161,-0.00083869,-0.000322514,0.000318605,0.000873289,1790225700,-0.00037454,0.000306129,0,1,-0.000329635,0.000301805,0,0,-0.000302078,0.00026798,0,0,-0.000328333,0.000278169,0,0,
1790225880,-0.000652477,-0.0001491,-4.84551e-05,-0.000730803,0.000443831,0.488225,0.000186664,0.000186817,0.16262,-0.000755727,-0.000621118,-0.00030803,-9.92252e-05,-1.36414e-05,0.000103987,0.000301012,0.000592711,0.000803185,0.000179677,0.000196471,0.000181865,0.000204703,0.000215973,0.000185581,0.000192846,0.000182056,-0.000366123,0.000298705,0,0.000364471,0,0.000362366,0.503687,-0.000776215,-0.000291634,0.000314919,0.000830554,1790225700,-0.00042274,0.000356804,0,1,0.000368905,0,0.000313152,1,-0.000308859,0.000282236,7.62076e-06,1,-0.000301363,0.000255059,4.28992e-06,0,
1790225940,1.86481e-05,-1.86485e-05,0.000197652,-0.000152928,0.000448955,0.494064,4.88675e-05,4.81642e-05,0.142755,-0.000746571,-0.000584067,-0.000299561,-7.97028e-05,-7.43562e-06,0.000111349,0.000307706,0.0005813,0.000766659,6.10476e-05,4.50008e-05,6.06707e-05,4.05367e-05,4.89958e-05,6.4238e-05,4.43654e-05,4.57045e-05,-0.000365256,0.000341492,0,0.000358706,6.57687e-06,0.000330901,0.50855,-0.000773116,-0.000278969,0.000318822,0.000816696,1790225700,-0.000381159,0.000329108,0,1,0.000416534,0,0.000366036,1,-0.000333202,0.00032453,8.42704e-06,1,-0.000318307,0.000285678,0,1,
1790226000,0.00106237,0,0.00106982,0,0.000444451,0.489217,0.000383461,0.00038794,0.104601,-0.000755078,-0.000613102,-0.000326559,-9.70178e-05,-1.18554e-05,9.98661e-05,0.000299693,0.000575333,0.000749631,0.000355535,0.000400892,0.000362061,0.000395557,0.000372347,0.000348728,0.000391953,0.00039209,-0.000377222,0.00034988,1.43875e-05,-0.000389644,0.000376425,5.50174e-05,0.494662,-0.000797877,-0.000324131,0.000318274,0.00082177,1790226000,-0.00039145,0.000321997,0,1,-0.000414639,0.000371606,0,1,-0.000376019,0.000356444,3.0249e-05,1,-0.000343482,0.000296186,1.69975e-05,1,
1790226060,0.000152739,-3.72564e-06,0.000283108,-9.68711e-05,0.000464928,0.477588,7.12102e-05,7.01512e-05,0.212132,-0.000876582,-0.000695937,-0.000370687,-0.000125296,-2.68342e-05,9.47555e-05,0.000321587,0.000642746,0.000896077,7.28057e-05,6.1176e-05,7.50821e-05,5.6191e-05,5.76976e-05,8.03614e-05,7.26889e-05,8.08054e-05,-0.000419304,0.000318337,1.75366e-05,-0.000395149,0.000352217,8.8463e-05,0.490455,-0.000861164,-0.000331094,0.000327925,0.000904427,1790226000,-0.000462149,0.000303292,0,0,-0.000389163,0.00031675,1.36222e-05,1,-0.000378147,0.000330053,2.70967e-05,1,-0.000387268,0.000325327,3.92934e-05,1,
1790226120,0.00168975,5.21495e-05,0.00195746,4.84246e-05,0.000460762,0.482337,0.000696924,0.000699704,0.159736,-0.00079473,-0.000650787,-0.000333756,-0.000106767,-2.0055e-05,9.53292e-05,0.00028716,0.000579195,0.000793345,0.000667612,0.000706317,0.00065956,0.000739249,0.000648628,0.000634085,0.000729074,0.000693937,-0.000376053,0.000243651,0,-0.000336169,0.000272491,1.59618e-05,0.495321,-0.000739502,-0.000278534,0.000284095,0.000775567,1790226000,-0.00043117,0.000330621,0,0,-0.000462768,0.000350273,0,0,-0.000356692,0.000302366,3.90496e-05,0,-0.000367771,0.000326362,6.18454e-05,0,
1790226180,0.000349503,3.34684e-05,0.000717465,-0.000241749,0.000514938,0.48756,0.000116722,0.000114726,0.495215,-0.00113043,-0.000897422,-0.000479969,-0.000153234,-2.08016e-05,0.00014848,0.000442951,0.00087119,0.00123111,0.000105746,0.000101275,0.000121289,0.000101103,8.07903e-05,0.00012077,0.000122433,0.000130682,-0.000556738,0.000507465,4.97383e-05,-0.000503655,0.00052348,0.000108408,0.496692,-0.00107132,-0.000407831,0.000426553,0.00117012,1790226000,-0.000359178,0.000311882,0,0,-0.000420357,0.000404133,0,0,-0.000404546,0.000330441,6.27968e-05,0,-0.000339333,0.000322691,4.50335e-05,0,
1790226240,0.000587188,8.1781e-05,0.000668921,-9.29411e-05,0.000512153,0.486049,0.00017461,0.000171389,0.288655,-0.00106896,-0.000860019,-0.000459764,-0.000155724,-2.28531e-05,0.000143008,0.000406568,0.000807684,0.00112766,0.000171557,0.000167262,0.000169099,0.000167062,0.000113427,0.000167474,0.000185632,0.0001918,-0.000524194,0.000378042,0,0.000467253,0,0.00055469,0.501862,-0.00100671,-0.000372715,0.000405237,0.00108447,1790226000,-0.000554601,0.000511424,0,1,-0.000361273,0.000350438,0,0,-0.000374705,0.000387548,4.0871e-05,0,-0.000341993,0.00031392,4.95111e-05,0,
1790226300,0.00247133,0,0.00292708,-0.00019693,0.000513761,0.486578,0.00102781,0.00102811,0.231601,-0.00102665,-0.000831211,-0.000444627,-0.000147546,-2.21922e-05,0.000145203,0.000408923,0.000808445,0.0011182,0.00105708,0.00107403,0.00100644,0.00108667,0.000906469,0.00100159,0.00105732,0.00098602,-0.00051528,0.000396055,0,0.000445854,0,0.000433043,0.508606,-0.000952138,-0.000348126,0.000396629,0.00105479,1790226300,-0.000530685,0.000458727,0,0,-0.000594488,0.000583386,0,0,-0.000377251,0.000346711,0,0,-0.000414287,0.00035755,1.14466e-05,0,
1790226360,-0.00143159,0,0.000137117,-0.00179909,0.000617107,0.489873,0.000413564,0.000417438,0.383671,-0.00161211,-0.00126824,-0.000665527,-0.000218112,-2.41897e-05,0.000217139,0.0006197,0.00121658,0.00171733,0.000521994,0.000508624,0.000411052,0.000452674,0.000604235,0.00040937,0.000394927,0.000382234,-0.000775072,0.000694109,5.05158e-05,-0.000678816,0.000736225,0.000257101,0.495758,-0.00142152,-0.000539441,0.000573549,0.0015768,1790226300,-0.00049227,0.000421545,0,1,-0.000504357,0.000510651,2.20886e-05,1,-0.000503005,0.000523051,7.52757e-05,1,-0.000373837,0.000333839,1.49105e-05,0,
1790226420,0.00152424,-7.7943e-05,0.00152424,-0.000185589,0.000643578,0.494867,0.000463527,0.000459544,0.346202,-0.00158755,-0.0012392,-0.000620054,-0.000193316,-1.29103e-05,0.000241159,0.000636864,0.00122531,0.00168214,0.000583103,0.000545776,0.000446543,0.000520851,0.000354913,0.00043431,0.000489436,0.000474088,-0.000756372,0.000681094,0,0.000662533,8.13718e-05,0.000757929,0.510198,-0.00140729,-0.000500555,0.000591386,0.00150401,1790226300,-0.000798279,0.000669974,9.57045e-06,1,-0.000515485,0.000446662,0,0,-0.000503602,0.000455201,5.32859e-05,0,-0.000547034,0.00050789,1.17606e-05,0,
1790226480,-0.000626472,3.70577e-06,0.00193625,-0.000626472,0.000672588,0.491529,0.00018002,0.000185446,0.302043,-0.0016479,-0.00132235,-0.000695108,-0.00021562,-2.12846e-05,0.000232671,0.000659786,0.00131596,0.00182599,0.000173916,0.000176043,0.000189165,0.000175031,0.000268878,0.000216295,0.000168186,0.000171812,-0.000816234,0.000646295,0,0.000660635,3.82821e-05,0.000705431,0.506952,-0.00139493,-0.000514095,0.000588534,0.00155519,1790226300,-0.000738497,0.000664695,0,1,-0.000805698,0.000806035,0,1,-0.000461742,0.000413399,7.81635e-05,1,-0.000480383,0.000431959,0.000103096,0,
1790226540,0.000107529,0,0.00059312,-0.000200257,0.000671697,0.487172,0.000112878,0.00011149,0.28476,-0.00167119,-0.00129004,-0.000660753,-0.000225265,-3.41817e-05,0.000234964,0.000644892,0.00124364,0.00170248,6.58941e-05,8.05438e-05,0.000118673,0.000111255,0.000115597,0.000139327,0.000106523,0.00011148,-0.000784889,0.00063922,0.000142791,0.00072472,6.58478e-05,0.00104647,0.505047,-0.00153454,-0.000556145,0.000632682,0.00161723,1790226300,-0.000707362,0.000614094,5.26389e-05,1,-0.000644286,0.000652023,0.000167467,1,-0.000658637,0.000689002,0.000153024,1,-0.000448362,0.000409023,9.48081e-05,1,
1790226600,-0.000849424,-7.41567e-05,0.000126054,-0.000849424,0.00066512,0.499329,0.000238586,0.000243589,0.227942,-0.00142368,-0.00112104,-0.000574879,-0.000172238,-3.18528e-06,0.000222405,0.000574487,0.00111949,0.00154039,0.000248719,0.000237871,0.00023791,0.000236958,0.000315056,0.000247762,0.000230611,0.000230673,-0.000689655,0.000553391,0,0.000607986,0,0.000630537,0.507551,-0.0012869,-0.000469049,0.000549091,0.00141742,1790226600,-0.00083441,0.000692648,0,1,-0.000751731,0.00065812,0,1,-0.000651372,0.000562306,0.000131618,1,-0.000698922,0.000640071,0.00011026,1,
1790226660,-0.000445401,0.000196656,0.000589851,-0.000593912,0.000669304,0.487774,0.000131982,0.000136332,0.204082,-0.00130941,-0.00101626,-0.000532919,-0.000163423,-2.46088e-05,0.000179344,0.00051269,0.00100989,0.00136038,0.000123214,0.000126584,0.000146208,0.000126702,0.000190136,0.000152576,0.000120557,0.000118951,-0.000629154,0.000524612,0.000124527,0.000552402,0,0.000608582,0.502334,-0.00120312,-0.000426616,0.000501881,0.00130756,1790226600,-0.000642595,0.000542687,0,1,-0.00068405,0.000734282,0.000215972,1,-0.000614463,0.000630704,0.000156052,1,-0.000586159,0.000555394,0.000212661,1,
1790226720,-0.000233915,7.42498e-06,4.08367e-05,-0.000233915,0.000665564,0.48992,9.61048e-05,9.97506e-05,0.136244,-0.00124863,-0.000982802,-0.000512186,-0.000153548,-1.93855e-05,0.000175586,0.000504565,0.000985532,0.00130034,8.07007e-05,9.08332e-05,0.00010668,9.53974e-05,0.000143734,0.000105828,8.60582e-05,8.92713e-05,-0.000610717,0.000516397,8.43982e-05,0.000555574,0,0.000603601,0.505139,-0.00119088,-0.000425312,0.00050784,0.00130292,1790226600,-0.00061114,0.000487185,0,1,-0.000667363,0.000560632,5.3531e-05,1,-0.000713898,0.000665237,0.00015635,1,-0.000632836,0.000625145,9.82832e-05,1,
1790226780,-0.000683494,0,0,-0.000884173,0.000659705,0.477599,0.000186287,0.000189226,0.156711,-0.00107741,-0.000855686,-0.000449192,-0.000148188,-3.60806e-05,0.000127623,0.000420875,0.000855603,0.00113766,0.000189127,0.000191631,0.000191292,0.000191221,0.000237126,0.000195498,0.000168235,0.000183199,-0.000525129,0.000324532,6.18167e-05,-0.000398654,0.000278368,0,0.492279,-0.000829389,-0.000293767,0.000335792,0.00093748,1790226600,-0.00059882,0.000476324,1.19508e-05,1,-0.000585672,0.000518906,9.08146e-05,1,-0.000619877,0.000556794,0.00012355,1,-0.000665512,0.000652779,0.000180057,1,
1790226840,4.83057e-05,8.91779e-05,0.000137479,-8.54696e-05,0.000660189,0.483615,7.22941e-05,7.12965e-05,0.160046,-0.00104612,-0.000825063,-0.00043638,-0.000145391,-2.62902e-05,0.000136806,0.000429211,0.000847469,0.0011107,6.27805e-05,7.46427e-05,8.90173e-05,6.10482e-05,9.64121e-05,7.88104e-05,7.62195e-05,6.08545e-05,-0.000520127,0.000428967,0.000105908,0.000484448,0,0.000510597,0.501947,-0.001045,-0.000366812,0.000442296,0.00115715,1790226600,-0.000450783,0.000316446,0,1,-0.000615497,0.000514365,7.57897e-05,1,-0.000560911,0.000526275,8.70152e-05,1,-0.000588403,0.000585144,0.000109334,1,
1790226900,4.83033e-05,-2.60105e-05,0.000650042,-2.60105e-05,0.000653589,0.48422,6.81531e-05,6.66426e-05,0.231862,-0.00097106,-0.000784655,-0.000416617,-0.000130928,-2.23127e-05,0.000121704,0.000402104,0.000795391,0.00104369,6.27065e-05,7.35257e-05,8.3071e-05,5.39884e-05,8.84099e-05,7.22369e-05,7.19761e-05,6.03746e-05,-0.000492613,0.000363259,4.92445e-05,-0.000446238,0.00033707,0,0.498158,-0.000916214,-0.000346137,0.000388016,0.00101229,1790226900,-0.000541139,0.000429551,0,1,-0.000485689,0.000368969,0,1,-0.000548046,0.000513004,0.000134802,1,-0.000561486,0.00054932,6.57448e-05,1,
1790226960,-0.000271272,-4.83033e-05,-4.83033e-05,-0.000858661,0.000647057,0.480754,8.58579e-05,8.8518e-05,0.336442,-0.000951693,-0.000759938,-0.000408216,-0.000128921,-2.52092e-05,0.00010836,0.000362765,0.000715912,0.000969051,8.68033e-05,9.45971e-05,9.82092e-05,8.42944e-05,0.00011064,9.29746e-05,7.4384e-05,8.09108e-05,-0.000465773,0.000325779,0.00011805,-0.000445874,0.000371038,5.68573e-05,0.497618,-0.000957347,-0.000350937,0.000386947,0.00101181,1790226900,-0.000481947,0.000354544,8.88931e-06,1,-0.000550784,0.000490694,2.58944e-05,1,-0.000443326,0.000413455,9.78736e-06,1,-0.000572064,0.000565258,5.21432e-05,1,
1790227020,0.00020439,-2.22996e-05,0.000434743,-0.000241606,0.000641701,0.48163,8.27495e-05,8.11666e-05,0.499451,-0.000920794,-0.00072886,-0.000380526,-0.000127293,-2.53283e-05,0.000115117,0.000368726,0.000734354,0.000994579,8.15397e-05,8.69748e-05,8.80713e-05,7.65574e-05,9.12818e-05,7.87323e-05,9.18338e-05,7.69773e-05,-0.000450837,0.00037253,9.60414e-05,0.000459214,0,0.000479816,0.502083,-0.000973636,-0.00035075,0.000414985,0.00108219,1790226900,-0.000478444,0.000401702,0,1,-0.000468737,0.00036692,7.82676e-05,1,-0.000500525,0.000509014,5.31394e-05,1,-0.000460208,0.000437944,0,1,
1790227080,-0.000401387,-3.71581e-06,8.17443e-05,-0.000449713,0.000635909,0.486183,0.000109202,0.000111753,0.587123,-0.00088333,-0.000701318,-0.000366964,-0.000120295,-1.76435e-05,0.000112597,0.000345744,0.000673851,0.000907461,0.000110418,0.000114912,0.000114031,0.000111897,0.000109898,0.000115272,9.65068e-05,0.000111427,-0.000429429,0.000322765,7.44962e-05,0.000429783,0,0.000439877,0.500134,-0.000912755,-0.000332062,0.000376244,0.000983458,1790226900,-0.000494195,0.000407881,0,1,-0.000487412,0.000459306,3.23775e-05,1,-0.000472409,0.000463075,1.78251e-05,1,-0.000521294,0.000535922,2.47907e-05,1,
1790227140,7.80601e-05,-1.48693e-05,9.66449e-05,-0.000144985,0.000632072,0.482498,5.85753e-05,5.68126e-05,0.71968,-0.00081899,-0.000647595,-0.000335153,-0.000107337,-2.17753e-05,0.000105171,0.000321975,0.000636475,0.000855069,6.43228e-05,7.15439e-05,6.85872e-05,5.32697e-05,6.82682e-05,5.8107e-05,6.2784e-05,5.14038e-05,-0.000395541,0.000283121,5.26886e-05,-0.000378314,0.000316102,0,0.496419,-0.000799728,-0.00027812,0.000325304,0.0008776,1790226900,-0.000448763,0.000368451,0,1,-0.000540778,0.000501756,0,1,-0.000490824,0.000478359,4.49082e-05,1,-0.000468274,0.000475255,1.3e-05,1,
1790227200,-7.43428e-05,-8.54947e-05,0.000315895,-0.000163561,0.000625817,0.487099,5.274e-05,5.08417e-05,0.529495,-0.000750752,-0.0005965,-0.000311912,-9.71232e-05,-1.41454e-05,9.80048e-05,0.000297726,0.000598137,0.000800288,6.20428e-05,6.88907e-05,6.33131e-05,4.72877e-05,5.10465e-05,5.43725e-05,4.78994e-05,4.95923e-05,-0.000367198,0.00023455,0,-0.00035247,0.000269358,0,0.497939,-0.000712404,-0.000252571,0.000292242,0.000787243,1790227200,-0.00044865,0.000340647,0,1,-0.000491539,0.000438844,0,1,-0.00047822,0.000505793,4.01788e-05,1,-0.000517842,0.000524593,0,1,
1790227260,-0.000249089,0.00014868,0.00014868,-0.000349485,0.000619616,0.484821,7.45825e-05,7.63381e-05,0.417406,-0.00074441,-0.000590122,-0.000309899,-9.41864e-05,-1.62154e-05,9.30915e-05,0.000289071,0.000569414,0.000757522,8.29495e-05,8.76303e-05,8.18698e-05,7.58831e-05,6.05492e-05,7.70692e-05,6.29324e-05,7.5626e-05,-0.00036101,0.00024403,4.64491e-05,-0.000387871,0.000321007,7.02886e-06,0.494042,-0.000836873,-0.000303813,0.000327072,0.000862556,1790227200,-0.000384692,0.000282537,0,1,-0.000468388,0.000399083,0,1,-0.000449104,0.000449271,5.63485e-05,1,-0.000503912,0.000526095,2.09179e-05,1,
1790227320,0.000587304,-6.69299e-05,0.000676484,-0.000100397,0.000614399,0.480112,0.000172158,0.000172486,0.347397,-0.000677181,-0.000547001,-0.000277715,-9.0355e-05,-2.00003e-05,8.30199e-05,0.000270527,0.000544598,0.000710496,0.000172218,0.000168347,0.000167483,0.000175025,0.000212656,0.000167702,0.000190383,0.000167941,-0.000329755,0.000193687,0,-0.000367412,0.000310343,0,0.49379,-0.000780396,-0.000275578,0.000313252,0.000852672,1790227200,-0.00044141,0.000349073,0,1,-0.000427085,0.000354741,0,1,-0.000422318,0.000407251,9.86545e-06,1,-0.000488828,0.000483005,0,1,
1790227380,0.000869171,7.06019e-05,0.000935999,2.97277e-05,0.000613869,0.480584,0.000287291,0.000289582,0.224199,-0.000772985,-0.000619753,-0.000321421,-0.000107072,-2.14189e-05,9.13497e-05,0.00029514,0.000583953,0.000776659,0.000267554,0.000256703,0.000267088,0.000300378,0.000316897,0.000285171,0.000299466,0.00029192,-0.00037227,0.000257231,2.00431e-05,-0.000420515,0.000371943,4.96829e-06,0.494609,-0.000934908,-0.000340364,0.000360431,0.000967502,1790227200,-0.000430484,0.000325118,0,0,-0.00045403,0.000409504,0,1,-0.000387549,0.000348472,0,1,-0.000434041,0.000433863,1.65904e-07,1,
1790227440,-0.000902616,-0.000222792,-0.000222792,-0.00111074,0.000620006,0.478426,0.000269804,0.000273382,0.165739,-0.000892676,-0.000697125,-0.000359362,-0.000127997,-2.76639e-05,0.000103045,0.000327048,0.000661693,0.000902416,0.000268952,0.000265193,0.000271415,0.000301993,0.000280628,0.000277928,0.000249902,0.000270029,-0.000415384,0.000303635,4.00467e-05,-0.000456356,0.000392999,2.17275e-05,0.491972,-0.00101654,-0.000378855,0.000386987,0.00105292,1790227200,-0.000479663,0.000380505,0,1,-0.000467019,0.000385182,0,1,-0.000443106,0.000373545,0,1,-0.000392395,0.000394819,1.18073e-05,1,
1790227500,0.000412407,2.22966e-05,0.000575837,2.22966e-05,0.000626908,0.4861,0.000121244,0.000119168,0.10568,-0.000897089,-0.000713425,-0.000358276,-0.000125681,-1.84138e-05,0.000116564,0.000358294,0.000692638,0.000912878,0.000123293,0.0001198,0.000119629,0.000118452,0.000123434,0.000119199,0.000129201,0.000118757,-0.000429944,0.000362514,0,-0.000474832,0.000429028,0,0.498182,-0.0010381,-0.000375347,0.000417757,0.00108107,1790227500,-0.000504337,0.000409721,0,1,-0.000470933,0.000454064,0,1,-0.000399819,0.00034593,0,1,-0.000443716,0.000445318,0,1,
1790227560,-1.11439e-05,-7.05802e-05,0.000375106,-0.00011516,0.000623342,0.492273,5.59611e-05,5.43023e-05,0.0971885,-0.000870271,-0.000696785,-0.000348941,-0.000108979,-9.55419e-06,0.000112381,0.000344706,0.000679521,0.00089653,5.93692e-05,6.4661e-05,6.27686e-05,4.75242e-05,6.43779e-05,6.4714e-05,5.32862e-05,5.52215e-05,-0.000416607,0.000300754,0,-0.000448808,0.000379219,0,0.498293,-0.000980404,-0.00035899,0.000389702,0.00102817,1790227500,-0.000491317,0.000422479,0,1,-0.000498039,0.000488979,0,1,-0.000430618,0.000410353,0,1,-0.000410887,0.00040956,0,1,
1790227620,-0.000241482,-0.000100301,-7.42934e-06,-0.000274922,0.000617079,0.480397,7.54372e-05,7.78575e-05,0.0890481,-0.000839242,-0.000669224,-0.000335766,-0.000106438,-2.17235e-05,9.15609e-05,0.000316639,0.000627455,0.000837286,8.18999e-05,8.57405e-05,8.23734e-05,7.47722e-05,8.15116e-05,8.41296e-05,6.13541e-05,7.56226e-05,-0.000393174,0.000258198,3.08826e-05,-0.000451166,0.000364057,1.94858e-05,0.491846,-0.000994068,-0.000370567,0.000383327,0.00101813,1790227500,-0.000468692,0.000375479,0,1,-0.000512911,0.000443325,1.74912e-05,1,-0.000455011,0.000414957,0,1,-0.000439933,0.000437973,1.04631e-06,1,
1790227680,0.000286057,-3.71562e-05,0.00049776,-3.71562e-05,0.000611831,0.482313,8.65729e-05,8.50063e-05,0.0790766,-0.000744727,-0.00059341,-0.000296335,-9.41041e-05,-1.80868e-05,8.66206e-05,0.000291168,0.000584274,0.000787568,9.48811e-05,9.65382e-05,9.11818e-05,8.2801e-05,9.52337e-05,8.8635e-05,9.60358e-05,8.43513e-05,-0.000353071,0.000233912,0,-0.000393799,0.000298975,0,0.491404,-0.000849857,-0.000312257,0.000331687,0.000902368,1790227500,-0.000488339,0.000373409,0,1,-0.00048291,0.000408829,0,1,-0.000463167,0.000359231,4.0018e-06,1,-0.000470907,0.000437531,1.97178e-05,1,
1790227740,3.71442e-05,5.94301e-05,8.91438e-05,-0.000252617,0.000607031,0.475908,5.30652e-05,5.10351e-05,0.0799765,-0.000771306,-0.000613342,-0.000314726,-0.00010996,-2.63813e-05,8.55509e-05,0.000293303,0.000584327,0.000780178,6.1954e-05,6.4739e-05,5.68502e-05,4.87587e-05,5.75352e-05,5.40932e-05,5.0399e-05,5.21949e-05,-0.000367054,0.000237239,0,-0.000409104,0.000336188,0,0.495709,-0.000892177,-0.00032927,0.00034771,0.000925588,1790227500,-0.000416665,0.000323901,0,1,-0.000464518,0.000422733,3.09619e-05,1,-0.000433516,0.000371822,0,1,-0.000464052,0.000430345,4.33013e-05,1,
1790227800,-0.00103312,0,0.00044191,-0.0011893,0.000600953,0.484399,0.000359285,0.000365275,0.0792906,-0.000753333,-0.000610064,-0.000314856,-9.99007e-05,-1.63292e-05,9.07406e-05,0.000297553,0.000589431,0.000755221,0.000321786,0.000327509,0.00035848,0.000369938,0.000346132,0.000364509,0.000372608,0.000351124,-0.000369021,0.000264213,0,-0.000387367,0.000326159,0,0.496604,-0.000796243,-0.000306489,0.000327751,0.000846925,1790227800,-0.000416618,0.000347785,0,1,-0.000446502,0.000351395,0,1,-0.000460642,0.000371621,0,1,-0.000429403,0.00042,3.04301e-05,1,
1790227860,-0.000185927,0.000122693,0.000122693,-0.000304938,0.000612592,0.496257,7.53129e-05,7.72528e-05,0.0664542,-0.000959498,-0.000734432,-0.000359577,-0.000109585,-6.64826e-06,0.000141091,0.000382542,0.000734019,0.000973481,7.27778e-05,7.58008e-05,7.42055e-05,7.8121e-05,6.40814e-05,7.86683e-05,7.49384e-05,7.40708e-05,-0.000448254,0.000493778,6.27251e-05,0.000493128,5.12975e-05,0.000526549,0.504838,-0.00108511,-0.000384028,0.000445698,0.00112828,1790227800,-0.000403482,0.000310346,0,0,-0.000419073,0.000393091,0,1,-0.000409114,0.000319012,0,1,-0.000435791,0.000414987,4.71444e-05,1,
1790227920,1.48754e-05,0,0.000271442,-0.000178522,0.000607005,0.48411,5.24915e-05,5.04884e-05,0.0594741,-0.000774565,-0.000613143,-0.000312641,-0.000103609,-1.68625e-05,9.16859e-05,0.000311545,0.000633918,0.000818564,6.06612e-05,6.32866e-05,5.89268e-05,5.1068e-05,5.91555e-05,5.92862e-05,4.62416e-05,4.84233e-05,-0.000374652,0.000252443,0,-0.000390418,0.000310095,0,0.493627,-0.000828512,-0.000303243,0.000335458,0.000897993,1790227800,-0.000537315,0.000483114,0,1,-0.000387418,0.000340813,6.25136e-05,1,-0.000399233,0.000361066,0,1,-0.000387818,0.000370693,2.60888e-05,1,
1790227980,-0.00031987,-6.69411e-05,8.92479e-05,-0.00031987,0.000600908,0.477019,8.6545e-05,8.79904e-05,0.0549196,-0.000780521,-0.000622783,-0.000319541,-0.000106153,-2.35238e-05,8.1241e-05,0.000296016,0.000597473,0.000795905,9.51987e-05,9.68695e-05,9.20985e-05,9.04357e-05,8.02034e-05,9.34051e-05,7.70925e-05,8.60616e-05,-0.000371749,0.000290072,5.43804e-05,-0.000412765,0.00033499,1.80164e-05,0.49197,-0.000898326,-0.000335565,0.000351171,0.000932134,1790227800,-0.00038693,0.000292867,6.01227e-06,1,-0.000494149,0.000505817,4.34191e-05,1,-0.000374485,0.000337089,0,1,-0.000406411,0.000407969,1.02232e-05,1,
1790228040,-7.44031e-05,0,7.06778e-05,-0.000111607,0.000596586,0.473361,5.04986e-05,4.80062e-05,0.0482447,-0.000755296,-0.000596953,-0.000304194,-9.77307e-05,-2.6463e-05,7.52639e-05,0.000282336,0.000568335,0.000759232,6.20422e-05,6.37191e-05,5.62822e-05,5.32451e-05,5.13685e-05,5.55619e-05,4.36151e-05,4.588e-05,-0.000354036,0.000284693,2.02183e-06,-0.000384145,0.000307104,0,0.490455,-0.000840117,-0.000309038,0.000323322,0.000871183,1790227800,-0.000421394,0.000325488,0,1,-0.00043807,0.000337617,0,1,-0.000463282,0.000429123,0,1,-0.000375365,0.000379688,3.6522e-05,1,
1790228100,0.000230632,5.95229e-05,0.00055417,4.46425e-05,0.000590684,0.470895,7.42613e-05,7.36837e-05,0.0492703,-0.000688149,-0.000544174,-0.000279281,-8.66778e-05,-2.59288e-05,6.55217e-05,0.000252753,0.000522235,0.000696532,8.56749e-05,8.46047e-05,7.71918e-05,7.25499e-05,8.93907e-05,7.45925e-05,7.63713e-05,7.25336e-05,-0.000321869,0.000224488,0,-0.000342709,0.000236909,0,0.488007,-0.000721414,-0.000270403,0.000275167,0.000757368,1790228100,-0.000393426,0.000327837,0,1,-0.000424607,0.000394504,1.46484e-05,1,-0.000360926,0.000310622,5.27345e-06,1,-0.000444074,0.000497501,5.06518e-05,1,
1790228160,-0.000126469,1.48776e-05,0.000156204,-0.000126469,0.000585656,0.482326,5.14987e-05,5.26049e-05,0.0529438,-0.000686646,-0.000543427,-0.000273345,-7.67519e-05,-1.54158e-05,7.41505e-05,0.000260402,0.000513971,0.000686624,6.48826e-05,6.49683e-05,5.56419e-05,5.05087e-05,5.17155e-05,5.61276e-05,4.29206e-05,5.20539e-05,-0.000321231,0.000258929,1.64315e-05,-0.000342897,0.000294019,2.59769e-06,0.493612,-0.000736906,-0.000270349,0.000282929,0.000756535,1790228100,-0.000329428,0.000262753,0,1,-0.000406012,0.000358885,0,1,-0.000402068,0.000361881,0,1,-0.000382063,0.000378227,1.24526e-05,1,
1790228220,0.000431416,2.6039e-05,0.000431416,-0.000115324,0.000580045,0.471767,0.000125682,0.00012554,0.0545789,-0.000647869,-0.000511783,-0.000250458,-7.56794e-05,-2.37953e-05,6.28078e-05,0.000239773,0.000482628,0.000644366,0.000128777,0.000124539,0.000123633,0.000122887,0.000142937,0.000122014,0.000136371,0.000124096,-0.000295184,0.000209569,0,-0.000304623,0.000238692,0,0.490609,-0.000633278,-0.000228038,0.000240332,0.000665961,1790228100,-0.000362817,0.000304957,0,1,-0.000374199,0.000296979,0,1,-0.000383341,0.000326883,0,1,-0.000401389,0.000406103,3.03719e-05,1,
1790228280,0.00134512,2.23096e-05,0.00137111,1.11548e-05,0.000577448,0.488353,0.000538761,0.000541911,0.0565088,-0.000683743,-0.000553572,-0.000263704,-7.87237e-05,-1.02158e-05,7.81849e-05,0.000264805,0.000524542,0.000684535,0.000493998,0.000496332,0.00052864,0.000556849,0.000556511,0.000530351,0.000552811,0.000536383,-0.000317249,0.000269482,0,-0.000351677,0.000301497,0,0.497145,-0.000760343,-0.000277257,0.000297765,0.000797789,1790228100,-0.000330467,0.00026817,0,0,-0.000363021,0.000361604,0,0,-0.000348389,0.000284709,0,0,-0.000377578,0.000382144,5.83691e-06,1,
1790228340,-0.000731788,-0.000241394,-0.000122547,-0.000947341,0.000602465,0.476582,0.000198404,0.000201141,0.110716,-0.000990423,-0.000774585,-0.000393549,-0.000137034,-3.13316e-05,0.000104869,0.00034277,0.000698932,0.000986734,0.00020315,0.00020471,0.000204304,0.000226168,0.000209784,0.000208235,0.000185448,0.000195722,-0.000446747,0.000387169,4.5442e-05,-0.000479914,0.000441642,5.40268e-05,0.48995,-0.00106974,-0.000406231,0.0004046,0.00110791,1790228100,-0.000356816,0.000299178,0,1,-0.00034654,0.000309185,0,1,-0.000349528,0.000333176,0,1,-0.000346925,0.000337755,5.54669e-07,1,
1790228400,0.000999111,-3.34448e-05,0.000999111,-3.34448e-05,0.000605322,0.493792,0.000319999,0.000322031,0.0959245,-0.000911007,-0.000726616,-0.000352983,-0.0001088,-8.87145e-06,0.000127157,0.000362816,0.000699262,0.000920414,0.000320428,0.000310805,0.000303839,0.000358936,0.00032436,0.000291906,0.000333313,0.000324601,-0.000430816,0.000394611,0,-0.000468897,0.000450794,0,0.498143,-0.00103892,-0.00037744,0.000411813,0.00107754,1790228400,-0.00050169,0.000432807,0,1,-0.000372493,0.000361821,0,0,-0.000329137,0.000286975,0,0,-0.000358474,0.000387331,0,0,
1790228460,-0.000932224,9.65154e-05,0.000508457,-0.00112918,0.000615671,0.501555,0.000281564,0.000283547,0.145907,-0.00098307,-0.000769951,-0.000376133,-9.91262e-05,1.94377e-08,0.000130855,0.000381392,0.000759535,0.00101732,0.000280674,0.000278736,0.000269051,0.00032789,0.000289812,0.000263157,0.000277099,0.00028963,0.000455216,0,0.000393411,-0.000488704,0.000460843,0,0.499241,-0.00107366,-0.000398679,0.000425502,0.00113236,1790228400,-0.000492714,0.000443697,0,1,0.000496052,2.08172e-05,0.000454413,1,-0.00033516,0.000328593,0,1,-0.000325505,0.000341318,4.01455e-07,1,
1790228520,-0.000353061,-0.000104047,7.80282e-05,-0.000609573,0.000623579,0.491132,0.000107628,0.000109242,0.144384,-0.00107976,-0.000851045,-0.000417682,-0.000133759,-1.33783e-05,0.000139972,0.000425689,0.000808889,0.00107437,0.000100561,0.000104631,0.000111701,0.000103637,0.000109797,0.00011731,0.00010485,0.000105834,-0.000507009,0.000509461,7.44353e-05,-0.000557234,0.000598096,8.73935e-05,0.499363,-0.0012292,-0.000443908,0.000488581,0.00125872,1790228400,-0.000489057,0.000430043,0,1,-0.000470033,0.000465367,3.261e-05,1,-0.000431468,0.000419562,9.0314e-06,1,-0.000353393,0.000364503,2.27265e-05,1,
1790228580,0.000657708,0.000104073,0.000657708,0.000104073,0.000619328,0.496238,0.00018551,0.00018476,0.120734,-0.000949034,-0.000761661,-0.00037708,-0.000106504,-6.22925e-06,0.000131503,0.000392161,0.000777487,0.00100478,0.000191765,0.000187764,0.000188169,0.000187252,0.000189744,0.000186628,0.000184477,0.000182788,-0.000463282,0.000440082,0,0.00049228,0,0.000457801,0.501593,-0.00106926,-0.000388879,0.0004399,0.0011359,1790228400,-0.000616874,0.000516918,0,1,-0.000503719,0.000469299,0,1,-0.000453216,0.000377036,0,1,-0.000459437,0.000436395,4.39102e-05,1,
1790228640,-0.000226619,-3.71465e-06,5.20036e-05,-0.000390113,0.000620119,0.474312,7.69331e-05,7.84765e-05,0.124997,-0.000934267,-0.000752733,-0.000381492,-0.000125508,-3.23835e-05,9.61598e-05,0.000342122,0.000701609,0.00092684,7.95161e-05,8.31029e-05,8.75727e-05,6.95538e-05,8.87526e-05,9.31992e-05,6.51306e-05,7.39684e-05,-0.000438141,0.000305532,2.9785e-05,-0.000434223,0.000337729,1.34826e-05,0.491645,-0.000968596,-0.000360545,0.000366024,0.000991407,1790228400,-0.000495507,0.000413819,0,1,-0.000517368,0.000548419,9.94242e-05,1,-0.000428554,0.00040032,3.16556e-05,1,-0.000415614,0.0004148,9.70622e-05,1,
1790228700,-0.000408787,-0.000118903,-0.000104039,-0.000669011,0.000614722,0.486036,0.000113368,0.000114953,0.105879,-0.000961969,-0.000780157,-0.000385572,-0.000123685,-1.80767e-05,0.000113838,0.000372729,0.000725135,0.0009538,0.000113094,0.000114954,0.000115155,0.000114163,0.000115588,0.000121161,0.000110785,0.000112026,-0.000456116,0.000417154,7.51254e-06,-0.000470695,0.000422202,0,0.492212,-0.00103399,-0.000391142,0.000404389,0.00106222,1790228700,-0.000431871,0.000334736,0,1,-0.000513049,0.000437396,2.12623e-05,1,-0.000503184,0.000443137,6.69193e-06,1,-0.000435192,0.000435107,6.68772e-05,1,
1790228760,0.000483094,3.717e-06,0.000672551,-0.000252788,0.000611284,0.483969,0.000139342,0.000138935,0.091067,-0.00088968,-0.000718642,-0.000354018,-0.000113844,-2.08053e-05,0.00011142,0.000357465,0.000703445,0.000929807,0.000143261,0.000139231,0.000139158,0.000138117,0.000142462,0.000138374,0.000140693,0.000139061,-0.000427291,0.000392321,0,-0.000430007,0.000397748,0,0.499079,-0.000944053,-0.00033971,0.000384448,0.00101376,1790228700,-0.000527909,0.000420091,0,1,-0.000409293,0.000397828,2.50706e-05,1,-0.000450403,0.000385645,1.78989e-05,1,-0.000458469,0.000469716,0.000138864,1,
1790228820,-0.000698703,-0.000100316,5.57266e-05,-0.000754472,0.000608985,0.484405,0.000193841,0.000195181,0.0837047,-0.000917183,-0.000732719,-0.000364688,-0.000119777,-1.92457e-05,0.000106597,0.000350975,0.000693883,0.000919473,0.00019357,0.000195431,0.000195052,0.000204215,0.000195327,0.00019834,0.000187062,0.000195528,-0.00043077,0.000366791,3.47565e-05,-0.000440414,0.000419543,5.0019e-05,0.49861,-0.000974002,-0.000355825,0.000389466,0.00103171,1790228700,-0.000442553,0.000385472,0,1,-0.000435816,0.00041003,8.47401e-05,1,-0.000386277,0.000373063,0,1,-0.000421659,0.000442374,9.0996e-05,1,
1790228880,-0.000263999,2.60243e-05,0.000178439,-0.000323501,0.000610908,0.480111,8.30503e-05,8.36001e-05,0.069658,-0.000890144,-0.00070701,-0.000351979,-0.000121641,-2.48826e-05,0.00010267,0.000343453,0.000668714,0.000896444,8.55732e-05,8.81856e-05,8.91199e-05,7.71794e-05,8.60342e-05,9.63353e-05,7.76817e-05,7.96386e-05,-0.000418133,0.000358879,6.62677e-06,-0.000430985,0.000399426,1.51438e-05,0.497901,-0.000962403,-0.000342337,0.000383797,0.00100577,1790228700,-0.000469128,0.000387793,0,1,-0.000464888,0.000429314,0,1,-0.000456879,0.000399416,0,1,-0.000400371,0.000382921,5.68729e-05,1,
1790228940,-0.000610067,-5.95023e-05,-4.83454e-05,-0.000703098,0.00060592,0.481267,0.000171782,0.000171708,0.0562522,-0.000805503,-0.000643827,-0.000317636,-0.000106555,-2.22561e-05,9.89745e-05,0.00032641,0.000650029,0.000852756,0.000168579,0.000170746,0.00017033,0.00017761,0.00016233,0.000173775,0.000175407,0.000178007,-0.000387367,0.000310279,0,-0.000389541,0.000337251,0,0.498549,-0.000849643,-0.000302608,0.000345742,0.000912915,1790228700,-0.000472238,0.000390074,0,1,-0.000458302,0.000466077,9.47814e-06,1,-0.000423158,0.00039062,0,1,-0.000399181,0.000404664,9.09302e-05,1,
1790229000,0.000167433,1.48841e-05,0.000472462,-7.07025e-05,0.000606003,0.475977,6.97048e-05,7.08629e-05,0.0460277,-0.000834361,-0.000657185,-0.000330405,-0.000118339,-2.88144e-05,9.35542e-05,0.000330281,0.000648874,0.000870207,7.55239e-05,7.5357e-05,7.46421e-05,6.27029e-05,8.12321e-05,7.84713e-05,6.93852e-05,6.47231e-05,-0.000396426,0.000325834,0,-0.000410139,0.000363434,3.61543e-06,0.495543,-0.000908475,-0.000323913,0.000363546,0.000958352,1790229000,-0.000408311,0.000340333,0,1,-0.000441514,0.000425177,5.22799e-05,1,-0.000416778,0.000420194,3.27847e-06,1,-0.0004043,0.000436277,6.17484e-05,1,
1790229060,-0.000279071,-0.000126503,0.000115327,-0.000305122,0.000600379,0.481166,8.4217e-05,8.40835e-05,0.0490155,-0.00081775,-0.000657597,-0.000327792,-0.000109942,-2.22018e-05,9.80831e-05,0.000325551,0.000640344,0.000839211,8.81407e-05,8.95094e-05,8.74772e-05,7.92971e-05,8.23318e-05,9.37469e-05,7.95169e-05,8.32625e-05,-0.000392251,0.000331774,9.32364e-06,-0.000413478,0.000368608,2.60331e-05,0.49635,-0.000918535,-0.000334759,0.000362886,0.000955793,1790229000,-0.000443332,0.000343894,0,1,-0.000433366,0.000371998,6.14742e-06,1,-0.000423202,0.000371991,0,1,-0.000425222,0.000454095,6.2208e-05,1,
1790229120,3.34927e-05,-3.72148e-06,0.000241866,-0.000294039,0.000595654,0.476461,5.14272e-05,5.07522e-05,0.0552904,-0.000779948,-0.000611534,-0.000301085,-0.000106253,-2.61447e-05,8.73083e-05,0.00030127,0.000592489,0.00079076,6.18647e-05,6.19038e-05,5.75465e-05,4.38268e-05,6.30222e-05,6.11798e-05,4.85628e-05,4.66289e-05,-0.000361433,0.000296152,1.39965e-05,-0.00038551,0.000321954,1.39547e-05,0.492132,-0.000860643,-0.000312648,0.00033223,0.000886289,1790229000,-0.00044878,0.000363067,0,1,-0.000430217,0.000389661,3.42599e-05,1,-0.000394392,0.000347756,0,1,-0.000410271,0.000421396,7.3793e-05,1,
1790229180,-9.3038e-05,-7.44272e-06,0.000725399,-9.3038e-05,0.000589686,0.483999,5.35918e-05,5.11414e-05,0.0635249,-0.000749406,-0.000596634,-0.000297263,-9.93556e-05,-1.74628e-05,9.40322e-05,0.000300569,0.000593234,0.000784291,6.30278e-05,6.31274e-05,5.68912e-05,4.81515e-05,5.88761e-05,5.96781e-05,5.11141e-05,5.11563e-05,-0.000359063,0.000323475,0,-0.00039075,0.000363426,1.16126e-05,0.497473,-0.000853073,-0.000311855,0.000344771,0.0009,1790229000,-0.000423833,0.000347963,0,1,-0.000434709,0.000418013,1.01776e-05,1,-0.000395537,0.000360357,0,1,-0.000393348,0.000417558,3.41211e-05,1,
1790229240,0,3.72168e-06,0.000241881,-3.7217e-06,0.000583908,0.477311,4.91229e-05,4.78512e-05,0.0743192,-0.000768638,-0.000597791,-0.000302573,-9.82919e-05,-2.45224e-05,8.58922e-05,0.000297764,0.000582629,0.000763364,5.98721e-05,5.82409e-05,5.02534e-05,5.11669e-05,5.8705e-05,5.08424e-05,4.658e-05,4.58877e-05,-0.000360677,0.000333603,4.25568e-05,-0.000395026,0.000367803,4.73276e-05,0.494347,-0.00087702,-0.000323627,0.000341914,0.000879601,1790229000,-0.000414783,0.000348874,0,1,-0.000408023,0.000391371,1.20052e-05,1,-0.000423775,0.000398738,0,1,-0.000396972,0.000409688,5.15471e-05,1,
1790229300,-1.48869e-05,0,8.93166e-05,-0.000301502,0.000578039,0.474788,4.37045e-05,4.16013e-05,0.0908996,-0.000676767,-0.000538808,-0.000272929,-8.60474e-05,-2.301e-05,7.05671e-05,0.000260862,0.000521805,0.000687133,5.90207e-05,5.70391e-05,4.77996e-05,3.96382e-05,5.65332e-05,4.90413e-05,3.89839e-05,4.1818e-05,-0.000321472,0.000269053,0,-0.00029674,0.000237736,0,0.491917,-0.000614061,-0.000223305,0.000235139,0.000624823,1790229300,-0.000423348,0.000368644,0,1,-0.00043566,0.000416259,0,1,-0.000417967,0.000371693,0,1,-0.000408869,0.000439229,4.27061e-05,1,
1790229360,-0.000524904,-1.48871e-05,-1.48871e-05,-0.000532352,0.000572234,0.482095,0.000147507,0.000147411,0.107847,-0.000681479,-0.000549396,-0.000274327,-8.65041e-05,-1.69586e-05,8.00465e-05,0.000273416,0.000548343,0.000726974,0.000145166,0.000146871,0.00014631,0.000147555,0.000132647,0.000148084,0.000149936,0.000148923,-0.000328749,0.000314541,7.04163e-06,-0.000318952,0.000290558,0,0.493939,-0.000672146,-0.000244821,0.000269432,0.000709102,1790229300,-0.000330128,0.000265342,0,1,-0.000419696,0.000408465,2.44954e-05,1,-0.000410775,0.000387982,0,1,-0.000397845,0.000415741,2.77054e-05,1,
1790229420,-0.000528905,-1.11712e-05,0.000335077,-0.00059597,0.000571326,0.481685,0.000149938,0.000148941,0.0867889,-0.000684932,-0.000539388,-0.00026607,-8.29645e-05,-1.62268e-05,7.46581e-05,0.000269246,0.000543834,0.000718102,0.000146092,0.000147903,0.000147357,0.000153776,0.00013017,0.000149376,0.000157298,0.000152739,-0.00032151,0.00030507,0,-0.000337149,0.000315027,0,0.491143,-0.000739393,-0.000263941,0.00028945,0.000767968,1790229300,-0.00035683,0.000277495,0,0,-0.00034458,0.000304413,0,1,-0.000419269,0.000363435,0,1,-0.000407736,0.000441021,3.10047e-05,1,
1790229480,-0.000130407,-3.72568e-06,-3.72568e-06,-0.00105865,0.000570508,0.488558,6.02058e-05,5.87859e-05,0.077402,-0.000796449,-0.000602,-0.000290056,-9.31405e-05,-1.27734e-05,0.000101145,0.000323602,0.000613817,0.000809141,6.49585e-05,6.23218e-05,5.63862e-05,5.73263e-05,5.5774e-05,5.75787e-05,6.41925e-05,6.18794e-05,-0.000371565,0.00042013,2.54771e-05,-0.000404132,0.000434954,1.799e-05,0.497243,-0.000897725,-0.000322797,0.00036111,0.000919475,1790229300,-0.000397099,0.000306653,0,1,-0.000386617,0.000359228,0,1,0.00035206,0,0.000303513,1,-0.000431555,0.000445897,0,1,
1790229540,-0.000670933,7.45229e-06,0.000193741,-0.000734323,0.000565075,0.488528,0.000200015,0.000197591,0.085501,-0.000790302,-0.000605342,-0.000304047,-0.000101921,-1.38062e-05,0.000108801,0.000332734,0.000627986,0.000838686,0.000185433,0.000187183,0.000198584,0.000186341,0.000165902,0.000200379,0.000205658,0.000209695,-0.000384604,0.000417451,4.41768e-05,-0.00042766,0.000456394,5.48808e-05,0.497345,-0.000927019,-0.00034201,0.000380795,0.000968901,1790229300,-0.000469591,0.000380458,0,1,0.00039473,0,0.000361255,1,0.000355421,0,0.000304737,0,0.000347251,1.91744e-05,0.00033704,0,
1790229600,0.000111853,0.000171504,0.000715646,2.98288e-05,0.000567386,0.47997,6.59069e-05,6.59689e-05,0.0594101,-0.000919338,-0.000723498,-0.000376488,-0.000133618,-2.47063e-05,0.000100912,0.000370859,0.000696908,0.000916843,6.62452e-05,6.22304e-05,5.78638e-05,7.71565e-05,7.32031e-05,5.54426e-05,7.36835e-05,6.40479e-05,-0.000448902,0.000556231,0.000103548,-0.000486951,0.000565441,9.30683e-05,0.487053,-0.00103887,-0.000410125,0.000406555,0.00102555,1790229600,-0.000464801,0.000356593,2.61233e-06,1,-0.000440371,0.000418077,0,1,0.000360169,0,0.00030648,1,0.000363818,2.43208e-05,0.000374084,0,
1790229660,-0.000607888,-5.96536e-05,0.000216215,-0.000958617,0.000561906,0.47666,0.000172556,0.000169341,0.0595745,-0.000787286,-0.000600541,-0.000313557,-0.000108431,-2.43876e-05,8.2349e-05,0.000306649,0.000609655,0.000788747,0.00016802,0.000169654,0.000172184,0.000168786,0.000146007,0.000175141,0.000178901,0.000177211,-0.000372922,0.000361636,2.59533e-05,-0.00040817,0.000377109,1.76081e-05,0.487286,-0.000888985,-0.000340475,0.000347156,0.000891666,1790229600,-0.000631512,0.00046639,0,1,-0.000477474,0.000455057,0,1,0.000416376,0,0.000370538,1,0.000356073,1.4089e-05,0.000361484,0,
1790229720,0.000115639,-1.11916e-05,0.000619073,-0.000839717,0.000562863,0.487269,6.39199e-05,6.29068e-05,0.048296,-0.000928812,-0.000678867,-0.000334438,-0.000121465,-1.6797e-05,0.000117387,0.000367621,0.000686705,0.000917792,6.67164e-05,6.20031e-05,5.86469e-05,7.10841e-05,7.45514e-05,5.57199e-05,6.33269e-05,6.78126e-05,-0.000424389,0.000455679,5.33562e-05,-0.000445628,0.000466584,4.4789e-05,0.489336,-0.00097601,-0.000365561,0.000382763,0.000969282,1790229600,-0.000415718,0.000349897,0,1,0.000580036,0,0.000538378,1,0.000415893,0,0.000393533,1,0.000402374,4.39772e-05,0.000415708,1,
1790229780,0.000760646,-8.95258e-05,0.00082028,-0.000656709,0.000557445,0.489545,0.000214899,0.000219953,0.0464561,-0.000929492,-0.000700272,-0.000347172,-0.000119231,-1.35822e-05,0.000118556,0.00037443,0.000705027,0.000920305,0.000225474,0.000227347,0.000234367,0.000217831,0.000272427,0.000235174,0.000206589,0.000203118,-0.000435573,0.000479096,4.70479e-05,-0.000468647,0.000543558,6.21603e-05,0.490282,-0.000999431,-0.000384235,0.000398823,0.00101239,1790229600,0.000477441,0,0.000393857,1,-0.000440837,0.000393802,0,1,-0.000518628,0.000437097,0,1,0.000437198,2.36606e-05,0.00046578,1,
1790229840,0.000562655,1.8636e-05,0.000659504,-1.49091e-05,0.00056223,0.480583,0.000160238,0.000163136,0.0444168,-0.000970681,-0.000742632,-0.000370232,-0.000137067,-2.35908e-05,0.000100154,0.000373266,0.000727407,0.000938245,0.000165494,0.00016103,0.000160959,0.000162845,0.000179267,0.000159526,0.000164051,0.000154449,-0.000446378,0.000485825,0.000107375,-0.000477868,0.00049924,8.54253e-05,0.481776,-0.00102881,-0.000405097,0.000392475,0.00103476,1790229600,0.000484797,0,0.00044929,1,0.000454077,0,0.000466506,1,0.000421668,0,0.000393333,1,-0.000435607,0.000459876,2.45039e-05,1,
1790229900,0.000286795,8.56746e-05,0.000435747,-0.000316687,0.000562238,0.475766,9.24652e-05,9.38521e-05,0.0526508,-0.000909612,-0.00071657,-0.00035554,-0.000125876,-2.68025e-05,8.60459e-05,0.000343211,0.000666568,0.000877404,9.51428e-05,9.04513e-05,8.96919e-05,9.4132e-05,9.87521e-05,8.71516e-05,9.49904e-05,9.31943e-05,-0.000420504,0.000406026,1.92517e-05,-0.000414731,0.000388968,0,0.481669,-0.000910365,-0.000358776,0.00033725,0.000900116,1790229900,0.000495548,0,0.000444578,1,0.00050383,0,0.000456028,1,0.000436449,0,0.000394431,1,0.000444139,6.88683e-06,0.000400394,1,
1790229960,-0.000514055,7.82025e-05,0.000152675,-0.00105074,0.000558063,0.490556,0.000147475,0.000146266,0.0591483,-0.000892894,-0.000717901,-0.000350333,-0.000122037,-1.2247e-05,0.000119671,0.000371751,0.000706444,0.000909359,0.00014203,0.000143656,0.000143165,0.000142781,0.000130046,0.000145798,0.00014913,0.000153356,-0.000435646,0.000455774,2.56774e-06,-0.000446169,0.000470262,0,0.483909,-0.000949534,-0.000378301,0.000366509,0.00095771,1790229900,0.000436735,0,0.000328359,1,0.000500827,9.31853e-06,0.000436527,1,0.000448885,0,0.00041262,1,0.000448965,3.97991e-06,0.000440251,1,
1790230020,0.000923619,5.58883e-05,0.000945954,5.58883e-05,0.000557217,0.492272,0.000274197,0.000277435,0.0464518,-0.00092396,-0.000720322,-0.000348359,-0.000119906,-1.06116e-05,0.00012802,0.000393795,0.000743968,0.000947859,0.000288502,0.000296424,0.000300991,0.000271201,0.000331709,0.000303068,0.000261929,0.000261098,-0.000449831,0.000510274,1.00977e-05,-0.000465914,0.000554246,0,0.492265,-0.00099047,-0.000376669,0.000398307,0.00101207,1790229900,0.000447269,0,0.000361281,1,0.000429732,0,0.000369275,1,0.000443543,0,0.000403312,1,0.000475341,2.70836e-05,0.000442182,1,
1790230080,0.000435444,-7.44513e-06,0.000915328,-0.000134021,0.000566871,0.488127,0.000124492,0.000125947,0.068398,-0.000909442,-0.000711787,-0.00036525,-0.000118235,-1.36464e-05,0.000103562,0.000361488,0.000704369,0.000913027,0.000129962,0.000125718,0.000126102,0.000125825,0.000135094,0.000125448,0.000126086,0.0001205,-0.00043641,0.000441373,5.00358e-06,-0.00045524,0.000459783,0,0.482921,-0.000977992,-0.000387779,0.00037203,0.000987182,1790229900,0.000506813,0,0.000394036,1,0.000480121,0,0.000397906,1,0.000416185,0,0.000347519,1,0.000490708,0,0.000456651,1,
1790230140,0.000230671,0,0.000450131,-0.000260499,0.000564542,0.48737,8.50711e-05,8.56294e-05,0.0791104,-0.000963559,-0.000748286,-0.000389186,-0.000126049,-1.5738e-05,0.000111128,0.000376164,0.000721804,0.000930435,8.60057e-05,8.13593e-05,8.32908e-05,8.76017e-05,8.48306e-05,8.33964e-05,8.80715e-05,8.39729e-05,-0.000460269,0.000446818,4.45868e-05,-0.000472163,0.000483637,6.9922e-05,0.48046,-0.00101763,-0.000405007,0.000381213,0.00101105,1790229900,0.000479061,0,0.000400903,1,0.000496419,0,0.000462743,1,0.000439505,0,0.000372021,1,0.000424048,0,0.00040463,1,
1790230200,0.000156231,-8.92857e-05,0.000200864,-0.000788966,0.00055982,0.496263,6.83508e-05,6.83322e-05,0.0838605,-0.000863124,-0.000688918,-0.000354502,-0.0001087,-4.84649e-06,0.000114497,0.000359988,0.000683573,0.000888215,7.3288e-05,6.83473e-05,6.87955e-05,7.21494e-05,7.10176e-05,6.77847e-05,6.74332e-05,6.69629e-05,-0.000429199,0.000430742,0,-0.000435929,0.000435301,0,0.486888,-0.000923979,-0.000367479,0.000358901,0.000938023,1790230200,0.000508758,0,0.000374547,1,0.000473089,0,0.000394135,1,0.000444898,0,0.000397835,1,0.000441757,0,0.000421914,1,
1790230260,0.000360726,1.85973e-05,0.000360726,-0.000528307,0.000554633,0.502002,0.000102675,0.00010209,0.0885079,-0.000874864,-0.0006939,-0.000348866,-0.000110313,1.85368e-06,0.000123176,0.000364498,0.000706722,0.000925578,0.000108784,0.00010469,0.000104649,0.000111019,0.000108497,0.000103474,0.000103002,0.000100895,0.000429678,3.54548e-05,0.000443558,-0.000458634,0.000487281,1.82824e-05,0.490521,-0.000961438,-0.000377394,0.000383605,0.000996994,1790230200,0.000430101,0,0.000353687,1,0.000477075,1.17451e-05,0.000430356,1,0.000409205,0,0.000368238,1,0.000432608,5.56909e-06,0.000450386,1,
1790230320,0.000115256,-3.71816e-06,0.00015615,-0.000122706,0.000551424,0.502427,6.21757e-05,6.01721e-05,0.0997893,-0.000847805,-0.0006834,-0.000347027,-0.000102989,2.10744e-06,0.000117308,0.000349359,0.000679564,0.000881455,6.63954e-05,6.05689e-05,5.9051e-05,6.86251e-05,6.09763e-05,5.68716e-05,6.63754e-05,6.02522e-05,0.000418088,4.52051e-05,0.000436293,-0.000440926,0.000453073,1.4514e-05,0.489827,-0.000929063,-0.000364713,0.000368576,0.000972597,1790230200,0.00046308,0,0.000415129,1,0.000466306,0,0.000400365,1,0.000462552,0,0.000394989,1,0.00042604,0,0.000413227,1,
1790230380,-0.000624772,-0.000230525,-0.000230525,-0.000825675,0.000546125,0.502061,0.0001762,0.000177298,0.105427,-0.000782066,-0.00063056,-0.000315396,-9.11751e-05,1.45345e-06,0.000102928,0.000315335,0.000618065,0.000806101,0.000173555,0.000174532,0.000177473,0.000177538,0.000173592,0.000180622,0.000179078,0.000176913,0.000378444,0,0.000360054,-0.00033373,0.000291864,0,0.487311,-0.000704521,-0.00027476,0.000270891,0.000738242,1790230200,-0.000463383,0.000369767,0,1,0.000494428,0,0.000438572,1,-0.00042996,0.000354065,0,1,-0.000465914,0.000435321,0,1,
1790230440,-0.000342303,0.000148791,0.000148791,-0.000494888,0.000547809,0.506104,0.000100184,0.000100421,0.0576468,-0.000761475,-0.000623128,-0.000309106,-9.09287e-05,5.59592e-06,0.000108416,0.000328525,0.000640622,0.000833537,9.91647e-05,9.60353e-05,9.55718e-05,9.51e-05,9.19877e-05,9.80731e-05,0.000105629,0.000103234,0.000384627,4.78069e-05,0.000377575,-0.000371674,0.000364719,0,0.493619,-0.000789235,-0.000296855,0.000319858,0.000834125,1790230200,-0.000369774,0.00028762,0,1,0.000483666,0,0.000423742,1,-0.000433021,0.000381775,0,1,0.000439212,0,0.000412344,1,
1790230500,2.60489e-05,-7.44266e-06,0.000234416,-0.00039826,0.000544459,0.502136,5.46757e-05,5.27822e-05,0.0480945,-0.00078664,-0.000639567,-0.000330518,-9.65484e-05,1.70187e-06,0.000108105,0.000340457,0.000671028,0.000857401,6.1661e-05,5.42974e-05,5.27072e-05,5.97521e-05,5.67824e-05,5.03683e-05,5.93754e-05,5.13508e-05,0.00040343,5.62825e-05,0.000391649,-0.000405236,0.000426727,0,0.493486,-0.000849365,-0.000328202,0.000348118,0.00089107,1790230500,0.00040096,0,0.000319675,1,-0.000376952,0.000343319,0,1,-0.000416432,0.000368997,0,1,0.000452185,0,0.000448765,1,
1790230560,0.000405531,1.11636e-05,0.000424129,-0.000178635,0.000539,0.49987,0.000115125,0.000115664,0.0514057,-0.000726031,-0.000593646,-0.000308244,-9.46105e-05,5.91162e-08,9.16577e-05,0.000307211,0.000617703,0.000804733,0.000121631,0.000116979,0.000116738,0.00011713,0.000124226,0.000115011,0.00011604,0.000111682,-0.000369387,0.000364977,3.79649e-05,-0.000387847,0.000372669,3.57551e-05,0.49023,-0.000816694,-0.000317745,0.000328656,0.000859914,1790230500,-0.000466752,0.000358133,0,1,-0.000413861,0.000360984,0,1,0.00035971,0,0.000277865,1,-0.000433248,0.000408413,8.39516e-06,1,
1790230620,-0.000465072,-0.000137639,9.29885e-05,-0.000587887,0.000536656,0.499026,0.000131073,0.000131359,0.0533228,-0.00072024,-0.000589403,-0.000303419,-9.19608e-05,-6.17565e-07,8.6856e-05,0.000296626,0.000594191,0.000786659,0.000128557,0.000130169,0.000129715,0.000129221,0.000124346,0.000131534,0.000129862,0.000133877,-0.000360716,0.000347367,1.88023e-05,-0.000368812,0.00033605,1.67664e-05,0.488601,-0.000787085,-0.000307321,0.00030661,0.000824962,1790230500,-0.000400551,0.000313365,0,1,-0.000404092,0.000345875,2.91006e-05,1,-0.000373573,0.000320528,0,1,-0.000347142,0.000340993,0,1,
1790230680,0.000505988,0.000130242,0.000554341,-0.000308927,0.000535318,0.501504,0.000143084,0.000143417,0.0477687,-0.000746269,-0.000604025,-0.000309158,-9.36359e-05,1.52387e-06,9.41585e-05,0.000307296,0.000611023,0.000799071,0.000149574,0.000144756,0.000144574,0.000144853,0.000152342,0.000142967,0.000140834,0.000142008,0.000370062,2.6259e-05,0.000385862,-0.00038563,0.000381923,6.88192e-06,0.490756,-0.000827215,-0.000316127,0.000327178,0.000856755,1790230500,-0.000380007,0.000314777,0,1,-0.000414533,0.000389926,0,1,0.000383975,0,0.000337202,1,-0.000375404,0.000378888,0,1,
1790230740,-0.000394351,0,0.000345859,-0.000394351,0.000534747,0.503448,0.000112828,0.000112911,0.0465247,-0.000770458,-0.000632226,-0.000324564,-9.54887e-05,3.27908e-06,0.000103494,0.000319699,0.000645257,0.000836052,0.000109061,0.000110521,0.000110088,0.000109583,0.000104769,0.000112084,0.000115124,0.000115349,0.000387066,3.64351e-05,0.000401058,-0.000399499,0.000404367,1.09532e-05,0.491985,-0.000842714,-0.000328165,0.000338969,0.000898759,1790230500,0.000403505,0,0.000306565,1,0.000387095,0,0.000339663,1,-0.000376201,0.000355339,0,1,0.000370818,2.74211e-05,0.000362442,1,
1790230800,-0.000893446,-3.72103e-06,-3.72103e-06,-0.00108713,0.000532302,0.496626,0.000291854,0.000295148,0.0429609,-0.000764972,-0.000613663,-0.000320833,-9.81434e-05,-3.32466e-06,9.42286e-05,0.00030792,0.000611535,0.000803875,0.00026556,0.000290058,0.000294678,0.000274845,0.000271402,0.000300321,0.000280728,0.000305772,-0.000378443,0.000382554,2.7233e-05,-0.000381409,0.00037135,1.64449e-05,0.487344,-0.00082713,-0.00031679,0.000319303,0.000841709,1790230800,-0.000408103,0.00034744,0,0,-0.000400864,0.000395045,0,1,-0.000357505,0.000353586,0,1,0.000397449,1.089e-05,0.000380054,1,
1790230860,3.72428e-05,-7.44873e-06,0.000502661,-7.44873e-06,0.000541889,0.504349,5.62353e-05,5.46999e-05,0.0387452,-0.0008148,-0.000650194,-0.000336825,-0.000106708,4.79097e-06,0.00011496,0.000342045,0.000677868,0.000882845,6.2398e-05,5.48632e-05,5.90919e-05,5.94042e-05,5.84844e-05,5.78158e-05,5.69551e-05,5.22369e-05,0.000407822,5.7135e-05,0.000396168,-0.000428214,0.000466779,0,0.49691,-0.000909704,-0.00033886,0.000372006,0.000940807,1790230800,0.000418698,0,0.000300582,1,-0.000445785,0.000420764,0,1,-0.000390738,0.000350062,0,1,-0.000383154,0.000385171,0,1,
1790230920,0.000335123,5.21376e-05,0.000614307,5.21376e-05,0.000536468,0.500198,9.60157e-05,9.68383e-05,0.0384724,-0.000767663,-0.000617843,-0.000326006,-0.000100278,6.47136e-07,9.32662e-05,0.000314495,0.000626732,0.000828756,0.000103538,9.74266e-05,9.76148e-05,9.76898e-05,0.000108204,9.62869e-05,9.50682e-05,9.36583e-05,0.000385411,0,0.000405219,-0.000391648,0.000358649,1.53248e-05,0.487493,-0.000840703,-0.000326194,0.000327234,0.000853773,1790230800,0.000436611,0,0.000361782,1,0.000394847,0,0.000376892,1,-0.000377387,0.000367467,0,1,-0.000387877,0.000406833,0,1,
1790230980,-0.000387264,-3.72297e-06,9.67924e-05,-0.000454305,0.000533187,0.49308,0.000108261,0.000107645,0.0389913,-0.000779136,-0.000627897,-0.000329094,-0.000104786,-6.05633e-06,8.58593e-05,0.000303899,0.00060663,0.000812769,0.000106984,0.000108525,0.000108138,0.000107536,9.83045e-05,0.000110474,0.000106435,0.000109816,-0.000382045,0.000356515,4.39344e-05,-0.000386765,0.000343197,2.56657e-05,0.480573,-0.000843274,-0.000333172,0.000311808,0.00083788,1790230800,-0.000402166,0.000325881,0,1,-0.000434768,0.000387423,0,1,-0.000382735,0.000328772,0,1,-0.000405845,0.000418514,0,1,
1790231040,0.000960436,2.23462e-05,0.00111298,-7.44885e-06,0.000530662,0.499191,0.000321885,0.000326891,0.0384794,-0.000744956,-0.000602701,-0.000310356,-9.73714e-05,-5.69251e-07,9.29552e-05,0.000304037,0.000608866,0.000802637,0.000300934,0.000324418,0.000323748,0.00033894,0.00034409,0.00032833,0.000311746,0.000316743,-0.000369308,0.000365687,0,-0.000379291,0.000363057,0,0.481462,-0.000825344,-0.000321133,0.000311044,0.000829575,1790230800,-0.00040329,0.000323173,0,1,-0.000395726,0.000362597,0,1,-0.000383809,0.000334328,0,1,-0.000378513,0.000380704,0,1,
1790231100,-0.00023444,-3.72084e-06,0.00045012,-0.000312599,0.000542604,0.503259,8.08851e-05,8.19522e-05,0.0435157,-0.000875631,-0.000692023,-0.000373521,-0.000108427,3.8089e-06,0.000109356,0.000343704,0.000682676,0.00089523,8.13572e-05,7.67136e-05,8.12395e-05,7.77776e-05,7.41518e-05,8.4607e-05,8.12494e-05,8.18472e-05,0.000432523,4.81867e-06,0.000448809,-0.000443952,0.000443014,1.99181e-05,0.48344,-0.000955616,-0.00037857,0.000360917,0.000972362,1790231100,0.000390144,0,0.000276735,1,-0.000379883,0.000378124,0,1,-0.000383839,0.000340299,0,1,-0.000386194,0.000405409,0,1,
1790231160,1.48867e-05,9.67597e-05,0.000100481,-0.000308949,0.000538173,0.49637,5.46011e-05,5.30165e-05,0.0398914,-0.00083087,-0.000654973,-0.000351455,-0.0001089,-3.70881e-06,0.000101031,0.000326269,0.000646933,0.000854253,6.12302e-05,5.32639e-05,5.7704e-05,5.60845e-05,5.65437e-05,5.7054e-05,5.52514e-05,5.1045e-05,-0.000408731,0.000383092,7.44179e-06,-0.000414762,0.000414211,2.14556e-05,0.482564,-0.000903337,-0.000353219,0.000338357,0.000894819,1790231100,0.000444549,0,0.000381975,1,0.000395857,0,0.000332654,1,0.000369532,0,0.000307574,1,0.000379228,2.31661e-05,0.000345847,1,
1790231220,0.000390697,0,0.000673392,0,0.000532768,0.508107,0.000110177,0.000110491,0.0404757,-0.000750617,-0.000606526,-0.00032082,-9.24583e-05,8.10366e-06,9.96334e-05,0.00031808,0.000629625,0.000834696,0.000117493,0.00011279,0.000113003,0.000112704,0.000119752,0.000111794,0.000106797,0.000108057,0.000383593,0,0.000310212,-0.000384905,0.00037341,0,0.487659,-0.000812806,-0.000318889,0.000321534,0.000853087,1790231100,0.000440738,0,0.000300958,1,0.000460376,0,0.000364718,1,0.00037085,0,0.000291564,1,-0.000373311,0.000365751,0,1,
1790231280,-0.000472577,3.72019e-06,3.72019e-06,-0.000587964,0.0005303,0.498862,0.000132083,0.000131853,0.0439146,-0.000795284,-0.00062188,-0.0003364,-0.000105313,-4.19314e-07,9.19388e-05,0.000315765,0.000623632,0.000818067,0.000131077,0.000132254,0.000131884,0.000131294,0.000126007,0.000134338,0.000129398,0.000134064,-0.000393063,0.000358042,1.06659e-05,-0.000393182,0.000372537,6.01131e-06,0.483232,-0.000858815,-0.000337253,0.000318637,0.000854456,1790231100,-0.000379224,0.000317422,0,1,0.000411952,6.64172e-06,0.00038136,1,0.000396269,0,0.000356808,1,0.000361016,3.92423e-06,0.000326974,1,
1790231340,0.000416772,-3.72196e-06,0.000606495,-1.86099e-05,0.000529207,0.498059,0.000119251,0.000119363,0.0395513,-0.000768235,-0.000604768,-0.000322662,-0.000100175,-1.70262e-06,9.4165e-05,0.000312037,0.000615598,0.000816533,0.000124578,0.00011993,0.000120074,0.000119865,0.000127207,0.000118828,0.000119696,0.000117504,-0.000381802,0.000360376,0,-0.000384822,0.000383375,0,0.484795,-0.000837703,-0.000320779,0.000320179,0.000854889,1790231100,0.00041055,0,0.000312792,1,-0.000434825,0.000365403,0,1,-0.000406235,0.000342316,0,1,-0.000421897,0.000417519,0,1,
1790231400,0.000193442,1.48815e-05,0.000193442,-0.000398163,0.000527193,0.502795,7.27218e-05,7.24407e-05,0.0426089,-0.00081057,-0.00063835,-0.000355195,-0.000105205,3.30514e-06,0.000102665,0.000335046,0.000642651,0.000835668,7.97001e-05,7.13482e-05,7.20994e-05,7.46214e-05,7.5796e-05,6.94299e-05,7.50276e-05,7.15239e-05,0.000415393,0,0.000393259,-0.000390259,0.000409496,0,0.489609,-0.000833453,-0.000331476,0.000320275,0.000829013,1790231400,0.000413563,0,0.000292833,1,0.000390357,0,0.000341767,1,-0.000363326,0.000313615,0,1,-0.000385929,0.000380625,0,1,
1790231460,-0.000193442,0.000148776,0.000594973,-0.000357153,0.000522611,0.498493,6.66866e-05,6.81964e-05,0.0476271,-0.000738987,-0.000586155,-0.000313574,-0.000102303,-1.03931e-06,9.28093e-05,0.000303006,0.000592382,0.000788669,7.51752e-05,6.7967e-05,6.79942e-05,6.62519e-05,6.72023e-05,6.78491e-05,6.47206e-05,6.66268e-05,-0.000370937,0.000336033,1.57362e-06,-0.000366069,0.000350996,8.55038e-06,0.486957,-0.000786676,-0.000307178,0.000302759,0.000814652,1790231400,0.000418332,0,0.000325269,1,0.000400068,0,0.000353389,1,0.000365002,0,0.000313721,1,0.000351379,0,0.000357282,1,
1790231520,0.000714063,-2.23227e-05,0.000933386,-2.23227e-05,0.000518082,0.501072,0.000211059,0.000211652,0.049582,-0.000798024,-0.00061513,-0.00031599,-0.000100811,1.0506e-06,0.000103332,0.000318155,0.000616043,0.000809916,0.000206742,0.000214833,0.000216243,0.000207511,0.000220066,0.000217173,0.000205248,0.000210986,0.0003807,1.66287e-05,0.00039242,-0.000387097,0.000432913,6.47285e-06,0.491034,-0.000844278,-0.000320335,0.000328273,0.000863592,1790231400,-0.000374298,0.000305602,0,1,0.000346755,2.9248e-06,0.00035166,1,-0.000357472,0.000307452,0,1,-0.000361091,0.000355457,0,1,
1790231580,-0.000970803,-0.000122693,-0.000122693,-0.00141002,0.000522722,0.50029,0.000320342,0.000324646,0.0487521,-0.00081764,-0.000642785,-0.000337479,-0.000108677,6.59417e-07,0.000102734,0.000324285,0.000628087,0.000829515,0.00029613,0.000331425,0.00032559,0.000314656,0.00031825,0.000329863,0.000298945,0.000331453,0.000398173,0,0.000418473,-0.000393278,0.000403883,2.02791e-05,0.487602,-0.000861209,-0.000333755,0.000325606,0.000883473,1790231400,0.000420659,0,0.000309083,1,0.000377187,6.67913e-06,0.000337421,1,0.000350919,0,0.000301867,1,-0.000335052,0.000333724,1.52573e-05,1,
1790231640,0.000271622,0,0.000524574,-0.000379651,0.000535371,0.50403,8.91077e-05,8.88638e-05,0.0406249,-0.000933771,-0.000710001,-0.000368485,-0.000123284,5.27929e-06,0.000125577,0.00037173,0.00071625,0.000932915,9.26635e-05,8.54449e-05,9.11682e-05,9.34553e-05,9.04037e-05,9.22489e-05,9.10134e-05,8.4148e-05,0.000444445,4.16944e-05,0.000461512,-0.000444931,0.000509831,1.946e-05,0.495264,-0.000961888,-0.000357572,0.000380749,0.000974364,1790231400,-0.000415486,0.000367835,0,1,0.000405284,9.92239e-06,0.000360927,1,-0.000337838,0.000329825,0,1,0.000332781,3.36449e-05,0.000317821,1,
1790231700,0.000308741,-3.72036e-06,0.000364528,-3.72036e-06,0.000531381,0.503431,9.34545e-05,9.26693e-05,0.0395615,-0.000850475,-0.000665784,-0.000348994,-0.000111563,4.06718e-06,0.00011387,0.000351466,0.000683128,0.000882238,9.885e-05,9.11045e-05,9.52974e-05,9.91771e-05,9.5589e-05,9.50704e-05,9.31849e-05,8.98205e-05,0.000420488,0,0.000399061,-0.000419432,0.000435477,0,0.495253,-0.000888256,-0.000341822,0.000357087,0.000926608,1790231700,0.000463975,0,0.000349994,1,0.000399782,2.29019e-05,0.000336192,1,-0.000376353,0.000348057,0,1,-0.000344061,0.000347797,1.4164e-05,1,
1790231760,0.000152476,-3.71921e-06,0.000501966,-0.000163658,0.000527849,0.490419,6.58797e-05,6.45601e-05,0.0402582,-0.000786392,-0.000617187,-0.000321492,-0.000107516,-8.7864e-06,8.54431e-05,0.000299406,0.000604719,0.000789175,7.27842e-05,6.4638e-05,6.76175e-05,6.19261e-05,6.84671e-05,6.65345e-05,6.91017e-05,6.40021e-05,-0.00037487,0.000305439,5.97071e-06,-0.000354599,0.000293005,0,0.48353,-0.000782857,-0.000304142,0.000284425,0.000782756,1790231700,-0.000394059,0.0003917,5.54515e-05,1,-0.000411457,0.000434172,2.91358e-05,1,0.000358625,4.34672e-06,0.000318253,1,-0.000355066,0.000391332,3.85066e-06,1,
1790231820,-0.000148756,-0.000193388,1.11558e-05,-0.000576554,0.000522989,0.508395,6.19956e-05,6.42212e-05,0.0426867,-0.000802029,-0.000622086,-0.0003255,-0.000102404,9.24146e-06,0.000113239,0.000317514,0.000625464,0.000815445,6.72365e-05,6.09604e-05,6.27101e-05,6.43963e-05,6.07836e-05,6.30514e-05,6.12293e-05,6.0914e-05,0.000386574,0,0.000388393,-0.000399291,0.000393685,9.40531e-06,0.490251,-0.000863642,-0.000334669,0.000332692,0.000883722,1790231700,-0.0003607,0.000319699,0,1,-0.0004247,0.000394134,0,1,-0.000387187,0.000356227,0,1,-0.000358862,0.000380413,0,1,
1790231880,0.000193379,1.48766e-05,0.000275182,-0.000416636,0.00051816,0.505754,6.96174e-05,6.81263e-05,0.0443631,-0.000739553,-0.000591559,-0.000309675,-9.79713e-05,5.98039e-06,0.000104541,0.000306083,0.000600328,0.000789776,7.96443e-05,7.03294e-05,7.05552e-05,7.36395e-05,7.45019e-05,6.84499e-05,7.17385e-05,6.5307e-05,0.000369806,0,0.000364541,-0.000379143,0.000367785,0,0.493528,-0.00080599,-0.000312244,0.00031917,0.000831845,1790231700,-0.000392832,0.000411845,0,1,-0.000321377,0.000337174,0,1,-0.000359205,0.00033872,9.08404e-06,1,-0.000364644,0.000386895,5.46477e-05,1,
1790231940,-0.000297522,-3.71854e-05,-3.71854e-05,-0.000453756,0.00051368,0.513676,8.62865e-05,8.80242e-05,0.0504381,-0.00073653,-0.000591029,-0.000302939,-8.9775e-05,1.38972e-05,0.000112603,0.000305011,0.000605838,0.0007862,9.19995e-05,8.47547e-05,8.43849e-05,8.70689e-05,8.52138e-05,8.50423e-05,8.63839e-05,9.14238e-05,0.000365018,2.08272e-06,0.000359703,-0.000340589,0.000358093,2.08729e-06,0.4926,-0.000721769,-0.000279737,0.000286239,0.000757944,1790231700,-0.000344521,0.000361519,2.10284e-05,1,-0.000388996,0.000402013,0,1,-0.000319215,0.000311624,0,1,-0.000372671,0.000397974,8.30392e-06,1,
1790232000,-0.000807473,0,1.48782e-05,-0.000904265,0.000510255,0.5048,0.000266226,0.000270291,0.0510047,-0.000682167,-0.00054565,-0.000277544,-8.91294e-05,4.51028e-06,9.45387e-05,0.000275462,0.00055033,0.000715923,0.000232107,0.000254622,0.000258656,0.000267135,0.000238019,0.000260875,0.000261188,0.000282137,0.000332037,0,0.000305666,-0.000303222,0.000283331,0,0.487285,-0.000647257,-0.000246755,0.000247806,0.00067187,1790232000,-0.000335831,0.000326762,1.37807e-05,0,-0.000368799,0.000366692,0,1,-0.000373091,0.000339566,0,1,-0.000310232,0.000304204,2.59146e-05,1,
1790232060,0.000621477,0,0.000628918,0,0.000517874,0.51152,0.000174718,0.000175323,0.0392828,-0.000768111,-0.000593566,-0.000302924,-9.24668e-05,1.17692e-05,0.000111188,0.000306888,0.000605368,0.000796933,0.000181331,0.000178125,0.000176588,0.000180991,0.000186386,0.000175887,0.000170971,0.000176812,0.000366352,2.97246e-05,0.000354482,-0.000372265,0.000408832,0,0.493415,-0.000806269,-0.000301572,0.000318676,0.00081728,1790232000,-0.000311512,0.000254643,0,1,0.000350898,4.78068e-06,0.000319126,1,-0.000342529,0.000313995,0,1,-0.00036013,0.000373991,1.92614e-05,1,
1790232120,0.00039427,5.20824e-05,0.000461207,-0.000159984,0.000520148,0.502806,0.000114974,0.000113662,0.0380873,-0.000771601,-0.00060399,-0.000310371,-9.95524e-05,3.18819e-06,9.64646e-05,0.000290495,0.000594112,0.000776491,0.000118194,0.000113352,0.000113597,0.00011269,0.000118516,0.000113147,0.000118289,0.000114718,0.000362671,0,0.000345984,-0.00036379,0.000336977,4.94104e-06,0.485753,-0.000797713,-0.000311425,0.000295647,0.000802301,1790232000,0.000365093,0,0.000298238,1,0.000321694,0,0.000292686,1,0.000305078,4.5065e-06,0.000287818,1,-0.000348836,0.000362089,1.29685e-05,1,
1790232180,8.18102e-05,-3.71881e-06,0.000208231,-0.000122728,0.000517931,0.503973,5.41022e-05,5.23815e-05,0.0398181,-0.000778731,-0.000622065,-0.00032242,-0.000102345,4.55769e-06,9.86135e-05,0.000293899,0.000584575,0.000774868,6.51007e-05,5.4609e-05,5.88234e-05,5.09555e-05,5.86107e-05,5.68579e-05,5.63586e-05,4.99517e-05,0.000372157,0,0.000387624,-0.00037991,0.000347558,3.85816e-05,0.481267,-0.000836104,-0.000330941,0.000304455,0.000834788,1790232000,-0.000354466,0.000291129,0,1,0.000354448,0,0.000357322,1,-0.000285854,0.000264672,0,1,0.000318957,3.19605e-05,0.000328277,1,
1790232240,-0.000316122,3.71849e-06,3.71849e-06,-0.000420278,0.000512856,0.515895,9.07035e-05,9.22649e-05,0.0423352,-0.000698187,-0.000548878,-0.000277949,-8.09564e-05,1.49127e-05,0.000101094,0.000278289,0.0005434,0.000710212,9.51464e-05,8.91121e-05,8.95524e-05,8.83108e-05,8.84888e-05,9.06063e-05,8.92554e-05,9.47768e-05,0.000333785,0,0.000273731,-0.000346605,0.000305812,0,0.485978,-0.000748135,-0.0002971,0.000278665,0.000752671,1790232000,-0.000374577,0.000322209,0,1,-0.000342509,0.000345704,0,1,-0.000317765,0.000297415,0,1,-0.000289007,0.000300486,7.55165e-06,1,
1790232300,-0.000186001,3.71966e-06,0.000189685,-0.000271573,0.000509666,0.516901,6.64006e-05,6.82807e-05,0.042112,-0.000723224,-0.000567665,-0.000295659,-8.28271e-05,1.64315e-05,0.000104915,0.000297448,0.000571782,0.000733127,7.32623e-05,6.59628e-05,6.69661e-05,6.2607e-05,6.58644e-05,6.66643e-05,6.99663e-05,6.48567e-05,0.000356048,9.16768e-06,0.000295859,-0.000374303,0.000369689,0,0.487498,-0.00080189,-0.00031661,0.000307919,0.000805984,1790232300,0.000316224,0,0.00026215,1,0.000359127,3.01035e-05,0.000330605,1,0.000307586,1.31954e-05,0.000279411,1,0.000318528,3.27791e-05,0.000326264,1,
1790232360,-0.000707119,-8.18513e-05,-8.18513e-05,-0.000707119,0.000505229,0.510936,0.000220534,0.000223566,0.0441265,-0.000675361,-0.000528697,-0.000269139,-8.27879e-05,9.92738e-06,9.38157e-05,0.000273374,0.00053539,0.000692609,0.000195789,0.000211462,0.000211826,0.000226238,0.000197923,0.000214443,0.000224668,0.000234378,0.000325971,0,0.000287018,-0.000334993,0.000321158,0,0.488338,-0.000728008,-0.000279114,0.000278248,0.0007409,1790232300,-0.000386626,0.000332258,0,1,-0.000341471,0.000330621,0,1,0.000343221,0,0.000297845,1,-0.000322929,0.000332233,0,1,
1790232420,0.000286629,3.72293e-05,0.00088568,3.72293e-05,0.00051005,0.507024,8.23085e-05,8.19572e-05,0.0389466,-0.000701464,-0.000547463,-0.000276722,-9.01573e-05,6.91346e-06,9.154e-05,0.000275869,0.000550334,0.000724541,9.55985e-05,8.53004e-05,8.75049e-05,8.23849e-05,9.21205e-05,8.48879e-05,8.02858e-05,8.20376e-05,0.000331652,0,0.000290113,-0.000342486,0.000337702,0,0.487565,-0.000752231,-0.000282671,0.000286692,0.00075584,1790232300,-0.000345153,0.000280441,0,1,-0.000339716,0.000301944,2.64743e-05,1,-0.000333966,0.0002882,0,1,-0.000351315,0.000337382,1.18036e-05,1,
1790232480,0.000163751,-1.11658e-05,0.000301431,-0.000264292,0.000506549,0.508694,6.3514e-05,6.25065e-05,0.0388371,-0.000755726,-0.000586004,-0.000308399,-0.000102025,9.59786e-06,9.77136e-05,0.000288775,0.000570025,0.000737325,7.49217e-05,6.44466e-05,6.58297e-05,6.49204e-05,7.07224e-05,6.31493e-05,6.38024e-05,6.03278e-05,0.000360112,0,0.000376972,-0.000365557,0.000356439,3.97587e-05,0.486617,-0.000797658,-0.000312544,0.000299407,0.00078695,1790232300,0.000352491,0,0.000274199,1,-0.000347145,0.000309104,0,1,0.000337894,0,0.000331905,1,-0.00032684,0.000320607,0,1,
1790232540,-3.72132e-06,4.8376e-05,0.000100471,-0.000294027,0.000501992,0.50397,4.65962e-05,4.58867e-05,0.0415656,-0.000728261,-0.000575714,-0.000301662,-0.000100526,4.50155e-06,9.58396e-05,0.000279177,0.000550045,0.000722485,6.01435e-05,4.76786e-05,4.85738e-05,4.60581e-05,5.31368e-05,4.69765e-05,4.80935e-05,4.33484e-05,0.000350496,0,0.000372368,-0.000351354,0.000325287,3.90097e-05,0.484186,-0.000769647,-0.000302415,0.000285453,0.000770814,1790232300,0.000349922,0,0.000320162,1,-0.000338199,0.000306424,0,1,-0.000316648,0.000309144,5.51422e-06,1,-0.00031365,0.000316646,1.30081e-05,1,
1790232600,-0.000491336,0,0.000145121,-0.000491336,0.000496947,0.508138,0.00013817,0.000138844,0.0467733,-0.000690202,-0.000548563,-0.000285819,-8.96748e-05,7.88142e-06,9.63558e-05,0.000273732,0.00053902,0.00070472,0.000136368,0.000137793,0.000137521,0.000137131,0.000131147,0.000138582,0.000139165,0.000138759,0.000336817,0,0.000307332,-0.000330191,0.000301878,0,0.488133,-0.000710273,-0.000277511,0.000272832,0.000733072,1790232600,-0.000347556,0.000300077,0,1,0.000359636,0,0.000341238,1,-0.000307553,0.000310603,2.29093e-06,1,-0.000310538,0.000315237,1.29621e-05,1,
1790232660,-0.000238311,-7.07426e-05,2.23387e-05,-0.000402182,0.000496835,0.506242,7.31083e-05,7.4378e-05,0.044255,-0.000717372,-0.000554893,-0.000285432,-9.06817e-05,6.00304e-06,9.83098e-05,0.000280986,0.000551247,0.000718654,8.21779e-05,7.35813e-05,7.40418e-05,7.16755e-05,7.22136e-05,7.40644e-05,7.42302e-05,7.16501e-05,0.000340284,3.37933e-06,0.000327584,-0.000340957,0.000332119,0,0.488717,-0.000751405,-0.000284252,0.000285532,0.000752512,1790232600,-0.000318414,0.000282033,0,1,0.000345024,1.77475e-05,0.000322614,1,0.000335239,1.31857e-05,0.000362436,1,-0.000308588,0.000316422,6.32862e-06,1,
1790232720,1.48961e-05,-7.07594e-05,0.000212248,-0.000122901,0.000492995,0.507723,4.54007e-05,4.40203e-05,0.0493391,-0.000692557,-0.000546099,-0.000278582,-8.97629e-05,7.50032e-06,9.42417e-05,0.000280175,0.00054814,0.000702835,6.12844e-05,4.75437e-05,4.7407e-05,4.47688e-05,5.38833e-05,4.65708e-05,4.58467e-05,4.20263e-05,0.000335426,1.4563e-06,0.00031355,-0.000312399,0.000295646,0,0.489547,-0.000677096,-0.000256648,0.000261855,0.000691652,1790232600,0.000349404,0,0.000272536,1,-0.000358192,0.000331492,0,1,0.000334445,2.9645e-05,0.000324864,1,0.000364887,5.79069e-06,0.0003286,1,
1790232780,-0.000227189,0,8.93718e-05,-0.00032404,0.000488045,0.508062,6.89596e-05,6.98055e-05,0.0564186,-0.000665351,-0.000524555,-0.000266699,-8.33155e-05,7.35262e-06,8.48874e-05,0.000255801,0.000507016,0.000655479,8.02687e-05,7.07145e-05,6.97197e-05,6.54076e-05,6.93876e-05,7.12461e-05,6.78704e-05,6.92742e-05,0.000314521,0,0.000307883,-0.000296089,0.000262253,2.70624e-06,0.485554,-0.00064986,-0.000250095,0.000239125,0.000641004,1790232600,-0.000327996,0.000256957,0,1,-0.000352305,0.000320045,0,1,-0.000328985,0.000292508,0,1,-0.000348214,0.000344077,0,1,
1790232840,0.000197397,-5.95992e-05,0.000499004,-5.95992e-05,0.000484207,0.503023,6.41312e-05,6.36686e-05,0.0623034,-0.000642301,-0.000501305,-0.00025839,-8.87342e-05,3.37399e-06,7.97126e-05,0.000249351,0.000496407,0.000642418,8.02805e-05,6.76288e-05,6.59518e-05,6.22885e-05,7.61613e-05,6.61508e-05,6.39658e-05,6.09565e-05,0.000305652,0,0.000286346,-0.00029554,0.000261773,0,0.484534,-0.000644431,-0.000247596,0.000240507,0.000644985,1790232600,-0.000317271,0.000251483,0,1,-0.000341055,0.000295484,0,1,-0.000330558,0.000281319,0,1,-0.000337351,0.000331197,0,1,
1790232900,7.82031e-05,3.7241e-06,0.000387232,3.7241e-06,0.000480153,0.503981,4.7028e-05,4.52248e-05,0.0635253,-0.000681162,-0.000522324,-0.000269682,-8.74663e-05,3.94156e-06,8.44848e-05,0.000253098,0.000508796,0.000664936,6.45632e-05,4.92226e-05,4.70008e-05,4.62458e-05,5.5907e-05,4.91637e-05,4.79339e-05,4.39068e-05,0.000315337,0,0.000325822,-0.000312148,0.000293061,9.88989e-06,0.487951,-0.000687959,-0.000265759,0.000255864,0.000677865,1790232900,-0.000304231,0.000250017,0,1,-0.000307773,0.000294227,0,1,0.000308026,0,0.000272278,1,-0.000333061,0.000331627,0,1,
1790232960,0.000357422,-3.72382e-06,0.000361145,-6.33068e-05,0.000475455,0.506562,0.000102639,0.000102454,0.0717617,-0.000653272,-0.000514026,-0.000258716,-8.41005e-05,6.1736e-06,7.97222e-05,0.000245233,0.000488762,0.000642231,0.000107661,0.00010251,0.000102261,0.000102055,0.000110136,0.000101171,0.000104627,0.000101359,0.000303702,0,0.000313192,-0.000277596,0.000254328,9.65161e-06,0.486399,-0.000607857,-0.000234335,0.00022293,0.000600169,1790232900,0.00032308,0,0.00026315,1,0.000323917,0,0.000293516,1,0.000308675,0,0.000252886,1,0.000311565,4.2246e-06,0.000313478,1,
1790233020,0.000215881,0,0.000264261,-0.000137741,0.000473383,0.513184,6.68527e-05,6.53957e-05,0.0709363,-0.00065189,-0.000501794,-0.000251923,-7.83002e-05,1.16034e-05,8.09723e-05,0.000245403,0.000488316,0.000637367,8.33788e-05,6.94426e-05,6.75747e-05,6.3333e-05,7.63383e-05,6.91794e-05,6.76814e-05,6.45983e-05,0.000299047,0,0.000271572,-0.000280665,0.000254441,0,0.48919,-0.000615967,-0.000235497,0.000227553,0.000620527,1790232900,0.000307417,0,0.000223559,1,0.000326518,0,0.000293492,1,0.000302094,0,0.000258261,1,0.000307,2.83755e-06,0.000296589,1,
1790233080,-0.000223326,1.48866e-05,8.93163e-05,-0.000223326,0.000469619,0.512096,6.6725e-05,6.81913e-05,0.0819957,-0.000639775,-0.00049837,-0.000256627,-7.90751e-05,1.06222e-05,8.39937e-05,0.000244727,0.000484924,0.000632253,7.96048e-05,6.84416e-05,6.68451e-05,6.39142e-05,6.96045e-05,7.03421e-05,6.66837e-05,6.54944e-05,0.000301884,0,0.000278561,-0.00028609,0.000253696,0,0.489135,-0.000626532,-0.000240442,0.000233733,0.000634374,1790232900,0.000309024,0,0.000242222,1,0.000301655,0,0.000270724,1,0.000320818,0,0.000276017,1,0.000318743,0,0.000293483,1,
1790233140,-0.000279227,-1.86127e-05,-1.86127e-05,-0.000279227,0.000465971,0.513381,8.0155e-05,8.08747e-05,0.0774351,-0.000606939,-0.000469144,-0.00023487,-7.23643e-05,1.08913e-05,7.8685e-05,0.000233672,0.000463419,0.000608701,8.88659e-05,7.88246e-05,7.86194e-05,7.81537e-05,7.79062e-05,7.96208e-05,8.02538e-05,8.2993e-05,0.000281249,0,0.000227621,-0.000264902,0.000227908,0,0.487247,-0.000577417,-0.000216975,0.000215864,0.000591149,1790232900,0.000313551,0,0.000249704,1,0.000310811,0,0.000260509,1,0.000312564,0,0.000250318,1,0.000335491,7.79009e-07,0.000301481,1,
1790233200,-0.0004283,-3.72356e-06,-3.72356e-06,-0.000577317,0.000462975,0.507987,0.000119213,0.000119197,0.0708745,-0.000650942,-0.000526514,-0.000277604,-9.13566e-05,8.04473e-06,7.78742e-05,0.000245857,0.000508017,0.00064813,0.000118976,0.000120122,0.000119836,0.000119484,0.000113071,0.000120894,0.000116863,0.000120211,0.000317301,0,0.000286644,-0.000296253,0.000275839,0,0.482315,-0.000627672,-0.000257125,0.000237606,0.000636983,1790233200,-0.000304305,0.00023933,0,1,0.000323675,0,0.000280322,1,0.000295071,0,0.000241832,1,0.000313388,6.55113e-06,0.00028467,1,
1790233260,-0.000763946,-7.45057e-05,0.000171342,-0.0010063,0.000462307,0.511297,0.000259342,0.000261165,0.0590255,-0.00063379,-0.000482246,-0.000248436,-8.13631e-05,1.01262e-05,8.10174e-05,0.000251302,0.000507814,0.000658375,0.00021557,0.000251765,0.000253277,0.000267877,0.000221457,0.000243726,0.000265014,0.000267514,0.000300113,0,0.000272209,-0.000308653,0.000298,0,0.491475,-0.000675661,-0.000250173,0.000265885,0.000699949,1790233200,-0.000388416,0.000260879,0,0,-0.000325054,0.000258766,0,0,0.000308873,0,0.000258148,0,-0.00030485,0.000296074,0,0,
1790233320,-0.000674994,-7.45601e-06,-7.45601e-06,-0.00104811,0.000470239,0.514955,0.000203719,0.000201828,0.0454267,-0.000797702,-0.000595267,-0.000300766,-0.000100407,1.73257e-05,0.000118702,0.000317882,0.000610109,0.00078038,0.000187412,0.000204612,0.000198593,0.000193343,0.000180679,0.000199508,0.000208531,0.000211827,0.000373172,4.69659e-05,0.000401852,-0.000375583,0.000421962,3.19659e-05,0.499593,-0.000814078,-0.000296078,0.000329931,0.000832432,1790233200,-0.000360222,0.000268581,0,0,0.00041556,0,0.000329114,0,-0.000300257,0.000230394,0,0,-0.000318923,0.00029704,0,0,
1790233380,0.00027229,-4.84978e-05,0.000369252,-0.000570931,0.0004752,0.508592,8.40997e-05,8.43426e-05,0.0471042,-0.000863566,-0.000630439,-0.000321538,-0.000111117,1.02663e-05,0.000115523,0.000344584,0.000657023,0.000843877,9.28385e-05,7.97129e-05,8.48762e-05,8.61668e-05,9.26075e-05,8.39217e-05,8.13888e-05,8.50129e-05,0.000401725,1.68354e-05,0.000418995,-0.000385013,0.000414385,1.99545e-05,0.496259,-0.000829819,-0.00030425,0.000336901,0.000851911,1790233200,-0.000431058,0.000351812,0,1,-0.000356151,0.000304746,0,0,-0.000346669,0.000253943,0,0,-0.000300559,0.000276054,0,0,
1790233440,0.000175271,1.86473e-05,0.000175271,-0.000343172,0.000471997,0.503522,6.82194e-05,6.79782e-05,0.0425345,-0.000845388,-0.00063588,-0.00033367,-0.000119613,4.65154e-06,0.000113303,0.000315199,0.000627144,0.000811414,7.64318e-05,6.31346e-05,6.7367e-05,7.24352e-05,7.3986e-05,6.5978e-05,7.06259e-05,6.60582e-05,0.000391384,0,0.000450416,-0.000388998,0.000382693,5.554e-05,0.486957,-0.000830569,-0.000321153,0.000325003,0.000846627,1790233200,-0.000425659,0.000334752,0,1,-0.000390256,0.000378062,2.56539e-05,1,-0.000320272,0.000278306,0,1,-0.000299083,0.000277313,0,0,
1790233500,7.4574e-05,7.08454e-05,7.4574e-05,-0.000966236,0.000467911,0.501315,5.33054e-05,5.17561e-05,0.0415159,-0.00077098,-0.00059732,-0.000319309,-0.000114144,2.31414e-06,9.70072e-05,0.000285872,0.00057866,0.000755451,6.41514e-05,4.79112e-05,5.25451e-05,5.45396e-05,5.63731e-05,5.16503e-05,5.54651e-05,5.28147e-05,0.000366639,0,0.000403161,-0.00035495,0.000310999,1.55088e-05,0.48184,-0.000763592,-0.000301672,0.000290011,0.000768183,1790233500,-0.000405122,0.000315975,0,1,-0.000404054,0.000373688,1.25667e-05,1,-0.000375217,0.000346,0,1,-0.000325934,0.000319903,2.43918e-07,1,
1790233560,0.000436146,-7.83028e-05,0.000521862,-0.000149154,0.000463328,0.508606,0.0001233,0.000124097,0.0428814,-0.000805203,-0.000623232,-0.000328272,-0.000113198,1.04841e-05,0.000113211,0.000309608,0.000615419,0.000808259,0.000129042,0.000124314,0.000124508,0.000125799,0.000135189,0.000123348,0.000123094,0.000120046,0.000384679,7.21317e-06,0.000422218,-0.000396986,0.000422898,2.41198e-05,0.490724,-0.000823273,-0.00032255,0.000330387,0.00085033,1790233500,-0.000355762,0.000286068,0,1,-0.000414261,0.000394694,0,1,-0.000371458,0.000350728,0,1,-0.000370326,0.000398214,1.05049e-05,1,
1790233620,0.00049556,-7.4539e-06,0.000804694,-4.09971e-05,0.0004628,0.507022,0.000141891,0.000141958,0.0443861,-0.00075522,-0.000586232,-0.000308375,-0.000104749,7.99265e-06,9.27272e-05,0.000279152,0.000560722,0.000725307,0.00014522,0.000140805,0.000141032,0.000141466,0.000149622,0.000139905,0.000143265,0.000141747,0.000355333,0,0.000373547,-0.000335041,0.000312274,0,0.487261,-0.000727543,-0.000283092,0.000276971,0.000735274,1790233500,0.000385814,0,0.000378375,1,0.000378664,0,0.000339423,1,0.000370461,0,0.000338014,1,0.000378228,2.48655e-05,0.000378749,1,
1790233680,-0.000126661,0,0.000700072,-0.000126661,0.000463478,0.508993,5.8347e-05,5.96139e-05,0.0492843,-0.000814299,-0.000634896,-0.000332859,-0.000110753,1.07608e-05,0.000109241,0.000308353,0.000606921,0.000774173,6.52579e-05,5.22481e-05,5.56863e-05,6.13769e-05,5.4778e-05,5.59748e-05,6.20096e-05,5.96797e-05,0.000386886,4.81423e-06,0.00042363,-0.000352007,0.000367099,1.96991e-05,0.484899,-0.000769321,-0.000300234,0.000289456,0.000777663,1790233500,0.000357732,0,0.000295558,1,0.000441272,0,0.000390292,1,0.000355256,0,0.000301494,1,0.000408474,0,0.00037524,1,
1790233740,-0.000290636,-5.5885e-05,4.09803e-05,-0.000357718,0.000459169,0.510264,8.46319e-05,8.54176e-05,0.048908,-0.000775243,-0.000594962,-0.000319025,-0.000108981,1.22548e-05,0.000110752,0.000297892,0.000574038,0.000757472,9.07746e-05,8.17971e-05,8.15882e-05,8.82375e-05,7.94913e-05,8.28775e-05,8.59329e-05,8.59972e-05,0.000371874,0,0.000386236,-0.000346927,0.000370456,7.55288e-06,0.490193,-0.000746704,-0.000289267,0.000289394,0.000748122,1790233500,0.000417733,0,0.000294414,1,0.000368217,0,0.000316835,1,-0.000388423,0.000348693,0,1,0.000387262,0,0.000351948,1,
1790233800,0.000145329,9.6888e-05,0.000335342,-6.33549e-05,0.000456409,0.511927,5.82769e-05,5.73235e-05,0.0458577,-0.000709865,-0.000547695,-0.000287607,-9.94382e-05,1.32186e-05,9.60097e-05,0.000276756,0.000551196,0.000717712,7.08333e-05,5.66603e-05,5.86852e-05,5.97393e-05,6.56277e-05,5.79882e-05,5.78759e-05,5.70569e-05,0.000339832,2.22031e-06,0.000328739,-0.000306875,0.000300222,0,0.488724,-0.000659773,-0.000252363,0.0002583,0.000679587,1790233800,0.000386764,0,0.000270318,1,0.000398035,8.53852e-07,0.000326013,1,0.000342311,0,0.00029902,1,0.000427966,0,0.000388073,1,
1790233860,-0.000734312,-7.45248e-05,-1.49045e-05,-0.000797704,0.000452289,0.511782,0.000231933,0.000233541,0.0518148,-0.000681051,-0.000533966,-0.000286145,-9.91897e-05,1.30053e-05,9.53194e-05,0.000265405,0.000533403,0.000696771,0.000204457,0.000238616,0.000232493,0.000227282,0.000211078,0.000229316,0.000225518,0.000244435,0.000333147,0,0.000350828,-0.000316274,0.000297464,0,0.485948,-0.000674583,-0.000265443,0.000261191,0.000690375,1790233800,0.000351998,0,0.00025403,1,0.00038311,0,0.000349136,1,0.00037739,0,0.000305896,1,0.000364561,0,0.000332713,1,
1790233920,-7.45771e-06,-7.08504e-05,8.94881e-05,-0.000216296,0.000459628,0.511197,4.79689e-05,4.76012e-05,0.0389656,-0.000749086,-0.000574513,-0.00030169,-9.99663e-05,1.23728e-05,0.00010605,0.000283943,0.000573807,0.000747891,5.93295e-05,4.2984e-05,4.93115e-05,4.71059e-05,5.08862e-05,4.83883e-05,5.17605e-05,4.55491e-05,0.000353289,2.83911e-05,0.000382767,-0.000352817,0.000377632,0,0.488463,-0.000763811,-0.000288885,0.000297146,0.000763097,1790233800,-0.000352143,0.000261251,0,1,-0.00036211,0.000296728,0,1,-0.00038075,0.000302033,0,1,-0.000373826,0.000359868,0,1,
1790233980,0.000231163,-1.11867e-05,0.000376545,-0.000137978,0.00045501,0.512745,7.0692e-05,6.98629e-05,0.0403328,-0.000670428,-0.000528472,-0.000273596,-9.09787e-05,1.30233e-05,9.24167e-05,0.000261173,0.000530042,0.000690531,8.55181e-05,7.09805e-05,7.42519e-05,6.92014e-05,8.11046e-05,7.28973e-05,6.80227e-05,6.90986e-05,0.000322285,0,0.000311646,-0.000310026,0.000283292,0,0.486115,-0.000657979,-0.000258974,0.000255674,0.000665366,1790233800,0.000404482,0,0.000274926,1,-0.000362511,0.000310472,0,1,0.000330033,0,0.000265952,1,0.000374627,0,0.000341584,1,
1790234040,0.000350371,-2.98245e-05,0.000350371,-0.000197604,0.000451622,0.508989,0.000100648,0.000100995,0.0430341,-0.000679437,-0.000530473,-0.000276979,-9.32625e-05,9.03338e-06,9.06084e-05,0.000249728,0.000515555,0.000681556,0.000105097,0.000100481,0.000100684,0.000100271,0.000109477,9.94338e-05,0.000101686,9.95681e-05,0.000319011,0,0.000355005,-0.000327218,0.000300486,1.2816e-05,0.480961,-0.000709903,-0.00028064,0.000264604,0.000705376,1790233800,-0.000321103,0.000246863,0,1,0.000370003,0,0.000348819,1,0.000331046,0,0.000275214,1,0.000317279,0,0.000302528,1,
1790234100,-5.5902e-05,9.68895e-05,0.000216125,-0.000503231,0.00044982,0.516479,4.92985e-05,4.88836e-05,0.0443472,-0.0007227,-0.000563167,-0.000294985,-9.42095e-05,1.82324e-05,0.000101526,0.000273605,0.000543574,0.000712698,6.11068e-05,4.44304e-05,4.83641e-05,4.88954e-05,4.95431e-05,4.879e-05,5.55112e-05,4.61622e-05,0.000343039,2.03104e-05,0.000352263,-0.000353827,0.000353348,0,0.485946,-0.000748319,-0.000301207,0.000285769,0.000741761,1790234100,-0.000358492,0.00027604,0,1,-0.000346475,0.000290399,0,1,0.000350238,0,0.000284918,1,0.000333397,0,0.00031141,1,
1790234160,0.000633374,3.7269e-06,0.000882887,3.7269e-06,0.000445369,0.511776,0.000187235,0.000189313,0.0453428,-0.00069832,-0.0005531,-0.00028023,-9.11316e-05,1.19269e-05,0.000102228,0.000265353,0.00053175,0.000703275,0.000183578,0.000193861,0.000190627,0.000187249,0.000196914,0.000187789,0.00018201,0.000187127,0.000328865,2.62354e-06,0.000340888,-0.000346473,0.000359324,0,0.48878,-0.000731393,-0.000286433,0.000288305,0.000753412,1790234100,0.000395212,0,0.000300154,1,0.000348405,0,0.000296168,1,0.000318375,0,0.000253658,1,0.000340372,0,0.000326323,1,
1790234220,-0.000257027,-0.000115468,0.000283026,-0.000324088,0.0004499,0.512439,7.7954e-05,7.91438e-05,0.0470674,-0.00074941,-0.000578615,-0.000291397,-9.64715e-05,1.34493e-05,0.000109089,0.00028804,0.000571633,0.000738432,8.5195e-05,7.30979e-05,7.71652e-05,7.76723e-05,7.48044e-05,7.7529e-05,7.97612e-05,7.96188e-05,0.000348036,1.69802e-05,0.000371738,-0.000342161,0.000356344,4.43238e-06,0.487192,-0.000733327,-0.000288996,0.000281284,0.000754342,1790234100,0.000363169,0,0.000294352,1,0.000337592,0,0.000326292,1,0.000332379,0,0.000262219,1,0.000320573,0,0.000283388,1,
1790234280,0.00066292,4.47051e-05,0.00066292,-0.000223555,0.000446859,0.509773,0.000198524,0.000199969,0.0429958,-0.000715453,-0.000555025,-0.000282978,-9.34905e-05,9.93254e-06,9.81161e-05,0.000270433,0.000542693,0.000703397,0.000191962,0.000204612,0.000198488,0.000197541,0.000205726,0.000198061,0.000198181,0.000197636,0.000333396,5.95046e-06,0.000349576,-0.000330511,0.000330684,1.75384e-06,0.490473,-0.000706467,-0.000273321,0.000275848,0.000719385,1790234100,0.000380143,0,0.000293973,1,0.000389304,0,0.00032871,1,0.000346233,0,0.000278909,1,0.000344559,0,0.000304108,1,
1790234340,0.000416893,0,0.000424336,0,0.000452193,0.513629,0.00011811,0.00011705,0.0492158,-0.0007804,-0.000604301,-0.000306393,-9.71419e-05,1.50429e-05,0.000112948,0.000303131,0.000602781,0.000773403,0.000123568,0.000118657,0.000119002,0.000119003,0.000122588,0.000118448,0.000119211,0.000115419,0.000366062,1.76911e-05,0.000364094,-0.000363363,0.00037843,0,0.490567,-0.000762312,-0.000300928,0.000300551,0.000803871,1790234100,0.000364634,0,0.000255626,0,0.000382883,0,0.000302258,1,-0.000353467,0.000308849,0,1,0.000337523,0,0.000309438,1,
1790234400,0.000186057,3.72148e-06,0.000472517,-8.1876e-05,0.000451514,0.508072,6.64782e-05,6.4331e-05,0.0559357,-0.000746917,-0.000573582,-0.000291467,-9.20882e-05,7.98078e-06,9.93776e-05,0.000275467,0.000545921,0.000712913,7.74112e-05,6.31904e-05,6.86608e-05,6.18178e-05,6.89391e-05,6.66452e-05,6.80196e-05,6.66932e-05,0.000341612,0,0.000315266,-0.000319141,0.000278064,0,0.484804,-0.000694857,-0.000273925,0.000256139,0.000707029,1790234400,0.000382863,0,0.000334219,1,0.000348451,0,0.000331327,0,0.000341596,0,0.000291241,1,0.000363354,0,0.000329507,1,
1790234460,-0.000290264,2.60452e-05,8.9295e-05,-0.000446595,0.00044775,0.5183,8.44078e-05,8.62983e-05,0.0596917,-0.000748015,-0.000581913,-0.000297248,-8.38664e-05,1.83843e-05,0.000117135,0.000291973,0.000564072,0.000725162,9.06836e-05,8.20803e-05,8.3142e-05,8.20639e-05,8.29691e-05,8.2953e-05,8.35861e-05,8.89657e-05,0.000353915,0,0.000326049,-0.000342945,0.000337765,0,0.493107,-0.000732586,-0.000284153,0.000286016,0.000764129,1790234400,0.000355763,0,0.000248583,1,0.000408225,0,0.00032259,1,-0.00034585,0.000283811,0,1,0.000352459,0,0.000317848,1,
1790234520,0.000193519,-5.21076e-05,0.000267939,-5.21076e-05,0.000445147,0.518126,6.439e-05,6.2105e-05,0.0511842,-0.00067671,-0.000525959,-0.000266176,-8.26652e-05,1.79073e-05,0.00010409,0.000268438,0.000526216,0.000686036,7.875e-05,6.38175e-05,6.7747e-05,6.58601e-05,7.00982e-05,6.63997e-05,6.53119e-05,5.93955e-05,0.000321074,2.43291e-06,0.000295869,-0.000320427,0.000313835,0,0.493911,-0.000683399,-0.000259887,0.000272536,0.000723708,1790234400,0.00038029,0,0.000278539,1,0.00032942,0,0.00027869,1,-0.000341576,0.000315502,0,1,-0.000336529,0.00033352,0,1,
1790234580,-0.000223294,3.72114e-06,0.000159997,-0.000528543,0.000441522,0.522514,6.80996e-05,6.9797e-05,0.0559903,-0.000645462,-0.000500378,-0.000250239,-7.46413e-05,2.11739e-05,9.82338e-05,0.000247678,0.000489753,0.00064742,7.96078e-05,6.68662e-05,7.00652e-05,6.41845e-05,7.09856e-05,7.08874e-05,6.59191e-05,6.92113e-05,0.000298995,0,0.000260258,-0.000290556,0.000252078,0,0.491652,-0.000625349,-0.00024104,0.000238909,0.000644255,1790234400,-0.000355587,0.000293816,0,1,-0.000380197,0.000360116,0,1,-0.000319222,0.000286265,0,1,-0.000359416,0.000353441,0,1,
1790234640,1.86097e-05,-7.44399e-06,2.23316e-05,-0.00023079,0.000438223,0.512818,4.41773e-05,4.21517e-05,0.0496896,-0.00066909,-0.000517706,-0.000261386,-8.68404e-05,1.25104e-05,9.92421e-05,0.000259391,0.000523537,0.00068219,6.01219e-05,4.16171e-05,4.54935e-05,4.66283e-05,4.91977e-05,4.62198e-05,4.54687e-05,4.00172e-05,0.000312711,5.32149e-06,0.000331444,-0.000312881,0.000316488,9.37278e-06,0.493643,-0.000669131,-0.000254883,0.000265679,0.000701494,1790234400,-0.000320854,0.000241014,0,1,-0.000364916,0.000319298,0,1,-0.000362303,0.000300451,0,1,-0.000314058,0.000285596,0,1,
1790234700,0.000695756,3.72191e-06,0.00072551,3.72191e-06,0.000433827,0.517933,0.000221809,0.000225338,0.050772,-0.000605386,-0.000480026,-0.000242905,-7.87634e-05,1.68325e-05,9.07397e-05,0.000237482,0.000482579,0.000629549,0.000200518,0.000225207,0.000217178,0.000236176,0.000214445,0.000212403,0.000223274,0.000222259,0.000288875,0,0.000256151,-0.000258192,0.000224536,0,0.492827,-0.000526967,-0.00020727,0.000212275,0.000569852,1790234700,-0.000351267,0.000283687,0,1,-0.000310242,0.000273705,0,1,-0.00032606,0.000272495,0,1,-0.00034067,0.000333549,1.91122e-06,1,
1790234760,8.92598e-05,-0.000159944,0.00027891,-0.000159944,0.000440594,0.512642,4.8884e-05,4.65341e-05,0.0487404,-0.000699609,-0.000542875,-0.000275199,-8.62763e-05,1.22303e-05,9.38113e-05,0.000253319,0.000520722,0.000695756,6.40654e-05,4.60911e-05,5.27638e-05,4.51734e-05,5.29198e-05,5.19708e-05,5.15756e-05,4.73663e-05,0.000319369,0,0.000330024,-0.000317881,0.000296563,1.57142e-05,0.486283,-0.000690728,-0.000272308,0.000257381,0.00071325,1790234700,-0.000257813,0.000202398,0,1,-0.000344549,0.000332079,0,1,-0.000288857,0.000249436,0,1,-0.000318044,0.000314391,0,1,
1790234820,-4.09098e-05,-3.71906e-05,8.18145e-05,-4.09098e-05,0.000436349,0.518397,4.36478e-05,4.33957e-05,0.0486216,-0.000666599,-0.000519596,-0.000257966,-7.81038e-05,1.72146e-05,9.23093e-05,0.00024612,0.000492494,0.000655465,6.02205e-05,4.24231e-05,4.77268e-05,4.13466e-05,4.9565e-05,4.81397e-05,3.9887e-05,4.28667e-05,0.000303561,0,0.000275874,-0.000295197,0.0002671,0,0.490649,-0.00063961,-0.000249292,0.00024007,0.00065259,1790234700,-0.000344206,0.000289234,0,1,-0.000299555,0.000257511,0,1,-0.000313017,0.000285911,0,1,-0.00027951,0.000266611,2.63704e-06,1,
1790234880,0.000435045,-3.71915e-06,0.000895913,-3.71915e-06,0.000432002,0.523484,0.000123811,0.0001218,0.0483543,-0.000592949,-0.000464418,-0.000230289,-6.42539e-05,1.91906e-05,8.38987e-05,0.000221462,0.00045297,0.000599204,0.000128063,0.00012348,0.000123743,0.00012789,0.000122309,0.000122842,0.000131701,0.000123442,0.000271923,0,0.000205574,-0.000246202,0.000187426,0,0.488831,-0.000509655,-0.000203088,0.000192084,0.000528306,1790234700,0.000315239,0,0.000220396,1,0.00033787,1.12887e-05,0.000270858,1,-0.000259174,0.000238395,0,0,-0.000317225,0.00032533,0,1,
1790234940,0.00109607,-9.66604e-05,0.00109607,-0.000104096,0.000432063,0.521411,0.000410707,0.00041243,0.050218,-0.000721918,-0.000553375,-0.000272888,-8.07126e-05,2.15193e-05,0.00010142,0.00026799,0.000530389,0.000697293,0.000367704,0.000424738,0.000410147,0.000406859,0.00040308,0.000408482,0.000413513,0.00041006,0.000324981,5.45299e-06,0.000331984,-0.000331295,0.000341003,2.59293e-05,0.493456,-0.000709629,-0.000275158,0.000275546,0.000742832,1790234700,-0.000242052,0.000214269,0,0,-0.00029975,0.000312805,0,0,-0.00030418,0.00030302,0,0,0.000275333,4.95851e-06,0.000255282,0,
1790235000,0.000163379,3.34205e-05,0.00119873,3.34205e-05,0.000454942,0.506415,7.25466e-05,6.89424e-05,0.0730037,-0.000922536,-0.000714603,-0.000362353,-0.000126196,8.60972e-06,0.000110102,0.000316912,0.000646652,0.000864669,7.34667e-05,6.03631e-05,7.05977e-05,6.71765e-05,5.97865e-05,7.2084e-05,7.24281e-05,8.10908e-05,0.000412067,1.43068e-06,0.000396909,-0.000421754,0.00044436,5.35366e-05,0.487976,-0.000877825,-0.000354138,0.00033412,0.00090503,1790235000,-0.000362504,0.000315814,0,0,-0.00027059,0.000224749,0,0,-0.0003043,0.000270423,0,0,-0.000321512,0.000314769,0,0,
1790235060,0.000742294,-4.82682e-05,0.000979712,-0.000315642,0.000450962,0.514326,0.000219959,0.000217178,0.0638654,-0.000854395,-0.00065051,-0.00032185,-0.000110203,1.81267e-05,0.000130646,0.000329114,0.000649541,0.000862667,0.000216293,0.000238159,0.000217825,0.000212297,0.000213644,0.000217957,0.000233404,0.000212363,0.000391655,0,0.000388696,-0.000393567,0.000430599,5.21205e-05,0.494833,-0.000835739,-0.000323537,0.000325433,0.000863911,1790235000,-0.000470825,0.000402657,0,1,-0.000351495,0.00035819,0,0,-0.000274242,0.00020702,0,0,-0.000295681,0.000291299,0,0,
1790235120,0.000656471,-1.48405e-05,0.000975279,-0.000593791,0.000458606,0.513776,0.000187499,0.000182979,0.0853494,-0.000934294,-0.000719324,-0.000357196,-0.000128192,2.01878e-05,0.000141496,0.000373272,0.000727962,0.000971177,0.000189277,0.000198075,0.000185797,0.000186033,0.000170899,0.000186721,0.000191711,0.000188516,0.000440398,0,0.0004093,-0.000410727,0.000461764,1.33145e-05,0.497373,-0.000864304,-0.000333298,0.000343475,0.000927407,1790235000,0.000415583,1.48416e-05,0.000296905,0,0.00038688,2.81232e-05,0.000375929,1,-0.000319583,0.000299725,0,0,-0.00025796,0.000251563,0,0,
1790235180,-4.07851e-05,-0.000222484,0.000170538,-0.000756649,0.000463392,0.507299,6.57668e-05,6.62354e-05,0.106384,-0.000997272,-0.00076929,-0.000394293,-0.000150748,1.17229e-05,0.000145429,0.000393548,0.000765318,0.00102217,6.03803e-05,4.69523e-05,6.10805e-05,7.68378e-05,5.69124e-05,6.52165e-05,6.27479e-05,7.22214e-05,0.000472798,0,0.000477117,-0.00044042,0.000494667,7.15237e-05,0.494944,-0.000915668,-0.000355348,0.000362641,0.000978846,1790235000,-0.000440312,0.00041301,0,1,0.000397615,4.48128e-05,0.00037615,1,-0.000368028,0.000351453,0,1,-0.000323177,0.000333116,0,0,
1790235240,-0.00049326,3.33697e-05,0.000196495,-0.000519228,0.000458771,0.516426,0.000139619,0.000145043,0.0844843,-0.000899342,-0.000701163,-0.000342416,-0.000115435,2.23275e-05,0.000147724,0.000373969,0.000722226,0.000945124,0.000139187,0.000138829,0.000139234,0.000139432,0.000157803,0.000141056,0.000134245,0.000141731,0.000434119,0,0.000377295,0.000400572,2.70669e-05,0.000403192,0.504334,-0.000836761,-0.000316468,0.000342726,0.000898334,1790235000,-0.000473799,0.000422006,0,1,-0.000447124,0.000458895,0,1,-0.000396804,0.000341344,0,1,-0.00036168,0.00035527,9.54935e-06,1,
1790235300,0.000118701,-1.1129e-05,0.000259641,-0.000526908,0.000459486,0.518564,6.05814e-05,5.73475e-05,0.0682396,-0.00083329,-0.000628318,-0.000322524,-9.5406e-05,2.13302e-05,0.000127642,0.000339036,0.000649323,0.00086808,6.54258e-05,5.35239e-05,6.2192e-05,6.78032e-05,5.44129e-05,6.3677e-05,6.2169e-05,5.80234e-05,0.000398745,0,0.00036249,0.000344244,5.66027e-06,0.000313582,0.502156,-0.000739085,-0.00027173,0.000301535,0.000792268,1790235300,-0.000413153,0.000372308,0,1,0.000454353,3.41493e-05,0.000419296,1,-0.000385303,0.00035864,0,1,-0.000375125,0.000388867,1.08434e-05,1,
1790235360,5.93454e-05,0.000144648,0.000341188,-7.78962e-05,0.000455178,0.521283,5.72183e-05,5.38804e-05,0.0586566,-0.000818776,-0.000630612,-0.000321847,-9.42356e-05,2.49869e-05,0.000127999,0.00034089,0.000661378,0.000860565,6.17738e-05,4.7124e-05,5.61205e-05,6.73838e-05,5.02819e-05,5.61082e-05,5.74871e-05,5.63971e-05,0.000399742,0,0.000395906,0.000366489,7.61835e-06,0.000386831,0.501184,-0.000770292,-0.000291972,0.000316458,0.000833839,1790235300,-0.00036875,0.00032119,0,1,-0.000407456,0.000404182,1.17045e-05,1,-0.000393641,0.000370135,3.07465e-06,1,-0.000370499,0.0003878,3.49733e-05,1,
1790235420,0.000463515,4.45068e-05,0.000504294,3.70897e-06,0.000450681,0.516402,0.000134277,0.00012981,0.0516601,-0.000752689,-0.000591889,-0.000300282,-9.02168e-05,1.73471e-05,0.000105056,0.000300657,0.00059786,0.000778713,0.000135036,0.000131571,0.000131926,0.000132055,0.000118908,0.000131609,0.000143014,0.000133503,0.000360607,0,0.000375608,-0.000311551,0.000282597,1.40367e-05,0.491958,-0.00067358,-0.00025703,0.00026269,0.000720783,1790235300,-0.000376864,0.000300429,6.17838e-06,1,-0.000360564,0.000326855,7.5681e-06,1,-0.000368264,0.000319421,1.39788e-05,1,-0.000389779,0.000392044,5.94781e-05,1,
1790235480,-0.000274375,0,0.00023353,-0.000300333,0.000450941,0.517445,7.92281e-05,8.31913e-05,0.0492081,-0.000786357,-0.000598828,-0.000300058,-9.14269e-05,1.8939e-05,0.000104323,0.000286747,0.000574927,0.000748457,8.85211e-05,7.78604e-05,8.22974e-05,7.85675e-05,9.4086e-05,8.25952e-05,7.6204e-05,7.77354e-05,0.000353361,0,0.000352615,-0.000299835,0.000281612,2.98038e-06,0.494795,-0.000659208,-0.000248434,0.000252187,0.000703426,1790235300,-0.000337433,0.000278583,0,1,-0.00037953,0.000363252,2.6853e-06,1,-0.000324108,0.000276825,0,1,-0.000352016,0.000355258,7.62125e-05,1,
1790235540,-0.00015576,5.56226e-05,5.56226e-05,-0.000174304,0.000448092,0.518027,5.84203e-05,6.19005e-05,0.0462445,-0.000723917,-0.000571089,-0.000282598,-8.45608e-05,1.82013e-05,9.9645e-05,0.000280007,0.000552871,0.000719995,6.86286e-05,5.6993e-05,6.13973e-05,5.8717e-05,6.89781e-05,6.16308e-05,5.49305e-05,5.68509e-05,0.00033781,0,0.000344722,-0.0003078,0.000304229,5.12453e-06,0.495609,-0.000676081,-0.000251222,0.000263766,0.000717649,1790235300,-0.000331813,0.000296677,0,1,-0.000332365,0.000331742,0,1,-0.000323264,0.000314277,1.31661e-05,1,-0.000309829,0.000326833,3.89505e-05,1,
1790235600,-0.000460004,-3.70886e-06,-3.70886e-06,-0.000463714,0.000444135,0.52424,0.000129342,0.000134188,0.0466514,-0.000649107,-0.000507759,-0.000238915,-7.38278e-05,2.30537e-05,9.20379e-05,0.000255156,0.000523432,0.000669195,0.000130692,0.000129275,0.000129386,0.000131268,0.000139591,0.000130065,0.000126269,0.000130496,0.000298828,0,0.000238097,-0.000251819,0.000220842,0,0.49346,-0.000536277,-0.000195361,0.000211411,0.000603251,1790235600,-0.00034424,0.000322732,0,1,-0.000317278,0.000351212,0,1,-0.000312088,0.000297808,0,1,-0.000330438,0.000351546,4.60579e-05,1,
1790235660,8.53393e-05,0,0.000244867,0,0.000444458,0.519822,4.6844e-05,4.35847e-05,0.0486876,-0.000655775,-0.000501617,-0.000237642,-7.4393e-05,1.79523e-05,9.00991e-05,0.000260412,0.000520025,0.000666102,6.30424e-05,4.70836e-05,5.25591e-05,4.04495e-05,5.1978e-05,5.16786e-05,5.20832e-05,4.38827e-05,0.000301779,0,0.000277911,-0.000286132,0.000269851,0,0.495529,-0.000631487,-0.000226966,0.000248822,0.000681302,1790235600,-0.000293705,0.000233677,0,1,-0.000327213,0.000347341,0,1,-0.000305369,0.00032299,0,1,-0.000304296,0.000322683,2.12205e-05,1,
1790235720,-0.000181819,-3.71025e-06,-3.71025e-06,-0.000200373,0.000440157,0.519223,5.76771e-05,6.0406e-05,0.0514611,-0.000609638,-0.000468455,-0.000224577,-6.92694e-05,1.60659e-05,8.04638e-05,0.000238839,0.000482356,0.000617056,7.28698e-05,6.0494e-05,6.33703e-05,5.42199e-05,6.90005e-05,6.42529e-05,4.87616e-05,5.77144e-05,0.000279869,0,0.00025449,-0.000263933,0.000207611,0,0.4942,-0.000563784,-0.000213899,0.000216312,0.000587613,1790235600,-0.000338396,0.000267241,0,1,-0.000304712,0.000264921,0,1,-0.000325133,0.000309039,0,1,-0.000293244,0.000322721,1.73693e-05,1,
1790235780,-0.000207833,3.71091e-06,3.71091e-06,-0.000530802,0.000436491,0.515708,5.97583e-05,6.20183e-05,0.0597368,-0.000578127,-0.000447405,-0.000211028,-7.00804e-05,1.27347e-05,6.76031e-05,0.000218296,0.000451263,0.000579015,7.71449e-05,6.44012e-05,6.66381e-05,5.84488e-05,7.20917e-05,6.81773e-05,4.8648e-05,6.15144e-05,0.00025856,0,0.000214932,-0.000235588,0.000174831,0,0.485288,-0.000494649,-0.000187779,0.000183838,0.000530161,1790235600,-0.000263085,0.000215815,0,1,-0.00031565,0.000297284,0,1,-0.000270968,0.000251282,0,1,-0.000300423,0.000335661,1.8606e-05,1,
1790235840,0.000452724,7.42311e-05,0.000730936,-0.000274703,0.000433102,0.51635,0.000129227,0.000126335,0.0696464,-0.000602223,-0.000465627,-0.000221645,-7.5026e-05,1.43254e-05,7.93649e-05,0.000241833,0.000485654,0.000613977,0.000131806,0.000128707,0.000128821,0.000129429,0.000125025,0.000127725,0.000134297,0.000127036,0.000280516,0,0.000265584,-0.00028155,0.000262109,0,0.497794,-0.000596506,-0.000225118,0.000240915,0.000637601,1790235600,-0.000242951,0.000191736,0,1,-0.000269682,0.000246699,0,1,-0.000288988,0.000276509,0,1,-0.000247876,0.000274596,2.18918e-05,1,
1790235900,3.33895e-05,-4.0811e-05,0.000218867,-0.000256024,0.000433504,0.515371,5.06382e-05,4.7252e-05,0.0506387,-0.000750878,-0.000575282,-0.000294321,-9.49462e-05,1.69305e-05,0.000105328,0.00029563,0.0005742,0.000738988,5.98828e-05,4.28207e-05,4.65574e-05,6.09172e-05,4.76678e-05,4.7409e-05,5.69126e-05,4.62741e-05,0.000354122,3.32245e-05,0.000404971,-0.000353605,0.000373191,5.53586e-05,0.49536,-0.000751095,-0.000295039,0.000294162,0.000767325,1790235900,-0.000272483,0.000238939,5.70199e-07,1,-0.000263468,0.000226364,0,1,-0.000264758,0.000237375,0,1,-0.000272015,0.00029744,3.19956e-05,1,
1790235960,-0.000215197,3.70988e-06,0.000326417,-0.000222618,0.000429173,0.515359,6.44873e-05,6.67523e-05,0.0531429,-0.000648362,-0.000506914,-0.000245786,-8.44707e-05,1.5017e-05,8.32483e-05,0.00024926,0.000494961,0.000629678,7.849e-05,6.485e-05,6.67517e-05,6.83317e-05,7.40615e-05,6.91617e-05,5.88114e-05,6.20961e-05,0.000297491,0,0.000311624,-0.000277234,0.000241632,6.77696e-06,0.493681,-0.000599026,-0.000230076,0.000229806,0.000615983,1790235900,-0.000376897,0.000333181,0,1,-0.00030313,0.000283384,0,1,-0.000241074,0.000215725,0,1,-0.000270321,0.000275063,1.41922e-06,1,
1790236020,0.000140996,0,0.000504526,-0.000593886,0.000425948,0.518231,5.55247e-05,5.21314e-05,0.0563378,-0.000643689,-0.000492458,-0.000238118,-7.91748e-05,1.72732e-05,8.57049e-05,0.000254046,0.000497981,0.000636167,6.859e-05,5.40233e-05,5.54469e-05,5.95961e-05,5.4919e-05,5.66817e-05,5.93958e-05,5.01135e-05,0.000297243,0,0.000305296,-0.000274089,0.000248524,0,0.497034,-0.000598605,-0.000223155,0.000232482,0.00061231,1790235900,-0.000276919,0.000242779,0,1,0.000330898,1.6748e-05,0.000364159,1,-0.000266981,0.000255211,0,1,-0.00025501,0.000247616,0,1,
1790236080,0.000356112,2.59708e-05,0.00044512,-0.000222635,0.000422138,0.523059,0.000100241,9.67979e-05,0.0572029,-0.000721815,-0.000541798,-0.000256577,-8.58933e-05,2.5236e-05,0.000113043,0.00029421,0.000568833,0.000726924,0.000104843,0.000101885,0.000101889,0.000106228,9.51314e-05,0.000100821,0.000106187,9.304e-05,0.00033551,2.1959e-05,0.000382128,-0.00031709,0.000332814,3.75026e-05,0.498798,-0.000686905,-0.000259144,0.000272283,0.000712628,1790235900,-0.000281393,0.000258004,0,1,-0.000294156,0.000287077,0,1,0.000325586,0,0.000319111,1,-0.000295266,0.00030899,0,1,
1790236140,-5.19251e-05,1.11265e-05,0.000107551,-0.000389504,0.000420919,0.514425,4.69063e-05,4.64573e-05,0.0516528,-0.000691794,-0.000534943,-0.000263501,-8.9654e-05,1.48288e-05,9.60409e-05,0.000273495,0.00053473,0.000693102,6.04296e-05,4.17506e-05,4.41517e-05,5.67947e-05,4.98735e-05,4.78339e-05,4.75481e-05,4.33856e-05,0.000323453,7.46987e-06,0.000362062,-0.000292169,0.0002666,1.5267e-05,0.492517,-0.000642175,-0.000245578,0.000243757,0.000660401,1790235900,-0.000336406,0.000288334,0,1,-0.000302219,0.000270893,0,1,-0.000279795,0.000248123,0,1,-0.000336418,0.000362441,0,1,
1790236200,0.000289263,8.15954e-05,0.000289263,-0.000255956,0.000416753,0.518438,8.41642e-05,8.03069e-05,0.0536678,-0.000641971,-0.000502488,-0.000242457,-7.9855e-05,1.76747e-05,9.17774e-05,0.000258855,0.000506899,0.000641143,9.31264e-05,8.32053e-05,8.32628e-05,8.63768e-05,7.62335e-05,8.22493e-05,8.8104e-05,8.3791e-05,0.000302929,0,0.000310841,-0.000265058,0.000239178,0,0.496887,-0.000569539,-0.000215918,0.000224222,0.000597568,1790236200,-0.000313695,0.00025286,0,1,-0.000351919,0.000343824,0,1,-0.000286862,0.000232493,0,1,-0.00030436,0.000291791,0,1,
1790236260,0.000259524,-7.41595e-06,0.000259524,-0.000185415,0.000414588,0.524297,7.57567e-05,7.14957e-05,0.0515377,-0.000648058,-0.000501587,-0.000248611,-7.61276e-05,2.39009e-05,9.85916e-05,0.000265938,0.00051237,0.000647887,8.81597e-05,7.47843e-05,7.4877e-05,8.17543e-05,6.95497e-05,7.63688e-05,7.93802e-05,7.44246e-05,0.000310848,6.25538e-06,0.000312745,-0.00027117,0.000243081,0,0.498664,-0.000584731,-0.000221036,0.000231373,0.000622565,1790236200,-0.000272522,0.000234541,0,1,-0.00032165,0.000308352,0,1,-0.000309131,0.000288088,4.47535e-06,1,-0.000301317,0.000296149,0,1,
1790236320,-0.000292896,4.07762e-05,4.07762e-05,-0.000537659,0.000412059,0.517348,7.99813e-05,8.55121e-05,0.0525487,-0.000655834,-0.000508893,-0.00024811,-8.44734e-05,1.7384e-05,9.17882e-05,0.000256132,0.000495457,0.000629377,9.14244e-05,8.25471e-05,8.25966e-05,8.24546e-05,9.55318e-05,8.32803e-05,7.6411e-05,7.62889e-05,0.000303637,0,0.000296911,-0.000257546,0.000212405,0,0.496563,-0.000561264,-0.000211321,0.000215574,0.0005875,1790236200,-0.000282252,0.000233098,1.8502e-06,1,-0.000305312,0.000280162,0,1,-0.000288747,0.000261376,0,1,-0.00033551,0.00034162,4.0868e-06,1,
1790236380,0.000915478,-2.59569e-05,0.000945115,-2.59569e-05,0.000410015,0.526724,0.000332538,0.000332748,0.0487433,-0.000616097,-0.000476432,-0.000224017,-6.72595e-05,2.39318e-05,9.49766e-05,0.000250727,0.000485173,0.000623812,0.000282648,0.000341569,0.000334187,0.000323857,0.000308671,0.000320893,0.000331923,0.000342606,0.000288642,6.0302e-07,0.000280657,-0.000271939,0.000249477,0,0.499831,-0.000593788,-0.000218118,0.000235753,0.000625471,1790236200,-0.000276252,0.000216113,0,1,-0.000318873,0.000286064,0,1,-0.000277127,0.000239771,0,1,-0.000313393,0.000290528,8.97265e-06,1,
1790236440,-0.000133378,-2.9638e-05,-2.59332e-05,-0.000481726,0.000426042,0.51152,5.3634e-05,5.67773e-05,0.0457161,-0.000757752,-0.000573204,-0.000278113,-0.000100852,1.29093e-05,9.71073e-05,0.000281366,0.000542709,0.000735876,6.49696e-05,5.13373e-05,5.84863e-05,5.4204e-05,6.44235e-05,6.02361e-05,5.14835e-05,5.26321e-05,0.000336139,0,0.000347025,-0.000328861,0.000298154,2.21373e-05,0.495017,-0.000724094,-0.000275113,0.000277658,0.000762894,1790236200,-0.000300404,0.000244384,0,1,-0.000291304,0.000263498,0,1,-0.00027707,0.00024677,0,1,-0.000304468,0.000290276,0,1,
1790236500,-0.000681987,-4.07579e-05,2.5936e-05,-0.000934143,0.000422182,0.509184,0.000202469,0.000208858,0.0413806,-0.000694649,-0.00054164,-0.00025873,-9.33381e-05,9.26772e-06,9.54961e-05,0.000267947,0.000521946,0.000670967,0.000192485,0.000218865,0.000202249,0.000207447,0.000224112,0.00020265,0.000201972,0.00019641,0.000317348,0,0.000306957,-0.000311279,0.000264546,8.18684e-06,0.496388,-0.000676831,-0.000255431,0.000265203,0.000714857,1790236500,-0.000362881,0.000295842,0,1,-0.000320215,0.00027271,0,1,-0.00026521,0.000228516,0,1,-0.000307664,0.000290812,3.50812e-06,1,
1790236560,-0.00113892,0,0,-0.00113892,0.000428923,0.524825,0.000427229,0.000435403,0.0485149,-0.00073171,-0.000549273,-0.00026298,-7.9753e-05,2.57704e-05,0.000113708,0.000296566,0.000581214,0.000748554,0.000381279,0.000443797,0.000411178,0.000407601,0.00043769,0.000408569,0.000428752,0.000446703,0.000340171,3.56301e-05,0.00033077,0.000347269,1.56791e-05,0.00032926,0.510389,-0.000745731,-0.000268594,0.000309323,0.000787437,1790236500,-0.000338461,0.0002675,0,0,-0.000378087,0.000353418,0,0,-0.000285315,0.00023071,0,1,-0.000294012,0.000259253,1.28657e-05,0,
1790236620,-0.000590372,0,0.000137332,-0.000594087,0.000454134,0.525204,0.000168321,0.000172676,0.139051,-0.000820173,-0.000617093,-0.00029913,-9.54238e-05,3.15426e-05,0.000126984,0.000331773,0.000653677,0.000843178,0.000167025,0.000170481,0.000165749,0.00016512,0.000163695,0.000168689,0.000171822,0.000181153,0.000382782,2.20983e-05,0.000395674,0.000385453,1.11545e-05,0.00039243,0.505604,-0.000832617,-0.000298161,0.00034083,0.000855201,1790236500,-0.000371495,0.000329375,0,0,-0.000326306,0.000317521,3.40061e-05,0,-0.0003266,0.000295305,5.48777e-06,0,-0.000302746,0.000278087,1.50859e-05,0,
1790236680,0.00010399,7.42799e-05,0.000542116,-8.17142e-05,0.000457257,0.517835,5.82183e-05,5.49972e-05,0.162241,-0.000814364,-0.000614852,-0.000304217,-0.000102091,2.17625e-05,0.000118527,0.000324357,0.000643688,0.000837974,6.39414e-05,5.21372e-05,6.87667e-05,5.4022e-05,5.95968e-05,7.59987e-05,5.79631e-05,5.02896e-05,0.000379596,0,0.000400374,-0.000372691,0.000343855,1.43301e-05,0.495579,-0.000809339,-0.000298772,0.0003223,0.000831417,1790236500,-0.000411868,0.000329301,0,1,-0.000350082,0.00032715,6.01656e-05,0,-0.000327258,0.000267006,0,0,-0.000358399,0.000326701,8.78767e-06,0,
1790236740,0.000103979,-0.000107704,0.000181957,-0.000185704,0.0004529,0.513128,5.75656e-05,5.40575e-05,0.120176,-0.000797871,-0.000604271,-0.00030868,-0.000107502,1.59721e-05,0.000103578,0.00031415,0.000613673,0.000805686,6.39068e-05,5.15313e-05,6.50645e-05,5.63766e-05,5.73224e-05,7.06796e-05,6.07327e-05,5.15245e-05,0.000374249,0,0.000431046,-0.000368487,0.000309107,8.01351e-05,0.488487,-0.000798485,-0.000309034,0.00030673,0.00080696,1790236500,-0.000397882,0.000290491,0,1,-0.000349542,0.000325423,0.000109969,1,-0.000346494,0.000280287,1.31415e-05,1,-0.00033965,0.000293201,4.38662e-05,0,
1790236800,0.00011882,-8.16972e-05,0.000519735,-8.16972e-05,0.00044859,0.511348,6.23036e-05,5.84258e-05,0.0935315,-0.000826548,-0.000647927,-0.000332,-0.000115581,1.45658e-05,0.000105844,0.00031789,0.000629386,0.000812542,6.47731e-05,5.34447e-05,6.26137e-05,6.32298e-05,5.79239e-05,6.62625e-05,7.064e-05,5.79929e-05,0.000391459,0,0.000460834,-0.000386282,0.000335127,6.76917e-05,0.481792,-0.000812977,-0.000339877,0.000301571,0.00079108,1790236800,-0.000364511,0.000299044,7.68822e-07,1,-0.000353283,0.000314354,6.83472e-05,1,-0.000349111,0.000296248,2.02609e-05,1,-0.000346911,0.000343868,3.59436e-05,1,
1790236860,0.000630997,0.00017078,0.000823928,-0.000415933,0.000444399,0.517655,0.00018669,0.000184369,0.0770351,-0.000757758,-0.000568649,-0.000285545,-9.40775e-05,1.97888e-05,0.00010182,0.000280505,0.000565025,0.000738958,0.000181297,0.000189703,0.000179021,0.000186374,0.000183795,0.000178998,0.000190327,0.000194268,0.000340221,0,0.000359591,-0.000350582,0.000299838,1.8803e-05,0.490172,-0.000766125,-0.000296291,0.000290684,0.000765185,1790236800,-0.000431811,0.000342192,0,1,-0.000350113,0.000355032,4.03784e-05,1,-0.000343268,0.000296709,2.51917e-06,1,-0.000358955,0.000355752,3.45022e-05,1,
1790236920,-0.00112865,-1.8553e-05,-1.8553e-05,-0.00126611,0.000448892,0.520712,0.00039608,0.000404374,0.06808,-0.000848768,-0.000649744,-0.000318115,-0.000108195,2.77935e-05,0.000124749,0.000331364,0.000657932,0.000852127,0.000375757,0.00042882,0.000396349,0.000371816,0.000416549,0.000382159,0.000379816,0.000414805,0.000391533,2.54234e-05,0.00044058,-0.000376945,0.000366501,5.31845e-05,0.493237,-0.000808623,-0.000312124,0.000318793,0.000850546,1790236800,0.000355137,0,0.000305171,1,-0.000443759,0.000418354,0,1,-0.000367305,0.000332436,0,1,-0.000360389,0.000349532,1.20654e-05,1,
1790236980,0.00016715,-6.3153e-05,0.000601611,-0.000193186,0.000472177,0.523859,7.13065e-05,6.69572e-05,0.147095,-0.000936328,-0.000705273,-0.000338638,-0.000108793,3.34997e-05,0.000137577,0.000361704,0.000701642,0.000901493,7.28488e-05,6.41092e-05,7.70417e-05,7.05756e-05,7.05827e-05,8.26793e-05,6.98949e-05,6.69035e-05,0.000423544,4.63631e-05,0.000426541,0.000404636,1.37136e-05,0.00040731,0.501559,-0.000879283,-0.000318427,0.000355181,0.000896377,1790236800,-0.000410015,0.000359789,0,1,-0.000373413,0.000361984,0,1,-0.000422687,0.00035689,0,1,-0.000408265,0.000389371,0,1,
1790237040,-7.42832e-06,-3.71415e-06,0.000211684,-0.000442081,0.000468028,0.527091,5.51101e-05,5.51569e-05,0.0980037,-0.000862818,-0.000661103,-0.000319423,-9.6221e-05,3.50582e-05,0.000131794,0.000345481,0.000664067,0.000841583,5.79475e-05,4.70317e-05,6.13063e-05,5.64882e-05,5.20768e-05,6.94045e-05,5.21572e-05,4.98487e-05,0.000402545,0,0.000375091,-0.000387265,0.000358248,0,0.498578,-0.000825595,-0.000312357,0.000334532,0.000856104,1790236800,0.000458046,0,0.000353851,1,0.00044877,0,0.000404525,1,-0.000383216,0.00032173,0,1,-0.000380562,0.00034565,0,1,
1790237100,-3.71418e-06,-0.000133719,0.000118846,-0.000412358,0.000463326,0.515164,5.40262e-05,5.25964e-05,0.0684685,-0.000840807,-0.000648469,-0.000319035,-0.000106858,1.87694e-05,0.000110997,0.000326917,0.000651085,0.000829999,5.7687e-05,4.60489e-05,5.75901e-05,5.54672e-05,5.11696e-05,6.40665e-05,5.33818e-05,5.03986e-05,0.000388555,0,0.000424638,-0.000387466,0.000330999,5.63757e-05,0.489564,-0.000829986,-0.000320527,0.000325114,0.000852047,1790237100,-0.000403298,0.000330731,1.2758e-05,1,-0.000421474,0.000392668,6.79437e-05,1,-0.000392252,0.000359529,0,1,-0.000401561,0.000376778,0,1,
1790237160,-0.000326902,-3.34282e-05,-3.34282e-05,-0.000494109,0.000458669,0.520045,9.18398e-05,9.68852e-05,0.0551739,-0.000800246,-0.000617487,-0.000299601,-9.42443e-05,2.31672e-05,0.000111434,0.000309735,0.000611563,0.000789025,9.7339e-05,9.24197e-05,9.39373e-05,9.22439e-05,8.99722e-05,9.83973e-05,9.27815e-05,8.9101e-05,0.00036701,0,0.000359732,-0.000366432,0.00031623,0,0.493744,-0.000786787,-0.000301237,0.000310819,0.000809443,1790237100,-0.00041722,0.000311925,0,1,-0.000437545,0.000362484,0,1,-0.000407501,0.000330901,0,1,-0.000439218,0.000417735,0,1,
1790237220,0.000222899,-4.45858e-05,0.000356615,-0.000200652,0.000456407,0.521704,7.33735e-05,6.93064e-05,0.0471964,-0.00073703,-0.000564872,-0.000276388,-8.16588e-05,2.21301e-05,0.000101908,0.00028808,0.000573465,0.00074306,8.18313e-05,7.15665e-05,7.71818e-05,7.18442e-05,7.60033e-05,7.88589e-05,7.31518e-05,7.00643e-05,0.000340193,0,0.000329666,-0.000338731,0.000282133,0,0.488993,-0.000734437,-0.000279402,0.000286452,0.00075619,1790237100,-0.000383946,0.000315744,0,1,-0.000423864,0.000385981,2.25037e-05,1,-0.000390722,0.000322152,1.99216e-05,1,-0.000406747,0.000388732,4.2406e-05,1,
1790237280,-9.28686e-05,0.000118859,0.000794603,-9.28686e-05,0.000452918,0.523787,5.07538e-05,5.16085e-05,0.044775,-0.000722267,-0.000556272,-0.00027059,-7.95608e-05,2.42665e-05,0.0001032,0.000276276,0.000551907,0.000716975,6.25186e-05,4.94263e-05,5.56411e-05,5.14521e-05,5.39216e-05,5.74992e-05,4.97604e-05,4.54873e-05,0.000328957,0,0.000330548,-0.000297229,0.000263405,0,0.492799,-0.00063757,-0.000242782,0.000249707,0.000655627,1790237100,-0.000363277,0.000292646,0,1,-0.000413364,0.000360925,0,1,-0.000390905,0.00033684,0,1,-0.000417109,0.000402837,0,1,
1790237340,-0.000170901,-3.71492e-06,0.000200585,-0.000895696,0.000448558,0.522837,6.40396e-05,6.63521e-05,0.0499299,-0.000758746,-0.000584572,-0.000280606,-8.2897e-05,2.40026e-05,0.000114035,0.000289008,0.000572278,0.000738312,7.12696e-05,6.02394e-05,6.3563e-05,6.66119e-05,6.30094e-05,6.51614e-05,6.36799e-05,6.3675e-05,0.000343126,1.92857e-06,0.000387313,-0.000319698,0.000316822,3.56359e-05,0.489525,-0.000708561,-0.000267443,0.00027067,0.000707785,1790237100,-0.000335013,0.000260825,0,1,-0.000397664,0.00032701,0,1,-0.000386084,0.000319145,0,1,-0.000427979,0.000382092,8.5589e-06,1,
1790237400,-0.000390209,-2.97249e-05,0,-0.000642997,0.000444707,0.524853,0.000112868,0.000116806,0.0570584,-0.00077572,-0.000591042,-0.000281153,-8.80428e-05,2.85299e-05,0.000127269,0.000306119,0.000608203,0.000780177,0.00011182,0.000109971,0.000110098,0.000110121,0.000107469,0.000110851,0.000114928,0.000116419,0.000356379,3.8221e-05,0.000391059,-0.000339115,0.000363274,1.95531e-05,0.498357,-0.000729751,-0.000273174,0.000296132,0.000756717,1790237400,0.000393942,0,0.000288007,1,-0.000357044,0.000317225,0,1,-0.00036282,0.000293801,0,1,-0.000404496,0.00036801,0,1,
1790237460,-0.000617213,-2.60194e-05,-2.60194e-05,-0.000784595,0.000443683,0.517687,0.000179721,0.000183443,0.0590246,-0.000733307,-0.000560242,-0.000273472,-8.87872e-05,1.86973e-05,0.000106254,0.00028259,0.000572558,0.000738316,0.000174427,0.000183339,0.000179114,0.000172892,0.000171553,0.000178831,0.0001808,0.000185034,0.000334942,3.12771e-05,0.000367538,-0.000316668,0.000305778,0,0.493753,-0.000688808,-0.000255893,0.000274101,0.000713083,1790237400,-0.000392805,0.00033028,0,1,0.000385947,0,0.000355369,1,-0.000322624,0.00028804,0,1,-0.000384561,0.000346693,0,1,
1790237520,-0.000219463,-8.18279e-05,5.9507e-05,-0.000223183,0.000447813,0.518672,7.2744e-05,7.3978e-05,0.0553081,-0.000772483,-0.000574558,-0.000275598,-9.10082e-05,2.0483e-05,0.000107149,0.00029515,0.000606631,0.000773635,7.89046e-05,6.82709e-05,7.23994e-05,7.44041e-05,6.87418e-05,7.30837e-05,7.62488e-05,7.07612e-05,0.000345122,4.66018e-05,0.000369405,-0.000336038,0.000331902,0,0.497152,-0.00073111,-0.000266522,0.000295999,0.000760918,1790237400,-0.000376141,0.000290957,0,1,0.000387329,3.45637e-06,0.000383827,1,0.000376594,0,0.000320772,1,0.000355606,0,0.000328533,1,
1790237580,-0.00051723,2.60405e-05,2.60405e-05,-0.000584228,0.000444397,0.518229,0.000147116,0.000149368,0.0633281,-0.00068461,-0.000518413,-0.000249687,-8.26902e-05,1.80372e-05,9.34327e-05,0.000264977,0.000542285,0.000703648,0.000146392,0.000145213,0.000145318,0.000144916,0.000138161,0.000146135,0.000152226,0.000156976,0.000310823,3.31867e-06,0.000316551,-0.000289624,0.000232555,0,0.488699,-0.000628461,-0.000235705,0.00024405,0.00064883,1790237400,-0.000401444,0.000305751,0,1,-0.000357229,0.000336294,0,0,-0.000370466,0.000336918,0,0,0.000385075,3.07359e-06,0.000347524,0,
1790237640,0.000107933,-3.72205e-06,0.000480028,-4.83877e-05,0.000445971,0.519332,5.13548e-05,4.88663e-05,0.0665664,-0.000709548,-0.000540289,-0.000253798,-8.19793e-05,1.92185e-05,0.000104419,0.000285036,0.000566786,0.000729441,6.40516e-05,5.12376e-05,5.51807e-05,5.32041e-05,5.96781e-05,5.41417e-05,5.07173e-05,4.75855e-05,0.000327549,1.92974e-05,0.00033727,-0.000331228,0.000306013,0,0.489413,-0.000727423,-0.000269813,0.000284771,0.000747213,1790237400,-0.000336317,0.000247376,0,1,-0.00036413,0.00034001,1.95257e-05,1,-0.000346118,0.000304291,0,1,0.000393591,1.10291e-05,0.000371563,1,
1790237700,-0.000264271,-5.58261e-05,8.93153e-05,-0.000461589,0.000441752,0.524093,7.9231e-05,7.99525e-05,0.0615271,-0.000700378,-0.000536168,-0.000267721,-8.06255e-05,2.50297e-05,0.000107693,0.000281335,0.000546419,0.000708155,8.63984e-05,7.50747e-05,7.79792e-05,7.99063e-05,7.4481e-05,7.85855e-05,8.28452e-05,8.02923e-05,0.000331185,3.44547e-05,0.000342519,-0.000361458,0.000341295,9.76219e-06,0.491513,-0.000768421,-0.000302094,0.000300418,0.000758971,1790237700,-0.000391678,0.000298979,0,1,-0.000322292,0.000282879,0,1,-0.000352753,0.00031135,0,1,-0.000354073,0.000353893,0,1,
1790237760,0.000636366,-0.000167532,0.000729367,-0.000476609,0.000438906,0.518844,0.000189472,0.000190594,0.0632603,-0.000663681,-0.000506895,-0.000244379,-8.01618e-05,1.82056e-05,9.76419e-05,0.000256618,0.00051379,0.000671885,0.000183602,0.000192865,0.000188454,0.000192518,0.000199094,0.000187831,0.000185464,0.000190534,0.000302402,1.52223e-05,0.000318677,-0.000330368,0.000298225,0,0.488856,-0.000716347,-0.000273187,0.000278812,0.000725058,1790237700,-0.000407834,0.00033873,0,1,-0.000353629,0.00033784,1.73412e-06,1,-0.000329661,0.000277102,0,1,-0.000355815,0.000363412,0,1,
1790237820,-0.0001451,0.000119041,0.000531855,-0.0001451,0.000443718,0.514116,5.98685e-05,6.05981e-05,0.0426022,-0.000766007,-0.00058484,-0.000281654,-9.8643e-05,1.59208e-05,0.000112447,0.000284604,0.000580876,0.000750856,6.64889e-05,5.55213e-05,5.97446e-05,6.34273e-05,5.67784e-05,5.97526e-05,6.34821e-05,5.67307e-05,0.000340243,4.72229e-05,0.000387386,-0.000376141,0.000385018,1.86702e-05,0.489082,-0.000807763,-0.000313659,0.000312776,0.000823786,1790237700,-0.000364202,0.000294795,0,1,-0.000355712,0.000333079,2.99332e-05,1,-0.000350799,0.000314326,0,1,-0.000330058,0.000327361,0,1,
1790237880,-0.000833805,-0.000148843,-0.000148843,-0.00101257,0.000439737,0.512801,0.000275058,0.000279631,0.0424358,-0.000718887,-0.000553981,-0.000266999,-9.16788e-05,1.32002e-05,9.71281e-05,0.000269167,0.000537594,0.000696834,0.000245672,0.000285444,0.000272204,0.000256304,0.000260165,0.000274072,0.000271508,0.000290829,0.000322025,6.18651e-06,0.000339929,-0.000341982,0.000326148,5.66063e-06,0.487434,-0.000748354,-0.000286639,0.000285891,0.000751603,1790237700,0.000413807,0,0.000366431,1,-0.000371797,0.000341224,0,1,0.000379964,0,0.000328359,1,-0.000353505,0.000355303,0,1,
1790237940,-6.70324e-05,0.000238301,0.000506322,-0.000175038,0.000451005,0.52353,5.44045e-05,5.33221e-05,0.0441261,-0.000806361,-0.000600421,-0.000273977,-8.92621e-05,2.6911e-05,0.000123548,0.000313253,0.000611315,0.000790064,6.08373e-05,4.78266e-05,5.68473e-05,5.51872e-05,5.11641e-05,5.59557e-05,5.85598e-05,5.18263e-05,0.000358581,7.76577e-05,0.000330316,-0.000374099,0.000420423,0,0.498811,-0.000801876,-0.000294363,0.000327693,0.00082251,1790237700,0.000394903,0,0.000276034,1,0.000432523,0,0.000354059,1,-0.000350564,0.000307027,0,1,0.000367275,1.91733e-05,0.000325908,1,
1790238000,-0.000700384,-7.44857e-05,-7.44857e-05,-0.000700384,0.000446573,0.51508,0.000214862,0.000216038,0.0411727,-0.000749131,-0.000566711,-0.000269794,-9.07135e-05,1.57916e-05,0.000106111,0.000295791,0.000597586,0.000766077,0.000196739,0.000215301,0.000205854,0.000202419,0.000196065,0.000208815,0.000221616,0.000228171,0.000342789,0,0.00032653,-0.000362532,0.000365399,0,0.489336,-0.000775694,-0.000296217,0.000308019,0.000795019,1790238000,0.000424862,0,0.000319716,1,0.000383458,0,0.000351678,0,0.000373826,0,0.000335946,0,0.000363615,0,0.000334077,1,
1790238060,-0.00123059,-3.72676e-06,-3.72676e-06,-0.00123059,0.000453045,0.514293,0.000465311,0.0004674,0.0449636,-0.00079395,-0.000595655,-0.000269376,-9.34635e-05,1.52848e-05,0.000102822,0.000289173,0.00058352,0.000760068,0.000425239,0.000477161,0.000449341,0.000474153,0.000443343,0.000449586,0.000479008,0.000465761,0.000338372,9.06464e-06,0.000318663,-0.000358286,0.000346378,0,0.484659,-0.000781494,-0.000295271,0.000300687,0.000778236,1790238000,-0.000403566,0.000307042,0,0,-0.000406663,0.000361092,0,0,-0.000376668,0.000313234,0,0,0.000400755,0,0.00036362,0,
1790238120,7.0893e-05,3.73134e-06,0.000410364,-0.00027989,0.000481073,0.522003,6.09683e-05,5.86859e-05,0.0998413,-0.000935188,-0.000708572,-0.000332378,-0.000105112,2.911e-05,0.000141136,0.000362052,0.000717286,0.000916587,6.23913e-05,5.28847e-05,7.05714e-05,5.23691e-05,6.45869e-05,7.81695e-05,5.30295e-05,6.14991e-05,0.000421288,4.98679e-05,0.000369942,-0.000437448,0.000497411,0,0.494025,-0.000934803,-0.000346604,0.000374126,0.000927117,1790238000,-0.000407009,0.000300731,0,0,-0.000406355,0.000349061,0,0,-0.000370206,0.000316494,0,0,-0.000369175,0.000362156,0,0,
1790238180,-0.000298531,7.0888e-05,0.000563234,-0.000298531,0.000476344,0.516003,9.2543e-05,9.19132e-05,0.074756,-0.000895911,-0.000671996,-0.000322598,-0.000109692,2.05348e-05,0.000117396,0.000337126,0.000674739,0.000872239,9.20174e-05,8.45293e-05,9.48342e-05,8.58543e-05,7.63312e-05,0.000101158,9.50145e-05,9.75544e-05,0.00039782,0,0.000378849,-0.000425909,0.000414122,1.87373e-05,0.482926,-0.000900339,-0.000355289,0.000348624,0.000893835,1790238000,0.000459832,0,0.000353533,1,0.000371584,0,0.000360462,0,0.000353703,0,0.000356247,0,0.000343341,2.43865e-05,0.000360637,0,
1790238240,-0.000145566,-2.23934e-05,0.00037688,-0.00082889,0.000473443,0.509312,6.65483e-05,6.54383e-05,0.0662632,-0.000912207,-0.000680738,-0.000321034,-0.000111044,1.1207e-05,0.000113718,0.000333965,0.000658382,0.000857184,6.65232e-05,5.86125e-05,6.7364e-05,6.25435e-05,5.53424e-05,7.29294e-05,6.4461e-05,7.24608e-05,0.000394865,0,0.00041037,-0.000414546,0.000403339,3.67037e-05,0.477721,-0.00089886,-0.000352872,0.000334177,0.000863376,1790238000,-0.000416807,0.00033481,0,1,-0.000418911,0.000393611,1.28975e-05,1,-0.00033783,0.000329308,0,1,0.0003513,1.72295e-05,0.000337164,0,
1790238300,-9.33228e-05,4.47918e-05,0.000634364,-9.33228e-05,0.000469136,0.511865,6.2598e-05,6.07059e-05,0.0588497,-0.000918885,-0.000692669,-0.000326606,-0.000115964,1.53585e-05,0.000128055,0.000346822,0.00066861,0.000879504,6.24232e-05,5.18536e-05,6.13058e-05,6.86821e-05,5.18134e-05,6.50276e-05,6.27443e-05,6.50075e-05,0.000407112,2.74941e-05,0.000402411,-0.00044877,0.00049378,1.9312e-05,0.486911,-0.000934287,-0.00036847,0.000364421,0.000921694,1790238300,0.000428707,0,0.000318084,1,-0.000427872,0.000399227,0,1,-0.000389998,0.000403405,0,1,0.000330337,0,0.000329055,1,
1790238360,-0.00155043,-0.000130666,-0.000130666,-0.00171496,0.000464609,0.507691,0.000607601,0.000607937,0.0561154,-0.000884951,-0.000657145,-0.000314088,-0.000109427,8.99718e-06,0.000106274,0.000312365,0.000620669,0.000813617,0.000584475,0.000631823,0.000610522,0.000589737,0.000586606,0.000601835,0.000624265,0.000601808,0.000376081,1.11368e-05,0.000385497,-0.000396097,0.000396758,4.10278e-06,0.479234,-0.000852307,-0.000339879,0.000316947,0.000815894,1790238300,0.000419874,0,0.000376299,0,0.00039976,4.17266e-06,0.000381987,0,0.000386431,3.14892e-05,0.000378944,0,0.000373547,3.80557e-05,0.000366814,1,
1790238420,0.00037008,-2.24335e-05,0.00037008,-0.000811666,0.00050953,0.518252,0.00010833,0.000108404,0.163123,-0.00113858,-0.00084012,-0.000387387,-0.000133421,2.93337e-05,0.000165236,0.00043216,0.000819377,0.00106377,0.000110457,0.000106973,0.00011779,0.000111348,0.000146481,0.000120974,9.6625e-05,0.000103722,0.000498664,0.000132238,0.000494168,-0.00048791,0.0006138,0,0.491706,-0.00103668,-0.000389749,0.000409077,0.001002,1790238300,0.000389737,0,0.000292701,1,0.000445008,2.34575e-06,0.000401065,1,0.000388515,6.83333e-06,0.00036635,1,0.000396177,2.21953e-05,0.000356145,1,
1790238480,-0.00111814,-0.000272874,-0.000265397,-0.00111814,0.000507117,0.513616,0.000353314,0.000351337,0.127281,-0.00111646,-0.000821097,-0.000389684,-0.000140521,2.18291e-05,0.000148349,0.000411343,0.0008124,0.00104576,0.000366438,0.000396741,0.000343095,0.000341275,0.000322238,0.000336252,0.000381046,0.000362582,0.000483768,3.25996e-05,0.000481705,-0.000490793,0.000556993,1.05065e-05,0.483609,-0.00101705,-0.000405133,0.000399159,0.00102381,1790238300,0.000498312,0,0.00035031,1,0.00038906,0,0.000345215,0,0.000404402,2.20519e-05,0.000403666,0,0.000392618,3.00534e-07,0.000351106,0,
1790238540,-0.00108567,-3.74174e-05,-3.74174e-05,-0.00122053,0.000526335,0.506135,0.000335447,0.000331932,0.176802,-0.00114288,-0.000857591,-0.000397539,-0.000150494,9.77531e-06,0.000144247,0.000395509,0.000783762,0.0010165,0.00034942,0.000371778,0.000321658,0.000366901,0.000272281,0.000319641,0.000353726,0.000332881,0.000476099,2.45847e-05,0.000502407,-0.000465627,0.000478348,0,0.474754,-0.00101378,-0.00039596,0.000374558,0.000962207,1790238300,-0.000462814,0.000379566,7.56924e-06,0,0.000426416,9.69775e-06,0.000459075,1,0.000378802,0,0.000352906,0,0.000419821,2.05394e-05,0.000370435,0,
1790238600,0.00133259,2.24742e-05,0.00145603,-0.000277223,0.000543196,0.517112,0.000433776,0.000445075,0.177524,-0.00123083,-0.000925757,-0.000438342,-0.000146494,2.97942e-05,0.000175329,0.000455134,0.000881185,0.00111452,0.000486938,0.000490857,0.000421744,0.000464866,0.00058305,0.000417219,0.000391931,0.000414743,0.000538812,0.000127919,0.000506997,-0.000566738,0.000731346,0,0.484161,-0.00116848,-0.000462574,0.000455278,0.0011134,1790238600,0.000469614,0,0.00031642,1,0.00048595,0,0.000411145,1,0.000405343,1.9772e-05,0.000400546,1,0.000375342,1.02944e-05,0.000322365,1,
1790238660,0.000523568,-8.97821e-05,0.00087869,-0.000172089,0.000569804,0.503966,0.000148508,0.00015237,0.338345,-0.00129458,-0.000985952,-0.000477605,-0.000177295,7.59115e-06,0.000163636,0.000453169,0.000894702,0.00122297,0.000153087,0.000150437,0.000154492,0.000151251,0.00019875,0.000151617,0.000147876,0.000137114,0.000561256,6.7022e-05,0.000713152,-0.000593794,0.000628231,9.42122e-05,0.468397,-0.00124281,-0.000512981,0.000455435,0.00121081,1790238600,0.000554718,1.73549e-05,0.000476107,0,0.000405016,6.36905e-06,0.000409494,1,0.000395214,6.96584e-05,0.000405731,1,0.000375731,4.32883e-05,0.000392001,1,
1790238720,0.000612974,0,0.00062792,-0.000243051,0.000568916,0.499139,0.000176027,0.000178985,0.279689,-0.00120242,-0.000945253,-0.000450259,-0.000171762,-4.9988e-07,0.000147084,0.000403976,0.000801133,0.00106772,0.000177433,0.000175232,0.000176721,0.000175576,0.000214995,0.000175001,0.000174657,0.000173107,-0.000517418,0.000527767,8.9478e-05,-0.00054643,0.000562215,5.24791e-05,0.465442,-0.00118029,-0.000488238,0.000413864,0.0011026,1790238600,0.000529373,0,0.000576557,1,0.000414006,2.46527e-05,0.0004922,0,0.000388724,1.88716e-05,0.000355555,1,0.000409124,4.19906e-05,0.000389668,1,
1790238780,-0.000721405,1.49459e-05,1.49459e-05,-0.00113654,0.000569831,0.509684,0.000204667,0.000204198,0.256122,-0.00110253,-0.000873592,-0.000424045,-0.000150396,1.58817e-05,0.000157478,0.000393099,0.00078843,0.00104012,0.00020182,0.00020198,0.000202331,0.000201514,0.000173076,0.000204682,0.000216317,0.000203321,0.000493664,4.59615e-05,0.000475698,-0.000527247,0.000554133,0,0.474051,-0.00111657,-0.000462645,0.00040884,0.00107369,1790238600,0.000513473,3.30893e-05,0.000400337,1,0.000499324,7.90367e-05,0.000439498,1,0.000445402,2.81863e-05,0.000420721,1,0.000373475,6.24762e-06,0.000370415,1,
1790238840,-0.00196876,6.73033e-05,6.73033e-05,-0.00196876,0.000573255,0.510741,0.000758692,0.00075601,0.209432,-0.00119343,-0.000915909,-0.00042949,-0.000152858,1.81185e-05,0.00016463,0.000424919,0.000818557,0.00107225,0.000790864,0.000794517,0.000738939,0.000771423,0.000678743,0.000748136,0.000776869,0.000751421,0.000513124,7.6362e-05,0.000493335,-0.000544795,0.000636646,0,0.479681,-0.00114418,-0.000457882,0.000437666,0.00111246,1790238600,0.000447728,7.58738e-05,0.000408184,0,0.000438092,0.000107256,0.000409227,1,0.000448443,9.50417e-05,0.00046216,1,0.00038682,7.65462e-05,0.00037973,1,
1790238900,0.000617993,3.74656e-06,0.000629225,-0.00186378,0.000632115,0.520597,0.000167226,0.000171138,0.311802,-0.00149462,-0.00112742,-0.000511646,-0.000163731,4.18169e-05,0.000211788,0.00054887,0.00105829,0.00136382,0.000179165,0.000177362,0.000179779,0.000177295,0.000235411,0.000182904,0.000138889,0.000161139,0.000642841,0.00016994,0.000588058,-0.000648712,0.000880452,0,0.490849,-0.00136168,-0.000515463,0.0005435,0.00131882,1790238900,0.00049393,3.04324e-05,0.000426816,1,0.00044598,4.63689e-05,0.000384047,1,0.000458221,3.01673e-05,0.0004177,1,0.000492242,6.87167e-06,0.000440543,1,
1790238960,-0.000119823,-0.000430682,0.000456695,-0.000846559,0.000631835,0.510754,9.86302e-05,9.71559e-05,0.285051,-0.00151134,-0.00113863,-0.000548838,-0.000198597,2.36262e-05,0.000207363,0.00055062,0.0010594,0.0014012,6.44921e-05,7.46653e-05,0.000101309,0.000103406,9.52654e-05,9.99181e-05,0.00010176,0.00010072,0.000659957,8.86299e-05,0.000773211,-0.000700422,0.000899849,0.000116939,0.480245,-0.00142047,-0.000572735,0.000558626,0.00142487,1790238900,0.000615433,5.67687e-06,0.000527742,1,0.00044776,2.66022e-05,0.000464817,1,0.000433882,9.82743e-06,0.00042,1,0.000446569,0,0.00043252,1,
1790239020,0.00094322,0,0.00116766,0,0.000625715,0.499835,0.00026617,0.000269611,0.193521,-0.00141633,-0.00107305,-0.00051547,-0.000189433,2.2701e-07,0.000174676,0.000490527,0.000940902,0.00124195,0.000294823,0.000280945,0.000269169,0.000269133,0.000321109,0.000267683,0.000267238,0.000257595,-0.000605995,0.000577205,0.000120804,-0.000616058,0.000671415,0.000122174,0.472564,-0.00130749,-0.000533089,0.000481157,0.00123773,1790238900,-0.000619065,0.000584343,0.00014849,1,0.000523539,0,0.000600094,1,0.0004281,0,0.000440942,1,0.000430265,0,0.000410773,1,
1790239080,-0.000231979,-0.0001534,0.000224445,-0.000550103,0.000633626,0.508976,9.85017e-05,9.74527e-05,0.0715039,-0.00128481,-0.00100689,-0.000493162,-0.000169398,1.64538e-05,0.000174045,0.000463592,0.000895723,0.00118418,8.14858e-05,8.78599e-05,0.000102252,9.47328e-05,9.64137e-05,0.000100177,0.000107534,9.6394e-05,0.000576596,6.41105e-05,0.000637324,-0.000586025,0.000617024,0,0.472795,-0.00125126,-0.000517689,0.000456102,0.00120183,1790238900,0.000544896,3.03178e-05,0.000495368,1,0.000622045,3.05974e-05,0.000580049,1,0.00046983,1.49887e-05,0.000522971,1,0.000415233,8.31993e-06,0.000435857,1,
1790239140,-0.000112267,1.4968e-05,0.000426501,-0.000318124,0.000628115,0.502898,8.20827e-05,8.02612e-05,0.0655308,-0.00123521,-0.000984733,-0.000471893,-0.000169246,5.47027e-06,0.000159235,0.000446328,0.000860659,0.0011247,6.4032e-05,7.31844e-05,8.83665e-05,8.30299e-05,8.87501e-05,8.18988e-05,8.28667e-05,8.08626e-05,0.000553322,2.38427e-05,0.000590683,-0.000573372,0.000599151,1.52648e-06,0.474112,-0.0012154,-0.000499939,0.000451464,0.00116625,1790238900,0.000487684,9.64725e-05,0.000473503,1,0.00048755,9.74955e-05,0.000502489,1,0.000488507,0.000129849,0.00056012,1,0.000424076,6.73446e-05,0.000497696,1,
1790239200,-1.49699e-05,-3.74247e-06,0.00043029,-1.49699e-05,0.000622005,0.508831,7.38635e-05,7.15621e-05,0.0706965,-0.00118032,-0.000913603,-0.000439122,-0.000143896,1.36967e-05,0.000161506,0.000433208,0.000845518,0.00109108,5.84608e-05,6.67945e-05,7.7483e-05,7.60475e-05,9.03087e-05,7.09953e-05,7.43004e-05,7.41226e-05,0.000523985,4.86955e-05,0.00048157,-0.000499788,0.000558534,0,0.480277,-0.00105675,-0.000429407,0.00040434,0.0010323,1790239200,0.000485601,7.53245e-05,0.000437233,1,0.000503777,5.59645e-05,0.000423376,1,0.000476121,7.84991e-05,0.000479984,1,0.000517672,7.25007e-05,0.000537049,1,
1790239260,-0.000550301,0,0,-0.000606471,0.000615757,0.503305,0.000158293,0.00015689,0.0990019,-0.00101903,-0.000804684,-0.000374736,-0.000128448,4.58962e-06,0.000128762,0.000367799,0.000714245,0.000915681,0.000154118,0.000154417,0.000154196,0.000153674,0.000130405,0.000157296,0.000168335,0.000161172,0.000446224,0,0.000443578,-0.000443582,0.000434835,0,0.474592,-0.000946089,-0.000390138,0.000344059,0.000893054,1790239200,0.000448261,3.42083e-05,0.000420514,1,0.000486984,4.3542e-05,0.000467888,1,0.000464155,6.06743e-05,0.00046801,1,0.00047713,3.02779e-05,0.000485045,1,
1790239320,-0.000558097,3.74457e-06,0.000224649,-0.000614299,0.000614516,0.503315,0.000162134,0.000159764,0.0820628,-0.00104098,-0.00080733,-0.000362954,-0.000127831,4.76626e-06,0.000123036,0.000353623,0.000717157,0.000940944,0.000156042,0.000156483,0.000156199,0.000155647,0.000127483,0.00015944,0.000177622,0.000165632,0.000431147,2.64093e-05,0.00039192,-0.000451027,0.000480056,0,0.475416,-0.00096685,-0.00038639,0.000362074,0.000955988,1790239200,0.000405534,1.32521e-05,0.000350437,1,0.000464632,0,0.000428856,1,0.000476465,1.93807e-05,0.000470918,1,0.00047525,2.42485e-05,0.000443602,1,
1790239380,5.61984e-05,-5.99484e-05,0.00035587,-0.000359745,0.000613439,0.502697,6.63549e-05,6.48622e-05,0.0776586,-0.00107341,-0.000826998,-0.000382085,-0.000134259,4.0619e-06,0.000130119,0.000374019,0.000768614,0.000993647,6.22673e-05,6.86922e-05,7.22527e-05,6.03291e-05,9.30583e-05,6.82912e-05,5.92377e-05,6.84079e-05,0.000454768,3.99118e-05,0.000446653,-0.000451858,0.000512342,0,0.479416,-0.000967346,-0.000384254,0.000367405,0.000942192,1790239200,0.000436481,0,0.000367584,1,0.000403477,0,0.000381125,1,0.00042382,9.48927e-06,0.00043813,1,0.000460671,2.19237e-05,0.000465501,1,
1790239440,-0.000284771,-3.74646e-06,0.000146101,-0.000400951,0.000607325,0.501668,9.45037e-05,9.16628e-05,0.119099,-0.00101698,-0.000791303,-0.000374762,-0.000133672,3.12936e-06,0.000117365,0.000342438,0.000725281,0.000953879,9.00473e-05,9.33245e-05,9.347e-05,8.76525e-05,8.16338e-05,9.23616e-05,9.83412e-05,9.94237e-05,0.000434726,5.47564e-06,0.000459818,-0.000454186,0.000495769,1.24882e-05,0.479399,-0.000960033,-0.000390738,0.000366023,0.000940004,1790239200,0.000425565,2.10217e-05,0.000381178,1,0.000427043,0,0.000385997,1,0.000399305,1.59031e-06,0.000391039,1,0.000408123,5.02061e-05,0.000413307,1,
1790239500,-0.000164905,-1.12426e-05,0.000438364,-0.000374822,0.000602569,0.501965,7.45642e-05,7.11295e-05,0.16247,-0.00101303,-0.000774185,-0.000351946,-0.000122265,2.99784e-06,0.00011389,0.000353771,0.000693592,0.000905094,7.00442e-05,7.27344e-05,7.128e-05,6.83591e-05,7.16214e-05,6.97182e-05,8.52851e-05,7.7421e-05,0.000423732,7.45492e-05,0.000433307,-0.000460813,0.000516308,0,0.476579,-0.000972153,-0.000403143,0.0003664,0.000931532,1790239500,0.000409398,1.21565e-05,0.000413294,1,0.000419563,9.36371e-06,0.000390838,1,0.000378906,3.05721e-05,0.000360386,1,0.000381164,3.96567e-05,0.000370493,1,
1790239560,7.496e-05,2.24886e-05,0.000322288,-0.000221165,0.000596968,0.497849,6.08247e-05,5.91333e-05,0.241588,-0.000989122,-0.000759184,-0.000335748,-0.000122073,-1.70708e-06,0.000105654,0.000332862,0.00066474,0.000875485,6.31484e-05,6.70527e-05,6.26098e-05,6.3975e-05,8.45659e-05,5.66999e-05,5.46485e-05,6.03785e-05,-0.000401541,0.00046596,2.42617e-05,-0.000457768,0.000517473,1.33858e-06,0.479237,-0.000973584,-0.000396257,0.000368245,0.000937401,1790239500,0.00045214,1.4657e-05,0.000386845,1,0.000411192,3.60006e-05,0.000387073,1,0.000384092,5.07247e-05,0.000376074,1,0.000366332,3.9696e-05,0.000377379,1,
1790239620,-0.000611088,-0.000127435,-0.000127435,-0.00141019,0.000591063,0.502278,0.000176928,0.000173401,0.321963,-0.000925363,-0.000722932,-0.000320093,-0.000115158,3.66316e-06,9.88141e-05,0.000312153,0.000626933,0.00082814,0.000170897,0.000171151,0.000170741,0.000170435,0.000140855,0.000173605,0.000191044,0.000182163,0.000380354,5.65173e-05,0.000402954,-0.000416378,0.000442061,0,0.476301,-0.000880304,-0.000363531,0.000326832,0.000845131,1790239500,0.000405471,5.11347e-05,0.000383948,1,0.000375158,3.00951e-05,0.000409273,1,0.000382499,7.86604e-05,0.000382853,1,0.000381723,7.11802e-05,0.000367569,1,
1790239680,-0.000754064,8.99996e-05,0.000108748,-0.00133595,0.000591471,0.505211,0.000220185,0.000215722,0.245118,-0.00103139,-0.000798981,-0.000354925,-0.000125722,7.10137e-06,0.000124676,0.000377288,0.000727021,0.000921085,0.000212956,0.000210887,0.000218578,0.000210324,0.000173353,0.000226549,0.000245903,0.000228803,0.000443015,0.000142885,0.000467437,-0.00047671,0.000609219,1.33377e-05,0.482913,-0.00101425,-0.000403878,0.000392526,0.00098217,1790239500,0.000375884,1.46588e-05,0.000358567,0,0.000415428,3.17149e-05,0.000385535,1,0.000392924,5.47225e-05,0.000364919,1,0.000391222,7.21611e-05,0.000380743,1,
1790239740,-0.00405015,-0.000206435,-0.000206435,-0.00405015,0.000595158,0.505763,0.00182312,0.0018165,0.162454,-0.00109644,-0.000836585,-0.000385829,-0.000136277,8.4594e-06,0.000134309,0.000406933,0.000792306,0.000991252,0.00183049,0.00183189,0.00184179,0.00178584,0.00173446,0.00184455,0.00186524,0.00180494,0.000478775,0.000135856,0.000489638,-0.000508566,0.000660943,3.3772e-06,0.483701,-0.00107826,-0.000426935,0.000419807,0.00104414,1790239500,0.000442148,2.30995e-05,0.00042079,0,0.000390376,2.12327e-05,0.000348272,0,0.00039649,5.01879e-05,0.000391539,0,0.000364109,8.02566e-05,0.000354708,0,
1790239800,0.00222454,0.00077595,0.00261548,0.000644156,0.000821707,0.503678,0.000725235,0.000746572,0.519889,-0.00202813,-0.00154829,-0.000734638,-0.000263381,1.02683e-05,0.000257735,0.000756772,0.00147972,0.00187096,0.000932588,0.000829841,0.000674876,0.000842494,0.000799535,0.000659545,0.000677412,0.000710862,0.000898029,0.000192589,0.00106521,-0.000927382,0.00136533,0.000109645,0.496776,-0.00193677,-0.000718145,0.00078243,0.00183518,1790239800,0.000461077,2.93232e-05,0.000446065,0,0.000433102,4.04035e-05,0.000419526,0,0.000369016,5.24933e-05,0.000349501,0,0.000402062,6.94524e-05,0.000371228,0,
1790239860,0.00125875,-1.87994e-05,0.00177307,-3.75991e-05,0.000872164,0.494344,0.000352956,0.000363373,0.797132,-0.00213754,-0.00164631,-0.000793035,-0.000295536,-1.40386e-05,0.000240511,0.000777316,0.00153413,0.00204717,0.000448018,0.000364403,0.000363082,0.000376009,0.000417906,0.000358158,0.000349135,0.000335187,-0.000944161,0.00101229,0.000251226,-0.000900823,0.00097033,0.000127435,0.471984,-0.00189195,-0.000776082,0.000718712,0.00187466,1790239800,0.000816182,0.000116417,0.000726843,0,0.000449878,2.37875e-05,0.000439015,1,0.000390549,7.20508e-05,0.000391367,1,0.00037588,5.23797e-05,0.000352102,1,
1790239920,0.000379194,4.88152e-05,0.000593131,-3.37965e-05,0.000881559,0.484556,0.000156715,0.000161201,0.801455,-0.00204863,-0.00161764,-0.000798658,-0.000312757,-3.99301e-05,0.000222142,0.000691105,0.00140519,0.00186169,0.000112511,0.000140451,0.000180716,0.000136363,0.0002208,0.000176251,0.000166197,0.000136473,-0.000906129,0.000844075,0.000327241,-0.000910062,0.000891422,0.000316921,0.461411,-0.00196906,-0.000817502,0.000691931,0.0018467,1790239800,0.000750071,0,0.000997346,1,0.000621612,0.000111798,0.00089166,0,0.000402397,6.69091e-05,0.000410612,1,0.00040279,6.49436e-05,0.000400053,1,
1790239980,-0.000213983,-0.000311604,-0.000172684,-0.00189365,0.000874345,0.495036,0.000121115,0.000117093,0.725412,-0.0018003,-0.00142591,-0.000690636,-0.000247391,-1.04194e-05,0.000208382,0.00061711,0.00127294,0.00165828,7.84323e-05,0.000109139,0.000151705,8.85132e-05,0.000174053,0.00014359,0.00013513,0.000109136,-0.00079318,0.000776281,0,-0.000780226,0.000738295,0,0.472559,-0.00167567,-0.000694051,0.000612793,0.00159435,1790239800,0.000797072,7.04205e-05,0.000733244,1,0.000784432,1.0803e-05,0.000711101,1,0.000637704,0.000110959,0.000732732,1,0.000412099,7.16447e-05,0.000402091,1,
1790240040,0.000529243,-9.01117e-05,0.000570519,-0.000476934,0.000866086,0.498771,0.00016674,0.000170435,0.631455,-0.0018591,-0.00143523,-0.000672896,-0.000232364,-3.63061e-06,0.000245558,0.000661807,0.00134355,0.00176231,0.000154208,0.000163271,0.000188909,0.000165527,0.000214195,0.000170728,0.000160034,0.000156839,-0.000802252,0.000909513,9.21398e-05,-0.000952023,0.00113919,4.89822e-05,0.481639,-0.00193838,-0.000785952,0.000766277,0.00192649,1790239800,0.000622712,0.000162777,0.000581493,1,0.000702737,0.000198109,0.000720753,1,0.000645098,0.000158639,0.000753994,1,0.000581079,0.000156172,0.00070736,1,
1790240100,-0.000180136,-2.62678e-05,-2.62678e-05,-0.000634374,0.000860642,0.501292,0.000109303,0.000104827,0.578412,-0.00159583,-0.00125144,-0.000604999,-0.000215049,3.55566e-06,0.000199784,0.000574097,0.00112775,0.00146365,7.27912e-05,0.000104747,0.000131033,9.12813e-05,0.000139588,0.000103008,0.000125162,0.000104884,0.000710674,4.62052e-05,0.000750155,-0.000757443,0.000804729,0,0.477955,-0.00160144,-0.000652448,0.000613435,0.00157,1790240100,0.000768981,0.00011536,0.000884943,1,0.000666105,1.74776e-05,0.000612158,1,0.000706175,0.000130035,0.000722615,1,0.000700325,7.63981e-05,0.000691773,1,
1790240160,9.3825e-05,0.000146363,0.000258936,-4.87925e-05,0.000852373,0.499155,9.33313e-05,9.05848e-05,0.5393,-0.00142375,-0.00114275,-0.00053401,-0.000189145,-1.1473e-06,0.000178717,0.000524455,0.00103291,0.00134525,6.42221e-05,0.00010033,0.000119417,7.75056e-05,0.000121368,8.34425e-05,9.47406e-05,9.03686e-05,-0.000636178,0.000633519,4.92915e-05,-0.000640396,0.000644716,0,0.474508,-0.00133985,-0.000551003,0.0005137,0.0013365,1790240100,0.000676734,0,0.00071423,1,0.000811604,4.16609e-05,0.000828769,1,0.000679638,0,0.000670235,1,0.000742161,0,0.000764179,1,
1790240220,8.63112e-05,8.63112e-05,0.000161358,-8.63187e-05,0.00084391,0.493557,8.17748e-05,7.83804e-05,0.596527,-0.00128191,-0.00100158,-0.000473128,-0.000171764,-8.64316e-06,0.000136012,0.000422827,0.000881877,0.00116811,6.37311e-05,9.83885e-05,0.000110525,6.39964e-05,9.47122e-05,7.32273e-05,7.99904e-05,7.92622e-05,-0.000543832,0.000487505,2.68495e-06,-0.000506031,0.000458165,0,0.473329,-0.000993101,-0.000417035,0.000372269,0.000988263,1790240100,0.000588663,0,0.000605247,1,0.000666894,0,0.000674198,1,0.0007323,6.10261e-05,0.000821485,1,0.000638358,0,0.000662947,1,
1790240280,0.000562717,3.75249e-06,0.000562717,-3.75251e-06,0.000835518,0.499148,0.000158842,0.000166928,0.728212,-0.00117119,-0.000921617,-0.0004375,-0.000158333,1.54006e-06,0.000117536,0.000392123,0.000819719,0.00111088,0.000163813,0.000164611,0.000168603,0.000161001,0.00016296,0.000160869,0.000150613,0.000157588,-0.000503492,0.000428312,5.80694e-06,-0.000485984,0.000431509,0,0.473458,-0.000938632,-0.000395489,0.000352805,0.000944239,1790240100,0.00046579,0,0.000464932,1,0.000624211,0,0.000598319,1,0.000586332,2.83757e-05,0.000664785,1,0.000729699,4.185e-05,0.000817551,1,
1790240340,0.000738554,0,0.000738554,0,0.00083094,0.500207,0.000208712,0.000215442,0.757123,-0.00113349,-0.000887056,-0.000403976,-0.000140838,2.70426e-06,0.000109255,0.000363104,0.000765858,0.00105066,0.00021515,0.000212771,0.000212612,0.000229978,0.000199586,0.000209631,0.000203819,0.000209008,0.00046539,0,0.00043338,-0.00052864,0.000509594,0,0.47689,-0.00110467,-0.000447568,0.000402325,0.00106744,1790240100,0.000455752,0,0.000458118,1,0.000530416,0,0.000469267,1,0.000552866,3.28508e-05,0.000563783,1,0.000592708,5.89426e-07,0.000681104,1,
1790240400,0.000992627,7.49521e-06,0.00149793,7.49521e-06,0.000829193,0.497733,0.000292021,0.000301022,0.730127,-0.0012419,-0.00100431,-0.00046554,-0.00015848,-1.01782e-06,0.000121984,0.000429633,0.000855021,0.00114251,0.000313804,0.0002833,0.000282896,0.000327572,0.000274333,0.000299378,0.00028831,0.000292503,-0.000540584,0.000537763,3.48667e-05,-0.000659611,0.000736695,6.39843e-05,0.472193,-0.00137422,-0.000606171,0.000503492,0.00129936,1790240400,0.000519854,0,0.00046399,0,0.000513114,0,0.00045361,0,0.000491046,1.30618e-05,0.000470223,0,0.000563426,1.4939e-05,0.000611666,1,
1790240460,1.12316e-05,3.36946e-05,0.000871949,-0.00052803,0.000832776,0.510586,7.92209e-05,7.51033e-05,0.6033,-0.0012974,-0.00100473,-0.000453915,-0.000150341,1.74052e-05,0.000151881,0.000468197,0.000948637,0.00122438,5.96335e-05,9.16093e-05,9.13547e-05,6.81508e-05,8.20894e-05,7.51294e-05,8.19e-05,8.10319e-05,0.000555584,3.45391e-05,0.000578404,-0.000682556,0.000749938,4.76658e-05,0.477834,-0.00145961,-0.000597477,0.000551018,0.00144015,1790240400,0.000743375,0,0.000527718,1,0.000503634,1.72267e-05,0.000452028,1,0.000481354,3.68815e-05,0.000442563,0,0.000501039,3.54607e-05,0.00048809,1,
1790240520,-0.00129622,-0.000168488,4.8669e-05,-0.00129622,0.000824408,0.516936,0.000422392,0.000419305,0.743094,-0.00122743,-0.000932627,-0.000426469,-0.000126549,2.51294e-05,0.00015959,0.000463164,0.000912701,0.00117025,0.000455331,0.000385574,0.000393161,0.000398474,0.000491426,0.000430164,0.000431611,0.000442255,0.000539288,2.54845e-05,0.000513488,-0.000702516,0.000806156,5.35628e-05,0.481859,-0.00147192,-0.000600958,0.000577298,0.00146708,1790240400,0.000673661,0,0.000560949,1,0.000717932,1.91011e-05,0.000600087,1,0.0004858,7.35316e-05,0.000456901,1,0.000487948,3.9377e-05,0.000485862,1,
1790240580,-0.000483701,2.2492e-05,0.00025488,-0.000592473,0.000836456,0.510527,0.000147702,0.000145109,0.185144,-0.00133552,-0.00103122,-0.000453926,-0.000132723,1.52449e-05,0.000159151,0.000481381,0.000935687,0.00123414,0.000135409,0.000145647,0.000145144,0.000135774,0.000151289,0.00013881,0.000177302,0.000149736,0.000565855,0.000171989,0.000553553,-0.000694622,0.00079199,0,0.484833,-0.00147,-0.00057604,0.000586458,0.00147612,1790240400,0.00067831,0,0.000584447,1,0.000661853,6.07804e-05,0.000615702,1,0.000640207,6.41006e-05,0.000641904,1,0.000488638,3.68256e-05,0.00049866,1,
1790240640,-0.000862994,2.62534e-05,0.000491199,-0.000881763,0.00083087,0.5058,0.000251478,0.000247591,0.117505,-0.00126872,-0.000992065,-0.000447594,-0.000144101,9.50091e-06,0.000135066,0.000466645,0.000940704,0.00121678,0.000255166,0.00024231,0.000241796,0.000241082,0.000233415,0.000243531,0.000270297,0.000258078,0.000551321,3.86457e-05,0.000543359,-0.000654463,0.000677589,0,0.479923,-0.00137328,-0.000550508,0.000543771,0.00139621,1790240400,0.000695375,0,0.000559053,1,0.000688181,3.25844e-05,0.000691417,1,0.000625159,5.97773e-05,0.000655909,1,0.000537609,4.24194e-05,0.000591277,1,
1790240700,0.00118924,4.50442e-05,0.00138418,4.50442e-05,0.000831525,0.49687,0.00034718,0.000358055,0.0723546,-0.00141776,-0.00104495,-0.000494707,-0.000180665,-3.35469e-06,0.000143438,0.00050139,0.00101715,0.00129397,0.000412143,0.000348898,0.000354787,0.000361061,0.000366819,0.000362951,0.00032691,0.000336356,-0.000598507,0.000671173,0.000123289,-0.000697766,0.000767077,7.54537e-05,0.482077,-0.00147179,-0.000583742,0.000584818,0.00148765,1790240700,0.000645621,0,0.00057721,1,0.000666452,0,0.000701902,1,0.000656704,1.66915e-05,0.00070907,1,0.000638436,4.76634e-05,0.000646506,1,
1790240760,-0.000768903,-0.000202483,-0.000202483,-0.00124179,0.000840173,0.49416,0.000220064,0.000215909,0.0430868,-0.00132498,-0.00104286,-0.00050191,-0.000170256,-7.45256e-06,0.000133936,0.000473396,0.000977523,0.00126055,0.000218394,0.000216038,0.000215613,0.00021493,0.000203421,0.000217667,0.000222736,0.000226581,-0.000588714,0.000633834,0.000132124,-0.00070251,0.000722338,7.75604e-05,0.477524,-0.00149066,-0.000610345,0.000569346,0.00149396,1790240700,0.000693258,0,0.000588637,1,0.000649272,0,0.000645329,1,0.000615469,4.00567e-06,0.000667926,1,0.000658435,6.14712e-05,0.000677265,1,
1790240820,0.00061517,0,0.000776402,0,0.000838807,0.486399,0.000173978,0.000181556,0.0392789,-0.0013316,-0.00103772,-0.000492303,-0.00017851,-2.11118e-05,0.00013747,0.000471109,0.000953689,0.00122267,0.000179401,0.000178391,0.000177826,0.000176708,0.000197845,0.000174832,0.000169109,0.000170035,-0.000580743,0.000590989,8.14479e-05,-0.000699655,0.000711317,3.67645e-05,0.476999,-0.00147491,-0.000598598,0.000571503,0.00147512,1790240700,0.000664487,0,0.000618458,1,0.000641498,2.87866e-05,0.000692101,1,0.000583947,2.95048e-05,0.000616253,1,0.000602196,5.84477e-05,0.00064996,1,
1790240880,-0.000172509,-0.000266277,0.00028495,-0.000772774,0.000834921,0.503412,8.7955e-05,8.4671e-05,0.0423086,-0.00121869,-0.00097248,-0.000458063,-0.000140666,5.58394e-06,0.000135204,0.000440076,0.000900294,0.00116107,7.10465e-05,9.79412e-05,9.2325e-05,7.32285e-05,0.000107769,8.57474e-05,9.69494e-05,9.0531e-05,0.000540865,0,0.000505014,-0.000639141,0.00063588,0,0.479988,-0.00134904,-0.000550873,0.000517257,0.00134198,1790240700,0.000656272,0,0.000562722,1,0.000656827,6.35686e-05,0.00060537,1,0.000609658,8.23736e-05,0.000649959,1,0.00058253,6.09831e-05,0.00060464,1,
1790240940,6.75073e-05,-1.87528e-05,0.000491199,-1.87528e-05,0.00082689,0.494657,7.91298e-05,7.66859e-05,0.0559148,-0.00123385,-0.000973835,-0.000471611,-0.000166606,-6.11797e-06,0.000127714,0.000444481,0.000901872,0.00114692,6.31672e-05,9.21673e-05,8.22708e-05,7.84184e-05,0.000103506,7.6297e-05,8.1597e-05,7.38721e-05,-0.000552909,0.000545998,7.48901e-05,-0.000696487,0.000730956,7.41911e-05,0.479738,-0.00145697,-0.000595686,0.000568826,0.00145155,1790240700,0.000601277,0,0.000522836,1,0.000661092,2.56316e-05,0.000668299,1,0.000612426,0.000126895,0.000635591,1,0.0006221,9.32446e-05,0.000634529,1,
1790241000,-0.00063775,-2.62523e-05,3.75027e-06,-0.000739078,0.000818635,0.500994,0.000185078,0.000180503,0.0807494,-0.00112392,-0.000881851,-0.000413169,-0.000135648,3.45019e-06,0.000108377,0.000399092,0.000799233,0.00104529,0.000177857,0.000179385,0.000178694,0.000178139,0.000171887,0.00018138,0.000194634,0.000190456,0.000488885,0,0.000447456,-0.00059357,0.000561379,0,0.478135,-0.00124516,-0.000513696,0.000472895,0.00122196,1790241000,0.000664019,0,0.00058582,1,0.000613318,1.61485e-06,0.000551209,1,0.000629028,5.64024e-05,0.000632649,1,0.000651223,6.16636e-05,0.00062773,1,
1790241060,-0.00100622,3.7526e-05,0.000300168,-0.00114898,0.000815411,0.493338,0.00030203,0.000293468,0.0748871,-0.00116287,-0.000900934,-0.000417443,-0.000146742,-5.96992e-06,0.000103781,0.000400721,0.000812985,0.00106515,0.000309571,0.000281599,0.000295813,0.000315936,0.000268333,0.000300519,0.000314749,0.000302913,-0.000492978,0.000487568,0,-0.000573891,0.00057987,0,0.476321,-0.00120846,-0.000486525,0.000465113,0.00122466,1790241000,0.000573493,0,0.00046039,1,0.000656565,3.41669e-05,0.000671942,1,0.000584095,5.52779e-05,0.00058355,1,0.000656302,2.03592e-05,0.000658079,1,
1790241120,-0.000785406,3.00511e-05,0.000169026,-0.000973393,0.000819662,0.498339,0.000229893,0.000222816,0.0508401,-0.00132857,-0.00100023,-0.000472438,-0.000164124,-1.084e-06,0.00013719,0.000475693,0.000950038,0.00119844,0.000223011,0.000220272,0.000219386,0.000219176,0.000196575,0.000221882,0.00025057,0.000238225,-0.000569305,0.000647849,7.70497e-06,-0.000653717,0.000751565,4.11438e-06,0.484057,-0.00138267,-0.000543309,0.000551119,0.00138943,1790241000,0.000592702,0,0.000464108,1,0.000587752,0,0.000556998,1,0.000631145,5.2587e-05,0.000657199,1,0.000582178,5.1415e-05,0.000573264,1,
1790241180,0.000552479,-0.000146627,0.000785406,-0.000338403,0.000818991,0.492258,0.000152767,0.000162604,0.0501423,-0.0013243,-0.00102605,-0.000492691,-0.000170849,-1.02171e-05,0.000130007,0.000485651,0.000981517,0.00121775,0.000162465,0.000160921,0.000159882,0.000159668,0.000189534,0.000157124,0.000141948,0.000152232,-0.000587904,0.000614144,1.82515e-05,-0.000642097,0.000710382,1.0934e-05,0.479704,-0.00136723,-0.000540354,0.000536005,0.00137513,1790241000,0.000671028,0,0.000553355,1,0.000601746,0,0.000543302,1,0.000586898,0,0.000580115,1,0.000642572,4.58316e-05,0.000653336,1,
1790241240,-0.00117297,-0.000108968,-0.000108968,-0.00140623,0.000814516,0.48363,0.000357616,0.000346928,0.0468143,-0.0012366,-0.000966002,-0.000480567,-0.00017517,-2.22131e-05,0.000116741,0.000432345,0.000890689,0.001146,0.000390255,0.000342063,0.000359591,0.000362583,0.000304446,0.000359329,0.000359189,0.000361456,-0.000553541,0.000529914,7.27792e-05,-0.000645763,0.000653943,5.03503e-05,0.477468,-0.00137388,-0.000559613,0.000521561,0.00135104,1790241000,0.000670213,0,0.000551789,1,0.000647602,0,0.000644501,1,0.000546997,4.04926e-05,0.000512426,1,0.000559822,4.37288e-05,0.000545512,1,
1790241300,0.000315936,3.76166e-05,0.000646809,-0.000244542,0.000823216,0.497069,0.000114029,0.000119581,0.0316292,-0.00145287,-0.00112591,-0.000560502,-0.000179915,-4.33302e-06,0.000159987,0.000538993,0.000998229,0.00128504,0.000100303,0.000119567,0.000113679,0.000115699,0.000145044,0.000110316,0.000108688,0.000114364,-0.000660905,0.000751472,3.02377e-05,-0.000737803,0.000852487,2.21728e-05,0.479046,-0.00155153,-0.000627621,0.000599745,0.00149296,1790241300,0.000629183,0,0.000563113,1,0.000649138,0,0.000608221,1,0.000587677,5.20763e-05,0.00060697,1,0.000550236,4.71304e-05,0.00053179,1,
1790241360,-0.000827662,-0.000142911,-0.000142911,-0.00109868,0.000816166,0.492007,0.000238453,0.000230655,0.0404928,-0.00133026,-0.00102072,-0.00049717,-0.000165804,-1.05664e-05,0.000128567,0.000453363,0.000926719,0.00116709,0.000238261,0.000231946,0.000231137,0.000230892,0.000203145,0.000233644,0.000251961,0.000245753,-0.000574958,0.00056566,0,-0.000658426,0.000671932,0,0.478763,-0.0013886,-0.000567704,0.000533255,0.00136487,1790241300,0.000778882,1.48901e-05,0.000656937,1,0.000617611,3.05209e-05,0.000573045,1,0.000586721,8.09454e-05,0.000563364,1,0.00059253,8.32795e-05,0.000586512,1,
1790241420,7.90337e-05,0.000195691,0.000805098,-0.000440445,0.000816398,0.488395,8.34928e-05,8.22047e-05,0.0384793,-0.00135463,-0.00105157,-0.000518656,-0.000179249,-1.65887e-05,0.000129625,0.000468368,0.000902188,0.00117236,6.43928e-05,9.01518e-05,8.04387e-05,7.28224e-05,0.000105721,8.0071e-05,7.85832e-05,9.22398e-05,-0.000595899,0.000573806,1.03814e-06,-0.000646944,0.000667251,0,0.473183,-0.00138681,-0.000559039,0.000521104,0.00134944,1790241300,0.00061695,1.11657e-05,0.000637006,1,0.000628389,2.178e-05,0.000726947,1,0.000571743,9.69115e-05,0.000573049,1,0.000581248,9.00501e-05,0.000567897,1,
1790241480,-8.6561e-05,-0.000150546,0,-0.000749189,0.00080827,0.492778,8.40372e-05,7.98701e-05,0.0510767,-0.00132753,-0.00101502,-0.00049419,-0.000170844,-9.37747e-06,0.000130033,0.000469767,0.000929513,0.0011614,6.31009e-05,8.78766e-05,7.46987e-05,8.26892e-05,9.27942e-05,7.7062e-05,8.60781e-05,9.10086e-05,-0.000580926,0.000570504,0,-0.000679643,0.00075645,1.13054e-05,0.479734,-0.00142016,-0.000579724,0.000554557,0.00140435,1790241300,0.000654305,0,0.000570307,1,0.000657125,0,0.00058411,1,0.000651882,4.05272e-05,0.000624863,1,0.000601214,4.71533e-05,0.000569234,1,
1790241540,0.000884075,0.000116667,0.000884075,-0.00128047,0.00080024,0.485991,0.000247442,0.000260363,0.0732884,-0.00123856,-0.000959205,-0.000470214,-0.000163831,-1.62509e-05,0.000102955,0.000426995,0.000858538,0.00109292,0.000273394,0.000252537,0.000259852,0.000258338,0.000281738,0.000254754,0.000239162,0.000242058,-0.000542724,0.000493766,7.82571e-06,-0.000624752,0.000629127,1.38105e-06,0.476987,-0.00130633,-0.000537786,0.000503766,0.00129545,1790241300,0.000644748,1.41321e-05,0.000661956,1,0.000636762,0,0.000592527,1,0.00060422,3.7319e-05,0.000599883,1,0.000612394,6.36982e-05,0.000605007,1,
1790241600,0.000327098,3.00824e-05,0.000511278,-0.0001241,0.000802003,0.497347,0.000117196,0.000121892,0.0476455,-0.00142108,-0.00111537,-0.000552948,-0.000206001,-3.19843e-06,0.000163453,0.000514452,0.00105137,0.0013176,0.000101907,0.000118407,0.000107589,0.000128963,0.000136156,0.000108922,0.00013113,0.000110199,-0.000645405,0.000756656,0.000151254,-0.000705533,0.000866291,7.82728e-05,0.480636,-0.00147451,-0.000599853,0.000577734,0.00149668,1790241600,0.000587753,0,0.000604248,1,0.000678862,0,0.000624308,1,0.00057854,4.02681e-05,0.000539703,1,0.000608066,4.84756e-05,0.000567631,1,
1790241660,-0.000470002,2.25545e-05,7.14209e-05,-0.000658064,0.000795288,0.48704,0.000133596,0.000129248,0.0657032,-0.00124383,-0.00100522,-0.000491711,-0.000187841,-1.60348e-05,0.000110876,0.000423346,0.00087351,0.00111537,0.000131404,0.00013697,0.000131732,0.000131733,0.000130316,0.000134605,0.000143672,0.000135019,-0.000556992,0.000577767,8.8969e-05,-0.000569022,0.000551013,0,0.475031,-0.00121608,-0.000501033,0.00044563,0.00117903,1790241600,0.000708842,1.13788e-05,0.000735961,1,0.000615704,1.24129e-06,0.000565573,1,0.000610178,3.58644e-05,0.000628121,1,0.000578014,2.07178e-05,0.000565284,1,
1790241720,-0.00143016,-5.26539e-05,3.76083e-05,-0.00154316,0.000790096,0.487681,0.000468709,0.000458903,0.0680681,-0.00128949,-0.00101148,-0.000474434,-0.000175082,-1.59659e-05,0.000116793,0.00042874,0.000882692,0.0011286,0.000517283,0.000463634,0.000516942,0.000489702,0.000412377,0.000500058,0.000470528,0.000434619,-0.000547531,0.000623799,9.80855e-06,-0.000548908,0.000575637,0,0.479613,-0.00115972,-0.000463172,0.000447677,0.00117321,1790241600,0.000569095,5.20948e-06,0.000481467,0,0.000729193,6.50666e-05,0.000617627,1,0.000557854,7.15973e-05,0.000537457,1,0.000619526,6.7179e-05,0.000580049,1,
1790241780,0.000425499,8.28547e-05,0.000621243,2.25974e-05,0.000807883,0.500634,0.000133042,0.000138347,0.0251135,-0.00151071,-0.00114218,-0.000549852,-0.000188778,2.55063e-06,0.000161994,0.000523493,0.0010551,0.00132469,0.000127474,0.000135236,0.000130411,0.000131963,0.000160106,0.000129476,0.00012351,0.000138906,0.000647028,0.000177138,0.000705705,-0.000675352,0.000815026,0,0.48615,-0.00144525,-0.00055579,0.000571332,0.00143271,1790241600,0.000574429,0,0.000489675,1,0.000569135,1.63826e-05,0.000486491,1,0.000614565,0.000132408,0.000621125,1,0.000572791,3.65063e-05,0.000558569,1,
1790241840,-0.000304985,0,0.000335,-0.000534727,0.000802024,0.490203,0.000111559,0.000106649,0.0317931,-0.00137658,-0.00103985,-0.000496679,-0.000182762,-1.27088e-05,0.00012354,0.000462593,0.000955582,0.00121535,9.30949e-05,0.000109981,0.000103857,9.83309e-05,0.00010097,0.00010713,0.000119953,0.000121596,-0.000580102,0.000604913,6.43123e-05,-0.000597773,0.000580504,0,0.477759,-0.00128347,-0.000516261,0.000481728,0.00125931,1790241600,0.000713468,0,0.000606451,1,0.000594311,0,0.000507063,1,0.00054414,3.85705e-05,0.00049201,1,0.00064181,8.52881e-05,0.000622069,1,
1790241900,-0.000184542,0,0.000124265,-0.000625323,0.000795134,0.478162,8.67012e-05,8.1114e-05,0.0410853,-0.00130462,-0.00100069,-0.000486183,-0.000185385,-2.92806e-05,0.00010798,0.000423719,0.000865589,0.00111429,7.2856e-05,9.07384e-05,8.09158e-05,7.61587e-05,9.17589e-05,8.49024e-05,9.05861e-05,9.45621e-05,-0.00055306,0.000551554,0.000108855,-0.000616305,0.000619931,1.43669e-05,0.474467,-0.00132678,-0.000536142,0.000494665,0.00128855,1790241900,0.000605427,0,0.000566864,1,0.000652671,0,0.000643997,1,0.000524006,1.97198e-05,0.000488306,1,0.000526075,2.70885e-05,0.000511876,1,
1790241960,-0.000305135,-9.41675e-05,-7.53333e-05,-0.00197938,0.000787575,0.486332,0.000108026,0.000102119,0.0586383,-0.00123736,-0.000973866,-0.000454791,-0.000161532,-1.8249e-05,0.000118416,0.000423756,0.000860401,0.00110232,9.29053e-05,0.00010825,9.7964e-05,9.55272e-05,9.54841e-05,0.000102354,0.00011974,0.000117729,-0.000530786,0.000589317,4.27021e-05,-0.000608534,0.000646848,0,0.479721,-0.00129142,-0.000519397,0.000499135,0.00129379,1790241900,0.000620224,0,0.000485875,1,0.000581563,0,0.00051312,1,0.000582045,4.43529e-05,0.00058707,1,0.000501872,5.1437e-05,0.000500683,1,
1790242020,0.00082478,1.88382e-05,0.000843602,-0.000301459,0.000780852,0.491695,0.0002267,0.000237831,0.0768253,-0.00139934,-0.00105233,-0.000493028,-0.000185932,-1.3735e-05,0.000154992,0.000490405,0.000975195,0.00124224,0.000250628,0.000235683,0.000241253,0.000236945,0.000264019,0.000235081,0.000213753,0.000214581,-0.000590413,0.000736887,0.000145577,-0.000700031,0.000861084,6.9667e-05,0.486835,-0.00145916,-0.000578345,0.000582147,0.00147459,1790241900,0.00059309,0,0.000506584,1,0.000555105,5.82832e-05,0.000562488,1,0.000529227,6.40079e-05,0.00050284,1,0.000543206,8.78613e-05,0.000579468,1,
1790242080,-0.00117147,-3.76457e-06,-3.76457e-06,-0.00142402,0.000781755,0.482057,0.000356271,0.00034464,0.0533301,-0.00121696,-0.000965509,-0.00048212,-0.00018149,-2.31127e-05,0.000108826,0.000419545,0.000870429,0.00112647,0.000387313,0.000349779,0.000382626,0.000352202,0.000310084,0.000365567,0.000351199,0.000357381,-0.000548506,0.000656695,0.00011886,-0.000573273,0.000608917,0,0.480374,-0.00122224,-0.000495068,0.000462834,0.00121951,1790241900,0.000682126,0,0.000642167,1,0.0005787,3.94335e-05,0.000532623,1,0.000560445,4.92489e-05,0.000532894,1,0.000492417,6.07311e-05,0.000512415,1,
1790242140,0.000346686,8.29141e-05,0.000391897,4.89955e-05,0.000791432,0.492248,0.000117756,0.000123551,0.0273477,-0.00145272,-0.00109477,-0.000527813,-0.000199669,-1.16225e-05,0.000145818,0.000487135,0.000961575,0.00123468,0.000105463,0.000119888,0.000114174,0.000119542,0.000142747,0.000114998,0.00011178,0.00012054,-0.000613417,0.000764358,9.27188e-05,-0.000629031,0.000727946,0,0.482977,-0.00136369,-0.00052821,0.000524875,0.00134744,1790241900,0.000570365,0,0.000496783,1,0.00063211,0.000114684,0.000645295,1,0.000561484,6.64815e-05,0.000519329,1,0.000544738,4.48997e-05,0.000542138,1,
1790242200,-0.00287887,0,0,-0.00399416,0.00078501,0.490656,0.00119857,0.00118616,0.0350701,-0.00127266,-0.0010122,-0.000479566,-0.000161794,-1.11624e-05,0.000115267,0.000438151,0.000903588,0.00113732,0.001241,0.00119155,0.00122283,0.00122307,0.00112152,0.0012107,0.00121383,0.00116701,-0.000555315,0.000650049,0,-0.000547592,0.000524898,0,0.48403,-0.00115017,-0.000469251,0.000439221,0.00112011,1790242200,0.00066131,0,0.000478494,0,0.000525167,8.35474e-05,0.000487237,0,0.00059184,0.000131251,0.000610204,1,0.000529917,8.00942e-05,0.000530955,1,
1790242260,6.4233e-05,7.55704e-06,0.00100836,-0.000986684,0.000877311,0.50003,0.000127146,0.00012583,0.0244639,-0.00211394,-0.00155639,-0.000764962,-0.000262169,-7.69801e-08,0.000266665,0.000785693,0.00147033,0.00185506,6.37694e-05,9.65066e-05,0.000122797,0.000127737,0.000113451,0.00015476,0.00012551,0.000135563,0.000932978,0.000259739,0.00105694,-0.000922208,0.00127398,0.000138075,0.494946,-0.00192503,-0.000724948,0.000770133,0.00186498,1790242200,0.000553138,0,0.000509702,0,0.000562121,8.35355e-05,0.000583564,1,0.000492952,0.000108963,0.000492582,0,0.000593928,0.000102656,0.000618753,1,
1790242320,-0.00219381,-0.000113355,-0.000113355,-0.00283774,0.000868541,0.497419,0.000746063,0.00072988,0.0283522,-0.00191885,-0.00143636,-0.000706384,-0.000236726,-5.68641e-06,0.000221675,0.000704866,0.00136485,0.00171364,0.000897991,0.000812673,0.000755559,0.000734858,0.000714822,0.00068131,0.000837257,0.000713775,-0.000846904,0.000866883,0,-0.000853516,0.00102443,5.46249e-05,0.487612,-0.00175606,-0.000698037,0.00070475,0.00175785,1790242200,0.000907242,4.63166e-05,0.000808116,1,-0.000464798,0.000452507,2.15221e-05,0,0.000556243,6.91554e-05,0.00053594,0,0.000505734,6.31284e-05,0.000505404,0,
1790242380,-0.000113604,-3.78666e-05,0.000393728,-0.00147786,0.000914075,0.499403,0.000138648,0.000133072,0.0319725,-0.00215562,-0.00161623,-0.000797301,-0.000282641,-1.46979e-06,0.000274501,0.000806257,0.00152865,0.00191126,6.46824e-05,0.000102374,0.000131368,0.000124035,0.000107629,0.000160921,0.000132587,0.000156777,-0.000963277,0.00113453,0.000212156,-0.000918189,0.00111709,0.000168971,0.48178,-0.00195624,-0.000757194,0.000748372,0.00186736,1790242200,0.000753943,1.54447e-05,0.000926203,1,0.000719821,0.000135722,0.000905801,1,0.000481349,4.67041e-05,0.00046443,0,0.000521948,7.84378e-05,0.000558688,0,
1790242440,-0.00282152,-3.40837e-05,-3.40837e-05,-0.00361556,0.00090503,0.493516,0.00103261,0.00101269,0.032833,-0.00206961,-0.00155193,-0.000762247,-0.000260666,-1.53799e-05,0.000225786,0.000744397,0.0014646,0.00186276,0.00121102,0.00111194,0.0010464,0.0010246,0.00100741,0.000974655,0.00111575,0.000994777,-0.000905903,0.000936875,3.85875e-05,-0.000903883,0.00108271,6.82093e-05,0.48296,-0.00187452,-0.000749918,0.000735427,0.0018528,1790242200,0.000872296,1.74312e-05,0.000794497,1,-0.000764803,0.00076739,1.3645e-05,0,-0.00068384,0.000809013,9.45306e-05,0,0.000414372,7.63887e-05,0.000453527,0,
1790242500,0.00295406,-0.000189904,0.00332128,-0.00236498,0.000980774,0.497793,0.00103545,0.00106713,0.0789968,-0.00241124,-0.00181955,-0.000889,-0.000321268,-6.12358e-06,0.000291852,0.00088843,0.00168272,0.00209428,0.00129594,0.00115373,0.0010371,0.00106668,0.00126393,0.000993228,0.00100864,0.000990247,-0.00106652,0.00127999,0.000254033,-0.00103026,0.00128893,0.000177546,0.484677,-0.00218929,-0.000840776,0.000840513,0.0020628,1790242500,0.000785692,3.9585e-05,0.000936511,1,0.000720954,0.000131429,0.000838099,1,0.00066072,0.000107929,0.000774833,1,0.000642896,0.000134443,0.000773332,1,
1790242560,0.00139247,-0.000155259,0.00158907,-0.00020828,0.00105698,0.494257,0.000387094,0.000404358,0.319435,-0.00271798,-0.00199483,-0.00102111,-0.000357742,-1.85699e-05,0.000309724,0.000939044,0.00185386,0.0023949,0.000513627,0.000396524,0.000400698,0.00040279,0.000451147,0.000395207,0.000379502,0.000368142,-0.00118394,0.00152643,0.00041457,-0.00121047,0.00153813,0.000312205,0.474479,-0.00249381,-0.00101506,0.000947754,0.00248465,1790242500,0.000937944,8.67032e-05,0.000888669,0,0.000803337,4.15876e-05,0.000778242,1,0.000684502,0.000151836,0.00072301,1,0.000651966,0.000139263,0.000685842,1,
1790242620,0.000215508,-9.45357e-05,0.000922199,-0.000245811,0.00106473,0.481923,0.000151384,0.000150059,0.330968,-0.00236517,-0.00186263,-0.000916651,-0.000353179,-4.96604e-05,0.000229322,0.000791037,0.00153424,0.00200156,8.41559e-05,0.000129182,0.000175514,0.000145078,0.000164798,0.000164246,0.000159797,0.000142511,-0.00103498,0.00108055,0.000376056,-0.00100318,0.000978853,0.000184872,0.465438,-0.00221283,-0.000910431,0.000765373,0.00206778,1790242500,0.00109409,6.78809e-05,0.00138666,1,0.000786595,0.000146751,0.000954085,0,0.000705324,0.000142955,0.000763035,1,0.000659321,0.000109824,0.000739697,1,
1790242680,-0.00072989,-0.000151229,-0.000151229,-0.00192988,0.00105447,0.493482,0.000223106,0.000215443,0.239559,-0.00218609,-0.00169815,-0.00085252,-0.000297649,-1.65486e-05,0.000244054,0.000770903,0.00150608,0.00195621,0.000203314,0.000205821,0.000229596,0.000213707,0.00019195,0.000222297,0.000248199,0.000223182,-0.000980898,0.00108049,0,-0.000945097,0.00100312,0,0.478501,-0.00203262,-0.000828209,0.000753754,0.00194895,1790242500,0.000924099,9.4696e-05,0.000803818,1,0.00113895,0.000117506,0.000985581,1,0.000758804,0.000141969,0.000839143,1,0.000686558,0.000135548,0.000719981,1,
1790242740,-0.000321623,0,0.000847076,-0.000389745,0.00104896,0.495602,0.000156943,0.000148248,0.15983,-0.00224156,-0.00167704,-0.000813081,-0.000284332,-1.07367e-05,0.000245094,0.000775338,0.0015338,0.00198922,9.62554e-05,0.000135511,0.000157486,0.000158745,0.000131785,0.000144476,0.000182234,0.000163069,-0.000957093,0.00115766,3.95534e-05,-0.00100367,0.00114139,0,0.483239,-0.00210215,-0.00084146,0.000821304,0.00207832,1790242500,0.00082917,0.000195117,0.00075299,1,0.000833335,0.000203125,0.000793193,1,0.000903671,0.00023837,0.00104729,1,0.000739204,0.000112505,0.000828571,1,
1790242800,0.000450243,3.78434e-05,0.00119894,3.40591e-05,0.00103941,0.492753,0.000159753,0.000169131,0.113478,-0.00207697,-0.00155937,-0.000746171,-0.000268013,-1.30218e-05,0.000183033,0.00069498,0.0013468,0.00176319,0.000134954,0.000161624,0.000175329,0.000174048,0.00018874,0.000149735,0.000136594,0.000158997,-0.000869411,0.000979783,3.91673e-05,-0.000886031,0.00092006,0,0.479061,-0.00189196,-0.000763928,0.000716813,0.00181784,1790242800,0.000866345,5.70598e-05,0.000956668,1,0.000845679,3.83064e-05,0.000796212,1,0.000815235,0.000129375,0.000804255,1,0.000944602,0.000130971,0.00095896,1,
1790242860,0.000419792,-3.78271e-06,0.000601269,-0.000756828,0.00103093,0.486229,0.000143255,0.000151503,0.100588,-0.00170889,-0.00135145,-0.00065015,-0.000249328,-2.19741e-05,0.000141716,0.000556894,0.00112196,0.00147201,0.00012618,0.000155447,0.000163473,0.000146767,0.000177922,0.000134123,0.000130801,0.000139984,-0.000733741,0.000806721,0.00014791,-0.00076679,0.000770197,2.16175e-05,0.476322,-0.00165262,-0.000676063,0.000603455,0.00155788,1790242800,0.00079652,0,0.000810557,1,0.000885167,0,0.000926368,1,0.000829797,0,0.000865319,1,-0.000788552,0.000779847,8.09987e-05,1,
1790242920,-0.000298753,-1.51246e-05,0.000389379,-0.000298753,0.0010223,0.491323,0.000124071,0.00011587,0.109352,-0.00162751,-0.00128128,-0.000637871,-0.00024741,-1.32337e-05,0.000154883,0.000543875,0.00111347,0.00143051,9.27537e-05,0.000128283,0.000131431,0.000123535,0.000118947,0.000107294,0.00013914,0.000125401,-0.00071957,0.00083162,0.000170749,-0.00073153,0.000782188,3.15642e-05,0.479057,-0.0015523,-0.000633868,0.000583427,0.00151195,1790242800,0.000695552,2.58173e-05,0.000693157,1,0.000776625,0,0.000856647,1,0.000767549,4.68466e-05,0.000889585,1,0.000733241,5.80226e-05,0.000819387,1,
1790242980,-0.00137011,7.56421e-05,7.56421e-05,-0.00214684,0.00101291,0.481222,0.000407905,0.000388277,0.165696,-0.00158561,-0.00125389,-0.000589582,-0.000228234,-2.85293e-05,0.00012745,0.000488843,0.00102202,0.00132645,0.000482235,0.000388162,0.000391278,0.000414406,0.000355095,0.000464364,0.000423402,0.000395339,-0.000658665,0.000708679,7.63589e-05,-0.000639352,0.000615442,0,0.474429,-0.00134981,-0.000551694,0.000482993,0.00127527,1790242800,0.000665039,3.77708e-05,0.000716467,1,0.000679378,3.41153e-05,0.000703833,1,0.000701492,0,0.000836083,1,0.000746342,5.13491e-05,0.000886109,1,
1790243040,-0.000337138,-8.71148e-05,0.000128764,-0.00087528,0.00102127,0.4957,0.000141319,0.000131436,0.0396625,-0.00183171,-0.00145188,-0.000686275,-0.000255793,-6.74381e-06,0.000188345,0.000592082,0.00123462,0.00157798,9.91266e-05,0.000134204,0.000134331,0.000135158,0.000121764,0.000118625,0.000163244,0.000152607,-0.000778183,0.00101997,0.000127081,-0.000815183,0.000987574,7.17037e-06,0.485959,-0.00175102,-0.000681751,0.00068625,0.00171419,1790242800,0.000599006,5.08972e-05,0.000539905,1,0.000687637,7.59117e-05,0.00066979,1,0.000640541,5.68224e-05,0.000713527,1,0.000664122,4.72193e-05,0.000775268,1,
1790243100,-0.000560887,-0.000166717,0.000878595,-0.000598796,0.00101213,0.491159,0.000175914,0.000165084,0.0597423,-0.00175097,-0.00138805,-0.000663814,-0.000248497,-1.24505e-05,0.000146561,0.000589358,0.00124255,0.00154449,0.000156277,0.000170427,0.000166395,0.000171352,0.000147241,0.000160245,0.000195736,0.000189365,-0.000761848,0.000927001,0.000104911,-0.00080212,0.000897113,0,0.482222,-0.00168861,-0.000690327,0.000655755,0.00161982,1790243100,0.000765555,4.52789e-05,0.000788159,1,0.000624934,0,0.000592817,1,0.000616382,0.000128433,0.000664795,1,0.000638174,6.60518e-05,0.000682738,1,
1790243160,0.000863937,-4.17001e-05,0.00100785,-0.000895038,0.0010051,0.474802,0.000241525,0.000260733,0.0781314,-0.00164009,-0.00131793,-0.00062243,-0.000247428,-4.27071e-05,0.000130798,0.000535568,0.00107044,0.00140277,0.000264163,0.000248899,0.000247928,0.000249322,0.000292053,0.000244119,0.000228927,0.000233444,-0.000703956,0.000815283,0.000208478,-0.000760477,0.000802,7.39713e-05,0.479796,-0.00163929,-0.000657905,0.000616389,0.00155221,1790243100,-0.000766469,0.000732117,8.1146e-05,1,0.000741078,4.07469e-05,0.000798932,1,0.000600388,1.85416e-05,0.000603716,1,0.000648874,8.39713e-05,0.000686437,1,
1790243220,-0.000231068,7.57484e-05,0.000242375,-0.000977669,0.00100247,0.488561,0.000113838,0.00010432,0.0616537,-0.0016039,-0.00126203,-0.000596837,-0.000242847,-1.84597e-05,0.000148664,0.000538738,0.00113437,0.00144494,8.13069e-05,0.000117345,0.000106216,0.000126721,0.00011265,9.53773e-05,0.000127036,0.000120059,-0.000690215,0.000897831,0.000251026,-0.000811957,0.000903581,8.48847e-05,0.480548,-0.00174272,-0.000704682,0.000662074,0.00170818,1790243100,0.000686283,5.43887e-05,0.000701135,1,0.000615424,4.72815e-05,0.000816148,1,0.000653184,9.84207e-05,0.000747446,1,0.000581346,6.91561e-05,0.000593547,1,
1790243280,-0.000466087,-3.78845e-06,0.000321965,-0.000682152,0.00099293,0.470523,0.000145513,0.000134436,0.0906391,-0.00153402,-0.00121926,-0.000570692,-0.000240381,-4.52186e-05,0.000112157,0.000497237,0.00101643,0.00131035,0.000129687,0.000152337,0.00014084,0.000153876,0.000131068,0.000133432,0.000153058,0.000147898,-0.000650557,0.00076108,0.000165268,-0.000752043,0.000768018,2.71488e-05,0.479964,-0.00158624,-0.000646999,0.000610758,0.00156594,1790243100,0.000725931,5.84446e-05,0.000831645,1,0.000614818,0.000100616,0.00074726,1,0.000648318,7.53442e-05,0.000724627,1,0.000664849,0.000111581,0.000742271,1,
1790243340,0.000708517,0.000280436,0.000708517,-0.000360134,0.000985158,0.470741,0.00019781,0.000216462,0.0950674,-0.00146626,-0.00116364,-0.000527992,-0.00022195,-3.99655e-05,0.000100569,0.000471773,0.000979308,0.00125333,0.000207142,0.000205316,0.000203535,0.000205149,0.000244254,0.000200854,0.000179087,0.000192216,-0.000608213,0.000737452,7.15781e-05,-0.000662176,0.00067673,0,0.482461,-0.00137725,-0.000555411,0.000536146,0.00136191,1790243100,0.000643335,6.32468e-05,0.000730149,1,0.000687469,0.000148271,0.000724221,1,0.00064144,6.45986e-05,0.000735097,1,0.000613565,0.000120627,0.000686422,1,
1790243400,0.00116209,-8.33289e-05,0.00129828,-0.000284104,0.000980391,0.47817,0.000334902,0.000357255,0.081533,-0.00141332,-0.00112303,-0.000528817,-0.00021745,-3.04494e-05,0.000112957,0.000482001,0.00100566,0.00129925,0.000398213,0.000331,0.000348877,0.000331069,0.00037245,0.000357262,0.000310902,0.000328402,-0.000613632,0.000808111,0.000161714,-0.000695602,0.000709935,1.75044e-05,0.485532,-0.00145493,-0.000581914,0.000580029,0.00150594,1790243400,0.000586343,5.68775e-05,0.000629017,1,0.000635354,9.62201e-05,0.000723235,1,0.000661751,0.000157403,0.000736567,1,0.000660471,9.30621e-05,0.000683558,1,
1790243460,-0.000348108,0.000185356,0.000559745,-0.000677408,0.000984354,0.481246,0.000127372,0.000117309,0.0489152,-0.00148944,-0.00117271,-0.000553923,-0.000223078,-2.92609e-05,0.000130699,0.000511969,0.00103526,0.00136159,0.000100708,0.000131631,0.000119843,0.000128931,0.000118734,0.000115374,0.000139205,0.000131296,-0.000645207,0.00082372,0.000187311,-0.000750654,0.000783386,5.96751e-05,0.480753,-0.00162211,-0.000653521,0.000609097,0.00159944,1790243400,-0.00064229,0.000640892,0.000127889,1,0.000584621,3.33769e-05,0.000653752,1,0.00062736,8.39953e-05,0.000707869,1,0.000703454,9.36426e-05,0.000735453,1,
1790243520,0.00114225,3.40594e-05,0.00127454,-1.89224e-05,0.000975703,0.479599,0.000328792,0.00034964,0.0577378,-0.00139699,-0.00111674,-0.000516148,-0.000222251,-2.9944e-05,0.000120734,0.000489691,0.000987688,0.00126173,0.000387258,0.000325303,0.000341697,0.000325672,0.000358088,0.000347094,0.000315296,0.000320917,-0.000607595,0.000743319,9.00912e-05,-0.000714999,0.000762305,0,0.481741,-0.00153022,-0.000613189,0.000585119,0.00150848,1790243400,0.000716201,3.28344e-05,0.000732115,1,0.000670193,4.07432e-05,0.000679297,1,0.000577224,3.76349e-05,0.000657228,1,0.000681756,4.89211e-05,0.000715224,1,
1790243580,-0.000465063,-1.13404e-05,0.000151193,-0.000744961,0.000979312,0.488141,0.000146735,0.000136735,0.0469225,-0.00143999,-0.00112354,-0.000511655,-0.000209876,-1.74067e-05,0.000135153,0.000517206,0.00104858,0.00134327,0.000129924,0.000150354,0.000138717,0.000139919,0.000138058,0.000135205,0.000159813,0.000157581,-0.000618087,0.000782438,9.66428e-05,-0.000737812,0.000779492,0,0.483008,-0.001595,-0.000639291,0.000601105,0.00157448,1790243400,0.000678859,6.76383e-05,0.000662082,1,0.000691545,8.69036e-05,0.000691461,1,0.000591034,0.000141434,0.000674109,1,0.000612911,6.86624e-05,0.00062835,1,
1790243640,0.000223106,-2.64735e-05,0.000468843,-0.000582579,0.000971698,0.4697,9.73572e-05,0.000106416,0.0507643,-0.00136848,-0.00107794,-0.000487258,-0.000219725,-4.30868e-05,0.000103001,0.000476722,0.00096636,0.001232,8.55412e-05,0.000114356,9.90711e-05,0.000103793,0.000132881,9.31348e-05,9.07205e-05,9.36755e-05,-0.000580242,0.000682365,9.01723e-05,-0.000705401,0.000703255,0,0.479895,-0.00150743,-0.000604122,0.000574362,0.00149953,1790243400,0.0007096,3.53708e-05,0.000714454,1,0.000699001,1.63661e-05,0.00070701,1,0.00063612,0.000113328,0.000709949,1,0.000628494,9.39663e-05,0.000702118,1,
1790243700,0.000309997,2.64669e-05,0.000876815,2.64669e-05,0.000962449,0.480835,0.000109553,0.000117541,0.0775909,-0.00133898,-0.00104217,-0.000479927,-0.000203835,-2.60185e-05,0.000113592,0.000469798,0.000963343,0.0012311,9.99634e-05,0.00012771,0.000109681,0.000122148,0.00014231,0.00010537,9.83023e-05,0.000104887,-0.000571552,0.000699704,5.7622e-05,-0.000719329,0.000749325,0,0.486987,-0.00150164,-0.000606281,0.000595648,0.00151416,1790243700,0.000687718,0,0.000662485,1,0.000701713,3.57596e-05,0.000659054,1,0.000653369,2.70198e-05,0.000708308,1,0.000664339,4.99223e-05,0.000732535,1,
1790243760,-0.00136168,-6.80398e-05,-3.02393e-05,-0.00136168,0.000953784,0.473103,0.000444032,0.000426069,0.108113,-0.00127118,-0.000991156,-0.00045507,-0.000200756,-3.28407e-05,9.30705e-05,0.000411584,0.000884276,0.0011272,0.000477987,0.000399398,0.000458294,0.000414985,0.000371332,0.000465445,0.000445283,0.000460191,-0.00052783,0.000598683,0.000147515,-0.000645156,0.000611408,1.61872e-05,0.48053,-0.00136543,-0.000558279,0.000510019,0.00131868,1790243700,0.000648095,1.71667e-05,0.000751778,1,0.000687037,0,0.000712654,1,0.000643829,8.4091e-05,0.000697517,1,0.000661602,5.48174e-05,0.000703851,1,
1790243820,-0.000855779,-1.13551e-05,-1.13551e-05,-0.00087472,0.000963635,0.478785,0.000249738,0.000238528,0.0305488,-0.00144001,-0.00112919,-0.000480022,-0.00021152,-3.24669e-05,0.000124423,0.000468925,0.000968777,0.00123337,0.000248259,0.000240326,0.000239436,0.000239009,0.000206888,0.000241574,0.0002687,0.000259963,-0.000571373,0.000727904,7.1712e-05,-0.000710233,0.000758945,0,0.483673,-0.0015283,-0.000596208,0.000590439,0.00150782,1790243700,0.000602704,2.5548e-05,0.000602427,0,0.000694189,0,0.000715859,1,0.000631872,2.01094e-05,0.000677857,1,0.000641466,5.83793e-05,0.0007055,1,
1790243880,0.000605937,3.40937e-05,0.000746007,-5.30369e-05,0.000961597,0.481816,0.000167417,0.000184096,0.0272901,-0.00141325,-0.0011072,-0.000484571,-0.000215436,-2.59293e-05,0.000120514,0.000472689,0.00103978,0.00126409,0.000178486,0.000176709,0.000174949,0.000174347,0.000210883,0.00017217,0.000150317,0.000163419,-0.000576896,0.000624046,0,-0.000653302,0.000652766,0,0.480647,-0.0013922,-0.000547448,0.000535471,0.00139281,1790243700,0.000705618,9.69602e-06,0.000652627,1,0.000608258,9.14433e-06,0.000642387,1,0.000624428,4.34089e-05,0.000725248,1,0.000630392,2.69492e-05,0.000710883,1,
1790243940,0.000147641,9.08588e-05,0.000219561,-0.000109799,0.000955781,0.463014,8.8256e-05,9.39098e-05,0.0319932,-0.00131902,-0.00105578,-0.000491491,-0.000219424,-5.16866e-05,9.18827e-05,0.000458766,0.00095588,0.00121122,7.28983e-05,0.000105983,8.76177e-05,8.20986e-05,0.000121707,8.4259e-05,8.04963e-05,9.08599e-05,-0.000575899,0.000564763,0.00011913,-0.000663529,0.000612547,1.67624e-05,0.478932,-0.00141288,-0.000575903,0.000525454,0.00137318,1790243700,0.000643866,0,0.000641033,1,0.000684952,0,0.000730031,1,0.000599638,2.03425e-05,0.000663772,1,0.000655207,4.60634e-05,0.000711654,1,
1790244000,0.000544949,-9.08537e-05,0.000548732,-0.000503585,0.000946406,0.470105,0.000158963,0.000173181,0.0491978,-0.00136161,-0.00112237,-0.000548323,-0.000236352,-3.61674e-05,8.85987e-05,0.000446166,0.00094714,0.001186,0.000161067,0.000164721,0.000157402,0.000158182,0.000187491,0.000155291,0.000158867,0.000160696,-0.000610944,0.00066905,0.000129138,-0.000705462,0.00065148,2.46266e-05,0.470172,-0.00142082,-0.000650191,0.000526116,0.00135087,1790244000,0.000616638,0,0.000651703,1,0.000666329,0,0.000648719,1,0.000627954,1.08495e-05,0.000686468,1,0.000626483,3.02692e-05,0.000638391,1,
1790244060,1.51332e-05,3.78333e-06,0.00016267,-0.00059416,0.000940058,0.473016,7.70493e-05,7.61092e-05,0.0619439,-0.00126801,-0.00101292,-0.000467068,-0.000199645,-3.58503e-05,0.000100769,0.000433825,0.000910892,0.00116642,6.18454e-05,9.61015e-05,7.27551e-05,7.51275e-05,0.000104901,7.25446e-05,7.86434e-05,7.73594e-05,-0.000546152,0.000575349,6.71252e-05,-0.000696184,0.000686055,0,0.480855,-0.00144596,-0.000604302,0.000554427,0.00142354,1790244000,0.00068528,0,0.000666461,1,0.000609152,1.25617e-05,0.000615412,1,0.000593352,2.86541e-05,0.000619304,1,0.000640647,3.49312e-05,0.000690525,1,
1790244120,-0.000332984,-0.000105937,-9.45864e-05,-0.000457882,0.000930612,0.474204,0.000109694,0.000101711,0.101543,-0.0012226,-0.000970024,-0.000436365,-0.00019382,-2.76629e-05,8.32986e-05,0.00041418,0.000861478,0.0011162,9.85375e-05,0.000122359,0.000103486,0.000105956,0.00011347,0.000105846,0.000114288,0.000111472,-0.000514278,0.000533792,5.80137e-05,-0.000646072,0.000638213,0,0.480197,-0.00131765,-0.000555728,0.000513602,0.00131369,1790244000,0.000601495,7.35869e-05,0.000668684,1,0.00077926,0,0.000698138,1,0.000578544,8.55161e-05,0.000615082,1,0.000607766,5.02689e-05,0.000621014,1,
1790244180,0.000147586,3.78453e-06,0.000461607,-0.000189245,0.000922462,0.47175,7.52402e-05,8.13486e-05,0.130817,-0.00110604,-0.00089277,-0.000392737,-0.000185738,-2.97801e-05,7.93269e-05,0.00036953,0.00081382,0.00105284,7.28321e-05,0.000100718,7.37546e-05,7.01366e-05,0.000103948,7.27186e-05,7.07133e-05,7.67181e-05,-0.000462433,0.000464574,0,-0.000526282,0.000473818,0,0.475483,-0.0010386,-0.000436756,0.000392287,0.0010519,1790244000,0.000582408,1.39049e-05,0.000651175,1,0.000653094,2.97227e-05,0.000632753,1,0.000691102,1.22596e-05,0.000719631,1,0.000619232,2.32626e-05,0.00063266,1,
1790244240,-0.000529898,3.02714e-05,3.02714e-05,-0.000651056,0.000913429,0.477786,0.000153933,0.000145499,0.213505,-0.001093,-0.000859786,-0.000388101,-0.000182999,-2.15853e-05,7.92388e-05,0.000370524,0.000800715,0.00102771,0.000148029,0.000153218,0.000148455,0.000148164,0.000143313,0.000151371,0.000157061,0.000160418,-0.000458912,0.00048464,9.15545e-05,-0.000553238,0.000536654,0,0.481177,-0.00111041,-0.000465775,0.000428106,0.00109947,1790244000,0.000516841,0,0.000489086,1,0.000652587,0,0.00063834,1,0.000606136,7.67556e-05,0.00066242,1,0.000614445,0,0.000671222,1,
1790244300,-0.000515027,-2.65023e-05,2.65015e-05,-0.000613518,0.000907349,0.480176,0.00015307,0.000143261,0.200863,-0.00114099,-0.000900981,-0.000387264,-0.000183935,-2.19311e-05,9.23279e-05,0.000382287,0.000814081,0.00104994,0.000143843,0.00014999,0.000144037,0.000143836,0.000137323,0.00014728,0.000151565,0.000167031,-0.000462805,0.000476396,8.20134e-05,-0.000547134,0.00052479,0,0.476491,-0.00111911,-0.000459738,0.000424139,0.00112176,1790244300,0.000536243,0,0.000546329,1,0.000578894,0,0.000511287,1,0.000595059,4.70549e-05,0.000634239,1,0.000682907,8.13064e-06,0.000666467,1,
1790244360,-0.000193203,0.000219676,0.000219676,-0.000193203,0.000901178,0.474148,8.33545e-05,7.39422e-05,0.209943,-0.00116667,-0.000896038,-0.000406015,-0.000189278,-2.84813e-05,8.52958e-05,0.000356591,0.000801447,0.00101261,7.5304e-05,9.85477e-05,7.43387e-05,7.15957e-05,8.62306e-05,7.69476e-05,8.95249e-05,9.16722e-05,-0.000467788,0.000485296,6.9006e-05,-0.000543311,0.000533314,0,0.47641,-0.00111851,-0.000459289,0.000419988,0.00110579,1790244300,0.000562121,0,0.000463823,1,0.000574992,0,0.00055456,1,0.000516939,1.81438e-05,0.000493331,1,0.000654552,2.26109e-05,0.000649238,1,
1790244420,-0.000178083,-9.09322e-05,5.68284e-05,-0.00150144,0.000892539,0.463245,7.58987e-05,6.59243e-05,0.300719,-0.00106399,-0.000823893,-0.000367111,-0.000180424,-3.49079e-05,6.36357e-05,0.000313799,0.00072239,0.000921037,7.264e-05,9.64268e-05,6.96911e-05,6.13821e-05,7.78323e-05,7.1143e-05,7.24896e-05,8.67438e-05,-0.00042047,0.000322978,5.15456e-06,-0.000497822,0.000439716,0,0.469221,-0.00101096,-0.000422611,0.000362218,0.00100534,1790244300,0.000558951,0,0.000457307,1,0.000595347,0,0.000554158,1,0.000542139,4.94523e-05,0.000561972,1,0.000534359,2.05579e-05,0.000533589,1,
1790244480,0.000378863,-2.65258e-05,0.000651555,-0.000674731,0.000883927,0.473574,0.000115112,0.000122832,0.414475,-0.00126087,-0.000941737,-0.000432093,-0.000198284,-3.57587e-05,0.000103094,0.000396998,0.000840012,0.00106727,0.000114938,0.000129777,0.000110067,0.00012675,0.000128401,0.000108488,0.000113894,0.000117636,-0.000503963,0.000634657,0.000202574,-0.000654884,0.00076169,6.371e-05,0.483574,-0.00136571,-0.000558113,0.000536393,0.00135317,1790244300,0.000523052,0,0.000406335,1,0.000598975,0,0.000530874,1,0.000531207,3.16372e-05,0.000524633,1,0.00058232,5.68548e-05,0.00055486,1,
1790244540,0.000215887,3.7879e-06,0.000522595,-0.000268978,0.000876682,0.468716,8.63262e-05,9.30864e-05,0.416523,-0.00113869,-0.000879117,-0.000422968,-0.000198362,-3.91395e-05,8.94775e-05,0.00036008,0.000786134,0.000989937,8.42578e-05,0.000101773,7.63554e-05,9.99482e-05,8.83326e-05,7.36563e-05,9.1325e-05,8.61408e-05,-0.000481511,0.000610868,0.000212551,-0.000628485,0.000690999,4.04833e-05,0.480622,-0.00132187,-0.000545745,0.000504265,0.00129689,1790244300,0.000665026,0,0.000637896,1,0.000572312,0,0.000470504,1,0.000539225,3.39033e-05,0.000511025,1,0.00057088,2.77901e-05,0.00054926,1,
1790244600,0.000382423,-0.000208312,0.000704151,-0.000901734,0.000868408,0.465735,0.000110055,0.000123689,0.377837,-0.00100277,-0.000788281,-0.000395262,-0.000185579,-3.70196e-05,7.4492e-05,0.000312,0.000700927,0.000904413,0.000115668,0.000128545,0.000110668,0.000121533,0.000117317,0.000108887,0.000110626,0.000109617,-0.000439316,0.000504777,0.000152482,-0.000556143,0.000557423,0,0.477467,-0.00116082,-0.000486874,0.000429551,0.00111566,1790244600,0.000637398,0,0.000571638,1,0.00069291,2.47094e-05,0.000657394,1,0.000506647,2.74543e-05,0.000447261,1,0.000563076,4.42468e-05,0.000525469,1,
1790244660,-0.00056422,3.40702e-05,0.000760625,-0.000575583,0.000861379,0.474517,0.000160443,0.000151685,0.248851,-0.00113334,-0.000860539,-0.000418737,-0.000195396,-3.18207e-05,9.64953e-05,0.000360202,0.000798214,0.00101258,0.000157589,0.000158663,0.000157505,0.000159183,0.000158653,0.00015928,0.000169351,0.000160759,-0.000478763,0.000608441,0.000157619,-0.000606486,0.000708222,3.37652e-05,0.483065,-0.00127806,-0.000523894,0.000489907,0.00125767,1790244600,0.000561511,0,0.000463892,1,0.000663544,2.85147e-05,0.000593702,1,0.000615964,0.000103629,0.000629334,1,0.00052717,2.01297e-05,0.000479755,1,
1790244720,-0.0011256,-2.65148e-05,-2.65148e-05,-0.00123937,0.000856447,0.475052,0.000351434,0.000335761,0.180355,-0.00116602,-0.000883478,-0.000419875,-0.000188233,-3.2229e-05,0.00010038,0.000369343,0.000799708,0.0010114,0.000358253,0.000326935,0.000402946,0.000313459,0.000375801,0.000410135,0.000352762,0.000354888,-0.000482633,0.000615455,0.000143486,-0.000596852,0.000674743,8.73005e-06,0.483023,-0.0012683,-0.000511328,0.000484595,0.00123641,1790244600,0.00064797,0,0.000544996,1,0.000549445,4.71331e-05,0.000526019,1,0.000606618,9.0678e-05,0.000598384,1,0.000671701,8.2841e-05,0.000635393,1,
1790244780,-0.000603117,2.6544e-05,0.000219914,-0.00103956,0.000862654,0.483922,0.000177604,0.000166207,0.0820832,-0.00125191,-0.000960576,-0.000444071,-0.000196464,-2.26216e-05,0.000121526,0.000398933,0.000867695,0.00113093,0.000168078,0.00016932,0.000168249,0.00016811,0.000150744,0.000172263,0.00019367,0.000186452,-0.000514163,0.00065784,8.86676e-05,-0.000627511,0.000701681,0,0.485134,-0.00133101,-0.00052368,0.000522071,0.00133184,1790244600,0.0006553,0,0.00048343,1,0.000614084,8.22774e-05,0.000579583,1,0.000562823,4.19209e-05,0.000534965,1,0.000650988,6.45672e-05,0.000596811,1,
1790244840,0.00145596,-1.13831e-05,0.00145596,-1.13831e-05,0.000858233,0.480225,0.000483037,0.000512732,0.0705717,-0.00135673,-0.000995976,-0.00047156,-0.000206578,-2.95856e-05,0.000123456,0.000433426,0.000910999,0.0011589,0.000544275,0.000476397,0.000541056,0.000480974,0.00056625,0.000514279,0.000452365,0.000450719,-0.000549542,0.000635515,0.000131404,-0.000655081,0.000719964,9.44574e-07,0.483138,-0.0013808,-0.000553222,0.000538025,0.00136845,1790244600,0.000683662,0,0.000529292,1,0.000590527,5.24073e-05,0.000598057,1,0.000599603,8.09936e-05,0.000589186,1,0.00059533,3.32886e-05,0.000537883,1,
1790244900,-0.000617767,-0.000159143,6.81963e-05,-0.000651888,0.000874202,0.478705,0.000176625,0.000164892,0.0503964,-0.00137792,-0.00109358,-0.000551069,-0.00023717,-3.16061e-05,0.000120312,0.000476413,0.00101981,0.00127103,0.000172167,0.000173386,0.000172453,0.000172432,0.000157658,0.000176282,0.000181896,0.000182644,-0.00062848,0.000763956,0.000213557,-0.000760067,0.000814858,7.48625e-05,0.477367,-0.00159584,-0.000665417,0.000593603,0.00153989,1790244900,0.000682713,0,0.000595136,1,0.000613063,2.24245e-06,0.000623871,1,0.000609741,1.69317e-05,0.000594474,1,0.000633224,7.40599e-05,0.000585239,1,
1790244960,0.0012768,-7.58233e-06,0.0012768,-4.92862e-05,0.000869814,0.461505,0.000410667,0.000438936,0.0478006,-0.00125675,-0.00100397,-0.000495741,-0.000227134,-5.77872e-05,9.58079e-05,0.000398561,0.000864394,0.00112394,0.000453173,0.000390953,0.000412479,0.000438822,0.000427291,0.000396087,0.000407234,0.000406098,-0.000552239,0.000520043,9.62296e-05,-0.000634237,0.000583779,0,0.473172,-0.00136433,-0.000561056,0.0004946,0.00130675,1790244900,0.000823494,0,0.000774022,1,0.000626801,1.51087e-05,0.000643434,1,0.00059153,3.29603e-05,0.000582334,1,0.000604737,7.80364e-05,0.000565189,1,
1790245020,-0.000265077,3.78624e-05,0.000590491,-0.000583263,0.000879801,0.483492,0.000105838,9.67758e-05,0.0504779,-0.00129334,-0.00103733,-0.000500587,-0.000214171,-2.59893e-05,0.000134968,0.000438126,0.000958929,0.00123811,8.75486e-05,0.000105762,0.000103251,9.07585e-05,0.000100006,0.000106118,0.000115018,0.000111913,-0.000574109,0.000634872,6.87428e-05,-0.000722412,0.000760035,0,0.481635,-0.00153799,-0.000626192,0.00057813,0.0015301,1790244900,0.000641602,2.12051e-05,0.000513871,1,0.000623937,0.000102021,0.000690003,1,0.000600626,6.19359e-05,0.00060251,1,0.000582142,6.88185e-05,0.000582822,1,
1790245080,-0.00023863,0,0.000200708,-0.000428059,0.000871765,0.469196,9.81431e-05,8.82728e-05,0.0514293,-0.00130414,-0.00103428,-0.000500183,-0.000238498,-5.13656e-05,0.000118872,0.000443652,0.000929859,0.00120327,8.30306e-05,0.000100494,9.51898e-05,9.35232e-05,9.55729e-05,9.71707e-05,0.000106193,9.94334e-05,-0.000576483,0.00060797,0.000132506,-0.000727865,0.000781277,3.71137e-05,0.479613,-0.00154948,-0.000626596,0.000583473,0.00152342,1790244900,0.000741668,3.70662e-05,0.00068559,1,0.000596976,3.44107e-05,0.000585625,1,0.000663762,0.000110953,0.000656641,1,0.000612193,7.0256e-05,0.000592453,1,
1790245140,-0.000246265,-6.44019e-05,0.00023863,-0.000359946,0.000863663,0.472674,9.62873e-05,8.56259e-05,0.0564353,-0.00116656,-0.000914471,-0.000443596,-0.000213425,-4.06204e-05,0.000111488,0.000407026,0.000869316,0.00111288,8.42751e-05,0.000100823,9.29583e-05,8.53882e-05,9.28483e-05,9.52533e-05,0.000103874,0.000100812,-0.000517728,0.000525451,0,-0.000639783,0.000634565,0,0.482139,-0.00134594,-0.000546289,0.000518558,0.00135256,1790244900,0.000803698,0,0.000652095,1,0.000697371,6.37461e-05,0.000596438,1,0.00063257,0,0.000575838,1,0.000656258,4.69327e-05,0.000637201,1,
1790245200,-0.00140677,0,0,-0.00140677,0.000855691,0.461436,0.000492199,0.000471824,0.0661507,-0.00111104,-0.000901428,-0.00043142,-0.000218849,-5.03968e-05,8.37106e-05,0.000377197,0.000817233,0.00106623,0.000498148,0.000444562,0.000487903,0.000504042,0.000430844,0.000488604,0.000475867,0.000507502,-0.00049651,0.000498227,7.65633e-05,-0.00059609,0.000580525,0,0.478452,-0.00126677,-0.000517155,0.000473923,0.00124703,1790245200,0.000659275,0,0.000592315,1,0.000693059,8.22452e-05,0.000686998,1,0.000677494,8.12587e-05,0.000645992,1,0.000623126,0,0.000589377,1,
1790245260,-7.20979e-05,-2.65618e-05,-1.51781e-05,-0.000303605,0.00087014,0.475835,8.57168e-05,8.0351e-05,0.0391003,-0.00133091,-0.00108151,-0.00050239,-0.000231503,-3.81578e-05,0.000123231,0.000441001,0.00093202,0.00121099,6.37997e-05,8.78952e-05,8.39248e-05,6.75339e-05,8.93273e-05,8.34208e-05,9.00664e-05,9.63247e-05,-0.000576677,0.000656027,5.15482e-05,-0.000685017,0.000776973,0,0.483835,-0.00146849,-0.000573973,0.000565368,0.00144606,1790245200,0.000630886,0,0.000541852,1,-0.000642807,0.000602781,0,1,0.000718214,1.9628e-05,0.000666649,1,0.000657078,3.60382e-05,0.000650191,1,
1790245320,-0.000299831,-3.03586e-05,0.000299741,-0.00118847,0.000861455,0.460188,0.000105619,9.33004e-05,0.0435349,-0.00118643,-0.000962106,-0.000456499,-0.000217379,-5.5317e-05,8.70741e-05,0.000395742,0.000879367,0.00113368,9.31228e-05,0.000109484,0.00010341,8.69579e-05,9.77005e-05,0.000105686,0.000105137,0.000117713,-0.000523677,0.000456402,0,-0.000549501,0.000479883,0,0.4775,-0.00112791,-0.000468723,0.00042999,0.00114302,1790245200,0.000748933,0,0.000610432,1,0.000630314,0,0.00055502,1,0.00062296,0,0.00059801,1,0.000651242,5.77274e-05,0.00068207,1,
1790245380,0.000318805,-7.59183e-06,0.00149068,-4.17558e-05,0.00085385,0.46619,0.000111973,0.000122608,0.0491769,-0.00135429,-0.00105303,-0.000494483,-0.000242752,-6.21054e-05,0.000125001,0.000477452,0.0009539,0.0012144,0.000101897,0.000117069,0.000108363,0.000113789,0.000128547,0.000106561,0.000112821,0.000112899,-0.000586315,0.000636125,0.000162658,-0.000692251,0.000773067,8.10494e-05,0.482616,-0.0014633,-0.000587816,0.000563614,0.00144877,1790245200,-0.000525382,0.000457582,3.1177e-05,1,0.000677214,0,0.000655595,1,0.000594111,2.17233e-05,0.000542672,1,0.00057478,3.06544e-05,0.000597915,1,
1790245440,0.000182129,-0.000174571,0.00103921,-0.000478246,0.00084647,0.466916,9.01563e-05,9.83747e-05,0.0569287,-0.00132529,-0.00101808,-0.000495585,-0.000242281,-5.63657e-05,0.00011739,0.000447982,0.000934733,0.00120161,7.89444e-05,9.3465e-05,8.27743e-05,9.69108e-05,0.000101322,8.1602e-05,9.57461e-05,9.50988e-05,-0.00057515,0.00065572,0.000173095,-0.000680132,0.00076082,5.61065e-05,0.481479,-0.0014514,-0.000589621,0.000544384,0.00140364,1790245200,0.000723135,0,0.000700387,1,-0.00059345,0.000514789,0,1,0.000613653,4.02152e-05,0.000596224,1,0.000551933,5.62855e-05,0.000547048,1,
1790245500,0.0002352,3.79393e-05,0.00047793,-0.000288386,0.000838359,0.467019,9.7957e-05,0.000106685,0.0790345,-0.00133986,-0.00102919,-0.000492512,-0.000239603,-5.74512e-05,0.000120095,0.00043739,0.000919652,0.00121009,8.77165e-05,0.00010136,8.85925e-05,0.000109551,0.000105573,8.72767e-05,0.00010085,9.94512e-05,-0.000568259,0.000664046,0.000170771,-0.000677384,0.000764594,6.10347e-05,0.481552,-0.00144752,-0.000586264,0.000541432,0.0014016,1790245500,0.000699707,5.91732e-05,0.00062171,1,0.000692051,5.89665e-05,0.000651651,1,0.000520298,6.63693e-05,0.000466027,1,0.000577758,7.67942e-05,0.000602375,1,
1790245560,0.000398197,-0.00015553,0.000826556,-0.000170704,0.000830599,0.468308,0.000119349,0.000128236,0.110977,-0.00119488,-0.000943404,-0.000443598,-0.000215778,-4.69049e-05,0.000104421,0.000388396,0.000823253,0.00111025,0.000120057,0.000127466,0.000115998,0.000126904,0.000128336,0.000114828,0.000120084,0.000119391,-0.000509545,0.000617506,0.000101611,-0.000517413,0.000557782,0,0.480954,-0.00109159,-0.000445983,0.000406203,0.00107263,1790245500,0.000708195,4.26452e-05,0.000615241,1,0.000679644,6.07172e-05,0.000604196,1,0.000634248,0.000117056,0.000614783,1,0.000512839,3.92227e-05,0.000507515,1,
1790245620,-0.000443715,-1.89582e-05,-1.89582e-05,-0.000724458,0.000824177,0.470857,0.00012945,0.000117801,0.139546,-0.00118654,-0.000928159,-0.000439011,-0.00020568,-4.27389e-05,0.000107212,0.000375778,0.000818067,0.00108361,0.00012435,0.000129729,0.000124,0.000131525,0.00012062,0.000127318,0.000139908,0.000135907,-0.000500607,0.000610767,0.000115983,-0.000533071,0.00057164,0,0.481775,-0.00113988,-0.00046364,0.000419258,0.00110251,1790245500,0.000564833,0,0.000484504,1,0.000625314,0.000129851,0.000598306,1,0.000660497,6.63859e-05,0.000634609,1,0.000630819,0.000101311,0.00062393,1,
1790245680,-0.000208652,-8.34557e-05,0.000280663,-0.000941177,0.000818303,0.462672,8.3866e-05,7.30553e-05,0.131939,-0.00109451,-0.000861482,-0.000416808,-0.000208422,-5.35631e-05,9.3204e-05,0.000347236,0.000766045,0.00101166,7.79795e-05,8.99585e-05,7.56247e-05,8.56844e-05,7.8712e-05,7.72934e-05,9.38325e-05,8.52443e-05,-0.000472431,0.000544778,4.26545e-05,-0.000503866,0.000513598,0,0.480696,-0.0010457,-0.000425656,0.000397052,0.00104562,1790245500,0.000574692,9.91673e-06,0.000472062,1,0.000531212,6.49501e-05,0.000462798,1,0.000652517,7.98791e-05,0.000613714,1,0.00062937,0.000108119,0.000581762,1,
1790245740,0.000807811,-1.51764e-05,0.00146723,-1.51764e-05,0.000810616,0.471378,0.000223255,0.000239638,0.164327,-0.00113544,-0.000878435,-0.000419556,-0.000206597,-4.12944e-05,0.000106224,0.000380451,0.000812219,0.00104559,0.000241708,0.000231116,0.000245504,0.000232411,0.000246483,0.000245326,0.000211742,0.000213759,-0.000487967,0.000646175,0.000106615,-0.000565116,0.000671781,0,0.489409,-0.00118412,-0.00047229,0.00046944,0.00119811,1790245500,0.000513608,0,0.000455865,1,0.000512764,8.47769e-05,0.00047115,1,0.000527117,8.31754e-05,0.000466555,1,0.000616911,0.00010024,0.000592648,1,
1790245800,-0.00107723,-3.79102e-06,-3.79102e-06,-0.00114554,0.00081056,0.469765,0.000322533,0.000304674,0.10662,-0.00127234,-0.000966706,-0.000478018,-0.000219498,-4.8777e-05,0.000115793,0.000419138,0.0008587,0.00111639,0.00033445,0.000316226,0.000354928,0.000300337,0.000317311,0.000347151,0.000313245,0.000332406,-0.000547455,0.000742994,0.000168011,-0.000645739,0.000759831,4.59281e-05,0.482533,-0.00136234,-0.000563783,0.000509957,0.00130466,1790245800,0.000595768,0,0.000576675,1,0.000498977,1.36944e-05,0.000470301,1,0.000523242,7.29424e-05,0.000487604,1,0.000502597,9.66306e-05,0.000485652,1,
1790245860,-6.8314e-05,-6.45187e-05,0.000189737,-0.000770701,0.000816747,0.465407,7.62049e-05,7.11683e-05,0.0458893,-0.00123173,-0.000956769,-0.000459988,-0.000217216,-5.51131e-05,0.000107472,0.00038049,0.000825726,0.00108168,6.35102e-05,8.03879e-05,7.00562e-05,7.43225e-05,7.35403e-05,7.74156e-05,8.17792e-05,7.65199e-05,-0.000518323,0.000617987,4.54215e-05,-0.000588278,0.000620463,0,0.483802,-0.00126858,-0.000497672,0.000480849,0.00125235,1790245800,0.000708608,1.0183e-06,0.000623585,1,0.000554104,6.83047e-05,0.000538075,1,0.000467925,4.03762e-05,0.000449459,1,0.000504732,8.39012e-05,0.000486888,1,
1790245920,0.000390845,3.79528e-05,0.000607072,-0.000227747,0.000808596,0.469274,0.000115543,0.000125922,0.0556822,-0.00113826,-0.000910072,-0.000446803,-0.000208749,-4.73338e-05,0.000109953,0.000375299,0.000830444,0.00107599,0.000118396,0.000124019,0.000114042,0.000125452,0.000127529,0.000116642,0.000109179,0.000109561,-0.000506697,0.000601259,4.05592e-05,-0.000606331,0.000637915,0,0.489237,-0.00126328,-0.000508787,0.000498637,0.00126922,1790245800,0.000620368,2.82874e-06,0.000506121,1,0.000530618,0.000104681,0.000609489,1,0.000528986,9.80567e-05,0.000526917,1,0.000478476,4.63244e-05,0.000468904,1,
1790245980,1.51754e-05,7.58771e-06,0.000743322,-8.72628e-05,0.000802376,0.458625,6.76152e-05,6.86494e-05,0.0546697,-0.00110197,-0.000874687,-0.000440019,-0.00020895,-5.612e-05,8.27282e-05,0.000348059,0.000762369,0.000994039,6.22881e-05,7.65852e-05,6.18855e-05,7.66174e-05,7.31289e-05,6.72037e-05,6.99991e-05,6.16425e-05,-0.000488513,0.000524565,0.000108157,-0.00056342,0.000511982,0,0.481705,-0.00119644,-0.000488163,0.000447277,0.00117478,1790245800,0.000565472,5.31232e-07,0.000641465,1,0.000539434,5.22432e-05,0.000562447,1,0.000573796,7.49706e-05,0.00058249,1,0.000516967,0.000129501,0.000520259,1,
1790246040,0.000474114,-1.13815e-05,0.000572702,-1.13815e-05,0.000794314,0.461815,0.00013517,0.000150076,0.0617557,-0.00106891,-0.000826421,-0.000419632,-0.000195644,-5.02512e-05,8.45254e-05,0.000331782,0.000725869,0.000959718,0.00014136,0.000138276,0.000136664,0.000138953,0.0001463,0.000135983,0.000133853,0.000130756,-0.000465355,0.000502575,7.33687e-05,-0.000563474,0.000528003,0,0.483864,-0.0011936,-0.000487701,0.000449364,0.0011575,1790245800,-0.00053707,0.000510031,1.71706e-05,1,-0.00057429,0.000586185,2.8014e-06,1,0.000535032,3.16739e-05,0.00052751,1,0.000538696,0.000101554,0.00053043,1,
1790246100,-2.65445e-05,-0.000109974,-2.65445e-05,-0.000572758,0.000789184,0.459883,6.17814e-05,5.92877e-05,0.0628066,-0.00101175,-0.000793448,-0.000392636,-0.00018069,-4.85326e-05,7.56027e-05,0.000313748,0.000681658,0.000907685,6.12401e-05,7.41995e-05,5.73743e-05,6.04604e-05,6.7243e-05,6.16923e-05,6.35626e-05,6.06367e-05,-0.000436562,0.000443624,2.0144e-06,-0.000495025,0.000423586,0,0.485712,-0.00104998,-0.000423647,0.000391098,0.00103958,1790246100,0.000529794,4.01735e-05,0.000512641,1,0.000503542,4.65794e-05,0.000533935,1,0.000540577,5.5127e-05,0.000579213,1,0.000515343,5.14659e-05,0.000546111,1,
1790246160,-0.000815638,3.03365e-05,7.96313e-05,-0.000819433,0.000781262,0.46652,0.0002409,0.000224754,0.0755443,-0.000984753,-0.000770871,-0.000381609,-0.000179208,-3.92017e-05,8.10141e-05,0.00031397,0.0006962,0.00090824,0.000233001,0.000228187,0.00024518,0.000231553,0.000222339,0.000245485,0.000242901,0.000247509,-0.00042983,0.000469839,1.57131e-05,-0.000463682,0.000441903,0,0.487766,-0.000941701,-0.000381265,0.000373945,0.000974624,1790246100,0.000470802,2.36959e-05,0.000450652,1,-0.000508111,0.000550787,4.37056e-05,1,0.000491957,5.55468e-05,0.000528115,1,0.000545799,6.4118e-05,0.000558298,1,
1790246220,0.00042118,9.48758e-05,0.000443941,6.83115e-05,0.000781964,0.462467,0.000120006,0.000134411,0.0457595,-0.00107662,-0.000842899,-0.00038915,-0.000184814,-4.68456e-05,8.10928e-05,0.00032863,0.000712844,0.000956747,0.000126637,0.000126362,0.000122345,0.000122934,0.000132768,0.000121417,0.000111099,0.000118254,-0.000441766,0.000500636,0,-0.000503933,0.000529019,0,0.487102,-0.00107001,-0.000415714,0.000418273,0.00108136,1790246100,-0.000447315,0.00042664,2.88225e-05,1,-0.000446953,0.000495551,0,1,-0.000531888,0.000525233,4.53068e-05,1,0.000520208,1.50746e-05,0.000531988,1,
1790246280,0.000925213,-4.55244e-05,0.0010427,-0.000163139,0.000776393,0.462742,0.000285003,0.000309223,0.0494103,-0.00096123,-0.000756656,-0.000363199,-0.000169669,-3.87639e-05,6.83844e-05,0.00029247,0.000662348,0.000869192,0.000289318,0.000270434,0.000292606,0.000319451,0.000287894,0.000280459,0.000292492,0.000278294,-0.000406684,0.00036479,0,-0.000446297,0.000382401,0,0.484185,-0.000922475,-0.00037399,0.000345012,0.000915135,1790246100,0.000517965,2.89176e-06,0.000456786,1,0.000448048,3.46171e-05,0.00045985,1,-0.0004594,0.000500775,1.8017e-05,1,0.000535966,2.65386e-05,0.000530449,1,
1790246340,0.000568354,2.65304e-05,0.000712286,2.65304e-05,0.000779648,0.471341,0.000161716,0.000173748,0.0433634,-0.00107743,-0.000849355,-0.000408494,-0.000184427,-3.56586e-05,9.18822e-05,0.000342216,0.000731287,0.000979661,0.000167354,0.000164384,0.000163319,0.000163837,0.000165854,0.000162125,0.000168489,0.000155896,-0.000461128,0.0004785,7.84211e-05,-0.000560966,0.000541122,1.31521e-05,0.48244,-0.00119765,-0.000487718,0.000446756,0.00118634,1790246100,0.000413023,0,0.000407875,0,0.000471879,1.85121e-05,0.000495051,1,0.000425567,7.03879e-05,0.000444727,1,-0.000468743,0.0004787,1.85559e-05,1,
1790246400,0.000885988,3.4091e-05,0.00115087,3.4091e-05,0.000775986,0.474171,0.000264691,0.000279667,0.0492379,-0.00103962,-0.000821895,-0.00038573,-0.000170964,-3.01841e-05,8.97828e-05,0.000337378,0.000709298,0.000944821,0.00027383,0.000254659,0.000267246,0.000280146,0.000259376,0.000253097,0.000275952,0.000260927,-0.000441636,0.000423603,0,-0.00051485,0.000467234,0,0.483816,-0.00110032,-0.000448915,0.000404741,0.00108113,1790246400,0.00053754,1.01869e-05,0.000536323,1,0.000388507,2.41647e-05,0.000388774,0,0.000453766,3.30394e-05,0.000475734,0,0.000449313,4.82128e-05,0.000482016,1,
1790246460,0.000295155,-1.13539e-05,0.000397304,-0.000136255,0.000778338,0.480234,9.76532e-05,0.000102972,0.0537237,-0.00110395,-0.000877846,-0.000411814,-0.00017642,-2.91167e-05,0.000121301,0.000381282,0.000787998,0.00103226,9.74328e-05,0.000105298,9.99035e-05,9.85162e-05,9.80443e-05,0.000104329,9.63458e-05,9.1593e-05,-0.000480745,0.000542364,0,-0.000578582,0.000589795,0,0.485908,-0.00124306,-0.000502454,0.000463271,0.00123905,1790246400,0.000485405,5.34605e-05,0.000438112,1,0.000485474,9.80008e-05,0.000505559,1,0.000386253,6.46594e-05,0.000398371,0,0.000445181,6.97331e-05,0.000474693,0,
1790246520,-0.000189192,-4.16191e-05,0.000351802,-0.000397344,0.000771646,0.485913,7.97988e-05,7.35656e-05,0.0631467,-0.0010269,-0.000819101,-0.000386336,-0.000163578,-1.79206e-05,0.000112377,0.000353535,0.000736104,0.00097253,7.49642e-05,8.27188e-05,7.61937e-05,7.08314e-05,8.45659e-05,8.45444e-05,8.03424e-05,8.24083e-05,-0.000449119,0.000442646,0,-0.000515086,0.000478977,0,0.485512,-0.00110034,-0.000445958,0.000407914,0.00109429,1790246400,0.000575317,6.47358e-05,0.000523994,1,0.000484833,4.45783e-05,0.000448601,1,0.000474269,8.26149e-05,0.000521885,1,0.00039567,3.09765e-05,0.000419928,0,
1790246580,-0.000321708,3.78419e-06,0.000158924,-0.000397419,0.000764359,0.484233,0.000101841,9.48854e-05,0.0599437,-0.00102131,-0.000795503,-0.00038061,-0.00016634,-2.03091e-05,0.000111556,0.000360471,0.00072989,0.000957339,9.67864e-05,0.000103982,9.5796e-05,9.83863e-05,0.000105228,0.000103827,0.000103588,0.00010372,-0.000447861,0.000486695,0,-0.000535397,0.000533519,0,0.490634,-0.00112564,-0.000451273,0.000439033,0.00113835,1790246400,0.000511298,3.53534e-06,0.00045132,1,0.000567882,5.52749e-05,0.00050195,1,0.000470497,3.89628e-05,0.000485134,1,0.000510315,2.42114e-05,0.000528371,1,
1790246640,-0.000299092,7.5708e-06,0.000109771,-0.000299092,0.000758043,0.473014,9.41805e-05,8.65075e-05,0.0568988,-0.000965165,-0.000757264,-0.000353604,-0.000161823,-3.18968e-05,8.93318e-05,0.000326998,0.000681469,0.000899116,9.2907e-05,9.94906e-05,9.02907e-05,8.88819e-05,9.96249e-05,9.77148e-05,9.41079e-05,9.5237e-05,-0.000413115,0.000422014,0,-0.00047301,0.000441029,0,0.487866,-0.000995915,-0.000394066,0.000386562,0.00102546,1790246400,0.000520206,1.96428e-05,0.000507581,1,0.000502971,8.67449e-06,0.000467975,1,0.000531924,5.33711e-05,0.000550712,1,-0.000475214,0.000484137,2.6402e-05,1,
1790246700,0.000102231,-4.16529e-05,0.000102231,-0.000238581,0.000751615,0.47304,6.47108e-05,6.64264e-05,0.0607814,-0.000989784,-0.000769636,-0.000366234,-0.000172561,-3.19518e-05,8.95718e-05,0.000328529,0.000687185,0.000887419,6.69187e-05,7.5074e-05,6.10468e-05,6.43175e-05,7.06406e-05,6.60636e-05,6.55795e-05,6.25729e-05,-0.000423616,0.000474255,0,-0.000468405,0.000430779,0,0.484962,-0.000979879,-0.000398312,0.000375182,0.000977706,1790246700,-0.000480384,0.000464398,0,1,-0.000533649,0.000511656,7.39073e-06,1,0.000474741,2.61876e-05,0.000479816,1,-0.000514433,0.00055272,3.95819e-05,1,
1790246760,-9.46584e-05,-7.19396e-05,0.000124935,-0.000124951,0.000744202,0.467008,5.85055e-05,5.48258e-05,0.0750219,-0.000879044,-0.000692746,-0.00032251,-0.000160723,-3.52516e-05,7.45756e-05,0.000285255,0.000634043,0.000820752,6.47716e-05,7.23382e-05,5.68819e-05,5.26319e-05,6.90779e-05,6.08552e-05,5.65642e-05,5.80519e-05,-0.000372846,0.000348043,0,-0.000390015,0.000325318,0,0.488355,-0.000772845,-0.00031278,0.000301127,0.000804915,1790246700,-0.000499676,0.000470316,0,1,-0.00049181,0.00045326,0,1,-0.000494232,0.000493428,5.73871e-05,1,-0.00044855,0.000464614,7.13196e-05,1,
1790246820,3.40781e-05,-0.000132537,0.000352084,-0.000204493,0.000736844,0.464355,5.23241e-05,5.21849e-05,0.0982486,-0.000839335,-0.000667783,-0.000309314,-0.000152783,-3.26649e-05,6.19232e-05,0.000267744,0.000587315,0.000773376,6.30503e-05,6.9237e-05,5.19818e-05,4.73711e-05,6.38171e-05,5.35511e-05,4.60493e-05,5.23829e-05,-0.000354776,0.000332131,1.46012e-05,-0.000361846,0.000287584,0,0.483266,-0.000706921,-0.000293005,0.000261645,0.000705167,1790246700,-0.000368019,0.000345418,4.23672e-05,1,-0.00043556,0.000394445,7.90296e-05,1,-0.000444568,0.000464146,3.16964e-05,1,0.000480197,3.88509e-05,0.000536678,1,
1790246880,0.000310436,-7.5728e-06,0.000461833,-0.00032947,0.000729454,0.470953,8.93232e-05,9.87264e-05,0.134427,-0.000840164,-0.000668476,-0.000308302,-0.000146154,-2.67372e-05,6.82294e-05,0.000268918,0.000590786,0.000764678,9.98829e-05,0.000102761,9.0727e-05,9.12652e-05,9.57471e-05,8.89426e-05,8.79421e-05,8.77809e-05,-0.00035413,0.000364773,3.00785e-05,-0.00039638,0.000367555,0,0.489653,-0.000813536,-0.000326521,0.000311833,0.000815827,1790246700,-0.000343153,0.000354658,0,1,-0.00040094,0.000393849,0,1,0.000436033,5.71378e-06,0.000461265,1,-0.000436028,0.00048029,4.73532e-05,1,
1790246940,0.00228366,7.5704e-06,0.00267257,7.5704e-06,0.000723456,0.473161,0.000979944,0.00099959,0.146866,-0.00087299,-0.00067556,-0.000313915,-0.000148676,-2.63662e-05,7.47673e-05,0.00028452,0.000596715,0.000786527,0.000957877,0.000945415,0.00100219,0.0009807,0.000955508,0.000994549,0.000973654,0.000975119,-0.00036449,0.000414375,5.43137e-05,-0.000412738,0.0003946,0,0.490534,-0.000849578,-0.000342013,0.000332415,0.000873405,1790246700,0.000395221,2.23821e-05,0.000390906,0,-0.000378226,0.000366734,0,0,0.000367482,6.81128e-05,0.000389831,0,0.000413176,4.33483e-05,0.00044902,0,
1790247000,-5.28735e-05,-6.79807e-05,0.000370036,-0.000358839,0.000785635,0.475105,9.64924e-05,9.2669e-05,0.128062,-0.00159129,-0.00122049,-0.000564992,-0.000266805,-5.0087e-05,0.000154246,0.000532622,0.0011091,0.0015456,6.24518e-05,7.69529e-05,9.23161e-05,8.62983e-05,8.14091e-05,0.000117629,9.88868e-05,9.83194e-05,-0.000664748,0.000776541,0.000110233,-0.000700955,0.000745375,0.00013587,0.481374,-0.00148514,-0.000606642,0.000553908,0.0015184,1790247000,0.000410341,6.36476e-06,0.00044589,0,0.00041168,2.10213e-05,0.000403681,0,0.000381913,1.72263e-05,0.000386992,0,0.00040477,2.84546e-05,0.000426779,0,
1790247060,-0.000513774,4.90969e-05,0.000456886,-0.000513774,0.000777775,0.481876,0.00014606,0.000140356,0.0915884,-0.00128049,-0.00100482,-0.000478168,-0.000225993,-2.93915e-05,0.000135892,0.000453378,0.000927353,0.00125492,0.000144354,0.000144094,0.000145182,0.000142915,0.000157737,0.000156504,0.000139754,0.000148362,-0.000563471,0.000535212,0,-0.000601633,0.000554437,0,0.485965,-0.0012752,-0.000521112,0.00048053,0.0012697,1790247000,-0.000730291,0.000789052,3.02593e-05,1,0.000436045,2.37197e-05,0.000429279,0,0.000406822,4.59603e-05,0.000428199,0,0.000401783,3.14121e-05,0.000387108,0,
1790247120,-0.000120926,7.55741e-06,0.000139803,-0.00021541,0.000773379,0.480459,8.2484e-05,7.80413e-05,0.0744514,-0.00121151,-0.00093288,-0.000450317,-0.000190613,-3.13532e-05,0.000132185,0.000445114,0.000907413,0.00120007,6.61323e-05,7.90076e-05,8.61096e-05,8.05827e-05,8.0015e-05,9.03753e-05,8.20947e-05,8.0144e-05,-0.000538135,0.000588469,0,-0.000592137,0.000606823,0,0.496209,-0.00124277,-0.000487939,0.000498589,0.00128284,1790247000,0.000579719,7.33884e-05,0.000530172,1,0.000741485,8.79755e-05,0.000631848,1,0.000402268,6.60353e-05,0.000444857,1,0.000429312,5.73773e-05,0.000420474,1,
1790247180,0.000400512,0.000151156,0.000559162,6.0465e-05,0.000765797,0.469863,0.000118101,0.000125662,0.0676098,-0.00109436,-0.000858609,-0.000413776,-0.000185404,-4.02832e-05,9.64481e-05,0.000377719,0.000800969,0.00104825,0.000120525,0.000122847,0.000125285,0.000117605,0.000114698,0.000122346,0.000117441,0.0001152,-0.000481367,0.000452326,0,-0.00052261,0.000439386,0,0.485398,-0.00109952,-0.000443777,0.000423179,0.00113197,1790247000,0.000578645,7.65273e-05,0.000564135,1,-0.000589064,0.000623394,1.39736e-05,1,0.000641992,0.000103798,0.000706884,1,0.000453879,4.32071e-05,0.000449106,1,
1790247240,-0.00046854,-3.77773e-05,0.000158649,-0.00046854,0.000760213,0.469719,0.000131623,0.000125702,0.0647133,-0.0011083,-0.000866541,-0.000419502,-0.000189219,-4.2779e-05,0.000101533,0.000379212,0.000787757,0.00106513,0.000131828,0.000131423,0.000130767,0.000130329,0.000141442,0.000134874,0.000128184,0.000131806,-0.000485974,0.000468664,1.86158e-05,-0.000545326,0.000464215,0,0.485219,-0.0011629,-0.000471041,0.000436734,0.00117112,1790247000,-0.000512933,0.000464703,8.4785e-06,1,-0.00060294,0.000552557,1.27193e-05,1,-0.000595461,0.000569299,3.18449e-05,1,-0.000670238,0.000700284,1.86295e-05,1,
1790247300,0.000185175,-3.77944e-06,0.000188954,-0.000559512,0.000755484,0.461102,7.8811e-05,8.39063e-05,0.0628706,-0.00101598,-0.000794198,-0.000392067,-0.000183793,-4.75599e-05,7.77312e-05,0.000324709,0.00070177,0.000942913,7.90365e-05,8.57156e-05,8.43717e-05,7.32807e-05,7.84828e-05,8.13908e-05,7.91182e-05,7.71761e-05,-0.000441719,0.000398192,7.40171e-06,-0.00045094,0.000417037,0,0.483993,-0.000959969,-0.000381964,0.000357564,0.000963761,1790247300,-0.000543278,0.000500894,0,1,-0.000535952,0.000456222,4.69271e-06,1,-0.0005658,0.000526581,8.90562e-05,1,-0.00058315,0.000563447,6.79917e-05,1,
1790247360,-0.000548066,0,0,-0.000733343,0.000748349,0.471584,0.000153212,0.000146893,0.0703789,-0.00100835,-0.000782037,-0.000386625,-0.000180475,-3.59334e-05,9.35138e-05,0.000328207,0.000715945,0.000968376,0.000153736,0.000153476,0.00015277,0.00015242,0.000161211,0.000156645,0.000153463,0.000151426,-0.000439617,0.000436637,1.76354e-05,-0.000486626,0.000473158,0,0.49042,-0.00101697,-0.000409757,0.000398821,0.00104801,1790247300,0.000482717,0,0.000379835,1,-0.000536746,0.000510278,1.95899e-06,1,-0.000489925,0.00048589,3.52047e-05,1,-0.000544206,0.000572687,6.73978e-05,1,
1790247420,0.000899427,0.000181462,0.00100141,0.000120978,0.000744872,0.460036,0.000277332,0.000291054,0.0696508,-0.000969817,-0.000758858,-0.000382448,-0.000185201,-5.04026e-05,7.86955e-05,0.000310836,0.000681446,0.000917355,0.00027675,0.000263637,0.000270426,0.00029421,0.000256951,0.000268039,0.000275938,0.000284626,-0.000429088,0.00039624,1.73136e-05,-0.000463312,0.00043431,0,0.485651,-0.000987345,-0.000389091,0.000376952,0.00100478,1790247300,-0.0004843,0.00042236,8.64825e-06,1,0.00045864,2.79503e-05,0.000471043,1,-0.000506893,0.000527547,3.23797e-05,1,-0.000475661,0.000480236,7.08639e-05,1,
1790247480,7.17681e-05,0,0.000343685,-3.02197e-05,0.000748276,0.469138,6.8401e-05,6.80767e-05,0.0471804,-0.00105044,-0.000829737,-0.000419742,-0.000180515,-3.99482e-05,9.24878e-05,0.000339735,0.000734446,0.000976436,6.52389e-05,7.44389e-05,7.20598e-05,6.03708e-05,7.14935e-05,7.48225e-05,7.02073e-05,6.63868e-05,-0.00046746,0.000434597,1.43945e-05,-0.000509834,0.000465824,0,0.487275,-0.00109177,-0.000439922,0.000412346,0.00111002,1790247300,-0.000503985,0.000418772,0,1,-0.000498303,0.000522962,2.92588e-06,1,-0.000480222,0.00049739,0,1,-0.000501084,0.000494379,6.84584e-05,1,
1790247540,4.91015e-05,-2.64403e-05,8.68703e-05,-0.000188875,0.000740825,0.464603,6.39208e-05,6.30071e-05,0.0521791,-0.000993778,-0.000786096,-0.00040115,-0.000181775,-4.05482e-05,7.69669e-05,0.000307011,0.000678355,0.000911363,6.38457e-05,7.20835e-05,6.65423e-05,5.294e-05,6.93273e-05,6.86849e-05,6.21173e-05,6.56025e-05,-0.000439428,0.000332676,1.5744e-06,-0.000460764,0.000377675,0,0.482012,-0.000988339,-0.000403876,0.000357928,0.000975221,1790247300,-0.000531808,0.000465823,0,1,0.000477582,9.22283e-06,0.000504859,1,0.000483974,6.35264e-05,0.000509831,1,-0.000491905,0.000521956,0,1,
1790247600,0.000913604,-0.000101983,0.00141158,-0.000101983,0.000733412,0.473215,0.000280035,0.000291786,0.0626689,-0.00101781,-0.000821052,-0.0004215,-0.000174957,-2.93125e-05,8.30571e-05,0.000332177,0.000713879,0.000938161,0.000282194,0.000270653,0.000280744,0.000282357,0.00025709,0.000276229,0.00026938,0.000288215,-0.000463736,0.000504254,0,-0.000508982,0.000473817,0,0.484784,-0.00102549,-0.000453819,0.000394928,0.0010279,1790247600,-0.0004925,0.000439297,0,1,-0.000510394,0.000547648,0,1,-0.000473204,0.000499565,8.30387e-06,1,0.000526601,2.76375e-05,0.000531996,1,
1790247660,7.54697e-06,-0.000150951,0.000637518,-0.000150951,0.000737447,0.47663,7.1556e-05,7.00811e-05,0.0426068,-0.00114546,-0.000893631,-0.000434617,-0.000190784,-3.27845e-05,0.000110452,0.000395245,0.000820218,0.00107891,6.1587e-05,6.94633e-05,6.52126e-05,6.85982e-05,7.02404e-05,7.03262e-05,7.38059e-05,7.66828e-05,-0.000504316,0.000507579,4.75236e-05,-0.000575185,0.000584463,5.65096e-05,0.487935,-0.00122059,-0.000494726,0.000466465,0.00123776,1790247600,-0.000563689,0.000464891,0,1,-0.000462837,0.000500085,5.7034e-06,1,-0.000508594,0.000558932,2.90309e-05,1,0.000499789,1.80964e-05,0.000509954,1,
1790247720,-0.000218885,0,3.7734e-05,-0.000332121,0.000730036,0.478876,8.32137e-05,7.78439e-05,0.0484711,-0.00104726,-0.000800983,-0.000383887,-0.00017032,-2.40953e-05,9.28917e-05,0.000372044,0.000777195,0.00100373,7.95885e-05,8.47305e-05,7.95378e-05,8.03488e-05,9.3189e-05,8.50766e-05,7.76017e-05,8.6855e-05,-0.000455759,0.000409012,9.94398e-07,-0.000522975,0.000493068,1.27916e-05,0.488694,-0.00110925,-0.000450047,0.000423816,0.0011075,1790247600,0.000632333,0,0.000542154,1,-0.000649341,0.000558338,0,1,0.000521915,0,0.000487416,1,-0.000539473,0.000543902,5.16931e-06,1,
1790247780,0.000581073,6.7935e-05,0.000581073,-3.01948e-05,0.000723362,0.47481,0.000165854,0.000173859,0.0544957,-0.000922735,-0.000720219,-0.000340698,-0.000157014,-2.45902e-05,7.59221e-05,0.000314517,0.000692174,0.000916796,0.000170628,0.000167422,0.000166559,0.000166195,0.000153934,0.000165664,0.000168007,0.000164879,-0.000398558,0.000363961,0,-0.000431042,0.000375561,0,0.486824,-0.00088784,-0.000359163,0.000347599,0.000941631,1790247600,0.000573384,0,0.000441152,1,0.000618684,4.557e-05,0.000567981,1,0.000571009,0,0.000572663,1,-0.000508242,0.000505863,5.38986e-06,1,
1790247840,-0.000169759,0,0.000116928,-0.000192396,0.000720791,0.476175,7.13718e-05,6.59979e-05,0.0509683,-0.000984195,-0.000770907,-0.000372618,-0.00016784,-2.3603e-05,7.83485e-05,0.000329891,0.000710125,0.00095136,7.14955e-05,7.56334e-05,6.94669e-05,6.59367e-05,8.51678e-05,7.46015e-05,6.85239e-05,7.34525e-05,-0.000429194,0.000376706,0,-0.00047079,0.000412872,0,0.488318,-0.000989862,-0.000402623,0.000379193,0.0010197,1790247600,-0.000474849,0.000405565,0,1,-0.000554419,0.000571411,3.14035e-07,1,-0.000580662,0.000639453,3.12309e-05,1,-0.000484418,0.000473981,6.58836e-05,1,
1790247900,-0.000350927,-3.77275e-06,-3.77275e-06,-0.000411314,0.000713951,0.473383,9.96887e-05,9.5148e-05,0.0584642,-0.000927205,-0.000739036,-0.000337319,-0.000159453,-2.6252e-05,7.52323e-05,0.000314365,0.000674064,0.000888936,0.000101491,0.000105102,9.81919e-05,9.79326e-05,0.000114071,0.000101458,9.69972e-05,0.00010226,-0.000395669,0.0003472,0,-0.00043499,0.00035679,0,0.479525,-0.000929517,-0.000378422,0.00033957,0.000943646,1790247900,-0.000513224,0.000425271,0,1,-0.000522812,0.000455977,0,1,-0.00056528,0.000552318,1.78271e-05,1,-0.000595547,0.000633316,5.47465e-06,1,
1790247960,-8.68074e-05,0.000105668,0.000422606,-0.000166073,0.000708516,0.469547,5.71772e-05,5.30049e-05,0.0632525,-0.000849141,-0.000663633,-0.000311624,-0.000146615,-2.71941e-05,6.49372e-05,0.000280388,0.000634505,0.000846846,6.40413e-05,6.86453e-05,5.76729e-05,4.7508e-05,7.19206e-05,5.95226e-05,5.46518e-05,5.88686e-05,-0.000362035,0.00029516,0,-0.000403533,0.000346054,0,0.484486,-0.000837537,-0.000335836,0.000320643,0.000878891,1790247900,-0.000518394,0.000412244,0,1,-0.000514478,0.000508426,0,1,-0.000480466,0.000486919,0,1,-0.000549986,0.00057492,2.30089e-05,1,
1790248020,-0.000351081,-1.50977e-05,0.000256626,-0.000385063,0.000701502,0.46636,0.000100313,9.47634e-05,0.0801494,-0.000856122,-0.000660998,-0.000310256,-0.000144727,-2.97665e-05,6.1525e-05,0.000287757,0.000623438,0.000835631,0.000101538,0.000103799,9.80233e-05,9.7788e-05,0.000111016,0.000100624,9.54765e-05,0.000104534,-0.000363391,0.000322107,5.86734e-06,-0.000437527,0.000393428,0,0.487381,-0.000920867,-0.000370482,0.000356008,0.000947937,1790247900,-0.000469128,0.000384314,0,1,-0.000488205,0.000467936,0,1,-0.000479521,0.000532116,2.03225e-06,1,-0.000472056,0.000490527,1.85375e-05,1,
1790248080,-0.00042297,0.000147242,0.000151017,-0.000430525,0.000696224,0.46326,0.000120911,0.000114305,0.0936364,-0.000850794,-0.000650918,-0.000310583,-0.000141558,-3.25867e-05,5.88924e-05,0.000284585,0.000618832,0.000825329,0.000119028,0.000118717,0.000117978,0.000117755,0.000126553,0.00012036,0.000116288,0.000126606,-0.000362222,0.000344775,2.03515e-05,-0.000436968,0.000390312,0,0.48746,-0.000921662,-0.00036846,0.000356445,0.000943374,1790247900,-0.000510232,0.000420513,0,1,-0.000475605,0.000435632,0,1,0.000511008,0,0.000442784,1,-0.000496843,0.000503343,1.91724e-05,1,
1790248140,0.000740081,8.30976e-05,0.000740081,7.93206e-05,0.000691818,0.465034,0.000219582,0.000232527,0.106876,-0.000834415,-0.000654823,-0.000305079,-0.000142716,-2.9512e-05,5.76575e-05,0.000274477,0.000615145,0.00082456,0.000214802,0.000211178,0.00022547,0.000245608,0.000205,0.00022408,0.000209191,0.000213293,-0.000354242,0.000347635,0,-0.00041659,0.000394992,0,0.484031,-0.000896205,-0.000351197,0.000339421,0.000932153,1790247900,-0.000507928,0.000418925,0,1,-0.000490857,0.000489647,0,1,-0.000466428,0.000467248,0,1,-0.000468469,0.000474594,2.47945e-05,1,
1790248200,-0.000286905,9.81328e-05,0.000350969,-0.000351092,0.000692816,0.464119,8.73438e-05,8.03925e-05,0.0580313,-0.000886359,-0.000697329,-0.000330698,-0.000154969,-3.31476e-05,6.20061e-05,0.000288867,0.00065496,0.0008698,9.08258e-05,9.24905e-05,8.59843e-05,7.9956e-05,0.000100354,8.81178e-05,8.96788e-05,8.97964e-05,-0.000380557,0.000365373,1.46581e-05,-0.000457047,0.000408101,0,0.485036,-0.000984175,-0.000397654,0.000364971,0.000999497,1790248200,-0.000539932,0.000426729,0,1,-0.0004783,0.000477874,8.84434e-06,1,-0.00050348,0.000516112,0,1,-0.000464494,0.000474765,0,1,
1790248260,1.51023e-05,5.66325e-05,0.000271807,-0.000268104,0.000687052,0.460321,5.41395e-05,5.34143e-05,0.0669938,-0.000890617,-0.000677289,-0.000324645,-0.000151775,-3.68779e-05,5.88118e-05,0.000288039,0.000631531,0.000838396,6.1666e-05,6.32532e-05,5.31405e-05,5.20992e-05,6.4054e-05,5.20906e-05,5.67879e-05,5.24639e-05,-0.000374868,0.000358761,2.03914e-05,-0.000454932,0.000400435,0,0.483729,-0.00096491,-0.000392246,0.000364153,0.000971879,1790248200,-0.00054362,0.00044227,0,1,0.000497367,0,0.000429643,1,-0.000491343,0.000495134,0,1,-0.000502837,0.000541597,0,1,
1790248320,0.000101935,-7.1738e-05,0.00025293,-7.1738e-05,0.00068015,0.470088,5.6773e-05,6.00099e-05,0.0830119,-0.000830076,-0.000637506,-0.00031075,-0.000143213,-2.50619e-05,6.14438e-05,0.0002807,0.00061017,0.000802064,6.63405e-05,6.71084e-05,5.53682e-05,5.53954e-05,6.66659e-05,5.41005e-05,5.87201e-05,5.51042e-05,-0.000360745,0.000367067,0,-0.00044908,0.000394114,0,0.491307,-0.000920797,-0.000376882,0.000368349,0.000962434,1790248200,-0.000513213,0.000447435,0,1,0.000485296,5.9576e-05,0.000421906,1,0.000497657,4.34303e-05,0.000413814,1,-0.000499762,0.000524052,0,1,
1790248380,-0.000419131,0,0,-0.000453123,0.000673468,0.462712,0.000118524,0.000112395,0.0892074,-0.000784933,-0.000608321,-0.00028971,-0.000138163,-2.6551e-05,4.73478e-05,0.000255715,0.000567149,0.000750476,0.000117807,0.000117505,0.000116827,0.000116588,0.000125599,0.000118745,0.000115231,0.00012154,-0.000334299,0.000284964,0,-0.000396887,0.00030265,0,0.486074,-0.0008275,-0.000339093,0.000309746,0.000832142,1790248200,-0.000467604,0.000413121,0,1,0.000488587,1.63147e-05,0.000483256,1,0.000501315,8.22698e-05,0.000442644,1,-0.000461053,0.000524385,0,1,
1790248440,0.000392705,0,0.000706003,0,0.000669329,0.466752,0.00011115,0.000120737,0.0895428,-0.000779045,-0.000601345,-0.000287497,-0.000126416,-2.38561e-05,5.05736e-05,0.000258712,0.000578832,0.000758158,0.000118863,0.000114604,0.000113464,0.000113163,0.000108431,0.000111415,0.000114242,0.000106398,-0.000333433,0.000305539,0,-0.000404984,0.00033798,0,0.485165,-0.000850562,-0.000339271,0.000327816,0.000891295,1790248200,-0.00043776,0.000356561,0,1,-0.000497193,0.000476089,0,1,-0.000508945,0.00049779,0,1,-0.000489918,0.000519464,0,1,
1790248500,0.000528398,0,0.000747223,-0.000396482,0.000664926,0.480773,0.000149958,0.000158432,0.0805166,-0.000918616,-0.000691041,-0.000347802,-0.000145739,-1.62154e-05,7.07793e-05,0.000303368,0.000643489,0.000843,0.000156286,0.000152147,0.000151113,0.000152299,0.000143673,0.00014908,0.000146104,0.000149897,-0.000397491,0.000463164,1.98671e-05,-0.000452187,0.000437341,0,0.490792,-0.000943492,-0.000389505,0.000364262,0.000938071,1790248500,-0.000482277,0.000376905,0,1,-0.000415681,0.000412899,0,1,-0.000496071,0.000490628,5.95116e-06,1,-0.00052688,0.000517461,0,1,
1790248560,6.79166e-05,3.01857e-05,0.000211281,-0.000415146,0.000662471,0.473417,6.10952e-05,5.98439e-05,0.0635737,-0.000944593,-0.000717774,-0.000343693,-0.000161151,-2.61793e-05,7.49537e-05,0.000326958,0.000667292,0.000874118,6.46276e-05,6.31372e-05,5.29527e-05,6.59806e-05,6.19109e-05,5.12834e-05,6.87887e-05,6.20012e-05,-0.000405421,0.000440178,5.87478e-05,-0.000469633,0.000436038,2.46433e-05,0.487852,-0.000989211,-0.00040351,0.000378933,0.00101005,1790248500,-0.000544809,0.000463488,0,1,-0.000467529,0.000425693,0,1,-0.000445743,0.000439543,0,1,-0.000521949,0.000520691,0,1,
1790248620,-0.000528362,0,0.000150909,-0.000535912,0.000655883,0.479708,0.000149359,0.000144243,0.0712129,-0.000876837,-0.00067951,-0.000326595,-0.000151477,-1.86844e-05,7.60172e-05,0.000300939,0.000634611,0.000831324,0.000148314,0.000147852,0.0001471,0.000146906,0.000158676,0.000148962,0.000148685,0.000151985,-0.000381318,0.000408098,2.52134e-07,-0.00044173,0.000402992,0,0.489478,-0.000918571,-0.000376507,0.000357133,0.000946988,1790248500,-0.000538039,0.000448106,0,1,-0.000437881,0.000470556,4.96643e-05,1,-0.00045481,0.000443557,0,1,-0.00045094,0.00043459,0,1,
1790248680,1.88749e-05,0.000169861,0.00020383,-0.000366243,0.000653577,0.470558,5.3199e-05,5.17538e-05,0.0615635,-0.000841837,-0.000647031,-0.000319313,-0.000144852,-2.51633e-05,6.29177e-05,0.000289243,0.000613568,0.000807337,6.17858e-05,5.93218e-05,4.96466e-05,5.57338e-05,5.87317e-05,4.80712e-05,5.67244e-05,5.18535e-05,-0.000370554,0.000387722,0,-0.000425507,0.000383383,0,0.489518,-0.000895892,-0.000357606,0.000346999,0.000914943,1790248500,-0.000488421,0.000413706,0,1,0.000511607,4.24778e-05,0.000489977,1,0.000493145,2.02634e-05,0.00048173,1,-0.000451257,0.000447679,0,1,
1790248740,8.68198e-05,0.000143437,0.000301949,-1.13249e-05,0.000647013,0.476287,5.71025e-05,5.80785e-05,0.0699291,-0.00082955,-0.000642173,-0.000318561,-0.000144459,-1.80017e-05,6.05019e-05,0.000292445,0.000627407,0.000816129,6.54417e-05,6.22167e-05,5.12642e-05,6.1354e-05,6.04015e-05,5.06763e-05,6.09551e-05,5.66055e-05,-0.000371555,0.000375755,0,-0.000426036,0.000374594,0,0.489533,-0.00087977,-0.000357591,0.000347972,0.000922113,1790248500,-0.000480567,0.000412052,0,1,-0.000496551,0.000500045,0,1,-0.000502881,0.00053275,0,1,-0.000481958,0.000521529,0,1,
1790248800,-0.000252931,-3.01973e-05,0.000267961,-0.000252931,0.000640628,0.479362,7.81744e-05,7.25297e-05,0.0797786,-0.000787836,-0.000617266,-0.00030149,-0.000135595,-1.45778e-05,5.86215e-05,0.000268708,0.000573776,0.00075046,8.5384e-05,8.21675e-05,7.36157e-05,7.56876e-05,8.55825e-05,7.56099e-05,8.03828e-05,8.01401e-05,-0.000347931,0.000345813,2.05395e-05,-0.000375786,0.000289578,0,0.481911,-0.000781754,-0.000324525,0.000290775,0.00079509,1790248800,-0.000467073,0.000353667,0,1,-0.000465854,0.000439419,0,1,-0.000492409,0.000494821,0,1,-0.000540319,0.000535126,0,1,
1790248860,3.77556e-06,2.26531e-05,4.90811e-05,-0.000260548,0.000635197,0.469727,4.80283e-05,4.60168e-05,0.0872432,-0.000780127,-0.000598579,-0.000291817,-0.000132436,-2.04692e-05,4.9688e-05,0.000260106,0.000559764,0.000727154,6.07643e-05,5.60679e-05,4.4025e-05,4.81703e-05,5.28173e-05,4.52799e-05,5.03392e-05,4.7516e-05,-0.000336968,0.000331865,7.75366e-06,-0.000369215,0.000301052,0,0.488242,-0.000765244,-0.000310648,0.000293742,0.000777936,1790248800,-0.000417712,0.00032397,0,1,-0.000482489,0.0004363,0,1,-0.000462441,0.000433751,0,1,-0.000503266,0.000497896,0,1,
1790248920,0.000634091,0,0.000988705,0,0.000628814,0.472497,0.000187193,0.000197799,0.0881696,-0.000719122,-0.000573402,-0.00027694,-0.00012737,-1.70293e-05,4.74039e-05,0.000244558,0.000537665,0.000692665,0.000184547,0.000181174,0.000194063,0.000195764,0.000178438,0.000188505,0.000181987,0.000183892,-0.000319199,0.000302286,0,-0.000356386,0.000274502,0,0.48973,-0.000712564,-0.000294604,0.000284189,0.000759179,1790248800,-0.000405478,0.000353464,0,1,-0.000423105,0.000393689,0,1,-0.000442301,0.000451721,2.13679e-06,1,-0.000467879,0.000462644,0,1,
1790248980,0.000505475,-6.03723e-05,0.000580898,-6.03723e-05,0.00062892,0.47454,0.000145101,0.000151922,0.0625238,-0.000857829,-0.000659517,-0.000313964,-0.000143406,-1.83117e-05,5.61271e-05,0.000288429,0.000607475,0.000780091,0.000148455,0.000145309,0.000144602,0.00014551,0.000135639,0.000142656,0.000151115,0.000144128,-0.000366082,0.000389181,4.61029e-05,-0.000413516,0.000359872,0,0.489728,-0.000868326,-0.000354128,0.000332881,0.000890343,1790248800,-0.000365162,0.000290789,0,0,-0.000408519,0.00039528,0,1,-0.000423963,0.000413705,0,1,-0.0004662,0.000463254,0,1,
1790249040,0.000116902,3.77124e-06,0.000165921,-0.000388514,0.000626689,0.474343,5.91263e-05,6.16261e-05,0.0576855,-0.000852711,-0.000661812,-0.000308594,-0.00013373,-1.63151e-05,4.97803e-05,0.000267722,0.000570846,0.000750412,6.63983e-05,6.18079e-05,5.62054e-05,5.50651e-05,5.72768e-05,5.43375e-05,6.25158e-05,6.34561e-05,-0.00035237,0.00034158,0,-0.000399833,0.000330463,0,0.489118,-0.000845048,-0.000344274,0.000317332,0.000863873,1790248800,-0.000460116,0.000396345,0,1,-0.000407542,0.000372605,0,1,-0.000419501,0.000395685,1.03435e-06,1,-0.000432487,0.000420268,0,1,
1790249100,-0.000829923,-3.77082e-06,-3.77082e-06,-0.000882759,0.000620611,0.488603,0.000255121,0.000250342,0.0607837,-0.000836027,-0.000646668,-0.000297288,-0.00012976,-7.50504e-06,6.87429e-05,0.000274703,0.000586126,0.00076673,0.00024196,0.000249847,0.000272956,0.000255977,0.000279261,0.000274321,0.000251244,0.000250184,-0.000347266,0.000371918,0,-0.000408928,0.000353987,0,0.493851,-0.000842324,-0.000342834,0.000333926,0.000887506,1790249100,-0.000445585,0.000390322,0,1,-0.00044031,0.000474424,0,1,-0.000387366,0.000399314,0,1,-0.000446613,0.000438999,0,1,
1790249160,0.00015472,-3.77395e-06,0.000245276,-6.41591e-05,0.000625484,0.489644,6.3876e-05,6.6378e-05,0.0492645,-0.000834234,-0.000638096,-0.000304087,-0.000128646,-7.03005e-06,7.23552e-05,0.000288353,0.000607015,0.000788583,7.24552e-05,6.83135e-05,6.62626e-05,6.36421e-05,6.35782e-05,6.38723e-05,6.56762e-05,6.08183e-05,-0.000358201,0.000389833,0,-0.000433209,0.000403931,0,0.496359,-0.000907429,-0.000353477,0.000362733,0.000940801,1790249100,-0.000436561,0.000377157,0,1,-0.000412744,0.000458147,0,1,-0.000434433,0.000457293,2.10377e-05,1,-0.000428068,0.000410847,0,1,
1790249220,-0.00043403,0,0,-0.000622798,0.000619584,0.493594,0.00012315,0.000119832,0.0487926,-0.000773917,-0.000606058,-0.000288822,-0.00012451,-1.55409e-06,6.40998e-05,0.000264998,0.000574639,0.000737114,0.000124309,0.000121667,0.000121015,0.000120761,0.000129838,0.000123228,0.000122283,0.000125593,-0.000336675,0.000307707,0,-0.000383359,0.000294091,0,0.49136,-0.000792591,-0.000321917,0.000306943,0.000817825,1790249100,-0.000481601,0.000410345,0,1,-0.000449337,0.000450984,0,1,-0.000424055,0.000445694,0,1,-0.000474975,0.000473671,0,1,
1790249280,-0.000305821,-3.775e-06,8.68211e-05,-0.000305821,0.00061642,0.483534,8.6786e-05,8.25122e-05,0.0495481,-0.000793538,-0.000611259,-0.000299391,-0.000132777,-1.13777e-05,6.13086e-05,0.000267045,0.000581297,0.000754747,9.44278e-05,8.94687e-05,8.64415e-05,8.5157e-05,9.32419e-05,8.75772e-05,8.75802e-05,8.8407e-05,-0.00034582,0.000338813,8.49023e-06,-0.00041072,0.000346629,0,0.488404,-0.00086632,-0.000344768,0.00033457,0.000892482,1790249100,-0.00039514,0.00030908,0,1,-0.000445445,0.000428661,2.47751e-05,1,-0.00043656,0.000442043,0,1,-0.000437725,0.000423329,0,1,
1790249340,-0.000241703,0.000132157,0.000230319,-0.000324802,0.000611756,0.477078,7.39163e-05,6.87096e-05,0.0520193,-0.000753093,-0.000581686,-0.000286813,-0.000130908,-1.48975e-05,5.25418e-05,0.000249911,0.000550024,0.000716046,8.34681e-05,7.82848e-05,7.48404e-05,6.91065e-05,8.02273e-05,7.53642e-05,7.41157e-05,7.3746e-05,-0.000329036,0.000294258,0,-0.000367952,0.000294263,0,0.487616,-0.000772333,-0.000308576,0.000296254,0.000800675,1790249100,-0.000452506,0.000356261,0,1,-0.000388033,0.000359146,0,1,-0.000429989,0.000412336,2.57887e-05,1,-0.000450126,0.000439322,5.89524e-06,1,
1790249400,0.000287016,-9.4431e-05,0.000305895,-9.4431e-05,0.000606571,0.478467,8.60895e-05,9.11054e-05,0.0550367,-0.000819196,-0.000626767,-0.000316366,-0.000138246,-1.61142e-05,6.11469e-05,0.000271715,0.000587516,0.000760989,9.48561e-05,8.87077e-05,8.45366e-05,8.67753e-05,8.61271e-05,8.21933e-05,8.84309e-05,8.62359e-05,-0.000360317,0.000383227,0,-0.00042335,0.000384177,0,0.488285,-0.000885444,-0.00036095,0.000340419,0.000884621,1790249400,-0.000393693,0.000337841,0,1,-0.000421107,0.000421992,1.48355e-05,1,-0.000380236,0.000386481,1.13666e-05,1,-0.00043361,0.000438068,1.69612e-05,1,
1790249460,-0.000237915,-0.000135944,0.000509627,-0.000237915,0.000601845,0.477288,7.17712e-05,6.65887e-05,0.0515354,-0.00072814,-0.000562654,-0.00027734,-0.000128174,-1.37535e-05,4.92099e-05,0.000236771,0.000513232,0.000679991,8.26593e-05,7.67435e-05,7.24616e-05,6.61054e-05,7.73755e-05,7.36447e-05,7.25224e-05,7.21196e-05,-0.000315747,0.000253916,0,-0.000340876,0.000266213,0,0.488384,-0.00071893,-0.000290338,0.000264392,0.000716473,1790249400,-0.000466525,0.000402957,0,1,-0.000395712,0.000373088,0,1,-0.000406508,0.000425134,0,1,-0.000383698,0.000378795,1.16524e-05,1,
1790249520,-0.000392872,3.77687e-06,3.77687e-06,-0.000838818,0.000596746,0.477533,0.000111519,0.000106268,0.0551707,-0.000808477,-0.000608873,-0.00029542,-0.000136102,-1.77624e-05,6.36849e-05,0.000267395,0.000563856,0.00072636,0.000111961,0.000109976,0.000109341,0.000108992,0.000110523,0.00011118,0.000109627,0.000115472,-0.000342749,0.000356072,3.47177e-05,-0.00038774,0.000346785,0,0.491499,-0.000825144,-0.000330256,0.000313842,0.000813641,1790249400,-0.000361065,0.000302889,0,1,-0.00038575,0.000404122,6.25607e-05,1,-0.000390719,0.000391837,0,1,-0.000421717,0.000423476,5.55968e-06,1,
1790249580,-0.000177599,4.15611e-05,0.000268228,-0.000177599,0.000593355,0.483177,6.7323e-05,6.11653e-05,0.0601655,-0.000816572,-0.000623368,-0.00030036,-0.000137166,-1.44532e-05,7.38327e-05,0.000277297,0.00058989,0.000750275,7.22365e-05,6.58933e-05,6.17017e-05,6.62016e-05,6.26972e-05,6.33826e-05,7.34932e-05,7.00793e-05,-0.000350939,0.000395894,0,-0.000389662,0.000377654,0,0.496303,-0.000813933,-0.000320026,0.000326352,0.000842641,1790249400,-0.000415953,0.000392244,0,1,-0.000334671,0.000369125,0,1,0.000416446,2.56674e-05,0.000408924,1,-0.00039198,0.000400558,0,1,
1790249640,-0.000249447,0,0.000128479,-0.000298588,0.000587928,0.469685,7.49582e-05,6.82558e-05,0.065951,-0.000733908,-0.000573878,-0.000282611,-0.000135349,-2.02712e-05,4.89491e-05,0.000244082,0.000524825,0.00067316,8.41796e-05,7.73785e-05,7.26621e-05,7.39795e-05,7.23881e-05,7.50031e-05,7.622e-05,7.51415e-05,-0.000323225,0.000312679,0,-0.000338807,0.000281954,0,0.487494,-0.000711826,-0.000285569,0.000270025,0.000717023,1790249400,-0.000412852,0.000360373,0,1,-0.000388729,0.000438002,1.77086e-05,1,-0.000342943,0.000387582,0,1,-0.000406865,0.000438983,0,1,
1790249700,-1.134e-05,0,1.88997e-05,-0.000642802,0.000583087,0.471259,4.66373e-05,4.40479e-05,0.072025,-0.000740924,-0.000584472,-0.000276015,-0.00013362,-2.17378e-05,5.62277e-05,0.000252288,0.000535364,0.000683749,5.92625e-05,4.99383e-05,4.33399e-05,4.54455e-05,4.60871e-05,4.567e-05,5.04654e-05,4.63877e-05,-0.000321689,0.000349593,0,-0.000343254,0.000305985,0,0.485337,-0.000738177,-0.000292913,0.000274272,0.000741386,1790249700,-0.000359764,0.000305399,0,1,-0.000403649,0.000422715,5.5783e-06,1,-0.000417171,0.000419193,1.41509e-05,1,-0.000359427,0.000364731,0,1,
1790249760,-0.000404544,-3.78003e-06,3.40196e-05,-0.000726027,0.000577229,0.473861,0.000116098,0.000109524,0.0714678,-0.000784424,-0.000602611,-0.000288024,-0.000137766,-2.12834e-05,6.2451e-05,0.000262539,0.000572855,0.000725942,0.000115281,0.000113086,0.0001126,0.000112087,0.000106051,0.00011428,0.000121674,0.000120186,-0.000335652,0.000387271,0,-0.00037046,0.000349502,0,0.493336,-0.000768957,-0.000309481,0.000305138,0.000792896,1790249700,-0.000397027,0.000323441,0,1,-0.000353182,0.000350266,4.30159e-09,1,-0.000384949,0.000424144,1.74237e-05,1,-0.000421975,0.000455119,0,1,
1790249820,-0.000306352,1.51261e-05,0.000385643,-0.000310135,0.000574285,0.474001,8.93241e-05,8.18775e-05,0.0715486,-0.000780237,-0.000602596,-0.000288183,-0.000142621,-2.11731e-05,6.25637e-05,0.000262209,0.000572121,0.000725047,9.3568e-05,8.56779e-05,8.51575e-05,8.7816e-05,7.63607e-05,8.70783e-05,9.55473e-05,9.46629e-05,-0.000335859,0.000391876,5.65702e-06,-0.000369694,0.000353821,0,0.492677,-0.000785112,-0.00030816,0.000306272,0.000796079,1790249700,-0.000377798,0.000318799,0,1,-0.000364468,0.000381996,0,1,-0.000351182,0.000362533,5.54932e-06,1,-0.000402291,0.00044265,2.52498e-06,1,
1790249880,2.2696e-05,0,9.07808e-05,-0.000435106,0.000570161,0.470088,4.78425e-05,4.68036e-05,0.0681076,-0.000748987,-0.000579662,-0.000286272,-0.000139039,-2.32767e-05,5.68221e-05,0.000255296,0.000548984,0.000683913,6.11231e-05,4.99837e-05,4.40485e-05,5.31365e-05,4.66613e-05,4.63643e-05,4.6573e-05,4.62724e-05,-0.000331114,0.000366477,0,-0.000355053,0.000337088,0,0.491086,-0.000760573,-0.000299619,0.000290557,0.000750486,1790249700,-0.000402534,0.000345004,0,1,-0.000385604,0.000415424,0,1,0.000368497,0,0.000293799,1,-0.00036183,0.000388948,0,1,
1790249940,0.000476497,0,0.000533207,-3.78269e-05,0.00056444,0.470902,0.000133831,0.000143452,0.0593923,-0.000724559,-0.000556944,-0.000282552,-0.000138429,-2.16113e-05,5.49165e-05,0.000245564,0.000539481,0.00068527,0.000140879,0.000137051,0.000136329,0.000137734,0.00014963,0.000134274,0.000129655,0.000129514,-0.000324458,0.000360533,9.12307e-06,-0.00035569,0.000327308,0,0.489188,-0.000747033,-0.000301572,0.000288768,0.000749588,1790249700,-0.000387653,0.000340832,0,1,-0.000375662,0.000410678,7.47022e-06,1,-0.000365518,0.000380608,0,1,-0.000344014,0.000396013,3.01512e-06,1,
1790250000,2.26847e-05,-1.51234e-05,0.000177683,-0.000321421,0.000562816,0.465009,4.60242e-05,4.45046e-05,0.0471686,-0.000720738,-0.000564261,-0.00028085,-0.000138729,-2.32747e-05,4.54925e-05,0.000232213,0.000509598,0.000643686,6.10239e-05,4.92216e-05,4.45246e-05,4.90777e-05,4.56759e-05,4.66674e-05,4.37968e-05,4.38714e-05,-0.000317248,0.000306153,0,-0.000342951,0.00028527,0,0.484345,-0.000729492,-0.000300534,0.000265643,0.000700914,1790250000,-0.000365744,0.000294424,0,1,-0.000362352,0.000382754,4.02344e-06,1,-0.000370854,0.000368431,0,1,0.000393228,4.04253e-05,0.000388639,1,
1790250060,-0.000162585,-7.93985e-05,0.000162558,-0.000162585,0.000557169,0.472679,6.01915e-05,5.32888e-05,0.0440123,-0.000718917,-0.000547388,-0.000277019,-0.00013339,-1.85281e-05,5.15158e-05,0.000238748,0.000518949,0.000657842,7.01727e-05,6.02459e-05,5.62613e-05,6.09057e-05,5.26785e-05,6.03256e-05,6.36679e-05,5.98966e-05,-0.00031686,0.000340932,3.20102e-06,-0.000359321,0.000329956,0,0.487324,-0.000755972,-0.000310021,0.000285844,0.000743735,1790250000,0.000335317,0,0.000286826,1,-0.000364409,0.000383169,0,1,-0.000367819,0.000342611,0,1,-0.000377915,0.000422268,3.52915e-06,1,
1790250120,-0.000480346,0,7.1843e-05,-0.000480346,0.000552048,0.463833,0.000135222,0.000127972,0.0415685,-0.000663179,-0.000517718,-0.000257917,-0.00012882,-2.07172e-05,3.87738e-05,0.000215024,0.000475901,0.00060366,0.000136323,0.000133929,0.000133398,0.000133044,0.000125183,0.000135341,0.000139691,0.000138176,-0.000292461,0.000295203,0,-0.000314179,0.000275323,0,0.486056,-0.000663091,-0.000270874,0.000245015,0.00063679,1790250000,0.000358468,0,0.000303059,1,0.000324345,2.94767e-05,0.000316015,1,0.000350916,5.26616e-06,0.00030856,1,0.000365288,4.97575e-05,0.000353024,1,
1790250180,0.000688299,-3.40491e-05,0.00082817,-6.80993e-05,0.000550705,0.461159,0.000215685,0.000234691,0.0378333,-0.000670613,-0.000516165,-0.000258628,-0.000132351,-2.15148e-05,3.60806e-05,0.000218879,0.000480272,0.000611135,0.000199796,0.000210354,0.000216299,0.000221773,0.000241921,0.000208765,0.000217912,0.00021936,-0.000294816,0.00028801,0,-0.000334069,0.000311807,0,0.487856,-0.000708744,-0.000281147,0.000270688,0.000697194,1790250000,0.000320269,0,0.000241604,1,0.000356432,3.24719e-05,0.000344035,1,0.000321659,2.76531e-05,0.000334035,1,0.000366412,3.58404e-05,0.000363429,1,
1790250240,0.000264604,-4.91485e-05,0.000336413,-4.91485e-05,0.000553792,0.470182,7.94322e-05,8.62402e-05,0.0473531,-0.000774727,-0.000588263,-0.000292294,-0.000144604,-1.9128e-05,4.72367e-05,0.000246196,0.000541993,0.000707977,9.11279e-05,8.0882e-05,8.11717e-05,8.17301e-05,8.23706e-05,7.95733e-05,7.85412e-05,7.69767e-05,-0.000332331,0.000357864,1.9283e-05,-0.000394976,0.00037942,0,0.487564,-0.000837252,-0.000339695,0.000315447,0.000829722,1790250000,0.000350705,0,0.000273336,1,-0.000318871,0.000315969,0,1,0.00036186,2.01195e-05,0.000351007,1,0.000360781,0,0.000336681,1,
1790250300,-0.000291069,0,8.31469e-05,-0.00038559,0.000549502,0.469971,8.14775e-05,7.48041e-05,0.0461039,-0.000751056,-0.000579682,-0.000290471,-0.000142009,-1.87274e-05,4.58347e-05,0.000241297,0.00050936,0.000657462,9.13882e-05,8.14133e-05,8.10697e-05,8.05331e-05,7.72679e-05,8.31685e-05,8.62991e-05,8.00723e-05,-0.000327533,0.0003285,0,-0.000364109,0.00031424,0,0.485601,-0.000767718,-0.000321615,0.000280821,0.000723024,1790250300,-0.000412296,0.000346592,0,1,0.000328818,0,0.000342497,1,0.00033343,0,0.0003243,1,0.000369494,1.59084e-05,0.00036516,1,
1790250360,0.000249493,-3.78067e-06,0.000517816,-0.000321408,0.000545534,0.468226,7.37507e-05,8.06987e-05,0.0405287,-0.00069897,-0.000537598,-0.000268219,-0.000135043,-1.95512e-05,4.41638e-05,0.000230058,0.000497062,0.000646728,8.87975e-05,7.76015e-05,7.70782e-05,7.43454e-05,7.82208e-05,7.57654e-05,6.93502e-05,7.12124e-05,-0.000306623,0.000298582,0,-0.000351251,0.000324294,0,0.488921,-0.000743062,-0.000298548,0.000284333,0.000740195,1790250300,0.000379768,0,0.000278169,1,0.000376844,3.80142e-05,0.000361565,1,-0.000318582,0.000321365,9.52745e-06,1,0.000324811,2.01926e-05,0.00031194,1,
1790250420,-0.00014364,-9.07173e-05,0.000109606,-0.000249493,0.000541203,0.476032,5.81273e-05,5.16509e-05,0.0407182,-0.000760283,-0.000576246,-0.000286344,-0.000142685,-1.78787e-05,5.88812e-05,0.000257667,0.000539681,0.000695745,6.66812e-05,5.61782e-05,5.52234e-05,6.03645e-05,5.16384e-05,5.77284e-05,6.11799e-05,5.73769e-05,-0.000331999,0.000352847,1.27732e-06,-0.000391276,0.000383063,0,0.493612,-0.000812275,-0.000328316,0.00031853,0.000815194,1790250300,0.000360311,0,0.00028063,1,0.000291982,5.10071e-05,0.000350715,1,0.000362146,4.89995e-05,0.000379224,1,0.000327692,2.05918e-05,0.000324214,1,
1790250480,-0.000529377,4.1582e-05,0.000442193,-0.000623938,0.000536148,0.463588,0.000148803,0.000140916,0.0373271,-0.000678384,-0.000528038,-0.000269171,-0.000137757,-2.14828e-05,3.96603e-05,0.000228921,0.00047985,0.000618699,0.000149618,0.000147509,0.000147619,0.000146595,0.000142948,0.000149036,0.000155277,0.000152815,-0.000306404,0.000286726,0,-0.000335104,0.000283356,0,0.48821,-0.000699912,-0.000286087,0.000267819,0.000690399,1790250300,-0.000390975,0.0003442,0,1,0.000356496,0,0.000342391,1,0.000343413,0,0.000300989,1,0.000376111,2.62844e-05,0.000372137,1,
1790250540,0.000162624,0,0.000635218,0,0.000536014,0.48198,6.22606e-05,6.74659e-05,0.0366027,-0.000807063,-0.000605773,-0.000294737,-0.00014977,-1.53313e-05,7.18923e-05,0.000277272,0.000574394,0.000748931,7.44477e-05,6.24565e-05,6.25302e-05,7.18832e-05,6.3659e-05,6.12131e-05,5.9948e-05,5.67084e-05,-0.000346812,0.000415897,3.3724e-05,-0.000381581,0.000430052,0,0.49774,-0.000805586,-0.000312366,0.00032164,0.000804393,1790250300,-0.000336146,0.000280384,0,1,-0.00038105,0.000397841,1.02971e-05,1,-0.000357998,0.000311026,0,1,-0.000342,0.000337731,4.31783e-06,1,
1790250600,0.000820281,0,0.000831617,0,0.000531125,0.476317,0.00026463,0.000281401,0.0349099,-0.000760647,-0.000584296,-0.000294798,-0.000148947,-1.81054e-05,6.04689e-05,0.000253567,0.000544797,0.000716495,0.000245777,0.000275172,0.000278318,0.000254199,0.000299424,0.000271321,0.000254882,0.000263099,-0.000337247,0.000376018,4.46665e-05,-0.000353223,0.000355058,0,0.488169,-0.000746754,-0.00030329,0.000284406,0.000726918,1790250600,0.000429675,0,0.000334036,1,-0.000323852,0.000319665,2.88154e-05,1,-0.000368734,0.000345754,0,1,0.000351482,1.01058e-05,0.000358638,1,
1790250660,0.000158686,-2.26715e-05,0.000177576,-0.000234297,0.000538432,0.472931,6.40265e-05,6.83938e-05,0.0577226,-0.000800092,-0.000618282,-0.000311899,-0.000154927,-2.07879e-05,5.81622e-05,0.000263912,0.000570657,0.000743906,7.36744e-05,6.24834e-05,6.60822e-05,6.54509e-05,6.05671e-05,6.36315e-05,6.54008e-05,6.19407e-05,-0.000354786,0.000378929,3.4248e-05,-0.000389368,0.000372947,0,0.481134,-0.000829955,-0.000342919,0.000302856,0.000812798,1790250600,0.000371919,0,0.000306001,1,0.000371094,4.04883e-05,0.000398311,1,-0.000331563,0.000286377,0,1,0.000390303,1.94993e-05,0.000390408,1,
1790250720,-0.00138369,-7.55592e-06,8.6889e-05,-0.00171288,0.000533493,0.481056,0.00054416,0.000538398,0.051076,-0.000748715,-0.000589174,-0.000296885,-0.000147005,-1.45991e-05,6.46001e-05,0.000252706,0.000542535,0.000708643,0.000490403,0.000548548,0.000539429,0.000540551,0.000557297,0.000544401,0.0005385,0.000551602,-0.000338191,0.000351937,0,-0.000363326,0.000336127,0,0.486179,-0.000765024,-0.00031518,0.0002875,0.000761155,1790250600,0.000416008,0,0.000327745,0,0.000341332,3.54969e-05,0.000336743,1,-0.000381591,0.000360485,0,1,0.000343519,2.22929e-06,0.000348541,1,
1790250780,0.000109706,0,0.000453878,-7.94499e-05,0.000563217,0.492598,7.30808e-05,7.21796e-05,0.220332,-0.00108878,-0.000809043,-0.000411193,-0.000184715,-8.80787e-06,0.000117082,0.000402328,0.000795134,0.00102807,6.63372e-05,5.78461e-05,7.32001e-05,7.59413e-05,6.4403e-05,8.19734e-05,7.10685e-05,7.20231e-05,-0.000489541,0.00057869,1.57611e-05,0.000506612,0.000122651,0.000448912,0.50682,-0.00102804,-0.000392006,0.000425763,0.00102436,1790250600,0.00037705,0,0.000286804,0,0.00036707,7.0394e-05,0.000332796,1,0.00035553,3.10946e-05,0.00035686,1,0.000367352,7.20544e-05,0.000379219,1,
1790250840,0.000310139,0,0.000510543,-7.94412e-05,0.000557773,0.487529,9.3672e-05,9.8035e-05,0.156771,-0.000924336,-0.000695825,-0.000358864,-0.000164104,-1.06e-05,7.75513e-05,0.000315808,0.000654289,0.000856006,9.92684e-05,9.1134e-05,0.000100547,9.46728e-05,9.59007e-05,0.000103888,8.67742e-05,8.78888e-05,-0.000411766,0.000397405,0,-0.000426852,0.000401364,0,0.492268,-0.000874731,-0.000354319,0.00035048,0.000877226,1790250600,0.000523835,0,0.000410085,1,0.000354321,5.07481e-05,0.000322993,1,0.000368576,6.15141e-05,0.000350403,1,0.000355611,5.6568e-05,0.000332377,1,
1790250900,6.4285e-05,9.07541e-05,0.000389428,-7.56347e-05,0.000553906,0.477385,5.86366e-05,5.71103e-05,0.124068,-0.000898999,-0.000680021,-0.00035728,-0.000172167,-1.86524e-05,6.60413e-05,0.000288011,0.000622308,0.000814693,6.37329e-05,5.34045e-05,6.38402e-05,5.85596e-05,5.52717e-05,6.92841e-05,5.46032e-05,5.38242e-05,-0.000399112,0.000356114,3.6071e-05,-0.000421494,0.000355214,0,0.481462,-0.000881826,-0.000364036,0.000331002,0.000855259,1790250900,-0.000409649,0.00033884,0,1,-0.000428499,0.000484339,0.000102885,1,0.000374607,2.86187e-05,0.000334544,1,-0.000382415,0.000397029,0,1,
1790250960,-0.000302554,-1.51255e-05,-1.51255e-05,-0.000537096,0.000548414,0.480428,8.75442e-05,8.16335e-05,0.0969695,-0.000859159,-0.000657087,-0.000341448,-0.000165372,-1.52391e-05,6.48159e-05,0.000274745,0.000597174,0.000787099,9.2991e-05,8.48063e-05,9.01045e-05,8.74716e-05,8.37254e-05,9.56057e-05,8.82765e-05,8.25828e-05,-0.000381466,0.000358733,1.30028e-05,-0.000402363,0.000349788,0,0.484478,-0.000833382,-0.000346553,0.000319274,0.000816485,1790250900,-0.000411787,0.000331547,0,1,-0.000395454,0.000373729,3.36081e-05,1,-0.000449908,0.00045706,6.49704e-05,1,0.000364357,8.52387e-06,0.000377762,1,
1790251020,0.000257176,1.51299e-05,0.000257176,-0.000166443,0.000544586,0.483338,8.1939e-05,8.57996e-05,0.0816713,-0.000843417,-0.000640248,-0.000324721,-0.000160797,-1.28741e-05,6.65729e-05,0.000277633,0.000593065,0.000790576,9.05037e-05,8.04673e-05,8.52915e-05,8.46652e-05,8.23304e-05,8.54518e-05,7.87778e-05,7.82843e-05,-0.000370342,0.000377179,1.80491e-06,-0.000398249,0.000364313,0,0.488156,-0.000823634,-0.000333433,0.000325596,0.000830883,1790250900,0.000374927,0,0.000327582,1,0.000369406,2.88542e-05,0.000414533,1,0.0003884,1.24317e-05,0.00044119,1,0.000438667,6.24935e-05,0.00048983,1,
1790251080,8.319e-05,-1.13446e-05,0.00036674,-1.13446e-05,0.000540338,0.485148,5.29467e-05,5.3408e-05,0.0713717,-0.000768745,-0.000595097,-0.000299565,-0.000149541,-1.005e-05,6.09917e-05,0.000250505,0.000553583,0.000736357,6.45309e-05,5.26555e-05,5.73073e-05,4.92561e-05,5.29133e-05,5.81227e-05,5.23736e-05,5.05176e-05,-0.000339985,0.000337285,0,-0.000330224,0.000314421,0,0.487444,-0.000683366,-0.000279342,0.000265658,0.000690105,1790250900,0.000386394,0,0.000340347,1,-0.000387645,0.000398235,3.73272e-06,1,0.000379402,2.32243e-05,0.000406369,1,0.00039755,3.79183e-05,0.000399466,1,
1790251140,0.000763512,0,0.00166235,-0.000105879,0.000535037,0.485245,0.000244284,0.000259586,0.0633935,-0.000741511,-0.000571501,-0.000293924,-0.000143289,-9.39409e-06,5.85286e-05,0.000236156,0.000515511,0.000687424,0.00022415,0.000240125,0.00023531,0.00025544,0.000249874,0.000232004,0.000247755,0.000252815,-0.000328424,0.000300297,1.05458e-05,-0.000321258,0.000288703,0,0.482577,-0.000674369,-0.000279421,0.000250028,0.000647583,1790250900,0.000357031,0,0.000303379,1,-0.000392332,0.000388552,1.60974e-06,1,-0.000408558,0.00039242,1.14634e-05,1,0.000419165,0,0.000408245,1,
1790251200,-0.000616056,0,0.000154899,-0.000616056,0.000540553,0.492267,0.000171002,0.000166359,0.0711775,-0.00111472,-0.000837708,-0.000433771,-0.000196021,-8.33686e-06,0.000107655,0.000372895,0.00077767,0.00101282,0.00017373,0.000174087,0.000171038,0.000170364,0.000176568,0.000174986,0.000169485,0.000169588,-0.000493495,0.000637806,0.000143408,-0.000526805,0.00067726,0.000112687,0.483969,-0.00103022,-0.000446129,0.000393866,0.00100142,1790251200,0.000350358,0,0.000259834,1,0.000341164,1.37802e-05,0.000320845,1,-0.000391572,0.000396683,3.71105e-06,1,0.000434859,0,0.000405652,1,
1790251260,-0.000828305,-7.18349e-05,-7.18349e-05,-0.000839656,0.000542166,0.483083,0.000247887,0.00024117,0.0613961,-0.000906054,-0.000681355,-0.000345772,-0.000166804,-1.44687e-05,7.32266e-05,0.000289747,0.00062856,0.000828857,0.000239159,0.0002615,0.000246716,0.000240361,0.000259086,0.000247534,0.000255532,0.000247786,-0.000391688,0.00041199,1.78448e-05,-0.000397878,0.000392526,0,0.486124,-0.000832126,-0.00033866,0.000319487,0.000806905,1790251200,0.000592491,0,0.000481171,1,0.000328028,1.7263e-05,0.000323998,1,0.000335742,4.70483e-05,0.000322763,1,0.000415326,0,0.000406555,1,
1790251320,0.000730003,0.00011729,0.00113827,-0.000382235,0.000549352,0.492623,0.000208605,0.000219061,0.0637138,-0.000905697,-0.000677079,-0.000342963,-0.000160643,-4.95268e-06,8.21408e-05,0.0003117,0.000677025,0.00086906,0.000212472,0.000222218,0.000210404,0.000217865,0.000227296,0.00020728,0.000197607,0.000206786,-0.000399066,0.00043279,0,-0.00041782,0.000437968,0,0.492528,-0.00086359,-0.000342515,0.000347783,0.000858374,1790251200,0.000390867,0,0.000300853,1,0.000607658,5.71885e-05,0.000518801,1,0.000353317,6.61134e-08,0.000338279,1,0.000352134,3.07991e-05,0.000344235,1,
1790251380,-0.000294963,3.02477e-05,0.000245736,-0.000294963,0.000553543,0.494491,9.73422e-05,9.19359e-05,0.0654147,-0.00106682,-0.000801164,-0.000409889,-0.00018676,-4.52702e-06,0.000103714,0.00037692,0.000779928,0.000993201,9.19901e-05,8.49311e-05,9.21299e-05,0.000103772,8.68205e-05,0.000100237,0.000100665,9.65011e-05,-0.000477768,0.000530696,8.27154e-05,-0.000506599,0.000537463,3.83752e-05,0.485328,-0.00102225,-0.000421988,0.0003986,0.00102184,1790251200,0.000410029,0,0.000351667,1,0.000381532,1.48465e-05,0.000406721,1,0.000558252,3.33518e-05,0.000583521,1,0.000362413,1.89505e-05,0.000333042,1,
1790251440,-0.000707509,-3.78214e-06,0.00021934,-0.000707509,0.000549565,0.479049,0.000196757,0.000190675,0.0500371,-0.000960323,-0.000730509,-0.000369329,-0.000181128,-1.96731e-05,7.64277e-05,0.000317894,0.000677598,0.00087879,0.000199363,0.000206879,0.000196438,0.00019599,0.000201878,0.000200927,0.000200732,0.000197336,-0.000421994,0.000398814,2.99621e-05,-0.000418662,0.000369976,0,0.477817,-0.000875428,-0.000365134,0.000326289,0.000841993,1790251200,-0.000494133,0.00042966,1.96122e-05,1,0.000405994,0,0.000435282,1,-0.000396537,0.000380486,2.41673e-06,1,-0.000486806,0.000525119,2.5147e-06,1,
1790251500,0.000646993,-2.27091e-05,0.000779367,-2.27091e-05,0.000553166,0.487987,0.000183264,0.000191635,0.0549339,-0.000958344,-0.000712093,-0.000364392,-0.000178781,-1.13467e-05,8.53168e-05,0.00032859,0.000712811,0.000923513,0.000188754,0.000188723,0.000185762,0.000186501,0.000192937,0.000184146,0.000175268,0.000182299,-0.000423277,0.000457984,1.57982e-05,-0.000451461,0.000478319,0,0.49113,-0.00093107,-0.00037364,0.000368923,0.000912968,1790251500,0.000404339,0,0.000315627,1,0.000494633,3.29537e-05,0.000495215,1,-0.000393868,0.000387977,2.26295e-05,1,0.000409951,5.34109e-07,0.000398408,1,
1790251560,-7.18675e-05,4.53873e-05,0.000208008,-0.000457771,0.000555198,0.483501,6.13672e-05,5.91773e-05,0.0560801,-0.000926938,-0.000716284,-0.00037201,-0.000179127,-1.46683e-05,7.64593e-05,0.000315347,0.000682467,0.000874009,6.29552e-05,5.4708e-05,6.44847e-05,6.21877e-05,5.72259e-05,7.28884e-05,6.18644e-05,5.51388e-05,-0.000422992,0.000405807,2.82258e-05,-0.000445637,0.00040875,0,0.482437,-0.000924601,-0.000385474,0.000348816,0.000898191,1790251500,0.000466765,0,0.000364822,1,0.000395858,1.774e-05,0.000410007,1,0.000462753,6.68554e-05,0.000495828,1,0.000396785,3.08241e-05,0.00039917,1,
1790251620,-0.000287522,-0.000102136,0.000113473,-0.000298873,0.000549712,0.477678,8.83956e-05,8.23671e-05,0.0500273,-0.000932089,-0.000719371,-0.000370962,-0.000183044,-2.15224e-05,7.70922e-05,0.000312227,0.000672065,0.000864546,9.06885e-05,8.3673e-05,8.88611e-05,9.09862e-05,8.42199e-05,9.56837e-05,8.83396e-05,8.42914e-05,-0.000420974,0.000393619,2.49983e-05,-0.000440796,0.000410315,0,0.481451,-0.000906016,-0.00037857,0.000346141,0.000882831,1790251500,0.000449158,0,0.000399342,1,0.000434471,9.66684e-06,0.000443025,1,0.000419556,0,0.000397859,1,0.000501348,3.9539e-05,0.000469273,1,
1790251680,0.00189007,4.16201e-05,0.00189007,-0.000155145,0.000545704,0.481325,0.000781071,0.000796539,0.0471257,-0.000828617,-0.000633871,-0.000322307,-0.000161164,-1.61222e-05,7.23925e-05,0.000288314,0.000623599,0.000814203,0.000761234,0.000794039,0.000776513,0.000802651,0.000797947,0.000755545,0.000777782,0.000780655,-0.000373527,0.000357358,0,-0.00038423,0.000358495,0,0.485078,-0.000797331,-0.000329084,0.000308203,0.000785148,1790251500,0.000451704,0,0.000378774,0,0.00042264,1.82771e-05,0.000408594,0,-0.000445504,0.000444429,5.90155e-06,0,0.000430051,0,0.000405999,1,
1790251740,-0.000419288,-3.39898e-05,-3.39898e-05,-0.000634666,0.000602731,0.477378,0.00012202,0.000115451,0.228623,-0.00118851,-0.000924263,-0.000474599,-0.000225114,-2.86267e-05,0.000100327,0.000407959,0.000877396,0.00118288,0.000118787,0.000117343,0.000126786,0.000118128,0.00013175,0.000135839,0.000122969,0.000117019,-0.000541768,0.000565601,7.82467e-05,-0.000592344,0.000582637,4.21998e-05,0.47839,-0.00119456,-0.000506114,0.000452924,0.00121078,1790251500,0.00040972,0,0.000303834,0,0.000431135,1.13458e-05,0.000449145,1,0.000417352,3.63215e-05,0.000428203,1,0.000448965,3.45611e-05,0.000423735,1,
1790251800,0.000777999,2.64468e-05,0.000827075,-0.000109573,0.000599612,0.475924,0.000221916,0.00023059,0.172904,-0.00104167,-0.000813243,-0.000411171,-0.000204275,-2.79658e-05,9.05904e-05,0.000366985,0.000778536,0.0010032,0.000229781,0.000229924,0.000223654,0.000234073,0.000212845,0.000220938,0.000226896,0.000224002,-0.000475667,0.000418541,0,-0.000506532,0.000459794,0,0.479149,-0.00105207,-0.000438258,0.000395315,0.00103738,1790251800,-0.000607346,0.000539597,0,1,0.000401797,0,0.000369903,0,0.000434573,3.49872e-07,0.000429014,0,0.000456002,0,0.000413608,1,
1790251860,-0.000498454,-3.77523e-06,3.39764e-05,-0.000498454,0.000603697,0.485073,0.000140639,0.000134334,0.161735,-0.00108266,-0.000835734,-0.000430379,-0.000183211,-1.70502e-05,9.95858e-05,0.000382488,0.000789843,0.00103923,0.000140614,0.000139375,0.000138587,0.000138034,0.000154438,0.000142936,0.000143872,0.000139541,-0.000494753,0.000472117,0,-0.000534207,0.000524515,0,0.490083,-0.00108665,-0.000452591,0.000423834,0.00109908,1790251800,0.000544704,0,0.000375241,1,0.000607656,4.74028e-05,0.000528244,1,0.000418725,0,0.000388056,0,0.000461904,0,0.000444749,1,
1790251920,0.000298347,3.7771e-06,0.000641902,-3.77711e-06,0.000601772,0.47129,9.77123e-05,0.000102346,0.124876,-0.000984364,-0.000768797,-0.000384372,-0.000193653,-2.9918e-05,7.66974e-05,0.000341422,0.000720704,0.000951485,9.7206e-05,9.54706e-05,0.000107747,8.99488e-05,9.60341e-05,0.000106658,9.53826e-05,9.52422e-05,-0.000444002,0.000372847,0,-0.000486801,0.000428671,0,0.479635,-0.00101802,-0.000419713,0.000384224,0.00101499,1790251800,0.000538042,0,0.000467014,1,0.000497205,2.05069e-05,0.000493282,1,0.000544062,7.36502e-05,0.000576253,1,0.000407218,2.5138e-05,0.000378715,0,
1790251980,-0.000479664,3.39832e-05,3.39832e-05,-0.000604339,0.000597216,0.486978,0.000135617,0.000128988,0.0997406,-0.000998529,-0.000753682,-0.000395387,-0.000179892,-1.32752e-05,9.10544e-05,0.000356374,0.000738925,0.000962824,0.000135951,0.000134047,0.000133237,0.000132752,0.000145176,0.000137434,0.000137274,0.000136217,-0.000457595,0.00041504,0,-0.000513629,0.000476071,0,0.488748,-0.00104989,-0.000436016,0.000407021,0.00104542,1790251800,-0.000541045,0.000438944,0,1,-0.000541939,0.00053657,0,1,-0.000513819,0.000487375,0,1,-0.00061766,0.000593829,0,1,
1790252040,0.000132214,1.13333e-05,0.000347496,-0.000309827,0.000595093,0.474761,6.68817e-05,7.14045e-05,0.0823578,-0.000918831,-0.000719995,-0.000364735,-0.000184485,-2.46104e-05,7.52804e-05,0.000318735,0.000689458,0.000912675,6.91516e-05,6.69907e-05,7.66645e-05,6.09333e-05,7.21791e-05,7.82981e-05,6.53601e-05,6.32394e-05,-0.000419624,0.000374709,0,-0.000448075,0.000418506,0,0.482588,-0.000939465,-0.000383872,0.000359798,0.000945235,1790251800,0.000531303,0,0.000436963,1,0.000484223,0,0.000486617,1,-0.000514519,0.000520415,2.14062e-05,1,-0.000493673,0.00046582,2.96673e-05,1,
1790252100,0.000132196,-9.82144e-05,0.000430518,-0.000158659,0.000589409,0.484939,6.79155e-05,7.17925e-05,0.0749556,-0.000959233,-0.000734133,-0.00038492,-0.000186827,-1.48328e-05,8.60083e-05,0.000331548,0.000706234,0.000923596,6.91487e-05,6.63429e-05,7.30546e-05,7.06432e-05,7.03298e-05,7.36414e-05,6.84537e-05,6.46097e-05,-0.000439754,0.000458467,0,-0.000494852,0.000495652,0,0.490465,-0.000993783,-0.000419873,0.000393698,0.000979255,1790252100,-0.000509979,0.000418822,0,1,-0.000500177,0.00048151,0,1,-0.00048559,0.00046649,0,1,-0.000523362,0.000512234,0,1,
1790252160,9.81918e-05,9.06389e-05,0.000456887,-0.000105756,0.000583784,0.480704,6.20112e-05,6.30075e-05,0.0732644,-0.000888587,-0.000692096,-0.000363326,-0.000176058,-1.79834e-05,7.75489e-05,0.00029625,0.000649373,0.000868485,6.53943e-05,6.21184e-05,6.78057e-05,5.81764e-05,6.67236e-05,6.69009e-05,6.05322e-05,5.96705e-05,-0.000408097,0.000361135,8.90726e-06,-0.000418337,0.000386478,0,0.483013,-0.000877586,-0.000367277,0.000326148,0.000853966,1790252100,-0.00048509,0.00044899,0,1,0.000465006,1.34414e-05,0.000452652,1,-0.000496919,0.000479881,2.51788e-05,1,-0.00046223,0.000455804,2.21217e-05,1,
1790252220,0.000302068,6.41971e-05,0.000600271,-0.000158622,0.000578084,0.483629,9.25847e-05,9.72265e-05,0.0795505,-0.00085673,-0.000661598,-0.000354545,-0.000172519,-1.44354e-05,7.60546e-05,0.000283877,0.000626739,0.00083755,9.73535e-05,9.34105e-05,9.6285e-05,9.21787e-05,9.20062e-05,9.28032e-05,9.09509e-05,9.30132e-05,-0.000396046,0.000368918,0,-0.000400501,0.000378409,0,0.485536,-0.000821084,-0.000346728,0.000315342,0.000819874,1790252100,0.00042946,0,0.000348732,1,-0.000447155,0.000448272,8.57472e-05,1,0.000463046,2.87247e-05,0.000423627,1,-0.000486186,0.000488806,9.64897e-06,1,
1790252280,-0.000438028,-7.17329e-05,2.64266e-05,-0.000502238,0.000573866,0.489615,0.000121165,0.000116166,0.0871293,-0.000893197,-0.000685595,-0.000359973,-0.000173148,-8.87309e-06,8.41894e-05,0.000295408,0.000648172,0.000863245,0.00012469,0.000122383,0.000121529,0.000121155,0.000130577,0.000125082,0.000123115,0.000117047,-0.000405142,0.000405294,1.49484e-05,-0.000412732,0.000407889,0,0.486097,-0.000858243,-0.000358748,0.00032657,0.00085771,1790252100,0.000397413,0,0.000347155,1,0.000421572,5.67989e-05,0.000395255,1,0.000475311,1.39411e-05,0.000503049,1,0.000455896,3.25058e-05,0.000450982,1,
1790252340,-0.000166199,3.0215e-05,5.66524e-05,-0.000336204,0.000571466,0.484212,6.42218e-05,5.86595e-05,0.0819464,-0.000809565,-0.000628317,-0.000319352,-0.000156496,-1.23856e-05,6.83519e-05,0.000274431,0.000598071,0.000796487,7.04391e-05,6.61691e-05,6.69741e-05,6.32074e-05,7.35856e-05,6.74493e-05,6.27577e-05,6.13543e-05,-0.000365177,0.000344932,0,-0.000366348,0.000336373,0,0.484732,-0.000752029,-0.000311284,0.00028728,0.000752805,1790252100,0.000427906,0,0.000364841,1,0.000427298,2.58129e-05,0.000398331,1,0.000446352,4.04747e-05,0.000409705,1,0.000482161,2.73603e-05,0.000464934,1,
1790252400,0.00053627,-5.28873e-05,0.000668405,-5.28873e-05,0.00056621,0.483238,0.00015321,0.000160489,0.0997505,-0.000754495,-0.000588484,-0.000298273,-0.000154283,-1.24122e-05,6.39006e-05,0.000256808,0.000575289,0.000761621,0.000157628,0.000154187,0.000154435,0.000154273,0.000149096,0.000151796,0.000150237,0.000153955,-0.000342435,0.000311335,0,-0.000352649,0.0003103,0,0.486081,-0.000702646,-0.000295142,0.000276708,0.000725702,1790252400,0.000373342,0,0.000297802,1,0.00044112,5.22066e-05,0.000394371,1,0.000433428,2.3608e-05,0.000416872,1,0.000447439,3.91348e-05,0.00041288,1,
1790252460,0.00015101,-3.77554e-06,0.000309546,-0.000268099,0.000565627,0.486172,6.3847e-05,6.64552e-05,0.0801971,-0.000792377,-0.00061303,-0.000316025,-0.000152635,-1.00089e-05,6.67525e-05,0.000273879,0.000583331,0.000776876,7.19789e-05,6.68595e-05,6.73666e-05,6.49755e-05,6.51716e-05,6.34082e-05,6.22229e-05,6.14931e-05,-0.000361754,0.00033329,0,-0.000397599,0.000351528,0,0.484454,-0.00082602,-0.000347689,0.000307559,0.00081263,1790252400,-0.000335741,0.000301579,0,1,0.000389349,0,0.0003759,1,0.000443214,4.87684e-05,0.000414897,1,0.000449462,3.84365e-05,0.000408226,1,
1790252520,0.000645311,3.01993e-05,0.000777341,-3.77497e-06,0.000560349,0.49243,0.000187574,0.000196029,0.0964804,-0.000774055,-0.000600682,-0.000309704,-0.000151144,-4.48073e-06,7.6535e-05,0.000272784,0.00057926,0.000772401,0.000187875,0.000185061,0.000186248,0.000187724,0.000176262,0.00018702,0.000188876,0.000190207,-0.000356539,0.000352274,0,-0.000404205,0.000369072,0,0.485421,-0.000832971,-0.000351431,0.000315771,0.000830777,1790252400,0.000384086,0,0.000342282,1,-0.000381932,0.000355812,0,0,-0.000384143,0.00039561,0,1,0.000451273,4.94166e-05,0.000415212,1,
1790252580,-1.50902e-05,6.79033e-05,0.000101853,-0.000230151,0.000562174,0.493111,5.27793e-05,5.14426e-05,0.0715419,-0.000833311,-0.00065101,-0.000329268,-0.000155685,-4.66896e-06,8.45967e-05,0.000285957,0.000608465,0.000804813,5.96149e-05,5.35741e-05,5.4272e-05,5.06746e-05,6.00081e-05,5.22771e-05,5.16192e-05,5.30556e-05,-0.000376936,0.000373314,0,-0.000423806,0.000401407,0,0.485769,-0.000881312,-0.000372049,0.000328497,0.000878215,1790252400,0.000391802,0,0.000339486,1,0.000385568,4.05701e-05,0.000370634,1,0.000356706,2.72846e-05,0.000351345,1,0.000402376,2.14455e-05,0.00037335,1,
1790252640,0.000871088,-4.14993e-05,0.000942703,-0.000316948,0.000556528,0.492468,0.000284052,0.000296444,0.0759367,-0.000744515,-0.000580964,-0.000290044,-0.000138402,-4.51927e-06,7.51949e-05,0.000268804,0.000569177,0.000756189,0.000265476,0.000276462,0.000280269,0.000303942,0.000254521,0.000283948,0.000290138,0.000277259,-0.000339502,0.000319247,0,-0.000382811,0.000332305,0,0.480572,-0.00078817,-0.000338165,0.000291101,0.000785709,1790252400,0.0004139,1.00379e-05,0.000344278,1,0.000407967,4.57715e-05,0.000382299,0,0.000382339,4.91703e-05,0.000387415,0,0.000390157,2.03423e-05,0.000358179,0,
1790252700,-0.000765462,1.13078e-05,5.27689e-05,-0.00140316,0.00056454,0.487317,0.000212751,0.000208812,0.0542226,-0.000945397,-0.000758379,-0.000374185,-0.000180989,-1.26621e-05,8.94344e-05,0.000324173,0.00068975,0.000904675,0.000216309,0.000224988,0.000221382,0.000214024,0.000237456,0.000225015,0.000222995,0.000205215,-0.000428272,0.000443384,0,-0.000483301,0.000497377,0,0.487023,-0.000992858,-0.000416889,0.000374904,0.000998001,1790252700,-0.000370144,0.000340883,0,1,0.000424204,6.23277e-05,0.000360888,1,-0.000412602,0.000449315,0,1,-0.000423862,0.000430954,0,1,
1790252760,-0.000969923,-0.000339555,-0.000339555,-0.00121161,0.000569254,0.494185,0.000297091,0.000291715,0.0394323,-0.00098571,-0.000759524,-0.000372974,-0.000181261,-6.00962e-06,0.000114012,0.000357507,0.000735611,0.000958801,0.000295088,0.000313685,0.000299571,0.000278569,0.000317512,0.000297169,0.000303607,0.000305242,-0.000441325,0.000503877,1.53407e-05,-0.000514657,0.000568443,0,0.493718,-0.00105493,-0.000424902,0.000411025,0.0010451,1790252700,0.000510775,0,0.000422976,0,0.000405769,2.10029e-06,0.000353294,1,0.000422564,5.0772e-05,0.000399429,1,0.000427702,1.86667e-05,0.00040733,1,
1790252820,-0.000158598,-0.000166151,-3.02073e-05,-0.000419207,0.000579986,0.49849,7.15939e-05,6.83697e-05,0.0428601,-0.000955647,-0.000735305,-0.000372475,-0.000174935,7.14112e-07,0.000109808,0.000349515,0.000729232,0.000940804,6.89508e-05,6.63999e-05,7.28363e-05,7.16613e-05,7.44078e-05,8.06592e-05,7.51978e-05,6.75333e-05,-0.000437542,0.000478309,0,-0.000485303,0.000500833,0,0.49716,-0.000991761,-0.000395659,0.000399189,0.000996198,1790252700,0.00056148,0,0.000419639,1,0.000485661,4.93282e-05,0.000422844,0,0.000397676,1.32249e-05,0.00034705,1,-0.000432123,0.00045419,0,1,
1790252880,0.000222786,2.26584e-05,0.000222786,-0.000241722,0.000574595,0.489988,8.03763e-05,8.31599e-05,0.0425841,-0.000877196,-0.000689876,-0.000353255,-0.000173227,-9.39114e-06,9.07015e-05,0.000323351,0.000686551,0.000880825,8.39753e-05,8.00892e-05,8.48884e-05,8.10702e-05,7.9529e-05,8.70735e-05,7.61285e-05,7.70035e-05,-0.000412014,0.00037321,0,-0.000441624,0.000367056,0,0.486779,-0.000899863,-0.000376371,0.000348946,0.000892883,1790252700,0.000487278,0,0.000414288,1,0.000477263,6.8982e-05,0.000514352,1,0.000450735,0,0.000402625,1,0.000390068,4.30205e-06,0.000386971,1,
1790252940,-0.000366301,-0.000135931,-0.000135931,-0.000498504,0.000569692,0.486775,0.000101941,9.71553e-05,0.04201,-0.000881123,-0.000686476,-0.000351714,-0.000170253,-1.24683e-05,8.40852e-05,0.000303781,0.00065625,0.00085816,0.000104625,0.000102765,0.000102648,0.000101607,0.000108386,0.000107636,0.000100532,0.000100065,-0.000402508,0.000360839,0,-0.000440646,0.000361678,0,0.482745,-0.00090865,-0.000383185,0.000341113,0.000897185,1790252700,-0.000408215,0.000325457,2.33377e-06,1,-0.000448504,0.00043753,3.98092e-05,1,-0.000478199,0.000447812,0,1,-0.000461946,0.000484793,0,1,
1790253000,-7.55401e-06,7.17603e-05,0.000449361,-0.000419334,0.00056634,0.486044,5.59092e-05,5.48518e-05,0.0454756,-0.000879027,-0.000691847,-0.000354884,-0.00016534,-1.40656e-05,8.89831e-05,0.000309833,0.000664975,0.000857378,5.90382e-05,5.42664e-05,5.72512e-05,5.76192e-05,6.03433e-05,5.9884e-05,5.78166e-05,5.25882e-05,-0.000407048,0.000414042,0,-0.000434555,0.00038727,0,0.48302,-0.000894512,-0.000378891,0.000337287,0.000867749,1790253000,-0.000413604,0.000344816,0,1,-0.000406018,0.000398709,3.13925e-05,1,-0.000427489,0.000394873,0,1,-0.000462126,0.000506687,3.56188e-05,1,
1790253060,-0.000903115,-3.77703e-06,-3.77703e-06,-0.00093714,0.000560649,0.492394,0.000282389,0.000277998,0.0513939,-0.000863492,-0.00067347,-0.000334742,-0.000157096,-6.02739e-06,8.81078e-05,0.000291868,0.000631678,0.000826979,0.000268925,0.000283498,0.000280866,0.000271694,0.000279354,0.000279964,0.000302611,0.000286843,-0.000384028,0.000369517,0,-0.000450929,0.000443768,0,0.489808,-0.00092723,-0.000383235,0.000359844,0.00091777,1790253000,-0.000406841,0.000411756,0,1,-0.000399077,0.000434411,2.7454e-06,1,-0.000394507,0.000385432,0,1,0.000422145,4.66564e-05,0.000449882,1,
1790253120,-0.00119533,-7.18308e-05,-7.18308e-05,-0.00121047,0.00056952,0.490035,0.00042936,0.000422924,0.0501103,-0.00086777,-0.000674234,-0.000340582,-0.000162095,-8.55564e-06,8.5021e-05,0.000295233,0.000649743,0.000854033,0.000396142,0.000424959,0.000410421,0.000435039,0.000416742,0.000394444,0.000446952,0.000445055,-0.000390475,0.00037272,0,-0.000430188,0.000430645,0,0.488279,-0.000907842,-0.000361665,0.000349018,0.000885023,1790253000,0.00039857,1.41307e-05,0.000402886,0,0.00037218,3.27046e-05,0.000415204,0,0.000393578,9.91032e-06,0.000346912,0,0.000416262,1.96276e-05,0.000417761,0,
1790253180,-0.000317987,-7.57019e-05,-7.57019e-05,-0.00133698,0.000588594,0.504182,0.000102108,9.61628e-05,0.0742314,-0.00101315,-0.000777934,-0.000377095,-0.000167991,8.42657e-06,0.000112739,0.000356217,0.000776741,0.00101037,9.51031e-05,9.40747e-05,0.000101444,8.94459e-05,9.61626e-05,0.000110489,0.00010541,0.0001094,0.000444193,0,0.000381542,-0.000497752,0.000533936,0,0.493517,-0.00104086,-0.000405971,0.000413419,0.00101952,1790253000,0.000418164,0,0.000347123,0,-0.000432687,0.000474704,0,0,0.000413618,0,0.000337805,0,-0.000418286,0.000422697,0,0,
1790253240,1.89306e-05,-0.000106018,0.000499648,-0.000340812,0.000584411,0.502024,6.75921e-05,6.69985e-05,0.0752742,-0.00106793,-0.000816028,-0.000403956,-0.000186483,5.51262e-06,0.000129823,0.000402669,0.000806481,0.00104904,6.05141e-05,5.8664e-05,6.71863e-05,7.05233e-05,6.43438e-05,7.4785e-05,6.2401e-05,7.3204e-05,0.000484207,0,0.000486597,-0.00054275,0.000577053,6.23e-06,0.491191,-0.00110303,-0.000444967,0.000437754,0.00109323,1790253000,0.000473945,0,0.000421235,1,0.000392194,3.34524e-05,0.000433835,1,-0.000422785,0.000415945,0,0,0.000391395,2.75238e-05,0.000392013,0,
1790253300,-0.000723404,-4.54341e-05,0.000143861,-0.00106067,0.000578543,0.491945,0.000205551,0.000198268,0.0688841,-0.00102266,-0.000775403,-0.000386088,-0.000184078,-8.6924e-06,0.00010747,0.000345153,0.000746933,0.000952414,0.000203318,0.000204636,0.000201249,0.00020072,0.00019796,0.00020526,0.000210027,0.000212616,-0.000446871,0.00040912,2.33612e-05,-0.000495007,0.000465345,1.39096e-05,0.482742,-0.00103457,-0.00042708,0.000387055,0.000984623,1790253300,-0.000478834,0.000432226,6.60788e-05,1,-0.000434434,0.000463063,6.56009e-05,1,-0.000388951,0.000379332,0,0,0.00044544,4.34558e-05,0.000424658,0,
1790253360,0.000579522,2.65214e-05,0.000666611,-0.000310732,0.000581794,0.495033,0.000160248,0.000169783,0.0780507,-0.00110989,-0.000824822,-0.000398665,-0.000189403,-5.24689e-06,0.000122296,0.000393283,0.000799906,0.00103127,0.000170771,0.000166389,0.000167107,0.000168484,0.000173065,0.000165161,0.000156646,0.000147941,-0.000476204,0.000493177,9.00623e-06,-0.000519002,0.000538747,0,0.487421,-0.00108257,-0.000435585,0.000413847,0.00103267,1790253300,-0.000471882,0.000429139,0,1,-0.000478363,0.000540341,4.65794e-05,1,-0.000427234,0.000422653,0,1,0.000395054,5.03e-05,0.000398232,1,
1790253420,2.27195e-05,6.05843e-05,0.000582971,1.13598e-05,0.000581749,0.494466,6.44642e-05,6.37725e-05,0.0496813,-0.00102824,-0.000789872,-0.000402672,-0.000185589,-4.69952e-06,0.000106446,0.000356118,0.000751394,0.000963868,6.06072e-05,5.85402e-05,6.47527e-05,7.04841e-05,6.38308e-05,7.242e-05,6.11268e-05,6.11996e-05,-0.000463402,0.000455141,0,-0.000495234,0.000475222,0,0.483875,-0.00103134,-0.000427284,0.000388531,0.000997178,1790253300,0.000496096,0,0.000420837,1,0.000429023,8.16147e-05,0.000456536,1,0.000450489,4.96414e-05,0.000432729,1,0.00041402,8.5163e-05,0.000438487,1,
1790253480,-0.000299182,0,0.000117376,-0.000314333,0.000575911,0.48884,9.30863e-05,8.70136e-05,0.0477905,-0.000973451,-0.000756624,-0.000377079,-0.000179602,-1.06715e-05,8.87772e-05,0.000323961,0.000682274,0.000882276,9.20927e-05,8.96261e-05,9.21299e-05,9.41611e-05,9.21383e-05,9.95128e-05,8.7802e-05,9.31908e-05,-0.000429846,0.000377186,5.18668e-06,-0.000427394,0.000379415,0,0.477315,-0.000913397,-0.000382563,0.000326491,0.000838769,1790253300,0.000452624,0,0.000445369,1,0.000446081,8.17103e-05,0.000482777,1,0.000444203,6.73845e-05,0.000458692,1,0.000469004,8.99285e-05,0.000482412,1,
1790253540,9.09001e-05,4.16636e-05,0.000193153,-0.000212132,0.000571691,0.487465,5.99369e-05,6.03179e-05,0.05058,-0.000901424,-0.000682683,-0.000344577,-0.000168094,-1.07144e-05,7.82668e-05,0.000300707,0.000645943,0.000832428,6.43085e-05,6.08318e-05,6.31307e-05,5.86846e-05,6.62633e-05,6.78285e-05,5.43773e-05,5.71736e-05,-0.000395685,0.000363722,0,-0.000388425,0.000346099,0,0.479507,-0.000822374,-0.000339833,0.000300333,0.00077694,1790253300,0.000421046,0,0.000327481,1,0.000450102,5.45019e-05,0.000432907,1,0.000459409,5.22691e-05,0.00047356,1,0.000454644,5.51487e-05,0.000439366,1,
1790253600,0.000166629,2.27237e-05,0.00101071,2.27237e-05,0.000566091,0.489325,6.76961e-05,7.12624e-05,0.0555272,-0.000861724,-0.000668116,-0.000335589,-0.000162629,-8.62063e-06,7.96852e-05,0.000289873,0.000631325,0.000809441,7.4745e-05,7.01316e-05,7.06276e-05,6.90182e-05,7.40477e-05,7.11289e-05,6.28417e-05,6.47002e-05,-0.000384261,0.000359881,0,-0.000403176,0.000353043,0,0.481088,-0.000842892,-0.00035393,0.000311534,0.000795696,1790253600,0.000377945,0,0.000296297,1,0.000393446,4.71601e-05,0.000411296,1,0.00042836,7.26146e-05,0.000455199,1,0.000461536,5.50906e-05,0.000461449,1,
1790253660,0.000806243,0.00012874,0.000806243,-6.05891e-05,0.000560897,0.49655,0.000238436,0.000248875,0.0633079,-0.000909673,-0.000709088,-0.000349871,-0.000162691,-1.92499e-06,0.000102771,0.00030824,0.000669017,0.000861681,0.000241024,0.000246656,0.000247799,0.000237127,0.000241939,0.000243291,0.00024218,0.000229025,-0.00040278,0.000418561,5.55634e-05,-0.000430331,0.000451702,0,0.482505,-0.000921731,-0.000378918,0.000337555,0.000855987,1790253600,0.000366461,0,0.000350755,1,0.000381801,0,0.000367918,1,0.000418904,3.55261e-06,0.000425918,1,0.00045647,3.13981e-05,0.000442507,1,
1790253720,0.000128636,5.67532e-05,0.000847179,5.67532e-05,0.000566845,0.4954,6.36744e-05,6.63071e-05,0.0472457,-0.000912609,-0.000707833,-0.000355825,-0.000165584,-2.15981e-06,9.00981e-05,0.000300643,0.000670877,0.000858737,6.83158e-05,6.39289e-05,6.56583e-05,6.5203e-05,6.70614e-05,6.78793e-05,6.49918e-05,5.99587e-05,-0.000404514,0.000414012,1.91561e-05,-0.000429418,0.000419943,0,0.480618,-0.000913895,-0.000381552,0.000332649,0.000877961,1790253600,0.000455913,0,0.0003563,1,0.000383866,0,0.000384415,1,0.000375485,0,0.000370808,1,0.000422034,2.37553e-05,0.000401951,1,
1790253780,-0.000567636,-3.78317e-06,7.56604e-05,-0.000582777,0.000561443,0.495743,0.00016056,0.000155419,0.055478,-0.000911924,-0.000706158,-0.000345337,-0.000157226,-1.96535e-06,9.0254e-05,0.00029687,0.000656229,0.000837078,0.000160279,0.000158582,0.000157826,0.000157425,0.000160308,0.000161382,0.000159908,0.000163943,-0.000394421,0.000401732,2.567e-05,-0.000433416,0.000430336,0,0.483312,-0.000923243,-0.000382359,0.000338579,0.000867793,1790253600,0.000432172,0,0.000365257,1,0.000407426,5.75244e-05,0.000419842,1,0.000370931,1.92573e-05,0.0003814,1,0.000373359,1.68259e-05,0.000367853,1,
1790253840,0.000412514,-1.1356e-05,0.000412514,-0.000113566,0.000561567,0.497699,0.000117147,0.000124535,0.0460742,-0.000843403,-0.000658291,-0.000330561,-0.000153352,7.36154e-07,8.62327e-05,0.000283273,0.000624159,0.000793858,0.000124087,0.000119714,0.000119848,0.00012031,0.000118892,0.000118425,0.000113439,0.000114032,-0.000377264,0.00038091,0,-0.000405278,0.000401777,0,0.485769,-0.000859708,-0.000347202,0.000324075,0.000825295,1790253600,0.00044487,0,0.000333586,1,0.00040989,6.36612e-05,0.000374795,1,0.000415497,2.58033e-05,0.000434877,1,0.000390212,8.17728e-06,0.000387585,1,
1790253900,-0.000143793,7.94556e-05,0.00032535,-0.000321671,0.000558976,0.50644,6.58581e-05,6.21243e-05,0.0486841,-0.000883448,-0.000689954,-0.000346014,-0.000152559,1.06251e-05,9.427e-05,0.000308555,0.000653257,0.000820851,6.66012e-05,6.20984e-05,6.22704e-05,6.69477e-05,6.72482e-05,6.54158e-05,7.19167e-05,6.57786e-05,0.000399058,3.30561e-05,0.000379276,-0.00043842,0.000431944,0,0.487062,-0.000910462,-0.000381886,0.000342408,0.000859137,1790253900,0.00040831,0,0.000314356,1,0.00040878,6.5284e-05,0.000415572,1,0.000393239,6.41758e-05,0.000393258,1,0.000410164,6.64501e-05,0.000397974,1,
1790253960,0.000200548,-3.78437e-05,0.000200548,-0.000560233,0.000553731,0.493446,7.16273e-05,7.38422e-05,0.0534158,-0.000820352,-0.000640769,-0.00031667,-0.000147601,-3.33509e-06,7.59985e-05,0.000268545,0.000591111,0.000762802,8.03505e-05,7.44893e-05,7.38919e-05,7.60746e-05,7.7233e-05,7.22429e-05,6.85644e-05,6.7437e-05,-0.000360145,0.000345257,1.03333e-05,-0.000418564,0.000387539,0,0.481998,-0.000884564,-0.000365129,0.000327716,0.00084151,1790253900,0.000408315,0,0.000381608,1,0.000387313,0,0.000403108,1,0.000433923,1.76621e-06,0.000449393,1,0.000404895,3.1957e-05,0.000405938,1,
1790254020,2.2701e-05,1.13505e-05,0.000139981,-0.000314083,0.000548899,0.498729,5.23535e-05,5.06946e-05,0.0629294,-0.000820618,-0.000632073,-0.000313173,-0.000143499,1.33604e-06,8.90387e-05,0.000274127,0.000615414,0.000798986,6.0686e-05,5.38944e-05,5.19153e-05,5.92912e-05,5.90658e-05,5.12324e-05,5.15695e-05,4.78422e-05,-0.000360249,0.000393579,6.3236e-06,-0.000408034,0.000416731,0,0.489341,-0.000848883,-0.000349474,0.000327769,0.000837068,1790253900,0.000381156,0,0.000345577,1,0.000348367,2.58563e-05,0.00042504,1,0.000377477,0,0.000394786,1,0.000420479,4.27408e-05,0.000421277,1,
1790254080,-1.89174e-05,-3.78346e-06,0.000590044,-0.000121078,0.000543392,0.499794,4.86296e-05,4.68545e-05,0.072201,-0.00075546,-0.000591495,-0.0002964,-0.000134423,3.27922e-06,7.43526e-05,0.000252524,0.000564944,0.000728671,5.96489e-05,5.20629e-05,4.89302e-05,5.08201e-05,5.78332e-05,4.93231e-05,4.76617e-05,4.51109e-05,-0.000337703,0.000343425,2.17437e-07,-0.000379476,0.000355539,0,0.48612,-0.0007863,-0.000327522,0.000300831,0.000775761,1790253900,0.000364287,0,0.000377436,1,0.000383335,2.01285e-05,0.000425988,1,0.000370571,0,0.000353532,1,0.000372826,2.75833e-05,0.000389943,1,
1790254140,-0.000556332,0.000132415,0.000166461,-0.00069641,0.000537937,0.50202,0.000158125,0.000153666,0.0828851,-0.000795596,-0.000609746,-0.00030048,-0.000132893,4.9481e-06,8.31531e-05,0.000260703,0.000578105,0.000755673,0.000157162,0.000155408,0.000154723,0.000154334,0.000157523,0.000156698,0.000162564,0.000162447,0.000344082,3.95418e-05,0.000375144,-0.000372632,0.000396282,0,0.4899,-0.000784627,-0.000319445,0.000301701,0.000766036,1790253900,-0.000339271,0.000327841,0,1,0.000393072,3.95284e-05,0.000389995,1,0.000383311,0,0.000365173,1,0.000361371,3.62417e-05,0.000387097,1,
1790254200,-0.000355912,-9.08592e-05,-1.89283e-05,-0.000556642,0.000538311,0.494831,0.000102119,9.68075e-05,0.0632275,-0.000801589,-0.000623383,-0.000309732,-0.000137857,-2.3928e-06,7.8406e-05,0.000266195,0.000591459,0.000764434,0.000101659,9.96977e-05,9.89646e-05,9.8715e-05,9.96734e-05,0.000101241,0.000108901,0.000103679,-0.000353617,0.000387844,8.9422e-06,-0.000375035,0.000406315,0,0.489514,-0.000794931,-0.000315143,0.000309393,0.000786866,1790254200,0.000374208,9.65762e-07,0.00032354,1,0.000365195,3.45007e-05,0.000371757,1,0.000376034,9.59339e-06,0.000352639,1,0.000402069,1.26522e-05,0.000409167,1,
1790254260,0.000336984,0,0.000953863,0,0.000535273,0.49656,9.52706e-05,0.000102824,0.0665229,-0.000781773,-0.00061339,-0.000309451,-0.000138999,-4.72094e-07,7.86957e-05,0.000267926,0.000595233,0.000759366,0.000103038,9.8412e-05,9.8277e-05,9.92743e-05,9.9462e-05,9.59105e-05,8.90618e-05,9.29011e-05,-0.000354278,0.000387023,2.79933e-06,-0.000368904,0.000384997,0,0.488255,-0.00077225,-0.000311093,0.000302548,0.000770661,1790254200,0.000378342,0,0.000326286,1,0.00037036,5.33884e-05,0.000379165,1,0.000365223,0,0.000329037,1,0.000399328,4.15621e-05,0.000407686,1,
1790254320,0.000121135,-3.78571e-06,0.000317948,-3.78571e-06,0.000532032,0.496123,5.86268e-05,6.07136e-05,0.065773,-0.000833021,-0.000643657,-0.00032237,-0.00014381,-1.13635e-06,8.14856e-05,0.000278946,0.000603191,0.000777078,6.69252e-05,5.89739e-05,5.70249e-05,6.92373e-05,6.25929e-05,5.54435e-05,5.66181e-05,5.48859e-05,-0.000368339,0.000395142,5.67157e-05,-0.000401293,0.000417922,2.53158e-05,0.484916,-0.000850485,-0.000349106,0.00031985,0.000817839,1790254200,-0.000359307,0.000330458,0,1,0.000362901,4.05605e-05,0.000388878,1,0.000384095,0,0.000355603,1,0.000380198,3.82104e-05,0.000389058,1,
1790254380,-0.000518712,-1.51411e-05,8.32718e-05,-0.000799005,0.000526963,0.499648,0.000146689,0.000141776,0.0776054,-0.000750294,-0.000590694,-0.000298525,-0.000129096,2.54966e-06,7.76895e-05,0.000246916,0.000545097,0.000707634,0.000147191,0.000144837,0.000144119,0.000143821,0.000144953,0.000146184,0.00014964,0.000148822,-0.000335791,0.00032652,8.05317e-06,-0.000339378,0.000294474,0,0.481046,-0.000719722,-0.000300029,0.000260966,0.000682961,1790254200,0.000385483,0,0.000358974,1,0.000357302,2.85462e-05,0.000366446,1,0.000359096,5.49917e-06,0.000329214,1,0.000375903,8.77569e-05,0.000375336,1,
1790254440,0.00141541,2.65101e-05,0.00143432,-4.16601e-05,0.0005268,0.499536,0.000548957,0.000563379,0.0660254,-0.000811207,-0.000616358,-0.000314749,-0.000137341,1.65623e-06,9.33711e-05,0.000274572,0.000595248,0.000775009,0.000525389,0.000558635,0.000565866,0.000532934,0.000547349,0.000561497,0.000535111,0.000551138,-0.000360526,0.000417779,1.38872e-05,-0.000403011,0.000435834,0,0.491995,-0.000844495,-0.000336778,0.000333051,0.000836112,1790254200,0.000323849,0,0.000267115,1,0.000371662,7.06953e-05,0.000388718,1,0.000351829,1.65926e-05,0.000311034,1,0.000360311,7.51758e-05,0.000374076,1,
1790254500,0.000347869,1.13455e-05,0.000347869,-6.80756e-05,0.000558601,0.503356,0.000103537,0.000106583,0.0519764,-0.001005,-0.00077004,-0.000394644,-0.000160695,6.85147e-06,0.000111075,0.000336765,0.000739075,0.000962397,0.00010596,0.000101852,0.000108125,0.000106489,0.000101598,0.000114706,0.000102406,9.65597e-05,0.000448034,3.59034e-05,0.000467747,-0.000500188,0.000518668,1.86772e-05,0.482733,-0.00103902,-0.000431349,0.000393009,0.0010424,1790254500,0.000385802,8.35525e-06,0.000349191,0,0.000319977,4.91804e-05,0.000318231,0,0.000380064,1.41163e-05,0.000361777,1,0.000342427,8.53061e-05,0.000359723,1,
1790254560,0.000559362,-8.6956e-05,0.00070671,-8.6956e-05,0.000555171,0.49899,0.000159819,0.000165371,0.0491785,-0.000893674,-0.000695401,-0.000357871,-0.000149128,1.70128e-06,9.14927e-05,0.000299094,0.000645422,0.000842221,0.000164602,0.000160514,0.000161472,0.000160736,0.000155699,0.000160128,0.000166681,0.000156837,-0.00040292,0.000309585,0,-0.000410154,0.000332731,0,0.479922,-0.000865626,-0.000365084,0.000312874,0.000829737,1790254500,0.000472057,0,0.000482158,1,0.000381661,4.67744e-05,0.000409167,0,0.000353337,0,0.000299083,0,0.000397537,7.1271e-05,0.000377839,0,
1790254620,0.000562826,-3.40063e-05,0.000876209,-0.000128474,0.000555255,0.508336,0.000158787,0.000163464,0.0525773,-0.00091863,-0.000705669,-0.000368753,-0.000141218,1.2641e-05,0.000111039,0.000318042,0.00066458,0.000879084,0.000165487,0.000161385,0.000162233,0.000162043,0.000155161,0.000160888,0.000157496,0.000154502,0.000418385,0,0.000332702,-0.000452672,0.000434402,0,0.48979,-0.00094411,-0.000390087,0.000359456,0.000930312,1790254500,0.000365884,0,0.000310712,1,0.000484386,6.90249e-05,0.000445114,1,0.000388491,0,0.000361081,0,0.000346795,3.53976e-05,0.00034288,0,
1790254680,5.28667e-05,-1.13289e-05,7.1747e-05,-0.000472148,0.000555408,0.505701,6.39972e-05,6.22137e-05,0.0579614,-0.000997949,-0.000761653,-0.000391225,-0.000153516,9.5617e-06,0.000117414,0.0003482,0.000724889,0.000929814,6.23943e-05,5.72105e-05,6.45867e-05,6.52034e-05,6.14773e-05,7.19012e-05,5.85984e-05,6.40873e-05,0.000449495,0,0.000420247,-0.000490206,0.000489864,0,0.487069,-0.00101807,-0.000420313,0.000386243,0.00100684,1790254500,0.000407645,3.40287e-05,0.000372362,1,0.000355198,4.87492e-05,0.000385135,1,0.000443701,9.1467e-05,0.000484036,1,0.000391149,5.80661e-05,0.00040545,0,
1790254740,-0.000113289,-2.6433e-05,0.000203888,-0.000120842,0.000549876,0.509912,6.2326e-05,6.13423e-05,0.0565444,-0.000889221,-0.000688036,-0.000353666,-0.000140248,1.51895e-05,0.000106607,0.000322135,0.000647211,0.000843277,6.50394e-05,5.89571e-05,6.40685e-05,6.11245e-05,6.61517e-05,6.99308e-05,5.73659e-05,6.34807e-05,0.000409403,0,0.000328541,-0.000453801,0.00042675,0,0.491808,-0.000920898,-0.00038126,0.000366108,0.000941362,1790254500,0.000475108,0,0.000420905,1,0.000426029,2.94633e-05,0.000422575,1,-0.000380988,0.000392063,8.96177e-06,1,0.000471707,3.90378e-05,0.00047335,1,
1790254800,0.000634254,0.000377581,0.000634254,-3.77653e-06,0.000544585,0.507496,0.00018007,0.000184015,0.0562218,-0.000902473,-0.000707005,-0.000368801,-0.00014371,1.14691e-05,0.000100209,0.000315624,0.000649572,0.000852262,0.000185379,0.000181464,0.000181371,0.000182632,0.000174614,0.000180182,0.000180376,0.000179954,0.000416868,3.9868e-05,0.000429423,-0.000423834,0.000424482,0,0.483846,-0.000854969,-0.000381204,0.000324529,0.000819605,1790254800,-0.000407082,0.000374405,1.3671e-05,1,0.000460929,5.36958e-05,0.000473639,1,-0.00042843,0.00042676,4.79269e-05,1,-0.000402669,0.000366103,2.86317e-05,1,
1790254860,-0.000256674,0.000128312,0.000641396,-0.000256674,0.000546523,0.506389,8.39213e-05,8.15531e-05,0.0596036,-0.00090318,-0.000684618,-0.000347726,-0.000138213,9.70544e-06,9.92207e-05,0.000310866,0.000657456,0.000866792,8.55164e-05,8.02154e-05,8.29754e-05,8.0954e-05,8.97232e-05,8.84258e-05,8.20372e-05,8.52963e-05,0.000400607,0,0.000374847,-0.000419149,0.00038983,0,0.487185,-0.00085988,-0.000362476,0.000335035,0.000881905,1790254800,0.000453064,0,0.000351736,1,-0.000435553,0.000425338,4.6715e-05,1,-0.000463951,0.000480084,3.77835e-05,1,-0.000440002,0.000429003,2.51384e-05,1,
1790254920,0.000656651,-2.6426e-05,0.000656651,-0.000184997,0.000542246,0.50228,0.000185787,0.00018936,0.0549574,-0.000900236,-0.000688468,-0.0003402,-0.000139631,4.80799e-06,9.98014e-05,0.000318381,0.000662527,0.000853344,0.000191266,0.000190422,0.000187482,0.000188731,0.000180315,0.000186235,0.000189075,0.000182674,0.000398599,0,0.000408228,-0.000418819,0.000415826,6.96746e-06,0.489826,-0.000879096,-0.000359125,0.000339318,0.000870675,1790254800,-0.000400396,0.000360928,2.09191e-05,1,0.000486234,0,0.000454598,1,-0.000419012,0.000417286,5.13971e-05,1,-0.000460607,0.000473042,3.91466e-05,1,
1790254980,0.000486549,3.77261e-06,0.00072408,-3.77269e-05,0.00054477,0.50732,0.000139557,0.000142286,0.0557681,-0.000906093,-0.00070023,-0.000345734,-0.000145343,1.13069e-05,0.000107942,0.00031538,0.000672868,0.00087947,0.000143411,0.000139982,0.000140383,0.000140864,0.000130363,0.000139301,0.000138088,0.00013968,0.000401797,5.75413e-06,0.000390528,-0.000422291,0.000419598,0,0.490476,-0.00087835,-0.000364956,0.000339911,0.000892262,1790254800,0.000438074,0,0.000362179,1,-0.000430944,0.000444893,0,1,0.000470407,0,0.000438596,1,-0.000432919,0.000421264,6.83206e-05,1,
1790255040,0.000565457,3.01658e-05,0.00091588,3.01658e-05,0.000543667,0.503032,0.000162684,0.00016455,0.0603694,-0.000940126,-0.000718861,-0.000352333,-0.000154742,6.2791e-06,0.000104436,0.000327422,0.000662402,0.000871278,0.000165008,0.000161816,0.000162247,0.000162816,0.000150286,0.000161137,0.000165333,0.000163341,0.000411709,0,0.000412253,-0.000428047,0.000401474,1.64413e-05,0.486197,-0.000898344,-0.000375709,0.000337732,0.000894632,1790254800,0.000426914,0,0.00040202,1,0.000416359,5.13555e-05,0.000458135,0,0.000401977,1.32906e-06,0.000381954,1,-0.000385507,0.000399253,5.50171e-05,0,
1790255100,-0.000282689,0,5.65282e-05,-0.000554145,0.000544111,0.503441,8.95862e-05,8.81776e-05,0.0653055,-0.000959692,-0.000741492,-0.000357955,-0.000156822,6.63127e-06,0.000114715,0.000351646,0.000697339,0.000903774,9.07457e-05,8.44253e-05,8.70722e-05,8.87142e-05,9.74288e-05,9.19515e-05,9.02211e-05,9.02983e-05,0.000426761,4.50261e-06,0.000402489,-0.000447483,0.000444237,0,0.491946,-0.000929887,-0.000385107,0.00035957,0.000948726,1790255100,-0.000449077,0.000432902,0,1,0.000432533,5.29712e-05,0.000402386,1,-0.000438154,0.000399275,0,1,0.000428032,2.01768e-05,0.000453239,1,
1790255160,-1.5079e-05,-5.65473e-05,0.00085536,-5.65473e-05,0.000540124,0.506217,5.53265e-05,5.45764e-05,0.052547,-0.000870021,-0.000667605,-0.000324207,-0.000141372,9.58042e-06,0.000107116,0.000321282,0.000651226,0.000854118,5.95093e-05,5.22975e-05,5.49976e-05,5.57459e-05,6.0666e-05,5.72852e-05,5.44529e-05,5.48146e-05,0.000387796,0,0.000354051,-0.000409069,0.000389002,0,0.493708,-0.000838028,-0.00034458,0.000335754,0.000873557,1790255100,-0.000513533,0.000482055,0,1,0.000423634,7.92907e-05,0.000418472,1,0.000422585,1.29054e-05,0.000383127,1,-0.000436547,0.000480222,1.69479e-05,1,
1790255220,0.000324148,-2.26189e-05,0.000376906,-2.63888e-05,0.0005347,0.508724,9.48094e-05,9.44707e-05,0.0540968,-0.000872147,-0.000666296,-0.000323291,-0.000133624,1.25675e-05,0.000113646,0.000335118,0.000667396,0.000869154,0.000100239,9.46082e-05,9.47531e-05,0.000102062,9.05659e-05,9.32164e-05,9.54044e-05,9.14724e-05,0.000396573,6.35777e-07,0.000393794,-0.000434181,0.000440864,5.48851e-06,0.498967,-0.000887933,-0.000362345,0.000358121,0.000905445,1790255100,-0.000447621,0.000401224,0,1,-0.000461117,0.000531704,0,1,-0.000444259,0.000434341,0,1,-0.000424009,0.000470822,2.0111e-05,1,
1790255280,0.00016957,1.88426e-05,0.00016957,-0.000384466,0.000531307,0.504422,6.69538e-05,6.60742e-05,0.0566324,-0.000800804,-0.000625256,-0.000304424,-0.000125182,6.83142e-06,9.04745e-05,0.000285484,0.000586885,0.000784159,7.42144e-05,6.74084e-05,6.76917e-05,6.54273e-05,6.36346e-05,6.61861e-05,6.79616e-05,6.7164e-05,0.000356833,0,0.000328691,-0.000356181,0.00029697,0,0.490213,-0.000737158,-0.000307062,0.000282199,0.000751814,1790255100,-0.00047757,0.00043938,0,1,-0.000425088,0.000443955,1.99351e-05,1,-0.000472688,0.000507574,9.26223e-06,1,-0.000433,0.000466742,2.53015e-05,1,
1790255340,-4.14479e-05,3.7679e-06,0.000414384,-8.66657e-05,0.000526514,0.505753,5.43704e-05,5.34285e-05,0.0629348,-0.000815206,-0.000638864,-0.000316151,-0.000137804,8.83684e-06,9.91379e-05,0.00029971,0.000614839,0.000816833,6.07315e-05,5.19244e-05,5.12213e-05,5.58608e-05,6.06964e-05,5.14173e-05,5.54777e-05,5.50957e-05,0.000372251,0,0.000359086,-0.000379097,0.000354501,0,0.492259,-0.000768579,-0.000323213,0.000306377,0.000805875,1790255100,-0.000399696,0.000329209,0,1,-0.000437382,0.000466112,4.91067e-05,1,-0.000425023,0.000442162,1.66944e-05,1,-0.000443278,0.000494056,4.22969e-05,1,
1790255400,0.000380502,5.65194e-05,0.000516092,-0.000105511,0.000521255,0.509094,0.000109447,0.000110617,0.0710864,-0.000767285,-0.000597511,-0.000294146,-0.000123583,1.21547e-05,9.2026e-05,0.00027909,0.000565145,0.000746148,0.000113144,0.000109822,0.000109675,0.000110732,9.49928e-05,0.00010796,0.000111528,0.000109329,0.000346226,0,0.000344829,-0.000334933,0.000305288,0,0.491511,-0.000685227,-0.000287995,0.000265223,0.00069118,1790255400,-0.000407943,0.000350704,0,1,-0.000353468,0.000389382,9.30872e-06,1,-0.000451466,0.000456214,7.29759e-05,1,-0.000421873,0.000451859,4.3707e-05,1,
1790255460,-0.000403111,0,0.000188314,-0.000403111,0.000518814,0.509591,0.000113139,0.000113485,0.0725355,-0.000804662,-0.000638892,-0.000307817,-0.000123085,1.28372e-05,9.59099e-05,0.000288573,0.000582028,0.000781046,0.000116554,0.00011329,0.000112765,0.000112192,0.000132666,0.000114227,0.000112023,0.000111845,0.00036046,0,0.000346908,-0.000350214,0.000327687,0,0.4907,-0.000719887,-0.000303469,0.000277331,0.000735335,1790255400,0.000373466,0,0.000301002,1,-0.00039609,0.000434807,0,1,-0.00036942,0.000413441,1.62286e-06,1,-0.00044857,0.000507313,2.02583e-05,1,
1790255520,0.000290106,0.000154482,0.000523636,0.000154482,0.000516754,0.510125,8.41978e-05,8.45371e-05,0.0667812,-0.000749552,-0.000577546,-0.000278165,-0.000112466,1.24375e-05,8.93756e-05,0.000276355,0.000559557,0.000739298,9.41748e-05,8.57828e-05,8.48088e-05,8.52521e-05,8.0564e-05,8.36893e-05,8.56272e-05,8.23288e-05,0.000332996,0,0.000322515,-0.000351936,0.000326328,0,0.48908,-0.000733933,-0.000302385,0.000281182,0.000738702,1790255400,-0.000392967,0.000342486,0,1,-0.000366355,0.000395531,0,1,-0.00039019,0.000446995,3.27848e-06,1,-0.00037142,0.00039473,2.32047e-05,1,
1790255580,0.000689134,-3.76707e-06,0.000764421,-4.52057e-05,0.000513203,0.515774,0.000207771,0.000210885,0.0706179,-0.000747748,-0.000580903,-0.000281033,-0.000111419,2.04822e-05,9.73735e-05,0.000271082,0.000543012,0.000727528,0.000198899,0.000207442,0.000209296,0.000212987,0.000178016,0.000206654,0.000208163,0.000208183,0.000332653,0,0.00030677,-0.000335043,0.000289521,0,0.488037,-0.000691091,-0.000293432,0.000260427,0.000692207,1790255400,-0.000412588,0.000358036,0,1,0.000376468,3.54626e-05,0.000357677,1,-0.000387359,0.000353859,0,1,-0.000408018,0.000441149,1.98914e-05,1,
1790255640,7.5289e-06,0,7.5289e-06,-0.000207067,0.000517308,0.504909,5.19645e-05,4.94264e-05,0.0521213,-0.000822572,-0.000651447,-0.000318096,-0.000138637,8.01645e-06,8.96357e-05,0.000285552,0.00057581,0.000770376,5.9268e-05,4.93677e-05,5.06882e-05,4.93271e-05,5.71952e-05,5.00069e-05,5.20078e-05,5.51345e-05,0.000366795,0,0.000353214,-0.000391714,0.000347086,1.05691e-05,0.486764,-0.000818042,-0.000344621,0.000305605,0.000822054,1790255400,-0.000372753,0.000328732,0,1,-0.000374272,0.000393267,9.07731e-06,1,-0.000373051,0.000374381,0,1,-0.000400767,0.000438104,0,1,
1790255700,0.000112927,-3.76444e-06,0.000173149,-0.00038028,0.00051211,0.512197,5.68187e-05,5.50377e-05,0.0560922,-0.000794652,-0.000628044,-0.000307162,-0.000112024,1.52767e-05,9.46941e-05,0.000285477,0.000573337,0.000751275,6.50621e-05,5.57939e-05,5.57583e-05,5.46327e-05,5.40087e-05,5.43842e-05,5.72344e-05,6.1211e-05,0.000358081,6.85064e-06,0.000279919,-0.000373065,0.000319937,0,0.490767,-0.000744676,-0.000323663,0.000292284,0.000759466,1790255700,-0.000440002,0.000380553,0,1,-0.000365875,0.000376636,0,1,-0.000384957,0.000351235,0,1,-0.000392831,0.000426035,0,1,
1790255760,3.76394e-05,3.01116e-05,0.000259683,-0.000534633,0.000507215,0.517231,4.91114e-05,4.62654e-05,0.0608604,-0.000755866,-0.000589267,-0.000281974,-0.000104584,2.13499e-05,9.77934e-05,0.000276268,0.000544089,0.000732071,6.07091e-05,4.95963e-05,4.86547e-05,4.95656e-05,5.31406e-05,4.9216e-05,4.80566e-05,4.87074e-05,0.00033564,0,0.000281407,-0.000373885,0.000342116,0,0.495808,-0.000758386,-0.000317138,0.000301415,0.000784854,1790255700,-0.000404251,0.000345756,0,1,0.000399091,5.92756e-05,0.000382593,1,0.00037596,0,0.000323227,1,-0.000384367,0.000415187,0,1,
1790255820,0.000624607,3.01105e-05,0.000624607,-4.14034e-05,0.000502145,0.519447,0.000178292,0.000180094,0.0644278,-0.000764833,-0.000604962,-0.000292136,-0.000105866,2.50736e-05,0.000109824,0.000291547,0.000578285,0.000762992,0.000180841,0.000184164,0.000186443,0.000178706,0.000151395,0.000182449,0.000176011,0.000178329,0.000350285,1.59877e-05,0.000339906,-0.00039465,0.000396472,5.88373e-06,0.496465,-0.000803461,-0.000331854,0.000320694,0.000832142,1790255700,-0.000390114,0.00034785,0,1,-0.00035951,0.000363728,4.39651e-05,1,-0.000399058,0.000400063,0,1,-0.000370945,0.000402341,0,1,
1790255880,0.00072571,-4.13776e-05,0.00109025,-4.13776e-05,0.000504886,0.514946,0.000222793,0.000223359,0.0479835,-0.000780111,-0.000607501,-0.000294317,-0.000116003,2.00289e-05,9.30313e-05,0.000281959,0.000566788,0.000758482,0.000208817,0.000222772,0.000221919,0.000223892,0.000178807,0.000219872,0.000223887,0.000228594,0.000347471,0,0.000306667,-0.000374049,0.000333567,0,0.490243,-0.000777077,-0.000325806,0.000293666,0.000788704,1790255700,-0.000445502,0.000370263,0,0,-0.000401907,0.000406845,0,1,0.000392662,8.81283e-06,0.000370835,1,-0.000421412,0.000427316,0,1,
1790255940,0.00175382,0.000105241,0.00178759,-5.63835e-05,0.000510239,0.513681,0.000708528,0.000712887,0.0408652,-0.0009002,-0.000687582,-0.000330057,-0.000138552,2.16361e-05,0.000114234,0.000328559,0.000651897,0.000858322,0.000693295,0.000730428,0.000720769,0.000703414,0.000668475,0.000717884,0.00071463,0.000699363,0.0003954,0,0.000391084,-0.000415678,0.000397357,2.18942e-05,0.490175,-0.000865438,-0.000360662,0.000327035,0.00087611,1790255700,-0.000417281,0.000355118,0,0,-0.000420926,0.000452146,8.79167e-06,0,-0.000387168,0.000407788,1.92201e-05,0,-0.000369794,0.000377416,4.10922e-05,0,
1790256000,6.37854e-05,3.00172e-05,0.000491418,-0.000450366,0.000562721,0.503704,8.13574e-05,7.78372e-05,0.144476,-0.00120313,-0.000937708,-0.000470133,-0.000202407,8.45192e-06,0.000147066,0.000438022,0.00089373,0.0012548,6.18112e-05,5.97005e-05,7.86419e-05,7.16641e-05,6.63537e-05,9.23878e-05,7.91194e-05,9.35829e-05,0.000549899,0,0.000519303,-0.000553759,0.00054097,3.33441e-05,0.486773,-0.00112402,-0.000473352,0.000427039,0.00116693,1790256000,-0.000481659,0.000444343,0,0,-0.000385064,0.000420279,0,0,-0.000405883,0.000448047,1.73403e-05,0,-0.000406357,0.000414362,1.15999e-05,0,
1790256060,-0.00106988,5.25261e-05,0.000307614,-0.00127273,0.000557138,0.510907,0.00031923,0.000323966,0.104979,-0.00110229,-0.000854211,-0.000427585,-0.000180186,2.17855e-05,0.000147399,0.000415858,0.000842177,0.00111094,0.000341245,0.000362042,0.000322306,0.000324564,0.000413056,0.00031258,0.000333474,0.000299488,0.000507935,0,0.000416683,-0.000521168,0.000493885,0,0.496696,-0.00104851,-0.000434365,0.000414109,0.00107591,1790256000,-0.000618313,0.000586543,0,1,0.000435422,7.88144e-05,0.000406905,1,-0.000374459,0.000418134,4.59938e-06,1,-0.00040699,0.000457026,2.62839e-05,0,
1790256120,-0.000138981,-0.000202844,0.000510683,-0.000371911,0.000571916,0.521336,8.0402e-05,8.01987e-05,0.159828,-0.00111555,-0.000848445,-0.000423225,-0.000145341,3.87994e-05,0.000172201,0.000458128,0.000880507,0.00113741,6.65959e-05,6.48052e-05,8.23779e-05,8.20722e-05,8.19422e-05,9.04248e-05,7.77228e-05,8.1047e-05,0.000532914,1.34066e-05,0.000453542,0.00056053,7.15819e-05,0.00048333,0.509667,-0.00112216,-0.000440147,0.000466997,0.00115968,1790256000,-0.000548249,0.000533863,0,1,0.000597511,8.38219e-05,0.000510512,1,-0.000432648,0.000475664,1.08457e-05,1,-0.000383431,0.000394887,9.91757e-06,1,
1790256180,-0.00057491,-7.13761e-05,-6.01059e-05,-0.000759102,0.000566509,0.517714,0.00016192,0.00016523,0.119288,-0.00103727,-0.00080263,-0.00040823,-0.000135437,2.8669e-05,0.000139593,0.000411042,0.000800117,0.00104327,0.000164192,0.000161424,0.000161002,0.000160199,0.000177387,0.000164048,0.00015785,0.00016262,0.000491875,0,0.000462757,0.000523493,0,0.000507683,0.500525,-0.00105243,-0.00042768,0.000426525,0.00107364,1790256000,0.000605224,0,0.000500074,1,-0.000511905,0.000568059,4.11836e-05,1,-0.000536414,0.000601704,3.77638e-05,1,-0.0004346,0.000461014,5.9008e-06,1,
1790256240,1.50345e-05,6.76537e-05,0.0001804,-0.00019547,0.000566678,0.50875,6.39506e-05,6.04184e-05,0.114322,-0.000984716,-0.000748655,-0.000385074,-0.000146254,1.38075e-05,0.000116138,0.000372109,0.000761784,0.000972391,5.92656e-05,5.7499e-05,7.04738e-05,6.42623e-05,6.34322e-05,7.57219e-05,6.33387e-05,5.89647e-05,0.000456177,0,0.000457335,-0.000483582,0.000421143,0,0.490258,-0.000996246,-0.000405368,0.000390437,0.00101298,1790256000,-0.000528978,0.000442079,0,1,-0.000519079,0.000534019,0.000112562,1,-0.000519621,0.000496501,6.08388e-05,1,-0.00054067,0.00055142,3.46881e-05,1,
1790256300,0.000435903,-9.02106e-05,0.000556119,-0.000364651,0.000560987,0.512343,0.000127577,0.000125876,0.092596,-0.000931451,-0.000712613,-0.000354806,-0.000130038,1.7995e-05,0.00010681,0.000344437,0.000706265,0.000907147,0.000128245,0.000125675,0.000126606,0.000126233,0.000113326,0.000125397,0.000133513,0.000128763,0.000420999,0,0.000411987,-0.000410447,0.000335816,0,0.48871,-0.000837185,-0.000353526,0.000325513,0.000856409,1790256300,-0.000507636,0.000400328,0,1,-0.000478728,0.000482189,0.000104924,1,-0.000509321,0.000498646,0.000115782,1,-0.00050165,0.000499557,8.56034e-05,1,
1790256360,-0.000180351,4.50826e-05,0.000281733,-0.000236717,0.00055876,0.512151,7.39811e-05,7.52848e-05,0.0770232,-0.000982893,-0.000756099,-0.000385635,-0.000140661,1.91459e-05,0.000115929,0.000365305,0.000750224,0.000959555,7.31142e-05,6.99887e-05,7.59335e-05,7.5773e-05,8.18928e-05,8.08903e-05,6.93676e-05,7.19659e-05,0.000453274,0,0.000482006,-0.000458735,0.000407823,2.21552e-05,0.489912,-0.000952873,-0.000397062,0.000363058,0.000956507,1790256300,-0.000395472,0.000355675,1.86938e-07,1,-0.000442806,0.000457037,8.65701e-05,1,-0.000467811,0.000486413,0.000115843,1,-0.000471438,0.000534249,0.000113174,1,
1790256420,0.000244217,4.50907e-05,0.000777531,0,0.000553732,0.513669,8.40702e-05,8.11046e-05,0.0730529,-0.00088942,-0.000682552,-0.000338563,-0.000128711,2.00292e-05,0.000105772,0.000325597,0.000647154,0.000842551,8.61476e-05,8.26977e-05,8.75037e-05,8.21624e-05,7.79055e-05,8.81535e-05,8.68654e-05,8.18192e-05,0.000400131,0,0.000380511,-0.000375636,0.000319785,0,0.489512,-0.000777628,-0.000322875,0.00029669,0.000786807,1790256300,-0.000463737,0.000434527,0,1,-0.000413951,0.000429317,0,1,-0.0004323,0.000470084,4.19137e-05,1,-0.000464331,0.000516592,5.95281e-05,1,
1790256480,-0.000221672,-3.75674e-06,0.000236646,-0.000338163,0.000549253,0.5167,7.72057e-05,7.82798e-05,0.0684625,-0.000904322,-0.000687547,-0.000350122,-0.000129609,2.55431e-05,0.000115529,0.000324149,0.000656427,0.000852235,7.99423e-05,7.58845e-05,7.8973e-05,7.79457e-05,8.69058e-05,8.13726e-05,7.33463e-05,7.53564e-05,0.000407714,0,0.000402735,-0.000403102,0.000369055,0,0.495297,-0.000835708,-0.000345172,0.000325128,0.00084501,1790256300,-0.000397553,0.00037928,0,1,-0.000434265,0.000526639,6.92669e-06,1,-0.000406826,0.000457117,9.79017e-06,1,-0.000431877,0.000461283,5.67924e-05,1,
1790256540,-0.000691631,1.87876e-05,1.87876e-05,-0.000706671,0.000544636,0.515398,0.00019723,0.000200643,0.0740744,-0.000844871,-0.000646222,-0.000316288,-0.000120647,2.15621e-05,0.000103021,0.000312287,0.000632503,0.000814562,0.000196321,0.000197449,0.000194702,0.000195916,0.000207507,0.00019681,0.000193295,0.000200229,0.000377725,0,0.000377751,-0.000363911,0.000326452,0,0.49117,-0.000755522,-0.000310214,0.000290228,0.000763138,1790256300,-0.000418342,0.0004111,0,1,-0.000386675,0.000425035,8.63004e-06,1,-0.000435219,0.000520811,2.51662e-05,1,-0.000419373,0.000452383,5.32353e-06,1,
1790256600,0.00114995,0.000105279,0.00121004,-0.000274529,0.000547963,0.518861,0.000402957,0.000408662,0.0685209,-0.000880021,-0.00067165,-0.000323371,-0.000117053,2.67002e-05,0.000114869,0.00033236,0.000667655,0.000845482,0.000392928,0.000410869,0.000399312,0.000406232,0.000385778,0.000388154,0.000388442,0.00041518,0.000394685,4.23065e-05,0.000357721,-0.000422964,0.000426227,0,0.496327,-0.000876135,-0.000355592,0.000346921,0.000874909,1790256600,-0.000399297,0.000354323,0,1,-0.000407263,0.000460259,1.19027e-05,1,-0.000394816,0.000421702,1.58776e-05,1,-0.000459983,0.000494146,5.41229e-06,1,
1790256660,0.00222474,6.00916e-05,0.00255821,-0.000251673,0.000566308,0.513969,0.000914813,0.000918746,0.0384878,-0.00102092,-0.000794944,-0.00038774,-0.000154814,2.47703e-05,0.000132222,0.000383198,0.000774474,0.00100617,0.000928168,0.000939462,0.000910289,0.000913592,0.000907232,0.0008811,0.000915367,0.000924303,0.000463254,3.16706e-05,0.000502875,-0.000499284,0.000480334,3.63464e-05,0.490426,-0.00103404,-0.000428275,0.00039846,0.00106143,1790256600,-0.000479699,0.000431548,0,0,-0.000374597,0.000411594,2.20405e-05,0,-0.00040987,0.000449613,5.30152e-05,0,-0.000401762,0.00043808,6.0344e-06,0,
1790256720,0.00101131,5.24635e-05,0.00360607,5.24635e-05,0.000642869,0.502554,0.000296734,0.000293506,0.283091,-0.00153923,-0.0011884,-0.000603271,-0.000255062,7.94371e-06,0.000179952,0.000557717,0.00113645,0.00162424,0.000320182,0.000307863,0.000288355,0.00028885,0.000246398,0.000292426,0.000310139,0.00030892,0.00070339,1.66444e-05,0.000807751,-0.000680901,0.000654122,0.000157976,0.481918,-0.00139237,-0.000586102,0.000520404,0.00142392,1790256600,-0.000515285,0.000468502,1.23284e-05,0,-0.000371896,0.000399921,0.000112325,0,-0.000374373,0.000412587,2.09674e-05,0,-0.000423136,0.000475764,3.87133e-06,0,
1790256780,-0.000307031,6.3641e-05,0.00110004,-0.00067784,0.00065228,0.505787,0.000125385,0.000127603,0.303404,-0.00168771,-0.00126261,-0.00064736,-0.000262826,1.59836e-05,0.000233886,0.000640062,0.00125585,0.00171888,9.45543e-05,0.000100747,0.000119698,0.000147872,0.000150767,0.00013726,0.000119592,0.000124149,0.000773466,2.20148e-05,0.000831378,-0.000738568,0.000808928,0.000130563,0.496395,-0.00148332,-0.000604553,0.000579433,0.00151062,1790256600,-0.000711463,0.000706772,0,1,-0.000495337,0.000580746,0,0,-0.000396849,0.00043596,3.49378e-05,0,-0.000376395,0.000431418,1.93718e-05,0,
1790256840,6.74051e-05,-9.7371e-05,0.000898362,-0.000711776,0.000647183,0.512488,9.97559e-05,9.57577e-05,0.244526,-0.00148127,-0.00111824,-0.000554293,-0.000214034,3.01723e-05,0.000226977,0.000595912,0.00115466,0.0015579,6.23937e-05,7.16872e-05,9.37185e-05,0.000121172,9.04514e-05,9.82675e-05,9.37097e-05,0.000105472,0.000695343,2.1773e-05,0.000657412,0.000659358,4.02387e-05,0.000618024,0.507101,-0.00133297,-0.000529318,0.000546728,0.00137639,1790256600,-0.000778451,0.000902998,0,1,0.000666138,0.000186321,0.000632118,1,-0.000443589,0.000563255,6.31535e-05,0,-0.000371488,0.000447187,3.99628e-05,0,
1790256900,-0.00196785,-8.23847e-05,3.7446e-06,-0.00225304,0.000640749,0.516711,0.000717465,0.000725951,0.195344,-0.00137485,-0.00103247,-0.000518526,-0.000198925,3.93982e-05,0.000205357,0.000558781,0.00108284,0.00143966,0.000791113,0.000775257,0.000722695,0.000607736,0.000811255,0.00072764,0.00072596,0.000737247,0.000650854,1.7582e-05,0.000648784,0.000644183,1.0495e-05,0.000629587,0.505758,-0.0012988,-0.000517403,0.000535112,0.00134527,1790256900,-0.000666313,0.000716919,0,0,0.000697628,0.000226185,0.000740274,1,-0.00059728,0.000729102,9.27333e-05,1,-0.00046861,0.000532017,2.70918e-05,1,
1790256960,0.000300113,0.000127559,0.000832593,-0.000450339,0.000692674,0.515031,0.000125009,0.000121392,0.425278,-0.00163833,-0.00121777,-0.000579232,-0.000215304,3.75973e-05,0.000233906,0.000644326,0.00124631,0.00162324,9.54842e-05,0.000106754,0.000127607,0.000141441,0.000117408,0.00014395,0.000123555,0.000112524,0.000742628,0.000128625,0.00087505,0.000702691,5.26078e-05,0.000708866,0.506402,-0.00144688,-0.000553352,0.000597988,0.00145682,1790256900,-0.000600493,0.000581197,8.40898e-05,1,-0.000608531,0.000689921,0.000123728,1,-0.000693411,0.00073141,0.000162463,1,-0.000624206,0.000662202,5.84112e-05,1,
1790257020,0.000854829,7.87648e-05,0.000854829,-0.000337634,0.000687024,0.515373,0.000243501,0.000239974,0.362424,-0.00147947,-0.00111539,-0.000553135,-0.000210482,3.77367e-05,0.000207071,0.000576029,0.0011541,0.0014886,0.000257241,0.000243348,0.000245019,0.000247133,0.000216241,0.000247445,0.000249292,0.000238664,0.00068035,9.43463e-06,0.000797288,-0.000625492,0.000593179,2.82296e-05,0.49894,-0.00128238,-0.000515828,0.000528239,0.00133222,1790256900,-0.000681266,0.000638651,0,1,-0.000585957,0.000619019,0.000179326,1,-0.000604565,0.000597985,0.000185548,1,-0.00065123,0.000741617,0.000125568,1,
1790257080,0.000902776,0.000119918,0.00168876,-0.000134924,0.00069078,0.509969,0.000263625,0.000258989,0.329359,-0.00138688,-0.00107113,-0.000528136,-0.000213383,2.33207e-05,0.000167203,0.000513175,0.00106349,0.00141269,0.00027584,0.000258241,0.000258096,0.000258845,0.000220775,0.000259367,0.000278977,0.000270515,0.000627231,0,0.000828344,-0.000602582,0.00051092,0.000103293,0.486618,-0.001272,-0.000522941,0.000487115,0.00128839,1790256900,-0.000544466,0.000533328,0.000190716,1,-0.000550515,0.000637175,0.000333661,1,-0.000545414,0.000569047,0.000225146,1,-0.000550901,0.000636973,0.000171481,1,
1790257140,0.000179709,3.7442e-05,0.00169472,-0.000396971,0.000695653,0.510077,0.000104952,0.000100191,0.293722,-0.00148797,-0.0011342,-0.000564809,-0.000235089,2.60333e-05,0.000196503,0.000546208,0.00111129,0.00151085,7.53208e-05,8.66915e-05,0.00010283,0.000116388,9.90452e-05,0.000103793,0.000109043,0.000108233,0.000669546,1.59397e-05,0.000803285,-0.000651384,0.000612581,8.5483e-05,0.492997,-0.00135827,-0.000555845,0.000530895,0.00138391,1790256900,-0.000550931,0.000545096,7.50657e-05,1,-0.000572328,0.000628086,0.000136804,1,-0.000558357,0.000607514,0.000219101,1,-0.000524816,0.000605947,0.000175812,1,
1790257200,-0.00169729,8.98422e-05,0.000452872,-0.00191481,0.000689131,0.516462,0.000564599,0.000574415,0.222298,-0.00145433,-0.00110091,-0.000531014,-0.000209059,4.06542e-05,0.000206964,0.000559202,0.00110318,0.00149681,0.000652478,0.000620753,0.000577399,0.000502763,0.000639147,0.000590506,0.000559452,0.000576362,0.000658122,9.88324e-06,0.000756841,0.000673065,7.57508e-06,0.00076374,0.500558,-0.00138895,-0.000559418,0.000556382,0.00141288,1790257200,-0.00058509,0.000696449,4.98659e-05,1,-0.000527335,0.000686538,9.86897e-05,1,-0.000527185,0.00064109,0.000187445,1,-0.000522548,0.000634198,0.000219051,1,
1790257260,-0.00156871,-0.000123756,-4.12503e-05,-0.0016889,0.0007232,0.520858,0.00049114,0.000498878,0.181897,-0.00154752,-0.00114678,-0.000547822,-0.000196976,5.11496e-05,0.00022971,0.000604832,0.00117446,0.00151778,0.000587376,0.00054169,0.000479765,0.00045501,0.000511721,0.000472541,0.000495747,0.000549671,0.000699453,0.000129457,0.000788996,0.000674364,7.98296e-05,0.000675181,0.507101,-0.00140651,-0.000539039,0.000585128,0.00142733,1790257200,-0.000603052,0.000739817,5.14263e-05,0,-0.000593407,0.000768072,7.80885e-05,0,-0.000518377,0.000674019,9.46244e-05,1,-0.000540788,0.000659382,0.000113963,1,
1790257320,0.000138956,3.75577e-05,0.000773404,-0.000169027,0.000749517,0.521499,0.000104588,9.98242e-05,0.0868569,-0.00154761,-0.00116122,-0.000561645,-0.000206899,5.5841e-05,0.000222624,0.000604616,0.00122515,0.00154936,6.85749e-05,8.87793e-05,0.000113043,0.000109287,0.000116104,0.000134016,0.000100572,8.96873e-05,0.000705472,7.70875e-05,0.000779098,0.000678514,3.28895e-05,0.000654909,0.501321,-0.00141826,-0.000546209,0.000588967,0.00144463,1790257200,-0.000640478,0.000682546,6.17424e-06,1,-0.000602244,0.000775835,0.000133251,0,-0.000590511,0.000688153,0.000153248,1,-0.000540797,0.000608632,0.00010284,1,
1790257380,0.00113346,-3.75533e-06,0.00163598,-7.88648e-05,0.000742244,0.515366,0.000327436,0.000325011,0.0375605,-0.00143982,-0.00108655,-0.000539713,-0.000210074,3.76013e-05,0.000176247,0.000532401,0.00109828,0.00141352,0.000383174,0.000340182,0.000322788,0.000323581,0.000309941,0.000325122,0.000351202,0.000335343,0.000644426,0,0.000799022,-0.000640566,0.000552562,7.17622e-05,0.489278,-0.00134169,-0.000547183,0.000528062,0.00133471,1790257200,-0.00062545,0.000602671,7.26537e-05,1,-0.000557049,0.000668846,0.000265436,1,-0.000618218,0.000682197,0.000197643,1,-0.000597467,0.000677245,0.000108347,1,
1790257440,-0.000551559,-0.000112538,0.00025504,-0.000626624,0.000752065,0.510523,0.000156225,0.00015981,0.0259606,-0.00152893,-0.00116463,-0.000571661,-0.000223446,2.59237e-05,0.00018055,0.000547827,0.00113669,0.00146778,0.000158081,0.000155977,0.000163374,0.00016776,0.000183286,0.000173285,0.000144067,0.000144817,0.000675365,1.73123e-06,0.000893723,-0.000683761,0.000603452,0.000140715,0.484938,-0.00144959,-0.000598161,0.000548994,0.00143489,1790257200,-0.000548089,0.000526282,0.000141401,1,-0.000563976,0.000623622,0.000243388,1,-0.000566043,0.000629969,0.00021743,1,-0.000606405,0.000714822,0.000134027,1,
1790257500,-0.000581905,0,0.00059657,-0.000916184,0.000748582,0.517531,0.00016381,0.00016994,0.0308412,-0.00143207,-0.00110341,-0.000526176,-0.000198423,4.15423e-05,0.00018799,0.000540119,0.00107313,0.00136263,0.000166291,0.000164384,0.000165168,0.0001686,0.000183285,0.000169563,0.000158945,0.000163744,0.000641803,5.15499e-05,0.000754287,-0.000676321,0.00063373,6.61663e-06,0.4904,-0.00141157,-0.000582873,0.000549543,0.00137255,1790257500,-0.000599772,0.000655537,8.42064e-05,1,-0.00054122,0.000628886,0.000175388,1,-0.000545593,0.000646723,0.000190772,1,-0.000538213,0.000677747,0.000194946,1,
1790257560,0.000664471,0.000330413,0.00114097,-0.000356819,0.000745613,0.518127,0.00019078,0.000187011,0.0369555,-0.00137347,-0.00103268,-0.000500569,-0.000191078,4.16454e-05,0.000182991,0.00052144,0.00103636,0.00132936,0.000191543,0.000191163,0.000191893,0.000193253,0.000181668,0.000190742,0.000190671,0.00018927,0.000615991,7.47725e-05,0.000706087,-0.000661552,0.000685297,3.41765e-06,0.497436,-0.00138818,-0.000551928,0.000560441,0.00139606,1790257500,-0.000652666,0.000734701,0,1,-0.000581718,0.000774074,0.000113308,1,-0.00054289,0.0006514,0.000164119,1,-0.000521892,0.000674213,0.00017085,1,
1790257620,0.000581519,7.50562e-06,0.000986506,-0.00045044,0.000744077,0.517173,0.000170803,0.000165867,0.0338167,-0.00138374,-0.0010487,-0.000513646,-0.00019903,4.06502e-05,0.000175227,0.000514107,0.00102425,0.00131088,0.000168233,0.00016784,0.000168336,0.000175288,0.000163199,0.000166757,0.00017987,0.000172649,0.000616714,3.48757e-05,0.00076527,-0.00063146,0.000606222,6.58962e-05,0.489189,-0.00132635,-0.000544498,0.000519698,0.00132814,1790257500,-0.000639981,0.000667711,1.8591e-05,1,-0.000518744,0.000657406,0.000223136,1,-0.000586396,0.000734037,0.000145622,1,-0.000557858,0.000664948,9.61754e-05,1,
1790257680,-0.0011446,-9.37705e-05,8.62611e-05,-0.00155022,0.000741176,0.515861,0.000326175,0.000331783,0.0391678,-0.00138763,-0.0010738,-0.000519639,-0.000205122,3.8109e-05,0.000180881,0.000529559,0.00101325,0.00129327,0.000376214,0.000339548,0.000332932,0.000319215,0.00034254,0.00034399,0.000312701,0.00033008,0.000630874,6.31883e-06,0.000757991,-0.000629094,0.000591024,6.3809e-05,0.486754,-0.00133829,-0.000550723,0.000509594,0.00131224,1790257500,-0.000616689,0.000560241,8.82182e-05,1,-0.000596859,0.000701415,0.000132531,1,-0.00061709,0.000669092,0.000104657,1,-0.000624509,0.000697408,8.35801e-05,1,
1790257740,-0.000732481,0.000120151,0.000120151,-0.000788848,0.00075137,0.519166,0.000205916,0.000211585,0.0277775,-0.00138094,-0.00106311,-0.00051168,-0.000192766,4.49915e-05,0.000188976,0.000532174,0.00101424,0.0012914,0.000208393,0.000206238,0.000205457,0.000204541,0.000217132,0.000208176,0.000207954,0.000203715,0.000629175,8.53678e-05,0.000722244,-0.000627685,0.000635485,0,0.494233,-0.00133164,-0.000528914,0.000528407,0.00130721,1790257500,-0.00063006,0.000598938,3.58408e-06,1,-0.000589894,0.000678172,0.000131739,1,-0.000596659,0.000682596,0.000153579,1,-0.000565572,0.000659886,0.000118834,1,
1790257800,0.0006724,4.13337e-05,0.000890176,-0.000499898,0.000750997,0.522657,0.000190704,0.000186424,0.0329248,-0.00126069,-0.000975977,-0.000469306,-0.000174994,5.03844e-05,0.00017908,0.000507791,0.001006,0.00123477,0.000193563,0.000193295,0.000193489,0.000193983,0.00018789,0.000191152,0.00018921,0.000186702,0.000591177,3.59227e-05,0.000622058,-0.000573983,0.000544695,0,0.488106,-0.00122785,-0.000487123,0.000481836,0.00123189,1790257800,0.000621681,1.08812e-05,0.000596077,1,0.000574319,0.000126368,0.000692933,1,-0.000552762,0.000659423,0.000166513,1,-0.000570373,0.000710155,0.000135077,1,
1790257860,-0.000330509,-2.25312e-05,0.000337908,-0.00048829,0.000749506,0.518225,0.000114167,0.000117457,0.0321939,-0.00132074,-0.00101674,-0.0005045,-0.000196282,4.30765e-05,0.000171167,0.000519686,0.00101178,0.00128355,9.87601e-05,0.000112349,0.000115144,0.000125623,0.000133731,0.000113115,0.000110764,0.000105772,0.000616245,3.42036e-05,0.000763256,-0.000630306,0.000585816,8.01704e-05,0.48945,-0.00133131,-0.000542564,0.000519531,0.00133206,1790257800,-0.000600369,0.000541304,0,1,-0.000560016,0.000653801,0.000176293,1,-0.00056993,0.00065607,0.00013086,1,-0.000585812,0.000677668,0.000108179,1,
1790257920,0.000157757,-6.76176e-05,0.000522004,-0.000345649,0.000743443,0.515575,8.57947e-05,8.19974e-05,0.0448222,-0.00122081,-0.000963799,-0.00045702,-0.000184858,3.35538e-05,0.000155727,0.000469644,0.000912494,0.0011455,7.15163e-05,8.7244e-05,8.82659e-05,9.49518e-05,0.00010478,8.32705e-05,8.81511e-05,7.98761e-05,0.000557778,0,0.000670775,-0.000570136,0.000493175,1.87904e-05,0.485138,-0.00121732,-0.000497374,0.000463151,0.00118731,1790257800,-0.000626721,0.000550653,8.36298e-05,1,-0.000564608,0.000582638,8.93975e-05,1,-0.000572414,0.000620927,0.000149746,1,-0.000583292,0.000650601,0.000117656,1,
1790257980,-0.000766479,1.50231e-05,1.50231e-05,-0.000886765,0.00073631,0.519851,0.000214472,0.00021988,0.0676539,-0.00117738,-0.000914568,-0.000442374,-0.000174758,4.25547e-05,0.000165007,0.000461671,0.000897627,0.00113139,0.000220602,0.000215519,0.000214651,0.000213895,0.00022395,0.000217168,0.000212612,0.000213207,0.00054507,1.58784e-05,0.000620454,-0.000571266,0.00051374,0,0.490271,-0.00120746,-0.000494321,0.000469742,0.00118845,1790257800,-0.000569837,0.000548854,0,1,-0.000576564,0.000677301,0.000142171,1,-0.000536388,0.000611363,8.24207e-05,1,-0.000577331,0.000657665,0.000129787,1,
1790258040,0.000999313,0.000255558,0.0011082,0.000255558,0.000736925,0.51888,0.0002962,0.000293735,0.05951,-0.00114882,-0.00088555,-0.00041481,-0.000168887,3.86202e-05,0.000154729,0.000443195,0.000868338,0.00109633,0.000315925,0.000290597,0.000293228,0.000297704,0.000281239,0.000293494,0.000297452,0.000300435,0.000518892,1.86692e-05,0.000587393,-0.000535153,0.000485969,0,0.484949,-0.00114801,-0.000459609,0.000440872,0.00113107,1790257800,-0.000547047,0.000553855,3.28099e-05,1,-0.00052911,0.000612049,0.000122832,1,-0.000551599,0.000678844,0.000151265,1,-0.000506386,0.000616576,0.000116685,1,
1790258100,0.00141461,0.000135169,0.00180075,7.50959e-05,0.000743081,0.520427,0.000478668,0.000480708,0.0361817,-0.00119266,-0.000923794,-0.000436713,-0.000173608,4.38037e-05,0.000164519,0.000462943,0.000912285,0.00113804,0.000522077,0.000469361,0.000471632,0.000492461,0.000413698,0.000470872,0.000481277,0.000480887,0.000543573,8.004e-06,0.000609368,-0.000554113,0.000488293,0,0.484775,-0.0011872,-0.000488795,0.000444937,0.00115813,1790258100,-0.000573429,0.000515194,0,0,-0.000545648,0.000620738,8.05824e-05,1,-0.00055443,0.00060101,9.30048e-05,1,-0.0005868,0.000673065,0.000109973,1,
1790258160,-6.74956e-05,8.62378e-05,0.000581024,-0.000735198,0.000762331,0.514825,8.6628e-05,8.90421e-05,0.0215301,-0.0013739,-0.00105631,-0.000510778,-0.000201711,3.45785e-05,0.000180208,0.000519022,0.00100156,0.00131286,6.24961e-05,8.39063e-05,8.95348e-05,9.16284e-05,0.00010555,8.60834e-05,8.68255e-05,8.1724e-05,0.000619036,2.18743e-05,0.000766879,-0.000659284,0.00061152,0.000108271,0.482824,-0.00141334,-0.000586405,0.000525234,0.00138609,1790258100,-0.000568927,0.000515563,0,1,-0.000526884,0.000567655,0.000107997,0,-0.000557627,0.000617573,0.000107802,1,-0.000557404,0.000617599,8.99217e-05,1,
1790258220,0.000509854,-8.6251e-05,0.000622287,-0.00017626,0.00075473,0.519212,0.000148044,0.00014227,0.0308224,-0.00129791,-0.00101202,-0.00049056,-0.000181583,4.24631e-05,0.000186752,0.000514264,0.000976925,0.00122604,0.000148132,0.000147831,0.000147815,0.000156148,0.000146075,0.000145724,0.000153722,0.000147436,0.000606144,0,0.000619622,-0.000649508,0.000639609,2.26521e-05,0.49392,-0.00135593,-0.000553434,0.000537834,0.00136022,1790258100,-0.000689817,0.000673393,0,1,-0.000533602,0.000599931,4.5709e-05,1,-0.000523508,0.000577037,7.06363e-05,0,-0.000565869,0.000632493,8.29852e-05,1,
1790258280,0.000363487,-7.1214e-05,0.00038222,-0.000547354,0.000750616,0.524078,0.000118396,0.000113067,0.037548,-0.00119939,-0.000931484,-0.000447888,-0.000162723,5.06545e-05,0.000173439,0.000485012,0.000922396,0.00116177,0.000107385,0.000120776,0.000120127,0.000120126,0.000118831,0.000116267,0.000117696,0.000117699,0.000564559,0,0.000531948,-0.000581734,0.000525035,0,0.493186,-0.00122188,-0.000498636,0.000479158,0.00122705,1790258100,0.000645094,2.32234e-05,0.000631762,1,0.00062317,0.000160765,0.000690327,1,0.000524099,8.67025e-05,0.000604646,1,-0.000521172,0.000590279,9.32869e-05,0,
1790258340,5.9944e-05,1.12398e-05,0.000198551,-0.000153623,0.000744847,0.520826,8.03026e-05,7.57424e-05,0.0527304,-0.00120004,-0.000937048,-0.00044847,-0.000173619,4.48857e-05,0.000176215,0.000478127,0.000913145,0.00115097,6.19615e-05,8.10428e-05,7.79214e-05,8.789e-05,9.36371e-05,7.52441e-05,7.84413e-05,7.85634e-05,0.00056016,0,0.000578195,-0.000596064,0.000533885,0,0.491527,-0.00124283,-0.000510313,0.000489629,0.0012534,1790258100,0.000578054,0,0.000559929,1,-0.000622358,0.000716155,0.000123336,1,-0.000620947,0.00072198,0.000109731,1,-0.000529028,0.000587596,7.88318e-05,1,
1790258400,-0.000340979,0,0.00066289,-0.000592104,0.00073741,0.523432,0.000112525,0.000117334,0.0858458,-0.00123633,-0.000985641,-0.000485784,-0.000176178,5.30134e-05,0.000177215,0.000477538,0.000935294,0.00116229,0.000100783,0.000112067,0.000107515,0.000121816,0.00013598,0.000107106,0.000109786,0.00011003,0.000578948,5.80022e-05,0.000645544,-0.000591281,0.000528321,0,0.488823,-0.00118402,-0.000528499,0.000464741,0.00115945,1790258400,-0.000600789,0.000522325,1.9243e-05,1,-0.000545994,0.000602991,7.35839e-05,1,-0.000631095,0.000658449,0.000141454,1,-0.000645569,0.000693824,8.46093e-05,1,
1790258460,-0.000802322,0,0.000179872,-0.00100113,0.00073159,0.52679,0.000226664,0.000233939,0.110636,-0.00115784,-0.000886683,-0.000415269,-0.000153052,5.49369e-05,0.000167227,0.000462593,0.000895946,0.00113535,0.000234298,0.000225421,0.00022446,0.000223893,0.00024525,0.000228548,0.000225581,0.000230582,0.000533236,5.30048e-05,0.000616832,-0.00052378,0.000528777,3.77729e-05,0.497114,-0.00109157,-0.00043958,0.000442803,0.00110047,1790258400,-0.000637351,0.000543634,0,1,-0.000558894,0.000603659,0.000140225,1,-0.000549914,0.000600817,0.000108248,1,-0.00063559,0.000691548,0.000130767,1,
1790258520,0.000798574,-3.37566e-05,0.00182117,-0.000217563,0.000733071,0.523467,0.00022701,0.000221333,0.0725355,-0.00113577,-0.000870246,-0.000411255,-0.000157508,4.7397e-05,0.00016187,0.000451856,0.000896744,0.00111932,0.000235315,0.000227732,0.0002271,0.000228604,0.00021374,0.000226151,0.000222042,0.000229882,0.000523364,7.81607e-05,0.00060189,-0.000541723,0.000531026,2.82461e-06,0.495811,-0.00113375,-0.000451076,0.000460851,0.00114575,1790258400,-0.000575509,0.000550102,0,1,-0.000660041,0.000651602,4.50219e-05,1,-0.00054455,0.000593641,0.000133872,1,-0.000544513,0.000591612,0.00011687,1,
1790258580,0.000123666,-0.000127429,0.000123666,-0.00077607,0.000734439,0.524675,8.81073e-05,8.3464e-05,0.0522312,-0.00130328,-0.000992345,-0.000482943,-0.00017366,5.59251e-05,0.000185349,0.000509258,0.000984082,0.00125691,6.5578e-05,8.26316e-05,7.69328e-05,0.000110892,9.33974e-05,7.97163e-05,8.97733e-05,8.18897e-05,0.000598835,7.14216e-05,0.000747837,-0.000614635,0.000615933,0.000114643,0.493468,-0.00128746,-0.000527409,0.000509334,0.00128606,1790258400,-0.000593805,0.000533042,0,1,-0.000533273,0.000618654,0.000111444,1,-0.000626211,0.000628602,0.000104767,1,-0.000573434,0.000594082,0.000132254,1,
1790258640,-0.00030357,-6.37047e-05,0.000224808,-0.000374792,0.000727267,0.526178,0.000104109,0.000108384,0.0757756,-0.00116637,-0.000910929,-0.000438911,-0.00015764,5.48678e-05,0.00016264,0.000463082,0.00089745,0.00115077,9.41754e-05,0.000104379,9.82274e-05,0.000112342,0.000126216,0.000101746,0.000102026,0.000101473,0.000544417,2.08663e-05,0.000635603,-0.000554336,0.000504089,5.14245e-05,0.491517,-0.00115193,-0.000476512,0.000456121,0.00116469,1790258400,-0.00065392,0.000611704,3.61862e-05,1,-0.000537153,0.00058532,0.000135602,1,-0.000539952,0.000614296,0.000116166,1,-0.000526125,0.000543416,0.000161326,1,
1790258700,-0.000464904,-3.74842e-05,8.99564e-05,-0.000719942,0.000721237,0.528894,0.000133002,0.00013971,0.1036,-0.0010884,-0.000836262,-0.000391718,-0.000142074,5.65595e-05,0.000154698,0.000433348,0.000840839,0.00107076,0.000133969,0.000131563,0.000130558,0.000133803,0.000149544,0.000133496,0.00013472,0.00013387,0.00050077,4.80251e-05,0.000544426,-0.000504913,0.000447413,0,0.491943,-0.00104795,-0.000430339,0.000415041,0.0010551,1790258700,-0.00057878,0.00052525,5.40581e-06,1,0.000608702,0.00010763,0.000716041,1,-0.000531414,0.000599065,0.000111055,1,0.000555106,0.000128933,0.000621839,1,
1790258760,0.00151389,-4.50021e-05,0.00189201,-0.000150015,0.000717009,0.525779,0.00054419,0.000545943,0.125515,-0.0010773,-0.00082367,-0.000391759,-0.000149115,5.07955e-05,0.000149138,0.000433581,0.000835539,0.00105346,0.000572814,0.000534079,0.000568509,0.000518331,0.000478995,0.000557051,0.00052691,0.000561106,0.00050037,6.71971e-05,0.000568039,-0.000524441,0.000481022,0,0.493646,-0.00108736,-0.000441185,0.000438792,0.00110579,1790258700,-0.000530166,0.000522326,0,1,0.000547276,0.00010418,0.000630853,1,-0.000590811,0.000696722,0.0001614,1,0.000545303,0.000102202,0.000629365,1,
1790258820,0.000452972,3.36992e-05,0.000655059,-0.000198474,0.000741389,0.521253,0.000139937,0.000134731,0.0292234,-0.00136526,-0.00101722,-0.000493125,-0.000187295,4.97494e-05,0.000177621,0.000521776,0.00100897,0.00130088,0.000131689,0.00013419,0.000134183,0.000151607,0.00012944,0.000135363,0.000146495,0.000136697,0.000612503,8.8638e-05,0.000747611,-0.000650686,0.000628696,0.000102432,0.491181,-0.00135404,-0.000561352,0.000528615,0.00137248,1790258700,-0.000555604,0.000502096,0,0,-0.000521517,0.000562841,4.33201e-05,1,-0.000549943,0.000658096,5.46961e-05,1,0.000639018,0.000107967,0.000678591,1,
1790258880,-0.000527864,0,7.48517e-05,-0.00105601,0.000736728,0.522941,0.000146856,0.000154232,0.0325,-0.00119652,-0.000928743,-0.000448111,-0.000169367,4.95445e-05,0.000164541,0.000460014,0.000900908,0.00115494,0.000152047,0.000149188,0.000148369,0.00014774,0.000173926,0.00015062,0.000140468,0.000143017,0.000546578,0,0.000605347,-0.000579293,0.0005016,3.69438e-05,0.488875,-0.00121579,-0.000507931,0.000465154,0.00120881,1790258700,-0.000694462,0.00064149,1.74703e-05,1,-0.000533779,0.000563906,8.44657e-05,1,-0.000539861,0.000577418,4.78598e-05,1,0.000578742,6.31894e-05,0.000659166,1,
1790258940,-0.000670526,0,3.74469e-06,-0.000670526,0.000733134,0.529995,0.000191972,0.000198155,0.0349323,-0.00117348,-0.000916724,-0.000436129,-0.000152579,6.41185e-05,0.000179547,0.000479986,0.00092817,0.00117365,0.000191654,0.000188796,0.000187942,0.000187446,0.000209915,0.000190212,0.000197549,0.000193791,0.000555739,8.00381e-05,0.000554357,-0.000607592,0.00061499,0,0.499917,-0.0012513,-0.000505293,0.000514139,0.00129432,1790258700,-0.000616131,0.000588473,0,1,0.000646979,0.000106237,0.000711893,1,-0.000526218,0.000586915,7.33971e-05,1,0.000530637,7.82201e-05,0.000577806,1,
1790259000,7.4944e-06,-4.49676e-05,0.000438328,-0.000843479,0.000731934,0.529734,6.74013e-05,6.88476e-05,0.0363929,-0.00107114,-0.000820888,-0.000391938,-0.000140999,5.84258e-05,0.00014986,0.000425022,0.000842115,0.00107444,5.84505e-05,7.53282e-05,7.14707e-05,6.60143e-05,9.11361e-05,7.54533e-05,6.38961e-05,6.14392e-05,0.000494512,1.04585e-05,0.000465226,-0.000539505,0.000479347,0,0.491445,-0.00112452,-0.000453443,0.000450066,0.00115672,1790259000,0.000647393,0,0.000602454,1,0.000561605,0.000113883,0.000623581,1,-0.000604582,0.000723219,0.000142798,1,0.000542175,7.41775e-05,0.000600264,1,
1790259060,-0.0014362,-3.74719e-06,0.000112409,-0.00152627,0.000724578,0.524704,0.000491259,0.000498988,0.0510142,-0.00116029,-0.000893533,-0.00043704,-0.000159945,5.15254e-05,0.00016315,0.000468995,0.000916614,0.00116503,0.000529431,0.000488059,0.000509578,0.00043915,0.000482382,0.000497536,0.00049453,0.000516725,0.00054741,3.79038e-05,0.00063245,-0.00063364,0.000616063,5.84357e-05,0.497299,-0.00129427,-0.000529294,0.000525553,0.00130926,1790259000,-0.000551669,0.000517018,0,1,-0.000622031,0.00067861,6.23471e-05,1,-0.000588629,0.000652166,4.39895e-05,1,-0.000654339,0.00072722,4.74639e-05,1,
1790259120,-0.000277729,3.00201e-05,0.000648984,-0.000277729,0.000745498,0.524069,0.000103692,0.000106244,0.0284382,-0.00122271,-0.000927337,-0.000457513,-0.00016854,5.24789e-05,0.000173288,0.000482389,0.000954509,0.00121746,9.01395e-05,0.000101566,0.000102744,0.000103877,0.000117858,0.00010591,0.000109118,9.98848e-05,0.000567021,0.000112338,0.000692608,-0.00062789,0.00063995,3.35298e-05,0.496101,-0.00132136,-0.000521246,0.000530498,0.00130637,1790259000,-0.000608084,0.000551151,0.000103946,1,-0.000556325,0.000542736,6.68101e-05,1,-0.000608491,0.000666771,7.69543e-05,1,-0.000591551,0.000628508,7.62355e-05,1,
1790259180,0.00104671,-7.13212e-05,0.00109545,-7.13212e-05,0.00073905,0.520311,0.000305413,0.000303245,0.038141,-0.00116168,-0.000886705,-0.000437214,-0.000168005,4.2067e-05,0.000159328,0.000470457,0.000941449,0.00118483,0.000336573,0.000311186,0.000311912,0.0003098,0.000288193,0.000307546,0.000305817,0.000296658,0.000548231,2.12529e-05,0.000634714,-0.000586404,0.000538483,5.41929e-06,0.491514,-0.00122573,-0.000499956,0.000485876,0.00120924,1790259000,0.000652563,0,0.000599595,1,-0.000615738,0.000659778,0.000140371,1,-0.000535445,0.000572605,5.40769e-05,1,-0.000589784,0.000680958,0.000108767,1,
1790259240,-0.000221256,-0.000104997,0.000476097,-0.000330027,0.000746447,0.51547,8.89794e-05,9.15422e-05,0.0246359,-0.00119856,-0.000918075,-0.000453993,-0.000175501,3.15726e-05,0.000142615,0.000447331,0.000898948,0.00115006,8.07132e-05,9.21208e-05,9.28702e-05,8.73935e-05,0.000110678,9.53665e-05,8.78047e-05,8.33858e-05,0.000541742,1.59356e-05,0.000681306,-0.000614374,0.000535422,6.49152e-05,0.483434,-0.00130139,-0.00054368,0.000486611,0.00126597,1790259000,-0.000564044,0.000564728,2.93387e-05,1,-0.000582517,0.000670584,0.000160306,1,-0.000587737,0.000663339,0.000134902,1,-0.00051756,0.000586924,7.76476e-05,1,
1790259300,-0.000671568,0,0.000311244,-0.000671568,0.000739607,0.518671,0.000187387,0.000191225,0.0332672,-0.0012388,-0.000959562,-0.000482161,-0.000179847,4.06078e-05,0.000157954,0.000475118,0.000933676,0.00116211,0.000191997,0.000188995,0.000188118,0.000187731,0.000200785,0.000190458,0.000187058,0.000183361,0.000575236,5.80288e-05,0.000668546,-0.000641419,0.000601655,2.3303e-05,0.489265,-0.00132319,-0.000559315,0.000509496,0.00125001,1790259300,-0.000603055,0.000581391,0,1,-0.000583557,0.000622664,6.7385e-05,1,-0.000601395,0.000671923,8.49661e-05,1,0.000617525,7.55099e-05,0.000700284,1,
1790259360,0.00156005,3.75303e-06,0.00156005,-3.00247e-05,0.000738307,0.518582,0.000558908,0.000562189,0.0367786,-0.00113301,-0.000860072,-0.000430047,-0.000165739,3.7152e-05,0.000149588,0.000443944,0.000876105,0.0011023,0.000593465,0.000550166,0.000558731,0.000565565,0.000498651,0.000548844,0.000540914,0.000574505,0.000525956,3.72962e-05,0.000555578,-0.000591527,0.000559057,0,0.491759,-0.00123633,-0.000502983,0.000487949,0.00121922,1790259300,0.000679393,0,0.000575007,1,0.000576485,0.000124613,0.00061024,1,-0.000592715,0.000646675,8.10198e-05,1,-0.00059408,0.000698981,8.01072e-05,1,
1790259420,0.000610605,-0.000157394,0.000925127,-0.000513496,0.00076346,0.517198,0.000176785,0.000172951,0.0193799,-0.00125723,-0.000953202,-0.000470708,-0.000190592,3.89517e-05,0.000162495,0.000480446,0.000942405,0.00122039,0.000174728,0.000175789,0.000176154,0.000175497,0.000160097,0.000174366,0.000184294,0.000177577,0.000571893,4.78888e-05,0.000647987,-0.000662613,0.000633334,4.29947e-05,0.487857,-0.00138526,-0.000576745,0.00053121,0.00138591,1790259300,0.000612954,0,0.000535313,0,0.000541875,9.43974e-05,0.000725916,1,0.000580133,0.000122087,0.000618643,1,0.000592172,9.86917e-05,0.000606647,1,
1790259480,0.000378163,5.24272e-05,0.000655142,-0.000104863,0.000760704,0.514615,0.000125873,0.000122331,0.0224678,-0.00130444,-0.00100213,-0.000496183,-0.000201097,3.39012e-05,0.000167498,0.000495141,0.000958903,0.00123178,0.000109889,0.000123079,0.000126107,0.000125542,0.000119303,0.000122293,0.000131362,0.000127479,0.000594934,0,0.000667834,-0.000682193,0.000656878,6.94403e-05,0.487436,-0.00142551,-0.000593639,0.000541171,0.00139576,1790259300,-0.000706986,0.00063568,0,1,-0.000585381,0.000613161,5.12303e-05,0,0.000645118,1.40512e-07,0.000706864,1,-0.000601223,0.000648025,2.46056e-05,1,
1790259540,0.000692304,-1.87176e-05,0.00130562,-1.87176e-05,0.000754955,0.520847,0.000197863,0.000192318,0.0294549,-0.00120853,-0.000932221,-0.000459291,-0.000181055,4.68909e-05,0.000179949,0.000478891,0.000914877,0.00116602,0.000197064,0.000198218,0.000198211,0.000198156,0.000176891,0.000196396,0.000202164,0.000198279,0.00056556,0,0.000534206,-0.000604941,0.000563101,0,0.490689,-0.00125934,-0.000527039,0.000486605,0.0012469,1790259300,-0.000737085,0.000684465,0,1,0.000646877,0.000102787,0.000657599,1,-0.000587963,0.000607874,6.35264e-05,0,0.000607043,5.71719e-05,0.00064961,1,
1790259600,0.000231908,7.10744e-05,0.000426371,-0.000512633,0.000753753,0.519987,0.000100391,9.55502e-05,0.0318227,-0.00130147,-0.000980754,-0.000475474,-0.00018998,4.67038e-05,0.000183974,0.00051596,0.000971304,0.00123392,8.21806e-05,9.75991e-05,9.76154e-05,0.000101908,9.74837e-05,9.49167e-05,0.000105324,0.00010357,0.000599888,1.23158e-05,0.000632456,-0.000654652,0.000647519,1.2207e-05,0.489847,-0.00136203,-0.000569808,0.000521422,0.00133824,1790259600,0.000621707,6.99146e-07,0.000532091,1,0.000638442,0.000144813,0.000697821,1,0.000599437,0.000131297,0.000679976,1,0.000573865,6.36771e-05,0.000615398,0,
1790259660,-0.000389038,8.60168e-05,0.000863572,-0.000389038,0.000746898,0.521897,0.000119371,0.000123769,0.04662,-0.00121096,-0.000933265,-0.000455579,-0.000183565,5.06269e-05,0.000184979,0.000484136,0.00093519,0.00117759,0.000114201,0.000119662,0.000117624,0.000120883,0.000143018,0.000118521,0.000115583,0.000119112,0.000567767,8.60084e-07,0.000562827,-0.000627879,0.000602888,0,0.492241,-0.00128243,-0.000538752,0.000505775,0.00129088,1790259600,0.000686166,0,0.000586992,1,-0.00059954,0.000669957,0,1,-0.000642817,0.000720872,4.95052e-05,1,-0.000610379,0.000687323,5.45163e-05,1,
1790259720,-0.000153412,-1.12245e-05,0.000235685,-0.000366732,0.000741435,0.52235,8.37153e-05,8.61702e-05,0.0553608,-0.0012005,-0.000902402,-0.000441714,-0.000173542,4.9097e-05,0.00018016,0.000485976,0.00092179,0.00116861,6.94474e-05,8.31665e-05,7.84028e-05,9.35285e-05,0.000101449,7.79557e-05,8.10008e-05,8.21683e-05,0.00056198,2.21835e-05,0.000587657,-0.000568117,0.000573107,0,0.493726,-0.00118583,-0.000486942,0.000465173,0.00116612,1790259600,-0.000631929,0.000566254,0,1,0.000616704,0.000104754,0.000645776,1,-0.000603091,0.000642968,2.88644e-05,1,-0.00061944,0.000681403,9.52525e-05,1,
1790259780,0.00129765,-1.87104e-05,0.00129765,-0.000325612,0.000734304,0.524926,0.000438223,0.000437293,0.0840406,-0.00106942,-0.000822667,-0.000391525,-0.000154046,5.01699e-05,0.000159761,0.000427258,0.000833588,0.00106044,0.000461312,0.00042262,0.000446421,0.000439928,0.000368943,0.000445033,0.000435986,0.000443895,0.000496292,1.25969e-05,0.000519196,-0.000503101,0.000459405,0,0.489827,-0.00103394,-0.000431799,0.000404598,0.00103401,1790259600,0.000612154,0,0.000519065,1,-0.00059834,0.000651918,6.53459e-05,1,-0.000610771,0.000673159,7.2809e-05,1,-0.000556793,0.000621925,8.02598e-05,1,
1790259840,0.000586568,3.73713e-05,0.00090026,-0.000127073,0.000749731,0.518033,0.000171739,0.000164483,0.0316222,-0.00130574,-0.000977466,-0.000470999,-0.000203637,4.41415e-05,0.000181512,0.000504555,0.000982407,0.00125679,0.000167144,0.000168797,0.000168597,0.000169839,0.000147979,0.000166826,0.000184102,0.000175448,0.000589784,4.28001e-05,0.000673639,-0.000625435,0.000602226,5.72738e-05,0.488754,-0.00130789,-0.000548475,0.000497962,0.0013098,1790259600,-0.000529583,0.000466063,0,0,-0.000555527,0.000620452,7.55517e-05,1,-0.000567612,0.000625565,7.69566e-05,1,-0.000579947,0.000663056,7.42029e-05,1,
1790259900,0.00172409,-5.97619e-05,0.00263345,-5.97619e-05,0.000746817,0.515534,0.000635056,0.000630467,0.0375441,-0.00127471,-0.000977525,-0.000478956,-0.000199063,3.60597e-05,0.000168693,0.000477044,0.000918425,0.0012015,0.000674258,0.000629644,0.000637361,0.000629846,0.000549635,0.000627246,0.000658805,0.000639597,0.000573857,0,0.000599889,-0.000580516,0.000518904,2.59365e-05,0.489198,-0.0012186,-0.000514131,0.000456834,0.00119656,1790259900,-0.000661372,0.000603551,0,0,-0.000515773,0.000545363,2.8801e-05,0,-0.000554412,0.000589801,9.26223e-05,0,-0.00055859,0.00061597,0.000107926,0,
1790259960,-0.000794502,-7.45718e-06,0.000995034,-0.000831818,0.000778479,0.513203,0.000218613,0.000228215,0.0242546,-0.00153937,-0.00118242,-0.000585462,-0.000245524,3.68724e-05,0.000218527,0.000619378,0.00119861,0.00156649,0.000235449,0.000223577,0.000223259,0.000222488,0.000256949,0.000226655,0.000211209,0.000204682,0.000726903,9.158e-05,0.000775258,-0.000743457,0.000789364,8.40689e-05,0.493925,-0.00153503,-0.00063919,0.000590896,0.00155326,1790259900,-0.000598709,0.000592722,0,1,0.000605826,0.000123123,0.000623776,1,0.000498759,6.23077e-05,0.000536174,0,-0.000539693,0.000640961,5.72404e-05,1,
1790260020,0.00199811,-1.86579e-05,0.00302543,-0.000291102,0.000778803,0.518865,0.000709187,0.000702767,0.022572,-0.0014472,-0.00110013,-0.000535657,-0.000221577,5.07963e-05,0.000224982,0.000603903,0.0011629,0.00148587,0.00081125,0.000752758,0.000731989,0.000690149,0.00067456,0.000734001,0.000733906,0.000672446,0.00069179,4.47598e-05,0.000692457,0.000713637,4.44815e-05,0.000756831,0.501404,-0.00148051,-0.000595065,0.00058707,0.0014764,1790259900,-0.000783836,0.000834275,0,1,0.000546158,0.000128143,0.000584465,0,-0.000560433,0.000696667,7.67528e-05,0,0.0004839,9.18223e-05,0.000538013,0,
1790260080,0.00223196,7.07552e-05,0.00283745,-0.000216021,0.000821129,0.515396,0.000749975,0.000740359,0.0230009,-0.00183849,-0.0014028,-0.000691833,-0.000278078,5.0007e-05,0.000265876,0.000765708,0.00144404,0.00193531,0.000926575,0.000851475,0.00079596,0.00072486,0.000768192,0.00071268,0.000786277,0.000711346,0.000882254,8.07592e-05,0.000853189,0.000842597,9.39282e-05,0.000930349,0.500639,-0.0016992,-0.000699463,0.000679299,0.0017671,1790259900,0.000766318,1.87255e-05,0.000610622,0,0.000738046,0.000177093,0.000718686,0,-0.000556021,0.000630289,5.34211e-05,0,-0.000573129,0.000653011,6.64357e-05,0,
1790260140,0.000687184,7.43155e-06,0.00201193,-7.80346e-05,0.000872009,0.501052,0.000223471,0.000215856,0.0455136,-0.00203981,-0.00157376,-0.000810803,-0.000352833,5.98525e-06,0.000263492,0.000825565,0.00157049,0.00212743,0.000194848,0.000198026,0.00020719,0.000218094,0.000159232,0.000228718,0.000229714,0.000252948,0.000983164,0,0.00101451,-0.000896136,0.000901905,0.000220071,0.491241,-0.00184553,-0.000768242,0.000703136,0.00187799,1790259900,-0.000861587,0.000868904,4.34215e-05,0,-0.000629813,0.000788723,0.000149161,0,-0.000682032,0.00080492,0.00012416,0,-0.00055384,0.000604334,6.78372e-05,0,
1790260200,-0.000794948,-0.000100262,0.000267317,-0.00211879,0.000868698,0.516041,0.000225861,0.000234278,0.0424457,-0.00206572,-0.00157487,-0.000804325,-0.000307118,5.8013e-05,0.000319389,0.00085456,0.00161602,0.00212977,0.000236804,0.000224193,0.000224135,0.000241406,0.000272207,0.000237069,0.000217517,0.000224463,0.00100076,1.21047e-05,0.000850289,0.000928036,0.000119999,0.00100243,0.507029,-0.00186216,-0.000764622,0.000744006,0.00186811,1790260200,-0.000955382,0.000948192,0,1,-0.000819312,0.000956148,3.56266e-05,1,-0.000656258,0.000708461,0.00012404,0,-0.000660088,0.000780753,9.05212e-05,1,
1790260260,0.000858071,5.57413e-05,0.000898913,-0.000817896,0.000867285,0.519529,0.000245609,0.000233371,0.0370719,-0.00188913,-0.00143524,-0.000708444,-0.000279997,6.71106e-05,0.000308046,0.000806276,0.00151626,0.00199066,0.000253927,0.000245526,0.000246993,0.000250925,0.000199501,0.000250499,0.000242304,0.000248211,0.000919784,1.49988e-05,0.000774353,0.00085127,0.000107798,0.000866278,0.514694,-0.0017143,-0.000677661,0.000723153,0.00179213,1790260200,-0.000997393,0.00112009,0,1,0.000828112,0.000260514,0.000902586,1,-0.000705596,0.00086282,0.000229433,1,-0.000591669,0.000727894,0.000156067,0,
1790260320,0.000734904,5.56934e-05,0.00221421,5.56934e-05,0.000867101,0.517288,0.000215694,0.000205758,0.0342744,-0.00178832,-0.00136773,-0.000699095,-0.000274157,5.65783e-05,0.000279334,0.000767912,0.00146704,0.00192096,0.000207936,0.000211297,0.000212507,0.000221569,0.000166185,0.000215799,0.000218286,0.000232914,0.000886629,0,0.000794168,0.000811919,1.57584e-05,0.000837693,0.504486,-0.00164575,-0.000669655,0.000674206,0.00172404,1790260200,-0.00083013,0.000871387,3.01386e-05,1,-0.00074227,0.000990044,0.00026487,1,-0.000767685,0.000945,0.000159913,1,-0.000692977,0.000860089,0.000141082,1,
1790260380,-0.000972564,1.11308e-05,0.000389503,-0.000972564,0.000864655,0.514317,0.000267232,0.000280884,0.0334292,-0.001806,-0.0013661,-0.000689427,-0.000275051,4.53814e-05,0.000270104,0.000737162,0.00142676,0.0018808,0.000305157,0.00027338,0.00027298,0.000272314,0.000321526,0.00028035,0.00025306,0.000249617,0.000861203,0,0.000892785,-0.000803277,0.000808612,0.000165317,0.498421,-0.00166764,-0.000682302,0.000652369,0.00167535,1790260200,-0.00078109,0.000712813,0.000103454,1,-0.000746441,0.000896238,0.000224709,1,-0.000820899,0.000900773,0.000212066,1,-0.000740781,0.000870641,0.00017944,1,
1790260440,0.000438142,-4.45676e-05,0.000705389,-0.00105158,0.000866945,0.519327,0.00015351,0.00014488,0.0288812,-0.00158865,-0.0011862,-0.000598797,-0.000238011,5.61887e-05,0.00024126,0.000657292,0.00127788,0.00168973,0.00012539,0.000143032,0.000150879,0.000158101,0.000118376,0.000150424,0.000147937,0.000165264,0.000759647,1.70518e-05,0.000731647,0.000672252,0,0.000665328,0.500564,-0.00140752,-0.000562316,0.000564434,0.00143235,1790260200,-0.000812337,0.000811212,0,1,-0.000718945,0.000824222,0.000159786,1,-0.000706261,0.000828808,0.000257967,1,-0.000693857,0.000882019,0.000241615,1,
1790260500,-0.000278458,3.71225e-06,0.000252402,-0.000560708,0.000860466,0.519711,0.000118093,0.000126813,0.0298757,-0.00159594,-0.00120959,-0.000614557,-0.000244977,5.92956e-05,0.000260383,0.000669412,0.00130901,0.00168325,9.07333e-05,0.00011183,0.000116384,0.000137615,0.000142307,0.000113171,0.000109003,0.000121919,0.000776479,8.65101e-06,0.000781021,0.000717605,2.37199e-05,0.000777254,0.505256,-0.00147475,-0.000597906,0.000605611,0.00153364,1790260500,-0.000685304,0.000721797,0,1,-0.000684055,0.000893525,0.000185482,1,-0.000635067,0.000805285,0.000220116,1,-0.000677127,0.000848522,0.00025899,1,
1790260560,-0.00171329,-8.54093e-05,9.28279e-05,-0.00185465,0.000852728,0.519298,0.00058026,0.000597504,0.0414898,-0.00138201,-0.00103788,-0.000513424,-0.000215742,5.07725e-05,0.000209204,0.000559827,0.00109911,0.00140589,0.000673989,0.000579801,0.000574803,0.000547682,0.000646299,0.000608182,0.000591812,0.000572684,0.000649481,0,0.000702177,-0.000610957,0.000532251,2.42126e-05,0.497242,-0.00126781,-0.000515343,0.000501736,0.00129834,1790260500,-0.000679972,0.000684101,0.000117534,1,-0.000601275,0.000735461,0.00014002,1,-0.000679416,0.00082553,0.000203556,1,-0.000626681,0.000776024,0.000221064,1,
1790260620,-0.000513444,-7.43934e-06,0.000613555,-0.000814937,0.000878242,0.524344,0.00015486,0.000162355,0.0249803,-0.00152314,-0.00112508,-0.000551326,-0.000209117,6.61586e-05,0.000250619,0.000630758,0.00121682,0.00154601,0.000148836,0.000152503,0.00015907,0.000161792,0.000180852,0.000163809,0.000155518,0.000141567,0.000718924,0.000143541,0.000786141,0.000724535,3.34217e-05,0.000740899,0.506809,-0.00151849,-0.000590353,0.000623838,0.00153622,1790260500,-0.000607118,0.000570029,2.60573e-06,0,-0.000659049,0.000808937,0.000119511,1,-0.000605026,0.000712052,0.000134032,1,-0.000657267,0.000826792,0.000165516,1,
1790260680,-0.0010165,1.48862e-05,0.000223269,-0.0010165,0.000872442,0.525463,0.000286938,0.000297611,0.0331557,-0.00144288,-0.00106478,-0.000524861,-0.000201325,6.7582e-05,0.000230973,0.000613154,0.00119002,0.00149176,0.000324762,0.00028557,0.000284957,0.00028395,0.000317514,0.000289449,0.000291984,0.000296381,0.000691871,3.65464e-05,0.000772678,0.000709369,0,0.00076821,0.50177,-0.00147773,-0.000591394,0.00059997,0.00149736,1790260500,-0.000720822,0.000739147,0,1,-0.00055951,0.000663894,0.000145838,0,-0.000606147,0.000802088,0.000187438,0,-0.000576149,0.000733125,0.000145302,1,
1790260740,0.000473008,0,0.000473008,-0.000950416,0.000875556,0.521333,0.000146307,0.000139585,0.0398367,-0.00137845,-0.00102507,-0.000493659,-0.000201299,5.36394e-05,0.000211445,0.000575881,0.00110417,0.00141371,0.000135597,0.000149198,0.000152539,0.000149904,0.000134339,0.00014729,0.000149311,0.000140945,0.000650919,1.71409e-05,0.000762664,-0.000674411,0.000620528,4.15572e-05,0.491893,-0.00142884,-0.000574872,0.000555268,0.00140737,1790260500,-0.000669347,0.000667588,7.81591e-05,1,-0.000607737,0.000752681,0.000231173,1,-0.000551824,0.000677065,0.000117074,1,-0.000628043,0.000801567,0.000144235,1,
1790260800,-0.000294207,-0.000130334,0.000614204,-0.000473008,0.000869333,0.522582,0.000112731,0.000119174,0.0390525,-0.00139572,-0.00104778,-0.000514822,-0.000212627,6.10063e-05,0.0002236,0.000589993,0.00115282,0.00145677,9.29265e-05,0.000114799,0.000115518,0.00012039,0.000136788,0.000110922,0.000103781,0.000107587,0.000671243,1.91904e-05,0.000771777,-0.000722216,0.000687306,6.81579e-05,0.496088,-0.00149845,-0.000618655,0.000592516,0.00150362,1790260800,-0.000658533,0.000625001,0,1,-0.000617318,0.000749706,0.00016972,1,-0.000610613,0.000744951,0.000193783,1,-0.000554153,0.00067898,0.000134091,1,
1790260860,-0.000875685,-0.000104297,2.60725e-05,-0.000950246,0.000861601,0.52168,0.000245005,0.000254339,0.0549168,-0.00131983,-0.000993004,-0.000485772,-0.000199669,5.43162e-05,0.000205426,0.000549108,0.00105185,0.0013377,0.00026637,0.000246341,0.000245493,0.000244664,0.000272896,0.000247942,0.000228926,0.000247198,0.000628232,0,0.000768008,-0.000679834,0.000594244,6.9074e-05,0.491914,-0.00144134,-0.000594086,0.000547523,0.0013781,1790260800,-0.00063808,0.000638421,0.000142926,1,-0.000566711,0.000687499,0.0001834,1,-0.000606055,0.000775385,0.000179345,1,-0.000602831,0.000777108,0.00016825,1,
1790260920,-6.33771e-05,-5.9649e-05,0.000689433,-0.000104388,0.000861885,0.523402,8.38287e-05,8.83105e-05,0.0595126,-0.00128739,-0.000951236,-0.000454106,-0.000191101,5.73305e-05,0.000210283,0.000537014,0.00101738,0.00129752,6.12602e-05,9.2642e-05,8.94364e-05,8.87647e-05,0.000102592,8.16246e-05,8.14747e-05,7.59954e-05,0.000604961,4.65746e-05,0.00064934,-0.000607831,0.000563287,0,0.495235,-0.00128502,-0.000513427,0.000502765,0.00127433,1790260800,-0.000622124,0.000658632,1.08807e-05,1,-0.000631958,0.000787531,0.000111677,1,-0.000570391,0.000709062,0.00012526,1,-0.00061158,0.000800996,0.000116401,1,
1790260980,-0.000801881,-3.72819e-06,-3.72819e-06,-0.000846656,0.00085327,0.523615,0.000226987,0.000234818,0.081685,-0.00124669,-0.000917723,-0.000440794,-0.000188056,5.70823e-05,0.000200278,0.00051206,0.000991692,0.00124287,0.000237657,0.000225742,0.000224792,0.000223883,0.000245618,0.00022701,0.000215659,0.000233618,0.000580666,0,0.000675676,-0.000612359,0.000540769,2.06234e-05,0.493353,-0.00129732,-0.000531595,0.000495848,0.00123876,1790260800,-0.000601584,0.000610024,0,1,-0.000577733,0.000730621,0.000156933,1,-0.000595943,0.000796738,0.000147754,1,-0.000576095,0.000715337,0.000108484,1,
1790261040,-7.08949e-05,1.86557e-05,0.000548333,-0.00037692,0.000852273,0.521808,8.08126e-05,8.44963e-05,0.0932567,-0.00123246,-0.000910324,-0.000431239,-0.000184657,5.05507e-05,0.000206239,0.00049551,0.000974984,0.0012309,6.14993e-05,9.1375e-05,8.42287e-05,7.81698e-05,9.94066e-05,7.90512e-05,7.65668e-05,8.00216e-05,0.000565576,8.27387e-06,0.000624807,-0.000578681,0.000521336,0,0.484468,-0.00124104,-0.000504583,0.000459951,0.00118713,1790260800,-0.000583857,0.00058335,1.73428e-05,1,-0.000562867,0.000649592,0.000108607,1,-0.000617519,0.000712917,0.000137391,1,-0.000641619,0.000764748,0.000109351,1,
1790261100,-0.000836192,-0.000160465,4.47763e-05,-0.00141895,0.000843766,0.523213,0.000237638,0.000243985,0.117655,-0.00129036,-0.000960106,-0.000468504,-0.000183423,5.44293e-05,0.00020673,0.000531496,0.00100566,0.00125887,0.00025071,0.000235154,0.000234148,0.000233458,0.000246041,0.000236503,0.00023379,0.000244276,0.000607724,6.35201e-05,0.000689623,-0.000653203,0.000640079,1.24408e-05,0.493087,-0.00136591,-0.000574035,0.000525806,0.00127246,1790261100,-0.000602701,0.000547173,0,1,-0.000555342,0.000655863,0.000120236,1,-0.000559561,0.000660998,0.000103743,1,-0.00063329,0.000728392,8.57535e-05,1,
1790261160,-0.000896697,-0.000332431,0.000350987,-0.000919125,0.000843616,0.518724,0.00025551,0.000260525,0.124075,-0.00128402,-0.000956435,-0.000461955,-0.000195295,4.42139e-05,0.000215724,0.000530195,0.00101209,0.00129256,0.000273954,0.00025185,0.000250651,0.000250008,0.000254979,0.000253055,0.000250746,0.000267957,0.000604401,7.24666e-05,0.00073963,-0.000653621,0.000643332,4.07875e-05,0.493175,-0.00139594,-0.000563725,0.00053661,0.00132915,1790261100,-0.00064146,0.000634052,3.38254e-05,1,0.000544745,6.67246e-05,0.000637003,1,-0.000583321,0.000668583,0.000126653,1,-0.00055096,0.000680086,0.000106359,1,
1790261220,0.000104656,-2.61657e-05,0.000825738,-0.000164482,0.00084471,0.51931,8.82617e-05,8.64127e-05,0.12342,-0.00130758,-0.000946994,-0.000467719,-0.000193734,4.55533e-05,0.000218462,0.000541148,0.00104924,0.0013213,6.29884e-05,9.24266e-05,8.36504e-05,9.77997e-05,9.73546e-05,8.22987e-05,9.04871e-05,8.30574e-05,0.000613923,9.03206e-05,0.000723077,-0.000640956,0.000631287,4.77448e-06,0.491905,-0.0013768,-0.000556161,0.00052372,0.00127978,1790261100,-0.000646519,0.000616236,6.86717e-06,1,0.000537777,0.000100884,0.000759226,1,0.00053558,9.2377e-05,0.000587977,1,0.000572375,0.000136512,0.000648453,1,
1790261280,-0.00311071,-0.000127084,-0.000127084,-0.00321945,0.000836351,0.519663,0.00131442,0.00132317,0.136275,-0.00125203,-0.000914204,-0.000458202,-0.000191395,4.60268e-05,0.000188634,0.000498095,0.000967832,0.00122475,0.00137133,0.00128963,0.00132731,0.00126964,0.00128039,0.00133004,0.00131917,0.00134213,0.00057836,0,0.000707083,-0.000622055,0.000554616,3.14731e-05,0.485828,-0.0013287,-0.000555314,0.000490509,0.00121548,1790261100,0.000635815,0,0.000608634,0,0.00058635,0.000120718,0.00074417,0,0.000598173,8.13924e-05,0.000732471,0,0.000517107,0.000110896,0.000613699,0,
1790261340,-0.00202284,-0.000112481,0.000640902,-0.00207544,0.000937563,0.518217,0.000659396,0.000665949,0.0651948,-0.00185295,-0.00139036,-0.000672282,-0.000262714,5.76832e-05,0.000299078,0.000741891,0.00140561,0.00179392,0.000826495,0.000700358,0.000632304,0.000668053,0.000677529,0.000586191,0.000696056,0.000677234,0.000858407,0.000184073,0.000985565,-0.000898941,0.00100997,5.7789e-05,0.498414,-0.00190588,-0.000743298,0.000746626,0.00175843,1790261100,-0.00058193,0.000557014,3.1661e-05,0,-0.000570663,0.000666561,0.000143189,0,-0.000587551,0.000700749,0.00011793,0,0.000585746,0.000124112,0.000664651,0,
1790261400,-0.00102236,0,0.00190661,-0.00166563,0.000971227,0.516886,0.000299054,0.000301018,0.127625,-0.00202661,-0.00150291,-0.000742382,-0.000288048,5.77313e-05,0.000332658,0.00085255,0.00157675,0.00197023,0.000325453,0.000286986,0.000286031,0.000284597,0.000251813,0.000292767,0.000320308,0.000320131,0.000969382,0.000105956,0.00104842,-0.000939717,0.00103773,3.26044e-05,0.497705,-0.00197192,-0.000779092,0.000782503,0.00184565,1790261400,0.000886584,0,0.00079393,0,-0.000557153,0.000642298,0.000121641,0,0.000592648,7.34182e-05,0.000714259,0,0.000600823,0.000115577,0.000709026,0,
1790261460,9.40106e-05,4.88866e-05,0.00149184,-0.000808856,0.000972276,0.512509,0.0001415,0.000140311,0.129631,-0.00223259,-0.00161428,-0.000826481,-0.000339252,4.79504e-05,0.000331249,0.000879581,0.00166777,0.0021044,6.27337e-05,0.000109338,0.000132377,0.000162249,0.000127312,0.000150257,0.000131812,0.000143054,0.00102935,6.72909e-06,0.0012834,-0.00102355,0.00111275,0.000304723,0.489015,-0.00212814,-0.000862326,0.000815013,0.0019562,1790261400,0.000874256,0,0.000955835,1,0.000669865,0.000178984,0.00104442,1,0.000577163,6.89273e-05,0.000698571,0,0.000579371,0.000129691,0.000663797,0,
1790261520,-0.00248862,-5.64053e-05,9.40017e-05,-0.00278646,0.000962596,0.510352,0.000846306,0.000848958,0.101213,-0.00211924,-0.00152834,-0.000765931,-0.000317071,3.61692e-05,0.000292518,0.000814273,0.00156634,0.00200043,0.00105842,0.000923938,0.000873386,0.000768758,0.000842524,0.000843557,0.000874855,0.00085526,0.000953558,0,0.00115361,-0.000963233,0.00096557,0.000220313,0.484626,-0.00201072,-0.0008352,0.000757605,0.0018582,1790261400,-0.000958835,0.00088154,0.000108951,1,-0.000749425,0.000855333,0.000316049,1,-0.000726159,0.000814679,0.000211746,0,0.000599729,8.04205e-05,0.000646059,0,
1790261580,0.0011679,3.76961e-06,0.00131097,-0.00299378,0.00101584,0.51123,0.00032696,0.000326463,0.204845,-0.00229471,-0.00169037,-0.000866702,-0.000343139,4.28946e-05,0.000326743,0.000907261,0.00169699,0.00217915,0.000401372,0.000334014,0.000336917,0.000339115,0.000432574,0.000333168,0.000309687,0.000297659,0.00106859,0.00016671,0.0012612,-0.00101132,0.00108199,9.06284e-05,0.48796,-0.00213455,-0.000861009,0.000812867,0.00194178,1790261400,-0.000865554,0.000852913,0.000121865,1,0.000792442,0.00020936,0.0011473,1,-0.000758934,0.000869177,0.0002666,1,0.000705796,0.000142538,0.000903404,1,
1790261640,0.00162525,7.5304e-06,0.00175681,-1.12957e-05,0.0010191,0.513831,0.000454654,0.000452548,0.172318,-0.00253082,-0.00183454,-0.000945259,-0.000378599,6.01129e-05,0.000370446,0.00098487,0.00184137,0.00237787,0.000630048,0.00049304,0.000463426,0.000470608,0.000568063,0.000461632,0.000450989,0.000423203,0.00116242,8.12052e-05,0.0013307,-0.00108671,0.00124487,0.000205244,0.488646,-0.00221389,-0.000922072,0.000860787,0.00212735,1790261400,0.000935441,3.77287e-05,0.000881765,1,0.0008027,0.000188177,0.00101468,1,0.000819302,0.000168774,0.00107169,1,0.000750587,0.000179927,0.000899203,1,
1790261700,2.63134e-05,-9.02225e-05,0.000364566,-0.00110202,0.00103471,0.507107,0.000138133,0.000136701,0.163529,-0.00222941,-0.00170476,-0.000854908,-0.000366369,2.77121e-05,0.000303945,0.000834205,0.0015565,0.00203226,5.89392e-05,0.000113212,0.000136752,0.000141589,0.000129001,0.000151503,0.000147209,0.000133546,0.00101587,1.68285e-05,0.00129347,-0.000920822,0.000845115,0.000136664,0.473134,-0.00199392,-0.000850762,0.000698831,0.00180602,1790261700,-0.000965402,0.000948203,0.000303788,1,0.000774422,0.000203646,0.00107423,1,0.00082174,0.000138677,0.00101016,1,0.00083806,0.000183562,0.000956958,1,
1790261760,-0.000612905,-3.75901e-06,0.000563692,-0.000831085,0.00102432,0.512908,0.00019529,0.000197453,0.121052,-0.00208138,-0.00157786,-0.000796718,-0.000322907,4.72529e-05,0.000287388,0.000810014,0.00151401,0.00195882,0.0001748,0.000181352,0.000192648,0.000202537,0.000170518,0.000200048,0.00019694,0.000194583,0.000965621,1.57986e-06,0.000991499,-0.000929626,0.000925597,0,0.483491,-0.0019424,-0.000826577,0.000729668,0.00180486,1790261700,0.000893961,0,0.000819514,1,0.00097501,0.000164148,0.00112447,1,-0.000839964,0.000934565,0.000175279,1,0.000846484,0.000123248,0.000929935,1,
1790261820,-0.00153579,-0.000199369,-0.000199369,-0.00213494,0.00101772,0.512645,0.000440849,0.000441505,0.0920114,-0.00201393,-0.0014808,-0.00074289,-0.000299053,4.26992e-05,0.000281569,0.000769065,0.00146561,0.00188171,0.000581516,0.000451236,0.000438696,0.000426903,0.000403519,0.000450498,0.00045339,0.000454863,0.000910382,8.76971e-05,0.000959234,-0.000890894,0.000905649,0,0.484388,-0.001883,-0.000785987,0.00071192,0.00175261,1790261700,0.000827968,2.53655e-05,0.000849441,1,0.000831808,0.000168677,0.000872885,1,0.000870251,0.000221598,0.00114088,1,0.000834897,0.000108275,0.000976916,1,
1790261880,0.000414294,-6.40426e-05,0.000564904,-0.000282572,0.00103064,0.517062,0.000162949,0.000162846,0.0760451,-0.00218339,-0.00161911,-0.000796009,-0.000316729,6.43085e-05,0.000309587,0.000820043,0.00158093,0.00204402,0.000120902,0.000154102,0.000163539,0.000175923,0.000186094,0.00016874,0.000149989,0.000155117,0.000973012,0.000171948,0.00104834,-0.000903727,0.000996895,0,0.486857,-0.00190579,-0.000779373,0.000738002,0.00178504,1790261700,0.000841829,7.58376e-06,0.000788432,1,0.000886825,5.13328e-05,0.000948496,1,0.000793803,0.000147799,0.000872177,1,0.000946732,0.000144196,0.00106121,1,
1790261940,0.000466817,0,0.000534562,-0.000817454,0.00102196,0.51591,0.000156391,0.000155244,0.0529878,-0.00175814,-0.00131995,-0.000654206,-0.000262764,4.89424e-05,0.000235152,0.000642139,0.00130127,0.00166632,0.000135265,0.00016173,0.000166689,0.000151779,0.000185253,0.000162394,0.0001457,0.000154358,0.000779651,3.3029e-05,0.000846503,-0.000795728,0.000742132,0,0.479682,-0.00168364,-0.00071544,0.0006231,0.00155072,1790261700,0.000901897,0,0.000853048,1,0.000856903,4.89686e-06,0.000921179,1,0.00082377,4.33194e-05,0.000957157,1,0.000793365,5.76631e-05,0.000902642,1,
1790262000,0.000255904,-9.03346e-05,0.000255904,-0.00197793,0.00101384,0.510799,0.0001336,0.000131426,0.0368725,-0.00191575,-0.00147794,-0.000776745,-0.000315568,3.77115e-05,0.000251883,0.000706663,0.00138602,0.00179398,8.66725e-05,0.000125527,0.000126573,0.000155212,0.000141573,0.000114391,0.000146848,0.000128489,0.000898088,0.000184764,0.00118165,-0.00094833,0.00103582,0.000218101,0.478372,-0.00192511,-0.00086953,0.00071542,0.00174456,1790262000,0.000757786,0,0.000756234,1,0.000838693,0,0.00101576,1,0.000804877,2.13464e-05,0.000936065,1,0.000826089,3.29159e-05,0.000984038,1,
1790262060,0.000361164,-0.000206976,0.00103424,-0.000270959,0.0010043,0.518631,0.000139236,0.000136056,0.0643961,-0.00176509,-0.00133863,-0.000673828,-0.000262567,5.91994e-05,0.000276423,0.000666779,0.00130853,0.00170123,0.000105756,0.000141805,0.000138998,0.000159205,0.000151509,0.000121267,0.000133844,0.000132416,0.00080529,0.000155432,0.00095421,-0.000888975,0.000978555,8.36782e-05,0.487933,-0.00184661,-0.000780438,0.000714794,0.00175423,1790262000,0.000995567,0,0.000924102,1,0.000753391,1.39179e-05,0.000793371,1,0.000754799,7.67807e-05,0.000911886,1,0.000760499,9.28036e-05,0.000896879,1,
1790262120,-0.00206717,-0.000150469,0.000240704,-0.00216141,0.000995519,0.522311,0.000727013,0.000730475,0.109787,-0.00159884,-0.00120515,-0.000614488,-0.000230249,6.49785e-05,0.000241474,0.000607822,0.00117093,0.00152857,0.00084668,0.000705523,0.000731985,0.000676163,0.000689206,0.000800635,0.000718459,0.0007414,0.000734141,0.0001112,0.000858664,-0.000776714,0.000756815,1.25926e-05,0.485146,-0.00164547,-0.000696535,0.000614474,0.00150939,1790262000,0.000855151,0,0.000909375,1,0.00104708,7.93169e-05,0.00100151,1,0.000695866,0.000109582,0.000768068,1,0.00073196,0.000130827,0.000909992,1,
1790262180,0.00163075,-3.76924e-06,0.00199946,-0.000109314,0.00102796,0.524673,0.000481806,0.000479419,0.0158773,-0.00197302,-0.00147133,-0.000688978,-0.000249585,8.04037e-05,0.00029526,0.000720514,0.00138082,0.00179554,0.000634464,0.000498069,0.000493362,0.000486469,0.00054572,0.000478137,0.000440308,0.000481371,0.000851291,0.000290381,0.000959335,-0.000891131,0.00099916,3.77492e-06,0.490705,-0.00188027,-0.000763644,0.000733268,0.00174108,1790262000,0.000766841,2.41312e-06,0.000695426,1,0.000901562,0.000104014,0.000923434,1,0.000890693,0.000133191,0.000998812,1,0.000676007,9.95728e-05,0.000782371,1,
1790262240,0.00102304,0.000105361,0.00168069,4.8919e-05,0.00104343,0.522919,0.000286293,0.000282107,0.0153831,-0.00187538,-0.00143926,-0.000716852,-0.000258059,7.54889e-05,0.000301314,0.000742868,0.0014424,0.00185368,0.000330042,0.000293973,0.000294969,0.000296721,0.000314169,0.000295667,0.00027163,0.000271697,0.000879598,0.000183547,0.000989036,-0.000922725,0.000949866,4.67223e-05,0.486986,-0.00192538,-0.000810407,0.000740533,0.00184869,1790262000,0.000921406,0,0.000778608,1,0.000765514,7.45185e-05,0.000791476,1,0.000799597,0.000155392,0.000909734,1,0.000780767,8.32702e-05,0.000935346,1,
1790262300,-0.000293264,-9.77451e-05,0.0008943,-0.000293264,0.00104303,0.515733,0.000131418,0.000136019,0.0178216,-0.00187085,-0.0014327,-0.000717323,-0.00026698,4.90688e-05,0.00026529,0.000699852,0.00134687,0.00176043,9.18742e-05,0.000128291,0.00013111,0.000135874,0.000126419,0.000148824,0.000131084,0.000124955,0.000852184,6.4745e-05,0.00103764,-0.000906856,0.000847626,0.00014279,0.481732,-0.001918,-0.000814113,0.000708753,0.00179528,1790262300,0.000897195,0,0.000936988,1,0.000820493,5.09629e-05,0.00101059,1,0.000741077,7.80229e-05,0.000831927,1,0.000831209,0.000124812,0.000937391,1,
1790262360,0.00119883,9.40042e-05,0.00131901,9.40042e-05,0.00103338,0.522988,0.000336818,0.000331995,0.025615,-0.00170083,-0.00130035,-0.000645057,-0.000226097,6.62566e-05,0.000266941,0.000653407,0.00125351,0.00164196,0.000416433,0.000342567,0.000342776,0.000344192,0.000353388,0.000344267,0.000320989,0.000337212,0.000780371,0.000100426,0.000773606,-0.00086947,0.000845943,0,0.490435,-0.00181536,-0.000760152,0.000701934,0.00172188,1790262300,0.000903424,0,0.00079988,1,0.000904595,4.95305e-05,0.000920965,1,0.000784762,5.93347e-05,0.000939449,1,0.000735597,0.00010364,0.000797931,1,
1790262420,-0.000601115,-7.51196e-05,0.000368005,-0.000657488,0.00103695,0.524807,0.000178934,0.000183404,0.0214277,-0.00168426,-0.00127496,-0.000620109,-0.000219767,7.11346e-05,0.000269395,0.000653459,0.00125005,0.00164788,0.00017251,0.000178595,0.00017747,0.000169073,0.000177438,0.000187747,0.000189086,0.000182414,0.000769356,0.000118412,0.000776781,-0.000861084,0.000812723,0,0.487917,-0.00179841,-0.000759883,0.000686062,0.00173075,1790262300,0.000837735,6.49891e-05,0.00073202,1,0.000844413,0.000138339,0.000915493,1,0.000789504,0.00016792,0.000949642,1,0.000768288,0.000137271,0.000903807,1,
1790262480,0.000792645,1.50323e-05,0.000792645,-0.000124025,0.00103004,0.523995,0.000222825,0.000217343,0.0247039,-0.00162088,-0.00120666,-0.000580727,-0.000223019,6.9107e-05,0.000254735,0.000630386,0.00120147,0.00156818,0.000232732,0.000229513,0.000229496,0.000230101,0.000235009,0.00022958,0.000209621,0.000215145,0.000734113,9.194e-05,0.000743178,-0.000814269,0.000789493,0,0.486643,-0.00170139,-0.000710794,0.000657636,0.0016475,1790262300,0.000826749,0,0.000764452,1,0.000850761,4.63572e-05,0.000893211,1,0.000815125,0.00012697,0.000904347,1,0.000810289,0.000140531,0.000883332,1,
1790262540,-0.000867809,-5.25731e-05,-1.12654e-05,-0.000935463,0.00102583,0.530797,0.000252862,0.000258321,0.0282288,-0.00151316,-0.00113925,-0.000537562,-0.000198473,8.64994e-05,0.000255035,0.00060966,0.00115808,0.00149106,0.000261547,0.000244013,0.000242483,0.000241248,0.000240176,0.000248891,0.000267605,0.000264078,0.00069951,7.48474e-05,0.00062841,-0.000755425,0.000714251,0,0.490706,-0.00155859,-0.00065719,0.000606807,0.00152398,1790262300,0.000843478,0,0.000685512,1,0.000821954,6.29402e-05,0.000809437,1,0.000842431,1.60467e-05,0.000961483,1,0.000825671,8.51304e-05,0.000908963,1,
1790262600,-0.000680498,-7.89291e-05,0.000683792,-0.000680498,0.00102291,0.523425,0.000195717,0.000199547,0.0251045,-0.00144738,-0.00109047,-0.000529635,-0.000211072,6.33157e-05,0.000220759,0.000563889,0.00107241,0.00137915,0.000194152,0.000191966,0.000190319,0.000189178,0.000188618,0.000195905,0.000207728,0.000199273,0.000661064,1.6011e-05,0.000638515,-0.000727213,0.00066081,0,0.483465,-0.00151292,-0.000634274,0.000577717,0.00146454,1790262600,0.000743728,0,0.000684781,1,0.000798362,2.61871e-05,0.000864084,1,0.000762908,0.000118108,0.000852658,1,0.000800753,0.000109866,0.000890602,1,
1790262660,0.00150325,-3.76101e-05,0.00150325,-0.000112835,0.00101719,0.522698,0.000459407,0.000459567,0.0294881,-0.00147473,-0.00109636,-0.000563339,-0.000216426,6.23531e-05,0.000238499,0.000600974,0.00114077,0.00146061,0.000568626,0.000451667,0.000466097,0.000478164,0.000460369,0.000484921,0.000443381,0.000451294,0.000702888,0.000101738,0.000702303,-0.00079725,0.000804836,0,0.492178,-0.00165433,-0.000684503,0.000654363,0.00159619,1790262600,0.000752948,0,0.000626369,1,0.000746943,3.97139e-05,0.00072989,1,0.00075464,6.95352e-05,0.00081829,1,0.000753112,8.75373e-05,0.000843407,1,
1790262720,-7.13531e-05,-3.7553e-06,0.000626937,-0.00024788,0.00102916,0.523181,9.78704e-05,0.000103622,0.0185394,-0.00154262,-0.00115725,-0.000578577,-0.000225372,6.67655e-05,0.000232176,0.000601153,0.00116938,0.00151591,6.15558e-05,0.000110552,0.000104317,9.06346e-05,0.000112683,0.000103084,0.000100246,9.36513e-05,0.000710836,8.50862e-05,0.000811674,-0.000822027,0.000775577,6.11651e-05,0.488265,-0.001722,-0.000724425,0.000656353,0.00167559,1790262600,0.000800178,0,0.000730203,1,0.000746344,0,0.000795128,1,0.000684143,0.000130857,0.000748664,1,0.000712715,0.000132926,0.00082571,1,
1790262780,-0.000187796,4.88211e-05,0.000146456,-0.000961885,0.00101887,0.518437,9.79212e-05,0.0001028,0.0289234,-0.0014536,-0.0010903,-0.000540359,-0.000218919,4.85636e-05,0.000213902,0.000567548,0.00106757,0.00136904,7.41654e-05,0.000115341,0.000104411,9.65974e-05,0.000117525,9.5342e-05,9.40221e-05,9.49753e-05,0.000668289,5.32042e-06,0.000699633,-0.000777628,0.000697183,3.27649e-05,0.488101,-0.00161735,-0.000684362,0.000619523,0.00155772,1790262600,0.000828827,0,0.000795889,1,0.000798294,0,0.00087069,1,0.000684036,6.82407e-05,0.000731485,1,0.000677942,0.000112231,0.000762386,1,
1790262840,0.000210329,-9.3911e-05,0.000322987,-0.000514741,0.00100898,0.524206,9.913e-05,9.72759e-05,0.0476444,-0.00140284,-0.00106081,-0.000528988,-0.000192878,6.03113e-05,0.000220984,0.000583367,0.00109894,0.00141447,7.92355e-05,0.000115765,0.000103567,0.000107617,0.000118033,9.22077e-05,9.60077e-05,9.39221e-05,0.000673596,0.000103951,0.000625899,-0.000786692,0.000777753,0,0.494777,-0.00159913,-0.000671385,0.000647021,0.00160891,1790262600,0.000778892,0,0.00067646,1,0.00081054,9.2187e-05,0.000814445,1,0.000743509,6.65666e-05,0.000873857,1,0.000695842,7.88845e-05,0.000759605,1,
1790262900,0.000912164,0,0.00134731,-0.00019906,0.000999282,0.524612,0.000255192,0.000250163,0.0806903,-0.00146268,-0.00110703,-0.000548734,-0.000197262,6.30967e-05,0.000216037,0.000598671,0.00110746,0.00141112,0.000279414,0.000261992,0.000260685,0.000263402,0.000260648,0.000262975,0.000232834,0.000254909,0.000694036,0.000149611,0.000710132,-0.000796888,0.00080049,0,0.494334,-0.00161841,-0.000690822,0.000642517,0.00156939,1790262900,0.000752733,0,0.000768094,1,0.000782947,5.99857e-05,0.000819454,1,0.00073061,0.000185128,0.000822183,1,0.000741476,0.000141102,0.000798673,1,
1790262960,0.000401389,-2.25126e-05,0.00104627,-0.000273937,0.000997614,0.520596,0.000135115,0.000131014,0.0520047,-0.0014895,-0.00112599,-0.000549402,-0.000202669,5.15331e-05,0.000224838,0.000593912,0.00111648,0.00144188,0.000116853,0.000145219,0.00013128,0.000143475,0.000142558,0.000123155,0.000133394,0.000132793,0.000691849,0.00013524,0.000770502,-0.000798254,0.000800716,4.68919e-05,0.492306,-0.00166895,-0.000695861,0.000644338,0.00163856,1790262900,0.000820039,0,0.000771494,1,0.000832126,2.71607e-06,0.000820033,1,0.000766931,6.86999e-05,0.000823331,1,0.000769133,0.000107746,0.000814891,1,
1790263020,8.25086e-05,-6.75121e-05,0.00111704,-9.75189e-05,0.000989217,0.524036,9.4222e-05,9.20017e-05,0.0770192,-0.00145931,-0.00111025,-0.000543226,-0.0002003,6.21259e-05,0.000230878,0.000583213,0.0010904,0.00141424,6.17006e-05,0.000105399,8.49347e-05,0.000105809,0.000105295,7.70037e-05,9.6517e-05,9.11551e-05,0.000681466,0.000109376,0.000747859,-0.000720036,0.000737119,4.19718e-05,0.491225,-0.0015037,-0.000632074,0.000576946,0.00146075,1790262900,0.000841769,0,0.000744329,1,0.000708638,6.80213e-05,0.000846858,1,0.000733866,0.00010904,0.000819547,1,0.00075426,0.000104692,0.000815978,1,
1790263080,-0.00123459,-8.25086e-05,-8.25086e-05,-0.00172284,0.000979345,0.52973,0.000374065,0.000380061,0.1304,-0.00136744,-0.0010257,-0.000504256,-0.000179453,7.42662e-05,0.000224927,0.000559205,0.00105229,0.00135961,0.000431663,0.000346999,0.00038167,0.000343534,0.000362077,0.000405593,0.000385926,0.000390093,0.000645288,0.000106788,0.000678911,-0.00070037,0.000715514,1.79894e-05,0.494637,-0.00144584,-0.000605531,0.000566589,0.00140967,1790262900,0.000770207,0,0.000639657,1,0.000811857,9.36356e-05,0.00080409,1,0.000719857,0.000118093,0.000787723,1,0.000754601,0.00011174,0.000830644,1,
1790263140,0.000897011,3.75486e-06,0.000897011,-0.000195272,0.000985098,0.527905,0.000250463,0.000244432,0.0400705,-0.00146737,-0.00110895,-0.000546403,-0.000194203,7.36443e-05,0.000237525,0.000599758,0.00114427,0.00147085,0.000272966,0.000257331,0.000255974,0.000259223,0.000254018,0.000253085,0.000230239,0.000248934,0.000694631,0.000227326,0.000763483,-0.000772136,0.000835532,0,0.49539,-0.00159579,-0.000651903,0.000640062,0.00158217,1790262900,0.000724414,2.33252e-05,0.00060965,1,0.000758801,0.000117668,0.000718498,1,0.000736912,0.000154589,0.00080911,1,0.000689599,0.000141066,0.000774026,1,
1790263200,-9.75438e-05,-0.000236372,0.000251319,-0.000510334,0.000983413,0.528654,9.42541e-05,9.88653e-05,0.0363446,-0.00142333,-0.00107897,-0.000533327,-0.000192863,7.58785e-05,0.000219487,0.000577983,0.00110897,0.00140698,6.29355e-05,0.000104614,8.72362e-05,9.78295e-05,0.000110135,8.38915e-05,9.99843e-05,9.14869e-05,0.000672332,0.000106079,0.000732353,-0.00074067,0.00070628,0,0.490654,-0.00152925,-0.000646016,0.000590245,0.00149842,1790263200,0.000807731,0,0.000692463,1,0.000724188,8.26934e-05,0.000717967,1,0.000713177,0.000143746,0.000741996,1,0.000725969,0.000153213,0.000798937,1,
1790263260,2.62627e-05,5.25248e-05,0.000873803,2.62627e-05,0.000973627,0.523413,8.42498e-05,8.4907e-05,0.0539108,-0.00135172,-0.00102579,-0.000505589,-0.000188775,5.65185e-05,0.000197445,0.000530998,0.00100563,0.00129344,5.84367e-05,9.96639e-05,7.89585e-05,8.94802e-05,0.000102909,7.60507e-05,8.65485e-05,7.90996e-05,0.000625285,1.45851e-05,0.000729278,-0.000703239,0.000628276,6.59676e-06,0.486661,-0.00145033,-0.000621435,0.00054845,0.00138363,1790263200,0.000724883,0,0.000688163,1,0.000767392,3.92645e-05,0.00082478,1,0.00069364,0.000102697,0.000768341,1,0.000693206,0.000177793,0.000736854,1,
1790263320,0.000382607,-4.87742e-05,0.000581355,-5.25261e-05,0.000963849,0.527586,0.000122293,0.000117667,0.0847627,-0.00128442,-0.000966091,-0.000473808,-0.000165323,6.15122e-05,0.000197321,0.000515936,0.000969612,0.00125769,0.000111331,0.000137836,0.000119457,0.00013052,0.000134941,0.000116297,0.000119398,0.000116287,0.00059926,4.86921e-05,0.000641729,-0.000696637,0.000647793,0,0.489458,-0.00143879,-0.00061352,0.000549557,0.00136834,1790263200,0.000680262,0,0.000601077,1,0.000722152,4.35668e-05,0.000704078,1,-0.000686464,0.00080911,7.92413e-05,1,0.000677572,0.000181924,0.000708536,1,
1790263380,0.00109824,6.75037e-05,0.00109824,-8.25107e-05,0.000955695,0.52859,0.000326117,0.000319172,0.11684,-0.00122893,-0.000929705,-0.000445065,-0.000159615,6.23745e-05,0.000190077,0.000490436,0.0009439,0.00123473,0.000366475,0.000312537,0.000337797,0.000335451,0.000303474,0.00033867,0.000322428,0.00031785,0.000567691,3.58597e-05,0.000621736,-0.000651882,0.000571075,0,0.487333,-0.0013512,-0.000576361,0.000503231,0.00128554,1790263200,0.000669249,2.53646e-05,0.000585959,1,0.000676645,6.63386e-05,0.000699435,1,0.00063842,0.000156855,0.000702813,1,0.000675821,0.000163778,0.000768932,1,
1790263440,0.00148614,3.74621e-06,0.0021555,-6.36877e-05,0.000958754,0.526894,0.000493902,0.000488991,0.0571836,-0.00132605,-0.00100252,-0.000488945,-0.000173162,6.22901e-05,0.000206397,0.000525256,0.00097987,0.00127787,0.000559156,0.000456263,0.000513646,0.000527629,0.000433787,0.00050845,0.000481579,0.000476413,0.000613617,4.16074e-05,0.000619973,-0.00070249,0.000671753,0,0.487296,-0.00146261,-0.000624792,0.000546717,0.00141236,1790263200,0.000637885,0,0.000529557,0,0.000705014,3.13509e-05,0.000685431,0,0.000649084,0.000104908,0.000678338,1,0.000647071,0.000117471,0.00070081,1,
1790263500,-0.00118275,-7.48159e-05,0.000284249,-0.00142621,0.000972109,0.522881,0.000330628,0.000339993,0.0308158,-0.00160455,-0.00121608,-0.000592529,-0.000231129,6.74199e-05,0.000248017,0.000625177,0.00117972,0.00154259,0.000406467,0.000332221,0.00034799,0.000329847,0.000346244,0.00035215,0.000326409,0.000330406,0.000735447,0.000134616,0.000835017,-0.000823372,0.000869093,6.04957e-05,0.48937,-0.00171761,-0.000727366,0.00064712,0.00167553,1790263500,0.000698597,0,0.000598292,1,0.000627756,6.63657e-05,0.000592713,1,0.000680195,5.30254e-05,0.000744501,1,0.000652685,9.57545e-05,0.000697255,1,
1790263560,-0.000520702,3.74507e-06,0.0003969,-0.000872985,0.000976767,0.533291,0.000160395,0.000166907,0.020068,-0.00152493,-0.00113853,-0.000550477,-0.000177163,8.64641e-05,0.000261081,0.000641935,0.00117841,0.001474,0.000150707,0.00015833,0.000151642,0.000156519,0.000168254,0.000150731,0.000166826,0.000166714,0.000727182,0.00013936,0.000720711,-0.000817606,0.000892756,0,0.493934,-0.00169021,-0.000699256,0.000660717,0.00164438,1790263500,0.000836239,3.20629e-05,0.00070327,1,0.000683767,8.76165e-05,0.000639958,1,0.000605029,0.000110718,0.000610913,1,0.000662261,0.000121133,0.000674239,1,
1790263620,0.00019108,0.000101165,0.000423325,-0.000172378,0.00096975,0.532439,9.88744e-05,9.63746e-05,0.0249968,-0.00142151,-0.00106856,-0.000518736,-0.000169939,7.97344e-05,0.000246493,0.000604305,0.0011413,0.00144608,7.53002e-05,0.000107734,9.64983e-05,0.000106178,0.000112646,9.16966e-05,0.000101585,9.312e-05,0.000684686,0.000112232,0.00066173,-0.000791006,0.000830696,0,0.495016,-0.00161548,-0.000672983,0.000644368,0.00159766,1790263500,0.000812467,2.34314e-05,0.000633816,1,0.000810783,0.000158801,0.000745746,1,0.000612822,0.000147548,0.000648683,1,0.000582454,0.000101502,0.000620065,1,
1790263680,-0.000577099,-5.99428e-05,0.000112383,-0.000618333,0.000960384,0.527795,0.00016627,0.000173751,0.0373005,-0.00133811,-0.00101603,-0.000490747,-0.000171914,6.47005e-05,0.000205737,0.000543034,0.00105811,0.00134986,0.000166275,0.000165907,0.000162726,0.000161442,0.000175611,0.000164589,0.000161222,0.000174655,0.000627106,1.56041e-05,0.000700004,-0.000722508,0.000638264,0,0.483531,-0.00147608,-0.000641373,0.000558961,0.00142238,1790263500,0.000747924,0,0.00070678,1,0.000752698,8.59952e-05,0.000797735,1,0.000724126,0.000167656,0.000790954,1,0.000618892,0.000101055,0.000666954,1,
1790263740,0.000378525,-1.12455e-05,0.000592084,-5.62287e-05,0.000954228,0.526808,0.000123723,0.000119047,0.0445333,-0.00131552,-0.000994118,-0.000479552,-0.000177595,6.36493e-05,0.000196387,0.000531368,0.00100399,0.00127875,0.00010964,0.0001355,0.000122198,0.000125367,0.000134928,0.000118075,0.0001273,0.000119616,0.000613124,2.51059e-05,0.000659712,-0.000689603,0.000626961,0,0.478143,-0.00142411,-0.000617965,0.000526856,0.00135063,1790263500,-0.000649466,0.000566184,0,1,-0.000759514,0.000758054,2.26977e-05,1,-0.000699939,0.000787257,7.73522e-05,1,0.000712358,0.000148298,0.000770615,1,
1790263800,-0.000281069,0.000131138,0.000824013,-0.000284817,0.000946153,0.529396,0.000110004,0.000115439,0.0590707,-0.0013421,-0.001027,-0.000514802,-0.000174371,7.10247e-05,0.000207794,0.00054265,0.00103374,0.00131601,9.05843e-05,0.000114993,0.000101167,0.000107085,0.000124284,9.97506e-05,0.000119997,0.000111761,0.000637969,8.58411e-05,0.000675766,-0.000703354,0.000697921,0,0.483686,-0.00143657,-0.000637807,0.000533242,0.00131571,1790263800,0.000633054,0,0.000521681,1,-0.000662888,0.0006809,1.60249e-05,1,0.000662394,0.000100141,0.0007728,1,0.000657429,0.000144307,0.000773554,1,
1790263860,0.00146444,0.000134923,0.00146444,-1.12444e-05,0.000937487,0.527673,0.000493836,0.00048993,0.0917495,-0.00126749,-0.000955445,-0.000463243,-0.000174481,6.53228e-05,0.000193599,0.000495795,0.000934768,0.00122439,0.000547856,0.000452025,0.000515154,0.000496144,0.000436394,0.000521761,0.000493625,0.000488657,0.000580094,1.80809e-05,0.000665911,-0.000643449,0.000649097,9.1836e-07,0.480401,-0.00133943,-0.000581299,0.000489268,0.00123771,1790263800,0.000645939,2.232e-05,0.000552071,1,0.000631951,1.55739e-05,0.000628706,1,0.000598708,0.000115635,0.000638377,1,0.000633774,0.00015617,0.000729876,1,
1790263920,-0.000509127,-7.85983e-05,-7.85983e-05,-0.000962318,0.000950892,0.525819,0.00014586,0.000151689,0.0255106,-0.00135199,-0.0010348,-0.000506405,-0.000201138,6.8683e-05,0.00021272,0.000536691,0.00101277,0.00133816,0.000147944,0.000153378,0.000144575,0.000142369,0.000166193,0.000145582,0.000146231,0.000148668,0.000630216,5.67386e-05,0.000666568,-0.000736626,0.000745786,0,0.481605,-0.00153106,-0.000668091,0.000560853,0.00145293,1790263800,0.000619433,8.15296e-06,0.000495824,1,0.000551294,0.000110664,0.000597031,1,0.00057896,8.36859e-05,0.000596841,1,0.000586457,0.00010257,0.000655716,1,
1790263980,0.000220903,5.24221e-05,0.000887061,3.74453e-06,0.000944085,0.52395,9.73595e-05,9.2702e-05,0.0312597,-0.00129116,-0.000991384,-0.000484656,-0.000186051,5.74041e-05,0.000201203,0.000520291,0.00099323,0.0012742,7.9713e-05,0.000108,9.65898e-05,9.29118e-05,0.000111686,9.43086e-05,0.000101432,9.66066e-05,0.000607826,3.41197e-06,0.000625679,-0.000705287,0.000685409,0,0.478502,-0.00145554,-0.000637109,0.000536068,0.00137361,1790263800,0.000666343,1.1493e-05,0.000602957,1,0.000605775,8.87347e-05,0.000592828,1,0.000589647,0.000116279,0.000607937,1,0.000567212,8.80914e-05,0.000606229,1,
1790264040,0.00056514,9.35883e-05,0.000939229,-4.11816e-05,0.000935118,0.533446,0.000157769,0.000150382,0.0463195,-0.00127247,-0.000959509,-0.000471867,-0.000163346,8.02071e-05,0.000215593,0.000526104,0.000983587,0.00126773,0.000161034,0.000164343,0.000162597,0.000163811,0.00016196,0.00016102,0.000160386,0.000148495,0.000606005,3.07629e-05,0.000588915,-0.000692457,0.000691109,0,0.486685,-0.00142176,-0.000617596,0.000535893,0.00133981,1790263800,0.000636827,0,0.000533191,1,0.000672409,0.000107938,0.000601862,1,0.000568799,0.000119754,0.000594156,1,0.000548513,0.000132398,0.00056691,1,
1790264100,0.00155529,-9.72861e-05,0.0022611,-0.000190839,0.000929164,0.528099,0.000533411,0.00052574,0.054751,-0.00131477,-0.00100821,-0.000494639,-0.000180844,6.92214e-05,0.00020768,0.000525455,0.000974059,0.00126289,0.000592327,0.000499829,0.000555162,0.000549663,0.000460399,0.000552091,0.000523317,0.000526088,0.000616411,4.55903e-05,0.000688945,-0.000703355,0.000691685,0,0.48126,-0.00146547,-0.000638228,0.000534299,0.00137023,1790264100,0.00060483,3.79282e-05,0.000539478,0,0.000638403,6.59572e-05,0.000624891,1,0.00058658,0.000172701,0.000633692,1,0.000565328,0.000150984,0.000572845,0,
1790264160,0.000806602,-3.36225e-05,0.000914847,-0.000127024,0.000945757,0.519873,0.000233353,0.000223054,0.0253491,-0.00159724,-0.00119257,-0.000601101,-0.000251469,6.14317e-05,0.000251633,0.000643361,0.00124794,0.0016085,0.000235498,0.000231085,0.000230277,0.000232998,0.000212557,0.000228634,0.000241128,0.000235069,0.000751828,0.000135666,0.00085891,-0.000847322,0.000929895,5.69243e-05,0.484155,-0.00175038,-0.000753,0.000647162,0.00167459,1790264100,0.000640471,0,0.000548087,0,0.00062704,4.90149e-05,0.000603128,0,0.000580104,0.000105618,0.000583378,1,0.000600971,0.000109216,0.000631234,1,
1790264220,0.00125342,-7.46556e-06,0.0023824,-0.000425626,0.000943175,0.518856,0.000380241,0.000365967,0.0302564,-0.0014392,-0.00107437,-0.000543965,-0.00023581,5.3921e-05,0.000220795,0.000577105,0.00109283,0.00145653,0.000440334,0.000368646,0.000379378,0.000387398,0.000333894,0.000382626,0.000396131,0.000373838,0.000676546,4.72444e-06,0.00065099,-0.000706647,0.000666133,0,0.4851,-0.00147697,-0.00064098,0.000535552,0.00139046,1790264100,0.000785811,3.7483e-05,0.000694287,1,0.000617981,0.000102221,0.000598704,0,0.000581153,8.44514e-05,0.000658348,0,0.000570434,8.38169e-05,0.000643562,0,
1790264280,-0.00102948,-2.98252e-05,0.00022366,-0.00128702,0.000950373,0.518795,0.000285923,0.000297497,0.0287738,-0.00173278,-0.00130708,-0.000689768,-0.000270388,6.17036e-05,0.000289923,0.000748272,0.00140932,0.00182314,0.000333331,0.000289768,0.000288996,0.000288235,0.000311307,0.000291057,0.000283184,0.000278679,0.000868011,0.000104615,0.000869401,-0.000867834,0.000987628,4.39317e-05,0.491707,-0.00178019,-0.000757233,0.000675415,0.0017329,1790264100,0.00063454,4.3318e-05,0.00052461,1,0.000756234,0.000158808,0.000716257,1,0.000572202,0.00013823,0.000602318,1,0.000560553,0.00013093,0.000603384,1,
1790264340,0.000250008,0.00013434,0.000671522,-0.000395663,0.00095202,0.527781,0.000114976,0.000109914,0.0212281,-0.00155475,-0.00115894,-0.000583402,-0.00020377,7.69216e-05,0.00027071,0.000673177,0.0012485,0.0016052,8.42988e-05,0.00011341,0.000109531,0.000121474,0.000112532,0.000104982,0.000113872,0.000118457,0.00076348,9.97567e-05,0.00074646,-0.000785892,0.000819194,0,0.491869,-0.00163214,-0.000681697,0.00062462,0.00156985,1790264100,0.000809037,7.82976e-05,0.000739288,1,0.000615795,0.000125216,0.000593816,1,0.000661013,0.000175321,0.000753524,1,0.000550476,0.000125521,0.000608102,1,
1790264400,-0.000264936,1.49239e-05,0.000615425,-0.000264936,0.000943115,0.530126,0.000113939,0.000122553,0.0295842,-0.00145206,-0.00109165,-0.000574483,-0.000200464,8.48015e-05,0.00025499,0.000637195,0.00120135,0.00153257,8.86529e-05,0.00011184,0.000105936,0.000116992,0.00012889,0.000102488,0.000110709,0.000119955,0.000732653,3.73286e-05,0.000697555,-0.000763697,0.000747362,0,0.492346,-0.00155489,-0.000666606,0.000602737,0.00151037,1790264400,0.000742238,1.6237e-06,0.000617152,1,0.00079977,0.000151716,0.000777099,1,0.000579946,0.000118278,0.000627191,1,0.000651358,0.000143629,0.000728402,1,
1790264460,0.000305976,-2.23922e-05,0.000936289,-0.000126896,0.000934387,0.524695,0.000117814,0.000110858,0.0424724,-0.00138378,-0.00102266,-0.000529709,-0.000189591,6.0947e-05,0.000213772,0.000560519,0.00107416,0.00140455,9.34851e-05,0.000120549,0.000111483,0.000121407,0.000114812,0.00010595,0.000123734,0.000119062,0.000657355,7.90576e-06,0.000754447,-0.000685551,0.000625026,2.15453e-06,0.484043,-0.00143733,-0.000617098,0.000527152,0.00134748,1790264400,0.00064811,0,0.00070382,1,0.000685542,6.83924e-05,0.000779494,1,0.000696502,0.000149899,0.000842675,1,-0.000574157,0.000645979,8.36506e-05,1,
1790264520,-0.000682977,0,0,-0.00117217,0.000926008,0.525625,0.000189157,0.00019958,0.0618509,-0.00137631,-0.00103017,-0.000536665,-0.000198189,6.70063e-05,0.000219199,0.000563243,0.00107684,0.00137357,0.000196963,0.000193342,0.000192311,0.000191477,0.000211347,0.000194067,0.00018545,0.000182699,0.00066279,5.91653e-05,0.00073963,-0.000684701,0.000645633,0,0.490163,-0.0014244,-0.00060992,0.000533403,0.00135131,1790264400,-0.000632477,0.000613539,0,1,-0.000692028,0.000697058,5.41154e-05,1,-0.000631391,0.00070818,0.00011345,1,-0.000680616,0.000837052,0.000118582,1,
1790264580,-8.58717e-05,-0.000287512,0.000123194,-0.000287512,0.000921776,0.529462,8.60073e-05,9.15482e-05,0.0590386,-0.00129633,-0.00097475,-0.000484191,-0.000172244,7.04029e-05,0.000220346,0.000544391,0.00103245,0.00132157,6.25137e-05,9.4327e-05,7.97959e-05,9.02982e-05,0.000105181,7.61724e-05,8.98884e-05,8.32684e-05,0.000624533,0.000108094,0.000718761,-0.000662318,0.000663338,0,0.488483,-0.0013845,-0.000584834,0.000523598,0.00133842,1790264400,0.000606203,2.6463e-05,0.000585388,1,0.000606553,6.3557e-05,0.000676225,1,0.000602768,8.81788e-05,0.000757804,1,-0.000600901,0.000711557,0.00015913,1,
1790264640,0.0010337,0.000112005,0.00160048,-0.000112018,0.000912592,0.533742,0.000307645,0.00029491,0.0989451,-0.0011546,-0.00086322,-0.000426311,-0.0001421,7.05053e-05,0.000186575,0.000477146,0.000915525,0.00115566,0.00033009,0.000293569,0.000310981,0.000319372,0.000279581,0.000315134,0.000317615,0.000299861,0.00054821,0,0.00053261,-0.000517479,0.000442515,0,0.488994,-0.00103706,-0.000448493,0.000377335,0.00096098,1790264400,0.000625298,0,0.000575977,1,-0.000612114,0.000694883,4.05217e-05,1,0.000580551,8.85398e-05,0.000664271,1,0.000607895,9.7121e-05,0.000729312,1,
1790264700,-0.00038798,0.000167829,0.000384101,-0.000395443,0.000915171,0.521318,0.000130517,0.000138468,0.0455269,-0.00149751,-0.0011293,-0.000583849,-0.000214217,5.70494e-05,0.00023454,0.000598294,0.00114792,0.00144605,0.000115106,0.000129291,0.000119176,0.000140657,0.000147874,0.000120489,0.000138892,0.000126371,0.000711018,0.000172184,0.000878418,-0.000751204,0.000819337,0.000104925,0.491189,-0.00155979,-0.000669927,0.000586124,0.00147713,1790264700,0.000466892,2.62382e-06,0.000415841,1,0.000619134,9.53159e-05,0.000646934,1,0.000578137,0.000107707,0.000693407,1,-0.000566393,0.000677551,8.45604e-05,1,
1790264760,-0.000552385,7.83543e-05,0.00030965,-0.000552385,0.000907633,0.524753,0.000155001,0.000164229,0.0613468,-0.00126054,-0.000946048,-0.000464178,-0.000171734,5.52977e-05,0.000199735,0.000500818,0.000964348,0.0012291,0.000160533,0.000156871,0.000155819,0.000154532,0.000173744,0.000157525,0.000151119,0.000153396,0.000584074,1.27641e-05,0.000603932,-0.000600146,0.000549016,0,0.485272,-0.00126734,-0.000536366,0.000463325,0.00121731,1790264700,0.000745396,2.30181e-05,0.000703744,1,-0.00047563,0.000532315,3.32495e-06,1,0.00056773,0.000147119,0.000618879,1,0.000587497,0.00010832,0.000659912,1,
1790264820,0.00011946,1.86666e-05,0.000451635,-0.000156814,0.000901901,0.530678,8.13699e-05,7.91953e-05,0.0755396,-0.0012047,-0.000897761,-0.000444885,-0.000151453,6.54286e-05,0.000202668,0.000503713,0.000961857,0.00121494,6.32523e-05,9.33119e-05,7.66102e-05,8.11656e-05,9.97756e-05,7.83285e-05,8.21226e-05,7.9429e-05,0.000576267,5.61909e-05,0.000564647,-0.000608166,0.000577787,0,0.490215,-0.00127799,-0.000533318,0.000482748,0.00123768,1790264700,0.000594708,1.0524e-05,0.000478085,1,0.000616956,0.000183159,0.00073651,1,0.000472071,0.000102844,0.000511101,1,0.000568156,0.000132491,0.000660475,1,
1790264880,-0.000698299,-2.61308e-05,0.000712733,-0.000698299,0.000892996,0.533277,0.000198482,0.000206579,0.113007,-0.00112775,-0.000845903,-0.000421054,-0.000141438,6.87569e-05,0.000186419,0.000472043,0.000897624,0.00112829,0.00020111,0.000197271,0.000196143,0.000194922,0.000211401,0.000198303,0.000193414,0.000203209,0.000541853,0,0.000564654,-0.000582682,0.000506998,0,0.489967,-0.00120357,-0.00051495,0.00045092,0.00114778,1790264700,0.000590859,1.28986e-05,0.000518609,1,0.000588194,6.62359e-05,0.000585674,1,0.000631108,0.000173535,0.000735989,1,0.000468736,0.000109641,0.000511941,1,
1790264940,0.000769222,-2.98846e-05,0.00114242,-2.98846e-05,0.00088952,0.530265,0.000216151,0.000207987,0.116903,-0.00125656,-0.000916279,-0.000461546,-0.000154296,6.54217e-05,0.000202382,0.000517046,0.000977728,0.00122845,0.000219415,0.000219865,0.000218592,0.000221672,0.000209333,0.000217941,0.000219119,0.000209169,0.000593217,0.000101721,0.000700919,-0.00064639,0.000626406,3.58996e-05,0.495782,-0.00136869,-0.00055982,0.000523101,0.00130596,1790264700,-0.000529648,0.000505878,1.69714e-06,1,-0.000605063,0.000634853,0,1,0.000556675,9.36031e-05,0.000582847,1,0.000615902,0.000174653,0.000684854,1,
1790265000,2.23957e-05,7.46528e-06,0.000653001,-0.000283722,0.000887274,0.524584,7.8192e-05,7.95689e-05,0.0776633,-0.00123148,-0.000917321,-0.000480063,-0.000179133,5.72363e-05,0.00018494,0.000499196,0.000948772,0.00120145,5.7831e-05,8.58538e-05,6.90833e-05,7.93846e-05,9.54919e-05,7.38005e-05,7.7935e-05,7.97192e-05,0.000589434,2.5673e-05,0.000636486,-0.00059709,0.000526498,1.16016e-05,0.49636,-0.00125633,-0.00052239,0.000473623,0.00120773,1790265000,0.000641072,0,0.000582506,1,-0.000554528,0.000593153,3.89415e-05,1,0.000559145,8.50303e-05,0.000621166,1,-0.00053663,0.000645661,7.67947e-05,1,
1790265060,6.7184e-05,-1.49304e-05,0.00016422,-0.000586185,0.000878362,0.525956,7.84923e-05,7.58084e-05,0.0948099,-0.00119913,-0.00090138,-0.000455853,-0.000165697,5.68527e-05,0.00018612,0.000483942,0.000921452,0.0011839,6.03192e-05,8.70466e-05,6.7922e-05,8.36045e-05,9.17776e-05,7.17203e-05,8.20947e-05,7.69918e-05,0.000567226,2.50749e-05,0.000667066,-0.000604197,0.000533944,5.08651e-05,0.494423,-0.00128185,-0.000533192,0.000480054,0.00122082,1790265000,0.000561861,1.66047e-05,0.000579626,1,-0.000605272,0.000681913,0.000113831,1,0.000525534,9.65394e-05,0.000603309,1,0.000542315,0.000120052,0.000615818,1,
1790265120,0.000227645,-1.1197e-05,0.00097739,-0.000440511,0.000869586,0.532111,9.10822e-05,8.52173e-05,0.120955,-0.00113044,-0.000848896,-0.000421289,-0.000149828,6.92218e-05,0.000188819,0.000478722,0.000903501,0.00113388,8.06324e-05,0.000100507,8.40431e-05,9.6388e-05,9.61918e-05,8.51037e-05,9.3915e-05,8.88847e-05,0.00054662,6.18937e-05,0.000558859,-0.000573651,0.000516919,0,0.497948,-0.00119026,-0.000496104,0.000461532,0.00117258,1790265000,-0.000603902,0.000600487,0,1,-0.000584531,0.000654155,4.10139e-05,1,-0.00058454,0.00067642,0.000127164,1,0.000540589,9.4438e-05,0.000601926,1,
1790265180,0.000779573,-0.000123146,0.00137969,-0.000123146,0.000861448,0.530568,0.000219637,0.000210074,0.152932,-0.00123406,-0.000911907,-0.000454872,-0.000165434,7.13158e-05,0.000209292,0.000515674,0.000959733,0.00121935,0.000222989,0.000222396,0.000228122,0.000224863,0.000209712,0.000226634,0.000224331,0.000213489,0.000589527,9.45271e-05,0.000700026,0.000615282,0,0.00067152,0.500252,-0.00131187,-0.000533991,0.000502841,0.00127033,1790265000,-0.000556643,0.000530683,3.42899e-05,1,-0.000617853,0.000701383,5.31108e-05,1,-0.000547823,0.000662509,0.000132515,1,0.000600666,0.000118635,0.000682524,1,
1790265240,0.000242327,-3.72863e-05,0.000242327,-0.000443797,0.000859887,0.527148,0.000102099,9.47803e-05,0.110622,-0.0012796,-0.000960002,-0.000482685,-0.000177919,6.50207e-05,0.000201734,0.000525841,0.000976707,0.00124265,8.28699e-05,0.000101933,8.64625e-05,0.00011002,9.29395e-05,8.88137e-05,0.000107642,0.000107171,0.000610066,9.25442e-05,0.000700111,-0.000605636,0.000569002,4.42004e-05,0.498736,-0.00129789,-0.00052983,0.000489165,0.00125549,1790265000,-0.000651313,0.000633718,0,1,-0.000621527,0.000648723,5.9187e-06,1,-0.000604227,0.000690014,8.34781e-05,1,-0.000607978,0.000679038,3.8156e-05,1,
1790265300,-0.000272156,0.000108096,0.000167731,-0.000305715,0.000851934,0.532198,9.81324e-05,0.000106103,0.1415,-0.00115274,-0.000854729,-0.000438684,-0.000158959,7.38693e-05,0.000205573,0.000492215,0.000900189,0.00114096,8.99742e-05,0.000103458,8.80778e-05,0.000100612,0.000115686,9.06209e-05,0.000101193,9.91697e-05,0.000564454,5.55036e-05,0.000575749,-0.00053186,0.000471513,0,0.496094,-0.00111597,-0.000463415,0.000420407,0.00109147,1790265300,0.000649008,0,0.00059992,1,-0.000664765,0.000741556,4.57049e-05,1,0.000564658,9.31824e-05,0.000636047,1,0.000618816,9.50495e-05,0.000688803,1,
1790265360,0.000305704,-9.69502e-05,0.000745456,-0.000175263,0.000844249,0.538113,9.93979e-05,9.18935e-05,0.167884,-0.00105898,-0.00077357,-0.000379983,-0.000126977,7.61183e-05,0.000189875,0.0004326,0.000831001,0.00106253,9.34212e-05,0.000110787,9.35635e-05,0.000101722,9.55123e-05,9.35048e-05,0.000102909,9.87458e-05,0.000495035,3.88833e-05,0.000467233,-0.000482167,0.0004095,0,0.491158,-0.00100765,-0.000413667,0.000375552,0.00100222,1790265300,-0.00055869,0.00051808,0,1,0.000640553,8.3833e-05,0.000671253,1,-0.000622995,0.000723656,0.000112991,1,0.000587625,7.88699e-05,0.000675448,1,
1790265420,-0.00031689,-7.45534e-05,0.000178906,-0.00079428,0.000836882,0.538623,0.000104546,0.000112059,0.18454,-0.00109778,-0.000809028,-0.000408441,-0.000135243,8.29992e-05,0.000202503,0.000460217,0.000847105,0.00108344,9.72878e-05,0.00010931,9.26799e-05,0.000109495,0.000114663,9.3295e-05,0.00010608,0.000108194,0.000527937,7.07145e-05,0.000578743,-0.000546187,0.000501853,6.27721e-06,0.499794,-0.00116263,-0.000472842,0.000442707,0.00113034,1790265300,-0.000542171,0.000497889,0,1,0.000585914,5.70616e-05,0.000571724,1,-0.000598308,0.000702901,0.00011171,1,0.000638183,0.000120342,0.000717162,1,
1790265480,0.000294525,3.72871e-06,0.000700753,-0.000328181,0.000829682,0.538566,9.71628e-05,8.94744e-05,0.183987,-0.00105936,-0.000766985,-0.00037409,-0.000122498,7.48163e-05,0.000192942,0.000439308,0.00082191,0.00104899,9.16449e-05,0.000107454,8.93569e-05,0.000108781,8.83391e-05,8.79655e-05,0.000103508,9.25919e-05,0.000497008,9.22683e-05,0.000572357,0.000554098,0,0.000575724,0.502046,-0.0011713,-0.00047122,0.000458731,0.00116698,1790265300,-0.000597563,0.000560371,0,1,-0.000575944,0.000554944,0,1,0.000547231,0.000102653,0.0005712,1,-0.000621113,0.000719934,6.88497e-05,1,
1790265540,0.000164002,-2.98214e-05,0.000201271,-0.000156572,0.000822399,0.536285,7.60345e-05,7.09003e-05,0.192228,-0.00105051,-0.000769094,-0.00038745,-0.000134367,7.46467e-05,0.000193948,0.000423805,0.000795418,0.00100618,6.96956e-05,8.4944e-05,6.65321e-05,8.59686e-05,6.53396e-05,6.48637e-05,7.87945e-05,7.82585e-05,0.000492168,7.15662e-05,0.00053855,0.000516244,0,0.00054303,0.502692,-0.00108977,-0.000440332,0.000424151,0.00108556,1790265300,-0.000615354,0.000552193,0,1,-0.000597204,0.000648508,1.12177e-05,1,0.00052764,5.24975e-05,0.000525824,1,0.000554331,7.74699e-05,0.000638911,1,
1790265600,-0.00258242,5.96303e-05,0.000186333,-0.00276179,0.000814463,0.532253,0.00108016,0.00109602,0.219677,-0.00101395,-0.000797582,-0.000424317,-0.000145658,6.77924e-05,0.000171325,0.00039949,0.000786806,0.000979629,0.00111161,0.00105841,0.0011358,0.00103995,0.00115126,0.00114095,0.00106521,0.00105816,0.000496715,8.4934e-05,0.000578762,-0.000501169,0.000434356,2.09937e-05,0.495172,-0.00101569,-0.000454445,0.000379199,0.000957436,1790265600,-0.000579737,0.00054772,0,0,-0.000622385,0.000661465,4.81218e-05,1,0.00056883,8.9894e-05,0.000637586,1,-0.000503033,0.000590969,6.21148e-05,1,
1790265660,0.000235381,-7.47331e-06,0.000784387,-6.72618e-05,0.000885133,0.54007,0.000113716,0.000109192,0.0737556,-0.00167002,-0.00119507,-0.00056795,-0.000180771,0.0001185,0.000307322,0.000691721,0.00129044,0.00164165,8.15355e-05,0.000104294,0.000111674,0.000113742,0.000111424,0.000147295,0.000116632,0.000108224,0.000773623,0.000241155,0.00087411,0.000805002,8.95029e-05,0.000847823,0.513333,-0.00167456,-0.000646469,0.000679949,0.00161425,1790265600,-0.000588299,0.000501021,0,0,-0.000605345,0.000663863,0,0,-0.000580651,0.000671028,6.70725e-05,1,-0.000565586,0.000678488,6.30656e-05,1,
1790265720,-0.00013076,0,0.000485531,-0.000216698,0.00087687,0.535347,9.53247e-05,9.93973e-05,0.0627803,-0.00140442,-0.00102541,-0.00050844,-0.000172526,9.24068e-05,0.000225122,0.000560623,0.00112005,0.00143801,6.64115e-05,9.13854e-05,9.74716e-05,8.94447e-05,0.000106732,0.000118817,9.09247e-05,9.23388e-05,0.000648103,1.0289e-05,0.000710999,0.000684503,0,0.000677976,0.501685,-0.00142545,-0.000583428,0.000564259,0.00139534,1790265600,0.000872293,0,0.000740665,1,0.000650557,2.96538e-06,0.00058167,0,-0.000563134,0.00067815,6.11256e-05,1,-0.000589733,0.000694744,8.91485e-05,1,
1790265780,-0.000941979,-6.72548e-05,-2.24178e-05,-0.000986857,0.000868253,0.528429,0.000261566,0.000271946,0.0675108,-0.00133171,-0.000977067,-0.000493309,-0.00017336,6.74801e-05,0.000183025,0.000512209,0.00101814,0.00130918,0.00029553,0.000264781,0.000264459,0.000262799,0.000274351,0.000270053,0.00024634,0.000262204,0.000605467,0,0.000782828,-0.000657748,0.000497142,7.85128e-05,0.492294,-0.0013967,-0.000577513,0.000525202,0.00133202,1790265600,-0.00066255,0.000613595,6.73907e-05,1,-0.000722689,0.000826012,0.000258607,1,0.000592959,5.97555e-05,0.000604169,0,0.000578691,0.000131219,0.000623657,0,
1790265840,0.000340261,-7.47982e-05,0.000429981,-0.000546156,0.000869789,0.534159,0.000117985,0.000110341,0.0655365,-0.00132608,-0.000965522,-0.000475045,-0.000164651,8.36169e-05,0.000222626,0.000550208,0.00105572,0.00134913,9.8813e-05,0.000120069,0.00012115,0.000113134,0.000125124,0.000125682,0.000121461,0.000114633,0.000624132,4.42168e-05,0.000668236,-0.000670981,0.000584407,0,0.497113,-0.00141889,-0.000572405,0.0005534,0.00139104,1790265600,-0.000679048,0.000597691,0,1,-0.000705275,0.000686562,4.56515e-05,1,-0.000732394,0.000797651,0.000182422,1,-0.000510629,0.000557191,7.35236e-05,0,
1790265900,0.000171956,-1.12156e-05,0.00034762,-0.000224335,0.000862391,0.532713,9.51668e-05,8.99637e-05,0.0647785,-0.00131266,-0.000981585,-0.000498965,-0.000172492,8.21819e-05,0.00022894,0.000558819,0.00107932,0.00136089,7.06867e-05,9.16794e-05,9.05016e-05,9.22649e-05,0.000103313,9.05923e-05,0.000101027,9.80922e-05,0.000641421,2.96961e-05,0.000737359,-0.000707648,0.000615622,8.08271e-06,0.498085,-0.00146924,-0.000607449,0.000572954,0.00143809,1790265900,-0.000705644,0.000682907,0,1,-0.000670229,0.000698701,9.9578e-05,1,-0.000662974,0.000734674,0.000141869,1,-0.00071795,0.000848073,0.000170061,1,
1790265960,-0.000673041,-5.60694e-05,0.000437234,-0.000796481,0.00085407,0.53314,0.00018877,0.000198829,0.0771866,-0.0012187,-0.000894378,-0.000443553,-0.000157532,7.63908e-05,0.000192074,0.000461456,0.000935365,0.00119484,0.000194142,0.000190057,0.000189642,0.000188197,0.000198431,0.000191876,0.000185201,0.000188192,0.000545712,0,0.000635479,-0.000553445,0.000461599,1.61219e-06,0.493455,-0.00116382,-0.000484822,0.000437867,0.00111641,1790265900,-0.000689961,0.000649663,3.7494e-05,1,-0.000712908,0.000710575,1.94738e-05,1,-0.000678591,0.000719596,6.47898e-05,1,-0.000676997,0.000764257,4.56167e-05,1,
1790266020,-0.000482625,0,2.2442e-05,-0.000651037,0.000850827,0.532404,0.000138914,0.000146188,0.0793169,-0.00127605,-0.000927728,-0.000473989,-0.000163799,7.68893e-05,0.000206862,0.000494021,0.000988253,0.00125614,0.000141057,0.000139094,0.000136536,0.000136018,0.000151142,0.000138629,0.000145739,0.000139138,0.000583509,9.9878e-05,0.000689401,-0.000618006,0.000598712,0,0.498084,-0.00130811,-0.000531267,0.000507906,0.00125663,1790265900,-0.000603555,0.000528086,0,1,-0.000740354,0.000770883,0,1,-0.000680531,0.000719413,4.80523e-05,1,-0.000693422,0.000718654,5.44848e-05,1,
1790266080,0.00102109,-4.49072e-05,0.00105848,-0.00021707,0.000845036,0.533637,0.000298307,0.00028982,0.0972468,-0.00119198,-0.000867225,-0.000447755,-0.000155306,7.70068e-05,0.000181653,0.000464354,0.000944002,0.00119058,0.000324686,0.000295315,0.000303765,0.000320112,0.000287479,0.000304406,0.000286983,0.000289851,0.000549205,3.09113e-05,0.000578306,-0.000563865,0.00049366,0,0.493251,-0.00118265,-0.00048495,0.000458648,0.00116363,1790265900,0.000685185,0,0.000571028,1,0.00061945,3.52089e-05,0.000598975,1,0.000692307,9.76452e-05,0.000749195,1,-0.000670999,0.000724058,6.25673e-05,1,
1790266140,-0.000261719,-4.48613e-05,3.73835e-06,-0.000433744,0.000848915,0.529646,0.000100398,0.000106944,0.0537377,-0.0012912,-0.000945441,-0.000489748,-0.000168513,6.95773e-05,0.000187693,0.000482152,0.000967539,0.00124653,8.76025e-05,0.000102198,9.91388e-05,9.53827e-05,0.000117384,0.000100862,0.000104665,9.99478e-05,0.000584067,5.70167e-05,0.000708439,-0.000628629,0.000567743,2.34242e-05,0.492241,-0.00133076,-0.000555226,0.000499669,0.00127768,1790265900,-0.000620007,0.000540936,0,1,0.000678913,3.40757e-05,0.000683739,1,0.000600063,8.4263e-05,0.000587768,1,0.000707897,4.83109e-05,0.000755065,1,
1790266200,-0.000602215,0,0.000216858,-0.000654598,0.000841198,0.528245,0.000166971,0.000174701,0.0664509,-0.00118919,-0.000881818,-0.00044584,-0.000172107,6.64227e-05,0.000171793,0.000434724,0.000888222,0.00114689,0.000174225,0.000170268,0.000169658,0.000168323,0.000177144,0.000171378,0.000165913,0.000162367,0.000529987,0,0.00055898,-0.000542638,0.000427561,0,0.486996,-0.00113896,-0.000480627,0.000421673,0.00109479,1790266200,0.000678888,0,0.000624494,1,-0.000659166,0.000618928,0,1,0.000651095,5.51066e-05,0.000693833,1,0.000597746,7.29629e-05,0.000630888,1,
1790266260,-0.00120552,7.10877e-05,7.10877e-05,-0.00177884,0.000837087,0.532863,0.00038036,0.000391846,0.0711426,-0.00115425,-0.000852143,-0.000427545,-0.000147679,7.06481e-05,0.000187223,0.000457816,0.000909791,0.00117741,0.000422973,0.000363792,0.000381916,0.000389357,0.000354749,0.000376904,0.000381693,0.000384539,0.00053524,6.68376e-05,0.000539463,-0.000588085,0.00053209,0,0.496654,-0.00123991,-0.0005045,0.000481904,0.00120617,1790266200,-0.000593955,0.000514643,0,0,0.000680441,4.47869e-05,0.00064757,1,0.000597143,5.90389e-05,0.000595635,1,0.000648656,0.000100096,0.000676629,1,
1790266320,-0.00108696,-4.87005e-05,0.000258448,-0.00110196,0.00084603,0.534144,0.000323741,0.000330961,0.0427118,-0.00136272,-0.00098664,-0.000481079,-0.000167062,8.48615e-05,0.000241572,0.000563047,0.00107661,0.00135378,0.000362895,0.000315544,0.000321105,0.000310768,0.000304716,0.000320349,0.000329369,0.000334234,0.000637423,0.000137836,0.000706319,0.000703633,3.15409e-05,0.00070415,0.501003,-0.00146628,-0.000585968,0.00058386,0.00142021,1790266200,0.000650936,0,0.000542754,0,0.000635116,0,0.000580897,0,0.00061708,0.000116227,0.000653166,0,0.000592554,7.54583e-05,0.000616122,1,
1790266380,6.75009e-05,-1.87511e-05,0.00064857,-0.000551428,0.000851517,0.534382,8.76292e-05,8.66276e-05,0.0386724,-0.00141292,-0.00101078,-0.00049861,-0.000172553,8.86295e-05,0.000229272,0.000539121,0.00109104,0.00136186,5.98555e-05,8.48949e-05,8.45732e-05,8.23646e-05,9.91827e-05,8.39749e-05,8.81211e-05,9.4047e-05,0.000628621,9.14773e-05,0.000696283,-0.000684013,0.000668087,0,0.496957,-0.00143792,-0.000576416,0.000564964,0.00138007,1790266200,0.000779403,0,0.00068985,1,-0.000680588,0.000644815,0,1,0.000600056,2.27574e-05,0.00055322,0,0.000651456,5.6636e-05,0.000660166,1,
1790266440,0.00276362,0,0.00276362,-0.000191264,0.000843013,0.528317,0.00111468,0.00111247,0.0454799,-0.00133311,-0.000970534,-0.000500565,-0.000171872,6.65631e-05,0.000215094,0.000542206,0.00106098,0.00132396,0.0011959,0.00113779,0.00114966,0.00113355,0.00110897,0.00114782,0.00111227,0.00107169,0.000630141,0,0.000699857,-0.000682275,0.00062885,5.27541e-05,0.493904,-0.00141998,-0.000588203,0.000549564,0.00135529,1790266200,0.000756643,0,0.000649849,0,0.000730793,1.34766e-05,0.000804318,1,0.000629426,1.99924e-05,0.000656725,1,0.00058648,2.11037e-05,0.000617837,1,
1790266500,0.00286415,-0.000239362,0.00387044,-0.000239362,0.000921525,0.516766,0.00107845,0.00107284,0.0265368,-0.00184057,-0.0014003,-0.000726043,-0.000267347,5.31092e-05,0.000248868,0.000685204,0.00140718,0.00189196,0.00124493,0.00115208,0.00108264,0.00110273,0.00111319,0.000970416,0.00106199,0.00108125,0.000852213,0.000209401,0.00106467,-0.000969047,0.000972446,0.000177129,0.4866,-0.00195442,-0.000836626,0.000728214,0.00187216,1790266500,-0.000704247,0.000614222,1.64369e-06,0,-0.000711047,0.000695652,5.52088e-05,0,0.000671408,7.75736e-05,0.000736747,0,0.000619119,6.45188e-05,0.000641473,0,
1790266560,0.00448695,0.000208796,0.00570381,-9.32264e-05,0.000998144,0.508067,0.0018373,0.00182776,0.138638,-0.00227744,-0.00172002,-0.000928301,-0.000362361,3.14482e-05,0.000294199,0.000826866,0.00164737,0.00222028,0.00205565,0.00192938,0.00181099,0.00185247,0.00185995,0.00176283,0.00183529,0.00184158,0.00106427,0.000122258,0.00120303,-0.00108015,0.00108195,0.000233138,0.486853,-0.00220693,-0.000936629,0.000812714,0.00215031,1790266500,-0.0010472,0.00101649,0,0,0.000733511,1.77554e-05,0.000733466,0,0.000660485,6.00614e-05,0.000713907,0,0.000670912,0.00010692,0.000730193,0,
1790266620,0.0010945,5.93932e-05,0.00163944,-0.000382428,0.00117432,0.511349,0.000326771,0.000317346,0.955229,-0.00293622,-0.00222846,-0.00118588,-0.000465195,5.89519e-05,0.000438302,0.00110502,0.00224818,0.00307093,0.000357982,0.000313427,0.000330105,0.000319565,0.000254405,0.000312518,0.000340764,0.000351354,0.00138553,0.000203832,0.00157768,-0.00137238,0.00146482,0.000209178,0.492082,-0.00275907,-0.00116688,0.00104483,0.00277416,1790266500,0.00115163,8.9995e-05,0.000962583,0,0.000931954,0.000145952,0.000933336,0,0.000679773,9.06354e-05,0.000720996,0,0.000647981,0.000105864,0.000680442,0,
1790266680,-0.00307133,-0.000185423,0.000785814,-0.00324617,0.00117277,0.514912,0.000993801,0.00100978,0.943395,-0.00269417,-0.00208934,-0.00111552,-0.00043814,7.59661e-05,0.000400905,0.00101601,0.00210759,0.00286564,0.00135485,0.00114246,0.000959095,0.00107861,0.00121373,0.00107287,0.000961554,0.000885436,0.0012929,0,0.00123634,0.00120276,0,0.00117332,0.501486,-0.00246971,-0.00102375,0.000955138,0.00245202,1790266500,0.0014411,0.000162626,0.00130901,1,0.00115317,0.000235127,0.000968179,1,0.000883354,0.000145547,0.000952855,0,0.000700709,8.46747e-05,0.000690379,0,
1790266740,-0.000331093,-4.46354e-05,0.000628403,-0.00106808,0.00123958,0.528858,0.000194217,0.000201637,0.949899,-0.00278087,-0.00205752,-0.00101135,-0.000323067,0.000129035,0.000502482,0.00114327,0.00222044,0.00281865,9.95531e-05,0.000153379,0.000217289,0.000189464,0.000309192,0.000173918,0.000227927,0.000185235,0.00131179,0.000466483,0.00138133,0.00136832,0.000280287,0.00127101,0.520255,-0.00274823,-0.00106665,0.00115182,0.00275451,1790266500,0.00126199,5.10086e-05,0.000988365,1,0.00153452,0.000197794,0.00124336,1,0.00101763,0.000144342,0.00107568,1,0.000893014,5.89255e-05,0.000873829,0,
1790266800,0.00212973,3.72076e-06,0.00293509,3.72076e-06,0.00122801,0.528075,0.000620359,0.000605582,0.914826,-0.00244702,-0.0018019,-0.000942441,-0.0003052,0.000117215,0.000407642,0.000973325,0.00195035,0.00248913,0.000874438,0.000658202,0.00060523,0.000642414,0.000499385,0.000646456,0.000607297,0.000623937,0.00115328,0.000100521,0.00127619,0.00120721,0,0.00116954,0.509539,-0.00242757,-0.000981202,0.0010128,0.00248561,1790266800,0.00144831,2.44169e-06,0.00119668,1,0.00120371,0.000131421,0.00117905,1,0.00124406,0.000168546,0.00143411,1,-0.000997842,0.00105519,6.94034e-05,1,
1790266860,-0.000233937,4.82659e-05,0.000386062,-0.00113306,0.00125242,0.503367,0.000183619,0.000190508,0.904446,-0.00278503,-0.00211973,-0.00112283,-0.000462007,1.74416e-05,0.000362789,0.00103845,0.00218641,0.00297558,8.33955e-05,0.00014858,0.000198962,0.000171078,0.00028759,0.000166354,0.000181537,0.000191007,0.0013104,1.08203e-05,0.00168105,-0.00126207,0.00115477,0.000272454,0.496556,-0.00260689,-0.0010791,0.0010046,0.00258243,1790266800,-0.001156,0.000991753,0.000158192,1,-0.00122777,0.00128522,0.000360692,1,-0.0011119,0.00114069,0.000123581,1,-0.00120551,0.00131009,0.000167886,1,
1790266920,-9.65613e-05,-0.000126274,0.000657112,-0.000932578,0.00124028,0.511463,0.000152564,0.000158393,0.836367,-0.00239641,-0.0018326,-0.000935108,-0.000370051,4.727e-05,0.000323727,0.000881784,0.0019083,0.00255955,6.30501e-05,0.00013892,0.000178752,0.000136493,0.000244266,0.000139346,0.000152208,0.000154445,0.00109941,0,0.00132999,-0.00109821,0.000998561,8.49848e-05,0.49969,-0.00227547,-0.000944199,0.000895634,0.00227854,1790266800,-0.00127118,0.00113994,6.76478e-06,1,-0.00117212,0.00108005,0.000228643,1,-0.00114151,0.00116105,0.000394028,1,-0.000975993,0.00106065,0.000316425,1,
1790266980,-0.000104,0.000159692,0.000579228,-0.000304601,0.00122789,0.519568,0.000146267,0.000151056,0.729582,-0.00219684,-0.00166513,-0.000872246,-0.00031208,7.47315e-05,0.00032692,0.000847794,0.0018525,0.00245844,6.33426e-05,0.000137271,0.000167304,0.000137921,0.000215598,0.000115461,0.000147986,0.0001518,0.00103619,0,0.00111186,0.00108683,0,0.00110884,0.506525,-0.00222471,-0.000916959,0.000902841,0.00224804,1790266800,-0.0010826,0.00108963,0,1,-0.00117583,0.0013244,0.000166826,1,-0.00100039,0.00111155,0.00033039,1,-0.00100701,0.00124045,0.000420916,1,
1790267040,-0.000482997,-2.2287e-05,-2.2287e-05,-0.000653959,0.00121564,0.5152,0.000161738,0.000169828,0.678342,-0.0018894,-0.00140464,-0.000736767,-0.000285776,5.03519e-05,0.000269127,0.000706546,0.00149261,0.0019515,0.000141489,0.00017505,0.000191076,0.000156513,0.000223978,0.000147519,0.000165924,0.000153357,0.000870899,0,0.000973599,-0.000887827,0.000781312,0,0.497346,-0.0018375,-0.000762553,0.000719212,0.00184598,1790266800,-0.00101943,0.00109392,5.60959e-05,1,-0.00111022,0.00124929,4.89504e-05,1,-0.00104492,0.00127965,0.000251767,1,-0.000967149,0.00114895,0.000268529,1,
1790267100,-0.00107458,-4.45961e-05,0.00046071,-0.00114526,0.00120536,0.517787,0.000297055,0.000306523,0.676789,-0.0017364,-0.00128181,-0.000657054,-0.000239379,5.07464e-05,0.000230031,0.000613037,0.00134288,0.00177511,0.000356022,0.000303527,0.000303588,0.000300276,0.000337009,0.000315333,0.000301618,0.000285827,0.000769239,0,0.000781781,-0.000817557,0.000683517,0,0.492946,-0.00166707,-0.000696158,0.00064869,0.00170361,1790267100,-0.000918072,0.000858465,0,1,-0.00110564,0.00119936,2.56669e-05,1,-0.0010356,0.00119401,0.000102424,1,-0.00106456,0.00119442,0.000195437,1,
1790267160,0.00124179,4.09219e-05,0.00155386,4.09219e-05,0.00120288,0.520753,0.000356606,0.000350124,0.358102,-0.00181034,-0.00131359,-0.000690105,-0.000237691,6.09846e-05,0.000244578,0.000662559,0.00138924,0.00184772,0.0004308,0.000354226,0.000354906,0.000354207,0.000347784,0.000371027,0.000354312,0.000363745,0.000815442,9.3628e-05,0.000979093,0.000851748,3.32627e-05,0.000899514,0.501668,-0.0017906,-0.000714937,0.000710819,0.00179907,1790267100,-0.000836811,0.000746641,0,1,-0.000943156,0.0009863,2.5048e-06,1,-0.00101573,0.00116258,0.000198946,1,-0.0009971,0.00113449,0.000209966,1,
1790267220,0.000579471,0,0.000887643,-0.000419955,0.00120367,0.510659,0.000188155,0.000181775,0.134592,-0.00182763,-0.00138302,-0.000717537,-0.000285654,3.35057e-05,0.000238756,0.000672604,0.00140617,0.00189355,0.000165631,0.000193463,0.000197468,0.000171126,0.0001893,0.000168112,0.000195852,0.00019711,0.000841063,5.2357e-06,0.000935553,0.000882743,0,0.000950076,0.500879,-0.00185286,-0.000759611,0.000718342,0.00185043,1790267100,-0.000965643,0.000942175,0,1,-0.000880552,0.000857101,0,1,-0.00086282,0.00101528,6.88247e-05,1,-0.000990778,0.00116853,0.000173519,1,
1790267280,0.00145833,-2.97083e-05,0.00149912,-9.28414e-05,0.00119439,0.513466,0.000444004,0.000429087,0.20028,-0.00181516,-0.0013634,-0.000710547,-0.00029781,4.55994e-05,0.000232219,0.000642707,0.001349,0.00184042,0.000537941,0.000414082,0.000414087,0.000446491,0.000357892,0.000461922,0.000451049,0.000460124,0.000822631,0,0.000911942,0.000894172,0,0.000987948,0.500103,-0.00187607,-0.000774257,0.000725565,0.00187678,1790267100,-0.000916219,0.000907007,0,1,-0.000914618,0.00106907,0,1,0.000774358,0.000137633,0.000796184,1,-0.000808912,0.0010082,0.000137663,1,
1790267340,-0.000567496,-3.70814e-05,6.67431e-05,-0.000749311,0.00120024,0.511927,0.000170632,0.000179621,0.0984642,-0.00191488,-0.00144847,-0.000760767,-0.000316716,4.22415e-05,0.000233784,0.000678144,0.00143624,0.00193586,0.000165411,0.000186998,0.000188053,0.000160857,0.000270129,0.000168057,0.000165413,0.00016569,0.000876297,0,0.00075019,0.000910325,0,0.00091162,0.502686,-0.00190098,-0.000786027,0.000737064,0.00190877,1790267100,-0.000927794,0.000927264,0,1,-0.000889865,0.00107759,0,1,0.000839895,0.000257771,0.000883071,1,-0.000733366,0.000879914,0.000133027,1,
1790267400,-0.00117682,5.93611e-05,8.16205e-05,-0.00172301,0.00119088,0.515907,0.000323487,0.000334165,0.15225,-0.0017685,-0.00134556,-0.000697976,-0.000267172,4.96383e-05,0.000250059,0.000682797,0.00139065,0.00183279,0.000406146,0.000332231,0.000331777,0.000329451,0.000406513,0.000344051,0.000330909,0.000306,0.00083068,0,0.000727995,-0.000905026,0.000836081,0,0.499283,-0.00186648,-0.000783517,0.000731273,0.00185126,1790267400,0.00088859,6.85347e-05,0.000821935,1,0.000899313,0.000223592,0.000886457,1,0.000812829,0.000293858,0.000898861,1,0.000768942,0.000341975,0.000883153,1,
1790267460,-0.00118192,1.85726e-05,4.82879e-05,-0.00118192,0.0011906,0.52546,0.000335936,0.000344733,0.123655,-0.00168827,-0.00123265,-0.000621081,-0.00022236,7.43238e-05,0.000269916,0.00066721,0.00138307,0.00178199,0.000407922,0.000333587,0.000333097,0.000330918,0.000392355,0.000340615,0.00034652,0.000333499,0.000778853,0.000122053,0.00076515,0.000945445,1.35215e-05,0.000892647,0.505507,-0.00196977,-0.000789649,0.000796699,0.00199366,1790267400,-0.000951699,0.000959665,0,1,-0.000888643,0.00106816,0,1,-0.000845284,0.00111695,3.87191e-05,1,-0.000793575,0.00104714,9.77309e-05,1,
1790267520,-0.000710569,0,0,-0.000963669,0.00119043,0.521343,0.000203751,0.000210668,0.121576,-0.00161611,-0.00118177,-0.000589156,-0.000225125,5.97954e-05,0.000237197,0.000616078,0.00133914,0.00169682,0.00020467,0.000208925,0.000204249,0.000199053,0.000257778,0.000205242,0.000207359,0.000203277,0.000726694,1.66609e-05,0.000763603,-0.000877174,0.000812177,0,0.493848,-0.00186038,-0.000755065,0.000714304,0.00182622,1790267400,-0.000960742,0.000925106,0,1,-0.000821185,0.000909268,0.000163742,1,-0.000810625,0.00103874,0.000132115,1,-0.000797578,0.00103831,0.000145458,1,
1790267580,-3.72165e-05,1.86077e-05,0.00062503,-0.000353613,0.00118274,0.517669,9.66477e-05,0.000100603,0.103519,-0.00153329,-0.00113131,-0.000580579,-0.000225235,4.73216e-05,0.000215096,0.000574328,0.00128413,0.00160186,5.98971e-05,0.000124775,0.000113751,8.58572e-05,0.000153298,9.07236e-05,8.96631e-05,9.62248e-05,0.000694192,0,0.000813037,-0.00084973,0.000725238,0,0.4909,-0.0017819,-0.00073851,0.000677485,0.00173415,1790267400,-0.000922098,0.000827947,0,1,-0.000950008,0.00100038,9.80891e-05,1,-0.0008414,0.000946911,7.6218e-05,1,-0.000818119,0.000973191,0.000132244,1,
1790267640,-0.000163769,-7.07152e-05,0.000256766,-0.000338734,0.00117086,0.511669,0.000100482,0.000103461,0.120337,-0.001493,-0.00108316,-0.000574721,-0.000226978,2.93661e-05,0.000186846,0.000572549,0.00122491,0.00153556,7.15408e-05,0.000129953,0.00011363,9.85468e-05,0.000142444,8.80124e-05,8.55189e-05,0.000102793,0.000688759,0,0.000786373,-0.000829879,0.000691828,2.55119e-05,0.494063,-0.00171816,-0.000724824,0.000654025,0.0016352,1790267400,-0.000831794,0.000737552,0,1,-0.000893,0.000914977,5.31417e-05,1,-0.000826514,0.000999056,0.000168572,1,-0.000753056,0.000932754,0.000166882,1,
1790267700,0.00133914,-5.58365e-05,0.00134286,-0.000688868,0.00115933,0.508547,0.000414107,0.000403892,0.166408,-0.00139719,-0.0010171,-0.000536949,-0.000208051,1.99875e-05,0.000165408,0.000534985,0.00111253,0.00141511,0.00047905,0.000380415,0.000393769,0.000429405,0.000386411,0.000442678,0.000460207,0.000403953,0.000643484,0,0.000670203,-0.000756729,0.000591946,0,0.49093,-0.0015498,-0.000661562,0.000576852,0.00146445,1790267700,-0.0007484,0.000744474,5.40876e-05,1,-0.000862001,0.000861341,5.69886e-05,1,0.000789837,0.000162301,0.000865827,1,-0.000792363,0.00101602,0.000206365,1,
1790267760,0.000512862,1.1152e-05,0.0010923,-2.60218e-05,0.0011632,0.503726,0.000167871,0.000163477,0.0662471,-0.00165035,-0.00122901,-0.000648633,-0.00026964,1.29005e-05,0.000201882,0.000599818,0.00124472,0.00159431,0.000147042,0.000176195,0.000161974,0.000162981,0.000171937,0.000147221,0.000177148,0.000174326,0.000756677,5.87403e-06,0.000861461,-0.00090752,0.000858613,4.33954e-05,0.493369,-0.0019138,-0.000806898,0.000716054,0.00183002,1790267700,-0.000676408,0.000678934,2.21156e-06,1,-0.000806626,0.000878903,7.62762e-05,1,0.00076066,0.000147662,0.000840313,1,-0.000734928,0.000942315,0.000150325,1,
1790267820,-0.000613236,1.11463e-05,0.000174611,-0.000680157,0.00115379,0.503595,0.000164404,0.000170572,0.078343,-0.00157659,-0.00118384,-0.000611724,-0.000248606,1.16939e-05,0.000192104,0.000558679,0.00116664,0.00147551,0.000177623,0.000188213,0.000174213,0.000172555,0.000207178,0.000174625,0.000154477,0.000159562,0.000710266,0,0.000740624,-0.000807531,0.000710082,0,0.491029,-0.00170804,-0.000725165,0.000618819,0.00157639,1790267700,0.000846008,2.01394e-05,0.000870907,1,-0.000747179,0.000790101,2.76637e-05,1,-0.000759877,0.000899954,0.000142335,1,0.000752445,0.000137578,0.000877041,1,
1790267880,0.000353121,-2.23066e-05,0.00139317,-2.23066e-05,0.00114548,0.510947,0.000128914,0.000124472,0.0901474,-0.0014247,-0.0010527,-0.000535015,-0.000212622,2.55737e-05,0.000178185,0.000535784,0.00111356,0.00139302,0.000102956,0.000147505,0.000128787,0.000124228,0.000139794,0.000115884,0.000126045,0.000134117,0.000642564,0,0.000549258,-0.000744052,0.000649179,0,0.489358,-0.00153589,-0.00065003,0.000571064,0.00145987,1790267700,0.000769259,3.64945e-05,0.000668617,1,0.000878279,0.000153904,0.000878357,1,0.00071364,1.33034e-05,0.00070759,1,0.000804369,0.000119621,0.000871136,1,
1790267940,0.000635304,-8.91978e-05,0.000676158,-8.91978e-05,0.00113507,0.516833,0.000185627,0.000179435,0.113286,-0.00150813,-0.00109427,-0.000566306,-0.00021934,4.34752e-05,0.000216127,0.000567811,0.001168,0.00145964,0.00018101,0.000193261,0.000182772,0.000185513,0.00018019,0.000180574,0.000192944,0.000185826,0.000680651,0,0.000691474,-0.000830051,0.000792002,7.26491e-06,0.496554,-0.00174912,-0.000729349,0.000661152,0.00164578,1790267700,0.000703699,3.37897e-06,0.000615884,1,0.000765819,0.000138697,0.000782439,1,0.000778064,0.000111905,0.000806785,1,0.000736557,9.07415e-05,0.000799943,1,
1790268000,0.00125456,4.08537e-05,0.00264091,-0.000352897,0.00112724,0.510811,0.000391437,0.000377121,0.123864,-0.00139549,-0.00103386,-0.000535289,-0.000213497,2.53314e-05,0.00017601,0.000509865,0.00106254,0.00135397,0.000435984,0.00035667,0.000377962,0.00038652,0.000342906,0.000400131,0.000432769,0.00039284,0.00063112,0,0.000538347,-0.000731444,0.000598316,0,0.491913,-0.00152499,-0.000645473,0.000550659,0.00140784,1790268000,0.000793121,1.43732e-05,0.000753278,1,0.000748811,4.19495e-07,0.000758968,1,0.000739609,3.25538e-05,0.000737886,1,0.00082188,0.00013046,0.000915078,1,
1790268060,0.00110479,-0.000129837,0.00153451,-0.000215168,0.00112993,0.511404,0.000322134,0.00031253,0.0778658,-0.00182627,-0.00139375,-0.000713568,-0.000285488,3.61646e-05,0.000280118,0.000692462,0.0014361,0.00178826,0.00036052,0.000315086,0.000313567,0.000318735,0.000287518,0.000326539,0.000334011,0.000328304,0.000847028,2.83355e-05,0.000910795,-0.000923599,0.000975887,0.000133612,0.497789,-0.00195771,-0.000813511,0.000741036,0.00188868,1790268000,0.000672193,0,0.000603579,0,0.00079167,0.000102853,0.000844061,1,0.000674576,0,0.000677467,1,0.000736553,0.000122325,0.000829044,1,
1790268120,0.00112578,-3.70536e-05,0.00274556,-0.000329826,0.00112943,0.494411,0.000335706,0.000324324,0.0731827,-0.00175931,-0.00134785,-0.00072162,-0.000319316,-1.30266e-05,0.000239446,0.000676562,0.00132978,0.00170388,0.000369399,0.00032073,0.000319246,0.000322755,0.00028369,0.000332785,0.000342792,0.000355703,-0.000845336,0.000765944,0,-0.000862414,0.000828338,2.81546e-05,0.496093,-0.0018403,-0.00076885,0.000681001,0.00175302,1790268000,0.000914285,6.55487e-05,0.000875968,1,0.000649919,8.95296e-05,0.000705906,0,0.000738175,4.02907e-05,0.000801618,0,0.000679747,9.76233e-05,0.000774538,0,
1790268180,-0.00173734,1.85055e-05,0.00018874,-0.00210074,0.00112936,0.515727,0.000508094,0.000524043,0.0723265,-0.00193274,-0.0014566,-0.000785615,-0.000307026,5.64532e-05,0.000330661,0.000821139,0.00159164,0.00197001,0.000687961,0.000525969,0.000580433,0.000486781,0.000609651,0.000612595,0.000494416,0.000485941,0.000967365,0,0.000922482,0.000971064,7.76608e-05,0.00107762,0.502416,-0.00205361,-0.000841392,0.000787665,0.00199835,1790268000,0.000840625,5.76901e-05,0.000745751,1,0.00090246,0.000214245,0.000922135,1,0.000622842,5.06392e-05,0.000630354,1,0.000733887,0.000182139,0.000832928,1,
1790268240,-0.00308946,-0.000226187,-7.04462e-05,-0.00308946,0.00114469,0.523155,0.00119037,0.00120645,0.0258252,-0.00186392,-0.0013703,-0.000674369,-0.000244976,7.24384e-05,0.000329355,0.00079697,0.00151086,0.00187901,0.00136335,0.00118521,0.00122325,0.00110941,0.00122583,0.00121212,0.00116206,0.00122429,0.000897238,7.52366e-05,0.000882571,0.000951503,5.42563e-05,0.00092273,0.504467,-0.00201328,-0.000802231,0.000791509,0.00194994,1790268000,0.000981053,7.84378e-05,0.000909665,0,0.000818935,0.000184679,0.00082142,0,0.000810207,0.000104447,0.000876879,1,-0.000641178,0.000714846,0.000105022,1,
1790268300,0.000821569,1.8595e-05,0.000821569,-0.000636157,0.0012145,0.527803,0.00023892,0.000232065,0.0172522,-0.00225822,-0.00167057,-0.00085495,-0.000276119,0.000104461,0.000423189,0.000995059,0.0019344,0.0023203,0.000238854,0.000237205,0.000241645,0.000259025,0.000232928,0.000252842,0.000234303,0.00022531,0.00112477,0.000273179,0.00113513,0.00118904,0.000252459,0.00115721,0.511868,-0.00243136,-0.000962337,0.000993057,0.00231251,1790268300,0.000958577,4.26063e-06,0.000834617,1,0.000951817,0.000206144,0.000986718,1,0.000763164,7.25424e-05,0.000781116,1,-0.000820456,0.00103247,0.000123092,1,
1790268360,0.00046439,0,0.000616663,-0.000814131,0.00120789,0.518292,0.000172834,0.000164781,0.0193613,-0.00194215,-0.00144578,-0.000758784,-0.000280864,6.17971e-05,0.000306214,0.000787588,0.00160865,0.00199173,0.000132935,0.000172022,0.000177178,0.000171543,0.000169315,0.000185358,0.000179563,0.000166326,0.000930865,0,0.00103541,-0.00101181,0.00091674,5.31719e-05,0.498324,-0.00210904,-0.000869746,0.000822683,0.00205852,1790268300,0.00119258,0,0.00110078,1,0.000875952,9.99884e-05,0.00106168,1,-0.000856972,0.000926453,8.925e-05,1,-0.000749075,0.000898477,0.000140291,1,
1790268420,0.000259964,-1.48571e-05,0.000471599,-0.000847209,0.00119755,0.512659,0.000140995,0.000132763,0.0293465,-0.00193725,-0.00146858,-0.000775332,-0.00028221,4.021e-05,0.00026875,0.000720119,0.00150517,0.00193011,8.59794e-05,0.000137237,0.000138839,0.000136483,0.000153518,0.000138365,0.000151687,0.000142782,0.000904837,0,0.00112082,-0.0010076,0.000872652,0.000148299,0.493489,-0.00212002,-0.000885087,0.000799925,0.00202999,1790268300,-0.00088445,0.000788559,0.000208608,1,-0.000870551,0.000990335,0.000544053,1,-0.000810973,0.000821387,8.19864e-05,1,-0.000830809,0.00105313,0.000179969,1,
1790268480,-0.000196824,0,0.00106144,-0.00041969,0.00118609,0.527697,0.000120045,0.000125922,0.0563787,-0.001759,-0.00132379,-0.00067271,-0.000211135,7.90613e-05,0.000281546,0.000709328,0.00142947,0.00179001,7.75035e-05,0.000131876,0.000127457,0.000121282,0.000155768,0.000112553,0.000121206,0.000116348,0.00083377,2.19039e-06,0.000905771,-0.000980498,0.000885809,1.08086e-05,0.499352,-0.00204059,-0.000850835,0.000791763,0.00198554,1790268300,-0.000895886,0.000862452,8.17873e-05,1,-0.000903938,0.000973793,0.000155044,1,-0.000912718,0.00103325,0.000342402,1,-0.000771626,0.000950115,0.000240954,1,
1790268540,-0.00068733,1.1142e-05,0.000122555,-0.000772815,0.0011745,0.528444,0.000195927,0.000207593,0.111736,-0.00173668,-0.00127074,-0.000660207,-0.000197008,7.64457e-05,0.000284249,0.00069311,0.00138568,0.00171399,0.00019906,0.000201459,0.00019509,0.000194285,0.000226405,0.000198306,0.000196046,0.000198369,0.000815896,4.17815e-05,0.000944253,0.000966585,0,0.00102279,0.500659,-0.00204155,-0.000835868,0.000788819,0.00196262,1790268300,0.000838706,8.03671e-05,0.000933773,1,0.000895707,0.000166658,0.00104577,1,0.000797744,0.000244087,0.00100206,1,0.000835613,0.000271663,0.00109459,1,
1790268600,-0.00117141,-7.80511e-05,0.000390164,-0.00135747,0.00116675,0.526835,0.000328683,0.000340528,0.11723,-0.0015804,-0.00115254,-0.000589282,-0.000186261,6.6605e-05,0.000239979,0.000604969,0.00121061,0.00150429,0.000404322,0.000330002,0.000329137,0.000336332,0.000351718,0.000350699,0.000332488,0.000326153,0.000718561,1.09518e-05,0.000731425,-0.000717283,0.00065819,0,0.49464,-0.00148118,-0.000603309,0.000565971,0.00144557,1790268600,0.000905008,7.86462e-05,0.000884517,1,-0.00092478,0.00104453,4.89813e-05,1,0.000850476,0.000209875,0.000983031,1,0.000836007,0.000147978,0.00100372,1,
1790268660,0.000394341,-5.20944e-05,0.000963257,-0.000156291,0.00116684,0.524461,0.000144123,0.000137251,0.0663398,-0.00169052,-0.00124023,-0.000649256,-0.00021264,6.73461e-05,0.000274596,0.000671876,0.00135013,0.0016656,0.000113296,0.000155515,0.000145143,0.000146293,0.0001578,0.000131759,0.000145541,0.00014381,0.00079534,0.000102555,0.000901818,-0.000822422,0.000821418,1.41849e-05,0.499183,-0.00173479,-0.000697559,0.000677693,0.00165651,1790268600,-0.000733281,0.00069139,0,1,-0.000917022,0.00105168,8.08844e-05,1,-0.000865577,0.00102103,0.000154978,1,-0.000885341,0.000976718,0.000174463,1,
1790268720,-0.000937744,-6.69526e-05,4.83519e-05,-0.00100476,0.00115646,0.524918,0.000261771,0.000270804,0.0941348,-0.00158104,-0.00117143,-0.000622866,-0.00020083,6.51148e-05,0.000243745,0.000612877,0.00124717,0.00152672,0.000293637,0.00026503,0.000264035,0.000262245,0.000278736,0.000265493,0.000257027,0.000260565,0.00074265,0,0.000842693,-0.000772033,0.00068212,2.0022e-05,0.495376,-0.00161228,-0.000670094,0.000609326,0.00150465,1790268600,0.000821011,0,0.000788625,1,0.000753663,1.7518e-05,0.000794137,1,-0.000890562,0.00101546,0.000178436,1,0.000892909,9.02475e-05,0.00104841,1,
1790268780,-0.000551149,0.000111682,0.00069967,-0.000648004,0.00115249,0.522966,0.000159388,0.000167853,0.0942482,-0.0015283,-0.00114639,-0.000582795,-0.000199197,5.80109e-05,0.000246193,0.00058064,0.00119438,0.0014927,0.00016098,0.000176146,0.000163414,0.000154491,0.000186116,0.000157845,0.000162442,0.000159003,0.000698359,2.01877e-05,0.000795128,-0.000767392,0.000684775,0,0.49033,-0.00162744,-0.000667648,0.000608082,0.00154249,1790268600,0.000722132,0,0.000749759,1,0.000799136,6.71235e-05,0.000948496,1,0.000681389,4.05408e-05,0.000676945,1,-0.000863761,0.0010395,0.000148999,1,
1790268840,0.000830331,-1.49001e-05,0.00103874,-0.000145286,0.00114357,0.52566,0.000233521,0.000226456,0.141708,-0.00150603,-0.00111202,-0.000590479,-0.000190915,6.43208e-05,0.000255921,0.00060992,0.0012067,0.00148541,0.000241843,0.000239124,0.000237635,0.00023927,0.000242843,0.000234965,0.000235588,0.000226625,0.000722471,0,0.000759676,-0.000798542,0.000727021,0,0.494057,-0.00166799,-0.000690694,0.000641315,0.0015695,1790268600,0.000775725,0,0.000683775,1,0.000744004,7.04685e-05,0.000835021,1,0.000743046,4.62017e-05,0.000814073,1,0.000686725,0.000164032,0.000792689,1,
1790268900,-0.00154579,-2.60537e-05,4.09402e-05,-0.00154579,0.00113815,0.523992,0.000483877,0.00049541,0.111056,-0.0014742,-0.00110659,-0.000582626,-0.000194442,5.9939e-05,0.000235102,0.000575718,0.00114038,0.0014145,0.000591207,0.000450369,0.000487808,0.000484765,0.000451965,0.000531402,0.000468507,0.000486876,0.000695774,1.28736e-05,0.0007882,-0.000797211,0.000701028,1.67747e-05,0.491652,-0.00168581,-0.000706464,0.000623839,0.00156738,1790268900,0.000740365,1.0933e-05,0.000751911,1,0.000773982,4.7456e-05,0.000840708,1,0.000709977,4.57332e-05,0.000771898,1,0.000781775,0.000176424,0.000889311,1,
1790268960,0.000957553,-1.49108e-05,0.00106555,-0.000354191,0.00114772,0.523248,0.000271524,0.000264191,0.0595381,-0.00155584,-0.00114099,-0.000582144,-0.000198447,5.87199e-05,0.000245871,0.000594708,0.00116627,0.00146631,0.000290809,0.000274616,0.00027353,0.000273842,0.000275365,0.000271786,0.000268714,0.000270139,0.000707856,5.17533e-05,0.000751368,-0.000838833,0.000799904,0,0.491178,-0.00179455,-0.000730393,0.000676279,0.00167399,1790268900,0.000752959,0,0.000745228,1,0.000786227,1.42737e-05,0.000885033,1,0.000732837,2.39004e-05,0.000707758,1,0.000776683,0.0001158,0.000828498,1,
1790269020,0.000402122,0,0.000871061,-3.35175e-05,0.00114423,0.521835,0.00013982,0.000133247,0.0411884,-0.0015637,-0.00114774,-0.000600038,-0.000201576,5.50312e-05,0.000246729,0.000613306,0.00120286,0.00148766,0.000115695,0.000154014,0.000141252,0.000136423,0.000158226,0.000131621,0.000137647,0.000142035,0.000729584,1.25454e-05,0.000737897,-0.000855883,0.000779928,0,0.493646,-0.00179529,-0.000753379,0.000680917,0.00168837,1790268900,0.000859046,0,0.000721223,1,0.000763081,8.86282e-05,0.000810612,1,0.000737859,0,0.000815768,1,0.000752252,0.000117412,0.000833009,1,
1790269080,0.000420566,-7.81778e-05,0.000881869,-0.000104238,0.00113415,0.522743,0.00014045,0.000132775,0.0467207,-0.00152465,-0.00112716,-0.000578373,-0.000194708,5.59834e-05,0.000228552,0.000555569,0.00109677,0.00138511,0.000120643,0.000155914,0.00014038,0.00013549,0.000157928,0.000129597,0.000144829,0.000141906,0.000682696,0,0.000776268,-0.000807844,0.000682398,1.87378e-05,0.486815,-0.00173365,-0.000732153,0.000621444,0.00156618,1790268900,0.000782288,0,0.000844007,1,0.000818876,3.94612e-05,0.000938083,1,0.000727188,5.346e-05,0.000739465,1,0.000821099,7.90202e-05,0.0008553,1,
1790269140,-0.000379618,-2.23265e-05,0.000122787,-0.000387063,0.00112433,0.533042,0.0001293,0.000139281,0.0582001,-0.00146982,-0.0010941,-0.000548958,-0.000169538,8.14428e-05,0.000255018,0.000567599,0.00111453,0.0013921,0.000113359,0.000144255,0.000127779,0.000123681,0.000153465,0.000119657,0.000133217,0.000131355,0.000672967,1.99798e-06,0.000663777,-0.000806806,0.000724604,0,0.492822,-0.00171257,-0.000717285,0.000634937,0.00158479,1790268900,0.000804801,0,0.000697166,1,0.000844436,2.49145e-05,0.000873768,1,0.000781328,0,0.000782907,1,0.000787675,7.74142e-05,0.000834813,1,
1790269200,-0.000782021,-1.11674e-05,-1.11674e-05,-0.00172871,0.00111432,0.522946,0.000215609,0.000224053,0.075012,-0.00152291,-0.00119464,-0.000621729,-0.000205626,5.99065e-05,0.000236198,0.000578151,0.00115008,0.00143022,0.000232722,0.000221232,0.000219961,0.00021832,0.000224708,0.000221516,0.000207676,0.000213124,0.000724052,5.31447e-05,0.000775786,-0.000814124,0.00074868,0,0.487423,-0.00166697,-0.000746639,0.000622524,0.00155405,1790269200,0.000795456,8.10489e-07,0.000695172,1,0.00079089,7.79364e-05,0.000829791,1,0.000767475,2.26085e-05,0.000819741,1,0.000805922,8.95279e-05,0.000898404,1,
1790269260,0.00109466,8.19547e-05,0.00155971,-0.000361426,0.00110865,0.528921,0.000306886,0.000298756,0.0660944,-0.00151509,-0.0011147,-0.000573344,-0.000187283,7.43987e-05,0.000270431,0.00059893,0.00120485,0.00149704,0.000354721,0.000312371,0.000319005,0.000313342,0.000315427,0.000328711,0.000294034,0.000306075,0.000707121,0.000119586,0.000738956,0.000814611,2.76687e-05,0.00081519,0.502945,-0.00170106,-0.000685755,0.000684017,0.00166874,1790269200,0.000900472,0,0.000678781,1,0.000811536,5.14801e-05,0.000807034,1,0.000791774,0,0.000748901,1,0.000849614,4.72855e-05,0.000891694,1,
1790269320,0.000107912,-4.83779e-05,0.000275338,-0.00173563,0.00110838,0.523112,0.000104805,0.000102748,0.0436676,-0.00160848,-0.00120278,-0.000626888,-0.000220379,6.49101e-05,0.00025236,0.000620614,0.00124069,0.00154987,6.30244e-05,0.000115118,9.17515e-05,0.000111622,0.000118935,8.45028e-05,0.000115646,0.000104241,0.000749284,7.86606e-05,0.000870799,-0.000827683,0.000804473,7.23204e-05,0.498093,-0.00174479,-0.000719809,0.000673749,0.00168253,1790269200,0.000852382,0,0.000841197,1,0.000993236,0,0.000884324,1,0.000789937,0,0.000774097,1,0.000798377,5.93821e-05,0.000858659,1,
1790269380,-6.69782e-05,7.81356e-05,0.00072531,-0.000189783,0.00109734,0.526431,0.000106473,0.000112094,0.0644086,-0.00162747,-0.00123108,-0.000631586,-0.000225712,7.9516e-05,0.000276013,0.00065081,0.00129307,0.00161044,6.18514e-05,0.000110919,8.41893e-05,0.000121627,0.000112607,7.8345e-05,0.000117401,0.000107632,0.000772098,6.15822e-05,0.000893581,0.000866289,2.10856e-05,0.00098704,0.500063,-0.00181233,-0.000746557,0.000710456,0.00176405,1790269200,0.000856242,0,0.000861702,1,0.000867808,1.73279e-05,0.000953657,1,0.000893439,0,0.00081396,1,0.000789853,7.65069e-05,0.000854177,1,
1790269440,-0.000882299,-3.72114e-06,-3.72114e-06,-0.00193687,0.00108636,0.529743,0.000250093,0.000258349,0.0987901,-0.00143391,-0.00106316,-0.000549714,-0.000180287,7.44856e-05,0.000241652,0.000574119,0.00113575,0.00141664,0.000271764,0.000248707,0.00024745,0.000246109,0.000251547,0.000251155,0.000249654,0.000253676,0.000677433,3.99058e-05,0.000725558,-0.000731823,0.000664304,0,0.499019,-0.00153661,-0.000632735,0.000593992,0.00147301,1790269200,-0.000908956,0.000826412,0,1,0.000877816,6.74871e-05,0.000899125,1,0.000774035,2.94804e-05,0.000792259,1,-0.000721088,0.000774752,0.000112022,1,
1790269500,-0.000562546,0.000126622,0.000640396,-0.000760071,0.00108265,0.526618,0.000169873,0.000177596,0.0737184,-0.00165809,-0.00120436,-0.000603272,-0.000206382,7.32917e-05,0.000279456,0.000657011,0.00130512,0.00162047,0.000164061,0.000169833,0.00015839,0.000179774,0.0001667,0.000160172,0.00018433,0.000173548,0.000763535,0.000154148,0.000864787,0.000837519,4.5177e-05,0.000873048,0.504209,-0.00175565,-0.000704377,0.000704485,0.001729,1790269500,0.000775267,0,0.000683309,1,0.000934292,0.000102401,0.000976715,1,0.000790801,4.93271e-05,0.000818462,1,0.000808381,0.000140866,0.000919525,1,
1790269560,-0.00107754,0,0.000171405,-0.00118574,0.00107472,0.522836,0.000305575,0.000311546,0.0885364,-0.00147098,-0.00107485,-0.000569134,-0.000198528,5.74797e-05,0.000247349,0.000597497,0.00120643,0.001492,0.00035601,0.000302546,0.000320654,0.000300094,0.000293683,0.00032306,0.000315586,0.000315763,0.000703072,0.00010061,0.00078106,0.000767729,0,0.000771748,0.500792,-0.00161257,-0.000650399,0.000639603,0.00157561,1790269500,0.000910584,0,0.000857346,1,0.000827958,9.79433e-06,0.000792973,1,0.000849726,5.17838e-05,0.000818841,1,0.000854318,0.000114282,0.000897954,1,
1790269620,0.00098065,2.2383e-05,0.00113344,-2.98447e-05,0.00107478,0.524097,0.000275431,0.000269973,0.0663903,-0.00146781,-0.00107538,-0.000567734,-0.000200755,6.23704e-05,0.000240836,0.000589301,0.00117424,0.00150419,0.000301005,0.000280684,0.000280552,0.000282374,0.000294877,0.000280297,0.000267435,0.000272061,0.000696628,0.00010156,0.000791739,-0.000748536,0.000717266,6.0068e-06,0.498007,-0.00158789,-0.000635936,0.000621649,0.00154117,1790269500,0.000835076,0,0.000762098,1,0.000904675,4.6937e-05,0.000965973,1,0.000791913,0,0.000761396,1,0.00088588,0.000127425,0.000992299,1,
1790269680,0.000651991,-3.72689e-06,0.000674338,-0.000480883,0.00107297,0.521423,0.000188602,0.000181461,0.0445099,-0.00141476,-0.0010593,-0.000561261,-0.000203169,5.42228e-05,0.000222317,0.000555809,0.00112409,0.00139731,0.000185327,0.000189326,0.000187889,0.00019003,0.000194938,0.000184922,0.000187995,0.000189153,0.000670984,2.9021e-05,0.000743159,-0.000750502,0.000654537,8.57386e-06,0.498186,-0.0015808,-0.000650305,0.00060633,0.00152532,1790269500,0.000839325,0,0.00071879,1,0.000836958,2.19582e-06,0.000880985,1,0.000821433,3.2047e-05,0.000802537,1,0.000788499,0.000113863,0.000825331,1,
1790269740,-0.000242119,0,0.000156415,-0.000286824,0.00106618,0.51944,0.000104002,0.000111809,0.0436922,-0.0014539,-0.00108357,-0.000584447,-0.000208717,4.93366e-05,0.000226678,0.000566949,0.00112472,0.00143245,8.51979e-05,0.000116092,9.73666e-05,0.000109277,0.000115039,9.76508e-05,0.000111243,0.00010172,0.000692885,2.04476e-05,0.000777898,-0.00078353,0.00069377,3.95973e-05,0.495872,-0.0016498,-0.000685705,0.000627975,0.00159845,1790269500,0.000776439,0,0.00073769,1,0.000818513,1.34891e-05,0.000859503,1,0.000769682,0,0.00076726,1,0.000830849,0.000156071,0.000935764,1,
1790269800,-0.000264535,-3.72536e-06,4.0978e-05,-0.00160692,0.00105602,0.523315,0.000100503,0.000107156,0.0547482,-0.0012574,-0.000928758,-0.000483775,-0.000176599,5.24073e-05,0.000207698,0.00049987,0.000991792,0.00126885,8.88424e-05,0.000117393,9.8059e-05,9.63563e-05,0.000112623,9.91007e-05,0.000100868,0.000101096,0.000592189,0,0.000516125,-0.000650344,0.000518287,0,0.492698,-0.00134519,-0.000562189,0.000509017,0.00131081,1790269800,0.000820639,0,0.000735809,1,0.000794214,4.8614e-05,0.000773886,1,0.000764085,1.03848e-05,0.000716545,1,0.000786592,0.000140697,0.000834536,1,
1790269860,-0.000670966,-5.21701e-05,-5.21701e-05,-0.00134238,0.00104608,0.524659,0.000194137,0.000199077,0.0712738,-0.0013925,-0.00102294,-0.000527826,-0.000186521,5.96782e-05,0.000240345,0.000559974,0.00112203,0.0014393,0.000194172,0.00018954,0.000188205,0.000187079,0.000181081,0.000190546,0.000207191,0.00019671,0.000656835,0.000114896,0.000674358,0.000815608,2.45984e-05,0.00082654,0.506282,-0.00167593,-0.000679994,0.000684307,0.00169098,1790269800,0.000693036,0,0.000549529,1,0.000835084,8.47182e-05,0.000800369,1,0.000743664,3.6342e-05,0.000717983,1,0.000775031,0.00013611,0.000810056,1,
1790269920,-0.000488597,1.49152e-05,0.000149142,-0.000488597,0.0010399,0.525406,0.000145105,0.000149819,0.0706739,-0.00132566,-0.000978101,-0.000520408,-0.000188548,6.28007e-05,0.000221921,0.000550414,0.00108472,0.00136329,0.000143496,0.000153031,0.000137347,0.000148364,0.000141279,0.000139823,0.000159422,0.000144455,0.000645452,0.000111184,0.000661446,0.000742399,0,0.000728724,0.503071,-0.0015489,-0.000621328,0.000623241,0.00155073,1790269800,-0.000862235,0.000773027,7.18213e-06,1,-0.000768703,0.000707675,0,1,0.000790195,3.17488e-05,0.000703032,1,0.000797527,6.94445e-05,0.000793841,1,
1790269980,0.000447579,-3.73073e-05,0.000451308,-0.000134313,0.00103177,0.526951,0.00012963,0.000126375,0.0860733,-0.00120723,-0.000891081,-0.00046818,-0.000171221,6.16491e-05,0.0002002,0.000493888,0.000977761,0.00121393,0.00012868,0.000149866,0.000130273,0.000133164,0.000153143,0.000128522,0.000123909,0.000128037,0.000580022,0,0.000527053,-0.000611003,0.000521189,0,0.495634,-0.00126873,-0.000511961,0.000490473,0.00125849,1790269800,-0.000835416,0.000706075,0,1,0.000915078,2.01577e-05,0.000914442,1,0.000725357,0,0.000616243,1,0.000814826,6.39407e-05,0.000850504,1,
1790270040,0.00114042,4.10181e-05,0.00117394,4.10181e-05,0.00102336,0.525882,0.000344446,0.000336248,0.0876454,-0.00119225,-0.000886409,-0.000468607,-0.000165596,5.63966e-05,0.000199648,0.000472332,0.000950257,0.0012116,0.00037691,0.000324348,0.000367183,0.000356957,0.00035102,0.000356077,0.000338007,0.000336605,0.000565033,0,0.000541202,-0.000600737,0.000497464,0,0.498454,-0.00124557,-0.000508569,0.000472111,0.00120256,1790269800,-0.000711563,0.000609905,0,1,0.000843032,0,0.000860007,1,0.000804839,3.48545e-05,0.000776905,1,0.000706294,4.78252e-05,0.000721073,1,
1790270100,-0.000413532,0,0,-0.00118144,0.00102583,0.518211,0.000132467,0.00013779,0.049408,-0.00141248,-0.00104494,-0.000556518,-0.000199099,4.34188e-05,0.000211942,0.000558126,0.00109471,0.00139065,0.000122548,0.000139187,0.000121552,0.000131386,0.000133851,0.000126028,0.000152112,0.000129595,0.000668951,0.000134896,0.0007425,-0.000764738,0.000737681,0,0.498689,-0.00160355,-0.00066879,0.000610706,0.00152537,1790270100,0.000668633,0,0.000560709,1,0.000746525,0,0.000683596,1,0.000751965,2.333e-05,0.000699462,1,0.00082625,0.000137603,0.000906457,1,
1790270160,0.000927414,-1.49052e-05,0.00134428,-1.49052e-05,0.0010172,0.521987,0.000260778,0.000255127,0.0562666,-0.00130434,-0.000948198,-0.000487732,-0.000191706,5.2882e-05,0.000219895,0.000525829,0.00104964,0.00133482,0.0002804,0.000265023,0.000270884,0.00026552,0.000272045,0.000263557,0.00025086,0.000260053,0.000612745,9.51139e-05,0.000647156,-0.000745231,0.000734317,0,0.499772,-0.00154167,-0.000629798,0.000613606,0.00153459,1790270100,0.00088859,0,0.000694386,1,0.000680795,3.79822e-05,0.000612351,1,0.000679969,0,0.0005872,1,0.000753697,0.000140244,0.000825974,1,
1790270220,-0.00158718,1.11684e-05,0.000379656,-0.00164312,0.00101548,0.526573,0.000542205,0.000551209,0.0506018,-0.00130904,-0.000993696,-0.000489303,-0.000176261,6.23192e-05,0.000231648,0.00054344,0.00104114,0.00130831,0.000612344,0.000495452,0.000567353,0.000537518,0.000504029,0.000557692,0.000537289,0.000541302,0.000627311,8.25897e-05,0.000632721,-0.000752229,0.000733189,0,0.495601,-0.00155941,-0.000651401,0.000600884,0.00150245,1790270100,0.000804819,0,0.000683389,1,0.000729926,0.0001242,0.000769317,1,0.000649518,4.2743e-05,0.000546356,1,0.000671698,0.000115426,0.00067365,1,
1790270280,0.000171507,-0.000130514,0.00080881,-0.000548275,0.00103003,0.523263,0.000101168,0.000100894,0.0253151,-0.0015255,-0.00110347,-0.000558926,-0.000202045,6.00013e-05,0.000264844,0.000599217,0.00116,0.00146752,7.1845e-05,0.00010812,9.53397e-05,0.000102798,0.000110758,9.42964e-05,0.000105662,0.000101288,0.000700667,0.000147069,0.000763289,-0.000851891,0.000909199,0,0.496534,-0.00176678,-0.000714271,0.000693372,0.00168629,1790270100,0.000775922,0,0.000648301,1,0.000839009,2.59755e-05,0.000776759,1,0.000767051,2.86995e-05,0.000677891,1,0.000656098,9.32707e-05,0.000655528,1,
1790270340,-0.000865294,-0.000119306,6.33757e-05,-0.000869025,0.00101997,0.53017,0.000252405,0.000256643,0.032179,-0.00140804,-0.00105027,-0.000540589,-0.000184099,7.77756e-05,0.000266525,0.000604968,0.00118055,0.00144467,0.000264425,0.00024348,0.000242478,0.000241132,0.000233279,0.000244721,0.00026223,0.000262063,0.000695133,6.9486e-05,0.000693131,0.000820306,4.58923e-06,0.000763206,0.501692,-0.00167497,-0.000686874,0.000673127,0.00164397,1790270100,0.000922028,0,0.00067603,1,0.000787304,3.52808e-05,0.000697393,1,0.000754312,1.18796e-05,0.000655129,1,0.000734312,0.000120552,0.000737557,1,
1790270400,0.000152973,-3.73134e-06,0.000462578,-0.000526256,0.00101711,0.518203,9.5723e-05,9.5124e-05,0.029727,-0.00139361,-0.00102128,-0.000529533,-0.000205149,4.47479e-05,0.000220676,0.000572899,0.00112888,0.00142737,6.8971e-05,0.000105207,8.954e-05,9.18302e-05,0.000107642,8.72882e-05,0.000101463,9.86714e-05,0.000665761,5.51493e-05,0.000735479,-0.00073952,0.000690722,0,0.491494,-0.00156296,-0.000634532,0.000599436,0.00151646,1790270400,0.000821977,0,0.000783757,1,0.000811312,5.06728e-05,0.000888373,1,0.000711012,8.56167e-06,0.000669147,1,0.000745129,0.00012059,0.000789673,1,
1790270460,3.35763e-05,-8.58111e-05,0.000868889,-0.000223871,0.00100712,0.52294,8.82358e-05,8.95219e-05,0.0387304,-0.00133606,-0.00100278,-0.000526141,-0.000197991,5.77403e-05,0.000234945,0.000555039,0.00113189,0.00139752,5.89663e-05,9.71012e-05,7.82739e-05,9.08821e-05,9.84175e-05,7.62438e-05,9.40573e-05,9.03009e-05,0.000652114,6.02468e-05,0.000689314,-0.000772033,0.000734737,0,0.495606,-0.00157357,-0.000659168,0.000621567,0.00153616,1790270400,-0.000828177,0.000722505,0,1,-0.000849669,0.000849103,0,1,0.000766474,0,0.000721329,1,0.000721796,0.000101329,0.000710771,1,
1790270520,-0.000164161,-3.35763e-05,0.000749576,-0.000305959,0.000997006,0.520695,9.37025e-05,9.70591e-05,0.0556631,-0.00132912,-0.000982354,-0.000523156,-0.000196999,5.03666e-05,0.000215732,0.000527707,0.00106375,0.00134787,7.12352e-05,0.000102239,8.06404e-05,9.9568e-05,9.66775e-05,7.94882e-05,9.95101e-05,9.60145e-05,0.000631039,4.30703e-05,0.000743537,-0.000753692,0.000705667,1.42503e-05,0.49296,-0.00156109,-0.000652797,0.000598827,0.00148279,1790270400,0.000744139,0,0.000706665,1,0.000777748,2.69858e-05,0.000740841,1,0.00075652,8.22772e-06,0.000744919,1,0.000741299,0.000134146,0.000798835,1,
1790270580,-0.000384392,-1.11938e-05,0.000235041,-0.00132921,0.000987258,0.523186,0.000126295,0.000129707,0.082303,-0.00128817,-0.000957029,-0.000496421,-0.000180645,5.33355e-05,0.000214886,0.000531367,0.0010412,0.00130714,0.000113048,0.000130519,0.000113255,0.000126177,0.00011916,0.000112859,0.000135325,0.00013142,0.000620562,6.8901e-05,0.00068383,-0.000663311,0.000666258,0,0.494269,-0.00137502,-0.00057191,0.000530532,0.00130772,1790270400,0.000755553,0,0.000627059,1,0.000793496,1.09836e-05,0.000732357,1,0.000728538,1.44317e-05,0.000598453,1,0.000751728,0.000146254,0.000772239,1,
1790270640,-0.000956023,0,0.000473938,-0.00105691,0.000978846,0.521772,0.000276073,0.000278183,0.106832,-0.00135514,-0.00100866,-0.000499548,-0.000187086,5.09797e-05,0.000228822,0.000557191,0.00108262,0.00134606,0.000298398,0.000268237,0.000285343,0.000266066,0.000251485,0.000290296,0.000287027,0.00028477,0.000641508,0.000129157,0.000724314,-0.000712396,0.000774168,0,0.496241,-0.00146839,-0.000607477,0.000579349,0.00142663,1790270400,0.000708172,0,0.000553721,1,0.000750315,8.07984e-05,0.000705822,1,0.00071185,2.27181e-05,0.000647585,1,0.000668553,0.000158928,0.000691817,1,
1790270700,5.23061e-05,-1.12088e-05,0.000840303,-1.12088e-05,0.000978395,0.518392,8.86737e-05,8.74996e-05,0.0674919,-0.00139526,-0.00100636,-0.000520304,-0.000194295,4.29051e-05,0.000215808,0.000559511,0.00110259,0.00136285,6.00119e-05,9.41862e-05,7.24159e-05,9.96266e-05,9.42494e-05,7.46969e-05,9.53725e-05,8.9615e-05,0.000651925,0.000142327,0.000728185,-0.000690865,0.000745113,0,0.495748,-0.00144507,-0.000586177,0.000564518,0.00138153,1790270700,0.000748707,0,0.000651034,1,0.000713395,6.1661e-05,0.000632954,1,0.000724949,8.71509e-06,0.000650716,1,0.000714208,0.000115712,0.00071715,1,
1790270760,0.000231609,-4.10975e-05,0.000731999,-0.000257821,0.00096859,0.519507,9.77959e-05,9.58587e-05,0.0942405,-0.0012933,-0.000959553,-0.000495286,-0.000188314,4.46986e-05,0.000191325,0.000505215,0.00103058,0.00126662,8.23821e-05,0.000107412,8.88134e-05,0.000106572,0.000114954,8.86526e-05,9.66292e-05,9.78271e-05,0.000601452,6.4674e-05,0.00069185,-0.000640997,0.000604771,0,0.493469,-0.00132974,-0.000554017,0.000509088,0.00124929,1790270700,0.000758428,0,0.000579,1,0.000761203,6.93137e-05,0.000696535,1,0.000668058,1.99448e-05,0.000586574,1,0.000713212,0.000135392,0.000688038,1,
1790270820,0.000743027,-1.49409e-05,0.00105277,-4.85586e-05,0.000959415,0.518807,0.00021003,0.000207664,0.121839,-0.00125909,-0.00093575,-0.000485619,-0.000184315,4.18046e-05,0.000189932,0.00049013,0.00100134,0.00124148,0.000211988,0.00021345,0.000211943,0.000215356,0.000232762,0.000210685,0.000204214,0.000207048,0.00058599,8.45675e-05,0.000695108,-0.000649656,0.000612426,0,0.490288,-0.00134732,-0.000568069,0.000508331,0.00126469,1790270700,0.000659398,0,0.000546902,1,0.000713693,5.86203e-05,0.000685385,1,0.000673293,6.77663e-05,0.000591171,1,0.000646387,0.000181673,0.000622276,1,
1790270880,0.000276161,-3.73242e-06,0.00064177,-4.479e-05,0.000955567,0.518637,0.000104302,0.000100702,0.0961146,-0.00125693,-0.00092103,-0.000476588,-0.000176837,3.96308e-05,0.000195103,0.000494388,0.000989674,0.00123122,8.95346e-05,0.000113486,9.50238e-05,0.00011326,0.000116961,9.61204e-05,0.000103384,0.000104081,0.00058467,0.000103118,0.00064432,-0.00066082,0.000622885,0,0.490477,-0.00137392,-0.000580729,0.000513571,0.00129366,1790270700,0.000653661,0,0.00054006,1,0.0006682,4.45579e-05,0.000608364,1,0.000652967,4.04355e-05,0.000583053,1,0.000668243,0.000185318,0.000674893,1,
1790270940,0.00074227,-3.73139e-06,0.000984601,-3.73139e-06,0.000946769,0.524771,0.000209687,0.000205153,0.126975,-0.00121589,-0.000880185,-0.000450713,-0.000168002,5.40707e-05,0.000192235,0.000461478,0.000922694,0.00116458,0.000211251,0.000213,0.000211406,0.000213659,0.00022398,0.000210503,0.000200762,0.000209123,0.000548796,7.48294e-05,0.000569117,-0.000630059,0.000577975,0,0.488048,-0.00130774,-0.000558277,0.000482669,0.00121445,1790270700,0.000653117,0,0.000519119,1,0.000654269,7.56258e-05,0.000599046,1,0.000631795,1.72291e-05,0.000572469,1,0.00062798,0.000196125,0.000631058,1,
1790271000,0.00051069,-5.59308e-05,0.000656021,-8.57619e-05,0.000943114,0.529767,0.000142269,0.00013705,0.105233,-0.0013073,-0.000941366,-0.000484497,-0.000160164,6.62826e-05,0.000224276,0.000519162,0.000984422,0.00124395,0.000146611,0.000151325,0.0001471,0.000151886,0.000154171,0.00014627,0.000138031,0.000142808,0.000606677,0.000137014,0.000583329,-0.000681147,0.00070878,0,0.493282,-0.00139881,-0.000599219,0.000528598,0.0012937,1790271000,0.000622291,0,0.000454066,1,0.000652714,8.42492e-05,0.000566236,1,0.000612516,4.15467e-05,0.000536521,1,0.000617877,0.000166519,0.000581684,1,
1790271060,-0.000637471,-0.00014908,0.000394954,-0.000644929,0.000936424,0.53212,0.000184187,0.000190014,0.122776,-0.00118719,-0.000847825,-0.000423016,-0.000147059,6.78136e-05,0.00020686,0.000460925,0.000890393,0.00113761,0.000183764,0.000179813,0.000178743,0.000177606,0.000177291,0.000181478,0.000190578,0.000189053,0.000536085,2.77672e-05,0.000481774,-0.000608266,0.000554032,0,0.492029,-0.00126345,-0.000532273,0.000468819,0.00118649,1790271000,0.000710476,0,0.000528881,1,0.000621656,6.71301e-05,0.00052631,1,0.000603579,4.10716e-05,0.000534218,1,0.000618684,0.000129918,0.000590824,1,
1790271120,-0.000149175,-3.7291e-06,0.000238633,-0.000906579,0.000931386,0.530558,8.27874e-05,8.60689e-05,0.0787246,-0.00119368,-0.000862698,-0.000439515,-0.000147862,6.34267e-05,0.000209952,0.000469047,0.000922055,0.00117163,6.88772e-05,9.29732e-05,7.0552e-05,8.48326e-05,8.52937e-05,7.60601e-05,9.22811e-05,8.45115e-05,0.000549399,0.000108065,0.00054299,-0.000654712,0.000660873,0,0.496254,-0.0013683,-0.000560081,0.000526697,0.00130198,1790271000,0.000604817,0,0.000452693,1,0.000586865,8.86488e-05,0.000613554,1,0.000594918,9.45545e-06,0.000495753,1,0.000611016,0.000105336,0.000586213,1,
1790271180,-0.00119793,-7.83256e-05,0.000100695,-0.00123901,0.000922266,0.530724,0.000379231,0.000386722,0.0848871,-0.00116434,-0.000854649,-0.000431654,-0.00015301,6.62258e-05,0.000207971,0.000456583,0.000914425,0.00117519,0.000416374,0.000354108,0.000413181,0.000356126,0.000352408,0.000400701,0.000392837,0.000382534,0.000536826,0.000126016,0.00054329,0.000658893,3.39409e-05,0.000603258,0.501345,-0.00134709,-0.000552423,0.000540888,0.00133447,1790271000,0.000683983,0,0.000503116,1,0.000587391,6.34553e-05,0.00052713,1,0.000596235,2.08753e-05,0.000549542,1,0.000561952,0.000112792,0.000555426,1,
1790271240,-0.0011246,3.73411e-06,0.000470388,-0.0011246,0.000928582,0.5219,0.000341809,0.000345461,0.0405925,-0.00125107,-0.000901941,-0.000470799,-0.000173546,4.76215e-05,0.000196566,0.000475097,0.000963668,0.00123781,0.000378236,0.000323758,0.00034759,0.000330124,0.000305569,0.000337894,0.000359268,0.000345163,0.000568092,0.000111452,0.000592815,-0.000676406,0.000689218,0,0.497217,-0.00141415,-0.000567336,0.00055326,0.00135833,1790271000,0.000653624,0,0.000619382,0,0.000652961,4.2793e-05,0.000625138,1,0.00054654,2.64455e-05,0.000482178,0,0.000562763,0.000126622,0.000570995,1,
1790271300,0.000392446,3.73831e-06,0.000990164,-0.000145805,0.000932906,0.522663,0.000125362,0.000122687,0.0337935,-0.0014022,-0.000995262,-0.00050946,-0.000185362,5.32241e-05,0.000227131,0.00053677,0.00106548,0.00133042,0.00011415,0.00013127,0.000122253,0.000132672,0.000141586,0.000124463,0.000116812,0.00012439,0.000631367,0.000111459,0.000650892,0.000717923,5.10453e-05,0.00067444,0.500807,-0.00149301,-0.000595582,0.000593119,0.00143984,1790271300,0.000697864,0,0.000547267,1,0.000677388,4.28852e-05,0.000645819,1,0.000605152,0,0.00055541,1,0.000528584,9.7531e-05,0.000556311,1,
1790271360,0.000623859,5.60512e-05,0.000664938,-0.00017191,0.000925196,0.518703,0.000178317,0.00017549,0.0367287,-0.00129098,-0.000945306,-0.000502205,-0.00018972,4.27948e-05,0.000206863,0.00047871,0.00100321,0.00126944,0.000178043,0.000179849,0.000179258,0.000181704,0.000198579,0.000177202,0.000173308,0.00017744,0.00059212,3.99786e-05,0.00067053,-0.000689864,0.000644838,2.72817e-06,0.492124,-0.00142915,-0.00059713,0.000544684,0.0013471,1790271300,0.000720726,0,0.0006099,1,0.000634443,5.00859e-05,0.000682207,1,0.000587036,5.94599e-05,0.000552618,1,0.00055647,0.000153306,0.000605447,1,
1790271420,-0.00101257,3.73451e-06,0.000153104,-0.00101631,0.000920137,0.519705,0.00029421,0.000297717,0.0381115,-0.00121123,-0.000913401,-0.000481265,-0.000184368,4.4342e-05,0.000198556,0.000459934,0.000931802,0.00117558,0.00032253,0.000283746,0.000301355,0.000288003,0.000266825,0.000295514,0.000292058,0.000298731,0.000567632,9.0493e-06,0.000609063,-0.000648378,0.00056525,0,0.487674,-0.0013485,-0.000573054,0.000497953,0.00125951,1790271300,0.000630786,0,0.000601213,1,0.000668807,6.49308e-05,0.00070424,1,0.000584069,3.32261e-05,0.000552048,1,0.000571966,0.00017428,0.000624629,1,
1790271480,-0.000441217,-3.36453e-05,0.00024296,-0.00108844,0.000922076,0.517812,0.000131237,0.000134577,0.0313562,-0.00125268,-0.000922041,-0.000482292,-0.000175621,3.72623e-05,0.00020953,0.000480826,0.000957001,0.00121957,0.000128955,0.000134652,0.000127084,0.000128737,0.000121078,0.000131357,0.000138296,0.000131436,0.000578061,4.78603e-05,0.000569591,-0.000678427,0.000658765,0,0.492464,-0.00141627,-0.000580624,0.000542143,0.00133733,1790271300,0.000584615,0,0.000513988,1,0.000632901,7.94858e-05,0.000625834,1,0.000615836,4.86002e-05,0.000600713,1,0.000561773,0.000150299,0.000615551,1,
1790271540,0.00130439,2.61793e-05,0.00136789,2.61793e-05,0.000914939,0.521256,0.0003939,0.000395073,0.035437,-0.00131026,-0.000966617,-0.000493911,-0.000183074,4.84305e-05,0.000230488,0.000524056,0.00101945,0.0012631,0.000462535,0.000400795,0.000435043,0.000397315,0.000449098,0.000419739,0.000376457,0.000382298,0.000615008,7.42781e-05,0.00060634,-0.00070536,0.000737944,0,0.497414,-0.00143789,-0.000593954,0.00057039,0.00138409,1790271300,0.000647298,2.36033e-05,0.000499645,1,0.000589616,8.31057e-05,0.00055586,1,0.000589228,5.47092e-05,0.000568178,1,0.000589373,0.000189001,0.000629623,1,
1790271600,-0.00092299,-0.000302587,-0.000168093,-0.00111741,0.000924338,0.515723,0.000259622,0.000261748,0.0296606,-0.00125735,-0.000941539,-0.000489404,-0.000192316,3.5189e-05,0.000204723,0.000472459,0.000953047,0.0012155,0.000285414,0.000258962,0.000258421,0.00025694,0.000242361,0.000260448,0.000261125,0.000264622,0.000579517,1.70273e-05,0.000602014,-0.000683834,0.00063042,0,0.489037,-0.00141966,-0.000599711,0.000528911,0.00133689,1790271600,0.000636536,0,0.00062432,1,0.000630805,4.39046e-05,0.000628418,1,0.000552265,4.87437e-05,0.000492333,1,0.000606998,0.000122581,0.000595789,1,
1790271660,-0.000153291,-3.73853e-06,0.000347623,-0.000819073,0.000924311,0.517864,8.71547e-05,9.09032e-05,0.0281292,-0.0012752,-0.000958139,-0.000482798,-0.000185715,3.95884e-05,0.000211188,0.000494103,0.00096529,0.001252,6.95653e-05,9.37331e-05,8.86465e-05,8.37684e-05,8.99928e-05,8.84815e-05,8.91017e-05,8.71745e-05,0.000587862,2.14032e-05,0.000566168,-0.000685095,0.000660133,0,0.488848,-0.00142529,-0.000593916,0.000537816,0.0013321,1790271600,0.000614441,0,0.000569185,1,0.000658419,3.86677e-05,0.000662262,1,0.000590774,0,0.000546781,1,0.000570241,6.32911e-05,0.000576142,1,
1790271720,-9.72213e-05,-6.35667e-05,0.000665339,-9.72213e-05,0.000915278,0.520452,8.7019e-05,8.99987e-05,0.0329118,-0.00126027,-0.000953451,-0.000480274,-0.000179241,4.51406e-05,0.000225955,0.000525958,0.00102939,0.00127745,6.34195e-05,8.93265e-05,8.096e-05,8.99973e-05,8.49878e-05,8.11188e-05,8.75607e-05,8.91161e-05,0.000609879,2.40732e-05,0.000553862,-0.000720385,0.000748844,0,0.494977,-0.00145376,-0.000612287,0.000574076,0.00139096,1790271600,0.000639857,0,0.000488539,1,0.000602111,7.86542e-05,0.000598203,1,0.000583547,3.90442e-05,0.000578915,1,0.000580777,9.44447e-05,0.000607614,1,
1790271780,-0.00136958,-2.61766e-05,-2.61766e-05,-0.00206632,0.000906183,0.520517,0.000455202,0.000457024,0.0415382,-0.00121002,-0.000917426,-0.000466602,-0.000173841,4.39386e-05,0.000200207,0.000489977,0.000948239,0.00120382,0.000499206,0.000425657,0.000460074,0.0004352,0.000395028,0.000462456,0.000441148,0.000475369,0.000576997,7.56294e-06,0.000611456,-0.000667592,0.000648836,0,0.485112,-0.00139199,-0.000591714,0.000514431,0.0012658,1790271600,0.000609049,6.02106e-06,0.00061905,1,0.000606199,5.92424e-05,0.000625153,1,0.000536646,6.38921e-05,0.000538859,1,0.000592222,0.000133967,0.000626282,1,
1790271840,0.000149772,0,0.000321983,-0.000250919,0.000917747,0.520468,9.82392e-05,9.8025e-05,0.0272086,-0.00152595,-0.00108174,-0.000530276,-0.000198325,5.00943e-05,0.000253946,0.000595624,0.00113267,0.00144529,6.91646e-05,9.36401e-05,8.93321e-05,0.000104965,0.000104309,8.83386e-05,9.43682e-05,0.000103634,0.000684749,9.49689e-05,0.000680136,-0.000780493,0.000885061,0,0.494205,-0.00159447,-0.000653923,0.000621883,0.00148903,1790271600,0.00061782,0,0.000494075,1,0.000659078,2.93618e-05,0.000639191,1,0.000577081,6.08175e-06,0.000517589,1,0.000583996,6.81321e-05,0.000591513,1,
1790271900,0.000119802,1.4976e-05,0.000119802,-0.000775314,0.00090877,0.521481,8.99212e-05,8.89822e-05,0.0319222,-0.00134594,-0.00100693,-0.000529947,-0.000182475,4.89251e-05,0.000217354,0.000539505,0.00105602,0.00129031,6.40454e-05,9.07069e-05,8.30354e-05,9.46362e-05,9.76468e-05,8.25261e-05,9.31348e-05,9.07343e-05,0.000642782,7.87266e-05,0.00062821,-0.000681003,0.000677907,0,0.49241,-0.00139371,-0.000596264,0.000534233,0.00128554,1790271900,0.000717298,0,0.000620855,1,0.000590544,7.37046e-05,0.000572931,1,0.000583783,2.42502e-05,0.000582297,1,0.000556559,9.20392e-05,0.000610672,1,
1790271960,-3.36928e-05,-2.24617e-05,0.000269501,-0.000262085,0.000899796,0.517614,8.07672e-05,8.26168e-05,0.0416029,-0.00127087,-0.000938902,-0.000495935,-0.000180906,3.79075e-05,0.000187568,0.000484113,0.000967134,0.00122404,5.9752e-05,8.39555e-05,7.33771e-05,8.55986e-05,8.52556e-05,7.37222e-05,8.35332e-05,8.16272e-05,0.000589522,6.86423e-06,0.000622469,-0.000649516,0.000604798,0,0.485672,-0.00133658,-0.000574174,0.000501597,0.00123907,1790271900,0.000638371,0,0.000598844,1,0.000652024,7.80109e-05,0.000743104,1,0.000578214,1.43574e-05,0.000518866,1,0.000597822,0.000113561,0.000625137,1,
1790272020,0.000475338,-4.11816e-05,0.000538948,-0.00054673,0.000890765,0.521195,0.000132234,0.000131501,0.0578563,-0.00120141,-0.000905342,-0.000458272,-0.000162343,4.27053e-05,0.000183296,0.00046884,0.00090359,0.00115312,0.00013827,0.000141654,0.000138407,0.000139521,0.000160344,0.00013638,0.000126746,0.000131229,0.000557665,2.79439e-05,0.00054936,-0.000605813,0.000563386,0,0.485971,-0.0012607,-0.000540841,0.000465536,0.00115431,1790271900,0.000568897,0,0.000581336,1,0.000569668,5.19822e-05,0.000628007,1,0.000603612,3.42438e-05,0.000601063,1,0.000535652,0.000148193,0.000552044,1,
1790272080,-2.99359e-05,3.74192e-06,0.000246937,-0.000370519,0.000884371,0.519422,7.88631e-05,8.0396e-05,0.0688138,-0.00123745,-0.000925714,-0.000478475,-0.000166745,3.93376e-05,0.000189799,0.00047586,0.000934729,0.00119618,5.9513e-05,8.16652e-05,6.74254e-05,8.471e-05,8.18535e-05,6.74714e-05,8.67996e-05,8.01317e-05,0.0005729,5.85631e-05,0.000602979,-0.000649085,0.000637331,0,0.487916,-0.00134269,-0.000573051,0.000502199,0.00124283,1790271900,0.000555136,0,0.000475172,1,0.000606163,4.51959e-05,0.000613266,1,0.000589657,2.69613e-05,0.000536168,1,0.000599706,0.000130354,0.000673411,1,
1790272140,-0.000744943,-3.74205e-06,0.000224497,-0.000744943,0.000875493,0.520446,0.000212834,0.000213846,0.10046,-0.00110513,-0.000833828,-0.000422897,-0.000145625,3.65271e-05,0.00017073,0.000414615,0.000843551,0.00107192,0.000214576,0.000208969,0.000208084,0.000207108,0.00019032,0.000211092,0.000221442,0.000216645,0.000503574,2.9047e-05,0.000496995,-0.000511626,0.000504477,0,0.487432,-0.00104143,-0.000448291,0.000386218,0.000953805,1790271900,0.000580102,0,0.000541719,1,0.000593394,3.58291e-05,0.000521847,1,0.00054932,4.17649e-05,0.000498926,1,0.000548525,0.00013015,0.000569587,1,
1790272200,0.00059525,3.74482e-06,0.000688811,-6.36641e-05,0.000873074,0.519545,0.000165995,0.000166111,0.0664328,-0.00112788,-0.000836234,-0.0004284,-0.000149179,3.53928e-05,0.000166901,0.000430269,0.000859302,0.0010939,0.000171586,0.000171984,0.000171356,0.000172645,0.000194173,0.000169752,0.000154929,0.000160799,0.000515442,5.56506e-05,0.000488307,-0.000555305,0.000573368,0,0.491276,-0.0011565,-0.000476743,0.000440566,0.00107687,1790272200,0.000497599,0,0.000417909,1,0.000607215,5.75441e-05,0.000566782,1,0.000566134,2.56213e-06,0.00047666,1,0.000590305,5.65696e-05,0.000611497,1,
1790272260,-0.000808728,0,4.49102e-05,-0.000846185,0.000868389,0.519616,0.000230087,0.000230763,0.0692316,-0.00110271,-0.000815696,-0.000419824,-0.000145371,3.46278e-05,0.000160789,0.000410942,0.000835711,0.00104989,0.000239017,0.000226725,0.000230399,0.000225734,0.000206,0.000229057,0.000241376,0.000231814,0.000499606,1.94108e-05,0.000468184,-0.000554839,0.000523326,0,0.491511,-0.00115425,-0.00048495,0.000430634,0.00106999,1790272200,0.000557175,0,0.000429024,1,0.000528198,3.64902e-05,0.000476894,1,0.00055241,3.26412e-05,0.000511166,1,0.000534749,0.000105601,0.000548697,1,
1790272320,-0.000183553,-3.7457e-05,0.00033705,-0.000243495,0.000867236,0.518698,8.31795e-05,8.46538e-05,0.049671,-0.00113,-0.000828663,-0.000428261,-0.000154384,3.47078e-05,0.000167012,0.000429863,0.000862333,0.00109793,7.38879e-05,8.82883e-05,7.80566e-05,7.65617e-05,8.3415e-05,8.35533e-05,8.93823e-05,8.61566e-05,0.000515074,1.22466e-05,0.000487868,-0.000587356,0.000574997,0,0.486226,-0.00124221,-0.000513443,0.000461853,0.00115225,1790272200,0.00052594,0,0.000462805,1,0.00054738,1.72863e-05,0.000536326,1,0.000487768,2.81249e-05,0.000417468,1,0.000577164,6.9524e-05,0.000587592,1,
1790272380,-0.000457155,7.4926e-06,0.000393286,-0.000457155,0.000858912,0.51769,0.00013386,0.000132533,0.0600308,-0.0010619,-0.000779568,-0.000409898,-0.000149256,3.13398e-05,0.000161088,0.000409034,0.000819297,0.0010309,0.000132354,0.000131808,0.000128136,0.000127107,0.000117284,0.00013137,0.000143517,0.000139268,0.000491475,0,0.000434449,-0.000556342,0.000517144,0,0.492346,-0.00114935,-0.000480836,0.00043997,0.00107288,1790272200,0.000603749,0,0.000443748,1,0.000530057,4.10139e-05,0.000495364,1,0.000504293,8.43226e-06,0.000466177,1,0.000494898,0.000113052,0.000498261,1,
1790272440,-0.000314884,3.74802e-06,8.99486e-05,-0.000352377,0.000852734,0.514708,0.000103111,0.000103054,0.0647684,-0.00110445,-0.000789862,-0.00041975,-0.000158028,2.66635e-05,0.000152713,0.000409291,0.000812944,0.00105598,9.56526e-05,0.000107508,9.6546e-05,9.91031e-05,9.16675e-05,0.000101014,0.000108634,0.000106414,0.000498763,1.36026e-05,0.00049191,-0.000584611,0.00056756,0,0.489941,-0.00123133,-0.000507403,0.000464634,0.00114807,1790272200,0.000523844,0,0.000460589,1,0.000571492,2.12435e-05,0.000570069,1,0.000490201,3.94885e-05,0.000455224,1,0.00050959,0.00011149,0.000518731,1,
1790272500,2.62441e-05,0,0.000329876,-0.000461259,0.000845337,0.514587,6.28647e-05,6.23199e-05,0.0790012,-0.0010443,-0.000742704,-0.000383321,-0.000149457,2.49472e-05,0.000141964,0.000380003,0.000770015,0.000986892,5.90671e-05,7.73187e-05,6.06313e-05,5.70418e-05,8.14373e-05,6.2855e-05,6.00451e-05,6.80391e-05,0.000458492,0,0.0003875,-0.000515032,0.000465249,0,0.483477,-0.0010768,-0.000453876,0.00039581,0.00100177,1790272500,0.000593402,0,0.000473415,1,0.000559565,0,0.000523273,1,0.000536791,2.86353e-06,0.000462561,1,0.000509069,8.48116e-05,0.000512115,1,
1790272560,0.000682105,-1.49966e-05,0.00110912,-0.000119979,0.000836849,0.515757,0.000190779,0.000193057,0.0879806,-0.00105957,-0.000775275,-0.000407628,-0.000154881,2.83436e-05,0.000144478,0.00038944,0.000798612,0.00101921,0.000195568,0.000195676,0.000194798,0.000196257,0.000220733,0.000193221,0.000179733,0.000187133,0.00048082,4.09748e-05,0.000492058,-0.000571871,0.000570519,0,0.491871,-0.00118998,-0.000498794,0.000453622,0.00111931,1790272500,0.000521814,0,0.000404883,1,0.000575856,3.06891e-05,0.000566832,1,0.00052813,0,0.000490259,1,0.000524898,8.92787e-05,0.000549572,1,
1790272620,0.000149851,-0.000168609,0.000516891,-0.000281031,0.000834036,0.51292,7.67523e-05,7.54827e-05,0.0669679,-0.00113766,-0.000841039,-0.000435223,-0.00016634,2.41847e-05,0.000150396,0.000410517,0.000837427,0.00107303,6.92586e-05,8.28153e-05,6.95094e-05,8.28097e-05,9.34788e-05,6.99045e-05,8.11372e-05,7.69904e-05,0.000510811,5.76937e-05,0.00054819,-0.000574938,0.00058912,1.02178e-06,0.489165,-0.0012108,-0.000509396,0.000447916,0.00111979,1790272500,0.000566534,0,0.000518458,1,0.000547898,0,0.00047563,1,0.000552643,5.66522e-06,0.00049075,1,0.000533435,8.98382e-05,0.000520942,1,
1790272680,-0.000198557,3.74598e-06,5.99341e-05,-0.000528324,0.000825925,0.516678,8.22316e-05,8.24243e-05,0.0797821,-0.0010752,-0.000793622,-0.000412897,-0.000149823,2.93283e-05,0.000142431,0.000386512,0.000787011,0.00101129,7.65653e-05,8.57369e-05,7.30422e-05,8.25689e-05,7.8285e-05,7.46785e-05,9.13245e-05,8.45873e-05,0.000482924,2.6077e-05,0.000480482,-0.000541968,0.000531193,0,0.489467,-0.00113576,-0.000480012,0.000418978,0.00103649,1790272500,0.000590673,0,0.000483726,1,0.000597474,4.14093e-05,0.00054384,1,0.000505812,0,0.000407483,1,0.000545149,0.000108371,0.000543504,1,
1790272740,-9.74199e-05,-1.87339e-05,0.000254746,-0.000329767,0.000818106,0.515376,6.79432e-05,6.8025e-05,0.0921899,-0.000995718,-0.000742629,-0.000389797,-0.00014615,2.59607e-05,0.000133829,0.000377187,0.000745805,0.000963357,6.33289e-05,7.71513e-05,5.8425e-05,7.03719e-05,7.05848e-05,5.79137e-05,7.27817e-05,7.05767e-05,0.000461734,2.49654e-05,0.000399735,-0.000504008,0.000491307,0,0.490295,-0.00102517,-0.000435523,0.000394515,0.000978965,1790272500,0.000550302,0,0.000418822,1,0.000587353,7.40228e-05,0.00052055,1,0.000560363,2.75397e-05,0.000479909,1,0.000488506,8.15111e-05,0.000478754,1,
1790272800,-0.000206112,-8.99345e-05,0.000243532,-0.000742201,0.000810001,0.513232,8.80302e-05,8.71032e-05,0.113194,-0.00115733,-0.000885824,-0.000472559,-0.000173562,2.59748e-05,0.000144844,0.000423401,0.000840422,0.00106984,7.75407e-05,8.54134e-05,7.11012e-05,9.83331e-05,7.41576e-05,7.14661e-05,0.000103287,9.1485e-05,0.000542438,0.000135625,0.000613136,-0.000585203,0.000661561,8.62919e-06,0.492011,-0.00117374,-0.00052141,0.000452512,0.00109024,1790272800,0.000497906,0,0.000421456,1,0.000546084,5.66193e-05,0.000489749,1,0.000549818,3.30575e-05,0.000487438,1,0.000560641,0.000113197,0.000552869,1,
1790272860,-0.0007161,7.49572e-06,0.000400942,-0.000986177,0.00080239,0.514776,0.00020571,0.00020308,0.135813,-0.00102641,-0.000758461,-0.000392196,-0.000148395,2.5172e-05,0.000136725,0.000394976,0.000780156,0.000989074,0.000204546,0.000200771,0.000213099,0.000199158,0.000182167,0.000215514,0.000221492,0.000209484,0.000472592,9.58908e-05,0.000490155,-0.000544198,0.000577504,0,0.496736,-0.00112137,-0.000463758,0.000440957,0.00107237,1790272800,0.000663552,0,0.000490561,1,0.000543432,0,0.000479745,1,0.000533942,0,0.000457147,1,0.000565507,0.000100811,0.000538434,1,
1790272920,-0.00131731,-1.8753e-05,0.000225008,-0.00170045,0.000800755,0.510618,0.000456919,0.000454944,0.0925505,-0.00109267,-0.000781995,-0.000406283,-0.000161584,1.8815e-05,0.000151644,0.00042182,0.00082421,0.00104284,0.00047071,0.000439716,0.000492467,0.000403196,0.000407942,0.000497823,0.00047,0.000459353,0.000498385,9.66194e-05,0.000518298,-0.000551773,0.000601886,0,0.495523,-0.00114107,-0.000467982,0.000447931,0.00107155,1790272800,0.00056682,0,0.000488439,0,0.000703542,0,0.000591528,0,0.00049079,0,0.000417096,0,0.000533728,8.10454e-05,0.000518693,1,
1790272980,-0.000905486,0,0.000112659,-0.00125512,0.000814304,0.513185,0.00026406,0.000258957,0.0400389,-0.00141761,-0.000968734,-0.000492769,-0.000202142,3.02047e-05,0.000192937,0.000521499,0.00101458,0.001318,0.000276059,0.00025456,0.000264428,0.000251588,0.00022112,0.000256237,0.000281506,0.000277795,0.000611719,9.90521e-05,0.000615666,-0.000666872,0.000760306,0,0.49703,-0.00136166,-0.000553626,0.000539025,0.00127478,1790272800,0.000575954,0,0.000462293,0,0.000571424,2.40583e-05,0.000544011,0,0.000621351,0,0.000528751,0,0.000507591,6.67903e-05,0.000498729,0,
1790273040,4.51058e-05,-7.51809e-05,0.00105194,-0.000409804,0.000816227,0.504393,8.59821e-05,8.55196e-05,0.0370065,-0.00141953,-0.000980511,-0.000505722,-0.000211047,1.05221e-05,0.000177851,0.000528083,0.00103285,0.00132122,6.00962e-05,7.60487e-05,7.17459e-05,8.98214e-05,8.33343e-05,8.06912e-05,8.31081e-05,9.64717e-05,0.000622309,4.2689e-05,0.000611649,-0.000657761,0.000692905,0,0.490221,-0.00134602,-0.000557552,0.000524273,0.00126257,1790272800,0.000669682,0,0.00055722,1,0.00055261,2.34974e-05,0.000555831,0,0.000527622,1.66635e-05,0.000463811,0,0.000509709,2.64237e-05,0.000480621,0,
1790273100,0.00100308,0.000112756,0.00170126,-6.01416e-05,0.000808049,0.503967,0.000279317,0.000285036,0.0392584,-0.00144291,-0.00101285,-0.000520847,-0.000213371,9.9737e-06,0.000168943,0.000524384,0.00101479,0.00133592,0.000314391,0.000299108,0.000307729,0.000288718,0.00034746,0.000294772,0.000271024,0.000268657,0.00062748,2.84536e-05,0.000689679,-0.000684749,0.000706065,7.27988e-05,0.488745,-0.00139607,-0.00058686,0.000532045,0.00129639,1790273100,0.000645593,0,0.000567724,1,0.000609933,3.32403e-05,0.000665993,1,0.000520414,1.91072e-06,0.000478194,1,0.000538407,3.57174e-05,0.000473037,1,
1790273160,0.00100582,7.5099e-06,0.00141462,-0.000676122,0.000812409,0.502672,0.000282281,0.000286749,0.0367316,-0.00142626,-0.00104263,-0.000563411,-0.000220617,7.683e-06,0.000171716,0.000535233,0.00102778,0.00134052,0.000315458,0.000298806,0.000302687,0.000289884,0.000337291,0.000290392,0.000278001,0.000274488,0.000662217,5.94557e-05,0.000740012,-0.000704601,0.000699745,6.26602e-05,0.483728,-0.00144508,-0.000615639,0.000533909,0.00134653,1790273100,0.000669209,0,0.000600296,0,0.000621054,2.78112e-06,0.000634363,1,0.000583102,0,0.000552987,1,0.000549921,2.05811e-05,0.000463067,1,
1790273220,-0.00049528,-1.12536e-05,0.000135034,-0.000592864,0.000816726,0.504406,0.000149243,0.000147455,0.0445896,-0.00149414,-0.00110675,-0.000589498,-0.000234527,1.17346e-05,0.000181497,0.000549877,0.00106761,0.00138887,0.000143066,0.000139464,0.000138938,0.000160814,0.000123252,0.000141541,0.000159068,0.000149798,0.000688059,5.91882e-05,0.000728645,-0.000728678,0.000731117,2.96215e-05,0.488531,-0.00147341,-0.000626418,0.000554914,0.00139786,1790273100,0.000704122,0,0.000591616,1,0.000656274,5.8464e-05,0.000629108,1,0.000580021,3.79176e-06,0.000521277,1,0.000599779,1.81421e-05,0.000529027,1,
1790273280,0.00222309,-2.25185e-05,0.00264615,-2.25185e-05,0.000811546,0.503813,0.000870721,0.000880108,0.0395217,-0.00128112,-0.00095501,-0.000512327,-0.000208444,9.7808e-06,0.000155772,0.000475196,0.000939254,0.00121458,0.0009235,0.000888263,0.000895004,0.000862279,0.000933519,0.00087595,0.000847149,0.000867646,0.000597161,1.01092e-05,0.000535761,-0.000590586,0.000551388,0,0.488348,-0.00122016,-0.000515415,0.000462702,0.00115216,1790273100,0.00071897,0,0.000615532,1,0.000710402,7.32225e-05,0.000603843,0,0.000635318,7.917e-06,0.000559715,0,0.000597062,3.26926e-06,0.000507919,0,
1790273340,0.000789823,5.99136e-05,0.00087588,-0.000153545,0.000862715,0.502696,0.00022477,0.000227732,0.140012,-0.00175768,-0.00128515,-0.000694207,-0.000250558,7.91283e-06,0.000219164,0.000658761,0.00128975,0.00170814,0.000231063,0.000226199,0.000228681,0.000230695,0.000235751,0.000230722,0.000216352,0.000219441,0.000815488,6.31613e-05,0.000785936,-0.000823315,0.000872588,0,0.490122,-0.00165167,-0.000701012,0.000629602,0.00161654,1790273100,0.000601916,0,0.000427615,0,0.000743915,5.97021e-05,0.000646792,1,0.000666023,0,0.000567934,0,0.000646938,9.43104e-05,0.000586945,0,
1790273400,0.0001534,7.48349e-06,0.00051249,-0.000924642,0.000861317,0.504572,0.000104899,0.000103769,0.157692,-0.00159285,-0.00117561,-0.000630207,-0.00024399,1.25447e-05,0.000193177,0.000577897,0.00114044,0.00150713,6.99957e-05,8.99045e-05,0.000103981,9.96473e-05,9.69151e-05,0.000113493,0.000104007,0.000109407,0.000730696,0,0.000664196,-0.000732737,0.000662921,0,0.48869,-0.00150591,-0.000640725,0.000559658,0.00143328,1790273400,0.000830996,0,0.000746671,1,0.00061846,0,0.0005456,0,0.000680176,0,0.000611696,1,0.000684613,4.73941e-05,0.000612538,0,
1790273460,-0.000591282,-2.24474e-05,0.000587194,-0.000591282,0.000852936,0.511341,0.000173118,0.000171274,0.136242,-0.00152391,-0.00114178,-0.000595156,-0.000222722,2.80527e-05,0.000212927,0.00062275,0.00118179,0.00151906,0.000170276,0.000166449,0.000166225,0.000170855,0.000159783,0.000171285,0.000184557,0.000179523,0.000733111,2.93524e-05,0.000626994,0.000786256,5.32658e-05,0.000693287,0.501696,-0.00155717,-0.000651251,0.000621935,0.00153994,1790273400,0.000738847,0,0.000545063,1,0.000860467,2.03899e-05,0.000710231,1,0.000577989,0,0.000486515,1,0.000721509,6.16638e-06,0.000676525,1,
1790273520,0.000213351,5.98926e-05,0.000763362,-4.49218e-05,0.000848494,0.50504,9.81036e-05,9.96875e-05,0.0998847,-0.00137272,-0.000990118,-0.000534505,-0.000212579,1.2116e-05,0.000172516,0.000529287,0.00102324,0.00131554,7.99746e-05,9.65696e-05,0.000101767,0.000106143,0.00010516,9.67348e-05,9.6456e-05,9.43972e-05,0.000638935,4.16083e-05,0.000603439,-0.000710828,0.000694237,0,0.498048,-0.00144695,-0.000597335,0.000569681,0.00139849,1790273400,0.000768101,0,0.000675475,1,0.000699177,4.33344e-05,0.00065903,1,0.000716122,0,0.000698109,1,0.000570013,1.76307e-05,0.000559996,0,
1790273580,-7.85977e-05,0,0.000321812,-0.000400538,0.000840508,0.512668,8.59258e-05,8.58885e-05,0.0946264,-0.00129073,-0.000943268,-0.000513634,-0.000197261,2.81251e-05,0.00016907,0.000504248,0.000973211,0.00124895,6.24243e-05,8.22834e-05,8.53402e-05,9.05735e-05,8.34941e-05,7.83479e-05,8.841e-05,8.61443e-05,0.000611824,1.63575e-05,0.000573861,-0.000681137,0.000615033,0,0.496539,-0.00138188,-0.000579602,0.000540862,0.00133857,1790273400,0.000722064,0,0.000570148,1,0.000803422,0,0.000735615,1,0.000662376,0,0.000573858,1,0.000743221,5.65289e-05,0.000723345,1,
1790273640,0.000972679,7.48576e-06,0.00109607,7.48576e-06,0.000832135,0.511952,0.000279439,0.000281741,0.0929498,-0.00117545,-0.000869024,-0.000473701,-0.00017953,2.39189e-05,0.00014651,0.000457024,0.000911989,0.00117605,0.000301847,0.000279909,0.000280218,0.000282228,0.000293379,0.000290148,0.000270983,0.000275287,0.000560583,1.73561e-05,0.000559942,-0.00057421,0.000524319,0,0.492887,-0.00117471,-0.000498256,0.000453801,0.0011347,1790273400,0.000666059,0,0.000589176,1,0.00069383,0,0.000713491,1,0.000710056,0,0.000674668,1,0.000646496,2.62404e-06,0.000698633,1,
1790273700,0.000250499,4.1131e-05,0.000422446,-0.000287964,0.000835178,0.512647,0.000102083,0.000102426,0.0909419,-0.00131745,-0.000986159,-0.000521987,-0.000180131,2.55964e-05,0.000165696,0.000509019,0.00100107,0.00127809,8.57784e-05,0.000101406,0.000102046,0.000109764,0.000106922,9.77307e-05,0.000103659,9.8661e-05,0.000620005,8.5782e-05,0.000607836,-0.000646825,0.000654865,0,0.494274,-0.00132055,-0.000567743,0.000503363,0.00125027,1790273700,0.000591448,0,0.000498969,1,-0.000668252,0.000632684,3.69894e-06,1,0.000649672,0,0.000633447,1,0.000690592,6.25504e-05,0.000758965,1,
1790273760,0.000568063,-7.85078e-05,0.000747384,-0.000153283,0.000827542,0.513954,0.000162586,0.00016277,0.0884317,-0.00118272,-0.000872854,-0.000465572,-0.00017219,2.73863e-05,0.000147886,0.000444662,0.00090653,0.00116704,0.000163509,0.000163903,0.000164397,0.000164984,0.000167584,0.000162118,0.000159296,0.000161383,0.000548939,0,0.000517001,-0.000583867,0.000524541,0,0.492138,-0.00119726,-0.000512518,0.000454914,0.00115813,1790273700,0.000694474,0,0.00053868,1,0.000611701,9.36748e-07,0.000573082,1,0.000619537,0,0.000603697,1,0.000641801,5.35347e-05,0.000671982,1,
1790273820,0.000537867,-6.72538e-05,0.000537867,-6.72538e-05,0.000823155,0.518664,0.000151604,0.000150488,0.0852992,-0.00115872,-0.000870337,-0.00044867,-0.000158334,3.5578e-05,0.000162142,0.000457907,0.000899946,0.00115519,0.000154951,0.000155438,0.000155708,0.000156349,0.000155092,0.000153695,0.00014932,0.000145937,0.000544918,0,0.00046826,-0.000585015,0.000558745,0,0.495891,-0.00120077,-0.000508433,0.000460306,0.00116815,1790273700,0.000591675,0,0.000473984,1,0.000586985,6.69121e-05,0.000597554,1,0.000572201,0,0.000493663,1,0.000622927,4.48903e-05,0.000638823,1,
1790273880,-0.000164318,0,0.000515185,-0.000612594,0.000818424,0.520207,8.03034e-05,8.17675e-05,0.0955871,-0.00114354,-0.000824282,-0.000422763,-0.00014886,3.68693e-05,0.000157607,0.000437529,0.000867802,0.00111623,7.14199e-05,8.43353e-05,7.96792e-05,6.85096e-05,8.87527e-05,7.94193e-05,8.06728e-05,8.85798e-05,0.000517756,0,0.000397068,-0.000552549,0.000493602,0,0.496321,-0.00114301,-0.000480674,0.000431678,0.00112054,1790273700,0.000599062,0,0.000460734,1,0.000615937,2.71802e-05,0.000536576,1,0.00059942,8.10628e-06,0.00054247,1,0.000589411,6.2161e-05,0.000571226,1,
1790273940,-1.49393e-05,3.73479e-06,0.000126975,-0.000369814,0.000810532,0.518806,7.20411e-05,7.24824e-05,0.107571,-0.0011471,-0.000823687,-0.000414865,-0.000155126,3.51787e-05,0.000156709,0.000458965,0.000879915,0.00112751,5.89936e-05,7.49354e-05,6.77008e-05,7.78712e-05,7.84262e-05,6.58873e-05,7.31513e-05,7.11032e-05,0.000528263,3.80311e-05,0.00046621,0.000621432,0,0.00059247,0.501426,-0.00125343,-0.000523369,0.000501164,0.00125404,1790273700,0.000581872,0,0.000413195,1,0.000602241,3.58939e-05,0.000508693,1,0.000578596,0,0.00048011,1,0.000602537,6.36385e-05,0.000569915,1,
1790274000,0.000339814,8.96325e-05,0.000339814,-0.000683712,0.000802388,0.516233,0.000103462,0.000102455,0.137516,-0.0010038,-0.000740247,-0.000376456,-0.000136364,2.58034e-05,0.000134019,0.000404213,0.000800832,0.00103346,0.000100608,0.000112824,0.0001053,0.000107029,0.000111407,0.000101509,9.77859e-05,0.000101434,0.000470861,2.3934e-05,0.00038608,0.000510103,0,0.00044578,0.500366,-0.00101116,-0.000428936,0.000408314,0.00103837,1790274000,0.000632204,0,0.000525199,1,0.000557075,5.58626e-05,0.000468865,1,0.000554608,5.37284e-06,0.000488033,1,0.00058416,4.51801e-05,0.000575765,1,
1790274060,-7.46745e-05,-3.36028e-05,0.000328502,-7.46745e-05,0.000795776,0.517283,7.17414e-05,7.16972e-05,0.162525,-0.00107505,-0.000776578,-0.000402039,-0.000145173,2.96666e-05,0.00014499,0.000422016,0.000844521,0.00110327,6.21137e-05,7.61739e-05,6.51612e-05,8.08461e-05,7.816e-05,6.13318e-05,7.7274e-05,6.904e-05,0.000496227,6.80231e-05,0.000482067,-0.000563588,0.000547569,0,0.499526,-0.00113681,-0.000479453,0.00045277,0.00115555,1790274000,-0.000507901,0.00044677,0,1,0.000630444,2.83573e-05,0.000609088,1,0.00052916,2.48701e-05,0.000433976,1,0.000554804,6.87728e-05,0.0005479,1,
1790274120,0.000395711,0,0.000627093,-6.72118e-05,0.000787849,0.517644,0.000112443,0.000111024,0.182839,-0.000963,-0.000697625,-0.000356756,-0.00012134,2.53216e-05,0.000128452,0.000371448,0.000742118,0.000968216,0.000115364,0.000120614,0.000115022,0.00011628,0.00011337,0.000113187,0.000109048,0.000109608,0.0004384,2.12664e-05,0.000410407,-0.000460917,0.000390773,0,0.493857,-0.000932042,-0.000398025,0.000351348,0.000903024,1790274000,-0.000572741,0.000500224,0,1,-0.000560582,0.000549353,0,1,-0.000578323,0.000573073,0,1,-0.000501774,0.000575759,2.01857e-05,1,
1790274180,-7.09179e-05,-4.85222e-05,0.000167943,-0.000268768,0.000781936,0.522433,6.63284e-05,6.6033e-05,0.209543,-0.000996436,-0.000724675,-0.000363802,-0.000119765,3.37322e-05,0.000142007,0.000390336,0.000764226,0.00100034,6.18829e-05,7.4078e-05,6.05739e-05,7.3151e-05,7.30849e-05,5.6036e-05,7.04737e-05,6.48705e-05,0.000455424,5.86453e-05,0.000428481,-0.000472801,0.000444186,0,0.498581,-0.000964353,-0.000405302,0.000369783,0.000956056,1790274000,0.000487954,0,0.000349645,1,0.000599593,3.63146e-05,0.000549589,1,0.000500882,1.51022e-05,0.000436151,1,0.00058185,8.90211e-05,0.000606443,1,
1790274240,0.000175419,0,0.000175419,-0.000347197,0.000774142,0.517775,7.07967e-05,6.87667e-05,0.214926,-0.000897497,-0.000651034,-0.000328072,-0.000111582,2.34527e-05,0.000121139,0.000353247,0.000702191,0.000900424,7.29417e-05,8.24371e-05,7.07678e-05,7.66177e-05,6.89242e-05,6.61045e-05,6.51005e-05,6.93814e-05,0.000411264,0,0.000356408,-0.00044209,0.000369866,0,0.493986,-0.000877875,-0.000379299,0.000334632,0.000855684,1790274000,0.000510147,0,0.000386078,1,0.000504032,1.67941e-05,0.000428741,1,0.000525491,4.85367e-05,0.000470751,1,0.000513719,1.20098e-05,0.000462084,1,
1790274300,3.35874e-05,-3.73207e-05,0.00183446,-9.33043e-05,0.000766763,0.522154,5.76285e-05,5.43229e-05,0.241121,-0.00088818,-0.000642678,-0.00032478,-0.000104796,2.89512e-05,0.000132806,0.000346433,0.000698132,0.00090508,5.8916e-05,7.04186e-05,5.41326e-05,6.47545e-05,5.90324e-05,5.01339e-05,5.4137e-05,5.71314e-05,0.000405276,2.22718e-05,0.000324856,-0.000451366,0.00039681,0,0.498116,-0.0009036,-0.000384727,0.000350708,0.000901509,1790274300,0.000448892,0,0.000367343,1,0.000516544,6.13317e-05,0.000418992,1,0.000491597,0,0.000404959,1,0.00055302,1.38022e-05,0.000501058,1,
1790274360,0.000954903,0.000104487,0.0018195,0.000104487,0.000759072,0.52067,0.000282794,0.00028039,0.277126,-0.00105916,-0.000765479,-0.000387239,-0.000121455,3.08539e-05,0.000161812,0.000413081,0.00080224,0.00101584,0.000293574,0.000285078,0.000323902,0.000274757,0.000280668,0.000332822,0.000276923,0.000282562,0.00048332,8.06359e-05,0.000523697,0.0005284,4.98359e-05,0.000595268,0.502153,-0.00110388,-0.0004537,0.000426741,0.00106488,1790274300,0.000459867,0,0.000405981,1,0.000486897,4.53815e-06,0.000430342,1,0.000481062,4.57935e-05,0.000401401,1,0.000476217,2.87797e-05,0.000401251,1,
1790274420,0.000506922,-1.49134e-05,0.000778913,-0.000223724,0.000763481,0.51758,0.00014513,0.000141169,0.115117,-0.00117973,-0.000861499,-0.000442954,-0.000141152,2.94563e-05,0.000165983,0.000454218,0.000881997,0.00115324,0.000145699,0.000146167,0.000145651,0.000160078,0.000117105,0.000144427,0.000142587,0.000143975,0.000539549,8.46797e-05,0.000557035,-0.000585539,0.000578548,2.36625e-05,0.497675,-0.00121046,-0.000506979,0.000461278,0.00119282,1790274300,0.000602104,0,0.000461775,1,0.000505058,9.5617e-06,0.000429934,1,0.000456414,0,0.000387023,1,0.000475093,5.0134e-05,0.000406306,1,
1790274480,-0.000398807,-7.08045e-05,0.000488042,-0.00061132,0.0007592,0.520298,0.000117301,0.000120388,0.0940008,-0.00111544,-0.000812046,-0.000428305,-0.00013873,3.45571e-05,0.000157286,0.00042831,0.000825768,0.00109245,0.000117948,0.000115562,0.000112529,0.000129271,0.000148495,0.00011433,0.000116822,0.000117465,0.00051397,2.65892e-05,0.000478546,-0.000546621,0.000499208,0,0.496009,-0.00113165,-0.000478381,0.000425625,0.00110427,1790274300,0.000618806,0,0.00051199,1,0.000571323,0.000113457,0.000528392,1,0.000450336,2.73401e-05,0.000382565,1,0.000476931,0,0.000405976,1,
1790274540,-0.000335568,6.71001e-05,0.000283281,-0.000335568,0.000753682,0.522873,0.000106342,0.000108636,0.0805765,-0.00107584,-0.000764159,-0.000388769,-0.000125913,3.64463e-05,0.000157396,0.000423928,0.000822694,0.00106179,0.000100172,0.000104521,9.62175e-05,0.000122521,0.000123607,9.65005e-05,0.000107176,0.000104075,0.000491196,6.41551e-05,0.000468478,0.00055418,0,0.000501236,0.502143,-0.00113163,-0.000469649,0.000444335,0.00111048,1790274300,0.000559412,0,0.000435528,1,0.000616527,8.49763e-05,0.000535591,1,0.000540431,3.83246e-05,0.000503755,1,0.000469584,3.81733e-06,0.000416345,1,
1790274600,0.000980288,0.000261007,0.00174745,0.000253551,0.000747615,0.519052,0.000294201,0.000290438,0.0732271,-0.00108562,-0.000778697,-0.000396756,-0.000125001,2.87172e-05,0.000149251,0.000418939,0.000814213,0.00104992,0.000302641,0.000296078,0.000323674,0.000281408,0.000276242,0.000330036,0.000279232,0.000303377,0.00049171,7.76974e-05,0.000455742,-0.000538717,0.000516371,0,0.496874,-0.00109563,-0.000464373,0.000425756,0.00106073,1790274600,0.000552834,8.33814e-07,0.000443487,1,0.000553737,7.75992e-05,0.000490232,1,0.000552226,3.2244e-05,0.000521925,1,0.00053971,9.09189e-05,0.000461137,1,
1790274660,-0.000294358,3.3529e-05,4.47051e-05,-0.000659632,0.000752974,0.514549,0.000102226,0.000104527,0.0535136,-0.00120185,-0.000875532,-0.00043255,-0.000154767,2.58372e-05,0.000161545,0.000455877,0.000882085,0.00113134,9.33625e-05,9.78858e-05,9.29163e-05,0.000116084,0.000113161,9.64197e-05,0.000102103,9.98108e-05,0.000535878,5.10628e-05,0.000560768,-0.000611297,0.000580818,2.01025e-05,0.493662,-0.00125338,-0.000529148,0.000473279,0.00122331,1790274600,0.000566017,0,0.000429524,1,-0.00054797,0.000584583,0,1,-0.000515897,0.000534454,0,1,-0.000558473,0.00058988,0,1,
1790274720,-0.000667284,-8.57155e-05,0.000625873,-0.000671013,0.000746567,0.509,0.000186804,0.000191433,0.0525852,-0.00101863,-0.000736492,-0.000364571,-0.00014011,1.37461e-05,0.00013312,0.000394872,0.000783068,0.00100902,0.000192354,0.000187588,0.000187118,0.000186319,0.000212772,0.000189457,0.000185318,0.00018523,0.000458827,0,0.000430142,-0.000523138,0.000454898,0,0.492376,-0.00107903,-0.000456744,0.000407674,0.00105445,1790274600,-0.000602679,0.000577961,0,1,0.000484427,8.60631e-06,0.000536117,1,-0.000509959,0.000496688,0,1,-0.000509922,0.000514348,0,1,
1790274780,0.000134238,0,0.000257274,-3.35624e-05,0.000745064,0.517225,7.64087e-05,7.33954e-05,0.0554659,-0.00110967,-0.000791975,-0.000397115,-0.000141203,2.87628e-05,0.000161706,0.000446106,0.000865546,0.00109233,6.60597e-05,7.4238e-05,6.79822e-05,9.56654e-05,7.10136e-05,6.95245e-05,7.80557e-05,7.07972e-05,0.000510713,6.07188e-05,0.000507999,0.000571932,4.5567e-06,0.000521796,0.502385,-0.00117892,-0.000482937,0.000460648,0.00113666,1790274600,-0.000512675,0.000479197,0,1,0.00059409,7.6097e-05,0.000546207,1,0.000484276,0,0.000450921,1,-0.000508265,0.000521394,0,1,
1790274840,-0.000339359,-3.35579e-05,0.000126764,-0.000581829,0.00073782,0.515709,0.00010019,0.000101289,0.0558595,-0.000986592,-0.000702748,-0.000347767,-0.000126372,2.30018e-05,0.000123297,0.000359657,0.000739276,0.000943544,0.000101213,0.000103946,9.76372e-05,0.000102682,0.000113237,9.9397e-05,9.62985e-05,0.000100483,0.000425886,0,0.000392281,-0.000451983,0.000341613,0,0.494488,-0.000927878,-0.000393888,0.000345834,0.000889588,1790274600,0.000563848,1.6995e-05,0.000457351,1,0.00052423,2.84554e-05,0.000495483,1,0.000530587,3.63267e-05,0.000510908,1,0.000451067,2.91765e-05,0.000420428,1,
1790274900,-0.00105984,-2.61093e-05,-2.61093e-05,-0.00107478,0.00073198,0.510671,0.000337131,0.000344467,0.0622476,-0.0010011,-0.000712705,-0.000357601,-0.000140597,1.6446e-05,0.00012365,0.000378346,0.000756112,0.00096168,0.000344602,0.000327779,0.000357102,0.000310781,0.000355882,0.000358026,0.000339774,0.000348315,0.000443617,2.93898e-06,0.000450572,-0.000505536,0.000431475,0,0.496405,-0.00104911,-0.000435246,0.000400632,0.00102045,1790274900,-0.000418337,0.000380703,0,0,0.000547525,5.35984e-05,0.000538169,1,-0.000481235,0.000485522,0,1,-0.000532653,0.000556685,0,1,
1790274960,0.000235202,0.000138141,0.00111579,0.000119475,0.000739962,0.515368,8.71651e-05,8.58496e-05,0.0643162,-0.00104806,-0.000751452,-0.000382444,-0.00014474,2.57456e-05,0.000136139,0.00039907,0.000819737,0.00103206,8.29678e-05,9.02406e-05,8.73661e-05,9.02364e-05,9.272e-05,9.10892e-05,8.49447e-05,8.38056e-05,0.000470583,0,0.00043112,-0.000524566,0.000490947,0,0.498887,-0.00109839,-0.00044435,0.000424973,0.00106047,1790274900,-0.000495793,0.000450954,0,1,-0.000440951,0.000448231,0,1,-0.000519633,0.000519105,0,1,-0.000480097,0.000468488,0,1,
1790275020,0.00107078,3.73292e-06,0.00177157,3.73292e-06,0.00073328,0.511505,0.000330194,0.000331415,0.0625346,-0.00105963,-0.000759923,-0.000380657,-0.000147583,1.88049e-05,0.000137714,0.000404157,0.000819251,0.00103838,0.000344407,0.0003346,0.000351104,0.00032275,0.000328424,0.000332043,0.000339671,0.000326614,0.000473352,1.14151e-06,0.000503896,-0.000545693,0.000490911,4.50661e-06,0.496688,-0.00113153,-0.000472513,0.000430894,0.00107579,1790274900,0.00052651,0,0.000423581,1,-0.000499146,0.00052151,8.52544e-06,1,0.000422294,4.60629e-06,0.000372029,1,0.000502483,4.03732e-05,0.000469987,1,
1790275080,0.00220138,5.96612e-05,0.00267008,-1.86449e-05,0.000741537,0.508909,0.000872345,0.000872147,0.0458374,-0.00121942,-0.000879029,-0.000442798,-0.000176661,1.69884e-05,0.000156308,0.000454697,0.000911331,0.00118274,0.000908145,0.000894741,0.000895655,0.000841971,0.000877083,0.000868072,0.000874232,0.00087874,0.000539837,2.16085e-05,0.000603686,-0.00060851,0.000560682,7.099e-05,0.4925,-0.0012718,-0.00053243,0.000468483,0.00121523,1790274900,0.000510665,0,0.000485529,0,0.000508632,2.46184e-05,0.000520607,0,-0.000464171,0.00047017,0,0,-0.000416919,0.000413692,0,1,
1790275140,-0.000703467,3.72073e-06,0.00113418,-0.000852412,0.000797371,0.50111,0.000192731,0.000197994,0.119196,-0.00169753,-0.00126006,-0.000634991,-0.000270352,5.04864e-06,0.000205684,0.000611275,0.00126548,0.00173364,0.000202635,0.000197947,0.000198058,0.000196317,0.000213287,0.000206627,0.000186904,0.000185965,0.000751804,1.91567e-05,0.000769303,-0.000760055,0.000723519,7.27476e-05,0.493041,-0.00156127,-0.000656983,0.000576756,0.00153327,1790274900,-0.000606034,0.000602966,0,1,-0.000526283,0.000578647,0,0,-0.000475189,0.000480799,0,0,-0.000472093,0.000467971,0,1,
1790275200,-0.000353781,5.58488e-05,5.58488e-05,-0.000662977,0.000795602,0.508268,0.000130839,0.000132404,0.097378,-0.00155676,-0.00114836,-0.000579332,-0.00021896,1.94493e-05,0.000226773,0.000618848,0.00121563,0.00156247,0.000105437,0.00011359,0.000125326,0.000136839,0.000123518,0.000136307,0.000126264,0.000132799,0.000723273,0,0.000688181,0.000746519,1.39793e-05,0.000733556,0.505139,-0.00152711,-0.000619857,0.000588749,0.00145892,1790275200,-0.000752547,0.000814553,0,1,0.000592173,0.000117279,0.000553596,1,0.000500702,1.44553e-05,0.00049319,1,0.000475763,1.43388e-05,0.000444402,1,
1790275260,0.000145252,-3.72474e-05,0.000316547,-0.000432155,0.000789193,0.517641,9.09351e-05,8.81729e-05,0.0781176,-0.00131517,-0.000953446,-0.000487039,-0.000174338,3.66665e-05,0.000193123,0.000534405,0.00106862,0.00137907,6.81709e-05,8.31014e-05,9.51326e-05,9.56615e-05,8.75293e-05,9.55976e-05,8.75191e-05,8.81902e-05,0.000617269,0,0.000495018,0.000620668,0,0.0004693,0.50635,-0.00126967,-0.000516176,0.000510858,0.00128603,1790275200,0.000728879,8.46043e-05,0.000551648,1,0.000777179,0.000146677,0.000650751,1,0.000544975,4.25198e-05,0.000519909,1,0.000513161,2.1283e-05,0.000445155,1,
1790275320,0.000413293,0,0.000655232,-0.0003017,0.000781531,0.510725,0.000130329,0.000128184,0.0686742,-0.00128289,-0.000924999,-0.000485754,-0.000186911,2.20792e-05,0.000164613,0.000511661,0.000989304,0.00127662,0.000119943,0.000125565,0.000131694,0.000137816,0.000124532,0.00012665,0.000129838,0.000128159,0.000600271,0,0.000575243,0.000632011,0,0.000588045,0.501045,-0.00129654,-0.000536049,0.000504086,0.00126705,1790275200,-0.000575597,0.000540567,0,1,0.000663547,0.000120426,0.000723748,1,0.000670039,3.90919e-05,0.000653483,1,-0.000557868,0.000562014,0,1,
1790275380,-0.000141469,-7.44521e-06,-7.44521e-06,-0.000450535,0.000775881,0.51129,8.75247e-05,8.73609e-05,0.06597,-0.00127197,-0.000927462,-0.000487407,-0.000190955,2.3907e-05,0.000161076,0.000493115,0.000983907,0.00125764,6.8163e-05,8.04189e-05,8.55741e-05,9.75321e-05,8.65714e-05,7.99785e-05,8.58421e-05,8.73987e-05,0.000588792,0,0.000594257,0.000634795,0,0.00061101,0.500098,-0.00131747,-0.000544234,0.000502315,0.00127526,1790275200,-0.000568893,0.000490357,2.84878e-05,1,-0.000622598,0.000575021,0,1,-0.000655389,0.000613482,1.66296e-05,1,-0.000668474,0.000655765,0,1,
1790275440,8.19053e-05,0,0.000390851,-3.72313e-06,0.000768343,0.509593,7.39624e-05,7.01975e-05,0.0714108,-0.0010939,-0.000800362,-0.000410891,-0.000159187,1.65647e-05,0.000134498,0.000410509,0.000871191,0.00108866,6.21886e-05,7.65601e-05,7.83658e-05,7.70739e-05,7.94393e-05,7.06772e-05,7.2465e-05,7.18981e-05,0.000492907,0,0.000475283,-0.000466892,0.000371147,0,0.499146,-0.000953844,-0.000397526,0.00036557,0.000942208,1790275200,-0.000594377,0.00055553,0,1,-0.000573453,0.000583871,8.36361e-05,1,-0.000532491,0.000511134,1.82323e-05,1,-0.00061178,0.000696951,0.000127089,1,
1790275500,0.000119123,3.72281e-06,0.000662441,3.72281e-06,0.000760709,0.518439,7.39285e-05,6.95924e-05,0.0893966,-0.0010849,-0.000785871,-0.000405102,-0.000143595,3.17745e-05,0.000138012,0.000404366,0.000831671,0.00103298,6.41493e-05,7.74742e-05,7.63078e-05,7.62035e-05,7.952e-05,6.72063e-05,7.19558e-05,7.4504e-05,0.000485787,0,0.000454937,0.00045253,0,0.000405066,0.504343,-0.000921139,-0.000385334,0.000352209,0.000857802,1790275500,-0.000446502,0.000415638,0,1,-0.00059249,0.000640874,3.41019e-05,1,-0.000521847,0.000524254,2.6966e-05,1,-0.000510354,0.000583789,0.000109408,1,
1790275560,-1.48896e-05,5.5834e-05,0.000372168,-0.000241983,0.000753252,0.518612,6.5105e-05,6.39751e-05,0.121349,-0.00103514,-0.000739099,-0.000385294,-0.000139032,3.11057e-05,0.000120476,0.000383092,0.000800764,0.00102271,5.89818e-05,7.01158e-05,6.63096e-05,6.68335e-05,7.36975e-05,5.68038e-05,6.11161e-05,6.75953e-05,0.000461373,0,0.000468794,0.000439009,0,0.000434906,0.502067,-0.000918326,-0.000373167,0.00034324,0.000866166,1790275500,0.000474447,0,0.000397192,1,-0.000509092,0.000506115,0,1,-0.000548423,0.000554053,7.80905e-06,1,-0.000535101,0.000574869,9.8688e-05,1,
1790275620,-0.000372312,-7.44488e-06,0.000416825,-0.000450515,0.000745685,0.518064,0.000107516,0.00010909,0.178246,-0.00100343,-0.000722936,-0.000368064,-0.000132743,2.86078e-05,0.000119711,0.000372823,0.000791735,0.000993748,0.000110321,0.000111647,0.000107148,0.000107826,0.000116356,0.000106526,0.00010588,0.000109748,0.00044501,0,0.000449171,0.00043444,0,0.000419481,0.503006,-0.000901911,-0.000366135,0.000344613,0.000877774,1790275500,0.000469733,0,0.00039282,1,0.00042597,3.40828e-05,0.000494078,1,-0.000466336,0.000467278,0,1,-0.0005499,0.00059981,8.61109e-05,1,
1790275680,0.000651455,-7.44765e-06,0.000707274,-7.44765e-06,0.000740066,0.516331,0.000186478,0.00018476,0.209716,-0.000981429,-0.000700963,-0.000360893,-0.000130088,2.48131e-05,0.000111714,0.00036559,0.000770189,0.000987638,0.000186878,0.0001865,0.000186465,0.000187672,0.00018283,0.000187118,0.000187952,0.000186248,0.000436298,1.03087e-05,0.000456358,0.000429908,0,0.000418679,0.504044,-0.000894249,-0.000357362,0.000344715,0.000861835,1790275500,-0.000467291,0.000437909,0,1,0.000477326,5.40086e-05,0.000465122,1,0.000462854,0,0.000460053,1,0.000494235,3.1813e-05,0.00053521,1,
1790275740,0.000275345,0,0.000565491,-0.000469005,0.000738398,0.5213,9.02082e-05,8.73284e-05,0.152487,-0.00094877,-0.000676317,-0.000330544,-0.000112838,2.97394e-05,0.000107588,0.00035618,0.000739152,0.000931191,9.00609e-05,9.79273e-05,9.27999e-05,9.21285e-05,9.27096e-05,8.58397e-05,8.64127e-05,9.00704e-05,0.000414549,0,0.000378215,0.000450859,0,0.000423566,0.502385,-0.000947391,-0.000386064,0.000355255,0.000912458,1790275500,0.000467735,0,0.000394654,1,0.000496512,3.82837e-05,0.00046705,1,0.000466724,1.37129e-05,0.000445418,1,0.000459582,8.03961e-05,0.000478183,1,
1790275800,0.00133472,-7.06894e-05,0.00207752,-7.06894e-05,0.000732013,0.519646,0.000473652,0.000472977,0.201971,-0.00100217,-0.000723527,-0.00035994,-0.000129593,3.09688e-05,0.000129429,0.000381524,0.000770794,0.00099024,0.000475341,0.000462248,0.000486647,0.000444181,0.000444556,0.000507842,0.000472692,0.00047718,0.000447223,4.69217e-05,0.000466929,0.000499059,0,0.000528368,0.50487,-0.00105261,-0.000427025,0.00040498,0.00103095,1790275800,0.000459789,0,0.000414549,0,0.000474162,4.11025e-05,0.000476371,0,0.000466131,2.32674e-05,0.000426489,1,0.000473619,0.000104699,0.000490696,1,
1790275860,-0.000334442,0.000118886,0.000118886,-0.00097019,0.000748836,0.517027,0.000113809,0.000116347,0.0550426,-0.00127484,-0.000958951,-0.000461067,-0.000172948,3.48758e-05,0.000171498,0.000499841,0.00099555,0.00127546,9.96378e-05,0.000105996,0.000106582,0.000123315,0.000120329,0.000112,0.000112408,0.000113067,0.000581318,6.32736e-05,0.000587195,0.000619317,0,0.000674171,0.506961,-0.00129801,-0.000524918,0.000501433,0.00129703,1790275800,-0.000522083,0.000498678,0,1,0.000466939,5.13965e-05,0.000447108,1,0.000451899,1.75209e-05,0.000438979,1,0.000469145,0.000109517,0.000498999,1,
1790275920,-0.000189567,2.60162e-05,0.000182099,-0.000245329,0.000742817,0.518161,8.41851e-05,8.59431e-05,0.051219,-0.00116368,-0.000850363,-0.000414675,-0.000153202,3.33389e-05,0.000148853,0.000446151,0.000893569,0.0011413,7.52761e-05,8.11037e-05,8.01498e-05,9.7003e-05,9.39571e-05,8.47631e-05,8.10027e-05,8.15539e-05,0.000520061,2.08081e-05,0.000492155,0.000568564,0,0.000556116,0.509417,-0.00118549,-0.000473514,0.00047067,0.00119463,1790275800,0.000649634,3.04714e-05,0.000604307,1,0.000531304,7.22784e-05,0.000540381,1,0.000438642,3.31575e-05,0.000429416,1,0.000474876,0.000102019,0.000489243,1,
1790275980,-7.80673e-05,6.31929e-05,0.00036795,-0.000252812,0.00073584,0.524223,7.01507e-05,6.88507e-05,0.0525207,-0.00103575,-0.000754048,-0.00035906,-0.000123934,3.86761e-05,0.000139619,0.000414896,0.000828408,0.00104684,6.22587e-05,7.17757e-05,6.79643e-05,7.56442e-05,7.95165e-05,7.06721e-05,6.55998e-05,6.88521e-05,0.000470357,4.61444e-06,0.000387308,0.000483987,0,0.000392958,0.508326,-0.00101148,-0.000402594,0.000402184,0.00103012,1790275800,-0.000588649,0.000565463,0,1,0.000657721,0.000105361,0.000615661,1,-0.000500896,0.000527322,0,1,-0.000466282,0.000526064,2.23041e-05,1,
1790276040,0.000237901,-2.97415e-05,0.000275067,-0.000334643,0.000728528,0.516985,8.85842e-05,8.5662e-05,0.0594477,-0.00103553,-0.000750215,-0.00036293,-0.000134732,2.6971e-05,0.000128509,0.000399203,0.00081782,0.00103385,8.39949e-05,9.09841e-05,8.6344e-05,9.99304e-05,8.57668e-05,8.54234e-05,8.84142e-05,8.33015e-05,0.000461136,1.88644e-05,0.000463863,0.000508283,0,0.000492299,0.505373,-0.00107306,-0.000430788,0.000417797,0.00105934,1790275800,-0.000503184,0.000468946,0,1,-0.000590743,0.000630542,5.04287e-05,1,-0.000589033,0.000621996,3.08563e-05,1,-0.000525421,0.000532529,0,1,
1790276100,0.000817352,3.34502e-05,0.000817352,3.34502e-05,0.00072199,0.518025,0.000236145,0.000231629,0.0663303,-0.0010126,-0.000741707,-0.000353044,-0.000126554,2.71928e-05,0.000127207,0.000385525,0.000790293,0.00101149,0.000240125,0.00023389,0.000243447,0.000234625,0.000217158,0.000243577,0.000235039,0.00023934,0.000447068,2.35401e-05,0.000441177,0.000499774,0,0.000477778,0.507922,-0.00104951,-0.000422003,0.000410646,0.00104703,1790276100,-0.000534162,0.000470193,0,1,-0.0005433,0.000503781,0,1,-0.000548632,0.000540635,1.24084e-06,1,-0.000605757,0.00062338,0,1,
1790276160,-0.00020799,-0.00017456,7.7985e-05,-0.000256279,0.000724021,0.510827,7.76338e-05,7.95645e-05,0.0488272,-0.00103972,-0.000757924,-0.000368158,-0.000147487,1.75558e-05,0.000111997,0.000364141,0.000783371,0.000996429,7.83018e-05,8.25245e-05,7.89772e-05,7.70509e-05,9.81402e-05,8.27225e-05,7.42805e-05,7.80751e-05,0.000440127,0,0.000383283,0.000463488,0,0.000462583,0.506224,-0.00099192,-0.000397514,0.000373763,0.000978167,1790276100,-0.00051214,0.000449815,1.09742e-06,1,-0.000550179,0.000547663,3.62135e-05,1,-0.000497435,0.000464608,0,1,-0.000558815,0.000542366,3.59774e-05,1,
1790276220,0.000616415,8.54296e-05,0.000616415,1.48578e-05,0.000717347,0.516,0.000177722,0.000174119,0.0541288,-0.000935932,-0.000676641,-0.000310425,-0.000122846,2.28532e-05,0.000110038,0.000338832,0.000714998,0.000898087,0.000177316,0.00017672,0.000176654,0.000176596,0.000157523,0.000175328,0.00018366,0.000179882,0.00039349,0,0.000331065,0.000424186,0,0.00038867,0.505363,-0.000887061,-0.000357982,0.000338214,0.000864938,1790276100,-0.00051009,0.000488575,0,1,-0.000535459,0.00054831,2.12773e-05,1,-0.000519422,0.00050091,0,1,-0.000476946,0.000484702,1.25618e-05,1,
1790276280,-0.000779866,1.48487e-05,1.48487e-05,-0.000839309,0.000715468,0.518233,0.000220986,0.000231527,0.0515244,-0.000978262,-0.000710369,-0.000332716,-0.000121581,2.64727e-05,0.000108842,0.00035849,0.000737457,0.000939472,0.000229064,0.000218782,0.000225197,0.000229674,0.000241693,0.000223428,0.000238429,0.000211817,0.000417879,0,0.000304007,0.000457905,0,0.000409157,0.509023,-0.00096421,-0.000386864,0.000373535,0.000964538,1790276100,-0.000456161,0.000438811,0,1,0.000516222,6.31155e-05,0.000479885,1,-0.000499094,0.000501773,0,1,-0.000521965,0.00051574,4.36017e-07,1,
1790276340,-0.000958955,-2.97212e-05,0.000107732,-0.00121558,0.000716813,0.518856,0.000297224,0.000306466,0.0433681,-0.000954907,-0.00068872,-0.000315034,-0.000115579,2.6192e-05,0.000118311,0.00036459,0.000759741,0.000959833,0.000297939,0.000285626,0.000291594,0.000302343,0.000298657,0.000285846,0.000315302,0.000302228,0.000413885,0,0.000336655,0.000495729,0,0.000468785,0.506568,-0.00105707,-0.000413831,0.000413965,0.00105694,1790276100,-0.000488924,0.000455044,0,0,-0.000483645,0.000488581,0,1,-0.000490554,0.000515801,0,1,-0.000516638,0.000492621,5.6907e-06,1,
1790276400,-0.000130162,0,0.000375514,-0.000502145,0.000722451,0.516374,8.46242e-05,8.35164e-05,0.0411871,-0.001214,-0.000910987,-0.000462438,-0.000166508,3.20357e-05,0.000160061,0.000465963,0.000962039,0.00119637,6.51684e-05,7.35921e-05,7.29258e-05,9.86611e-05,8.19748e-05,8.14044e-05,9.14301e-05,8.11281e-05,0.000557441,9.64561e-05,0.000586685,0.000656735,8.84942e-05,0.000723304,0.515701,-0.00131508,-0.000537003,0.000536416,0.00129606,1790276400,-0.000572544,0.000509569,0,1,-0.000514135,0.000529669,0,0,-0.000490599,0.000448205,0,1,-0.000510695,0.000498671,0,1,
1790276460,-0.00125786,0,0.000100412,-0.00150739,0.000715427,0.514091,0.000430666,0.000438536,0.0472925,-0.00103601,-0.000746687,-0.000362705,-0.000136704,2.19535e-05,0.000125928,0.000399272,0.000833208,0.00104462,0.000441155,0.000424058,0.000432142,0.000405747,0.000419238,0.0004113,0.000453353,0.000444039,0.000460879,0,0.000456591,0.000533437,0,0.000580122,0.51007,-0.00112008,-0.000443171,0.000449693,0.001123,1790276400,-0.00079196,0.000698947,0,1,-0.000547197,0.000546112,4.90837e-05,0,-0.000478008,0.000479758,0,0,-0.000485804,0.00046975,0,0,
1790276520,-0.000301675,0.000137772,0.000703556,-0.000536375,0.000730235,0.513202,0.000104077,0.000104385,0.0488921,-0.00117735,-0.000851345,-0.000400983,-0.000149022,2.22214e-05,0.000148644,0.000446726,0.000917936,0.00116153,9.36132e-05,9.93417e-05,0.000102171,0.000106638,0.000104937,0.00010866,0.000105836,0.000101606,0.00051421,5.09964e-05,0.0005441,0.000604437,0,0.000666021,0.512221,-0.0012764,-0.000491948,0.000511728,0.00125598,1790276400,-0.00056764,0.000492196,1.85683e-05,1,-0.000775613,0.000748929,5.0996e-05,1,-0.000518364,0.000492694,0,0,-0.000493984,0.000474659,0,0,
1790276580,-0.000618533,0.000141538,0.000223472,-0.000618533,0.000724154,0.508633,0.000176815,0.000180001,0.0530788,-0.00116152,-0.000833376,-0.000404013,-0.000157081,1.45682e-05,0.000145298,0.000452467,0.000926539,0.00116701,0.000177636,0.000173809,0.000173612,0.000172636,0.000172395,0.000175726,0.00017605,0.000182294,0.000518711,0,0.000524253,0.000574518,0,0.000618643,0.512526,-0.00120574,-0.000472446,0.000487308,0.0012034,1790276400,-0.000678446,0.00060555,0,1,-0.000587803,0.000601729,3.09839e-05,0,-0.000691028,0.000639765,2.56165e-05,1,-0.00051917,0.000506009,6.61076e-06,0,
1790276640,0.000175166,7.45448e-06,0.000346575,-0.000454828,0.000722193,0.498449,8.12134e-05,8.06436e-05,0.0614197,-0.00107107,-0.000778282,-0.000385766,-0.000156535,6.62531e-08,0.000116946,0.000404539,0.000873293,0.00108688,7.38241e-05,8.08902e-05,8.1569e-05,8.46619e-05,8.72606e-05,8.46907e-05,7.94509e-05,7.81423e-05,-0.00047592,0.000425057,0,0.000514623,0,0.000528293,0.50286,-0.00110487,-0.000433898,0.000429469,0.00108832,1790276400,-0.000611466,0.000569669,1.4366e-05,1,-0.000615323,0.000664603,0.000108622,1,-0.000555428,0.000560188,0,1,-0.000567287,0.000578011,6.56043e-05,1,
1790276700,0.000145327,-3.72661e-06,0.000145327,-0.000555418,0.000715364,0.506828,7.65908e-05,7.42654e-05,0.0611126,-0.0010826,-0.000793724,-0.000389855,-0.000155718,1.1684e-05,0.000135995,0.000413988,0.000864826,0.00109209,6.88157e-05,7.51118e-05,7.38735e-05,8.44153e-05,8.22475e-05,7.89662e-05,7.56103e-05,7.30183e-05,0.000484979,0,0.000487005,0.000529958,0,0.000550361,0.508896,-0.00111722,-0.000445536,0.000443227,0.00111328,1790276700,-0.000578674,0.000504314,0,1,-0.000635776,0.000646019,3.02655e-05,1,-0.000603748,0.000599437,0,1,-0.000578455,0.000572488,0,1,
1790276760,7.45184e-05,-7.4524e-05,0.000342739,-0.000331674,0.000708472,0.508195,7.01982e-05,6.66165e-05,0.0662312,-0.00105243,-0.000770716,-0.000374038,-0.00014383,1.28226e-05,0.000130709,0.000392673,0.000840676,0.00106892,6.1813e-05,6.94875e-05,6.54751e-05,7.77354e-05,7.71481e-05,7.06211e-05,7.08755e-05,6.67727e-05,0.000462314,0,0.00047527,0.000521318,0,0.000532146,0.503231,-0.00109879,-0.000446672,0.000426198,0.00107921,1790276700,-0.000566887,0.000499756,2.06387e-05,1,-0.00058243,0.000562388,3.60867e-05,1,-0.000608673,0.000590774,8.23102e-06,1,-0.000609759,0.000605462,0,1,
1790276820,0.000819336,-1.49032e-05,0.00112455,-0.000264566,0.000701431,0.511939,0.000237874,0.000235715,0.0787081,-0.00101118,-0.000733543,-0.000352938,-0.000136779,1.81638e-05,0.000122224,0.000369482,0.000781642,0.000998131,0.000241135,0.000236902,0.000244327,0.000234837,0.000233465,0.000238633,0.000237623,0.000238696,0.00043556,0,0.000429952,0.00045283,0,0.000443154,0.505466,-0.000958816,-0.000385356,0.000371171,0.000929122,1790276700,-0.000548985,0.000475094,3.23193e-06,1,-0.00062138,0.000620199,0,1,-0.00056213,0.000521822,0,1,-0.000641991,0.000618471,0,1,
1790276880,-0.000189877,-8.19034e-05,0.000290331,-0.000417033,0.000703982,0.512272,8.07892e-05,8.16183e-05,0.0520264,-0.00111984,-0.000810124,-0.000384043,-0.000150903,2.07155e-05,0.00013696,0.000407752,0.000857405,0.0010891,7.52319e-05,7.82533e-05,7.58667e-05,8.81538e-05,8.63743e-05,8.23776e-05,8.35076e-05,7.73937e-05,0.000478247,3.71039e-05,0.000503928,0.000529484,0,0.000561223,0.506213,-0.00112993,-0.000452696,0.000435607,0.0011143,1790276700,0.000514062,0,0.000450876,1,-0.000609629,0.000602711,0,1,-0.000584363,0.000566863,0,1,-0.000595868,0.000532932,0,1,
1790276940,0.00113872,1.8617e-05,0.00113872,-1.86174e-05,0.000697424,0.512368,0.000367637,0.000367901,0.0605849,-0.00103037,-0.000765186,-0.000366381,-0.000144655,2.00222e-05,0.0001299,0.000388739,0.000815883,0.00102826,0.000378436,0.000373011,0.000389055,0.00036129,0.000350927,0.000370228,0.000363256,0.000363793,0.000455927,1.39438e-05,0.000468935,0.000476739,0,0.000465125,0.504364,-0.0010116,-0.00040634,0.000391337,0.000981656,1790276700,-0.000623056,0.00056698,0,1,0.000553444,3.44674e-07,0.000505912,1,-0.000574602,0.000541694,0,1,-0.000614234,0.000569045,0,1,
1790277000,-0.000595249,-7.06673e-05,0.000238,-0.000639907,0.000708947,0.516417,0.000168008,0.000173026,0.0399846,-0.00109268,-0.000812512,-0.000399321,-0.000142921,2.75139e-05,0.000145184,0.000424289,0.000858629,0.00109408,0.000171841,0.000167518,0.00016722,0.000166202,0.000173682,0.00016935,0.000166531,0.000169286,0.000497067,0,0.000435565,0.000537074,0,0.000500271,0.502669,-0.00113243,-0.000462466,0.000433702,0.00111438,1790277000,0.000554123,0,0.000439395,1,0.000641799,3.31362e-05,0.000573068,1,0.000529062,0,0.000474451,1,0.000611656,0,0.000553531,1,
1790277060,0.00044647,5.58197e-05,0.000546898,-0.000372211,0.000706853,0.510876,0.000129598,0.000127988,0.0371183,-0.0010896,-0.000804292,-0.000390457,-0.000148583,1.77871e-05,0.000132842,0.000408839,0.000850638,0.00107852,0.000130177,0.000129768,0.00013034,0.000131152,0.000126806,0.000129872,0.000132833,0.000127768,0.000481781,0,0.0004652,0.000535901,0,0.000509654,0.500914,-0.00114135,-0.000457381,0.000436543,0.00109845,1790277000,0.000590371,0,0.000521563,1,0.000568373,0,0.000534152,1,0.000587263,0,0.000547414,1,0.00055197,0,0.000480781,1,
1790277120,0.000405371,3.71975e-06,0.000505759,3.71975e-06,0.000702591,0.519719,0.000116615,0.000114101,0.0409159,-0.00105681,-0.000768318,-0.0003735,-0.000143632,3.45901e-05,0.000146453,0.000421942,0.000846681,0.00106734,0.000118761,0.00011826,0.000118731,0.000123323,0.000118521,0.000121556,0.00011512,0.000110826,0.000482439,0,0.000420296,0.000544131,0,0.000482819,0.507806,-0.00112358,-0.000456303,0.000448275,0.00112232,1790277000,0.000621628,0,0.000452716,1,0.000614271,0,0.00053996,1,0.000543678,0,0.000480426,1,-0.000605609,0.000579493,0,1,
1790277180,0.000557581,0,0.000765666,-0.000118991,0.000697888,0.516952,0.000160322,0.000157112,0.0473671,-0.000988353,-0.000729968,-0.000343525,-0.000126251,2.52e-05,0.000126524,0.000369432,0.000773019,0.000990939,0.000160698,0.0001603,0.00016067,0.000160659,0.000151474,0.000159101,0.000164952,0.000158796,0.00043132,0,0.000385195,-0.000478993,0.000367644,0,0.498861,-0.00102416,-0.000418579,0.000379785,0.000979224,1790277000,-0.000569677,0.000491062,0,1,0.000595978,0,0.000599773,1,-0.000549497,0.000521014,0,1,0.000543341,0,0.000493651,1,
1790277240,-0.000788139,0.000163498,0.000323255,-0.000825331,0.00069536,0.519801,0.000222276,0.00023096,0.0514414,-0.00104359,-0.000763972,-0.000364943,-0.000130411,3.15117e-05,0.000148367,0.000401126,0.000803971,0.00103437,0.000232052,0.000221315,0.000225135,0.000219679,0.000230141,0.000223172,0.000223589,0.000226032,0.000464514,0,0.000403324,0.000527824,0,0.000496121,0.504378,-0.00111175,-0.000451791,0.000427238,0.00109234,1790277000,-0.0005322,0.000454832,0,1,-0.00062106,0.00057385,0,1,-0.000572659,0.000503754,0,1,-0.000577501,0.000517922,0,1,
1790277300,0.000665498,8.18169e-05,0.000914481,8.18169e-05,0.000697336,0.520912,0.000187672,0.000184278,0.0385421,-0.00110924,-0.000815259,-0.000391696,-0.000134494,3.48236e-05,0.000152891,0.000431682,0.000848376,0.00108234,0.000190635,0.000190354,0.000190891,0.000192728,0.000183027,0.000188908,0.000184381,0.000184005,0.000498972,2.39987e-05,0.000449188,0.000561748,4.38193e-06,0.000528506,0.508311,-0.00116609,-0.000466829,0.00046393,0.00113389,1790277300,-0.000584248,0.000526226,0,1,-0.000529249,0.000530492,0,1,-0.000550198,0.000502095,1.00781e-06,1,-0.000561486,0.000517903,0,1,
1790277360,0.000122641,-0.000115222,0.000282424,-0.000308528,0.000696714,0.523954,7.06568e-05,6.71345e-05,0.0380339,-0.00103772,-0.000768393,-0.000356682,-0.000124949,3.84803e-05,0.00014934,0.000408028,0.000809144,0.00103195,6.43393e-05,7.15409e-05,7.09623e-05,7.14832e-05,7.80115e-05,8.01688e-05,6.76484e-05,6.70708e-05,0.000465858,0,0.000393903,0.000506724,0,0.000468388,0.505777,-0.0010632,-0.000429612,0.000415196,0.00105742,1790277300,0.000678056,0,0.000494911,1,-0.000596056,0.000596805,0,1,0.000512521,0,0.000445113,1,-0.000581739,0.000519036,0,1,
1790277420,0.000709537,8.91842e-05,0.0012627,4.45931e-05,0.00068993,0.519949,0.000202594,0.000198095,0.0430263,-0.000973337,-0.000721636,-0.00034479,-0.000124414,3.03172e-05,0.000127155,0.000374307,0.000755412,0.000977096,0.000202143,0.000202424,0.000202822,0.00020326,0.000192139,0.000201346,0.000213192,0.000200327,0.000435139,0,0.000376921,0.000482387,0,0.000473702,0.502101,-0.00100883,-0.000411847,0.000388367,0.000992143,1790277300,-0.000553304,0.000491263,0,1,0.000558006,0,0.000593865,1,-0.000552897,0.000510265,0,1,-0.000513187,0.000456146,0,1,
1790277480,0.000686769,7.42705e-06,0.000686769,-0.000185694,0.000690327,0.523235,0.000196236,0.000190644,0.0423053,-0.00110999,-0.000821939,-0.000392655,-0.000134757,3.99528e-05,0.000152175,0.000423362,0.000842683,0.00107306,0.000195818,0.000195916,0.00019646,0.000198167,0.000183353,0.000194918,0.000199927,0.000194596,0.000493768,0,0.000444216,0.000540689,0,0.000536881,0.50577,-0.00112616,-0.000457736,0.000439415,0.00112444,1790277300,-0.000513884,0.000449635,0,1,-0.000569764,0.000503099,0,1,-0.000572834,0.000517146,0,1,-0.000559376,0.000507182,0,1,
1790277540,0.000304255,3.33983e-05,0.000341353,-0.000668201,0.000690256,0.514878,0.000104283,9.95204e-05,0.0440098,-0.00109784,-0.000820765,-0.000398393,-0.00014882,2.55281e-05,0.000134709,0.000412262,0.000809327,0.00105596,9.43118e-05,9.96784e-05,9.90222e-05,0.000101868,9.56315e-05,0.000104724,0.000100691,0.000110696,0.000488115,0,0.000394624,0.000512565,0,0.000495411,0.504409,-0.00107069,-0.000437225,0.000413578,0.00107663,1790277300,0.000586001,0,0.000496427,1,-0.000517452,0.000474567,0,1,-0.000518525,0.000505109,0,1,-0.000555237,0.000538347,0,1,
1790277600,-0.000771949,2.96784e-05,0.000178057,-0.000861058,0.000684672,0.522119,0.00021632,0.000224779,0.0514322,-0.00110975,-0.000836253,-0.000391102,-0.00013677,3.80668e-05,0.000155199,0.000436835,0.00084011,0.0011017,0.000226356,0.000216673,0.000220378,0.000215514,0.000232222,0.000218687,0.000218379,0.000215005,0.000502936,0,0.000393812,0.000526447,0,0.000503265,0.510543,-0.00108044,-0.000436593,0.000435176,0.00111241,1790277600,-0.000544977,0.000515133,0,1,-0.000599613,0.000563275,0,1,-0.000495967,0.000476586,0,1,-0.000529253,0.000509108,0,1,
1790277660,-0.000471627,0,6.31143e-05,-0.000739105,0.000686526,0.533057,0.000137655,0.000145054,0.039218,-0.00103927,-0.000756677,-0.000357059,-0.000111097,5.35048e-05,0.000164568,0.000422467,0.000822217,0.00105646,0.000138027,0.000133265,0.000132841,0.000131944,0.000143272,0.000135091,0.000138206,0.000144339,0.000476174,0,0.000392241,0.000511143,0,0.000464786,0.511697,-0.00106894,-0.000416432,0.000432989,0.00109014,1790277600,-0.000559826,0.000511687,0,1,-0.000554164,0.000527651,0,1,-0.000551532,0.000535814,0,1,-0.000515583,0.000470841,0,1,
1790277720,0.000248839,-0.000104011,0.000352813,-0.000393812,0.000682891,0.526784,8.81531e-05,8.40026e-05,0.041384,-0.0010048,-0.000735626,-0.000351821,-0.000125294,4.48368e-05,0.000146302,0.000404282,0.000795843,0.00100869,8.55594e-05,8.98289e-05,8.85577e-05,9.4233e-05,8.97887e-05,9.41967e-05,8.59332e-05,8.23751e-05,0.000459833,0,0.000378483,0.000497324,0,0.000446366,0.510791,-0.00102569,-0.000403554,0.000421735,0.0010606,1790277600,-0.00058488,0.00053927,0,1,-0.000588321,0.000538258,0,1,-0.000514064,0.000508969,0,1,-0.000562985,0.000543391,0,1,
1790277780,5.94151e-05,-0.00016341,5.94151e-05,-0.000605492,0.000676943,0.525153,6.39386e-05,6.00349e-05,0.0455956,-0.000980752,-0.000715804,-0.000347386,-0.000120112,3.94554e-05,0.000138431,0.000378936,0.00075857,0.000977242,6.08229e-05,6.56062e-05,6.2142e-05,6.92295e-05,7.26418e-05,7.01175e-05,6.05633e-05,5.96529e-05,0.00043977,0,0.00039719,0.000485257,0,0.000485284,0.50548,-0.00100878,-0.000407173,0.000397646,0.00101246,1790277600,-0.000533312,0.000457422,0,1,-0.000557466,0.00050249,0,1,-0.00052267,0.000515009,0,1,-0.000528606,0.000487409,0,1,
1790277840,0.000315583,-2.22802e-05,0.000653333,-0.00011512,0.000670192,0.526734,9.80399e-05,9.30432e-05,0.0550421,-0.000959439,-0.000705475,-0.000338262,-0.000114213,4.06978e-05,0.000134301,0.000369909,0.000750554,0.000972815,9.66564e-05,9.95654e-05,9.55439e-05,0.000102753,9.90232e-05,9.88547e-05,9.80308e-05,9.54405e-05,0.000429048,0,0.000383566,0.000464389,0,0.000459086,0.505771,-0.000964818,-0.000390514,0.00038009,0.000972854,1790277600,-0.000503416,0.00043597,0,1,-0.000541892,0.000461833,0,1,-0.000512815,0.000498692,0,1,-0.000536333,0.000515856,0,1,
1790277900,0.00082376,0.000100223,0.000842305,0.000100223,0.000664956,0.532101,0.00024593,0.000238372,0.0624366,-0.000954726,-0.000702061,-0.000330666,-0.000104493,4.81436e-05,0.000138765,0.000359274,0.000723414,0.000952828,0.000242843,0.000242921,0.000250772,0.00024075,0.000220715,0.000244226,0.000252191,0.000247346,0.000418339,0,0.000375434,0.000460858,0,0.000446108,0.504704,-0.00097086,-0.000392913,0.000373651,0.000955755,1790277900,-0.000482379,0.000437095,0,1,-0.000510526,0.00047973,0,1,-0.00048129,0.000478919,0,1,-0.000495375,0.000515892,0,1,
1790277960,-0.000255961,0,1.48363e-05,-0.000345006,0.000668502,0.527655,8.54608e-05,9.01403e-05,0.048006,-0.00101021,-0.000747749,-0.000357489,-0.000111426,4.15725e-05,0.000124375,0.000355949,0.000722804,0.000954316,8.68471e-05,8.69596e-05,8.48554e-05,8.27823e-05,0.000103028,9.17546e-05,7.86782e-05,8.65067e-05,0.000428245,0,0.000321254,0.000448704,0,0.000419634,0.502203,-0.000946851,-0.000386441,0.000356853,0.000938081,1790277900,0.000488409,0,0.000407532,1,-0.000505918,0.000485857,0,1,-0.000469667,0.000491819,0,1,-0.000489205,0.000495764,0,1,
1790278020,-9.27556e-05,0.000152101,0.000252252,-9.27556e-05,0.000662772,0.533482,6.10551e-05,6.17768e-05,0.0521205,-0.000922496,-0.000676162,-0.000307465,-0.000106551,5.22987e-05,0.000131624,0.000336887,0.000687609,0.000892083,6.2936e-05,6.53619e-05,6.09341e-05,5.72528e-05,7.70575e-05,6.65576e-05,4.82935e-05,6.51528e-05,0.000391637,0,0.00025722,-0.000400093,0.000309167,0,0.497315,-0.000826019,-0.000338903,0.000314477,0.00083199,1790277900,0.000474808,0,0.000386433,1,-0.000507421,0.000491398,0,1,-0.000470221,0.000492609,0,1,-0.000492663,0.000481531,0,1,
1790278080,0.000678772,-0.000103896,0.000801125,-0.000359973,0.000656242,0.536227,0.000196243,0.00018823,0.0620183,-0.000858562,-0.000622556,-0.000281608,-9.1741e-05,5.06227e-05,0.000125572,0.000323295,0.00065928,0.000851195,0.000194695,0.000193422,0.000195184,0.00020227,0.000178616,0.000192312,0.000213113,0.000191582,0.000369592,0,0.000230724,-0.000390607,0.000308531,0,0.498381,-0.000804847,-0.000328695,0.00030944,0.000814052,1790277900,-0.000423689,0.000384312,0,1,-0.000481928,0.000469913,0,1,-0.000481966,0.000484918,0,1,-0.000485285,0.000475772,0,1,
1790278140,-0.000248459,-2.59555e-05,0.000148304,-0.000474721,0.000656701,0.527915,8.63949e-05,9.07656e-05,0.0530733,-0.00100742,-0.000768372,-0.00036068,-0.00011392,4.30988e-05,0.000133299,0.000375908,0.00076483,0.000996952,8.54262e-05,8.46398e-05,8.16953e-05,8.75132e-05,0.0001018,8.63459e-05,8.42051e-05,8.80981e-05,0.000444272,0,0.000390143,0.000503034,0,0.000512706,0.504089,-0.00105805,-0.000427439,0.000406869,0.00105425,1790277900,-0.000412976,0.000377364,0,1,-0.00045608,0.000377714,0,1,-0.000446688,0.000458936,0,1,-0.000487379,0.000483866,0,1,
1790278200,-0.000233682,3.70873e-05,0.000140924,-0.000701209,0.000651049,0.529427,8.30523e-05,8.67199e-05,0.0594901,-0.000977684,-0.000721988,-0.000338834,-0.000110841,4.51323e-05,0.000138574,0.000367543,0.000739983,0.000935793,8.27366e-05,8.15066e-05,7.77226e-05,8.61867e-05,9.79537e-05,8.10132e-05,8.30367e-05,8.35808e-05,0.000428165,0,0.000362467,0.000488984,0,0.000456378,0.506645,-0.00100944,-0.000411645,0.000396828,0.000991312,1790278200,-0.000540112,0.000495527,0,1,-0.000453281,0.000364343,0,1,-0.000415093,0.00038356,0,1,-0.000461072,0.000438312,0,1,
1790278260,-3.33876e-05,1.11289e-05,0.000196593,-0.000348769,0.000645353,0.531894,5.7592e-05,5.76995e-05,0.0679924,-0.000888073,-0.000649583,-0.000295354,-0.000100163,4.56977e-05,0.000135966,0.000347049,0.000705096,0.000896595,5.97382e-05,5.98357e-05,5.34475e-05,6.5868e-05,7.10966e-05,5.50199e-05,5.42606e-05,5.55125e-05,0.000393295,0,0.000336317,0.000444113,0,0.000402497,0.50759,-0.000920186,-0.000368787,0.000367963,0.000926881,1790278200,-0.000530731,0.000498846,0,1,0.000530009,1.81192e-06,0.000429959,1,-0.000405882,0.000379883,0,1,-0.000416421,0.000387433,0,1,
1790278320,-0.00043414,3.70978e-06,5.19357e-05,-0.000697684,0.000638884,0.529073,0.000123057,0.000130568,0.083529,-0.000827676,-0.000608283,-0.000286288,-9.58945e-05,3.82592e-05,0.000119919,0.000332839,0.000671331,0.000847189,0.000126964,0.000122336,0.000121851,0.00012095,0.000136922,0.000123361,0.000119005,0.000125902,0.000377172,0,0.000336774,0.000414014,0,0.000389413,0.503885,-0.000857396,-0.000347825,0.000336218,0.000854734,1790278200,-0.000453899,0.000427318,0,1,0.00045879,0,0.000473616,1,-0.000472911,0.000513704,0,1,-0.000399995,0.000393554,0,1,
1790278380,0.000652993,0,0.000675247,-0.000259832,0.000635436,0.52448,0.000185292,0.000180463,0.0845335,-0.000863319,-0.000627658,-0.00029676,-0.000102151,3.22884e-05,0.000121055,0.000338298,0.000692836,0.000878301,0.000187585,0.00018636,0.000190364,0.00018795,0.000174296,0.000189071,0.000188886,0.000182408,0.000386203,0,0.000357091,0.000426214,0,0.000394271,0.503979,-0.000898177,-0.000356466,0.000350549,0.000890762,1790278200,-0.000415458,0.000373214,0,1,-0.00048292,0.00044558,0,1,-0.000466289,0.000452611,0,1,-0.000468391,0.000487949,0,1,
1790278440,0.000267011,1.11269e-05,0.000352291,-0.000100147,0.000635792,0.522232,8.84499e-05,8.3851e-05,0.0594472,-0.000919774,-0.000684048,-0.000318767,-0.000113829,3.18149e-05,0.000126721,0.000357492,0.000712905,0.000916052,8.87658e-05,8.85865e-05,8.47586e-05,9.35741e-05,8.39345e-05,8.35465e-05,9.01001e-05,8.82287e-05,0.000410999,3.08314e-06,0.000393425,0.00044391,0,0.000436215,0.502706,-0.000943168,-0.000381411,0.000358184,0.000928915,1790278200,-0.000451999,0.000406271,0,1,-0.000446244,0.000410409,0,1,-0.000431758,0.00044448,0,1,-0.000446596,0.000446886,0,1,
1790278500,-0.00138775,7.41595e-06,7.41595e-06,-0.00143974,0.000630533,0.520582,0.000520172,0.000532201,0.0625999,-0.000859128,-0.000657878,-0.000307027,-0.000111731,2.8302e-05,0.000117554,0.000324593,0.00065639,0.000850941,0.000506722,0.000517199,0.000534652,0.000515836,0.000529754,0.000537593,0.000528673,0.000506631,0.000381689,0,0.00033107,-0.000396102,0.000311405,0,0.499538,-0.000845302,-0.00034404,0.000309702,0.000809206,1790278500,-0.000464756,0.000438656,0,1,-0.000455321,0.000419679,0,1,-0.00040623,0.000420438,0,1,0.000443758,1.32849e-05,0.000412535,1,
1790278560,0.000111388,0.000152227,0.000352686,3.71313e-06,0.000654323,0.528876,6.8199e-05,6.42368e-05,0.0446755,-0.0010275,-0.000738497,-0.000340046,-0.000114322,4.53522e-05,0.000158485,0.000387335,0.000787247,0.00100392,6.38337e-05,6.68695e-05,7.22035e-05,6.87153e-05,7.51995e-05,8.26653e-05,6.59736e-05,6.18074e-05,0.0004441,2.09958e-05,0.000387243,0.000530207,1.84881e-05,0.000486191,0.514805,-0.00112429,-0.000427745,0.000448609,0.00110251,1790278500,-0.000407953,0.000385311,0,0,0.000480051,1.16621e-06,0.000371751,1,-0.00041463,0.000424694,0,1,0.000423321,3.66267e-06,0.00038944,1,
1790278620,-0.000701951,0,1.85634e-05,-0.000727959,0.000647938,0.529365,0.000198941,0.000208636,0.0441418,-0.000931446,-0.00068098,-0.000312735,-0.000106749,4.33016e-05,0.000137967,0.000359478,0.000730474,0.000921006,0.000201162,0.000196797,0.000196544,0.000200179,0.000206155,0.000199495,0.000207582,0.000205127,0.000410306,0,0.000322179,0.000448882,0,0.00038754,0.505759,-0.000940816,-0.000376757,0.000370286,0.00094408,1790278500,0.000576388,0,0.000442412,1,0.000419492,0,0.000336396,0,0.000431985,4.12647e-05,0.000394272,1,-0.000421072,0.000427956,0,1,
1790278680,-4.83005e-05,4.82981e-05,0.000185749,-0.000185784,0.000649062,0.520778,5.90526e-05,5.89516e-05,0.0479318,-0.000932813,-0.000683934,-0.000322853,-0.00011421,2.9274e-05,0.000118333,0.000341817,0.000719437,0.000912295,6.05679e-05,6.21627e-05,6.56239e-05,5.5658e-05,7.38746e-05,7.4903e-05,4.87018e-05,5.56237e-05,0.000401481,0,0.000337024,-0.000473771,0.000393777,0,0.49869,-0.00101222,-0.000399716,0.000386065,0.00098054,1790278500,-0.000431538,0.000391863,5.49366e-06,1,-0.000513469,0.000506177,0,1,-0.000402431,0.000407454,0,0,-0.00043721,0.000452914,0,1,
1790278740,0.000167184,-3.71552e-06,0.000167184,-3.34402e-05,0.000642575,0.523997,6.91933e-05,6.51522e-05,0.0507533,-0.000889135,-0.000647471,-0.000303289,-0.000102881,3.16728e-05,0.000118167,0.000333396,0.000691116,0.000873829,7.23565e-05,7.32127e-05,7.42381e-05,6.64327e-05,7.75771e-05,7.81032e-05,6.46427e-05,6.63194e-05,0.000386175,0,0.000292184,-0.000445846,0.000355808,0,0.497381,-0.000931819,-0.000382812,0.000356784,0.000904308,1790278500,-0.000484644,0.000428437,0,1,-0.000483289,0.000413518,0,1,-0.000490395,0.000491357,0,1,-0.000403519,0.000387859,0,1,
1790278800,0.000274864,3.71488e-06,0.000690731,-7.05854e-05,0.000636556,0.525102,8.54368e-05,8.07829e-05,0.0534586,-0.000850111,-0.000616267,-0.000289019,-9.62559e-05,3.14075e-05,0.000106715,0.000300017,0.0006419,0.000807986,9.0254e-05,9.04755e-05,9.0032e-05,8.08988e-05,9.27823e-05,9.25341e-05,8.95429e-05,8.49236e-05,0.000355119,0,0.000263759,-0.000386811,0.000258238,0,0.493886,-0.000812099,-0.000337177,0.000292187,0.00075229,1790278800,-0.000403804,0.000383584,0,1,-0.000456304,0.000417707,0,1,0.000437979,2.23458e-06,0.000405544,1,-0.00045673,0.000496381,2.06274e-05,1,
1790278860,0.00038988,0,0.000571772,-0.000222857,0.000631356,0.528023,0.000113797,0.000108536,0.0552485,-0.000917752,-0.000660344,-0.000308702,-9.96158e-05,3.78001e-05,0.000126314,0.000325867,0.00068586,0.000873646,0.000114845,0.000113134,0.000113468,0.000113751,0.00011045,0.000112295,0.000118478,0.000112993,0.000383583,0,0.000361589,-0.00043209,0.000395711,0,0.499858,-0.000929295,-0.000375336,0.000344839,0.000874458,1790278800,0.000337623,0,0.000296744,1,-0.00045386,0.000393838,0,1,-0.000428985,0.00042803,0,1,-0.000423148,0.000441101,0,1,
1790278920,0.000211586,4.45481e-05,0.000501051,4.45481e-05,0.000627438,0.528893,7.72073e-05,7.15116e-05,0.0569943,-0.000913865,-0.000660634,-0.000307871,-0.000101342,4.01596e-05,0.000128174,0.000326764,0.000680616,0.000883927,7.95833e-05,7.8948e-05,7.70355e-05,7.90629e-05,7.89036e-05,7.76307e-05,7.75905e-05,7.53092e-05,0.000383951,0,0.000352311,0.000434163,0,0.000410494,0.500176,-0.000924765,-0.000376015,0.000345688,0.000879389,1790278800,0.000449458,0,0.000368581,1,-0.000361838,0.00032841,0,1,0.000420317,0,0.000377622,1,-0.000435269,0.000418743,0,1,
1790278980,-7.05236e-05,7.05186e-05,0.000348833,-0.000634891,0.000621852,0.533581,5.65481e-05,5.66241e-05,0.0686192,-0.000860449,-0.000633872,-0.000289903,-8.86252e-05,4.35513e-05,0.000133839,0.000314835,0.000647105,0.000825775,6.2087e-05,5.97525e-05,5.59238e-05,5.53982e-05,7.1416e-05,5.72666e-05,5.10208e-05,5.80634e-05,0.000367487,0,0.000313817,-0.000369773,0.000317759,0,0.498879,-0.000784569,-0.000319097,0.000286606,0.000729975,1790278800,0.0004328,0,0.000378326,1,0.00045432,4.34268e-06,0.000362965,1,0.000362573,0,0.000312694,1,0.000422214,0,0.000381369,1,
1790279040,0.000252377,0,0.000612276,-9.6514e-05,0.000615683,0.536826,8.28112e-05,7.67159e-05,0.0880207,-0.000918601,-0.000684665,-0.000302184,-8.73117e-05,4.94619e-05,0.000153461,0.000353651,0.000712129,0.000883844,8.62781e-05,8.44665e-05,8.05707e-05,9.21613e-05,8.30111e-05,7.95879e-05,8.4732e-05,7.79926e-05,0.000403162,0,0.000376557,0.000423349,7.88068e-06,0.000408637,0.504247,-0.000897603,-0.000359108,0.000346194,0.000865654,1790278800,0.000384899,0,0.00029492,1,0.000449325,0,0.000365811,1,0.000431422,1.63735e-05,0.000388868,1,-0.00037717,0.000325045,0,1,
1790279100,0.000782706,-3.71097e-06,0.000823494,-5.93771e-05,0.000610539,0.536391,0.000229697,0.000221943,0.111049,-0.000939384,-0.000684221,-0.000325355,-9.03721e-05,5.03045e-05,0.000150726,0.000348941,0.000714293,0.000905918,0.000226296,0.000234664,0.000241886,0.000224341,0.000208594,0.000240754,0.000225072,0.000230632,0.000408658,3.58008e-05,0.000405613,0.000423742,0,0.000402337,0.504333,-0.000892279,-0.000364416,0.000339623,0.000831211,1790279100,0.000448523,0,0.000397374,1,0.00039598,0,0.000311655,1,0.000419224,9.82656e-06,0.000390707,1,0.000425537,2.28362e-05,0.000384721,1,
1790279160,0.00010382,6.3035e-05,0.000248409,-0.000396841,0.000614456,0.534537,6.25825e-05,5.75303e-05,0.0778322,-0.000961028,-0.000693015,-0.00031656,-9.04898e-05,4.64437e-05,0.000142262,0.000342824,0.000692205,0.000891295,6.35288e-05,6.12429e-05,5.90024e-05,6.44258e-05,6.64647e-05,5.9442e-05,6.07841e-05,6.48494e-05,0.000400434,0,0.000359123,-0.000433607,0.000391968,0,0.49853,-0.000933387,-0.00037901,0.000342357,0.000890461,1790279100,0.000459406,0,0.000382368,1,0.000461801,0,0.000390346,1,0.000380551,0,0.000339728,1,0.00043079,0,0.000395534,1,
1790279220,7.41507e-05,5.56135e-05,0.000467058,-7.41562e-05,0.000608457,0.536408,5.93828e-05,5.38932e-05,0.100535,-0.000907241,-0.000684823,-0.000294686,-8.76201e-05,4.87703e-05,0.000142044,0.000331676,0.000669043,0.000862868,6.18343e-05,5.87634e-05,5.51218e-05,6.41061e-05,6.24328e-05,5.47741e-05,5.61785e-05,6.12803e-05,0.000383493,0,0.000341765,0.000424664,0,0.000396403,0.501603,-0.00089417,-0.000364774,0.000340079,0.000864814,1790279100,0.000451495,0,0.000377619,1,0.00039682,1.19478e-06,0.000396936,1,0.000416622,1.75956e-05,0.000391893,1,0.000379022,1.2573e-05,0.000340783,1,
1790279280,8.15594e-05,0.000192766,0.000389201,-0.000226177,0.000602433,0.545861,5.56261e-05,4.97089e-05,0.118327,-0.000823384,-0.000602993,-0.000262357,-7.17491e-05,5.87375e-05,0.000139448,0.000316438,0.000647091,0.000812283,6.21266e-05,5.83513e-05,5.34714e-05,6.25378e-05,6.02383e-05,5.32419e-05,5.10357e-05,5.44049e-05,0.000357536,4.86102e-06,0.000308643,0.000400688,0,0.000358777,0.506107,-0.000845522,-0.000339173,0.000325802,0.0008182,1790279100,-0.000418861,0.000396042,0,1,0.000445501,2.41843e-06,0.000358576,1,0.000405758,3.76152e-06,0.000400258,1,0.000420949,2.9599e-05,0.000402709,1,
1790279340,0.000240932,0.000151979,0.000303936,3.70709e-06,0.00059649,0.546164,7.77233e-05,7.01943e-05,0.145836,-0.000811332,-0.000605027,-0.000263054,-6.88841e-05,5.70207e-05,0.000132693,0.000319601,0.000642098,0.000799602,8.41557e-05,8.07122e-05,7.62346e-05,8.38693e-05,7.06321e-05,7.53627e-05,7.52506e-05,7.62937e-05,0.000359541,0,0.000309751,0.000408659,0,0.000380561,0.501995,-0.000864386,-0.000348266,0.000331272,0.000844694,1790279100,0.000403936,0,0.000356257,1,0.000450544,0,0.000384575,1,0.000409877,1.98776e-05,0.000381634,1,0.000400946,1.97136e-05,0.000376876,1,
1790279400,0.000255695,0,0.000803923,0,0.000591477,0.546149,7.92416e-05,7.11712e-05,0.132842,-0.000769811,-0.00056367,-0.000251366,-6.34708e-05,5.23653e-05,0.000112422,0.000285627,0.000590318,0.000742154,8.65842e-05,8.26309e-05,7.78292e-05,7.98286e-05,6.94045e-05,7.74536e-05,7.48307e-05,8.26284e-05,0.000328085,0,0.000245393,-0.000361531,0.000286342,0,0.498961,-0.000759883,-0.000311065,0.000283693,0.000733379,1790279400,-0.000422,0.000379453,0,1,-0.000431928,0.000394392,0,1,0.000416284,0,0.000388551,1,-0.000413314,0.000409621,0,1,
1790279460,0.000514898,0,0.000555634,-9.63413e-05,0.000586648,0.5473,0.000146517,0.000138238,0.115814,-0.000851207,-0.00061771,-0.000271296,-6.69409e-05,5.79752e-05,0.000136157,0.00031369,0.000636465,0.000805447,0.000148896,0.000147115,0.000146999,0.000148376,0.000122126,0.000145105,0.000147621,0.000146375,0.000359191,9.64069e-06,0.000336412,0.000365026,0,0.000376931,0.503612,-0.000783669,-0.000311622,0.000294489,0.000749439,1790279400,-0.000355962,0.00031233,0,1,0.000445903,0,0.000379004,1,0.00040778,0,0.000395076,1,0.000429114,0,0.000418741,1,
1790279520,-0.000996697,0,0.00014442,-0.000996697,0.000585299,0.548551,0.000335913,0.00035154,0.0895172,-0.000832668,-0.000603484,-0.000272298,-6.53204e-05,5.94307e-05,0.000125862,0.000298087,0.000623495,0.000787588,0.000313377,0.000337103,0.000352065,0.00033108,0.000391246,0.000352582,0.00034384,0.000319891,0.000347117,0,0.000282061,0.000374426,0,0.000351575,0.503287,-0.000801115,-0.000320882,0.000300144,0.000779112,1790279400,0.000413934,0,0.000317551,1,-0.000392708,0.000340304,0,1,0.000404605,0,0.000376883,1,0.000411715,1.85376e-06,0.000385852,1,
1790279580,-1.11212e-05,-3.70705e-06,-3.70705e-06,-0.000619267,0.000596315,0.548375,5.65037e-05,5.67091e-05,0.0521399,-0.000921019,-0.000664636,-0.000284795,-7.10256e-05,6.43204e-05,0.000151276,0.000346384,0.000695334,0.000877947,5.86746e-05,5.39495e-05,5.5409e-05,5.82802e-05,6.49782e-05,5.75988e-05,5.57012e-05,5.59865e-05,0.000390581,1.39348e-05,0.000353223,0.000453428,1.34129e-05,0.000428889,0.510213,-0.000963751,-0.000370423,0.000379686,0.000938022,1790279400,0.000404039,0,0.000328012,1,0.000405724,1.88237e-05,0.000319891,1,0.00036466,0,0.000325513,1,0.000409192,1.03059e-06,0.000395807,1,
1790279640,0.000174218,1.85352e-05,0.000548498,1.85352e-05,0.000590324,0.550547,6.72289e-05,5.88922e-05,0.0517191,-0.000843039,-0.000611881,-0.00026694,-6.39793e-05,6.29817e-05,0.000139157,0.000321694,0.000662014,0.00082793,7.26752e-05,6.91992e-05,6.90677e-05,7.20178e-05,6.59159e-05,6.82754e-05,6.52376e-05,6.40438e-05,0.000363295,0,0.000302814,0.000433072,0,0.000388238,0.510778,-0.000882572,-0.000353263,0.000362059,0.000897469,1790279400,0.00049694,0,0.000371865,1,0.000405143,1.14228e-07,0.000316058,1,0.000388946,3.08351e-05,0.000348544,1,0.000374987,0,0.000355248,1,
1790279700,-0.00034105,-3.70644e-06,-3.70644e-06,-0.000659963,0.00058491,0.545145,9.59881e-05,0.000107602,0.0514241,-0.000829271,-0.000601376,-0.000266802,-6.55481e-05,5.20193e-05,0.000126878,0.000299582,0.000625708,0.000787858,0.000101794,9.68708e-05,9.66845e-05,9.65275e-05,0.000114134,9.74841e-05,9.10532e-05,9.61789e-05,0.000346106,0,0.000345756,0.000407649,0,0.000420319,0.500337,-0.000867395,-0.000349131,0.000326154,0.000827221,1790279700,-0.00039896,0.000345734,7.65375e-05,1,0.000443959,0,0.000437706,1,0.000380233,2.21939e-05,0.000339806,1,0.000385714,5.01182e-05,0.00034444,1,
1790279760,-0.000968178,3.70769e-06,3.70769e-06,-0.00139507,0.000581037,0.545211,0.000328145,0.000341509,0.055481,-0.000811084,-0.000589129,-0.000262386,-6.68526e-05,5.32481e-05,0.000124813,0.000303231,0.000625648,0.000790167,0.000301892,0.000322524,0.000327047,0.000306757,0.000336683,0.000332104,0.00033455,0.000337555,0.000346566,0,0.000314398,0.000417251,0,0.000381334,0.501653,-0.000873802,-0.000350779,0.000339353,0.000854293,1790279700,-0.00041164,0.000381497,0,0,-0.000452966,0.000387425,0,1,-0.000432675,0.000427844,0,1,-0.000381497,0.000392224,0,0,
1790279820,-0.00028581,-3.7113e-06,0.000207811,-0.000374911,0.000591269,0.541775,9.32326e-05,9.86066e-05,0.0614638,-0.000997169,-0.000707797,-0.000315456,-8.41001e-05,5.86419e-05,0.000164167,0.000367032,0.000752969,0.000953183,9.14138e-05,8.63043e-05,8.8974e-05,9.65499e-05,9.85808e-05,9.20922e-05,9.53971e-05,9.36691e-05,0.000419344,3.39089e-05,0.000420005,0.000491244,2.30146e-05,0.000481244,0.509665,-0.00102184,-0.000397614,0.000407362,0.00098875,1790279700,0.000412884,0,0.000373115,0,-0.000406458,0.000390148,0,0,-0.000400712,0.000404696,9.43336e-06,1,-0.000420595,0.000440546,3.51008e-06,1,
1790279880,-0.000560722,5.56837e-05,0.000204159,-0.000824482,0.00058672,0.54004,0.000159415,0.000168874,0.0661011,-0.000872696,-0.000633309,-0.000285187,-7.92453e-05,5.13501e-05,0.000135591,0.00032106,0.000689473,0.000868176,0.000162209,0.000157593,0.000157487,0.000156868,0.000164068,0.000159441,0.000158406,0.00016219,0.000370309,0,0.000362259,-0.000411143,0.000366753,0,0.49886,-0.00086656,-0.000347579,0.000335001,0.000833221,1790279700,0.000500665,0,0.000447779,1,-0.000431455,0.000384041,0,0,0.000403839,0,0.000380547,0,0.000438632,0,0.000421444,0,
1790279940,0.00148467,0,0.00148467,-1.48578e-05,0.000586212,0.53202,0.000563449,0.000560707,0.0773723,-0.0009617,-0.000680049,-0.000316801,-9.64457e-05,4.43237e-05,0.000138674,0.000337405,0.00071733,0.000910008,0.000550895,0.00058033,0.000572095,0.000547551,0.000552723,0.000564493,0.000562934,0.000566124,0.000396142,3.12307e-06,0.000423972,-0.000454425,0.000429964,1.68886e-05,0.499985,-0.000958759,-0.000380566,0.00037023,0.000914503,1790279700,-0.000416231,0.000366411,0,1,-0.00047267,0.000454771,0,1,-0.000406684,0.000390995,0,1,-0.000423012,0.000403363,0,1,
1790280000,-0.000849704,-0.000181754,0.000211386,-0.000953648,0.000617136,0.525065,0.000234872,0.000244691,0.0621242,-0.00120383,-0.000903111,-0.00044207,-0.000138908,4.56386e-05,0.000163902,0.000427029,0.000896948,0.00115042,0.000255247,0.000253809,0.000238372,0.00023769,0.000256353,0.000240562,0.000227273,0.000231735,0.000523406,5.7866e-05,0.000598825,-0.000623979,0.000645856,0.000139045,0.495478,-0.00124521,-0.000531587,0.000466827,0.00119402,1790280000,0.00047266,0,0.000418337,1,-0.000430238,0.000374323,0,1,-0.000457999,0.000457662,0,1,0.000431841,0,0.000398764,1,
1790280060,-0.000909873,-0.000115081,-8.1669e-05,-0.000913588,0.000622639,0.524217,0.000260517,0.000271517,0.0725492,-0.00113098,-0.000825995,-0.000393236,-0.000131518,4.12326e-05,0.000151827,0.000402663,0.000838699,0.00107801,0.000278358,0.000275953,0.00025835,0.000258015,0.000272183,0.000257077,0.000264177,0.00026037,0.000479045,0,0.000473536,0.000540836,0,0.000563479,0.502204,-0.00114569,-0.00045248,0.000436239,0.00107575,1790280000,-0.000701026,0.000646039,0,1,0.000454677,0,0.000436001,1,0.000405527,0,0.00037467,1,0.000472275,0,0.000445393,1,
1790280120,0.000876463,0,0.000917297,-3.71546e-06,0.000629669,0.533841,0.00025615,0.00024928,0.0894472,-0.00101951,-0.000737643,-0.00035274,-0.00010717,5.353e-05,0.00015397,0.000381672,0.0008051,0.00100187,0.000262984,0.000264591,0.00025016,0.000269842,0.000248428,0.000247712,0.000258773,0.000255906,0.000445102,0,0.000335056,0.000496613,0,0.000397557,0.510271,-0.00104671,-0.000403298,0.000422663,0.0010288,1790280000,0.000563389,0,0.000420201,1,0.000745672,0,0.000544567,1,0.000438703,5.86593e-07,0.000410512,1,0.000426771,0,0.000368497,1,
1790280180,0.000757002,-8.16717e-05,0.000757002,-0.000215331,0.000635545,0.532211,0.000216287,0.000209762,0.0736702,-0.00105997,-0.00077314,-0.000372183,-0.000109198,5.0679e-05,0.000147403,0.000387661,0.000814354,0.00102815,0.000216706,0.000216724,0.000216874,0.00022221,0.000207631,0.000214441,0.000222084,0.000215626,0.000458234,0,0.000408006,0.000529449,0,0.000539488,0.501345,-0.0011252,-0.000449692,0.000428495,0.00109061,1790280000,0.00051592,0,0.000447458,0,0.000522635,0,0.000509107,1,0.00064699,0,0.000607948,1,0.000467904,0,0.000414654,1,
1790280240,-0.000961194,4.82209e-05,0.000252207,-0.00102803,0.0006382,0.529093,0.000282862,0.000294307,0.0614059,-0.00107931,-0.000809741,-0.000382316,-0.000116386,4.67047e-05,0.00015367,0.000395539,0.000810531,0.00102393,0.000298956,0.000292613,0.000274742,0.000292745,0.000293749,0.000271683,0.000280993,0.000282017,0.000468913,0,0.000407546,0.000546813,0,0.00057028,0.500035,-0.0011661,-0.000468404,0.000435773,0.00112237,1790280000,-0.000546966,0.000462634,0,1,-0.000526971,0.000414346,0,1,-0.00053662,0.000476413,0,1,-0.000549535,0.000493777,0,1,
1790280300,-0.000679702,-8.54017e-05,3.71289e-05,-0.000679702,0.000646244,0.528922,0.00019066,0.00019965,0.0702899,-0.00110455,-0.000825258,-0.000389831,-0.000127345,5.07661e-05,0.000164779,0.000404682,0.000838512,0.00104613,0.00019506,0.000191034,0.000191296,0.000189869,0.000195261,0.000192831,0.000192659,0.000188694,0.000479287,0,0.000399846,0.000547401,0,0.00050757,0.50943,-0.00116279,-0.000450259,0.000457071,0.00112002,1790280300,-0.000582906,0.000516837,0,1,-0.000542734,0.000490649,0,1,-0.000492409,0.000422717,0,1,-0.000545172,0.000476502,0,1,
1790280360,0.000286051,-2.97243e-05,0.000352909,-0.000379051,0.00064693,0.534865,9.44861e-05,8.82684e-05,0.0694315,-0.00101436,-0.000750955,-0.000360361,-0.0001067,5.57277e-05,0.000159129,0.000391339,0.000816852,0.00101153,9.22029e-05,9.56014e-05,0.000105794,9.02649e-05,9.99291e-05,0.000105434,9.11431e-05,8.96777e-05,0.000455747,0,0.000351773,0.000501054,0,0.000425893,0.507524,-0.0010673,-0.000412168,0.000425188,0.0010497,1790280300,0.000593006,0,0.000462681,1,0.000566485,0,0.000485509,1,0.000503471,0,0.000484443,1,0.00050037,0,0.000462348,1,
1790280420,-5.20032e-05,3.71441e-06,7.05715e-05,-0.000286051,0.000641705,0.531428,6.61236e-05,6.6858e-05,0.0548928,-0.00101809,-0.000752817,-0.000371325,-0.000112988,5.06087e-05,0.000153362,0.000384779,0.000791871,0.000989537,6.10488e-05,6.45767e-05,7.50305e-05,6.25606e-05,7.37884e-05,7.73083e-05,6.18033e-05,6.28882e-05,0.000455639,0,0.000406816,0.000513132,0,0.000512895,0.503154,-0.00108513,-0.000432374,0.000421542,0.00105419,1790280300,0.000547398,0,0.000467092,1,0.000576355,0,0.000537378,1,0.00053865,0,0.000493196,1,-0.000529522,0.000469704,0,1,
1790280480,0.000828016,0,0.000928222,-0.000360382,0.000635298,0.529414,0.000245935,0.000238213,0.04942,-0.000955124,-0.000710822,-0.000345394,-0.000106417,4.32868e-05,0.00014003,0.000356402,0.000750262,0.000926031,0.000243834,0.00024406,0.000235945,0.000256644,0.000229448,0.000234224,0.000255562,0.000246379,0.000422769,0,0.000364958,-0.000453418,0.000356216,0,0.498533,-0.000958741,-0.000387741,0.000368012,0.000934523,1790280300,-0.000536789,0.000425078,0,1,-0.000559307,0.000439046,0,1,-0.000565504,0.000485947,0,1,-0.000552525,0.000470996,0,1,
1790280540,-0.00048633,-1.48463e-05,4.45375e-05,-0.00048633,0.000639721,0.527901,0.000136277,0.000145546,0.0418371,-0.00108727,-0.000813095,-0.000392071,-0.000125265,4.74854e-05,0.000162212,0.000406601,0.000838858,0.00106922,0.000141301,0.000137288,0.00013738,0.000136117,0.000143815,0.000139071,0.000133019,0.000135717,0.000481518,0,0.000465827,0.000535048,0,0.000547659,0.503328,-0.00113242,-0.000454487,0.00043549,0.00110797,1790280300,-0.00046965,0.000390104,0,1,-0.000553389,0.000470716,0,1,-0.000517459,0.000455441,0,1,-0.000574785,0.000507132,0,1,
1790280600,-2.59938e-05,-2.59938e-05,0.000126246,-0.000263682,0.000637016,0.526717,6.06274e-05,6.11724e-05,0.0397661,-0.000976824,-0.00072726,-0.00034828,-0.000106517,3.79036e-05,0.000139671,0.000358955,0.00074917,0.000936694,5.96707e-05,6.24367e-05,6.90028e-05,5.42323e-05,7.1806e-05,7.35558e-05,5.45935e-05,5.82847e-05,0.000426051,0,0.000342304,-0.000442487,0.000374662,0,0.496647,-0.000954687,-0.000378412,0.000359532,0.000921349,1790280600,0.000574864,0,0.000522487,1,-0.000525082,0.000421612,0,1,0.000505169,0,0.000473392,1,0.000516835,0,0.000469494,1,
1790280660,-0.000226546,3.34204e-05,0.000196793,-0.000259975,0.000630624,0.534554,8.1098e-05,8.60379e-05,0.0428795,-0.000933831,-0.000684909,-0.000331357,-9.32754e-05,4.79151e-05,0.000146905,0.000359838,0.000740757,0.000914234,8.13422e-05,8.14917e-05,8.46049e-05,7.63009e-05,9.12545e-05,8.82717e-05,7.77872e-05,8.0923e-05,0.000418959,0,0.000320101,0.000434506,0,0.000367764,0.506898,-0.000903976,-0.000360686,0.000361831,0.00089837,1790280600,0.000512699,0,0.00035146,1,0.000607636,0,0.000468447,1,0.000491305,0,0.000406165,1,0.000536874,0,0.000487422,1,
1790280720,3.71421e-05,-3.71429e-06,0.000248826,-0.000702246,0.000625108,0.529729,5.77019e-05,5.32258e-05,0.0507984,-0.000905358,-0.00066011,-0.000316586,-9.51042e-05,3.91772e-05,0.000131267,0.000334602,0.000695036,0.000877737,6.00025e-05,6.16237e-05,6.34325e-05,5.43607e-05,6.91328e-05,6.54346e-05,5.35062e-05,5.5268e-05,0.000393484,0,0.00033075,0.000415816,0,0.000377881,0.500639,-0.000882695,-0.000347576,0.000342222,0.000868053,1790280600,-0.000458406,0.000386901,0,1,0.000520317,0,0.00041262,1,0.000559089,0,0.000507287,1,0.000507788,0,0.000445514,1,
1790280780,-0.00100332,0,0,-0.00100332,0.000618847,0.531203,0.000316006,0.000325364,0.0641314,-0.000971788,-0.000725688,-0.000337284,-9.39128e-05,4.14721e-05,0.000151076,0.000373729,0.000765457,0.000956266,0.000314664,0.00031788,0.000317771,0.00030081,0.000309533,0.000317774,0.000317843,0.000328647,0.000432539,0,0.000410434,0.000492498,1.00997e-05,0.000502414,0.50951,-0.00102783,-0.000404683,0.000414753,0.00103049,1790280600,-0.000478381,0.000398196,0,1,-0.000522743,0.000412173,0,1,0.000490146,0,0.000397657,1,0.000584499,0,0.000497545,1,
1790280840,-0.000777337,-4.83335e-05,2.60248e-05,-0.000985722,0.000628845,0.529255,0.000229499,0.000237073,0.046362,-0.000953409,-0.000685737,-0.000325016,-9.13987e-05,3.67549e-05,0.000134359,0.000354042,0.000734105,0.000940511,0.000226392,0.000222075,0.000217806,0.00022914,0.000219519,0.000220286,0.000238313,0.000239205,0.000411667,0,0.000339262,0.000466074,0,0.00043583,0.506811,-0.000992436,-0.000379125,0.000396933,0.000974669,1790280600,-0.00054753,0.000466923,0,0,0.000492026,0,0.000396659,0,0.000474805,0,0.000412388,0,0.000483781,0,0.0004207,1,
1790280900,0.000107896,0,0.000316215,0,0.000632156,0.528275,7.17169e-05,6.75868e-05,0.0503727,-0.00105775,-0.000770547,-0.000378618,-0.000104938,4.03714e-05,0.000156137,0.000422439,0.000864945,0.00106776,6.40581e-05,6.68239e-05,7.1621e-05,7.58797e-05,7.57182e-05,7.91115e-05,6.94377e-05,6.86652e-05,0.000485653,0,0.0004128,0.000530759,3.99215e-05,0.000498341,0.511311,-0.00110082,-0.000429837,0.000448548,0.00106586,1790280900,0.000542676,0,0.000396354,1,0.000570005,0,0.000461185,1,0.000455835,0,0.000382443,1,0.00048236,0,0.00041895,1,
1790280960,0.000167402,4.09232e-05,0.000691748,-0.000226968,0.000625989,0.528339,7.04401e-05,6.58496e-05,0.051978,-0.000915372,-0.000675915,-0.000317207,-8.92245e-05,3.42942e-05,0.000126774,0.000346936,0.000736293,0.00092079,7.26901e-05,7.37906e-05,7.55284e-05,6.78356e-05,7.94427e-05,7.91589e-05,6.60771e-05,6.77094e-05,0.000402755,0,0.000342978,-0.000419856,0.000325483,0,0.498713,-0.000887271,-0.000356464,0.000338654,0.000842441,1790280900,0.000609576,0,0.000513078,1,0.000507417,0,0.000453095,1,0.000511798,4.48897e-06,0.000444998,1,0.000462323,0,0.000390266,1,
1790281020,0.000479731,2.60378e-05,0.000505757,-0.000119039,0.000620149,0.527914,0.000136219,0.000132415,0.0553436,-0.000986583,-0.00073876,-0.000347628,-0.000102214,3.86203e-05,0.000145046,0.000370786,0.000769165,0.000978485,0.000140041,0.000138432,0.00013908,0.000139924,0.000136053,0.000137593,0.000138873,0.000130539,0.000434774,0,0.000440058,0.000498131,0,0.000545289,0.502113,-0.00105002,-0.000420292,0.000408715,0.00101642,1790280900,0.000433122,0,0.000362914,1,0.000513609,0,0.000541578,1,-0.000480102,0.000457818,0,1,0.000513211,1.52862e-05,0.000454097,1,
1790281080,-9.29532e-05,-5.57709e-05,0.000182163,-0.00059505,0.000617654,0.530426,6.14493e-05,6.12141e-05,0.0509501,-0.000916746,-0.000686229,-0.000327942,-9.20438e-05,3.91716e-05,0.000130258,0.000335256,0.000703148,0.000889195,6.33156e-05,6.35486e-05,6.32381e-05,6.04738e-05,7.3459e-05,6.79976e-05,5.84938e-05,5.92838e-05,0.000399113,0,0.000350341,-0.00045806,0.000397275,0,0.499047,-0.0009694,-0.000394214,0.000368699,0.000930942,1790280900,0.000530249,0,0.000450962,1,-0.000454725,0.000383486,0,1,0.000515348,0,0.000487957,1,0.000487722,0,0.000417521,1,
1790281140,-0.000327264,-2.60284e-05,0.000390345,-0.000375619,0.000611588,0.528772,9.73002e-05,0.000101211,0.06049,-0.000925301,-0.000698401,-0.000325035,-9.08035e-05,3.56914e-05,0.000134176,0.000343136,0.000722286,0.000907195,9.80503e-05,9.63685e-05,9.49715e-05,9.92447e-05,0.000105039,9.79172e-05,9.78451e-05,9.63009e-05,0.000403969,0,0.000375074,0.000465666,0,0.000452479,0.501277,-0.000974602,-0.000394807,0.000381434,0.00094088,1790280900,0.000464999,0,0.000384234,1,0.000536185,0,0.00043726,1,0.000441504,0,0.000371307,1,0.000508138,4.33755e-07,0.000444481,1,
1790281200,-0.000543197,-5.20746e-05,-1.48782e-05,-0.000688348,0.000607207,0.531127,0.000155094,0.000160809,0.0692887,-0.00089517,-0.000661396,-0.0003142,-8.81973e-05,3.87637e-05,0.000128606,0.000333268,0.000690937,0.000874423,0.000156974,0.000152879,0.000152447,0.000151751,0.000153624,0.000154475,0.000156436,0.000158158,0.000391436,0,0.000345601,0.000408713,0,0.000373986,0.502965,-0.000856946,-0.000340323,0.000338336,0.000821844,1790281200,0.000486272,0,0.000408594,1,0.000488155,0,0.000364759,1,0.000507759,0,0.000440544,1,0.000455688,0,0.000358073,1,
1790281260,-0.000338717,-4.46595e-05,0.000163734,-0.00040573,0.000605993,0.524366,9.75212e-05,0.000102268,0.0658424,-0.00088006,-0.000649027,-0.000313732,-9.55317e-05,2.99953e-05,0.000120697,0.000327861,0.000688581,0.000864655,0.000100082,9.77334e-05,9.60655e-05,9.81211e-05,0.000103235,9.82493e-05,0.000101311,9.83951e-05,0.000386958,0,0.000327508,0.000407925,0,0.000364565,0.502483,-0.00085501,-0.00033568,0.000341017,0.000838511,1790281200,0.000450302,0,0.000341044,1,0.00051177,0,0.000405609,1,0.00045938,0,0.000387819,1,0.000514934,0,0.000426352,1,
1790281320,0.000413145,-3.72281e-06,0.000714522,-0.000420765,0.000601812,0.526734,0.000117073,0.000115154,0.0728679,-0.000860584,-0.000631274,-0.000309354,-8.85887e-05,3.14468e-05,0.000116736,0.000318182,0.000669141,0.00084158,0.000121698,0.00011954,0.000119894,0.000120363,0.000122705,0.000118111,0.000114354,0.000114015,0.000377741,0,0.000331947,0.000406899,0,0.000375506,0.500883,-0.000858801,-0.00033937,0.000337416,0.000832649,1790281200,0.00044568,0,0.00035405,1,0.000449798,0,0.000365885,1,0.000468145,0,0.000398059,1,0.00047029,0,0.000387963,1,
1790281380,-0.000964272,7.4425e-06,7.4425e-06,-0.0010723,0.000598622,0.523579,0.000300449,0.000305777,0.0663948,-0.000950639,-0.000710555,-0.000344307,-0.000106146,3.20108e-05,0.000131663,0.000353774,0.000731141,0.000941249,0.00029929,0.000305772,0.000315525,0.000280579,0.000287993,0.000317907,0.000304273,0.000310915,0.00042024,9.48264e-06,0.000439567,0.000460955,1.09869e-05,0.0004977,0.500456,-0.000973764,-0.000391627,0.000377257,0.000943029,1790281200,0.000441491,0,0.000352703,1,0.000442438,0,0.000378081,1,0.000412324,0,0.000370043,1,0.000470171,0,0.000405405,1,
1790281440,-0.000730338,-4.09742e-05,6.70451e-05,-0.000737793,0.000608093,0.521983,0.000210235,0.000214113,0.0488197,-0.000970788,-0.000705088,-0.000341585,-0.000102642,2.8237e-05,0.000128451,0.000354679,0.000735093,0.000939431,0.000208814,0.000207038,0.000205608,0.000203564,0.000200162,0.000207375,0.000220125,0.000219482,0.000419587,0,0.000386992,0.000474694,1.8879e-06,0.000450059,0.500243,-0.00101224,-0.000397263,0.000392002,0.000958429,1790281200,0.00049179,0,0.000429906,0,0.00044368,0,0.00036378,1,0.000395055,0,0.000350698,1,0.000420732,1.46601e-05,0.000346391,0,
1790281500,0.000465838,-3.72758e-06,0.000529175,-0.00060032,0.000610778,0.525234,0.000130334,0.000129059,0.049964,-0.000949691,-0.000702375,-0.000341512,-0.000101267,3.33537e-05,0.000131716,0.000363072,0.000745575,0.000935543,0.000136038,0.000134376,0.000135341,0.000135397,0.000141172,0.000133916,0.000125458,0.000124617,0.000425579,0,0.000340077,0.000463587,0,0.000397412,0.501034,-0.000980971,-0.000386283,0.000385669,0.000940214,1790281500,0.000510578,0,0.000370011,1,0.000492947,0,0.000385847,1,0.000403261,0,0.000348625,1,0.000406088,9.90507e-07,0.00034929,1,
1790281560,0.000230975,-0.000178856,0.000309197,-0.000249662,0.000608218,0.520489,8.48019e-05,8.17271e-05,0.043786,-0.00101113,-0.000760546,-0.000370992,-0.000121108,3.05805e-05,0.000140802,0.000379546,0.000774882,0.000973505,8.2999e-05,8.27396e-05,8.42112e-05,9.29114e-05,9.09744e-05,8.78234e-05,8.111e-05,8.08426e-05,0.000451555,0,0.00044321,-0.000515296,0.000506903,2.72395e-05,0.494569,-0.00107325,-0.00043988,0.000410339,0.0010242,1790281500,0.000473054,0,0.000384869,1,0.000471683,0,0.000422142,1,0.000443522,3.32925e-05,0.000385464,1,0.000404658,1.22815e-05,0.000339046,1,
1790281620,0.000469237,4.84235e-05,0.00103501,4.84235e-05,0.00060299,0.521491,0.000135254,0.000132594,0.0448979,-0.00092691,-0.000690115,-0.000337975,-0.00010951,2.93164e-05,0.000123417,0.000328151,0.000684197,0.000860021,0.000136565,0.00013512,0.000135639,0.000136159,0.000136507,0.00013459,0.000136369,0.000134179,0.000400962,0,0.000356223,-0.000444834,0.000379178,0,0.492133,-0.000947845,-0.000390969,0.000346801,0.000868902,1790281500,0.000494288,0,0.000478211,1,0.000468723,0,0.000395349,1,0.000444236,0,0.000388526,1,0.000449266,2.65269e-05,0.000375886,1,
1790281680,0.00119444,3.72316e-05,0.00132087,3.72316e-05,0.000600607,0.526999,0.000414709,0.000414482,0.0445906,-0.000985262,-0.000733715,-0.000351945,-0.000106159,3.8373e-05,0.000145917,0.000357747,0.00072398,0.000916963,0.00040477,0.000423392,0.000423487,0.000398975,0.000397198,0.000407074,0.000419779,0.000420584,0.000426812,0,0.000409262,-0.000492793,0.000478006,0,0.495873,-0.00104075,-0.000426684,0.000389754,0.000975124,1790281500,0.000422674,0,0.000327837,0,0.00050183,0,0.000412947,0,0.00042629,0,0.000384246,0,0.000439362,0,0.000387258,1,
1790281740,-0.00048728,-3.71879e-06,-3.71879e-06,-0.000554253,0.000618101,0.523226,0.000138631,0.000144358,0.0403223,-0.00105648,-0.000798941,-0.000384208,-0.000116908,3.46197e-05,0.000157474,0.00039031,0.00078941,0.000995805,0.000141893,0.000137677,0.000137652,0.000136467,0.000141461,0.000139463,0.000136019,0.000141332,0.000465739,0,0.000421252,-0.000527026,0.000517227,0,0.493435,-0.00110953,-0.000458919,0.000412076,0.00106251,1790281500,0.000481086,1.51144e-05,0.000380155,1,0.000414741,0,0.000334475,1,0.000442072,2.79278e-05,0.000396752,1,0.000421511,3.19768e-06,0.000360282,1,
1790281800,-0.000379573,0.000223211,0.000223211,-0.00102369,0.000615757,0.528439,0.00011077,0.000114649,0.0372563,-0.00101918,-0.000776109,-0.00038101,-0.000117231,4.56096e-05,0.000156339,0.000396398,0.000763479,0.000964224,0.000111651,0.000107746,0.000110284,0.000108947,0.000114735,0.000118058,0.000112213,0.000111881,0.000468698,0,0.000354371,-0.000489055,0.000488299,0,0.497803,-0.00101985,-0.000417862,0.000391795,0.000971526,1790281800,0.000520641,0,0.000415842,1,0.000488185,0,0.000364201,1,0.00039761,0,0.000338537,1,0.000459094,0,0.000394833,1,
1790281860,0.000446542,-1.48882e-05,0.000543266,-1.48882e-05,0.000611927,0.528028,0.000125222,0.000121992,0.0375866,-0.00102295,-0.000762414,-0.000372316,-0.00011129,4.23859e-05,0.000159646,0.000394601,0.000793563,0.00100332,0.00013044,0.000128808,0.000129605,0.000130811,0.000125703,0.000128258,0.000121639,0.000119621,0.000463469,0,0.000385716,0.000520566,6.00818e-05,0.000458753,0.508313,-0.00106938,-0.000423744,0.000433516,0.00105943,1790281800,0.000509147,0,0.000343761,1,0.000513116,2.22141e-07,0.000378329,1,0.000456436,0,0.000401474,1,0.00040454,0,0.000344298,1,
1790281920,-0.0011875,-1.48815e-05,-1.48815e-05,-0.0011875,0.00060906,0.526964,0.000411464,0.000416188,0.0395625,-0.000960882,-0.00071462,-0.000347978,-0.000105916,3.82031e-05,0.000140281,0.000361427,0.000714231,0.000909895,0.000405584,0.000411157,0.000401828,0.000410478,0.000393333,0.000378613,0.000411795,0.000428581,0.00042764,0,0.000376149,-0.000459564,0.000423558,0,0.498458,-0.000976686,-0.000394855,0.000369052,0.000933475,1790281800,0.000499955,0,0.000459613,1,0.000425764,0,0.000422136,1,0.000454238,1.35002e-05,0.000407457,1,0.000444792,8.45063e-07,0.000372,1,
1790281980,-0.000666956,-3.35235e-05,-3.35235e-05,-0.000786235,0.000625889,0.52144,0.000187781,0.000191995,0.0361069,-0.00101447,-0.000754521,-0.000378729,-0.000116104,3.10028e-05,0.00014619,0.000368088,0.000748185,0.000945671,0.000191356,0.000187472,0.000187477,0.000186156,0.000186359,0.0001891,0.000191549,0.000186658,0.000449257,0,0.000388727,0.000517971,2.55932e-06,0.000481718,0.502291,-0.00109667,-0.00042879,0.000426814,0.00103813,1790281800,0.000449962,0,0.000365084,0,0.000501365,0,0.000442791,1,0.000423164,0,0.000374209,1,0.000445604,0,0.000396918,1,
1790282040,0.00123668,-1.86364e-05,0.0014228,-2.60911e-05,0.000626737,0.525212,0.000420921,0.000420984,0.0382918,-0.000996672,-0.000741057,-0.000371935,-0.000111726,3.68182e-05,0.000148406,0.000376938,0.000777592,0.000997731,0.000426417,0.000431873,0.000406901,0.000450975,0.000416393,0.000382849,0.000434318,0.000412027,0.00045003,0,0.00036191,0.000479172,0,0.000411377,0.500895,-0.00101011,-0.000399309,0.000399075,0.000978185,1790281800,0.000511671,0,0.000386459,1,0.000420889,0,0.000345112,1,0.000428628,2.30825e-06,0.000425283,1,0.000381788,0,0.000377496,1,
1790282100,0.00021589,2.60582e-05,0.000375917,-0.00027179,0.000644617,0.519277,8.63041e-05,8.2988e-05,0.0412146,-0.00110996,-0.000834108,-0.000419606,-0.000135546,3.17538e-05,0.000152189,0.000400265,0.000808749,0.00102554,8.08889e-05,8.47709e-05,9.44324e-05,8.75256e-05,8.74374e-05,9.54974e-05,8.52844e-05,7.96595e-05,0.000494008,0,0.000491784,-0.000560719,0.000526659,5.51606e-05,0.493298,-0.00118291,-0.000485489,0.000441187,0.0011237,1790282100,0.000452359,0,0.000402728,0,0.000449929,0,0.000462724,1,0.0003827,2.60389e-05,0.000343005,1,0.000418942,2.58442e-05,0.000410881,1,
1790282160,-0.000230781,-7.81618e-05,-2.23313e-05,-0.000249395,0.000638868,0.521357,8.27657e-05,8.69893e-05,0.0388906,-0.0010166,-0.000773798,-0.000392496,-0.000129804,3.45573e-05,0.00014683,0.000365125,0.000738136,0.000943505,8.2368e-05,8.38427e-05,9.08473e-05,7.99646e-05,8.98242e-05,9.50747e-05,7.51239e-05,7.96183e-05,0.000457422,0,0.000399053,-0.00051335,0.000446281,0,0.496944,-0.00108461,-0.000444212,0.000407221,0.00102689,1790282100,0.000513688,0,0.000498966,1,0.000457213,0,0.000396914,1,-0.000421564,0.000407121,0,1,0.000361641,2.34257e-05,0.000344161,1,
1790282220,-0.000584635,0,0.000260555,-0.000785799,0.000633289,0.525163,0.000164379,0.000168622,0.0389143,-0.000924522,-0.000683365,-0.000346933,-0.000108638,3.5677e-05,0.000132346,0.000335972,0.000684014,0.000873246,0.000168467,0.000164651,0.000164523,0.000163047,0.000165246,0.000166481,0.000168078,0.000165164,0.000410974,0,0.000266015,-0.000413918,0.000319869,0,0.496228,-0.000863064,-0.000352485,0.000327291,0.000834589,1790282100,0.000456869,0,0.000399374,1,0.000501093,3.95457e-06,0.000428479,1,0.000408042,2.40905e-06,0.000380887,1,0.000417058,0,0.0004111,1,
1790282280,0.000249536,-0.000104302,0.000387313,-0.000156457,0.000632352,0.521355,8.71891e-05,8.42802e-05,0.0387055,-0.0010315,-0.000764165,-0.000384795,-0.000124295,3.30635e-05,0.000155417,0.000379382,0.000767323,0.000970293,8.64415e-05,8.89528e-05,9.33654e-05,9.14868e-05,9.29168e-05,9.53836e-05,8.16457e-05,8.1024e-05,0.000459144,0,0.000404654,0.000510196,1.2163e-05,0.000481129,0.506881,-0.0010746,-0.000420397,0.000426611,0.00103802,1790282100,0.000360437,1.67715e-06,0.000294362,1,0.000464733,0,0.000410245,1,0.00044352,4.12816e-05,0.000441033,1,0.000397846,1.89222e-05,0.000366328,1,
1790282340,0.000759398,-6.33092e-05,0.00084498,-0.000316586,0.000626991,0.528355,0.000220631,0.000215921,0.0413154,-0.000952007,-0.00070631,-0.000351423,-0.00010311,3.98163e-05,0.000144957,0.000348963,0.000709761,0.000909153,0.000217898,0.00021772,0.000217271,0.000226681,0.000213765,0.000215237,0.000228741,0.000222844,0.000420504,0,0.000349984,0.000457059,0,0.000422019,0.504503,-0.00096741,-0.000384037,0.00037526,0.000930385,1790282100,0.000487244,0,0.000430783,1,-0.000413607,0.000322211,0,1,0.000440225,0,0.00040397,1,0.000472817,0,0.000418682,1,
1790282400,0.000200921,0,0.000624954,-9.30324e-05,0.000629912,0.524333,7.97292e-05,7.57888e-05,0.0374125,-0.00102358,-0.000771517,-0.000379913,-0.000120758,3.80223e-05,0.000150173,0.00037322,0.00076552,0.000967288,7.8339e-05,8.05829e-05,8.38062e-05,8.28737e-05,8.30339e-05,8.68878e-05,7.88326e-05,7.36182e-05,0.0004527,0,0.000432268,0.0004803,0,0.00051791,0.501581,-0.00102329,-0.000410424,0.000390151,0.000989259,1790282400,0.000428103,0,0.000383917,1,0.000466268,0,0.000451999,1,0.0003846,0,0.000338203,1,0.000446807,0,0.000424788,1,
1790282460,0.000163683,5.95243e-05,0.00046122,4.83637e-05,0.000624228,0.527368,7.09246e-05,6.63816e-05,0.0431467,-0.000976493,-0.000737305,-0.000366053,-0.000110281,4.06129e-05,0.000154913,0.000355307,0.000722499,0.000918129,7.20393e-05,7.37275e-05,7.51816e-05,7.45243e-05,7.66581e-05,7.77563e-05,6.83102e-05,6.48691e-05,0.000433969,0,0.000390461,0.000455123,0,0.000451761,0.502868,-0.00096803,-0.000388549,0.000369759,0.000921276,1790282400,0.000464289,0,0.000420373,1,0.000412215,0,0.000367815,1,0.00042362,1.39793e-06,0.000431947,1,0.000373173,0,0.000341201,1,
1790282520,-0.000159963,-3.71984e-05,0.000215723,-0.000319951,0.000618388,0.534018,6.87272e-05,7.35575e-05,0.0525772,-0.000923952,-0.000685005,-0.000333466,-9.60741e-05,4.82575e-05,0.000152345,0.000337559,0.000687076,0.000869776,7.04997e-05,6.98249e-05,6.98059e-05,6.65308e-05,7.80784e-05,7.37356e-05,6.36261e-05,6.93709e-05,0.000403376,0,0.000342611,0.000416361,0,0.000370268,0.502841,-0.00087788,-0.00035325,0.000336621,0.00083735,1790282400,0.000431284,2.11252e-05,0.000356174,1,0.000448977,2.38819e-05,0.000388536,1,0.000377414,2.28265e-05,0.000367916,1,0.000420968,1.95563e-05,0.000413101,1,
1790282580,9.67248e-05,3.34827e-05,0.000178561,-1.11612e-05,0.00061259,0.532966,5.8116e-05,5.56044e-05,0.0630855,-0.000885692,-0.00065258,-0.000315024,-9.41144e-05,4.50787e-05,0.000143588,0.000328506,0.000668949,0.000844313,6.37054e-05,6.43307e-05,6.23296e-05,6.14236e-05,7.15368e-05,6.37113e-05,5.19569e-05,5.31374e-05,0.000388481,0,0.000330875,0.000417915,0,0.000387537,0.502769,-0.00087875,-0.000350704,0.00034261,0.000846445,1790282400,0.000387555,1.02402e-05,0.000319663,1,0.000430627,6.98794e-06,0.000366109,1,0.00040661,4.98927e-05,0.000394867,1,0.00037054,2.48907e-05,0.000359916,1,
1790282640,-0.00031625,-3.72001e-06,3.71993e-05,-0.000394398,0.000606588,0.535703,9.15611e-05,9.698e-05,0.0833061,-0.000828426,-0.000612459,-0.000292196,-8.60165e-05,4.64153e-05,0.000131712,0.000297902,0.000613968,0.000770385,9.65476e-05,9.46391e-05,9.20534e-05,8.83949e-05,0.00010307,9.31643e-05,9.02113e-05,9.51731e-05,0.000355143,0,0.000276158,-0.000352467,0.000286124,0,0.498177,-0.00072299,-0.000294994,0.000271443,0.000679162,1790282400,0.000400841,0,0.000345017,1,0.00040207,0,0.000327773,1,0.000412854,1.05355e-05,0.000389314,1,0.000422366,1.86733e-05,0.000396435,1,
1790282700,0.000260449,-4.09338e-05,0.000260449,-0.000204686,0.000602154,0.532767,8.07868e-05,7.65182e-05,0.093636,-0.000855413,-0.000618214,-0.000308745,-8.85805e-05,4.1997e-05,0.000134154,0.000315286,0.000639125,0.000790742,8.8108e-05,8.73634e-05,8.38673e-05,8.50699e-05,9.03462e-05,8.22789e-05,7.59668e-05,7.66679e-05,0.000375445,0,0.000304414,-0.000370921,0.000379657,0,0.498701,-0.000772191,-0.000312691,0.000296899,0.000725475,1790282700,0.000320235,0,0.000276313,1,0.000405714,0,0.000359778,1,0.000383635,0,0.000357183,1,0.00040718,2.10908e-05,0.00038021,1,
1790282760,0.000647107,-0.000148819,0.000736331,-0.000148819,0.000597239,0.535167,0.000189271,0.000183597,0.116008,-0.000792813,-0.0005771,-0.000275975,-8.06627e-05,4.24567e-05,0.000125861,0.000282715,0.000600118,0.000755577,0.000186528,0.000184549,0.000186427,0.000195434,0.000179473,0.000186443,0.000193974,0.000189476,0.000336488,0,0.000261808,0.000355471,0,0.000330731,0.500361,-0.000737553,-0.000297318,0.000281516,0.000699506,1790282700,0.000393555,0,0.000306846,1,0.000345408,0,0.000284147,1,0.000371264,7.65086e-06,0.000352474,1,0.000368256,2.47572e-05,0.000342816,1,
1790282820,-0.000840577,0,7.06358e-05,-0.000840577,0.000598277,0.535453,0.000261847,0.000267983,0.0879453,-0.000853977,-0.000615891,-0.000294947,-8.32877e-05,4.44329e-05,0.000132946,0.000297256,0.000630912,0.000796188,0.000250851,0.000251304,0.000256393,0.000261751,0.000250367,0.000258701,0.000273218,0.000267557,0.000355769,0,0.00031024,-0.000419107,0.000415819,1.59521e-05,0.497532,-0.000902716,-0.000365137,0.000334293,0.0008447,1790282700,0.000338444,0,0.000304105,1,0.000340127,0,0.000345115,1,0.000322694,0,0.000289034,1,0.000366512,2.77008e-05,0.000353915,1,
1790282880,0.000167428,2.9767e-05,0.000167428,-0.000290275,0.000604077,0.534568,6.55035e-05,6.08454e-05,0.0492435,-0.000871698,-0.000645656,-0.00030202,-8.70872e-05,4.47315e-05,0.000139561,0.000309785,0.000654298,0.000824055,7.25965e-05,7.21846e-05,7.20058e-05,6.59871e-05,7.62316e-05,7.28302e-05,5.94015e-05,6.06323e-05,0.000368655,0,0.000292015,0.000446788,2.48198e-05,0.000422066,0.502494,-0.000957285,-0.000373886,0.000371639,0.0009143,1790282700,0.000410396,0,0.000341544,1,0.000346246,0,0.000284841,1,0.000339934,1.50489e-05,0.000308188,1,0.000319542,3.30885e-06,0.000299262,1,
1790282940,0.00061738,-0.000137661,0.000818133,-0.000137661,0.000598474,0.538093,0.000173304,0.000168742,0.0551472,-0.000816473,-0.000605634,-0.000290992,-8.45972e-05,5.05813e-05,0.000140358,0.000302443,0.000638241,0.000795369,0.000177698,0.000176288,0.000176743,0.000180258,0.000171932,0.000175131,0.000177994,0.00017261,0.00035826,0,0.000255034,0.000419936,0,0.000372642,0.505183,-0.000866292,-0.000349632,0.000347691,0.000856492,1790282700,0.000447766,0,0.000334648,1,0.000388323,2.54457e-05,0.000326533,1,0.00031787,3.71041e-05,0.000290755,1,0.000327178,3.21823e-05,0.000310429,1,
1790283000,-8.17996e-05,-3.71802e-06,-3.71802e-06,-0.000327239,0.000598858,0.535197,5.70986e-05,5.9341e-05,0.0488832,-0.000898816,-0.000658839,-0.000319591,-9.04119e-05,4.78056e-05,0.000141497,0.000312496,0.000661004,0.000831111,6.37822e-05,6.13432e-05,6.05286e-05,5.91855e-05,7.15449e-05,6.19809e-05,4.98988e-05,5.43338e-05,0.000380132,0,0.000342717,-0.000461917,0.000447843,3.71777e-05,0.497466,-0.000987641,-0.000399871,0.00036886,0.000927387,1790283000,0.000360298,0,0.000394448,1,0.000409835,0,0.000390614,1,0.000364062,3.75895e-05,0.000343847,1,0.000326901,2.72298e-05,0.000302948,1,
1790283060,-9.29622e-05,3.34643e-05,3.34643e-05,-0.000148744,0.000592952,0.532824,5.38982e-05,5.63705e-05,0.0540346,-0.00081598,-0.000615986,-0.000293,-8.64247e-05,4.1071e-05,0.000129295,0.000289253,0.000613708,0.000763219,6.43198e-05,6.10974e-05,5.86056e-05,5.25505e-05,7.12342e-05,5.8507e-05,4.59431e-05,5.22428e-05,0.000349851,0,0.000256375,-0.000407359,0.000360176,0,0.49626,-0.000851727,-0.000350748,0.000325472,0.00082111,1790283000,0.000438893,0,0.000386316,1,-0.000398819,0.000351471,0,1,0.00038998,1.7353e-07,0.000370899,1,0.000371013,1.54685e-05,0.00034678,1,
1790283120,-0.000368215,3.71859e-05,4.09044e-05,-0.00065842,0.00058714,0.534567,0.000105128,0.00011066,0.0584567,-0.000768762,-0.000569498,-0.000271991,-7.71823e-05,3.95334e-05,0.000120338,0.000270767,0.000584989,0.000724453,0.000108956,0.000104275,0.000103916,0.000102908,0.00011129,0.000105084,0.000104524,0.000107033,0.000325827,0,0.000207448,-0.000349029,0.000290598,0,0.49157,-0.000723,-0.00029832,0.000270641,0.000702416,1790283000,0.000359512,0,0.00033501,1,0.00040799,1.21833e-05,0.000374555,1,0.000355155,1.37207e-05,0.000349992,1,0.000375738,1.97373e-05,0.000377104,1,
1790283180,2.97598e-05,2.60399e-05,0.000338465,-3.34808e-05,0.000583567,0.530111,5.07667e-05,4.90308e-05,0.0587713,-0.000817757,-0.000607582,-0.000296889,-8.58042e-05,3.59621e-05,0.000131377,0.000295338,0.000623346,0.000785324,5.99918e-05,5.66366e-05,5.23407e-05,5.28151e-05,6.48028e-05,5.13337e-05,4.60395e-05,4.87505e-05,0.000355538,0,0.000295298,0.000404602,2.61818e-05,0.000396789,0.501409,-0.000855812,-0.000338591,0.000337007,0.000836427,1790283000,0.000320747,0,0.000269616,1,0.000398659,0,0.000341031,1,0.00038275,2.62142e-05,0.000380036,1,0.000368932,4.13659e-06,0.000357274,1,
1790283240,-0.000554422,-3.71993e-06,-3.71993e-06,-0.00069959,0.000577717,0.529501,0.00015679,0.000161277,0.0680859,-0.000776289,-0.000580298,-0.000282366,-7.88912e-05,3.20453e-05,0.000119419,0.000275745,0.000585281,0.000729007,0.000160507,0.000155849,0.000155417,0.000154594,0.000159539,0.000156338,0.000163562,0.000158594,0.000335688,0,0.000286247,-0.000374075,0.00035333,0,0.49932,-0.000786245,-0.000318368,0.000302656,0.000745457,1790283000,0.000412267,0,0.000356865,1,0.000367894,0,0.000279114,1,0.000365719,0,0.00032408,1,0.000398449,0,0.000378728,1,
1790283300,-0.000390885,0.000182361,0.000219573,-0.000647835,0.00057726,0.525528,0.000111078,0.000114651,0.0639579,-0.000787121,-0.000578063,-0.000290291,-9.04219e-05,3.02045e-05,0.00011698,0.000279748,0.000601075,0.000750373,0.00011508,0.000110359,0.000110015,0.000109165,0.000111277,0.000111119,0.000111926,0.00011219,0.000343497,0,0.000292303,-0.000380155,0.000384618,0,0.49707,-0.000812357,-0.000321924,0.000310283,0.000767103,1790283300,0.0003619,0,0.000319876,1,0.000403671,0,0.000362606,1,0.000334391,0,0.000274519,1,0.000370194,0,0.000363559,1,
1790283360,7.81891e-05,0,0.000249439,-2.97879e-05,0.000574126,0.526679,5.43065e-05,5.23289e-05,0.0722215,-0.00083506,-0.00062414,-0.000307139,-9.42241e-05,3.34489e-05,0.000128853,0.00029598,0.000641515,0.000805221,6.27296e-05,5.81236e-05,5.39787e-05,5.70143e-05,6.64612e-05,5.30512e-05,5.2055e-05,5.26244e-05,0.000363462,0,0.000326322,0.000412143,4.07328e-05,0.000412999,0.500145,-0.000880944,-0.000347563,0.000343727,0.000847461,1790283300,0.00038892,0,0.000319207,1,0.000375405,0,0.00031821,1,0.00036419,2.2741e-05,0.000333767,1,0.000324553,0,0.000302362,1,
1790283420,-0.000394731,0,6.32915e-05,-0.000621959,0.000568463,0.529718,0.000112964,0.000115856,0.0847404,-0.000759754,-0.000568969,-0.000282661,-8.33062e-05,3.42629e-05,0.000114362,0.000266366,0.000576958,0.000716209,0.000116103,0.000111365,0.000110903,0.000110125,0.000110044,0.000111867,0.0001127,0.000116342,0.000331549,0,0.000286928,-0.000350059,0.000303647,0,0.495591,-0.000744496,-0.000302218,0.000276055,0.00068648,1790283300,0.000427442,0,0.000373925,1,0.000379193,0,0.000346602,1,0.000357909,4.71501e-06,0.000326917,1,0.000360035,3.10942e-05,0.000353856,1,
1790283480,0.000740924,-7.44926e-06,0.000781864,-1.48986e-05,0.000565512,0.526422,0.000224666,0.00022175,0.0984254,-0.00079159,-0.000587974,-0.000298436,-8.99648e-05,3.14939e-05,0.000121448,0.000282097,0.00060468,0.0007589,0.000212095,0.000221344,0.000227544,0.000225777,0.000219304,0.000226463,0.000221118,0.000225598,0.000350426,0,0.000314114,-0.000394537,0.000404601,6.41807e-06,0.498689,-0.000848497,-0.000335677,0.000325508,0.000807713,1790283300,0.000341732,0,0.000296128,1,0.000422483,0,0.000365401,1,0.000354701,5.93217e-06,0.000322862,1,0.000354714,2.67046e-05,0.000319167,1,
1790283540,0.000227008,-3.72187e-06,0.000320029,-4.83853e-05,0.00056955,0.524823,7.50772e-05,7.18118e-05,0.0579353,-0.000841779,-0.000623346,-0.000309741,-9.34551e-05,3.0106e-05,0.000120644,0.000291967,0.000622076,0.000775882,8.23695e-05,7.87715e-05,7.75415e-05,7.5395e-05,8.33472e-05,7.55274e-05,7.30224e-05,7.33177e-05,0.000363247,0,0.000320779,-0.000419588,0.000411188,4.15261e-06,0.499657,-0.000905379,-0.000363579,0.000339855,0.00086126,1790283300,0.000416388,0,0.000345142,1,0.000356899,0,0.000293332,1,0.000385464,1.93382e-05,0.000348351,1,0.000367203,1.86312e-06,0.000337299,1,
1790283600,0.000584029,9.3021e-05,0.000587747,8.93003e-05,0.000564739,0.520069,0.000168941,0.000166224,0.0596832,-0.000891653,-0.000685391,-0.000358708,-0.000111339,2.73869e-05,0.000122965,0.000306463,0.00065212,0.000814407,0.000168212,0.000166764,0.00016719,0.000168337,0.000163393,0.000164759,0.000173035,0.000171075,0.000404298,0,0.000400926,-0.000432011,0.000432458,3.94004e-05,0.493428,-0.000903338,-0.000389272,0.000331328,0.000821513,1790283600,0.000428721,0,0.000377571,1,0.000410385,0,0.000356209,0,0.00034995,0,0.000302613,1,0.000381347,2.99539e-05,0.000353788,1,
1790283660,0.000230542,-3.71885e-06,0.00023426,-0.000345912,0.000565131,0.531405,7.3766e-05,6.95275e-05,0.053439,-0.000782243,-0.00057739,-0.000285854,-8.21377e-05,3.65701e-05,0.000119471,0.000285037,0.000604083,0.000741309,8.28642e-05,7.89038e-05,7.79529e-05,6.93962e-05,8.10374e-05,7.58155e-05,6.82424e-05,7.4941e-05,0.000342643,0,0.000225637,0.000383984,0,0.000339478,0.500928,-0.000824312,-0.000331271,0.000309278,0.000784218,1790283600,0.00047849,0,0.000338144,1,0.000428002,0,0.000334638,1,0.000385301,6.73149e-06,0.000335001,0,0.000352743,4.26508e-07,0.000304367,1,
1790283720,-0.000740153,-7.43624e-05,0.000289961,-0.00077364,0.0005604,0.53104,0.000223532,0.000228626,0.0561881,-0.000806749,-0.000601903,-0.000300639,-8.68056e-05,3.80641e-05,0.00013099,0.000295465,0.000619168,0.000776454,0.000212424,0.000218263,0.000221436,0.000223933,0.000218727,0.000224532,0.000228876,0.000222811,0.000358297,0,0.000284406,0.000413217,0,0.000399027,0.502902,-0.000878737,-0.000351788,0.000339416,0.000854869,1790283600,0.000385233,0,0.00031217,1,0.000450117,0,0.000369205,1,0.000399679,1.4142e-05,0.00036465,1,0.000383553,1.01365e-05,0.00035219,1,
1790283780,-9.30227e-05,-3.34872e-05,0.000215779,-0.000320035,0.000564556,0.533851,5.97221e-05,6.13833e-05,0.0434283,-0.000886955,-0.00065965,-0.00031925,-9.19597e-05,4.5904e-05,0.000150378,0.0003321,0.000690731,0.000855297,6.43964e-05,5.76405e-05,5.8236e-05,5.94641e-05,6.77456e-05,5.75972e-05,6.13802e-05,6.03055e-05,0.000393153,1.31805e-05,0.000364952,0.000460455,6.08188e-05,0.000451635,0.509546,-0.000976265,-0.000375977,0.000389662,0.000947169,1790283600,0.000422455,0,0.000371904,1,0.000363572,0,0.000304686,1,0.000457073,0,0.000387276,1,0.000402939,0,0.000359269,1,
1790283840,-0.00026051,-3.72109e-06,4.4652e-05,-0.000364733,0.000559037,0.530649,8.2197e-05,8.5514e-05,0.046157,-0.000809198,-0.000607237,-0.000303551,-9.30035e-05,4.01136e-05,0.000137069,0.000311338,0.000648366,0.000800732,8.79901e-05,8.10138e-05,8.04938e-05,7.90204e-05,8.89222e-05,8.04187e-05,8.22462e-05,8.51098e-05,0.000370198,0,0.000329161,0.000408048,0,0.000393536,0.503834,-0.000856221,-0.000340952,0.000341275,0.000835933,1790283600,0.000508088,0,0.000381443,1,0.000404487,0,0.000361744,1,0.000369128,0,0.000337922,1,-0.000367034,0.000335607,2.83325e-06,1,
1790283900,0.000156314,0.000119099,0.00026051,1.11661e-05,0.000554644,0.525292,6.25881e-05,5.91493e-05,0.049129,-0.000789014,-0.000595451,-0.000296113,-9.75525e-05,3.22754e-05,0.000119419,0.000291307,0.00062332,0.00076916,7.04234e-05,6.54872e-05,6.42224e-05,6.16188e-05,6.98838e-05,6.21141e-05,6.28566e-05,6.12619e-05,0.000353178,0,0.000334494,-0.000375012,0.000338659,0,0.495427,-0.000808579,-0.000321241,0.000306412,0.000778772,1790283900,0.000407747,0,0.000388879,1,0.000423336,0,0.000425961,1,0.000401062,0,0.000358945,1,0.000372525,0,0.000337768,1,
1790283960,-0.000539759,-5.95453e-05,0.000107917,-0.00106863,0.000549514,0.525577,0.000152947,0.000156153,0.0535415,-0.000762509,-0.000577389,-0.000286807,-9.37766e-05,3.14728e-05,0.000123501,0.000278136,0.000595823,0.000744664,0.000156533,0.000151556,0.000151274,0.000150485,0.000153178,0.000152162,0.000154384,0.000154842,0.000340236,0,0.000311765,-0.000345037,0.000290246,0,0.49786,-0.00073107,-0.000295968,0.000277522,0.000703017,1790283900,-0.000404324,0.000324406,0,1,-0.000396905,0.000356151,0,1,0.000431453,0,0.0004109,1,0.000400302,0,0.000385758,1,
1790284020,-0.000126606,0,0.000234552,-0.000294198,0.000549321,0.523477,6.27161e-05,6.53372e-05,0.0519678,-0.000901911,-0.000666995,-0.000332024,-0.000113618,3.4183e-05,0.000146642,0.000331031,0.000696185,0.000867415,6.60181e-05,5.77036e-05,5.67699e-05,6.86498e-05,6.39983e-05,5.70296e-05,6.76557e-05,6.41596e-05,0.000397983,2.38171e-05,0.000432407,0.000438519,3.23352e-05,0.000478747,0.505231,-0.000929257,-0.000363497,0.000366314,0.00089312,1790283900,-0.000347411,0.000295112,0,1,0.000378885,0,0.000346166,1,0.000390412,0,0.000363599,1,0.000404017,1.22769e-05,0.000400767,1,
1790284080,9.6818e-05,0,0.000625428,0,0.000544094,0.520919,5.37322e-05,5.1985e-05,0.0582588,-0.000793901,-0.000583086,-0.000300124,-0.000106458,2.7585e-05,0.000119954,0.000284564,0.000609683,0.000750795,6.34709e-05,5.54371e-05,5.29605e-05,5.65496e-05,6.1119e-05,5.27902e-05,5.11348e-05,5.28835e-05,0.000353178,0,0.000328977,0.000350766,0,0.000335397,0.502151,-0.000736036,-0.00029291,0.000289711,0.000707082,1790283900,0.000467721,0,0.000401481,1,-0.000363524,0.000318531,0,1,0.000375298,0,0.000314948,1,0.000391913,0,0.000355365,1,
1790284140,-0.00012661,9.30854e-05,0.000301565,-0.00012661,0.0005388,0.522942,5.77693e-05,5.99185e-05,0.0645069,-0.000812235,-0.000598432,-0.00030299,-0.000103461,3.01603e-05,0.00012047,0.000287522,0.000616086,0.000769357,6.59409e-05,5.66585e-05,5.43139e-05,6.00678e-05,5.9157e-05,5.57095e-05,5.83202e-05,5.8777e-05,0.000356575,0,0.000379695,-0.000369311,0.000356261,3.2873e-05,0.497413,-0.00079201,-0.000318323,0.000299832,0.000740538,1790283900,0.000356124,0,0.000330543,1,0.000416606,2.50279e-06,0.000411118,1,0.000369616,0,0.000305853,1,0.000373548,0,0.000338412,1,
1790284200,0.000658942,0,0.00072965,-9.31059e-05,0.000533685,0.519151,0.000196488,0.000194305,0.0747073,-0.000753549,-0.000563253,-0.000286918,-0.000102349,2.37376e-05,0.000104764,0.000268232,0.000582742,0.000722993,0.000189572,0.000194727,0.000199794,0.00019591,0.000196816,0.000195987,0.000199139,0.000195378,0.000336009,0,0.000316262,-0.000327067,0.000294191,0,0.495619,-0.000696929,-0.000279028,0.000262165,0.000660577,1790284200,0.000396893,0,0.000320435,1,0.000358383,0,0.000329051,1,0.000428891,0,0.00039155,1,0.000371438,0,0.000315893,1,
1790284260,-0.0004318,-1.11649e-05,0,-0.000502543,0.000536477,0.51981,0.000122456,0.0001249,0.0559922,-0.000833587,-0.000621079,-0.000308401,-0.000108444,2.62603e-05,0.000118083,0.000296336,0.000633843,0.000786955,0.000126298,0.000121424,0.000121104,0.000120546,0.000123037,0.000122314,0.000124961,0.000123008,0.000364695,0,0.000362243,-0.000389917,0.000377578,4.29965e-06,0.499663,-0.000833073,-0.000335707,0.000315835,0.000805114,1790284200,0.00035488,0,0.000268055,1,0.000366655,0,0.000322407,1,0.000359181,0,0.000335888,1,0.000439696,0,0.00039651,1,
1790284320,0.000517393,0,0.000535999,-0.000111703,0.000534584,0.518496,0.000147468,0.000146387,0.0555505,-0.000754096,-0.000573582,-0.000286755,-0.000102216,2.27107e-05,0.000107603,0.000268181,0.000575709,0.00071686,0.000150008,0.000148317,0.000148678,0.000148455,0.000148583,0.000146093,0.00014723,0.000146722,0.000335747,0,0.00028214,-0.000350911,0.000322765,0,0.497103,-0.000753045,-0.000298129,0.000285667,0.000726112,1790284200,0.000411801,0,0.000348779,1,0.000369672,0,0.00029368,1,0.000381882,0,0.000334301,1,0.000393829,0,0.000323345,1,
1790284380,-0.000405703,2.23275e-05,5.95389e-05,-0.000461546,0.000534246,0.525066,0.000116097,0.000118329,0.0507124,-0.000781222,-0.000580628,-0.000289104,-9.91367e-05,3.24479e-05,0.0001187,0.000280056,0.000590366,0.000742693,0.000119061,0.000114049,0.000113731,0.000113102,0.00011624,0.000115197,0.000120045,0.000117567,0.000342802,0,0.000284611,0.000382306,0,0.000348358,0.50383,-0.00080802,-0.00032396,0.000313389,0.000792148,1790284200,0.000389447,0,0.00027443,1,0.000417868,0,0.000316005,1,0.000349792,0,0.000295698,1,0.000394237,0,0.0003186,1,
1790284440,-0.000160093,0,0.000145179,-0.000160093,0.000531979,0.520016,5.98811e-05,6.17076e-05,0.048948,-0.000743149,-0.000554461,-0.0002824,-9.92766e-05,2.43113e-05,0.000103928,0.000263137,0.000564994,0.000711596,7.1024e-05,6.17219e-05,6.20557e-05,5.70585e-05,6.49368e-05,6.27443e-05,5.79139e-05,5.95369e-05,0.000330152,0,0.000274769,-0.000368,0.000329637,0,0.496656,-0.000792388,-0.000313997,0.000299739,0.000764946,1790284200,0.000394673,0,0.000343204,1,0.00038602,0,0.000321005,1,0.000384431,0,0.000340127,1,0.000365715,0,0.000294267,1,
1790284500,0.000811371,-1.86172e-05,0.000859735,-0.000119156,0.000527119,0.52382,0.000260285,0.000261907,0.0483965,-0.000759495,-0.000562039,-0.000288413,-9.61504e-05,2.94044e-05,0.000114384,0.000279429,0.00058103,0.000718857,0.000236972,0.000258798,0.000260591,0.00026835,0.000254115,0.000259863,0.000252553,0.000261505,0.000341899,0,0.000269123,0.000371424,0,0.000314187,0.503977,-0.000783154,-0.000314363,0.000305725,0.000754583,1790284500,0.000407954,0,0.000294364,1,0.000406813,0,0.00030922,1,0.000360565,0,0.000299758,1,0.000399166,0,0.000334026,1,
1790284560,6.32444e-05,-0.000115338,0.00032362,-0.000115338,0.000534288,0.516536,5.27935e-05,5.13984e-05,0.0446063,-0.000816682,-0.00061136,-0.00030564,-0.000110587,2.14861e-05,0.000114934,0.00028638,0.000620347,0.000789774,6.21495e-05,5.29165e-05,5.60524e-05,5.11738e-05,5.80642e-05,5.54752e-05,5.24609e-05,5.10098e-05,0.000358246,0,0.000340153,-0.000417777,0.000385621,2.46257e-05,0.497366,-0.000893466,-0.000361587,0.000334034,0.000862255,1790284500,0.000411729,0,0.000317164,1,0.000398466,0,0.000340493,1,0.000367768,0,0.000334579,1,0.00036612,0,0.00031995,1,
1790284620,-5.20833e-05,-3.72015e-06,0.000111598,-0.000319983,0.000528994,0.51914,4.85305e-05,4.96649e-05,0.0448773,-0.000760557,-0.000568781,-0.000289588,-0.000104715,2.4286e-05,0.000105004,0.000263414,0.000564204,0.000706698,6.19672e-05,5.10905e-05,5.27699e-05,4.65481e-05,5.64884e-05,5.23323e-05,4.23831e-05,4.82651e-05,0.000335549,0,0.000277028,-0.000367786,0.00030218,0,0.497387,-0.000788229,-0.000320735,0.000290509,0.000731901,1790284500,0.00044387,0,0.000387038,1,0.000377138,0,0.000345811,1,0.000370112,0,0.000312749,1,0.000374549,0,0.000324398,1,
1790284680,0.000159962,1.11609e-05,0.000290144,-6.69683e-05,0.000523729,0.522341,6.03214e-05,5.77086e-05,0.0458065,-0.000738256,-0.000545826,-0.000276812,-9.76285e-05,2.74826e-05,0.000110861,0.000268104,0.00057143,0.00071548,7.13837e-05,6.33722e-05,6.38019e-05,6.08393e-05,6.31563e-05,6.21852e-05,5.71302e-05,5.83415e-05,0.000328294,0,0.000264299,0.000366691,0,0.000320662,0.502945,-0.000766607,-0.000310557,0.000300197,0.000753491,1790284500,0.000375354,0,0.000279745,1,0.000444305,0,0.000346931,1,0.000381719,0,0.000336925,1,-0.000372761,0.000330019,0,1,
1790284740,-8.92777e-05,-0.000111598,0.000156217,-0.000189725,0.000518959,0.52385,4.8984e-05,4.97855e-05,0.0474314,-0.000713924,-0.000533002,-0.000268527,-9.19074e-05,2.81352e-05,0.000106075,0.00025729,0.000550721,0.000692948,6.39658e-05,5.17489e-05,5.13175e-05,4.67345e-05,5.5406e-05,5.21242e-05,4.59595e-05,4.82953e-05,0.000317166,0,0.000262604,0.000342199,0,0.000310234,0.500252,-0.000724918,-0.000293276,0.00027505,0.000698981,1790284500,0.000360192,0,0.000325034,1,0.000376457,0,0.000313675,1,0.000400113,0,0.000362581,1,0.000353236,0,0.0003068,1,
1790284800,9.29975e-05,-7.44042e-05,0.000427717,-7.44042e-05,0.000513898,0.522837,4.8274e-05,4.60871e-05,0.0486914,-0.00069175,-0.000518646,-0.000262358,-8.97107e-05,2.59425e-05,0.000103561,0.000255491,0.000543432,0.000673805,6.35105e-05,5.17075e-05,5.03515e-05,4.8445e-05,5.28751e-05,5.18013e-05,4.44033e-05,4.74142e-05,0.000311741,0,0.000268107,0.000340027,0,0.00031597,0.502009,-0.00071678,-0.000288874,0.000274974,0.000688313,1790284800,0.00035102,0,0.000288885,1,-0.000405232,0.0003299,0,1,0.000370642,0,0.00033064,1,-0.000418977,0.000372045,0,1,
1790284860,0.000516908,3.71972e-06,0.000576391,-4.83576e-05,0.000508903,0.523763,0.000146601,0.000145159,0.0520979,-0.000709431,-0.000528679,-0.000261894,-8.451e-05,2.57074e-05,0.000101559,0.000251588,0.000546366,0.000687777,0.000149548,0.000147954,0.000148182,0.000148231,0.000142354,0.000145573,0.000146705,0.000145912,0.000309626,0,0.000277806,0.000284284,0,0.000286813,0.503498,-0.000598744,-0.000235935,0.000227861,0.000575098,1790284800,0.000344539,0,0.000282198,1,-0.000364698,0.000311455,0,1,0.000371078,0,0.000325782,1,-0.000383824,0.000319434,0,1,
1790284920,-0.000130132,0,0,-0.000174752,0.000509065,0.526925,5.41735e-05,5.65944e-05,0.0518125,-0.00072131,-0.000534411,-0.000262017,-8.18569e-05,2.94101e-05,0.000100666,0.000253319,0.000550127,0.000698828,6.61968e-05,5.48039e-05,5.45406e-05,5.23228e-05,6.06181e-05,5.65628e-05,5.23317e-05,5.4316e-05,0.000310478,0,0.000266132,0.000327648,0,0.0003255,0.50166,-0.00070175,-0.000281029,0.000263378,0.000684051,1790284800,0.000333634,0,0.000245276,1,-0.000357421,0.000301253,0,1,0.000338794,0,0.000295185,1,0.000374519,0,0.000330527,1,
1790284980,1.4873e-05,0,7.0645e-05,-1.85916e-05,0.000504284,0.525095,4.03968e-05,3.91859e-05,0.0525244,-0.000644781,-0.000481989,-0.000234174,-8.07142e-05,2.63654e-05,8.94192e-05,0.000228881,0.000508918,0.000635604,5.91551e-05,4.61385e-05,4.49361e-05,3.69981e-05,4.65166e-05,4.74513e-05,3.35508e-05,3.93174e-05,0.00027876,0,0.000184926,-0.0002698,0.000208689,0,0.494528,-0.000560142,-0.000226176,0.000205295,0.000557146,1790284800,0.000355646,0,0.000285541,1,0.000332886,0,0.000244069,1,0.000338734,0,0.000303522,1,0.000339354,0,0.000298568,1,
1790285040,-2.6028e-05,-7.43649e-06,8.92336e-05,-5.20566e-05,0.00049922,0.526939,3.95178e-05,3.94291e-05,0.0550368,-0.000608245,-0.000450493,-0.000223302,-7.18765e-05,2.5766e-05,8.98558e-05,0.000219478,0.000482375,0.000597551,6.03458e-05,4.5709e-05,4.38253e-05,3.58505e-05,4.77185e-05,4.77399e-05,2.96489e-05,3.96317e-05,0.000266286,0,0.000162505,0.000248202,0,0.000188859,0.502164,-0.000491393,-0.000198877,0.000184996,0.000481806,1790284800,-0.000290009,0.000247681,0,1,0.000354439,0,0.000271269,1,0.000313938,1.31755e-05,0.000263458,1,0.00034377,0,0.000301794,1,
1790285100,1.48732e-05,-4.46209e-05,0.000256532,-5.57765e-05,0.000494216,0.522756,3.80773e-05,3.59947e-05,0.0581895,-0.000606655,-0.000445891,-0.000218679,-7.07081e-05,2.02483e-05,8.02476e-05,0.000214409,0.000479596,0.000594591,5.90855e-05,4.47359e-05,4.22771e-05,3.51392e-05,4.44816e-05,4.69359e-05,2.96487e-05,3.69126e-05,0.00026058,0,0.00018065,0.000260695,0,0.000224414,0.502532,-0.000536314,-0.000213114,0.000202532,0.000530256,1790285100,-0.000241277,0.000211057,0,1,-0.000321185,0.000247558,0,1,0.000325555,5.86719e-06,0.000288237,1,0.000312416,2.73863e-05,0.000256975,1,
1790285160,5.20545e-05,0,6.32087e-05,-2.23099e-05,0.000489254,0.521675,4.00244e-05,3.7252e-05,0.0615757,-0.000603049,-0.00044099,-0.000214572,-6.66165e-05,1.78929e-05,8.08124e-05,0.000215339,0.000475616,0.000598489,6.10483e-05,4.61178e-05,4.31686e-05,3.83554e-05,4.52316e-05,4.88966e-05,3.12245e-05,3.89856e-05,0.000258064,0,0.000187646,0.000290115,0,0.000271901,0.50551,-0.000616434,-0.00024281,0.000234955,0.000597652,1790285100,-0.000271642,0.000232084,0,1,-0.000285892,0.000216488,0,1,0.000291658,0,0.000222431,1,-0.000337289,0.00031937,0,1,
1790285220,-0.00025658,0,0.000126407,-0.000423951,0.000484393,0.525035,7.35111e-05,7.62452e-05,0.0668004,-0.000551854,-0.000402494,-0.000192673,-5.73225e-05,1.84957e-05,6.81611e-05,0.000192245,0.000439704,0.00054536,8.72913e-05,7.35094e-05,7.22739e-05,7.17661e-05,7.84523e-05,7.67183e-05,7.36591e-05,7.48981e-05,0.000231026,0,0.000113889,0.00018948,0,0.000151413,0.50069,-0.000327189,-0.000129765,0.000115518,0.000314624,1790285100,-0.000309394,0.000280089,0,1,-0.000301799,0.000241794,0,1,-0.00027272,0.000237881,0,1,-0.000286535,0.000258804,0,1,
1790285280,-0.000271526,0,0.000159906,-0.000271526,0.000480895,0.522214,7.86003e-05,8.05559e-05,0.0551831,-0.000624576,-0.000453819,-0.000223707,-6.89026e-05,1.91275e-05,8.34153e-05,0.000221674,0.000492828,0.000621338,8.9477e-05,7.67407e-05,7.63583e-05,7.59488e-05,8.07488e-05,7.93148e-05,8.12709e-05,8.02976e-05,0.000267561,0,0.000215912,0.000275918,0,0.000270753,0.505099,-0.000587083,-0.000226695,0.000227569,0.000580301,1790285100,0.000200729,0,0.00014721,0,-0.000318985,0.00028603,0,1,0.000284287,0,0.000236203,1,0.000273001,0,0.000229426,1,
1790285340,9.67165e-05,4.46395e-05,0.00021202,-1.11602e-05,0.000477608,0.518793,4.48605e-05,4.28651e-05,0.0493745,-0.000618232,-0.000447858,-0.000228034,-7.22744e-05,1.6284e-05,7.73195e-05,0.000219536,0.000482484,0.000609939,6.3541e-05,4.81648e-05,4.6452e-05,4.54897e-05,4.69268e-05,5.15642e-05,3.94379e-05,4.35534e-05,0.000269848,0,0.000212995,0.000274391,0,0.000252751,0.502233,-0.000584812,-0.000227173,0.000223637,0.000571569,1790285100,-0.000319438,0.000285059,0,1,-0.000225208,0.000192512,0,1,0.000303969,0,0.000266829,1,-0.000282576,0.000268812,0,1,
1790285400,9.67071e-05,6.69521e-05,9.67071e-05,0,0.000473006,0.521814,4.55282e-05,4.30686e-05,0.0455608,-0.000637131,-0.000463367,-0.000244611,-7.17553e-05,1.94915e-05,8.40813e-05,0.000221975,0.00048844,0.00060731,6.35405e-05,4.76924e-05,4.58508e-05,4.7716e-05,4.61128e-05,5.14448e-05,3.97143e-05,4.47867e-05,0.000282846,0,0.000223695,0.000276259,0,0.000256088,0.503997,-0.000576753,-0.000233756,0.000219936,0.000549512,1790285400,0.00030414,0,0.000224178,1,0.000318244,0,0.00024802,1,0.000215105,3.30595e-06,0.000162717,1,-0.000300282,0.000299696,0,1,
1790285460,0.000401606,0,0.0005057,-4.83524e-05,0.000468451,0.520685,0.000114956,0.000114383,0.0427972,-0.000562471,-0.000411651,-0.00021161,-6.72078e-05,1.70385e-05,7.58506e-05,0.000189441,0.000445563,0.0005583,0.000118144,0.000115346,0.000115378,0.000115208,0.000110349,0.000113484,0.000121022,0.000116022,0.000244341,0,0.000160608,-0.000224322,0.000160817,0,0.497312,-0.000448546,-0.000183162,0.000161734,0.000433084,1790285400,-0.000291359,0.000264015,0,1,0.00030396,0,0.000235485,1,0.000290172,1.67178e-05,0.000241687,1,0.00022302,0,0.000181682,1,
1790285520,0.000542656,-1.48714e-05,0.000628116,-1.85893e-05,0.000467208,0.525976,0.000162191,0.000159897,0.0381952,-0.000628478,-0.000459919,-0.000235072,-6.7625e-05,2.30743e-05,8.815e-05,0.000213377,0.000477118,0.000608115,0.000157055,0.000159616,0.000161323,0.000161398,0.000150665,0.000152744,0.000165196,0.000167648,0.000271977,0,0.000222308,0.000301185,0,0.000288026,0.501092,-0.000651593,-0.000260493,0.00024051,0.000624512,1790285400,-0.00021317,0.000177429,0,0,0.000246768,2.98513e-06,0.000240698,0,0.000279489,6.30715e-06,0.000234292,0,0.000285986,2.65265e-05,0.000252928,1,
1790285580,1.48631e-05,0,0.000338082,-7.80351e-05,0.000468836,0.524441,4.08132e-05,3.87587e-05,0.0381259,-0.000674588,-0.000486308,-0.000245237,-7.24059e-05,2.28148e-05,9.10381e-05,0.000221106,0.000493232,0.000624114,5.90574e-05,4.16643e-05,4.29464e-05,3.94271e-05,4.22678e-05,4.815e-05,3.66881e-05,3.97545e-05,0.000283037,0,0.000230646,0.00031929,0,0.000310155,0.504034,-0.000693876,-0.000274716,0.000257052,0.000673381,1790285400,0.000309924,0,0.00024523,1,-0.000234283,0.000206222,0,0,0.000275184,5.91323e-06,0.000234758,0,0.00027301,2.02431e-05,0.000234221,0,
1790285640,0,3.71575e-06,7.80279e-05,-4.45901e-05,0.000464129,0.527267,3.86813e-05,3.79799e-05,0.034089,-0.000626269,-0.000447244,-0.000233143,-6.74506e-05,2.45902e-05,9.32022e-05,0.000215301,0.000473283,0.000595718,5.88651e-05,4.01801e-05,4.09025e-05,3.8768e-05,4.24045e-05,4.66751e-05,3.24271e-05,3.74902e-05,0.000271398,0,0.000211463,0.000302434,0,0.000281547,0.510083,-0.000648125,-0.000253357,0.000249189,0.000632543,1790285400,0.000336256,0,0.000260582,1,0.00028974,2.25735e-05,0.000229708,1,0.000234186,0,0.00018,0,0.00026559,1.55618e-05,0.000225184,1,
1790285700,0.000430935,0,0.00098048,-3.34424e-05,0.000459464,0.527079,0.00012254,0.000121019,0.0311908,-0.000583089,-0.00042918,-0.000217361,-5.8209e-05,2.09335e-05,8.49075e-05,0.000199219,0.000449226,0.000560726,0.000125712,0.000123227,0.000123598,0.000125587,0.00011304,0.000121691,0.00013022,0.000124905,0.000252366,0,0.000165421,0.000253677,0,0.00019572,0.50644,-0.00053069,-0.000210262,0.000201851,0.000524082,1790285700,0.000310301,0,0.000248013,1,0.000305925,2.68354e-05,0.000249684,1,0.000290172,1.11047e-05,0.000250695,1,0.000241897,0,0.000207013,0,
1790285760,-0.000111431,0,0.000111419,-0.00025631,0.000458911,0.523352,5.22346e-05,5.44526e-05,0.0321691,-0.00073892,-0.000528684,-0.000264296,-7.37577e-05,2.19119e-05,0.000108393,0.000264799,0.000557171,0.00070127,6.48901e-05,4.74833e-05,4.86652e-05,5.79349e-05,5.46744e-05,5.3157e-05,5.19001e-05,5.16495e-05,0.000317534,3.30408e-05,0.000317395,0.000351262,1.11564e-05,0.000375466,0.509898,-0.000749291,-0.000291939,0.000289461,0.00074076,1790285700,-0.000243019,0.00021902,0,1,-0.000296986,0.000294675,0,1,-0.000304504,0.000311264,0,1,-0.000288164,0.000286678,0,1,
1790285820,-0.000776647,3.71457e-06,7.42912e-06,-0.000873306,0.000454572,0.515591,0.000262545,0.00026852,0.0296792,-0.000639229,-0.000469366,-0.000240622,-7.43307e-05,1.33938e-05,8.70718e-05,0.000220795,0.000491074,0.00061399,0.000225893,0.000265316,0.000260677,0.000252085,0.000285106,0.000246807,0.000276871,0.000267009,0.000279684,0,0.000235032,0.000287182,0,0.000260581,0.507259,-0.000615813,-0.00023987,0.000236065,0.000604889,1790285700,-0.000377635,0.000355456,0,1,-0.000277087,0.000223319,0,1,-0.000303883,0.000284602,0,1,-0.000299715,0.000291992,0,1,
1790285880,-0.000397847,-6.69165e-05,-6.69165e-05,-0.000840499,0.000463213,0.518501,0.000113274,0.00011593,0.0494861,-0.000721058,-0.000521638,-0.000257523,-7.98007e-05,1.76953e-05,0.000101158,0.000251811,0.00054678,0.00069227,0.000116897,0.000112104,0.000111986,0.000111654,0.000116804,0.000113145,0.000114105,0.000114377,0.000306451,1.19329e-05,0.00027613,0.00033025,9.10209e-06,0.000301595,0.518501,-0.000709682,-0.000262259,0.000286196,0.000701043,1790285700,-0.000290929,0.000263677,0,0,0.000356981,6.18509e-06,0.000292287,0,0.00025744,0,0.000219532,1,-0.000297366,0.000292492,0,1,
1790285940,-7.43815e-05,-3.71901e-05,1.85945e-05,-0.000357082,0.000461997,0.516721,5.06524e-05,4.96462e-05,0.0513329,-0.000743019,-0.00053568,-0.00027513,-8.62501e-05,1.69464e-05,0.000106741,0.000277039,0.000583798,0.000736296,6.28793e-05,4.45042e-05,5.02902e-05,5.41756e-05,4.69522e-05,5.3098e-05,4.80888e-05,5.05299e-05,0.000331541,0,0.000306443,0.000343257,2.28084e-06,0.000337919,0.516775,-0.000725871,-0.000273503,0.000295502,0.000725814,1790285700,0.000348597,0,0.000283474,1,-0.000300101,0.00026581,0,0,0.000318478,2.08095e-05,0.000304619,1,0.000243575,0,0.000225655,1,
1790286000,0.000297493,1.85959e-05,0.000423901,1.85959e-05,0.000457474,0.508143,8.73143e-05,8.68924e-05,0.043647,-0.000689582,-0.000501971,-0.000263382,-8.27288e-05,7.31823e-06,8.56651e-05,0.000236282,0.000533485,0.000672152,9.4626e-05,8.61341e-05,8.69589e-05,8.71279e-05,8.22419e-05,8.48859e-05,8.78196e-05,8.87945e-05,0.000303765,0,0.000287225,0.000313425,0,0.000312696,0.506802,-0.000666867,-0.000260406,0.000260084,0.000654272,1790286000,-0.000339161,0.000292251,9.9376e-06,1,-0.000321085,0.000296949,0,1,-0.000275943,0.000263797,0,1,-0.000306555,0.000332956,0,1,
1790286060,0.000200758,1.85904e-05,0.000249082,-8.55201e-05,0.000454826,0.5078,6.45198e-05,6.18667e-05,0.0380006,-0.000652617,-0.000472515,-0.000246435,-7.83043e-05,6.66883e-06,8.03752e-05,0.000220192,0.000488618,0.000610009,7.84477e-05,6.37646e-05,6.7403e-05,6.47115e-05,6.1851e-05,6.84694e-05,6.40316e-05,6.30036e-05,0.000283593,0,0.000263196,0.000295482,0,0.000287298,0.503758,-0.000643879,-0.00025315,0.000237258,0.000606389,1790286000,-0.000290664,0.000245275,1.72006e-05,1,-0.000336443,0.00030664,0,1,-0.000299818,0.000291719,5.73474e-06,1,-0.000275824,0.000264609,0,1,
1790286120,-6.31971e-05,4.83245e-05,4.83245e-05,-0.000182167,0.000451149,0.514171,4.31102e-05,4.20725e-05,0.0337584,-0.000643316,-0.000470864,-0.000244203,-7.52226e-05,1.21222e-05,8.829e-05,0.000222803,0.000487998,0.000615692,6.23493e-05,4.2524e-05,4.66197e-05,4.30273e-05,4.54918e-05,5.03419e-05,3.97319e-05,4.04279e-05,0.000283049,0,0.000252713,0.000294847,0,0.000272166,0.503988,-0.000639868,-0.000252929,0.00023695,0.000609097,1790286000,0.000278729,0,0.000245218,1,-0.000309891,0.000275225,0,1,-0.000300209,0.000312391,5.20174e-06,1,-0.000296099,0.000302934,1.56816e-06,1,
1790286180,-0.000461088,-7.80726e-05,-4.46122e-05,-0.000661951,0.000446705,0.512499,0.000129313,0.000133636,0.0313393,-0.000599346,-0.000440377,-0.00022498,-6.79173e-05,9.44643e-06,8.2752e-05,0.000206892,0.000466585,0.000571327,0.000134465,0.000129514,0.000129308,0.0001295,0.00013397,0.000130086,0.000135352,0.000132947,0.000261796,0,0.000199895,0.000248201,0,0.000204124,0.503898,-0.000525225,-0.000205312,0.000198562,0.000515723,1790286000,0.000275735,0,0.000239799,1,-0.000283843,0.000273497,0,1,0.000281576,7.69487e-06,0.000262171,1,0.000305647,1.18301e-05,0.000302191,1,
1790286240,0.000490829,-3.71932e-06,0.000494546,-3.71932e-06,0.000446997,0.516157,0.000138465,0.000137814,0.0364374,-0.000663106,-0.000480428,-0.000236848,-6.95926e-05,1.30658e-05,9.44578e-05,0.000230822,0.00050067,0.000625323,0.000142961,0.00014134,0.000140488,0.000140748,0.000136012,0.000138449,0.00013827,0.000140812,0.00028145,7.82323e-08,0.000253052,0.000294907,1.23675e-05,0.000275763,0.51307,-0.000635755,-0.000239055,0.000251946,0.000623938,1790286000,-0.000240664,0.000218273,0,1,0.000290965,0,0.000233626,1,0.000276195,0,0.000258054,1,0.000294554,0,0.000277109,1,
1790286300,-0.000301162,0,3.71748e-06,-0.00104144,0.000447915,0.517934,8.47091e-05,8.73319e-05,0.0357128,-0.000675787,-0.000493523,-0.000254938,-7.0212e-05,1.49519e-05,9.07439e-05,0.000231584,0.000503442,0.00062516,9.44581e-05,8.51e-05,8.49537e-05,8.45218e-05,8.95782e-05,8.5888e-05,8.69556e-05,8.2445e-05,0.000294587,0,0.000245012,0.000315562,0,0.000300643,0.510862,-0.000675339,-0.000265666,0.000258511,0.000644607,1790286300,0.000310776,0,0.00025842,1,0.000273915,0,0.000218664,1,0.000282143,0,0.000248636,1,0.000290122,0,0.000252182,1,
1790286360,8.1806e-05,6.32143e-05,0.000141297,2.23114e-05,0.000445454,0.510622,5.0558e-05,4.81328e-05,0.0349738,-0.000737689,-0.000543929,-0.000273698,-8.32773e-05,9.68566e-06,0.000109248,0.000268457,0.00056829,0.000729583,6.31592e-05,4.33527e-05,4.88634e-05,5.65562e-05,4.50794e-05,5.17514e-05,5.16678e-05,4.82188e-05,0.000325995,2.49648e-05,0.000347025,0.000349839,3.11707e-05,0.000391302,0.5112,-0.000744288,-0.000285747,0.000291821,0.00072611,1790286300,0.000326111,0,0.000287514,1,0.000298709,0,0.000271543,1,0.000249061,0,0.000216122,1,0.000284004,0,0.000257232,1,
1790286420,4.09005e-05,-3.71831e-06,0.000223073,-0.000226842,0.000441129,0.512413,4.04229e-05,3.76683e-05,0.0310095,-0.000609618,-0.000451397,-0.000237209,-7.27697e-05,1.00626e-05,7.95942e-05,0.000208021,0.00046884,0.000576762,6.08866e-05,4.04478e-05,4.51387e-05,4.00207e-05,4.22779e-05,4.89179e-05,3.34426e-05,3.88892e-05,0.000271107,0,0.000220704,0.000239403,0,0.000182821,0.504392,-0.0004988,-0.000198844,0.000186201,0.000471782,1790286300,-0.000363841,0.000332688,0,1,0.000273379,0,0.000274826,1,-0.000274338,0.000279309,0,1,0.000255923,0,0.000233692,1,
1790286480,-0.000182206,-5.57738e-05,7.43602e-05,-0.000182206,0.000436734,0.51744,6.02865e-05,6.17229e-05,0.0283664,-0.000664269,-0.000489961,-0.0002476,-7.41323e-05,1.52907e-05,8.85836e-05,0.000229278,0.000506639,0.000630094,7.44617e-05,5.79434e-05,6.0936e-05,6.30006e-05,6.20479e-05,6.46068e-05,5.92884e-05,5.74073e-05,0.00028866,0,0.000291443,0.000298503,0,0.000301436,0.506659,-0.000644645,-0.000251761,0.000245601,0.000617633,1790286300,0.000206197,0,0.000199972,1,0.000340261,1.08309e-05,0.000321982,1,0.000274755,9.13503e-06,0.000276982,1,0.000269387,1.74321e-05,0.000264046,1,
1790286540,-0.000565422,-0.000111571,-0.000111571,-0.000628679,0.000433112,0.510685,0.000169123,0.000172415,0.027641,-0.0006156,-0.000447806,-0.000229075,-7.17121e-05,8.40744e-06,7.22482e-05,0.000205595,0.000467224,0.000572263,0.000163201,0.000170268,0.000165237,0.000165834,0.000171507,0.000159897,0.000175938,0.000173269,0.000264308,0,0.000236012,0.000248789,0,0.000213193,0.504243,-0.000539218,-0.000207946,0.000200429,0.000506892,1790286300,-0.000295277,0.000267088,0,1,-0.000249529,0.000190501,0,1,0.000315637,2.06169e-05,0.0002926,1,0.00027116,4.14728e-06,0.000255039,1,
1790286600,0.000323669,9.67395e-05,0.000557984,4.09294e-05,0.000436151,0.509184,9.33774e-05,9.3484e-05,0.034677,-0.000651052,-0.000481452,-0.000241757,-7.65678e-05,7.65211e-06,8.10035e-05,0.000224428,0.000500634,0.00062213,9.9349e-05,9.32307e-05,9.41366e-05,9.4092e-05,9.15904e-05,9.20838e-05,9.25348e-05,9.36751e-05,0.000282327,0,0.000267264,0.000279907,0,0.000251157,0.507671,-0.000611727,-0.000230638,0.000234788,0.000580628,1790286600,0.000253222,0,0.000201726,1,0.000306208,0,0.000266551,1,0.000238613,0,0.000220207,1,0.000313569,1.04604e-05,0.000318651,1,
1790286660,0.000223159,4.83553e-05,0.000334719,2.23181e-05,0.000434187,0.513608,6.66334e-05,6.50063e-05,0.0317457,-0.00063233,-0.000465302,-0.000235458,-7.28346e-05,1.11987e-05,8.07569e-05,0.000217395,0.0004832,0.000595904,8.24715e-05,6.59576e-05,7.04591e-05,6.73683e-05,6.62094e-05,7.20368e-05,6.59669e-05,6.58575e-05,0.000274322,0,0.000265575,0.000290104,0,0.000287097,0.504038,-0.000630705,-0.000247238,0.000236451,0.000593732,1790286600,0.000293673,0,0.000236561,1,0.000264827,0,0.000228013,1,0.000287947,0,0.000264503,1,0.000252483,0,0.000216144,1,
1790286720,5.95006e-05,-3.7189e-06,0.000219391,-0.000122731,0.000430981,0.513214,4.07156e-05,3.79525e-05,0.0293912,-0.000602873,-0.000449016,-0.000228865,-7.09318e-05,1.0538e-05,7.61571e-05,0.000207436,0.000458788,0.000565126,6.18015e-05,4.05075e-05,4.59162e-05,3.94474e-05,4.30211e-05,5.00392e-05,3.55948e-05,3.82647e-05,0.000264715,0,0.000244451,-0.000266318,0.000216143,0,0.499182,-0.000584701,-0.000232006,0.000208776,0.000533634,1790286600,0.000289248,0,0.000273713,1,0.000285388,0,0.000263322,1,0.000252047,0,0.0002312,1,0.000294204,0,0.00027342,1,
1790286780,2.23118e-05,-1.11561e-05,0.000152454,-1.11561e-05,0.000426732,0.520137,3.86017e-05,3.55245e-05,0.0274149,-0.000598638,-0.000445397,-0.000226947,-6.80353e-05,1.67242e-05,8.07197e-05,0.000208336,0.000457986,0.000566672,5.97354e-05,3.78926e-05,4.26273e-05,3.7839e-05,4.04979e-05,4.76058e-05,3.43253e-05,3.61442e-05,0.00026365,0,0.000232751,0.000275308,0,0.000251277,0.507583,-0.000594545,-0.000232892,0.00022488,0.000564813,1790286600,0.000263596,0,0.000217323,1,0.000300025,0,0.000252509,1,0.000268817,0,0.000250578,1,0.000259727,0,0.000230602,1,
1790286840,-0.000133878,-7.43721e-06,8.5524e-05,-0.000494695,0.000422455,0.522149,4.74124e-05,4.90506e-05,0.026257,-0.0005657,-0.000419674,-0.00021333,-6.05591e-05,1.67487e-05,6.90045e-05,0.000192193,0.000430257,0.000526761,6.65454e-05,4.88126e-05,5.19412e-05,4.6701e-05,5.2979e-05,5.64244e-05,4.13651e-05,4.50591e-05,0.000246082,0,0.000197216,0.000237335,0,0.000199181,0.506302,-0.000507509,-0.00019878,0.000187911,0.000472547,1790286600,0.000269257,0,0.000237874,1,0.000268331,0,0.000229364,1,0.000276898,0,0.000266481,1,0.000274033,0,0.000253217,1,
1790286900,-0.000342215,-5.95072e-05,-1.48765e-05,-0.00061756,0.000418637,0.519244,9.62103e-05,9.85686e-05,0.0260345,-0.000611378,-0.000450741,-0.000226109,-6.88509e-05,1.60082e-05,7.44611e-05,0.000212997,0.000470547,0.00057476,0.000101031,9.65205e-05,9.64299e-05,9.61923e-05,9.86322e-05,9.69997e-05,9.53131e-05,9.6013e-05,0.000265366,0,0.000237202,0.000261621,0,0.000253691,0.512886,-0.000556218,-0.000212621,0.000220111,0.000541628,1790286900,0.000227315,0,0.000190559,1,0.000292193,0,0.000240213,1,0.000263441,0,0.000236915,1,0.000294516,0,0.000253874,1,
1790286960,-0.000208362,-1.48816e-05,7.81246e-05,-0.000320002,0.000417246,0.518525,6.3669e-05,6.45498e-05,0.0278513,-0.000626576,-0.000460122,-0.000229517,-6.95852e-05,1.54418e-05,8.21312e-05,0.000224523,0.000485551,0.000603538,7.87225e-05,6.08228e-05,6.41932e-05,6.56256e-05,6.39419e-05,6.89724e-05,6.37465e-05,6.12137e-05,0.000273144,4.71133e-06,0.000261124,0.000265665,9.51707e-06,0.000260319,0.514598,-0.000575345,-0.000214623,0.000228021,0.000562687,1790286900,0.000270366,0,0.000261513,1,-0.000249815,0.000201532,0,1,0.000283401,0,0.000258686,1,0.000283264,0,0.000244843,1,
1790287020,-9.67543e-05,0,0.000178599,-0.000167465,0.000414102,0.513794,4.33314e-05,4.37824e-05,0.02782,-0.000599842,-0.000444049,-0.000222252,-7.07465e-05,1.10554e-05,7.06759e-05,0.000209735,0.000463605,0.000576111,6.41205e-05,4.19394e-05,4.52376e-05,4.51547e-05,4.4627e-05,5.16208e-05,4.24048e-05,3.93621e-05,0.000261088,0,0.000246374,0.000244702,0,0.000233464,0.509819,-0.0005322,-0.000199911,0.000205854,0.000515321,1790286900,0.000299651,0,0.000261316,1,0.000283419,0,0.000269536,1,0.000250229,0,0.000231631,1,0.000292298,0,0.000257872,1,
1790287080,-0.00064775,0,2.60501e-05,-0.000778096,0.000410169,0.512894,0.000207253,0.00021038,0.0271777,-0.000603174,-0.000442671,-0.000222813,-7.32208e-05,1.0596e-05,7.22244e-05,0.000209995,0.000458571,0.000569174,0.000185789,0.000214319,0.000200376,0.000198189,0.000206274,0.000192052,0.000217196,0.000218687,0.000261597,0,0.000254541,0.000242134,0,0.000242816,0.50871,-0.000530356,-0.000200386,0.000202015,0.000508973,1790286900,0.000275236,0,0.000238091,0,0.000296187,0,0.00026886,1,-0.000258424,0.000244061,1.67145e-06,0,0.00026419,0,0.000222305,0,
1790287140,0.000275531,-7.4481e-05,0.000483991,-0.000171315,0.000416251,0.509215,7.86895e-05,7.9633e-05,0.0392131,-0.000691807,-0.000498849,-0.000246261,-8.27734e-05,8.24157e-06,8.3802e-05,0.000241486,0.000518759,0.000647187,9.14433e-05,7.96581e-05,8.06314e-05,8.09614e-05,8.12988e-05,8.12392e-05,7.68425e-05,7.69476e-05,0.000293388,3.77334e-06,0.000297095,0.000300773,1.74578e-05,0.000303803,0.51392,-0.000654668,-0.00024301,0.00025725,0.000628629,1790286900,-0.000276368,0.000234552,0,1,0.000283567,0,0.000242981,1,0.000273482,0,0.000255515,1,0.000292975,0,0.000266846,1,
1790287200,-0.000398428,-8.93532e-05,0.00017496,-0.000707598,0.000413906,0.507028,0.000110592,0.000111567,0.0337366,-0.000769775,-0.000570841,-0.000299731,-0.000100229,7.57798e-06,8.80268e-05,0.000267392,0.000565211,0.000700495,0.000116502,0.000111991,0.000111875,0.000111874,0.000110267,0.000112836,0.000107769,0.000109571,0.00034411,9.66602e-06,0.000376726,0.0003452,3.35444e-05,0.000401284,0.507404,-0.000712828,-0.000290441,0.000273874,0.000672674,1790287200,0.000341759,0,0.000271275,1,0.000285013,0,0.000236015,1,0.000263103,0,0.000235863,1,0.000283732,4.04085e-07,0.000263086,1,
1790287260,0.000156411,-3.72437e-06,0.000342583,-0.000596076,0.000413602,0.514632,5.83356e-05,5.72786e-05,0.0362232,-0.000729161,-0.000521757,-0.000263893,-9.19966e-05,1.54842e-05,9.73915e-05,0.000264868,0.000548686,0.000691524,7.16057e-05,5.34341e-05,5.92843e-05,6.57594e-05,5.72209e-05,6.11018e-05,5.77384e-05,5.36448e-05,0.000317381,1.09116e-06,0.000337039,0.000324327,1.65705e-05,0.000366171,0.508893,-0.00069769,-0.000265465,0.000269935,0.000663099,1790287200,0.000391278,0,0.00034983,1,0.000313736,0,0.000298771,1,0.000271785,0,0.000234753,1,0.000274712,0,0.00023902,1,
1790287320,0.000197341,-7.44785e-05,0.000279245,-0.000420876,0.000410042,0.516142,6.58295e-05,6.43625e-05,0.0316573,-0.000734318,-0.000543118,-0.000270497,-9.20489e-05,1.74026e-05,0.000104903,0.000268401,0.000566926,0.00071259,7.83914e-05,5.98496e-05,6.5202e-05,7.62977e-05,6.33288e-05,6.74958e-05,6.48767e-05,6.09338e-05,0.000323655,1.77333e-05,0.000334067,0.000333633,3.25019e-05,0.000347002,0.509976,-0.000701797,-0.000272406,0.000276254,0.000686331,1790287200,0.000358906,0,0.000287611,1,0.000414197,0,0.000318648,1,-0.000304109,0.000291901,0,1,0.000279882,0,0.000236201,1,
1790287380,0.000733172,8.19037e-05,0.000740613,-9.6804e-05,0.000406879,0.511429,0.000228681,0.000232596,0.0289288,-0.000714928,-0.000532674,-0.000266698,-8.97074e-05,1.13657e-05,9.26559e-05,0.000256728,0.000549428,0.000683343,0.000210477,0.00025915,0.000239592,0.000217793,0.000252343,0.000224762,0.000226515,0.000233049,0.000315529,2.17209e-07,0.000331787,0.000310496,0,0.000334226,0.505646,-0.000667749,-0.000259917,0.000254302,0.000642798,1790287200,0.00034714,0,0.000337879,1,0.000327846,0,0.000303597,1,0.000372784,0,0.000349944,1,0.00030883,0,0.000279423,1,
1790287440,-0.000413041,-0.000122778,-0.000122778,-0.000591706,0.000415922,0.512465,0.000116028,0.000117687,0.0477117,-0.00075219,-0.000558925,-0.000287196,-9.70158e-05,1.35783e-05,9.56333e-05,0.000272159,0.00057708,0.000717931,0.000120732,0.000116129,0.000116153,0.000115965,0.000117528,0.000117287,0.000117332,0.000114558,0.000337704,2.24082e-06,0.000340621,0.00032443,0,0.000330838,0.504074,-0.000699473,-0.000275141,0.000263493,0.000685273,1790287200,0.000334778,0,0.000293168,1,0.000366218,0,0.000287613,1,0.000323404,0,0.000284859,1,-0.000320673,0.000291498,0,1,
1790287500,-0.00131468,-5.58294e-05,-5.58294e-05,-0.00153085,0.000415864,0.509471,0.000516388,0.000519054,0.0448856,-0.000722159,-0.000541271,-0.000278295,-9.68863e-05,9.9624e-06,9.01594e-05,0.000257163,0.000551822,0.000699206,0.000466462,0.000541539,0.000508646,0.000498985,0.000534616,0.000507001,0.000520307,0.000524722,0.000324291,0,0.000299775,0.000300756,0,0.000275028,0.510603,-0.000652601,-0.000247912,0.000252941,0.00063868,1790287500,0.000360743,0,0.000303433,0,0.000336007,0,0.000274248,1,0.000332515,0,0.000298087,1,0.000331517,0,0.000289387,1,
1790287560,0.000245936,-7.82649e-05,0.000368881,-0.000331736,0.000451721,0.520212,8.30299e-05,8.15995e-05,0.406827,-0.000977155,-0.000714253,-0.000347917,-0.000108498,2.7027e-05,0.000138381,0.000361093,0.000736617,0.000948739,8.65608e-05,7.33631e-05,8.79395e-05,8.67517e-05,8.94039e-05,9.57056e-05,7.88279e-05,7.83967e-05,0.000427334,4.92732e-05,0.000447714,0.000422303,0.000103548,0.000403882,0.526768,-0.000880472,-0.000320773,0.000365935,0.000861694,1790287500,0.000339853,0,0.000247732,0,0.000369863,0,0.00027168,0,0.000315053,0,0.000271987,1,0.000337268,0,0.000287001,1,
1790287620,0.000290573,1.11775e-05,0.000335269,-0.000484476,0.000448531,0.512861,8.78346e-05,8.59558e-05,0.298465,-0.000860027,-0.000634464,-0.000325517,-0.000108804,1.57933e-05,0.000110219,0.000295724,0.000649826,0.00083016,9.37443e-05,8.42981e-05,9.32399e-05,8.93097e-05,9.12297e-05,9.88866e-05,8.42448e-05,8.65538e-05,0.000377047,0,0.000391571,0.00038092,0,0.000396076,0.512366,-0.000805416,-0.000309167,0.000320813,0.000795592,1790287500,0.000476059,0,0.000377261,1,0.000331762,0,0.000282481,1,0.000328427,0,0.000288119,1,0.000328468,0,0.000280113,1,
1790287680,-0.000312928,-0.000115474,-4.09731e-05,-0.00035764,0.000445921,0.507029,8.92651e-05,9.01619e-05,0.225776,-0.000865579,-0.000635337,-0.000329733,-0.000116312,8.69118e-06,0.000107249,0.000285956,0.000634081,0.000809267,9.59393e-05,8.85079e-05,9.35252e-05,9.29144e-05,8.51342e-05,9.93339e-05,9.06282e-05,8.30111e-05,0.000375714,0,0.00042082,0.000394831,0,0.000467675,0.503119,-0.000837192,-0.000328893,0.000319498,0.000811634,1790287500,-0.00039349,0.000302253,2.57234e-05,1,-0.000395959,0.000357387,2.121e-05,1,-0.000318052,0.000273459,0,1,0.000335201,0,0.000291172,0,
1790287740,0.000409767,0.000141575,0.000454459,8.19669e-05,0.000443652,0.506915,0.000119348,0.000119787,0.175244,-0.00077724,-0.000570132,-0.000293844,-0.000102898,7.68454e-06,9.45287e-05,0.000254738,0.000580399,0.000734799,0.000121389,0.000117472,0.000119117,0.000118328,0.000121854,0.000117917,0.000117807,0.000121781,0.000335268,0,0.000326142,0.000320786,0,0.000283534,0.504972,-0.00070256,-0.000270987,0.000266536,0.000676421,1790287500,-0.000416654,0.000333883,0,1,-0.000399373,0.000328501,0,1,-0.000385807,0.000350041,1.14207e-05,1,0.000309792,0,0.000287982,1,
1790287800,-0.000111738,0,0,-0.000145262,0.000443,0.511695,5.31773e-05,5.35566e-05,0.144092,-0.000771629,-0.000571159,-0.000293333,-9.99957e-05,1.30089e-05,9.93863e-05,0.000258426,0.000578565,0.000732944,6.47824e-05,4.87171e-05,5.99501e-05,5.16919e-05,5.13195e-05,6.36716e-05,5.41034e-05,4.94086e-05,0.000336228,0,0.000322081,0.00033094,0,0.00030141,0.507575,-0.000719054,-0.000280432,0.00027344,0.000699374,1790287800,0.000340004,0,0.000262333,1,0.000410997,0,0.000371658,1,0.000352172,0,0.000348785,1,0.0003613,9.29995e-06,0.00036641,1,
1790287860,1.11744e-05,-0.000149004,1.11744e-05,-0.000227239,0.000438832,0.511208,4.39881e-05,4.14982e-05,0.103362,-0.000706578,-0.000525238,-0.000264529,-9.35223e-05,1.1584e-05,8.76143e-05,0.000236614,0.000536812,0.000680084,5.88758e-05,4.1196e-05,5.21277e-05,3.84022e-05,4.5616e-05,5.41205e-05,4.14758e-05,4.26991e-05,0.000305278,0,0.000262079,-0.000251899,0.000208425,0,0.497414,-0.000547157,-0.000211889,0.000199447,0.00053759,1790287800,0.000342251,0,0.000301928,1,-0.000364844,0.000285954,0,1,0.000377751,0,0.000338131,1,0.000368488,0,0.000323802,1,
1790287920,0.000238357,0,0.000238357,-8.93985e-05,0.000434424,0.513299,7.09857e-05,7.01736e-05,0.0751252,-0.000671171,-0.000500167,-0.000251052,-8.49167e-05,1.27585e-05,8.62127e-05,0.000228201,0.000520126,0.00065222,8.47165e-05,7.02193e-05,7.74081e-05,6.98383e-05,7.35441e-05,7.72888e-05,6.7179e-05,7.11325e-05,0.000291317,0,0.000234143,0.000266876,0,0.000226361,0.511804,-0.000574106,-0.00021852,0.000222061,0.000560742,1790287800,-0.000302535,0.000231104,0,1,-0.000343403,0.000305924,0,1,0.000356296,0,0.000293695,1,0.000405956,0,0.000357472,1,
1790287980,-0.000152691,-3.72389e-06,-3.72389e-06,-0.000525205,0.000431377,0.513926,5.45361e-05,5.5164e-05,0.060841,-0.000646501,-0.000480733,-0.000240736,-8.07282e-05,1.27822e-05,8.23439e-05,0.000220655,0.000495753,0.000624538,6.91404e-05,5.43448e-05,6.0564e-05,4.96802e-05,5.58704e-05,6.18466e-05,5.42754e-05,5.2706e-05,0.000280022,0,0.000230646,0.000276741,0,0.000259919,0.506514,-0.000601888,-0.000232845,0.000227746,0.000586205,1790287800,0.000298919,0,0.000234448,1,0.000296697,0,0.000229154,1,0.0003461,0,0.000302239,1,0.000346911,0,0.000295301,1,
1790288040,2.60708e-05,0,0.000651566,-0.000122914,0.000427587,0.51115,4.27549e-05,4.02321e-05,0.0478653,-0.000665408,-0.000487768,-0.000244773,-8.52634e-05,1.04853e-05,8.57389e-05,0.000234521,0.000513691,0.000653114,5.94498e-05,4.0423e-05,4.77117e-05,4.07772e-05,4.42083e-05,4.92901e-05,4.12865e-05,4.1009e-05,0.000289254,0,0.000255387,0.000293556,6.43773e-06,0.000289088,0.510916,-0.000628508,-0.00024044,0.00025003,0.000631127,1790287800,0.000317069,0,0.000245042,1,0.000284774,0,0.000227519,1,0.000285547,0,0.000203674,1,0.000344395,0,0.000291931,1,
1790288100,0.000245777,1.48973e-05,0.000245777,-0.000104287,0.000423306,0.517093,7.4973e-05,7.28894e-05,0.0393406,-0.00075745,-0.000557494,-0.00028149,-9.14389e-05,1.85026e-05,0.000105082,0.000269094,0.000561742,0.000712438,8.5575e-05,7.16265e-05,7.51138e-05,8.30297e-05,7.3139e-05,7.57422e-05,7.42483e-05,7.09867e-05,0.000331931,9.27598e-06,0.000331545,0.000311027,6.4308e-05,0.000344135,0.515532,-0.000661566,-0.000255747,0.000265813,0.000642545,1790288100,-0.000338853,0.000273536,0,1,0.000294212,0,0.000232286,1,0.000287343,0,0.000237476,1,0.000269671,0,0.000234613,1,
1790288160,-0.000942474,0.000111697,0.000111697,-0.000942474,0.00042049,0.518153,0.000349717,0.000353058,0.0385108,-0.00062749,-0.000471082,-0.000231079,-7.43579e-05,1.61195e-05,8.17257e-05,0.000220131,0.000481437,0.000609509,0.000290111,0.00035088,0.000331398,0.000342577,0.000343332,0.000328484,0.000358489,0.000364545,0.000272369,0,0.000230612,0.000249816,0,0.000236319,0.506831,-0.000533076,-0.000206623,0.000202756,0.000521932,1790288100,0.000389493,0,0.000300631,1,0.000320962,0,0.00027986,1,0.000292845,0,0.000236019,1,0.000278497,0,0.000243634,1,
1790288220,-0.000499536,-3.72696e-06,6.70828e-05,-0.000656158,0.000437082,0.518057,0.000143504,0.000144781,0.0527128,-0.000759664,-0.000548413,-0.000263628,-8.26545e-05,1.78289e-05,0.000101408,0.000264568,0.000565903,0.000729451,0.000144417,0.000140312,0.000140378,0.000139837,0.000135289,0.000142128,0.000150911,0.000146699,0.000317071,1.61429e-05,0.000305955,0.000359143,5.37173e-05,0.000357136,0.514817,-0.000775068,-0.000287478,0.000308469,0.000757311,1790288100,0.000281868,0,0.000225294,0,0.0003061,1.57112e-05,0.000299935,0,0.000309029,0,0.000259364,1,0.000288405,0,0.000247179,0,
1790288280,-0.000223754,-3.72882e-06,5.2202e-05,-0.000484863,0.000438419,0.516986,7.27523e-05,7.27328e-05,0.0550467,-0.000752405,-0.000546215,-0.000271161,-8.79343e-05,1.76345e-05,0.000101851,0.00026606,0.000585013,0.000742395,8.08592e-05,6.72049e-05,7.53365e-05,7.17657e-05,6.56039e-05,7.69973e-05,7.44883e-05,7.17283e-05,0.000323159,0,0.000295682,0.000346127,1.65068e-05,0.000322999,0.513263,-0.000738178,-0.000278683,0.000297116,0.000729747,1790288100,0.000434665,0,0.000290691,1,0.000266323,0,0.000216697,0,0.000338016,0,0.000301712,0,0.000311756,0,0.000276998,0,
1790288340,-0.00139213,-2.61079e-05,0.00026477,-0.00229263,0.000435164,0.51347,0.000558944,0.000560027,0.0478918,-0.000728223,-0.000530745,-0.000265796,-9.08614e-05,1.38734e-05,9.09756e-05,0.000253871,0.000564674,0.000715248,0.000506179,0.000567711,0.000535222,0.000546627,0.000549233,0.000538626,0.000567888,0.000577701,0.000313801,0,0.000310401,0.000340194,0,0.000350389,0.502012,-0.000730505,-0.000285086,0.000280588,0.000704628,1790288100,0.000372383,0,0.000328679,0,0.000338257,1.5195e-06,0.000335461,0,0.000261885,0,0.000217925,0,0.000320846,3.89529e-05,0.000264824,0,
1790288400,0.000145648,-1.86744e-05,0.000235267,-0.000399708,0.000473646,0.51487,7.81556e-05,7.57452e-05,0.294167,-0.00122029,-0.000847884,-0.000411731,-0.000144244,2.4865e-05,0.000168881,0.000430574,0.00084405,0.00110563,6.92166e-05,5.96495e-05,7.41002e-05,9.15579e-05,8.48328e-05,8.50769e-05,7.65463e-05,7.6794e-05,0.000508209,6.59993e-05,0.000578977,0.000512571,0.00012018,0.000600744,0.515672,-0.00103849,-0.000395064,0.000416877,0.000980877,1790288400,-0.000356169,0.000278301,0,0,-0.000340702,0.000301119,0,0,-0.000348676,0.000332803,0,0,0.000275929,0,0.000227929,0,
1790288460,0.000153094,-5.97505e-05,0.000153094,-0.000493049,0.000469338,0.513014,6.98266e-05,6.86272e-05,0.220988,-0.00101182,-0.000733897,-0.000370223,-0.000125097,1.84341e-05,0.000126489,0.000346561,0.000730521,0.000936914,7.02267e-05,6.03968e-05,7.28169e-05,7.53102e-05,7.97354e-05,7.97731e-05,6.55261e-05,6.65125e-05,0.000433204,0,0.000445754,0.000416767,0,0.000423676,0.504739,-0.000874014,-0.000346756,0.000341735,0.000853912,1790288400,0.00052503,0,0.000444425,1,0.000331051,0,0.000310531,1,0.000330765,0,0.000307217,1,0.000323252,1.32228e-05,0.000305709,0,
1790288520,-5.97414e-05,3.73372e-06,0.000265059,-0.000171766,0.000465125,0.508621,6.10225e-05,5.94101e-05,0.166801,-0.000979841,-0.000708218,-0.000361013,-0.000125714,1.16842e-05,0.000113506,0.00032069,0.000688289,0.000884441,6.16128e-05,4.8197e-05,6.19676e-05,6.7888e-05,5.22983e-05,6.9422e-05,5.9806e-05,5.81307e-05,0.000414331,0,0.000452535,-0.000404187,0.000367951,4.63479e-05,0.494945,-0.000859659,-0.000347856,0.000319215,0.000812322,1790288400,-0.000383921,0.000335577,3.50974e-05,1,0.000394648,5.06253e-05,0.000465977,1,0.000321141,0,0.000275546,1,0.000327156,0,0.000285341,1,
1790288580,-4.48084e-05,5.97414e-05,0.000261342,-0.000306231,0.000460528,0.50981,5.74016e-05,5.54367e-05,0.127958,-0.000947867,-0.000677843,-0.000339996,-0.000112207,1.20048e-05,0.000110405,0.000302935,0.000642781,0.000825804,6.07832e-05,4.66354e-05,5.82097e-05,6.24902e-05,5.04573e-05,6.32833e-05,5.55752e-05,5.64356e-05,0.000390148,0,0.000388872,-0.000376003,0.000346248,0,0.498283,-0.000808029,-0.000324993,0.000301027,0.000759171,1790288400,-0.000385278,0.000330182,0,1,-0.000391121,0.00036855,0,1,-0.000430268,0.000425153,1.91791e-06,1,0.000332028,0,0.000280648,1,
1790288640,0.000921902,-3.73412e-06,0.000951747,-0.000186723,0.000455944,0.50661,0.000300237,0.000306995,0.0999572,-0.000906274,-0.000651296,-0.000333206,-0.000108129,7.66705e-06,0.000105332,0.000296685,0.000633916,0.000802658,0.000281505,0.000327155,0.000298001,0.000280013,0.000342407,0.000285792,0.000299732,0.00031494,0.000382305,0,0.000375744,0.000381084,0,0.000358418,0.500097,-0.000807503,-0.000324438,0.000306238,0.000767068,1790288400,0.000361992,0,0.000291408,1,0.000360873,5.18498e-06,0.000326282,1,0.000378864,0,0.00033795,1,0.000424457,0,0.000404973,1,
1790288700,0.000432665,-1.11921e-05,0.000432665,-1.11921e-05,0.000469814,0.508707,0.000125033,0.0001264,0.147088,-0.000908611,-0.000663629,-0.00032859,-0.000108251,1.01449e-05,0.000108401,0.000289468,0.000643688,0.000830922,0.000127086,0.000124453,0.000126478,0.000126045,0.000133372,0.000124668,0.000122921,0.000124689,0.000376304,1.11147e-05,0.000398407,-0.000397194,0.000412129,1.37933e-05,0.496924,-0.00085354,-0.000344629,0.000316041,0.000818675,1790288700,0.000354721,0,0.00031748,0,0.000358656,0,0.000287604,0,0.000361012,0,0.000299666,1,0.000377822,0,0.000316166,1,
1790288760,-0.000115608,0,7.45809e-06,-0.000525936,0.0004691,0.509879,5.51516e-05,5.53861e-05,0.130499,-0.000835729,-0.000612099,-0.000294235,-9.63113e-05,1.03523e-05,9.89487e-05,0.000264638,0.000580862,0.000745887,6.47244e-05,5.23387e-05,6.36437e-05,5.01824e-05,5.6738e-05,7.03649e-05,5.27374e-05,5.38894e-05,0.000339409,0,0.00029313,-0.00034277,0.0003042,0,0.497493,-0.000750436,-0.000302588,0.000267271,0.000694165,1790288700,0.00041474,0,0.000348933,1,0.000356135,0,0.000303826,1,0.000369496,0,0.000300602,1,0.000376273,0,0.000319893,1,
1790288820,-3.3566e-05,0,0.000212558,-0.000123081,0.000464673,0.513363,5.06201e-05,4.8622e-05,0.0918319,-0.000800219,-0.000588478,-0.000289852,-9.54963e-05,1.44427e-05,0.000100241,0.000270292,0.000586973,0.000754131,6.01106e-05,4.66298e-05,5.64107e-05,5.03484e-05,5.02375e-05,6.08249e-05,4.85653e-05,4.69364e-05,0.000338896,0,0.000282443,0.000368372,2.35904e-08,0.000312363,0.504988,-0.000777782,-0.000310874,0.000301322,0.000757212,1790288700,0.000347802,0,0.000239139,1,0.000382183,7.41951e-06,0.000301931,1,0.000354631,0,0.000307414,1,0.000348993,0,0.000290355,1,
1790288880,-0.000238724,4.1025e-05,0.000119341,-0.000249916,0.000460027,0.511809,7.34495e-05,7.30457e-05,0.0629843,-0.000755503,-0.000545637,-0.000269698,-8.9396e-05,1.1724e-05,9.04582e-05,0.000248323,0.000544849,0.000691769,8.35118e-05,7.17995e-05,7.78222e-05,7.20019e-05,7.13993e-05,8.05046e-05,7.19507e-05,7.16891e-05,0.000313939,0,0.000265087,0.000337998,0,0.000289447,0.503227,-0.000721428,-0.000287738,0.000274625,0.000688396,1790288700,0.000351215,0,0.000306921,1,0.000307228,5.36528e-06,0.000251406,1,0.000350297,9.72748e-06,0.000309595,1,0.000353909,0,0.000297947,1,
1790288940,-0.000227587,0,8.20678e-05,-0.000335802,0.000456653,0.504433,6.97678e-05,6.89002e-05,0.0531176,-0.000735473,-0.000527192,-0.000257048,-9.01558e-05,4.76106e-06,7.81845e-05,0.000236531,0.000528369,0.000668715,8.16309e-05,6.9592e-05,7.47263e-05,6.81733e-05,6.8367e-05,7.6582e-05,6.78178e-05,6.7822e-05,0.000299501,0,0.000255565,-0.00032441,0.000295047,0,0.498805,-0.000705062,-0.000276728,0.000262974,0.000675223,1790288700,0.000325111,0,0.000272234,1,0.000351913,0,0.000301399,1,0.000311009,0,0.000261697,1,0.000353176,0,0.000306448,1,
1790289000,8.95486e-05,-1.8657e-05,0.000115665,-0.000164193,0.000453208,0.505086,4.8569e-05,4.64853e-05,0.0473673,-0.000728067,-0.00052972,-0.000257346,-8.43437e-05,4.75623e-06,8.23333e-05,0.000244487,0.000539119,0.000666805,6.27655e-05,4.83934e-05,5.40612e-05,5.08209e-05,5.43512e-05,5.49158e-05,4.36111e-05,4.51577e-05,0.000303107,0,0.000259091,0.000322222,9.75617e-06,0.000291179,0.502336,-0.000686832,-0.000274277,0.000261878,0.000643785,1790289000,0.00033606,0,0.000249781,1,0.00031869,0,0.000277443,1,0.000332966,0,0.000294291,1,0.000306046,0,0.000275166,1,
1790289060,0.000600514,2.61168e-05,0.000917411,2.61168e-05,0.000448832,0.504772,0.000182021,0.00018424,0.0465618,-0.000657279,-0.000483203,-0.000225631,-7.74968e-05,4.20711e-06,7.4243e-05,0.000209967,0.000487427,0.000611576,0.000173604,0.000179479,0.000174362,0.000187285,0.000184701,0.000170886,0.000190452,0.000183974,0.000264215,0,0.000225333,-0.000264068,0.000238361,0,0.499018,-0.000557783,-0.000222895,0.0002038,0.000519263,1790289000,0.000339613,0,0.000268555,1,0.000307266,0,0.000277873,1,0.0003082,0,0.000277639,1,0.000322894,0,0.000305047,1,
1790289120,-0.000283428,0,0,-0.000596783,0.000452364,0.503043,8.02571e-05,8.1579e-05,0.0484887,-0.000746911,-0.000543447,-0.000257498,-8.97727e-05,3.24735e-06,8.31766e-05,0.000236526,0.000531149,0.000675961,9.10268e-05,8.01409e-05,8.29474e-05,8.17086e-05,7.86115e-05,8.41987e-05,8.0986e-05,8.01222e-05,0.000299868,0,0.00030986,-0.000343367,0.000340989,1.79596e-05,0.498515,-0.000745174,-0.000298775,0.000273862,0.000702311,1790289000,0.000256846,0,0.000222524,1,0.000275647,0,0.000290499,1,0.000289462,0,0.000251402,1,0.000297285,0,0.000266846,1,
1790289180,0.000637599,0,0.000723327,0,0.000449608,0.503154,0.000193275,0.000194979,0.0416022,-0.000709483,-0.000520031,-0.000252363,-8.65379e-05,3.13026e-06,8.29621e-05,0.000232658,0.000521042,0.000656065,0.000183846,0.000193571,0.000187399,0.000190582,0.000196797,0.000184845,0.000196153,0.00020091,0.000294203,0,0.000260354,0.000329102,0,0.000304398,0.501151,-0.000704693,-0.000279902,0.000266204,0.000670887,1790289000,0.0003431,0,0.000280609,1,0.00025584,0,0.000208389,0,0.000291121,0,0.000261583,1,0.000279234,0,0.000257365,1,
1790289240,-0.000145382,7.4549e-06,7.4549e-06,-0.000152838,0.000454131,0.514943,5.77703e-05,5.73363e-05,0.0487284,-0.000732273,-0.000534276,-0.000255983,-8.0447e-05,1.38138e-05,9.30486e-05,0.000246609,0.000529227,0.000669691,6.79025e-05,5.57271e-05,6.0796e-05,5.70625e-05,5.66807e-05,6.1855e-05,5.66184e-05,5.66819e-05,0.00030287,0,0.000262969,0.000347193,0,0.000316479,0.503783,-0.000745042,-0.000297185,0.000279926,0.000714834,1790289000,0.000311748,0,0.000254814,1,0.000312736,2.10279e-05,0.000262857,1,0.0002503,8.37293e-06,0.000207126,1,0.000282082,4.0434e-06,0.000251362,1,
1790289300,-0.000268452,-3.72801e-06,0.000309377,-0.000369141,0.000450036,0.509415,7.6734e-05,7.75941e-05,0.0421095,-0.000658142,-0.000479229,-0.00022471,-7.64464e-05,7.97028e-06,6.91889e-05,0.000206862,0.000475619,0.000596961,8.8396e-05,7.5941e-05,7.9959e-05,7.53028e-05,7.63179e-05,8.09148e-05,7.55914e-05,7.91508e-05,0.000262037,0,0.000184333,-0.000267941,0.000210055,0,0.493758,-0.00057148,-0.000227872,0.000203126,0.00055161,1790289300,0.000323587,0,0.000282384,1,0.000293036,0,0.000272319,1,0.000305398,1.28207e-05,0.000278713,1,0.000260562,0,0.000219487,1,
1790289360,0.000223715,3.729e-06,0.000533106,-0.000104418,0.000447128,0.508737,6.86662e-05,6.76974e-05,0.0376716,-0.000708076,-0.000513132,-0.000250011,-8.50502e-05,8.05626e-06,8.70704e-05,0.000241823,0.000530609,0.000664353,8.17597e-05,6.99321e-05,7.36759e-05,7.56061e-05,7.38008e-05,7.28124e-05,6.30211e-05,6.25911e-05,0.000296441,1.20849e-05,0.000267128,0.0003475,1.51792e-05,0.000314878,0.508907,-0.000735109,-0.000287251,0.000288093,0.000710601,1790289300,0.000257432,0,0.000176216,1,0.000304709,4.46982e-06,0.000252954,1,0.000291343,0,0.000257714,1,0.000315645,0,0.000269109,1,
1790289420,-0.000111851,-1.11846e-05,3.7281e-05,-0.000268464,0.000443763,0.505999,5.01376e-05,4.92156e-05,0.0374639,-0.000699863,-0.000508713,-0.000250917,-8.71382e-05,5.77747e-06,8.30479e-05,0.000230516,0.000522619,0.000657065,6.43328e-05,4.903e-05,5.212e-05,5.38114e-05,5.04792e-05,5.36486e-05,4.90212e-05,4.67306e-05,0.000292306,3.93127e-06,0.000289354,0.000334801,8.18384e-07,0.000339916,0.504253,-0.000714583,-0.000283364,0.000272615,0.000685448,1790289300,0.000319153,0,0.000274742,1,0.000249813,0,0.000220168,1,0.000291599,1.44244e-06,0.000281949,1,0.000296027,0,0.000272311,1,
1790289480,-0.000492295,-3.7286e-06,-3.7286e-06,-0.000537061,0.000439588,0.505407,0.000140823,0.000142366,0.0358963,-0.000637149,-0.000466724,-0.000225557,-8.06673e-05,4.95852e-06,7.49403e-05,0.00021282,0.000485234,0.000596864,0.000142714,0.000138025,0.000137904,0.000137552,0.000134173,0.00013881,0.000150208,0.000149467,0.000265362,0,0.0002292,0.000291703,0,0.000264648,0.501359,-0.000619822,-0.000246474,0.000233824,0.000598585,1790289300,0.000309617,0,0.0002781,1,0.000292831,0,0.000284161,1,0.000240322,0,0.000193757,1,0.000293805,0,0.000264143,1,
1790289540,-0.000208926,-4.10355e-05,-4.10355e-05,-0.000223851,0.000440704,0.506151,6.50157e-05,6.33704e-05,0.0345329,-0.000651157,-0.000474947,-0.000227688,-8.20816e-05,5.60692e-06,7.84914e-05,0.000219472,0.000494982,0.000613061,7.8464e-05,6.48923e-05,6.80229e-05,6.39548e-05,6.41597e-05,6.98817e-05,6.50431e-05,6.46681e-05,0.000269817,0,0.000232488,0.000289822,0,0.000260671,0.505222,-0.000623216,-0.000238527,0.000240329,0.000602979,1790289300,0.000264402,0,0.000232758,1,0.000283608,1.16656e-05,0.000261089,1,0.000288623,0,0.000287494,1,0.000238616,0,0.000216695,1,
1790289600,-0.000276147,0,0,-0.000335865,0.000437274,0.497304,7.91399e-05,7.83965e-05,0.0342035,-0.000617362,-0.000450774,-0.000217529,-8.25155e-05,-1.13204e-06,6.64409e-05,0.000198971,0.000472006,0.000579151,8.95837e-05,7.79163e-05,7.83908e-05,7.72485e-05,7.48375e-05,8.07077e-05,8.15682e-05,8.047e-05,-0.000253666,0.000210995,0,-0.000247112,0.000206195,0,0.496635,-0.000524758,-0.000204575,0.000190907,0.000503092,1790289600,0.000280513,0,0.000226553,1,0.000256889,0,0.000243954,1,0.000278623,1.51146e-05,0.000267603,1,0.000284467,3.96776e-06,0.000267551,1,
1790289660,0.000138083,0.000149278,0.000194057,-2.98583e-05,0.000434637,0.492447,5.15884e-05,5.16125e-05,0.0349974,-0.000622417,-0.000455914,-0.000217451,-8.49757e-05,-4.79316e-06,6.40144e-05,0.000201943,0.000483324,0.000590339,6.77624e-05,5.44192e-05,5.69575e-05,5.10751e-05,5.99359e-05,5.75704e-05,4.51184e-05,4.96224e-05,-0.000254984,0.000226343,0,-0.000275569,0.000253856,0,0.496325,-0.000601018,-0.000234712,0.000219918,0.000567149,1790289600,0.000232649,0,0.000190604,1,0.000256753,0,0.000249714,1,0.000251178,0,0.000226349,1,0.000283946,8.8956e-06,0.000254904,1,
1790289720,0.000261186,0,0.000261186,-8.21012e-05,0.000430712,0.495623,7.48882e-05,7.79415e-05,0.0349112,-0.000581214,-0.000431869,-0.000207351,-8.00547e-05,-2.36423e-06,6.38387e-05,0.00019027,0.000446237,0.000552005,8.80848e-05,7.63853e-05,7.71586e-05,7.60456e-05,8.07491e-05,7.78449e-05,7.12122e-05,7.4536e-05,-0.000242013,0.000216664,0,-0.000272992,0.000238936,0,0.497327,-0.000581863,-0.000235301,0.000214565,0.000551911,1790289600,0.000268366,0,0.000216175,1,0.000235951,0,0.00020502,1,0.000255424,0,0.000239219,1,0.000260013,0,0.000240729,1,
1790289780,0.000331981,-2.61156e-05,0.000387922,-8.20798e-05,0.00042798,0.499994,9.51723e-05,9.75309e-05,0.0351919,-0.000587667,-0.00042952,-0.000207838,-7.77014e-05,9.67494e-07,6.35947e-05,0.000186853,0.000440837,0.000542933,9.98306e-05,9.59708e-05,9.6716e-05,9.5688e-05,9.93427e-05,9.42157e-05,9.3432e-05,9.49468e-05,-0.000240874,0.000198859,0,-0.000276851,0.000244768,0,0.498297,-0.00060253,-0.000241116,0.000215348,0.000552082,1790289600,-0.000234695,0.000210112,1.87521e-06,1,0.000250826,0,0.00023123,1,0.000224739,0,0.000190655,1,0.000257751,7.00485e-07,0.000240165,1,
1790289840,-0.000126811,-8.20525e-05,-3.35661e-05,-0.000290944,0.000426272,0.506883,4.80646e-05,4.67811e-05,0.0361303,-0.000596658,-0.000434091,-0.000207171,-7.61513e-05,5.90751e-06,6.94151e-05,0.000197789,0.000439547,0.000546941,6.51961e-05,4.98301e-05,5.19441e-05,4.60027e-05,5.06632e-05,5.55303e-05,4.45401e-05,4.62812e-05,0.000244649,0,0.000201768,0.000280316,0,0.000264044,0.501859,-0.000610016,-0.000241776,0.000222282,0.00056697,1790289600,0.000246367,0,0.000211415,1,0.000254768,0,0.000214336,1,0.000242367,5.02113e-06,0.00020776,1,0.000226507,0,0.00019955,1,
1790289900,5.22183e-05,6.34076e-05,0.000149188,-4.84909e-05,0.000422369,0.509949,3.982e-05,3.78349e-05,0.0361382,-0.000614925,-0.00044749,-0.000214456,-7.61206e-05,8.24488e-06,7.90219e-05,0.000213842,0.000457975,0.000562067,6.07332e-05,4.21859e-05,4.43942e-05,4.07599e-05,4.70913e-05,4.91761e-05,3.43254e-05,3.56289e-05,0.00025708,1.12756e-05,0.000204788,0.000288448,4.25063e-06,0.00025419,0.504371,-0.000610733,-0.000246496,0.000231913,0.000571207,1790289900,0.000262945,0,0.000216592,1,0.000234035,1.00413e-05,0.000205384,1,0.00024658,1.51889e-07,0.000210088,1,0.000244232,3.63203e-07,0.000221172,1,
1790289960,0.000447474,-7.4596e-06,0.000447474,-4.47584e-05,0.000418189,0.511603,0.00012784,0.00013007,0.0365148,-0.000557375,-0.000406958,-0.00018943,-6.83864e-05,8.75647e-06,6.88178e-05,0.000188919,0.000419245,0.000517546,0.000131469,0.000127865,0.000128455,0.000134507,0.000130269,0.000126244,0.000134912,0.00012797,0.000227105,0,0.000168256,0.000247895,0,0.000211207,0.502721,-0.000523495,-0.000207774,0.000196287,0.000499497,1790289900,0.000272146,0,0.000231317,1,0.000244659,1.37227e-05,0.000212526,1,0.000241773,2.67267e-06,0.000215335,1,0.000254839,0,0.00022123,1,
1790290020,0.000588869,3.72805e-05,0.000771422,3.72805e-05,0.000418795,0.509124,0.000180705,0.000184284,0.0384181,-0.000615561,-0.000448665,-0.000206537,-7.60674e-05,7.58839e-06,7.29387e-05,0.000201838,0.000456705,0.000567463,0.000170717,0.000179744,0.000176138,0.000193466,0.000177084,0.000168504,0.000190815,0.000180659,0.000245935,0,0.00022302,0.00028721,0,0.000275823,0.500913,-0.000630097,-0.000249053,0.000229107,0.000590714,1790289900,0.000227602,0,0.000205939,0,0.000250561,0,0.000247149,0,0.000249864,1.93454e-06,0.000230055,1,0.00025415,0,0.000224541,0,
1790290080,-1.86298e-05,-1.49038e-05,5.21615e-05,-0.000257122,0.000422867,0.507863,4.17146e-05,4.01452e-05,0.0461235,-0.000683309,-0.000495458,-0.000233635,-8.51406e-05,7.26194e-06,8.30376e-05,0.0002289,0.000503022,0.000628857,5.90523e-05,4.03439e-05,4.54967e-05,4.14359e-05,4.43967e-05,4.88743e-05,3.91148e-05,3.92333e-05,0.000278366,7.19931e-06,0.000280485,0.000324963,1.01698e-06,0.000332395,0.500493,-0.000707977,-0.000282144,0.000259431,0.000670806,1790289900,0.000282871,0,0.000229691,1,0.000255173,0,0.000201842,0,0.000256461,0,0.00023067,0,0.000258153,0,0.000232836,1,
1790290140,0.00024216,0,0.000253335,-0.000163957,0.000418625,0.51081,6.87456e-05,6.9741e-05,0.0428089,-0.00062083,-0.000452175,-0.000208814,-7.48268e-05,8.86624e-06,8.00829e-05,0.000212975,0.000471776,0.000578242,8.48637e-05,7.0763e-05,7.34504e-05,7.08725e-05,7.2764e-05,7.51127e-05,6.65667e-05,6.64992e-05,0.000253806,0,0.000217164,0.000295993,0,0.000264989,0.503995,-0.000635095,-0.000253344,0.000239831,0.000609732,1790289900,0.000320431,0,0.000256261,1,0.000269302,0,0.00021758,1,0.000229633,0,0.000202673,0,0.00024608,0,0.000233325,0,
1790290200,-0.000115484,-6.70538e-05,2.60753e-05,-0.000204901,0.00041583,0.515897,4.84992e-05,4.80233e-05,0.0456563,-0.000632433,-0.00044863,-0.000212129,-7.35513e-05,1.35879e-05,8.4841e-05,0.000222752,0.000474968,0.000593641,6.43207e-05,4.70915e-05,5.01839e-05,4.46165e-05,5.09028e-05,5.37937e-05,4.85968e-05,4.8444e-05,0.000262607,4.98925e-06,0.00022244,0.000296755,0,0.000263497,0.508561,-0.000640828,-0.000250573,0.000244446,0.000622485,1790290200,0.000270981,0,0.000242483,1,0.000307849,0,0.00024864,1,0.000245145,1.34953e-05,0.000224537,1,0.000230538,2.97311e-06,0.000207958,0,
1790290260,7.45101e-06,-3.72553e-06,5.21559e-05,-0.000175115,0.000411975,0.508744,3.59596e-05,3.36938e-05,0.0415771,-0.000584021,-0.000425309,-0.000198218,-7.17792e-05,6.84172e-06,7.45293e-05,0.000204949,0.000441484,0.000554871,5.80991e-05,3.84345e-05,4.18523e-05,3.28338e-05,4.30336e-05,4.67943e-05,3.13597e-05,3.31811e-05,0.000242992,0,0.000208435,0.000272292,0,0.00024309,0.503969,-0.000587024,-0.000230696,0.0002209,0.000562852,1790290200,0.000284734,0,0.000256144,1,0.000294886,0,0.000242059,1,0.000282432,3.98416e-06,0.000264042,1,0.00024747,0,0.000232502,1,
1790290320,-0.000130401,0,0.000160183,-0.000130401,0.000407836,0.51628,4.90279e-05,4.82258e-05,0.0402434,-0.000576416,-0.000424601,-0.000195551,-6.82446e-05,1.29537e-05,7.53697e-05,0.00020289,0.000443287,0.000550673,6.51947e-05,4.87586e-05,5.09666e-05,4.47999e-05,5.27297e-05,5.58499e-05,4.81414e-05,4.8772e-05,0.000240318,0,0.000203774,0.000268692,0,0.000237927,0.505641,-0.000573735,-0.000226622,0.000220105,0.00056041,1790290200,0.000259086,0,0.000220241,1,0.000291665,0,0.000237722,1,0.000272962,0,0.000240533,1,0.000281903,0,0.000265542,1,
1790290380,-2.23561e-05,-3.72598e-06,0.000335282,-2.60822e-05,0.000404158,0.507113,3.45777e-05,3.25614e-05,0.0366914,-0.000552947,-0.000397383,-0.000188141,-6.94181e-05,5.65094e-06,6.10267e-05,0.000182356,0.000412652,0.000511921,5.90148e-05,3.79262e-05,4.04568e-05,3.15792e-05,4.29947e-05,4.73182e-05,2.81573e-05,3.17538e-05,0.000223408,0,0.000198477,0.000224195,0,0.000212096,0.500173,-0.000476919,-0.000185757,0.000175341,0.000445412,1790290200,-0.000250266,0.000214307,0,1,-0.000267074,0.000222474,0,1,0.000262433,0,0.000248493,1,0.000265065,0,0.00025977,1,
1790290440,8.56957e-05,0,8.94214e-05,-7.45215e-06,0.000400108,0.508799,3.96623e-05,3.85465e-05,0.035812,-0.00056847,-0.000409261,-0.000191066,-6.60689e-05,6.42238e-06,6.49931e-05,0.000190454,0.000426658,0.000535174,6.2313e-05,4.20762e-05,4.3787e-05,3.9202e-05,4.64189e-05,5.07469e-05,3.69458e-05,3.56106e-05,0.000229025,0,0.000222453,0.000241361,0,0.00024793,0.504493,-0.000518593,-0.000202208,0.000196406,0.000489933,1790290200,0.000229687,0,0.000179395,1,0.000275333,0,0.000225271,1,0.000247102,0,0.0002254,1,0.000255053,0,0.00025419,1,
1790290500,-0.00021239,-3.72575e-06,-3.72575e-06,-0.000253382,0.000396272,0.509994,6.13674e-05,6.27191e-05,0.0363206,-0.000529081,-0.000379673,-0.000173011,-5.88013e-05,6.53216e-06,5.9406e-05,0.000171127,0.000396746,0.000492601,7.86064e-05,6.13604e-05,6.29928e-05,5.96875e-05,6.58212e-05,6.93539e-05,6.17241e-05,6.31083e-05,0.000206854,0,0.000167577,0.000176553,0,0.000147874,0.501225,-0.000346927,-0.000134487,0.000119369,0.00031767,1790290500,0.000249987,0,0.000202032,1,0.000235788,0,0.000201493,1,0.000247179,0,0.000219814,1,0.00024559,0,0.000238042,1,
1790290560,3.35382e-05,2.98118e-05,9.68851e-05,-2.60861e-05,0.000393438,0.506239,3.38977e-05,3.14496e-05,0.0358594,-0.000534776,-0.000384476,-0.000177819,-6.25597e-05,4.46323e-06,5.91361e-05,0.000175877,0.000406544,0.000511311,5.93249e-05,3.7285e-05,3.95407e-05,2.87885e-05,4.29653e-05,4.78928e-05,2.9791e-05,3.09899e-05,0.000212607,0,0.000183008,0.000207028,0,0.000185997,0.500143,-0.00043874,-0.000167926,0.000162069,0.000427531,1790290500,0.000177389,0,0.000129282,1,0.000253046,0,0.000207621,1,0.000224729,0,0.000201503,1,0.000242785,9.21889e-07,0.000234215,1,
1790290620,1.49055e-05,-2.60852e-05,0.00012669,-3.72648e-05,0.000389512,0.511488,3.17849e-05,2.90497e-05,0.037035,-0.000509959,-0.000368549,-0.000172832,-6.02415e-05,7.64626e-06,5.68938e-05,0.000168987,0.000389546,0.000484023,5.80968e-05,3.57171e-05,3.78051e-05,2.6353e-05,4.14099e-05,4.67883e-05,2.6772e-05,2.91528e-05,0.000205839,0,0.000172702,0.000197719,0,0.000174643,0.503125,-0.000404499,-0.000159173,0.000151065,0.000391185,1790290500,0.000225901,0,0.00016737,1,0.000171079,0,0.000133735,1,0.000244206,3.19485e-06,0.000219618,1,0.000238878,0,0.000204608,1,
1790290680,-0.000115524,-3.72636e-06,4.0989e-05,-0.000115524,0.000385603,0.515371,4.2348e-05,4.1174e-05,0.0392089,-0.000501806,-0.000359451,-0.000164047,-5.48646e-05,9.68515e-06,5.32935e-05,0.000161574,0.000378548,0.000474883,6.41027e-05,4.41562e-05,4.57529e-05,3.77048e-05,4.88425e-05,5.31838e-05,3.78735e-05,4.23038e-05,0.000195863,0,0.000164085,0.000196304,0,0.000185976,0.50196,-0.000410401,-0.000160253,0.000148954,0.000382711,1790290500,-0.000193811,0.000167492,0,1,0.000218058,0,0.000186499,1,0.00018346,6.2615e-06,0.000143856,1,0.000247674,1.51003e-05,0.000211262,1,
1790290740,0.000547687,-9.6901e-05,0.000633352,-0.000249726,0.000382077,0.509027,0.000180954,0.000185853,0.041867,-0.000485146,-0.000346969,-0.00015573,-5.59905e-05,5.89053e-06,4.67466e-05,0.000153872,0.000368272,0.000457219,0.000159033,0.000169841,0.000167291,0.000205046,0.000161998,0.000154048,0.000198632,0.000181096,0.000186168,0,0.00013493,-0.000187761,0.000159643,0,0.499288,-0.000393357,-0.000150822,0.000141857,0.000378906,1790290500,0.000205738,0,0.000157143,1,-0.000208961,0.000184332,0,1,0.000217133,0,0.000176955,1,0.000189902,0,0.000160686,1,
1790290800,0.000148979,7.44946e-06,0.000148979,-5.58727e-05,0.000386086,0.505101,5.7875e-05,5.65108e-05,0.0357584,-0.000696579,-0.000520067,-0.000260016,-9.35337e-05,5.39379e-06,7.76137e-05,0.000238597,0.000522973,0.000663897,6.90554e-05,5.12451e-05,5.49329e-05,6.20814e-05,5.36651e-05,5.95143e-05,6.32994e-05,5.44134e-05,0.000302528,4.44419e-05,0.000346376,0.0003365,5.99153e-05,0.000419158,0.502839,-0.000695227,-0.000287141,0.000264023,0.000670269,1790290800,0.000208632,0,0.000149391,0,0.000199776,0,0.000167555,1,0.000213057,0,0.000175753,1,0.000222013,0,0.000194903,1,
1790290860,-4.46912e-05,0,0.000182469,-0.000186227,0.000382786,0.509141,3.62669e-05,3.40978e-05,0.0338001,-0.000554969,-0.000402309,-0.000184395,-6.78116e-05,6.83341e-06,6.12433e-05,0.0001847,0.000424183,0.00053649,6.0309e-05,3.65228e-05,4.11199e-05,3.12827e-05,4.28005e-05,4.89835e-05,3.23181e-05,3.50651e-05,0.000221507,0,0.000189721,0.000231177,0,0.000211444,0.504033,-0.000504195,-0.000195903,0.000185596,0.00048899,1790290800,0.000391923,0,0.000332826,1,0.000209966,0,0.000169998,1,0.000212816,0,0.000176161,1,0.000220676,0,0.000183931,1,
1790290920,5.58637e-05,-1.48975e-05,0.000350028,-1.48975e-05,0.000378992,0.514138,3.80593e-05,3.49768e-05,0.0316998,-0.000565071,-0.000407117,-0.000189073,-6.6021e-05,1.06214e-05,7.00987e-05,0.000198835,0.000443353,0.000548893,6.0256e-05,3.66694e-05,4.0957e-05,3.59352e-05,4.16175e-05,4.9331e-05,3.5683e-05,3.60667e-05,0.000234254,0,0.000209846,0.000257736,0,0.000240892,0.509213,-0.00055491,-0.000214422,0.000216457,0.000548096,1790290800,0.000238839,0,0.000183735,1,0.000366602,0,0.00029812,1,0.000211815,0,0.000168037,1,0.000221717,0,0.000182261,1,
1790290980,0.00043563,0,0.000621739,-3.72415e-06,0.000375266,0.512798,0.000124137,0.000124746,0.0301997,-0.000560328,-0.000401553,-0.000187198,-6.51706e-05,9.34436e-06,6.1666e-05,0.000187356,0.000430747,0.000536571,0.000127532,0.000127152,0.000124809,0.000127983,0.000118918,0.000122949,0.000129695,0.00012365,0.000224757,0,0.000218064,0.000251305,0,0.000245108,0.506172,-0.000544728,-0.000211586,0.000207711,0.000523298,1790290800,0.00026752,0,0.000228138,1,0.000225869,0,0.000193273,1,0.000348302,0,0.000325716,1,0.000216,0,0.000180105,0,
1790291040,0.000182387,-1.48902e-05,0.000238213,-0.000107959,0.000376568,0.514957,5.88644e-05,5.68518e-05,0.0319656,-0.000620342,-0.000451894,-0.000203344,-6.92877e-05,1.19211e-05,7.18447e-05,0.000218376,0.000482465,0.000591101,7.44311e-05,5.58509e-05,6.00953e-05,5.86777e-05,5.55122e-05,6.48422e-05,5.96267e-05,5.71022e-05,0.000255361,2.46528e-06,0.000260845,0.000280386,0,0.000287856,0.50162,-0.000606961,-0.000239624,0.000227133,0.000587227,1790290800,0.000263747,0,0.000216006,1,-0.000264541,0.000235239,0,1,-0.000236964,0.000215589,0,1,-0.000292561,0.000266708,2.69582e-06,1,
1790291100,0.000439081,5.95477e-05,0.000442801,5.95477e-05,0.000373675,0.515736,0.000125773,0.000125294,0.0305479,-0.000587326,-0.00043296,-0.000190848,-6.36454e-05,1.16067e-05,6.19623e-05,0.00019257,0.000439743,0.00055089,0.000128583,0.00012845,0.000125756,0.000131545,0.000116502,0.000123962,0.000129799,0.000126397,0.00023036,0,0.000217294,0.000244009,0,0.000233468,0.501807,-0.000533447,-0.000209877,0.000197396,0.000514668,1790291100,0.00029732,0,0.000245031,1,-0.000248386,0.000221391,0,0,-0.000268808,0.000234607,0,0,-0.000241112,0.000207726,0,0,
1790291160,-1.4881e-05,7.44039e-06,4.46415e-05,-0.000148819,0.000375094,0.518168,3.65115e-05,3.44693e-05,0.0339258,-0.000590967,-0.000431768,-0.000199852,-6.502e-05,1.41025e-05,6.30284e-05,0.000194293,0.000448885,0.000567255,5.87008e-05,3.40848e-05,4.08465e-05,2.97171e-05,4.05101e-05,4.76369e-05,3.24312e-05,3.84895e-05,0.000237513,0,0.000190979,0.000245852,0,0.000222603,0.50791,-0.000537189,-0.000207851,0.000202124,0.000530702,1790291100,0.000259349,0,0.000200476,1,0.000268862,0,0.00023678,1,0.000257668,0,0.000240947,0,0.000266282,0,0.000242032,1,
1790291220,0,5.58024e-05,0.000104162,-0.000323716,0.000371331,0.51849,3.42092e-05,3.18904e-05,0.0304273,-0.000551923,-0.000406982,-0.000181679,-5.75426e-05,1.27159e-05,6.33602e-05,0.00019229,0.000431813,0.000546535,5.77239e-05,3.27439e-05,3.90174e-05,2.78815e-05,3.90385e-05,4.63939e-05,3.13473e-05,3.47724e-05,0.000226114,0,0.00018018,0.000238519,0,0.000211766,0.507053,-0.000513254,-0.000199505,0.000197859,0.000518952,1790291100,0.000263518,0,0.000213985,1,0.000243443,0,0.00020469,1,0.000266096,0,0.000249681,1,0.000264946,0,0.000228928,1,
1790291280,-0.000238125,0,0.000167398,-0.00030883,0.000367598,0.518402,6.96749e-05,7.26198e-05,0.02759,-0.000556916,-0.000420473,-0.000183651,-5.67771e-05,1.24726e-05,7.23374e-05,0.000203365,0.000452345,0.000578576,8.39207e-05,6.75502e-05,6.7695e-05,6.71389e-05,7.8189e-05,7.38092e-05,6.88225e-05,7.31581e-05,0.000235612,0,0.000199193,0.000265757,0,0.000249678,0.512612,-0.000563899,-0.000217176,0.000226028,0.000578272,1790291100,-0.000252137,0.000205455,0,1,0.000251051,0,0.000208851,1,0.000250833,0,0.00021472,1,-0.000277355,0.000240732,0,1,
1790291340,5.20948e-05,7.44228e-06,5.58157e-05,-0.000119084,0.000365459,0.51495,3.71761e-05,3.37611e-05,0.0272321,-0.000557454,-0.00040709,-0.000180242,-5.58438e-05,9.55946e-06,6.6423e-05,0.00019528,0.000439111,0.000546043,5.98425e-05,3.49036e-05,4.09502e-05,3.45873e-05,3.75042e-05,4.90868e-05,3.65823e-05,3.46067e-05,0.000227799,0,0.000220827,0.000247517,0,0.000246875,0.51073,-0.000536439,-0.000202112,0.000211542,0.000538436,1790291100,-0.000283038,0.000229483,0,1,-0.000257201,0.000214379,0,1,-0.00025563,0.000223614,0,1,-0.000255564,0.00022173,0,1,
1790291400,9.30196e-05,0,0.00033855,-3.72096e-06,0.000361861,0.519206,3.93533e-05,3.71298e-05,0.0251068,-0.000504391,-0.000370808,-0.000166478,-4.98516e-05,1.15061e-05,5.76963e-05,0.000177672,0.000410207,0.000514215,6.18861e-05,3.95543e-05,4.40037e-05,3.63659e-05,3.86316e-05,5.12241e-05,3.87285e-05,3.68712e-05,0.000208237,0,0.000176478,0.000216965,0,0.000192937,0.508066,-0.000462938,-0.000178572,0.000180217,0.000471686,1790291400,-0.000285178,0.000234645,0,1,-0.000281944,0.000244043,0,1,-0.00025526,0.000217,0,1,-0.000264773,0.000218379,0,1,
1790291460,-2.23239e-05,4.83668e-05,7.81298e-05,-9.30196e-05,0.000358465,0.518105,3.43505e-05,3.17815e-05,0.0232334,-0.000530364,-0.000388838,-0.000175284,-5.25547e-05,1.13012e-05,6.22475e-05,0.000184135,0.000419515,0.000521832,5.87874e-05,3.22995e-05,3.79468e-05,3.15878e-05,3.79647e-05,4.72359e-05,3.19456e-05,3.2633e-05,0.000217103,0,0.000218093,0.00020887,0,0.000223086,0.506251,-0.000453845,-0.000173366,0.000172558,0.000447309,1790291400,-0.000224805,0.000173365,0,1,-0.000257059,0.000230142,0,1,-0.000269253,0.00024034,0,1,-0.000253929,0.00021985,0,1,
1790291520,-0.00121741,0,0.000241816,-0.00132545,0.000354877,0.516522,0.000514006,0.000519381,0.0219429,-0.00048915,-0.000353711,-0.000162493,-4.97597e-05,9.56729e-06,5.34019e-05,0.000166495,0.000389762,0.000482065,0.000421101,0.00051203,0.000493189,0.000520463,0.000525085,0.000468888,0.000524158,0.000525237,0.000198009,0,0.000171528,0.000183009,0,0.000162325,0.503274,-0.00038498,-0.000147452,0.000145692,0.000392132,1790291400,-0.000243808,0.000212006,0,0,-0.000233384,0.000197248,0,0,-0.00025954,0.000235522,0,0,-0.000269743,0.000248219,0,0,
1790291580,0.000379901,0,0.000379901,-0.000108037,0.000391229,0.52023,0.000105803,0.000106547,0.261471,-0.00082653,-0.000576676,-0.000266302,-8.33538e-05,2.07425e-05,0.000105009,0.000288783,0.000607329,0.000789732,0.000112043,0.000108689,0.000110666,0.000110159,0.000114828,0.000110213,0.000101327,0.000100573,0.000336507,8.89821e-05,0.000416747,0.000372284,6.70489e-05,0.000405257,0.521645,-0.000775915,-0.000286353,0.000316222,0.00075669,1790291400,-0.000204706,0.000166898,0,0,-0.000227122,0.000221185,0,0,-0.000228022,0.000208451,0,1,-0.0002636,0.000243104,0,1,
1790291640,-0.000115445,-4.09628e-05,-1.48954e-05,-0.000230903,0.000391006,0.515422,5.10531e-05,5.08532e-05,0.199913,-0.000693671,-0.000508588,-0.000237616,-7.57771e-05,1.35318e-05,7.90813e-05,0.000237413,0.000533339,0.000678925,6.41989e-05,4.59123e-05,5.75695e-05,4.69915e-05,5.21985e-05,6.44165e-05,5.23676e-05,4.86348e-05,0.000285053,1.78186e-06,0.000313093,0.000309806,0,0.000301991,0.509259,-0.000661966,-0.000256285,0.00025964,0.000666105,1790291400,0.000405676,0,0.000315653,1,-0.000214806,0.000177512,0,0,0.000238368,0,0.000201824,0,0.000235342,0,0.000208775,1,
1790291700,-7.44876e-05,3.72424e-06,1.8621e-05,-0.00023093,0.00038742,0.507342,4.66004e-05,4.35957e-05,0.139781,-0.000693031,-0.000513102,-0.000243566,-8.13156e-05,6.54934e-06,7.12278e-05,0.000234363,0.000522878,0.000661874,6.17669e-05,4.00003e-05,5.32557e-05,4.38169e-05,4.76584e-05,5.77241e-05,4.80564e-05,4.3626e-05,0.000288304,0,0.000325211,-0.000305894,0.000250753,1.087e-05,0.497868,-0.000657782,-0.000263449,0.000245107,0.000631984,1790291700,-0.000305072,0.000246395,1.86212e-05,1,-0.000305622,0.000328169,5.16908e-05,1,-0.000215445,0.00019225,0,0,-0.000247596,0.000236241,0,0,
1790291760,0.000454288,4.09689e-05,0.000521297,1.86224e-05,0.000383671,0.504906,0.00012949,0.00013015,0.101596,-0.000631109,-0.000461752,-0.000211781,-6.76042e-05,3.71823e-06,6.57141e-05,0.000213457,0.00048707,0.000611778,0.00013239,0.000131168,0.000130791,0.000132186,0.000129553,0.00012901,0.000130408,0.000128536,0.000255401,0,0.000255445,0.000284125,0,0.000243335,0.503535,-0.000612007,-0.000240549,0.000233771,0.000607322,1790291700,-0.00032402,0.000266966,0,1,-0.00029964,0.000269841,0,1,-0.000339822,0.00031649,1.80088e-06,1,-0.00022653,0.000198941,0,1,
1790291820,0.000279173,1.8614e-05,0.000308947,-9.3075e-05,0.00038521,0.505094,8.22701e-05,8.23257e-05,0.0918481,-0.00067072,-0.000489013,-0.000230109,-7.86144e-05,4.60996e-06,6.89747e-05,0.000220996,0.000494997,0.000630507,9.02438e-05,8.05789e-05,8.28433e-05,8.11197e-05,7.9062e-05,8.39863e-05,8.55017e-05,8.2471e-05,0.000272237,0,0.000301563,0.000307991,0,0.000309115,0.503814,-0.000669019,-0.000262322,0.000250233,0.000654937,1790291700,-0.000269548,0.000238111,0,1,-0.000267105,0.00024291,2.54338e-05,1,-0.000286689,0.000274874,0,1,-0.000323729,0.000316818,1.87253e-06,1,
1790291880,0.00017863,3.72178e-06,0.000487436,-8.56048e-05,0.000383377,0.509174,5.91913e-05,5.64055e-05,0.0749633,-0.000621454,-0.000459267,-0.000208815,-7.14642e-05,7.15512e-06,6.62022e-05,0.000201452,0.000454659,0.000587711,7.34866e-05,5.68049e-05,6.53066e-05,5.32509e-05,5.96898e-05,6.62077e-05,5.97367e-05,5.9072e-05,0.000247471,0,0.00024818,0.00027084,0,0.000266258,0.505883,-0.000593221,-0.000230094,0.000223459,0.000587925,1790291700,-0.000311878,0.000283169,0,1,-0.000293259,0.000240543,0,1,0.000298178,0,0.000244572,1,-0.00029615,0.000268011,0,1,
1790291940,-0.000256791,-5.95398e-05,0.000186039,-0.000256791,0.000380364,0.515874,7.28072e-05,7.66278e-05,0.0607517,-0.000639245,-0.00047162,-0.000213153,-6.86128e-05,1.26599e-05,8.06472e-05,0.000214742,0.000473954,0.000598226,8.71438e-05,7.29042e-05,7.61844e-05,7.25093e-05,7.5059e-05,7.8304e-05,7.04112e-05,7.38038e-05,0.000257039,0,0.000265062,0.000278305,0,0.000278325,0.509983,-0.00060439,-0.00023296,0.000233774,0.000599699,1790291700,-0.000300991,0.000257672,0,1,-0.000299911,0.000287091,0,1,-0.000293762,0.000243353,0,1,-0.000294526,0.000244515,0,1,
1790292000,0.000189808,3.72207e-06,0.000245627,-3.72215e-05,0.000378288,0.513209,6.00466e-05,5.72599e-05,0.0524748,-0.00061361,-0.000438986,-0.000205902,-6.69632e-05,9.96107e-06,7.20067e-05,0.000204036,0.000458344,0.000582569,7.52514e-05,5.81544e-05,6.54471e-05,5.80676e-05,6.0929e-05,6.66948e-05,6.05487e-05,5.74624e-05,0.000246291,0,0.000256827,0.000261086,0,0.000249689,0.513766,-0.000571605,-0.000212652,0.000224788,0.000572002,1790292000,0.000310904,0,0.000249829,1,0.000278542,0,0.000232519,1,-0.00030552,0.000275893,0,1,0.000289387,0,0.000252122,1,
1790292060,0.000584085,0,0.000740279,-0.000245641,0.000375447,0.515364,0.00018182,0.000183639,0.0452287,-0.000590942,-0.000430865,-0.000200572,-6.46356e-05,1.14607e-05,7.02092e-05,0.000195345,0.00044011,0.000561893,0.000168092,0.000185716,0.000171713,0.000198273,0.000171524,0.000166357,0.000185261,0.000186416,0.000238446,0,0.00023026,0.000244712,0,0.000219934,0.512362,-0.000534412,-0.00020147,0.000206458,0.000536303,1790292000,-0.000306752,0.000264181,0,1,-0.000294819,0.000282199,0,1,-0.000277415,0.000258824,0,1,-0.00030977,0.000256839,0,1,
1790292120,0.000197098,-3.71921e-06,0.000308646,-8.92648e-05,0.000380742,0.507308,6.73251e-05,6.39111e-05,0.0512661,-0.000714207,-0.000526873,-0.000254526,-8.63328e-05,6.79711e-06,8.09819e-05,0.000235527,0.000522118,0.000677695,7.64306e-05,5.97458e-05,6.76948e-05,6.67908e-05,6.0796e-05,6.84685e-05,6.98986e-05,6.8552e-05,0.000297,1.0228e-05,0.000339363,0.000308689,0,0.000352957,0.508116,-0.000667845,-0.000257898,0.000256824,0.000672361,1790292000,-0.000271145,0.00021882,0,0,-0.000279703,0.000248902,0,1,-0.000297018,0.00026774,0,1,-0.000274841,0.000246367,0,1,
1790292180,-4.0904e-05,3.71846e-06,0.000122702,-4.46226e-05,0.000377944,0.513942,4.1889e-05,3.94576e-05,0.0432346,-0.000662232,-0.000486307,-0.000219853,-7.05201e-05,1.11799e-05,8.00343e-05,0.00021369,0.000480788,0.000612956,6.00473e-05,3.71421e-05,4.68647e-05,3.97252e-05,4.36981e-05,4.95536e-05,3.91188e-05,4.20951e-05,0.000261171,0,0.000258102,0.000266935,0,0.000259169,0.51145,-0.00058592,-0.000223386,0.000223986,0.000585768,1790292000,-0.000356455,0.000302664,0,1,-0.000258377,0.000231585,0,1,-0.000283862,0.00024737,0,1,-0.000291346,0.000269493,0,1,
1790292240,0.000249116,-3.71863e-06,0.000308598,-3.71863e-06,0.000374191,0.517238,7.28551e-05,7.15829e-05,0.0345244,-0.0005834,-0.000413236,-0.000187233,-5.6343e-05,1.14236e-05,6.96349e-05,0.000188799,0.000431654,0.000550849,8.50863e-05,7.20994e-05,7.43131e-05,7.2189e-05,6.83654e-05,7.6042e-05,7.5476e-05,7.27461e-05,0.00022591,0,0.000202606,0.000228612,0,0.000190366,0.512033,-0.000495661,-0.00018633,0.000191475,0.000502902,1790292000,-0.00029819,0.000268905,0,1,-0.000326572,0.000327382,0,1,-0.000252608,0.00023061,0,1,-0.000275822,0.000255923,0,1,
1790292300,0.00014498,3.71769e-06,0.000204452,-7.80746e-05,0.000372101,0.515765,5.26975e-05,4.8778e-05,0.0338926,-0.00060115,-0.000436315,-0.000196402,-5.70751e-05,1.04036e-05,6.82706e-05,0.00019795,0.00044308,0.000565643,6.76063e-05,5.01746e-05,5.64414e-05,4.92455e-05,5.00483e-05,5.85761e-05,5.00064e-05,5.44255e-05,0.000236888,0,0.000210203,0.000244031,0,0.000218488,0.512939,-0.000533171,-0.000201045,0.000204411,0.000533978,1790292300,-0.000248161,0.000221633,0,1,-0.000280091,0.000271213,0,1,-0.000307927,0.000300771,0,1,-0.00025075,0.00022955,0,1,
1790292360,0.000256451,4.83218e-05,0.000434813,4.83218e-05,0.000368932,0.514414,7.60202e-05,7.39091e-05,0.0328868,-0.000591448,-0.000436984,-0.000197515,-5.71416e-05,9.37532e-06,6.91024e-05,0.000197224,0.000443142,0.000566025,8.59304e-05,7.40203e-05,7.50238e-05,7.42726e-05,6.78138e-05,7.69767e-05,7.76012e-05,7.8919e-05,0.000236891,0,0.000218243,0.000244516,0,0.000226103,0.510781,-0.000532992,-0.000202816,0.000203781,0.00053402,1790292300,-0.000263231,0.000221786,0,1,-0.000254941,0.000207102,0,1,-0.000284133,0.00025556,0,1,-0.000315457,0.000286655,0,1,
1790292420,0.000453274,0,0.00064641,-4.0879e-05,0.00036702,0.52772,0.000133726,0.000130884,0.0328627,-0.000583185,-0.000413435,-0.000190301,-5.02781e-05,1.8719e-05,7.5913e-05,0.000188549,0.000419441,0.000542455,0.00013118,0.000133007,0.000129582,0.000137852,0.000119755,0.000127894,0.000140999,0.000137853,0.000227567,0,0.000205523,0.000232686,0,0.000225029,0.512757,-0.000508635,-0.000191167,0.000195948,0.00051231,1790292300,-0.000260464,0.000217845,0,1,-0.000243449,0.000225621,0,1,-0.000259358,0.000212256,0,0,-0.000275818,0.000247225,0,1,
1790292480,-8.54375e-05,2.97157e-05,0.000237701,-0.000159737,0.000368943,0.521755,4.25801e-05,4.31511e-05,0.0350535,-0.000621824,-0.000449976,-0.000208537,-6.20719e-05,1.6848e-05,8.17287e-05,0.000209206,0.000461715,0.00059271,6.25935e-05,3.9087e-05,4.72259e-05,4.04613e-05,4.87976e-05,5.15662e-05,3.80665e-05,4.32752e-05,0.00025077,0,0.000241161,0.000264094,0,0.00027911,0.516393,-0.000573565,-0.000215649,0.000225777,0.000590853,1790292300,-0.000261649,0.00023565,0,1,-0.000244543,0.000226329,0,1,-0.000241689,0.000221346,0,1,-0.000246898,0.000220551,0,1,
1790292540,0.000115153,1.8574e-05,0.000115153,-0.000144889,0.000365435,0.523775,4.65989e-05,4.21082e-05,0.0313374,-0.000593901,-0.000425359,-0.000188032,-5.35148e-05,1.62354e-05,8.11608e-05,0.000201429,0.000439395,0.000562322,6.30011e-05,4.45875e-05,5.04445e-05,4.55465e-05,4.30349e-05,5.35188e-05,4.53841e-05,4.54204e-05,0.000236308,0,0.000214719,0.000246698,0,0.00024032,0.518457,-0.000535419,-0.000197557,0.000214237,0.000553776,1790292300,-0.00029697,0.000271128,0,1,-0.000245355,0.000239638,0,1,-0.000242149,0.000222308,0,1,-0.000242633,0.000217364,0,1,
1790292600,7.42854e-05,0,0.000204272,0,0.000362128,0.534206,4.03708e-05,3.61138e-05,0.0299408,-0.000591582,-0.000423004,-0.00019818,-4.95227e-05,2.49933e-05,8.7007e-05,0.00020677,0.000445454,0.000562074,6.07292e-05,3.74247e-05,4.44502e-05,3.99746e-05,4.01231e-05,5.03452e-05,3.79147e-05,3.86098e-05,0.000244541,1.05599e-05,0.00020152,0.000243747,0,0.000217553,0.524723,-0.000514093,-0.000192525,0.000212602,0.000537647,1790292600,-0.000278563,0.000251492,0,1,-0.000270787,0.000276489,0,1,-0.000245805,0.000234032,0,1,-0.000242996,0.000217538,0,1,
1790292660,-0.000100287,-2.2285e-05,7.42823e-06,-0.000226588,0.000358642,0.530759,4.0575e-05,4.24479e-05,0.0290221,-0.000546698,-0.000391906,-0.000173699,-4.36799e-05,1.8767e-05,7.16241e-05,0.000177814,0.000399278,0.000508892,6.32517e-05,4.05291e-05,4.57948e-05,3.90096e-05,5.12442e-05,5.16512e-05,3.40496e-05,3.95898e-05,0.00021176,0,0.000190341,0.000211687,0,0.00020034,0.518373,-0.000457354,-0.000166591,0.000180186,0.000471778,1790292600,-0.000264819,0.000230293,0,1,-0.000257665,0.000241532,0,1,-0.000265306,0.000261321,0,1,-0.000243747,0.000233994,0,1,
1790292720,-0.000650249,7.42898e-06,7.42898e-06,-0.000951365,0.000355321,0.535231,0.000224483,0.00023324,0.027774,-0.000524179,-0.000372247,-0.000158973,-3.98948e-05,2.09278e-05,7.18467e-05,0.000176355,0.000403766,0.000510508,0.00018818,0.000224215,0.000202162,0.000227108,0.000230661,0.000193137,0.000239917,0.00023357,0.000204766,0,0.000181467,0.000214045,0,0.00019411,0.516892,-0.0004604,-0.000168302,0.000184521,0.000485282,1790292600,-0.000230814,0.00020105,0,0,-0.000230173,0.00021563,1.12961e-05,1,-0.000258124,0.000237481,0,1,-0.000268154,0.000256054,0,1,
1790292780,0.0003902,2.23013e-05,0.000405062,2.23013e-05,0.000363572,0.531526,0.000109525,0.000107206,0.0399999,-0.000626235,-0.000447794,-0.000192677,-5.22637e-05,2.33925e-05,9.27763e-05,0.000222955,0.000484151,0.000607062,0.000113538,0.000111181,0.00011237,0.000112174,0.000104362,0.000110636,0.000108915,0.000106316,0.00025527,4.66141e-05,0.000278912,0.000280831,1.9122e-05,0.000296236,0.525178,-0.000608629,-0.000217422,0.000250705,0.000621999,1790292600,-0.000229479,0.000194027,0,1,-0.000215618,0.000200352,0,1,-0.000242588,0.000224257,0,1,-0.00024904,0.000242903,0,1,
1790292840,-0.000297282,-1.11465e-05,0,-0.00037905,0.000364124,0.530349,8.38735e-05,8.96752e-05,0.0359513,-0.000573274,-0.000407133,-0.000178062,-4.71939e-05,1.99288e-05,7.37293e-05,0.000189366,0.000427063,0.000537085,9.43945e-05,8.41539e-05,8.45273e-05,8.379e-05,9.11495e-05,8.48108e-05,8.18655e-05,8.37978e-05,0.000222689,0,0.000216555,0.000243872,0,0.000234349,0.514382,-0.000534541,-0.000199152,0.000206716,0.0005404,1790292600,-0.000310805,0.000280927,0,1,-0.000228003,0.00020472,0,1,-0.000220312,0.000207432,0,1,-0.000233931,0.000228761,0,1,
1790292900,0.00017838,0,0.000252695,-2.22997e-05,0.000362907,0.519487,5.66928e-05,5.24266e-05,0.0362532,-0.000565265,-0.000409346,-0.000184881,-5.39968e-05,1.27176e-05,6.93175e-05,0.000186023,0.000422482,0.000528974,7.27372e-05,5.51112e-05,6.2253e-05,5.5045e-05,5.51992e-05,6.46682e-05,5.83872e-05,5.45944e-05,0.000222759,0,0.000232656,0.000244763,0,0.000247272,0.509047,-0.000541477,-0.000200364,0.00020696,0.000542272,1790292900,-0.000242569,0.000210963,0,1,-0.000260229,0.000274932,2.03168e-05,1,-0.000221255,0.000210533,0,1,-0.000220405,0.000211955,0,1,
1790292960,0.000330661,0,0.000364093,0,0.000360145,0.530915,9.49628e-05,9.22617e-05,0.0316791,-0.00055863,-0.000400835,-0.000177899,-4.63211e-05,2.00838e-05,7.79049e-05,0.000185392,0.000419673,0.000530916,9.80225e-05,9.45545e-05,9.56577e-05,9.47705e-05,8.65286e-05,9.39161e-05,9.6978e-05,9.47057e-05,0.000219546,0,0.000208631,0.000236876,0,0.000213614,0.517251,-0.000520622,-0.000192517,0.000202182,0.000524943,1790292900,-0.00025705,0.000225224,0,1,-0.000230311,0.000227148,0,1,-0.000266277,0.000269538,4.90253e-07,1,-0.000219143,0.000214115,0,1,
1790293020,-0.000338093,0,0,-0.000338093,0.000359579,0.52492,9.33696e-05,9.92947e-05,0.0298133,-0.000577737,-0.000416204,-0.000189121,-5.08314e-05,1.63944e-05,7.28525e-05,0.000182217,0.000411484,0.000524206,0.000101521,9.54593e-05,9.57814e-05,9.50509e-05,0.000103567,9.59842e-05,8.99714e-05,9.07647e-05,0.000223828,0,0.000221659,0.000245582,0,0.000243526,0.510512,-0.000546289,-0.000205826,0.000203457,0.000536498,1790292900,-0.000228999,0.000219963,0,1,-0.000232201,0.000217748,9.37512e-06,1,-0.000226346,0.000227912,1.91315e-07,1,-0.000257161,0.000270622,8.40355e-06,1,
1790293080,0.000271227,3.34429e-05,0.000308375,-5.57406e-05,0.000359161,0.53021,7.86517e-05,7.58223e-05,0.0320708,-0.000521855,-0.000373331,-0.000158978,-4.25461e-05,1.77954e-05,7.01286e-05,0.000171204,0.000389149,0.000492166,8.80374e-05,7.80399e-05,7.91607e-05,7.76837e-05,7.02356e-05,7.9815e-05,8.1463e-05,7.86464e-05,0.000200744,0,0.000159911,0.000230247,0,0.000201674,0.510974,-0.000512561,-0.000186626,0.000196485,0.000515461,1790292900,-0.000242754,0.000226366,0,1,-0.000229306,0.000221951,0,1,-0.000238949,0.000223852,0,1,-0.000235123,0.000221338,0,1,
1790293140,-0.000501641,1.48596e-05,1.85745e-05,-0.000501641,0.000357615,0.535762,0.000151452,0.000159515,0.0293796,-0.000532393,-0.000382677,-0.000171175,-4.49531e-05,2.42296e-05,7.70621e-05,0.000179413,0.000397931,0.000508842,0.000147068,0.00015163,0.000141212,0.000158516,0.000155586,0.000141393,0.00016325,0.00015548,0.000212072,0,0.000182721,0.000234278,0,0.000217996,0.517634,-0.000512744,-0.00018924,0.000201124,0.000520555,1790292900,-0.000250102,0.000224569,0,1,-0.000224822,0.000230123,0,1,-0.000235666,0.000220617,0,1,-0.00024884,0.000216291,0,1,
1790293200,0.000193255,3.71679e-06,0.000256426,-1.85841e-05,0.000361059,0.529716,5.7417e-05,5.412e-05,0.0371337,-0.000546492,-0.000397811,-0.000170631,-4.52771e-05,1.85325e-05,7.37406e-05,0.000182922,0.000408683,0.00051806,7.50255e-05,5.75583e-05,6.51609e-05,5.61804e-05,5.8116e-05,6.72483e-05,5.90806e-05,5.74262e-05,0.000214719,0,0.000199558,0.000252784,0,0.000252948,0.513863,-0.000567687,-0.000203711,0.0002201,0.00056621,1790293200,-0.000233206,0.000209404,6.23179e-07,1,-0.000229198,0.000204381,0,1,-0.000233667,0.000223103,0,1,-0.000231231,0.00021871,0,1,
1790293260,0.000326961,0,0.000334391,-0.000122638,0.000358473,0.538263,9.34313e-05,8.99461e-05,0.0320441,-0.000532795,-0.000382604,-0.000166667,-3.939e-05,2.35242e-05,7.8255e-05,0.000182487,0.0004013,0.000504781,9.71787e-05,9.34142e-05,9.44332e-05,9.32516e-05,8.62518e-05,9.2906e-05,9.54714e-05,9.27026e-05,0.000212804,0,0.000173988,0.000233112,0,0.000212114,0.518178,-0.000516686,-0.00018821,0.00020069,0.000518229,1790293200,-0.000285546,0.000249999,0,1,-0.000231829,0.00022217,0,1,-0.000229945,0.000205119,0,1,-0.000242476,0.000209382,0,1,
1790293320,-0.000256358,0,1.48593e-05,-0.000393853,0.00035787,0.5279,7.11819e-05,7.72777e-05,0.0298995,-0.000562272,-0.000411807,-0.000184068,-5.23608e-05,1.97077e-05,7.6984e-05,0.000187367,0.000409393,0.00052695,8.79102e-05,7.28979e-05,7.45262e-05,7.23769e-05,7.9819e-05,7.73548e-05,6.76051e-05,6.9478e-05,0.000223548,0,0.000222538,0.000252206,0,0.000271898,0.511166,-0.000563542,-0.000210623,0.000212089,0.000556984,1790293200,-0.000232327,0.000207997,0,1,-0.00023948,0.000233622,1.82331e-05,1,-0.000228437,0.000218204,3.20443e-06,1,-0.00022387,0.000204039,0,1,
1790293380,-0.000222974,5.20201e-05,5.20201e-05,-0.000260141,0.000356124,0.533114,6.35387e-05,6.90428e-05,0.029613,-0.000555706,-0.000404045,-0.000180678,-4.92966e-05,2.37004e-05,8.20962e-05,0.00019275,0.000416435,0.000526554,8.23423e-05,6.35071e-05,6.84554e-05,6.3002e-05,6.96742e-05,7.16502e-05,6.14489e-05,6.42551e-05,0.000226501,0,0.000215879,0.000246563,0,0.000231408,0.513594,-0.000549644,-0.000201333,0.00021229,0.000547522,1790293200,-0.000260229,0.000233507,0,1,-0.000228094,0.000217507,0,1,-0.000243242,0.000233506,0,1,-0.00023375,0.000219068,0,1,
1790293440,-0.000546496,0,0.000137506,-0.000587402,0.000353952,0.535386,0.000171554,0.000179003,0.0293136,-0.000531623,-0.000381647,-0.000170766,-4.32682e-05,2.29205e-05,7.73416e-05,0.000184411,0.000404605,0.000507849,0.000159498,0.000170958,0.000157593,0.000186349,0.000169869,0.000153817,0.000180224,0.000181639,0.000215779,0,0.00018946,0.000229579,0,0.000200946,0.511759,-0.000514088,-0.000186264,0.000198336,0.000518085,1790293200,-0.000260996,0.000237773,0,1,-0.000241519,0.000252366,0,0,-0.000228059,0.000216972,8.2824e-07,1,-0.000236454,0.000227629,9.3723e-06,1,
1790293500,4.83416e-05,3.71867e-06,0.000185916,-0.000115286,0.000358817,0.529464,4.10282e-05,3.76872e-05,0.0397259,-0.000640718,-0.000453014,-0.00021415,-5.60509e-05,2.2814e-05,9.57281e-05,0.000231776,0.000471837,0.000594138,5.93318e-05,3.59903e-05,4.65837e-05,4.17296e-05,4.15209e-05,5.008e-05,4.09309e-05,3.7123e-05,0.000270456,2.78672e-05,0.000282743,0.000289691,1.95969e-05,0.000306231,0.519012,-0.000630864,-0.000231247,0.00025085,0.000607893,1790293500,-0.000243402,0.000216565,0,1,-0.000246677,0.000231381,0,1,-0.000243911,0.000242406,0,1,-0.000225349,0.000217114,0,1,
1790293560,8.55217e-05,3.71849e-06,8.55217e-05,-0.000104123,0.000355276,0.529352,3.99716e-05,3.59846e-05,0.0342777,-0.000555639,-0.000403774,-0.000185383,-5.16033e-05,2.08488e-05,7.85611e-05,0.000195245,0.000426846,0.000529959,6.11917e-05,3.91823e-05,4.71625e-05,3.81752e-05,4.31777e-05,5.14769e-05,3.8961e-05,3.65604e-05,0.000230173,0,0.000235289,0.000241663,0,0.000243326,0.512631,-0.00053502,-0.000198391,0.000206571,0.000524462,1790293500,-0.000327416,0.000289695,0,1,-0.00023941,0.000210686,0,1,-0.000248537,0.00022474,0,1,-0.000253362,0.000227301,0,1,
1790293620,-1.48728e-05,-4.09008e-05,6.69249e-05,-9.66773e-05,0.000351913,0.527655,3.30527e-05,3.17154e-05,0.0309378,-0.00053607,-0.000386062,-0.000176895,-4.97798e-05,1.84906e-05,7.29105e-05,0.000181333,0.00039932,0.000495652,5.88587e-05,3.31568e-05,4.2029e-05,2.88689e-05,4.04308e-05,4.72006e-05,2.88114e-05,2.96756e-05,0.000215781,0,0.000219961,0.000217187,0,0.000211256,0.506731,-0.000484485,-0.000181676,0.000178008,0.000466748,1790293500,-0.000238225,0.000201493,1.27688e-05,1,-0.000235656,0.00023986,8.00262e-05,1,-0.000234296,0.000213782,0,1,-0.000242015,0.000222796,5.67219e-06,1,
1790293680,-7.80859e-05,0,8.92336e-05,-0.000111553,0.000348383,0.529507,3.60831e-05,3.7887e-05,0.0294657,-0.000522901,-0.000376653,-0.000170022,-4.44811e-05,1.80355e-05,7.14453e-05,0.000175046,0.000385702,0.000485981,6.22544e-05,3.6407e-05,4.44153e-05,3.27955e-05,4.41006e-05,5.04919e-05,3.20616e-05,3.39029e-05,0.000208042,0,0.000202697,0.000212031,0,0.000194706,0.509602,-0.000470735,-0.00017574,0.000175407,0.000454452,1790293500,-0.000209163,0.000178914,0,1,-0.000239189,0.000219085,0,1,-0.00026409,0.000249309,1.89737e-05,1,-0.000224657,0.000214986,0,1,
1790293740,2.23109e-05,2.97477e-05,3.71845e-05,-0.000275209,0.000345058,0.52651,3.20123e-05,2.83853e-05,0.0289785,-0.000510308,-0.000367408,-0.000164252,-4.61951e-05,1.61657e-05,6.73903e-05,0.000169585,0.000376806,0.000471305,5.77908e-05,3.26403e-05,4.03914e-05,2.84565e-05,3.85092e-05,4.72847e-05,2.78694e-05,2.82766e-05,0.00020136,0,0.000192046,0.000206851,0,0.000185768,0.507266,-0.000459394,-0.000170729,0.00017106,0.000443558,1790293500,-0.00020612,0.000191855,0,1,-0.000212669,0.000200689,0,1,-0.000237084,0.000224804,0,1,-0.000255961,0.000252062,9.53912e-06,1,
1790293800,0.000401511,0,0.000412662,-1.11554e-05,0.000341605,0.531863,0.000115062,0.000113001,0.0284345,-0.000510739,-0.000366946,-0.0001635,-4.31633e-05,1.95452e-05,6.92697e-05,0.000175176,0.000389193,0.000486774,0.000116749,0.000116361,0.000114991,0.000121944,0.000108095,0.000113451,0.000117941,0.000117986,0.000205415,0,0.000194229,0.000184354,0,0.000186761,0.510667,-0.000392547,-0.000144089,0.00015395,0.000394863,1790293800,-0.000209543,0.000186776,0,1,-0.000213332,0.000196574,0,1,-0.00021964,0.000206231,0,1,-0.000245043,0.000229948,0,1,
1790293860,-0.000301118,-0.000360609,-0.00027881,-0.000580012,0.000342905,0.53109,8.47385e-05,8.9825e-05,0.0275618,-0.000518181,-0.000371631,-0.000162892,-4.49139e-05,1.96446e-05,6.70905e-05,0.000171342,0.000379692,0.000484234,9.51739e-05,8.49782e-05,8.53429e-05,8.44823e-05,9.0957e-05,8.56445e-05,8.21786e-05,8.52701e-05,0.000202233,0,0.000192197,0.000216064,0,0.000215395,0.508388,-0.000485312,-0.000181357,0.00017848,0.000467261,1790293800,-0.000204406,0.00016351,0,1,-0.00021433,0.00018324,0,1,-0.000224633,0.000202049,0,1,-0.000232879,0.000199328,0,1,
1790293920,-0.000688079,1.48722e-05,1.48722e-05,-0.000688079,0.00034212,0.530413,0.000242575,0.000249258,0.0288025,-0.000523769,-0.000385327,-0.00017061,-4.35329e-05,1.84279e-05,7.01746e-05,0.000176763,0.00039499,0.00048894,0.000198587,0.000245663,0.000217234,0.000257434,0.000237367,0.000207321,0.000247719,0.000250647,0.000209666,0,0.000181025,0.000224798,0,0.000214031,0.514874,-0.00049622,-0.000183491,0.000190755,0.00047559,1790293800,0.000232075,0,0.000200188,0,0.000209195,0,0.000180988,1,-0.000220459,0.000190915,0,1,0.000223274,0,0.000203338,1,
1790293980,0.00026413,0.000223213,0.000323642,0.000119053,0.000352383,0.535178,7.4816e-05,7.27252e-05,0.0466259,-0.000577329,-0.000419112,-0.000183486,-4.51209e-05,2.37219e-05,8.33156e-05,0.000198831,0.000434392,0.000540799,8.71993e-05,7.61209e-05,7.75998e-05,7.59717e-05,7.3048e-05,7.99521e-05,7.31643e-05,7.33533e-05,0.00023254,0,0.000196401,0.000270735,1.85047e-05,0.000255435,0.519111,-0.000601719,-0.000214685,0.000239181,0.000590231,1790293800,0.000225348,0,0.000207221,1,0.0002148,2.87255e-06,0.000190107,1,0.000199273,9.09044e-06,0.000175742,1,-0.00022585,0.000198146,0,1,
1790294040,-0.000770263,-8.18355e-05,-8.18355e-05,-0.000770263,0.000350836,0.529747,0.000280145,0.000286261,0.0380282,-0.00054472,-0.000399996,-0.000179957,-4.74474e-05,1.94963e-05,7.18001e-05,0.000184704,0.000412189,0.00050441,0.000225109,0.000282205,0.000245478,0.000300591,0.000271172,0.00023887,0.000285757,0.000290084,0.000219713,0,0.000188484,0.000237882,0,0.000227339,0.507295,-0.000524689,-0.000198658,0.00019947,0.000516743,1790293800,0.000298029,0,0.000247928,1,-0.000213494,0.000205919,3.27891e-06,0,-0.00021657,0.000211374,0,0,0.000211791,8.18288e-06,0.000196039,0,
1790294100,0.000267985,0,0.000290314,-5.58392e-05,0.000363992,0.527512,7.74831e-05,7.52466e-05,0.076425,-0.000624947,-0.00044737,-0.000201605,-5.21037e-05,1.92229e-05,8.28758e-05,0.00020734,0.000459288,0.000578872,8.79849e-05,7.73327e-05,8.14968e-05,7.70694e-05,7.67492e-05,8.28987e-05,7.84937e-05,7.66583e-05,0.000246495,0,0.000230845,0.000293068,0,0.000315058,0.511448,-0.000655505,-0.000238076,0.000251332,0.000625146,1790294100,-0.000231884,0.000180235,2.19462e-05,1,-0.000254628,0.00024129,1.54786e-05,1,-0.000226816,0.00020328,0,1,-0.0002292,0.000206911,0,0,
1790294160,0.000160012,-3.72152e-06,0.000163733,-7.81548e-05,0.000362321,0.532241,5.30375e-05,4.91324e-05,0.0584379,-0.000594483,-0.000435567,-0.000194702,-4.82878e-05,2.22869e-05,8.38969e-05,0.000202513,0.000442071,0.000550971,6.9928e-05,5.28259e-05,6.25912e-05,4.76176e-05,5.62106e-05,6.35341e-05,5.14409e-05,4.98037e-05,0.000239923,0,0.000190899,0.000269549,0,0.000254617,0.513011,-0.000601874,-0.000224169,0.00022931,0.000585987,1790294100,0.000322462,0,0.0002496,1,-0.000246413,0.000203385,0,1,-0.000261781,0.000239874,0,1,0.000235088,0,0.000232883,1,
1790294220,-0.000163734,-3.72092e-06,4.09292e-05,-0.000230723,0.000359393,0.525105,5.11995e-05,5.33479e-05,0.0464018,-0.000569334,-0.000420113,-0.000189377,-5.15574e-05,1.68006e-05,7.07507e-05,0.000180744,0.000404829,0.000505458,7.19577e-05,5.21935e-05,6.12674e-05,4.62049e-05,5.7526e-05,6.30192e-05,4.62253e-05,4.85852e-05,0.000223308,0,0.000188534,0.000252941,0,0.000256704,0.503584,-0.000571281,-0.000217266,0.000206099,0.000536583,1790294100,-0.000263058,0.000236501,7.37117e-06,1,-0.000277968,0.000251702,2.65044e-05,1,0.000234376,0,0.000223302,1,-0.000247644,0.000246809,6.58206e-06,1,
1790294280,7.44277e-05,3.72152e-06,0.000152571,-0.00012654,0.000356534,0.531652,3.73031e-05,3.35488e-05,0.0407838,-0.000556807,-0.000406377,-0.000181268,-4.6386e-05,2.08209e-05,7.6435e-05,0.000183779,0.000406181,0.00051299,6.0767e-05,3.79331e-05,4.88578e-05,3.19229e-05,4.3551e-05,5.14618e-05,3.55134e-05,3.44727e-05,0.000219562,0,0.000160772,0.000246973,0,0.000221234,0.507788,-0.000552707,-0.000206081,0.000208769,0.000537911,1790294100,-0.000250414,0.000213204,0,1,-0.000287255,0.000250769,0,1,-0.000278091,0.000254485,0,1,0.000246779,0,0.000223912,1,
1790294340,3.72124e-06,1.86061e-05,6.69802e-05,-3.72132e-05,0.000353107,0.533132,3.28459e-05,3.10684e-05,0.0351537,-0.000555961,-0.00040262,-0.0001819,-4.47673e-05,2.14813e-05,7.37108e-05,0.000179877,0.00039866,0.000499481,5.764e-05,3.3216e-05,4.33699e-05,2.64635e-05,3.9378e-05,4.69249e-05,2.86885e-05,3.02684e-05,0.000217345,0,0.000168751,0.000248418,0,0.000235603,0.511539,-0.000547863,-0.000206068,0.000210291,0.000533341,1790294100,0.000263471,0,0.000219212,1,-0.000258018,0.000224815,0,1,-0.00026961,0.000249553,0,1,-0.000279014,0.000248847,6.77844e-07,1,
