ts,y,ao,ah,al,sigma,p_up,loss_ens,loss_cal,cp_prob,cal_05,cal_10,cal_25,cal_40,cal_50,cal_60,cal_75,cal_90,cal_95,loss_empirical,loss_ewma,loss_garch,loss_har,loss_bocpd,loss_hmm,loss_online_qr,loss_lgbm,t_b,t_u,t_d,g_b,g_u,g_d,g_p,g_05,g_25,g_75,g_95,g_eff
1787097600,8.34725e-05,2.08688e-05,0.000631088,1.04344e-05,0.000253294,0.505046,3.60713e-05,3.48752e-05,0.0666132,-0.00047656,-0.000372632,-0.00017494,-6.49404e-05,3.33997e-06,7.62657e-05,0.000178612,0.00035534,0.000502163,3.73519e-05,3.1789e-05,3.53236e-05,3.70402e-05,3.35818e-05,3.80911e-05,4.62826e-05,3.30018e-05,0.000230567,0.000188307,0.000404372,-0.000255967,0.000354749,7.51194e-05,0.488028,-0.000493161,-0.000185517,0.000185494,0.000498619,1787097600
1787097660,-0.000939467,5.2168e-06,5.2168e-06,-0.000939467,0.000251026,0.507746,0.000382572,0.000383612,0.0536809,-0.000454541,-0.000351394,-0.000161732,-6.24844e-05,5.16248e-06,7.28689e-05,0.000164668,0.000341357,0.000494723,0.000367505,0.000394457,0.000381585,0.00038272,0.000391158,0.000384191,0.00036663,0.000386467,0.000212823,0.000115251,0.000314178,-0.000231722,0.000214052,9.84154e-06,0.478297,-0.000473045,-0.00017962,0.00016051,0.000479025,1787097600
1787097720,-0.000151441,0,6.26586e-05,-0.000402153,0.00028179,0.523224,5.60548e-05,5.66215e-05,0.425811,-0.000631231,-0.000466105,-0.000206936,-6.74704e-05,2.00684e-05,0.000112944,0.000242197,0.000453786,0.000637364,4.87328e-05,4.5695e-05,5.29379e-05,4.5199e-05,4.6569e-05,6.92652e-05,6.33911e-05,6.02642e-05,0.000299602,0.000173871,0.000391187,-0.000278848,0.00028031,0,0.493913,-0.000554896,-0.000193397,0.000212242,0.000547804,1787097600
1787097780,-0.000527612,0,0,-0.000548513,0.000279779,0.513758,0.000163195,0.000163954,0.3579,-0.000564919,-0.000427684,-0.000186826,-6.66695e-05,1.04571e-05,9.52188e-05,0.000205359,0.000423929,0.000573676,0.000163733,0.000176388,0.00015716,0.000176163,0.000132979,0.000152178,0.000178568,0.00016801,0.000259406,0.000100402,0.000318754,-0.000250306,0.000224183,0,0.493522,-0.000496196,-0.000165869,0.000204924,0.000497906,1787097600
1787097840,-0.000721346,-5.22527e-06,-5.22527e-06,-0.000721346,0.000286842,0.520652,0.00024876,0.000248097,0.437614,-0.0006212,-0.00045797,-0.000204434,-6.6599e-05,1.70348e-05,0.000102528,0.000231038,0.000447589,0.000607377,0.000258422,0.000270249,0.000239458,0.000279417,0.000193318,0.00020793,0.000259969,0.000258528,0.000288716,0.000116475,0.000355971,-0.000264514,0.000229419,0,0.491851,-0.000534928,-0.000182651,0.000208896,0.000501668,1787097600
1787097900,-0.000680005,-2.61455e-05,0.000162087,-0.000748031,0.000301727,0.515811,0.000218829,0.000217086,0.534301,-0.000673663,-0.000495948,-0.000226585,-7.58463e-05,1.40171e-05,0.000113269,0.000248458,0.000480728,0.000660546,0.000237002,0.000243307,0.000208978,0.000254544,0.000158214,0.000192747,0.000240161,0.000233306,0.000313494,0.000124594,0.000390474,-0.000284582,0.000263862,0,0.489738,-0.00056574,-0.000192495,0.000227631,0.000524943,1787097900
1787097960,0.000889145,-4.70944e-05,0.00108779,-0.000198858,0.000313794,0.509172,0.000302556,0.000302445,0.539408,-0.000743615,-0.000555373,-0.000256614,-9.13582e-05,9.09908e-06,0.00011841,0.000273565,0.000540095,0.000742852,0.000342029,0.000342861,0.000303912,0.000337585,0.000381996,0.000268244,0.000273338,0.000274523,0.000348103,0.000138382,0.000453303,-0.000328567,0.000336389,0,0.490336,-0.000632135,-0.000214734,0.000263336,0.000596822,1787097900
1787098020,0.000365889,0,0.000365889,-3.13681e-05,0.000335125,0.505241,0.000102967,0.000104088,0.591319,-0.000792214,-0.00061057,-0.00029279,-0.000102635,5.56217e-06,0.000121693,0.000289617,0.000588764,0.000825667,0.000106389,0.00010594,0.000107607,0.000106063,0.000134724,0.000105377,0.000100763,9.60237e-05,0.000379024,0.000211698,0.000557925,-0.000367893,0.000370127,1.08097e-05,0.472308,-0.000679649,-0.000261845,0.000276157,0.000698331,1787097900
1787098080,0.000470232,5.22589e-05,0.000470232,1.5678e-05,0.000335768,0.504053,0.000133184,0.000133777,0.456022,-0.000709244,-0.000556625,-0.000265833,-9.08678e-05,3.64326e-06,0.000107151,0.000245464,0.00049086,0.000712133,0.000144053,0.000140034,0.000136439,0.000145897,0.0001573,0.00013539,0.000125337,0.000140971,0.000334562,0.000132863,0.000435568,-0.000324728,0.000266947,0,0.475012,-0.000643805,-0.000248253,0.000233557,0.000640362,1787097900
1787098140,-0.000674068,-5.22358e-06,-5.22358e-06,-0.000674068,0.000338981,0.50507,0.000204167,0.000204005,0.396387,-0.000712611,-0.000559351,-0.000265818,-9.41193e-05,4.84183e-06,0.000116147,0.000255477,0.000503112,0.000747378,0.000234084,0.000226128,0.000198047,0.000242507,0.00017279,0.000191994,0.000193108,0.000230978,0.000340059,0.000149123,0.000461728,-0.000328433,0.000279115,0,0.46822,-0.000644399,-0.000252802,0.000234891,0.000680118,1787097900
1787098200,-0.000203877,0,1.56811e-05,-0.000209105,0.000348851,0.50727,6.92645e-05,6.97877e-05,0.233288,-0.000762128,-0.000581672,-0.000273648,-9.84836e-05,7.61134e-06,0.000130075,0.000275519,0.000539172,0.000760915,6.03031e-05,6.02367e-05,7.04975e-05,5.9316e-05,6.10136e-05,7.7959e-05,7.61731e-05,6.88005e-05,0.000357394,0.000130486,0.000473487,-0.000334783,0.000288145,0,0.465451,-0.000668966,-0.000252886,0.000243465,0.000672292,1787098200
1787098260,-2.61411e-05,0,0,-0.000533414,0.000346546,0.501766,4.26771e-05,4.26887e-05,0.172638,-0.000697536,-0.000532271,-0.000235652,-9.10292e-05,1.13976e-06,0.000110954,0.000233484,0.000494521,0.000698492,3.14153e-05,3.53198e-05,4.75453e-05,2.57436e-05,5.62179e-05,5.21823e-05,4.824e-05,3.60297e-05,0.000305343,6.55526e-05,0.000372249,-0.000289938,0.00021162,0,0.468125,-0.000597556,-0.000213687,0.000223506,0.00060828,1787098200
1787098320,-8.88849e-05,5.22828e-06,5.22828e-06,-0.00049158,0.000343083,0.502722,4.56315e-05,4.56734e-05,0.130716,-0.000663677,-0.000504078,-0.000225432,-7.59563e-05,1.38651e-06,0.000104538,0.000233189,0.000482913,0.000685204,3.83596e-05,4.02751e-05,4.89529e-05,3.73843e-05,5.05434e-05,4.46143e-05,5.35127e-05,4.62189e-05,0.000299961,8.37052e-05,0.000386349,-0.000316219,0.000283811,0,0.476844,-0.000615016,-0.000216732,0.00025458,0.000651314,1787098200
1787098380,0.000313676,-3.6602e-05,0.000313676,-0.000277163,0.000339868,0.495656,8.86804e-05,8.99794e-05,0.0691887,-0.000636104,-0.000494296,-0.00021566,-7.80773e-05,-4.72637e-06,9.64714e-05,0.000217902,0.000458872,0.000646044,9.19306e-05,9.17175e-05,9.26334e-05,9.08192e-05,0.000113164,9.14414e-05,8.18225e-05,8.21855e-05,-0.000282388,0.000381731,0.00012482,-0.000308367,0.000270677,0,0.473176,-0.000610083,-0.000216977,0.000243352,0.000640035,1787098200
1787098440,-0.000413028,-0.000120231,-4.70452e-05,-0.000418257,0.000339364,0.502034,0.000118525,0.000119287,0.0745728,-0.000641777,-0.000505942,-0.000227768,-8.26094e-05,1.19592e-06,0.000102495,0.000231763,0.000463705,0.000656236,0.000119015,0.000117939,0.000119131,0.000119141,9.77725e-05,0.000120824,0.000116883,0.000125431,0.000299644,0.000135333,0.000445153,-0.000317256,0.00029203,0,0.472682,-0.000625258,-0.000229958,0.000243854,0.000659524,1787098200
1787098500,-0.000512601,-5.22929e-06,-5.22929e-06,-0.00060678,0.000340993,0.497881,0.000144792,0.000144087,0.0522538,-0.000652921,-0.000519553,-0.000248496,-9.67079e-05,-2.61253e-06,0.00010639,0.000222053,0.000455219,0.000655902,0.0001577,0.000154428,0.000146672,0.000159319,0.000121287,0.000156191,0.000141708,0.000153414,-0.00030949,0.000399337,0.000167615,-0.000282151,0.000225126,4.08419e-05,0.461726,-0.000582299,-0.000224377,0.000200017,0.000555853,1787098500
1787098560,0.000862901,5.23195e-06,0.000894265,0,0.000345262,0.503807,0.000295079,0.000294726,0.0361196,-0.000687565,-0.000525547,-0.000236559,-8.93275e-05,3.03035e-06,0.000122271,0.000259926,0.000516061,0.000713731,0.000328885,0.000319405,0.000294243,0.000327663,0.000335078,0.000285737,0.000278777,0.00028041,0.000328103,8.37233e-05,0.000447547,-0.000296306,0.000262845,0,0.471514,-0.000596423,-0.000211627,0.000233852,0.000597234,1787098500
1787098620,0.000292694,2.61369e-05,0.000308372,-0.000109782,0.000362924,0.499439,8.25618e-05,8.37352e-05,0.0261917,-0.000734905,-0.000582371,-0.0002783,-0.000103107,-1.16612e-06,0.000117759,0.000278637,0.000561082,0.000780459,8.61034e-05,8.61566e-05,8.72318e-05,8.52311e-05,0.000103002,9.30286e-05,8.94922e-05,7.44133e-05,-0.000362076,0.000513232,0.000165366,-0.000371021,0.000354721,0,0.468245,-0.000703425,-0.000272951,0.000277816,0.000745308,1787098500
1787098680,-0.000282239,0,0,-0.000412933,0.000361653,0.494369,7.97077e-05,8.03064e-05,0.0310982,-0.000692873,-0.000560264,-0.000262042,-0.00010023,-5.80652e-06,9.75704e-05,0.000244516,0.000496431,0.000725234,8.20155e-05,8.19419e-05,8.33208e-05,8.10109e-05,7.53816e-05,8.77212e-05,8.22527e-05,8.24569e-05,-0.000331744,0.000418498,0.000106827,-0.000336593,0.000274909,0,0.464907,-0.000667267,-0.000260068,0.000241339,0.000694042,1787098500
1787098740,0.000334497,0,0.000334497,-0.000177747,0.000360236,0.491364,9.73016e-05,9.83303e-05,0.0321312,-0.00066811,-0.000536421,-0.000248612,-9.78617e-05,-8.77933e-06,9.43243e-05,0.000228615,0.000483955,0.000713096,9.77498e-05,9.75826e-05,9.83576e-05,9.63204e-05,0.000113041,9.87056e-05,9.38105e-05,9.49552e-05,-0.000313545,0.000388328,0.000114161,-0.000325723,0.000259379,0,0.461971,-0.000662954,-0.00024889,0.000236882,0.000689784,1787098500
1787098800,0.000287369,-1.04513e-05,0.000292593,-5.22578e-05,0.00035974,0.495671,8.20432e-05,8.25029e-05,0.0389027,-0.000658242,-0.00051761,-0.000240214,-9.39898e-05,-4.74049e-06,0.000101014,0.000246625,0.0004977,0.000704361,8.46103e-05,8.44499e-05,8.51115e-05,8.34815e-05,9.63961e-05,8.56538e-05,8.18205e-05,7.65335e-05,-0.000317744,0.000414409,0.000102501,-0.000333328,0.000288227,0,0.468043,-0.000649786,-0.00024659,0.000249948,0.000694262,1787098800
1787098860,0.000522278,0,0.000522278,-0.000214213,0.000358435,0.493066,0.000155068,0.000155399,0.0509808,-0.000647841,-0.000508541,-0.000234765,-9.34316e-05,-6.97674e-06,9.48321e-05,0.000230034,0.000463318,0.000684623,0.000164316,0.000158029,0.000150023,0.00017249,0.000158494,0.000150549,0.000149634,0.000161542,-0.000302874,0.00039453,7.18813e-05,-0.00031586,0.000249905,0,0.46727,-0.000633497,-0.000243908,0.000227795,0.000665862,1787098800
1787098920,0.001341,5.2214e-06,0.001341,5.2214e-06,0.000362439,0.491797,0.000531984,0.000528444,0.0505958,-0.00070531,-0.000579349,-0.000279073,-0.000110378,-9.57846e-06,0.000108636,0.000258613,0.000534634,0.0007896,0.000567784,0.000552618,0.000530275,0.000558779,0.000531848,0.000507191,0.000528944,0.000530133,-0.000352706,0.000472887,0.00011203,-0.000336317,0.000296486,0,0.459552,-0.000658497,-0.000262042,0.000240199,0.000719396,1787098800
1787098980,-0.000939036,0,9.38551e-05,-0.000939036,0.000405833,0.490732,0.000296802,0.000295715,0.0466273,-0.000860603,-0.000707188,-0.000355363,-0.000138163,-1.32391e-05,0.000131233,0.000321961,0.000647895,0.000961622,0.00036648,0.000335207,0.00028938,0.000352862,0.000303533,0.000287204,0.00026949,0.000302866,-0.000444608,0.00061014,0.000132617,-0.00045979,0.000423583,0,0.44441,-0.000851735,-0.000365926,0.000304108,0.00095302,1787098800
1787099040,0,-3.13164e-05,0.000584393,-0.000396747,0.000423134,0.493517,5.47491e-05,5.58163e-05,0.034466,-0.000888524,-0.00069435,-0.000334191,-0.000135193,-9.28292e-06,0.000135599,0.000323945,0.000646459,0.000926945,2.99714e-05,4.2467e-05,5.89149e-05,3.71357e-05,6.01003e-05,5.9096e-05,6.81445e-05,4.43332e-05,-0.000429365,0.000580137,0.00013341,-0.000445238,0.000395691,0,0.450787,-0.000864655,-0.000350091,0.000300466,0.000902452,1787098800
1787099100,-0.000292324,-2.60969e-05,-2.60969e-05,-0.000381083,0.000418881,0.4938,8.49404e-05,8.636e-05,0.0374051,-0.000824982,-0.000647151,-0.00029485,-0.000114407,-7.96324e-06,0.000121436,0.000300489,0.000633755,0.000892608,8.48742e-05,8.54849e-05,9.16e-05,8.53143e-05,8.91332e-05,8.69253e-05,8.64075e-05,8.71895e-05,-0.000388165,0.000503244,0.000109066,-0.000453686,0.000453583,0,0.454525,-0.000843999,-0.000331366,0.000328801,0.000940152,1787099100
1787099160,4.17659e-05,-4.17676e-05,0.000193152,-8.3537e-05,0.000416727,0.501632,4.83826e-05,4.91836e-05,0.038648,-0.000778375,-0.000595067,-0.000267417,-0.000103339,1.32613e-06,0.00011781,0.000284229,0.000571121,0.000810485,3.22785e-05,4.37485e-05,5.65955e-05,3.60769e-05,6.02703e-05,4.69383e-05,5.85127e-05,3.61608e-05,0.000362136,9.24385e-05,0.000417035,-0.000387121,0.000288766,0,0.464229,-0.000776381,-0.000292223,0.000285976,0.000792501,1787099100
1787099220,-6.78704e-05,1.04412e-05,0.000156606,-0.000245399,0.000412581,0.49947,4.6074e-05,4.67662e-05,0.0579632,-0.000719,-0.000553186,-0.000247288,-9.65322e-05,-9.22342e-07,0.000104434,0.000252709,0.000526215,0.000762917,3.48717e-05,4.45777e-05,5.5606e-05,3.70424e-05,5.7472e-05,3.67733e-05,5.44659e-05,3.6907e-05,-0.000326221,0.000414354,6.32095e-05,-0.000373857,0.000291555,0,0.461685,-0.000744556,-0.00028632,0.000270446,0.000767624,1787099100
1787099280,-4.69899e-05,-5.22099e-06,5.22084e-05,-0.000203639,0.000408547,0.500625,4.40325e-05,4.43911e-05,0.0997579,-0.00071237,-0.000550011,-0.00024043,-9.03096e-05,2.2004e-07,9.91114e-05,0.000246467,0.000512453,0.00073115,3.25572e-05,4.28147e-05,5.21433e-05,3.83953e-05,5.35387e-05,2.65202e-05,5.3747e-05,3.822e-05,0.000317876,0.000100434,0.000397529,-0.000355338,0.000282805,0,0.461586,-0.000718667,-0.000271529,0.000259856,0.000733581,1787099100
1787099340,3.13268e-05,-1.04425e-05,7.30945e-05,-7.30998e-05,0.000404495,0.496471,3.95478e-05,3.9804e-05,0.188945,-0.000639398,-0.000496085,-0.000210399,-7.64629e-05,-3.97327e-06,9.17094e-05,0.00022836,0.000475338,0.000690303,3.16786e-05,4.12909e-05,4.90284e-05,3.34878e-05,5.06898e-05,1.89823e-05,4.82934e-05,3.42253e-05,-0.000289313,0.000392844,6.80382e-05,-0.000278318,0.000203926,0,0.461581,-0.000576704,-0.000207415,0.000204451,0.000601343,1787099100
1787099400,0.000276678,3.13259e-05,0.000276678,-0.000193198,0.000400454,0.502728,8.03367e-05,8.027e-05,0.342101,-0.000609578,-0.000468488,-0.000198586,-6.76163e-05,1.36029e-06,8.19871e-05,0.000195469,0.000417842,0.00062809,8.16151e-05,8.18489e-05,8.21291e-05,8.00201e-05,8.66838e-05,9.32458e-05,7.52788e-05,8.17761e-05,0.00025666,0.000102537,0.000347194,-0.000278134,0.000194665,0,0.465117,-0.000579548,-0.000217321,0.000194535,0.000575717,1787099400
1787099460,0.000459221,0,0.000459221,0,0.000398356,0.50483,0.000128988,0.000128293,0.344086,-0.000629806,-0.000477233,-0.00020897,-7.16201e-05,3.1478e-06,9.23542e-05,0.000239147,0.000479799,0.00069691,0.000139828,0.00013247,0.000132568,0.000136762,0.000133534,0.000149845,0.000124055,0.000127864,0.000297016,0.000133215,0.000351724,-0.000296896,0.000240155,0,0.46492,-0.000606402,-0.00022586,0.000220165,0.000648484,1787099400
1787099520,-0.000354834,-2.60864e-05,-2.60864e-05,-0.000532298,0.000399664,0.499075,0.000100012,0.000102681,0.197066,-0.000650728,-0.000510349,-0.000231385,-8.43879e-05,-1.32838e-06,9.33955e-05,0.000235666,0.00047093,0.000698751,0.000102454,0.000102694,0.000103615,0.000103208,0.000103141,0.00010168,9.58986e-05,9.89184e-05,-0.000304487,0.000410509,3.56702e-05,-0.000311272,0.000244882,0,0.463753,-0.000625969,-0.00024944,0.000219282,0.000647883,1787099400
1787099580,-0.000161804,0,0.00028179,-0.000193124,0.000398817,0.495748,5.4276e-05,5.55344e-05,0.160172,-0.000636406,-0.000481451,-0.000218306,-8.21246e-05,-4.24994e-06,8.88245e-05,0.000230119,0.000469596,0.000678847,5.05407e-05,5.65489e-05,5.97618e-05,5.07e-05,6.18262e-05,4.85893e-05,5.88659e-05,4.86831e-05,-0.000293789,0.000402211,7.06587e-05,-0.000323054,0.000249666,0,0.460142,-0.000661921,-0.000253714,0.000231203,0.000684679,1787099400
1787099640,3.1319e-05,0,0.000334019,-8.35221e-05,0.000395471,0.490877,3.82512e-05,3.83918e-05,0.226742,-0.00060249,-0.000455823,-0.000212167,-8.45139e-05,-8.07937e-06,8.20656e-05,0.000213388,0.000449161,0.000643666,3.16873e-05,3.97455e-05,4.30024e-05,3.45268e-05,4.82188e-05,2.8089e-05,4.44246e-05,3.38321e-05,-0.000276849,0.000387542,6.34881e-05,-0.000322533,0.000260283,0,0.45604,-0.000658206,-0.000253448,0.000230416,0.000679688,1787099400
1787099700,0.000161799,5.74156e-05,0.000161799,-0.0001044,0.000391522,0.503026,5.24175e-05,5.18085e-05,0.347533,-0.000572587,-0.000425361,-0.000197303,-6.67961e-05,1.57263e-06,8.14623e-05,0.000209762,0.000427666,0.000616491,5.04878e-05,5.60723e-05,5.74887e-05,5.27155e-05,5.96206e-05,4.74935e-05,5.26567e-05,5.03571e-05,0.00026686,0.00010465,0.000305234,-0.00030867,0.000244694,0,0.456596,-0.000623864,-0.000243049,0.000219395,0.000632386,1787099700
1787099760,4.69691e-05,2.08754e-05,4.69691e-05,-0.000172239,0.000388261,0.508035,3.54567e-05,3.51461e-05,0.28482,-0.000548961,-0.000414941,-0.000188389,-6.05425e-05,4.9021e-06,8.3206e-05,0.000206522,0.000404941,0.000592355,3.25516e-05,3.95215e-05,4.0515e-05,3.13551e-05,4.04763e-05,2.63159e-05,4.00515e-05,3.19865e-05,0.00026017,0.000109761,0.000275323,-0.000297225,0.000219379,0,0.470745,-0.000605281,-0.000222765,0.00022363,0.000630411,1787099700
1787099820,-0.000381035,0,4.69669e-05,-0.000522002,0.000384417,0.509783,0.000109641,0.000112038,0.27195,-0.000528833,-0.000397624,-0.000165366,-5.51899e-05,5.65999e-06,7.67043e-05,0.000189648,0.000372995,0.00056925,0.000109537,0.000109722,0.000110012,0.000113329,0.000109979,0.000122056,0.000111795,0.000112023,0.000236214,0.000107179,0.000272008,-0.00027582,0.000198654,0,0.471446,-0.000571822,-0.000203275,0.000209259,0.000602387,1787099700
1787099880,0.000177486,0,0.000224463,0,0.000384349,0.506053,5.4714e-05,5.39411e-05,0.147358,-0.000569864,-0.000427169,-0.000197772,-7.0852e-05,4.32299e-06,8.61057e-05,0.000209013,0.000415199,0.000605958,5.4046e-05,5.77603e-05,5.75842e-05,5.45481e-05,5.88059e-05,5.10458e-05,5.54346e-05,5.33802e-05,0.000266619,0.000117804,0.000354194,-0.000292311,0.000237313,0,0.467433,-0.000597284,-0.000222653,0.000218174,0.000601988,1787099700
1787099940,-0.000130502,5.21971e-06,5.21971e-06,-0.00026102,0.000381313,0.509206,4.50413e-05,4.62149e-05,0.125323,-0.0005261,-0.000400283,-0.000182233,-6.02133e-05,5.87855e-06,7.74106e-05,0.000184176,0.000369554,0.000550295,4.53183e-05,4.92808e-05,4.84234e-05,4.07154e-05,4.63712e-05,4.09541e-05,4.805e-05,4.2172e-05,0.000238599,7.53774e-05,0.000263864,-0.000266795,0.000198594,0,0.475525,-0.000549504,-0.000200532,0.000199211,0.000550586,1787099700
1787100000,-0.000292385,0,0,-0.00043861,0.000377932,0.507556,8.46821e-05,8.65088e-05,0.115477,-0.000512945,-0.000381582,-0.000161672,-6.08404e-05,4.72702e-06,7.60933e-05,0.000182585,0.00035822,0.000545986,8.49712e-05,8.49964e-05,8.50784e-05,8.3654e-05,8.12481e-05,8.30791e-05,8.66134e-05,8.44493e-05,0.00022849,7.91392e-05,0.000267167,-0.000269965,0.000191826,0,0.470593,-0.00056745,-0.000204564,0.000201128,0.000570124,1787100000
1787100060,-0.000747015,-5.22195e-06,-5.22195e-06,-0.000814953,0.000376412,0.503497,0.000278776,0.000277345,0.107661,-0.00052293,-0.000390714,-0.000167317,-6.20007e-05,1.70026e-06,7.79015e-05,0.000191847,0.000377102,0.000559395,0.000270535,0.000256965,0.000264381,0.000280082,0.000268315,0.000292694,0.000278709,0.00028854,0.00023863,0.000115663,0.000303123,-0.000293174,0.000231942,0,0.472397,-0.000610541,-0.000219517,0.000222893,0.000618936,1787100000
1787100120,-0.000344965,-5.22585e-06,-5.22585e-06,-0.000418154,0.000387315,0.527733,0.000106355,0.000107069,0.069455,-0.000703492,-0.000525466,-0.000223937,-7.32141e-05,2.75015e-05,0.00012823,0.000283924,0.000525472,0.000735987,9.95117e-05,9.96255e-05,0.000100109,9.87726e-05,8.70848e-05,0.00010161,0.000109322,0.0001164,0.000342546,8.45953e-05,0.000380415,-0.000340987,0.000302785,0,0.478624,-0.000684235,-0.000246617,0.000263033,0.000664638,1787100000
1787100180,0.000355416,4.70476e-05,0.000465152,-1.04553e-05,0.000386513,0.52294,9.47819e-05,9.59586e-05,0.0749877,-0.000668825,-0.000487098,-0.000211174,-7.11012e-05,2.07061e-05,0.000115777,0.000255893,0.000489145,0.000690519,0.000103472,0.000103397,0.000103082,0.000102004,0.000114721,0.000104566,8.6132e-05,8.39515e-05,0.000313082,1.16057e-05,0.000306077,-0.000310261,0.000240979,0,0.478299,-0.000634905,-0.000223172,0.000244862,0.000608153,1787100000
1787100240,-5.22579e-06,5.22577e-06,2.61286e-05,-3.65811e-05,0.000385916,0.514204,4.00937e-05,4.0188e-05,0.0574393,-0.000663056,-0.000510635,-0.000228707,-8.05378e-05,1.30778e-05,9.46965e-05,0.000243006,0.00046566,0.000674726,3.02427e-05,3.6484e-05,3.74078e-05,3.07493e-05,4.53953e-05,4.39943e-05,4.74666e-05,3.79058e-05,0.0003095,7.69804e-05,0.000363758,-0.000343735,0.000293217,0,0.47846,-0.00068593,-0.000253203,0.000262208,0.000683764,1787100000
1787100300,-0.000360646,-2.09034e-05,-1.04517e-05,-0.000376329,0.000382038,0.502761,0.000101589,0.000102119,0.0630413,-0.000584895,-0.000457662,-0.000208853,-6.79737e-05,1.81524e-06,7.33139e-05,0.000178377,0.000369059,0.000562799,0.000103846,0.000103813,0.000104114,0.000109212,9.24118e-05,0.000104765,9.95532e-05,0.000100936,0.000254675,4.61352e-06,0.000313896,-0.000275684,0.000166601,0,0.471091,-0.000590959,-0.000219908,0.000191954,0.000543993,1787100300
1787100360,0.000219539,5.22768e-06,0.00030316,5.22768e-06,0.000381622,0.504646,6.26528e-05,6.38528e-05,0.0600009,-0.000597149,-0.000447943,-0.000202631,-7.14789e-05,3.36008e-06,7.98531e-05,0.000196546,0.000396374,0.000585818,6.57443e-05,6.55326e-05,6.50737e-05,6.39959e-05,7.59306e-05,6.51474e-05,5.75615e-05,6.16492e-05,0.000260286,3.24248e-05,0.000300939,-0.00029531,0.000216515,0,0.469402,-0.000616411,-0.000228316,0.000216781,0.000581828,1787100300
1787100420,4.70378e-05,0,0.000188138,-0.000130672,0.00037906,0.500663,3.48539e-05,3.50055e-05,0.0609829,-0.000556277,-0.000412151,-0.000196594,-7.25173e-05,2.02968e-07,7.86462e-05,0.00018725,0.00037867,0.000566192,3.25852e-05,3.77657e-05,3.68967e-05,2.75612e-05,4.47504e-05,3.29171e-05,3.87401e-05,3.07499e-05,0.000250795,4.86605e-05,0.000311271,-0.000285131,0.000225233,0,0.474725,-0.00058382,-0.000214615,0.000216051,0.000574158,1787100300
1787100480,0.000350101,-3.13583e-05,0.000485928,-3.13583e-05,0.000375309,0.500994,9.97803e-05,0.000100339,0.0699918,-0.000544456,-0.000408754,-0.000192814,-7.10784e-05,6.15706e-07,7.40622e-05,0.000180435,0.000358714,0.000545349,0.000102,0.000101683,0.000101051,0.000100506,0.00010943,0.000103378,9.5811e-05,0.000103119,0.000244128,5.13458e-05,0.000316818,-0.000278982,0.000216744,0,0.468284,-0.000579246,-0.000213771,0.000205524,0.000579791,1787100300
1787100540,-8.88199e-05,-3.13473e-05,-3.13473e-05,-0.000360553,0.000374821,0.505837,3.96855e-05,4.0381e-05,0.0683414,-0.00055988,-0.000429498,-0.000203015,-7.17438e-05,4.39017e-06,7.88867e-05,0.000201989,0.00038585,0.000574323,3.83961e-05,4.12724e-05,3.98419e-05,3.6246e-05,4.20558e-05,3.57474e-05,4.60914e-05,3.9126e-05,0.000263364,9.05246e-05,0.000355861,-0.000298482,0.000252501,0,0.466702,-0.000611486,-0.000234097,0.000217098,0.000622418,1787100300
1787100600,-0.000601048,5.22492e-06,5.22492e-06,-0.000909552,0.000371267,0.502741,0.000201732,0.000199566,0.0771922,-0.000534118,-0.00040678,-0.000180674,-6.7586e-05,1.75801e-06,7.37049e-05,0.000188979,0.000362671,0.000541533,0.000197448,0.000187762,0.000196345,0.000210188,0.000176217,0.000220891,0.000199887,0.0002058,0.000242027,6.07727e-05,0.000319558,-0.000276253,0.000212795,0,0.47034,-0.000575435,-0.000206377,0.000208898,0.000591302,1787100600
1787100660,0.000386803,2.09121e-05,0.000710766,-0.000282356,0.000377237,0.513584,0.000106198,0.000107028,0.0449605,-0.000644874,-0.000479605,-0.000223119,-7.79425e-05,1.20144e-05,0.000107595,0.000241975,0.000475604,0.000671421,0.000112159,0.00011195,0.000111471,0.000111771,0.000121186,0.00011209,9.90919e-05,0.000100427,0.00030614,0.00010072,0.000421833,-0.000316944,0.000290392,8.11207e-06,0.471761,-0.000636052,-0.000231527,0.000243205,0.000636542,1787100600
1787100720,4.70334e-05,-5.22607e-06,0.000109741,-0.000151567,0.00037743,0.500447,4.29108e-05,4.30198e-05,0.0437021,-0.000652395,-0.000495411,-0.000237875,-9.15313e-05,3.56781e-07,9.34626e-05,0.000251978,0.000497766,0.000708839,3.26888e-05,3.74499e-05,3.72855e-05,4.5186e-05,4.55931e-05,4.00566e-05,5.41608e-05,4.06433e-05,0.000320586,0.000115185,0.000468376,-0.000344002,0.000334287,2.02465e-05,0.468015,-0.000670892,-0.000253102,0.000261191,0.000702206,1787100600
1787100780,3.13544e-05,5.22579e-06,0.000313499,-3.65813e-05,0.000373696,0.506042,3.74095e-05,3.72185e-05,0.0508579,-0.000588585,-0.000459043,-0.000207036,-7.81413e-05,4.87402e-06,9.13809e-05,0.000220383,0.000415509,0.000603571,3.18094e-05,3.606e-05,3.4912e-05,3.34247e-05,4.28141e-05,2.96694e-05,4.65528e-05,3.60367e-05,0.000280623,7.08972e-05,0.000412774,-0.000298017,0.000231342,0,0.471734,-0.000623405,-0.000224913,0.000223377,0.000632429,1787100600
1787100840,0.000198555,5.22563e-06,0.00064777,-6.79357e-05,0.000369967,0.505052,5.76267e-05,5.73883e-05,0.0613692,-0.00055705,-0.000424007,-0.000199344,-7.3885e-05,3.95669e-06,7.75265e-05,0.000201311,0.000387092,0.000569532,5.98649e-05,5.9508e-05,5.88487e-05,5.91173e-05,6.55257e-05,5.85575e-05,6.50716e-05,5.39066e-05,0.000260796,9.14545e-05,0.000424776,-0.000285564,0.000231415,0,0.457117,-0.000598517,-0.000228027,0.000201162,0.000597379,1787100600
1787100900,-0.000177652,0.000125383,0.000156726,-0.000318752,0.000367323,0.505719,5.63792e-05,5.71954e-05,0.0708498,-0.000588476,-0.000456341,-0.000218145,-7.77995e-05,4.63163e-06,8.69822e-05,0.000218632,0.000427478,0.00061703,5.32694e-05,5.5282e-05,5.31526e-05,5.93889e-05,5.32737e-05,5.14906e-05,6.01006e-05,5.89879e-05,0.000283996,0.000131119,0.000461756,-0.000315296,0.00029085,2.36808e-05,0.459341,-0.000640023,-0.00024719,0.000225523,0.000658526,1787100900
1787100960,-0.000292673,-9.4064e-05,-9.4064e-05,-0.000292673,0.000364498,0.50141,8.30845e-05,8.41294e-05,0.0706024,-0.000578362,-0.000430466,-0.000197395,-8.05911e-05,1.48973e-06,7.46483e-05,0.000204048,0.000393963,0.000578133,8.50684e-05,8.45996e-05,8.46303e-05,8.43781e-05,7.62181e-05,8.31273e-05,8.19783e-05,8.31741e-05,0.000262174,0.000108615,0.000409507,-0.000272222,0.000219719,0,0.463967,-0.000580932,-0.00021134,0.000200677,0.000592195,1787100900
1787101020,-0.000209104,0,0,-0.000214333,0.000363201,0.501351,6.0599e-05,6.10671e-05,0.0612761,-0.000539236,-0.00039911,-0.000181233,-6.44008e-05,8.1194e-07,6.7043e-05,0.000177702,0.000360707,0.00053632,6.17497e-05,6.12561e-05,6.13672e-05,6.02111e-05,5.51966e-05,5.9787e-05,6.14462e-05,6.1289e-05,0.000233815,6.03674e-05,0.000322508,-0.000229029,0.000155558,0,0.467915,-0.000513689,-0.00017577,0.000165445,0.000490836,1787100900
1787101080,-6.27398e-05,0,0,-0.000366038,0.000360765,0.502341,3.44499e-05,3.42655e-05,0.0628606,-0.000541705,-0.000397725,-0.000180118,-6.34952e-05,1.17448e-06,7.31573e-05,0.000184719,0.000366009,0.000542071,3.40637e-05,3.60589e-05,3.25501e-05,2.86292e-05,3.50029e-05,2.97589e-05,3.989e-05,3.64177e-05,0.000238108,5.18447e-05,0.000311222,-0.000238526,0.000166171,0,0.470641,-0.000535116,-0.000181084,0.000177916,0.000513823,1787100900
1787101140,-0.000198702,4.70553e-05,4.70553e-05,-0.000303298,0.000357249,0.505541,6.06969e-05,6.05659e-05,0.0746737,-0.000549931,-0.000382869,-0.000173469,-5.81327e-05,2.99131e-06,7.52515e-05,0.000200068,0.000381811,0.000554836,5.87423e-05,5.81927e-05,5.81913e-05,5.78656e-05,5.07303e-05,5.73783e-05,6.17189e-05,6.63672e-05,0.000247174,7.00833e-05,0.000344376,-0.000255575,0.000210226,0,0.478769,-0.000540345,-0.000180749,0.000203523,0.000551534,1787100900
1787101200,3.6606e-05,-5.22954e-06,0.000261442,-0.000245818,0.000354773,0.503035,3.52938e-05,3.51953e-05,0.081458,-0.00058186,-0.000433099,-0.000196804,-6.98127e-05,2.006e-06,7.77427e-05,0.000204064,0.000394108,0.000568098,3.20876e-05,3.37995e-05,2.92101e-05,3.98189e-05,3.62188e-05,2.69436e-05,4.78861e-05,3.3942e-05,0.000261995,0.000168571,0.000490622,-0.000287414,0.000340554,0.000116939,0.470238,-0.000612656,-0.000219772,0.000213654,0.00059148,1787101200
1787101260,-3.13765e-05,0,0.000371214,-9.41324e-05,0.000351246,0.507036,3.27168e-05,3.21431e-05,0.0983011,-0.000521871,-0.000388218,-0.000172228,-6.23979e-05,4.6216e-06,7.13452e-05,0.000185773,0.000368782,0.000529957,3.17258e-05,3.30286e-05,2.77622e-05,3.27994e-05,3.06358e-05,2.36322e-05,3.84898e-05,3.60848e-05,0.000235406,6.86254e-05,0.000351196,-0.000261686,0.000229209,0,0.471042,-0.000558148,-0.000194983,0.000200651,0.000568132,1787101200
1787101320,0.000219615,7.32103e-05,0.000219615,-0.000376595,0.000347744,0.500659,6.20764e-05,6.38576e-05,0.123645,-0.000484965,-0.000361556,-0.000165023,-5.54502e-05,-3.04494e-08,6.22906e-05,0.000161502,0.000355433,0.00049568,6.57971e-05,6.50729e-05,6.39887e-05,6.48433e-05,7.31273e-05,6.40024e-05,6.38927e-05,5.5625e-05,0.000212878,8.28834e-05,0.000353651,-0.00023563,0.000198681,4.41201e-06,0.465001,-0.00051431,-0.000184613,0.00016987,0.000507004,1787101200
1787101380,0.000339785,-0.000230074,0.000339785,-0.00033467,0.000345647,0.500685,9.33111e-05,9.45362e-05,0.110856,-0.000500526,-0.000381531,-0.00017696,-5.86855e-05,-3.93645e-07,7.38381e-05,0.000202905,0.000398824,0.000537448,9.91001e-05,9.84151e-05,9.99794e-05,9.85778e-05,0.000106639,9.99997e-05,9.25742e-05,8.57161e-05,0.000250728,0.000112569,0.000395174,-0.000251206,0.000224548,0,0.478086,-0.0005321,-0.000183693,0.000197556,0.000567653,1787101200
1787101440,-5.22659e-06,0,0.000151559,-0.000209085,0.000345531,0.501172,3.24764e-05,3.19658e-05,0.0777571,-0.00054199,-0.00040061,-0.000185871,-6.40537e-05,6.61913e-07,6.70923e-05,0.000204741,0.000403843,0.000541831,3.02004e-05,3.08108e-05,2.56856e-05,3.38451e-05,3.07323e-05,2.62246e-05,4.40724e-05,3.29912e-05,0.000256581,0.000123747,0.000403468,-0.000269041,0.000247252,0,0.480718,-0.000562125,-0.000205544,0.000202513,0.000590905,1787101200
1787101500,0.000256071,0,0.000256071,-8.36291e-05,0.000342059,0.493139,7.36926e-05,7.45288e-05,0.0781552,-0.000497182,-0.000362538,-0.000173712,-6.02958e-05,-4.06832e-06,5.54342e-05,0.000171091,0.000360332,0.00050869,7.54629e-05,7.50562e-05,7.39836e-05,7.49071e-05,7.81793e-05,7.34372e-05,7.49378e-05,7.15566e-05,-0.000224549,0.000306423,0.000133575,-0.000231009,0.000187781,0,0.472439,-0.000497616,-0.000178483,0.000168039,0.000519765,1787101500
1787101560,0.00123762,0,0.00123762,0,0.000340552,0.501678,0.000524766,0.000524077,0.0807109,-0.00050044,-0.000371073,-0.000170926,-5.51786e-05,7.24055e-07,6.0381e-05,0.000183929,0.000355651,0.000510428,0.000515586,0.00051903,0.000538605,0.00052109,0.000537571,0.000538805,0.000506923,0.000522069,0.000232656,0.000101393,0.00033693,-0.000236356,0.000195237,0,0.486361,-0.00050539,-0.000178416,0.000178525,0.000535298,1787101500
1787101620,4.69681e-05,0,0.000250471,-0.000281855,0.000379856,0.491048,5.25197e-05,5.18697e-05,0.314596,-0.000796916,-0.00062897,-0.000310493,-0.000113884,-9.19464e-06,9.5038e-05,0.000290639,0.000581396,0.000880234,3.25095e-05,3.77443e-05,4.41594e-05,3.86308e-05,4.84492e-05,6.17095e-05,6.53081e-05,5.47603e-05,-0.000393228,0.000553364,0.00014703,-0.000378406,0.000363993,4.48329e-06,0.461262,-0.000733596,-0.000301671,0.000260375,0.000814018,1787101500
1787101680,-9.39384e-05,-6.26246e-05,-6.26246e-05,-0.000323603,0.000376096,0.486388,4.75426e-05,4.70161e-05,0.254579,-0.000712641,-0.000567181,-0.000272803,-0.000102429,-1.18414e-05,7.66532e-05,0.000234404,0.000518183,0.00078986,3.96944e-05,4.22424e-05,4.59515e-05,4.23629e-05,5.2533e-05,5.4589e-05,5.16578e-05,4.80501e-05,-0.000335917,0.000394277,6.89119e-05,-0.000331019,0.000280392,0,0.458545,-0.000679654,-0.000269852,0.000223129,0.000736663,1787101500
1787101740,0.000354832,2.0876e-05,0.000433087,2.0876e-05,0.000372553,0.490304,0.000103597,0.000103543,0.205406,-0.000637515,-0.00047479,-0.000213795,-7.34767e-05,-7.37304e-06,7.00935e-05,0.000213532,0.000458737,0.000705142,0.000102744,0.000102994,0.000102962,0.000102087,9.63232e-05,0.000104246,0.000102771,0.00010576,-0.000277809,0.000337432,6.87736e-05,-0.000291216,0.00022459,0,0.470719,-0.000606656,-0.000220154,0.000217034,0.000669099,1787101500
1787101800,-0.000641921,-1.56517e-05,-1.56517e-05,-0.000641921,0.000372207,0.491913,0.000193314,0.000194328,0.212814,-0.000677809,-0.000515576,-0.000238012,-8.52902e-05,-5.87362e-06,6.88125e-05,0.000221374,0.000467743,0.000706643,0.000218429,0.000207731,0.000197934,0.000222466,0.000206656,0.000199098,0.000190014,0.000181289,-0.000301139,0.000391807,5.01819e-05,-0.000314886,0.000270824,0,0.47504,-0.000643427,-0.000244786,0.000229665,0.000693686,1787101800
1787101860,-5.22068e-05,0,3.65431e-05,-0.0001984,0.000379485,0.494455,4.28596e-05,4.22187e-05,0.179524,-0.000714937,-0.000536555,-0.000242666,-8.0708e-05,-4.54268e-06,7.69811e-05,0.000239353,0.000482241,0.000698596,3.28025e-05,3.79239e-05,4.30725e-05,3.33953e-05,4.7237e-05,5.72292e-05,5.07812e-05,3.65189e-05,-0.000313743,0.000392878,4.6763e-05,-0.000318605,0.000265137,0,0.472515,-0.000662586,-0.000247646,0.000230334,0.000670294,1787101800
1787101920,-5.74306e-05,-5.22095e-05,-5.22095e-05,-0.000417752,0.000375743,0.497042,3.91205e-05,3.81853e-05,0.147688,-0.000629666,-0.000469619,-0.000205095,-6.12708e-05,-2.70721e-06,7.03379e-05,0.000220468,0.000457179,0.00066217,3.35618e-05,3.76943e-05,4.16001e-05,3.06362e-05,4.58233e-05,4.56611e-05,4.34399e-05,3.46853e-05,-0.000279373,0.00032606,7.6125e-06,-0.000267885,0.000212536,0,0.482417,-0.000574517,-0.000192634,0.000211021,0.000608512,1787101800
1787101980,0.000365411,0,0.00037063,0,0.000372056,0.505163,0.000102217,0.000102419,0.126522,-0.000605554,-0.000442865,-0.000186252,-4.59336e-05,1.44362e-06,7.03026e-05,0.000219168,0.000441282,0.000637947,0.000105738,0.000105883,0.000105735,0.000104953,0.000103831,0.000106489,9.61406e-05,0.000100155,0.000269208,7.46606e-05,0.000293157,-0.000285879,0.000243823,0,0.48767,-0.000599758,-0.00020218,0.000228147,0.000638268,1787101800
1787102040,-0.000349748,0,0,-0.000616056,0.000371924,0.503671,0.0001012,0.000102881,0.111987,-0.000600329,-0.000453849,-0.000197711,-5.13684e-05,1.23082e-06,6.777e-05,0.000215678,0.000418573,0.000635313,0.000101168,0.000100513,0.000101243,0.000103484,0.000100997,0.000101407,9.98428e-05,0.000102336,0.000271831,7.63531e-05,0.000283856,-0.000286539,0.000240928,0,0.482719,-0.000601379,-0.000220758,0.00021309,0.000626906,1787101800
1787102100,-0.000496121,0,0,-0.000496121,0.000371493,0.487051,0.000139747,0.000140841,0.0855698,-0.000683391,-0.000509616,-0.000229515,-7.4412e-05,-1.00199e-05,6.88451e-05,0.000224154,0.000466423,0.000674206,0.000151489,0.000147191,0.00014343,0.000145272,0.000138998,0.000148649,0.000139452,0.000137494,-0.000295649,0.000422512,0.000116582,-0.000328048,0.000307269,1.66427e-05,0.480441,-0.000678756,-0.00025203,0.000238234,0.000697943,1787102100
1787102160,-0.00024554,-1.5671e-05,-1.5671e-05,-0.00025599,0.000374393,0.491242,7.20585e-05,7.25702e-05,0.0707729,-0.000651726,-0.00047766,-0.000214882,-6.3135e-05,-6.51407e-06,6.76657e-05,0.000223725,0.000451635,0.000661329,7.19867e-05,7.14649e-05,7.22775e-05,7.06222e-05,6.97086e-05,7.3925e-05,7.66215e-05,7.02416e-05,-0.000286559,0.000363857,1.8051e-05,-0.000278298,0.000236954,0,0.483438,-0.0006,-0.000208094,0.000213354,0.000609067,1787102100
1787102220,-0.000245601,-5.22492e-06,-5.22492e-06,-0.000245601,0.000372253,0.495606,7.22132e-05,7.21346e-05,0.0594712,-0.000619271,-0.00044964,-0.000202832,-5.78624e-05,-3.38022e-06,6.40964e-05,0.00019922,0.000413301,0.000620802,7.19851e-05,7.14284e-05,7.21799e-05,7.03541e-05,6.83523e-05,7.30706e-05,7.62784e-05,7.14676e-05,-0.000261786,0.000281312,0,-0.000255939,0.000186776,0,0.483252,-0.000561941,-0.000189684,0.000197237,0.000550006,1787102100
1787102280,-0.000229979,0,0,-0.000595963,0.000370145,0.502245,6.8734e-05,6.80718e-05,0.0543125,-0.000601915,-0.000438272,-0.000196447,-5.52507e-05,8.3225e-07,6.45898e-05,0.00019428,0.000395379,0.000598041,6.75052e-05,6.7061e-05,6.77379e-05,6.59017e-05,6.44537e-05,6.75923e-05,7.10476e-05,7.07418e-05,0.000254219,1.32824e-05,0.00024584,-0.000259427,0.000187812,0,0.482914,-0.000571116,-0.000195172,0.000198003,0.000553283,1787102100
1787102340,0.000689778,5.22725e-05,0.000715896,4.70454e-05,0.000367865,0.49845,0.000228082,0.000228826,0.0642106,-0.000622859,-0.000471027,-0.000218751,-6.41292e-05,-1.69991e-06,7.31781e-05,0.000218767,0.000449025,0.000623051,0.000241983,0.000233794,0.000231902,0.00023086,0.000237131,0.000248293,0.000203824,0.000228003,-0.000284389,0.00034709,4.6278e-05,-0.000288511,0.000261495,0,0.490645,-0.000595572,-0.000203139,0.000231603,0.000607025,1787102100
1787102400,0.000146255,5.22377e-06,0.000198484,-0.000146277,0.000377007,0.493537,5.40571e-05,5.51881e-05,0.0305884,-0.00066366,-0.000502911,-0.000249278,-7.84853e-05,-4.96639e-06,7.23618e-05,0.000241311,0.000464277,0.000686014,4.81178e-05,5.14611e-05,5.39907e-05,4.81491e-05,5.76484e-05,6.37228e-05,5.75252e-05,5.10121e-05,-0.000319569,0.000398732,4.91783e-05,-0.000321277,0.000299179,0,0.482931,-0.000646466,-0.000243842,0.000242673,0.000677654,1787102400
1787102460,-0.000412704,0.000104455,0.000104455,-0.000412704,0.000373791,0.480713,0.000114943,0.00011454,0.0352656,-0.00062805,-0.000477194,-0.000234724,-7.78579e-05,-1.42639e-05,6.11888e-05,0.000205395,0.000423128,0.000634644,0.000118896,0.000117867,0.000118653,0.000122495,0.000113817,0.000120388,0.000114322,0.000110683,-0.000289175,0.000315247,1.75272e-05,-0.000279737,0.000224002,0,0.476622,-0.000583341,-0.000218875,0.000202947,0.000602079,1787102400
1787102520,0.000156743,5.22517e-06,0.00042315,-7.31552e-05,0.000374608,0.486075,5.42375e-05,5.53238e-05,0.0323041,-0.000657421,-0.000482285,-0.000229575,-7.48493e-05,-1.01852e-05,6.44584e-05,0.000209115,0.000432646,0.000648118,4.99058e-05,5.29167e-05,5.47486e-05,4.73074e-05,5.96851e-05,6.01555e-05,5.5338e-05,5.27998e-05,-0.000287568,0.000327428,4.96838e-05,-0.000297634,0.000248278,0,0.47584,-0.000624076,-0.000229606,0.000221907,0.000639997,1787102400
1787102580,-0.00047553,0,0,-0.000522573,0.000371505,0.4888,0.000135378,0.000134033,0.0371703,-0.000639488,-0.000471381,-0.000235174,-7.47867e-05,-8.49331e-06,6.88284e-05,0.000217858,0.00045184,0.000650593,0.000142967,0.000139196,0.000136255,0.000142733,0.000130049,0.000139418,0.00013419,0.000134958,-0.000296571,0.000349281,6.4534e-05,-0.000309491,0.000279699,0,0.472856,-0.000624177,-0.000232101,0.000235005,0.000660972,1787102400
1787102640,-0.000303203,-4.18156e-05,7.31732e-05,-0.000308431,0.00037387,0.498234,8.88276e-05,8.76312e-05,0.0321366,-0.000677831,-0.000488606,-0.000238006,-6.9307e-05,-2.02115e-06,8.00654e-05,0.000233488,0.00045543,0.00066158,8.76425e-05,8.73228e-05,8.80985e-05,8.66067e-05,8.00039e-05,8.99283e-05,9.20383e-05,8.92893e-05,-0.000306872,0.000357001,4.33777e-05,-0.000314863,0.000268519,0,0.483183,-0.000651286,-0.000233099,0.000242316,0.000664272,1787102400
1787102700,-0.00100436,2.09135e-05,2.09135e-05,-0.00100436,0.000372588,0.496473,0.000382596,0.000378435,0.0359101,-0.000651461,-0.000477644,-0.000234202,-7.19251e-05,-2.65155e-06,7.03651e-05,0.000208837,0.000432474,0.000631659,0.000398462,0.000389535,0.000383952,0.000411228,0.00036451,0.000368949,0.000386219,0.000378714,-0.000290597,0.000298174,3.02661e-05,-0.000276972,0.000227235,0,0.481947,-0.000579767,-0.000203982,0.000216573,0.000574538,1787102700
1787102760,0.00146436,7.32689e-05,0.00152707,5.75689e-05,0.000395247,0.522131,0.000574408,0.000575651,0.0330861,-0.000837373,-0.000590089,-0.000273423,-7.59274e-05,2.11302e-05,0.000127723,0.000318463,0.000586991,0.000793705,0.000629019,0.000609331,0.000586996,0.000626356,0.000616882,0.000547603,0.000547549,0.000562785,0.000391991,3.69234e-05,0.000401173,-0.000366989,0.000368114,0,0.496758,-0.000730653,-0.000251735,0.00029475,0.000711809,1787102700
1787102820,0.000444114,4.70331e-05,0.000950685,4.70331e-05,0.000442699,0.492449,0.000125912,0.00012845,0.152588,-0.000912186,-0.000692709,-0.000344514,-0.000112402,-8.7016e-06,0.000108179,0.000339687,0.000666483,0.000969424,0.000133401,0.000129022,0.000130271,0.000128062,0.000129403,0.000127094,0.00012241,0.000125191,-0.000445262,0.00055509,8.54286e-05,-0.000477586,0.00049857,0,0.474542,-0.000878298,-0.000350344,0.000356256,0.000952371,1787102700
1787102880,-0.000407532,0,5.22369e-06,-0.000538186,0.000442727,0.481813,0.000113914,0.00011231,0.134881,-0.000907344,-0.000708798,-0.000349901,-0.000122736,-2.05061e-05,9.40183e-05,0.000305473,0.000618432,0.000924291,0.000116836,0.00011727,0.000119502,0.000116836,0.000114869,0.000117617,0.000111566,0.000113124,-0.00043058,0.000476757,4.13471e-05,-0.00045127,0.000419623,1.00008e-06,0.462462,-0.000875943,-0.000362517,0.000304977,0.000907505,1787102700
1787102940,0.000266482,-8.36168e-05,0.000266482,-0.000130654,0.000442051,0.485541,8.06453e-05,8.26443e-05,0.106951,-0.000817695,-0.00061146,-0.000303343,-0.000106878,-1.44811e-05,8.7439e-05,0.000279405,0.000566535,0.000843529,7.86631e-05,7.95109e-05,8.78255e-05,7.82113e-05,8.47637e-05,8.57635e-05,8.06873e-05,7.93729e-05,-0.000381703,0.000389636,1.70945e-05,-0.000389168,0.000319586,0,0.470036,-0.000780345,-0.000303478,0.000282681,0.000808381,1787102700
1787103000,-0.00015152,-1.04489e-05,0.000114931,-0.000188098,0.000439228,0.488176,5.9534e-05,5.96072e-05,0.0878914,-0.000789491,-0.000604656,-0.00028755,-9.54189e-05,-1.21061e-05,9.20339e-05,0.00027779,0.000546481,0.000795031,4.9214e-05,5.7592e-05,6.6356e-05,5.24922e-05,6.11567e-05,6.23866e-05,6.55508e-05,5.42095e-05,-0.000368525,0.000379696,2.33118e-05,-0.000407687,0.000353194,0,0.483442,-0.000783637,-0.000308844,0.000302274,0.000800014,1787103000
1787103060,-0.000757946,0,0,-0.000878225,0.000435341,0.478945,0.000234216,0.000230627,0.0740611,-0.000782315,-0.000578761,-0.000279165,-0.00010454,-2.09407e-05,8.02573e-05,0.000255852,0.00052386,0.000774297,0.000275125,0.000240736,0.000223873,0.000273339,0.000226312,0.000246422,0.000230543,0.000239529,-0.000350958,0.000383796,1.29283e-06,-0.00038859,0.000308598,0,0.47321,-0.000800032,-0.000299872,0.000286563,0.000843455,1787103000
1787103120,0.000214374,0,0.000517556,0,0.000444096,0.505954,6.93682e-05,7.16676e-05,0.0665572,-0.000849049,-0.00061376,-0.00029924,-8.94647e-05,5.12931e-06,0.000125526,0.00032057,0.000633711,0.000867796,6.43819e-05,6.91712e-05,7.74973e-05,6.48607e-05,7.70349e-05,7.92619e-05,6.95558e-05,6.30909e-05,0.000406128,4.18039e-05,0.000399903,-0.000388036,0.000360585,0,0.481292,-0.000786468,-0.000283994,0.000302044,0.000797089,1787103000
1787103180,0.00051222,-5.22809e-06,0.000601048,-5.22809e-06,0.000440677,0.495079,0.000144985,0.000147673,0.0568403,-0.000790566,-0.000565143,-0.000286553,-8.98897e-05,-4.9124e-06,9.1429e-05,0.000261169,0.000542778,0.000777404,0.00015976,0.00014787,0.000148398,0.000154414,0.000149842,0.000147857,0.000139131,0.000145571,-0.00035895,0.000338717,0,-0.000356022,0.000314392,0,0.477436,-0.000720028,-0.000267563,0.00027246,0.0007236,1787103000
1787103240,-0.00013587,0,0.000271684,-0.000162,0.000442221,0.495768,5.72454e-05,5.72798e-05,0.0511328,-0.000794559,-0.000600223,-0.000300848,-0.00010406,-4.10748e-06,9.51241e-05,0.000277465,0.00054451,0.000787474,4.66969e-05,5.50774e-05,6.1757e-05,4.75799e-05,5.75048e-05,6.39287e-05,6.41083e-05,5.20202e-05,-0.000378206,0.000405694,0,-0.000387994,0.000348348,0,0.48131,-0.000782044,-0.000297614,0.00029079,0.000811241,1787103000
1787103300,-0.000381579,-3.13571e-05,-3.13571e-05,-0.000449546,0.000438198,0.483893,0.000107242,0.000105003,0.046908,-0.000723899,-0.00054603,-0.000274255,-0.00010339,-1.45929e-05,7.77601e-05,0.00023418,0.000490816,0.000731398,0.000109584,0.000109819,0.000111313,0.000108895,0.000104063,0.000111914,0.000102896,0.000106198,-0.000335709,0.000312224,0,-0.000339667,0.000270537,0,0.465631,-0.000708853,-0.000276228,0.000237704,0.000702828,1787103300
1787103360,0.000595826,6.7963e-05,0.000893606,-0.000115025,0.000437137,0.485146,0.000177202,0.000181855,0.0395836,-0.000717889,-0.000533451,-0.000261944,-9.01481e-05,-1.42837e-05,8.36228e-05,0.000244599,0.000499203,0.00072569,0.000193376,0.000178562,0.000171292,0.000194968,0.000176275,0.000172651,0.000170097,0.000184177,-0.000331443,0.000324755,0,-0.000344012,0.000271139,0,0.480138,-0.000720281,-0.000260121,0.000263236,0.000720382,1787103300
1787103420,-0.000360589,-1.56751e-05,-1.56751e-05,-0.000438995,0.000440871,0.486753,0.000102562,0.000100191,0.0272852,-0.000806531,-0.000617641,-0.000323679,-0.000113115,-1.37532e-05,9.18354e-05,0.000294089,0.000618289,0.000871532,0.000103797,0.000104008,0.00010541,0.00010382,9.90235e-05,0.000104984,0.000101667,0.000102236,-0.000405636,0.000475094,7.01609e-05,-0.000405927,0.000397969,0,0.47495,-0.000798201,-0.000306406,0.000306646,0.000860338,1787103300
1787103480,-0.000162046,5.22686e-06,5.22674e-05,-0.000182957,0.000439409,0.484395,5.84943e-05,5.78791e-05,0.0264954,-0.000746095,-0.000560002,-0.000281813,-0.000103368,-1.41085e-05,7.80571e-05,0.000254952,0.00050966,0.000744656,5.11016e-05,5.88533e-05,6.32534e-05,5.1728e-05,6.02907e-05,6.66442e-05,6.31729e-05,5.26904e-05,-0.000351971,0.00034858,1.65911e-05,-0.000348439,0.000269323,0,0.478429,-0.000737454,-0.000270931,0.000259196,0.00073788,1787103300
1787103540,-6.79627e-05,-2.61389e-05,5.22771e-06,-0.000407845,0.000435596,0.47974,4.28166e-05,4.2439e-05,0.0351831,-0.000688734,-0.000519679,-0.000258145,-9.53648e-05,-1.77657e-05,7.16659e-05,0.000230322,0.000470555,0.000689277,3.54211e-05,4.47071e-05,4.93347e-05,3.33981e-05,5.07631e-05,4.60169e-05,4.43912e-05,3.86232e-05,-0.000320979,0.000281988,0,-0.000308716,0.000220308,0,0.476993,-0.000667006,-0.000237502,0.00023049,0.000659003,1787103300
1787103600,-2.09125e-05,0,1.56841e-05,-0.00013071,0.000431325,0.486114,4.10007e-05,4.02818e-05,0.0516825,-0.000672111,-0.000505214,-0.000243928,-8.13011e-05,-1.28862e-05,8.16365e-05,0.000255649,0.000494059,0.000698416,3.17077e-05,4.14883e-05,4.4717e-05,3.56441e-05,4.71301e-05,3.21449e-05,4.67448e-05,3.87523e-05,-0.000326253,0.000329453,1.68448e-05,-0.000339183,0.00028416,0,0.487588,-0.00070079,-0.00024196,0.000271853,0.000727692,1787103600
1787103660,-0.000449725,0,0,-0.00049157,0.000427001,0.477528,0.000130114,0.000126044,0.081394,-0.000614638,-0.000455671,-0.000219307,-6.93349e-05,-1.6508e-05,5.86612e-05,0.000207931,0.000422928,0.000607624,0.000132758,0.000128462,0.00012929,0.000138727,0.000121628,0.000148434,0.000131352,0.000134439,-0.000279022,0.000243818,0,-0.000274476,0.000182607,0,0.482874,-0.000587245,-0.000198697,0.000207644,0.000579956,1787103600
1787103720,4.18434e-05,7.8455e-05,0.000355613,-4.18452e-05,0.000427467,0.490372,3.97752e-05,4.10623e-05,0.0581403,-0.000663444,-0.000495011,-0.00024048,-7.49533e-05,-8.86267e-06,8.4899e-05,0.000235328,0.000453679,0.000665473,3.28675e-05,4.24688e-05,4.43546e-05,3.09377e-05,5.02159e-05,3.40838e-05,4.19596e-05,3.75539e-05,-0.000309736,0.000296839,3.67967e-06,-0.000308252,0.00024702,0,0.487008,-0.000663149,-0.000230741,0.000237595,0.000639014,1787103600
1787103780,-6.79964e-05,0,0,-0.000371421,0.000423212,0.485377,4.07075e-05,3.95272e-05,0.0850156,-0.000639779,-0.000472122,-0.000235733,-7.8938e-05,-1.23527e-05,7.38167e-05,0.000214167,0.000433924,0.000635044,3.5349e-05,4.29179e-05,4.35848e-05,3.47509e-05,4.76573e-05,3.0838e-05,4.28353e-05,4.18744e-05,-0.000294779,0.000281556,2.67993e-05,-0.000294618,0.000246086,0,0.481638,-0.000624184,-0.000220525,0.000224757,0.000621135,1787103600
1787103840,0.000386995,-2.09229e-05,0.000444508,-0.000125544,0.000419069,0.484218,0.000106504,0.000110634,0.129646,-0.00060591,-0.00045066,-0.000220425,-6.19798e-05,-1.30684e-05,7.14115e-05,0.000217665,0.00041904,0.000612268,0.00011214,0.000112866,0.000112266,0.000111408,0.000117276,0.000122455,0.000103673,0.000101191,-0.000284972,0.000289576,3.04462e-05,-0.000292248,0.000236945,0,0.492322,-0.000619419,-0.000205789,0.000235884,0.00062947,1787103600
1787103900,-7.84328e-05,-3.13724e-05,2.61429e-05,-0.000350381,0.000418452,0.477839,4.31033e-05,4.18014e-05,0.0876112,-0.000654408,-0.000516654,-0.000264207,-8.92287e-05,-1.9241e-05,6.92575e-05,0.000221958,0.000450541,0.000644829,3.7046e-05,4.27675e-05,4.22446e-05,4.02287e-05,4.81635e-05,3.35872e-05,5.17708e-05,4.18451e-05,-0.000319655,0.000350789,0.000104947,-0.000333153,0.000297257,3.17003e-05,0.485725,-0.000677986,-0.000259099,0.000247499,0.000673169,1787103900
1787103960,0.000203913,5.22905e-06,0.000203913,-4.70626e-05,0.000414394,0.464662,6.12755e-05,6.49037e-05,0.123435,-0.000597551,-0.000452028,-0.000236335,-8.14999e-05,-2.75654e-05,5.20977e-05,0.000192333,0.000397141,0.000591996,6.12683e-05,6.39232e-05,6.24971e-05,6.06628e-05,6.9463e-05,5.88311e-05,6.04686e-05,6.32424e-05,-0.000282609,0.000276268,3.06847e-05,-0.000286529,0.000225693,0,0.48472,-0.000604614,-0.000213005,0.000217922,0.00060689,1787103900
1787104020,-0.000141166,-3.13684e-05,0.000162055,-0.000193454,0.000411242,0.470974,4.85175e-05,4.74711e-05,0.150441,-0.000578821,-0.00043757,-0.000219766,-6.68938e-05,-2.24023e-05,5.64228e-05,0.000196689,0.000385964,0.000577037,4.74933e-05,5.21442e-05,5.02655e-05,4.42665e-05,5.27711e-05,4.26596e-05,5.02387e-05,4.7676e-05,-0.000272291,0.000279793,0,-0.000267851,0.000207109,0,0.491629,-0.000576027,-0.000197356,0.000204952,0.00058464,1787103900
1787104080,-0.00038177,0,0,-0.00048639,0.000407598,0.463079,0.000105154,0.000102116,0.199136,-0.000581904,-0.000431025,-0.000228137,-8.67644e-05,-2.70406e-05,4.78281e-05,0.000179589,0.000366827,0.000567747,0.000109684,0.000109256,0.000109507,0.000108477,0.000103904,0.000115992,0.000105079,0.000101562,-0.000269427,0.000281065,3.2779e-05,-0.000272489,0.000212022,0,0.475893,-0.000595331,-0.000213483,0.000196229,0.000586135,1787103900
1787104140,0.000397456,-1.04615e-05,0.00072158,-1.56923e-05,0.000407097,0.467993,0.000112754,0.00011654,0.129298,-0.000585633,-0.000422111,-0.000221476,-7.77757e-05,-2.6353e-05,5.76096e-05,0.000201705,0.000405378,0.000587515,0.000115024,0.000115639,0.000114729,0.000114348,0.000119678,0.000120024,0.000108054,0.000112788,-0.000277286,0.000291187,2.99369e-05,-0.000286042,0.000227853,0,0.484519,-0.000614648,-0.000212504,0.000220813,0.000601604,1787103900
1787104200,-5.22879e-05,-5.22866e-06,5.22851e-05,-6.27458e-05,0.000406907,0.472168,3.97067e-05,3.83277e-05,0.0799099,-0.000620267,-0.000480077,-0.000249643,-8.78321e-05,-2.27998e-05,6.07461e-05,0.000219797,0.000431697,0.000624466,3.3343e-05,3.96315e-05,3.7153e-05,3.98069e-05,4.49231e-05,3.06544e-05,4.73996e-05,3.8556e-05,-0.000307736,0.00035768,7.59194e-05,-0.000316578,0.000292898,0,0.481246,-0.000658069,-0.000241864,0.000240281,0.00067038,1787104200
1787104260,3.66018e-05,2.09155e-05,0.000120258,-1.04579e-05,0.000402885,0.461678,3.32268e-05,3.40012e-05,0.0916982,-0.000565621,-0.000429021,-0.000221319,-7.01037e-05,-2.57774e-05,4.31002e-05,0.000163582,0.000351862,0.00053891,3.24708e-05,3.86404e-05,3.51878e-05,2.75465e-05,4.42018e-05,2.5956e-05,3.39003e-05,3.22612e-05,-0.000254283,0.000212877,6.01037e-06,-0.000244645,0.000156192,0,0.47862,-0.000558432,-0.00019401,0.000168081,0.000525572,1787104200
1787104320,0.000595898,5.22859e-05,0.000658603,5.22859e-05,0.000398869,0.465378,0.000206839,0.000208882,0.112604,-0.000536085,-0.000395993,-0.000199609,-6.37049e-05,-2.2958e-05,4.49477e-05,0.000162914,0.000338457,0.000527474,0.000193244,0.000186001,0.000194505,0.00021149,0.000186632,0.000230605,0.000217373,0.000208842,-0.000238676,0.000227733,3.22091e-05,-0.000248216,0.000173754,0,0.480893,-0.000554343,-0.000189866,0.000179205,0.000545131,1787104200
1787104380,-1.5677e-05,2.61277e-05,3.65786e-05,-0.000120196,0.000403753,0.473826,3.7705e-05,3.66857e-05,0.0605677,-0.000628404,-0.000480333,-0.000246049,-8.0734e-05,-2.02716e-05,5.87941e-05,0.000218107,0.00043931,0.000652789,3.138e-05,3.71558e-05,3.51047e-05,3.2833e-05,4.37226e-05,3.36333e-05,4.45813e-05,3.66622e-05,-0.000304327,0.000357853,6.26528e-05,-0.000325714,0.000289554,0,0.483,-0.000679179,-0.00025329,0.000242558,0.000706505,1787104200
1787104440,-0.000214277,-3.65806e-05,-3.65806e-05,-0.000324046,0.000399702,0.46416,5.9999e-05,5.82804e-05,0.0667476,-0.000577913,-0.000434582,-0.000218914,-6.62398e-05,-2.31731e-05,4.30823e-05,0.000178413,0.000370146,0.000570123,6.34642e-05,6.30222e-05,6.28969e-05,6.16356e-05,6.60262e-05,6.24761e-05,5.68502e-05,5.94018e-05,-0.000261248,0.000234246,4.24994e-06,-0.00026435,0.000180262,0,0.479735,-0.000590384,-0.000204494,0.00019308,0.000605938,1787104200
1787104500,0.000261307,-7.31781e-05,0.000303109,-7.84053e-05,0.000396843,0.461841,7.64768e-05,7.94752e-05,0.0641801,-0.000535624,-0.000397987,-0.000193253,-6.6921e-05,-2.46143e-05,4.14781e-05,0.000173777,0.000352779,0.000559668,7.69237e-05,7.75259e-05,7.65965e-05,7.58367e-05,7.70424e-05,7.4599e-05,7.68245e-05,7.6459e-05,-0.000240754,0.000222114,1.07333e-05,-0.000261357,0.000192382,0,0.47846,-0.000576761,-0.000199513,0.000194176,0.000578439,1787104500
1787104560,-0.000407668,-3.13532e-05,-3.13532e-05,-0.000407668,0.000394589,0.468057,0.000115241,0.000112602,0.0679653,-0.000542136,-0.000399751,-0.000205465,-7.40001e-05,-2.05877e-05,4.54416e-05,0.000183479,0.000362962,0.000553902,0.000117002,0.00011632,0.00011647,0.00012379,0.000114762,0.000123895,0.000114503,0.000114831,-0.00025502,0.000265313,0,-0.000277823,0.000228595,0,0.485973,-0.000592853,-0.000211264,0.000210133,0.000598313,1787104500
1787104620,-0.00015684,-1.56829e-05,-1.56829e-05,-0.00023004,0.000394855,0.461407,4.92868e-05,4.81067e-05,0.0489776,-0.000582262,-0.000431638,-0.000213767,-7.54356e-05,-2.48615e-05,4.11373e-05,0.000186439,0.000377165,0.000577854,5.01816e-05,5.29568e-05,5.04579e-05,4.5523e-05,5.4906e-05,4.74115e-05,5.15929e-05,4.72813e-05,-0.000262962,0.000271657,3.12111e-05,-0.00027854,0.000209241,0,0.479836,-0.000622396,-0.00021838,0.000204207,0.000603732,1787104500
1787104680,-0.000219617,-5.75141e-05,-5.75141e-05,-0.000224847,0.000391515,0.464839,6.35323e-05,6.06568e-05,0.0565406,-0.000543953,-0.000402248,-0.00019437,-6.86957e-05,-2.39954e-05,4.58143e-05,0.000182108,0.00036476,0.000562205,6.47175e-05,6.40048e-05,6.41777e-05,6.27814e-05,6.41703e-05,6.29769e-05,6.33259e-05,6.39334e-05,-0.000246183,0.000227757,1.24455e-05,-0.000245888,0.000178148,0,0.486748,-0.000555315,-0.000179718,0.000189415,0.000547189,1787104500
1787104740,4.18355e-05,0,0.000355546,-0.000339979,0.000388822,0.466385,3.26286e-05,3.33285e-05,0.0640702,-0.000561398,-0.000408327,-0.000198564,-6.42208e-05,-2.23482e-05,4.56892e-05,0.000169632,0.000350594,0.000557794,3.28129e-05,3.70274e-05,3.28051e-05,2.26762e-05,4.26065e-05,2.83083e-05,3.21325e-05,3.29851e-05,-0.000242108,0.000202229,0,-0.000239037,0.000160189,0,0.486659,-0.000554538,-0.0001799,0.000178618,0.000519431,1787104500
1787104800,-0.00040274,-5.22935e-06,-5.22935e-06,-0.00040274,0.00038496,0.468437,0.000113799,0.000110548,0.0806906,-0.00064218,-0.000501491,-0.000249299,-8.7427e-05,-2.54934e-05,5.68166e-05,0.000225167,0.000453736,0.000672184,0.000115518,0.000114705,0.000116311,0.000115677,0.000109409,0.000126257,0.000107009,0.000116438,-0.000311082,0.000485291,0.00022305,-0.000337684,0.000486544,0.00020008,0.482236,-0.000696873,-0.000252216,0.000252849,0.00071125,1787104800
1787104860,-0.000109866,0,0,-0.000319169,0.000385324,0.475808,4.53157e-05,4.32735e-05,0.0696218,-0.000609366,-0.000454534,-0.000220384,-6.91119e-05,-1.58833e-05,5.1313e-05,0.000206071,0.000405787,0.000608639,4.22434e-05,4.41565e-05,4.09467e-05,3.79465e-05,4.30734e-05,3.84282e-05,4.74405e-05,4.91221e-05,-0.00027848,0.0002828,2.47638e-05,-0.000264378,0.000204448,0,0.490295,-0.000601783,-0.000200339,0.000203023,0.000570786,1787104800
1787104920,-0.000371542,3.66234e-05,0.000141254,-0.000376776,0.000381767,0.474233,0.000108596,0.000104486,0.0867912,-0.000561899,-0.000409524,-0.000203288,-6.79624e-05,-1.79745e-05,5.3309e-05,0.000207001,0.000417745,0.000597096,0.000106732,0.000105997,0.000106133,0.000106732,9.74827e-05,0.000111874,0.000110626,0.000111686,-0.00026704,0.000291426,3.8797e-05,-0.000249801,0.000199918,0,0.495832,-0.000554553,-0.000174254,0.000204794,0.000556351,1787104800
1787104980,0.000298291,-5.23397e-06,0.000350614,-5.23397e-06,0.000381566,0.493273,8.16756e-05,8.65045e-05,0.0879919,-0.00058855,-0.000420975,-0.00022152,-8.08568e-05,-5.2162e-06,7.32048e-05,0.000211956,0.00043256,0.000611809,8.73895e-05,8.76465e-05,8.6597e-05,8.67586e-05,9.4829e-05,8.47345e-05,8.00293e-05,7.59821e-05,-0.000283135,0.000309067,5.14813e-05,-0.000268838,0.000222749,0,0.489366,-0.000599809,-0.000200492,0.000209203,0.000570209,1787104800
1787105040,-0.000251187,-5.23241e-06,-5.23241e-06,-0.000444853,0.000380079,0.467803,7.24592e-05,6.82235e-05,0.0706203,-0.000556544,-0.000417994,-0.000216942,-8.25653e-05,-2.27589e-05,4.9448e-05,0.000203906,0.000404885,0.000575979,7.32892e-05,7.24944e-05,7.27041e-05,7.18255e-05,6.49157e-05,7.16569e-05,7.45478e-05,7.24932e-05,-0.000275234,0.000308164,4.73745e-05,-0.000270687,0.000227329,0,0.495004,-0.000592258,-0.000199416,0.000213748,0.000589226,1787104800
1787105100,-0.000136086,0,5.2337e-06,-0.000136086,0.000377932,0.472754,4.8485e-05,4.58815e-05,0.0705557,-0.000572865,-0.000420572,-0.000215688,-7.985e-05,-1.93034e-05,5.3056e-05,0.000202845,0.000404454,0.000587291,4.65896e-05,4.77523e-05,4.45197e-05,4.43627e-05,4.40178e-05,4.25218e-05,5.23877e-05,5.07972e-05,-0.000273674,0.000284955,5.73606e-05,-0.000271808,0.000221487,0,0.489038,-0.000600678,-0.000202018,0.000211934,0.00059031,1787105100
1787105160,0.000219822,0,0.000225055,0,0.000374628,0.471344,6.18601e-05,6.68052e-05,0.0769074,-0.000512493,-0.000389214,-0.000184504,-7.01316e-05,-1.66587e-05,4.29726e-05,0.000174561,0.000349169,0.00052853,6.56806e-05,6.57242e-05,6.45845e-05,6.37657e-05,7.29805e-05,6.29111e-05,6.24584e-05,5.76773e-05,-0.000234739,0.000176512,6.44373e-06,-0.000216786,0.00013717,0,0.481626,-0.00050412,-0.000164506,0.000158989,0.000467029,1787105100
1787105220,-0.000387337,-7.32685e-05,-6.80349e-05,-0.0005287,0.000372164,0.460764,0.000110551,0.000105448,0.0709524,-0.000511394,-0.000385797,-0.000198084,-7.42272e-05,-2.3332e-05,3.76226e-05,0.0001767,0.000343553,0.000523772,0.000110894,0.00011023,0.00011252,0.000124061,0.0001012,0.000117154,0.000112519,0.000109796,-0.000245665,0.000222837,1.23547e-05,-0.000247584,0.000187255,0,0.491752,-0.000547609,-0.000182683,0.000193606,0.000531499,1787105100
1787105280,-9.94757e-05,0.00011517,0.000157047,-0.000104711,0.000372473,0.477611,4.30319e-05,4.01928e-05,0.0580494,-0.000577314,-0.000429778,-0.000212624,-8.67339e-05,-1.62336e-05,5.77629e-05,0.000214559,0.000409987,0.000598715,4.03387e-05,4.11575e-05,3.80105e-05,3.66065e-05,3.7791e-05,3.67073e-05,4.69416e-05,4.67619e-05,-0.000277872,0.000284204,6.61436e-05,-0.000270665,0.000220769,0,0.482854,-0.000595414,-0.000201369,0.00021118,0.000589632,1787105100
1787105340,-2.61794e-05,0,0,-5.75957e-05,0.000368998,0.471365,3.29449e-05,3.11491e-05,0.0586242,-0.000531326,-0.000400131,-0.000194935,-8.15061e-05,-1.75381e-05,4.51855e-05,0.000185402,0.00036467,0.000544281,3.18718e-05,3.32683e-05,2.85788e-05,2.41525e-05,3.35879e-05,2.59059e-05,3.38087e-05,3.71821e-05,-0.000248613,0.000199546,2.84018e-05,-0.000237426,0.000170428,0,0.477999,-0.000537268,-0.000180093,0.000182005,0.000515881,1787105100
1787105400,0.000424023,5.23594e-06,0.000680443,-0.000172802,0.000365308,0.473489,0.000120806,0.000128072,0.0617349,-0.000489531,-0.000357198,-0.000157226,-5.22434e-05,-1.5943e-05,4.56562e-05,0.000183354,0.000356487,0.000518823,0.00012529,0.000124718,0.000131054,0.000152355,0.000140185,0.000142497,0.000125863,0.000107025,-0.000224509,0.0001553,0,-0.000207463,0.000124266,0,0.487445,-0.000486578,-0.000146652,0.00016273,0.000469529,1787105400
1787105460,0.000497082,0,0.000497082,0,0.000366575,0.462601,0.000141847,0.000148233,0.0522286,-0.000583978,-0.000445726,-0.000233777,-9.1943e-05,-2.76537e-05,4.77549e-05,0.00023486,0.00046342,0.000667366,0.000153378,0.000152762,0.000157766,0.000148365,0.000160612,0.00016374,0.000139663,0.000137262,-0.000304658,0.000352102,0.000101589,-0.000298297,0.000283578,3.19268e-05,0.476736,-0.00061914,-0.000227067,0.000226441,0.000649877,1787105400
1787105520,0.000125539,-1.56935e-05,0.000481149,-1.56935e-05,0.000369637,0.462989,4.7434e-05,5.14425e-05,0.0540458,-0.000608155,-0.000460101,-0.000223174,-8.14873e-05,-2.57172e-05,4.52475e-05,0.000212411,0.000404281,0.00061252,4.48739e-05,4.63251e-05,4.42877e-05,4.22861e-05,5.03188e-05,4.49491e-05,5.39592e-05,4.68126e-05,-0.000284183,0.000325113,6.52414e-05,-0.000289368,0.000245407,0,0.480679,-0.00061394,-0.000227447,0.000213982,0.000635514,1787105400
1787105580,-0.000146464,0,0.000120294,-0.000146464,0.000366352,0.455336,4.78757e-05,4.55718e-05,0.0609004,-0.000576914,-0.000450681,-0.000232879,-9.7583e-05,-3.29655e-05,4.23071e-05,0.00018927,0.000387965,0.000606239,4.83453e-05,4.85723e-05,4.62051e-05,4.85961e-05,4.8261e-05,4.49852e-05,5.00625e-05,4.7813e-05,-0.000279778,0.000301255,7.41345e-05,-0.000274116,0.0002299,1.10721e-05,0.463575,-0.000591335,-0.000225401,0.000190456,0.000612832,1787105400
1787105640,-0.00028776,-1.56939e-05,-1.04625e-05,-0.000408121,0.000363261,0.451341,7.98157e-05,7.55454e-05,0.0593342,-0.000545357,-0.000414459,-0.000209414,-9.08678e-05,-3.11463e-05,3.4316e-05,0.000166945,0.000357894,0.000553928,8.35409e-05,8.25341e-05,8.27557e-05,8.20164e-05,7.73891e-05,8.20357e-05,7.87145e-05,7.80097e-05,-0.000251091,0.000257435,5.02976e-05,-0.000248604,0.000180069,0,0.46698,-0.000556544,-0.00020052,0.000177425,0.000564012,1787105400
1787105700,-0.000251204,0,0,-0.000303546,0.000361905,0.456424,7.13236e-05,6.64981e-05,0.0509146,-0.000582063,-0.000451828,-0.000225272,-9.38746e-05,-3.05281e-05,4.0977e-05,0.000198197,0.000408442,0.000598941,7.33858e-05,7.22823e-05,7.25274e-05,7.21211e-05,6.53148e-05,7.15876e-05,7.48156e-05,7.04683e-05,-0.000279317,0.000320711,0.000105822,-0.000288509,0.000238854,4.09957e-05,0.48084,-0.000613837,-0.00021946,0.000218173,0.000624306,1787105700
1787105760,-3.14049e-05,0,0.000387246,-9.94522e-05,0.000360025,0.46412,3.25549e-05,3.08267e-05,0.0488135,-0.000523909,-0.000394616,-0.000198645,-7.70483e-05,-2.41574e-05,4.46112e-05,0.000179421,0.00037298,0.000553633,3.21293e-05,3.25515e-05,2.90928e-05,2.6334e-05,3.29847e-05,2.79009e-05,3.69387e-05,3.35956e-05,-0.000248596,0.000231091,7.5728e-06,-0.000242517,0.000178777,0,0.484597,-0.000538196,-0.000179833,0.000189813,0.000531254,1787105700
1787105820,-0.000853544,-4.71092e-05,-4.71092e-05,-0.000858783,0.000356434,0.457064,0.000327383,0.000320872,0.0539937,-0.000531301,-0.000403542,-0.000206197,-7.54841e-05,-2.98126e-05,4.10486e-05,0.000187692,0.000382743,0.000561014,0.000324364,0.000324891,0.000339454,0.000325317,0.000316835,0.000351473,0.000317387,0.000324246,-0.000258404,0.00026809,3.93057e-05,-0.000245996,0.000212894,0,0.477762,-0.000537349,-0.000187216,0.000186649,0.000538659,1787105700
1787105880,-0.000188611,0,1.5716e-05,-0.000345814,0.000372928,0.507711,7.01428e-05,6.6513e-05,0.0444807,-0.000723253,-0.000540176,-0.000252962,-8.30477e-05,6.78451e-06,0.000104693,0.000306304,0.00053768,0.000729897,5.59988e-05,5.62868e-05,5.75108e-05,5.44733e-05,5.33677e-05,7.29687e-05,7.12596e-05,8.09539e-05,0.000369595,0,0.000344494,-0.000311736,0.000289221,0,0.496596,-0.000661666,-0.000221741,0.000247122,0.000643749,1787105700
1787105940,-0.000655176,0,0,-0.000691878,0.000370142,0.497382,0.000211477,0.000204267,0.0450142,-0.000686423,-0.000500128,-0.000233163,-8.62657e-05,-2.54972e-06,8.83816e-05,0.000271173,0.00050614,0.000704587,0.000224394,0.000218753,0.000216434,0.000234546,0.000193152,0.000193417,0.0002251,0.000214739,-0.000332442,0.000268468,0,-0.000281341,0.000232049,0,0.497791,-0.00059954,-0.000193796,0.000234969,0.000599944,1787105700
1787106000,-0.000382821,0,9.43718e-05,-0.000634619,0.000377955,0.504985,0.000119567,0.000112533,0.0526395,-0.000744222,-0.000553528,-0.000262321,-8.95787e-05,4.51727e-06,0.000105158,0.000306452,0.000551517,0.000751667,0.000109679,0.000108983,0.000109918,0.00011026,9.43768e-05,0.000110655,0.000121216,0.000131781,0.00037494,0,0.000334929,-0.000325206,0.000287861,0,0.495094,-0.000681734,-0.000229636,0.000260097,0.000655024,1787106000
1787106060,0.00129471,0,0.00146756,0,0.000378053,0.496136,0.000495569,0.000501862,0.0579489,-0.000765077,-0.000558084,-0.000268785,-0.000100919,-4.23145e-06,0.000102396,0.000294247,0.000561129,0.00076425,0.000543272,0.000535753,0.000526955,0.000531487,0.000554602,0.000473232,0.000480411,0.000470099,-0.000369323,0.000338895,0,-0.000338974,0.000317626,0,0.493352,-0.000690576,-0.000232988,0.000274441,0.00069281,1787106000
1787106120,-0.00034055,5.23833e-06,6.80962e-05,-0.000434877,0.000416643,0.476278,0.000102215,9.43731e-05,0.138077,-0.000840249,-0.000656246,-0.000332482,-0.000124834,-2.67005e-05,8.75211e-05,0.000331301,0.000641512,0.000919445,9.77592e-05,9.76469e-05,9.94829e-05,9.74085e-05,8.91862e-05,0.000101172,0.000104696,0.000109184,-0.000431611,0.000503485,8.29057e-05,-0.000433594,0.000430637,0,0.47507,-0.000825888,-0.000325394,0.000317149,0.000867749,1787106000
1787106180,0.000335312,0,0.000335312,-8.90862e-05,0.000415258,0.459525,9.72137e-05,0.000105122,0.110531,-0.000777554,-0.000588505,-0.000307308,-0.000125965,-4.32048e-05,6.51994e-05,0.000253957,0.000526167,0.000764908,9.79207e-05,9.87155e-05,9.9468e-05,9.76793e-05,0.000103914,9.80251e-05,9.72449e-05,9.50445e-05,-0.000371769,0.000327504,1.35601e-05,-0.000359697,0.00028055,0,0.471881,-0.000757946,-0.000287281,0.000255628,0.000750747,1787106000
1787106240,-0.000115251,5.23836e-06,0.000267121,-0.000115251,0.00041381,0.461166,5.19904e-05,4.74937e-05,0.0957591,-0.000711449,-0.000553482,-0.000284233,-0.000111454,-4.00959e-05,6.48083e-05,0.00025865,0.000507201,0.000764052,4.29494e-05,4.81588e-05,5.51017e-05,4.39028e-05,5.10373e-05,5.81115e-05,5.3356e-05,5.14052e-05,-0.000355865,0.000320028,0,-0.000345931,0.000286348,0,0.48371,-0.000701376,-0.000259964,0.000264437,0.000735265,1787106000
1787106300,0.000209537,-3.14343e-05,0.000209537,-0.000193861,0.000409975,0.452958,6.63906e-05,7.31324e-05,0.0800806,-0.000723886,-0.000542801,-0.000282943,-0.000121761,-4.65671e-05,5.40629e-05,0.000234323,0.000485094,0.000720724,6.27841e-05,6.48667e-05,7.07414e-05,6.26179e-05,7.29024e-05,6.59709e-05,6.96464e-05,6.39899e-05,-0.000343095,0.000299742,3.83093e-06,-0.000337204,0.00026329,0,0.470419,-0.000708985,-0.000268867,0.000241851,0.000712567,1787106300
1787106360,0.000225203,1.57135e-05,0.000277569,-3.14278e-05,0.000406935,0.460817,6.75744e-05,7.38502e-05,0.0755308,-0.000678352,-0.000525603,-0.000267815,-0.000107014,-3.9653e-05,6.31736e-05,0.0002551,0.000490206,0.000717839,6.71117e-05,6.79124e-05,7.20489e-05,6.68023e-05,7.45047e-05,6.67828e-05,7.08374e-05,6.55446e-05,-0.000341446,0.000328373,0,-0.000340217,0.000288027,0,0.491247,-0.000689784,-0.000250326,0.00026657,0.000739713,1787106300
1787106420,-0.000471414,-0.000151876,-7.85536e-05,-0.000471414,0.000404102,0.462186,0.000133884,0.00012657,0.0786867,-0.000657307,-0.000515479,-0.000262423,-0.000109723,-3.62145e-05,6.11722e-05,0.000223708,0.000436587,0.00065774,0.000141522,0.000133892,0.00013509,0.000146277,0.000127042,0.000143917,0.000133406,0.00013452,-0.000320128,0.000289343,0,-0.000291211,0.000233548,0,0.485269,-0.000621832,-0.000223482,0.00022316,0.000641766,1787106300
1787106480,0.000110016,-4.71536e-05,0.000261924,-0.000204348,0.000405558,0.46304,4.72707e-05,5.34848e-05,0.0511716,-0.000699941,-0.000521851,-0.000272017,-0.000116135,-3.60392e-05,6.30925e-05,0.000224861,0.000442869,0.00068063,4.26109e-05,4.77946e-05,5.18206e-05,4.07455e-05,5.57472e-05,4.64073e-05,4.86217e-05,4.56538e-05,-0.000328064,0.000279487,3.02054e-06,-0.000291727,0.000221186,0,0.476022,-0.000631526,-0.000227969,0.000217705,0.000624221,1787106300
1787106540,-5.23861e-06,0,7.85758e-05,-5.23873e-05,0.000401783,0.463079,3.88571e-05,4.03379e-05,0.0526602,-0.000653581,-0.000492729,-0.000257099,-0.000102677,-3.55614e-05,6.2362e-05,0.000228002,0.000456425,0.000659892,3.0884e-05,3.66696e-05,4.08111e-05,3.23135e-05,4.49252e-05,2.91988e-05,4.32344e-05,3.96912e-05,-0.000318972,0.000283529,3.95231e-06,-0.000296317,0.000251954,0,0.483675,-0.000616046,-0.000218709,0.000234496,0.000639783,1787106300
1787106600,5.23861e-06,-1.04773e-05,8.38144e-05,-0.000314367,0.000397746,0.45751,3.52478e-05,3.72586e-05,0.0714852,-0.000628913,-0.000482878,-0.000247044,-9.14839e-05,-3.31627e-05,4.64763e-05,0.000195733,0.000405003,0.000600299,3.07934e-05,3.65837e-05,3.95182e-05,2.72161e-05,4.45481e-05,2.24008e-05,3.95691e-05,3.57814e-05,-0.000292715,0.000218391,3.46282e-05,-0.000272484,0.000186788,0,0.476126,-0.000593749,-0.000217996,0.00019611,0.000574005,1787106600
1787106660,-0.000261964,0,5.76228e-05,-0.000261964,0.000393749,0.461962,7.74101e-05,7.04013e-05,0.104733,-0.000606097,-0.00044437,-0.000231149,-8.04259e-05,-2.8324e-05,4.77129e-05,0.000198739,0.00040433,0.000610729,7.63526e-05,7.55471e-05,7.63127e-05,7.49041e-05,7.08231e-05,8.0437e-05,7.77906e-05,7.9748e-05,-0.000282671,0.000262117,1.40805e-05,-0.000285099,0.000232155,0,0.4834,-0.000601426,-0.00020998,0.000225216,0.000631453,1787106600
1787106720,-0.000225344,5.23995e-06,4.71586e-05,-0.000230585,0.000391548,0.458432,6.47305e-05,5.95287e-05,0.109368,-0.000600743,-0.000450999,-0.000246814,-9.3996e-05,-3.06602e-05,4.46652e-05,0.000184377,0.000387045,0.0005993,6.61649e-05,6.53249e-05,6.60475e-05,6.44594e-05,6.37613e-05,6.43366e-05,6.62249e-05,6.54705e-05,-0.000285965,0.000228325,0,-0.000265686,0.000192953,0,0.482821,-0.000586479,-0.000206151,0.000200057,0.000569844,1787106600
1787106780,-0.000178215,-5.24116e-06,-5.24116e-06,-0.000188699,0.000388921,0.453113,5.58414e-05,5.11484e-05,0.131854,-0.000586984,-0.000446266,-0.000240225,-9.57031e-05,-3.57404e-05,4.20428e-05,0.000192561,0.000396505,0.000593316,5.36325e-05,5.59252e-05,5.6166e-05,5.11535e-05,5.48371e-05,5.1156e-05,5.84784e-05,5.73776e-05,-0.000286594,0.000233413,0,-0.000250633,0.000182412,0,0.483557,-0.000563864,-0.000190855,0.000192102,0.00055625,1787106600
1787106840,-0.000288356,0,0,-0.000403722,0.000385836,0.451076,8.41923e-05,7.61411e-05,0.162327,-0.000546403,-0.00040583,-0.00021214,-8.28659e-05,-3.32824e-05,3.62903e-05,0.000172865,0.000365887,0.000552435,8.35189e-05,8.27246e-05,8.33082e-05,8.31634e-05,7.30568e-05,8.17682e-05,8.61186e-05,8.62473e-05,-0.000255302,0.000156175,0,-0.000230059,0.000145268,0,0.482412,-0.000520778,-0.000173422,0.0001719,0.000485994,1787106600
1787106900,0.000319808,5.24358e-06,0.000319808,-8.3901e-05,0.000384129,0.473301,8.59615e-05,9.41989e-05,0.163049,-0.000611707,-0.000439544,-0.000228812,-8.87054e-05,-2.18134e-05,6.1423e-05,0.000224026,0.000437517,0.000625218,9.33879e-05,9.38279e-05,9.32664e-05,9.24809e-05,0.000101766,9.05739e-05,8.36407e-05,7.85411e-05,-0.00029499,0.00024881,0,-0.00027405,0.00021289,0,0.488627,-0.000603017,-0.000202805,0.00021728,0.000595443,1787106900
1787106960,0.000272542,5.24178e-05,0.000539771,5.24178e-05,0.000382948,0.445633,7.69683e-05,8.45762e-05,0.1064,-0.000569848,-0.000410783,-0.000226164,-8.94813e-05,-3.89454e-05,3.4221e-05,0.000196042,0.000378559,0.000563218,8.01249e-05,8.06297e-05,8.00437e-05,7.91795e-05,8.6166e-05,7.74608e-05,7.21728e-05,7.56467e-05,-0.000277245,0.000246651,0,-0.000281041,0.000226084,0,0.493764,-0.000598281,-0.00020798,0.000221842,0.000601447,1787106900
1787107020,0.000309141,0,0.000351051,0,0.000381054,0.445833,9.10293e-05,9.79984e-05,0.0958647,-0.000601386,-0.000447894,-0.000251664,-0.000103513,-4.08809e-05,3.61158e-05,0.000181134,0.000389677,0.000561312,9.02854e-05,9.07112e-05,9.00412e-05,8.98007e-05,9.47112e-05,8.76229e-05,9.07322e-05,9.21579e-05,-0.00028908,0.000255364,2.15252e-05,-0.000281612,0.000221591,0,0.474151,-0.000599344,-0.000226973,0.000202265,0.000590958,1787106900
1787107080,-0.000513541,-5.23888e-06,-5.23888e-06,-0.000518782,0.000379749,0.44752,0.000153417,0.000145754,0.0887937,-0.000557395,-0.000423516,-0.000236601,-9.75213e-05,-3.63378e-05,3.44218e-05,0.000180855,0.000357321,0.000542161,0.000157887,0.000153817,0.000154953,0.000169615,0.000140004,0.000173346,0.000150195,0.000151061,-0.000275639,0.000239541,0,-0.000270972,0.000203936,0,0.483201,-0.000579862,-0.000214895,0.000198183,0.000582321,1787106900
1787107140,0.000267284,-5.24157e-06,0.00038256,-0.000115321,0.000382883,0.447935,7.79582e-05,8.48586e-05,0.047278,-0.000595131,-0.000454686,-0.00024556,-9.61779e-05,-3.8691e-05,3.71532e-05,0.000192563,0.000381059,0.000593894,7.8778e-05,7.91674e-05,7.86951e-05,7.78402e-05,8.40072e-05,7.75621e-05,7.50683e-05,7.81057e-05,-0.000288767,0.000237761,0,-0.000281689,0.000207272,0,0.480352,-0.000608547,-0.000220542,0.00020779,0.000585999,1787106900
1787107200,-3.66818e-05,1.04803e-05,1.04803e-05,-0.000110049,0.000380915,0.445947,3.57413e-05,3.50199e-05,0.0463241,-0.000580569,-0.000438078,-0.000247412,-0.000102736,-4.42828e-05,3.91652e-05,0.000204446,0.000395128,0.00058609,3.2755e-05,3.55774e-05,3.52123e-05,3.35509e-05,4.2073e-05,3.15025e-05,4.06952e-05,3.44914e-05,-0.000297539,0.000269751,2.33466e-06,-0.000295546,0.000243905,0,0.485747,-0.000611979,-0.000221253,0.000229113,0.000633143,1787107200
1787107260,-0.000576605,0,0,-0.000576605,0.000377123,0.447397,0.000186519,0.000178088,0.0538451,-0.000543072,-0.000409571,-0.000214121,-7.84552e-05,-3.39671e-05,3.21145e-05,0.000173342,0.000346653,0.00052811,0.000184738,0.000178834,0.000182246,0.000210925,0.000162062,0.000208128,0.000187489,0.000184925,-0.000255081,0.000170923,0,-0.000244601,0.000150655,0,0.488083,-0.000547037,-0.000184424,0.000186581,0.00053783,1787107200
1787107320,0.000477033,0,0.000477033,0,0.000382134,0.483102,0.000131301,0.000140285,0.032123,-0.000632691,-0.000478226,-0.000243154,-8.91928e-05,-1.4435e-05,7.25186e-05,0.00023544,0.000447368,0.000650673,0.00014568,0.000142238,0.00014103,0.000150849,0.000143359,0.000138735,0.000134081,0.00012212,-0.000311881,0.000241291,0,-0.000295337,0.000232784,0,0.489387,-0.000632641,-0.000222462,0.000227062,0.000610549,1787107200
1787107380,-0.000251593,0,0,-0.0003512,0.000384262,0.467309,7.59703e-05,6.87718e-05,0.0297151,-0.00060687,-0.00045923,-0.000228044,-8.80369e-05,-2.61766e-05,5.54324e-05,0.000221809,0.000420659,0.000618971,7.31358e-05,7.25734e-05,7.3334e-05,7.16784e-05,6.87455e-05,7.56398e-05,7.41313e-05,8.02239e-05,-0.000293108,0.000235785,0,-0.000304648,0.000249006,0,0.496186,-0.000630817,-0.000225428,0.000239343,0.000630855,1787107200
1787107440,5.24205e-05,0,5.76624e-05,-5.76657e-05,0.00038206,0.447817,3.65841e-05,4.10032e-05,0.0313954,-0.000597204,-0.000453254,-0.00023611,-9.63567e-05,-3.55678e-05,3.41205e-05,0.00020202,0.000402199,0.000592105,3.3645e-05,3.70883e-05,3.78144e-05,2.99985e-05,4.6694e-05,4.03455e-05,3.74502e-05,3.46629e-05,-0.000288724,0.000188462,0,-0.000274026,0.000190564,0,0.484773,-0.000598427,-0.00021274,0.000204243,0.000569326,1787107200
1787107500,7.86256e-05,0,0.000152004,0,0.000378293,0.45925,3.53605e-05,4.09509e-05,0.0398705,-0.000550793,-0.000421688,-0.000212526,-8.35645e-05,-2.8348e-05,4.27301e-05,0.000179725,0.000346351,0.00052503,3.72585e-05,3.96341e-05,3.91478e-05,3.16267e-05,4.84621e-05,3.48769e-05,3.61391e-05,3.28828e-05,-0.00025768,0.000142451,4.95266e-06,-0.000257353,0.000168483,0,0.492066,-0.000557623,-0.000195401,0.00019399,0.000528293,1787107500
1787107560,0.000602591,-2.62079e-05,0.00107393,-2.62079e-05,0.000374656,0.450858,0.000213676,0.000218996,0.0531644,-0.000512476,-0.000392767,-0.000203897,-8.35159e-05,-3.08448e-05,3.34199e-05,0.000160345,0.000321285,0.000500983,0.000196242,0.000192312,0.000197305,0.000228439,0.000191474,0.000224519,0.000226447,0.000216961,-0.000240839,0.000136489,0,-0.000247386,0.000162539,0,0.486357,-0.000548587,-0.000192769,0.000180596,0.000512498,1787107500
1787107620,-7.85783e-05,0,2.61914e-05,-0.000261952,0.000380555,0.458766,4.50771e-05,4.40454e-05,0.035525,-0.000670165,-0.000528668,-0.000276131,-0.000114613,-3.76736e-05,5.52129e-05,0.000249607,0.000522176,0.000759975,3.72379e-05,3.85893e-05,3.91981e-05,4.39741e-05,4.5466e-05,4.36607e-05,5.30174e-05,4.63051e-05,-0.00034614,0.000364772,7.03931e-05,-0.000338746,0.000315205,2.88411e-05,0.470895,-0.000689988,-0.000268756,0.000242057,0.000724815,1787107500
1787107680,-0.000204332,0,0,-0.00036678,0.000376894,0.450582,5.83857e-05,5.50523e-05,0.0417247,-0.00058977,-0.000448257,-0.000239142,-0.000101252,-4.02964e-05,4.27527e-05,0.000196309,0.000398772,0.000594317,6.03495e-05,5.93905e-05,5.99649e-05,5.89333e-05,6.13317e-05,6.04782e-05,5.96917e-05,5.75601e-05,-0.000288325,0.000243951,5.75106e-06,-0.000264774,0.000188719,0,0.478993,-0.000586358,-0.000208286,0.000194219,0.000591699,1787107500
1787107740,-0.000345888,5.23981e-06,3.66781e-05,-0.000393064,0.000374223,0.451123,9.80422e-05,9.13353e-05,0.0455893,-0.000568061,-0.000423304,-0.000230973,-9.31715e-05,-3.92247e-05,4.25236e-05,0.000201016,0.000392275,0.000576346,9.96592e-05,9.8684e-05,9.91826e-05,9.83192e-05,9.12185e-05,9.85896e-05,9.77571e-05,9.82007e-05,-0.000283956,0.000248832,3.8451e-06,-0.000259483,0.000190883,0,0.481656,-0.000570588,-0.000198224,0.000196369,0.00057473,1787107500
1787107800,7.33803e-05,8.38627e-05,8.38627e-05,6.8139e-05,0.000373678,0.455261,3.90914e-05,4.39094e-05,0.0419287,-0.000589298,-0.000435826,-0.000239938,-0.000100714,-3.958e-05,5.03839e-05,0.00020543,0.000408171,0.000601255,3.63478e-05,3.8306e-05,3.76257e-05,3.70355e-05,4.73428e-05,3.42106e-05,4.32381e-05,3.96486e-05,-0.000293655,0.000262769,0,-0.000270588,0.000200797,0,0.48213,-0.00059738,-0.000206735,0.000205479,0.000577761,1787107800
1787107860,-0.000351226,0,0,-0.000351226,0.000370068,0.449105,0.000101022,9.41465e-05,0.0544658,-0.000536027,-0.000403331,-0.000205762,-7.73348e-05,-3.53613e-05,3.5598e-05,0.000175209,0.00035416,0.0005413,0.00010096,0.000100049,0.000100499,0.000106857,9.2104e-05,0.000103748,0.00010074,0.00010302,-0.000250896,0.000157601,0,-0.000195364,9.07052e-05,0,0.486947,-0.000468145,-0.000142916,0.00013913,0.000426348,1787107800
1787107920,-0.000241212,3.14581e-05,3.14581e-05,-0.00061363,0.0003697,0.458591,7.08588e-05,6.34073e-05,0.0504866,-0.000623091,-0.00045922,-0.000231433,-9.15494e-05,-3.10574e-05,4.54223e-05,0.000196453,0.000387831,0.000570576,7.03959e-05,6.94877e-05,6.99593e-05,6.85663e-05,6.53046e-05,6.90265e-05,6.96921e-05,7.38766e-05,-0.00028166,0.000210695,0,-0.000253065,0.000181793,0,0.484611,-0.000577793,-0.000195998,0.000191285,0.000541093,1787107800
1787107980,-1.57332e-05,0,8.91502e-05,-7.86685e-05,0.000367571,0.472112,3.84651e-05,3.79426e-05,0.060194,-0.000622257,-0.000460331,-0.000240763,-9.62811e-05,-2.39322e-05,6.33528e-05,0.000232747,0.000455764,0.000648611,3.1559e-05,3.27417e-05,3.12327e-05,3.24922e-05,4.11132e-05,2.74403e-05,4.25652e-05,4.39558e-05,-0.000308895,0.000280505,3.53087e-05,-0.000281804,0.000242445,0,0.488799,-0.000604537,-0.000202242,0.000227081,0.000602649,1787107800
1787108040,-0.000377671,0,0,-0.00040915,0.000363883,0.466865,0.000110348,0.000102614,0.0811981,-0.000555948,-0.000419885,-0.000215138,-8.82616e-05,-2.29273e-05,4.77213e-05,0.000199381,0.000385381,0.000557213,0.00010811,0.000107255,0.000107604,0.000115016,9.76463e-05,0.000116096,0.000105671,0.000116838,-0.000271373,0.00018281,0,-0.000230179,0.000154149,0,0.479995,-0.000522824,-0.000173571,0.000172913,0.000488338,1787107800
1787108100,0.000545479,0,0.000639859,-9.9687e-05,0.000364164,0.482234,0.000157701,0.000166785,0.0733438,-0.000621509,-0.000444508,-0.000238066,-9.28915e-05,-1.39021e-05,6.58039e-05,0.000236657,0.000445223,0.000608225,0.000172256,0.000171769,0.000174884,0.000188388,0.000175297,0.00018859,0.000161556,0.000138131,-0.000308734,0.000225548,0,-0.000253732,0.000187918,0,0.483327,-0.000570564,-0.000192801,0.000194688,0.000532704,1787108100
1787108160,-0.000188786,-5.2437e-05,-5.2437e-05,-0.000225499,0.000368666,0.453324,5.90969e-05,5.50539e-05,0.0364827,-0.000631711,-0.000460218,-0.000259934,-0.000107083,-3.69611e-05,4.36994e-05,0.000226961,0.000453255,0.000657989,5.58045e-05,5.57874e-05,5.58033e-05,5.59591e-05,5.70314e-05,5.73172e-05,6.26872e-05,6.06426e-05,-0.000320634,0.000309075,5.76146e-05,-0.000299059,0.00025989,0,0.479526,-0.000623651,-0.000227587,0.0002275,0.000625535,1787108100
1787108220,-7.34264e-05,0,0,-0.000104897,0.000365935,0.452615,3.73344e-05,3.58431e-05,0.0418465,-0.000576357,-0.000431885,-0.00023605,-9.94893e-05,-3.3795e-05,3.89893e-05,0.000194747,0.000382634,0.000588232,3.6115e-05,3.6268e-05,3.58e-05,3.03337e-05,4.30596e-05,3.46048e-05,3.71149e-05,4.02346e-05,-0.000284265,0.000181035,0,-0.000237496,0.000147102,0,0.475803,-0.000550851,-0.000190386,0.000169209,0.000509764,1787108100
1787108280,-1.04899e-05,0,2.09795e-05,-0.000146869,0.000362406,0.44979,3.09634e-05,3.18659e-05,0.0533138,-0.000516371,-0.000392925,-0.000211259,-8.74694e-05,-3.42326e-05,3.53957e-05,0.000176194,0.000360881,0.000554278,3.1239e-05,3.18747e-05,3.04222e-05,2.16481e-05,4.10066e-05,2.52602e-05,2.85171e-05,3.33578e-05,-0.000256344,0.000144095,0,-0.000219013,0.000130481,0,0.478673,-0.000508026,-0.000167816,0.000161383,0.00048313,1787108100
1787108340,-0.000157362,1.04899e-05,5.24486e-05,-0.000162608,0.000358767,0.451517,5.0459e-05,4.61019e-05,0.0649545,-0.000539422,-0.000396837,-0.000206286,-8.09519e-05,-2.9924e-05,3.32318e-05,0.000186274,0.000367928,0.000550543,4.98872e-05,4.94824e-05,4.77437e-05,4.50736e-05,4.99367e-05,4.6808e-05,4.8386e-05,5.52455e-05,-0.00025755,0.000174804,0,-0.000237301,0.000163537,0,0.485517,-0.000531346,-0.000172999,0.000186227,0.00052703,1787108100
1787108400,0.000225545,0,0.000293723,0,0.000355858,0.444817,6.66818e-05,7.40559e-05,0.0762297,-0.000579718,-0.000453738,-0.000243657,-0.000105749,-3.55636e-05,3.03064e-05,0.0001906,0.000392712,0.000582973,6.70934e-05,6.72343e-05,6.6591e-05,6.71041e-05,7.34087e-05,6.52593e-05,7.2681e-05,6.46955e-05,-0.000288779,0.000305972,0.000128288,-0.000266143,0.000265231,0.000103698,0.473302,-0.000598599,-0.000214701,0.000191939,0.000563381,1787108400
1787108460,0.000246468,-4.72028e-05,0.000256954,-0.000288497,0.000353722,0.449413,7.0584e-05,7.73558e-05,0.079483,-0.000527055,-0.000397386,-0.000212825,-9.1346e-05,-3.0067e-05,3.07837e-05,0.000179093,0.000348332,0.000542423,7.28995e-05,7.30024e-05,7.23144e-05,7.1412e-05,7.78675e-05,7.01485e-05,7.14111e-05,6.80835e-05,-0.000258349,0.000184838,0,-0.000225912,0.000173931,0,0.488621,-0.000514646,-0.000172295,0.000173663,0.000503782,1787108400
1787108520,0.000214954,5.24333e-06,0.000214954,-7.86532e-05,0.000351898,0.44587,6.36703e-05,6.9852e-05,0.0852737,-0.000533242,-0.000415685,-0.000226331,-9.78914e-05,-3.69634e-05,3.27302e-05,0.000183393,0.000383496,0.000553302,6.41457e-05,6.42064e-05,6.3512e-05,6.35907e-05,6.75805e-05,6.1331e-05,6.48334e-05,6.41826e-05,-0.000272408,0.000239108,2.679e-05,-0.000242987,0.000201396,0,0.485413,-0.000534344,-0.00018537,0.000188072,0.000543872,1787108400
1787108580,3.14528e-05,-5.24223e-06,5.76627e-05,-0.000167765,0.000349685,0.445556,3.17423e-05,3.39183e-05,0.102932,-0.000506996,-0.000394565,-0.000212713,-9.01632e-05,-3.31564e-05,2.91429e-05,0.000171088,0.000358233,0.000526965,3.23497e-05,3.19049e-05,2.85195e-05,2.66939e-05,3.88242e-05,2.72404e-05,3.5045e-05,3.22564e-05,-0.000255114,0.000208128,0,-0.000224068,0.000167269,0,0.487286,-0.00050283,-0.000172801,0.00016929,0.000506545,1787108400
1787108640,-6.29066e-05,0,0.000377357,-0.000293598,0.000346199,0.448655,3.15954e-05,3.02952e-05,0.137904,-0.000482119,-0.000371854,-0.000200154,-8.21626e-05,-2.94416e-05,2.92835e-05,0.000159042,0.000347199,0.000510709,3.41247e-05,3.26988e-05,2.95067e-05,2.90368e-05,3.7236e-05,2.79289e-05,3.29015e-05,3.28486e-05,-0.000239602,0.000183942,0,-0.000213941,0.000151292,0,0.482535,-0.000484358,-0.00016151,0.000162262,0.000493416,1787108400
1787108700,-0.000120582,0,0.000351178,-0.000267397,0.000342835,0.448351,4.26043e-05,3.91379e-05,0.172826,-0.000513677,-0.000395921,-0.000208088,-8.81383e-05,-3.35487e-05,3.27782e-05,0.000175156,0.000382204,0.000572134,4.37288e-05,4.18228e-05,3.83317e-05,4.57892e-05,4.29073e-05,3.64205e-05,4.50801e-05,4.4492e-05,-0.00025481,0.00026887,5.17816e-05,-0.000245904,0.000218271,2.50729e-05,0.475725,-0.000542838,-0.000191236,0.000185116,0.000565499,1787108700
1787108760,-0.000487719,-5.24303e-06,0,-0.000487719,0.000339817,0.446394,0.000149464,0.000142887,0.202504,-0.000509484,-0.000383654,-0.000199121,-8.92649e-05,-3.44105e-05,3.11404e-05,0.000173373,0.000364496,0.000532751,0.000147665,0.000150249,0.000164921,0.000142438,0.000145013,0.00017781,0.000143528,0.000147223,-0.00024664,0.000268371,5.73573e-05,-0.000233919,0.000203121,1.3705e-05,0.478673,-0.000522474,-0.000180526,0.000177733,0.000533339,1787108700
1787108820,-0.000435477,5.24556e-06,0.000356635,-0.000435477,0.0003434,0.459947,0.000130692,0.000123199,0.0806113,-0.000536945,-0.000396855,-0.000206538,-8.37787e-05,-2.47699e-05,3.84466e-05,0.000199033,0.000391162,0.000564836,0.000127293,0.000129061,0.000132288,0.000131201,0.000114854,0.000133509,0.00012554,0.000134163,-0.000264696,0.000239351,1.36976e-05,-0.000239496,0.000186486,0,0.487986,-0.000543575,-0.000179809,0.000186998,0.00052411,1787108700
1787108880,0.000540383,2.62389e-05,0.000550873,-0.000545926,0.000345482,0.489685,0.000151802,0.000160301,0.0536007,-0.00061092,-0.000451524,-0.000237526,-9.05044e-05,-8.31927e-06,7.37116e-05,0.000253527,0.000469381,0.000654805,0.000170393,0.000173126,0.000179113,0.000162235,0.000177357,0.000171029,0.00015015,0.000133626,-0.000320087,0.000295352,1.84099e-05,-0.000269669,0.000245728,0,0.490737,-0.000586742,-0.000196137,0.000213634,0.000573454,1787108700
1787108940,-0.000346231,-0.000131134,-0.000131134,-0.000508897,0.000350444,0.459601,0.000102167,9.49711e-05,0.0380156,-0.000646369,-0.000497339,-0.000254915,-0.000101774,-3.45566e-05,5.23826e-05,0.000257387,0.0005285,0.00076977,9.9314e-05,9.82731e-05,9.87672e-05,9.87607e-05,9.00257e-05,0.000101704,9.95707e-05,0.000107044,-0.000333131,0.000382543,7.28756e-05,-0.000316882,0.000312486,4.67089e-06,0.490143,-0.000646565,-0.000227953,0.00024924,0.000685374,1787108700
1787109000,-4.72227e-05,-5.24685e-06,9.96849e-05,-0.000104942,0.000350361,0.457875,3.87961e-05,3.72778e-05,0.0356864,-0.000628139,-0.000473228,-0.000242597,-9.87137e-05,-3.53307e-05,4.99409e-05,0.000215682,0.000442334,0.000651192,3.32513e-05,3.26534e-05,3.32484e-05,3.72258e-05,3.91259e-05,4.20505e-05,4.52596e-05,3.90994e-05,-0.000301789,0.000299051,3.8023e-05,-0.000274854,0.000214815,0,0.490424,-0.00061196,-0.0002074,0.000210914,0.000606757,1787109000
1787109060,0.000697619,0,0.000812968,0,0.000346904,0.447301,0.000244598,0.000250642,0.039804,-0.000564425,-0.00041969,-0.000220103,-9.03525e-05,-3.9459e-05,3.68042e-05,0.000189,0.000387245,0.000581305,0.000244899,0.000250462,0.000252454,0.00024655,0.000250567,0.000249538,0.000243103,0.000239409,-0.000270139,0.000222513,2.51395e-05,-0.000242746,0.000172028,0,0.481124,-0.000544939,-0.000185314,0.000184671,0.000538091,1787109000
1787109120,0.000335523,5.24341e-06,0.000340765,5.24341e-06,0.000357308,0.457401,9.67526e-05,0.000103208,0.0361571,-0.00067113,-0.000518897,-0.000273163,-0.000109978,-3.85776e-05,5.34106e-05,0.000242534,0.000496698,0.000746495,9.76534e-05,9.78516e-05,9.80906e-05,9.85284e-05,0.000101694,9.83261e-05,9.77348e-05,9.45859e-05,-0.000339542,0.000375704,6.09479e-05,-0.000322988,0.000290996,0,0.478102,-0.000665049,-0.000248758,0.000238548,0.000696141,1787109000
1787109180,0.000649756,0,0.000649756,-0.00015202,0.000356885,0.455405,0.000209203,0.0002138,0.0406247,-0.000657745,-0.000503973,-0.000252467,-0.000105296,-4.1023e-05,5.23954e-05,0.000218666,0.000440092,0.000650835,0.000220265,0.000221553,0.000213385,0.000226557,0.00021466,0.000186555,0.000205673,0.000212953,-0.000310663,0.000287544,2.704e-06,-0.000283419,0.000215378,0,0.478944,-0.000615026,-0.000228135,0.000203931,0.000632639,1787109000
1787109240,0.000408501,0,0.000727854,0,0.000365052,0.448817,0.000121736,0.00012722,0.0537414,-0.000707285,-0.000572921,-0.000308703,-0.000137286,-5.58505e-05,5.4728e-05,0.000249654,0.000522813,0.000777068,0.00011837,0.000118271,0.000118684,0.000118368,0.000119031,0.000117659,0.000121869,0.000125122,-0.000371716,0.000373761,1.26274e-05,-0.000329286,0.000294188,0,0.470575,-0.000680405,-0.000261981,0.000235603,0.000742542,1787109000
1787109300,7.85388e-05,5.23611e-06,0.000439738,-5.23614e-06,0.000365972,0.447976,5.10761e-05,5.62205e-05,0.0658812,-0.000728469,-0.000589602,-0.000331622,-0.000150358,-5.65869e-05,5.36486e-05,0.000247869,0.000526021,0.000781402,3.72755e-05,3.89979e-05,4.2667e-05,4.73477e-05,4.60659e-05,5.91201e-05,5.74092e-05,5.49048e-05,-0.00038815,0.000377184,4.48901e-05,-0.000341795,0.000298305,7.28374e-05,0.459517,-0.000699088,-0.000285617,0.000224482,0.000737848,1787109300
1787109360,0.000460637,7.32973e-05,0.000596693,7.32973e-05,0.000362464,0.454508,0.000134957,0.000139561,0.0682758,-0.000667675,-0.000507759,-0.000268646,-0.000116255,-4.34067e-05,5.34595e-05,0.000222109,0.00047264,0.000726418,0.000138453,0.000138283,0.000133126,0.00013287,0.000131536,0.000134005,0.0001412,0.000134685,-0.000326358,0.000310824,2.68091e-06,-0.000295144,0.000236834,0,0.460375,-0.000635881,-0.000246623,0.000200809,0.000682038,1787109300
1787109420,-0.000120373,5.23329e-06,0.000549346,-0.000120373,0.000364686,0.454669,4.91313e-05,4.67407e-05,0.0836679,-0.000680056,-0.000536452,-0.000302425,-0.000121614,-4.54248e-05,5.62404e-05,0.000236806,0.00050938,0.000773132,4.42839e-05,4.4445e-05,4.75357e-05,4.59253e-05,5.06004e-05,5.76087e-05,4.95743e-05,5.00294e-05,-0.000359133,0.000343408,0,-0.000297334,0.000242904,0,0.471457,-0.000631517,-0.000241309,0.000212979,0.000685335,1787109300
1787109480,0.000774322,0,0.00151146,0,0.000361422,0.452289,0.000267064,0.000269731,0.0732018,-0.00066753,-0.000506541,-0.000273825,-0.00011223,-4.52582e-05,5.10471e-05,0.000218958,0.000476094,0.000687945,0.000281107,0.000281416,0.000272098,0.000253787,0.000266257,0.000255634,0.000265174,0.000266157,-0.000328446,0.000324601,6.26199e-06,-0.000292697,0.000248789,0,0.467697,-0.000629033,-0.000241041,0.000202799,0.000663093,1787109300
1787109540,0.000407847,-1.04598e-05,0.000470578,-4.18399e-05,0.000374172,0.458777,0.000121481,0.000125293,0.0965184,-0.000790454,-0.000618142,-0.000352864,-0.00014599,-5.05051e-05,7.35076e-05,0.000307398,0.000625001,0.000939387,0.000117469,0.00011823,0.000118804,0.000120621,0.000111209,0.000117347,0.000123951,0.000124539,-0.00043541,0.00049007,1.80983e-05,-0.00035571,0.000365733,5.98505e-06,0.469717,-0.000717339,-0.00028371,0.000251796,0.000803444,1787109300
1787109600,0.000381553,-5.22776e-06,0.000506963,-5.22776e-06,0.000374876,0.453635,0.000116568,0.000119796,0.104466,-0.00074764,-0.0005977,-0.000330452,-0.000139083,-5.32723e-05,6.31256e-05,0.000259992,0.000531747,0.000838834,0.000109772,0.000110897,0.000111305,0.000111304,9.96093e-05,0.000110732,0.000114686,0.000124813,-0.000391738,0.000393653,0,-0.000306931,0.000257968,0,0.485004,-0.000658115,-0.000250515,0.000219074,0.00071153,1787109600
1787109660,-0.000512255,5.22574e-06,0.000209008,-0.000517483,0.00037501,0.454296,0.000138311,0.000134074,0.122903,-0.000734893,-0.000573644,-0.000322223,-0.000139046,-5.44279e-05,6.61607e-05,0.000254181,0.000523981,0.00083636,0.000158038,0.000152832,0.000146004,0.000145089,0.000162696,0.00014753,0.000137091,0.000128589,-0.00038312,0.000395627,0,-0.000301619,0.000254699,0,0.482624,-0.000644886,-0.000247809,0.000213379,0.0007093,1787109600
1787109720,-0.000423593,0,0,-0.000423593,0.000378243,0.461477,0.000118174,0.000113303,0.0570348,-0.000727452,-0.000545643,-0.000292659,-0.000123926,-4.03447e-05,6.58978e-05,0.000257307,0.000545634,0.000771624,0.000123512,0.000120208,0.000121277,0.000120353,0.000122443,0.000122404,0.000116129,0.000115612,-0.000363491,0.00040719,0,-0.00031791,0.000271445,0,0.480272,-0.000687422,-0.000253143,0.000229023,0.000722873,1787109600
1787109780,-1.56921e-05,0,9.41472e-05,-4.1846e-05,0.000379204,0.462881,3.99367e-05,4.16678e-05,0.0356498,-0.000660932,-0.000495442,-0.00026354,-0.000103202,-3.68075e-05,6.38714e-05,0.000252819,0.000503942,0.000710956,3.16428e-05,3.49651e-05,4.08376e-05,3.60506e-05,4.30227e-05,5.46607e-05,4.33682e-05,3.68126e-05,-0.000337171,0.000333607,0,-0.000295682,0.000225808,0,0.48909,-0.000651574,-0.000226549,0.000226665,0.000677582,1787109600
1787109840,-0.000303428,-1.56923e-05,5.23071e-06,-0.000355753,0.000375399,0.462102,8.75529e-05,8.23057e-05,0.037946,-0.000589861,-0.000443158,-0.000234338,-8.30924e-05,-2.94794e-05,4.98073e-05,0.000213781,0.000431927,0.000643189,8.8124e-05,8.67259e-05,8.75755e-05,8.59465e-05,8.46429e-05,9.04358e-05,8.37415e-05,8.91875e-05,-0.000293698,0.000232549,0,-0.000252521,0.000168758,0,0.487844,-0.000575807,-0.000195338,0.000188874,0.00058025,1787109600
1787109900,-4.70919e-05,0,0.000235426,-4.70919e-05,0.000374095,0.463487,3.8076e-05,3.73485e-05,0.0392702,-0.000607958,-0.000445537,-0.00024431,-9.15208e-05,-2.93438e-05,5.25183e-05,0.000226526,0.00044358,0.000652571,3.33872e-05,3.59815e-05,4.0003e-05,3.41222e-05,4.35225e-05,4.20351e-05,4.03755e-05,3.63421e-05,-0.000308052,0.000272828,0,-0.000273372,0.000199836,0,0.491879,-0.000614323,-0.000211359,0.000207829,0.000612525,1787109900
1787109960,-6.27927e-05,0,0,-0.000130823,0.000370395,0.457567,3.65439e-05,3.55273e-05,0.0513989,-0.000581949,-0.000427526,-0.000232608,-8.54647e-05,-3.16677e-05,4.44442e-05,0.000205248,0.000405855,0.000606403,3.47044e-05,3.63253e-05,3.92056e-05,3.49055e-05,4.36765e-05,3.30912e-05,3.7346e-05,3.5925e-05,-0.000287341,0.000244814,0,-0.000258083,0.000189213,0,0.482729,-0.000581521,-0.000206281,0.00018671,0.000574215,1787109900
1787110020,3.66296e-05,0,0.000162206,0,0.00036678,0.451353,3.12313e-05,3.34013e-05,0.0721239,-0.000524569,-0.000385118,-0.000196564,-6.55138e-05,-3.32588e-05,3.65753e-05,0.000183947,0.000366639,0.00056492,3.27239e-05,3.49901e-05,3.68663e-05,2.70369e-05,4.27852e-05,2.40941e-05,3.02396e-05,2.96025e-05,-0.000248682,0.000184218,0,-0.000219995,0.000134172,0,0.493025,-0.000505113,-0.000164169,0.000165419,0.000497567,1787109900
1787110080,0.000224981,0,0.000245907,0,0.000363131,0.454422,6.59798e-05,6.98895e-05,0.102776,-0.000515381,-0.000388031,-0.00020194,-7.01203e-05,-3.1192e-05,3.86973e-05,0.000175041,0.000347267,0.000552509,6.63647e-05,6.72804e-05,6.71392e-05,6.60478e-05,6.8624e-05,6.60042e-05,6.78555e-05,6.43825e-05,-0.000247361,0.000218839,0,-0.000212297,0.000146229,0,0.486784,-0.000489369,-0.000167713,0.000148832,0.000486586,1787109900
1787110140,-0.00020405,0,5.23151e-06,-0.000235446,0.000360886,0.454858,5.92574e-05,5.45222e-05,0.106955,-0.000521775,-0.000396039,-0.00020557,-7.29498e-05,-3.11753e-05,3.93287e-05,0.000188911,0.00036019,0.000558373,6.04341e-05,5.89973e-05,5.94609e-05,5.8162e-05,6.12235e-05,5.86729e-05,5.95368e-05,5.97001e-05,-0.00025779,0.000246705,0,0.000232597,0,0.000143598,0.502014,-0.000521098,-0.000177965,0.000177811,0.000532894,1787109900
1787110200,-3.1396e-05,5.23257e-06,8.895e-05,-0.000151757,0.000358423,0.448653,3.20012e-05,3.15864e-05,0.13113,-0.000547529,-0.000408617,-0.000220274,-8.44911e-05,-3.80577e-05,3.74943e-05,0.000184566,0.000354024,0.000546052,3.2463e-05,3.30068e-05,3.27967e-05,2.94136e-05,3.87341e-05,2.70734e-05,3.4508e-05,3.11544e-05,-0.000265706,0.000228317,0,-0.000228128,0.000154648,0,0.487359,-0.000517777,-0.000187508,0.000161244,0.000504699,1787110200
1787110260,-0.000177929,5.23274e-06,0.000188361,-0.000177929,0.000354848,0.452597,5.26425e-05,4.82023e-05,0.193458,-0.000483352,-0.000359349,-0.000182217,-6.74275e-05,-2.86751e-05,3.32363e-05,0.00017592,0.000332524,0.000510738,5.39133e-05,5.29563e-05,5.20982e-05,5.09211e-05,5.3778e-05,5.18073e-05,5.10804e-05,5.46867e-05,-0.00023342,0.000195919,0,-0.00020927,0.000145711,0,0.490493,-0.000462095,-0.000155969,0.00015696,0.00047364,1787110200
1787110320,6.28022e-05,-2.61688e-05,7.85022e-05,-0.000256483,0.000352182,0.44705,3.27817e-05,3.72271e-05,0.246921,-0.000488555,-0.000355291,-0.000199416,-7.85975e-05,-3.37015e-05,3.13545e-05,0.000171022,0.000332023,0.000511892,3.47038e-05,3.50339e-05,3.35635e-05,3.45604e-05,3.93389e-05,2.88434e-05,3.26107e-05,3.2093e-05,-0.000243416,0.000228259,0,-0.000221663,0.000160968,0,0.489518,-0.000493253,-0.000173604,0.000163102,0.000486069,1787110200
1787110380,-0.000167481,5.23334e-06,5.23334e-06,-0.000272172,0.000348756,0.452633,4.89947e-05,4.59931e-05,0.319718,-0.00047067,-0.000340715,-0.000183399,-6.77e-05,-2.92181e-05,3.38611e-05,0.000175535,0.000327814,0.000485612,5.22005e-05,5.0635e-05,4.89023e-05,5.10908e-05,4.82036e-05,4.90921e-05,5.24917e-05,4.82968e-05,-0.000234005,0.000231576,0,0.000219754,0,0.000156034,0.503446,-0.000473726,-0.000157294,0.000176145,0.000493349,1787110200
1787110440,-0.000460719,0,4.1873e-05,-0.000570694,0.000346062,0.451625,0.000144657,0.000139819,0.351261,-0.000463275,-0.000329216,-0.000179449,-6.78642e-05,-2.93824e-05,3.27407e-05,0.000164738,0.000310337,0.000473451,0.000138103,0.00013793,0.000141105,0.000139955,0.000131751,0.000154796,0.000154086,0.000147182,-0.000224986,0.000210112,0,0.000204265,0,0.000147391,0.501014,-0.000453901,-0.000150812,0.000156796,0.000445692,1787110200
1787110500,9.42551e-05,3.66558e-05,0.000261798,3.66558e-05,0.000348725,0.457281,3.92944e-05,4.39247e-05,0.138603,-0.000533878,-0.000375649,-0.000212167,-8.03123e-05,-3.34528e-05,4.62505e-05,0.000199057,0.000383008,0.000549462,3.99011e-05,3.99427e-05,3.86565e-05,4.37403e-05,4.6906e-05,3.62332e-05,3.94043e-05,3.85034e-05,-0.000268701,0.000270253,0,0.000247514,0,0.000199794,0.507451,-0.000531229,-0.000179842,0.000199203,0.000527691,1787110500
1787110560,-0.000198994,-5.23629e-05,-5.23629e-05,-0.000460887,0.000345477,0.454157,5.69658e-05,5.17952e-05,0.130748,-0.000480865,-0.000347769,-0.000196249,-7.33928e-05,-3.10484e-05,3.80614e-05,0.000174588,0.000327744,0.000499074,5.89342e-05,5.7398e-05,5.75504e-05,5.69388e-05,5.17613e-05,5.73872e-05,5.66455e-05,5.7579e-05,-0.00024259,0.00020259,0,0.000220921,0,0.000162958,0.500893,-0.00047982,-0.000165607,0.000170321,0.000465472,1787110500
1787110620,5.23706e-05,5.23718e-06,6.80812e-05,0,0.000343161,0.453706,3.22717e-05,3.55076e-05,0.109946,-0.000506974,-0.000356194,-0.000205688,-7.62357e-05,-3.38232e-05,4.06112e-05,0.000184685,0.000341136,0.00050597,3.34822e-05,3.27917e-05,3.0307e-05,3.70155e-05,3.83834e-05,2.8259e-05,3.35815e-05,3.19848e-05,-0.000255032,0.000231916,0,0.000235513,0,0.000186378,0.506822,-0.000504931,-0.000169217,0.000190133,0.000501224,1787110500
1787110680,5.23678e-05,5.2369e-06,0.000188511,-1.04739e-05,0.000339792,0.448599,2.78267e-05,3.19571e-05,0.099833,-0.000449536,-0.000320398,-0.000173507,-6.30856e-05,-2.92237e-05,2.89893e-05,0.000148276,0.000290198,0.000452549,3.34821e-05,3.23459e-05,2.93909e-05,2.79221e-05,3.66804e-05,2.60915e-05,2.42692e-05,2.7217e-05,-0.000211206,0.000157872,0,0.000190394,0,0.000105815,0.510746,-0.00042917,-0.000136281,0.000144816,0.000398957,1787110500
1787110740,-0.000104738,-1.57101e-05,0.000209444,-0.000109976,0.000336459,0.452623,3.62876e-05,3.38651e-05,0.0939552,-0.000443347,-0.00032332,-0.000175317,-6.41385e-05,-2.82924e-05,3.27704e-05,0.000149123,0.000289435,0.000452928,4.12931e-05,3.90021e-05,3.61785e-05,3.79721e-05,3.06831e-05,3.21548e-05,3.72285e-05,3.63303e-05,-0.000212858,0.000192065,0,-0.000214371,0.000145898,0,0.498919,-0.000477988,-0.000166427,0.000159347,0.000463939,1787110500
1787110800,0.000298475,0,0.000382242,0,0.000333406,0.44349,8.72108e-05,9.28046e-05,0.0875751,-0.000419961,-0.000302192,-0.000169479,-6.49191e-05,-3.31019e-05,2.68087e-05,0.00014102,0.000273351,0.00044675,8.72738e-05,8.71771e-05,8.63349e-05,8.69558e-05,0.000100703,9.26111e-05,8.68324e-05,8.87124e-05,-0.000203993,0.000195516,0,-0.000198468,0.000142412,0,0.488065,-0.000444598,-0.000156935,0.000142203,0.000433612,1787110800
1787110860,6.28256e-05,3.14133e-05,0.000214638,-2.09427e-05,0.000332744,0.451014,3.07958e-05,3.4504e-05,0.0790123,-0.000436168,-0.000327984,-0.000180756,-6.90686e-05,-3.15887e-05,3.42275e-05,0.000160241,0.000303106,0.000464924,3.46427e-05,3.31242e-05,2.99451e-05,3.35183e-05,3.49995e-05,2.96522e-05,3.07202e-05,3.00007e-05,-0.000223281,0.000226114,0,0.000216969,0,0.000164319,0.500552,-0.000470714,-0.000166971,0.000165183,0.000473102,1787110800
1787110920,0.000429203,0,0.000444902,0,0.000329519,0.453072,0.000139447,0.000143399,0.0767991,-0.000429492,-0.000320661,-0.000177361,-7.1263e-05,-2.85124e-05,3.3563e-05,0.000142652,0.000274888,0.000445298,0.000126702,0.000131479,0.000137519,0.000132895,0.000149402,0.000139333,0.00014039,0.000146118,-0.000210483,0.000193904,0,-0.000199342,0.000139097,0,0.49288,-0.000447852,-0.000158527,0.000142778,0.000448719,1787110800
1787110980,-0.000219812,0,6.80274e-05,-0.000219812,0.000331807,0.463876,6.27958e-05,5.88473e-05,0.0843542,-0.000464646,-0.000357335,-0.000190804,-7.25064e-05,-2.35376e-05,4.2948e-05,0.000178467,0.00032589,0.000502392,6.44072e-05,6.30634e-05,6.31711e-05,6.25652e-05,6.06717e-05,6.29573e-05,6.27599e-05,6.27569e-05,-0.000240905,0.000252422,0,0.000235931,0,0.000182099,0.500631,-0.000507088,-0.000185204,0.000177691,0.000527362,1787110800
1787111040,-0.000125629,-5.23422e-06,7.851e-05,-0.000125629,0.00032994,0.452939,3.95936e-05,3.75296e-05,0.0720496,-0.000469692,-0.000348967,-0.000198711,-8.21799e-05,-2.80401e-05,3.2862e-05,0.000151591,0.000300637,0.000469723,4.46035e-05,4.19809e-05,3.98832e-05,4.08355e-05,3.96379e-05,4.06337e-05,4.09071e-05,3.76644e-05,-0.000231446,0.000208252,0,-0.000220858,0.000149473,0,0.494608,-0.000501527,-0.000178271,0.000160074,0.000496681,1787110800
1787111100,-0.000319378,1.04697e-05,1.04697e-05,-0.000324614,0.000327106,0.456082,8.91354e-05,8.44832e-05,0.0680428,-0.000455609,-0.000337214,-0.000186403,-7.45391e-05,-2.76343e-05,3.65968e-05,0.000148869,0.000290128,0.00045755,9.18297e-05,9.06194e-05,9.06471e-05,9.01699e-05,8.47257e-05,9.15698e-05,8.61196e-05,8.93179e-05,-0.00022076,0.000201536,2.23194e-05,-0.000226042,0.000153866,0,0.49418,-0.00050563,-0.00018284,0.0001639,0.000497215,1787111100
1787111160,0.000513049,0,0.000513049,-5.23655e-06,0.000326954,0.456027,0.000176686,0.000179295,0.0585455,-0.000440727,-0.000329345,-0.000182262,-6.87259e-05,-2.77306e-05,3.66401e-05,0.000152194,0.000290341,0.000462656,0.000159453,0.000164917,0.000174703,0.000177863,0.000185275,0.000174503,0.000170783,0.000183309,-0.000219308,0.000185972,0,0.000224601,0,0.000173521,0.504736,-0.000506978,-0.000169283,0.000176086,0.000495256,1787111100
1787111220,-2.61696e-05,-1.57017e-05,-1.57017e-05,-0.000115151,0.0003317,0.46835,3.00776e-05,2.93258e-05,0.0620933,-0.000478595,-0.000356682,-0.000195044,-7.33354e-05,-2.28638e-05,5.07025e-05,0.000184712,0.000333919,0.000494698,3.20432e-05,2.96622e-05,2.91239e-05,2.71026e-05,3.34967e-05,3.19457e-05,3.2784e-05,2.89022e-05,-0.000247523,0.000237275,0,0.000256907,0,0.000195438,0.50279,-0.000542124,-0.000194788,0.000198997,0.000555623,1787111100
1787111280,-0.000204146,0,0,-0.000204146,0.000328387,0.453304,5.87398e-05,5.39745e-05,0.0608472,-0.000429176,-0.000319798,-0.000171076,-6.15015e-05,-2.77688e-05,3.30114e-05,0.000146819,0.000290614,0.000441759,5.98089e-05,5.87013e-05,5.89265e-05,5.78709e-05,5.52097e-05,5.94077e-05,5.7486e-05,5.95132e-05,-0.000208762,0.000141847,0,0.000202344,0,0.00013952,0.502047,-0.000465573,-0.000151841,0.000153468,0.00046093,1787111100
1787111340,0.000633241,5.23504e-06,0.000633241,5.23504e-06,0.000326366,0.447843,0.000240623,0.000242751,0.0557644,-0.000434457,-0.000322953,-0.000176014,-6.8307e-05,-3.28456e-05,3.14338e-05,0.00014163,0.000285274,0.000447117,0.000212435,0.000224741,0.000230822,0.000255754,0.000231559,0.000234428,0.000252954,0.000244673,-0.000209664,0.000112105,0,-0.000202891,0.000122977,0,0.492415,-0.000468088,-0.000160893,0.000147437,0.000447387,1787111100
1787111400,0.000392304,2.09267e-05,0.000392304,2.09267e-05,0.000335268,0.468215,0.000110845,0.000114477,0.0591507,-0.000532406,-0.000397223,-0.000212352,-7.90767e-05,-2.53465e-05,5.57385e-05,0.000199517,0.000399644,0.000578389,0.000113386,0.00011564,0.000113401,0.000123178,0.000111388,0.000114307,0.000112239,0.000107403,-0.000269387,0.000247158,0,-0.000274651,0.000228757,0,0.49885,-0.000576258,-0.000212474,0.000207489,0.000605299,1787111400
1787111460,7.3213e-05,-5.2297e-06,0.000120276,-0.00012552,0.000336503,0.463063,3.73863e-05,4.11551e-05,0.0631958,-0.000558984,-0.000426072,-0.000224906,-8.48102e-05,-3.08425e-05,5.40042e-05,0.000195762,0.000392358,0.000573491,3.63706e-05,3.56052e-05,3.70393e-05,2.87706e-05,4.01693e-05,4.47391e-05,3.87004e-05,3.7806e-05,-0.000276613,0.000221407,0,-0.000265458,0.000202924,0,0.497652,-0.000577156,-0.000213775,0.000192371,0.000601597,1787111400
1787111520,-0.000418432,5.22929e-06,5.22929e-06,-0.000491676,0.000333282,0.462395,0.000120642,0.000116887,0.0592146,-0.00051735,-0.000389214,-0.00020797,-7.75094e-05,-2.70625e-05,4.62363e-05,0.000178942,0.000367048,0.000559492,0.000121056,0.000123063,0.000120857,0.000139015,0.000119724,0.000123027,0.0001175,0.000118653,-0.000254907,0.00019595,0,-0.000236973,0.00017309,0,0.494926,-0.000530827,-0.000188209,0.000173843,0.000563642,1787111400
1787111580,-0.000214514,-5.23151e-06,5.23136e-05,-0.000251143,0.000335197,0.459868,6.11717e-05,5.64566e-05,0.0474017,-0.000529559,-0.000389885,-0.000213824,-7.96712e-05,-3.03661e-05,4.66412e-05,0.000182864,0.00037869,0.000549395,6.27316e-05,6.16934e-05,6.22004e-05,6.09073e-05,6.19278e-05,6.40456e-05,6.09556e-05,6.01595e-05,-0.000261608,0.000230466,0,-0.00025484,0.000197949,0,0.498391,-0.000564958,-0.000196139,0.000193124,0.000578293,1787111400
1787111640,-0.000334944,-3.6629e-05,-3.6629e-05,-0.000340178,0.000333212,0.457891,9.46337e-05,8.94208e-05,0.0451931,-0.000501256,-0.000378065,-0.000208044,-8.27524e-05,-3.07807e-05,4.36496e-05,0.000180293,0.000366644,0.000528729,9.61742e-05,9.51127e-05,9.55413e-05,9.95918e-05,9.25837e-05,9.62421e-05,9.46423e-05,9.40049e-05,-0.000255953,0.000196632,0,-0.000239737,0.000173926,0,0.499663,-0.00053772,-0.000181463,0.000186209,0.000546306,1787111400
1787111700,0.000183186,0,0.000183186,-7.32838e-05,0.000333247,0.463309,5.34689e-05,5.75419e-05,0.0453309,-0.000490262,-0.000373291,-0.000204734,-7.80657e-05,-2.771e-05,4.91461e-05,0.000172436,0.000350617,0.000511153,5.5338e-05,5.52483e-05,5.51732e-05,5.37375e-05,5.89859e-05,5.40086e-05,5.26242e-05,5.22103e-05,-0.000248708,0.000174801,0,0.000226584,0,0.000162989,0.503814,-0.000518956,-0.000170972,0.000176503,0.000502368,1787111700
1787111760,0.000225011,0,0.000266868,-9.42058e-05,0.000330913,0.463404,6.39287e-05,6.74511e-05,0.0457162,-0.000479992,-0.00035967,-0.000202816,-7.6258e-05,-2.75516e-05,4.90574e-05,0.000188574,0.000353369,0.0005022,6.69141e-05,6.67756e-05,6.66036e-05,6.54751e-05,6.63603e-05,6.48074e-05,6.29452e-05,6.17522e-05,-0.000255618,0.000190547,0,0.000225814,0,0.000151934,0.511685,-0.000504425,-0.000164125,0.000182232,0.000508007,1787111700
1787111820,-0.000183145,0,0,-0.000214545,0.000329129,0.462257,5.23374e-05,5.0476e-05,0.0462626,-0.000488844,-0.00038037,-0.000214673,-8.22388e-05,-2.7986e-05,4.74796e-05,0.000186227,0.000359139,0.00050586,5.42153e-05,5.28989e-05,5.32923e-05,5.21722e-05,5.56755e-05,5.28274e-05,5.40186e-05,5.22018e-05,-0.000263036,0.000211444,0,0.000235272,0,0.000178352,0.503407,-0.000521873,-0.000180937,0.000179777,0.000527812,1787111700
1787111880,-0.000125604,-5.2332e-06,0,-0.000130838,0.000326849,0.455512,4.09676e-05,3.87849e-05,0.0491162,-0.000481316,-0.000356468,-0.000203545,-7.98353e-05,-3.17043e-05,4.08681e-05,0.000163512,0.000322059,0.000487622,4.46221e-05,4.20843e-05,4.2171e-05,3.59796e-05,4.51034e-05,4.04529e-05,4.05269e-05,4.05841e-05,-0.000241799,0.000161881,0,-0.000207218,0.000139832,0,0.496775,-0.000486794,-0.000163608,0.000153609,0.000483251,1787111700
1787111940,-0.000120386,-5.23386e-06,0,-0.00012562,0.000324051,0.451219,3.91416e-05,3.66464e-05,0.0582469,-0.000465307,-0.000340297,-0.000183382,-7.37387e-05,-3.12783e-05,3.4138e-05,0.000152049,0.000306113,0.000474042,4.37523e-05,4.0942e-05,4.05552e-05,3.43827e-05,4.31743e-05,3.8702e-05,3.64509e-05,3.94582e-05,-0.000221461,0.000118183,0,-0.00018638,0.000113325,0,0.495836,-0.000442378,-0.000143895,0.000136606,0.000429038,1787111700
1787112000,-2.61727e-05,0,0,-4.18767e-05,0.000321246,0.447485,2.83698e-05,2.85543e-05,0.0714308,-0.000486554,-0.00036792,-0.000198994,-8.00011e-05,-3.37758e-05,3.1826e-05,0.000159321,0.000333286,0.000488581,3.21103e-05,2.87349e-05,2.75531e-05,2.60705e-05,3.31536e-05,2.49227e-05,3.15386e-05,2.76065e-05,-0.000237744,0.000229502,2.52163e-05,-0.000202514,0.000179545,1.33157e-05,0.492931,-0.00047777,-0.00016351,0.0001466,0.000451861,1787112000
1787112060,0.000120389,0,0.000125623,-7.32873e-05,0.000318039,0.450879,3.83748e-05,4.25553e-05,0.0916535,-0.000426579,-0.000307556,-0.000157542,-6.41229e-05,-2.76516e-05,2.99131e-05,0.000145703,0.000305037,0.000449749,4.42191e-05,4.16746e-05,4.00317e-05,3.57171e-05,4.52514e-05,3.63642e-05,3.66833e-05,3.82051e-05,-0.000199116,9.38448e-05,0,0.000160014,0,9.5158e-05,0.504186,-0.000397444,-0.000115069,0.00011743,0.000385236,1787112000
1787112120,-0.000355974,-5.234e-06,0,-0.00036121,0.000315302,0.45704,0.000107704,0.000103188,0.104206,-0.00040668,-0.000298976,-0.000159412,-6.69858e-05,-2.59227e-05,3.56803e-05,0.000151155,0.000301311,0.000440932,0.000101963,0.000101646,0.000104332,0.000118643,9.76907e-05,0.000112547,0.000108305,0.000110066,-0.000203146,0.000138793,0,0.000186902,0,0.00013179,0.509138,-0.000435159,-0.000136556,0.000148271,0.000442826,1787112000
1787112180,-0.000225167,-5.23586e-06,-5.23586e-06,-0.000230404,0.000316167,0.449888,6.40444e-05,5.86309e-05,0.0801898,-0.000429109,-0.000324922,-0.000175934,-7.48595e-05,-3.04595e-05,3.15881e-05,0.000149319,0.00030316,0.000452562,6.56175e-05,6.44079e-05,6.45608e-05,6.34793e-05,5.9255e-05,6.42243e-05,6.53689e-05,6.37057e-05,-0.000214995,0.000136933,0,-0.000205228,0.00014822,0,0.498394,-0.000481052,-0.000158724,0.000156971,0.000469885,1787112000
1787112240,1.0474e-05,0,6.28424e-05,-8.3796e-05,0.000314605,0.448367,2.46995e-05,2.71709e-05,0.0843085,-0.000412858,-0.000303685,-0.000170324,-7.2456e-05,-3.14009e-05,3.06734e-05,0.00014432,0.000305245,0.000443041,3.11467e-05,2.75808e-05,2.59213e-05,1.77667e-05,3.21877e-05,2.62865e-05,2.2623e-05,2.37374e-05,-0.000208637,0.000105895,0,-0.000193888,0.000128988,0,0.499967,-0.000458322,-0.000145654,0.000151809,0.000445603,1787112000
1787112300,-9.95074e-05,5.23684e-05,0.000151861,-9.95074e-05,0.000311447,0.45899,3.55307e-05,3.27104e-05,0.0920895,-0.000402534,-0.00029778,-0.00015982,-6.32516e-05,-2.52413e-05,3.75543e-05,0.000153708,0.000303848,0.00044022,4.01542e-05,3.63235e-05,3.46445e-05,2.96925e-05,3.44939e-05,3.40199e-05,3.50767e-05,3.68657e-05,-0.000204656,0.000125623,0,0.000194347,0,0.000146969,0.505973,-0.000450211,-0.00013995,0.000157731,0.000455884,1787112300
1787112360,-0.000199045,0,5.23748e-06,-0.000209522,0.000308638,0.443973,5.64872e-05,5.06334e-05,0.104848,-0.000413741,-0.000305332,-0.000167897,-7.60065e-05,-3.19729e-05,2.63288e-05,0.000135415,0.000282713,0.000434512,5.83015e-05,5.71061e-05,5.71617e-05,5.6264e-05,4.96621e-05,5.79942e-05,5.71638e-05,5.6182e-05,-0.000202044,0.000130879,0,-0.000196957,0.000138764,0,0.495883,-0.000456944,-0.000153552,0.00014947,0.000445753,1787112300
1787112420,0.00018857,0,0.000246181,-1.04771e-05,0.00030683,0.446075,5.5101e-05,5.98773e-05,0.107514,-0.000413745,-0.000293269,-0.000167519,-7.2601e-05,-2.92186e-05,2.61924e-05,0.00013483,0.000278268,0.000418786,5.67161e-05,5.62101e-05,5.55476e-05,5.47785e-05,6.2493e-05,5.41945e-05,5.32152e-05,5.47283e-05,-0.000200852,0.000108898,0,0.000190933,0,0.000150101,0.504656,-0.000446275,-0.000143582,0.000150396,0.000433409,1787112300
1787112480,-9.95184e-05,0,0,-0.000199047,0.000304914,0.454369,3.48619e-05,3.18433e-05,0.087845,-0.000409354,-0.000304765,-0.000175451,-7.54812e-05,-2.80722e-05,3.4667e-05,0.000147479,0.000290977,0.000439905,4.0134e-05,3.57345e-05,3.35493e-05,3.05718e-05,3.2696e-05,3.54173e-05,3.77653e-05,3.43276e-05,-0.000213155,0.000158318,0,0.000196853,0,0.000150482,0.512577,-0.000445902,-0.000145397,0.000158774,0.0004581,1787112300
1787112540,3.14279e-05,0,3.66658e-05,-3.14289e-05,0.000302178,0.443864,2.51928e-05,2.81518e-05,0.0820868,-0.000401652,-0.000296324,-0.000162737,-7.58998e-05,-3.19332e-05,2.61606e-05,0.000141961,0.000284149,0.000425799,3.22604e-05,2.72056e-05,2.37751e-05,2.05413e-05,2.98556e-05,2.52126e-05,2.51351e-05,2.4923e-05,-0.000201317,0.000126973,0,0.000180582,0,0.00014706,0.503656,-0.000421406,-0.000133898,0.000142374,0.000428689,1787112300
1787112600,0.000246151,1.57136e-05,0.00036135,-4.71423e-05,0.000299174,0.452142,6.94589e-05,7.36971e-05,0.0772919,-0.000373208,-0.000272913,-0.000145513,-5.97468e-05,-2.55713e-05,2.90568e-05,0.000133552,0.000264879,0.00039984,7.27079e-05,7.21058e-05,7.13072e-05,7.58657e-05,7.72162e-05,7.12594e-05,6.70528e-05,6.74138e-05,-0.000183024,0.000106766,0,0.000161668,0,0.000103137,0.514472,-0.000382168,-0.000112504,0.000129219,0.000391171,1787112600
1787112660,-2.09467e-05,2.09462e-05,2.09462e-05,-0.000120449,0.000298206,0.454543,2.62252e-05,2.62616e-05,0.0667791,-0.000418444,-0.000315775,-0.000181365,-7.78197e-05,-2.67008e-05,3.32302e-05,0.000152419,0.000305512,0.000451206,3.16747e-05,2.57206e-05,2.22386e-05,2.29028e-05,2.62813e-05,2.63079e-05,2.96968e-05,2.6466e-05,-0.000220592,0.000183512,0,0.000202753,0,0.000174836,0.502289,-0.000447766,-0.000155571,0.000157212,0.000470665,1787112600
1787112720,3.14199e-05,5.23671e-06,3.14199e-05,-8.90283e-05,0.000295223,0.451172,2.38062e-05,2.62503e-05,0.06837,-0.000383134,-0.000286119,-0.000151018,-6.23329e-05,-2.46533e-05,2.7018e-05,0.000137414,0.000275753,0.000412441,3.22528e-05,2.63659e-05,2.23202e-05,2.00994e-05,2.81711e-05,2.39064e-05,2.41799e-05,2.30639e-05,-0.000189415,0.000117833,0,0.000170716,0,0.000135546,0.501198,-0.000394671,-0.000126361,0.000132537,0.00041135,1787112600
1787112780,-0.000277576,-5.23658e-06,-5.23658e-06,-0.000298529,0.00029229,0.455943,8.27092e-05,7.82891e-05,0.0737799,-0.000354375,-0.000259199,-0.000134893,-5.18123e-05,-2.11909e-05,2.80766e-05,0.000131885,0.000271651,0.000402624,8.01116e-05,7.87582e-05,8.05222e-05,8.43973e-05,7.30711e-05,8.38867e-05,8.36515e-05,8.71201e-05,-0.000173903,0.000110765,0,0.000160925,0,0.000117109,0.505726,-0.000368788,-0.00011274,0.000128235,0.00038704,1787112600
1787112840,8.38047e-05,4.7141e-05,0.000146654,4.7141e-05,0.000292003,0.447994,3.1751e-05,3.55697e-05,0.0583848,-0.000388999,-0.000288354,-0.000152529,-6.46284e-05,-2.60951e-05,2.52499e-05,0.000140236,0.000284357,0.000415183,3.80603e-05,3.31994e-05,3.01426e-05,2.87542e-05,3.66751e-05,3.30408e-05,3.1657e-05,3.12077e-05,-0.000192233,0.00012714,0,0.000185659,0,0.000156322,0.500519,-0.000427029,-0.000139543,0.000145132,0.000424388,1787112600
1787112900,0.00053409,1.04751e-05,0.000685887,-1.04752e-05,0.000289311,0.454898,0.000195221,0.000197744,0.0581541,-0.000383042,-0.000297454,-0.000158901,-6.48148e-05,-2.4399e-05,3.08556e-05,0.000133667,0.000272869,0.000406434,0.000167598,0.000188486,0.000202371,0.000206239,0.000204214,0.000191275,0.000191765,0.00019589,-0.000193341,0.000123774,0,-0.000179519,0.000119456,0,0.496798,-0.000411592,-0.000140895,0.000132736,0.000398776,1787112900
1787112960,0.000183201,-4.71141e-05,0.000183201,-0.000261773,0.000296196,0.468898,5.37327e-05,5.69678e-05,0.0623654,-0.000470168,-0.000354816,-0.000205883,-8.31735e-05,-2.00447e-05,4.55876e-05,0.000181567,0.00037245,0.000544791,5.52486e-05,5.45435e-05,5.41652e-05,5.43888e-05,5.41199e-05,5.34755e-05,5.63175e-05,5.49847e-05,-0.000255279,0.000231857,0,-0.000237907,0.000204646,0,0.490325,-0.000500302,-0.000185883,0.000176857,0.000525383,1787112900
1787113020,-0.000272196,0,6.28039e-05,-0.000272196,0.000294361,0.463632,7.67071e-05,7.24258e-05,0.0637438,-0.000464018,-0.000353664,-0.000195248,-7.53392e-05,-2.27145e-05,4.09203e-05,0.000168383,0.000330139,0.000485902,7.86447e-05,7.73269e-05,7.75246e-05,7.68843e-05,7.59177e-05,7.76775e-05,7.75101e-05,7.5605e-05,-0.000238955,0.000207542,0,-0.000227396,0.000181627,0,0.492986,-0.000488574,-0.000175925,0.000169992,0.000516849,1787112900
1787113080,5.7586e-05,5.23523e-06,5.7586e-05,0,0.000293934,0.455711,3.03103e-05,3.37363e-05,0.0528132,-0.000436778,-0.000333077,-0.000184478,-8.18433e-05,-2.68067e-05,3.48958e-05,0.000147847,0.000309495,0.000457341,3.37364e-05,2.92184e-05,2.85248e-05,2.78688e-05,3.14746e-05,2.99835e-05,3.25079e-05,3.06069e-05,-0.000221328,0.000177704,0,-0.000212208,0.000152941,0,0.488517,-0.000475888,-0.000167519,0.000156339,0.000481473,1787112900
1787113140,0.000157036,0,0.000157036,0,0.000291094,0.467828,4.49355e-05,4.77882e-05,0.0502426,-0.000403947,-0.000303992,-0.000158374,-6.07226e-05,-1.8359e-05,3.98708e-05,0.000151732,0.000296108,0.000439114,5.02691e-05,4.71655e-05,4.67006e-05,4.6071e-05,4.73728e-05,4.58788e-05,4.42836e-05,4.35516e-05,-0.000202402,0.000144586,0,0.000181171,0,9.87529e-05,0.509862,-0.00042225,-0.000130997,0.000145062,0.000425246,1787112900
1787113200,0.000507581,3.14042e-05,0.000507581,3.14042e-05,0.000289023,0.475723,0.000173582,0.000174513,0.0513487,-0.000423824,-0.000310449,-0.000160489,-6.11172e-05,-1.4396e-05,4.60587e-05,0.000160414,0.000298646,0.000442917,0.000157077,0.000174215,0.000179946,0.00019214,0.000175889,0.000176499,0.000161352,0.000173805,-0.000208594,0.000160248,0,0.000200764,0,0.000126556,0.5016,-0.000450643,-0.000152111,0.000154977,0.00045272,1787113200
1787113260,0.000277229,-5.23148e-06,0.000449805,-3.66209e-05,0.000294985,0.474753,7.89937e-05,8.10029e-05,0.0671552,-0.000458295,-0.000357757,-0.000190249,-7.7781e-05,-1.79893e-05,5.44428e-05,0.000186011,0.000358128,0.000519076,8.13562e-05,8.06363e-05,8.04706e-05,8.11511e-05,7.64576e-05,7.95143e-05,8.01217e-05,7.7398e-05,-0.000245147,0.000208651,0,-0.000233328,0.000178922,0,0.484264,-0.000500339,-0.000185929,0.000170441,0.000523036,1787113200
1787113320,-0.000303387,-5.23003e-06,1.046e-05,-0.000308619,0.000294641,0.467815,8.30276e-05,7.96589e-05,0.0722543,-0.000497289,-0.000381996,-0.000220574,-9.18186e-05,-2.3182e-05,5.00229e-05,0.000181924,0.000357717,0.000524987,8.73326e-05,8.60702e-05,8.64468e-05,8.56092e-05,8.91425e-05,8.65115e-05,8.23257e-05,7.90833e-05,-0.000265504,0.000218917,0,-0.000236691,0.000181196,0,0.475144,-0.000512938,-0.000195255,0.000164344,0.000538147,1787113200
1787113380,-5.23162e-06,0,0,-5.23162e-06,0.000294818,0.466597,2.71893e-05,2.92661e-05,0.0589969,-0.000468665,-0.000355204,-0.000192523,-7.91636e-05,-2.23111e-05,4.56628e-05,0.000166041,0.000322955,0.000480691,3.08369e-05,2.51047e-05,2.62616e-05,2.03587e-05,2.90176e-05,2.79833e-05,3.01543e-05,2.76144e-05,-0.00023584,0.000191098,0,-0.000219572,0.000152335,0,0.48188,-0.000495941,-0.000177251,0.00015923,0.000510388,1787113200
1787113440,3.13893e-05,5.23162e-06,3.13893e-05,-6.27815e-05,0.000291856,0.472183,2.46088e-05,2.64313e-05,0.0537894,-0.000408419,-0.000301839,-0.000158884,-5.61114e-05,-1.40615e-05,3.76562e-05,0.000146729,0.000290453,0.000431923,3.22901e-05,2.66284e-05,2.70448e-05,1.83752e-05,2.94579e-05,2.5176e-05,2.37316e-05,2.33899e-05,-0.000199961,9.98493e-05,0,-0.000146925,5.73408e-05,0,0.486599,-0.000368686,-0.000114647,9.90568e-05,0.000349832,1787113200
1787113500,4.18509e-05,0,4.18509e-05,-0.000162189,0.000288957,0.479465,2.58898e-05,2.7463e-05,0.0514772,-0.000405165,-0.000297908,-0.000157258,-5.41036e-05,-1.09456e-05,4.35118e-05,0.000159905,0.000301355,0.000444943,3.28713e-05,2.68262e-05,2.65542e-05,2.13545e-05,2.9458e-05,2.16871e-05,2.71589e-05,2.60175e-05,-0.000206319,0.000149058,0,-0.000188101,0.000112846,0,0.499784,-0.000427384,-0.000139051,0.000148178,0.000440341,1787113500
1787113560,-9.41669e-05,-5.23126e-06,1.56936e-05,-0.000109862,0.000286114,0.481499,3.46596e-05,3.35723e-05,0.0503446,-0.000395781,-0.000293177,-0.000155505,-5.17859e-05,-9.06665e-06,4.10845e-05,0.000158508,0.000302618,0.000443999,3.92764e-05,3.35719e-05,3.29828e-05,3.08615e-05,3.63189e-05,2.86973e-05,3.64348e-05,3.67399e-05,-0.000204263,0.000167572,0,-0.000188691,0.000129154,0,0.496326,-0.000422094,-0.000140697,0.000148358,0.000442395,1787113500
1787113620,-5.75508e-05,5.23173e-06,5.23173e-06,-8.89435e-05,0.000283551,0.468582,2.60085e-05,2.47888e-05,0.0501148,-0.00037839,-0.000278848,-0.000153549,-5.88791e-05,-1.43412e-05,3.24398e-05,0.00013521,0.00025669,0.000406074,3.37435e-05,2.71929e-05,2.62232e-05,2.16803e-05,2.97995e-05,1.97856e-05,2.67265e-05,2.66864e-05,-0.000189172,0.000124358,0,-0.000167066,9.9397e-05,0,0.489269,-0.000397797,-0.000133054,0.000121964,0.000391533,1787113500
1787113680,-0.000361076,0,0,-0.00036631,0.000280819,0.470848,0.000115131,0.000113115,0.0556716,-0.00034982,-0.000249639,-0.000135896,-4.93267e-05,-1.15061e-05,2.90871e-05,0.00012996,0.000243428,0.00038008,0.000103353,0.000108451,0.000110473,0.000130172,0.000107053,0.000142878,0.000119417,0.00011536,-0.000173326,8.84697e-05,0,-0.000132542,7.23852e-05,0,0.487258,-0.00031063,-9.70753e-05,9.08887e-05,0.000300802,1787113500
1787113740,0.000125606,0,0.000151772,-5.23407e-05,0.000282648,0.469441,3.92982e-05,4.22251e-05,0.0496678,-0.000414109,-0.000308031,-0.000166937,-6.08067e-05,-1.50554e-05,3.53418e-05,0.000149367,0.000286746,0.000434239,4.50423e-05,3.97813e-05,3.90827e-05,3.74297e-05,4.16589e-05,4.02052e-05,3.95127e-05,3.89297e-05,-0.000207064,0.000162184,0,-0.000194774,0.000138954,0,0.497029,-0.00044369,-0.000148361,0.000151067,0.000436766,1787113500
1787113800,-0.00013084,1.56997e-05,1.56997e-05,-0.00013084,0.00028037,0.471928,4.03888e-05,3.89558e-05,0.049049,-0.000415352,-0.000317748,-0.000173743,-6.41253e-05,-1.45069e-05,3.82913e-05,0.000154779,0.000285457,0.000430698,4.5383e-05,3.92199e-05,3.84297e-05,3.73589e-05,4.05821e-05,4.03964e-05,4.37211e-05,4.02312e-05,-0.00021462,0.000166587,0,0.000196317,0,0.000150379,0.502827,-0.000430513,-0.000149499,0.00015179,0.000426128,1787113800
1787113860,-0.000471167,-5.23409e-05,-5.23409e-05,-0.000471167,0.000278169,0.464806,0.000163543,0.000160725,0.0538807,-0.000374324,-0.000281852,-0.00014907,-5.84367e-05,-1.53521e-05,2.93821e-05,0.000129749,0.000257857,0.000402144,0.000141719,0.000158681,0.000164021,0.000184162,0.000153719,0.00015912,0.000165653,0.000164471,-0.000183384,0.000105614,0,-0.000173517,0.000101442,0,0.496011,-0.00040833,-0.000137116,0.000130061,0.000388827,1787113800
1787113920,0.000261787,6.28351e-05,0.000267022,4.18905e-05,0.00028332,0.47216,7.44584e-05,7.74364e-05,0.0548687,-0.000428261,-0.000314865,-0.000173561,-6.45357e-05,-1.38787e-05,3.71069e-05,0.000154948,0.000296177,0.000445478,7.71323e-05,7.62871e-05,7.61581e-05,7.81935e-05,7.78949e-05,7.48041e-05,7.07707e-05,7.40674e-05,-0.000215088,0.000151968,0,0.000208558,0,0.000153575,0.506109,-0.000458019,-0.000153332,0.000164998,0.000441042,1787113800
1787113980,3.66447e-05,5.23504e-06,3.66447e-05,-0.000157064,0.000282905,0.473943,2.61223e-05,2.77222e-05,0.0464616,-0.000406301,-0.000304578,-0.00016864,-6.2704e-05,-1.39192e-05,4.06298e-05,0.000155733,0.000294241,0.000431893,3.26233e-05,2.60845e-05,2.68207e-05,2.02809e-05,2.9728e-05,2.89132e-05,2.65008e-05,2.51618e-05,-0.00021196,0.000156445,0,0.0002069,0,0.000126855,0.512892,-0.000447865,-0.000149986,0.000167952,0.000447563,1787113800
1787114040,0.000800613,0,0.000800613,0,0.00028011,0.472586,0.000326153,0.000327264,0.0436118,-0.00040402,-0.000302691,-0.000161221,-5.66062e-05,-1.26456e-05,3.46027e-05,0.000146286,0.000274575,0.000420561,0.000296031,0.000322645,0.000323301,0.00033859,0.000323498,0.000323824,0.000315059,0.000333772,-0.000200866,0.000143509,0,0.000196883,0,0.000138757,0.505979,-0.00043248,-0.000144827,0.000156164,0.000439293,1787113800
1787114100,0.000669302,0,0.000711119,0,0.00029952,0.478251,0.000226036,0.000226186,0.107579,-0.000557894,-0.000414476,-0.000235156,-8.71584e-05,-1.65053e-05,6.05821e-05,0.000212608,0.000405765,0.000617309,0.000230074,0.000247642,0.000229915,0.000257886,0.000233022,0.000191236,0.000219509,0.000229941,-0.000292987,0.000266548,0,-0.000273148,0.000227597,0,0.4876,-0.000550562,-0.000216581,0.000197212,0.000588625,1787114100
1787114160,-0.000601306,0,0,-0.000601306,0.000311251,0.472245,0.000175867,0.000172765,0.245074,-0.000648243,-0.000500544,-0.000288878,-0.000116573,-2.42134e-05,6.42718e-05,0.000232821,0.000471014,0.000721681,0.000199245,0.000207529,0.00018378,0.000217542,0.000207335,0.000171052,0.000181584,0.000162185,-0.000344952,0.000291169,0,-0.000291531,0.00023544,0,0.482474,-0.000591557,-0.00023919,0.00020069,0.000629957,1787114100
1787114220,-0.000115074,-1.04607e-05,1.04606e-05,-0.000115074,0.000319642,0.472905,4.52041e-05,4.39113e-05,0.31778,-0.000611747,-0.000453072,-0.000244712,-9.48727e-05,-2.18037e-05,5.99447e-05,0.000217551,0.000437329,0.000624917,4.29547e-05,4.09376e-05,4.78101e-05,3.70391e-05,5.24654e-05,6.45471e-05,4.73252e-05,4.01331e-05,-0.000303811,0.000249973,0,-0.000274206,0.000207333,0,0.48832,-0.000580026,-0.0002185,0.000197092,0.000590486,1787114100
1787114280,-0.000816356,0,1.04618e-05,-0.00086871,0.000316847,0.469132,0.000308965,0.000305318,0.236919,-0.000523456,-0.000389105,-0.000200991,-8.13676e-05,-2.05668e-05,4.73285e-05,0.000187817,0.000379722,0.000554446,0.000306151,0.000312539,0.000286991,0.000344455,0.000299693,0.000252161,0.000319404,0.000323454,-0.000254712,0.000149985,0,-0.000227126,0.000134823,0,0.492688,-0.000506206,-0.000176858,0.000173517,0.000509346,1787114100
1787114340,0.000418728,5.23518e-06,0.000423961,5.23518e-06,0.000334235,0.491209,0.000115596,0.000118816,0.488586,-0.00069236,-0.000505603,-0.000262422,-8.88328e-05,-7.81987e-06,8.24672e-05,0.00027381,0.000509786,0.00072318,0.000122313,0.000123543,0.000122031,0.000126608,0.000122315,0.00012012,0.00010601,0.000112926,-0.000349434,0.000318468,0,0.000321062,0,0.000261386,0.51069,-0.000654216,-0.000225735,0.000254369,0.000647308,1787114100
1787114400,0.000151745,0,0.000183138,0,0.000336133,0.485674,5.11535e-05,5.4795e-05,0.457693,-0.00059239,-0.000440473,-0.000231243,-8.32018e-05,-1.13875e-05,6.94438e-05,0.000238892,0.000451592,0.000637375,4.96773e-05,5.01732e-05,5.82667e-05,4.53048e-05,5.92388e-05,6.77149e-05,4.8573e-05,4.50519e-05,-0.00030611,0.000240472,0,0.000286035,0,0.0001873,0.508596,-0.000586653,-0.000207866,0.00023081,0.000589664,1787114400
1787114460,-0.000287813,0,0,-0.000481479,0.000333446,0.480492,8.29802e-05,7.89344e-05,0.359034,-0.000573663,-0.000434283,-0.000225401,-8.46871e-05,-1.38116e-05,5.83215e-05,0.000209069,0.000401045,0.000596699,8.28949e-05,8.21228e-05,8.31584e-05,8.42822e-05,8.50877e-05,8.58215e-05,8.58451e-05,8.10812e-05,-0.000284041,0.000182863,0,0.000257896,0,0.000159816,0.505674,-0.000566082,-0.000200313,0.000196009,0.000535077,1787114400
1787114520,-0.00014132,-2.61689e-05,1.04674e-05,-0.00014132,0.000332595,0.476551,4.94121e-05,4.78082e-05,0.280376,-0.000588523,-0.000438497,-0.000229405,-8.89877e-05,-1.77686e-05,5.93381e-05,0.000211038,0.000427261,0.000614458,4.73892e-05,4.6513e-05,5.28376e-05,4.35037e-05,5.46754e-05,5.62205e-05,5.21618e-05,4.61148e-05,-0.000288825,0.000220664,0,-0.000273022,0.000207957,0,0.495062,-0.000582099,-0.00020755,0.000210057,0.000582147,1787114400
1787114580,-6.80502e-05,-5.23446e-06,3.66405e-05,-0.000418844,0.000329858,0.470744,3.3447e-05,3.3256e-05,0.182878,-0.000514593,-0.000384964,-0.000198355,-8.36812e-05,-1.93182e-05,4.80336e-05,0.000180128,0.000361939,0.000544224,3.51768e-05,3.40143e-05,4.10132e-05,2.70188e-05,4.32759e-05,3.71714e-05,3.39018e-05,2.99612e-05,-0.000248697,0.000137806,0,-0.000232876,0.000140683,0,0.491217,-0.000524282,-0.000182184,0.000175576,0.000493887,1787114400
1787114640,-3.66443e-05,-5.23482e-06,0,-3.66443e-05,0.000326685,0.469285,3.25589e-05,3.24935e-05,0.137782,-0.000527045,-0.000386694,-0.000206198,-7.84844e-05,-2.07241e-05,4.80539e-05,0.000201214,0.000390381,0.000559074,3.2839e-05,3.16358e-05,3.76309e-05,2.92145e-05,3.93215e-05,2.77605e-05,3.60319e-05,3.05783e-05,-0.000265446,0.00019445,0,-0.000248225,0.000195334,0,0.49595,-0.000527195,-0.000181113,0.000199664,0.00054169,1787114400
1787114700,0.000502434,1.57049e-05,0.000512898,1.57049e-05,0.000323443,0.463246,0.000166224,0.000167158,0.115276,-0.000485965,-0.000364167,-0.000182685,-6.6811e-05,-2.29994e-05,4.08711e-05,0.000157526,0.000327665,0.00048797,0.000154722,0.000158135,0.000151617,0.000183744,0.000151649,0.000182719,0.000170064,0.000173824,-0.00022424,0.000112545,0,-0.000183515,9.22867e-05,0,0.488443,-0.000435423,-0.000149729,0.000123185,0.000384807,1787114700
1787114760,5.23236e-06,0,1.04647e-05,-1.04648e-05,0.000327981,0.478667,3.11206e-05,3.31906e-05,0.049794,-0.000513717,-0.000391763,-0.000203874,-7.77201e-05,-1.55815e-05,5.87689e-05,0.000202858,0.000389485,0.000564374,3.11026e-05,3.05899e-05,3.63136e-05,2.44123e-05,3.77489e-05,3.10438e-05,3.35352e-05,2.93052e-05,-0.000264504,0.00020192,0,-0.000251849,0.000197691,0,0.494234,-0.000535184,-0.000198348,0.000190912,0.000539601,1787114700
1787114820,-0.000272119,5.23233e-06,5.23233e-06,-0.000298288,0.000324686,0.464584,7.7283e-05,7.31379e-05,0.0545887,-0.000464792,-0.000352983,-0.000184487,-6.64667e-05,-1.94513e-05,3.67705e-05,0.000152224,0.000308061,0.000476136,7.85188e-05,7.76321e-05,7.82933e-05,8.24688e-05,7.8241e-05,7.8344e-05,7.61128e-05,7.69586e-05,-0.000221758,8.26539e-05,0,-0.000178395,8.67343e-05,0,0.491329,-0.000423308,-0.000137631,0.000119936,0.000398216,1787114700
1787114880,-0.000235547,-5.23378e-06,-5.23378e-06,-0.000235547,0.000323718,0.464701,6.75234e-05,6.28798e-05,0.052964,-0.000469979,-0.000356728,-0.000190216,-7.51782e-05,-2.16346e-05,4.09495e-05,0.00017075,0.000329589,0.000488778,6.83414e-05,6.74181e-05,6.79856e-05,6.65346e-05,6.64817e-05,6.73557e-05,6.77895e-05,6.74824e-05,-0.000236652,0.0001252,0,-0.000223201,0.000148744,0,0.484979,-0.000501263,-0.000177343,0.000164828,0.000488855,1787114700
1787114940,-0.000130884,5.23499e-06,1.04699e-05,-0.000246075,0.000322191,0.459938,4.13331e-05,3.91566e-05,0.0574407,-0.000447617,-0.000332198,-0.000180023,-7.02259e-05,-2.29891e-05,3.56836e-05,0.000159989,0.000314252,0.00046823,4.56233e-05,4.36301e-05,4.62902e-05,3.72462e-05,4.68395e-05,4.16244e-05,4.00555e-05,3.96694e-05,-0.0002232,7.92964e-05,0,-0.000219169,0.00014106,0,0.491053,-0.000496546,-0.000169571,0.000167195,0.000475753,1787114700
1787115000,-0.000308953,-5.2357e-06,-5.2357e-06,-0.000308953,0.00031949,0.46274,8.89217e-05,8.35969e-05,0.0700401,-0.000453965,-0.000341128,-0.000179064,-7.56643e-05,-2.30028e-05,4.00117e-05,0.000169242,0.000324961,0.000471299,8.87172e-05,8.77415e-05,8.8169e-05,9.19729e-05,8.49396e-05,8.76918e-05,9.17482e-05,8.98244e-05,-0.000227688,9.87409e-05,0,-0.000225657,0.000153237,0,0.493966,-0.000497531,-0.000167134,0.000179589,0.000486424,1787115000
1787115060,-0.000199037,0,0,-0.000199037,0.000319282,0.464097,5.86963e-05,5.28712e-05,0.0698429,-0.000487073,-0.00035231,-0.000184869,-7.52242e-05,-2.22489e-05,4.09976e-05,0.000167179,0.000315828,0.000475944,5.81693e-05,5.71111e-05,5.75373e-05,5.61613e-05,5.6159e-05,5.70042e-05,5.94125e-05,6.05721e-05,-0.000230567,9.05337e-05,0,-0.000220399,0.00015073,0,0.493303,-0.000497485,-0.000167249,0.000172616,0.000461911,1787115000
1787115120,0.00041898,0,0.000502755,-0.000193838,0.000317324,0.461406,0.000130369,0.000135785,0.0766174,-0.000466377,-0.000350688,-0.000185752,-7.5036e-05,-2.14483e-05,3.53956e-05,0.000155734,0.000305097,0.000453956,0.000122186,0.000126994,0.000124317,0.000153146,0.000125857,0.000129345,0.000143546,0.000135751,-0.000224865,4.18327e-05,0,-0.000203354,0.000124384,0,0.490512,-0.000463435,-0.00015378,0.000156245,0.000416517,1787115000
1787115180,-0.000308981,0,0,-0.000308981,0.000319674,0.468043,8.91376e-05,8.32201e-05,0.0447026,-0.00050967,-0.000384619,-0.000216275,-8.83708e-05,-2.26393e-05,4.94824e-05,0.00020518,0.000401209,0.000558471,8.87025e-05,8.75553e-05,8.79783e-05,8.70733e-05,8.52782e-05,8.78595e-05,8.91896e-05,9.09936e-05,-0.000275462,0.00020414,0,-0.000263885,0.000225839,0,0.491769,-0.000552753,-0.00019976,0.000205912,0.000560376,1787115000
1787115240,7.85634e-05,-5.23778e-06,9.42754e-05,-5.76171e-05,0.000319464,0.450756,3.50049e-05,3.99459e-05,0.0439134,-0.000495041,-0.000371131,-0.000201763,-8.91585e-05,-3.03032e-05,3.25121e-05,0.000164524,0.00032668,0.000485112,3.75155e-05,3.62486e-05,3.80242e-05,3.05358e-05,4.03217e-05,3.36788e-05,3.39528e-05,3.41214e-05,-0.000242452,0.000115377,0,-0.000227224,0.000151177,0,0.485865,-0.000516615,-0.000182152,0.000166404,0.000482386,1787115000
1787115300,-0.000392879,0,5.23734e-06,-0.000398118,0.000316448,0.461568,0.000117832,0.000111943,0.0475004,-0.000456411,-0.000345366,-0.000181308,-7.8092e-05,-2.35433e-05,3.89818e-05,0.000171357,0.000325489,0.0004809,0.000111981,0.00011343,0.000111171,0.000126242,0.000107762,0.000120604,0.000119457,0.000121487,-0.000230512,0.000123134,0,0.000218202,0,0.000157899,0.500694,-0.000486288,-0.000160285,0.000174205,0.000484595,1787115300
1787115360,5.76319e-05,0,5.76319e-05,-1.04789e-05,0.000318157,0.459727,3.14502e-05,3.58219e-05,0.0452793,-0.000491067,-0.000368919,-0.000200953,-8.3604e-05,-2.76263e-05,4.22438e-05,0.000173756,0.00034069,0.000496983,3.40457e-05,3.25835e-05,3.42133e-05,2.80976e-05,3.80724e-05,3.03444e-05,3.21381e-05,2.98959e-05,-0.000246644,0.000135644,0,-0.000239026,0.000175,0,0.492516,-0.00053023,-0.000182217,0.000184985,0.000504464,1787115300
1787115420,0.000293347,0,0.000382382,-6.28713e-05,0.000315065,0.46162,8.27907e-05,8.72577e-05,0.050062,-0.000440435,-0.000333904,-0.000174235,-6.8092e-05,-2.20643e-05,3.66853e-05,0.000158722,0.000323644,0.000467976,8.6192e-05,8.58445e-05,8.57576e-05,9.04164e-05,8.66327e-05,8.37685e-05,8.10089e-05,8.04557e-05,-0.000218609,8.76242e-05,0,0.000198891,0,0.000122371,0.506685,-0.000452833,-0.000140644,0.000160435,0.000431049,1787115300
1787115480,-5.23759e-06,-5.23771e-05,3.66624e-05,-5.23771e-05,0.000314645,0.465237,2.82545e-05,3.02237e-05,0.0430172,-0.000467572,-0.000360511,-0.000208939,-8.23351e-05,-2.25199e-05,4.352e-05,0.000172385,0.000337184,0.000491028,3.11312e-05,2.81845e-05,2.9314e-05,2.42594e-05,3.38613e-05,2.63788e-05,3.07106e-05,2.70472e-05,-0.000250974,0.00015854,0,-0.000244423,0.000197523,0,0.491726,-0.000528722,-0.000188547,0.000187401,0.000527559,1787115300
1787115540,-8.38052e-05,-5.23762e-06,0.000120458,-8.38052e-05,0.000311484,0.461716,3.32746e-05,3.1032e-05,0.0487977,-0.000465142,-0.000347843,-0.000185362,-7.28801e-05,-2.08378e-05,3.48383e-05,0.00014755,0.000295072,0.000460294,3.7834e-05,3.46263e-05,3.48816e-05,2.76814e-05,3.7247e-05,3.15589e-05,3.0372e-05,3.39173e-05,-0.000219706,8.78723e-05,0,-0.000194632,0.000122333,0,0.490131,-0.000454138,-0.000154082,0.000139701,0.000432471,1787115300
1787115600,-0.000104766,-5.23806e-06,0.000188552,-0.000151915,0.000308581,0.45638,3.7652e-05,3.51148e-05,0.0560951,-0.000492411,-0.000380949,-0.000200769,-8.75251e-05,-2.53994e-05,3.40643e-05,0.000159971,0.000331664,0.000488115,4.13266e-05,3.77931e-05,3.75388e-05,3.94936e-05,3.9743e-05,3.32546e-05,3.80436e-05,3.83828e-05,-0.000239921,0.000227333,6.17155e-05,-0.000236732,0.000241733,8.37715e-05,0.477024,-0.000530551,-0.000194591,0.000167632,0.000509866,1787115600
1787115660,0.000356161,0,0.000371871,0,0.000305839,0.455732,0.000104671,0.000109778,0.0655973,-0.000462751,-0.000346236,-0.000182297,-8.10802e-05,-2.47167e-05,3.23409e-05,0.000152185,0.000329945,0.000476205,0.000103617,0.000104556,0.000105619,0.000107758,0.000103669,0.000113031,0.00010538,0.00010212,-0.000222783,0.000127998,0,-0.000200582,0.000148284,0,0.483843,-0.000452892,-0.000155909,0.000150821,0.000443845,1787115600
1787115720,0.000136146,-5.23674e-06,0.000151854,-4.71316e-05,0.000306926,0.464275,4.29598e-05,4.72602e-05,0.0538951,-0.000440817,-0.000348188,-0.000186753,-7.92518e-05,-2.15127e-05,3.99328e-05,0.000168913,0.000329392,0.000478203,4.70983e-05,4.44805e-05,4.4053e-05,4.10474e-05,4.76476e-05,4.21792e-05,4.46038e-05,4.11163e-05,-0.000233476,0.000162488,0,-0.000224267,0.00017362,0,0.495752,-0.000491871,-0.000172132,0.000175068,0.000497847,1787115600
1787115780,0.000141362,1.0472e-05,0.000141362,-0.000282785,0.00030445,0.460224,4.38701e-05,4.78246e-05,0.0638589,-0.000436239,-0.000343104,-0.000185266,-8.27804e-05,-2.13386e-05,3.3526e-05,0.000152796,0.00031298,0.000455511,4.79659e-05,4.50801e-05,4.42132e-05,4.22271e-05,4.76716e-05,4.23479e-05,4.35513e-05,4.37055e-05,-0.000224377,0.000130435,0,-0.000203674,0.000144128,0,0.496497,-0.00046621,-0.000158345,0.000155098,0.000467083,1787115600
1787115840,0.000146577,-1.57059e-05,0.000355935,-1.57059e-05,0.000302053,0.464791,4.52629e-05,4.88775e-05,0.077371,-0.00043489,-0.000343356,-0.000186824,-7.73185e-05,-2.00219e-05,3.8052e-05,0.000162989,0.000341776,0.000484276,4.8816e-05,4.56663e-05,4.44402e-05,4.58563e-05,4.73845e-05,4.28833e-05,4.68772e-05,4.48786e-05,-0.000231101,0.00016483,0,-0.000217444,0.000172353,0,0.490652,-0.000477514,-0.000165577,0.000169226,0.000505693,1787115600
1787115900,0.000366348,0,0.000366348,0,0.000299735,0.468918,0.000107912,0.000111608,0.0943244,-0.000434268,-0.000342057,-0.00019392,-8.08668e-05,-1.78446e-05,4.07649e-05,0.000159718,0.000336384,0.000471636,0.000106395,0.000109394,0.000111491,0.000109406,0.000101968,0.000110501,0.000109105,0.000105969,-0.000234746,0.000173292,0,-0.000214609,0.000167055,0,0.481891,-0.000479444,-0.000174269,0.000156099,0.000491668,1787115900
1787115960,-0.000392521,-5.2326e-06,3.66274e-05,-0.000450104,0.000301211,0.470829,0.000117532,0.000113476,0.0854607,-0.000442885,-0.000335983,-0.000181264,-7.47244e-05,-1.80271e-05,4.49767e-05,0.000168746,0.000332316,0.000481783,0.000111931,0.000116079,0.000116603,0.000122378,0.00011545,0.000118457,0.000110448,0.000121082,-0.000229224,0.000179153,0,-0.000229151,0.000179161,0,0.49122,-0.000503989,-0.000182359,0.000171854,0.000531837,1787115900
1787116020,0.000413451,8.37508e-05,0.000444846,3.66418e-05,0.000303307,0.463972,0.000125734,0.000129158,0.04918,-0.000471703,-0.000366978,-0.000205497,-8.94683e-05,-2.39053e-05,4.36604e-05,0.000167167,0.000352746,0.000499847,0.000120012,0.000126997,0.000126648,0.000127799,0.00011962,0.00012517,0.000119401,0.000128763,-0.000247977,0.000197405,0,-0.000231984,0.000182187,0,0.487734,-0.00051976,-0.000182953,0.000173236,0.000528436,1787115900
1787116080,2.61621e-05,5.23247e-06,3.13944e-05,-6.27917e-05,0.000305899,0.474977,3.07635e-05,3.29523e-05,0.0461484,-0.000471904,-0.00037198,-0.000199994,-8.51404e-05,-1.62249e-05,4.98378e-05,0.00018267,0.000378752,0.000541034,3.22793e-05,2.88887e-05,2.99263e-05,2.74443e-05,3.39623e-05,3.07383e-05,3.41247e-05,3.00522e-05,-0.000251674,0.000206321,0,-0.000238982,0.000191437,0,0.490682,-0.00051483,-0.000184283,0.00018496,0.000546318,1787115900
1787116140,8.3714e-05,5.23233e-06,8.3714e-05,-8.3721e-05,0.000302847,0.475872,3.42651e-05,3.74012e-05,0.0472246,-0.000439248,-0.000343664,-0.000183246,-7.15639e-05,-1.3362e-05,4.32297e-05,0.000165799,0.000335644,0.000490336,3.83578e-05,3.53431e-05,3.54329e-05,2.99673e-05,3.71395e-05,3.25642e-05,3.479e-05,3.36799e-05,-0.000229222,0.000143968,0,-0.00020242,0.000125351,0,0.493784,-0.000468733,-0.000155684,0.00015438,0.000480809,1787115900
1787116200,-2.09278e-05,0,0.000130789,-2.09278e-05,0.000300037,0.477629,2.68656e-05,2.73324e-05,0.0511118,-0.000425775,-0.000340414,-0.000173187,-6.73613e-05,-1.24863e-05,4.45274e-05,0.000159929,0.000336941,0.000494238,3.19787e-05,2.72806e-05,2.68402e-05,2.17964e-05,3.31125e-05,2.20126e-05,2.92968e-05,2.66397e-05,-0.000218694,0.000174667,0,-0.00021802,0.000156084,0,0.495654,-0.000491368,-0.000166185,0.000170316,0.000522769,1787116200
1787116260,0.000266797,0,0.00029295,-0.000146507,0.000297036,0.471721,7.78267e-05,8.04109e-05,0.0559811,-0.000402968,-0.000316538,-0.0001693,-6.55494e-05,-1.36344e-05,3.57681e-05,0.000136481,0.000300986,0.000465279,7.87729e-05,7.80359e-05,7.76074e-05,7.76372e-05,7.35654e-05,8.2853e-05,8.21153e-05,7.67512e-05,-0.000203588,0.000140829,0,-0.00019712,0.000129294,0,0.475273,-0.000460267,-0.000164343,0.000137101,0.000456748,1787116200
1787116320,-1.04613e-05,2.09223e-05,0.000120297,-6.80003e-05,0.000296462,0.478873,2.83264e-05,2.88658e-05,0.0561801,-0.000443046,-0.00035082,-0.00019312,-7.57113e-05,-1.2025e-05,4.60794e-05,0.000172161,0.000360204,0.000514384,3.13893e-05,2.62576e-05,2.5279e-05,2.51099e-05,3.20803e-05,2.58535e-05,3.10323e-05,2.93288e-05,-0.000240583,0.000205193,0,-0.000221544,0.000177201,0,0.487094,-0.000484271,-0.000173319,0.000168589,0.000517355,1787116200
1787116380,0.000183057,0,0.000183057,0,0.000293486,0.475059,5.45492e-05,5.66167e-05,0.0618169,-0.000419131,-0.000330023,-0.000177334,-6.65947e-05,-1.19531e-05,3.71463e-05,0.000148977,0.000309374,0.000481683,5.55054e-05,5.46452e-05,5.4175e-05,5.36611e-05,5.04482e-05,5.32605e-05,5.70234e-05,5.47044e-05,-0.000215478,0.000158456,0,-0.000183146,0.000126972,0,0.478854,-0.000430764,-0.000149998,0.000130338,0.000443549,1787116200
1787116440,-0.000350452,5.2297e-06,0.000183023,-0.000350452,0.000291687,0.486637,0.000104736,0.000101923,0.0671288,-0.000407363,-0.000313785,-0.00016375,-5.73254e-05,-6.75376e-06,4.49555e-05,0.00016015,0.000317442,0.000471677,0.000100277,0.000101377,0.000103261,0.000114057,0.000104869,0.000104174,0.000101725,0.000107626,-0.000210987,0.000159176,0,-0.000185524,0.000131908,0,0.496926,-0.000426129,-0.000144898,0.000140675,0.000442967,1787116200
1787116500,-9.41723e-05,4.18515e-05,6.27766e-05,-9.41723e-05,0.000292978,0.473031,3.62364e-05,3.53737e-05,0.0486187,-0.000479288,-0.000381255,-0.000212915,-8.58135e-05,-1.65937e-05,4.61066e-05,0.000172058,0.000346438,0.000509408,3.95314e-05,3.47631e-05,3.40243e-05,3.75216e-05,3.95623e-05,3.5261e-05,4.09567e-05,3.51465e-05,-0.000254397,0.000237614,9.3771e-07,-0.000237465,0.000198572,4.2605e-06,0.485118,-0.000519222,-0.000191631,0.000171026,0.000520828,1787116500
1787116560,-9.41812e-05,-5.23218e-05,5.2319e-05,-9.94137e-05,0.000290339,0.47211,3.40791e-05,3.29275e-05,0.0549139,-0.000411281,-0.000324205,-0.000170857,-6.89301e-05,-1.40623e-05,3.75202e-05,0.000153495,0.000313124,0.000461427,3.95329e-05,3.44953e-05,3.33512e-05,3.07547e-05,3.90696e-05,3.40508e-05,3.38579e-05,3.37655e-05,-0.000213319,0.000140335,0,-0.00018681,0.000116258,0,0.48484,-0.000437881,-0.000147604,0.000140651,0.000437853,1787116500
1787116620,0.000198817,2.61623e-05,0.00036621,1.0465e-05,0.000287729,0.475533,5.77447e-05,6.02256e-05,0.06463,-0.000410933,-0.000320308,-0.000169995,-6.66934e-05,-1.24527e-05,3.95943e-05,0.00014955,0.000306047,0.00044648,5.98831e-05,5.89297e-05,5.84177e-05,5.79643e-05,5.53029e-05,5.76551e-05,6.00039e-05,5.62935e-05,-0.000210425,0.000151834,0,-0.000186128,0.0001232,0,0.484895,-0.000435681,-0.000147886,0.000137915,0.000426936,1787116500
1787116680,-0.000518052,0,0,-0.000518052,0.000286222,0.478396,0.000178314,0.000175623,0.06498,-0.000416068,-0.000317935,-0.000179786,-6.9239e-05,-1.16192e-05,4.33091e-05,0.000161279,0.000324099,0.000458442,0.000159263,0.000176618,0.000184079,0.000177762,0.000174396,0.000180955,0.000169624,0.00018167,-0.000223992,0.000190721,0,-0.000204988,0.000156687,0,0.486664,-0.000453334,-0.000162612,0.000153548,0.000462471,1787116500
1787116740,-0.000146568,-5.23422e-06,0,-0.000146568,0.000292664,0.474535,4.55602e-05,4.42009e-05,0.0457737,-0.000479708,-0.000370397,-0.000194584,-7.5189e-05,-1.51544e-05,4.55275e-05,0.000169945,0.000347788,0.000509987,4.82798e-05,4.35635e-05,4.39095e-05,4.22109e-05,4.72641e-05,4.6292e-05,4.89262e-05,4.51001e-05,-0.000240093,0.000207245,0,-0.000230774,0.000178647,0,0.496353,-0.00051024,-0.000175592,0.000177818,0.000499886,1787116500
1787116800,-2.61752e-05,0,0,-6.28216e-05,0.000290463,0.47309,2.60646e-05,2.63551e-05,0.0484018,-0.000417511,-0.000325747,-0.000169867,-6.91556e-05,-1.42544e-05,3.98779e-05,0.000149993,0.000312708,0.000458713,3.22743e-05,2.65574e-05,2.65099e-05,1.9839e-05,3.23681e-05,2.76844e-05,2.524e-05,2.52115e-05,-0.000210949,0.000120814,0,-0.000191446,0.000117821,0,0.492839,-0.000440784,-0.000145001,0.000150999,0.000430318,1787116800
1787116860,0.000104697,0,0.000272189,0,0.000287568,0.471672,3.52785e-05,3.84993e-05,0.0518091,-0.000398733,-0.000310178,-0.000158253,-5.89117e-05,-1.55757e-05,4.05581e-05,0.000154085,0.00031083,0.000446181,4.1869e-05,3.73912e-05,3.67445e-05,3.18312e-05,4.06096e-05,3.45965e-05,3.47961e-05,3.38382e-05,-0.000203627,0.000110367,0,-0.000178943,9.8584e-05,0,0.497465,-0.000415697,-0.000130289,0.000143838,0.00040341,1787116800
1787116920,-0.000319359,0,0,-0.000319359,0.000285062,0.47253,9.02395e-05,8.64893e-05,0.052896,-0.000409209,-0.000323169,-0.00017325,-6.79492e-05,-1.49776e-05,4.06853e-05,0.000144772,0.000304546,0.000450053,9.16294e-05,9.02978e-05,9.12466e-05,9.34661e-05,8.93742e-05,9.66475e-05,8.88697e-05,9.03937e-05,-0.000210519,0.000167023,0,-0.000208404,0.000149337,0,0.48483,-0.000459022,-0.000164725,0.000155118,0.000453102,1787116800
1787116980,0.000209427,-5.23625e-06,0.000497318,-0.000193759,0.000285788,0.470592,6.12701e-05,6.42042e-05,0.0532072,-0.000429799,-0.000331864,-0.000179805,-6.86475e-05,-1.50823e-05,3.73479e-05,0.000147725,0.000302576,0.000451743,6.28187e-05,6.18721e-05,6.15697e-05,6.0747e-05,6.1138e-05,5.98454e-05,5.95754e-05,6.20905e-05,-0.00021632,0.000144336,0,-0.000210424,0.000143695,0,0.493003,-0.000470314,-0.000162134,0.000161941,0.000452061,1787116800
1787117040,0.000120401,5.235e-05,0.000120401,5.235e-05,0.000284462,0.476458,4.22264e-05,4.51722e-05,0.0473883,-0.000453794,-0.000357392,-0.000197177,-7.76335e-05,-1.55073e-05,5.15006e-05,0.000187281,0.00036953,0.000530903,4.44509e-05,3.972e-05,3.90562e-05,4.45092e-05,4.28852e-05,3.93147e-05,4.58138e-05,4.28709e-05,-0.000251234,0.000232606,0,-0.000223422,0.000193543,0,0.487347,-0.000468531,-0.000169237,0.000174096,0.000489876,1787116800
1787117100,0.000104685,-1.04691e-05,0.000183191,-8.89906e-05,0.000282117,0.475806,3.57353e-05,3.83684e-05,0.0493007,-0.000405376,-0.000313141,-0.000163086,-6.23975e-05,-1.26641e-05,4.08074e-05,0.000149278,0.000296487,0.000443195,4.18282e-05,3.68477e-05,3.5815e-05,3.31369e-05,3.96299e-05,3.59458e-05,3.54497e-05,3.48547e-05,-0.000204721,0.000143588,0,0.000167001,0,9.07377e-05,0.501708,-0.000381993,-0.000126297,0.000126488,0.000363287,1787117100
1787117160,0.00057557,0,0.000586032,0,0.000279674,0.477833,0.00020468,0.000204642,0.0535599,-0.000410451,-0.000317712,-0.000175216,-6.8174e-05,-1.28136e-05,4.61096e-05,0.000156122,0.000321278,0.000467525,0.000182828,0.000208946,0.000215056,0.000205135,0.000198703,0.0002132,0.000197797,0.000202338,-0.000218019,0.000185811,0,-0.000192502,0.000136704,0,0.486451,-0.000419441,-0.000150803,0.000144884,0.000427726,1787117100
1787117220,4.18467e-05,0,7.84611e-05,-7.84673e-05,0.000288581,0.481342,3.22062e-05,3.38607e-05,0.0432937,-0.0004751,-0.000367243,-0.000197496,-8.06924e-05,-1.37264e-05,6.09963e-05,0.000186713,0.0003677,0.000539663,3.31744e-05,2.78722e-05,2.94453e-05,2.89597e-05,3.31838e-05,3.31e-05,3.56545e-05,3.29551e-05,-0.000251246,0.000239206,0,-0.00023449,0.000183526,0,0.482611,-0.000482716,-0.000188132,0.000172528,0.000505075,1787117100
1787117280,0.000219666,0,0.000235355,-0.000183092,0.000285742,0.480066,6.4313e-05,6.59449e-05,0.0446894,-0.000446116,-0.000352961,-0.000187603,-7.1863e-05,-1.17037e-05,4.81504e-05,0.000164446,0.0003312,0.000486872,6.56308e-05,6.46466e-05,6.44717e-05,6.39711e-05,6.06096e-05,6.37075e-05,6.52305e-05,6.42861e-05,-0.00023155,0.000183218,0,-0.000202271,0.000132474,0,0.482861,-0.000445397,-0.00016334,0.000147633,0.000463911,1787117100
1787117340,-0.000203974,0,0,-0.000366138,0.000284571,0.479793,5.78841e-05,5.54241e-05,0.0494447,-0.000440324,-0.000355039,-0.000190036,-7.1789e-05,-1.3128e-05,5.29766e-05,0.000169624,0.000347561,0.000503459,5.96427e-05,5.83092e-05,5.86533e-05,5.81204e-05,6.03787e-05,5.85577e-05,5.70694e-05,5.71585e-05,-0.000236453,0.000213442,0,-0.000224423,0.00017742,0,0.487609,-0.000468333,-0.000174189,0.000171069,0.00050946,1787117100
1787117400,0,5.23063e-06,0.00039745,-4.1846e-05,0.000283184,0.476925,2.84847e-05,2.9995e-05,0.0456868,-0.000452728,-0.000366916,-0.000195112,-7.57213e-05,-1.51126e-05,5.15131e-05,0.000171552,0.000350498,0.000509226,3.08141e-05,2.48832e-05,2.52679e-05,2.87314e-05,3.06502e-05,2.58272e-05,3.42136e-05,2.85903e-05,-0.000241389,0.000223223,5.61713e-06,-0.000238562,0.000182675,0,0.488376,-0.000500407,-0.000186798,0.000176509,0.000516148,1787117400
1787117460,-0.000366212,6.27658e-05,6.27658e-05,-0.000366212,0.000280337,0.482377,0.000108228,0.000105527,0.0493832,-0.000418095,-0.000323287,-0.000178868,-6.43933e-05,-9.8012e-06,4.69357e-05,0.000160946,0.000328152,0.000478387,0.000104611,0.000109075,0.000108893,0.00010399,0.000105865,0.000112272,0.000103385,0.00011014,-0.00022306,0.000193244,0,-0.000214967,0.000167163,0,0.477155,-0.000453184,-0.000171321,0.000157215,0.000469364,1787117400
1787117520,0.000156965,5.23255e-06,0.000156965,5.23255e-06,0.000282311,0.482966,4.59202e-05,4.82446e-05,0.0417729,-0.000431819,-0.000331716,-0.000179435,-6.60709e-05,-9.7664e-06,4.86979e-05,0.000164392,0.000322702,0.000473436,5.05016e-05,4.71473e-05,4.68704e-05,4.6719e-05,4.85354e-05,4.59186e-05,4.75088e-05,4.51198e-05,-0.000225106,0.000191218,0,-0.000204629,0.000149813,0,0.496425,-0.000448872,-0.000156857,0.000159385,0.00044231,1787117400
1787117580,9.93981e-05,0,0.000109861,-5.23175e-06,0.000280354,0.490517,3.45941e-05,3.66158e-05,0.0427986,-0.000401819,-0.000308121,-0.000162534,-5.72772e-05,-4.891e-06,4.77844e-05,0.000158059,0.000304584,0.000444989,4.08979e-05,3.59897e-05,3.60276e-05,3.32097e-05,3.81807e-05,3.56537e-05,3.43734e-05,3.26587e-05,-0.000208862,0.000161987,0,0.000187055,0,0.000102583,0.50829,-0.000409936,-0.000137787,0.00015126,0.000408515,1787117400
1787117640,-0.000141253,0,2.09247e-05,-0.000261595,0.000277892,0.484818,4.12789e-05,4.08374e-05,0.0467651,-0.000395553,-0.000309067,-0.000169463,-6.16428e-05,-7.48178e-06,4.29104e-05,0.000143125,0.000289829,0.000428101,4.73303e-05,4.15013e-05,4.12682e-05,4.03209e-05,4.62678e-05,4.15454e-05,4.27397e-05,3.98207e-05,-0.000205798,0.000141827,0,0.000176974,0,9.54962e-05,0.502931,-0.000398437,-0.000136533,0.000134765,0.000384612,1787117400
1787117700,-5.2321e-05,0,0.000177871,-7.84825e-05,0.000275823,0.48618,2.77682e-05,2.82739e-05,0.0502122,-0.000406958,-0.000319913,-0.000170938,-6.46691e-05,-7.57513e-06,4.83428e-05,0.000154065,0.000308874,0.000448206,3.36296e-05,2.64758e-05,2.59497e-05,2.64579e-05,3.23862e-05,2.66927e-05,2.96518e-05,2.77055e-05,-0.000213291,0.000171203,0,-0.000195663,0.000135528,0,0.488597,-0.000433504,-0.000152305,0.000149475,0.000439052,1787117700
1787117760,-0.000162212,-5.23225e-06,-5.23225e-06,-0.000219778,0.000273151,0.481401,4.65801e-05,4.40691e-05,0.0587243,-0.000394318,-0.000308983,-0.000164661,-5.96551e-05,-9.38855e-06,4.21841e-05,0.00013958,0.000288836,0.000427181,5.07832e-05,4.65562e-05,4.67117e-05,4.62214e-05,4.86058e-05,4.78878e-05,4.3987e-05,4.72142e-05,-0.000200594,0.000148183,0,-0.000189695,0.000128781,0,0.478603,-0.000421639,-0.000152124,0.000139187,0.000414429,1787117700
1787117820,-4.18655e-05,0,3.1398e-05,-5.23322e-05,0.000271377,0.48072,2.49827e-05,2.51667e-05,0.0673586,-0.000387633,-0.000295148,-0.000155213,-5.81935e-05,-9.4917e-06,4.08239e-05,0.000138348,0.000281357,0.000405675,3.30436e-05,2.53035e-05,2.37578e-05,2.26245e-05,3.06037e-05,2.48284e-05,2.54251e-05,2.42497e-05,-0.000192915,0.000136372,0,-0.000170948,0.000108093,0,0.489292,-0.00038843,-0.000131858,0.000131373,0.000380577,1787117700
1787117880,0.000120359,0,0.000120359,-4.18673e-05,0.000268715,0.476033,3.63029e-05,3.84197e-05,0.0837979,-0.000356217,-0.000278063,-0.000145569,-5.50566e-05,-1.06248e-05,3.47804e-05,0.000125544,0.000261173,0.000385206,4.43433e-05,3.83175e-05,3.65992e-05,3.58224e-05,4.08745e-05,3.64166e-05,3.68241e-05,3.55068e-05,-0.00017882,0.000105498,0,-0.000147424,8.02235e-05,0,0.484481,-0.000345258,-0.000115409,0.000105317,0.000325931,1787117700
1787117940,1.04653e-05,-5.23268e-06,1.04653e-05,-5.23268e-06,0.000266558,0.483236,2.16934e-05,2.27507e-05,0.0835913,-0.000356992,-0.000274444,-0.000142203,-5.21052e-05,-7.62616e-06,3.89311e-05,0.000130733,0.00026403,0.000387304,3.12664e-05,2.33992e-05,2.10133e-05,2.02754e-05,2.76575e-05,1.89452e-05,2.13444e-05,2.11924e-05,-0.00017885,0.000131439,0,0.000158346,0,9.33549e-05,0.501512,-0.000353544,-0.000118622,0.000122648,0.000346693,1787117700
1787118000,6.27894e-05,-5.23263e-06,0.000130807,-5.23263e-06,0.000263884,0.486843,2.41918e-05,2.5907e-05,0.0976501,-0.00033048,-0.000242122,-0.000121005,-4.05225e-05,-4.59536e-06,3.13841e-05,0.000109675,0.000232993,0.000351946,3.47296e-05,2.82189e-05,2.58969e-05,2.35598e-05,2.97769e-05,2.11794e-05,2.26175e-05,2.25952e-05,-0.00015149,9.46761e-05,0,0.000124222,0,5.29245e-05,0.505883,-0.000294399,-8.80914e-05,8.59856e-05,0.000265089,1787118000
1787118060,-7.32547e-05,2.61611e-05,5.75535e-05,-7.32547e-05,0.000261382,0.482121,2.64165e-05,2.56701e-05,0.108093,-0.00032502,-0.000249247,-0.000129134,-4.67166e-05,-6.31171e-06,3.00362e-05,0.000107405,0.000223137,0.000353919,3.59156e-05,2.85814e-05,2.62039e-05,2.54554e-05,3.14906e-05,2.18689e-05,2.60555e-05,2.6489e-05,-0.000156125,0.000113807,0,-0.000150502,9.41339e-05,0,0.487806,-0.000344337,-0.000120256,0.000107791,0.000335016,1787118000
1787118120,-0.00018316,-3.66294e-05,-3.66294e-05,-0.000193628,0.000258963,0.475009,5.16171e-05,4.91743e-05,0.123448,-0.000308034,-0.000224967,-0.000120254,-4.77347e-05,-7.63897e-06,2.39642e-05,9.36971e-05,0.00020313,0.000321936,5.42277e-05,5.22379e-05,5.21716e-05,5.17069e-05,5.21244e-05,5.78529e-05,4.91511e-05,5.19706e-05,-0.00014257,6.84656e-05,0,-0.000131984,7.23324e-05,0,0.481324,-0.000303909,-0.000105303,8.8709e-05,0.000282313,1787118000
1787118180,-7.85075e-05,2.09343e-05,2.09343e-05,-0.000115146,0.000257665,0.471709,2.68123e-05,2.56213e-05,0.12362,-0.000327362,-0.000240413,-0.000127366,-4.98397e-05,-1.04838e-05,2.76034e-05,0.00010231,0.000219563,0.000342999,3.67856e-05,2.91147e-05,2.66188e-05,2.53155e-05,3.02031e-05,2.61708e-05,2.58016e-05,2.59779e-05,-0.000152611,8.69695e-05,0,-0.000146928,8.61597e-05,0,0.491441,-0.000338078,-0.000113483,0.000110372,0.000323353,1787118000
1787118240,0.000313993,-1.04681e-05,0.000313993,-5.23418e-05,0.000255317,0.472538,9.99022e-05,0.000102608,0.125138,-0.000314833,-0.000227561,-0.000118332,-4.73638e-05,-9.94633e-06,2.7294e-05,0.000101919,0.000212535,0.000331914,9.17225e-05,9.52966e-05,9.98644e-05,0.000102655,9.48107e-05,0.000106411,0.000108822,0.000101874,-0.000145492,7.54246e-05,0,-0.000141489,8.20496e-05,0,0.494193,-0.000323192,-0.000105593,0.000109064,0.000309341,1787118000
1787118300,-0.000366335,-3.66274e-05,-3.66274e-05,-0.000450087,0.000256622,0.48123,0.000113249,0.000110712,0.0688455,-0.000368353,-0.000276099,-0.000150668,-5.68318e-05,-9.02494e-06,4.00833e-05,0.000135384,0.000267517,0.000385721,0.000104544,0.000112837,0.000119892,0.000112821,0.000111145,0.000109026,0.000107026,0.000118171,-0.000187617,0.000154785,7.81466e-06,-0.000190603,0.000141051,0,0.494855,-0.000399642,-0.000151143,0.000142516,0.000395511,1787118300
1787118360,5.75758e-05,-1.57031e-05,0.000109915,-5.75791e-05,0.000259272,0.473918,2.76025e-05,2.96997e-05,0.0523677,-0.000392169,-0.000303207,-0.000161921,-6.44114e-05,-1.30063e-05,3.78973e-05,0.000130816,0.000278806,0.000408199,3.37845e-05,2.71466e-05,2.63735e-05,2.74402e-05,2.97284e-05,2.95625e-05,2.79031e-05,2.68178e-05,-0.000194437,0.00015027,0,-0.000190971,0.000133288,0,0.492415,-0.000416936,-0.000147287,0.000144856,0.000401423,1787118300
1787118420,-0.000355976,5.234e-06,1.57019e-05,-0.0004031,0.000256795,0.479958,0.000109345,0.00010719,0.0489841,-0.000349201,-0.000275028,-0.000146586,-5.64333e-05,-9.31042e-06,3.81722e-05,0.000123248,0.000256217,0.000376699,0.000101816,0.000108605,0.000110623,0.000112383,0.000103946,0.000107116,0.000113602,0.00011325,-0.000178303,0.000109434,0,-0.000168371,0.000106621,0,0.492571,-0.000369267,-0.000126951,0.000130506,0.000361609,1787118300
1787118480,0.000104712,-5.23589e-06,0.000104712,-5.23589e-06,0.000259151,0.483039,3.53472e-05,3.74607e-05,0.0478733,-0.000401103,-0.000310404,-0.000161737,-6.07911e-05,-8.49691e-06,4.26352e-05,0.000143954,0.000289113,0.000413304,4.16408e-05,3.50569e-05,3.48777e-05,3.56816e-05,3.84927e-05,3.72759e-05,3.61175e-05,3.37664e-05,-0.000200776,0.000153771,0,-0.000197678,0.000140893,0,0.497106,-0.000427703,-0.0001482,0.000154062,0.000410604,1787118300
1787118540,-2.09415e-05,0,0,-0.000104712,0.000256973,0.484806,2.24564e-05,2.25478e-05,0.0444677,-0.000364831,-0.000281429,-0.000140238,-5.27802e-05,-7.15828e-06,4.09808e-05,0.000127808,0.000260406,0.000381944,3.17494e-05,2.26983e-05,2.21168e-05,1.88057e-05,2.66859e-05,2.55713e-05,2.23686e-05,2.09677e-05,-0.000175887,0.000121941,0,0.0001705,0,0.000100285,0.508537,-0.000375888,-0.000124303,0.00013787,0.000363675,1787118300
1787118600,0,0,5.75882e-05,-5.23545e-06,0.000254408,0.478716,2.04044e-05,2.13523e-05,0.0441492,-0.000354064,-0.00027388,-0.000136082,-4.84244e-05,-9.54829e-06,3.63308e-05,0.000121989,0.000254248,0.000369206,3.05835e-05,2.16457e-05,2.05287e-05,1.88511e-05,2.58084e-05,2.0446e-05,1.96637e-05,1.96132e-05,-0.000169604,0.000105897,0,-0.000161817,9.39832e-05,0,0.496736,-0.000363234,-0.000119886,0.000127557,0.000352242,1787118600
1787118660,0.000298375,0,0.000408281,-0.000240859,0.000251851,0.477085,9.23758e-05,9.53505e-05,0.0444159,-0.000333878,-0.000251565,-0.000133746,-4.86873e-05,-8.78239e-06,3.05505e-05,0.00010636,0.000227547,0.000351602,8.72705e-05,8.94669e-05,9.13723e-05,9.49311e-05,8.72579e-05,9.55566e-05,0.000102083,9.04437e-05,-0.000159187,9.38478e-05,0,-0.000143397,8.05204e-05,0,0.482525,-0.000331743,-0.000115448,9.97641e-05,0.000314895,1787118600
1787118720,-1.57018e-05,0,0.000230264,-1.57018e-05,0.000252865,0.48405,2.60368e-05,2.60115e-05,0.0427583,-0.00039662,-0.000312218,-0.000169883,-6.27469e-05,-8.29972e-06,4.47479e-05,0.000156994,0.000318604,0.000455436,3.13828e-05,2.19763e-05,2.11872e-05,2.95572e-05,2.61767e-05,2.63567e-05,2.88211e-05,2.68611e-05,-0.000214168,0.000201058,1.2518e-06,-0.00019761,0.000162081,0,0.48811,-0.000410753,-0.000153357,0.000149146,0.000428886,1787118600
1787118780,-0.000471167,0,0,-0.00052877,0.000250334,0.473368,0.000160998,0.000158937,0.0433204,-0.000378805,-0.000290461,-0.000157185,-5.8145e-05,-1.18898e-05,3.37559e-05,0.000123363,0.000262205,0.000392408,0.000142129,0.000165578,0.000169904,0.000155656,0.000159101,0.000161629,0.000154985,0.000161449,-0.000186034,0.000146698,0,-0.000159621,0.000108464,0,0.47181,-0.000358583,-0.000135375,0.000107717,0.000351958,1787118600
1787118840,-2.61825e-05,-5.76023e-05,5.7599e-05,-5.76023e-05,0.00025662,0.47981,2.60835e-05,2.58754e-05,0.04466,-0.000423301,-0.00031661,-0.000166567,-5.93306e-05,-1.08101e-05,4.37582e-05,0.000145448,0.000310918,0.0004407,3.20227e-05,2.32033e-05,2.43054e-05,2.66285e-05,2.74478e-05,2.88504e-05,2.87544e-05,2.49299e-05,-0.000205741,0.000179272,0,-0.000191428,0.00014602,0,0.495385,-0.000412193,-0.000143089,0.000148723,0.000403768,1787118600
1787118900,-5.23658e-06,-2.09465e-05,8.37815e-05,-0.000183296,0.000254067,0.473807,2.2425e-05,2.27614e-05,0.0422411,-0.000384421,-0.000296814,-0.000150415,-5.35629e-05,-1.19479e-05,3.46835e-05,0.000129358,0.000273516,0.000400017,3.08586e-05,2.16904e-05,2.21859e-05,2.10706e-05,2.61883e-05,2.37429e-05,2.22425e-05,2.16163e-05,-0.000184539,0.000128038,0,-0.000165818,0.000107173,0,0.492465,-0.000368802,-0.000124852,0.000128408,0.000356946,1787118900
1787118960,-4.71304e-05,-5.2366e-06,1.04731e-05,-0.000366628,0.000251515,0.480565,2.56232e-05,2.47535e-05,0.041602,-0.000380893,-0.000297055,-0.000146417,-5.00425e-05,-8.57202e-06,3.65406e-05,0.000137322,0.000285058,0.000413571,3.31232e-05,2.36623e-05,2.36662e-05,2.70521e-05,2.74868e-05,2.24297e-05,2.72494e-05,2.68891e-05,-0.000185674,0.000153545,0,-0.000184273,0.000136824,0,0.495819,-0.000395104,-0.000136337,0.000145771,0.000399368,1787118900
1787119020,-0.00053954,-1.57106e-05,-1.57106e-05,-0.000544779,0.000249076,0.473556,0.000199201,0.000196492,0.0423723,-0.000375565,-0.000287024,-0.000141804,-4.71818e-05,-1.23991e-05,3.54857e-05,0.000133517,0.00027968,0.000418561,0.000169876,0.000199593,0.000201532,0.000185347,0.0001888,0.000218104,0.000190152,0.000202064,-0.000180112,0.000165708,2.57628e-05,-0.0001864,0.000148355,0,0.49807,-0.000397194,-0.000135482,0.000149823,0.000410665,1787118900
1787119080,6.81133e-05,-5.23968e-06,6.81133e-05,-9.43184e-05,0.000258109,0.490196,3.02651e-05,3.25278e-05,0.0516157,-0.000451963,-0.000350516,-0.000169766,-5.1541e-05,-5.48678e-06,5.15098e-05,0.000167787,0.00032741,0.000466952,3.55051e-05,2.92445e-05,3.11244e-05,3.05052e-05,3.39577e-05,3.31956e-05,3.14175e-05,2.9969e-05,-0.000219601,0.000180431,0,0.000209553,0,0.000181855,0.501725,-0.000448491,-0.000152256,0.00016561,0.000429422,1787118900
1787119140,2.61962e-05,-4.19153e-05,8.90642e-05,-9.43119e-05,0.000255696,0.481171,2.5229e-05,2.59023e-05,0.0456354,-0.000413568,-0.000312233,-0.000153122,-4.77631e-05,-9.77602e-06,4.31662e-05,0.000149171,0.000298371,0.000429018,3.19989e-05,2.36754e-05,2.54942e-05,2.23608e-05,2.87127e-05,2.60454e-05,2.41016e-05,2.54195e-05,-0.000196933,0.00012749,0,0.000176527,0,0.000126813,0.504164,-0.00038283,-0.000122584,0.000148729,0.000383691,1787118900
1787119200,0.000361437,-1.04784e-05,0.000518543,-1.04784e-05,0.000253154,0.475988,0.000107761,0.000111179,0.0435622,-0.00043101,-0.000336425,-0.000170758,-5.49151e-05,-1.13102e-05,3.68057e-05,0.000147487,0.000310089,0.000437111,0.000104844,0.000113292,0.000111732,0.000104534,0.000112585,0.000113818,0.000105039,0.000104792,-0.000209399,0.000219675,7.54201e-05,-0.000200803,0.000203963,4.72958e-05,0.492416,-0.000429431,-0.000154035,0.000150904,0.000407832,1787119200
1787119260,-0.000880249,-5.23729e-06,-5.23729e-06,-0.000880249,0.000255769,0.480096,0.000353236,0.000350389,0.0438406,-0.000451209,-0.000351152,-0.000177404,-5.95969e-05,-1.02389e-05,4.22264e-05,0.000153147,0.000324062,0.000468151,0.000339717,0.000366178,0.000359473,0.000354301,0.000355424,0.000356864,0.000343712,0.000350772,-0.000217758,0.000194765,6.62179e-06,-0.000212927,0.000174476,0,0.487556,-0.000445938,-0.00016696,0.000157874,0.000457008,1787119200
1787119320,5.24175e-05,0,0.000340665,0,0.000282146,0.502735,3.76637e-05,3.83722e-05,0.187883,-0.000613021,-0.000457103,-0.000220018,-6.69961e-05,1.66626e-06,7.72408e-05,0.000224786,0.00044464,0.000605069,3.34769e-05,2.93839e-05,3.71451e-05,2.9994e-05,3.79594e-05,5.97817e-05,3.80126e-05,3.59141e-05,0.000289844,0,0.000262612,0.000264592,0,0.000249542,0.501022,-0.000552342,-0.000191041,0.000203789,0.000528009,1787119200
1787119380,-0.000157261,-5.24163e-06,-5.24163e-06,-0.0002359,0.000279408,0.482437,5.00462e-05,4.88789e-05,0.131891,-0.000532864,-0.000399275,-0.000196834,-6.58291e-05,-1.06287e-05,5.10053e-05,0.000184409,0.000392982,0.000544981,4.98084e-05,4.51673e-05,5.03664e-05,4.53889e-05,4.68043e-05,6.20394e-05,4.97586e-05,4.99555e-05,-0.000249652,0.000193032,0,-0.000240626,0.000198416,0,0.487315,-0.00050747,-0.000178046,0.000188938,0.000515087,1787119200
1787119440,-5.76685e-05,0,0,-7.86396e-05,0.000277493,0.486752,3.27803e-05,3.14743e-05,0.104885,-0.000504797,-0.000384566,-0.000177736,-5.89012e-05,-7.80786e-06,5.22379e-05,0.000173249,0.000367026,0.000514753,3.37438e-05,2.82747e-05,3.41568e-05,2.68036e-05,3.3093e-05,4.03426e-05,3.35979e-05,3.37237e-05,-0.00022884,0.000154822,0,-0.000224485,0.00015182,0,0.493682,-0.000492283,-0.000166656,0.00017829,0.000472234,1787119200
1787119500,0.000267344,1.57281e-05,0.000272585,1.57281e-05,0.000274825,0.475915,7.56043e-05,7.90396e-05,0.0812453,-0.000451233,-0.000343048,-0.000162353,-5.21248e-05,-1.24826e-05,4.04444e-05,0.000151664,0.000327742,0.000473818,7.86944e-05,7.81535e-05,7.86445e-05,7.9418e-05,8.06717e-05,7.80728e-05,7.6733e-05,7.14187e-05,-0.00020571,0.000109786,0,-0.000192916,0.000106687,0,0.486845,-0.000442182,-0.000147481,0.000149959,0.000418734,1787119500
1787119560,-5.24135e-06,-3.669e-05,-5.24135e-06,-0.000304044,0.000274677,0.486163,2.75382e-05,2.70649e-05,0.0717635,-0.000460117,-0.000360031,-0.000174753,-5.54218e-05,-8.0409e-06,5.11698e-05,0.000163951,0.000323418,0.000470424,3.0834e-05,2.48088e-05,2.96907e-05,2.06467e-05,3.03073e-05,2.91268e-05,2.92556e-05,2.71888e-05,-0.000221168,0.000158814,0,-0.000228871,0.000167734,0,0.495677,-0.000490961,-0.00017271,0.000178267,0.000479378,1787119500
1787119620,-0.000786514,0,0,-0.000786514,0.000271918,0.477836,0.000311739,0.000308358,0.0644973,-0.000434924,-0.000338212,-0.000159055,-4.7339e-05,-1.0266e-05,3.71406e-05,0.00014935,0.000313606,0.000455031,0.000292411,0.000311271,0.000298134,0.000315712,0.000298499,0.000314644,0.000310738,0.000318985,-0.000201664,0.000121789,0,-0.000179997,0.00012876,0,0.481572,-0.00038957,-0.000134105,0.000139893,0.000390709,1787119500
1787119680,-0.000398737,-4.72105e-05,0.000277972,-0.000424975,0.00029126,0.508287,0.000118633,0.000115393,0.136067,-0.000593922,-0.000437002,-0.000208602,-6.59971e-05,5.85825e-06,8.1271e-05,0.000220589,0.000439384,0.000596591,0.000113852,0.000117177,0.000113156,0.000120804,0.000103126,0.000115938,0.000119423,0.000127035,0.000280861,0,0.000251075,-0.00026024,0.00022356,0,0.492797,-0.000550053,-0.000188731,0.00020554,0.000529293,1787119500
1787119740,-0.00023092,-1.57429e-05,0.000136428,-0.000435644,0.000293795,0.506385,7.19919e-05,6.82607e-05,0.12562,-0.000621659,-0.000462552,-0.000224734,-7.33611e-05,4.93264e-06,8.17918e-05,0.0002315,0.000473026,0.000638277,6.71645e-05,6.55216e-05,6.64814e-05,6.53978e-05,5.6659e-05,7.80902e-05,7.308e-05,8.05379e-05,0.000297552,0,0.000276147,-0.000272899,0.000245331,0,0.491192,-0.000566214,-0.000193054,0.000220187,0.000556656,1787119500
1787119800,0.000157451,-3.67422e-05,0.000157451,-9.9732e-05,0.00029267,0.508456,5.03502e-05,5.33257e-05,0.108885,-0.000612429,-0.000455817,-0.000216935,-7.15162e-05,6.49785e-06,7.60256e-05,0.000228297,0.000454359,0.000621294,5.06838e-05,4.81163e-05,5.37808e-05,5.23919e-05,5.88587e-05,6.06217e-05,5.14759e-05,4.4901e-05,0.000291036,0,0.000267862,-0.00026942,0.00022573,0,0.491544,-0.000561232,-0.000191009,0.000218106,0.000545774,1787119800
1787119860,-0.000341176,5.24783e-05,0.000246624,-0.000341176,0.000290583,0.488874,0.000100154,9.62727e-05,0.0806814,-0.000548744,-0.000411424,-0.00019747,-6.23599e-05,-6.78152e-06,5.53322e-05,0.000187119,0.000379275,0.000540076,9.74443e-05,9.61148e-05,9.69301e-05,9.62941e-05,8.58455e-05,9.94844e-05,0.000102865,0.000104743,-0.000251156,0.000180688,0,-0.000241101,0.00017629,0,0.495988,-0.00051622,-0.00017537,0.000195782,0.000495727,1787119800
1787119920,0.000167978,0,0.000236211,0,0.000291681,0.501334,5.17156e-05,5.46518e-05,0.0679011,-0.00058939,-0.000442,-0.000218555,-7.78356e-05,1.52597e-06,6.63225e-05,0.000202495,0.000415745,0.000576298,5.25371e-05,5.10601e-05,5.45324e-05,5.42958e-05,6.05696e-05,5.51534e-05,5.25919e-05,4.82213e-05,0.000275822,0,0.000267293,-0.000260115,0.00020241,0,0.480659,-0.000552153,-0.000197862,0.000196928,0.000514955,1787119800
1787119980,0.000283399,-3.14937e-05,0.000283399,-3.14937e-05,0.000289725,0.487552,7.98632e-05,8.40127e-05,0.0465083,-0.000504667,-0.00039142,-0.000200886,-6.80835e-05,-7.01164e-06,5.04736e-05,0.000172516,0.000358237,0.000522554,8.34382e-05,8.30357e-05,8.36003e-05,8.2678e-05,9.0102e-05,8.1728e-05,7.8621e-05,7.50309e-05,-0.000245775,0.00017292,0,-0.000219977,0.000157369,0,0.48385,-0.000479337,-0.000166985,0.000172404,0.000461832,1787119800
1787120040,-0.00014169,-0.000120697,-0.000110201,-0.00014169,0.0002896,0.48274,4.5925e-05,4.44674e-05,0.0459651,-0.000480428,-0.000379241,-0.000187482,-6.10664e-05,-1.02448e-05,5.02691e-05,0.000165264,0.000339824,0.000504245,4.72522e-05,4.34263e-05,4.71879e-05,4.17157e-05,4.2672e-05,4.55826e-05,4.87692e-05,4.62494e-05,-0.000231595,0.000173895,0,-0.000226192,0.000166071,0,0.483828,-0.000487757,-0.00017537,0.000174088,0.000475375,1787119800
1787120100,0.00100713,-5.24815e-06,0.00100713,-5.24815e-06,0.000287389,0.47964,0.000420562,0.000423133,0.0455808,-0.000486385,-0.000381859,-0.000191208,-6.91414e-05,-9.73838e-06,3.92415e-05,0.000147465,0.000315963,0.000471819,0.00039954,0.000417698,0.000405119,0.000434081,0.000422957,0.000419583,0.000430932,0.000422273,-0.000224681,0.000110691,0,-0.000177619,8.55933e-05,0,0.467408,-0.000417997,-0.00015063,0.000116812,0.000368834,1787120100
1787120160,0.000178241,0,0.000178241,0,0.000318162,0.492664,5.80259e-05,6.06879e-05,0.152306,-0.000632798,-0.000491012,-0.000250882,-8.62843e-05,-5.66032e-06,7.28879e-05,0.000232046,0.000485032,0.000704835,5.42446e-05,5.4362e-05,6.23027e-05,5.41642e-05,6.18723e-05,7.39378e-05,6.4245e-05,5.14179e-05,-0.000316495,0.000310136,2.36913e-05,-0.000321783,0.000288078,4.18008e-06,0.469947,-0.000631831,-0.000252673,0.000234901,0.000675663,1787120100
1787120220,0.000586922,5.24178e-05,0.000990231,5.24178e-05,0.000315971,0.479399,0.000188506,0.000191328,0.128223,-0.000575189,-0.00044254,-0.000212176,-7.12909e-05,-1.35791e-05,5.35984e-05,0.000180434,0.000395635,0.000598384,0.000188942,0.000195367,0.000178914,0.000225444,0.000180238,0.000168534,0.000199297,0.00019918,-0.000259502,0.000170697,0,-0.000262549,0.000178745,0,0.479762,-0.000571475,-0.000215438,0.000188163,0.00057697,1787120100
1787120280,0.000193818,0,0.000193818,-6.2868e-05,0.000323621,0.479419,6.53294e-05,6.75013e-05,0.196896,-0.000661721,-0.000527987,-0.000276753,-0.000109241,-1.74871e-05,6.87737e-05,0.000239388,0.000527602,0.000758558,5.84206e-05,5.86649e-05,6.50209e-05,6.22774e-05,6.05085e-05,7.50888e-05,6.94719e-05,6.61786e-05,-0.000341924,0.000320231,1.89718e-06,-0.000327516,0.000295748,1.1697e-05,0.458669,-0.000651606,-0.000266413,0.000226338,0.000708292,1787120100
1787120340,0.000214728,0,0.000214728,0,0.000321539,0.483225,6.34802e-05,6.64705e-05,0.172477,-0.000599111,-0.000472448,-0.000234167,-7.60241e-05,-1.14749e-05,5.82143e-05,0.000202829,0.000445244,0.000641041,6.42288e-05,6.43627e-05,6.73498e-05,6.36177e-05,6.20781e-05,7.31405e-05,6.48634e-05,6.26001e-05,-0.000288333,0.000233415,0,-0.000281814,0.000208759,0,0.479665,-0.000597938,-0.000225214,0.000207115,0.000631355,1787120100
1787120400,0.000314153,0,0.000314153,0,0.000319752,0.488446,9.04403e-05,9.29095e-05,0.172297,-0.000561651,-0.000435231,-0.000213398,-6.84395e-05,-7.52794e-06,5.89069e-05,0.000190246,0.000419068,0.000616622,9.17743e-05,9.19108e-05,9.28374e-05,9.07796e-05,8.13755e-05,9.28349e-05,9.14873e-05,8.88806e-05,-0.000265745,0.000214544,0,-0.000269341,0.00019432,0,0.481483,-0.000572296,-0.000214916,0.000199414,0.000606436,1787120400
1787120460,-0.000125649,0,0.000104696,-0.000125649,0.000319641,0.488749,4.62447e-05,4.5989e-05,0.190768,-0.000575391,-0.000450121,-0.000219911,-7.61571e-05,-7.80972e-06,6.28844e-05,0.000195838,0.000418123,0.000606823,4.46043e-05,4.35939e-05,4.89883e-05,4.02642e-05,5.62784e-05,5.0479e-05,4.7497e-05,4.42752e-05,-0.000273594,0.000231573,0,-0.0002614,0.000201509,0,0.483043,-0.000558914,-0.000209646,0.00019538,0.000589335,1787120400
1787120520,0.000408302,0,0.000408302,-7.85388e-05,0.000316927,0.480987,0.000120802,0.000123465,0.144448,-0.00053865,-0.000413699,-0.000206921,-7.55107e-05,-1.14458e-05,5.00211e-05,0.000170244,0.0003826,0.000563988,0.00011798,0.000121158,0.000118704,0.000125008,0.000107473,0.000119337,0.000123949,0.000125397,-0.000250771,0.000194567,0,-0.000240666,0.000164612,0,0.467134,-0.00053415,-0.000202401,0.000169428,0.000543461,1787120400
1787120580,-0.000219834,0,0.000313965,-0.000319299,0.000319011,0.487435,6.28437e-05,6.09084e-05,0.166039,-0.000543142,-0.000418546,-0.000217458,-7.78427e-05,-7.81538e-06,5.56604e-05,0.000195767,0.000420249,0.000601078,6.41079e-05,6.26988e-05,6.37521e-05,6.21496e-05,7.52721e-05,6.50903e-05,6.19791e-05,6.09274e-05,-0.000271882,0.000233978,0,-0.000263173,0.00022002,0,0.481203,-0.000554794,-0.000208819,0.000199563,0.000596439,1787120400
1787120640,0.000256469,2.61733e-05,0.000355898,2.61733e-05,0.000317332,0.480118,7.70441e-05,7.9202e-05,0.107865,-0.000569248,-0.000436662,-0.000231978,-8.18092e-05,-1.29592e-05,5.34899e-05,0.000180542,0.000406792,0.000582812,7.60231e-05,7.58542e-05,7.63885e-05,7.59367e-05,6.54099e-05,7.41659e-05,7.74109e-05,8.03267e-05,-0.000274896,0.000248808,0,-0.000266743,0.000223474,0,0.470659,-0.000571317,-0.000217934,0.000191367,0.000588551,1787120400
1787120700,-0.000371639,5.23337e-06,5.23337e-06,-0.000423994,0.000316229,0.490859,0.000104659,0.000102621,0.0966867,-0.000510454,-0.000400348,-0.000213086,-7.43632e-05,-5.61834e-06,5.74239e-05,0.000181865,0.000391553,0.000571716,0.000105959,0.000104947,0.000105664,0.000106205,0.000115016,0.000107527,0.000102374,0.000103784,-0.000260851,0.000228653,0,-0.000247927,0.000190146,0,0.4767,-0.00053366,-0.000200495,0.000182926,0.000557657,1787120700
1787120760,-0.00036654,0,0.000151813,-0.00036654,0.000317432,0.480538,0.000103245,0.000100698,0.062166,-0.000523128,-0.000395548,-0.000210865,-7.24908e-05,-1.26068e-05,5.34384e-05,0.000177915,0.000384712,0.000556842,0.000104433,0.000103433,0.000104167,0.000103397,0.000108631,0.000104525,0.000103485,0.000103597,-0.000256952,0.000219031,0,-0.000253743,0.00018583,0,0.478472,-0.000556967,-0.000202843,0.000188944,0.000554748,1787120700
1787120820,-0.000136178,-4.71363e-05,0.000162341,-0.000136178,0.000318489,0.481503,4.57574e-05,4.50886e-05,0.0422192,-0.000524847,-0.000393832,-0.000216056,-7.73198e-05,-1.17753e-05,5.31606e-05,0.000179109,0.000400061,0.000562458,4.61838e-05,4.50426e-05,4.84646e-05,4.61808e-05,5.07426e-05,4.58302e-05,4.7914e-05,4.30278e-05,-0.000262347,0.00022275,0,-0.000259085,0.000196246,0,0.475065,-0.00055666,-0.000203035,0.00019468,0.000550775,1787120700
1787120880,-7.33341e-05,0,3.14273e-05,-0.00012048,0.000315875,0.485173,3.54384e-05,3.46061e-05,0.0472322,-0.000515973,-0.000389364,-0.000206655,-7.47194e-05,-9.96804e-06,5.85248e-05,0.000182221,0.000377064,0.000536271,3.55611e-05,3.4271e-05,3.69973e-05,3.40418e-05,3.95836e-05,3.25511e-05,3.62553e-05,3.53925e-05,-0.000255827,0.000209333,0,-0.000247307,0.000180838,0,0.476528,-0.0005448,-0.000196121,0.000185489,0.000531774,1787120700
1787120940,0.000157138,5.23833e-06,0.000157138,0,0.000312873,0.479723,4.77479e-05,4.99623e-05,0.056058,-0.000485309,-0.000364391,-0.000188996,-6.43906e-05,-1.17538e-05,4.74628e-05,0.000170987,0.000350196,0.000501571,5.10884e-05,4.97273e-05,5.1674e-05,4.71023e-05,5.18699e-05,4.61802e-05,4.73872e-05,4.58188e-05,-0.000236093,0.000157439,0,-0.000224471,0.000139942,0,0.479448,-0.000507604,-0.00017633,0.000170703,0.000493186,1787120700
1787121000,-5.23766e-05,-5.23754e-06,9.9508e-05,-0.000157138,0.000310524,0.485034,3.06014e-05,3.04116e-05,0.0576257,-0.000482613,-0.000372371,-0.000192696,-6.1835e-05,-8.0932e-06,4.72263e-05,0.000158955,0.000341699,0.000489756,3.30748e-05,3.15556e-05,3.337e-05,2.70357e-05,3.66905e-05,2.69568e-05,3.14488e-05,3.01387e-05,-0.000232201,0.000161842,0,-0.000230407,0.0001502,0,0.486449,-0.000500852,-0.000185288,0.00016928,0.000469047,1787121000
1787121060,7.33265e-05,0,9.42759e-05,0,0.000307493,0.476118,3.34078e-05,3.53314e-05,0.0704968,-0.000467154,-0.000361502,-0.000187514,-6.42386e-05,-1.35154e-05,4.43074e-05,0.000152801,0.000335012,0.000480727,3.70708e-05,3.5076e-05,3.57278e-05,3.32425e-05,3.69419e-05,2.79969e-05,3.44123e-05,3.18727e-05,-0.000225557,0.00016945,0,-0.000221865,0.000154235,0,0.475288,-0.00049149,-0.00017789,0.000164612,0.000488105,1787121000
1787121120,-3.66626e-05,1.04748e-05,1.04748e-05,-0.000267144,0.000304579,0.48791,2.62021e-05,2.58332e-05,0.0852524,-0.000426392,-0.00031846,-0.000165275,-5.12025e-05,-5.54723e-06,4.14889e-05,0.00013139,0.000299567,0.000451523,3.21444e-05,2.98248e-05,2.99832e-05,2.16453e-05,3.37108e-05,1.95126e-05,2.47052e-05,2.49588e-05,-0.000197054,0.000133564,0,-0.000174819,0.000104757,0,0.485067,-0.000393592,-0.000134333,0.000124997,0.000374894,1787121000
1787121180,1.57127e-05,-5.23762e-06,1.57127e-05,-0.000607747,0.000301562,0.483868,2.48366e-05,2.54029e-05,0.11023,-0.000417282,-0.000306564,-0.000158931,-4.80474e-05,-8.24986e-06,4.40967e-05,0.000143794,0.000303513,0.000444679,3.15594e-05,2.88692e-05,2.82357e-05,2.56233e-05,3.16404e-05,1.39149e-05,2.56514e-05,2.26051e-05,-0.000198547,0.000152443,0,-0.000190114,0.000132475,0,0.480466,-0.000415943,-0.000142945,0.00014736,0.000424112,1787121000
1787121240,2.61873e-05,5.23738e-05,0.00019377,-0.0001519,0.000298539,0.486147,2.75254e-05,2.78472e-05,0.148561,-0.000439339,-0.000326549,-0.000167128,-5.20568e-05,-7.29117e-06,4.6534e-05,0.000159589,0.000337275,0.000488409,3.21405e-05,2.90254e-05,2.76457e-05,3.50913e-05,3.08528e-05,1.24077e-05,3.29015e-05,2.62993e-05,-0.000213414,0.000222628,6.31325e-06,-0.000211436,0.000178192,0,0.483439,-0.000450359,-0.000157633,0.000170707,0.000479754,1787121000
1787121300,-0.000172849,-4.71376e-05,-5.2374e-06,-0.000178087,0.000295562,0.487433,5.02892e-05,4.79903e-05,0.196195,-0.000416402,-0.000304373,-0.000163247,-5.19996e-05,-5.7676e-06,4.13011e-05,0.000144524,0.000305705,0.000436619,5.20257e-05,4.9541e-05,4.96857e-05,5.11619e-05,4.87495e-05,5.51421e-05,4.89842e-05,5.20972e-05,-0.000202281,0.000195926,0,-0.000174782,0.000128571,0,0.47454,-0.000382451,-0.000135752,0.000128583,0.000386213,1787121300
1787121360,0.000408503,-5.2383e-06,0.000408503,-5.2383e-06,0.000293611,0.47834,0.000132283,0.000133717,0.213292,-0.000413173,-0.000293878,-0.000165104,-5.47027e-05,-9.494e-06,3.55133e-05,0.000124218,0.000278163,0.000411195,0.000118724,0.000125524,0.000128216,0.000127401,0.000127325,0.000154694,0.000134507,0.000139487,-0.000192437,0.000151092,0,-0.000167416,9.89672e-05,0,0.474807,-0.000376852,-0.000132805,0.00011743,0.000350622,1787121300
1787121420,9.94819e-05,0,0.000246069,0,0.000296346,0.492609,3.5804e-05,3.7289e-05,0.0927741,-0.000436236,-0.000321766,-0.000173805,-5.28615e-05,-4.01619e-06,5.01265e-05,0.000159517,0.00033242,0.000454818,4.12424e-05,3.82452e-05,3.72811e-05,3.83108e-05,3.85833e-05,3.61715e-05,3.73729e-05,3.2011e-05,-0.000218301,0.000193444,0,-0.000216532,0.000156828,0,0.484046,-0.000453946,-0.000171248,0.000164785,0.00045553,1787121300
1787121480,7.32961e-05,4.71196e-05,7.32961e-05,-3.66501e-05,0.000293704,0.483893,3.23712e-05,3.35427e-05,0.108089,-0.000451345,-0.000329766,-0.000178762,-6.14078e-05,-8.2541e-06,4.41658e-05,0.000143947,0.000312965,0.000444641,3.68755e-05,3.35703e-05,3.21524e-05,3.43833e-05,3.32097e-05,3.06449e-05,3.40521e-05,3.0746e-05,-0.000213843,0.000193922,0,-0.000210031,0.000143133,0,0.475916,-0.000460112,-0.000175597,0.000148979,0.000453701,1787121300
1787121540,0.000157045,0,0.000287897,0,0.000290937,0.496462,4.48805e-05,4.67942e-05,0.110591,-0.000393069,-0.000290593,-0.000152994,-4.07925e-05,-1.84996e-06,4.30648e-05,0.000133531,0.000293228,0.000419917,5.0744e-05,4.76694e-05,4.71279e-05,4.66413e-05,4.57612e-05,4.62014e-05,4.59191e-05,4.16141e-05,-0.000188451,0.000130857,0,-0.00018369,0.000106241,0,0.480672,-0.000403486,-0.000142018,0.000137865,0.000408287,1787121300
1787121600,-0.000104694,0,0,-0.000214634,0.000288868,0.493544,3.52866e-05,3.52866e-05,0.103733,-0.000402701,-0.00029555,-0.000163733,-4.93909e-05,-2.81927e-06,4.25766e-05,0.000133378,0.000293291,0.000425091,4.06019e-05,3.66902e-05,3.48781e-05,3.51443e-05,3.97338e-05,3.51038e-05,3.32631e-05,3.47178e-05,-0.000196401,0.000160162,0,-0.000207561,0.000143275,0,0.475824,-0.000444883,-0.000170269,0.000150302,0.000445021,1787121600
1787121660,-0.000282728,-7.85277e-05,-7.32923e-05,-0.000376989,0.000286348,0.489533,8.0306e-05,7.86611e-05,0.0904966,-0.000396142,-0.000289741,-0.000152284,-5.06724e-05,-4.87802e-06,4.27158e-05,0.000131989,0.000284284,0.000417834,8.08661e-05,7.99649e-05,8.00588e-05,7.95847e-05,8.25252e-05,8.10692e-05,8.01762e-05,8.26805e-05,-0.000187411,0.00014651,0,-0.000198535,0.000125452,0,0.478462,-0.000437194,-0.00015758,0.000149393,0.000442658,1787121600
1787121720,-9.42606e-05,4.7127e-05,4.7127e-05,-0.000204242,0.000286276,0.48649,3.39928e-05,3.3487e-05,0.0638448,-0.000420735,-0.00029584,-0.000163036,-5.38962e-05,-6.55349e-06,4.30999e-05,0.00014087,0.000301886,0.000431618,3.87218e-05,3.46524e-05,3.28733e-05,3.33826e-05,3.60242e-05,3.48881e-05,3.43608e-05,3.31714e-05,-0.000200306,0.00017008,0,-0.000195533,0.000131631,0,0.483155,-0.000432021,-0.000151328,0.000150558,0.000425362,1787121600
1787121780,0.000434572,0,0.00046598,0,0.000283712,0.48681,0.000141677,0.000142367,0.0635886,-0.000394047,-0.000283024,-0.0001516,-5.02767e-05,-6.23607e-06,4.21775e-05,0.00013544,0.000288855,0.000417417,0.000129703,0.000137387,0.000145074,0.000141399,0.000137145,0.000140789,0.000144669,0.000145159,-0.000188724,0.000132812,0,-0.000185476,0.000117914,0,0.482001,-0.000407272,-0.000141609,0.000143867,0.000397092,1787121600
1787121840,1.04693e-05,-5.23468e-06,7.8517e-05,-0.000120405,0.000287506,0.485062,2.71257e-05,2.74037e-05,0.0471316,-0.000440671,-0.000330641,-0.000180584,-6.06794e-05,-8.10806e-06,4.73214e-05,0.000152687,0.000325787,0.000462998,3.10319e-05,2.66599e-05,2.54439e-05,2.58229e-05,2.93792e-05,2.74556e-05,2.97515e-05,2.63031e-05,-0.000219918,0.000213069,0,-0.000231824,0.000177069,0,0.485864,-0.00048818,-0.000184189,0.000174898,0.000496527,1787121600
1787121900,0.00046054,5.2346e-06,0.000544252,5.2346e-06,0.00028462,0.480453,0.000153961,0.000153692,0.0485665,-0.000424494,-0.000328054,-0.00017335,-5.56617e-05,-9.2253e-06,3.91096e-05,0.000134231,0.000301644,0.000439821,0.00013958,0.00014722,0.00015377,0.000146361,0.000141324,0.000154194,0.00015833,0.000160846,-0.000204362,0.000165025,0,-0.000216521,0.00014352,0,0.472221,-0.000468844,-0.000181198,0.000151296,0.000458171,1787121900
1787121960,-0.00022501,-1.04645e-05,7.32482e-05,-0.00022501,0.000289189,0.477454,6.18959e-05,6.04917e-05,0.0463437,-0.000462148,-0.000357473,-0.000197808,-7.10124e-05,-1.3806e-05,4.85851e-05,0.000159547,0.000356399,0.000519019,6.49776e-05,6.40085e-05,6.42812e-05,6.38222e-05,6.70451e-05,6.47879e-05,5.96133e-05,5.87899e-05,-0.000237664,0.000242817,0,-0.000244381,0.000191649,0,0.476011,-0.00050818,-0.00019975,0.000176201,0.000531775,1787121900
1787122020,0.000727176,0,0.000727176,0,0.000288046,0.476195,0.00028351,0.000282633,0.0421573,-0.000461689,-0.000343667,-0.000187835,-6.82153e-05,-1.2632e-05,4.15849e-05,0.000137457,0.000323988,0.000470499,0.00026038,0.000278761,0.000280211,0.000282524,0.000270313,0.000278045,0.000284609,0.000292386,-0.000218597,0.00019271,0,-0.000222229,0.000148783,0,0.471992,-0.000491603,-0.000186507,0.00015624,0.000487774,1787121900
1787122080,0.000731873,4.70651e-05,0.00131176,4.70651e-05,0.000303128,0.485084,0.00025401,0.000252036,0.0632836,-0.000560601,-0.000441579,-0.000236564,-8.26301e-05,-1.12572e-05,6.54275e-05,0.000199958,0.000434846,0.000646869,0.000261675,0.000273879,0.000261879,0.000278946,0.0002574,0.000218135,0.000261811,0.00024711,-0.000288693,0.000277515,0,-0.000280956,0.00023489,0,0.476346,-0.00056483,-0.000225454,0.000203856,0.000611643,1787121900
1787122140,-0.000324049,-4.18069e-05,0.000778334,-0.00041292,0.00031743,0.480308,8.7889e-05,8.67145e-05,0.152162,-0.000663821,-0.000530091,-0.000297381,-0.000114687,-1.81804e-05,7.54135e-05,0.000248008,0.000536527,0.000784509,9.27437e-05,9.16925e-05,9.25089e-05,9.20647e-05,0.000104099,9.79933e-05,8.14215e-05,8.31198e-05,-0.00036171,0.000376576,0,-0.000325717,0.000294914,7.03348e-06,0.461617,-0.000642853,-0.000272276,0.000215043,0.000690813,1787121900
1787122200,-0.000109782,-1.56825e-05,0.000318823,-0.000109782,0.000317564,0.480415,4.61914e-05,4.62796e-05,0.122129,-0.000641951,-0.000491293,-0.000271631,-0.000105064,-1.71755e-05,7.17938e-05,0.000234842,0.000506824,0.000724487,4.16466e-05,4.04453e-05,4.5352e-05,5.43888e-05,4.95265e-05,5.95648e-05,4.73456e-05,4.59059e-05,-0.000309189,0.00035692,3.23087e-05,-0.000317884,0.000301682,6.34339e-06,0.466476,-0.000637123,-0.000258157,0.000214076,0.000670561,1787122200
1787122260,-0.000167311,-3.65968e-05,-2.61404e-05,-0.000182997,0.000314755,0.481985,5.26966e-05,5.24623e-05,0.0938956,-0.000575347,-0.000425677,-0.00022485,-8.2387e-05,-1.31851e-05,6.12623e-05,0.000198188,0.00044463,0.000623138,5.12346e-05,4.97094e-05,5.38298e-05,5.71392e-05,5.67011e-05,6.12827e-05,4.91103e-05,5.13016e-05,-0.0002581,0.000283634,1.81437e-05,-0.000271148,0.000215577,0,0.470947,-0.000571971,-0.00022004,0.000193963,0.000593566,1787122200
1787122320,0.000256183,-2.09158e-05,0.00028232,-2.61448e-05,0.000312489,0.482751,7.54282e-05,7.74802e-05,0.0781212,-0.000519503,-0.000386559,-0.000202774,-7.46411e-05,-1.02314e-05,5.03341e-05,0.00017426,0.000393796,0.000561673,7.59313e-05,7.57162e-05,7.60685e-05,7.55023e-05,6.85827e-05,7.57795e-05,7.69901e-05,7.51393e-05,-0.000230719,0.000204753,0,-0.00022666,0.000132086,0,0.476443,-0.000502312,-0.000182973,0.000165883,0.000488663,1787122200
1787122380,0.0002927,-6.79605e-05,0.0002927,-7.31885e-05,0.000311463,0.485992,8.45423e-05,8.60961e-05,0.0698754,-0.000530426,-0.000400232,-0.000210142,-7.60415e-05,-9.28275e-06,5.82325e-05,0.000193319,0.0004066,0.0005649,8.60594e-05,8.58095e-05,8.6096e-05,8.60311e-05,7.74578e-05,8.48132e-05,8.5917e-05,8.32962e-05,-0.000244377,0.000267543,0,-0.000250581,0.000189192,0,0.488069,-0.000534867,-0.000197247,0.000189984,0.000543568,1787122200
1787122440,1.5678e-05,-5.22604e-06,5.22589e-05,-1.04521e-05,0.000311098,0.48512,3.31551e-05,3.36632e-05,0.0648152,-0.000529395,-0.000399961,-0.000209044,-7.63766e-05,-1.05251e-05,6.14506e-05,0.000190649,0.000397647,0.000571648,3.12032e-05,3.01098e-05,3.38097e-05,3.18461e-05,3.3883e-05,3.12978e-05,3.42034e-05,3.45528e-05,-0.000242231,0.000252093,0,-0.000232252,0.000177812,0,0.486445,-0.000502805,-0.000188841,0.000170824,0.000504395,1787122200
1787122500,0.000397093,-3.65823e-05,0.000433659,-4.18084e-05,0.00030798,0.489489,0.000122295,0.000122809,0.0573233,-0.000458463,-0.000346266,-0.000184932,-6.1701e-05,-5.03233e-06,4.47165e-05,0.000147288,0.000336351,0.000489725,0.000115045,0.000118209,0.00011491,0.000127659,0.000105723,0.000121891,0.000142818,0.000122828,-0.000204094,0.000157294,0,-0.000183996,0.000108577,0,0.475619,-0.000427952,-0.000154311,0.00012093,0.000418267,1787122500
1787122560,0.000470038,-2.08957e-05,0.00056924,-2.08957e-05,0.000310013,0.48477,0.000146574,0.000146326,0.0530688,-0.000510548,-0.000393784,-0.000206544,-7.93901e-05,-9.51084e-06,5.41759e-05,0.000176702,0.00038313,0.000571991,0.000142008,0.000146046,0.000142409,0.000149358,0.000127584,0.000145642,0.000153236,0.000148982,-0.000234203,0.000233993,0,-0.000243504,0.000201095,0,0.480067,-0.000517973,-0.000199634,0.000178129,0.000546093,1787122500
1787122620,-0.000412577,-2.61074e-05,-1.56644e-05,-0.000412577,0.000314014,0.478946,0.000112833,0.000112435,0.0503676,-0.000581427,-0.00043581,-0.000238898,-9.37233e-05,-1.69791e-05,6.4924e-05,0.000197239,0.000432563,0.000663724,0.000119339,0.000120207,0.000116864,0.00012017,0.000133676,0.000118521,0.000108553,0.000106294,-0.000267604,0.000291561,0,-0.000271261,0.000235936,0,0.474495,-0.00057024,-0.00022695,0.000191227,0.000612209,1787122500
1787122680,0.000381248,-5.22371e-05,0.000381248,-5.22371e-05,0.000316286,0.490251,0.000110349,0.000110855,0.0408057,-0.000530485,-0.000383334,-0.000203821,-7.54949e-05,-6.41012e-06,6.06089e-05,0.000185734,0.000408033,0.00060437,0.000110513,0.000110465,0.000110765,0.000114771,9.89804e-05,0.000110592,0.000115496,0.000110676,-0.000236642,0.000253574,0,-0.000256421,0.000198083,0,0.478148,-0.00056899,-0.000212928,0.00018367,0.000587088,1787122500
1787122740,0.000485489,3.65504e-05,0.000522021,3.65504e-05,0.000317716,0.491817,0.00014801,0.000146922,0.0359362,-0.000547397,-0.00039906,-0.000208447,-7.72515e-05,-5.96376e-06,6.80999e-05,0.000194977,0.000416986,0.000644016,0.000148023,0.000150741,0.00014555,0.000155642,0.000128557,0.000140357,0.000154949,0.00014911,-0.000244132,0.000239164,0,-0.000256548,0.00021309,0,0.485975,-0.000538945,-0.000203301,0.000194155,0.000574531,1787122500
1787122800,-0.00049071,-5.21906e-06,0.00077212,-0.00060037,0.000321929,0.477288,0.000133404,0.000133297,0.0378961,-0.000639355,-0.000493847,-0.000273536,-0.000105606,-2.00377e-05,6.94737e-05,0.000226338,0.000487647,0.000738816,0.000149475,0.000149173,0.000141207,0.000138344,0.000168052,0.000142134,0.000127047,0.000124715,-0.000306084,0.000423377,6.34012e-05,-0.000328514,0.00042423,4.54243e-05,0.478977,-0.000665393,-0.000265515,0.000227279,0.000699353,1787122800
1787122860,-0.000214109,-6.26612e-05,0.000219283,-0.000214109,0.000326162,0.492356,6.45592e-05,6.54761e-05,0.0388002,-0.000646706,-0.000476059,-0.000255937,-9.47391e-05,-6.40525e-06,7.87187e-05,0.000251467,0.000525604,0.000746562,6.20547e-05,6.12346e-05,6.27922e-05,7.28955e-05,7.20553e-05,7.43689e-05,6.32814e-05,6.39717e-05,-0.000330566,0.00038,0,-0.00031806,0.000327761,0,0.479041,-0.000652572,-0.000251112,0.000226558,0.000681048,1787122800
1787122920,-5.22274e-06,0,0.000167113,-0.000208931,0.0003243,0.492257,3.45833e-05,3.52355e-05,0.0396083,-0.00056439,-0.000419734,-0.000215691,-7.89117e-05,-5.95033e-06,7.19655e-05,0.000216447,0.000461404,0.000640737,3.06973e-05,3.06346e-05,3.54453e-05,3.96795e-05,3.68492e-05,4.27643e-05,3.68832e-05,3.27509e-05,-0.00025936,0.000297682,0,-0.000265198,0.00022446,0,0.483721,-0.000575522,-0.000210037,0.000199581,0.000593044,1787122800
1787122980,-0.00030819,-1.04456e-05,2.61134e-05,-0.000344761,0.000321042,0.501011,9.01183e-05,8.94191e-05,0.041539,-0.000528026,-0.00039193,-0.000197147,-6.63966e-05,5.47969e-07,7.02405e-05,0.000216014,0.000432348,0.000615874,8.81704e-05,8.72176e-05,8.78535e-05,8.74858e-05,9.44405e-05,9.00053e-05,8.56076e-05,9.38333e-05,0.000249526,2.58332e-05,0.000241673,-0.00025873,0.000217628,0,0.489647,-0.000556149,-0.000198254,0.000202501,0.000584076,1787122800
1787123040,-2.61221e-05,0,0.000172389,-3.13467e-05,0.00032079,0.501334,3.39978e-05,3.45396e-05,0.0449859,-0.0005382,-0.000392967,-0.000204014,-7.0014e-05,9.98385e-07,7.02658e-05,0.000204413,0.000431602,0.000594207,3.18156e-05,3.11758e-05,3.45124e-05,3.69442e-05,3.6356e-05,3.31261e-05,3.63256e-05,3.35796e-05,0.000245097,3.09627e-05,0.000235706,-0.000247627,0.00019182,0,0.493139,-0.000548586,-0.000193386,0.000192063,0.000548423,1787122800
1787123100,0.000334312,6.79161e-05,0.00041265,-0.000130621,0.000317587,0.501073,9.43802e-05,9.51036e-05,0.0514573,-0.000506852,-0.00037586,-0.000189486,-6.35567e-05,7.81621e-07,6.27779e-05,0.000193466,0.000398586,0.000554577,9.7654e-05,9.74779e-05,9.747e-05,9.76612e-05,8.99007e-05,9.67837e-05,9.95188e-05,8.93637e-05,0.000230191,8.19289e-06,0.000215569,-0.000222094,0.000166105,0,0.483747,-0.000500364,-0.000178896,0.000165138,0.000496512,1787123100
1787123160,-0.000235051,-5.22276e-06,0,-0.000417907,0.00031793,0.490735,6.74694e-05,6.66322e-05,0.0408051,-0.000514625,-0.000384855,-0.00020293,-7.2149e-05,-6.36392e-06,6.35968e-05,0.000202117,0.000411435,0.000588046,6.78124e-05,6.68898e-05,6.74435e-05,6.7054e-05,7.30597e-05,6.75013e-05,6.47128e-05,6.79595e-05,-0.000263403,0.000282328,0,-0.000245586,0.000216882,0,0.488637,-0.000526054,-0.00019319,0.000190189,0.00055477,1787123100
1787123220,-0.000135833,-5.22399e-06,4.1791e-05,-0.000151507,0.000316486,0.484619,4.4864e-05,4.52016e-05,0.045205,-0.00050788,-0.00037551,-0.000203699,-7.29629e-05,-1.03447e-05,5.81768e-05,0.0001885,0.000400891,0.000553222,4.60339e-05,4.44208e-05,4.58935e-05,4.77075e-05,4.98631e-05,4.29244e-05,4.53444e-05,4.36299e-05,-0.000237489,0.000258306,0,-0.000235485,0.000192611,0,0.488321,-0.000521719,-0.000185776,0.000180624,0.000539607,1787123100
1787123280,0.000224636,0,0.000318655,-5.2247e-06,0.000313893,0.493932,6.46428e-05,6.55286e-05,0.0541589,-0.000460666,-0.00034145,-0.000178027,-6.49096e-05,-3.66364e-06,5.78671e-05,0.000173491,0.000375539,0.000519424,6.71826e-05,6.69037e-05,6.66701e-05,6.62955e-05,6.0288e-05,6.4311e-05,6.69003e-05,6.22782e-05,-0.000211679,0.000209066,0,-0.000209198,0.000149643,0,0.488729,-0.000475187,-0.000165669,0.000158931,0.000483447,1787123100
1787123340,0.000109688,-1.56707e-05,0.000198474,-3.13416e-05,0.000312358,0.495751,4.00321e-05,4.12017e-05,0.0509936,-0.00046061,-0.000343458,-0.000188994,-6.41018e-05,-2.30082e-06,5.58283e-05,0.00017972,0.000370181,0.00052833,4.2798e-05,4.14948e-05,4.19576e-05,4.314e-05,3.9887e-05,3.76142e-05,4.1919e-05,3.78573e-05,-0.000222385,0.00024102,0,-0.000220407,0.000183889,0,0.495562,-0.000477365,-0.000172631,0.000170687,0.000498091,1787123100
1787123400,0.000454293,0,0.000454293,0,0.000309607,0.48778,0.00014198,0.000141103,0.05916,-0.000473804,-0.000347095,-0.000191274,-6.98247e-05,-6.95036e-06,5.11636e-05,0.000168905,0.000362942,0.00052605,0.000136055,0.000140205,0.000140323,0.000139038,0.00012854,0.000149815,0.000142875,0.000145254,-0.000219195,0.000240316,0,-0.00021868,0.000179904,0,0.494106,-0.000483358,-0.000175368,0.000165847,0.000509844,1787123400
1787123460,0.000767129,2.08821e-05,0.000887103,2.08821e-05,0.000313157,0.490376,0.000288187,0.000283413,0.0415251,-0.000485651,-0.00037688,-0.000200814,-6.8008e-05,-6.11672e-06,5.86553e-05,0.000185186,0.000378424,0.000556983,0.000278949,0.00028801,0.000285407,0.000289704,0.00027103,0.000296219,0.000292543,0.000289098,-0.000233338,0.000262396,0,-0.000240628,0.000215004,0,0.494717,-0.000509275,-0.000192853,0.000183926,0.000551009,1787123400
1787123520,-0.000109554,0,5.21655e-06,-0.000109554,0.000328444,0.476974,4.50423e-05,4.60374e-05,0.0434363,-0.00063543,-0.000497587,-0.000281669,-0.000109006,-2.13454e-05,7.26714e-05,0.000230644,0.000492977,0.000762147,4.17951e-05,4.12477e-05,4.509e-05,4.53496e-05,5.22667e-05,5.926e-05,4.57526e-05,4.72451e-05,-0.000313699,0.000361693,0,-0.000297929,0.000294471,0,0.483519,-0.000602664,-0.000245903,0.000215328,0.000673631,1787123400
1787123580,0.000333841,0,0.000980341,0,0.000325512,0.480489,0.000101816,0.000101342,0.0403535,-0.000538818,-0.000412149,-0.00023451,-8.90002e-05,-1.33412e-05,5.63396e-05,0.000176929,0.000417687,0.000663065,9.74112e-05,9.72891e-05,9.7334e-05,9.78323e-05,8.2871e-05,9.86694e-05,0.000110974,0.00010985,-0.000255383,0.000174105,0,-0.000211223,0.000125797,0,0.47527,-0.000476391,-0.000184582,0.000138999,0.000490713,1787123400
1787123640,0.00092791,-1.04308e-05,0.000938331,-1.04308e-05,0.000325681,0.474587,0.000344523,0.000338324,0.0416306,-0.000617115,-0.000484786,-0.000270597,-0.000106844,-2.32355e-05,6.94981e-05,0.000223941,0.000475605,0.000730858,0.000358776,0.000362983,0.000351963,0.000311706,0.000334294,0.000323862,0.000345008,0.00034448,-0.000302647,0.000353408,0,-0.000299664,0.000318994,0,0.480619,-0.000601318,-0.000241588,0.000218416,0.000680769,1787123400
1787123700,-0.000766246,0,0,-0.000766246,0.000348091,0.483545,0.000236146,0.00023895,0.0926193,-0.000719203,-0.000564562,-0.0003167,-0.00011201,-1.71772e-05,8.86067e-05,0.000281515,0.000578169,0.000869495,0.00028316,0.000272836,0.000244827,0.00023828,0.000309827,0.00022016,0.000224386,0.000215397,-0.000362802,0.000454961,7.94702e-06,-0.000369115,0.000392062,2.98626e-05,0.483527,-0.000707956,-0.000298147,0.000259024,0.000793337,1787123700
1787123760,-0.000224251,0,0,-0.000365085,0.000361229,0.484123,6.70573e-05,6.85544e-05,0.159163,-0.000693077,-0.000526174,-0.000290708,-0.000104807,-1.53228e-05,8.26322e-05,0.000257537,0.000548532,0.000778397,6.50163e-05,6.43597e-05,7.13214e-05,6.60648e-05,8.33865e-05,8.17052e-05,7.17222e-05,6.01696e-05,-0.000333333,0.000407082,0,-0.000341048,0.000317282,0,0.487619,-0.000712056,-0.000271271,0.000250606,0.000752053,1787123700
1787123820,-0.000558238,0,0,-0.000563457,0.000359002,0.494557,0.000167378,0.00016828,0.130228,-0.000597875,-0.000462555,-0.000237961,-8.41364e-05,-4.29672e-06,7.59462e-05,0.000241802,0.000516254,0.000714687,0.000178331,0.000169296,0.000158206,0.000168075,0.000186771,0.000160409,0.000174447,0.000178707,-0.000288204,0.00030241,0,-0.000295174,0.000246056,0,0.492698,-0.000623751,-0.000221639,0.000238655,0.000674277,1787123700
1787123880,9.91491e-05,0,0.000250463,-8.87207e-05,0.000364057,0.50744,4.48607e-05,4.61713e-05,0.166045,-0.000624753,-0.000476129,-0.000244635,-7.71005e-05,6.09343e-06,8.75832e-05,0.000255283,0.000518289,0.000718304,4.10657e-05,4.50683e-05,5.24284e-05,4.5702e-05,4.59561e-05,6.15675e-05,4.59532e-05,3.89223e-05,0.000300972,2.53738e-05,0.000231772,-0.00031419,0.000260205,0,0.494831,-0.000662243,-0.000237355,0.0002492,0.000665352,1787123700
1787123940,0.000130444,5.2181e-06,0.000135662,-9.91491e-05,0.00036067,0.503934,4.89071e-05,4.98369e-05,0.124637,-0.000587013,-0.000441181,-0.000229644,-7.50536e-05,3.04346e-06,8.01003e-05,0.000234484,0.000490931,0.000676637,4.62769e-05,4.98812e-05,5.61085e-05,4.8618e-05,4.58343e-05,5.73034e-05,4.90616e-05,4.46335e-05,0.00027893,0,0.000212304,-0.000306052,0.000259346,0,0.492218,-0.000640391,-0.000232419,0.000242337,0.000669295,1787123700
1787124000,0.000151294,-5.21745e-06,0.000177377,-5.21745e-06,0.000357522,0.511764,5.06371e-05,5.11932e-05,0.0971287,-0.000575804,-0.000426529,-0.000217612,-6.73711e-05,8.7916e-06,8.0769e-05,0.000222756,0.000456417,0.000650585,4.95529e-05,5.29619e-05,5.81609e-05,4.79548e-05,4.69723e-05,5.31697e-05,4.93426e-05,4.80476e-05,0.00026481,0,0.000164067,-0.000278363,0.000217479,0,0.496243,-0.000598135,-0.000212574,0.000221594,0.000610853,1787124000
1787124060,-0.000229559,5.21663e-06,0.000130408,-0.000276521,0.000354575,0.507682,6.68496e-05,6.71372e-05,0.0810977,-0.000525317,-0.000395559,-0.000206799,-6.54862e-05,5.29282e-06,7.90255e-05,0.000206826,0.000426405,0.000606079,6.66445e-05,6.55268e-05,6.76631e-05,6.49719e-05,7.8761e-05,6.71762e-05,6.66688e-05,6.62755e-05,0.000248178,0,0.000144882,-0.000254192,0.000196577,0,0.493671,-0.000558523,-0.000201038,0.000195435,0.000572942,1787124000
1787124120,0.000438203,1.04356e-05,0.000438203,1.04356e-05,0.000352509,0.497127,0.000128098,0.000125556,0.0741355,-0.000522213,-0.000390732,-0.00021917,-7.76628e-05,-2.27199e-06,7.55457e-05,0.000206083,0.000429299,0.00060746,0.000129029,0.000127187,0.000126975,0.000131287,0.000112411,0.000133395,0.000127811,0.000131533,-0.000256911,0.000248271,0,-0.000266867,0.000218157,0,0.482657,-0.00057913,-0.000215352,0.000200627,0.000595455,1787124000
1787124180,1.56466e-05,5.21555e-06,5.73695e-05,-6.78046e-05,0.000354426,0.503597,3.53472e-05,3.63475e-05,0.0481642,-0.000545692,-0.000414012,-0.000218105,-7.35342e-05,2.4853e-06,8.57167e-05,0.000226087,0.000447673,0.000646901,3.16068e-05,3.52905e-05,4.00494e-05,2.83539e-05,4.05954e-05,3.27047e-05,3.67101e-05,3.52586e-05,0.000267306,4.64605e-06,0.000182928,-0.000271261,0.000238552,0,0.490634,-0.000571793,-0.000213728,0.0002118,0.000614198,1787124000
1787124240,4.17229e-05,-5.21549e-06,4.17229e-05,-8.8667e-05,0.000350871,0.501021,3.3665e-05,3.43745e-05,0.0537327,-0.000507933,-0.000371815,-0.000206785,-7.13058e-05,8.72618e-07,6.96859e-05,0.000191114,0.000407395,0.000595131,3.30533e-05,3.62172e-05,3.97523e-05,2.67114e-05,3.79653e-05,2.73069e-05,3.15696e-05,3.38028e-05,0.000240899,0,0.000143707,-0.000232639,0.000163721,0,0.483905,-0.000515403,-0.000185573,0.000172608,0.000542584,1787124000
1787124300,-2.60766e-05,0,0.000130373,-2.60766e-05,0.000347395,0.512018,3.047e-05,3.18596e-05,0.0654517,-0.000471501,-0.000357706,-0.000184501,-5.59772e-05,7.45663e-06,6.90999e-05,0.000186828,0.000393396,0.000568428,3.21836e-05,3.40743e-05,3.64427e-05,2.49311e-05,4.07188e-05,2.10026e-05,2.76579e-05,3.01098e-05,0.000223064,0,0.000123226,-0.000226203,0.00016054,0,0.488867,-0.000491767,-0.000172225,0.000175581,0.000526018,1787124300
1787124360,-5.21553e-05,-4.69397e-05,-4.1724e-05,-6.25867e-05,0.000343923,0.513051,3.05112e-05,3.16118e-05,0.0865864,-0.000462594,-0.0003397,-0.000179419,-5.4006e-05,7.89965e-06,6.06748e-05,0.00017387,0.000360717,0.000542245,3.36325e-05,3.49766e-05,3.63262e-05,2.72553e-05,4.16233e-05,2.00547e-05,2.86876e-05,3.01068e-05,0.000212629,0,0.000146873,-0.000226355,0.000163349,0,0.47849,-0.000502193,-0.000188119,0.000161179,0.000515347,1787124300
1787124420,-0.000250383,0,0,-0.0002556,0.000340546,0.515325,7.3197e-05,7.36548e-05,0.11844,-0.000433466,-0.000311982,-0.000154323,-4.16845e-05,7.29789e-06,5.59958e-05,0.000157027,0.000342337,0.000505575,7.24477e-05,7.12712e-05,7.18019e-05,7.18181e-05,8.0998e-05,8.4693e-05,7.07121e-05,7.53647e-05,0.000187166,0,9.60453e-05,-0.000181455,9.81492e-05,0,0.490173,-0.000408459,-0.000132829,0.000130468,0.000415905,1787124300
1787124480,-0.00011478,0,0,-0.00011478,0.000338978,0.508689,4.04177e-05,4.16568e-05,0.11625,-0.000452717,-0.000334552,-0.000167044,-4.91441e-05,4.44818e-06,6.26332e-05,0.00017576,0.000367124,0.000528926,4.29019e-05,4.25444e-05,4.26702e-05,3.49017e-05,4.84718e-05,3.74577e-05,3.87781e-05,4.01795e-05,0.000206696,0,0.000126568,-0.000213444,0.000160788,0,0.492585,-0.000478245,-0.000166441,0.000165521,0.000489609,1787124300
1787124540,-0.000161758,-4.69593e-05,-1.04352e-05,-0.000208725,0.000335963,0.510958,4.89936e-05,4.86651e-05,0.153229,-0.000425049,-0.000309809,-0.00015382,-4.5638e-05,5.44395e-06,5.70555e-05,0.00015971,0.000340347,0.000492001,5.07316e-05,5.00368e-05,4.95973e-05,4.58714e-05,5.35777e-05,4.70954e-05,4.73014e-05,5.19236e-05,0.000188847,0,8.84317e-05,-0.000189212,0.000118711,0,0.492272,-0.000424674,-0.000143771,0.000141777,0.000420172,1787124300
1787124600,0.000213932,0,0.000213932,-0.000151346,0.000333373,0.503888,6.00527e-05,6.03119e-05,0.172375,-0.000461898,-0.000338085,-0.000173178,-5.82367e-05,2.18208e-06,6.59018e-05,0.000182245,0.000357179,0.000521649,6.39925e-05,6.42224e-05,6.34558e-05,6.28521e-05,5.94618e-05,6.13417e-05,6.11866e-05,5.59268e-05,0.000214193,0,0.000206565,-0.000224941,0.000170219,0,0.495139,-0.000490099,-0.000177388,0.000174706,0.000486879,1787124600
1787124660,-0.000120005,-5.21731e-06,-5.21731e-06,-0.000146095,0.000331406,0.505891,4.19238e-05,4.28554e-05,0.141505,-0.000455048,-0.000327232,-0.000170155,-5.53092e-05,3.18788e-06,6.86058e-05,0.000192068,0.000372754,0.000530677,4.37589e-05,4.25987e-05,4.14472e-05,3.82372e-05,4.52451e-05,3.89427e-05,4.35688e-05,4.21629e-05,0.000218909,0,0.000167052,0.000237523,0,0.000163542,0.501888,-0.000499725,-0.000177776,0.000195712,0.000534676,1787124600
1787124720,0.000359972,-1.04359e-05,0.000359972,-1.04359e-05,0.000328514,0.502042,0.000106878,0.000105166,0.174986,-0.000432214,-0.00030454,-0.000159842,-5.69324e-05,1.39182e-06,5.49866e-05,0.000162923,0.000329015,0.000475815,0.000104559,0.000104576,0.000104447,0.000114211,0.000100354,0.000108042,0.000111638,0.00010778,0.000193928,0,0.000111511,-0.000205349,0.000134729,0,0.492425,-0.000460315,-0.000162276,0.000155971,0.000462193,1787124600
1787124780,0.000182545,2.0864e-05,0.000265983,2.0864e-05,0.000329172,0.500867,5.23543e-05,5.19117e-05,0.094103,-0.000441974,-0.00032215,-0.000172202,-6.11565e-05,4.58994e-07,6.33869e-05,0.00017794,0.000360883,0.000492893,5.52269e-05,5.52673e-05,5.45254e-05,5.37236e-05,5.04154e-05,5.24198e-05,5.21798e-05,5.09093e-05,0.000210546,0,0.000138071,-0.00023839,0.000200571,0,0.49725,-0.000497532,-0.000186882,0.000186964,0.000529064,1787124600
1787124840,0.000370203,0,0.000516161,-5.21511e-06,0.000326885,0.480226,0.000112291,0.000109302,0.0961896,-0.000464571,-0.000331466,-0.00019631,-8.02796e-05,-1.31876e-05,5.48106e-05,0.000172329,0.000354439,0.00049955,0.000107148,0.000107302,0.000108341,0.000114374,9.73344e-05,0.000110537,0.000113706,0.000118614,-0.000224373,0.00019798,0,-0.000230801,0.000181295,0,0.491358,-0.000494965,-0.000188494,0.000171927,0.000518141,1787124600
1787124900,-1.56396e-05,5.73432e-05,0.000114683,-5.2133e-05,0.000327808,0.475477,3.31029e-05,3.37585e-05,0.0601924,-0.000536016,-0.000422559,-0.000228436,-9.60054e-05,-1.77617e-05,5.59794e-05,0.000187971,0.000393068,0.000590127,3.16614e-05,3.06203e-05,2.91223e-05,2.85649e-05,3.55626e-05,2.74228e-05,3.45022e-05,3.92524e-05,-0.000255071,0.000264221,0,-0.000262328,0.000236404,0,0.48758,-0.000540416,-0.000214308,0.000195749,0.000592227,1787124900
1787124960,0.000370072,5.21323e-06,0.000682702,5.21323e-06,0.000324521,0.482687,0.000114428,0.000110671,0.0627348,-0.000453399,-0.00033933,-0.000184951,-7.19724e-05,-1.02655e-05,5.03251e-05,0.000161178,0.000344387,0.000500955,0.000106918,0.000107159,0.000108767,0.000115012,9.53346e-05,0.000113077,0.000119538,0.000122081,-0.000211059,0.000163311,0,-0.000218098,0.000151504,0,0.484171,-0.000477674,-0.0001817,0.00015821,0.000505021,1787124900
1787125020,-0.000104232,-4.16914e-05,-4.16914e-05,-0.000302302,0.000325494,0.478514,3.85867e-05,4.05433e-05,0.0532333,-0.000528237,-0.000417781,-0.000241063,-9.27736e-05,-1.57589e-05,5.88878e-05,0.000195648,0.00041199,0.000599277,4.12016e-05,3.94295e-05,3.83511e-05,4.12457e-05,4.82604e-05,3.73448e-05,4.05619e-05,4.10277e-05,-0.000267112,0.000278472,0,-0.000266163,0.00024449,0,0.48334,-0.000540435,-0.000218104,0.000195968,0.000595211,1787124900
1787125080,0.000276191,-5.21188e-06,0.000463748,-5.21188e-06,0.00032256,0.485746,8.15522e-05,7.99358e-05,0.0548888,-0.000465555,-0.000337318,-0.000187626,-7.35917e-05,-9.35231e-06,5.75506e-05,0.00018565,0.000379456,0.000534792,8.0845e-05,8.0997e-05,8.0169e-05,8.02878e-05,6.80324e-05,7.87168e-05,7.98348e-05,8.58346e-05,-0.000224273,0.000203031,0,-0.000225151,0.00016863,0,0.492315,-0.00047831,-0.000175843,0.000174423,0.00051583,1787124900
1787125140,3.64723e-05,5.21041e-06,0.000349037,5.21041e-06,0.000321698,0.482645,3.45932e-05,3.50293e-05,0.0563686,-0.000503464,-0.000384016,-0.000211843,-8.64025e-05,-1.18132e-05,5.75419e-05,0.000192485,0.000393699,0.000590331,3.27663e-05,3.16176e-05,2.94303e-05,3.2985e-05,3.16875e-05,2.78858e-05,3.59123e-05,4.01136e-05,-0.000245291,0.000251162,0,-0.000245837,0.000212148,0,0.488666,-0.000509019,-0.000199468,0.000184572,0.000551693,1787124900
1787125200,0.000135457,5.21022e-06,0.000151085,-7.29459e-05,0.000318506,0.490948,4.66433e-05,4.64664e-05,0.0625097,-0.000478534,-0.000347371,-0.000187643,-7.69143e-05,-5.41429e-06,5.63748e-05,0.000180197,0.000372028,0.000550756,4.68805e-05,4.56655e-05,4.3235e-05,4.6331e-05,3.76233e-05,4.02368e-05,4.8156e-05,5.09902e-05,-0.000221901,0.000217533,0,-0.000227423,0.000186032,0,0.481059,-0.00048816,-0.000192117,0.000162178,0.000512697,1787125200
1787125260,-0.000234456,0,7.29307e-05,-0.000234456,0.000315887,0.496486,6.47954e-05,6.64907e-05,0.0686721,-0.000447581,-0.000331971,-0.000178037,-6.80792e-05,-1.73825e-06,5.67023e-05,0.00018216,0.000367864,0.000538732,6.83225e-05,6.70098e-05,6.71599e-05,6.66324e-05,7.91628e-05,6.73537e-05,6.56715e-05,5.89031e-05,-0.00021637,0.000211856,0,-0.000215245,0.000165441,0,0.494979,-0.000458999,-0.000169487,0.000166667,0.00049645,1787125200
1787125320,-0.000307481,-5.21076e-06,-5.21076e-06,-0.000312694,0.000314465,0.495444,8.41928e-05,8.53842e-05,0.0597973,-0.000436909,-0.000324763,-0.000180502,-6.86101e-05,-2.00767e-06,5.20739e-05,0.000165669,0.000354022,0.000506593,8.8537e-05,8.72213e-05,8.73534e-05,8.68013e-05,9.68306e-05,8.70303e-05,8.3983e-05,7.81956e-05,-0.000209969,0.00019991,0,-0.000208829,0.000156471,0,0.488801,-0.000458495,-0.000170625,0.000155296,0.000471693,1787125200
1787125380,-0.000166809,0,0,-0.000166809,0.000314327,0.500406,4.67466e-05,4.82286e-05,0.0563118,-0.000428746,-0.000320395,-0.000173892,-5.80516e-05,5.9398e-07,5.2637e-05,0.000167945,0.000346231,0.000475267,5.16088e-05,4.874e-05,4.82558e-05,4.75934e-05,5.49119e-05,4.80033e-05,4.84293e-05,4.37028e-05,0.00020586,0,0.000147955,-0.00021478,0.000159549,0,0.494952,-0.000470034,-0.000168442,0.000168115,0.000483082,1787125200
1787125440,-9.38424e-05,5.21321e-06,5.21321e-06,-0.000156409,0.00031206,0.504424,3.39031e-05,3.52277e-05,0.0645241,-0.000407679,-0.000296218,-0.000157048,-5.15015e-05,2.50771e-06,5.18905e-05,0.000161532,0.000329396,0.000451716,3.93853e-05,3.63548e-05,3.41222e-05,2.96871e-05,4.05573e-05,3.46543e-05,3.27148e-05,3.25624e-05,0.000191467,0,9.73701e-05,-0.000193173,0.000123612,0,0.493353,-0.000433212,-0.000151177,0.000148871,0.000427524,1787125200
1787125500,0.00014076,0,0.000145973,0,0.000309209,0.507533,4.24477e-05,4.29287e-05,0.0769453,-0.000428612,-0.000310627,-0.000154553,-5.2717e-05,4.25955e-06,5.78177e-05,0.000173616,0.000337783,0.000452756,4.77892e-05,4.55832e-05,4.25649e-05,4.19315e-05,4.2109e-05,4.13958e-05,4.54267e-05,4.03169e-05,0.000198596,0,0.000188113,-0.000213953,0.000150263,0,0.494744,-0.000471615,-0.000170562,0.00016514,0.000471541,1787125500
1787125560,6.25538e-05,5.21296e-06,0.000281461,0,0.000306748,0.511614,2.8456e-05,2.86196e-05,0.0759029,-0.000400555,-0.00028962,-0.00014784,-4.89692e-05,6.27354e-06,5.55294e-05,0.000162311,0.000321901,0.000437893,3.47509e-05,3.2271e-05,2.89827e-05,2.40961e-05,2.98043e-05,2.83544e-05,2.70626e-05,2.78043e-05,0.000187313,0,0.000114755,0.00019753,0,0.000107161,0.502257,-0.000435201,-0.000152399,0.000155157,0.000434694,1787125500
1787125620,-0.000307594,0,3.64879e-05,-0.000307594,0.000303794,0.500657,8.56877e-05,8.79237e-05,0.0814008,-0.000411266,-0.000294488,-0.000158457,-5.94135e-05,7.88346e-07,5.30545e-05,0.000149497,0.000322487,0.000449253,8.85716e-05,8.71053e-05,8.8748e-05,9.14585e-05,9.30096e-05,9.21372e-05,8.20649e-05,8.39822e-05,0.000186233,0,0.000163301,-0.00020303,0.000158332,0,0.483236,-0.000444571,-0.000169509,0.000146106,0.000452128,1787125500
1787125680,-0.000213807,-5.21427e-06,-5.21427e-06,-0.000219023,0.00030387,0.5035,6.05236e-05,6.08578e-05,0.0847372,-0.000405455,-0.000296735,-0.000160962,-5.92961e-05,2.25214e-06,5.9553e-05,0.000158241,0.000322621,0.000455708,6.23327e-05,6.10248e-05,6.10827e-05,6.04341e-05,6.31216e-05,6.10087e-05,6.05725e-05,5.94735e-05,0.000191907,0,0.000171764,-0.000202446,0.000148674,0,0.487294,-0.000448686,-0.00016272,0.000152469,0.000445955,1787125500
1787125740,-8.86652e-05,0,1.5646e-05,-0.000104313,0.000302332,0.504065,3.23801e-05,3.33274e-05,0.0933292,-0.000393303,-0.000279807,-0.000152756,-5.49023e-05,2.48058e-06,5.41083e-05,0.000153082,0.000313408,0.000431204,3.85883e-05,3.45434e-05,3.18527e-05,2.82158e-05,3.45514e-05,3.39457e-05,3.17643e-05,3.15467e-05,0.000183527,0,0.000141532,-0.000189581,0.000122997,0,0.488086,-0.000425034,-0.000147867,0.00014595,0.000413323,1787125500
1787125800,-8.86731e-05,-1.04317e-05,-1.04317e-05,-0.000323434,0.000299556,0.503278,3.18757e-05,3.25081e-05,0.106212,-0.000382545,-0.00027011,-0.000143872,-5.43784e-05,2.16081e-06,4.99834e-05,0.000150388,0.000301969,0.000424325,3.85019e-05,3.42398e-05,3.12355e-05,2.77009e-05,3.31245e-05,3.28542e-05,3.13177e-05,3.12634e-05,0.000177002,0,0.00013666,-0.000181006,0.000111689,0,0.489234,-0.000411055,-0.00014072,0.000139547,0.000399801,1787125800
1787125860,2.0865e-05,-5.21631e-06,2.0865e-05,-5.21631e-06,0.00029681,0.502339,2.47102e-05,2.53961e-05,0.108968,-0.00039207,-0.000278304,-0.000144215,-5.65087e-05,1.75267e-06,5.02785e-05,0.000157672,0.000321941,0.000423884,3.17857e-05,2.74687e-05,2.27932e-05,2.42159e-05,2.63873e-05,2.27142e-05,2.60501e-05,2.37133e-05,0.000182025,0,0.000178755,-0.000198722,0.000151792,0,0.495089,-0.00042927,-0.000147632,0.000161849,0.000438668,1787125800
1787125920,-0.000370418,-5.2162e-06,-5.2162e-06,-0.000589603,0.000293842,0.515694,0.000120988,0.000122934,0.102657,-0.000351422,-0.000241561,-0.00011364,-3.77867e-05,6.8154e-06,4.18297e-05,0.000128925,0.000274324,0.000377649,0.00010599,0.000109037,0.000117691,0.000133387,0.00011013,0.000125089,0.00012992,0.000126782,0.000147281,0,8.75292e-05,0.000150273,0,7.04694e-05,0.503648,-0.00034061,-0.000106768,0.0001134,0.00031102,1787125800
1787125980,-0.000219185,5.21798e-05,0.000151314,-0.00025572,0.000295568,0.50396,6.36126e-05,6.27555e-05,0.0870253,-0.000433508,-0.000309548,-0.000163979,-6.36463e-05,2.89652e-06,5.80767e-05,0.000168343,0.000348526,0.000475228,6.38639e-05,6.22605e-05,6.24405e-05,6.2108e-05,5.67082e-05,6.25714e-05,6.57212e-05,6.52036e-05,0.000199754,3.06534e-05,0.000233972,-0.000218312,0.000186416,0,0.49696,-0.000467666,-0.000163267,0.000176427,0.000469664,1787125800
1787126040,-0.000276659,-5.21927e-06,0,-0.000276659,0.000294235,0.500619,7.86829e-05,7.73654e-05,0.0833425,-0.000426713,-0.000306688,-0.000168349,-6.25347e-05,1.12971e-06,4.9625e-05,0.000159142,0.00033383,0.000456707,7.96413e-05,7.81356e-05,7.83725e-05,7.79347e-05,7.02256e-05,7.85159e-05,8.06523e-05,7.94587e-05,0.000197851,0,0.000216655,-0.000205007,0.000160328,0,0.49159,-0.000444417,-0.000155244,0.000164533,0.00043751,1787125800
1787126100,-0.000652801,-2.61039e-05,-2.61039e-05,-0.000652801,0.000293893,0.503099,0.000246185,0.000246283,0.0804165,-0.000431862,-0.000297878,-0.000160674,-5.98315e-05,2.4699e-06,4.89675e-05,0.000155892,0.000315981,0.00044625,0.000226228,0.000241592,0.000251509,0.000256327,0.000232968,0.000245036,0.000249386,0.000246751,0.000190592,0,0.000188724,-0.000199262,0.000139126,0,0.493569,-0.000440497,-0.000150831,0.000160348,0.00041787,1787126100
1787126160,0.00024028,0,0.000266394,-0.000109712,0.000305236,0.514501,6.52764e-05,6.6728e-05,0.108502,-0.000552949,-0.000388423,-0.000196415,-7.35526e-05,1.22674e-05,8.04134e-05,0.000217604,0.000433897,0.00058062,7.13802e-05,7.10137e-05,7.07031e-05,7.0335e-05,8.27489e-05,7.20862e-05,6.14727e-05,5.91096e-05,0.000250528,0,0.000256775,0.000249263,0,0.000222484,0.501813,-0.000526396,-0.000178654,0.000205444,0.000498258,1787126100
1787126220,1.56685e-05,5.22285e-06,2.08912e-05,-0.00021416,0.000304073,0.497072,3.1077e-05,3.21953e-05,0.0833227,-0.000522725,-0.000373313,-0.000196431,-7.54325e-05,-1.4587e-06,6.13892e-05,0.000194694,0.000387505,0.00052933,3.14166e-05,2.84685e-05,2.93726e-05,2.70716e-05,3.2306e-05,3.51355e-05,3.17576e-05,3.18039e-05,-0.000234913,0.000206159,1.9109e-06,-0.000243831,0.000196876,0,0.499276,-0.000506949,-0.000174987,0.000203251,0.000501638,1787126100
1787126280,5.74489e-05,5.22276e-06,0.000188002,5.22276e-06,0.000301025,0.501494,2.96553e-05,3.11352e-05,0.0716919,-0.000455431,-0.000324817,-0.000170198,-6.25625e-05,1.54774e-06,5.19259e-05,0.000173621,0.000353278,0.000488248,3.41608e-05,3.12331e-05,3.11888e-05,2.86151e-05,3.65549e-05,2.97324e-05,3.02097e-05,2.8558e-05,0.000206536,0,0.000209533,-0.00022345,0.000161411,0,0.491796,-0.000477542,-0.000164889,0.000180932,0.000472987,1787126100
1787126340,-0.000292502,5.22246e-06,4.70012e-05,-0.000313398,0.00029811,0.498953,8.27514e-05,8.13006e-05,0.06276,-0.000450724,-0.000325772,-0.000173789,-6.33785e-05,1.0362e-07,5.05879e-05,0.000150598,0.000321852,0.000471716,8.38111e-05,8.25911e-05,8.30119e-05,8.45734e-05,7.3534e-05,8.62716e-05,8.10978e-05,8.40297e-05,-0.000197638,0.000163922,1.11233e-05,-0.000215437,0.000153246,0,0.478982,-0.000472694,-0.000173069,0.000160175,0.000459458,1787126100
1787126400,0.000240275,0,0.000240275,-1.04481e-05,0.000297999,0.493562,7.08431e-05,7.19027e-05,0.059415,-0.00050366,-0.000376687,-0.0002068,-7.93628e-05,-3.31331e-06,5.42689e-05,0.000177242,0.000379522,0.000520465,7.15571e-05,7.08113e-05,7.02941e-05,7.1475e-05,7.9798e-05,6.85745e-05,6.91323e-05,7.09092e-05,-0.000234451,0.000304774,0.000119512,-0.000260305,0.000282197,0.00010768,0.480949,-0.000550494,-0.000202825,0.000192554,0.0005233,1787126400
1787126460,-0.000245499,-5.22276e-06,4.70036e-05,-0.000245499,0.000296954,0.502689,7.05374e-05,6.898e-05,0.0548327,-0.000442797,-0.000327137,-0.000178349,-6.45801e-05,2.19553e-06,5.63998e-05,0.000170038,0.000344726,0.000481767,7.08568e-05,6.94991e-05,6.99215e-05,6.90691e-05,6.10689e-05,6.99455e-05,7.31053e-05,7.18478e-05,0.000210085,0,0.000187429,-0.000204268,0.000154496,0,0.49075,-0.000441508,-0.000153316,0.000164423,0.000440518,1787126400
1787126520,0.000297726,5.22402e-06,0.000297726,0,0.000296013,0.494866,8.60592e-05,8.69998e-05,0.0520499,-0.000462389,-0.000335985,-0.000183984,-7.59142e-05,-2.19851e-06,5.15302e-05,0.000163494,0.000341605,0.000477682,8.75155e-05,8.6689e-05,8.61821e-05,8.80121e-05,9.4501e-05,8.44118e-05,8.37157e-05,8.58922e-05,-0.000211495,0.000172007,0,-0.000209329,0.000153004,0,0.482367,-0.000469269,-0.00016497,0.000160892,0.000452641,1787126400
1787126580,1.56673e-05,0,3.13344e-05,-0.000203697,0.000296047,0.502389,2.70039e-05,2.79875e-05,0.0499931,-0.000418594,-0.000318918,-0.00017367,-6.39974e-05,1.89032e-06,5.81234e-05,0.000169888,0.000342181,0.000464429,3.14162e-05,2.7517e-05,2.72387e-05,2.12514e-05,3.04962e-05,2.70658e-05,2.75964e-05,2.66845e-05,0.000206639,0,0.000189911,-0.00021208,0.000163786,0,0.489112,-0.000454103,-0.000161806,0.000168054,0.000456421,1787126400
1787126640,0.000396823,1.56671e-05,0.000396823,1.56671e-05,0.00029308,0.504097,0.000120161,0.000119109,0.0499049,-0.000418212,-0.000314696,-0.00016839,-6.18558e-05,3.08874e-06,5.13316e-05,0.000164965,0.000337123,0.000467138,0.000114831,0.000121055,0.00012244,0.000125813,0.000127408,0.000123652,0.000119917,0.000116759,0.000200497,0,0.000199477,-0.000207896,0.000154929,0,0.486086,-0.000452522,-0.000157001,0.000164886,0.000463394,1787126400
1787126700,0.000349701,0,0.000370574,0,0.000295512,0.511454,9.823e-05,9.75924e-05,0.0512585,-0.000428598,-0.000331471,-0.00017224,-5.98273e-05,7.58639e-06,6.12536e-05,0.000182926,0.000360067,0.000484908,0.000101602,0.000102105,0.000102148,0.000109474,0.00010068,0.000101166,0.000100165,9.26821e-05,0.000213957,0,0.00021051,-0.000225893,0.000184685,0,0.483225,-0.000478169,-0.000179069,0.000172436,0.000498371,1787126700
1787126760,-0.000302719,2.08738e-05,0.00014089,-0.000391464,0.000296693,0.498233,8.44995e-05,8.37182e-05,0.0563922,-0.000448336,-0.000346234,-0.000186599,-7.34894e-05,-7.1641e-08,5.23812e-05,0.000170512,0.000355471,0.000491551,8.69161e-05,8.54946e-05,8.5942e-05,8.92095e-05,8.597e-05,8.61155e-05,8.32868e-05,8.30427e-05,-0.000216593,0.000193004,0,-0.000231317,0.000185519,0,0.480688,-0.000493806,-0.000187784,0.000171007,0.000510118,1787126700
1787126820,0.000255751,-5.22009e-06,0.000292282,-5.22009e-06,0.000296815,0.504038,7.40751e-05,7.39795e-05,0.0455222,-0.000464172,-0.000353348,-0.00019423,-7.5575e-05,3.56712e-06,6.18882e-05,0.000179297,0.000369522,0.000510868,7.50507e-05,7.49548e-05,7.46164e-05,7.46121e-05,7.36188e-05,7.30477e-05,7.54813e-05,7.31775e-05,0.000226192,0,0.00024943,-0.000239192,0.000202301,0,0.47823,-0.000512159,-0.000189914,0.000178294,0.000529314,1787126700
1787126880,-0.000193112,0,0,-0.000281852,0.000296049,0.508684,5.60783e-05,5.51869e-05,0.0474119,-0.000431109,-0.000332709,-0.000179775,-6.44313e-05,6.01481e-06,6.05914e-05,0.000181101,0.00035644,0.000488038,5.64648e-05,5.50018e-05,5.54527e-05,5.46109e-05,5.50783e-05,5.55217e-05,5.56321e-05,5.73528e-05,0.00021662,0,0.000200486,-0.000225635,0.00018403,0,0.486854,-0.00048234,-0.000174936,0.000176223,0.000506792,1787126700
1787126940,-0.000370671,-8.87397e-05,-8.87397e-05,-0.000417667,0.000294344,0.505908,0.00010841,0.000108335,0.0442346,-0.000440305,-0.00033395,-0.000180154,-6.82502e-05,4.41998e-06,6.1617e-05,0.000180078,0.000364261,0.000479308,0.000105761,0.000108142,0.000107086,0.000113981,0.000104076,0.000110231,0.00010506,0.000110602,0.00021615,0,0.00020405,-0.000223435,0.000165247,0,0.482392,-0.000491698,-0.000175115,0.000171572,0.000501542,1787126700
1787127000,0.000208846,5.22167e-06,0.000208846,5.22167e-06,0.000296063,0.509473,5.88543e-05,5.90352e-05,0.0404586,-0.000448776,-0.000323868,-0.000179321,-6.55201e-05,6.73192e-06,6.3323e-05,0.000182587,0.00037158,0.000489614,6.23843e-05,6.20084e-05,6.16965e-05,6.11078e-05,6.1809e-05,5.99526e-05,5.86439e-05,5.52212e-05,0.000217333,0,0.000204578,-0.000219343,0.000163618,0,0.485716,-0.000482062,-0.000167143,0.00017254,0.000480392,1787127000
1787127060,2.61026e-05,-5.22061e-06,5.22046e-05,-5.74282e-05,0.000294572,0.5115,2.71066e-05,2.82456e-05,0.0406408,-0.000423762,-0.000313462,-0.000164109,-5.66946e-05,7.21392e-06,6.18296e-05,0.000180898,0.000352378,0.000466645,3.20929e-05,2.80832e-05,2.87501e-05,2.09245e-05,3.16901e-05,2.75833e-05,2.74724e-05,2.59092e-05,0.000208141,0,0.00015325,-0.000209046,0.000151495,0,0.491662,-0.000457696,-0.000157815,0.000166364,0.000452994,1787127000
1787127120,-0.000438615,0,0,-0.000438615,0.000291635,0.514165,0.000138943,0.000139384,0.0433066,-0.000417884,-0.000314414,-0.000168281,-5.97733e-05,9.67145e-06,5.59701e-05,0.000164004,0.000322045,0.000445941,0.000130307,0.00013499,0.000134402,0.000161045,0.00013029,0.000144364,0.000135261,0.00014146,0.000199848,0,0.000155537,-0.000196319,0.000127322,0,0.480717,-0.000447521,-0.000153349,0.000149229,0.000443513,1787127000
1787127180,-9.92372e-05,5.22274e-06,5.22274e-06,-0.000198484,0.000295292,0.513369,3.83725e-05,3.90418e-05,0.0396325,-0.000466858,-0.000336471,-0.00018032,-6.2607e-05,9.47922e-06,6.6865e-05,0.000187472,0.000352614,0.000487994,3.99063e-05,3.60674e-05,3.70928e-05,3.14524e-05,3.69446e-05,3.71356e-05,3.98594e-05,4.07023e-05,0.000221226,0,0.000198508,-0.000233444,0.000180323,0,0.482654,-0.000514105,-0.000180438,0.000179341,0.000503308,1787127000
1787127240,-0.000151486,-1.04466e-05,-5.22328e-06,-0.00015671,0.000292661,0.508135,4.56854e-05,4.59787e-05,0.0422979,-0.000437089,-0.000318339,-0.000171335,-6.24665e-05,5.49442e-06,5.59259e-05,0.000177433,0.000345469,0.00047028,4.86106e-05,4.44937e-05,4.50147e-05,4.28804e-05,4.45649e-05,4.41749e-05,4.77042e-05,4.84231e-05,0.000209608,0,0.000171247,-0.000212035,0.000145999,0,0.484704,-0.000470855,-0.000156911,0.000171668,0.00046939,1787127000
1787127300,-0.000125385,1.04481e-05,3.13439e-05,-0.000125385,0.000290511,0.505451,4.03613e-05,4.04259e-05,0.047046,-0.000435033,-0.000315646,-0.000172294,-6.17291e-05,4.01259e-06,4.63246e-05,0.000164058,0.000324627,0.000447787,4.42119e-05,3.9884e-05,4.00505e-05,3.55522e-05,3.89724e-05,3.94796e-05,4.05151e-05,4.16769e-05,0.000202722,0,0.000188131,-0.000204832,0.000121306,0,0.47353,-0.000463626,-0.000165593,0.000150097,0.000424106,1787127300
1787127360,-0.000146303,5.2247e-06,5.2247e-06,-0.000188107,0.000288137,0.50383,4.36137e-05,4.28215e-05,0.0538541,-0.000417529,-0.000297453,-0.000159977,-6.28196e-05,3.16511e-06,4.63148e-05,0.00015638,0.000319333,0.000437576,4.76761e-05,4.31361e-05,4.29043e-05,4.13052e-05,4.1417e-05,4.27231e-05,4.36843e-05,4.66971e-05,0.00019036,0,0.000148515,-0.000192122,0.000117563,0,0.476379,-0.000439857,-0.000150977,0.000145876,0.000415801,1787127300
1787127420,0.00031348,-5.22549e-06,0.00031348,-3.6579e-05,0.00028599,0.507191,8.79445e-05,8.8576e-05,0.0621118,-0.000433004,-0.000312485,-0.000161908,-6.20983e-05,4.90198e-06,5.23399e-05,0.000166996,0.000321137,0.000445174,9.1744e-05,9.10083e-05,9.09677e-05,9.88452e-05,9.67746e-05,9.04212e-05,8.80926e-05,8.26539e-05,0.000197756,0,0.000158908,-0.00020143,0.000132098,0,0.481573,-0.000455464,-0.000154496,0.000157788,0.000439748,1787127300
1787127480,0.000407377,5.22371e-05,0.000412598,4.70135e-05,0.000286566,0.5096,0.000121664,0.000121024,0.0477089,-0.000420742,-0.000315887,-0.00016987,-6.17546e-05,6.43663e-06,5.85747e-05,0.000182741,0.000337933,0.000463137,0.00011779,0.00012622,0.00012671,0.000139794,0.000127814,0.000124664,0.000118536,0.000115805,0.000212191,0,0.000184388,-0.000214825,0.000173675,0,0.486568,-0.000460107,-0.000164527,0.000169638,0.000470074,1787127300
1787127540,1.5665e-05,1.04434e-05,9.92076e-05,1.04434e-05,0.000289477,0.507191,2.78414e-05,2.91344e-05,0.0424096,-0.000456672,-0.000338031,-0.00017564,-7.06833e-05,5.47214e-06,5.60456e-05,0.000186911,0.000351495,0.000479955,3.11136e-05,2.6986e-05,2.7687e-05,2.03149e-05,3.09551e-05,2.79779e-05,3.1263e-05,2.75009e-05,0.000218258,0,0.00019138,-0.000230536,0.000181427,0,0.480448,-0.000489112,-0.000184734,0.000171909,0.000503355,1787127300
1787127600,5.2215e-05,0,0.000151416,0,0.000286576,0.504513,2.70513e-05,2.87389e-05,0.045292,-0.000416889,-0.000310287,-0.000164317,-6.27179e-05,3.59815e-06,4.45003e-05,0.000151715,0.000309926,0.000437328,3.30914e-05,2.9198e-05,2.90422e-05,2.24581e-05,3.25344e-05,2.66342e-05,2.86792e-05,2.55543e-05,0.000191267,0,0.000158923,-0.000187412,0.000114267,0,0.466192,-0.000427084,-0.000160257,0.000126761,0.000422322,1787127600
1787127660,-0.000292439,0,0,-0.000376009,0.000283792,0.506459,8.35258e-05,8.21479e-05,0.0510729,-0.000406231,-0.00030445,-0.000159882,-5.89719e-05,4.30901e-06,4.83303e-05,0.000153183,0.000311329,0.000437119,8.35684e-05,8.24455e-05,8.28143e-05,8.93755e-05,8.04434e-05,8.77038e-05,8.05532e-05,8.57699e-05,0.000188727,0,0.000165158,-0.000198073,0.000136386,0,0.475818,-0.000437611,-0.000160448,0.000145619,0.000445563,1787127600
1787127720,0.000355093,-3.13378e-05,0.00039164,-3.13378e-05,0.000283967,0.503876,0.000103734,0.000102601,0.0442947,-0.00043289,-0.000314095,-0.000171223,-6.60425e-05,3.26283e-06,4.89355e-05,0.000167979,0.00034195,0.000460849,0.000103225,0.000105998,0.00010652,0.00011073,0.000105621,0.000104443,9.9463e-05,0.000103166,0.000204001,0,0.000187368,-0.000216579,0.000159857,0,0.483577,-0.000464889,-0.000165972,0.00016822,0.000471464,1787127600
1787127780,-0.00034987,-2.08843e-05,-2.08843e-05,-0.000381208,0.000285563,0.508981,0.000102465,0.000102049,0.0429781,-0.000424321,-0.000315235,-0.000174671,-6.53002e-05,6.3308e-06,5.29498e-05,0.000176879,0.000349587,0.000461063,9.9722e-05,0.000101119,9.99407e-05,0.000108065,9.69748e-05,0.000101496,9.96304e-05,0.000106242,0.000211013,0,0.000177478,-0.000220519,0.00016886,0,0.485197,-0.000456768,-0.000169762,0.000170971,0.000469609,1787127600
1787127840,-0.000120133,-1.56687e-05,-1.56687e-05,-0.00013058,0.000286991,0.502396,3.92587e-05,3.94405e-05,0.0384336,-0.000442519,-0.000322826,-0.000178633,-7.05175e-05,2.81404e-06,4.48455e-05,0.000166033,0.000341233,0.000460634,4.31684e-05,3.88217e-05,3.96674e-05,3.48094e-05,4.02291e-05,4.04364e-05,4.18236e-05,3.81104e-05,0.00020859,0,0.000166229,-0.000211194,0.00014315,0,0.482441,-0.000461131,-0.000165884,0.000159319,0.000442461,1787127600
1787127900,4.70103e-05,-5.2235e-06,4.70103e-05,-5.2235e-06,0.000284614,0.499475,2.68417e-05,2.83771e-05,0.0396754,-0.000420294,-0.000306659,-0.000157418,-6.4671e-05,8.36626e-07,4.5003e-05,0.000160663,0.000328984,0.000446616,3.27198e-05,2.82383e-05,2.85522e-05,2.14724e-05,3.23478e-05,2.76196e-05,2.70384e-05,2.53421e-05,-0.000191096,0.0001097,0,-0.000193679,0.000113665,0,0.482037,-0.000438424,-0.000149892,0.000151293,0.000431386,1787127900
1787127960,0.000355117,9.40139e-05,0.000668351,9.40139e-05,0.000281832,0.511314,0.000104054,0.000102748,0.0429226,-0.000407506,-0.000291963,-0.000143003,-5.20886e-05,6.50137e-06,4.9618e-05,0.000161795,0.000324011,0.000432793,0.000103176,0.000106266,0.000106723,0.000126593,0.000105588,0.000109169,0.000100548,0.000100134,0.000184467,0,0.000106725,-0.000183877,0.000106999,0,0.499326,-0.000416707,-0.000135898,0.000148291,0.000397136,1787127900
1787128020,0.000250595,-3.65504e-05,0.000250595,-3.65504e-05,0.000283483,0.505631,7.15989e-05,7.15705e-05,0.0408123,-0.000472783,-0.000348024,-0.000192034,-7.30875e-05,4.55432e-06,5.82561e-05,0.00019351,0.000384626,0.000517246,7.41301e-05,7.3491e-05,7.30966e-05,7.32856e-05,7.22146e-05,7.13502e-05,7.31606e-05,6.91769e-05,0.000250672,0,0.000244748,-0.000241301,0.00019785,0,0.475737,-0.000497046,-0.000192798,0.000176476,0.000513836,1787127900
1787128080,-0.000297589,-5.22009e-06,-5.22009e-06,-0.000402027,0.000282863,0.511602,8.65261e-05,8.54229e-05,0.043563,-0.000465345,-0.000333929,-0.000166732,-6.35073e-05,8.18636e-06,5.94601e-05,0.00017972,0.000349598,0.000471216,8.51896e-05,8.38423e-05,8.42977e-05,8.94281e-05,8.34207e-05,8.43784e-05,8.54759e-05,9.03203e-05,0.000226572,0,0.000165361,-0.000217932,0.000159857,0,0.4857,-0.000464541,-0.000174452,0.000162266,0.00047185,1787127900
1787128140,0.000172299,2.61078e-05,0.000302809,2.61078e-05,0.000283165,0.50449,5.02373e-05,5.04578e-05,0.0381733,-0.00045928,-0.000328672,-0.000176119,-7.17221e-05,3.70978e-06,5.81417e-05,0.000175501,0.000360693,0.000478351,5.29472e-05,5.16949e-05,5.13561e-05,5.10627e-05,5.14521e-05,4.96183e-05,5.19897e-05,4.96312e-05,0.000228665,0,0.00019881,-0.000218446,0.000161193,0,0.481367,-0.00046962,-0.000171467,0.000164877,0.000477997,1787127900
1787128200,0.000349728,0.00011485,0.00038626,0.00011485,0.000281376,0.50631,0.000101492,9.96112e-05,0.0404681,-0.000457199,-0.000336682,-0.000185536,-7.20599e-05,4.96218e-06,5.54025e-05,0.000176817,0.00035278,0.000470039,0.000101629,0.000104021,0.00010376,0.000103895,9.9572e-05,0.000102585,0.000100611,0.000102481,0.000236753,0,0.000225763,-0.000220099,0.000162163,0,0.479734,-0.000457948,-0.000177587,0.000160719,0.000461422,1787128200
1787128260,0.000506106,-5.21892e-06,0.000646935,-0.000104384,0.000282905,0.503255,0.000165618,0.000160787,0.0416633,-0.000478134,-0.000343845,-0.000182214,-7.83229e-05,3.24151e-06,5.69175e-05,0.000183517,0.000361105,0.000491754,0.000155996,0.000170311,0.00016822,0.000182303,0.000162016,0.000169681,0.000153909,0.000167339,0.000237828,0,0.000188952,-0.000222705,0.000158912,0,0.482925,-0.000470726,-0.000178815,0.00016536,0.000485154,1787128200
1787128320,-0.000119981,-5.21628e-06,0.000166907,-0.000146066,0.000289063,0.498629,4.39978e-05,4.51893e-05,0.0479388,-0.000545516,-0.000412767,-0.000226959,-9.80412e-05,-2.06682e-07,7.1059e-05,0.00022474,0.000445015,0.000625151,4.30712e-05,3.92223e-05,4.13551e-05,4.13115e-05,4.45465e-05,4.37002e-05,4.63478e-05,4.61726e-05,-0.000293982,0.000279184,0,-0.000262045,0.000220543,0,0.473679,-0.000527843,-0.000213081,0.000185295,0.00056659,1787128200
1787128380,1.04337e-05,0,0.000495482,-0.000130431,0.00028666,0.505488,2.9308e-05,3.06107e-05,0.0443599,-0.000485133,-0.00035262,-0.000188181,-8.0989e-05,4.88624e-06,5.97959e-05,0.00018734,0.000379089,0.000502017,3.06181e-05,2.67019e-05,2.87238e-05,2.64358e-05,3.07543e-05,2.72282e-05,3.35422e-05,2.93622e-05,0.000244244,0,0.000208132,-0.000227374,0.000160392,0,0.471897,-0.000491902,-0.000190479,0.000158213,0.000500997,1787128200
1787128440,0.000333822,0,0.000479834,0,0.000283783,0.508198,9.46394e-05,9.3684e-05,0.0462728,-0.000473295,-0.0003455,-0.000186126,-7.27017e-05,6.39112e-06,6.37999e-05,0.000200902,0.000400735,0.000537057,9.7185e-05,9.71379e-05,9.6286e-05,9.70456e-05,9.22716e-05,0.00010078,9.88666e-05,9.09439e-05,0.00025229,0,0.00023687,-0.000235603,0.000193573,0,0.473823,-0.000485963,-0.000188233,0.000170717,0.000511276,1787128200
1787128500,-0.000109523,8.34381e-05,0.000307643,-0.000307738,0.00028487,0.504891,4.01933e-05,4.13961e-05,0.0490129,-0.000492341,-0.000367818,-0.000202787,-8.28527e-05,4.50296e-06,6.34007e-05,0.000201927,0.000405847,0.000544361,4.13202e-05,3.70909e-05,3.83842e-05,3.99769e-05,4.26079e-05,3.82296e-05,4.28594e-05,4.09357e-05,0.000263209,0,0.000239139,-0.000238434,0.000182714,0,0.479716,-0.000492855,-0.000191127,0.00017433,0.000512659,1787128500
1787128560,0.000406739,-5.21568e-06,0.000490153,-1.04314e-05,0.000282432,0.503468,0.000118718,0.000115574,0.0473078,-0.00049359,-0.000358915,-0.000196102,-8.1508e-05,3.3611e-06,6.38702e-05,0.000195003,0.000406582,0.000531124,0.000117499,0.000125751,0.000124724,0.000117664,0.000115796,0.00012566,0.000117735,0.000117223,0.000254431,0,0.0002574,-0.000236398,0.000186644,0,0.477543,-0.000494944,-0.00018895,0.000171327,0.00050916,1787128500
1787128620,0.000786936,0,0.000786936,0,0.000285449,0.50113,0.000294684,0.000288376,0.0467476,-0.000497163,-0.000367892,-0.000202494,-8.53341e-05,1.7031e-06,6.53899e-05,0.000209046,0.00041718,0.000547267,0.000290448,0.000309226,0.000303902,0.000295415,0.000293847,0.000307514,0.000287776,0.000286255,0.000267801,0,0.000242237,-0.00022854,0.000174776,0,0.478417,-0.000479015,-0.000185169,0.000167133,0.00049686,1787128500
1787128680,0.00324023,0,0.00324023,-0.000197979,0.000303705,0.497865,0.00149325,0.00148548,0.0771606,-0.000632351,-0.000478927,-0.000263232,-0.000103004,-1.47563e-06,8.4878e-05,0.000255595,0.000510537,0.000733508,0.00151608,0.00152737,0.00150767,0.00151896,0.00150191,0.00144595,0.00150238,0.0014774,-0.00033837,0.000314249,0,-0.000281896,0.000222888,0,0.473465,-0.00056785,-0.000233541,0.000196246,0.000602438,1787128500
1787128740,-0.00104945,0,0.0014062,-0.00104945,0.000548064,0.503232,0.000300762,0.000304367,0.999737,-0.00125115,-0.000961375,-0.000544703,-0.000207401,7.34181e-06,0.000177434,0.000547949,0.00111093,0.00158278,0.00042672,0.000332818,0.000298144,0.000330299,0.000392728,0.000340053,0.000281102,0.000286465,0.000710348,7.90777e-05,0.000547452,-0.000741462,0.000802506,7.95124e-05,0.45272,-0.00133896,-0.000600869,0.000484187,0.00153113,1787128500
1787128800,-5.71801e-05,-5.19806e-06,0.000337816,-0.000431531,0.000562489,0.495042,8.16476e-05,8.67725e-05,0.999549,-0.00124836,-0.000939288,-0.000544325,-0.000226115,-7.51042e-06,0.000155683,0.000520884,0.00105735,0.0015003,3.33032e-05,6.26168e-05,9.99345e-05,7.93003e-05,0.000165085,6.22843e-05,9.29063e-05,7.80142e-05,-0.000696276,0.000775758,0,-0.00069399,0.000756908,5.62067e-05,0.464635,-0.00133996,-0.000564478,0.000452696,0.0013968,1787128800
1787128860,-0.000540774,-5.19848e-05,-5.19848e-05,-0.000540774,0.000556894,0.491482,0.000148572,0.000148962,0.998662,-0.00106599,-0.000797716,-0.000452465,-0.000176599,-1.13044e-05,0.000123633,0.000416976,0.000904404,0.00124955,0.00017237,0.000153124,0.000159297,0.000152911,0.000223645,0.000155898,0.000141522,0.000139796,-0.000571531,0.000483681,0,-0.000569453,0.000514887,0,0.470263,-0.00113001,-0.000445329,0.000425255,0.00124147,1787128800
1787128920,0.00013002,-2.60061e-05,0.000192424,-0.000130037,0.000556576,0.508382,6.96973e-05,7.16824e-05,0.996189,-0.00101747,-0.000748156,-0.000414732,-0.000152039,1.37066e-05,0.000127718,0.000416056,0.000829267,0.00112934,4.59646e-05,6.9345e-05,9.89386e-05,6.11265e-05,0.000130078,6.34388e-05,7.75605e-05,6.42505e-05,0.000540074,0,0.000356285,-0.000550382,0.000418969,0,0.480035,-0.00114935,-0.000434206,0.000418382,0.00116385,1787128800
1787128980,-0.000187235,-5.20049e-06,4.68032e-05,-0.000286067,0.000551289,0.497086,7.32686e-05,7.62027e-05,0.991158,-0.00097286,-0.000725144,-0.000394273,-0.000153588,-2.69825e-06,0.000119299,0.000393011,0.000785214,0.00108509,5.46596e-05,7.3973e-05,9.57349e-05,6.84846e-05,0.000137904,6.61404e-05,8.21495e-05,6.49785e-05,-0.000511931,0.000459334,0,-0.000529914,0.000425042,0,0.486754,-0.00109531,-0.00040663,0.000414657,0.00113949,1787128800
1787129040,9.88227e-05,-3.64108e-05,0.000197636,-3.64108e-05,0.00054639,0.506906,5.93048e-05,6.15489e-05,0.988011,-0.000897129,-0.000671009,-0.000366998,-0.000139349,1.03587e-05,0.000103338,0.00035269,0.000714235,0.000986606,4.07613e-05,6.36541e-05,8.92804e-05,5.54422e-05,9.47617e-05,4.5303e-05,6.36771e-05,5.7231e-05,0.000469911,0,0.000286991,-0.000419683,0.000300167,0,0.476789,-0.000918761,-0.000338203,0.000314789,0.000887537,1787128800
1787129100,0.0003588,-1.56029e-05,0.000998082,-2.0804e-05,0.000541079,0.505845,0.000108567,0.000105741,0.984093,-0.000801019,-0.000569098,-0.000317613,-0.000129922,8.70289e-06,9.0539e-05,0.000295166,0.000622508,0.00088266,0.0001042,0.000108252,0.000123313,0.000105102,0.000110367,0.000103113,0.000107654,0.000110695,0.000402263,0,0.000263405,-0.000388849,0.00029687,0,0.475241,-0.000839926,-0.000324247,0.000274115,0.000794983,1787129100
1787129160,-0.000301592,-5.19909e-06,-5.19909e-06,-0.000317194,0.000538039,0.497756,8.70196e-05,8.9937e-05,0.963545,-0.000897665,-0.000670085,-0.000389899,-0.000159274,-2.66528e-07,9.98964e-05,0.000336666,0.000687556,0.00100991,8.64235e-05,9.13638e-05,0.000106417,8.86592e-05,0.000102505,8.70076e-05,9.26703e-05,8.40369e-05,-0.000479423,0.000448863,0,-0.000456102,0.000448192,0,0.471135,-0.000962355,-0.00037946,0.000334807,0.000986819,1787129100
1787129220,0.00054072,0,0.0012266,0,0.000534337,0.497332,0.000160847,0.00015694,0.953354,-0.000752143,-0.000560962,-0.000314396,-0.000135934,7.40304e-08,8.08654e-05,0.000288954,0.000578174,0.00082883,0.000169493,0.000158745,0.000160376,0.000163419,0.000158558,0.000171965,0.000153007,0.000173449,-0.000365625,0.000301525,0,-0.000370895,0.000269398,0,0.469897,-0.000835128,-0.000308262,0.000267368,0.000822976,1787129100
1787129280,-0.000114359,-4.15835e-05,0.00028584,-0.000608331,0.000534465,0.49982,6.22709e-05,6.67783e-05,0.820484,-0.000951889,-0.000697412,-0.00038301,-0.000163587,2.03776e-06,0.000109667,0.000371008,0.000741727,0.00106984,4.22095e-05,6.0682e-05,7.66964e-05,6.48581e-05,6.56873e-05,5.03779e-05,6.86643e-05,6.36588e-05,-0.000454257,0.000507963,0,-0.000462679,0.000470799,0,0.470999,-0.000963203,-0.000382379,0.000342901,0.00101054,1787129100
1787129340,-0.000447164,5.19841e-06,0.000202718,-0.000447164,0.000529341,0.493975,0.000122119,0.000122837,0.849655,-0.000800247,-0.000582113,-0.000328375,-0.000154996,-4.74654e-06,9.29117e-05,0.000330421,0.000653304,0.000918953,0.000133955,0.00012656,0.00012824,0.000126442,0.00013156,0.000133122,0.000126471,0.000115279,-0.000395318,0.000400666,0,-0.000437592,0.000417149,0,0.473757,-0.000928017,-0.000353701,0.000329531,0.000968894,1787129100
1787129400,-0.000296487,5.20074e-06,0.000306797,-0.000312094,0.000527823,0.506417,8.40674e-05,8.39501e-05,0.866661,-0.000716863,-0.000499358,-0.000289717,-0.00012628,8.94162e-06,9.89814e-05,0.00030208,0.000603768,0.000833005,8.49518e-05,8.88733e-05,9.80889e-05,8.81744e-05,8.15982e-05,8.72749e-05,8.78021e-05,8.14208e-05,0.000384795,0,0.000250569,-0.000409302,0.000342202,0,0.473361,-0.000886438,-0.000335709,0.000303509,0.0008864,1787129400
1787129460,-0.00021852,-3.12142e-05,-3.12142e-05,-0.000270556,0.000524197,0.510597,6.75704e-05,6.93935e-05,0.870446,-0.00067445,-0.000469471,-0.000271407,-0.000112287,1.30604e-05,0.000101735,0.000290783,0.000560784,0.00079227,6.31093e-05,7.5328e-05,8.31971e-05,7.50035e-05,5.90055e-05,6.49247e-05,6.87217e-05,6.41371e-05,0.000365717,0,0.000220418,-0.000407246,0.00034821,0,0.475831,-0.000883251,-0.000328906,0.000307709,0.000877356,1787129400
1787129520,0.000431791,-1.04069e-05,0.000655417,-1.04069e-05,0.000519848,0.517843,0.000119483,0.000117583,0.34711,-0.000622425,-0.000432381,-0.000231376,-8.93994e-05,1.89646e-05,9.65145e-05,0.000279391,0.000514585,0.000725583,0.0001272,0.000128374,0.000128668,0.000126176,0.00013902,0.000128558,0.000117249,0.000116477,0.000333472,0,0.0001327,-0.000365518,0.000258571,0,0.479096,-0.000820255,-0.000288876,0.000281589,0.000806356,1787129400
1787129580,-0.000171654,-1.04024e-05,-1.04024e-05,-0.000171654,0.000518234,0.506547,5.84695e-05,6.022e-05,0.223266,-0.000660486,-0.000481724,-0.000275447,-0.000125777,9.02228e-06,9.87261e-05,0.000288527,0.000552478,0.000770519,5.18494e-05,6.68477e-05,7.24755e-05,6.51526e-05,5.22766e-05,5.48143e-05,5.79402e-05,5.53642e-05,0.000366936,0,0.000226347,-0.000398453,0.000357283,0,0.480325,-0.000848288,-0.000321395,0.000303695,0.000851127,1787129400
1787129640,-0.000416253,0,0,-0.000416253,0.000513599,0.508241,0.000118879,0.000117806,0.10473,-0.000608482,-0.000428288,-0.000226833,-9.98815e-05,9.08935e-06,8.27908e-05,0.000237406,0.000453323,0.000681643,0.000121421,0.000117979,0.000119008,0.000117279,0.00010936,0.000123889,0.000130806,0.000120029,0.000302659,0,0.00010298,-0.000327873,0.000207064,0,0.476871,-0.000746836,-0.000268804,0.000236727,0.000705574,1787129400
1787129700,-5.72483e-05,0,0.000135301,-5.72483e-05,0.000511834,0.513567,3.80103e-05,4.16784e-05,0.0650411,-0.000598937,-0.00041803,-0.000215317,-8.93684e-05,1.37064e-05,9.00928e-05,0.000242129,0.00046796,0.000698725,3.34014e-05,5.35419e-05,5.81759e-05,3.9537e-05,3.6067e-05,3.53566e-05,3.21295e-05,3.65225e-05,0.00029983,0,0.000142307,-0.000356401,0.000269925,0,0.479466,-0.000787417,-0.000285512,0.000272124,0.000770211,1787129700
1787129760,-8.32761e-05,0,5.20452e-06,-0.000104096,0.000506754,0.517765,3.96189e-05,4.02551e-05,0.0570726,-0.000554933,-0.000375731,-0.000192253,-7.57035e-05,1.59161e-05,7.81651e-05,0.000220387,0.000430974,0.000640063,3.69782e-05,5.42348e-05,5.71599e-05,3.90864e-05,3.61796e-05,3.37031e-05,2.7536e-05,4.12086e-05,0.000270532,0,8.75689e-05,-0.000316413,0.000221663,0,0.475618,-0.000696139,-0.00025267,0.000227507,0.000666177,1787129700
1787129820,-0.000536256,-2.08201e-05,-2.08201e-05,-0.000536256,0.000501799,0.515104,0.000173429,0.000175474,0.0579281,-0.000521169,-0.000350432,-0.000181375,-7.23713e-05,1.2519e-05,6.69626e-05,0.000208181,0.00040906,0.000601364,0.000169332,0.000151181,0.000151901,0.000169803,0.000147257,0.000194227,0.000212602,0.000181285,0.000254775,0,2.76127e-05,-0.000287776,0.00016895,0,0.476187,-0.000637864,-0.000222217,0.00020315,0.000597249,1787129700
1787129880,-6.77032e-05,0,0.000296798,-6.77032e-05,0.000502512,0.511548,3.92915e-05,4.123e-05,0.0458281,-0.000601307,-0.000416073,-0.000219485,-8.67078e-05,1.10581e-05,7.33583e-05,0.000244528,0.000460046,0.000679656,3.42596e-05,5.25674e-05,5.39536e-05,3.58169e-05,3.45691e-05,3.57123e-05,3.02324e-05,4.13135e-05,0.000302733,0,0.000112178,-0.000350804,0.000273529,0,0.481677,-0.000772249,-0.000277421,0.00027092,0.000741746,1787129700
1787129940,-4.16658e-05,3.64561e-05,7.2911e-05,-4.16658e-05,0.000497553,0.502316,3.57679e-05,3.84049e-05,0.0482641,-0.000611476,-0.000400653,-0.000214572,-8.98719e-05,3.4865e-06,6.89618e-05,0.000227231,0.000448021,0.000672858,3.22632e-05,5.03796e-05,5.02351e-05,3.90419e-05,3.48491e-05,2.81024e-05,2.62575e-05,3.57726e-05,0.000287837,0,0.000134986,-0.000347724,0.000286407,0,0.477579,-0.000766672,-0.000279308,0.000263359,0.000753324,1787129700
1787130000,0.000515492,-4.16675e-05,0.000520698,-4.16675e-05,0.000492588,0.500714,0.000156577,0.000153047,0.0489097,-0.00060945,-0.000410389,-0.000220008,-8.1423e-05,1.74218e-06,6.63541e-05,0.000221311,0.000458216,0.000663547,0.000160052,0.000150892,0.000149899,0.000149372,0.000190476,0.000186914,0.000171749,0.000152948,0.000286944,0,0.000261068,-0.000332229,0.000317765,4.02966e-05,0.475999,-0.000763687,-0.00027788,0.000240309,0.000715913,1787130000
1787130060,0.000353922,5.20564e-06,0.000353922,0,0.000493056,0.505311,9.91624e-05,9.87406e-05,0.0440927,-0.000609858,-0.000414176,-0.000224435,-8.21658e-05,4.75221e-06,8.40999e-05,0.000252645,0.000495538,0.000714834,0.000103243,0.000105912,0.000104875,0.000103562,0.000112027,0.000101381,9.90979e-05,9.48664e-05,0.000311187,0,0.000148035,-0.000367869,0.000328357,0,0.491037,-0.000788323,-0.000288225,0.000291353,0.000799133,1787130000
1787130120,0.000166508,-5.20382e-06,0.000171711,-5.72435e-05,0.00049066,0.487584,5.56355e-05,5.8803e-05,0.0510705,-0.000597119,-0.000441262,-0.000244643,-0.000104218,-9.62094e-06,6.99483e-05,0.000231552,0.000475887,0.000686327,5.23238e-05,6.64493e-05,6.47033e-05,5.4496e-05,5.85831e-05,5.14473e-05,4.89141e-05,5.55286e-05,-0.000311825,0.000187583,0,-0.000357524,0.000300034,0,0.490648,-0.000782127,-0.000285393,0.000276846,0.000792368,1787130000
1787130180,0.000254912,5.20293e-06,0.000254912,5.20293e-06,0.0004863,0.486298,7.8058e-05,7.65126e-05,0.0582655,-0.000557997,-0.000399185,-0.000236055,-0.000107007,-9.91092e-06,6.43665e-05,0.000217383,0.000456108,0.000655811,7.53921e-05,8.0625e-05,7.7962e-05,7.53333e-05,7.85511e-05,7.31433e-05,7.39626e-05,8.12568e-05,-0.000298354,0.000133415,0,-0.000313193,0.000238102,0,0.486476,-0.000686556,-0.000244342,0.00023759,0.000696652,1787130000
1787130240,-0.000150858,-5.20163e-06,-5.20163e-06,-0.000353772,0.00048276,0.498801,5.00949e-05,5.12857e-05,0.0693717,-0.000577105,-0.000423647,-0.000228919,-9.52699e-05,4.69998e-07,7.15724e-05,0.000225064,0.000450932,0.000675457,4.8476e-05,5.92239e-05,5.65947e-05,4.61911e-05,4.83181e-05,4.56186e-05,4.74301e-05,5.14922e-05,-0.000295732,0.000128071,0,-0.000318723,0.000248968,0,0.489306,-0.000697096,-0.000249614,0.000244703,0.00070897,1787130000
1787130300,-0.000327805,5.20239e-06,5.72248e-05,-0.000327805,0.000478384,0.492525,9.28226e-05,9.17861e-05,0.0650646,-0.000561926,-0.000387043,-0.000214438,-9.90917e-05,-4.40963e-06,6.54195e-05,0.000230574,0.000458282,0.000652214,9.35202e-05,9.33174e-05,9.3565e-05,9.26011e-05,8.76121e-05,9.38541e-05,9.73585e-05,9.15635e-05,-0.000289489,0.0001688,0,-0.00033592,0.000267583,0,0.483639,-0.000742845,-0.000262448,0.000264106,0.000783555,1787130300
1787130360,-0.000572615,5.20409e-06,3.64281e-05,-0.000588237,0.000475839,0.492781,0.000186072,0.000188202,0.0509353,-0.000525146,-0.000364017,-0.00020134,-9.06594e-05,-3.84214e-06,6.10614e-05,0.000213024,0.0004203,0.000623336,0.000187304,0.000161125,0.000166213,0.000177299,0.000169969,0.00020248,0.00020256,0.000192829,-0.000269595,0.000150141,0,-0.000319958,0.000244944,0,0.480879,-0.000719623,-0.000255546,0.000244452,0.000725086,1787130300
1787130420,0.000312376,0,0.000312376,0,0.000477967,0.502395,8.84787e-05,8.78733e-05,0.0384748,-0.000590234,-0.000407286,-0.000217109,-9.3184e-05,3.46479e-06,7.27877e-05,0.000249525,0.000466713,0.000680102,9.13746e-05,9.39998e-05,9.26311e-05,9.21686e-05,0.000100803,9.11898e-05,8.14746e-05,8.67958e-05,0.000304084,0,0.000143291,-0.00034513,0.00028456,0,0.4883,-0.000761578,-0.000265925,0.000275298,0.000754728,1787130300
1787130480,-0.000359241,0,7.80788e-05,-0.000390486,0.000475221,0.512771,0.000106414,0.000104535,0.0414559,-0.000543725,-0.000378891,-0.000195947,-7.36655e-05,1.05067e-05,7.32229e-05,0.000230733,0.0004432,0.000644925,0.000102298,0.000101851,0.000102152,0.000101039,9.15928e-05,0.000103725,0.000116368,0.000109259,0.000279031,0,7.91832e-05,-0.000322908,0.00025255,0,0.496529,-0.000700828,-0.000240851,0.000262727,0.000694264,1787130300
1787130540,-0.000208315,-3.12445e-05,-3.12445e-05,-0.000286444,0.00047318,0.504939,6.15219e-05,6.13004e-05,0.0376618,-0.000597963,-0.000438654,-0.000229886,-0.000109177,6.61654e-06,7.45916e-05,0.000243787,0.00046297,0.000662271,6.02141e-05,6.75259e-05,6.42752e-05,6.10917e-05,5.32147e-05,6.18937e-05,6.22686e-05,6.31238e-05,0.000308834,0,0.000256643,-0.000341496,0.000266681,0,0.486018,-0.000762445,-0.000271743,0.000264082,0.000746911,1787130300
1787130600,0.000614404,5.2084e-06,0.000619609,5.2084e-06,0.00046935,0.504136,0.000192933,0.000188928,0.037701,-0.000559492,-0.000403783,-0.000210455,-9.36756e-05,4.76705e-06,7.83627e-05,0.000243749,0.000454308,0.000651811,0.000202421,0.000182123,0.000189387,0.000213267,0.000226745,0.000209444,0.000193866,0.000191366,0.000296918,0,0.000201047,-0.000318276,0.000229697,0,0.488899,-0.000714774,-0.000243271,0.000255235,0.000719825,1787130600
1787130660,0,-5.20523e-06,0,-0.000130139,0.000472687,0.508358,3.91466e-05,4.22348e-05,0.0414382,-0.000613458,-0.000455913,-0.000234315,-9.56014e-05,8.63232e-06,9.59299e-05,0.000295095,0.000534172,0.000743016,3.06745e-05,4.54956e-05,4.17581e-05,3.1046e-05,3.80099e-05,4.60107e-05,4.37983e-05,3.738e-05,0.000346223,0,0.000264559,-0.000380932,0.000348559,0,0.493923,-0.000806698,-0.000295507,0.00030489,0.000840886,1787130600
1787130720,0.000223799,-5.20523e-06,0.000395518,-5.20523e-06,0.000467937,0.501894,6.43484e-05,6.4467e-05,0.0399625,-0.00055747,-0.000395215,-0.000206037,-8.50029e-05,2.53191e-06,7.15971e-05,0.000232073,0.000450595,0.000654904,6.67333e-05,7.31464e-05,6.90989e-05,6.5793e-05,7.17985e-05,6.7183e-05,6.50821e-05,6.11448e-05,0.00028616,0,0.000168079,-0.000302094,0.00020623,0,0.486777,-0.000675673,-0.000229212,0.000237136,0.000706235,1787130600
1787130780,-6.24506e-05,0,5.20404e-06,-0.000140519,0.000464314,0.501288,3.81166e-05,4.08716e-05,0.0441443,-0.000556341,-0.0004209,-0.000225172,-9.48338e-05,2.38701e-06,7.5115e-05,0.000240443,0.000475568,0.000671566,3.37121e-05,4.63744e-05,4.09463e-05,3.42183e-05,3.75565e-05,3.45486e-05,4.0532e-05,3.75862e-05,0.000303485,0,0.000230069,-0.000338695,0.000292023,0,0.484703,-0.000736828,-0.000273195,0.000258242,0.000773541,1787130600
1787130840,-0.00044247,-5.20451e-05,-5.20439e-06,-0.00044247,0.000459732,0.49587,0.00013031,0.000130627,0.0483552,-0.000529356,-0.000375451,-0.000209355,-9.47809e-05,-1.50945e-06,6.4169e-05,0.000218001,0.000426529,0.000605076,0.000131495,0.000124808,0.000124996,0.000138566,0.000117849,0.00013879,0.000131295,0.000132343,-0.000277996,0.000165183,0,-0.000292554,0.000199687,0,0.484934,-0.000659829,-0.000227599,0.000226421,0.000691602,1787130600
1787130900,1.56199e-05,0,0.000124952,-5.72751e-05,0.000459393,0.499381,3.4904e-05,3.80431e-05,0.0369815,-0.000576955,-0.000420189,-0.000221458,-9.71538e-05,7.1843e-07,7.54512e-05,0.000242994,0.000462824,0.000652673,3.14166e-05,4.43575e-05,3.83558e-05,3.36385e-05,3.79266e-05,3.1356e-05,4.30172e-05,3.20492e-05,-0.000303085,0.000268331,0,-0.000351146,0.00028598,0,0.485426,-0.000761638,-0.00028531,0.000265986,0.000771641,1787130900
1787130960,9.37144e-05,-3.12401e-05,9.37144e-05,-0.000432241,0.000454781,0.513104,3.65966e-05,4.00479e-05,0.0417977,-0.00051015,-0.000362625,-0.00018898,-7.52419e-05,1.1072e-05,7.18495e-05,0.000221477,0.000435395,0.000609684,4.0336e-05,4.98771e-05,4.41585e-05,3.63872e-05,4.66353e-05,3.45333e-05,3.75287e-05,3.26756e-05,0.000268367,0,0.000159789,-0.000280729,0.000211788,0,0.487396,-0.000622412,-0.000212716,0.000219517,0.000643983,1787130900
1787131020,0.000197813,-5.20612e-06,0.000197813,-0.000213473,0.000450406,0.512779,5.6454e-05,5.94116e-05,0.0496247,-0.000534978,-0.000390729,-0.000207742,-7.75729e-05,1.11015e-05,7.76683e-05,0.000248111,0.000466633,0.000653201,5.92124e-05,6.66697e-05,6.02858e-05,6.0586e-05,6.45175e-05,5.78258e-05,6.00458e-05,5.34139e-05,0.000297235,0,0.000228504,-0.000320404,0.000293051,0,0.495577,-0.000684281,-0.000237104,0.000266955,0.000737997,1787130900
1787131080,0.000161344,-5.20509e-06,0.000317459,-5.20509e-06,0.000446755,0.514293,4.98369e-05,5.2314e-05,0.0577024,-0.000523322,-0.000378986,-0.000207188,-7.23484e-05,1.17672e-05,8.18566e-05,0.000235481,0.000476913,0.000648873,5.14414e-05,6.01278e-05,5.33571e-05,5.14441e-05,5.57006e-05,4.67252e-05,5.15004e-05,4.72282e-05,0.000288762,0,0.000205721,-0.000299215,0.000251166,0,0.493114,-0.000640012,-0.000226204,0.00024156,0.000679023,1787130900
1787131140,9.36719e-05,4.68371e-05,0.000145708,-0.000109295,0.000442854,0.500203,4.08222e-05,4.28249e-05,0.0699309,-0.000534656,-0.000378639,-0.000207627,-9.05546e-05,1.36784e-06,7.11897e-05,0.000230934,0.000462472,0.000632151,4.01597e-05,4.8404e-05,4.11764e-05,3.81237e-05,4.32059e-05,3.43049e-05,4.16904e-05,4.09642e-05,0.000285581,0,0.000193476,-0.000296031,0.000243531,0,0.48771,-0.000647341,-0.000237004,0.000225843,0.000670974,1787130900
1787131200,-5.20389e-05,5.20374e-06,5.72396e-05,-0.000301863,0.000438603,0.509516,3.5078e-05,3.75877e-05,0.0903787,-0.000506948,-0.00035669,-0.000198581,-8.68485e-05,8.94932e-06,7.45384e-05,0.000222277,0.000458938,0.000622323,3.32812e-05,4.22546e-05,3.29092e-05,2.9112e-05,3.47564e-05,2.6237e-05,3.55111e-05,3.717e-05,0.00027408,0,0.000172984,-0.000258677,0.000201288,0,0.485774,-0.00055845,-0.000195276,0.000200125,0.000602466,1787131200
1787131260,-5.20416e-05,-0.0001197,-5.20416e-05,-0.000260235,0.000434257,0.513889,3.38282e-05,3.59657e-05,0.11087,-0.000507648,-0.000357971,-0.000184079,-7.00096e-05,1.10118e-05,6.90468e-05,0.000218834,0.000448669,0.000595351,3.32781e-05,4.16327e-05,3.16194e-05,3.10242e-05,3.40274e-05,2.37128e-05,3.66474e-05,3.51935e-05,0.000263576,0,0.000183649,-0.000271739,0.000227293,0,0.487268,-0.000588828,-0.000205204,0.000216592,0.00064224,1787131200
1787131320,-0.00033313,-5.20431e-06,-5.20431e-06,-0.000421637,0.000429955,0.521278,0.000100038,0.000100625,0.139692,-0.000470612,-0.00032144,-0.00015898,-5.11382e-05,1.33572e-05,6.7103e-05,0.000209225,0.00041415,0.00056231,9.50577e-05,9.43785e-05,9.4249e-05,9.65908e-05,9.0196e-05,0.000111863,0.000102958,0.000104604,0.000241514,0,0.000129363,-0.000252077,0.000197443,0,0.494499,-0.000546689,-0.000181041,0.000204534,0.000590549,1787131200
1787131380,-9.89194e-05,5.20602e-06,1.0412e-05,-0.000171814,0.000428234,0.507884,4.04313e-05,4.08786e-05,0.0822008,-0.000499461,-0.000349734,-0.000177972,-6.67578e-05,5.80213e-06,6.83835e-05,0.000209551,0.000433321,0.000583386,3.99065e-05,4.46511e-05,3.73574e-05,3.52865e-05,3.59916e-05,3.57726e-05,4.46212e-05,4.11113e-05,0.000253897,0,0.000168036,-0.000275977,0.000216798,0,0.49114,-0.000604739,-0.000210816,0.000220125,0.000626087,1787131200
1787131440,4.16515e-05,1.0413e-05,6.76828e-05,-2.08264e-05,0.00042416,0.515658,2.89406e-05,3.10237e-05,0.0932907,-0.000469587,-0.000325851,-0.000160007,-6.228e-05,1.12469e-05,6.36332e-05,0.000197638,0.000408345,0.000546712,3.2706e-05,4.08727e-05,3.00005e-05,2.52294e-05,3.4852e-05,2.63303e-05,2.88272e-05,2.7241e-05,0.000235066,0,0.00011741,-0.00024857,0.000172272,0,0.492504,-0.000550089,-0.000183408,0.000199165,0.000571411,1787131200
1787131500,-0.000104132,-5.20646e-05,8.32978e-05,-0.000104132,0.000419939,0.518188,3.96693e-05,3.97626e-05,0.111843,-0.00045008,-0.000314916,-0.000154028,-5.80994e-05,1.25432e-05,6.6401e-05,0.000187286,0.000386857,0.000513662,4.07674e-05,4.46892e-05,3.65322e-05,3.19687e-05,3.60695e-05,3.33218e-05,3.93037e-05,4.21782e-05,0.000224923,0,8.35301e-05,-0.000229674,0.000149277,0,0.495264,-0.000506941,-0.000166774,0.00017757,0.000514979,1787131500
1787131560,-0.000583339,-5.20688e-06,-5.20688e-06,-0.000598969,0.000415979,0.509333,0.000208965,0.000210204,0.131036,-0.000443464,-0.000312359,-0.000163024,-6.52113e-05,6.89054e-06,5.65696e-05,0.000172091,0.000361128,0.000508126,0.000192824,0.000176061,0.000208414,0.000220887,0.000188754,0.000225664,0.000205504,0.000213315,0.000218577,0,0.000124947,-0.000240596,0.000167,0,0.486022,-0.000532334,-0.000190597,0.000176186,0.000532663,1787131500
1787131620,0.000151076,4.16784e-05,0.000208375,1.04198e-05,0.00041998,0.508149,4.74066e-05,5.03278e-05,0.0480453,-0.000541427,-0.000381858,-0.00018365,-7.04383e-05,6.39893e-06,6.64937e-05,0.000225737,0.000439027,0.000595005,4.97134e-05,5.56125e-05,4.88452e-05,4.57202e-05,5.53538e-05,4.86147e-05,4.54598e-05,4.55851e-05,0.000269084,0,0.000178279,-0.000306847,0.000251549,0,0.499264,-0.000661702,-0.000231927,0.000248702,0.000666447,1787131500
1787131680,-0.000151076,0,1.04182e-05,-0.000208387,0.000416308,0.509965,4.82662e-05,4.79609e-05,0.0464427,-0.000475768,-0.000337293,-0.00017472,-6.93455e-05,7.62463e-06,6.46582e-05,0.000195731,0.000393169,0.000550375,4.8579e-05,5.21967e-05,4.59751e-05,4.28232e-05,4.29248e-05,4.58329e-05,5.27924e-05,4.92831e-05,0.000242258,0,0.000125004,0.000269023,0,0.000169206,0.500824,-0.000580387,-0.000197871,0.000221062,0.000591074,1787131500
1787131740,-6.25208e-05,2.60492e-05,3.1259e-05,-0.000109414,0.000412677,0.503696,3.2162e-05,3.34551e-05,0.0484356,-0.000477075,-0.000339056,-0.000170468,-8.13254e-05,4.28984e-06,5.76907e-05,0.000187767,0.000382266,0.00053078,3.38463e-05,3.93569e-05,3.05144e-05,2.60028e-05,3.28076e-05,2.98389e-05,3.6379e-05,3.26416e-05,0.000234303,0,0.000125647,-0.000270544,0.000184133,0,0.496215,-0.000597345,-0.000207402,0.000216372,0.00060072,1787131500
1787131800,9.37798e-05,7.29406e-05,9.37798e-05,-7.81565e-05,0.000408625,0.497908,3.5524e-05,3.82936e-05,0.0522652,-0.000488126,-0.000350983,-0.000165116,-6.58456e-05,-5.20489e-07,5.45593e-05,0.000181383,0.000376722,0.000526159,4.01568e-05,4.48376e-05,3.69445e-05,3.38133e-05,4.45886e-05,3.28923e-05,3.56446e-05,3.349e-05,-0.000227221,0.000129832,0,-0.000273318,0.000179427,0,0.493846,-0.000600295,-0.000215741,0.00021252,0.000600348,1787131800
1787131860,1.04194e-05,-5.20976e-06,1.04194e-05,-0.000161515,0.000404736,0.501012,2.57392e-05,2.74391e-05,0.055059,-0.000441507,-0.000312022,-0.000150997,-5.87918e-05,8.48184e-07,5.64735e-05,0.000173446,0.000364238,0.000504956,3.09528e-05,3.65088e-05,2.62277e-05,2.21083e-05,3.28259e-05,2.06423e-05,2.6461e-05,2.52764e-05,0.0002132,0,0.000138496,-0.000256681,0.00017273,0,0.498677,-0.000550939,-0.000185934,0.000211333,0.000572697,1787131800
1787131920,-0.000151092,-5.2097e-06,-5.2097e-06,-0.000151092,0.00040067,0.506581,4.80718e-05,4.64513e-05,0.0618755,-0.00042616,-0.000294896,-0.000139116,-4.67831e-05,3.26762e-06,5.16844e-05,0.000161717,0.00034791,0.000488247,4.8518e-05,5.06382e-05,4.3414e-05,4.27675e-05,4.1805e-05,4.47049e-05,5.09781e-05,5.15815e-05,0.00019807,0,0.000140737,-0.000222358,0.000152484,0,0.492722,-0.00047462,-0.000157121,0.000177909,0.000498797,1787131800
1787131980,9.89942e-05,5.21046e-06,0.000145883,0,0.000397219,0.497712,3.39327e-05,3.6444e-05,0.0644868,-0.000433005,-0.000304786,-0.000147199,-5.98213e-05,-8.77956e-08,4.55806e-05,0.000151274,0.000325704,0.000471266,4.09613e-05,4.4416e-05,3.55747e-05,3.08197e-05,4.39062e-05,3.07361e-05,3.17462e-05,3.24954e-05,-0.000194529,7.56355e-05,0,-0.000214367,0.00013014,0,0.487005,-0.000479613,-0.000164812,0.000160148,0.000474568,1787131800
1787132040,-0.000130258,-2.60501e-05,-1.563e-05,-0.000250109,0.000393476,0.498397,4.00489e-05,3.95112e-05,0.0749661,-0.000420749,-0.00029295,-0.000148718,-6.09853e-05,6.78887e-07,4.30537e-05,0.00014843,0.000317503,0.000457502,4.49986e-05,4.64726e-05,3.84581e-05,3.69281e-05,3.77419e-05,3.91218e-05,4.20467e-05,4.04569e-05,-0.000193205,8.27872e-05,0,-0.000206079,0.000136494,0,0.493161,-0.00043963,-0.00015008,0.000155304,0.000434682,1787131800
1787132100,7.81565e-05,0,7.81565e-05,-5.21078e-05,0.000389956,0.494688,3.14536e-05,3.37716e-05,0.0809559,-0.000424969,-0.000297511,-0.000157759,-6.73569e-05,-1.40043e-06,4.45763e-05,0.000159705,0.000325424,0.000458097,3.75874e-05,4.0167e-05,3.08896e-05,3.00751e-05,3.92355e-05,2.67271e-05,2.97193e-05,3.09863e-05,-0.000206474,0.000105398,0,-0.000219931,0.00014859,0,0.491249,-0.000475239,-0.000162037,0.000172817,0.000482531,1787132100
1787132160,-5.21037e-05,-5.21025e-06,5.21022e-06,-0.00067756,0.000386195,0.505107,2.7847e-05,2.72317e-05,0.0987637,-0.000406898,-0.000282038,-0.000137042,-5.26293e-05,3.0683e-06,5.23007e-05,0.000154658,0.000318091,0.000444901,3.30139e-05,3.53649e-05,2.43933e-05,2.21632e-05,2.83905e-05,2.02375e-05,3.0152e-05,2.96948e-05,0.000191578,0,0.000120706,-0.000206543,0.00013566,0,0.498615,-0.000443192,-0.00014517,0.000164768,0.000449108,1787132100
1787132220,-0.000463842,-2.08422e-05,-2.08422e-05,-0.000469055,0.000382385,0.494102,0.000149691,0.000149504,0.121133,-0.000464638,-0.000320328,-0.000158827,-6.02274e-05,-3.94752e-06,6.0187e-05,0.000201695,0.000416522,0.000564654,0.000139795,0.000135623,0.000164081,0.000137633,0.000136626,0.000190581,0.000145193,0.000152669,-0.000236178,0.000222325,2.51669e-05,-0.000255044,0.000227489,0,0.495672,-0.000533785,-0.000185687,0.000211578,0.000570557,1787132100
1787132280,-5.21306e-05,0,5.21279e-05,-5.21306e-05,0.000384183,0.496362,3.1988e-05,3.22956e-05,0.0564327,-0.000485507,-0.000333788,-0.000170404,-6.435e-05,-2.45517e-06,6.27489e-05,0.000201738,0.000387446,0.000510982,3.28592e-05,3.52162e-05,2.61515e-05,2.79389e-05,2.91143e-05,2.95307e-05,3.59657e-05,3.38586e-05,-0.000243535,0.000186426,0,-0.000257075,0.000181271,0,0.492393,-0.000557318,-0.000195813,0.000202766,0.000541827,1787132100
1787132340,4.17047e-05,0,7.2982e-05,-5.21333e-05,0.000380393,0.488436,2.73425e-05,2.86612e-05,0.0560307,-0.000455487,-0.000314563,-0.000160576,-5.83411e-05,-5.19965e-06,4.23539e-05,0.000164932,0.00034455,0.000483153,3.28594e-05,3.51458e-05,2.52774e-05,2.47931e-05,3.44167e-05,2.58291e-05,2.64775e-05,2.66509e-05,-0.000211902,9.64672e-05,0,-0.000216926,0.00011039,0,0.478082,-0.00048933,-0.000167037,0.000158554,0.000439702,1787132100
1787132400,-0.000260683,0,0,-0.000265897,0.000376616,0.493797,7.72067e-05,7.50726e-05,0.0549687,-0.000453902,-0.000314703,-0.000154018,-5.7469e-05,-3.14568e-06,4.98962e-05,0.000169896,0.000350183,0.00047796,7.46524e-05,7.40283e-05,7.37377e-05,7.33047e-05,6.2722e-05,7.53754e-05,7.99881e-05,7.97618e-05,-0.00021204,0.000145736,0,-0.000228379,0.000134469,0,0.489942,-0.000506805,-0.000169905,0.000178565,0.000480468,1787132400
1787132460,1.04286e-05,-5.21435e-06,1.04286e-05,-9.90773e-05,0.000374649,0.487796,2.67975e-05,2.79756e-05,0.0464877,-0.000476269,-0.000333643,-0.00017275,-5.98926e-05,-5.93141e-06,4.45711e-05,0.000167496,0.000355325,0.000480857,3.11262e-05,3.26887e-05,2.29687e-05,2.36314e-05,3.0041e-05,2.59691e-05,3.03147e-05,2.58528e-05,-0.000222011,0.000150039,7.38603e-06,-0.000240785,0.000141086,0,0.483996,-0.000536968,-0.000188301,0.000182678,0.000498652,1787132400
1787132520,-0.000526781,-9.90762e-05,-9.90762e-05,-0.000526781,0.000370887,0.505406,0.000188088,0.000187968,0.0465035,-0.000418557,-0.000292007,-0.000139633,-4.50057e-05,2.80156e-06,4.51027e-05,0.000155616,0.000321973,0.00045637,0.000164236,0.000161817,0.000193059,0.000202668,0.000161651,0.000189864,0.000184294,0.000193762,0.000193566,0,0.000180878,-0.000221246,0.000125686,0,0.492389,-0.000488562,-0.000157787,0.000178469,0.00047401,1787132400
1787132580,3.65185e-05,0,0.000250386,-0.000182613,0.000374641,0.507587,2.93574e-05,3.04772e-05,0.0405356,-0.000485852,-0.000361046,-0.00017365,-5.25128e-05,4.21202e-06,6.01836e-05,0.000186875,0.000368775,0.000513138,3.25743e-05,3.43314e-05,2.75449e-05,2.25433e-05,3.58446e-05,3.08306e-05,2.90971e-05,2.91802e-05,0.000236003,0,0.000219519,-0.000249155,0.000155109,0,0.487771,-0.000545616,-0.000189833,0.000191692,0.000495855,1787132400
1787132640,-3.65185e-05,-3.13015e-05,-3.13015e-05,-0.000146082,0.000370912,0.498257,3.13083e-05,3.12959e-05,0.0392345,-0.000486759,-0.000358441,-0.000184949,-6.1603e-05,-6.92876e-07,5.54814e-05,0.000182853,0.000387307,0.000521068,3.19903e-05,3.29109e-05,2.57776e-05,2.80476e-05,2.87157e-05,2.60922e-05,3.35561e-05,3.37387e-05,-0.000239408,0.000155695,2.53056e-05,-0.000257153,0.000181669,0,0.486329,-0.000547535,-0.000192296,0.000202005,0.000532042,1787132400
1787132700,0.000156499,0,0.000156499,-8.34759e-05,0.00036722,0.497471,4.49769e-05,4.7731e-05,0.0394192,-0.000470223,-0.0003537,-0.000168059,-4.86269e-05,-1.10434e-06,4.57534e-05,0.00016841,0.000353174,0.00047929,5.07969e-05,5.11581e-05,4.69876e-05,4.6904e-05,5.86918e-05,4.65422e-05,4.71581e-05,4.2943e-05,-0.000218751,0.000134718,5.24425e-05,-0.000236172,0.000131826,0,0.489565,-0.00051799,-0.000177482,0.00018318,0.000481884,1787132700
1787132760,-0.000302586,0,9.91031e-05,-0.000307804,0.000364203,0.49186,8.80533e-05,8.55565e-05,0.0422416,-0.00045045,-0.000335428,-0.000167267,-5.3064e-05,-4.02714e-06,4.63609e-05,0.00016013,0.000342825,0.000478426,8.61404e-05,8.55631e-05,8.55853e-05,8.69223e-05,7.24759e-05,8.85961e-05,9.05975e-05,9.03219e-05,-0.000213878,0.000146046,1.16773e-05,-0.000234745,0.000144631,0,0.48802,-0.000509385,-0.000177613,0.000181604,0.000484875,1787132700
1787132820,4.6959e-05,2.08709e-05,4.6959e-05,0,0.000363073,0.48306,3.0459e-05,3.17005e-05,0.0374806,-0.000474366,-0.000362527,-0.000183351,-7.08096e-05,-8.37984e-06,4.25392e-05,0.00016654,0.000359754,0.000489123,3.31422e-05,3.35109e-05,2.66906e-05,2.81973e-05,3.65389e-05,2.8388e-05,3.1625e-05,3.09302e-05,-0.000230312,0.000151444,1.75592e-05,-0.000242313,0.000148377,0,0.480506,-0.000531923,-0.000191664,0.000178757,0.000486493,1787132700
1787132880,0.000119996,0,0.000151297,-5.21768e-05,0.000359485,0.49707,3.75026e-05,3.97953e-05,0.0393671,-0.000428023,-0.000311109,-0.000155825,-4.93979e-05,-1.5528e-06,4.84871e-05,0.000155293,0.000334831,0.000458907,4.47104e-05,4.43511e-05,3.80815e-05,3.61082e-05,4.82124e-05,3.77301e-05,3.6237e-05,3.5422e-05,-0.000202315,9.45406e-05,0,-0.000185584,9.06729e-05,0,0.487536,-0.000420259,-0.000130091,0.000141403,0.0003856,1787132700
1787132940,1.56506e-05,0,8.34672e-05,0,0.000356276,0.497029,2.59494e-05,2.64324e-05,0.0439465,-0.00044144,-0.000325617,-0.000166083,-5.54518e-05,-1.05287e-06,4.72304e-05,0.000148642,0.000323776,0.000455486,3.13991e-05,3.08896e-05,2.28506e-05,2.1548e-05,2.98708e-05,2.3159e-05,2.70971e-05,2.61264e-05,-0.00020713,0.000122787,4.84977e-06,-0.000215076,0.000130722,0,0.484038,-0.000476031,-0.000164317,0.000163172,0.00044694,1787132700
1787133000,-8.86902e-05,0,0,-8.86902e-05,0.000352703,0.491383,3.30739e-05,3.20942e-05,0.0479916,-0.000419668,-0.000312143,-0.000156496,-5.14146e-05,-3.06166e-06,3.75337e-05,0.000124588,0.000291325,0.000431544,3.77526e-05,3.61981e-05,3.01696e-05,2.80954e-05,2.8288e-05,2.87261e-05,3.2301e-05,3.53191e-05,-0.000187409,8.58211e-05,5.41807e-06,-0.000189912,9.85763e-05,0,0.472796,-0.0004351,-0.000153467,0.000127974,0.000395515,1787133000
1787133060,0.000130424,0,0.000203454,-5.21744e-05,0.000349383,0.490108,3.87041e-05,4.11614e-05,0.0490235,-0.000403778,-0.000287738,-0.000142904,-4.4795e-05,-3.13061e-06,3.26257e-05,0.000117848,0.00027665,0.000410328,4.64342e-05,4.50519e-05,3.92619e-05,3.8661e-05,5.00161e-05,3.90328e-05,4.27865e-05,3.69428e-05,-0.000173336,2.32283e-05,0,-0.00017222,7.41969e-05,0,0.473156,-0.000392478,-0.000134691,0.000114562,0.00034163,1787133000
1787133120,-7.82524e-05,5.21661e-06,5.21661e-06,-0.000182598,0.000346363,0.508903,3.29333e-05,3.19366e-05,0.0584854,-0.000409884,-0.000300147,-0.000152669,-4.96816e-05,4.99122e-06,4.83966e-05,0.000147622,0.000305024,0.000438426,3.6141e-05,3.38805e-05,2.76115e-05,2.76255e-05,2.69487e-05,2.61036e-05,3.34539e-05,3.67373e-05,0.000195874,0,0.000200194,-0.000196358,0.000129872,0,0.48099,-0.00043288,-0.00015073,0.000147507,0.000422253,1787133000
1787133180,-0.000187831,0,9.39021e-05,-0.000203485,0.00034306,0.489375,5.44206e-05,5.2225e-05,0.0605482,-0.00038565,-0.000269889,-0.000141361,-5.19192e-05,-2.66023e-06,3.01931e-05,0.000129516,0.000280162,0.000404138,5.43087e-05,5.35431e-05,5.34433e-05,5.31002e-05,4.2197e-05,5.50246e-05,5.49252e-05,5.56234e-05,-0.000178033,7.34737e-05,0,-0.000180644,9.96623e-05,0,0.475327,-0.000404033,-0.000136915,0.000130726,0.000381024,1787133000
1787133240,0.000354762,-5.21802e-06,0.00039649,-5.21802e-06,0.00034065,0.484603,0.000108232,0.000109451,0.0538192,-0.000413105,-0.000294967,-0.000157137,-5.98299e-05,-5.06466e-06,3.10648e-05,0.000132875,0.000306167,0.000426702,0.0001035,0.000103045,0.000115449,0.000111193,0.000127474,0.00010992,0.000109602,0.000106906,-0.000192936,0.000103275,5.32049e-06,-0.000193126,0.000116688,0,0.474204,-0.000434145,-0.000152247,0.000139437,0.000403528,1787133000
1787133300,-2.08648e-05,2.08644e-05,8.3455e-05,-5.73794e-05,0.000340938,0.49428,2.7453e-05,2.73583e-05,0.0584154,-0.000430753,-0.000321574,-0.00017212,-6.15673e-05,-2.32092e-06,4.64749e-05,0.000158832,0.000339545,0.000466967,3.10949e-05,2.86659e-05,2.1711e-05,2.26024e-05,2.62919e-05,2.70836e-05,3.08824e-05,2.82324e-05,-0.000217199,0.00016534,1.31228e-06,-0.000229644,0.000162495,0,0.485368,-0.000494263,-0.000178821,0.000176043,0.000489917,1787133300
1787133360,0.000166907,1.56487e-05,0.000245134,1.56487e-05,0.000337524,0.495001,4.82376e-05,5.04615e-05,0.0552877,-0.000425817,-0.000311271,-0.000158036,-5.86858e-05,-1.72778e-06,4.39934e-05,0.000140709,0.00030359,0.000443815,5.2514e-05,5.082e-05,4.92547e-05,4.91973e-05,5.75344e-05,4.8651e-05,5.32197e-05,4.47768e-05,-0.000196913,0.000110666,0,-0.000202785,0.000115972,0,0.474435,-0.000465329,-0.000165609,0.000144685,0.000449259,1787133300
1787133420,-2.60773e-05,0,0,-0.000109529,0.000334964,0.487052,2.5257e-05,2.5056e-05,0.0620482,-0.000402495,-0.00029056,-0.000158275,-5.69755e-05,-5.41728e-06,3.84786e-05,0.000139859,0.000314447,0.00043667,3.13833e-05,2.82784e-05,2.0965e-05,2.16133e-05,2.49108e-05,2.55041e-05,2.67554e-05,2.51915e-05,-0.000196967,0.000137318,0,-0.000205956,0.000129534,0,0.478898,-0.000455823,-0.000165165,0.00014978,0.000444398,1787133300
1787133480,0.0002451,0,0.000276385,0,0.000331618,0.488206,7.03769e-05,7.21971e-05,0.0606774,-0.000389019,-0.000277659,-0.000141599,-4.72326e-05,-4.43861e-06,3.51936e-05,0.00013062,0.000306772,0.000433982,7.30335e-05,7.23717e-05,7.10401e-05,7.16907e-05,7.7722e-05,7.08807e-05,7.15912e-05,6.86209e-05,-0.0001791,0.000103129,0,-0.00018864,0.000102817,0,0.480905,-0.000428816,-0.000144786,0.000141326,0.000425625,1787133300
1787133540,-9.90757e-05,1.56426e-05,1.56426e-05,-0.000119935,0.00033011,0.488185,3.54273e-05,3.46094e-05,0.0669104,-0.000423624,-0.000305485,-0.000162501,-5.47488e-05,-4.54759e-06,3.67645e-05,0.000146032,0.000317867,0.000452767,3.94647e-05,3.61681e-05,3.10037e-05,3.09903e-05,3.053e-05,3.54757e-05,3.64475e-05,3.66787e-05,-0.000203,0.000145736,0,-0.000210887,0.000140584,0,0.482767,-0.000460559,-0.000167616,0.000156772,0.000462617,1787133300
1787133600,-7.82246e-05,-5.21478e-06,3.12881e-05,-7.82246e-05,0.000327093,0.483556,3.20987e-05,3.09539e-05,0.0551394,-0.000456118,-0.000327812,-0.000165014,-6.5992e-05,-7.33684e-06,3.85891e-05,0.000144094,0.000327514,0.000469219,3.59895e-05,3.24304e-05,2.71054e-05,3.08503e-05,2.66869e-05,3.10982e-05,3.52022e-05,3.29873e-05,-0.000204983,0.000239078,8.5752e-05,-0.000206085,0.000168347,2.9461e-05,0.474078,-0.000475611,-0.00017205,0.000145279,0.00045778,1787133600
1787133660,-0.000500782,-3.65069e-05,-3.65069e-05,-0.000500782,0.000323994,0.475431,0.00017383,0.000174309,0.0486999,-0.000401917,-0.000283078,-0.000140638,-5.29862e-05,-9.10952e-06,2.92635e-05,0.000122516,0.000297407,0.000431958,0.00015396,0.000164679,0.000189659,0.000195091,0.000165836,0.000179404,0.000171376,0.000169486,-0.000174965,8.14787e-05,0,-0.00017411,9.12923e-05,0,0.475343,-0.000409311,-0.000139492,0.000122061,0.000390797,1787133600
1787133720,9.91331e-05,5.21778e-06,9.91331e-05,0,0.000328464,0.502787,3.46526e-05,3.6992e-05,0.0450582,-0.000440568,-0.000323199,-0.000150212,-5.27106e-05,1.71483e-06,5.13178e-05,0.000173459,0.000353487,0.000483555,4.1208e-05,3.81629e-05,3.46895e-05,3.25608e-05,4.18084e-05,3.75976e-05,3.57801e-05,3.20646e-05,0.000212989,0,0.000180363,-0.000225249,0.000150559,0,0.487465,-0.000503597,-0.000170903,0.000172582,0.000473176,1787133600
1787133780,-5.21729e-06,0,2.6086e-05,-5.21729e-06,0.000325465,0.50081,2.41466e-05,2.37091e-05,0.0424138,-0.00039903,-0.00028764,-0.000135484,-4.79353e-05,8.95974e-07,4.21986e-05,0.000145013,0.000330501,0.000447631,3.02175e-05,2.63915e-05,2.17991e-05,1.6259e-05,2.67064e-05,2.51889e-05,2.29934e-05,2.53008e-05,0.000183522,0,0.000113521,-0.000196495,0.000112241,0,0.495766,-0.000447789,-0.000142694,0.000156452,0.00042185,1787133600
1787133840,0,5.21729e-06,3.13033e-05,0,0.000322194,0.485232,2.14459e-05,2.12906e-05,0.039495,-0.000377155,-0.000274444,-0.000131927,-4.61968e-05,-4.82074e-06,2.99619e-05,0.000120604,0.000288166,0.000409797,3.04975e-05,2.622e-05,2.11409e-05,1.54489e-05,2.64098e-05,2.03831e-05,1.76184e-05,2.26301e-05,-0.000166523,3.9702e-05,0,-0.000166334,7.07744e-05,0,0.473775,-0.000402406,-0.000133767,0.000109405,0.000348699,1787133600
1787133900,6.26056e-05,-9.39158e-05,0.000422512,-0.000360059,0.000318956,0.4818,2.58494e-05,2.77454e-05,0.0381243,-0.000366107,-0.000263654,-0.000124312,-4.28737e-05,-5.30742e-06,2.56307e-05,0.000111955,0.00027483,0.000403098,3.51102e-05,3.09833e-05,2.65068e-05,2.25806e-05,3.38962e-05,2.24919e-05,2.6167e-05,2.47893e-05,-0.000156251,5.45662e-05,0,-0.000168188,7.52216e-05,0,0.473133,-0.000406553,-0.000136193,0.000112815,0.000369076,1787133900
1787133960,7.82515e-05,2.08677e-05,7.82515e-05,-0.000177393,0.000315875,0.492619,3.28881e-05,3.44429e-05,0.0386435,-0.00044889,-0.000323528,-0.000149883,-5.11408e-05,-4.19263e-06,5.12968e-05,0.000174286,0.000386401,0.000527093,3.76537e-05,3.32392e-05,2.84963e-05,3.91719e-05,3.58301e-05,2.36498e-05,3.86311e-05,3.40276e-05,-0.000213418,0.000203953,3.64513e-05,-0.00023686,0.000190953,2.14803e-06,0.48089,-0.000503557,-0.000182167,0.000176324,0.000505053,1787133900
1787134020,1.04331e-05,-5.21658e-06,6.78131e-05,-6.78177e-05,0.000312896,0.494519,2.42605e-05,2.41597e-05,0.0409813,-0.000400869,-0.000287737,-0.000133481,-4.63041e-05,-2.54037e-06,4.33955e-05,0.000148899,0.000337354,0.000438457,3.10092e-05,2.5611e-05,1.94316e-05,2.56996e-05,2.53537e-05,1.18267e-05,2.87351e-05,2.6098e-05,-0.000185428,0.000150421,7.06999e-06,-0.000167741,0.000110652,0,0.48111,-0.000372699,-0.000124038,0.00012776,0.00038239,1787133900
1787134080,-0.00019303,5.2165e-06,1.0433e-05,-0.000198247,0.000309754,0.490956,5.67016e-05,5.55624e-05,0.042789,-0.000384504,-0.000282675,-0.000131954,-4.75593e-05,-3.63142e-06,3.83696e-05,0.000131853,0.000301113,0.000417795,5.60629e-05,5.51336e-05,5.49803e-05,5.49341e-05,4.65668e-05,6.44323e-05,5.60989e-05,5.92535e-05,-0.000171497,0.00014038,9.64875e-06,-0.000150508,9.09583e-05,0,0.474517,-0.000344575,-0.000113724,0.000105458,0.000342307,1787133900
1787134140,5.2175e-06,7.82597e-05,7.82597e-05,0,0.000307854,0.481544,2.32702e-05,2.30718e-05,0.0380795,-0.000413742,-0.000296892,-0.000137862,-5.0276e-05,-6.44036e-06,2.96874e-05,0.000130114,0.000306789,0.000435654,3.06341e-05,2.47736e-05,1.85536e-05,2.22385e-05,2.45963e-05,1.68356e-05,2.73966e-05,2.39827e-05,-0.000175882,0.000142945,0,-0.000172038,0.000102788,0,0.479081,-0.000399984,-0.000135132,0.000127276,0.00038988,1787133900
1787134200,-5.7394e-05,-5.2175e-06,0.000140862,-0.000224377,0.000304761,0.497983,2.63649e-05,2.52474e-05,0.0403472,-0.000380097,-0.000260815,-0.000121066,-3.78974e-05,4.54825e-07,2.73653e-05,0.000116187,0.000282388,0.000401241,3.32419e-05,2.72572e-05,2.24924e-05,2.41981e-05,2.35299e-05,1.91729e-05,2.75445e-05,2.9e-05,-0.00015527,8.71835e-05,0,-0.000147406,6.89545e-05,0,0.477859,-0.000343666,-0.000112336,0.000104843,0.000328223,1787134200
1787134260,0.000500782,0,0.000500782,-6.78336e-05,0.000301807,0.496272,0.000174223,0.000173781,0.0418078,-0.00038461,-0.00028178,-0.000135647,-4.75125e-05,-1.11168e-06,3.89177e-05,0.00013076,0.00030127,0.00041875,0.000154121,0.000172538,0.000195493,0.000170726,0.000200423,0.000214389,0.000156573,0.000165004,-0.000174176,0.000155647,2.60787e-05,-0.000183478,0.00013011,0,0.480839,-0.000408611,-0.000140033,0.000140196,0.00040922,1787134200
1787134320,-0.000432954,-0.000182548,-0.000177332,-0.000511218,0.000307053,0.501176,0.000135395,0.000135756,0.0728169,-0.000431125,-0.000323134,-0.000159227,-5.45225e-05,1.06108e-06,4.87162e-05,0.000173906,0.000372922,0.000504917,0.000128221,0.000136263,0.000145941,0.000135137,0.000131936,0.000133133,0.00012686,0.000141764,0.000217814,0,0.000220712,-0.000230635,0.000173998,0,0.484052,-0.000485629,-0.000179339,0.000173417,0.000502725,1787134200
1787134380,0.000177377,-5.21745e-06,0.000182594,-5.21745e-06,0.000310072,0.498098,5.04143e-05,5.26503e-05,0.0771947,-0.000478115,-0.000336911,-0.000166032,-6.5428e-05,-7.82441e-08,4.79022e-05,0.000170359,0.000363602,0.00050491,5.40006e-05,5.30797e-05,5.25091e-05,5.25075e-05,5.89215e-05,5.19562e-05,5.27009e-05,4.91316e-05,-0.000219119,0.000203511,0,-0.00022587,0.000150146,0,0.486682,-0.000502169,-0.000174362,0.000168923,0.000487288,1787134200
1787134440,6.25962e-05,5.2165e-06,0.000255576,5.2165e-06,0.000307979,0.501411,2.89629e-05,3.01192e-05,0.0729793,-0.000428914,-0.000313943,-0.000147955,-5.34737e-05,1.00668e-06,5.05575e-05,0.000154623,0.000346177,0.000470485,3.48685e-05,3.03569e-05,2.91621e-05,2.63553e-05,3.35945e-05,3.08786e-05,3.13478e-05,2.8871e-05,0.00019767,0,0.000164839,-0.000213673,0.000141525,0,0.49418,-0.000467759,-0.000159222,0.000168793,0.000472264,1787134200
1787134500,-0.000286931,-5.2162e-06,-5.2162e-06,-0.00031302,0.000305012,0.49967,8.1257e-05,8.02064e-05,0.0626052,-0.000464515,-0.000346808,-0.000172597,-6.29434e-05,9.32134e-07,4.5275e-05,0.000148626,0.000344761,0.000472549,8.21171e-05,8.12547e-05,8.14441e-05,8.12971e-05,7.36285e-05,8.21006e-05,7.99305e-05,8.17191e-05,-0.000213201,0.000185892,2.63536e-05,-0.000226044,0.000149744,8.67065e-06,0.479941,-0.000485934,-0.0001834,0.000159525,0.000471466,1787134500
1787134560,0.000318228,0,0.000318228,-0.00016698,0.000304661,0.498015,9.02214e-05,9.20764e-05,0.0554617,-0.000439849,-0.000318286,-0.000148367,-5.58594e-05,-1.28106e-07,4.25607e-05,0.00014852,0.000333654,0.000467174,9.33123e-05,9.20902e-05,9.40234e-05,9.58374e-05,0.000103402,9.01284e-05,8.93242e-05,8.97595e-05,-0.000193,0.000162201,0,-0.000217903,0.000137858,0,0.486774,-0.000479472,-0.000167437,0.000165792,0.000473897,1787134500
1787134620,2.60798e-05,0,6.7806e-05,-3.65128e-05,0.000304938,0.504951,2.87022e-05,2.85362e-05,0.0705865,-0.000451518,-0.00033466,-0.00015772,-5.55897e-05,3.13223e-06,5.23061e-05,0.000175463,0.000372857,0.000511403,3.19118e-05,2.63682e-05,2.55364e-05,2.72903e-05,2.82828e-05,2.78758e-05,3.34906e-05,2.84159e-05,0.000218636,0,0.000208606,-0.000232671,0.00017395,0,0.490449,-0.000487313,-0.000173479,0.000181142,0.00050444,1787134500
1787134680,6.78042e-05,5.21587e-06,6.78042e-05,0,0.000301896,0.505212,2.96578e-05,3.06608e-05,0.0603846,-0.000432107,-0.000315354,-0.000151691,-5.13963e-05,3.36891e-06,4.14737e-05,0.000137788,0.000319741,0.000455328,3.59392e-05,3.07903e-05,2.95623e-05,2.71514e-05,3.37227e-05,2.90796e-05,3.08315e-05,2.88611e-05,0.000190776,0,0.000154663,-0.000187094,0.0001063,0,0.482317,-0.000424981,-0.000147394,0.000137751,0.000421856,1787134500
1787134740,5.73692e-05,0,6.77996e-05,-5.21555e-06,0.000299016,0.515432,2.56669e-05,2.63546e-05,0.0557807,-0.000389438,-0.00028409,-0.000131138,-3.97254e-05,7.03111e-06,4.20983e-05,0.000125326,0.000305662,0.000429185,3.41972e-05,2.87553e-05,2.71164e-05,2.4048e-05,3.13969e-05,2.50334e-05,2.62645e-05,2.4673e-05,0.000167938,0,0.000116975,-0.000172305,9.13866e-05,0,0.489991,-0.00039266,-0.000131027,0.000129402,0.000384146,1787134500
1787134800,-0.000119958,0,0.000187731,-0.000125173,0.000296122,0.516715,3.73625e-05,3.70828e-05,0.0529467,-0.000383708,-0.000272374,-0.0001316,-4.10621e-05,8.0034e-06,4.07577e-05,0.000117622,0.000287392,0.000413477,4.29857e-05,3.75055e-05,3.57189e-05,3.44553e-05,3.43849e-05,3.61932e-05,4.18385e-05,3.81164e-05,0.00016476,0,0.000113905,-0.000172021,9.08647e-05,0,0.488669,-0.000391415,-0.000131802,0.000128317,0.000380877,1787134800
1787134860,9.90964e-05,5.21584e-06,9.90964e-05,-7.82409e-05,0.000293636,0.507468,3.41178e-05,3.46822e-05,0.0461134,-0.00041147,-0.000293216,-0.000141849,-4.86246e-05,4.12177e-06,4.42725e-05,0.000131102,0.000318603,0.000453533,4.08974e-05,3.51541e-05,3.28885e-05,3.54658e-05,3.78979e-05,3.04139e-05,3.84211e-05,3.29029e-05,0.000179764,0,0.000187908,-0.000196335,0.000133937,0,0.478076,-0.000434231,-0.000156113,0.000144074,0.000438755,1787134800
1787134920,0.000192949,0,0.000208592,0,0.000291022,0.523651,5.41418e-05,5.50504e-05,0.0468251,-0.000376362,-0.000265036,-0.000122378,-3.96944e-05,1.19356e-05,4.64066e-05,0.000127664,0.000293719,0.000429507,5.80932e-05,5.70085e-05,5.62327e-05,5.6177e-05,6.01871e-05,5.6221e-05,5.25245e-05,5.18167e-05,0.00016347,0,0.000142267,-0.000166166,0.00010658,0,0.488805,-0.000368942,-0.000122234,0.000130343,0.000379325,1787134800
1787134980,-0.000516352,0,0,-0.000516352,0.000289387,0.519731,0.000185669,0.000187547,0.0494271,-0.000379785,-0.000273457,-0.000135246,-4.33667e-05,1.03758e-05,3.79612e-05,0.00011933,0.000281759,0.000406331,0.00016105,0.000183182,0.000192784,0.000197088,0.000178492,0.000186083,0.000181924,0.000186219,0.000168344,0,0.000116844,-0.000169889,0.000103433,0,0.487643,-0.000372864,-0.000132123,0.000126037,0.000370342,1787134800
1787135040,-0.000203485,-4.69544e-05,-4.69544e-05,-0.000208703,0.000295639,0.516914,6.03661e-05,5.99128e-05,0.047443,-0.000469506,-0.000326169,-0.000154769,-5.31097e-05,1.05713e-05,5.29704e-05,0.000156253,0.000334471,0.000467389,5.91843e-05,5.80801e-05,5.8441e-05,5.79447e-05,5.01229e-05,5.88837e-05,6.48991e-05,6.14551e-05,0.000202403,0,0.000168065,-0.000220465,0.000155885,0,0.491989,-0.00047723,-0.000166838,0.00016768,0.000467803,1787134800
1787135100,-0.000213965,0,3.13081e-05,-0.000219184,0.000294079,0.517279,6.34001e-05,6.24852e-05,0.0428454,-0.000418556,-0.000293135,-0.0001396,-4.73842e-05,9.6521e-06,4.569e-05,0.00013524,0.00031603,0.000436584,6.19525e-05,6.09314e-05,6.12629e-05,6.05539e-05,5.22656e-05,6.14156e-05,6.75981e-05,6.50532e-05,0.000179565,0,0.000118901,-0.000188221,0.000101205,0,0.491931,-0.00042022,-0.000139374,0.000148876,0.000407216,1787135100
1787135160,-4.17545e-05,0,0,-9.39501e-05,0.000292691,0.515464,2.73364e-05,2.71348e-05,0.0409062,-0.000431847,-0.000301062,-0.000144946,-4.94196e-05,8.82607e-06,5.04439e-05,0.000146974,0.000320741,0.000444492,3.22999e-05,2.56981e-05,2.54678e-05,2.17263e-05,2.53539e-05,2.84932e-05,3.04629e-05,2.84043e-05,0.000190059,0,0.000138977,-0.000207183,0.000126101,0,0.495073,-0.000454304,-0.000154039,0.000163416,0.000439725,1787135100
1787135220,-5.21956e-05,-3.65366e-05,-1.04389e-05,-5.21956e-05,0.00028981,0.516223,2.72695e-05,2.64516e-05,0.037996,-0.000391929,-0.000272316,-0.000126472,-4.06907e-05,7.65522e-06,4.28454e-05,0.000135898,0.000297822,0.000420345,3.28795e-05,2.59828e-05,2.54166e-05,2.17295e-05,2.55523e-05,2.64225e-05,2.91936e-05,2.87274e-05,0.000171895,0,0.000119388,-0.000181394,9.44797e-05,0,0.498334,-0.000405275,-0.000131089,0.000147111,0.000397348,1787135100
1787135280,0.000120046,0,0.000125265,-4.69784e-05,0.000286992,0.503424,3.56083e-05,3.69907e-05,0.0369023,-0.000390765,-0.000276444,-0.000126374,-4.28316e-05,2.14465e-06,3.51985e-05,0.000117764,0.000274335,0.000399478,4.45996e-05,3.84946e-05,3.72972e-05,3.5612e-05,4.31756e-05,3.63154e-05,3.59691e-05,3.42788e-05,0.000160392,0,0.000114419,-0.000167357,7.69662e-05,0,0.489588,-0.000389817,-0.000130031,0.000124279,0.000363579,1787135100
1787135340,0.000354834,5.21906e-06,0.000354834,5.21906e-06,0.000284614,0.510474,0.000108571,0.000109368,0.0371847,-0.000375574,-0.000263232,-0.000121642,-4.07069e-05,4.74012e-06,4.22232e-05,0.000129367,0.000272157,0.00040534,0.000103451,0.000108569,0.000111037,0.000118681,0.000119827,0.000112426,0.00010288,0.000107717,0.000164351,0,0.00012405,-0.000175755,0.000108643,0,0.497531,-0.000382845,-0.00012977,0.000139337,0.00038293,1787135100
1787135400,-0.000354834,-5.21723e-06,0,-0.000354834,0.000286188,0.519073,0.000106859,0.000107273,0.0456074,-0.00042128,-0.000310028,-0.000144424,-4.67713e-05,1.07534e-05,5.28311e-05,0.000155159,0.000308625,0.000434339,0.000100756,0.000106398,0.000106484,0.000110037,9.67112e-05,0.000104045,0.000102324,0.000111285,0.000196377,0,0.000193831,-0.000216809,0.000155577,0,0.492425,-0.000448744,-0.000171216,0.000159834,0.000454144,1787135400
1787135460,0.000130468,0,0.000130468,-5.21908e-06,0.000287721,0.503918,3.96396e-05,4.06722e-05,0.0434363,-0.000431276,-0.000305955,-0.000146329,-5.76003e-05,3.05701e-06,4.23837e-05,0.000136249,0.000301831,0.000425585,4.62013e-05,4.05781e-05,4.07976e-05,3.88617e-05,4.53562e-05,4.18128e-05,3.93804e-05,3.80905e-05,0.000185656,0,0.000145029,-0.000203003,0.000127628,0,0.488751,-0.000441102,-0.00015853,0.00015141,0.000435871,1787135400
1787135520,0.000182627,-5.2184e-06,0.000182627,-0.000130468,0.000285426,0.51237,5.09792e-05,5.21875e-05,0.042014,-0.000385173,-0.000277702,-0.000130602,-4.41114e-05,6.06568e-06,4.3228e-05,0.000140118,0.000292942,0.000411187,5.54756e-05,5.42824e-05,5.38991e-05,5.29192e-05,5.92013e-05,5.26225e-05,4.90195e-05,4.83384e-05,0.000177241,0,0.000110285,0.000186143,0,0.000111963,0.501404,-0.000401382,-0.000136369,0.000148973,0.000407185,1787135400
1787135580,-1.04349e-05,-5.21745e-06,0,-6.7829e-05,0.000283736,0.51029,2.50578e-05,2.50389e-05,0.0443408,-0.00040725,-0.000303787,-0.000148589,-5.10864e-05,5.72968e-06,4.77023e-05,0.00014708,0.000318731,0.000424411,3.07136e-05,2.32707e-05,2.30201e-05,2.2125e-05,2.54263e-05,2.57494e-05,2.77461e-05,2.48448e-05,0.000192455,0,0.000154584,-0.000202027,0.000130332,0,0.495813,-0.000422819,-0.000151991,0.00015639,0.00043265,1787135400
1787135640,7.82593e-05,0,8.34764e-05,-1.0435e-05,0.000280888,0.508682,2.91168e-05,2.96848e-05,0.0419629,-0.000387668,-0.000280869,-0.000131921,-3.97281e-05,3.78879e-06,4.26315e-05,0.000130363,0.000281909,0.000402484,3.73452e-05,3.12482e-05,3.04944e-05,2.72182e-05,3.49524e-05,2.99471e-05,2.82745e-05,2.75753e-05,0.000170731,0,0.000127778,-0.000171816,8.71521e-05,0,0.492364,-0.000384077,-0.000128879,0.000132573,0.000392377,1787135400
1787135700,-8.34768e-05,-8.86943e-05,6.2603e-05,-8.86943e-05,0.000278285,0.512744,3.08962e-05,3.07107e-05,0.0439479,-0.000365571,-0.000261806,-0.000123536,-3.69914e-05,5.25858e-06,4.34426e-05,0.000126005,0.000272586,0.000385337,3.70768e-05,3.05027e-05,2.95565e-05,2.66629e-05,2.80134e-05,2.88003e-05,3.37076e-05,3.14506e-05,0.000162606,0,0.000110779,0.000169112,0,9.87885e-05,0.500445,-0.000375833,-0.000127126,0.000131159,0.00037414,1787135700
1787135760,0.000245193,0,0.00025041,-5.21753e-06,0.000275741,0.500953,7.06247e-05,7.15377e-05,0.0423172,-0.000368574,-0.000263323,-0.000130667,-4.43087e-05,1.01841e-06,3.68192e-05,0.000114102,0.000254378,0.000368879,7.28494e-05,7.1441e-05,7.08379e-05,7.23767e-05,7.54012e-05,7.34978e-05,7.23673e-05,7.15615e-05,0.000161661,0,0.000134456,-0.00015961,9.42405e-05,0,0.483264,-0.000355706,-0.000127234,0.000113509,0.000351277,1787135700
1787135820,0.000109535,5.21623e-06,0.000109535,5.21623e-06,0.000275163,0.513202,3.45907e-05,3.48383e-05,0.0487546,-0.000379778,-0.000274752,-0.000133293,-4.28009e-05,6.34261e-06,4.47112e-05,0.000140842,0.000276796,0.000388849,4.27104e-05,3.59556e-05,3.47728e-05,3.26587e-05,3.90791e-05,3.70151e-05,3.47559e-05,3.28798e-05,0.000179124,0,0.0001208,-0.000179045,0.000116764,0,0.496621,-0.000384467,-0.00013708,0.000138179,0.000394029,1787135700
1787135880,-0.000109535,3.6509e-05,3.6509e-05,-0.000114751,0.000272838,0.5157,3.50906e-05,3.50572e-05,0.052097,-0.000376047,-0.000263613,-0.000117606,-3.77446e-05,6.8263e-06,4.67857e-05,0.000129926,0.000258825,0.00037605,4.12714e-05,3.44698e-05,3.32107e-05,3.13768e-05,3.29937e-05,3.6259e-05,3.7517e-05,3.6561e-05,0.000163093,0,8.80391e-05,0.000161181,0,9.36874e-05,0.5012,-0.000364161,-0.000124723,0.000122077,0.000362467,1787135700
1787135940,9.91036e-05,0.000114751,0.000114751,1.56486e-05,0.000270539,0.500554,3.18698e-05,3.20111e-05,0.0467564,-0.000349101,-0.000254612,-0.000118681,-4.01105e-05,1.00003e-06,3.13779e-05,0.000109896,0.000247483,0.000358369,4.11142e-05,3.37921e-05,3.21038e-05,2.94401e-05,3.68942e-05,3.37442e-05,3.33867e-05,3.03587e-05,0.000150134,0,9.33074e-05,-0.00015516,7.88424e-05,0,0.486282,-0.000353293,-0.000124633,0.000111491,0.000347908,1787135700
1787136000,-0.000146051,0,1.5647e-05,-0.000193,0.000268187,0.509736,4.34881e-05,4.3503e-05,0.0505365,-0.000349124,-0.000247997,-0.000111502,-3.66067e-05,3.99901e-06,3.71684e-05,0.000117053,0.000254324,0.000363428,4.73302e-05,4.19219e-05,4.20163e-05,4.15789e-05,3.88484e-05,4.32985e-05,4.43223e-05,4.48523e-05,0.000149504,0,0.000106426,-0.000154178,8.19035e-05,0,0.493022,-0.000346818,-0.000115158,0.000119418,0.000360242,1787136000
1787136060,-9.91181e-05,-3.65161e-05,0.00027122,-9.91181e-05,0.000266294,0.498899,3.14744e-05,3.1143e-05,0.0456178,-0.000355185,-0.000249738,-0.000124351,-4.42678e-05,3.7477e-07,3.35811e-05,0.000110396,0.000250233,0.000362163,3.94484e-05,3.22007e-05,3.0423e-05,2.90362e-05,3.05199e-05,3.34283e-05,3.31518e-05,3.02998e-05,-0.00015505,8.44522e-05,0,-0.000164952,9.52973e-05,0,0.492783,-0.00037133,-0.000128842,0.000123655,0.00037022,1787136000
1787136120,0.000203442,0,0.0002556,0,0.00026399,0.491926,5.98058e-05,6.0674e-05,0.0452751,-0.000376002,-0.000270403,-0.000134607,-4.86631e-05,-2.9904e-06,3.68768e-05,0.000118009,0.000279019,0.00039477,6.13204e-05,5.95742e-05,5.8917e-05,5.92116e-05,6.28342e-05,5.93322e-05,6.1317e-05,5.95162e-05,-0.00016748,0.000131622,0,-0.000167876,0.000117106,0,0.488768,-0.000369851,-0.000132358,0.000123719,0.000370932,1787136000
1787136180,0,0,3.65109e-05,-2.0864e-05,0.000262915,0.49601,2.117e-05,2.09042e-05,0.044639,-0.000358871,-0.000256928,-0.000131332,-4.86693e-05,-1.29424e-06,3.92766e-05,0.000119998,0.000270537,0.000375791,3.01437e-05,2.09741e-05,1.85389e-05,1.91973e-05,2.37953e-05,2.43471e-05,2.25251e-05,1.99884e-05,-0.000165509,0.000120594,0,-0.000162483,0.000102172,0,0.498418,-0.000355837,-0.00012635,0.000122482,0.000356446,1787136000
1787136240,5.73737e-05,1.56477e-05,0.000187756,5.21593e-06,0.000260273,0.502324,2.46608e-05,2.46521e-05,0.0433287,-0.000342773,-0.000242811,-0.000123943,-4.17257e-05,1.44122e-06,3.60638e-05,0.000108637,0.000245052,0.000348136,3.37369e-05,2.59241e-05,2.36264e-05,2.25959e-05,2.8805e-05,2.56648e-05,2.45484e-05,2.37507e-05,0.000153643,0,0.000106056,-0.000135576,6.52e-05,0,0.488249,-0.000315433,-0.00010794,9.31974e-05,0.000308122,1787136000
1787136300,-5.21578e-05,0,0,-5.73737e-05,0.000257785,0.50047,2.43535e-05,2.42246e-05,0.0435491,-0.000363185,-0.000265705,-0.000127994,-4.29344e-05,4.12919e-07,4.0167e-05,0.000114137,0.00025913,0.000361933,3.28996e-05,2.36705e-05,2.13755e-05,2.43814e-05,2.44994e-05,2.20201e-05,2.6448e-05,2.48047e-05,0.000159731,0,0.000173583,-0.00015926,9.88373e-05,0,0.487991,-0.000353937,-0.000132316,0.000110779,0.000346591,1787136300
1787136360,5.2159e-06,0,5.2159e-06,-5.21593e-06,0.000255301,0.501514,1.79172e-05,1.74151e-05,0.0421991,-0.000321436,-0.000221734,-0.000101067,-3.5646e-05,1.04473e-06,3.04124e-05,0.000100944,0.000230706,0.000328165,3.02886e-05,2.03237e-05,1.68863e-05,1.6031e-05,2.31696e-05,1.36487e-05,1.88857e-05,1.75617e-05,0.000131333,0,9.31175e-05,-0.000129619,5.81164e-05,0,0.489884,-0.000309013,-0.000102898,9.14655e-05,0.00030098,1787136300
1787136420,0.000198184,0,0.000198184,0,0.000252736,0.510624,5.64012e-05,5.68393e-05,0.043325,-0.00029011,-0.000197528,-9.02329e-05,-2.8713e-05,3.44808e-06,3.07824e-05,9.08855e-05,0.000208916,0.00030516,5.95137e-05,5.79543e-05,5.71516e-05,5.96371e-05,5.95801e-05,6.35906e-05,5.68904e-05,5.52619e-05,0.000117847,0,7.09598e-05,0.000110074,0,4.76177e-05,0.502162,-0.000258072,-7.50883e-05,7.82369e-05,0.000251486,1787136300
1787136480,0.000187717,0,0.000192931,0,0.000251761,0.519476,5.34194e-05,5.34586e-05,0.0438997,-0.000319297,-0.0002225,-9.70479e-05,-3.08266e-05,7.21249e-06,3.57925e-05,0.000104192,0.000235197,0.000334672,5.65993e-05,5.49742e-05,5.42764e-05,5.44054e-05,5.5632e-05,5.51137e-05,5.43034e-05,5.16089e-05,0.000132173,0,8.57312e-05,-0.000143217,8.80015e-05,0,0.499965,-0.000320772,-0.000111688,0.000107106,0.000322007,1787136300
1787136540,-0.000187717,5.21386e-06,5.21386e-06,-0.000187717,0.00025064,0.512429,5.37784e-05,5.43966e-05,0.0453657,-0.000343674,-0.000243233,-0.000113298,-3.95346e-05,5.46884e-06,3.54158e-05,0.000109456,0.000248182,0.000367631,5.4812e-05,5.34499e-05,5.34536e-05,5.36389e-05,5.15226e-05,5.4251e-05,5.3922e-05,5.39433e-05,0.000145554,0,8.63947e-05,-0.000149333,9.05847e-05,0,0.49654,-0.000336563,-0.00012025,0.000108372,0.000337922,1787136300
1787136600,0.000333695,-5.21487e-06,0.000411888,-1.04298e-05,0.000249537,0.501507,0.000108073,0.000107016,0.0388004,-0.000333823,-0.000236733,-0.000114672,-4.24968e-05,1.37957e-06,3.25546e-05,0.000102696,0.000233814,0.000337161,9.71403e-05,0.000104559,0.000112358,0.00012066,0.000106096,9.51006e-05,0.00011355,0.000114295,0.000143547,0,8.36173e-05,-0.000146062,7.86574e-05,0,0.489982,-0.000338885,-0.000118965,0.000104194,0.000330846,1787136600
1787136660,-6.77728e-05,0,7.81936e-05,-6.77728e-05,0.000251496,0.507117,2.81139e-05,2.83179e-05,0.0472644,-0.000386957,-0.000271341,-0.000139992,-4.84698e-05,3.86765e-06,4.19496e-05,0.000129052,0.000293411,0.000409729,3.43251e-05,2.60621e-05,2.53499e-05,2.54542e-05,2.68929e-05,3.19049e-05,2.86374e-05,2.79895e-05,0.000176902,0,0.000132451,-0.000178082,0.000125143,0,0.494125,-0.000380656,-0.000140894,0.000132408,0.000399013,1787136600
1787136720,1.56403e-05,0,9.3838e-05,-2.60677e-05,0.000249153,0.498731,2.16415e-05,2.10906e-05,0.0411379,-0.000380766,-0.000257688,-0.000129139,-4.77222e-05,3.52878e-07,3.44642e-05,0.000113087,0.000259282,0.00036011,3.08688e-05,2.05798e-05,1.91707e-05,1.75155e-05,2.32693e-05,2.58814e-05,2.07748e-05,2.15034e-05,-0.000160417,8.07554e-05,0,-0.000155492,8.53185e-05,0,0.487063,-0.000359683,-0.000129982,0.000108132,0.000354167,1787136600
1787136780,-0.000229415,-5.2134e-06,-5.2134e-06,-0.000229415,0.000246659,0.511889,6.56016e-05,6.60785e-05,0.0381417,-0.00033515,-0.000235701,-0.000111484,-3.63584e-05,4.799e-06,3.52609e-05,0.00010868,0.000252288,0.000347323,6.63663e-05,6.50166e-05,6.51509e-05,6.76481e-05,6.30969e-05,6.7004e-05,6.27625e-05,6.65792e-05,0.000143677,0,0.000103162,-0.00014561,8.16233e-05,0,0.490084,-0.00033397,-0.000116963,0.000104562,0.00033644,1787136600
1787136840,-1.04292e-05,0,1.56436e-05,-0.000365087,0.000246326,0.504733,1.99994e-05,1.99227e-05,0.0351144,-0.000353438,-0.000246924,-0.000119223,-4.08149e-05,2.53807e-06,3.24262e-05,0.000112739,0.000253948,0.000355499,3.06269e-05,1.96245e-05,1.83349e-05,1.62236e-05,2.1936e-05,2.70493e-05,2.06774e-05,1.80313e-05,0.000151981,0,0.000101933,-0.000153727,8.70714e-05,0,0.497834,-0.000352449,-0.000120519,0.00011544,0.000342217,1787136600
1787136900,0.000208564,5.21462e-06,0.000208564,5.21462e-06,0.000243855,0.510917,5.86925e-05,5.88957e-05,0.0329883,-0.000373296,-0.000255498,-0.000119397,-3.74163e-05,4.51088e-06,3.87318e-05,0.000141122,0.000302917,0.000413329,6.24234e-05,6.06777e-05,6.01738e-05,6.06547e-05,6.14527e-05,6.06519e-05,5.93172e-05,5.61336e-05,0.000171333,0,0.000146077,0.000163302,0,0.000128049,0.50089,-0.000352864,-0.00011856,0.000130754,0.00036801,1787136900
1787136960,0.000177245,5.21353e-06,0.000177245,-0.000125133,0.000243199,0.514119,5.01679e-05,4.99869e-05,0.0345771,-0.000354797,-0.000249069,-0.000110222,-3.65806e-05,5.854e-06,4.0851e-05,0.000126685,0.000260873,0.000365989,5.37629e-05,5.19647e-05,5.15082e-05,5.12826e-05,5.1796e-05,5.10088e-05,5.07423e-05,4.83532e-05,0.000156514,0,0.000103695,0.000149254,0,9.08978e-05,0.501602,-0.000337236,-0.000116477,0.000112866,0.000334638,1787136900
1787137020,-6.77664e-05,0,0,-0.000166818,0.000242056,0.504703,2.79542e-05,2.81317e-05,0.035967,-0.000394304,-0.000272439,-0.000132717,-4.98093e-05,2.77775e-06,4.19531e-05,0.000132882,0.000291541,0.00041477,3.4373e-05,2.53604e-05,2.44499e-05,2.64453e-05,2.67579e-05,3.13051e-05,2.91685e-05,2.78235e-05,0.000172662,0,0.00013414,-0.000158376,0.000103557,0,0.492939,-0.000352823,-0.000126089,0.00011658,0.000361289,1787136900
1787137080,0.000104254,1.56388e-05,0.000166801,1.56388e-05,0.000239815,0.501917,3.40588e-05,3.37231e-05,0.0331049,-0.000361208,-0.000255096,-0.000119465,-4.49592e-05,1.37857e-06,3.70555e-05,0.000123441,0.000277267,0.000400843,4.15932e-05,3.22983e-05,3.116e-05,3.23124e-05,3.37373e-05,3.59661e-05,3.42864e-05,3.43215e-05,0.000158462,0,0.000123271,-0.000146417,8.5629e-05,0,0.49236,-0.000339268,-0.0001156,0.000108611,0.000344663,1787136900
1787137140,1.56372e-05,0,0.000161572,0,0.000237862,0.50767,2.14009e-05,2.06661e-05,0.0329643,-0.000359587,-0.000250954,-0.000119782,-4.11771e-05,3.55269e-06,3.72139e-05,0.000117705,0.000263849,0.000395304,3.09224e-05,1.94672e-05,1.7633e-05,1.90893e-05,2.20548e-05,2.33282e-05,2.14553e-05,2.18454e-05,0.000154772,0,0.000114413,-0.000138834,8.19781e-05,0,0.490057,-0.000319389,-0.000111751,9.97203e-05,0.000321861,1787136900
1787137200,-8.34011e-05,0,3.64858e-05,-0.00022937,0.000235482,0.504119,3.00345e-05,3.01653e-05,0.0324942,-0.000390863,-0.000280461,-0.000133076,-4.29823e-05,2.36289e-06,3.34497e-05,0.000117142,0.000278124,0.000393161,3.69839e-05,2.74243e-05,2.57694e-05,3.23791e-05,2.94186e-05,2.74534e-05,3.02255e-05,3.1017e-05,0.000165566,3.71909e-05,0.000226548,-0.000156554,0.000144186,2.55261e-05,0.482001,-0.000356613,-0.000131472,0.000106086,0.000351339,1787137200
1787137260,0,0,0.000166795,-2.08514e-05,0.000233413,0.508633,1.987e-05,1.94493e-05,0.0322478,-0.00035254,-0.00023431,-0.000109252,-4.09742e-05,3.96319e-06,3.44531e-05,0.000114183,0.000269862,0.000379761,3.00495e-05,1.80953e-05,1.56325e-05,2.01903e-05,2.07163e-05,1.44577e-05,2.20777e-05,2.10707e-05,0.000145943,0,0.000142811,-0.000141147,9.56047e-05,0,0.496006,-0.000324022,-0.000107936,0.000107439,0.000334314,1787137200
1787137320,0.000172007,0,0.00020849,-5.2128e-06,0.000231067,0.506051,5.03181e-05,5.01281e-05,0.0326629,-0.000321693,-0.000213362,-0.00010264,-3.44667e-05,2.6238e-06,2.83589e-05,0.000105779,0.000248288,0.000342007,5.28745e-05,5.03328e-05,4.96946e-05,5.00938e-05,4.83633e-05,5.3223e-05,5.31177e-05,4.9958e-05,0.000135834,0,0.000134968,-0.000124204,8.16212e-05,0,0.490314,-0.000290597,-9.87534e-05,8.84792e-05,0.000294713,1787137200
1787137380,0.000437703,3.12708e-05,0.000437703,-5.2119e-06,0.000230035,0.507963,0.000153431,0.000151844,0.0331092,-0.000328279,-0.00023072,-0.000109687,-3.66271e-05,3.36246e-06,3.16692e-05,0.000109103,0.000261577,0.000364942,0.000129891,0.00016065,0.00016909,0.000159662,0.000155706,0.000159163,0.000149714,0.00014893,0.000142347,0,0.000120529,-0.000132612,8.63142e-05,0,0.499567,-0.000303987,-0.000104101,9.84416e-05,0.000309566,1787137200
1787137440,0.000208363,0,0.000286487,-0.000161511,0.000235986,0.497203,6.20434e-05,6.1144e-05,0.0559731,-0.000396456,-0.000286105,-0.000149878,-5.52589e-05,-8.43507e-07,4.3287e-05,0.000142313,0.000317637,0.000438091,6.23318e-05,6.05731e-05,6.04066e-05,6.04125e-05,5.64527e-05,5.96924e-05,6.16255e-05,6.42752e-05,-0.000191394,0.00015962,0,-0.000168476,0.000118332,0,0.492995,-0.000364239,-0.000136468,0.000121871,0.000384424,1787137200
1787137500,0.000640443,-5.20854e-06,0.000640443,-1.04171e-05,0.000235465,0.496528,0.000241426,0.000238653,0.0574542,-0.00042589,-0.000302881,-0.000161173,-6.27966e-05,-1.04302e-06,4.40709e-05,0.000146708,0.000325856,0.000444095,0.000216631,0.000258327,0.000255218,0.000239695,0.000249385,0.00023432,0.000240467,0.000239281,-0.000202859,0.000171951,0,-0.000175288,0.000131979,0,0.490347,-0.000377942,-0.0001418,0.000124922,0.000406666,1787137500
1787137560,0.000551598,0,0.000983297,-5.2052e-06,0.000250077,0.504476,0.000175644,0.000173276,0.333193,-0.000515848,-0.000380429,-0.000194307,-6.90401e-05,3.4279e-06,5.9451e-05,0.000185245,0.000405547,0.000603571,0.000173863,0.000206047,0.000187265,0.000197389,0.000164764,0.000167543,0.00017737,0.00017348,0.000248329,0,0.000196462,-0.000220744,0.000183907,0,0.48782,-0.000452328,-0.000177621,0.000156386,0.00050627,1787137500
1787137620,0.00068647,5.2023e-06,0.000894399,5.2023e-06,0.000259563,0.504066,0.000219466,0.000215773,0.679243,-0.000590899,-0.000444463,-0.000229128,-8.74645e-05,3.87654e-06,7.3351e-05,0.000226568,0.000495333,0.000694475,0.000238483,0.000268461,0.000242338,0.000225863,0.000182694,0.000205819,0.000226913,0.000217388,0.000296718,3.357e-06,0.000266192,-0.000254586,0.000235156,0,0.478335,-0.000505976,-0.000207032,0.000171122,0.000571128,1787137500
1787137680,-0.000337976,0,0,-0.000384781,0.000274682,0.503983,9.3567e-05,9.63871e-05,0.925063,-0.000643185,-0.000492955,-0.000259376,-9.7509e-05,4.20033e-06,8.23916e-05,0.000257496,0.000551567,0.000790791,9.66133e-05,9.80945e-05,9.70199e-05,9.6427e-05,0.00013888,0.000100654,8.90058e-05,8.81015e-05,0.000336321,0,0.000278455,-0.000277661,0.000258968,0,0.478852,-0.000549601,-0.000225513,0.000188803,0.000633039,1787137500
1787137740,-0.000405722,0,5.20049e-06,-0.000410924,0.00027609,0.502353,0.000112113,0.000114512,0.917771,-0.000572385,-0.00041655,-0.000221176,-7.79557e-05,2.20899e-06,6.83862e-05,0.000207987,0.000459103,0.000646393,0.000118078,0.000124102,0.000115692,0.000118858,0.000150546,0.000118296,0.000113264,0.000106212,0.000281302,0,0.00019768,-0.0002332,0.000171202,0,0.489106,-0.000505038,-0.000189082,0.000166521,0.000544921,1787137500
1787137800,0.000358916,-5.20263e-06,0.000358916,-5.20263e-06,0.000279273,0.514606,0.00010412,0.000102072,0.916131,-0.000532807,-0.000385246,-0.00019444,-6.77438e-05,1.13961e-05,6.6517e-05,0.000195083,0.000428285,0.000591519,0.00010423,0.000106344,0.000104322,0.000103275,7.73966e-05,0.000105476,0.000101685,0.000108834,0.000253271,0,0.000192949,0.000240741,0,0.000161901,0.501188,-0.000517178,-0.000181006,0.00018676,0.000557071,1787137800
1787137860,0,0,5.20074e-06,-9.88191e-05,0.000281087,0.516355,3.22741e-05,3.28457e-05,0.890646,-0.000520348,-0.000381565,-0.000186697,-6.83183e-05,1.31385e-05,7.10176e-05,0.000201342,0.00042561,0.000591256,3.00946e-05,2.5889e-05,3.59664e-05,2.74157e-05,4.96752e-05,4.84336e-05,3.31243e-05,2.84851e-05,0.000254115,0,0.000163989,0.000237004,0,0.000138198,0.507855,-0.000497925,-0.000177359,0.00018697,0.000536334,1787137800
1787137920,5.20074e-06,0,9.88093e-05,-0.000254869,0.000278262,0.515571,2.82303e-05,2.78782e-05,0.812168,-0.000458895,-0.000336948,-0.000162247,-5.57341e-05,1.00734e-05,5.49137e-05,0.000173611,0.000373111,0.000525866,3.03786e-05,2.57866e-05,3.44772e-05,2.31205e-05,4.5915e-05,3.54786e-05,2.85116e-05,2.58848e-05,0.000219718,0,0.000130889,0.000205209,0,0.000120497,0.501783,-0.000464032,-0.000155684,0.000160308,0.000493425,1787137800
1787137980,0.000467955,2.08027e-05,0.00105519,2.08027e-05,0.000275466,0.517444,0.000145425,0.000142101,0.678516,-0.000434688,-0.000308415,-0.000151358,-4.8922e-05,1.01047e-05,5.53452e-05,0.000159561,0.000374705,0.000524871,0.000141269,0.000151356,0.000140052,0.000147911,0.000106534,0.000150236,0.000143264,0.000147839,0.000203176,0,0.000156131,0.000214826,0,0.000149685,0.500501,-0.000468389,-0.000163114,0.000167671,0.000509225,1787137800
1787138040,-0.000369147,-5.1983e-06,9.87626e-05,-0.000473156,0.000280613,0.508665,0.00010355,0.000106206,0.477692,-0.000568602,-0.000413127,-0.000218703,-7.6455e-05,7.14694e-06,7.15733e-05,0.000230174,0.000492532,0.000682956,0.00010523,0.00010886,0.000105369,0.000105271,0.000136799,0.000106309,9.95434e-05,0.000100957,0.000292527,8.96693e-06,0.000252452,-0.000262234,0.000260602,0,0.491084,-0.000536318,-0.000207368,0.000191584,0.000594471,1787137800
1787138100,-0.000114411,-4.16025e-05,4.16008e-05,-0.000114411,0.000282656,0.50177,4.24648e-05,4.36739e-05,0.207967,-0.000542873,-0.000399824,-0.000215175,-7.65504e-05,2.07573e-06,5.8442e-05,0.00019533,0.000434641,0.000594947,4.21908e-05,3.83672e-05,4.4383e-05,4.82611e-05,6.39012e-05,4.54784e-05,4.69411e-05,3.78869e-05,0.000270265,2.21416e-06,0.000256834,-0.000252842,0.000224578,0,0.497649,-0.000534073,-0.00019989,0.000184369,0.000557057,1787138100
1787138160,-0.00130625,-4.16073e-05,-4.16073e-05,-0.00130625,0.000280282,0.51908,0.000567679,0.000573076,0.148009,-0.000437252,-0.000316263,-0.000158118,-5.48765e-05,1.26748e-05,5.45922e-05,0.000165883,0.000361907,0.000504804,0.000555085,0.000569435,0.000547044,0.000561967,0.00057443,0.000558699,0.000560619,0.00057799,0.000211478,0,0.000152268,-0.000194881,0.000132282,0,0.497182,-0.000441009,-0.000152353,0.000149101,0.000467528,1787138100
1787138220,-0.000583421,1.04151e-05,0.000275965,-0.000604264,0.000333336,0.530572,0.000175405,0.000179798,0.0868802,-0.000721566,-0.000503522,-0.000253614,-6.90346e-05,2.98122e-05,0.000110344,0.000291089,0.000561388,0.000739494,0.000192997,0.000184769,0.00016607,0.000175037,0.000170193,0.000165996,0.000187098,0.000182113,0.000357969,0,0.00026521,0.000324472,0,0.000231807,0.517577,-0.000679215,-0.000224685,0.000261616,0.000660927,1787138100
1787138280,-0.000140697,-2.08428e-05,0.000390722,-0.000198024,0.000340145,0.523576,6.04675e-05,6.11629e-05,0.0950316,-0.000753843,-0.000540881,-0.000270205,-7.82036e-05,2.37051e-05,0.00010809,0.000289641,0.000592335,0.000805564,4.66923e-05,4.83477e-05,6.11093e-05,5.49006e-05,6.26021e-05,6.88544e-05,6.17009e-05,6.18681e-05,0.000366389,0,0.000257732,0.000335068,0,0.000246647,0.515444,-0.00069576,-0.000228795,0.000278764,0.000699458,1787138100
1787138340,0.00094802,7.29566e-05,0.00104173,7.29566e-05,0.000337313,0.516407,0.000345281,0.000340791,0.0926859,-0.000677885,-0.000488058,-0.000238569,-7.09853e-05,1.36678e-05,8.55201e-05,0.000247982,0.000515832,0.000696132,0.000369028,0.000364425,0.000315046,0.000341985,0.000319377,0.000305631,0.000336005,0.000363254,0.000317551,0,0.000231222,0.000318181,0,0.000243656,0.50905,-0.000672273,-0.000229122,0.000255386,0.000654187,1787138100
1787138400,-0.000197864,5.20642e-06,5.20642e-06,-0.000203072,0.000359833,0.510226,6.75586e-05,6.83183e-05,0.0607941,-0.000727908,-0.000529678,-0.000277734,-9.18941e-05,1.03038e-05,9.19131e-05,0.000293407,0.000584958,0.000812868,5.73961e-05,5.9644e-05,7.3118e-05,6.32078e-05,7.9486e-05,7.91226e-05,7.13182e-05,6.37215e-05,0.000372375,0,0.000317064,-0.000372515,0.000333256,0,0.499005,-0.000748824,-0.00028289,0.000283367,0.000778373,1787138400
1787138460,0.000130178,0,0.000130178,-0.000213529,0.000357314,0.501199,5.13259e-05,5.11195e-05,0.0609521,-0.000639186,-0.000476556,-0.000235664,-7.99981e-05,1.55599e-06,6.87699e-05,0.000226315,0.000471215,0.000652346,4.61477e-05,5.01922e-05,6.28609e-05,4.54304e-05,6.12394e-05,6.24773e-05,4.96132e-05,4.72457e-05,0.000301641,0,0.000193438,-0.000300103,0.000184963,0,0.494008,-0.000677403,-0.000243852,0.000221822,0.000658045,1787138400
1787138520,0.000395638,-5.2068e-06,0.000395638,-3.64482e-05,0.000354201,0.505285,0.000112588,0.000110841,0.0641152,-0.000584122,-0.000423705,-0.000215291,-7.01959e-05,3.87414e-06,7.63776e-05,0.000236359,0.000474927,0.000650729,0.000114636,0.000114861,0.000116112,0.000114286,0.000105775,0.000115652,0.000111644,0.000113332,0.000295373,0,0.000225539,-0.000289205,0.000218768,0,0.499976,-0.000610789,-0.000213795,0.000232497,0.000648215,1787138400
1787138580,1.04094e-05,3.12279e-05,0.000109293,-1.56143e-05,0.000355077,0.503312,3.78994e-05,3.73825e-05,0.0536771,-0.00060088,-0.000452814,-0.000228243,-7.44537e-05,2.63266e-06,7.55632e-05,0.000238001,0.000476729,0.000659766,3.07963e-05,3.60002e-05,4.90479e-05,3.28394e-05,5.42598e-05,4.33872e-05,4.1271e-05,3.40101e-05,0.000304077,0,0.000229687,0.000304694,0,0.000216867,0.502407,-0.000639013,-0.000232378,0.000240093,0.000670396,1787138400
1787138640,0.000124904,-5.20469e-06,0.000130108,-0.000119715,0.000351512,0.509349,4.61218e-05,4.51727e-05,0.0691515,-0.000545879,-0.000393179,-0.000198667,-6.34594e-05,6.47945e-06,6.1646e-05,0.000193369,0.000404139,0.000580126,4.51868e-05,4.84876e-05,5.71814e-05,4.23171e-05,5.57558e-05,4.51868e-05,4.66072e-05,4.41076e-05,0.000255576,0,0.000175133,-0.000256438,0.000158014,0,0.489378,-0.000568946,-0.000206691,0.000188347,0.000586858,1787138400
1787138700,-8.32678e-05,-0.000140519,-7.2859e-05,-0.000213388,0.000348427,0.519386,3.73322e-05,3.85517e-05,0.09703,-0.000494892,-0.000352032,-0.000164582,-5.535e-05,1.29752e-05,7.00503e-05,0.000202203,0.000408258,0.000565922,3.70494e-05,3.92872e-05,4.75115e-05,3.41259e-05,5.67428e-05,3.46291e-05,4.00757e-05,3.47673e-05,0.000242641,0,0.00016709,0.00024536,0,0.000159464,0.502273,-0.000527887,-0.000181874,0.000196673,0.000565532,1787138700
1787138760,3.64305e-05,-5.20447e-06,3.64305e-05,-5.20447e-06,0.000345126,0.517782,3.10564e-05,3.02242e-05,0.148095,-0.000474436,-0.00033912,-0.000160516,-5.41507e-05,1.14134e-05,6.71389e-05,0.000191184,0.000384171,0.000540356,3.21586e-05,3.5912e-05,4.37152e-05,2.70397e-05,4.61981e-05,2.41636e-05,3.1583e-05,2.96779e-05,0.000232199,0,0.000142423,0.0002222,0,0.000132253,0.50534,-0.000482818,-0.000158922,0.000177141,0.000504876,1787138700
1787138820,-5.2044e-05,0,4.68373e-05,-0.000104091,0.000341696,0.540082,2.9942e-05,3.08569e-05,0.250502,-0.000436145,-0.000301199,-0.000120389,-2.82064e-05,1.7954e-05,6.05635e-05,0.000166502,0.000348754,0.000496851,3.30229e-05,3.54925e-05,4.16207e-05,2.39291e-05,4.63635e-05,2.16666e-05,3.1065e-05,3.06594e-05,0.000194305,0,8.2821e-05,0.000195002,0,8.7581e-05,0.510742,-0.000431564,-0.000134539,0.000149922,0.000432437,1787138700
1787138880,-0.000468518,5.20452e-06,5.20452e-06,-0.000551833,0.000338342,0.523317,0.000155908,0.000161806,0.397489,-0.000425941,-0.000281712,-0.000126316,-4.1419e-05,1.21825e-05,5.39328e-05,0.000163755,0.000329536,0.000482834,0.000142153,0.000137951,0.000133436,0.000159752,0.000144486,0.000189203,0.000155199,0.000160956,0.000192728,0,0.00011696,-0.000185395,0.000115978,0,0.495109,-0.000398853,-0.000132266,0.000134322,0.000410342,1787138700
1787138940,-2.60352e-05,-4.16567e-05,-2.08281e-05,-4.68639e-05,0.000341432,0.511814,3.17613e-05,3.19016e-05,0.187771,-0.000505455,-0.00034169,-0.000166601,-6.10323e-05,7.99362e-06,6.65995e-05,0.00019516,0.000412991,0.000557335,3.16071e-05,3.39567e-05,3.91094e-05,3.08044e-05,4.58978e-05,2.9687e-05,3.53416e-05,2.87806e-05,0.000237989,0,0.000189444,0.000250154,0,0.000183475,0.506223,-0.000538949,-0.000184315,0.000202614,0.000542486,1787138700
1787139000,0.00028635,5.2071e-06,0.00028635,-1.56215e-05,0.000338021,0.517361,8.09431e-05,7.96849e-05,0.29144,-0.000456475,-0.000315353,-0.000138345,-3.95183e-05,8.0178e-06,5.39822e-05,0.000169389,0.000353017,0.0004935,8.41933e-05,8.41185e-05,8.40889e-05,8.24267e-05,8.07689e-05,8.20142e-05,7.86025e-05,7.94437e-05,0.000204278,0,0.000139958,0.000199641,0,0.000112655,0.511385,-0.000443218,-0.0001404,0.000154003,0.000416074,1787139000
1787139060,0.000317493,0,0.00045799,0,0.000337065,0.517535,8.86831e-05,8.68967e-05,0.281743,-0.000465119,-0.000329174,-0.000144997,-4.82274e-05,9.96815e-06,6.41071e-05,0.000191137,0.000373857,0.000520822,9.28364e-05,9.26206e-05,9.25785e-05,9.12879e-05,8.59616e-05,8.99142e-05,8.62639e-05,8.66158e-05,0.000223995,0,0.000143077,0.000250427,0,0.000154559,0.512986,-0.000533342,-0.00018553,0.000204501,0.000549668,1787139000
1787139120,5.20396e-06,5.20396e-06,5.20396e-06,-0.000166541,0.000336685,0.502127,3.12495e-05,3.0318e-05,0.193109,-0.000500614,-0.000344309,-0.000181649,-7.08e-05,2.15851e-06,5.92102e-05,0.000189845,0.000395458,0.00054909,3.04553e-05,3.27427e-05,3.5639e-05,3.12316e-05,4.17595e-05,2.80205e-05,3.11142e-05,3.07501e-05,0.000242053,0,0.000169721,-0.000258847,0.000196306,0,0.498375,-0.000543511,-0.0002052,0.000195066,0.000564686,1787139000
1787139180,0.000135293,3.64269e-05,0.0001457,3.64269e-05,0.000333302,0.523189,4.27158e-05,4.16011e-05,0.200882,-0.000449234,-0.000312475,-0.000138021,-4.36288e-05,1.27686e-05,5.70211e-05,0.000179544,0.000361442,0.000507409,4.68963e-05,4.78918e-05,4.90956e-05,4.38945e-05,4.59229e-05,4.13451e-05,4.13675e-05,4.05043e-05,0.000211137,0,0.000130509,0.000235891,0,0.000149382,0.501085,-0.000508962,-0.000175201,0.000187412,0.000549196,1787139000
1787139240,0.000234118,-6.24408e-05,0.000244522,-0.000135293,0.000330506,0.527714,6.74928e-05,6.49479e-05,0.204415,-0.000427293,-0.000293953,-0.000126024,-4.31637e-05,1.60422e-05,5.17528e-05,0.000158601,0.00033806,0.000478422,6.96078e-05,6.92081e-05,6.88833e-05,6.76549e-05,5.95735e-05,6.74454e-05,6.64637e-05,6.74411e-05,0.000189713,0,8.63495e-05,0.000210369,0,0.000106685,0.503908,-0.000457921,-0.000158577,0.000160625,0.000479004,1787139000
1787139300,-6.76286e-05,0,0,-0.000228915,0.000328855,0.514547,3.21424e-05,3.35674e-05,0.143826,-0.000456714,-0.00033779,-0.000156637,-5.60511e-05,9.31784e-06,6.13125e-05,0.000187213,0.000369571,0.000511528,3.44081e-05,3.44833e-05,3.45691e-05,3.25666e-05,4.15534e-05,3.15073e-05,3.41336e-05,3.07889e-05,0.000227079,0,0.000150209,0.000247845,0,0.000161149,0.505083,-0.000520693,-0.000189186,0.000195695,0.000561154,1787139300
1787139360,-0.000478733,-5.20239e-06,0,-0.000520373,0.00032569,0.522342,0.000155238,0.000161527,0.125024,-0.000444149,-0.000301308,-0.000143314,-4.83332e-05,1.35309e-05,5.73595e-05,0.000169058,0.000332924,0.00047575,0.000145871,0.000144734,0.000145487,0.000150778,0.000163331,0.000159567,0.00016058,0.000159506,0.000205915,0,0.00013404,-0.000217797,0.000145387,0,0.499814,-0.000468536,-0.000163361,0.000170381,0.000503154,1787139300
1787139420,0.000582775,0.0001145,0.000738818,0.0001145,0.000329449,0.515725,0.000201192,0.000195979,0.0817153,-0.000474243,-0.000317923,-0.00015454,-5.39775e-05,9.82597e-06,5.47583e-05,0.000179178,0.000365753,0.000497974,0.000186987,0.000188104,0.000186216,0.000197033,0.000173606,0.00020059,0.000194228,0.000213023,0.000219085,0,0.000168261,0.000246436,0,0.00017024,0.50461,-0.000530411,-0.000185039,0.000195427,0.000539068,1787139300
1787139480,-0.000515114,5.2017e-05,9.88299e-05,-0.000515114,0.00033639,0.513244,0.000156518,0.000161841,0.0503235,-0.000564111,-0.000386644,-0.00019414,-6.82285e-05,1.02105e-05,6.64005e-05,0.000216775,0.000442996,0.000596528,0.000159826,0.000156939,0.00015264,0.000157783,0.000161437,0.000153273,0.000154639,0.000157892,0.000268903,0,0.000228626,0.000279631,0,0.00019714,0.50223,-0.000572878,-0.000214385,0.00021918,0.000608189,1787139300
1787139540,-3.64322e-05,0,8.84728e-05,-5.72513e-05,0.000340884,0.511202,3.55806e-05,3.60616e-05,0.0429689,-0.000609551,-0.000414721,-0.000203811,-7.49375e-05,9.28129e-06,6.00535e-05,0.00020617,0.00043647,0.000592195,3.22565e-05,3.42302e-05,3.8175e-05,3.31621e-05,4.6421e-05,4.58741e-05,3.70927e-05,3.20849e-05,0.000266766,0,0.000211805,0.000288492,0,0.000213468,0.504803,-0.000617723,-0.000222773,0.000221319,0.000613113,1787139300
1787139600,-6.76634e-05,-1.04095e-05,-1.04095e-05,-0.000119715,0.000337497,0.513817,3.32321e-05,3.41883e-05,0.0491904,-0.000505592,-0.000351195,-0.00016132,-5.032e-05,7.85125e-06,6.03696e-05,0.000178852,0.000371039,0.000515446,3.4537e-05,3.54552e-05,3.81036e-05,3.08452e-05,4.65778e-05,3.63818e-05,3.11466e-05,3.1696e-05,0.00022375,0,0.000160416,0.00024174,0,0.000151813,0.500892,-0.000532524,-0.000184334,0.000188032,0.000539228,1787139600
1787139660,7.28681e-05,0,7.28681e-05,-0.000109312,0.000334242,0.523961,3.19079e-05,3.12134e-05,0.059098,-0.000474666,-0.000325801,-0.000141138,-4.09097e-05,1.247e-05,5.4202e-05,0.000170015,0.000356128,0.000485931,3.65552e-05,3.74249e-05,3.85469e-05,3.17767e-05,4.32242e-05,3.11323e-05,3.04383e-05,2.93596e-05,0.000206551,0,0.000137978,0.000233107,0,0.000133431,0.507882,-0.000519752,-0.000172315,0.000187453,0.000517694,1787139600
1787139720,-0.000260268,-5.20469e-06,0,-0.000260268,0.000331044,0.522023,7.5719e-05,7.8371e-05,0.0719383,-0.000456948,-0.000318212,-0.000139762,-3.99872e-05,1.09198e-05,5.67791e-05,0.000168862,0.000345972,0.000476618,7.46957e-05,7.46572e-05,7.51324e-05,7.42849e-05,7.90666e-05,7.60137e-05,7.6387e-05,7.6101e-05,0.000204926,0,0.000148211,0.000234566,0,0.000142369,0.509169,-0.000502324,-0.000170371,0.00019013,0.000518547,1787139600
1787139780,-0.000124952,-2.08243e-05,-1.56182e-05,-0.000177021,0.000329777,0.511324,4.0816e-05,4.13803e-05,0.077614,-0.000466405,-0.000320659,-0.000147044,-5.11718e-05,6.39955e-06,5.03472e-05,0.000169131,0.000341302,0.000475968,4.4083e-05,4.3949e-05,4.39811e-05,3.82493e-05,5.00808e-05,4.14978e-05,4.19531e-05,3.89878e-05,0.000208206,0,0.000145047,0.000234711,0,0.000156393,0.503063,-0.000524792,-0.000181151,0.00018326,0.000517238,1787139600
1787139840,3.12396e-05,5.20667e-06,3.64461e-05,-5.20669e-06,0.00032694,0.522306,2.60944e-05,2.53751e-05,0.0988303,-0.000437821,-0.000301761,-0.000124255,-4.41329e-05,1.2295e-05,5.56271e-05,0.000162756,0.000324812,0.000453967,3.19652e-05,3.26055e-05,3.17642e-05,2.26682e-05,3.74198e-05,2.78003e-05,2.32158e-05,2.41534e-05,0.000192745,0,0.000116836,0.000203909,0,0.000130611,0.50225,-0.000455142,-0.000148931,0.000162705,0.00046501,1787139600
1787139900,0.000327957,0,0.000327957,0,0.000323685,0.524818,9.60302e-05,9.33508e-05,0.126796,-0.000438141,-0.000296454,-0.000118303,-3.59353e-05,1.14349e-05,4.62769e-05,0.000147025,0.000312193,0.000430643,9.57989e-05,9.51559e-05,9.4532e-05,0.000101971,9.30203e-05,9.75702e-05,0.000100485,9.62759e-05,0.000177645,0,0.000121224,0.000189395,0,0.000117787,0.50742,-0.000422353,-0.000138738,0.000143219,0.00040475,1787139900
1787139960,-3.12293e-05,-5.20482e-06,0,-0.000150951,0.000323771,0.526597,2.63522e-05,2.64709e-05,0.0909255,-0.000430726,-0.000288263,-0.000119623,-3.97015e-05,1.39164e-05,5.57787e-05,0.000166321,0.000330368,0.000451757,3.19623e-05,3.14756e-05,3.00783e-05,2.23897e-05,3.68391e-05,2.91022e-05,2.52226e-05,2.44353e-05,0.00019218,0,0.000114116,0.000225915,0,0.000145084,0.505305,-0.000481351,-0.000172156,0.000176747,0.000492329,1787139900
1787140020,-0.00010931,-5.20499e-06,2.08197e-05,-0.000124927,0.000320547,0.522812,3.68001e-05,3.73023e-05,0.115059,-0.000416163,-0.00028793,-0.000125886,-4.02705e-05,1.15227e-05,4.7161e-05,0.000148937,0.00031209,0.000435505,4.14706e-05,4.03362e-05,3.86121e-05,3.32567e-05,4.387e-05,3.70117e-05,3.61603e-05,3.62897e-05,0.000182058,0,0.000121307,0.000204651,0,0.000138115,0.500556,-0.000450847,-0.000152194,0.000159303,0.00046528,1787139900
1787140080,3.12328e-05,-5.20555e-06,3.12328e-05,-0.000119735,0.000317702,0.511227,2.44956e-05,2.3539e-05,0.141894,-0.000400671,-0.000269829,-0.000119108,-4.5698e-05,5.74527e-06,4.30632e-05,0.000143392,0.000299567,0.000420091,3.1945e-05,3.12815e-05,2.81993e-05,2.04264e-05,3.23139e-05,2.46864e-05,2.1902e-05,2.36072e-05,0.000173793,0,0.000109277,-0.000199464,0.000119516,0,0.496175,-0.000451564,-0.000154439,0.000151265,0.000458549,1787139900
1787140140,1.04107e-05,0,1.04107e-05,-8.84953e-05,0.00031454,0.517425,2.1856e-05,2.06572e-05,0.180987,-0.000382367,-0.000251411,-9.96448e-05,-3.51487e-05,7.15153e-06,4.07094e-05,0.000141935,0.000293875,0.00039801,3.07284e-05,2.96521e-05,2.57761e-05,1.95589e-05,2.93845e-05,1.84762e-05,1.91549e-05,2.11724e-05,0.000162518,0,9.51746e-05,0.00019683,0,0.000130467,0.505377,-0.000430796,-0.000139266,0.000160226,0.000450636,1787139900
1787140200,4.68468e-05,5.20531e-06,0.00018217,5.20531e-06,0.000311382,0.537745,2.23683e-05,2.16245e-05,0.217939,-0.000367808,-0.000232692,-9.45406e-05,-2.34207e-05,1.34445e-05,3.6536e-05,0.000130119,0.000271735,0.000372556,3.27526e-05,3.12314e-05,2.67774e-05,2.16387e-05,2.97478e-05,1.78956e-05,2.05502e-05,2.1121e-05,0.000150476,0,0.000105691,0.000185263,0,0.000119276,0.505077,-0.000409987,-0.000129867,0.00014907,0.000426953,1787140200
1787140260,0.000176957,5.20507e-06,0.000187365,0,0.000308323,0.525424,5.11631e-05,4.95119e-05,0.16889,-0.000350433,-0.000232995,-0.000105389,-3.19594e-05,1.04747e-05,3.89613e-05,0.00012456,0.000267576,0.000370776,5.38269e-05,5.29053e-05,5.18822e-05,5.14144e-05,4.9748e-05,5.54631e-05,5.4146e-05,4.96786e-05,0.000151922,0,0.000125566,-0.000168215,0.000110237,0,0.49092,-0.000372748,-0.000128865,0.000117343,0.000372086,1787140200
1787140320,-1.56126e-05,0,3.12245e-05,-1.56126e-05,0.000306249,0.533304,2.14993e-05,2.13155e-05,0.129991,-0.000360994,-0.000240527,-0.000106299,-2.98602e-05,1.42985e-05,3.92307e-05,0.000134453,0.000278108,0.000382938,3.10174e-05,2.82066e-05,2.29122e-05,1.79252e-05,2.65935e-05,1.74312e-05,2.14503e-05,2.13904e-05,0.0001596,0,9.6482e-05,0.000182778,0,0.000114674,0.502866,-0.000403793,-0.000136983,0.000139816,0.000411804,1787140200
1787140380,-0.000307097,0,0,-0.000421632,0.000303179,0.527233,9.42634e-05,9.9313e-05,0.121755,-0.000334835,-0.000217361,-9.52356e-05,-2.93468e-05,1.05292e-05,3.42323e-05,0.000107318,0.000238261,0.000345631,8.79014e-05,8.73555e-05,9.03329e-05,0.000103257,9.12576e-05,0.000110422,9.13951e-05,9.48812e-05,0.000133633,0,9.53978e-05,-0.00015243,7.68125e-05,0,0.488282,-0.000352689,-0.000117823,9.83585e-05,0.000344787,1787140200
1787140440,0.000197802,-1.04117e-05,0.000249849,-9.89158e-05,0.000303258,0.521349,5.66764e-05,5.51163e-05,0.0850061,-0.000405988,-0.000276949,-0.000122924,-3.96844e-05,1.04424e-05,4.69176e-05,0.00014965,0.000311364,0.00042828,5.96264e-05,5.86399e-05,5.7656e-05,5.76348e-05,5.68821e-05,5.65904e-05,5.56735e-05,5.59406e-05,0.000180643,0,0.000155731,0.000211414,0,0.000165943,0.502754,-0.000467939,-0.000158768,0.000168984,0.000481523,1787140200
1787140500,-9.88963e-05,5.2048e-06,5.2048e-06,-0.000150951,0.00030151,0.521789,3.51001e-05,3.58371e-05,0.0719467,-0.000403849,-0.000277357,-0.000128565,-3.99431e-05,1.07915e-05,4.83696e-05,0.000160978,0.000317198,0.000427566,3.97227e-05,3.66578e-05,3.29676e-05,3.34986e-05,3.56767e-05,3.66898e-05,3.67816e-05,3.43144e-05,0.00019112,0,0.000151955,0.000211628,0,0.000154482,0.505503,-0.000455674,-0.000157175,0.000171363,0.000479912,1787140500
1787140560,0.000275844,5.20531e-06,0.000296659,0,0.000298807,0.519892,7.98021e-05,7.70763e-05,0.0659994,-0.000380524,-0.000259583,-0.000111011,-4.24418e-05,1.02422e-05,4.32177e-05,0.000136,0.000277069,0.00039414,8.12353e-05,8.02205e-05,7.93165e-05,8.17833e-05,7.77261e-05,7.86899e-05,8.04049e-05,8.33705e-05,0.000164311,0,0.000121611,0.000194608,0,0.000135453,0.500023,-0.000444319,-0.00014938,0.000152204,0.000451937,1787140500
1787140620,-0.000104083,-5.72444e-05,-1.56118e-05,-0.000109288,0.000298366,0.523547,3.55825e-05,3.6282e-05,0.0581143,-0.000386153,-0.000265113,-0.000122762,-3.89001e-05,1.16133e-05,4.99529e-05,0.000158648,0.000307407,0.000421072,4.05317e-05,3.72024e-05,3.37134e-05,3.2838e-05,3.72037e-05,3.77269e-05,3.62818e-05,3.52128e-05,0.000186043,0,0.000139261,0.000212391,0,0.000147902,0.503769,-0.000462815,-0.000162811,0.000167204,0.000482452,1787140500
1787140680,0.000114491,0,0.000114491,-1.04089e-05,0.000295733,0.512446,3.61407e-05,3.52174e-05,0.0505224,-0.000370636,-0.000248758,-0.00011773,-4.67222e-05,6.47332e-06,3.68154e-05,0.000128022,0.000273774,0.000392684,4.34166e-05,4.0158e-05,3.59795e-05,3.4038e-05,3.61369e-05,3.86104e-05,3.7897e-05,3.6293e-05,0.000160938,0,0.00010915,-0.000179459,9.70305e-05,0,0.492098,-0.000415959,-0.000143808,0.000128593,0.000409258,1787140500
1787140740,-6.2448e-05,-5.20397e-05,4.68334e-05,-6.2448e-05,0.000293209,0.53125,2.7202e-05,2.77787e-05,0.0463887,-0.000374466,-0.000246648,-0.000104846,-3.0578e-05,1.33663e-05,4.08364e-05,0.000135183,0.000279861,0.000405678,3.36238e-05,2.97534e-05,2.57005e-05,2.31811e-05,2.92708e-05,2.92399e-05,2.68812e-05,2.73035e-05,0.000159981,0,8.90684e-05,0.0001816,0,0.000106684,0.504498,-0.000406277,-0.000135301,0.000142249,0.000420826,1787140500
1787140800,2.08164e-05,0,0.000535885,0,0.000290396,0.514373,2.39417e-05,2.26027e-05,0.0428177,-0.000402056,-0.000268596,-0.000122922,-4.28755e-05,7.00221e-06,4.23328e-05,0.000134228,0.000296378,0.000430917,3.13109e-05,2.70057e-05,2.10246e-05,2.50894e-05,2.37223e-05,2.20184e-05,2.83658e-05,2.20303e-05,0.000168811,4.66708e-05,0.000238199,-0.000198757,0.000191906,2.64184e-05,0.488879,-0.000456799,-0.00016417,0.000140657,0.000452512,1787140800
1787140860,-5.20419e-05,1.0408e-05,8.8465e-05,-0.000171748,0.000287492,0.520282,2.73264e-05,2.76554e-05,0.0407601,-0.000411854,-0.000268201,-0.000112774,-4.20554e-05,1.04074e-05,4.58844e-05,0.00015551,0.000337609,0.000485334,3.29976e-05,2.77711e-05,2.26963e-05,2.98145e-05,2.61019e-05,2.09309e-05,2.7744e-05,2.963e-05,0.000179185,0,0.000185119,-0.00020476,0.000174284,0,0.492319,-0.000447447,-0.00016241,0.000152932,0.000469253,1787140800
1787140920,0.000333021,5.20431e-06,0.000463077,5.20431e-06,0.000284698,0.52315,9.93324e-05,9.68998e-05,0.0396561,-0.000360604,-0.000243503,-9.90457e-05,-3.62453e-05,1.05756e-05,4.2563e-05,0.00013621,0.000291638,0.000406846,9.70697e-05,9.67726e-05,0.000106436,9.864e-05,9.99408e-05,0.000123544,9.63117e-05,9.61645e-05,0.000158071,0,0.000164446,0.000173973,0,0.000139975,0.500014,-0.000394402,-0.000129728,0.000137032,0.000416633,1787140800
1787140980,-0.00015609,0.000124854,0.000130056,-0.000192514,0.000285745,0.516608,4.52739e-05,4.82235e-05,0.0423553,-0.000408456,-0.000288742,-0.00012943,-4.95592e-05,9.64222e-06,4.79739e-05,0.000159785,0.000341458,0.0004639,4.91522e-05,4.52677e-05,4.52621e-05,4.55555e-05,4.81763e-05,4.6367e-05,4.73141e-05,4.49893e-05,0.000191446,5.68449e-06,0.000191767,-0.000207477,0.000171304,0,0.499092,-0.000450323,-0.000161879,0.000159911,0.000480364,1787140800
1787141040,-0.000208158,0,0,-0.000254999,0.000283733,0.512736,5.94596e-05,6.19407e-05,0.0404172,-0.000393825,-0.000267033,-0.000119177,-4.89626e-05,6.9803e-06,4.08691e-05,0.000146041,0.000316644,0.000428499,6.0599e-05,5.96639e-05,5.96432e-05,5.96192e-05,6.13333e-05,5.95736e-05,6.08439e-05,5.86351e-05,0.000175337,0,0.000159941,-0.000194355,0.000134628,0,0.494998,-0.000442681,-0.000153742,0.000146501,0.000451887,1787140800
1787141100,-0.000213407,0,2.60221e-05,-0.000218612,0.00028242,0.515057,6.25623e-05,6.45863e-05,0.0409929,-0.000384011,-0.000262034,-0.000113686,-4.10317e-05,7.0729e-06,4.62732e-05,0.000148922,0.000317024,0.00042523,6.19866e-05,6.11107e-05,6.11143e-05,6.1023e-05,6.12075e-05,6.09424e-05,6.4263e-05,6.35582e-05,0.000174866,0,0.000159721,-0.000190504,0.000129906,0,0.499788,-0.00043366,-0.00014348,0.000150014,0.000445263,1787141100
1787141160,0.000255042,-5.20561e-06,0.00038514,-4.68515e-05,0.000281205,0.518372,7.19472e-05,7.10193e-05,0.0427562,-0.00038325,-0.000256182,-0.000114384,-4.15145e-05,9.09053e-06,4.24414e-05,0.00014549,0.000299715,0.000414863,7.54214e-05,7.41399e-05,7.32403e-05,7.33724e-05,7.24526e-05,7.24985e-05,7.20739e-05,7.03211e-05,0.000172118,0,0.000145763,0.000193759,0,0.000144481,0.500008,-0.000444257,-0.000145788,0.000152368,0.000440887,1787141100
1787141220,0.000468274,1.04085e-05,0.000468274,1.04085e-05,0.000280706,0.513213,0.00015148,0.000147787,0.0413643,-0.000397087,-0.000279274,-0.00013082,-4.78658e-05,7.1167e-06,4.84777e-05,0.000158942,0.000328375,0.000451994,0.000141611,0.000152761,0.000165713,0.000148602,0.000161525,0.000149184,0.00014209,0.000155433,0.000191027,0,0.000189012,-0.000216916,0.000171436,0,0.498493,-0.000471635,-0.00016402,0.000168067,0.000483947,1787141100
1787141280,9.36286e-05,0,0.000135238,0,0.000285667,0.511902,3.56308e-05,3.49452e-05,0.0607251,-0.000430421,-0.000295004,-0.000132597,-5.14252e-05,6.79332e-06,5.34635e-05,0.00017654,0.000365312,0.000482629,3.99182e-05,3.58587e-05,3.49197e-05,3.32951e-05,3.14673e-05,3.75042e-05,3.67339e-05,3.54126e-05,0.000204874,0,0.000183184,-0.000225619,0.000168051,0,0.492103,-0.000490947,-0.000178287,0.000165851,0.000496713,1787141100
1787141340,-0.000442212,0,0,-0.000442212,0.000283106,0.515507,0.000142211,0.000147879,0.0527864,-0.000408474,-0.000286031,-0.000129082,-4.99279e-05,8.95536e-06,4.48069e-05,0.000147695,0.000321505,0.000434563,0.000131814,0.000140003,0.000145734,0.000159786,0.000155231,0.000137238,0.000138488,0.000139831,0.000182422,0,0.00014675,-0.000196412,0.000125203,0,0.49084,-0.00045338,-0.000159036,0.000139814,0.000454198,1787141100
1787141400,0.000104067,0,0.000109271,-5.20366e-06,0.000287153,0.512984,3.73096e-05,3.66396e-05,0.0725069,-0.000441848,-0.000304721,-0.000137779,-5.18461e-05,7.56464e-06,4.82424e-05,0.000165284,0.000342453,0.000461382,4.15886e-05,3.77954e-05,3.79496e-05,3.45258e-05,3.53455e-05,3.9456e-05,3.75334e-05,3.69989e-05,0.000200132,0,0.000176614,-0.000224819,0.000165181,0,0.496163,-0.000501261,-0.000171952,0.000170393,0.000504177,1787141400
1787141460,-0.000270598,5.20309e-06,5.20309e-06,-0.000379899,0.000284648,0.522009,7.81773e-05,8.06221e-05,0.0604892,-0.000403881,-0.000278947,-0.000122252,-4.24481e-05,1.16573e-05,4.9599e-05,0.000155683,0.000318029,0.000435619,7.79083e-05,7.70764e-05,7.74521e-05,8.16001e-05,7.87489e-05,7.73513e-05,8.21809e-05,7.78089e-05,0.000184843,0,0.000121585,0.00019829,0,0.000116283,0.506182,-0.00044929,-0.000144081,0.000158763,0.00045666,1787141400
1787141520,-0.000150942,5.2045e-06,3.64309e-05,-0.000364382,0.000284373,0.520883,4.54165e-05,4.71632e-05,0.0621605,-0.00042853,-0.000301126,-0.000137525,-4.74099e-05,1.22137e-05,5.52767e-05,0.000166674,0.000341778,0.000462004,4.82526e-05,4.39366e-05,4.41959e-05,4.36203e-05,4.46157e-05,4.59797e-05,4.85493e-05,4.56147e-05,0.000201326,0,0.000172054,0.00022567,0,0.000181399,0.501064,-0.000500559,-0.0001676,0.000176151,0.000500775,1787141400
1787141580,0.000562014,4.16415e-05,0.000562014,4.16415e-05,0.000282323,0.514954,0.000195446,0.000191631,0.0572615,-0.00042738,-0.000297924,-0.000136943,-5.18849e-05,8.92472e-06,5.07e-05,0.000164474,0.000347518,0.00046266,0.000177874,0.000198267,0.000200644,0.000198031,0.000204087,0.000196699,0.000183237,0.00019853,0.000198996,0,0.00017563,0.000211585,0,0.000170865,0.500762,-0.000466915,-0.000152996,0.000169088,0.000472309,1787141400
1787141640,0.000234079,-5.20239e-06,0.000234079,-5.20239e-06,0.000290568,0.518811,6.57475e-05,6.41719e-05,0.0858013,-0.000459288,-0.000314419,-0.000146143,-5.41974e-05,1.22878e-05,6.34929e-05,0.00018691,0.000383544,0.000515912,6.95345e-05,6.85289e-05,6.84749e-05,6.78054e-05,6.28083e-05,6.78635e-05,6.53268e-05,6.33807e-05,0.00022056,0,0.000184503,-0.000240347,0.000180007,0,0.495575,-0.000515259,-0.000184666,0.000180721,0.000519742,1787141400
1787141700,-0.000650356,0,0,-0.000691993,0.000289546,0.510339,0.00023498,0.000240111,0.0765309,-0.000464801,-0.000336363,-0.000156222,-5.66921e-05,6.40374e-06,5.7357e-05,0.000174752,0.000354244,0.000492276,0.000226834,0.0002405,0.000233868,0.000253222,0.000251126,0.000230922,0.00023027,0.000231411,0.000217673,0,0.000182598,-0.000231792,0.000163863,0,0.494415,-0.000513115,-0.00018858,0.000162838,0.000502109,1787141700
1787141760,0.00025499,0,0.000270599,-0.000150943,0.000301031,0.509431,7.46892e-05,7.29934e-05,0.168548,-0.000570057,-0.000386383,-0.000180136,-6.85802e-05,7.01631e-06,6.44114e-05,0.000198719,0.000418416,0.000584227,7.5357e-05,7.45125e-05,7.47777e-05,7.39708e-05,7.17832e-05,7.65482e-05,6.8523e-05,7.67431e-05,0.000248807,0,0.000214245,-0.000261921,0.000214465,0,0.499701,-0.000575221,-0.000196509,0.000197175,0.000568708,1787141700
1787141820,-0.000130089,0,0,-0.000197742,0.000300179,0.514344,4.54161e-05,4.61699e-05,0.134917,-0.000516213,-0.000364307,-0.000171673,-6.03726e-05,9.90891e-06,6.58581e-05,0.000205937,0.000410363,0.000552833,4.4821e-05,4.21911e-05,4.59674e-05,4.16674e-05,4.53311e-05,5.09174e-05,4.86721e-05,4.42516e-05,0.000248965,0,0.000190407,0.000252596,0,0.000177237,0.508187,-0.000537948,-0.000181981,0.000203785,0.000570481,1787141700
1787141880,0.000171714,-5.72444e-05,0.000234148,-6.24486e-05,0.000297731,0.517952,5.01529e-05,4.8728e-05,0.0987517,-0.000462397,-0.000329528,-0.000146101,-5.7808e-05,1.23874e-05,5.6002e-05,0.000175741,0.00036387,0.000494663,5.28841e-05,5.13131e-05,5.34561e-05,5.02974e-05,4.95253e-05,5.24028e-05,4.82083e-05,5.05249e-05,0.000213245,0,0.00014739,0.000225483,0,0.000149463,0.504365,-0.000507871,-0.000171242,0.000175335,0.000512038,1787141700
1787141940,-2.60153e-05,-5.20301e-06,0.000228906,-2.60153e-05,0.000295737,0.516249,2.9251e-05,2.96848e-05,0.0736048,-0.000457699,-0.000327847,-0.000157089,-5.88317e-05,1.11852e-05,6.09671e-05,0.000180838,0.000360574,0.000488689,3.16367e-05,2.80285e-05,3.11352e-05,2.46826e-05,3.07764e-05,3.00694e-05,3.1671e-05,2.90016e-05,0.000222356,0,0.000157977,0.000230164,0,0.000149306,0.508202,-0.000504088,-0.000173955,0.000179271,0.000521067,1787141700
1787142000,3.64212e-05,5.20312e-06,6.76384e-05,-0.000322646,0.000292788,0.514005,2.8543e-05,2.77622e-05,0.062699,-0.000463533,-0.000321894,-0.000149389,-5.70417e-05,9.09932e-06,5.28235e-05,0.000165372,0.000342037,0.000479859,3.22145e-05,2.87795e-05,3.08788e-05,2.69721e-05,2.98067e-05,2.58587e-05,3.01749e-05,2.81735e-05,0.00020678,0,0.000168619,-0.000222116,0.000156271,0,0.493447,-0.000498689,-0.000177393,0.000160855,0.000497011,1787142000
1787142060,0.000145672,5.20293e-06,0.000260113,5.20293e-06,0.000289891,0.522328,4.39843e-05,4.31082e-05,0.0564739,-0.000449428,-0.000308549,-0.000137636,-4.8223e-05,1.35295e-05,5.76249e-05,0.00017339,0.000357307,0.000494059,4.85342e-05,4.51681e-05,4.59641e-05,4.61126e-05,4.33154e-05,4.39403e-05,4.58649e-05,4.29373e-05,0.000206638,0,0.000181501,0.000208261,0,0.000161636,0.501489,-0.000455564,-0.000152343,0.000167002,0.000494165,1787142000
1787142120,-6.76307e-05,1.56064e-05,1.56064e-05,-0.000213312,0.000287716,0.5205,3.05769e-05,3.13314e-05,0.0566016,-0.00042844,-0.000306406,-0.00014196,-5.12756e-05,1.29252e-05,5.2558e-05,0.000160142,0.000332448,0.000459664,3.4377e-05,3.05055e-05,3.08892e-05,2.91017e-05,3.32828e-05,2.74617e-05,3.33136e-05,3.02914e-05,0.000198837,0,0.000158649,-0.000185262,0.000132489,0,0.496967,-0.000417042,-0.000143834,0.000136977,0.000426293,1787142000
1787142180,3.64171e-05,-7.28381e-05,0.000322505,-7.28381e-05,0.000284985,0.52209,2.64762e-05,2.54439e-05,0.0601185,-0.000424934,-0.000299127,-0.000126669,-4.46918e-05,1.23482e-05,5.24279e-05,0.00015902,0.000327089,0.000456447,3.20993e-05,2.76907e-05,2.73496e-05,2.62288e-05,2.84087e-05,1.92317e-05,2.89854e-05,2.67371e-05,0.000190661,0,0.000158799,-0.000178468,0.000120152,0,0.498167,-0.000405108,-0.000132064,0.00013773,0.000420951,1787142000
1787142240,-0.000270559,-5.20236e-06,-5.20236e-06,-0.000306985,0.000282168,0.520958,7.73323e-05,7.98781e-05,0.0698583,-0.000415028,-0.00028293,-0.000133258,-4.73778e-05,1.22628e-05,5.32709e-05,0.000155811,0.00032852,0.000451749,7.79078e-05,7.7114e-05,7.74565e-05,7.72993e-05,7.89878e-05,9.08679e-05,7.70618e-05,7.73604e-05,0.000190634,0,0.000173832,-0.000174928,0.00013225,0,0.492206,-0.000389276,-0.000135605,0.000126725,0.000395089,1787142000
1787142300,-0.000145716,-5.20377e-06,3.64256e-05,-0.000145716,0.00028194,0.518213,4.38666e-05,4.51788e-05,0.0599223,-0.000431275,-0.00029528,-0.000136584,-4.98765e-05,1.08558e-05,5.24585e-05,0.000161841,0.000335744,0.000462934,4.73846e-05,4.2951e-05,4.27508e-05,4.23276e-05,4.47225e-05,4.42529e-05,4.78173e-05,4.29163e-05,0.000196996,0,0.000159682,0.000189927,0,0.000133634,0.501428,-0.000429836,-0.000142312,0.000147861,0.000432854,1787142300
1787142360,0.00016653,5.2045e-06,0.00016653,5.2045e-06,0.000279866,0.51675,4.88331e-05,4.76763e-05,0.067217,-0.000390894,-0.000270149,-0.000128468,-5.03346e-05,9.90226e-06,4.58775e-05,0.000140831,0.000308574,0.000423868,5.19932e-05,4.95951e-05,4.91382e-05,4.88248e-05,4.69697e-05,4.81123e-05,4.6774e-05,4.94959e-05,0.000176631,0,0.000129689,-0.000174322,0.000101835,0,0.498884,-0.000393494,-0.000129651,0.000133208,0.000388295,1787142300
1787142420,0.000145691,5.20363e-06,0.000145691,0,0.000278053,0.52393,4.10541e-05,4.03157e-05,0.0668723,-0.000388927,-0.000260244,-0.000117727,-4.2958e-05,1.31637e-05,5.05036e-05,0.000153438,0.000300301,0.000414258,4.8513e-05,4.39205e-05,4.32304e-05,4.27793e-05,4.28307e-05,4.4137e-05,3.89629e-05,3.99776e-05,0.000180001,0,0.00011356,0.0001801,0,0.000100505,0.511742,-0.000401849,-0.000130261,0.000143158,0.000401448,1787142300
1787142480,0.000124861,3.12168e-05,0.000228901,0,0.000276028,0.521458,3.78054e-05,3.67903e-05,0.0647628,-0.000380337,-0.000262324,-0.000121139,-4.56269e-05,1.21635e-05,4.93467e-05,0.000143916,0.000291627,0.00041167,4.49059e-05,4.02352e-05,3.86188e-05,3.69504e-05,3.87559e-05,4.04846e-05,3.54013e-05,3.7172e-05,0.000175213,0,0.000108108,0.000178067,0,9.88567e-05,0.507734,-0.000401065,-0.000133535,0.00013596,0.00040024,1787142300
1787142540,-0.000228925,1.56066e-05,1.56066e-05,-0.000228925,0.000273824,0.523465,6.47711e-05,6.72111e-05,0.0624509,-0.000383905,-0.000262152,-0.000126271,-4.90809e-05,1.47117e-05,4.96231e-05,0.000137871,0.000291341,0.000410456,6.65519e-05,6.54439e-05,6.55822e-05,6.52258e-05,6.72859e-05,6.56884e-05,6.51408e-05,6.36777e-05,0.000173294,0,0.000140267,-0.000183533,0.000122731,0,0.499666,-0.000408536,-0.000143316,0.000135665,0.000416248,1787142300
1787142600,-0.000463212,5.20341e-06,0.000306955,-0.000468418,0.000272998,0.518411,0.000156778,0.00016151,0.0532727,-0.000387119,-0.000271533,-0.000128453,-4.88919e-05,1.07864e-05,4.68487e-05,0.000135989,0.000283813,0.000408743,0.000140148,0.000153664,0.000160821,0.000164561,0.000156094,0.000147578,0.000154828,0.00015945,0.000173025,0,0.000156994,-0.000185503,0.000113298,0,0.498926,-0.000410792,-0.000147074,0.000135542,0.000399256,1787142600
1787142660,0.000150958,0,0.000275871,0,0.000278081,0.521794,4.66915e-05,4.59438e-05,0.0485663,-0.000478106,-0.000319885,-0.000163846,-5.72787e-05,1.56519e-05,6.86081e-05,0.000197967,0.000397644,0.000540502,4.90584e-05,4.52885e-05,4.50921e-05,5.04678e-05,4.53269e-05,4.67628e-05,4.5532e-05,4.63267e-05,0.000237252,0,0.000206881,0.000227861,0,0.000189618,0.509329,-0.000474471,-0.00016355,0.000180756,0.000484031,1787142600
1787142720,0.000411115,5.20504e-06,0.000411115,0,0.000276112,0.523557,0.000125821,0.000123478,0.0430561,-0.000420515,-0.000289809,-0.000144888,-5.07127e-05,1.52873e-05,5.48733e-05,0.000164116,0.000325566,0.000450937,0.00011923,0.000127877,0.000128197,0.000126019,0.000125251,0.000124163,0.000120742,0.000129052,0.000202607,0,0.000153687,0.000201332,0,0.000137311,0.507833,-0.00042903,-0.000146701,0.000160124,0.000432557,1787142600
1787142780,0.000712545,5.20278e-05,0.000774934,5.20278e-05,0.000279452,0.525364,0.000273122,0.000268554,0.0432117,-0.000445229,-0.000310773,-0.000143962,-5.16802e-05,1.71828e-05,6.25584e-05,0.000169419,0.000333646,0.000448416,0.000251277,0.000273582,0.000269483,0.00027222,0.000270695,0.000265051,0.000261507,0.000283374,0.000207322,0,0.000162314,0.000222967,0,0.000150322,0.505886,-0.000472196,-0.000170072,0.000169443,0.000477543,1787142600
1787142840,0.00103411,0,0.00131973,0,0.000294425,0.509805,0.000399353,0.00039352,0.119696,-0.000587757,-0.000429319,-0.000219129,-8.39143e-05,8.99378e-06,7.44078e-05,0.000217226,0.000467626,0.000673207,0.000411541,0.000427201,0.000407957,0.00041601,0.000414584,0.000358507,0.000403556,0.000395771,0.000284001,0,0.000240197,-0.000275203,0.000221212,0,0.494102,-0.000566923,-0.000218617,0.000196137,0.000596801,1787142600
1787142900,-0.00022336,0,4.67434e-05,-0.0012057,0.000326098,0.503455,7.12717e-05,7.29203e-05,0.762748,-0.000741367,-0.000560197,-0.000296881,-0.000117801,4.50757e-06,9.67116e-05,0.000304002,0.000634595,0.000884332,6.50255e-05,6.44436e-05,7.01253e-05,6.81756e-05,9.53635e-05,8.34119e-05,7.21275e-05,6.98381e-05,0.000391125,1.92716e-05,0.000385168,-0.000361903,0.000336943,0,0.483513,-0.000702388,-0.000287698,0.000246535,0.000774729,1787142900
1787142960,0.000181808,-1.55851e-05,0.000612821,-6.23419e-05,0.000324362,0.502075,6.67241e-05,6.51491e-05,0.676725,-0.000693547,-0.000526843,-0.000270026,-0.000107042,2.81026e-06,8.70097e-05,0.000274383,0.000597511,0.000824171,5.47755e-05,5.52e-05,6.41322e-05,7.05477e-05,5.242e-05,7.14535e-05,6.54469e-05,6.89014e-05,0.000354309,0,0.000323101,-0.00033045,0.000308316,0,0.492896,-0.000656833,-0.000250455,0.000237535,0.000713638,1787142900
1787143020,0.00048293,5.19404e-06,0.000809944,-1.55823e-05,0.00032213,0.507099,0.000141178,0.000138121,0.59426,-0.000647612,-0.000478596,-0.000252245,-9.52788e-05,7.18183e-06,8.11324e-05,0.000246559,0.000541518,0.000747778,0.000146685,0.000147466,0.000139192,0.000139527,0.000115199,0.000139964,0.000140477,0.00014483,0.000325351,0,0.000302391,-0.000310177,0.000273101,0,0.494066,-0.000628001,-0.000239201,0.000227562,0.000689315,1787142900
1787143080,-0.00045696,-1.55747e-05,0.000773241,-0.000732275,0.000326124,0.498765,0.000124384,0.000128385,0.637006,-0.000703513,-0.0005219,-0.000274774,-0.00011207,-2.71636e-07,8.43671e-05,0.000268354,0.000585238,0.000795949,0.000137824,0.000135356,0.000130631,0.000130487,0.000161357,0.000132869,0.000123809,0.000115373,-0.000354375,0.000350616,0,-0.000325103,0.000281998,0,0.49413,-0.000651326,-0.000252463,0.000235184,0.000703312,1787142900
1787143140,2.07754e-05,0,0.000472535,-5.19405e-05,0.000329251,0.511112,4.70031e-05,4.60044e-05,0.604932,-0.000729088,-0.000523382,-0.000260923,-9.77017e-05,1.2049e-05,9.60838e-05,0.00029569,0.000628297,0.000827731,3.15451e-05,3.30941e-05,4.30652e-05,6.36789e-05,4.82276e-05,5.16773e-05,5.14471e-05,4.35269e-05,0.000364872,6.29997e-05,0.000384185,-0.000337955,0.000367489,0,0.498676,-0.000668553,-0.000252937,0.000248522,0.000704274,1787142900
1787143200,7.27107e-05,-3.11633e-05,0.000690538,-0.0001818,0.000325955,0.522721,4.08801e-05,3.96306e-05,0.483745,-0.000617048,-0.000427379,-0.00020403,-6.84066e-05,1.97295e-05,8.22563e-05,0.000243416,0.000502607,0.000684137,3.61256e-05,3.71003e-05,4.38513e-05,5.39172e-05,4.25645e-05,4.13894e-05,4.53414e-05,3.6119e-05,0.000294981,3.49587e-05,0.000305489,-0.000268409,0.000240593,0,0.494687,-0.000562476,-0.000207376,0.000204816,0.000592118,1787143200
1787143260,0.000732006,5.19329e-05,0.00085136,5.19329e-05,0.000322843,0.521593,0.000242918,0.000235611,0.360167,-0.000613708,-0.00043625,-0.000208468,-6.86097e-05,1.85393e-05,7.58868e-05,0.000241418,0.000502845,0.000672597,0.000260107,0.000263871,0.000240854,0.000212923,0.000209984,0.000272108,0.000234765,0.000250759,0.000295816,4.37648e-05,0.000311178,-0.000280903,0.000270339,0,0.495655,-0.000576794,-0.000217072,0.000212303,0.000605147,1787143200
1787143320,0.000415084,-6.74675e-05,0.00113588,-6.74675e-05,0.000335946,0.507694,0.000121411,0.00011757,0.374993,-0.000715822,-0.0005279,-0.000269177,-0.000105068,8.64573e-06,9.45476e-05,0.000290012,0.000593211,0.000835194,0.000120293,0.000119717,0.000120527,0.000121231,8.87249e-05,0.000120832,0.000120344,0.000124383,0.000365359,4.66141e-05,0.000359828,-0.000313488,0.000292595,0,0.494971,-0.000635748,-0.00024726,0.000233621,0.000685553,1787143200
1787143380,-0.000264596,5.18734e-05,0.000248968,-0.000472172,0.00033771,0.50499,7.6716e-05,7.917e-05,0.281032,-0.000769565,-0.000581653,-0.000297399,-0.000118835,6.29322e-06,8.90774e-05,0.000288274,0.000613651,0.00087464,7.64074e-05,7.59594e-05,7.71665e-05,8.95394e-05,0.000108187,8.44216e-05,7.52702e-05,7.26586e-05,0.000382415,3.61469e-05,0.000377946,-0.000328014,0.000336183,0,0.487671,-0.000659905,-0.000266167,0.00023195,0.000709234,1787143200
1787143440,0.00217177,0,0.00243061,0,0.000336404,0.505129,0.000951804,0.000942915,0.118916,-0.000663503,-0.000490856,-0.000250049,-0.000107636,5.96155e-06,7.98609e-05,0.000257407,0.000565078,0.000760023,0.00097936,0.000978139,0.000951147,0.00091141,0.00090125,0.000931515,0.000957367,0.000962698,0.00033057,1.79597e-05,0.000326633,-0.000288419,0.00026044,0,0.493407,-0.000601473,-0.000227077,0.00021512,0.000642198,1787143200
1787143500,0.00189321,9.83694e-05,0.00195005,-0.000429832,0.000453029,0.495724,0.00072278,0.00070924,0.0739002,-0.00104298,-0.000812796,-0.000436851,-0.000172625,-5.32441e-06,0.00012944,0.000442825,0.00090287,0.0012929,0.000838695,0.000790007,0.000694274,0.000691501,0.000621408,0.000754278,0.000720275,0.000714939,-0.000572142,0.000651039,0.000108626,-0.000582422,0.000665383,0.000123272,0.479576,-0.00105469,-0.00045626,0.000399399,0.00118577,1787143500
1787143560,-0.000175721,-2.58393e-05,0.000614779,-0.00100823,0.000522317,0.496873,8.78575e-05,9.02834e-05,0.131698,-0.00121084,-0.000935034,-0.000494339,-0.000198599,-4.15755e-06,0.000151051,0.000515706,0.00105205,0.00150295,5.2963e-05,7.05904e-05,0.000100406,8.77403e-05,0.000139751,7.55039e-05,9.92414e-05,8.97638e-05,-0.00065784,0.000807042,6.44713e-05,-0.000657586,0.000744045,3.00896e-06,0.475818,-0.00123157,-0.000529408,0.000445943,0.00139711,1787143500
1787143620,0.000403078,-6.20264e-05,0.00117261,-0.00045495,0.000517665,0.490673,0.000130796,0.000124608,0.114029,-0.00110522,-0.000848792,-0.000442462,-0.000190869,-1.32841e-05,0.000131218,0.000414638,0.0009306,0.0013025,0.000115978,0.000119435,0.000136832,0.000132982,8.95177e-05,0.000117632,0.000138432,0.000145416,-0.000563344,0.000613158,1.31062e-05,-0.000580259,0.000646558,0,0.479281,-0.0011383,-0.000465196,0.000404818,0.00126859,1787143500
1787143680,-0.000155011,6.71639e-05,0.000289289,-0.00056849,0.000515622,0.496225,7.75358e-05,7.96212e-05,0.0906439,-0.00110501,-0.000849623,-0.000432329,-0.000177119,-4.29717e-06,0.00012946,0.000433388,0.000947658,0.00134389,4.95087e-05,6.62633e-05,9.11959e-05,9.27976e-05,0.00012766,6.52929e-05,7.82033e-05,7.74359e-05,-0.000562824,0.000641767,4.05109e-05,-0.000579978,0.000670318,0,0.486716,-0.00112057,-0.000448434,0.000425763,0.00126979,1787143500
1787143740,0.0029308,-1.03349e-05,0.00330685,-1.03349e-05,0.000510911,0.494058,0.00126089,0.00124421,0.103803,-0.0010298,-0.000743642,-0.000372899,-0.000159822,-7.07465e-06,0.000118658,0.000390635,0.000861842,0.00119731,0.00135726,0.00128716,0.00119972,0.00121419,0.00111186,0.00132441,0.00124508,0.00127517,-0.000498068,0.000565966,6.15953e-06,-0.000534198,0.000534835,0,0.493942,-0.00107375,-0.000409314,0.000406635,0.00118629,1787143500
1787143800,-0.00189785,-1.5457e-05,0.000345145,-0.00251749,0.000653912,0.50273,0.000656434,0.000675688,0.328919,-0.00144294,-0.00109238,-0.000573604,-0.00021794,6.78474e-06,0.000189412,0.000621073,0.00130029,0.00182658,0.000851271,0.000719861,0.000580427,0.000635386,0.000805474,0.000756599,0.000613607,0.000639206,0.000779368,0.000199587,0.000903383,-0.000797285,0.000937277,0,0.480067,-0.00148704,-0.000631337,0.000573344,0.0017025,1787143800
1787143860,-0.000898607,5.16196e-05,0.00025291,-0.00129136,0.000700775,0.500998,0.000244239,0.000256098,0.523246,-0.00160008,-0.00117793,-0.000622425,-0.000236788,3.64522e-06,0.000196603,0.000651073,0.0013538,0.00181686,0.00035121,0.000255582,0.000260936,0.000258127,0.000335002,0.000268331,0.000245664,0.000221721,0.000829637,0.000198887,0.000872531,-0.000775391,0.000912758,0,0.495196,-0.00156703,-0.000598612,0.000569798,0.0015989,1787143800
1787143920,0.000170488,4.1333e-05,0.000278965,-0.00023253,0.000705275,0.505471,0.000100095,9.5372e-05,0.50072,-0.00135362,-0.000957112,-0.00049484,-0.000196586,1.1576e-05,0.000175168,0.000567682,0.00122631,0.00157075,5.28153e-05,8.92042e-05,0.000131391,0.000104373,0.000129394,7.45971e-05,0.000106751,9.65992e-05,0.000694504,7.87412e-05,0.000710688,-0.000694972,0.00070116,0,0.496214,-0.00141416,-0.000513623,0.000555292,0.00148709,1787143800
1787143980,0.000268588,3.09946e-05,0.000418346,-0.000614925,0.000698603,0.516735,0.000107679,0.000102238,0.381623,-0.00123412,-0.000885177,-0.000445279,-0.000159329,3.1462e-05,0.000162933,0.000517115,0.00105726,0.00140942,7.87264e-05,0.000104658,0.000136269,0.000105145,0.000120922,8.52809e-05,0.000113949,0.000104727,0.000630596,0,0.000531414,0.000638281,0,0.000430544,0.50319,-0.00133632,-0.000468693,0.000522872,0.00137512,1787143800
1787144040,-0.000780138,5.16433e-05,5.16433e-05,-0.00130229,0.000692624,0.506955,0.000212222,0.00022382,0.312516,-0.00132769,-0.000972742,-0.000494891,-0.0001863,1.37423e-05,0.000156488,0.000512976,0.00110674,0.00149881,0.000291542,0.000222544,0.000226463,0.000223848,0.000283285,0.000242579,0.000212953,0.000196874,0.000656823,4.16487e-05,0.000635115,-0.000693518,0.000687315,0,0.498106,-0.00141392,-0.000521111,0.000547855,0.00149566,1787143800
1787144100,-0.000330838,3.61788e-05,0.000134372,-0.000470443,0.000694483,0.508304,0.000111521,0.000117232,0.199737,-0.00131244,-0.000967732,-0.000484622,-0.000169762,1.51213e-05,0.000155546,0.000506343,0.00108698,0.00144141,9.48769e-05,0.000110427,0.000134679,0.000121572,0.000169775,0.000100573,0.000122356,9.89053e-05,0.000646367,9.41493e-05,0.000634121,-0.000650575,0.00065865,0,0.499793,-0.00137652,-0.000490993,0.000519199,0.00140083,1787144100
1787144160,0.000330838,6.20405e-05,0.000635733,1.55105e-05,0.000689093,0.523157,0.000108922,0.00010393,0.0549038,-0.00106076,-0.000779094,-0.000390182,-0.000132588,3.91254e-05,0.000143546,0.000440265,0.000921446,0.00122132,9.6026e-05,0.000113423,0.000135844,0.00010981,0.000117032,9.73076e-05,0.000115443,0.000103106,0.000544168,0,0.000491902,-0.00053262,0.000454332,0,0.493704,-0.00115898,-0.000404814,0.00042516,0.0011845,1787144100
1787144220,0.00054771,-1.55056e-05,0.000552876,-5.6855e-05,0.00068377,0.514671,0.000165332,0.00015645,0.0814951,-0.00106691,-0.000801971,-0.000401557,-0.000147999,2.49763e-05,0.00013497,0.000413709,0.000881216,0.00122554,0.000171156,0.000161949,0.00016824,0.000160074,0.000141952,0.000158038,0.000165458,0.000170846,0.000531338,1.42774e-05,0.000513809,-0.000513696,0.000465511,0,0.492154,-0.001102,-0.000397625,0.000398285,0.00112787,1787144100
1787144280,-0.0003875,0,0.000247921,-0.00054771,0.000681315,0.503483,0.000110045,0.000116018,0.0729427,-0.00111701,-0.000835681,-0.000438767,-0.000169095,7.14747e-06,0.000138386,0.000427095,0.000872432,0.0012463,0.000110637,0.000118094,0.000134217,0.000112518,0.0001679,0.000112966,0.000117715,0.0001011,0.000564675,0,0.000498101,-0.000521038,0.0004737,0,0.497614,-0.00111477,-0.000401564,0.000409175,0.00114988,1787144100
1787144340,0.000211852,3.6173e-05,0.000573446,-9.81905e-05,0.00067669,0.500287,9.3926e-05,8.82643e-05,0.116999,-0.0010981,-0.000773316,-0.000419565,-0.000182911,2.84848e-06,0.00013229,0.000391683,0.000878491,0.00122675,6.29876e-05,9.16964e-05,0.000106166,9.03631e-05,9.93395e-05,7.56269e-05,9.73027e-05,9.67486e-05,0.000533577,4.07321e-05,0.00053068,-0.00053623,0.000497756,0,0.488877,-0.00116996,-0.0004259,0.000411368,0.0012091,1787144100
1787144400,-0.00168572,-5.16658e-06,0.000242799,-0.00173748,0.000670558,0.510314,0.000604574,0.000622865,0.208382,-0.00118598,-0.000843981,-0.000428529,-0.000173944,1.96947e-05,0.000145581,0.00043313,0.000894289,0.00132555,0.000744213,0.000615981,0.000568048,0.000547071,0.00064055,0.000693382,0.000576283,0.000616618,0.000560622,0.000246417,0.000797707,-0.000563115,0.000845334,0.000176972,0.488329,-0.00120343,-0.000447821,0.000427306,0.00124681,1787144400
1787144460,0.00050705,3.62264e-05,0.00107588,1.55257e-05,0.000705329,0.526777,0.000146603,0.000137931,0.0195547,-0.00132543,-0.00089321,-0.000446096,-0.000151711,5.44483e-05,0.000196948,0.000511665,0.00100737,0.00139489,0.000155134,0.000150887,0.000160273,0.000150587,0.000142582,0.000144781,0.000144495,0.000153028,0.000629951,0.000186882,0.00067217,0.000641653,7.02679e-05,0.000598345,0.503984,-0.00136048,-0.000473006,0.000516638,0.00135137,1787144400
1787144520,-0.00102471,-3.10365e-05,0.000124136,-0.00102471,0.000701912,0.522275,0.000303455,0.000320464,0.021555,-0.00112838,-0.00080472,-0.000410898,-0.000133635,3.74939e-05,0.000157407,0.000451425,0.000944204,0.00129769,0.000413845,0.000299156,0.000292589,0.000294816,0.000326642,0.000324474,0.000305168,0.0003189,0.000564332,4.91447e-05,0.000584575,-0.000610327,0.000634435,0,0.499678,-0.00127856,-0.000455002,0.000494745,0.00132586,1787144400
1787144580,0.000362392,-2.58902e-05,0.000683258,-2.58902e-05,0.000709809,0.533628,0.000114611,0.000108728,0.0157656,-0.00125402,-0.000884009,-0.000424487,-0.000138256,6.86114e-05,0.000194545,0.000470149,0.000922352,0.0012739,0.000104844,0.000119442,0.000133855,0.00012082,0.000120823,0.000106606,0.000113687,0.000109401,0.000588939,6.31417e-05,0.000557256,0.00060839,0,0.000524573,0.500482,-0.00131756,-0.000459833,0.000481904,0.00126585,1787144400
1787144640,0.000150095,2.07041e-05,0.000227722,2.07041e-05,0.000704541,0.535119,7.62245e-05,7.22051e-05,0.0212237,-0.00110085,-0.000807616,-0.000391923,-0.00011967,6.32498e-05,0.000172961,0.000426406,0.000881455,0.00121677,4.95337e-05,8.32167e-05,9.71587e-05,8.29349e-05,0.000104161,6.80969e-05,8.25147e-05,6.88871e-05,0.000537349,1.60887e-05,0.000542601,-0.000585453,0.00055172,0,0.499934,-0.00124691,-0.000439431,0.000468496,0.00126012,1787144400
1787144700,0.000227688,-2.07015e-05,0.000408766,-0.000284683,0.000697783,0.538978,8.5411e-05,7.86658e-05,0.0467724,-0.00103559,-0.000746147,-0.000362865,-0.000111989,6.97493e-05,0.000133409,0.000353375,0.000768808,0.00108499,6.72845e-05,9.52483e-05,0.000104571,8.2306e-05,0.000104195,7.39902e-05,8.22427e-05,8.58061e-05,0.00046708,0,0.000429808,0.000497044,0,0.000330345,0.503404,-0.00110045,-0.000372457,0.000384929,0.00103957,1787144700
1787144760,0.000744798,4.13922e-05,0.000827519,4.13922e-05,0.00069152,0.533524,0.000214116,0.000204419,0.0998005,-0.0010105,-0.000739303,-0.000381168,-0.000120203,5.92248e-05,0.000167949,0.000399956,0.000816338,0.00117326,0.000263063,0.000216367,0.0002168,0.000214881,0.000184923,0.000238419,0.000213762,0.000220802,0.000510341,3.00296e-05,0.000548734,-0.000536623,0.000517082,0,0.497701,-0.00114628,-0.000403391,0.000430102,0.00120418,1787144700
1787144820,8.7891e-05,-3.61926e-05,0.000180944,-9.82402e-05,0.000692626,0.513058,7.59943e-05,7.20772e-05,0.038053,-0.00110019,-0.000849689,-0.000420127,-0.000166027,2.45207e-05,0.000151778,0.00040985,0.000812523,0.00122324,3.88956e-05,7.64378e-05,8.44391e-05,6.62173e-05,9.75691e-05,6.31552e-05,8.05311e-05,7.93568e-05,0.000540996,2.89266e-05,0.000555526,-0.000553031,0.000539276,0,0.499061,-0.00117355,-0.000424969,0.000436774,0.00122712,1787144700
1787144880,0.000206772,1.55094e-05,0.000206772,-1.03397e-05,0.000685777,0.52402,8.45818e-05,7.64973e-05,0.0881162,-0.000987423,-0.000741905,-0.000364015,-0.000130822,4.04912e-05,0.000134173,0.000336872,0.00072994,0.00109922,6.11989e-05,9.00242e-05,9.39875e-05,7.54894e-05,9.46036e-05,7.1128e-05,8.35306e-05,9.00371e-05,0.00046008,0,0.000428385,-0.000453824,0.000366761,0,0.492863,-0.000993796,-0.000344863,0.00033994,0.0010263,1787144700
1787144940,-0.000258471,0,0.000253237,-0.000299833,0.000679514,0.53128,8.10428e-05,8.85703e-05,0.18646,-0.000911221,-0.000670636,-0.000318382,-0.000107686,4.77791e-05,0.000134522,0.000332645,0.000693088,0.00103296,7.51677e-05,9.47657e-05,9.66409e-05,7.58984e-05,0.000123237,7.69416e-05,8.51548e-05,7.82246e-05,0.000425764,0,0.000335704,0.000434622,0,0.00027437,0.501256,-0.000948854,-0.000313037,0.000338903,0.000983218,1787144700
1787145000,-5.68727e-05,-4.65319e-05,0.000310158,-0.000465417,0.000673677,0.524039,5.86496e-05,6.16811e-05,0.270587,-0.000929643,-0.000661929,-0.000318893,-0.000124014,3.83922e-05,0.000137515,0.000347879,0.000711166,0.00104803,3.4361e-05,7.03616e-05,7.04524e-05,5.96001e-05,8.14225e-05,3.8233e-05,6.49286e-05,5.676e-05,0.000437919,3.26124e-05,0.000423724,-0.00047739,0.000425227,0,0.491139,-0.0010469,-0.00037129,0.000365063,0.00109475,1787145000
1787145060,0.000785591,0,0.000987057,0,0.000666955,0.537947,0.000235196,0.000220804,0.490119,-0.000882008,-0.000602047,-0.00026147,-8.96998e-05,5.32215e-05,0.000133508,0.000346478,0.000725883,0.00103977,0.000283073,0.000227082,0.00022618,0.000225701,0.000209318,0.000300523,0.000230589,0.000240692,0.000407904,6.12197e-05,0.000406227,-0.000486499,0.000482713,0,0.49473,-0.00103374,-0.000360837,0.000388624,0.0011145,1787145000
1787145120,0.000547481,0,0.000547481,-0.00025835,0.000669534,0.51652,0.000166083,0.000155044,0.213578,-0.00104017,-0.00076224,-0.000369304,-0.000142463,2.76622e-05,0.000141275,0.000389757,0.000806955,0.00118727,0.000169656,0.000160964,0.000160174,0.0001596,0.000130612,0.000157471,0.000159936,0.000176135,0.000496384,8.12851e-05,0.000517055,-0.000514907,0.000538911,0,0.499386,-0.0010855,-0.000394252,0.000409592,0.00116711,1787145000
1787145180,-7.74555e-05,-7.22916e-05,0.000216844,-8.26194e-05,0.000667311,0.513535,6.91071e-05,7.22879e-05,0.233786,-0.00104411,-0.000800824,-0.000420616,-0.000150789,2.31868e-05,0.000144616,0.000412153,0.000815978,0.00120062,3.72254e-05,7.02526e-05,6.8152e-05,6.7896e-05,9.17236e-05,6.16771e-05,7.15162e-05,7.30464e-05,0.000542394,1.49956e-05,0.000497102,0.000519191,1.2002e-05,0.000412457,0.501254,-0.00110134,-0.00039607,0.000414785,0.00119876,1787145000
1787145240,-0.00124528,-5.16392e-06,-5.16392e-06,-0.00124528,0.000660695,0.523576,0.000429021,0.000449407,0.360466,-0.000939208,-0.000681721,-0.000340628,-0.000113261,3.41239e-05,0.000128329,0.000314345,0.000694404,0.00107457,0.000523911,0.000408719,0.000423773,0.000444269,0.000468696,0.000466555,0.000428796,0.000413248,0.000430027,0,0.000388206,-0.000450818,0.000377371,0,0.487501,-0.00100072,-0.000363932,0.000324218,0.00104722,1787145000
1787145300,0.000227469,-5.17035e-06,0.000253314,-4.13635e-05,0.000677349,0.544493,8.63522e-05,7.81863e-05,0.0256626,-0.00107554,-0.000755612,-0.000350574,-9.00411e-05,7.00025e-05,0.000177032,0.000433713,0.000841852,0.00116165,6.70712e-05,9.17311e-05,9.28106e-05,9.39004e-05,9.59831e-05,8.41274e-05,9.48493e-05,7.8206e-05,0.000521902,0.00013303,0.000631456,0.000592427,1.44518e-05,0.000610864,0.502588,-0.00124615,-0.000451477,0.000462225,0.0012582,1787145300
1787145360,1.55074e-05,0,0.000485783,0,0.000671313,0.549355,5.31133e-05,5.43591e-05,0.0350697,-0.000870851,-0.000619138,-0.000277987,-7.26057e-05,6.81394e-05,0.000142475,0.00032309,0.000712916,0.000997325,3.22799e-05,6.81932e-05,6.73413e-05,4.95958e-05,9.05799e-05,5.45863e-05,5.73567e-05,4.87739e-05,0.000399721,0,0.000346064,0.000484031,0,0.000285665,0.511878,-0.00103497,-0.000340785,0.000403937,0.00108796,1787145300
1787145420,0.000242917,0,0.000304929,-4.13535e-05,0.00066457,0.543185,8.23972e-05,7.3839e-05,0.0666299,-0.000887003,-0.000622542,-0.000297681,-7.84332e-05,5.75958e-05,0.000136715,0.000323718,0.00067946,0.000994577,7.10298e-05,9.25994e-05,8.99724e-05,8.40572e-05,8.98276e-05,7.35018e-05,8.64159e-05,7.96944e-05,0.000408467,0,0.00040779,-0.000497149,0.00043722,0,0.495224,-0.00107778,-0.000390574,0.000375166,0.00110032,1787145300
1787145480,2.06711e-05,5.16781e-06,2.06711e-05,-0.000377322,0.000658787,0.539069,5.14955e-05,4.98448e-05,0.107553,-0.000827968,-0.000587443,-0.000263156,-8.0645e-05,5.00197e-05,0.000126757,0.000290941,0.0006546,0.000936836,3.25265e-05,6.64922e-05,6.13877e-05,4.72967e-05,7.83165e-05,3.76177e-05,5.40779e-05,5.17129e-05,0.000366082,0,0.000326997,0.000469624,0,0.000293346,0.505837,-0.00101311,-0.000349607,0.000371814,0.00105626,1787145300
1787145540,0.000222187,-5.16773e-06,0.000532133,-5.16773e-06,0.000652172,0.555736,7.54088e-05,6.6474e-05,0.226961,-0.000817225,-0.000576127,-0.000240734,-4.62544e-05,5.49568e-05,0.000127261,0.000310781,0.000665546,0.000948229,6.52734e-05,8.76145e-05,8.18773e-05,7.65674e-05,7.6059e-05,6.50693e-05,7.51284e-05,7.59989e-05,0.00037181,0,0.000343393,0.000478347,0,0.000340748,0.505577,-0.00102516,-0.000343199,0.000395231,0.00111278,1787145300
1787145600,0.000237634,1.03331e-05,0.000454555,-5.16658e-06,0.000646382,0.538026,8.04893e-05,7.09731e-05,0.361424,-0.000843406,-0.000595131,-0.000268717,-8.59307e-05,5.11391e-05,0.000152225,0.00032223,0.000677274,0.000953839,6.95422e-05,8.94144e-05,8.24616e-05,7.90299e-05,7.07116e-05,6.81791e-05,8.76986e-05,8.10657e-05,0.000395075,3.97905e-05,0.000444619,-0.000414425,0.00039665,0,0.496627,-0.000885526,-0.000315087,0.000314658,0.000961907,1787145600
1787145660,0.000475099,5.16533e-06,0.000475099,5.16533e-06,0.000640767,0.533786,0.000142393,0.000130702,0.513594,-0.000816453,-0.000595109,-0.000271028,-8.37406e-05,4.14221e-05,0.000132341,0.000303509,0.000659999,0.000974718,0.000141104,0.000139918,0.000138075,0.000137202,0.000120835,0.000148771,0.000139391,0.000149005,0.000379968,7.7459e-05,0.000394951,-0.000404345,0.000373911,0,0.498793,-0.000865791,-0.000305364,0.000307311,0.00093712,1787145600
1787145720,-9.80997e-05,5.16276e-05,0.000361337,-9.80997e-05,0.000637875,0.538214,5.54329e-05,6.04779e-05,0.4129,-0.000836806,-0.000631168,-0.000267926,-7.41278e-05,4.42688e-05,0.000142648,0.000313822,0.000644807,0.00095119,4.08705e-05,6.66064e-05,5.63652e-05,4.56016e-05,6.58767e-05,3.96663e-05,6.02342e-05,6.19278e-05,0.000388858,4.52181e-05,0.000348882,0.000423614,0,0.000268896,0.506752,-0.000896998,-0.000314989,0.000334299,0.000970402,1787145600
1787145780,-0.00054747,0,0.000211677,-0.000686968,0.000631617,0.536699,0.000149233,0.000164382,0.552458,-0.000796453,-0.000546866,-0.000255444,-7.97545e-05,4.47741e-05,0.000132814,0.000285737,0.000618516,0.000925788,0.00017572,0.000157298,0.000156824,0.000155898,0.00019077,0.000186523,0.000149574,0.00014202,0.000357905,6.34909e-05,0.000363247,-0.000411921,0.000355001,0,0.493131,-0.000896427,-0.000326225,0.000303343,0.000956665,1787145600
1787145840,0.000526816,1.54985e-05,0.000593939,1.54985e-05,0.000630044,0.548312,0.000151285,0.000140203,0.283328,-0.000868133,-0.000597145,-0.000247018,-6.50335e-05,5.84304e-05,0.000138578,0.000334767,0.000693044,0.000960647,0.00016072,0.000154039,0.000152137,0.000152346,0.000137486,0.000161237,0.0001483,0.000152158,0.000394232,0.000106427,0.000437098,0.000456595,0,0.000356299,0.503032,-0.000973305,-0.000341792,0.000364788,0.00103947,1787145600
1787145900,-6.19639e-05,0,3.09805e-05,-0.000583646,0.000628146,0.535934,5.30997e-05,5.55425e-05,0.220199,-0.000838188,-0.000593813,-0.000256455,-8.30788e-05,4.51887e-05,0.000137453,0.0003175,0.000668286,0.000929702,3.50155e-05,6.31004e-05,5.23371e-05,4.68223e-05,6.08314e-05,4.50732e-05,5.95455e-05,5.45782e-05,0.000385135,5.44287e-05,0.000361834,0.000448651,0,0.000288211,0.512324,-0.000938308,-0.000328953,0.000366406,0.00101522,1787145900
1787145960,-0.000418357,-1.03277e-05,-1.03277e-05,-0.000573349,0.000621894,0.541169,0.000117669,0.000132304,0.304057,-0.000821163,-0.000567192,-0.000242871,-6.67857e-05,4.49944e-05,0.000138935,0.000317048,0.000650157,0.000938875,0.000122838,0.000121376,0.000120883,0.000120524,0.000135938,0.000121746,0.000124019,0.000112025,0.000377978,7.07257e-05,0.000373667,0.000455662,0,0.000344369,0.509558,-0.000963031,-0.000330798,0.000376964,0.0010652,1787145900
1787146020,8.26523e-05,-1.0332e-05,0.000309911,-1.54981e-05,0.00061848,0.554266,5.01266e-05,4.54605e-05,0.15012,-0.000757632,-0.00051811,-0.0002106,-4.56477e-05,5.12281e-05,0.000133919,0.000293911,0.000625024,0.000865666,3.83032e-05,6.37822e-05,5.1146e-05,5.17399e-05,5.04578e-05,4.07485e-05,5.73298e-05,4.74016e-05,0.00034502,6.29355e-05,0.000355308,0.000423157,0,0.000294186,0.507259,-0.000910502,-0.000311936,0.000341016,0.000961876,1787145900
1787146080,0.000335705,3.09929e-05,0.000371851,-0.000123981,0.000612376,0.566886,9.622e-05,8.54626e-05,0.117017,-0.000724946,-0.000485141,-0.000195656,-3.37386e-05,6.31988e-05,0.000131833,0.000275997,0.000587706,0.000833136,9.6702e-05,0.000101794,9.84302e-05,9.82556e-05,8.50515e-05,9.61692e-05,0.0001001,9.32918e-05,0.000324075,3.30915e-05,0.000328358,0.000402471,0,0.000269464,0.507954,-0.000866487,-0.000300031,0.000315698,0.000904697,1787145900
1787146140,-0.000284051,-5.16384e-06,0.000175555,-0.000284051,0.000608077,0.543804,8.05298e-05,9.4405e-05,0.0840617,-0.00074375,-0.000528863,-0.000229224,-6.52861e-05,4.89929e-05,0.00013396,0.00031425,0.000611957,0.000853913,8.27129e-05,9.05123e-05,8.31801e-05,8.27377e-05,9.55116e-05,8.12816e-05,8.97781e-05,7.82803e-05,0.000367002,5.22063e-05,0.000352397,0.000422224,0,0.000285716,0.514025,-0.000893375,-0.000307598,0.000347909,0.000969977,1787145900
1787146200,0.00056802,-5.16542e-05,0.000609318,-0.000961206,0.000603305,0.534751,0.000171028,0.000157142,0.0787171,-0.000784064,-0.000545457,-0.000250189,-7.62552e-05,3.93271e-05,0.000114094,0.00027072,0.000570649,0.000830548,0.000176343,0.000165035,0.000166279,0.000163297,0.00015171,0.000191229,0.000167346,0.000180239,0.000342685,5.69802e-05,0.000415438,0.000411687,0,0.00036437,0.501835,-0.000887546,-0.000328972,0.000307021,0.000909201,1787146200
1787146260,0.000557379,4.64601e-05,0.00149596,-4.12997e-05,0.000602619,0.532457,0.000160014,0.000148249,0.0502398,-0.000971589,-0.000670379,-0.000306103,-9.73297e-05,4.56131e-05,0.000156056,0.000423361,0.000838937,0.00119578,0.000172181,0.000161957,0.000159987,0.00016227,0.000141161,0.000169333,0.00015552,0.000161041,0.000485854,0.000115362,0.000514026,0.000482376,6.23302e-05,0.000401432,0.512104,-0.000973102,-0.000352134,0.000400265,0.00110561,1787146200
1787146320,-0.000707099,6.19118e-05,0.000649883,-0.0010221,0.000601748,0.513953,0.000189999,0.000204715,0.0396363,-0.00106885,-0.000817094,-0.000404345,-0.000145289,2.31686e-05,0.000148506,0.00042915,0.000876961,0.00127989,0.000255058,0.000201319,0.000214837,0.0002026,0.000251656,0.000212781,0.000190425,0.00017809,0.000544844,8.64445e-05,0.000560669,0.000489623,4.92497e-05,0.000433734,0.502021,-0.000999867,-0.000386219,0.000375563,0.00110838,1787146200
1787146380,-0.00046479,4.64671e-05,9.80946e-05,-0.00124509,0.000604035,0.527642,0.000131299,0.000145118,0.0351833,-0.0010335,-0.000713574,-0.000345984,-0.000113462,4.24218e-05,0.000163533,0.000442225,0.000887914,0.00125299,0.000140917,0.000133918,0.000133694,0.000136443,0.000144944,0.000133647,0.0001335,0.000127342,0.000520941,0.000136501,0.000543419,0.000486137,2.49319e-05,0.000413984,0.507117,-0.00100166,-0.000367963,0.000379579,0.00106747,1787146200
1787146440,-0.000263477,-5.16554e-06,4.13234e-05,-0.00104915,0.000601566,0.540855,9.02612e-05,9.77273e-05,0.0375826,-0.000982599,-0.000692196,-0.00030262,-7.97313e-05,5.3413e-05,0.000162432,0.000425637,0.00083268,0.00113616,7.69788e-05,8.62873e-05,7.93473e-05,0.000102894,8.62828e-05,8.74783e-05,9.70128e-05,8.48632e-05,0.000488846,0.000113853,0.000499683,0.000475947,6.44452e-06,0.000377657,0.514893,-0.000973932,-0.000334995,0.000398481,0.00105178,1787146200
1787146500,0.000103332,0,0.000382277,-0.000124013,0.000596685,0.555784,6.35927e-05,5.94491e-05,0.0428808,-0.000930355,-0.000642966,-0.000290565,-6.33887e-05,7.69607e-05,0.00018354,0.000426368,0.000794036,0.00107266,4.17254e-05,6.1786e-05,5.30208e-05,8.38234e-05,5.30684e-05,5.59383e-05,6.87648e-05,5.68074e-05,0.000482256,7.10368e-05,0.000470185,0.00046054,0,0.000364141,0.515295,-0.000946899,-0.000321654,0.000386575,0.00100354,1787146500
1787146560,-0.00300099,4.64961e-05,9.8156e-05,-0.00300099,0.000590868,0.558184,0.00135025,0.00136852,0.0500361,-0.000814801,-0.000561479,-0.000238094,-5.71488e-05,7.62289e-05,0.000156252,0.0003622,0.000666596,0.000933567,0.00140196,0.00132198,0.00136057,0.00129219,0.00136993,0.00136702,0.00132956,0.0013772,0.000408088,7.15111e-05,0.000420528,0.000412535,0,0.000300462,0.509911,-0.000873467,-0.0003052,0.0003284,0.000901716,1787146500
1787146620,-0.000145103,0,0.000818403,-0.000585724,0.000722676,0.564905,0.000106737,0.000114694,0.404381,-0.00154882,-0.00106029,-0.000480718,-8.17812e-05,0.0001459,0.000307395,0.000661086,0.0011993,0.00157805,4.8617e-05,7.97028e-05,0.000106297,9.15918e-05,0.000111815,7.04011e-05,0.000123184,0.00012045,0.000770548,0.00017835,0.000710827,0.000706731,9.67984e-05,0.000608318,0.527334,-0.00142842,-0.00047825,0.000578821,0.00136126,1787146500
1787146680,9.84652e-05,5.18262e-06,0.000533669,-6.73765e-05,0.000715707,0.558579,8.65021e-05,8.42948e-05,0.316299,-0.00137206,-0.000963362,-0.000424215,-8.98657e-05,0.000123044,0.000274552,0.000591531,0.00108907,0.00145626,4.08292e-05,7.7293e-05,0.000100285,8.97096e-05,0.000103051,5.78058e-05,8.49765e-05,9.33108e-05,0.000688457,0,0.00059841,0.000662769,0,0.000584042,0.51706,-0.00132224,-0.000450342,0.00056031,0.0013493,1787146500
1787146740,-0.00102659,-8.81e-05,0.000207264,-0.0015299,0.000708651,0.55899,0.000312938,0.000331694,0.264578,-0.00119028,-0.00082574,-0.000367794,-6.85574e-05,9.45394e-05,0.000210521,0.000470801,0.000850492,0.00117184,0.00041444,0.000303539,0.000293591,0.00030887,0.000287811,0.000373073,0.000318835,0.000312362,0.000563513,2.05856e-05,0.000513747,0.000604017,0,0.000480215,0.511698,-0.00125803,-0.000444418,0.000481914,0.0012152,1787146500
1787146800,0.000767448,1.03748e-05,0.00115613,-0.000482549,0.000716394,0.555731,0.000202187,0.000192317,0.276856,-0.00146796,-0.00105089,-0.000453923,-9.97502e-05,0.000121969,0.000289697,0.000633556,0.00113286,0.00154095,0.000274301,0.000222599,0.000224148,0.000223428,0.000231423,0.000217432,0.000190544,0.000185722,0.000738273,6.12594e-05,0.000701834,0.000690134,5.21219e-07,0.000652854,0.516318,-0.00139047,-0.000487351,0.000557854,0.00138147,1787146800
1787146860,-0.000440692,-6.73874e-05,0.000264322,-0.000570344,0.00071745,0.544231,0.000142354,0.000149473,0.202692,-0.00141177,-0.001032,-0.00047405,-0.000109427,8.45109e-05,0.000236623,0.000566203,0.00106921,0.00144391,0.000131216,0.000128162,0.000140363,0.000142139,0.000139191,0.000126416,0.000146369,0.000146988,0.000691577,4.92184e-05,0.000731816,0.000694345,0,0.000642004,0.512144,-0.00136326,-0.00049534,0.000561001,0.00140408,1787146800
1787146920,0.00053399,4.14852e-05,0.00053399,-0.000176331,0.000712969,0.537552,0.000151285,0.000140995,0.176283,-0.00124052,-0.000887666,-0.000412049,-0.000116358,6.82543e-05,0.000211813,0.000477491,0.000912399,0.00123444,0.000164093,0.000157664,0.00015867,0.000157356,0.00015735,0.000153136,0.000142369,0.000149463,0.000590248,4.51389e-05,0.000650844,0.000554372,0,0.000515892,0.501665,-0.00116099,-0.000417862,0.000435847,0.00115601,1787146800
1787146980,0.00161061,0,0.00161061,-5.70145e-05,0.000709832,0.547591,0.000584181,0.000564101,0.124266,-0.00112064,-0.000815654,-0.0003551,-9.06861e-05,7.97725e-05,0.000227741,0.000494211,0.000858187,0.00117256,0.000695095,0.000573044,0.00052978,0.000570959,0.000539515,0.000619256,0.000562547,0.000601607,0.000576191,2.97644e-05,0.000643992,0.000552444,0,0.000456011,0.508266,-0.00113028,-0.000398214,0.000454828,0.00117978,1787146800
1787147040,-0.000838644,4.65707e-05,0.000584564,-0.000838644,0.000738692,0.52339,0.000232093,0.00024713,0.107841,-0.00138506,-0.00107005,-0.000510759,-0.000157261,4.7111e-05,0.000213803,0.000566996,0.00102942,0.00149916,0.000320578,0.000239134,0.000241734,0.00023936,0.000248052,0.000245012,0.000230284,0.000225263,0.000708797,8.70132e-05,0.000847109,0.000681925,0,0.000632577,0.501143,-0.00135158,-0.000522246,0.000528727,0.00142915,1787146800
1787147100,-0.000295246,0.000258916,0.000258916,-0.000352233,0.000740823,0.523942,0.000110481,0.000118013,0.103184,-0.00137627,-0.00101606,-0.000522895,-0.000163673,5.05894e-05,0.00021488,0.000525638,0.00103863,0.00139579,8.56886e-05,0.000104769,0.000117815,0.000118519,0.000120289,9.53545e-05,0.00011835,0.00010454,0.000681951,8.19984e-05,0.000878302,-0.000688441,0.000636698,0.000201572,0.492162,-0.00140298,-0.000547564,0.00049764,0.00138791,1787147100
1787147160,0.00103557,-5.18065e-05,0.00128394,-0.000155428,0.000734565,0.537535,0.000315648,0.000300818,0.0850528,-0.00108612,-0.000780478,-0.000344595,-0.000100732,5.87649e-05,0.000191768,0.000428991,0.000852892,0.00115754,0.000407013,0.00030763,0.000298101,0.000323508,0.000286216,0.000338817,0.000314458,0.000319873,0.000519021,0,0.000565923,-0.000570697,0.000408523,0,0.495219,-0.00121933,-0.000428583,0.000450345,0.0012219,1787147100
1787147220,0.000119021,-5.17517e-06,0.000248376,-0.000362326,0.000741783,0.527048,8.65296e-05,8.22932e-05,0.0515225,-0.00125972,-0.000915537,-0.000438793,-0.000151887,5.52144e-05,0.000212195,0.000519789,0.000996323,0.00138571,4.43125e-05,8.07793e-05,9.50698e-05,8.52181e-05,9.36903e-05,6.80884e-05,9.3272e-05,8.64455e-05,0.000634432,1.6499e-05,0.00075168,-0.000655869,0.000588942,0,0.498979,-0.00132084,-0.000491903,0.000511782,0.00135125,1787147100
1787147280,-0.00124784,-1.55237e-05,0.00049146,-0.00143438,0.00073452,0.528794,0.000396926,0.00041777,0.0229427,-0.00112627,-0.00083644,-0.000382448,-0.000136635,5.40635e-05,0.000154634,0.000413784,0.000841379,0.00119485,0.000525162,0.000387164,0.000371501,0.000398173,0.000388911,0.00045202,0.000387909,0.0003993,0.000523116,0,0.000612291,-0.00057913,0.000438238,0,0.494466,-0.00121947,-0.000439206,0.000442536,0.00122348,1787147100
1787147340,0.000538679,-5.18101e-06,0.00101496,-4.14488e-05,0.000748246,0.539969,0.000149886,0.000141838,0.00928456,-0.00139244,-0.000971515,-0.000415413,-0.00012467,8.10125e-05,0.000229499,0.000571766,0.00107259,0.0015207,0.000165429,0.000159529,0.000160421,0.000162621,0.000152628,0.000153567,0.000150402,0.00014365,0.000665857,9.58333e-05,0.000784431,0.000661156,0,0.000692179,0.501434,-0.00137754,-0.000487378,0.000518782,0.00136685,1787147100
1787147400,-0.000347,0,0.000393466,-0.000347,0.000744633,0.534956,0.000111116,0.000118893,0.0124668,-0.00124619,-0.000852282,-0.00037912,-0.000111584,5.83663e-05,0.000166008,0.00047523,0.000954199,0.00128712,0.000100056,0.000113105,0.000121629,0.000118626,0.000128827,0.000102919,0.000113289,0.000105368,0.000568418,0,0.000675428,-0.000600957,0.000501753,0,0.494323,-0.00124795,-0.00044719,0.00046673,0.00123054,1787147400
1787147460,-0.000730648,2.07198e-05,0.000155388,-0.00134771,0.00073878,0.531879,0.000203817,0.00021755,0.0207857,-0.00122161,-0.000859636,-0.000398663,-0.000131594,6.02007e-05,0.000174126,0.000440595,0.000904618,0.00123758,0.000265526,0.000208906,0.000210631,0.000209283,0.000214207,0.000211249,0.00020465,0.000198336,0.000552805,0,0.000636361,-0.000577032,0.000440088,0,0.491959,-0.00124757,-0.000447761,0.000432869,0.00119525,1787147400
1787147520,-0.000461464,0,0.000466432,-0.000461464,0.000738619,0.537631,0.000141683,0.000154248,0.0168666,-0.00136097,-0.000939923,-0.00039099,-0.000123532,7.27533e-05,0.000232658,0.000546451,0.00104914,0.00137853,0.000138954,0.000134085,0.00013703,0.000144915,0.000144024,0.00013236,0.000142953,0.000147045,0.000636878,1.12867e-05,0.000685118,-0.000612754,0.000559005,0,0.499488,-0.00127811,-0.000442905,0.000490495,0.0012815,1787147400
1787147580,0.000673977,0,0.000824263,-0.000420169,0.000734102,0.534625,0.000190905,0.000181435,0.025285,-0.00130298,-0.000925684,-0.000402998,-0.000124572,6.44217e-05,0.000204043,0.000488081,0.000959433,0.00128861,0.000226201,0.000196558,0.000196334,0.000196739,0.000189016,0.000192014,0.000186581,0.000188376,0.000595561,0,0.000619439,-0.000578811,0.000469998,0,0.495552,-0.00123501,-0.000432002,0.000450761,0.0011947,1787147400
1787147640,-0.000570258,0,5.18256e-05,-0.000928132,0.000732948,0.535347,0.000165604,0.000177795,0.0187604,-0.00122442,-0.000863258,-0.000397691,-0.000124139,6.62669e-05,0.000190026,0.000502891,0.000995504,0.00130596,0.00018598,0.000164087,0.000165537,0.00016542,0.000167788,0.000162616,0.000165294,0.000166353,0.000598792,9.18542e-06,0.000680898,-0.000585963,0.000522745,0,0.496644,-0.00121121,-0.000430478,0.000466378,0.00123351,1787147400
1787147700,0.000725727,5.18551e-05,0.00103141,5.18551e-05,0.000730049,0.531026,0.000208517,0.000198824,0.022488,-0.00123031,-0.000872372,-0.000411112,-0.000143162,6.30838e-05,0.000179403,0.000464054,0.000911968,0.00124656,0.00025184,0.000210789,0.000210339,0.000210911,0.000201884,0.000205975,0.000201898,0.000210186,0.000577006,0,0.00061998,-0.000553437,0.00044298,0,0.493825,-0.00118262,-0.000413889,0.00042898,0.00116208,1787147700
1787147760,0.000409285,5.18187e-06,0.000461081,-0.00057017,0.000729963,0.537435,0.000120238,0.000113044,0.0176626,-0.00116888,-0.000822696,-0.000381964,-0.000116658,6.80537e-05,0.000192831,0.000468162,0.000913318,0.00123902,0.000117414,0.000124428,0.000126332,0.000131915,0.000127398,0.000117759,0.000126378,0.000111686,0.000565524,0,0.000662077,-0.000565153,0.000477671,0,0.493507,-0.00117912,-0.000429435,0.000434534,0.00119392,1787147700
1787147820,0.000383229,0,0.000673143,-1.03596e-05,0.000724941,0.53226,0.000119364,0.000111478,0.0252222,-0.00117514,-0.000839379,-0.000404817,-0.000138092,6.43836e-05,0.000180923,0.000459776,0.000916037,0.00127038,0.000110148,0.000119371,0.000119821,0.000129248,0.000121231,0.000111434,0.000122742,0.00011542,0.000569782,0,0.00065512,-0.000571463,0.000500447,0,0.49385,-0.00119675,-0.00042879,0.000445323,0.00123914,1787147700
1787147880,0.000326147,0,0.000543519,-0.00037287,0.000719698,0.527763,0.000109289,0.000100725,0.0374325,-0.00114176,-0.000836842,-0.000396579,-0.000135058,5.08017e-05,0.000174979,0.000428488,0.000852009,0.00122861,9.42919e-05,0.000109113,0.000108104,0.000112632,0.00010984,9.61488e-05,0.000113291,0.000108558,0.000541876,0,0.000630154,-0.000540238,0.000447887,0,0.488669,-0.00116031,-0.000424049,0.000401241,0.00118519,1787147700
1787147940,-0.000336502,-2.58808e-05,-2.58808e-05,-0.000745635,0.000713957,0.535801,0.000108384,0.000116214,0.0607959,-0.00118063,-0.000835236,-0.000400436,-0.000131105,7.15196e-05,0.000200473,0.000439238,0.000883795,0.00126061,9.71718e-05,0.000107652,0.000105487,0.000115362,0.00012396,9.94055e-05,0.000104084,0.000109736,0.000553128,0,0.000655944,-0.000540921,0.000477159,0,0.492365,-0.00115149,-0.000411265,0.000416895,0.00119656,1787147700
1787148000,0.000248505,5.17782e-06,0.00071946,0,0.000708381,0.528167,0.0001015,9.28025e-05,0.0750309,-0.00128676,-0.000933565,-0.000433556,-0.00014972,5.75967e-05,0.000202007,0.000482475,0.000980017,0.00135751,7.27054e-05,9.48383e-05,9.10068e-05,0.000124838,9.51524e-05,7.64009e-05,0.000113366,9.35144e-05,0.000604365,0.000196812,0.000913331,-0.000578118,0.000742748,0.000292317,0.489682,-0.0012373,-0.000439754,0.000438268,0.00125922,1787148000
1787148060,0.000103526,5.17653e-06,0.000620993,-0.000201906,0.000702142,0.536124,7.1876e-05,6.76866e-05,0.123642,-0.00108759,-0.000778832,-0.000354859,-0.0001134,6.25418e-05,0.000189663,0.000418121,0.00083744,0.00116421,4.18343e-05,7.28855e-05,6.61916e-05,7.92452e-05,7.98604e-05,4.7239e-05,7.47016e-05,7.30773e-05,0.00051476,0,0.000603937,-0.000486931,0.000439903,0,0.492073,-0.00105657,-0.00037136,0.000367249,0.00109219,1787148000
1787148120,0.000191494,-5.17602e-06,0.000460559,-0.000253657,0.000695239,0.544363,7.75e-05,6.90461e-05,0.2321,-0.00101057,-0.000747987,-0.000323296,-9.91193e-05,7.68155e-05,0.000200853,0.000410164,0.000804975,0.00109794,5.68522e-05,8.38159e-05,7.69544e-05,9.10855e-05,7.69768e-05,5.65495e-05,8.57247e-05,7.35567e-05,0.00049593,8.29438e-06,0.000609643,-0.000482552,0.000449965,1.6294e-05,0.491879,-0.00105268,-0.00036697,0.000365497,0.00108651,1787148000
1787148180,0.00105515,0,0.00127225,-6.21022e-05,0.000688784,0.544946,0.000337058,0.000318155,0.389301,-0.000967123,-0.0006895,-0.000304753,-9.45604e-05,7.49504e-05,0.00017391,0.000381638,0.000762485,0.00106693,0.00041703,0.000325154,0.00034574,0.000316406,0.000313384,0.000434303,0.000344847,0.000336139,0.000461086,3.49398e-05,0.000557061,-0.000451558,0.000406766,0,0.49481,-0.000980598,-0.000334722,0.000345775,0.00102274,1787148000
1787148240,0.00017575,0,0.000346301,-0.000563641,0.000697998,0.52233,9.22209e-05,8.2214e-05,0.0689586,-0.00120925,-0.000918184,-0.000435634,-0.0001573,4.44216e-05,0.000177684,0.000455974,0.000948523,0.00140466,5.38686e-05,8.13968e-05,7.71367e-05,9.04634e-05,8.53551e-05,7.53153e-05,9.81196e-05,9.72581e-05,0.000583095,7.51346e-05,0.000708595,-0.000574218,0.000598545,0,0.496128,-0.00121288,-0.000442613,0.000441142,0.00129918,1787148000
1787148300,0.000805985,-2.06748e-05,0.0013223,-0.000134394,0.00069143,0.524658,0.000238957,0.000226089,0.108381,-0.00110301,-0.000812053,-0.00038802,-0.0001388,4.45204e-05,0.000163129,0.000405322,0.000907029,0.00128762,0.000292476,0.000231938,0.000237376,0.000232311,0.000209353,0.00024344,0.000240306,0.000245345,0.000518742,3.46645e-06,0.000609124,-0.000526095,0.000498527,0,0.494273,-0.00113289,-0.000400886,0.000402175,0.0012093,1787148300
1787148360,-0.000532084,-0.000103295,0.000748571,-0.00108513,0.000693906,0.51515,0.000140565,0.000156327,0.0736031,-0.00124688,-0.000959713,-0.000472311,-0.000175824,3.08984e-05,0.000178604,0.000467078,0.00101457,0.00146064,0.000167048,0.000153288,0.000153816,0.000155269,0.000173397,0.000151876,0.000137792,0.000138441,0.000611615,3.5501e-05,0.000719761,-0.000583767,0.000617979,0,0.491683,-0.00122907,-0.000455542,0.00043758,0.001332,1787148300
1787148420,0.000227333,-5.16725e-06,0.000532084,-0.000594409,0.000691042,0.521906,0.000103148,9.2905e-05,0.043188,-0.0012652,-0.000912537,-0.000430287,-0.000167734,4.62751e-05,0.00017709,0.000486538,0.00102296,0.00142857,6.67841e-05,8.90005e-05,8.43955e-05,0.000116816,8.7638e-05,8.28032e-05,0.000105464,0.000105464,0.000603917,0.00013514,0.000713733,-0.000596281,0.000657565,4.21523e-05,0.493759,-0.00125996,-0.000452988,0.000447716,0.00132855,1787148300
1787148480,-0.000154994,6.19908e-05,0.000903653,-0.000154994,0.000684851,0.523295,8.06585e-05,8.42444e-05,0.0541425,-0.00116659,-0.000814643,-0.000387175,-0.000153813,4.58801e-05,0.000182354,0.000477205,0.000988899,0.00134672,5.03564e-05,7.41073e-05,6.85659e-05,9.84055e-05,9.37e-05,6.54374e-05,8.31926e-05,8.03528e-05,0.000572591,7.35958e-05,0.0006312,-0.000556387,0.0005568,0,0.495735,-0.00117573,-0.000411168,0.000434489,0.00127304,1787148300
1787148540,0.000408099,-5.16688e-06,0.000609504,-0.00010851,0.000678322,0.528751,0.00012472,0.00011441,0.0743897,-0.00113314,-0.000800679,-0.000366788,-0.00013383,5.29098e-05,0.000171562,0.000441303,0.000911941,0.00126918,0.000116986,0.000121034,0.000119393,0.00013951,0.000111367,0.000118904,0.000129823,0.000125487,0.000536559,0.000106508,0.000618508,-0.00051965,0.000510346,0,0.490916,-0.00114086,-0.000406334,0.000385197,0.00117518,1787148300
1787148600,0.000196241,3.09881e-05,0.000820859,3.09881e-05,0.00067398,0.52844,8.65237e-05,7.55903e-05,0.073118,-0.00106114,-0.000747645,-0.000348743,-0.000131095,5.10303e-05,0.000171745,0.000412974,0.00083957,0.00119733,5.7888e-05,8.187e-05,7.40586e-05,9.56263e-05,7.59947e-05,6.56217e-05,8.98402e-05,8.9058e-05,0.0005054,0.00011572,0.000547605,-0.00049432,0.000451548,0,0.497813,-0.0010779,-0.000374076,0.000378367,0.00113218,1787148600
1787148660,-0.000506175,-3.61468e-05,0.000418176,-0.000506175,0.000667784,0.524209,0.000136023,0.000151775,0.106387,-0.0010594,-0.000732921,-0.000358133,-0.000144283,4.52335e-05,0.000167357,0.000397955,0.000807504,0.00119292,0.000157058,0.000145965,0.000145638,0.000147644,0.000169375,0.000151148,0.000135286,0.000126903,0.000497622,0.00012387,0.000569679,-0.000473304,0.000451071,0,0.491332,-0.00105312,-0.000374648,0.00034556,0.00109208,1787148600
1787148720,-4.64983e-05,-5.16649e-05,0.000196302,-0.000614986,0.000664936,0.536654,6.35465e-05,6.68786e-05,0.0820061,-0.00100212,-0.000710442,-0.000337604,-0.000114951,6.49744e-05,0.000165519,0.000368898,0.000791259,0.00114161,3.43468e-05,6.3341e-05,5.22339e-05,7.93405e-05,7.2906e-05,4.48871e-05,7.28776e-05,6.03338e-05,0.000465209,0.000149852,0.000546348,-0.000464298,0.00042575,0,0.492133,-0.00103726,-0.000358612,0.000344269,0.0010583,1787148600
1787148780,7.7496e-05,5.16658e-06,0.000201477,-0.000413413,0.000658286,0.547389,6.26658e-05,5.70265e-05,0.132761,-0.000932308,-0.000650925,-0.000301044,-7.77043e-05,6.76203e-05,0.00017003,0.000368148,0.000760997,0.00108201,3.7247e-05,6.49019e-05,5.20629e-05,8.04935e-05,6.15721e-05,3.73304e-05,6.84577e-05,6.17406e-05,0.000447055,9.77066e-05,0.000495091,-0.00045063,0.000416066,0,0.498154,-0.000982666,-0.000321858,0.000356735,0.0010356,1787148600
1787148840,8.26557e-05,-0.000113663,0.000165305,-0.000490909,0.000651762,0.555537,5.83264e-05,5.22215e-05,0.203688,-0.000900044,-0.000595086,-0.000261093,-6.32305e-05,7.57209e-05,0.000155604,0.000345532,0.000724929,0.00100665,3.79584e-05,6.41543e-05,4.9928e-05,7.41478e-05,5.49886e-05,3.29021e-05,6.53687e-05,5.77222e-05,0.000409398,0.000113239,0.000487379,-0.000435222,0.000379716,0,0.499414,-0.000958235,-0.00031269,0.000342563,0.00100177,1787148600
1787148900,0.000464811,0,0.000464811,-0.000372005,0.000645318,0.560225,0.000133637,0.000121519,0.29594,-0.000905917,-0.000613929,-0.000258733,-5.52113e-05,7.96907e-05,0.000154261,0.00033554,0.000708112,0.00102863,0.000136866,0.00013624,0.0001339,0.000138459,0.000117212,0.000161991,0.000129803,0.000134071,0.000402463,0.000188595,0.00057028,0.000450635,0,0.000462374,0.502211,-0.000978622,-0.000336182,0.000348223,0.00101723,1787148900
1787148960,-0.000278861,-5.1635e-05,0.000247811,-0.000624963,0.000642205,0.548393,8.58184e-05,9.48578e-05,0.203225,-0.000832284,-0.000591108,-0.000275727,-7.63691e-05,6.92038e-05,0.0001521,0.000353992,0.000722183,0.00104603,8.14868e-05,9.02553e-05,8.18e-05,0.00010064,0.000103808,7.97864e-05,9.42477e-05,8.25463e-05,0.000420479,0.000168115,0.000503292,0.00045087,0,0.000365567,0.503049,-0.000979459,-0.000331426,0.000355848,0.00104557,1787148900
1787149020,-9.29709e-05,0.000113619,0.000826028,-0.000232443,0.000636973,0.545789,5.73748e-05,6.08453e-05,0.241865,-0.000846327,-0.00057134,-0.000267565,-8.53684e-05,6.99532e-05,0.00014734,0.000326853,0.000679483,0.000989136,4.03611e-05,6.18974e-05,4.70553e-05,7.82889e-05,6.0654e-05,3.7382e-05,6.67168e-05,5.48438e-05,0.00039628,0.000178586,0.00051458,-0.000430975,0.000407222,0,0.497387,-0.000952814,-0.000323402,0.000329396,0.00100307,1787148900
1787149080,0.000619643,9.81357e-05,0.000918999,-0.000511494,0.000630708,0.55712,0.000175391,0.000163891,0.273067,-0.000836189,-0.000552915,-0.000239278,-6.09356e-05,7.78109e-05,0.000146527,0.000324006,0.000670646,0.000947615,0.000198152,0.000178916,0.000188458,0.00018067,0.00016412,0.000225552,0.000177419,0.000173307,0.000381403,0.000171545,0.000499818,-0.00043141,0.000416255,0,0.49404,-0.000943128,-0.000327876,0.000325389,0.000990857,1787148900
1787149140,0.000154851,5.16208e-06,0.000242589,-0.000459532,0.000630488,0.538175,7.42833e-05,6.42135e-05,0.0978413,-0.00092572,-0.000664143,-0.000310204,-9.79876e-05,5.89463e-05,0.000159301,0.000401365,0.000795294,0.00113865,5.0209e-05,7.00929e-05,5.88725e-05,9.61123e-05,4.93066e-05,5.33126e-05,7.94545e-05,7.56224e-05,0.000473642,0.000188106,0.000591984,0.000483065,8.44683e-06,0.000448167,0.500551,-0.00101987,-0.000359211,0.000377939,0.00109862,1787148900
1787149200,-3.09682e-05,-5.1613e-06,0.000350906,-0.000304563,0.000624536,0.537231,5.52382e-05,5.77363e-05,0.0886319,-0.000853211,-0.000583434,-0.000287123,-9.95901e-05,5.75897e-05,0.000143016,0.000347796,0.000694278,0.000982875,3.32866e-05,5.68872e-05,4.16611e-05,7.68027e-05,5.21571e-05,3.22129e-05,6.17441e-05,5.71104e-05,0.000419902,0.000137692,0.000498823,0.000438875,0,0.000366163,0.50218,-0.0009558,-0.000324927,0.000340937,0.00101535,1787149200
1787149260,-0.000330387,-1.54845e-05,4.12907e-05,-0.000686709,0.000618274,0.565805,9.71536e-05,0.000111601,0.0941758,-0.000774253,-0.000524425,-0.000230224,-4.57658e-05,8.33116e-05,0.000143211,0.000313808,0.000640859,0.000918627,9.53729e-05,9.6525e-05,9.56057e-05,0.000111497,0.000117018,9.52722e-05,9.43858e-05,9.81941e-05,0.000368069,0.000147619,0.000472068,-0.000408247,0.000350947,0,0.497436,-0.000899149,-0.000307179,0.000306838,0.000937214,1787149200
1787149320,-0.00107968,5.16314e-06,0.000144558,-0.00128645,0.000613841,0.561273,0.00039435,0.000415091,0.087063,-0.000785393,-0.000520388,-0.000222917,-5.03086e-05,7.57131e-05,0.000144497,0.000331967,0.000660701,0.000887583,0.000440657,0.000364113,0.000418009,0.000323368,0.000449447,0.000449786,0.00037483,0.000406432,0.000376753,0.000176896,0.000461692,0.000418371,0,0.000342097,0.503919,-0.000923147,-0.000302697,0.000330554,0.000961304,1787149200
1787149380,0.000955759,5.68545e-05,0.0012294,-5.68577e-05,0.000626561,0.552965,0.000279016,0.000266582,0.0607567,-0.00101838,-0.000673955,-0.000314214,-8.2527e-05,9.01095e-05,0.000201352,0.000425456,0.000828408,0.00109461,0.000367986,0.000297428,0.000316077,0.000274434,0.000290706,0.000290898,0.000259543,0.000279204,0.000497583,0.000168908,0.000540017,0.000489682,0,0.000415312,0.51142,-0.00104888,-0.000345572,0.000390715,0.00104734,1787149200
1787149440,-0.000206573,5.16378e-06,0.000356238,-0.00029438,0.00063482,0.536033,8.18541e-05,8.96272e-05,0.0407796,-0.00104113,-0.000729984,-0.00035135,-0.000114653,6.31555e-05,0.000171448,0.000425536,0.000862253,0.00119836,6.09364e-05,7.77788e-05,7.54247e-05,9.4225e-05,9.03332e-05,8.06282e-05,9.14622e-05,7.70472e-05,0.000514468,0.000158214,0.000589171,0.000525001,0,0.000429041,0.508618,-0.00108666,-0.000381133,0.000416037,0.00114173,1787149200
1787149500,-0.00053729,-8.78065e-05,-8.78065e-05,-0.000542458,0.000629119,0.538744,0.000150456,0.000163632,0.0463007,-0.000983505,-0.000706142,-0.000316584,-0.000109496,6.76637e-05,0.000154634,0.000358805,0.000740392,0.00106768,0.000168719,0.000154175,0.000154321,0.000155529,0.000168166,0.000154851,0.000153686,0.000145628,0.000447572,0.000118585,0.000493507,0.000479739,0,0.000401369,0.502503,-0.00105604,-0.000368581,0.000357994,0.00104747,1787149500
1787149560,-0.000211896,0,0.000893602,-0.000377309,0.000627414,0.553499,7.68046e-05,8.33785e-05,0.0508501,-0.000904018,-0.000632776,-0.00027308,-6.78098e-05,7.51265e-05,0.000149807,0.000325442,0.000684938,0.000983195,6.22675e-05,7.79051e-05,7.44896e-05,7.87216e-05,8.62363e-05,7.83615e-05,8.14391e-05,7.48276e-05,0.000400742,8.91268e-05,0.000418197,0.000443015,0,0.000311954,0.504319,-0.000992277,-0.000330126,0.000341057,0.000972302,1787149500
1787149620,0.000578731,0,0.000898955,0,0.000621831,0.544353,0.000161828,0.000152334,0.0616963,-0.00101842,-0.000687961,-0.00031483,-9.30983e-05,7.22205e-05,0.000175527,0.000410107,0.000808095,0.0011343,0.000182804,0.000167417,0.00016631,0.00016986,0.000154528,0.00016671,0.000157459,0.000159101,0.000485329,0.000127261,0.000540979,0.000511751,0,0.0004705,0.507961,-0.00107411,-0.000371939,0.000397496,0.00109346,1787149500
1787149680,0.000247925,-5.16576e-06,0.000449319,-5.68248e-05,0.000620998,0.537369,8.78453e-05,7.911e-05,0.0437451,-0.000967981,-0.00068567,-0.000324713,-0.000104718,6.09976e-05,0.000159175,0.000391997,0.000753308,0.0010549,7.28078e-05,8.49469e-05,8.07384e-05,0.000100082,7.53718e-05,8.37483e-05,8.9642e-05,8.71345e-05,0.000475299,0.000131952,0.000527279,0.000480661,0,0.000386372,0.50649,-0.00101467,-0.00035808,0.00037131,0.00104596,1787149500
1787149740,-0.000619928,5.16433e-05,0.000139431,-0.000619928,0.000615756,0.539553,0.000171197,0.000183971,0.046725,-0.000916876,-0.000653351,-0.000315299,-0.00010161,6.48765e-05,0.000151188,0.000327236,0.000679335,0.000990508,0.000209599,0.000176987,0.000176921,0.000177933,0.000191737,0.000178146,0.00017674,0.000164291,0.000420093,0.000102709,0.000458801,0.000418272,0,0.00031533,0.50363,-0.000920354,-0.000318089,0.000312674,0.000924396,1787149500
1787149800,-0.000578946,0,4.13405e-05,-0.000723735,0.000615839,0.539311,0.000162428,0.000174231,0.0447289,-0.000979726,-0.000704124,-0.000322394,-0.000108755,6.88495e-05,0.000159787,0.000349796,0.000713051,0.00102547,0.000188383,0.000165609,0.000165656,0.000167181,0.000174206,0.00016583,0.000166757,0.000158107,0.000442896,0.000139194,0.00056387,0.000466833,0,0.000465232,0.504048,-0.00101386,-0.000359553,0.000347806,0.000992268,1787149800
1787149860,-0.000920801,0,0,-0.00125726,0.000615123,0.547229,0.000289021,0.00030606,0.0486338,-0.000927869,-0.000619923,-0.000300633,-9.08143e-05,7.90763e-05,0.000171502,0.000370068,0.000721238,0.00100909,0.000358779,0.000284432,0.000298849,0.00026912,0.00029565,0.000279982,0.000297234,0.000296414,0.000446477,8.70424e-05,0.000459787,0.000436796,0,0.000344802,0.510187,-0.000950285,-0.000309216,0.000350272,0.000945154,1787149800
1787149920,0.0011793,5.17541e-06,0.0011793,-0.000258805,0.000622709,0.553799,0.000368495,0.000353833,0.0480629,-0.00106442,-0.00071662,-0.000338314,-8.1257e-05,9.17183e-05,0.000207723,0.000451731,0.000857703,0.0011401,0.000482967,0.000403594,0.000405874,0.000361368,0.000396231,0.000397453,0.000350816,0.000363135,0.000529439,7.93841e-05,0.000509195,0.000496042,0,0.000423085,0.517461,-0.0010521,-0.000339127,0.000405972,0.00103502,1787149800
1787149980,0.000170573,0,0.000304943,-4.6525e-05,0.000638613,0.545081,7.69106e-05,6.95492e-05,0.0239988,-0.00105675,-0.000717607,-0.000358216,-9.87507e-05,7.89634e-05,0.000177825,0.000440048,0.000869127,0.00116863,5.27565e-05,7.42872e-05,7.81052e-05,8.89726e-05,7.71607e-05,7.46454e-05,8.12817e-05,7.41678e-05,0.000527186,0.000109137,0.000579724,0.000541034,0,0.000441893,0.511112,-0.00110233,-0.000388411,0.000428709,0.00113107,1787149800
1787150040,-0.000765222,-5.16845e-06,0.000217051,-0.000832465,0.000632654,0.542538,0.00021821,0.000235482,0.0247458,-0.000938609,-0.000671698,-0.000313369,-0.000103949,7.50769e-05,0.000139757,0.000334484,0.000696119,0.000987616,0.000281523,0.000220226,0.0002182,0.000219108,0.000224376,0.000227166,0.000216392,0.000216965,0.000425164,3.22199e-05,0.000441132,0.000453277,0,0.000320549,0.506993,-0.00100327,-0.000346941,0.000335209,0.000959356,1787149800
1787150100,0.0014214,8.27549e-05,0.0014214,8.27549e-05,0.000635577,0.543581,0.000515496,0.000499324,0.020114,-0.00102983,-0.000718736,-0.000338792,-0.000102157,7.69469e-05,0.000162109,0.000377228,0.000791609,0.00107389,0.000603461,0.000518105,0.000504441,0.000463911,0.000490033,0.000519904,0.000505563,0.000531825,0.000472333,9.81558e-05,0.000544189,0.000503518,0,0.000430855,0.508375,-0.00108073,-0.000371814,0.000386693,0.00106397,1787150100
1787150160,-9.81407e-05,-5.16506e-06,0.000206581,-0.000201457,0.00066052,0.540761,7.36279e-05,7.66957e-05,0.0153762,-0.00111594,-0.000775633,-0.000371676,-0.000109599,7.3594e-05,0.000181101,0.000454556,0.000869447,0.00122501,4.07445e-05,6.6629e-05,7.73505e-05,7.46809e-05,8.21415e-05,6.69522e-05,8.10305e-05,7.17684e-05,0.000547429,9.32425e-05,0.000624711,0.000578351,0,0.000462467,0.509181,-0.00117619,-0.000426604,0.000448382,0.00122377,1787150100
1787150220,0.000960332,-4.64911e-05,0.00154847,-4.64911e-05,0.000654028,0.537053,0.000301892,0.000288964,0.0238092,-0.0010589,-0.000761691,-0.00035641,-0.000114023,6.55794e-05,0.000144381,0.000368683,0.000757769,0.00107215,0.00037184,0.000292646,0.000282519,0.00029442,0.000263693,0.00030879,0.000303716,0.000308615,0.000473604,3.38421e-05,0.000494551,0.000500024,0,0.000394361,0.504934,-0.00109718,-0.000389931,0.000372532,0.001118,1787150100
1787150280,0.000515927,1.54817e-05,0.000778947,1.54817e-05,0.000661546,0.522007,0.000159139,0.000148253,0.0158823,-0.00130607,-0.00096081,-0.000476571,-0.000159937,4.43831e-05,0.000168276,0.000459685,0.000959216,0.00143912,0.00015802,0.000150472,0.000151001,0.000151487,0.000133023,0.00014727,0.000154032,0.000168231,0.000611027,8.24967e-05,0.000663556,0.000588335,3.33882e-06,0.000518105,0.504946,-0.00120039,-0.000449577,0.000443608,0.00129776,1787150100
1787150340,0.000484728,-3.09481e-05,0.00063938,-0.000134115,0.000658949,0.510937,0.000154318,0.000142435,0.0188503,-0.00122546,-0.000928129,-0.000485327,-0.000171833,2.07767e-05,0.00015301,0.000432302,0.000865688,0.00131593,0.000145885,0.00014143,0.000141773,0.000141436,0.000126629,0.000139136,0.00014522,0.000169068,0.000601992,5.82898e-06,0.000563856,0.000542129,0,0.000417342,0.509148,-0.00115374,-0.000420153,0.000407298,0.00120471,1787150100
1787150400,-0.000670431,5.15542e-06,0.000154651,-0.000716863,0.000655918,0.512731,0.00017599,0.000190092,0.0228437,-0.00119728,-0.000922208,-0.000474003,-0.000175106,2.51617e-05,0.000161861,0.000430703,0.000890394,0.00138376,0.000235076,0.000192396,0.000193759,0.000192848,0.000205326,0.000191064,0.000182456,0.000158295,0.000594025,1.28531e-05,0.000557388,0.000532864,0,0.000403234,0.510374,-0.00112241,-0.000407075,0.00040879,0.001215,1787150400
1787150460,-0.000407636,-3.09538e-05,-3.09538e-05,-0.000407636,0.000656211,0.534771,0.000113996,0.000125067,0.0182418,-0.00108329,-0.000778701,-0.00038136,-0.000125237,6.53596e-05,0.000153789,0.000403402,0.000835126,0.00114172,0.000117275,0.000119162,0.000120387,0.000119614,0.000130535,0.000117457,0.000119609,0.000109,0.000513367,7.83653e-05,0.00052839,0.000499323,0,0.000389932,0.50913,-0.00109177,-0.000379418,0.000384372,0.00112729,1787150400
1787150520,7.7412e-05,0,0.000288974,-0.00031487,0.000652169,0.549692,5.94126e-05,5.48705e-05,0.0237154,-0.000944272,-0.000678087,-0.000294041,-8.11235e-05,7.75548e-05,0.000151413,0.000346046,0.000750879,0.00101233,3.73077e-05,6.48469e-05,6.93066e-05,5.72177e-05,7.49237e-05,6.09713e-05,6.04779e-05,5.66259e-05,0.000427121,2.64751e-06,0.000380449,0.000440708,0,0.000281979,0.509603,-0.000983537,-0.000325872,0.000345755,0.00099847,1787150400
1787150580,0.000159966,8.77263e-05,0.000356018,-0.000108378,0.000645707,0.549076,6.9185e-05,6.10707e-05,0.041247,-0.00091763,-0.000658333,-0.00030541,-8.27572e-05,7.72655e-05,0.000159376,0.000391649,0.000741642,0.00101398,5.10305e-05,7.30199e-05,7.47358e-05,7.43404e-05,7.77581e-05,6.17245e-05,6.8837e-05,6.74404e-05,0.000464645,0,0.000425727,0.000442681,0,0.000331611,0.514254,-0.000953401,-0.000314278,0.000354885,0.00098267,1787150400
1787150640,0.000464272,1.03195e-05,0.000464272,-0.000134163,0.000639618,0.545987,0.000135337,0.000124158,0.0701609,-0.000891,-0.000641945,-0.000300724,-8.48175e-05,7.00362e-05,0.000150943,0.000338208,0.000693423,0.000975717,0.000137852,0.000135397,0.000134878,0.000134466,0.000121855,0.000133655,0.000134645,0.000136505,0.000422403,1.93549e-05,0.000436971,0.000426637,0,0.000323115,0.509227,-0.000943121,-0.000313926,0.000329478,0.000955649,1787150400
1787150700,0.000242367,-7.73637e-05,0.000386729,-0.000397197,0.000636584,0.53439,8.83298e-05,7.92055e-05,0.0617052,-0.000949429,-0.000681266,-0.000364377,-0.000101019,5.16147e-05,0.000150601,0.000367992,0.000730117,0.00106712,7.06747e-05,8.56167e-05,8.50241e-05,8.83542e-05,8.32088e-05,7.27438e-05,8.93312e-05,9.16575e-05,0.000476478,0,0.000512478,0.000449271,0,0.000381296,0.512579,-0.00096606,-0.000341948,0.000339907,0.000961946,1787150700
1787150760,0.000469098,2.06243e-05,0.000896764,-0.000221738,0.000631118,0.527374,0.000145711,0.000133215,0.0976742,-0.000967293,-0.000668798,-0.00036662,-0.000115289,4.2502e-05,0.000146833,0.000334358,0.000764673,0.00113649,0.000139217,0.000136611,0.000135846,0.000136306,0.000119531,0.000136163,0.000142121,0.000155375,0.000461142,0,0.00044876,0.000417496,0,0.000320885,0.507815,-0.000907699,-0.000311745,0.000318838,0.000948303,1787150700
1787150820,0.000283414,0,0.000324631,-0.000634107,0.000628287,0.514568,0.000107042,9.6927e-05,0.0994167,-0.00107779,-0.000859007,-0.000428709,-0.000156189,2.62041e-05,0.000144561,0.000373613,0.000824685,0.00123492,8.20366e-05,9.15875e-05,8.92594e-05,0.000103503,8.56044e-05,8.39542e-05,0.000102595,0.000121218,0.000530346,5.83777e-06,0.000529341,0.000450309,0,0.000383044,0.500868,-0.000968785,-0.000348658,0.000338765,0.0010372,1787150700
1787150880,-0.000288568,-5.15226e-06,-5.15226e-06,-0.000458655,0.000623262,0.521706,8.99502e-05,9.93614e-05,0.148681,-0.00103098,-0.000765705,-0.000401589,-0.000135899,3.69845e-05,0.000156829,0.000370177,0.000798683,0.00121576,8.3906e-05,9.13529e-05,8.79922e-05,0.000102701,0.00010567,8.43953e-05,8.79767e-05,8.92138e-05,0.000506437,0,0.000498013,0.000437181,0,0.000360863,0.505812,-0.000941354,-0.00032558,0.000339428,0.00101233,1787150700
1787150940,8.76097e-05,-5.15375e-06,0.000195823,-0.000474256,0.000618347,0.534771,6.14547e-05,5.63499e-05,0.161494,-0.000869273,-0.00062022,-0.000316894,-9.25572e-05,4.80201e-05,0.000141294,0.000337749,0.000712432,0.00106849,3.87878e-05,6.06474e-05,5.49947e-05,6.31364e-05,6.20294e-05,4.01184e-05,6.01956e-05,6.77016e-05,0.000428417,0,0.000417069,0.000393607,0,0.00028028,0.505624,-0.000886292,-0.000294787,0.000300934,0.000924052,1787150700
1787151000,0.00246538,5.15327e-06,0.00333377,5.15327e-06,0.000612257,0.536119,0.00104241,0.0010219,0.253171,-0.000863586,-0.00062017,-0.000302063,-0.000105304,5.8155e-05,0.000151409,0.000356213,0.000737843,0.00112507,0.00112467,0.00104889,0.00107188,0.00101082,0.00102883,0.00114172,0.00106317,0.00101515,0.000435506,1.14251e-05,0.000440034,0.000402954,0,0.000312538,0.509703,-0.000880536,-0.000288978,0.000321635,0.000949574,1787151000
1787151060,-0.000113099,-1.02812e-05,0.000226161,-0.000668501,0.000699231,0.505832,9.89943e-05,0.000103213,0.0239975,-0.00147984,-0.0011256,-0.000595016,-0.000222436,1.36508e-05,0.00019878,0.000588204,0.00122714,0.00183968,4.33608e-05,7.32216e-05,9.3051e-05,0.000112301,8.89237e-05,6.77833e-05,0.000103952,0.00010595,0.000770259,0.000126891,0.000930692,-0.000727809,0.00080442,3.08249e-05,0.496538,-0.00141433,-0.000563035,0.000532636,0.00158332,1787151000
1787151120,0.00116123,0,0.00165409,-0.000143963,0.000692388,0.509072,0.000369442,0.00035037,0.0280218,-0.00128962,-0.000967689,-0.000497516,-0.000185535,1.82346e-05,0.000172612,0.000442177,0.00100088,0.00148576,0.000472062,0.000362712,0.000341192,0.000338015,0.000323463,0.000408814,0.000383389,0.000380172,0.000620993,0,0.000620404,0.000600983,0,0.000530793,0.5028,-0.00128068,-0.000471912,0.000445798,0.00137822,1787151000
1787151180,0.00219033,-6.676e-05,0.00250797,-0.00027734,0.000704828,0.507017,0.000815107,0.000787807,0.0228198,-0.00142499,-0.00106896,-0.000567427,-0.00020755,1.54493e-05,0.000193675,0.000521845,0.00114414,0.00170972,0.000985076,0.000868122,0.000804552,0.000766516,0.000817554,0.000902852,0.000839767,0.000803276,0.000715943,5.17465e-05,0.000770603,0.000667746,4.07005e-05,0.000598664,0.503,-0.00134878,-0.000515018,0.0005026,0.00151733,1787151000
1787151240,0.00327398,5.12396e-06,0.00345782,-0.0008253,0.000763412,0.505112,0.00130532,0.0012731,0.102031,-0.00168881,-0.00127767,-0.000677768,-0.000243682,1.32419e-05,0.000216637,0.000636256,0.00136013,0.00201703,0.00152671,0.00138356,0.00128146,0.00126439,0.00131566,0.00144466,0.00130698,0.00129808,0.000860868,0.000160929,0.000996991,-0.000822104,0.000931548,0,0.498945,-0.00160077,-0.000636923,0.000600724,0.00181887,1787151000
1787151300,0.00544478,9.70326e-05,0.00661238,9.70326e-05,0.000886296,0.51097,0.00228184,0.00224137,0.929168,-0.00208139,-0.00158435,-0.000832542,-0.000290255,3.53283e-05,0.000282067,0.000853183,0.00177558,0.00262223,0.00261211,0.00241469,0.00224706,0.00224941,0.00196378,0.00253006,0.00226685,0.00228177,0.00109755,0.00033792,0.00129821,-0.00105846,0.00130751,0.000117576,0.491709,-0.00199433,-0.000825643,0.000752366,0.00233538,1787151300
1787151360,0.00323548,0.000137137,0.00503126,0.000137137,0.00116736,0.515924,0.00103413,0.00099065,0.998123,-0.00277292,-0.00212604,-0.00109426,-0.000383694,7.17849e-05,0.000414361,0.00117966,0.0024419,0.00360704,0.00150625,0.00119303,0.000974124,0.00102107,0.00066829,0.00142541,0.00101666,0.00107408,0.00148628,0.000484209,0.00165013,-0.00150179,0.00198364,0.000307884,0.483718,-0.00278249,-0.0011922,0.00103866,0.00327814,1787151300
1787151420,-0.00142881,1.01261e-05,0.000809766,-0.00177872,0.00124291,0.526132,0.000397186,0.000435938,0.99668,-0.0029871,-0.00226739,-0.00115086,-0.000372358,0.000129971,0.000505968,0.00132237,0.00269592,0.00388646,0.000616056,0.00041111,0.000423313,0.00041665,0.000689646,0.000522081,0.000378218,0.000348087,0.00162491,0.000492031,0.00171059,-0.00152269,0.00198336,0.000215939,0.484192,-0.00289693,-0.00123214,0.00104721,0.00338707,1787151300
1787151480,0.000598119,0.00012168,0.00207162,-0.000740542,0.0012469,0.514728,0.000252185,0.000228134,0.990427,-0.00271866,-0.00201179,-0.00107997,-0.000395771,6.74931e-05,0.000409359,0.00107975,0.00236836,0.00326403,0.000187952,0.000203722,0.000266698,0.000234048,0.000248572,0.000170078,0.000264005,0.000265219,0.00140386,0.000219679,0.00138751,-0.00134912,0.00158926,0,0.49629,-0.00273032,-0.00105838,0.000993722,0.00310002,1787151300
1787151540,-0.00215084,-5.06731e-06,7.60065e-05,-0.00277058,0.00123727,0.521441,0.000585921,0.000637295,0.972595,-0.00270418,-0.00202567,-0.00104133,-0.000357969,9.63521e-05,0.000412079,0.00110344,0.00237348,0.00330316,0.000977087,0.000661866,0.000622035,0.000616684,0.000880448,0.000885378,0.000623146,0.000542045,0.00140116,0.00011932,0.00125669,0.00135111,0.000346964,0.00128153,0.503346,-0.00265305,-0.00100248,0.0010481,0.00308665,1787151300
1787151600,0.0015223,0.000101559,0.00178086,0.000101559,0.00126204,0.522199,0.000459133,0.000424287,0.920806,-0.00308276,-0.00223307,-0.00117674,-0.000401148,0.000113017,0.000452617,0.00123651,0.00256984,0.00358425,0.000649539,0.000436769,0.000441893,0.000447715,0.000307253,0.000568827,0.000435684,0.000487592,0.00157436,0.000701624,0.00178405,0.00151765,0.00141017,0.00211067,0.513439,-0.00298778,-0.00108562,0.00115317,0.0032151,1787151600
1787151660,-0.00239105,-5.07061e-05,0.000329527,-0.00269097,0.00126776,0.526384,0.000712944,0.000764119,0.744367,-0.00243251,-0.00176767,-0.000876881,-0.000315317,0.000111189,0.000390819,0.00101776,0.00210421,0.00295467,0.00109719,0.000762381,0.000688215,0.000744186,0.000930774,0.0010032,0.000727926,0.000711783,0.00124743,0.000234678,0.00107429,0.00118399,0.000219162,0.00088939,0.516824,-0.00245145,-0.000864921,0.000969445,0.00273591,1787151600
1787151720,0.00273579,0,0.00307027,-0.000701647,0.00129978,0.528724,0.000864917,0.000815973,0.0384922,-0.0026867,-0.00192637,-0.000976033,-0.000341539,0.000135545,0.000422575,0.00105374,0.00219968,0.00304489,0.00125635,0.000899,0.000790516,0.000847896,0.00060138,0.00117557,0.00081237,0.000931092,0.00132954,0.000261546,0.00110348,0.00121954,0.000287206,0.00106838,0.517569,-0.00259488,-0.00089264,0.00098071,0.00271412,1787151600
1787151780,0.00068911,0,0.00107399,-0.000486717,0.00134362,0.523498,0.000269758,0.000243394,0.0327915,-0.00279531,-0.00209262,-0.00105441,-0.000356739,0.000107925,0.000441296,0.0011845,0.00248165,0.00352009,0.000232473,0.000225878,0.000276374,0.000253289,0.00023282,0.000195353,0.000286875,0.000278128,0.00146929,0.000259799,0.0014682,0.00137497,0.00049638,0.00124912,0.512908,-0.00275374,-0.00100382,0.00111205,0.00313822,1787151600
1787151840,0.00528426,2.02608e-05,0.00563689,-0.00035463,0.00133369,0.524709,0.00213468,0.00206506,0.0245412,-0.00253669,-0.00193414,-0.000969951,-0.000328008,0.000105895,0.000412928,0.00101016,0.00211878,0.00307611,0.00252941,0.00216188,0.00196305,0.00213959,0.00160582,0.00245084,0.00213006,0.00223397,0.00129322,5.63804e-05,0.001066,0.00123291,0.00019084,0.00101439,0.511291,-0.00261666,-0.000938206,0.000965791,0.00284894,1787151600
1787151900,0.00742938,-0.000201562,0.00758441,-0.000811535,0.00151711,0.534313,0.00295241,0.00286796,0.00628139,-0.00344103,-0.00262131,-0.00124909,-0.000381747,0.000196243,0.000635516,0.0014832,0.0030447,0.00440806,0.00360197,0.00315923,0.0028715,0.00303948,0.00251715,0.00352237,0.00295051,0.00305775,0.00181195,0.00036053,0.0018449,0.0017518,0.000757145,0.00180808,0.500339,-0.00338859,-0.00134139,0.00132234,0.00398997,1787151900
1787151960,0.0037489,0.00010002,0.00814875,-0.00246365,0.00183289,0.561169,0.00101984,0.000959522,0.00516512,-0.00428262,-0.00317686,-0.00142755,-0.000283231,0.000434616,0.00101452,0.00215019,0.00413706,0.00572806,0.00176058,0.00119077,0.00107044,0.00113381,0.000739778,0.00168213,0.00110041,0.00116884,0.00242544,0.000400364,0.00226928,-0.00231852,0.00347423,0.000315594,0.495506,-0.00438147,-0.00179563,0.00167994,0.00517643,1787151900
1787152020,0.00251799,9.46637e-05,0.00321355,-0.000438559,0.00189034,0.590065,0.000608938,0.000545901,0.00513062,-0.00434768,-0.00313322,-0.00129613,-8.45679e-05,0.000698093,0.00133087,0.00253742,0.00455902,0.00609737,0.00114412,0.000720622,0.000728703,0.000731983,0.000429049,0.00106667,0.000759262,0.000811765,0.00265895,0.000471521,0.00261144,-0.00238831,0.00381735,0.000679034,0.489282,-0.00447106,-0.00186081,0.00169293,0.00536358,1787151900
1787152080,-0.000188878,9.93952e-05,0.00155937,-0.00168625,0.00190492,0.632682,0.00035468,0.000402917,0.00522592,-0.00377504,-0.00262737,-0.000908928,0.000240284,0.000986546,0.00157382,0.00264622,0.00445861,0.00579652,5.74545e-05,0.000217792,0.000329837,0.000292487,0.000451791,7.76969e-05,0.000296533,0.000280885,0.00257225,0.000101108,0.00205664,0.00207293,0.000722904,0.0019156,0.5002,-0.00409812,-0.00161371,0.00156581,0.00490106,1787151900
1787152140,0.00164899,0,0.00332995,-4.97096e-06,0.00188596,0.612377,0.000399847,0.000356616,0.0339543,-0.00371774,-0.00259286,-0.000975524,7.84926e-05,0.000801115,0.00135666,0.00238612,0.00420508,0.00551834,0.000707868,0.000478781,0.000508911,0.000503954,0.00030415,0.000650016,0.000507906,0.00058928,0.00238872,0,0.0017554,0.00196086,0.000576745,0.00186221,0.502351,-0.00391862,-0.00148948,0.00151542,0.0046402,1787151900
1787152200,-0.00201194,-2.48141e-05,-2.48141e-05,-0.00300698,0.00188152,0.643208,0.000769261,0.0008371,0.00812618,-0.00351703,-0.00240635,-0.000779946,0.000300425,0.00102319,0.00156953,0.00257626,0.00431337,0.00554931,0.000908909,0.000581678,0.000595545,0.000590135,0.000912547,0.000813645,0.000551607,0.000477165,0.00245631,0,0.00181753,0.00192459,0.000611432,0.00167587,0.508189,-0.0038465,-0.00146169,0.00150695,0.00452966,1787152200
1787152260,-0.00163737,-0.000139247,-8.45403e-05,-0.0024795,0.00188421,0.605781,0.000587639,0.000652602,0.00719859,-0.00375073,-0.00260426,-0.00103313,3.31748e-05,0.000723207,0.00125888,0.00224941,0.00396902,0.00525121,0.000721627,0.000477335,0.000491729,0.000484066,0.000780735,0.000626363,0.000481127,0.00037874,0.00231284,0,0.00159928,0.00171038,0.000431833,0.00143987,0.517566,-0.00359243,-0.00125305,0.00141384,0.00409625,1787152200
1787152320,0.0012743,-0.000109586,0.00146331,-0.000403534,0.0018796,0.581362,0.000358162,0.000316623,0.00941411,-0.00352469,-0.00249423,-0.00105435,-0.0001274,0.000523341,0.000987068,0.00188371,0.00348141,0.00465587,0.00052052,0.000374614,0.000423611,0.000387039,0.000289199,0.000444825,0.000378235,0.000440374,0.00203508,0,0.00131991,0.00155687,0.000310339,0.00124036,0.521422,-0.00329683,-0.00109509,0.00133193,0.00375129,1787152200
1787152380,0.00172468,-9.94916e-06,0.00231546,-0.000656857,0.00186941,0.598401,0.000416816,0.000373591,0.0105656,-0.00337466,-0.00239894,-0.000971568,-1.7203e-05,0.000609689,0.00105518,0.00192051,0.00344041,0.0046136,0.000745504,0.000499289,0.000502257,0.000496967,0.000313373,0.000670017,0.000474977,0.000550336,0.00203106,0,0.00116864,0.00150609,0.000353548,0.00106776,0.526776,-0.00316657,-0.00105761,0.00129219,0.00360748,1787152200
1787152440,-0.00162022,-0.000144024,0.00262851,-0.00190378,0.00186663,0.606796,0.000569414,0.000634269,0.00882718,-0.0034317,-0.00240062,-0.000964486,3.74196e-05,0.00070526,0.00119009,0.00206154,0.00360725,0.00484711,0.000712899,0.000472502,0.000482222,0.000474807,0.000758572,0.000617787,0.000461998,0.000358166,0.00214142,0,0.00137064,0.00160385,0.00047505,0.00129336,0.519066,-0.00332117,-0.00118801,0.00131815,0.00381357,1787152200
1787152500,0.00289567,0,0.00300477,-0.00071154,0.00186202,0.571664,0.000775096,0.000713753,0.0108719,-0.00373627,-0.0026484,-0.00122754,-0.000203191,0.000495054,0.00100615,0.00186086,0.00351358,0.00480596,0.00133007,0.000859436,0.000825887,0.000829908,0.000540157,0.00125551,0.000814786,0.000998663,0.00210988,0.000211106,0.0017362,0.00175155,0.000776154,0.00201642,0.516578,-0.00358595,-0.00133248,0.00137015,0.00397559,1787152500
1787152560,-3.47182e-05,-0.000178563,0.000664373,-0.000729335,0.00188824,0.605278,0.000273217,0.000303361,0.00636512,-0.00344319,-0.0024501,-0.00100151,2.83049e-05,0.000710609,0.00121671,0.0021385,0.00368557,0.00496939,3.4354e-05,0.000201334,0.000250091,0.000248405,0.000374711,6.34288e-05,0.000250971,0.000248911,0.00220525,0.000107862,0.00152282,0.00172157,0.000622992,0.00135956,0.524119,-0.00347169,-0.00123404,0.00145673,0.00413035,1787152500
1787152620,-0.00328383,-4.95995e-05,9.91916e-05,-0.00357747,0.00186927,0.597098,0.00109572,0.00118341,0.0344724,-0.00324162,-0.00228228,-0.000962344,-2.5544e-05,0.000602935,0.00105624,0.00185172,0.00331767,0.00450833,0.00154423,0.00101975,0.000969744,0.00100775,0.00135704,0.0014718,0.00105221,0.000909272,0.00197246,0,0.0010002,0.00148659,0.000174964,0.00111547,0.51643,-0.00314571,-0.00110298,0.00120366,0.00364733,1787152500
1787152680,-0.000258793,-4.97615e-06,0.000771004,-0.000433018,0.00190787,0.571985,0.00025402,0.000285101,0.00694517,-0.00353612,-0.00246801,-0.00110535,-0.000184928,0.000455556,0.000921708,0.00176222,0.00326497,0.00450431,7.68764e-05,0.000214941,0.000258455,0.000255039,0.000392075,8.93493e-05,0.000249641,0.000188041,0.00196511,0.000213244,0.00124067,0.00165932,0.000374433,0.00129449,0.523354,-0.00346795,-0.00118573,0.00138313,0.00387619,1787152500
1787152740,0.000174195,0,0.00110438,-0.00077678,0.00188905,0.567717,0.000213042,0.000225119,0.0309399,-0.00320916,-0.00226626,-0.00103521,-0.000196726,0.000396795,0.000792342,0.0015188,0.00290071,0.00406976,5.36993e-05,0.000207091,0.000241239,0.000214041,0.000300018,7.06914e-05,0.000186537,0.000198042,0.00174113,0,0.000797961,0.00145555,4.90597e-05,0.00102036,0.520586,-0.00309501,-0.00103248,0.00121338,0.00346204,1787152500
1787152800,0.00154651,4.97644e-05,0.00188434,0,0.00187023,0.563854,0.000431459,0.000373793,0.134148,-0.00310046,-0.00217378,-0.000996505,-0.000195627,0.000332377,0.000707329,0.00144836,0.00277594,0.00394686,0.000654966,0.000448472,0.000448683,0.000446981,0.000339171,0.000620982,0.000420735,0.00049309,0.00165596,0,0.000890851,0.00151302,0.000174861,0.00116485,0.526559,-0.00312236,-0.00105235,0.00128017,0.00353651,1787152800
1787152860,-7.45358e-05,0,0.00111737,-0.000506953,0.0018643,0.573264,0.000211031,0.000232119,0.0200774,-0.00313891,-0.00223134,-0.000990356,-0.000151756,0.000395421,0.000779528,0.00151013,0.00277421,0.00397904,3.82608e-05,0.000197292,0.000217575,0.000191324,0.000342911,6.56408e-05,0.000201288,0.000187047,0.00171278,0,0.00100983,0.00145711,0.000201595,0.00102756,0.530463,-0.00302663,-0.00103109,0.00122756,0.00339174,1787152800
1787152920,0.00236257,0.000129192,0.00238735,-0.000785448,0.0018456,0.564546,0.000664475,0.000605539,0.073163,-0.00302004,-0.00214317,-0.00101596,-0.000184648,0.000322716,0.000694984,0.00135436,0.00257589,0.003736,0.00106289,0.000674759,0.000673818,0.000672508,0.000458448,0.00101049,0.000709961,0.000813131,0.00159831,0,0.000929489,0.00138283,0.0001006,0.00111985,0.521549,-0.00291329,-0.00100724,0.00111799,0.00323044,1787152800
1787152980,0.00111977,-3.96609e-05,0.0031925,-0.000813363,0.00185735,0.575564,0.000331208,0.000289088,0.0104819,-0.00325922,-0.0023598,-0.00105458,-0.000142964,0.000419125,0.000863041,0.00167141,0.0029865,0.00426495,0.000441075,0.000334478,0.000344362,0.000356336,0.00026593,0.000367561,0.000332936,0.000409091,0.00186614,0.000110208,0.00130502,0.00147196,0.000357992,0.00118008,0.528697,-0.00296591,-0.0010377,0.00125864,0.00349722,1787152800
1787153040,0.00380576,5.94218e-05,0.00665307,-4.95209e-05,0.00184549,0.574569,0.0011324,0.0010495,0.0151316,-0.00343467,-0.00244734,-0.00110488,-0.000159016,0.000444631,0.000904547,0.00168298,0.00313581,0.00437009,0.0017823,0.00125622,0.00123015,0.00112273,0.000822437,0.00171056,0.00120055,0.00136236,0.00191204,9.93078e-05,0.00138013,0.00151765,0.000439419,0.00139408,0.52127,-0.0030644,-0.00112389,0.00123691,0.00356106,1787152800
1787153100,-0.000439147,4.93303e-05,0.000394575,-0.00193567,0.00190457,0.597788,0.000323932,0.000371758,0.00575434,-0.00369925,-0.00263439,-0.00110269,-2.18476e-05,0.000655418,0.00120229,0.00215403,0.00377189,0.0050363,0.000132515,0.00022585,0.000243444,0.00034666,0.000417105,0.000125919,0.000299442,0.000272819,0.00227646,0.000393413,0.0019924,0.0018428,0.000717475,0.00179696,0.520627,-0.00354739,-0.00136946,0.00148611,0.00426846,1787153100
1787153160,0.00936276,-2.46769e-05,0.00984668,-0.000153007,0.00188645,0.594249,0.00379368,0.00368275,0.0228712,-0.0033557,-0.00238417,-0.000993101,-4.21587e-05,0.00056722,0.00105715,0.00187809,0.00336962,0.00452616,0.00456101,0.00402044,0.00397016,0.00378541,0.00347533,0.0044958,0.00396029,0.004061,0.00201454,0,0.00140852,0.00157352,0.000204917,0.00126852,0.527575,-0.00317769,-0.0011205,0.0013215,0.00377126,1787153100
1787153220,0.0247586,6.35593e-05,0.0322902,-0.00262412,0.00228927,0.619939,0.0110949,0.0109523,0.00530015,-0.00419254,-0.00293637,-0.00109763,0.000155609,0.000956427,0.0016068,0.0027552,0.00470328,0.00612251,0.0122588,0.0115469,0.0112018,0.0112101,0.0109646,0.012187,0.0112017,0.0114046,0.00275334,0.000534095,0.00261128,0.002619,0.000986649,0.00246484,0.517479,-0.00477465,-0.00191545,0.00206856,0.00591045,1787153100
1787153280,-0.0061576,0,0.00685919,-0.00731969,0.00417081,0.599216,0.00227973,0.00243794,0.999256,-0.0152979,-0.010645,-0.00420591,-3.3587e-05,0.00249109,0.00476292,0.00874929,0.0154041,0.0202841,0.00298122,0.00178703,0.00181855,0.00181141,0.00255084,0.00289622,0.00173228,0.00153564,0.00911565,0,0.00586785,0.00595295,0.00311859,0.00770366,0.500237,-0.0102394,-0.00438364,0.00429834,0.012656,1787153100
1787153340,-0.00469023,-2.87958e-05,0.000359877,-0.00725871,0.00421972,0.564151,0.00153581,0.00168785,0.999278,-0.0132032,-0.00941423,-0.00429115,-0.000756044,0.0013227,0.00315212,0.00639306,0.0120123,0.016276,0.00224698,0.00135943,0.00140702,0.00140088,0.0019766,0.00215279,0.00133639,0.00109877,0.00725218,0,0.00494131,0.00510429,0.00221465,0.00552479,0.513967,-0.00973301,-0.00381329,0.00378442,0.0110863,1787153100
1787153400,-0.00706471,1.44653e-05,0.000674822,-0.00779337,0.00422965,0.54736,0.00205958,0.00220667,0.999044,-0.0113844,-0.00819894,-0.00398379,-0.000949323,0.000838875,0.00235617,0.00521468,0.0100698,0.0138812,0.00343388,0.00213216,0.0020618,0.00204875,0.00247473,0.00334003,0.00208155,0.0018483,0.00613245,0,0.00461594,0.00486144,0.00135152,0.00510376,0.527131,-0.00915055,-0.00335249,0.00394485,0.010609,1787153400
1787153460,0.000470918,0.000179655,0.0044237,-0.00184697,0.00430468,0.547875,0.000677084,0.000689158,0.998998,-0.0105148,-0.00727668,-0.00358482,-0.000895241,0.000806447,0.00211947,0.00464659,0.00895749,0.0124353,0.000136496,0.000501014,0.00078255,0.000705883,0.00109513,0.000134744,0.000629072,0.000535421,0.00547967,0,0.00360091,0.00472353,0.000973288,0.0038108,0.536392,-0.00913203,-0.00313144,0.00400877,0.0101606,1787153400
1787153520,0.00244327,6.79493e-05,0.00561448,-0.00143286,0.00426194,0.546319,0.000862566,0.000769324,0.997375,-0.00946096,-0.00662099,-0.00331849,-0.000797743,0.000673637,0.00184711,0.0041296,0.00815045,0.0114557,0.00109968,0.000769353,0.000960133,0.000952454,0.00103804,0.00103491,0.000772002,0.00081516,0.00493755,0,0.00298746,0.00451011,0.000875992,0.00381183,0.531551,-0.00866647,-0.0030421,0.00379739,0.0097924,1787153400
1787153580,0.00111784,0.000111356,0.002046,-0.000716849,0.00423323,0.550716,0.000614127,0.000586799,0.992591,-0.00894994,-0.00627459,-0.0031887,-0.000692755,0.000695451,0.00175303,0.00378298,0.00746967,0.0105368,0.000435661,0.00054392,0.000745162,0.000679501,0.000933954,0.000366596,0.000572478,0.000612369,0.00461132,3.75079e-05,0.00289625,0.00391739,0.000875483,0.00321164,0.531352,-0.00776091,-0.00271952,0.00331253,0.0086337,1787153400
1787153640,0.00223194,-0.000435374,0.00224159,-0.00205275,0.00419366,0.552902,0.000746592,0.000649066,0.979787,-0.00759776,-0.00553415,-0.00289225,-0.000581843,0.000634709,0.00151379,0.00310505,0.00611194,0.00885504,0.000991443,0.000724474,0.000872663,0.000731243,0.000858599,0.000923651,0.000645509,0.000842854,0.00393258,0,0.00211325,0.00339005,0.000120965,0.00240314,0.529674,-0.00690364,-0.00233695,0.00287012,0.00775157,1787153400
1787153700,-1.93028e-05,-5.79095e-05,0.0043529,-0.00195147,0.0041635,0.5599,0.000471978,0.000518469,0.948746,-0.00730168,-0.00533447,-0.0027784,-0.000474776,0.000684319,0.00161152,0.00325031,0.00624082,0.00900205,3.39655e-05,0.00045052,0.000619613,0.000481394,0.000714831,6.25723e-05,0.000463835,0.00047733,0.00398573,0,0.00235335,0.00344237,0.000340554,0.00243391,0.534549,-0.00680713,-0.00229473,0.0030036,0.0078802,1787153700
1787153760,0.00384835,-2.4129e-05,0.00399256,-0.0013038,0.00412165,0.555629,0.00113955,0.000996806,0.920723,-0.00741728,-0.00513825,-0.00278276,-0.000498399,0.000604183,0.00155889,0.00300476,0.00614495,0.00894262,0.00179964,0.00111223,0.00111946,0.0011151,0.00106356,0.00175419,0.00105686,0.001267,0.00379641,4.17045e-05,0.00259476,0.00318508,0.000703265,0.00289922,0.522759,-0.00631235,-0.00220369,0.00267664,0.00747064,1787153700
1787153820,0.000576699,-2.40363e-05,0.0017339,-0.00178507,0.00411637,0.562373,0.000502781,0.000482462,0.702806,-0.00724812,-0.00518775,-0.00270831,-0.000431352,0.000687736,0.00164874,0.00328601,0.00625716,0.00898251,0.000175908,0.000472009,0.00059995,0.000514743,0.000594589,0.000164127,0.000470954,0.000526553,0.00397313,1.53676e-05,0.00270641,0.0032706,0.000449464,0.00241069,0.531324,-0.00639969,-0.00219858,0.00284503,0.00759899,1787153700
1787153880,7.6868e-05,4.80432e-05,0.00144029,-0.00195732,0.00407581,0.565031,0.000410476,0.000438698,0.642001,-0.00645648,-0.00444027,-0.00233647,-0.000355524,0.000630845,0.0014275,0.00274619,0.00532436,0.00776262,3.75316e-05,0.000437281,0.000542951,0.000452607,0.000362366,6.43576e-05,0.000357243,0.000465782,0.00336482,0,0.00222162,0.00307471,0.000252688,0.00239732,0.527601,-0.00617236,-0.00207915,0.00263092,0.00729866,1787153700
1787153940,0.000307413,-5.28461e-05,0.00179031,-0.000254648,0.00403486,0.590166,0.00035996,0.000364488,0.887303,-0.00565608,-0.00378971,-0.00178448,-8.7471e-05,0.00065401,0.00132692,0.00244158,0.00470493,0.00705106,8.81144e-05,0.000443358,0.000527826,0.000465795,0.000199132,9.14175e-05,0.000291975,0.000403665,0.00286886,0,0.00180094,0.00294949,0.000146417,0.00231848,0.525926,-0.00588171,-0.00195925,0.00252467,0.00699851,1787153700
1787154000,0.000585744,8.16407e-05,0.00128147,-0.00171119,0.00399455,0.612453,0.000305089,0.000282335,0.97388,-0.00492446,-0.00302562,-0.00133277,0.000101069,0.000712684,0.00112483,0.00197875,0.00390962,0.00600838,0.000179258,0.000452064,0.000516835,0.000427606,0.000157758,0.000168662,0.00024479,0.00037661,0.0022908,5.38116e-05,0.00123316,0.00268419,0,0.00190761,0.524623,-0.00545044,-0.00181406,0.00219808,0.00626355,1787154000
1787154060,0.00023996,-4.79979e-06,0.00104101,-0.00256637,0.00395527,0.631251,0.00025342,0.000271806,0.993916,-0.0043772,-0.00261151,-0.000944769,0.000222402,0.000722642,0.00110729,0.00196573,0.0036218,0.00562277,6.93831e-05,0.000426329,0.000472764,0.000417056,0.000147797,8.15921e-05,0.000187993,0.000349981,0.00210425,0.000113849,0.00111574,0.00280054,5.18633e-05,0.00205741,0.530949,-0.00559544,-0.00180703,0.00244792,0.00666674,1787154000
1787154120,-4.79864e-06,7.19768e-05,0.000498933,-0.00201746,0.00391566,0.648069,0.000233753,0.000301233,0.998268,-0.00404693,-0.00237073,-0.000788749,0.000337829,0.000709494,0.00107775,0.00188456,0.00339815,0.00535596,3.31149e-05,0.000406875,0.000435791,0.000418511,0.000150625,4.67962e-05,0.000195712,0.000323204,0.00196879,0.000148304,0.001184,0.00228623,0.000166451,0.00183746,0.528511,-0.00432628,-0.00130191,0.00193843,0.0053563,1787154000
1787154180,0.000446175,5.75821e-05,0.00178351,-0.000460776,0.00387631,0.669494,0.000203823,0.000193444,0.594554,-0.00358171,-0.00199282,-0.000491375,0.000375201,0.000665191,0.00095549,0.00155303,0.00280816,0.0045817,0.00012662,0.000425175,0.000437445,0.000405616,0.000112273,0.000129388,0.00016671,0.000312756,0.00162604,0,0.00116467,0.00203914,0,0.0016351,0.529201,-0.00373792,-0.00103302,0.0016651,0.00453744,1787154000
1787154240,0.000460359,-4.79652e-06,0.000743183,-0.00173304,0.00383787,0.660986,0.000202975,0.000185276,0.667483,-0.00360082,-0.00199868,-0.000583902,0.000358399,0.000657543,0.000897554,0.00137677,0.0026216,0.00441988,0.000130533,0.000419385,0.000416888,0.000387598,0.000107907,0.000132928,0.000177772,0.000319241,0.00152901,0.000183771,0.00115369,0.00206521,0,0.00162659,0.525679,-0.00396039,-0.00119578,0.00161074,0.00464041,1787154000
1787154300,-0.00217418,-4.31496e-05,0.000297202,-0.0028038,0.00379985,0.650766,0.000669708,0.000803758,0.764463,-0.00374265,-0.00231903,-0.00073624,0.000342009,0.000676878,0.00104959,0.00173891,0.00298194,0.0047023,0.000989386,0.000665406,0.000652626,0.000679937,0.000961835,0.000939425,0.000686454,0.000534112,0.00186513,9.71938e-05,0.00167807,0.00222429,6.35586e-05,0.00211499,0.53179,-0.00427326,-0.00134816,0.0018425,0.00504338,1787154300
1787154360,0.000710848,-9.60952e-06,0.00184811,-0.000999885,0.00377421,0.651334,0.000254227,0.000198209,0.220988,-0.00384108,-0.00220423,-0.000618196,0.000286903,0.00061626,0.000949071,0.00152121,0.00290897,0.00466988,0.000229931,0.000422665,0.000397257,0.000406579,0.000169978,0.000201391,0.000229362,0.000386014,0.00166636,7.42942e-05,0.00116365,0.00240183,0,0.00180563,0.530045,-0.0049579,-0.00155943,0.002044,0.00567593,1787154300
1787154420,-0.000124842,-0.000115238,0.000201635,-0.00236023,0.00373763,0.668148,0.00019646,0.00026902,0.226198,-0.00346579,-0.00198013,-0.000478304,0.000352154,0.000615824,0.000901546,0.00147389,0.00273645,0.00442201,4.73106e-05,0.000384177,0.000346678,0.000375875,0.000170551,6.79871e-05,0.000183527,0.000295924,0.00155892,0.000145654,0.00122477,0.00243905,0.000135991,0.00187919,0.533638,-0.00496849,-0.00156061,0.00211906,0.00583209,1787154300
1787154480,0.00189017,3.84146e-05,0.00263757,3.84146e-05,0.0037001,0.70518,0.000498585,0.000387952,0.316811,-0.00311579,-0.0016724,-0.000229126,0.000436069,0.000636302,0.000887081,0.00138305,0.00245445,0.00405006,0.000819533,0.000603425,0.000565021,0.000599198,0.000466833,0.000774411,0.000486039,0.000624313,0.00141431,7.93434e-05,0.00103741,0.00234056,0,0.00181268,0.534542,-0.00471716,-0.00142119,0.00206618,0.00559147,1787154300
1787154540,-0.00172692,-5.75159e-05,0.000536655,-0.00264436,0.00367266,0.669595,0.000547772,0.000674969,0.0678298,-0.00341077,-0.00202909,-0.000469289,0.000359721,0.000651874,0.000915095,0.00143531,0.00256093,0.0042643,0.000765474,0.000574819,0.00052884,0.000553658,0.000661145,0.000671134,0.000558708,0.000429829,0.00155182,0.000153108,0.00107773,0.00240834,3.07148e-05,0.00169969,0.534411,-0.00495239,-0.00160612,0.00204429,0.00564868,1787154300
1787154600,0.00251743,6.24128e-05,0.00271376,-0.000216075,0.00364394,0.646221,0.000725427,0.000585988,0.0675375,-0.00362336,-0.00207487,-0.000558649,0.000218007,0.000599159,0.000924637,0.00144555,0.00261985,0.00431513,0.00113299,0.00073515,0.000726235,0.000730792,0.000665577,0.00106639,0.000722888,0.000863954,0.00158439,9.81202e-05,0.00120529,0.00241957,0,0.00187738,0.53441,-0.00508444,-0.00162202,0.00207014,0.00574575,1787154600
1787154660,-0.00256544,-4.78918e-05,0.000339966,-0.00300726,0.00362484,0.66016,0.000795718,0.000960737,0.0361919,-0.00360765,-0.0021978,-0.000556738,0.00033404,0.00066184,0.00100217,0.00170065,0.00295494,0.00459847,0.00118483,0.000756739,0.000750875,0.000752605,0.0010505,0.00109039,0.000814545,0.000618399,0.00176687,8.54377e-05,0.00118326,0.00246716,9.0867e-05,0.00172374,0.541022,-0.0050818,-0.00162316,0.00216362,0.00586378,1787154600
1787154720,-0.000725269,2.40065e-05,0.000791912,-0.000941511,0.0036067,0.629063,0.000313694,0.000389875,0.0602181,-0.00407213,-0.00248202,-0.000744624,0.000155851,0.000634195,0.00102952,0.00171308,0.00297077,0.00470493,0.000264365,0.000399436,0.000344962,0.000396577,0.000298927,0.000205397,0.000317707,0.000323367,0.00187153,4.80228e-05,0.00131213,0.0025361,0,0.00200558,0.534691,-0.00544391,-0.00175292,0.00218174,0.00605484,1787154600
1787154780,-0.000177795,3.84381e-05,0.000369905,-0.000783498,0.00357193,0.651794,0.000181033,0.000240972,0.0690539,-0.00333651,-0.00193083,-0.000417369,0.000186995,0.000560151,0.000803307,0.00120343,0.0023185,0.0038301,5.62248e-05,0.000360925,0.000284357,0.00032679,0.000193488,7.56162e-05,0.00017014,0.000264826,0.00135079,0,0.00102422,0.00228197,0,0.00167105,0.530745,-0.00488248,-0.00153507,0.00191975,0.00542714,1787154600
1787154840,-0.00232867,4.80569e-06,0.000139356,-0.00272374,0.00353612,0.688235,0.000729502,0.000884974,0.0784733,-0.00322179,-0.00187505,-0.00027053,0.000321805,0.000599519,0.000822394,0.00126125,0.0022266,0.00367998,0.00106536,0.000689466,0.00068086,0.000681048,0.000828896,0.000991453,0.000751734,0.000639192,0.00136302,0,0.00091636,0.0021881,0,0.00153936,0.535647,-0.00469936,-0.00139341,0.0018898,0.00527131,1787154600
1787154900,0.00484849,-0.000187877,0.00493956,-0.000317967,0.00351603,0.644198,0.00177219,0.00159288,0.0896382,-0.0034994,-0.00212202,-0.000481365,0.000172333,0.000570153,0.000871699,0.00138864,0.00256275,0.00396298,0.00229866,0.00141939,0.00154447,0.00145463,0.00184602,0.00223192,0.00178524,0.00171897,0.00152265,0,0.00116436,0.00232726,0,0.00179481,0.536741,-0.00504784,-0.00156606,0.00200725,0.00550544,1787154900
1787154960,-0.000863222,-4.79362e-06,-4.79362e-06,-0.00264958,0.00354759,0.613267,0.00035843,0.000427727,0.0775871,-0.0040852,-0.00281251,-0.00095877,7.5393e-05,0.00055483,0.00104222,0.00195625,0.00342375,0.00517051,0.000332658,0.000414971,0.00036424,0.000414041,0.000340021,0.00025457,0.000360903,0.000330849,0.00211489,0,0.00170913,0.00270485,0.000250999,0.00212701,0.540012,-0.00558262,-0.00185991,0.00234997,0.00624828,1787154900
1787155020,0.00033099,-4.79776e-06,0.000738581,-0.000436691,0.00351406,0.605558,0.00023231,0.000222466,0.0496653,-0.00386996,-0.00257515,-0.000823117,2.10598e-05,0.000475723,0.000943209,0.0015498,0.00289853,0.00453738,9.48268e-05,0.000359743,0.00028849,0.000357159,0.000187154,0.000101329,0.000218958,0.000319283,0.00177179,0,0.00157047,0.00243752,0,0.00198677,0.534659,-0.00524711,-0.00165422,0.00209523,0.00583504,1787154900
1787155080,-0.000100724,-2.39811e-05,0.000119897,-0.000546912,0.00347905,0.595825,0.000215607,0.000240429,0.0530608,-0.00377783,-0.00266671,-0.000859639,-2.13646e-05,0.000373198,0.000808812,0.00137953,0.00285561,0.00429101,4.35268e-05,0.000341553,0.000261579,0.000250858,0.000200961,6.13623e-05,0.000209322,0.00028059,0.00163117,0,0.00184707,0.00221622,0,0.00157357,0.534281,-0.00481128,-0.00147414,0.00187441,0.00537416,1787154900
1787155140,-7.67493e-05,0,0.000920532,-9.59375e-05,0.00344412,0.613083,0.000201912,0.000230855,0.0763482,-0.00371224,-0.00246067,-0.00069263,5.21779e-05,0.000398829,0.000773463,0.00134647,0.00273513,0.00415001,3.94911e-05,0.000335063,0.000246931,0.000212707,0.000191189,4.86388e-05,0.000196439,0.000271142,0.00154236,0,0.00155288,0.00207432,0,0.0013891,0.534649,-0.00455561,-0.00132234,0.00176673,0.00507382,1787154900
1787155200,0.000374097,4.797e-06,0.00161529,-0.000508613,0.00340952,0.527243,0.000316419,0.000291795,0.134862,-0.00452708,-0.00346347,-0.00161816,-0.000532084,0.00019413,0.000787435,0.00176077,0.00344016,0.00493829,0.000106805,0.00034645,0.000250845,0.000321633,0.000170572,0.000108647,0.000320595,0.000316722,0.00222499,0.000718426,0.00319673,0.00233984,0.000696773,0.00281144,0.522083,-0.00517714,-0.00175186,0.0018249,0.00552028,1787155200
1787155260,0.00341794,0,0.00476467,-0.00202083,0.00337567,0.586216,0.0010341,0.000910436,0.222497,-0.00392813,-0.00259462,-0.000890335,-7.58353e-05,0.000389888,0.00083366,0.0015853,0.0031467,0.00476985,0.00158249,0.000980463,0.0010312,0.00100606,0.00111973,0.00158976,0.00103455,0.00102906,0.00178438,0.00020348,0.0018795,0.00176079,4.22806e-05,0.00147314,0.536113,-0.00369527,-0.00106036,0.00139813,0.00427599,1787155200
1787155320,0.00303474,9.55767e-06,0.00426796,-0.00203308,0.00337652,0.548948,0.00084864,0.000757136,0.0178535,-0.00506528,-0.0036595,-0.00155606,-0.000358995,0.00033125,0.00113029,0.00252272,0.00476261,0.00670219,0.00139031,0.000873486,0.000864066,0.000871399,0.000804131,0.00132505,0.000835926,0.00101396,0.002779,0.00035822,0.00282308,0.00248788,0.000707026,0.00235564,0.539759,-0.00519166,-0.00171339,0.00216755,0.00613026,1787155200
1787155380,0.00126176,-0.000104822,0.00383748,-0.000738751,0.00337002,0.547525,0.000469408,0.000405527,0.0152007,-0.00509943,-0.00373224,-0.00163071,-0.000379829,0.000331797,0.00116128,0.0024919,0.00472449,0.00673075,0.000503385,0.000457347,0.000393827,0.000495632,0.000272969,0.000438558,0.000465112,0.000618301,0.00280543,0.000312031,0.00285097,0.00254131,0.000546836,0.00235549,0.534422,-0.00529547,-0.00179667,0.00215239,0.00618977,1787155200
1787155440,0.00074203,-9.51679e-06,0.00139323,-0.000856874,0.00334092,0.547409,0.000367905,0.000339673,0.0173151,-0.00484574,-0.00349996,-0.0015247,-0.000368343,0.000320003,0.00108865,0.00217546,0.00433088,0.00625683,0.000243334,0.000367487,0.000300143,0.00040392,0.000196479,0.000210053,0.000368782,0.000507261,0.00252783,0.000339038,0.00266752,0.00242227,0.000394659,0.00222153,0.529841,-0.00514211,-0.00175302,0.00199414,0.00594621,1787155200
1787155500,-0.000932383,8.0829e-05,0.00221805,-0.000932383,0.00330901,0.56818,0.000381263,0.000444502,0.0235739,-0.00451359,-0.00323722,-0.00122041,-0.000192695,0.000384531,0.00104966,0.00214645,0.00416301,0.00596027,0.00036713,0.000399051,0.000325261,0.000393863,0.000393824,0.000281839,0.000385481,0.00038473,0.00236632,0.000264372,0.00234494,0.00225285,0.000134442,0.00179333,0.538245,-0.00488491,-0.00154075,0.0019263,0.00571532,1787155500
1787155560,-0.00201997,4.75926e-06,0.000152285,-0.00257332,0.0032784,0.548545,0.000568702,0.000675359,0.0311946,-0.00442885,-0.00301636,-0.00124885,-0.000346586,0.000314608,0.000916079,0.00183742,0.00387899,0.00557646,0.000909886,0.000600393,0.000589021,0.000600628,0.000721193,0.000817738,0.000569533,0.000489716,0.00212646,0.00026839,0.00230689,0.00222866,2.9646e-05,0.0019479,0.524675,-0.00486115,-0.00160904,0.00179432,0.00541106,1787155500
1787155620,-0.00230126,-3.81519e-05,0.000448176,-0.0026359,0.003258,0.56259,0.000684719,0.000785572,0.0248769,-0.00436349,-0.00296171,-0.00105798,-0.000235745,0.000372616,0.000960503,0.00197856,0.00396515,0.00551867,0.00104999,0.000678018,0.000666875,0.000673349,0.000804035,0.000958303,0.000689814,0.000555455,0.00215514,0.000145748,0.00210747,0.00212502,0,0.0016773,0.532879,-0.00469167,-0.0014337,0.00180321,0.00523117,1787155500
1787155680,0.000578199,2.86789e-05,0.00201508,-0.000262928,0.00324163,0.563221,0.000298788,0.000272638,0.0265134,-0.00426845,-0.00281901,-0.00104829,-0.000239447,0.000389303,0.000952454,0.00191035,0.00383527,0.00528057,0.000175208,0.000332639,0.000257136,0.000309406,0.000199042,0.000164544,0.000301799,0.000326397,0.00209003,8.32682e-05,0.00200834,0.00207801,0,0.00165835,0.532455,-0.00458375,-0.00138942,0.00175114,0.00499794,1787155500
1787155740,0.000601736,-9.55429e-06,0.000787915,-7.16594e-05,0.00321009,0.567367,0.000280188,0.000248752,0.0327113,-0.0039558,-0.00265345,-0.00102361,-0.000203134,0.00039284,0.000844628,0.00164847,0.00340929,0.0048627,0.000184312,0.000330098,0.000253333,0.000299142,0.000196761,0.00017144,0.000280201,0.000335565,0.0018747,7.11989e-05,0.00186953,0.00199137,0,0.00157361,0.530507,-0.0043311,-0.0013391,0.0016315,0.00474438,1787155500
1787155800,-0.000869291,-4.77426e-06,8.59328e-05,-0.00149546,0.00317897,0.604187,0.000323648,0.000384197,0.0433067,-0.00359344,-0.00249015,-0.000810737,1.30269e-05,0.000484861,0.000819297,0.00146966,0.00300153,0.00436756,0.000334145,0.000373562,0.000291194,0.000299023,0.000335177,0.000258602,0.000326702,0.000297919,0.00167144,0,0.0013585,0.00178463,0,0.00109122,0.536659,-0.00394808,-0.00113878,0.00143506,0.00423403,1787155800
1787155860,-0.00110442,-9.55685e-06,0.000463398,-0.00227232,0.00314942,0.578546,0.000359277,0.000440029,0.0608467,-0.00369587,-0.00254011,-0.000838407,-0.000123216,0.000404996,0.000811594,0.00156024,0.00315917,0.00460056,0.000451081,0.000409304,0.000330429,0.000350004,0.000390235,0.000360085,0.000362537,0.00032326,0.00174161,0,0.00163595,0.00186882,0,0.00138207,0.53291,-0.00416102,-0.00122625,0.001559,0.00461322,1787155800
1787155920,-0.00123495,-4.78369e-06,-4.78369e-06,-0.00171882,0.00312168,0.567956,0.000385033,0.000469873,0.0803614,-0.00365096,-0.002418,-0.000865073,-0.000192583,0.000381932,0.000823322,0.0016058,0.00327538,0.00464397,0.000515621,0.000427968,0.000365755,0.000396305,0.000414149,0.000425159,0.000390612,0.000346059,0.0017649,2.64957e-05,0.0017411,0.0018825,0,0.00149546,0.532197,-0.0040575,-0.00121899,0.00157961,0.00454008,1787155800
1787155980,0.000296911,-4.7896e-06,0.000541078,-0.0010207,0.00309523,0.576226,0.00022195,0.000206234,0.106503,-0.00343746,-0.00226148,-0.000748329,-0.000132402,0.000384822,0.000738373,0.00146015,0.00299357,0.00428684,8.50611e-05,0.000296735,0.000185491,0.000224529,0.000178411,9.5702e-05,0.00022355,0.000233443,0.00159935,0,0.00148671,0.00169947,0,0.00123734,0.533253,-0.00372677,-0.00105865,0.00141118,0.00414511,1787155800
1787156040,0.000110122,-1.91529e-05,0.000727537,-7.18251e-05,0.00306441,0.587425,0.000207908,0.000212164,0.142817,-0.00326753,-0.00218688,-0.000701123,-6.724e-05,0.000382243,0.000758304,0.00150842,0.00296336,0.00424827,4.37568e-05,0.0002819,0.000166391,0.000214977,0.000167988,6.12419e-05,0.000208703,0.000234893,0.00160885,0,0.00153122,0.00169688,0,0.00125846,0.538011,-0.00364168,-0.0010148,0.00144274,0.00416182,1787155800
1787156100,0.00300213,-9.57575e-05,0.00391818,-0.000110122,0.00303365,0.559806,0.000943413,0.000845325,0.202604,-0.00344409,-0.00251349,-0.00108783,-0.000230917,0.000325538,0.000655424,0.00126443,0.00264504,0.00394959,0.00137323,0.000859845,0.000976747,0.000886449,0.00093329,0.00135081,0.00094643,0.000921278,0.00157504,0,0.00187372,0.00163587,0,0.00143612,0.528374,-0.00359288,-0.0011275,0.0012179,0.00382922,1787156100
1787156160,0.000749126,-7.63756e-05,0.00122598,-0.00098856,0.00303303,0.559792,0.000316544,0.000283062,0.0239344,-0.00400472,-0.00287182,-0.00120695,-0.000242867,0.00034312,0.000885152,0.00188695,0.00369598,0.0052572,0.000245324,0.000335851,0.000256547,0.000322367,0.000206761,0.000212024,0.000316513,0.000401003,0.00212094,0.000108649,0.0019878,0.00206923,0.000213637,0.00166181,0.533001,-0.00437783,-0.00144315,0.0017214,0.00496309,1787156100
1787156220,7.63126e-05,0,0.0010059,-0.000529579,0.00300441,0.570821,0.000239614,0.000242793,0.0283672,-0.00363874,-0.00255852,-0.000998314,-0.000160957,0.0003615,0.000815112,0.00162405,0.00323223,0.00471029,3.79332e-05,0.000271868,0.000166731,0.000234129,0.000185163,6.54315e-05,0.000240929,0.000313587,0.00183351,9.91192e-06,0.00171067,0.00189262,0,0.0014676,0.533107,-0.0040844,-0.00128776,0.00156662,0.0046298,1787156100
1787156280,0.000572159,9.53866e-06,0.00134882,9.53866e-06,0.00297424,0.568819,0.000246587,0.000209273,0.0445146,-0.00330013,-0.00225248,-0.000860843,-0.000155764,0.000317531,0.000669378,0.00131385,0.00281607,0.00421105,0.000171921,0.000299805,0.000214733,0.000264075,0.000185718,0.000164815,0.000245699,0.000339965,0.0015216,9.94021e-06,0.00158898,0.00173378,0,0.00134122,0.527964,-0.00375304,-0.00117587,0.00139076,0.00426702,1787156100
1787156340,0.000309783,0,0.000990967,-0.000143009,0.00294545,0.582438,0.000216179,0.000192726,0.0639698,-0.00328374,-0.00220368,-0.000840672,-9.22927e-05,0.000377932,0.000663961,0.00128572,0.00276334,0.00410937,8.77498e-05,0.000276699,0.00016532,0.000222382,0.00016726,9.48248e-05,0.00021697,0.000286841,0.0014902,5.49705e-06,0.00145017,0.00168657,0,0.00117394,0.531046,-0.00365377,-0.00114431,0.0013418,0.00405801,1787156100
1787156400,-0.000519536,4.76514e-06,2.85905e-05,-0.00140194,0.00291618,0.588476,0.000244977,0.000288072,0.104621,-0.0032924,-0.00219847,-0.000811028,-6.04719e-05,0.000374714,0.000655926,0.00131675,0.00276489,0.00413993,0.000164307,0.000287,0.000195633,0.000241989,0.000248765,0.000150148,0.000247186,0.000272187,0.00149967,5.62405e-05,0.00143208,0.00166262,0,0.0011673,0.533656,-0.00363235,-0.00111815,0.00133748,0.00407482,1787156400
1787156460,-0.000424409,-5.72131e-05,0.000910202,-0.000705858,0.00288781,0.600104,0.000224595,0.000264319,0.153017,-0.00303278,-0.0019887,-0.000589985,-1.09784e-05,0.000372476,0.000651756,0.00133674,0.00270733,0.00397956,0.000127229,0.000275343,0.000174852,0.000222852,0.000221046,0.000123305,0.00022726,0.000246023,0.00141864,0,0.0013501,0.00141474,0,0.00100655,0.538795,-0.00298595,-0.000803229,0.00115693,0.00349549,1787156400
1787156520,-0.00149402,-7.15473e-05,4.76954e-05,-0.00225859,0.00285941,0.57966,0.00044222,0.000516756,0.243387,-0.00296944,-0.00186014,-0.000642023,-9.72874e-05,0.000336232,0.000567643,0.0011559,0.0024827,0.00377492,0.000645249,0.000446921,0.000432064,0.000439151,0.000474759,0.000571879,0.000443708,0.00038103,0.00128512,0.000107624,0.0013314,0.00137437,0,0.00102015,0.532007,-0.00288869,-0.000832959,0.00104427,0.00329134,1787156400
1787156580,0.000458466,-4.77679e-06,0.000754447,-0.000143314,0.00283855,0.577616,0.000228112,0.00020001,0.137914,-0.00326917,-0.00210436,-0.000700094,-0.000112452,0.000350563,0.000680754,0.00149783,0.00293175,0.00424609,0.000129597,0.000270761,0.000175788,0.000239757,0.000170482,0.000131285,0.000232441,0.000271331,0.00156572,8.75786e-05,0.0014308,0.00159341,0,0.00117321,0.539094,-0.00346059,-0.00100816,0.0013507,0.00391786,1787156400
1787156640,0.00212244,6.6842e-05,0.00264639,-0.000200553,0.00281077,0.608805,0.000580669,0.000525921,0.186114,-0.00285543,-0.00181298,-0.000546191,2.11746e-05,0.000396583,0.000577425,0.00120951,0.00244239,0.00365363,0.00093156,0.000612002,0.000656316,0.000603765,0.000568058,0.000874929,0.000577665,0.000657287,0.00128532,9.84045e-06,0.00107724,0.00141635,0,0.000865234,0.540008,-0.00303931,-0.000851454,0.00113978,0.0033715,1787156400
1787156700,-0.000829361,-0.000133414,0.000262011,-0.000829361,0.00279866,0.57976,0.000319644,0.000356337,0.0470846,-0.00335949,-0.00226537,-0.000879045,-0.000108752,0.00038444,0.000735179,0.0016043,0.00304181,0.00444851,0.000312807,0.000326736,0.000248127,0.000309191,0.00030963,0.000241402,0.000325785,0.00027773,0.00172227,0.00010235,0.00151289,0.00174314,0,0.00125649,0.536554,-0.00369744,-0.00118957,0.00144375,0.00413127,1787156700
1787156760,0.000934174,0,0.00212446,-4.76843e-06,0.00277301,0.566784,0.000289994,0.00024957,0.0598432,-0.00303224,-0.0020174,-0.000740156,-0.000163077,0.000305579,0.000530767,0.00114757,0.00240863,0.00369484,0.000336882,0.000339586,0.00027052,0.000297951,0.000235826,0.00028231,0.000291285,0.000372728,0.00131936,4.80599e-05,0.0013233,0.00153268,0,0.00102595,0.526919,-0.00343277,-0.00107574,0.00118805,0.00371522,1787156700
1787156820,0.000461998,-1.4292e-05,0.000828587,-0.000705316,0.00274832,0.565726,0.000225529,0.00019548,0.0645965,-0.0030957,-0.00205151,-0.000809886,-0.000177449,0.000319206,0.000628336,0.00132734,0.00270659,0.0040142,0.000130283,0.000259597,0.000173297,0.000243722,0.000170095,0.000132276,0.000229878,0.000291773,0.00148324,0.000137244,0.00150956,0.00166863,0,0.00122797,0.525595,-0.00359125,-0.00117328,0.00132059,0.00393116,1787156700
1787156880,-0.000166676,-2.38091e-05,0.00112315,-0.000652575,0.00272148,0.579467,0.000215036,0.000220273,0.0728149,-0.0030956,-0.00202423,-0.000745602,-0.000104302,0.000361535,0.000619512,0.00137893,0.00276669,0.00402887,5.57492e-05,0.000239643,0.000128275,0.000207644,0.000180944,7.21182e-05,0.000220976,0.000247027,0.00148582,2.79095e-05,0.00142395,0.0016006,0,0.00120334,0.517127,-0.00353014,-0.00110434,0.00124391,0.00372545,1787156700
1787156940,-0.000281031,-0.00017623,5.23868e-05,-0.0007623,0.00269423,0.563821,0.000214567,0.000222507,0.0923425,-0.00307511,-0.00197258,-0.000787584,-0.000185858,0.000308849,0.000546908,0.00124125,0.00264893,0.00392458,8.55588e-05,0.00024228,0.000135119,0.000226423,0.000190794,8.47627e-05,0.000221115,0.000226489,0.00139573,2.99422e-05,0.00139957,0.00157193,0,0.00126115,0.511875,-0.00347622,-0.00112788,0.00117948,0.00366043,1787156700
1787157000,-0.000376419,-4.76391e-06,0.000390564,-0.00148744,0.00266745,0.568143,0.000218811,0.000239024,0.125496,-0.00295352,-0.00203376,-0.000795532,-0.000162493,0.000324758,0.000546611,0.00126787,0.00253232,0.00365859,0.000112056,0.000244167,0.000146532,0.000214966,0.000194433,0.000110223,0.000227527,0.000224166,0.00142221,0,0.0014921,0.00135923,0,0.00115667,0.521062,-0.00297797,-0.00091216,0.000999017,0.00309886,1787157000
1787157060,0.000219198,9.53134e-06,0.000919356,9.53134e-06,0.00264118,0.575921,0.000198892,0.00018134,0.172902,-0.00299657,-0.00188103,-0.000636339,-0.00011392,0.000325874,0.000565228,0.0013625,0.00272013,0.00394818,6.29797e-05,0.00023193,0.000115712,0.000220878,0.000133631,6.92002e-05,0.000207802,0.000229469,0.00140267,5.57011e-05,0.00131945,0.00135703,0,0.00104314,0.529651,-0.0029262,-0.000850604,0.00108451,0.00323582,1787157000
1787157120,-0.000390778,-5.24125e-05,0.000114345,-0.000600526,0.00261482,0.580002,0.000194515,0.000219385,0.241778,-0.00277371,-0.00171912,-0.000605407,-8.92982e-05,0.000315395,0.000431696,0.00102486,0.00223396,0.00339886,0.000116032,0.000238127,0.000141074,0.000196746,0.000168077,0.000112685,0.000200805,0.000231761,0.00114282,5.89859e-05,0.00113299,0.00115304,0,0.000808543,0.524779,-0.00248261,-0.000714846,0.000785187,0.00261238,1787157000
1787157180,0.00011439,1.90659e-05,0.000357425,-0.000200214,0.00258913,0.589779,0.000150393,0.000140616,0.326713,-0.00258002,-0.00157031,-0.000452288,-4.41057e-05,0.00028687,0.000379883,0.000964669,0.00210552,0.00317776,4.43744e-05,0.000219512,9.93408e-05,0.000157712,0.000106784,4.70589e-05,0.000156597,0.000203846,0.00102532,0,0.00100766,0.00109207,0,0.000722564,0.524884,-0.00235803,-0.000629457,0.000751838,0.00247443,1787157000
1787157240,-0.00038135,-4.76598e-06,0.000176325,-0.00147377,0.00256316,0.613057,0.000181188,0.000203764,0.436112,-0.00243187,-0.00144913,-0.000365797,2.15611e-05,0.000293155,0.000363936,0.0009339,0.00197753,0.00304045,0.000112984,0.000230988,0.000132303,0.000169971,0.000136362,0.00010922,0.000189468,0.000208698,0.000959464,4.30271e-05,0.000948374,0.00106819,0,0.000702917,0.528265,-0.00228942,-0.00059415,0.00073805,0.00242556,1787157000
1787157300,0.000972155,9.53512e-05,0.00107218,-0.000429193,0.00253797,0.597253,0.000266908,0.000230348,0.529703,-0.00233411,-0.00137898,-0.000359342,-2.1743e-05,0.000257776,0.000364137,0.000988276,0.00208526,0.00307075,0.000355059,0.000322626,0.000277659,0.000294185,0.000276683,0.00038327,0.000265817,0.00031643,0.000974312,8.99727e-05,0.00108357,0.00118008,0,0.000909739,0.527479,-0.00251781,-0.000701145,0.000904208,0.00271553,1787157300
1787157360,-0.000819598,9.04958e-05,0.000671379,-0.000819598,0.00251622,0.609674,0.000271239,0.000329195,0.411252,-0.00236889,-0.00144892,-0.000393248,1.52554e-05,0.000288643,0.000416693,0.00102364,0.00213037,0.00312532,0.00030765,0.00029731,0.000238987,0.000256625,0.000248632,0.000238335,0.00027908,0.000271988,0.00103156,6.42646e-05,0.0010072,0.00125007,0,0.000870052,0.529669,-0.00269421,-0.000791941,0.000975328,0.0028729,1787157300
1787157420,-9.05782e-05,3.81357e-05,0.000176366,-0.00062468,0.00249362,0.566307,0.000155669,0.000146692,0.31662,-0.00252167,-0.00153891,-0.00053571,-0.000118498,0.000213572,0.000326697,0.000879012,0.00202799,0.00307239,4.26452e-05,0.000206458,8.94234e-05,0.000160257,9.39223e-05,6.63683e-05,0.000167832,0.000199693,0.000984251,6.52505e-05,0.00110806,0.00127792,0,0.000984165,0.51708,-0.00288892,-0.000902434,0.000943576,0.00294884,1787157300
1787157480,-0.000710608,-2.38377e-05,0.00027171,-0.000710608,0.0024686,0.612434,0.000231939,0.000284712,0.293578,-0.00212063,-0.00123662,-0.000287778,1.35736e-05,0.00021898,0.00030492,0.000831828,0.00185589,0.00277764,0.000252836,0.00027445,0.00020792,0.000228715,0.000202551,0.000207682,0.00024003,0.000238834,0.000828851,5.57319e-05,0.000935824,0.00117307,0,0.000816679,0.521952,-0.00258227,-0.000730224,0.000895446,0.00272539,1787157300
1787157540,-0.00115044,0,0,-0.00123164,0.00244585,0.57449,0.000335965,0.000384393,0.187579,-0.00230485,-0.00136904,-0.000438204,-7.12287e-05,0.000179421,0.000254075,0.000754246,0.00183521,0.002785,0.000472358,0.000345953,0.000345335,0.000337041,0.000333149,0.000385846,0.000340257,0.00030929,0.000836917,3.03494e-05,0.000955623,0.00120573,0,0.000853828,0.516739,-0.00274882,-0.00083374,0.000888299,0.00276087,1787157300
1787157600,-0.00181188,-5.73181e-05,-5.73181e-05,-0.00265441,0.00242673,0.571393,0.000532884,0.00061755,0.111406,-0.0022949,-0.0013616,-0.000422481,-7.58193e-05,0.000164992,0.000245339,0.000759242,0.00182409,0.00273098,0.000802409,0.000528909,0.00064267,0.000536339,0.00061489,0.000713622,0.000529948,0.000499775,0.000832177,0,0.000915302,0.00124892,0,0.000892713,0.519309,-0.00284006,-0.000853727,0.000964824,0.00284643,1787157600
1787157660,-0.000488192,-1.91403e-05,0.000210519,-0.0023714,0.00241597,0.550646,0.000211596,0.000223219,0.0991943,-0.00275867,-0.00170663,-0.000625476,-0.000169153,0.000163664,0.000378148,0.00110487,0.00236696,0.00334405,0.000150441,0.000232557,0.000155071,0.000214666,0.000136697,0.000139542,0.000225848,0.000224591,0.00118582,8.27359e-06,0.00125765,0.00143479,0,0.00116748,0.524969,-0.00316406,-0.000968973,0.00117705,0.00322107,1787157600
1787157720,0.00205168,0,0.00262004,-0.000134055,0.00239268,0.545492,0.000567037,0.0005442,0.0878818,-0.00269353,-0.00168995,-0.000595287,-0.000175783,0.000138721,0.000382777,0.0011549,0.00242193,0.00337631,0.000895111,0.000588175,0.000711252,0.000586508,0.000796988,0.000838537,0.000559641,0.000541468,0.00120047,6.2703e-05,0.00134706,0.00143746,0,0.00125443,0.527551,-0.00311317,-0.00094217,0.0012099,0.0032669,1787157600
1787157780,-0.000845985,3.34423e-05,0.000477642,-0.00187456,0.00238634,0.545551,0.000298693,0.000310034,0.0843496,-0.00308211,-0.00204372,-0.000845093,-0.000222039,0.000177766,0.000485987,0.00134875,0.00272239,0.00382415,0.000318745,0.000289899,0.000248807,0.000287726,0.000239764,0.000247867,0.000313198,0.000281733,0.00147934,3.0721e-05,0.00143154,0.00153314,0,0.00126003,0.522936,-0.00332157,-0.00109657,0.0012247,0.00341777,1787157600
1787157840,-0.00149776,4.78159e-06,0.000114752,-0.00149776,0.00236538,0.534257,0.000441366,0.000478345,0.0817842,-0.00294793,-0.00192443,-0.000781693,-0.000260599,0.000130859,0.00042247,0.00119261,0.0025207,0.00357695,0.000644502,0.00044054,0.0004481,0.000439779,0.000422172,0.00055676,0.00044681,0.000414503,0.00133532,2.30832e-05,0.00142707,0.0014676,0,0.0012942,0.51678,-0.00325095,-0.0010551,0.00115346,0.00330939,1787157600
1787157900,0.00078505,9.57749e-06,0.000914237,-0.000498156,0.00235117,0.522833,0.000273984,0.000256742,0.0905203,-0.00297491,-0.00205924,-0.000912282,-0.000330183,9.49161e-05,0.00035322,0.00108634,0.00239886,0.00332425,0.000261444,0.000276128,0.000228047,0.000277661,0.000245724,0.000224169,0.000285172,0.000256931,0.00132401,0,0.00154696,0.00144704,0,0.00141683,0.511653,-0.00323164,-0.00108464,0.00109969,0.00313818,1787157900
1787157960,-0.00135508,-4.78502e-06,7.65572e-05,-0.00143653,0.00233018,0.547651,0.000408021,0.000442922,0.0788189,-0.00269912,-0.00172573,-0.000665346,-0.000175259,0.000151048,0.000383141,0.00108642,0.00234118,0.00321489,0.000571381,0.000400347,0.000390685,0.000396508,0.000367406,0.000485613,0.0004162,0.000382513,0.00119407,0,0.00121951,0.00132918,0,0.000988611,0.523355,-0.00290636,-0.000898388,0.00107672,0.00297408,1787157900
1787158020,0.000225175,2.39572e-05,0.000670585,-0.000110211,0.00231471,0.530653,0.000171025,0.000151762,0.0790662,-0.00275061,-0.00175866,-0.000713854,-0.000244308,0.000103898,0.000297828,0.000920491,0.00214703,0.00303354,6.56735e-05,0.000195048,0.000121329,0.000166949,0.000138601,8.37463e-05,0.000181261,0.000185672,0.00109633,0,0.0011886,0.00133839,0,0.00106283,0.51413,-0.00303922,-0.000966743,0.00104363,0.00299681,1787157900
1787158080,-4.79053e-05,-1.91619e-05,0.000182019,-0.000431231,0.00229167,0.539966,0.000144083,0.000133363,0.0687719,-0.00244753,-0.0015471,-0.000616031,-0.000189122,0.000119803,0.000242035,0.000762548,0.00187734,0.00268963,3.70636e-05,0.000182302,0.000104759,0.000145017,0.000114096,5.63452e-05,0.000152539,0.000177959,0.000923012,0,0.0010877,0.0011758,0,0.000883782,0.515208,-0.00265042,-0.000813725,0.00088677,0.00261853,1787157900
1787158140,0.000244293,-4.79066e-06,0.000948099,-4.79066e-06,0.00226865,0.546511,0.000143602,0.000124427,0.0655981,-0.00234083,-0.00147181,-0.000518593,-0.000134889,0.0001094,0.000225623,0.000756294,0.00177693,0.0025776,7.09335e-05,0.000190143,0.000116067,0.000140643,0.000136323,7.38314e-05,0.000149711,0.000167277,0.000872673,0,0.00102904,0.0011444,0,0.000883606,0.517518,-0.00261551,-0.00076707,0.000886604,0.00262438,1787157900
1787158200,-0.00083851,0,0,-0.00103506,0.00224611,0.536536,0.000237327,0.000269096,0.0651504,-0.00244006,-0.00154827,-0.000625582,-0.000183825,0.000100654,0.000219587,0.000714165,0.00179244,0.00264591,0.000312971,0.000275752,0.000244494,0.000248425,0.000213353,0.000295634,0.000244675,0.000280273,0.000888228,0,0.00110104,0.0011276,0,0.000941937,0.51376,-0.00257073,-0.000804695,0.000830555,0.00258149,1787158200
1787158260,4.31405e-05,-7.66989e-05,0.000565473,-0.000402735,0.0022267,0.534427,0.000130959,0.000114893,0.0558331,-0.00233927,-0.00147165,-0.000532432,-0.00016854,8.38094e-05,0.000189421,0.000688479,0.00174242,0.00253842,3.63226e-05,0.000174003,9.31749e-05,0.000128469,0.000111779,6.22557e-05,0.00013858,0.000158324,0.000824633,0,0.000980248,0.00110351,0,0.000891031,0.514234,-0.00256136,-0.000762282,0.000844189,0.00253176,1787158200
1787158320,0.000723525,8.62755e-05,0.000723525,-0.000254077,0.00220433,0.531444,0.000225524,0.000210241,0.0636291,-0.00232162,-0.00144405,-0.000546341,-0.000166984,7.25451e-05,0.000191073,0.000710827,0.00175456,0.00256149,0.000231739,0.000252538,0.000209245,0.000224012,0.000236166,0.000216337,0.00023321,0.000210277,0.000845667,0,0.00106273,0.00101157,0,0.000878416,0.518772,-0.00227529,-0.000655563,0.00076198,0.00234789,1787158200
1787158380,-0.000225147,5.74762e-05,0.000435779,-0.0010735,0.00218457,0.556865,0.000148408,0.000150086,0.0676757,-0.00228267,-0.00144666,-0.000502904,-9.84103e-05,0.000118217,0.000259067,0.000831829,0.00184778,0.00264213,6.92178e-05,0.000178937,0.000102987,0.000139066,0.000107462,8.27218e-05,0.0001625,0.000172081,0.00091988,0,0.000964339,0.0010463,0,0.000804804,0.526209,-0.0023526,-0.000673331,0.000828056,0.00243151,1787158200
1787158440,0.00141232,1.43726e-05,0.00141232,-0.000402517,0.00216285,0.525484,0.00041225,0.000395837,0.0801551,-0.00232848,-0.00148459,-0.00055888,-0.000181904,5.9252e-05,0.000227768,0.000803264,0.00188368,0.00269478,0.000575159,0.000408831,0.000439707,0.000405601,0.000458657,0.000534658,0.000413273,0.000388953,0.000922451,3.01368e-05,0.00117018,0.00108576,0,0.00100576,0.517664,-0.00245202,-0.000735894,0.000852151,0.00257913,1787158200
1787158500,0.000851214,-1.91367e-05,0.00104718,-1.91367e-05,0.00215041,0.540423,0.000251506,0.000233586,0.0624266,-0.00234961,-0.00153866,-0.000590583,-0.000144039,9.18955e-05,0.000280136,0.000894133,0.00200197,0.00278283,0.00029423,0.000268903,0.00024457,0.000257222,0.000254705,0.0002499,0.000261322,0.000281619,0.00100726,0,0.00111848,0.0011723,0,0.000937867,0.51926,-0.00257981,-0.000816754,0.000930205,0.00271123,1787158500
1787158560,0.000334549,0,0.00069287,-0.000196002,0.00213219,0.54733,0.000160342,0.000140394,0.0714135,-0.00229669,-0.00149648,-0.000587822,-0.000121179,0.000101228,0.000256551,0.000765967,0.00184472,0.00260789,9.60568e-05,0.00018117,0.000123008,0.000159752,0.000135117,0.000101914,0.000169278,0.000205572,0.000912563,0,0.000990437,0.00111162,0,0.000830881,0.511633,-0.00250581,-0.000804189,0.00082815,0.00254216,1787158500
1787158620,-0.00160686,-1.91141e-05,-1.91141e-05,-0.00175045,0.00211129,0.540043,0.000452198,0.000506987,0.0822717,-0.00219763,-0.00142855,-0.000555336,-0.000133337,8.34121e-05,0.000236747,0.000692575,0.00176253,0.00250807,0.000695759,0.000466537,0.000538766,0.000461719,0.000492648,0.000622556,0.00045345,0.00041518,0.000839157,1.15064e-05,0.00104551,0.00108241,0,0.000853524,0.508071,-0.00245703,-0.000781593,0.000802903,0.0025498,1787158500
1787158680,-0.000804397,5.26463e-05,0.000153145,-0.00127872,0.00210239,0.529202,0.00023037,0.000261732,0.0453891,-0.00238454,-0.0015433,-0.000597607,-0.000183038,7.20284e-05,0.00022991,0.000726824,0.00187753,0.00263263,0.000293554,0.000258053,0.000234959,0.000240877,0.000211219,0.000231694,0.000238561,0.000250028,0.000887009,0,0.00105294,0.00116611,0,0.000972542,0.50692,-0.00264821,-0.000842623,0.000897456,0.00266771,1787158500
1787158740,0.000445371,-3.35306e-05,0.000943186,-3.35306e-05,0.00208437,0.525421,0.000187124,0.000169569,0.041142,-0.0024224,-0.00156441,-0.000594506,-0.000186627,6.07707e-05,0.000243574,0.000803668,0.001966,0.00272478,0.000127146,0.000196281,0.000144551,0.000184251,0.00016288,0.000127693,0.000198211,0.000189232,0.000945228,0,0.00109066,0.00117863,0,0.000991114,0.512866,-0.00265127,-0.000814994,0.000952702,0.00275783,1787158500
1787158800,-0.000790311,4.78786e-06,0.000780119,-0.000819062,0.00206438,0.508799,0.000245406,0.000253435,0.0427764,-0.00263181,-0.00196544,-0.000944648,-0.000347255,3.45059e-05,0.000290299,0.000975504,0.00217416,0.00289672,0.000284217,0.000252196,0.000230327,0.000272063,0.000205176,0.000230195,0.00026159,0.000262377,0.00125204,0.000408673,0.00182681,0.0012517,0.000157053,0.0015598,0.502488,-0.00278277,-0.000940935,0.000928509,0.00276902,1787158800
1787158860,-0.000714212,-9.58336e-06,-9.58336e-06,-0.00091083,0.00204669,0.515516,0.000212701,0.000225708,0.0409553,-0.00239079,-0.0015663,-0.000649951,-0.000238066,4.22184e-05,0.000222976,0.000696903,0.00184658,0.0026158,0.000246167,0.000238028,0.000209037,0.000230843,0.000179129,0.000202415,0.000223136,0.000243297,0.000885167,3.67783e-05,0.00112606,0.00113501,0,0.00103791,0.502498,-0.00258258,-0.000837281,0.000851506,0.00259799,1787158800
1787158920,-0.00140115,-3.35661e-05,0.000445843,-0.00179977,0.00202863,0.519401,0.000397224,0.000421816,0.0418742,-0.00221454,-0.0014505,-0.000528668,-0.000188629,4.34515e-05,0.00018348,0.000636793,0.00172553,0.00241024,0.000589634,0.000407732,0.000435435,0.000403425,0.000377904,0.00050912,0.000403309,0.000419669,0.000781495,0,0.000936249,0.00106682,0,0.000849934,0.502528,-0.00244083,-0.000750547,0.000825015,0.00245905,1787158800
1787158980,0.000715213,-9.60407e-05,0.000715213,-0.00173496,0.002018,0.507571,0.000236714,0.000222678,0.0399628,-0.00243522,-0.00158678,-0.000678619,-0.000268356,2.4746e-05,0.000232367,0.00077227,0.00197587,0.00269968,0.00022826,0.000236151,0.000207243,0.000244961,0.000237879,0.000202604,0.000250019,0.000233463,0.000958559,1.13718e-05,0.00116576,0.00116367,0,0.00110663,0.500639,-0.00259431,-0.000825422,0.000897474,0.00257877,1787158800
1787159040,-0.000638387,4.79836e-06,0.000331033,-0.00160875,0.00200027,0.520387,0.00021771,0.000221755,0.0391074,-0.00239515,-0.0015922,-0.000652404,-0.000220018,5.4294e-05,0.000306315,0.000897825,0.00211835,0.0028437,0.000208314,0.000221969,0.0001882,0.000243824,0.00016244,0.000181375,0.000237132,0.000256725,0.00104393,6.0068e-05,0.00122014,0.00118635,0,0.00114627,0.504733,-0.00257869,-0.000811092,0.000947878,0.00267845,1787158800
1787159100,0.00132432,9.60283e-06,0.00200499,-4.80145e-06,0.00198223,0.507206,0.000392843,0.000382161,0.0408596,-0.00235326,-0.00157325,-0.000664883,-0.000256983,2.14165e-05,0.000250671,0.000780791,0.00197084,0.00268538,0.000529579,0.000382876,0.000398845,0.000383777,0.000432561,0.0004716,0.000393855,0.000367105,0.000959499,6.89946e-05,0.00121298,-0.00114081,0.000886223,0,0.498646,-0.00256277,-0.000815124,0.000871399,0.00256596,1787159100
1787159160,-0.00135313,0,0.000383533,-0.00139634,0.00197122,0.513638,0.000384718,0.000408219,0.0390863,-0.00243744,-0.00167431,-0.000731756,-0.000247683,3.79617e-05,0.000294484,0.000855943,0.00206671,0.00283685,0.000564323,0.000393736,0.000408445,0.000395165,0.000360763,0.00048424,0.000390877,0.000408499,0.00105246,9.99396e-05,0.00123415,-0.00118462,0.000986293,0,0.497666,-0.00263123,-0.000877049,0.000888789,0.00268716,1787159100
1787159220,-0.000773353,0,0.000465644,-0.000989614,0.00196077,0.502339,0.000229028,0.000235193,0.0365553,-0.00245074,-0.00164846,-0.000738648,-0.000283497,1.08719e-05,0.000238081,0.000755448,0.00195139,0.00270774,0.000274177,0.000241796,0.000226302,0.000256647,0.000187479,0.000219621,0.000245024,0.000239348,0.000974166,3.50023e-05,0.00117199,-0.00115769,0.000847566,0,0.494347,-0.00263263,-0.000866233,0.000855831,0.00259989,1787159100
1787159280,-0.000754715,0,0.000110516,-0.00101443,0.00194414,0.49417,0.000217163,0.000225862,0.0362511,-0.00228957,-0.00151418,-0.000684006,-0.000276955,-8.19357e-06,0.000199368,0.000686988,0.00184665,0.00254383,0.000264409,0.000237318,0.000220876,0.000251161,0.000179568,0.000213639,0.000230316,0.000247264,-0.00089165,0.000887467,0.000223953,-0.0010843,0.000764219,0,0.495783,-0.00242879,-0.000780171,0.000819371,0.00245284,1787159100
1787159340,0.000990147,-1.44269e-05,0.00138881,-1.44269e-05,0.00192756,0.494665,0.000305029,0.00029854,0.0360501,-0.00223466,-0.00147424,-0.000650529,-0.000256229,-5.61951e-06,0.000182971,0.000674125,0.00177275,0.00245004,0.000362183,0.000289521,0.000283736,0.000288329,0.000317547,0.000304273,0.000307124,0.000263396,-0.000864904,0.000813773,0.000150512,0.00106169,0,0.000900777,0.500281,-0.00240937,-0.000749387,0.000820621,0.00240531,1787159100
1787159400,0.00069156,-4.80417e-06,0.00117633,-4.80427e-05,0.00191332,0.508848,0.000221491,0.000209905,0.0363925,-0.00220629,-0.00147507,-0.00067488,-0.000229152,2.32347e-05,0.000231107,0.000723994,0.00178847,0.00248078,0.000218465,0.000224537,0.000200814,0.000230603,0.000228086,0.000196038,0.000232714,0.000216003,0.000916855,0,0.00100355,0.0010997,0,0.000930463,0.500106,-0.00242879,-0.000795794,0.000831382,0.00243487,1787159400
1787159460,-0.00112883,0,8.16109e-05,-0.00155668,0.00189661,0.513483,0.00031693,0.00033459,0.0403703,-0.00215362,-0.00143937,-0.000667465,-0.000226044,3.45784e-05,0.000237707,0.000678041,0.00170818,0.00242258,0.000449775,0.000330509,0.000324305,0.000329424,0.000290051,0.000373111,0.000324034,0.000310616,0.000876459,5.84508e-07,0.000980625,-0.00104599,0.000758356,0,0.497694,-0.00235015,-0.000776696,0.000763454,0.0023321,1787159400
1787159520,0.000384427,-0.000134584,0.000389231,-0.000639437,0.00188432,0.501669,0.000171609,0.00016001,0.0349084,-0.00219936,-0.00144883,-0.000665511,-0.000262581,8.13497e-06,0.000224008,0.000700992,0.00176087,0.00248644,0.000110425,0.000171306,0.000134773,0.000177965,0.000158529,0.000110719,0.000184276,0.000164191,0.000893833,0,0.00101346,-0.00104431,0.00075155,0,0.498789,-0.00235207,-0.000752558,0.000792774,0.00237808,1787159400
1787159580,-0.000754577,-4.80442e-06,0.000312238,-0.00139906,0.00186618,0.518451,0.000225918,0.00024207,0.0386967,-0.00211353,-0.00140342,-0.000600768,-0.000190017,4.1304e-05,0.000261564,0.000746823,0.00176278,0.00244992,0.000261743,0.000231443,0.000220138,0.000228125,0.000183145,0.000217635,0.000243925,0.000245123,0.00089933,0,0.000940096,0.00100856,0,0.000819195,0.510699,-0.00223454,-0.000678643,0.000809207,0.00236003,1787159400
1787159640,-0.000264477,0,0.000182689,-0.000990947,0.0018505,0.501229,0.000147875,0.000139177,0.0376052,-0.00220826,-0.0014521,-0.000689938,-0.000264554,5.76396e-06,0.000238305,0.000732386,0.00179719,0.00250814,8.07819e-05,0.00014857,0.000110139,0.000164353,0.00010734,8.9957e-05,0.000174416,0.000164114,0.000930399,1.99651e-05,0.0010744,0.00105684,0,0.000988012,0.502544,-0.00234679,-0.000748889,0.000822705,0.00243393,1787159400
1787159700,-0.000331898,-0.00013467,0.000264477,-0.000822731,0.00183228,0.495538,0.000154892,0.000151193,0.042131,-0.00217459,-0.00151728,-0.000743379,-0.000274489,-1.02352e-05,0.000240962,0.000756456,0.00178328,0.00245141,9.93869e-05,0.000158263,0.00011827,0.000176443,0.000109596,9.77237e-05,0.000188234,0.00017718,-0.000976596,0.00098689,0.000311502,0.00103042,0,0.00115607,0.5036,-0.00227131,-0.000735623,0.000795047,0.00234539,1787159700
1787159760,-0.000856708,0,2.40542e-05,-0.00188284,0.00181448,0.490569,0.000239631,0.000250981,0.0482521,-0.00198724,-0.00130119,-0.000617453,-0.00023589,-1.76283e-05,0.000183958,0.000622798,0.00159808,0.00223849,0.000311419,0.000253864,0.000247341,0.000253755,0.000206235,0.000267563,0.000251785,0.000279183,-0.000806921,0.000830384,0.000186217,-0.00094187,0.000671085,0,0.499598,-0.00212656,-0.000660245,0.000714333,0.00215859,1787159700
1787159820,-0.00115145,0,4.33343e-05,-0.00152271,0.00180032,0.485625,0.000322938,0.00033136,0.0468996,-0.00198474,-0.00129272,-0.000636696,-0.000256435,-3.06587e-05,0.000190211,0.000660926,0.00166055,0.00228863,0.00045577,0.000335583,0.000345892,0.000337669,0.000284232,0.000384194,0.000339803,0.000357271,-0.000846045,0.000883662,0.000180657,-0.000956267,0.000721415,0,0.499976,-0.00212819,-0.000658542,0.000737136,0.00215689,1787159700
1787159880,0.000515669,3.37435e-05,0.000992546,-0.000289277,0.00178965,0.477359,0.000188225,0.000181842,0.0416994,-0.00200642,-0.00131701,-0.000660323,-0.000275135,-4.59778e-05,0.00016425,0.000629075,0.00161878,0.00224669,0.000149549,0.000185831,0.000151065,0.000201744,0.000191355,0.000147175,0.000201893,0.000181305,-0.000847039,0.000844314,0.000127588,-0.000980063,0.000701708,0,0.49943,-0.00221745,-0.000688954,0.000753947,0.00219937,1787159700
1787159940,-0.00332519,-9.63623e-06,2.89081e-05,-0.00409411,0.00177316,0.486381,0.00124991,0.00130699,0.043145,-0.00197301,-0.00129983,-0.000662058,-0.000254582,-2.87434e-05,0.000190147,0.00063752,0.00160004,0.00223925,0.00154196,0.00125521,0.00140935,0.00119306,0.00129744,0.00147446,0.00117257,0.0012593,-0.000851188,0.000903087,0.000137226,0.000969764,0,0.000859454,0.500166,-0.00216688,-0.000686671,0.000740264,0.00218798,1787159700
1787160000,0.00113055,0,0.001705,-0.000319104,0.00181724,0.491071,0.000333792,0.000334499,0.0995141,-0.00256909,-0.00170161,-0.000863468,-0.000348579,-2.69717e-05,0.000284047,0.000879887,0.00206149,0.00281822,0.000430879,0.000327946,0.000325815,0.000340002,0.00037456,0.000372951,0.000323894,0.000292299,-0.00113498,0.00122529,8.93414e-05,0.00129587,0,0.001266,0.503241,-0.00278972,-0.000903399,0.000987118,0.00268194,1787160000
1787160060,0.0004007,4.82867e-06,0.0004007,-0.00110638,0.00180607,0.493358,0.000182446,0.00017478,0.0969644,-0.00235951,-0.00157585,-0.000795802,-0.000298613,-1.80481e-05,0.000261427,0.00080327,0.00192766,0.00264525,0.000115549,0.000171316,0.000162387,0.000205992,0.00017781,0.00011524,0.000189145,0.000173934,-0.00104027,0.00101408,1.62282e-05,-0.00120703,0.000947416,0,0.498357,-0.00258055,-0.000851664,0.000928612,0.00257041,1787160000
1787160120,-5.79226e-05,0,7.23985e-05,-0.000791899,0.00178881,0.502571,0.000142112,0.000133089,0.0790242,-0.0022617,-0.00151199,-0.000738025,-0.000253463,5.9095e-06,0.00027572,0.000779919,0.00183714,0.00253449,3.93652e-05,0.000135565,0.00012017,0.000173329,0.000114825,6.05162e-05,0.000164136,0.000153043,0.000992411,0,0.000990778,-0.00117719,0.00085813,0,0.498957,-0.0025492,-0.000832998,0.000901205,0.00252997,1787160000
1787160180,0.000159279,0,0.00115782,-0.0001062,0.00177085,0.491862,0.000134705,0.000123372,0.0677576,-0.00205971,-0.00137001,-0.000657288,-0.00022791,-1.97278e-05,0.000216844,0.000645294,0.00163263,0.00228096,5.45638e-05,0.000139199,0.000119773,0.00016243,0.000131444,6.19477e-05,0.000143098,0.000134252,-0.000849749,0.000753007,5.20751e-05,-0.00106,0.00067105,0,0.492479,-0.00234131,-0.00075793,0.000797558,0.00234541,1787160000
1787160240,-0.000521371,2.4131e-05,2.4131e-05,-0.00106234,0.0017532,0.487689,0.000173931,0.000172217,0.0684155,-0.00215091,-0.00142483,-0.000745474,-0.000272313,-2.53654e-05,0.000192254,0.000609835,0.00162594,0.00231228,0.000161131,0.000187092,0.000168454,0.000213546,0.000140091,0.00015499,0.000190338,0.000202955,-0.000913093,0.000848384,8.37618e-05,-0.00110709,0.000778188,0,0.485849,-0.00244106,-0.000843219,0.000788189,0.0023922,1787160000
1787160300,0.000255892,1.44862e-05,0.000830204,-0.000632769,0.00173715,0.48548,0.000142632,0.000134332,0.0650525,-0.00204575,-0.0013422,-0.000653177,-0.000241799,-2.9146e-05,0.000178939,0.000611316,0.001576,0.00221987,7.53404e-05,0.000141496,0.000121482,0.000159121,0.000144938,7.78114e-05,0.000149976,0.000139273,-0.000832862,0.000730692,5.36877e-05,-0.000901101,0.000598552,0,0.495065,-0.00205371,-0.000637074,0.000673886,0.00205701,1787160300
1787160360,0.000516413,0,0.00102291,-7.24157e-05,0.00172007,0.490455,0.000185783,0.000175807,0.0786708,-0.00202392,-0.00132275,-0.000666709,-0.000241218,-1.939e-05,0.000193679,0.00060575,0.00155952,0.0022026,0.000149182,0.000183472,0.000161047,0.000207543,0.000187312,0.000149897,0.000193427,0.000166897,-0.000842275,0.000796753,0.000125661,-0.000841794,0.000635213,0,0.497357,-0.00188107,-0.000586364,0.000617144,0.00191303,1787160300
1787160420,9.64962e-05,-0.000115808,0.000651169,-0.000299197,0.00170434,0.499558,0.000125787,0.000112645,0.0976606,-0.00199734,-0.00131176,-0.000664613,-0.000214563,2.01071e-08,0.000203414,0.000575074,0.00150409,0.00214,4.41667e-05,0.000128495,9.77582e-05,0.000146707,0.000113111,5.21129e-05,0.000140584,0.000135123,-0.00082601,0.000783226,7.19401e-05,-0.000830261,0.000597588,0,0.495763,-0.00189305,-0.000604866,0.000584781,0.00187109,1787160300
1787160480,0.000443763,0,0.000853586,-3.37726e-05,0.00168727,0.496935,0.000168869,0.000156758,0.133974,-0.0019494,-0.00128527,-0.000647703,-0.000203479,-2.2314e-06,0.00016463,0.000522123,0.00140402,0.00205193,0.000127486,0.000168629,0.000142335,0.000183988,0.000164934,0.000127952,0.000179757,0.0001593,-0.000787327,0.00074963,0.000134579,-0.000805209,0.000560478,0,0.492272,-0.00185048,-0.00059057,0.000553928,0.00182085,1787160300
1787160540,0.00141679,8.19781e-05,0.00194156,-0.000135037,0.00167149,0.514519,0.000416484,0.000408273,0.183902,-0.00190101,-0.0012289,-0.000607392,-0.000168482,2.7807e-05,0.00020591,0.00055228,0.00143867,0.00206165,0.000573035,0.000405984,0.000437184,0.000406122,0.000464895,0.000572432,0.000412648,0.000393609,0.000765882,3.09568e-05,0.000859052,-0.000814565,0.000569639,0,0.495175,-0.00187696,-0.000599779,0.00057173,0.00185561,1787160300
1787160600,-0.00160971,0.000553642,0.00104444,-0.00161453,0.00166678,0.506944,0.000443346,0.000477732,0.128799,-0.00204861,-0.00143274,-0.000764214,-0.000233343,1.72628e-05,0.000258006,0.000700129,0.00164728,0.00228431,0.000683889,0.000469542,0.000514584,0.000466842,0.000464255,0.00061253,0.00044393,0.000461186,0.000963555,3.91832e-05,0.00124897,-0.00105775,0.000858664,0.000163939,0.489394,-0.00228165,-0.000823969,0.000752725,0.00230202,1787160600
1787160660,-0.000892721,0,0.000472578,-0.000926516,0.00166566,0.497771,0.000242742,0.000255012,0.0500626,-0.00213194,-0.00140336,-0.000724782,-0.000249013,-2.48216e-06,0.000210173,0.000618639,0.00159088,0.00225584,0.000325396,0.000262609,0.000259675,0.000277114,0.000217211,0.000266042,0.000253628,0.000253472,-0.000896879,0.000866043,0.000123747,-0.00105504,0.000803569,0,0.488684,-0.00234676,-0.000803264,0.000760736,0.00229595,1787160600
1787160720,-0.0003718,0,0.000892721,-0.000603642,0.00165374,0.489734,0.000139282,0.000138749,0.0405307,-0.00199566,-0.00128933,-0.000673507,-0.000240171,-1.62333e-05,0.000164137,0.000526648,0.00145584,0.00206535,0.000110681,0.000155226,0.000136928,0.000179595,0.000116935,0.000108147,0.00015151,0.000156303,-0.00081484,0.000678106,7.98902e-05,-0.000966907,0.000631483,0,0.487376,-0.00217393,-0.000720562,0.000704463,0.00210311,1787160600
1787160780,0.00184798,8.20976e-05,0.00198777,8.20976e-05,0.00163797,0.486078,0.000592237,0.000585576,0.0401711,-0.00200138,-0.00128805,-0.000687056,-0.000254379,-2.44754e-05,0.000163193,0.000541198,0.00145743,0.00206255,0.000786796,0.000558806,0.000606673,0.000528345,0.000683436,0.00074133,0.000568419,0.000539668,-0.000832352,0.000748285,0.000116544,-0.000990372,0.000677773,0,0.48787,-0.00219701,-0.000738985,0.000720306,0.00212374,1787160600
1787160840,0.000920302,0,0.00128626,0,0.00164243,0.508781,0.000273468,0.000269308,0.0441037,-0.0020703,-0.00137297,-0.000698171,-0.000205768,1.95145e-05,0.000234639,0.000663933,0.00161965,0.00223753,0.000322687,0.000267796,0.000265575,0.000273105,0.000290355,0.000276768,0.000268097,0.00025737,0.000892488,0,0.000892861,-0.00108498,0.000773587,0,0.490924,-0.00232548,-0.000814276,0.000794333,0.0023046,1787160600
1787160900,0.00149188,-8.66939e-05,0.00171307,-0.000110777,0.00163112,0.509666,0.000437556,0.00042931,0.0502019,-0.00203453,-0.00134925,-0.000690847,-0.000203316,2.14791e-05,0.000231639,0.000624977,0.00153511,0.00216671,0.000606883,0.000426348,0.000441504,0.000427707,0.000477841,0.000553701,0.000435593,0.000446778,0.000868232,0,0.000847575,-0.00103185,0.000701183,0,0.48671,-0.00228345,-0.000807997,0.000722006,0.00224122,1787160900
1787160960,0.000115408,-5.28997e-05,0.000793161,-0.000509878,0.00162845,0.516586,0.000132814,0.000120112,0.0671197,-0.00205379,-0.00136974,-0.000686247,-0.000190313,3.65456e-05,0.000265128,0.000693596,0.00161514,0.00226522,4.74331e-05,0.00012591,0.000113079,0.000151557,0.000118193,6.79115e-05,0.000144478,0.000142589,0.000897993,0,0.000880949,-0.00107302,0.000786161,0,0.486028,-0.0023285,-0.000833255,0.000762357,0.00236838,1787160900
1787161020,-0.000480954,-4.8084e-06,0.000225969,-0.00107285,0.00161217,0.512598,0.000164621,0.000167416,0.0636533,-0.0019861,-0.00128392,-0.000661884,-0.000202104,2.85755e-05,0.000223609,0.000609434,0.00150316,0.00214001,0.000145988,0.000171921,0.0001585,0.00019459,0.000148987,0.000139371,0.000172424,0.000180002,0.000837287,0,0.000901036,-0.00100017,0.000689667,0,0.481846,-0.00222521,-0.000782543,0.0006973,0.00224526,1787160900
1787161080,0.00121637,-9.62144e-06,0.00124039,-9.62144e-06,0.00159742,0.507996,0.000359691,0.000351953,0.0555127,-0.00191919,-0.00121945,-0.000607832,-0.000201425,1.82814e-05,0.00020414,0.000589565,0.00146517,0.00207015,0.000467768,0.000349808,0.000347225,0.00035142,0.000363409,0.000432017,0.000363383,0.000347984,0.000782653,0,0.000845379,-0.000968784,0.000628113,0,0.484277,-0.00215745,-0.000732717,0.000698332,0.00217296,1787160900
1787161140,0.0011765,-1.44147e-05,0.00150279,-0.000605595,0.00159069,0.530176,0.000337957,0.000327742,0.0633809,-0.00193041,-0.00125101,-0.000598162,-0.000146978,6.07688e-05,0.000249679,0.000663791,0.0015084,0.00211354,0.000447771,0.000338481,0.000336139,0.000338631,0.000343636,0.000395927,0.00033643,0.000323635,0.000829815,0,0.000730739,-0.000958042,0.000673501,0,0.496385,-0.00213217,-0.000719643,0.000703958,0.00214718,1787160900
1787161200,-0.000321598,-5.27926e-05,0.000633294,-0.000691324,0.00158347,0.523431,0.000148252,0.000152298,0.0754711,-0.00201955,-0.00131651,-0.00066117,-0.000186611,5.51682e-05,0.000283601,0.000737924,0.00162942,0.0022777,9.72961e-05,0.000143878,0.000131192,0.000179427,0.000129902,9.98162e-05,0.000161674,0.000162096,0.000918449,0,0.000941495,-0.0010256,0.00078807,0,0.490594,-0.00224911,-0.000789664,0.000738366,0.00231152,1787161200
1787161260,0.000172812,-5.76106e-05,0.000264006,-0.000451372,0.00156821,0.51152,0.000124603,0.0001115,0.0665578,-0.00187918,-0.00120546,-0.000614232,-0.000206187,2.65809e-05,0.000219015,0.000591103,0.00142656,0.00203614,5.70704e-05,0.000123665,0.000105121,0.000161432,0.000117063,7.13288e-05,0.000133471,0.00013333,0.000788635,0,0.000883668,-0.000888372,0.000608401,0,0.486163,-0.00203217,-0.000699601,0.000610756,0.00203585,1787161200
1787161320,0.000954727,4.7999e-06,0.00129993,-8.64022e-05,0.00155264,0.529679,0.000278611,0.000267501,0.074401,-0.0017473,-0.00110928,-0.000518126,-0.000141048,5.69089e-05,0.000214802,0.000585623,0.00136778,0.00192446,0.000336406,0.000276501,0.000273734,0.000277398,0.000275673,0.000321209,0.000282644,0.000265202,0.000727486,0,0.000735379,-0.00082113,0.000516576,0,0.497042,-0.00188291,-0.000601181,0.000596422,0.00190569,1787161200
1787161380,-5.27501e-05,0,0.000292473,-0.000311745,0.00154296,0.53209,0.000114053,0.000107521,0.0841285,-0.00180802,-0.00115946,-0.000568785,-0.000151179,6.85212e-05,0.000241202,0.000631153,0.00143337,0.0020087,3.99209e-05,0.000114563,9.35618e-05,0.000146557,0.000107648,6.42641e-05,0.000123351,0.000121217,0.000788258,0,0.000798145,-0.000907663,0.000640416,0,0.491583,-0.00204846,-0.000702252,0.000643726,0.00205309,1787161200
1787161440,-8.63243e-05,-4.7956e-06,7.67265e-05,-0.000407708,0.00152747,0.525893,0.000103124,9.54358e-05,0.0834195,-0.00167004,-0.00104882,-0.000507993,-0.00014235,4.76017e-05,0.000188086,0.000515322,0.00125558,0.00180027,4.43371e-05,0.000114667,9.07594e-05,0.000134563,0.000108022,5.57908e-05,0.000103253,0.000117356,0.000666327,0,0.00072725,-0.000768022,0.000452122,0,0.486827,-0.00181638,-0.000596491,0.000511319,0.00178099,1787161200
1787161500,0.00176337,0,0.00213195,-0.000259018,0.00151217,0.520109,0.000570009,0.000548212,0.084869,-0.00169935,-0.00112457,-0.000544902,-0.000148259,3.57944e-05,0.00019902,0.000566282,0.00128873,0.00182049,0.00073923,0.000538724,0.000601548,0.000506313,0.000575143,0.000746952,0.000567894,0.000557106,0.000725387,0,0.000897068,-0.000727683,0.000442923,0,0.496826,-0.00171615,-0.000548502,0.000497614,0.00169292,1787161500
1787161560,-0.000934009,0,0.000268067,-0.00114488,0.0015176,0.528834,0.000268482,0.000288177,0.0581875,-0.00184691,-0.00119354,-0.000581034,-0.000147774,5.7414e-05,0.000263397,0.000705255,0.00153799,0.0021426,0.00034624,0.000273031,0.000270894,0.000277132,0.000275613,0.000282098,0.000265413,0.000234357,0.000849156,0,0.000872467,-0.000961009,0.000767854,0,0.493579,-0.00213216,-0.00074356,0.000695933,0.00220857,1787161500
1787161620,0.00018208,4.79201e-06,0.0007377,-9.10526e-05,0.00150814,0.515421,0.000123934,0.000110042,0.04454,-0.00185451,-0.00118632,-0.000580427,-0.000174513,3.07191e-05,0.000218008,0.000622653,0.00143599,0.00203935,5.86177e-05,0.000119571,0.000103186,0.0001519,0.000115011,7.65416e-05,0.000135024,0.000129599,0.000787468,0,0.000809784,-0.000900772,0.000630175,0,0.492189,-0.00210623,-0.000709449,0.000636179,0.00210152,1787161500
1787161680,0.00144588,-4.31213e-05,0.00145067,-4.31213e-05,0.0014932,0.52222,0.000437043,0.000419606,0.0475467,-0.00174548,-0.0011053,-0.000536614,-0.000151364,4.15359e-05,0.000195606,0.000568167,0.00134263,0.00191973,0.000579941,0.000415925,0.00044223,0.00041375,0.000424259,0.000548842,0.000443401,0.000444203,0.000722381,0,0.000759007,-0.000828239,0.000566724,0,0.491835,-0.00194298,-0.000643908,0.000580246,0.00196263,1787161500
1787161740,-0.00081365,0,0.000344405,-0.000995616,0.00149227,0.544582,0.000240776,0.000260457,0.0452032,-0.00179885,-0.00116492,-0.000537487,-0.000107799,8.19176e-05,0.000259859,0.000694464,0.00149473,0.00206716,0.000285635,0.00023918,0.000237404,0.000240537,0.000242857,0.000235292,0.000241716,0.000226982,0.000819294,0,0.000709348,0.000937979,0,0.000668506,0.50117,-0.00212296,-0.000717258,0.00068785,0.00216199,1787161500
1787161800,0.000751453,0,0.000799297,-0.000181965,0.00148175,0.519829,0.000225778,0.000213348,0.0394622,-0.00183193,-0.00115649,-0.00058171,-0.000173924,4.15501e-05,0.000221311,0.00063321,0.00145511,0.00204425,0.000238805,0.000219753,0.000217511,0.000234439,0.000209081,0.000212711,0.000237081,0.000251166,0.000795224,0,0.000810407,-0.000891578,0.000614641,0,0.490631,-0.00209487,-0.000705472,0.000624676,0.00206901,1787161800
1787161860,0.000846503,-7.17705e-05,0.00125754,-0.000583883,0.0014707,0.543019,0.00024217,0.000227512,0.0408975,-0.00167634,-0.00105316,-0.00050071,-0.000107938,7.70469e-05,0.00024326,0.000636433,0.00139312,0.00192714,0.00027991,0.000246028,0.000243718,0.000246314,0.000229665,0.000248417,0.000247849,0.00025965,0.000754003,0,0.00064658,0.000808058,0,0.000547531,0.500645,-0.00187598,-0.000605492,0.000584175,0.00187193,1787161800
1787161920,-0.000435118,-4.78049e-06,5.25839e-05,-0.000774738,0.00146083,0.538679,0.000160939,0.000167611,0.0428082,-0.00179094,-0.00113557,-0.00055914,-0.000133228,8.03477e-05,0.000282436,0.000726829,0.00152549,0.00210921,0.00012966,0.000155032,0.000141895,0.000184424,0.000159394,0.00012483,0.000169501,0.000146356,0.000849978,0,0.000838197,-0.000890266,0.000711583,0,0.498285,-0.00203672,-0.000685544,0.000646189,0.00208872,1787161800
1787161980,-0.000339619,0,0.000124339,-0.000492725,0.00144746,0.532967,0.000135403,0.000140533,0.043632,-0.00169371,-0.00106611,-0.000497609,-0.000133841,6.29767e-05,0.000236152,0.000633924,0.0013855,0.00193989,0.000102826,0.000137981,0.000123154,0.000153055,0.000139898,0.000100599,0.000137884,0.000130537,0.000751152,0,0.000720569,-0.000792109,0.000513289,0,0.494316,-0.00190999,-0.00061136,0.000563731,0.00191812,1787161800
1787162040,-0.000717885,0,0.000569156,-0.000818431,0.00143372,0.528968,0.000206353,0.000224306,0.0483262,-0.00162774,-0.00101097,-0.000467831,-0.000138081,5.39737e-05,0.000208049,0.000573273,0.00130437,0.00182642,0.000238451,0.000211703,0.000209232,0.00021261,0.000212173,0.000208444,0.000201745,0.000199351,0.000690141,0,0.000656805,-0.000701151,0.000422188,0,0.495102,-0.00172312,-0.000530279,0.000484333,0.00168803,1787161800
1787162100,0.000918801,4.78761e-06,0.000971415,4.78761e-06,0.00142293,0.517367,0.000271054,0.000258959,0.0507405,-0.00171983,-0.00106948,-0.00053385,-0.000179927,3.66204e-05,0.000210827,0.000603957,0.00137244,0.00191569,0.000311551,0.000265938,0.000263119,0.000268022,0.000257105,0.000277614,0.000282718,0.000275826,0.000746566,0,0.000773764,-0.000759638,0.00055173,0,0.495826,-0.00183042,-0.000581655,0.000537467,0.00178322,1787162100
1787162160,-0.000253543,4.78311e-05,0.000444741,-0.000287035,0.00141461,0.540302,0.000120893,0.000124712,0.0464322,-0.00159926,-0.00100129,-0.000471156,-0.000114236,7.32999e-05,0.000239146,0.000619908,0.00133753,0.0018344,7.90105e-05,0.000121254,0.000105234,0.00013346,0.000122884,8.84408e-05,0.000126511,0.000120659,0.000725047,0,0.000585808,0.000739962,0,0.000515532,0.500456,-0.00175531,-0.000555347,0.00052555,0.00170548,1787162100
1787162220,-3.34916e-05,0,0.000655253,-9.09084e-05,0.00140085,0.52038,9.86007e-05,9.19233e-05,0.0544466,-0.00158944,-0.000989693,-0.00048339,-0.000162537,4.01693e-05,0.000195324,0.000541772,0.00124556,0.00176093,3.94275e-05,0.000102029,7.95566e-05,0.000117154,0.000104066,5.60341e-05,0.000102571,0.000106615,0.000673469,0,0.000654621,-0.000692661,0.00044907,0,0.490007,-0.0017365,-0.000552759,0.000453605,0.00165345,1787162100
1787162280,0.000177014,-4.30623e-05,0.000712651,-0.000339764,0.00138678,0.518011,0.000105743,9.34002e-05,0.0663664,-0.00155206,-0.000966937,-0.000468954,-0.000151518,3.20653e-05,0.000187074,0.000528348,0.00122411,0.00173315,5.83082e-05,0.000108427,8.70149e-05,0.000126414,0.000107558,6.18162e-05,0.000114925,0.000112016,0.000655455,0,0.000682806,-0.000678909,0.000473463,0,0.491146,-0.0016805,-0.000534946,0.000447928,0.00164345,1787162100
1787162340,0.00011002,0,0.000248724,-0.000349275,0.00137307,0.528473,0.000101101,8.77819e-05,0.0807361,-0.00151506,-0.000936723,-0.000440295,-0.000127602,4.86099e-05,0.000196948,0.000552931,0.00124844,0.00173873,4.71282e-05,0.000103192,7.61862e-05,0.000131704,0.000101452,4.51518e-05,0.000110963,0.00011144,0.00065766,0,0.000668851,-0.000695687,0.000512786,0,0.496716,-0.00167821,-0.000530004,0.000484838,0.00166856,1787162100
1787162400,-0.000444939,0,0.000765023,-0.000473651,0.00135936,0.518566,0.000149678,0.000152019,0.103036,-0.00156391,-0.0010756,-0.000528975,-0.000174382,3.85162e-05,0.000203724,0.000643677,0.00135364,0.0018072,0.000132491,0.000148598,0.000131567,0.000193662,0.00015098,0.000135425,0.000159538,0.000145244,0.000770285,0.000280997,0.00114089,-0.00071853,0.00075916,0.000170999,0.490383,-0.0017188,-0.00055765,0.000495523,0.00170677,1787162400
1787162460,0.000138766,2.87117e-05,0.000267944,-0.000986269,0.00134717,0.518196,0.000100757,8.68816e-05,0.116555,-0.00144664,-0.000913704,-0.000432566,-0.000150804,3.23447e-05,0.000164743,0.00050708,0.00119356,0.00169072,5.18647e-05,0.000102018,7.34352e-05,0.000133001,9.99955e-05,4.82952e-05,0.000114225,0.000112498,0.000618934,5.57216e-06,0.000712401,-0.000604799,0.000476206,0,0.494775,-0.0014923,-0.000460584,0.000395703,0.00147717,1787162400
1787162520,0.000133962,4.78468e-06,0.000291823,-0.000497732,0.00133378,0.533923,9.80154e-05,8.32105e-05,0.140166,-0.00136651,-0.000861946,-0.000371499,-0.00010754,5.24703e-05,0.000179352,0.000554489,0.00122418,0.00169914,5.10469e-05,0.000100271,7.01736e-05,0.000137482,9.6296e-05,4.42662e-05,0.000113386,0.000106488,0.000617738,4.93623e-05,0.000705368,0.000603631,0,0.000551714,0.504623,-0.00143788,-0.000414028,0.00044264,0.00151974,1787162400
1787162580,-0.000449802,2.87039e-05,0.000143511,-0.000928536,0.00132051,0.542108,0.000139861,0.000152552,0.166544,-0.00131303,-0.000820983,-0.00034866,-9.0295e-05,6.18352e-05,0.000158321,0.000507811,0.0011445,0.00161467,0.000134247,0.000146055,0.00013193,0.000166897,0.000144931,0.000139548,0.000147259,0.000136155,0.000572169,3.63874e-05,0.000645908,0.00056943,0,0.000476521,0.50458,-0.0013783,-0.000395266,0.000399697,0.00143377,1787162400
1787162640,-0.000517043,9.57236e-06,0.000550262,-0.000617611,0.00130878,0.52905,0.000150576,0.000164856,0.165376,-0.00130983,-0.000819135,-0.000368501,-0.000113874,4.44813e-05,0.000137415,0.000478832,0.00112039,0.00158873,0.000160211,0.00015635,0.000150424,0.000181222,0.000152538,0.000163021,0.000154661,0.000153492,0.000560656,3.38853e-05,0.000675638,-0.000590314,0.000439788,0,0.499508,-0.00144037,-0.000426156,0.000413002,0.0014508,1787162400
1787162700,-0.00103489,5.2674e-05,0.000363873,-0.00124583,0.00129769,0.516346,0.000288975,0.000324784,0.163579,-0.00131343,-0.000821616,-0.000398165,-0.000139017,2.61498e-05,0.000114991,0.000443914,0.00108992,0.00155432,0.000395008,0.000298079,0.000337112,0.000301843,0.000294054,0.000399713,0.000284508,0.000288201,0.000551088,5.44014e-05,0.000698307,-0.000612163,0.000464306,0,0.497,-0.00148919,-0.000458893,0.000425336,0.00148418,1787162700
1787162760,-0.000397951,-4.79365e-06,0.000330706,-0.000407542,0.00129296,0.504205,0.000127674,0.000126352,0.119017,-0.00139256,-0.000900511,-0.000442024,-0.000165799,1.19495e-05,0.000117717,0.000477697,0.00115759,0.00162587,0.000119193,0.000135625,0.000117729,0.00016843,0.00012446,0.000114519,0.000135495,0.000137964,0.000600609,3.19132e-05,0.000729735,-0.000676285,0.000528222,0,0.498055,-0.00162049,-0.000500132,0.00049167,0.00157965,1787162700
1787162820,2.87728e-05,-4.79555e-06,0.000287691,-0.000417299,0.0012812,0.493232,8.48739e-05,7.18626e-05,0.132496,-0.0013162,-0.00084751,-0.000410954,-0.000163676,1.54429e-06,8.35599e-05,0.000405312,0.00104557,0.00150142,3.87218e-05,8.98601e-05,6.13233e-05,0.000116974,8.77745e-05,5.87246e-05,9.53262e-05,8.45577e-05,-0.000532196,0.000524019,0.00010625,-0.000618652,0.000417687,0,0.496581,-0.00152116,-0.000461735,0.000436599,0.00146573,1787162700
1787162880,-0.00043168,-2.87728e-05,0.000119878,-0.00053723,0.00126833,0.506614,0.000126361,0.000130863,0.112377,-0.00123791,-0.000792677,-0.000370109,-0.000135214,1.55349e-05,8.35566e-05,0.000404576,0.00101055,0.00145459,0.000128537,0.000139418,0.000126482,0.000161012,0.000120423,0.00012614,0.00013488,0.000140361,0.000506605,2.21841e-05,0.000623951,-0.000617685,0.000431537,0,0.499964,-0.00148163,-0.000445022,0.000448466,0.00146682,1787162700
1787162940,-0.00161806,-4.79749e-06,0,-0.00212274,0.00125706,0.484454,0.000540493,0.000588359,0.0976367,-0.00123221,-0.000797854,-0.000385768,-0.000152249,-2.19934e-06,5.92108e-05,0.000369846,0.000972479,0.00142038,0.000684646,0.00053168,0.000631164,0.000488833,0.0005432,0.000649704,0.00048895,0.000552839,-0.000495718,0.000509883,0.000112858,-0.000605233,0.000399305,0,0.497892,-0.00149194,-0.000453701,0.000429793,0.00145777,1787162700
1787163000,0.000331507,0,0.000417969,-0.000331617,0.00126529,0.488028,0.000134318,0.000128906,0.0774783,-0.00152235,-0.00101863,-0.00050005,-0.000206165,-1.03043e-05,0.000105746,0.000508076,0.00122809,0.00171797,9.68815e-05,0.000124804,0.000111048,0.000161774,0.000137879,0.000101468,0.000143396,0.000126109,-0.000655941,0.000691845,9.48444e-05,0.000756008,0,0.000676199,0.502881,-0.00174592,-0.000543617,0.000572222,0.00170854,1787163000
1787163060,-0.000816954,-4.80377e-05,-4.80377e-05,-0.00151911,0.00125345,0.502341,0.000230494,0.00023743,0.0657702,-0.00139765,-0.000928626,-0.00043772,-0.000159573,9.51905e-06,0.000107051,0.00046483,0.00112585,0.00158802,0.000283247,0.000237241,0.000234696,0.000239595,0.000207635,0.000243262,0.000242542,0.000245906,0.000589422,0,0.000603077,0.000662921,0,0.000516456,0.50361,-0.00155307,-0.000464895,0.000506468,0.00154539,1787163000
1787163120,0.000764113,2.8845e-05,0.000985068,2.8845e-05,0.00124622,0.487667,0.000230034,0.000229425,0.064382,-0.00147255,-0.000988552,-0.000489628,-0.000196494,-1.0599e-05,0.000102508,0.000485086,0.00117931,0.00166286,0.000243348,0.000221485,0.000219059,0.000230062,0.000246547,0.000216405,0.000226005,0.000203938,-0.000634763,0.000658106,7.82072e-05,0.000725362,0,0.000651366,0.502368,-0.0016859,-0.000523907,0.000551321,0.00166621,1787163000
1787163180,0.000585905,-5.76485e-05,0.00109469,-0.000144128,0.00123842,0.504355,0.000178299,0.000175739,0.0545962,-0.00142776,-0.000965674,-0.00047834,-0.000168583,1.21951e-05,0.0001168,0.000474691,0.00113683,0.00160862,0.000173181,0.000171896,0.000169578,0.000189873,0.000187755,0.000166758,0.000176981,0.000172248,0.00062033,0,0.000610442,-0.000696247,0.000506171,0,0.497049,-0.00161105,-0.000522211,0.000507528,0.00159256,1787163000
1787163240,0.000902198,4.80108e-06,0.0014345,-4.80121e-05,0.00122877,0.509335,0.000266133,0.000261654,0.0517235,-0.00145023,-0.000976528,-0.000495281,-0.000173593,1.93559e-05,0.000132611,0.000497165,0.00115894,0.00164394,0.000301784,0.000259485,0.000258477,0.000262596,0.000270051,0.000271304,0.000268492,0.000265901,0.000645259,9.07747e-06,0.000673067,-0.000720335,0.000544832,0,0.492535,-0.00165512,-0.000558804,0.000510501,0.00164503,1787163000
1787163300,0.000330922,9.59348e-06,0.000393257,-0.000201484,0.0012231,0.512551,0.000134104,0.000126018,0.0521213,-0.00152326,-0.00106892,-0.000561208,-0.000190448,2.66315e-05,0.000166885,0.000565999,0.00123664,0.00173044,9.6413e-05,0.000122003,0.000109888,0.000169143,0.00012705,0.000101329,0.000151282,0.000135603,0.000733058,2.06579e-05,0.000863495,-0.00074439,0.000610811,0.000100209,0.489655,-0.00166704,-0.000598167,0.000515646,0.00170379,1787163300
1787163360,0.000666307,4.79516e-06,0.000848386,4.79516e-06,0.00121171,0.526457,0.000193823,0.000186593,0.055288,-0.00140194,-0.000944298,-0.000447682,-0.000132487,4.59177e-05,0.000161433,0.000522282,0.00114386,0.00162543,0.000204231,0.000193503,0.000191364,0.000198907,0.000194358,0.000190318,0.000194654,0.000196374,0.000638154,0,0.000612094,0.00063635,0,0.000485333,0.500179,-0.0015065,-0.000479296,0.00046315,0.00156555,1787163300
1787163420,-0.000364257,4.79197e-06,6.22938e-05,-0.00107398,0.00120322,0.532093,0.000130364,0.000131647,0.0619442,-0.00141804,-0.000950501,-0.00045408,-0.000126597,5.75558e-05,0.000177728,0.000546387,0.00115683,0.0016555,0.000110153,0.000125886,0.000112483,0.000145375,0.000126477,0.000106023,0.000143401,0.0001294,0.000659165,1.47915e-05,0.00061749,0.000657697,0,0.000512819,0.501338,-0.00153324,-0.000503115,0.000481347,0.00162546,1787163300
1787163480,0.000579873,0,0.00118335,-0.000268485,0.00119224,0.523722,0.000168962,0.000161067,0.0596602,-0.00138961,-0.00092285,-0.000436512,-0.000140956,4.23524e-05,0.000165834,0.000538917,0.0011539,0.0016424,0.000170657,0.00016924,0.000167039,0.000192854,0.000167866,0.000166378,0.000178687,0.000168584,0.000642801,3.27675e-05,0.000681675,0.000649741,0,0.000560367,0.503878,-0.00150837,-0.000476314,0.000494073,0.0016198,1787163300
1787163540,0.000263467,4.79083e-05,0.000699234,-4.31195e-05,0.00118311,0.526853,0.000114438,0.000104408,0.0678048,-0.00141305,-0.000941045,-0.000459327,-0.000142271,5.04911e-05,0.000181032,0.000562444,0.00117649,0.00167158,7.77783e-05,0.00010787,9.34366e-05,0.00014614,0.000106766,8.82139e-05,0.00013193,0.000121329,0.00067194,8.71685e-05,0.000738618,0.000674158,0,0.000594062,0.501976,-0.00153653,-0.000508021,0.000504899,0.00166424,1787163300
1787163600,-5.26879e-05,-4.7897e-06,0.000272975,-0.000196396,0.00117181,0.533521,8.82318e-05,8.23077e-05,0.0778388,-0.00132018,-0.000870754,-0.000425398,-0.000123158,5.9736e-05,0.000167304,0.000499141,0.0010705,0.00154207,4.11908e-05,8.36032e-05,6.36827e-05,0.000116322,8.75289e-05,5.41876e-05,0.000103773,9.54779e-05,0.000607952,4.46459e-05,0.000652762,0.00058627,0,0.000457061,0.506471,-0.00138217,-0.000446991,0.000426382,0.00149306,1787163600
1787163660,-0.000306603,4.78993e-06,0.000402274,-0.000378477,0.00116006,0.532955,0.000110301,0.000111757,0.0847211,-0.00124542,-0.000811841,-0.000388083,-0.000108045,5.08274e-05,0.000145408,0.000455677,0.00100127,0.00145281,9.37038e-05,0.000113042,9.57656e-05,0.000133989,0.000113457,9.07799e-05,0.000116887,0.000116701,0.000555237,2.28461e-05,0.000615093,0.000542259,0,0.00040115,0.502351,-0.00129899,-0.000408342,0.00038482,0.00140113,1787163600
1787163720,-0.00035942,-1.43743e-05,0.000450291,-0.00035942,0.00114921,0.525036,0.00011759,0.000117858,0.0783075,-0.00123253,-0.000802305,-0.000385189,-0.00011989,3.85042e-05,0.00013506,0.000443873,0.000993747,0.00143501,0.000108211,0.000121001,0.000106484,0.000146658,0.000118984,0.000104249,0.000125668,0.000126263,0.000544581,4.82111e-05,0.000629195,0.000544653,0,0.000419641,0.504427,-0.00129899,-0.000409226,0.000392913,0.00139067,1787163600
1787163780,-0.000263657,-3.83458e-05,0.000340254,-0.000455451,0.0011388,0.518937,9.91707e-05,9.82723e-05,0.074903,-0.0012057,-0.000778959,-0.000376138,-0.000127977,2.88324e-05,0.00012077,0.000421594,0.000958351,0.00139156,8.161e-05,0.00010421,8.55581e-05,0.000129532,9.92425e-05,7.74253e-05,0.000107938,0.000105364,0.000522808,6.0551e-05,0.000612911,0.000540445,0,0.000415765,0.504689,-0.00128612,-0.000405799,0.000390557,0.00136662,1787163600
1787163840,-1.91778e-05,-1.43833e-05,0.000196551,-0.000426792,0.00112797,0.516475,7.28603e-05,6.50522e-05,0.0706181,-0.00113839,-0.000725723,-0.000345153,-0.000123421,2.3455e-05,0.00010814,0.000396893,0.000906202,0.00131812,3.90472e-05,7.73859e-05,5.267e-05,0.000108597,7.39659e-05,3.37547e-05,8.61283e-05,7.8675e-05,0.000486944,4.27856e-05,0.000573645,0.000507546,0,0.00038341,0.507073,-0.0011954,-0.000366513,0.000367316,0.00127473,1787163600
1787163900,0.00116917,-4.7945e-06,0.00119311,-0.000119869,0.00111664,0.517029,0.000366856,0.000360404,0.0720121,-0.00107431,-0.000683262,-0.000310151,-0.000100586,2.02753e-05,0.000103196,0.000390323,0.000874439,0.00127043,0.000433631,0.000352524,0.000416508,0.000334559,0.000375285,0.000497467,0.000350858,0.00034709,0.000462095,6.17695e-05,0.000555585,0.000491014,0,0.000355406,0.512097,-0.0011428,-0.000338191,0.000367588,0.00126342,1787163900
1787163960,-0.000325697,0,0.000512279,-0.000570039,0.00111771,0.533458,0.000116764,0.000115497,0.0558977,-0.00119664,-0.000781532,-0.00035832,-9.51323e-05,4.55846e-05,0.000154286,0.000484694,0.00102665,0.001442,9.90037e-05,0.000113715,9.92972e-05,0.000138433,0.000114337,0.000100461,0.000131029,0.00011663,0.000558075,7.01149e-05,0.000557496,0.000628012,0,0.000430149,0.507694,-0.00140063,-0.000472897,0.000473415,0.00152423,1787163900
1787164020,-0.000747588,-4.79045e-06,0.000565112,-0.000819501,0.00110744,0.51481,0.000211326,0.000221552,0.0509286,-0.00117978,-0.000758428,-0.000359123,-0.000125154,2.12113e-05,0.000124453,0.000431959,0.000969305,0.00138576,0.000248668,0.000216918,0.000217673,0.000220953,0.000213313,0.000216515,0.000207729,0.000203303,0.000520352,7.63988e-05,0.00061711,-0.000605064,0.000454484,0,0.498451,-0.00139503,-0.000473578,0.000432739,0.00148555,1787163900
1787164080,-0.000273297,-3.83529e-05,0.000589491,-0.000848903,0.00110139,0.504158,0.000102042,9.88477e-05,0.0474615,-0.00121351,-0.000781968,-0.000383327,-0.000143009,8.69782e-06,0.000117894,0.000437253,0.000992595,0.00141412,8.44325e-05,0.00010395,9.01857e-05,0.000140158,9.92108e-05,9.13418e-05,0.000112047,0.000105034,0.000537247,8.59787e-05,0.000639012,0.000619454,0,0.000474773,0.501388,-0.00141234,-0.000470235,0.000456552,0.00149302,1787163900
1787164140,0.000522555,0.000210972,0.000862788,0.000191795,0.00109101,0.501166,0.000154603,0.000150627,0.0452968,-0.0011765,-0.000754737,-0.000365136,-0.000141623,4.50736e-06,0.000114343,0.000439216,0.000981361,0.00138312,0.000150293,0.000152537,0.000150329,0.000190296,0.000154029,0.000150677,0.000161726,0.000152348,0.000527191,0.000115603,0.000657488,0.000623006,0,0.000494799,0.505076,-0.001393,-0.000455956,0.000474209,0.00148506,1787163900
1787164200,1.43784e-05,-4.79284e-06,5.27197e-05,-0.000503374,0.00108257,0.509741,7.86672e-05,6.83531e-05,0.0425685,-0.00117841,-0.000785873,-0.000397896,-0.000138089,1.57357e-05,0.000125262,0.000438576,0.000956526,0.00133762,3.89671e-05,7.4228e-05,5.56045e-05,0.00012746,7.37356e-05,5.70477e-05,9.9253e-05,8.69106e-05,0.000546522,7.24123e-05,0.000714405,-0.000608232,0.000420195,0,0.498035,-0.00137442,-0.000481728,0.000427834,0.00139235,1787164200
1787164260,1.91709e-05,-3.83428e-05,0.000421674,-0.000474596,0.00107169,0.515493,7.05477e-05,5.9926e-05,0.0403313,-0.00107036,-0.000677111,-0.000304863,-9.68478e-05,1.74116e-05,0.000113286,0.000415315,0.000896678,0.0012692,3.92334e-05,7.33775e-05,5.30761e-05,0.000112259,7.21549e-05,4.44736e-05,8.23306e-05,7.76942e-05,0.000475593,6.34385e-05,0.000549514,0.000511697,0,0.000356255,0.50927,-0.00118713,-0.000364801,0.000384922,0.00126637,1787164200
1787164320,-0.000311572,4.79266e-06,0.000158146,-0.00057049,0.00106092,0.513586,0.00010377,0.000100422,0.0387518,-0.00106572,-0.000671929,-0.000314898,-0.000103546,1.66519e-05,0.000102224,0.000397443,0.000879848,0.00125605,9.50696e-05,0.00010737,9.24619e-05,0.000142601,0.000101365,9.18158e-05,0.000115746,0.000117895,0.000468107,0.00010693,0.000598276,0.000524689,0,0.000406881,0.507192,-0.00120514,-0.000389218,0.00038891,0.00129227,1787164200
1787164380,0.000340328,0,0.000512844,-4.79417e-06,0.00105118,0.505557,0.000109564,0.000103421,0.0377672,-0.00104693,-0.000659725,-0.00030256,-0.000108377,9.09973e-06,8.87061e-05,0.000378925,0.000850644,0.00121922,9.96319e-05,0.000111825,9.90657e-05,0.000143453,0.000109566,9.7884e-05,0.000122594,0.00011435,0.000448099,9.43658e-05,0.000565872,0.000479678,0,0.000352314,0.511695,-0.00112735,-0.000347005,0.000358386,0.00121037,1787164200
1787164440,0.00052225,-9.58511e-06,0.000627625,-0.000412243,0.00104173,0.520887,0.000152162,0.000147324,0.0375048,-0.00100171,-0.000623698,-0.000284139,-8.88835e-05,2.23667e-05,9.50172e-05,0.000358763,0.00080509,0.0011601,0.00015015,0.00015208,0.000149446,0.00016473,0.000150406,0.000161152,0.000155628,0.000159176,0.000423982,7.04821e-05,0.000484926,0.000464466,0,0.000307174,0.510343,-0.00108574,-0.000340506,0.000334122,0.00113655,1787164200
1787164500,-0.000182038,4.79002e-06,0.00032088,-0.000704382,0.0010339,0.52774,8.17813e-05,7.90816e-05,0.0382881,-0.00100949,-0.000627135,-0.000283367,-8.46431e-05,3.09058e-05,0.000115584,0.00039742,0.000843034,0.00120179,6.15394e-05,8.39104e-05,6.65824e-05,0.000120611,7.99919e-05,6.08884e-05,9.67493e-05,8.68494e-05,0.00044985,0.000105412,0.000547869,0.000498591,0,0.00038487,0.508388,-0.00113871,-0.00036878,0.000371622,0.00122091,1787164500
1787164560,0.000100604,0,0.000665714,-0.000177279,0.00102383,0.512902,6.92404e-05,5.8901e-05,0.0375249,-0.000969003,-0.000595187,-0.000272067,-9.93347e-05,1.53822e-05,9.46541e-05,0.000361964,0.000802039,0.00114544,4.67983e-05,7.35735e-05,5.17966e-05,0.000119745,7.05682e-05,4.21496e-05,8.4769e-05,7.81475e-05,0.000417644,0.000100116,0.000579493,0.000488977,0,0.00041263,0.500534,-0.00113236,-0.000368174,0.000353105,0.00119344,1787164500
1787164620,-0.000445608,-4.79043e-06,0.00025386,-0.000632535,0.00101364,0.517747,0.000126449,0.000136653,0.0383217,-0.000949451,-0.000579051,-0.000265935,-9.49512e-05,1.97656e-05,9.53692e-05,0.000344552,0.000770752,0.0011132,0.000132311,0.000131832,0.000128774,0.000159232,0.000126366,0.000136546,0.000129499,0.000132388,0.000402627,0.000122427,0.000578614,-0.000479177,0.00034882,0,0.499696,-0.00111875,-0.000367246,0.000341073,0.00117933,1787164500
1787164680,9.10544e-05,4.79254e-06,0.000680311,-5.75123e-05,0.00100543,0.506581,6.56303e-05,5.61452e-05,0.0361696,-0.000932489,-0.000566234,-0.000267848,-0.000102365,1.01092e-05,8.03009e-05,0.000326518,0.000751338,0.00108083,4.52056e-05,7.13212e-05,4.85558e-05,0.00011522,6.89347e-05,3.93399e-05,7.94059e-05,7.22764e-05,0.000389991,7.22513e-05,0.0005421,0.000476553,0,0.00037151,0.500584,-0.00111384,-0.000359906,0.000343975,0.00114708,1787164500
1787164740,4.79211e-06,4.79211e-06,0.000172501,-0.000450561,0.000995412,0.511894,5.87976e-05,4.89563e-05,0.0355877,-0.000902083,-0.000542066,-0.00026069,-9.71745e-05,1.45673e-05,8.14174e-05,0.000305734,0.000715261,0.0010368,3.84373e-05,6.54898e-05,4.09369e-05,0.000110149,6.29411e-05,2.74722e-05,7.24311e-05,6.65348e-05,0.000371479,9.09765e-05,0.000549891,-0.000459358,0.000309909,0,0.49562,-0.00107486,-0.00035493,0.000318363,0.00110456,1787164500
1787164800,0.000665879,-2.8753e-05,0.000876569,-3.35452e-05,0.000985407,0.516767,0.000191166,0.00018613,0.0337857,-0.00085484,-0.000509223,-0.000229301,-7.64424e-05,1.55237e-05,8.22482e-05,0.000313829,0.000706691,0.00101431,0.000203996,0.000191677,0.000206815,0.000195539,0.000190096,0.000258122,0.000195237,0.000189169,0.000358227,0.000108061,0.000534722,0.000421221,0,0.000343665,0.501949,-0.000989938,-0.000300906,0.000303537,0.00103445,1787164800
1787164860,0.000100562,-4.78892e-06,0.000631936,-0.000301747,0.000980038,0.528853,6.52016e-05,5.41272e-05,0.0336968,-0.00090507,-0.000551414,-0.000249505,-7.29724e-05,2.80036e-05,0.00010441,0.000351336,0.000750874,0.0010844,4.67971e-05,6.96184e-05,4.92993e-05,0.000109719,6.67666e-05,4.63103e-05,8.23057e-05,7.23712e-05,0.000397178,0.000131997,0.000525545,0.000477862,0,0.000374931,0.501337,-0.00111407,-0.000368818,0.000344973,0.00115093,1787164800
1787164920,0.00027769,-4.78843e-06,0.000770639,-4.78843e-06,0.000970293,0.527538,9.10081e-05,8.22862e-05,0.031061,-0.000873802,-0.000521902,-0.000240216,-7.57561e-05,2.73149e-05,9.05764e-05,0.000326462,0.000719164,0.00104552,8.20856e-05,9.58278e-05,8.08078e-05,0.000132611,8.9517e-05,8.04121e-05,0.000106855,0.000102077,0.000373302,0.000138281,0.000567392,-0.000469781,0.000338237,0,0.493665,-0.00110411,-0.00037065,0.000327408,0.00113782,1787164800
1787164980,0.000827825,-5.26594e-05,0.000980873,-0.000181926,0.000961343,0.535065,0.000250706,0.000243806,0.0299037,-0.000848515,-0.000503645,-0.000231554,-6.73279e-05,3.42807e-05,9.38496e-05,0.0003098,0.000695116,0.00101324,0.000266514,0.000237287,0.000281377,0.000240008,0.000238326,0.0003168,0.000247495,0.000251461,0.000357731,0.000128577,0.000536234,-0.000448329,0.000309871,0,0.49041,-0.00106329,-0.000359057,0.000302632,0.0010916,1787164800
1787165040,-0.000248754,2.39154e-05,0.000143484,-0.000823037,0.000958855,0.54833,8.98354e-05,9.01594e-05,0.0352449,-0.000905497,-0.000548782,-0.000240276,-5.73959e-05,5.00974e-05,0.000126843,0.000374827,0.000788302,0.00111438,7.81326e-05,9.02938e-05,7.56904e-05,0.000124977,9.2204e-05,8.49308e-05,0.000103096,8.96434e-05,0.000409329,0.000145582,0.000535199,-0.000514376,0.000380199,0,0.493911,-0.00118016,-0.000405749,0.000368362,0.00123816,1787164800
1787165100,0.000726953,-4.78433e-06,0.000932508,-2.39219e-05,0.00094987,0.530747,0.000206185,0.000198797,0.030865,-0.000917232,-0.000576923,-0.000273032,-8.28415e-05,3.50939e-05,0.000117611,0.000371605,0.000786253,0.00110067,0.000226684,0.000208066,0.000224587,0.000218071,0.00019683,0.000216614,0.00021518,0.00022075,0.000424744,0.000153412,0.000711159,-0.000521249,0.000388385,4.67559e-05,0.492124,-0.00119844,-0.000414459,0.000368614,0.0012339,1787165100
1787165160,1.43424e-05,-0.000301239,0.000109953,-0.000760444,0.000945926,0.548342,6.05915e-05,5.33563e-05,0.0347117,-0.00089672,-0.000543818,-0.000244101,-5.88982e-05,5.15757e-05,0.000128947,0.000372644,0.000779669,0.00110162,3.89152e-05,6.27782e-05,4.67396e-05,0.000107044,6.22736e-05,6.0708e-05,7.64278e-05,7.43789e-05,0.000409498,0.000110389,0.000518073,-0.000492138,0.000353702,0,0.490603,-0.00114922,-0.000390049,0.000346535,0.00118499,1787165100
1787165220,-0.000908761,4.78077e-06,5.73677e-05,-0.0012007,0.000936422,0.554035,0.000282305,0.000318921,0.030654,-0.000890204,-0.000524154,-0.000228969,-4.60986e-05,4.97897e-05,0.000124293,0.000368922,0.000770857,0.0010751,0.00032869,0.000274503,0.000315112,0.000264959,0.000294421,0.00029063,0.000264104,0.000245306,0.000397149,0.000120222,0.000536898,-0.000482751,0.000351256,0,0.4959,-0.00113255,-0.000371319,0.000347426,0.0011691,1787165100
1787165280,-0.000282362,-4.78514e-06,0.000215307,-0.000464265,0.000935876,0.529457,9.59568e-05,9.54318e-05,0.0385072,-0.000993369,-0.000603373,-0.000275295,-7.96416e-05,3.16938e-05,0.000116187,0.00038167,0.000821308,0.00114722,8.73723e-05,9.51665e-05,8.53929e-05,0.000133348,9.56212e-05,9.31432e-05,0.000107399,0.000100059,0.000434319,0.000101197,0.00057975,-0.000515242,0.0003802,0,0.494268,-0.00121175,-0.00039396,0.00037575,0.0012229,1787165100
1787165340,0.000708148,-1.91461e-05,0.000789457,-1.91461e-05,0.00092733,0.525025,0.000202421,0.000196569,0.0342623,-0.000957509,-0.000576431,-0.000269517,-8.07419e-05,2.57113e-05,0.000101487,0.000352594,0.000774432,0.00108608,0.000219442,0.000202902,0.000210268,0.000206989,0.000195991,0.000202545,0.000210972,0.0002036,0.000409773,6.46669e-05,0.00054398,-0.000463719,0.000306391,0,0.492547,-0.00112086,-0.000351611,0.000335638,0.00111112,1787165100
1787165400,-0.000655498,4.78308e-06,0.000263035,-0.000655498,0.000923457,0.541651,0.0001908,0.000208652,0.0356568,-0.000962263,-0.000586252,-0.000267784,-6.39491e-05,4.30118e-05,0.000124447,0.000383315,0.000796846,0.00111104,0.000212653,0.0001895,0.000189888,0.000193135,0.000191656,0.000186316,0.000194742,0.000176112,0.000430967,6.63076e-05,0.000485905,-0.000491027,0.000350853,0,0.498053,-0.00115597,-0.000378458,0.000357602,0.0011579,1787165400
1787165460,-6.22228e-05,-4.78623e-06,0.000559831,-0.000603246,0.000918864,0.520771,6.64396e-05,5.92214e-05,0.0380135,-0.000993682,-0.000619019,-0.000293457,-9.25721e-05,2.33055e-05,0.000106159,0.000363067,0.000791384,0.00111762,4.20633e-05,6.44004e-05,5.47822e-05,0.000105992,6.60032e-05,6.40499e-05,7.95716e-05,7.25661e-05,0.000432073,4.84294e-05,0.000545677,-0.000485992,0.000339843,0,0.489336,-0.00118859,-0.000389537,0.000338181,0.00115109,1787165400
1787165520,7.65814e-05,1.43595e-05,0.000406772,-0.000215417,0.000909671,0.518844,6.58364e-05,5.59412e-05,0.0324923,-0.000955581,-0.000588965,-0.000276625,-8.38401e-05,1.86217e-05,0.000104072,0.000361769,0.000783278,0.00109449,4.28122e-05,6.42686e-05,5.30096e-05,0.000118095,6.47441e-05,5.41863e-05,8.12114e-05,7.44074e-05,0.000420261,8.73501e-05,0.000581735,-0.000491917,0.000379728,0,0.487887,-0.00115761,-0.000377334,0.000354465,0.00116336,1787165400
1787165580,0.000401956,9.57226e-06,0.000430661,-0.000861879,0.000900594,0.527002,0.000116963,0.000111399,0.0288866,-0.000921556,-0.000563204,-0.000260943,-7.27009e-05,2.55601e-05,9.39547e-05,0.00034196,0.000742437,0.00104728,0.00011655,0.000117627,0.000115916,0.000147033,0.000110728,0.000117249,0.000125478,0.000122757,0.000397079,6.99304e-05,0.000527883,-0.000440052,0.000306168,0,0.489748,-0.00107155,-0.000341757,0.000309073,0.00106957,1787165400
1787165640,0.000114815,-9.56851e-06,0.000521345,-4.3059e-05,0.000893353,0.535549,6.69266e-05,5.6492e-05,0.0273389,-0.000922279,-0.000568687,-0.000256351,-6.48865e-05,3.38189e-05,0.000114209,0.000382027,0.000785514,0.00109115,4.89487e-05,6.50207e-05,5.4727e-05,0.000123921,6.51478e-05,5.0352e-05,8.65235e-05,7.84104e-05,0.000421214,0.000127002,0.000572906,-0.000480834,0.000383769,0,0.492073,-0.00112073,-0.000364773,0.000355775,0.00117113,1787165400
1787165700,-0.000363626,7.6536e-05,0.000172198,-0.000861434,0.000884523,0.537545,0.000105671,0.000116334,0.0253554,-0.000885504,-0.000540765,-0.00024936,-6.27374e-05,3.55886e-05,0.00010242,0.000332667,0.000715345,0.0010158,0.000110106,0.000108312,0.000106355,0.000140577,0.000109418,0.000104574,0.000111176,0.000110924,0.000384666,7.62392e-05,0.000521255,-0.000402992,0.00028684,0,0.489264,-0.000999052,-0.000324405,0.000267465,0.00100292,1787165700
1787165760,-0.000775539,-5.74267e-05,-5.74267e-05,-0.000900064,0.000877142,0.530278,0.000226539,0.000255806,0.0255989,-0.00089709,-0.000547801,-0.000252978,-6.89916e-05,2.84374e-05,0.000101214,0.000346317,0.000741299,0.001035,0.000261641,0.000228308,0.000251462,0.00022826,0.000230655,0.000279216,0.000221829,0.000219204,0.000395129,9.73665e-05,0.000560876,-0.000401053,0.000314569,2.64127e-07,0.495208,-0.00097985,-0.000299781,0.000289629,0.00100956,1787165700
1787165820,0.00037827,0,0.000698969,0,0.000875225,0.519319,0.000112249,0.000107007,0.0320041,-0.000926904,-0.000574957,-0.000270512,-8.16289e-05,1.87082e-05,8.89826e-05,0.000332375,0.000735226,0.00103543,0.000109982,0.000110912,0.000109373,0.00014344,0.000107794,0.000110137,0.000122256,0.000111783,0.000396358,1.32142e-05,0.000499584,-0.000420572,0.000289853,0,0.493802,-0.00103319,-0.000315397,0.000304684,0.00101125,1787165700
1787165880,0.000425981,0,0.000449907,-3.35118e-05,0.000868079,0.528636,0.000124104,0.000117536,0.0285499,-0.000907956,-0.000562246,-0.000268817,-7.34103e-05,2.80641e-05,9.94902e-05,0.000340915,0.000728054,0.00102569,0.000123235,0.000123979,0.000122511,0.000151711,0.000118948,0.000123939,0.000132382,0.000127137,0.000400882,3.82373e-05,0.000497261,-0.000424049,0.000305525,0,0.492804,-0.00102205,-0.000325196,0.000302469,0.00101541,1787165700
1787165940,0.000990064,4.78527e-06,0.0012195,-5.26395e-05,0.000861463,0.541484,0.000307899,0.000300539,0.0269211,-0.000892025,-0.000552139,-0.000251989,-5.85277e-05,3.90499e-05,0.000110715,0.000352098,0.000719379,0.00101755,0.000340039,0.000308037,0.000339592,0.000284217,0.000309485,0.00032216,0.000291682,0.000312398,0.000399718,1.36014e-05,0.000428666,-0.000409145,0.000277882,0,0.496596,-0.00100598,-0.000315148,0.00028737,0.000980766,1787165700
1787166000,0.000315466,-0.000152989,0.000396707,-0.000913502,0.000864223,0.525207,0.000106026,9.73354e-05,0.0385564,-0.0010137,-0.000690317,-0.000339567,-0.000102106,3.32476e-05,0.000142037,0.000447133,0.000876192,0.00119623,9.24441e-05,9.77559e-05,9.32482e-05,0.000168349,9.23489e-05,9.87599e-05,0.000136962,0.000120561,0.000516222,0.000337618,0.000862104,-0.000565099,0.000723137,0.000305331,0.475043,-0.00126131,-0.000459827,0.000383819,0.00128368,1787166000
1787166060,-0.000506707,-9.55813e-06,0.000320144,-0.000678854,0.000856699,0.544102,0.000149483,0.000161172,0.0339524,-0.000932988,-0.000591175,-0.000267609,-6.44608e-05,4.81547e-05,0.000141509,0.000400093,0.000805857,0.00112222,0.000154692,0.000147915,0.000146914,0.00017147,0.000152814,0.000146039,0.000149932,0.000138379,0.000443619,7.93354e-05,0.000552214,-0.000490011,0.00043159,2.81141e-05,0.485687,-0.00113753,-0.000383971,0.000352352,0.00119625,1787166000
1787166120,0.000253385,0,0.000544938,-0.000119544,0.000851111,0.532785,8.8855e-05,8.02115e-05,0.0324177,-0.000935265,-0.000592848,-0.000280022,-7.86008e-05,3.66784e-05,0.000124121,0.000376213,0.000783128,0.00109554,7.51002e-05,8.66661e-05,8.13443e-05,0.000127355,8.23649e-05,8.53231e-05,0.000105469,0.000102456,0.000433275,5.05634e-05,0.000546204,-0.000457967,0.000375632,1.89604e-05,0.483579,-0.00110071,-0.000362848,0.000323844,0.00113273,1787166000
1787166180,0.000726334,-1.43409e-05,0.00116093,-1.43409e-05,0.000843319,0.543042,0.00020481,0.000195618,0.0291115,-0.000903825,-0.000570709,-0.000264472,-6.42081e-05,4.59724e-05,0.000130492,0.000370155,0.00076209,0.00106708,0.000225754,0.000207199,0.000216569,0.000211709,0.000196018,0.000217013,0.000214398,0.000209924,0.000420885,5.04703e-05,0.000502623,-0.000441549,0.000351355,0,0.487187,-0.00105481,-0.000342287,0.000318082,0.00110073,1787166000
1787166240,-0.000195867,-4.77679e-06,9.55352e-06,-0.000654633,0.000841138,0.547791,8.16545e-05,8.37761e-05,0.0332367,-0.000933528,-0.000592358,-0.000276311,-6.30569e-05,5.46408e-05,0.000148322,0.000400568,0.000803167,0.0011184,6.48958e-05,7.66781e-05,7.19917e-05,0.000123289,8.34945e-05,7.78524e-05,9.19632e-05,8.44208e-05,0.000449039,8.28214e-05,0.000531693,-0.000490148,0.000423895,0,0.484859,-0.00113185,-0.000390507,0.000349775,0.00119701,1787166000
1787166300,0.000778465,4.77771e-06,0.0017805,-0.000172013,0.000833145,0.54629,0.000217913,0.000208749,0.0291242,-0.000893543,-0.000565043,-0.000250806,-5.99915e-05,4.88309e-05,0.00013781,0.000383427,0.000769838,0.00107516,0.000245338,0.000226504,0.000236127,0.000226245,0.00021171,0.000234374,0.000224749,0.000224235,0.000422817,5.00412e-05,0.000501575,-0.000419233,0.00033644,0,0.492847,-0.00101285,-0.000317989,0.000309097,0.00107982,1787166300
1787166360,0.000868491,0,0.00107834,-0.000520501,0.000832087,0.544935,0.000245815,0.000234609,0.0344957,-0.000955144,-0.000606255,-0.000281365,-7.00696e-05,5.44633e-05,0.000157582,0.000420559,0.00083945,0.00115442,0.000279447,0.00026085,0.000266902,0.000253874,0.00024141,0.000257546,0.000253226,0.000252237,0.000465779,0.000127741,0.000603245,-0.000503782,0.000506565,5.74266e-05,0.487945,-0.00112712,-0.000395167,0.000370662,0.00125286,1787166300
1787166420,-0.00145586,-4.76987e-06,8.58537e-05,-0.00151319,0.00083283,0.554516,0.000536154,0.000578731,0.044116,-0.000958607,-0.000612432,-0.000275211,-5.84763e-05,6.6095e-05,0.000173232,0.000446083,0.000873101,0.00118745,0.000601667,0.000546055,0.000551489,0.000419441,0.000575417,0.000535789,0.000467195,0.000481353,0.00048056,8.98979e-05,0.000558907,-0.000517025,0.000489581,1.73605e-06,0.489985,-0.00114984,-0.000403359,0.000381733,0.001288,1787166300
1787166480,0.00164664,0,0.00188506,-0.000124205,0.00084978,0.534785,0.000581156,0.000565944,0.125108,-0.00113904,-0.000737678,-0.000337085,-9.51828e-05,4.89554e-05,0.000167407,0.000464535,0.000947899,0.00130844,0.000664093,0.000612732,0.000588098,0.000475926,0.00060229,0.000630996,0.000546224,0.000589062,0.000533338,2.15495e-06,0.000544468,-0.000546177,0.000496955,0,0.493718,-0.00125061,-0.000416491,0.000399878,0.00129806,1787166300
1787166540,-0.00119295,-4.76896e-06,0.00010968,-0.00119295,0.000872875,0.545748,0.00036401,0.000397296,0.37868,-0.0013375,-0.000874057,-0.00039614,-9.27583e-05,7.52729e-05,0.000225512,0.000586984,0.00117056,0.00162474,0.000469587,0.000388513,0.000358788,0.000346849,0.00038499,0.00040415,0.000350736,0.000327093,0.00065624,0,0.000595897,-0.000633262,0.00060764,0,0.492168,-0.00135553,-0.000474863,0.000480013,0.00151822,1787166300
1787166600,-0.000377267,-1.90987e-05,-1.4324e-05,-0.00152427,0.000880418,0.531722,0.000133675,0.000136707,0.512962,-0.00146618,-0.000971533,-0.000447355,-0.0001241,5.60215e-05,0.000208481,0.000575144,0.00118415,0.00166037,0.000114606,0.000114925,0.00012895,0.000155479,0.000140405,0.000109095,0.000133925,0.000118854,0.000679311,0,0.000563497,-0.000615781,0.000540859,0,0.499995,-0.00140428,-0.000469756,0.000456979,0.00145732,1787166600
1787166660,0.00120771,0,0.00176572,-9.07565e-05,0.000873201,0.530118,0.000347569,0.000334986,0.407179,-0.00135675,-0.000898695,-0.000402793,-0.000117095,4.89594e-05,0.000200211,0.000563019,0.00114406,0.00158336,0.000442942,0.000379335,0.000357779,0.000348168,0.000348143,0.000420853,0.000336577,0.000344813,0.00064392,0,0.00058495,0.000611189,0,0.000562937,0.503937,-0.00133047,-0.000426209,0.00048793,0.0014743,1787166600
1787166720,0.000448343,-4.77069e-06,0.000577085,-0.000171759,0.000881136,0.538701,0.000140919,0.000131236,0.48198,-0.00142657,-0.000951738,-0.000437986,-0.00011311,6.91874e-05,0.000229963,0.00061122,0.00122689,0.00168888,0.000128631,0.000130672,0.000141056,0.000181353,0.000134738,0.000128473,0.00014524,0.000155831,0.000698653,0,0.000597828,0.000666921,0,0.000595974,0.500112,-0.00142787,-0.000497376,0.000505789,0.00157053,1787166600
1787166780,0.00107711,9.53703e-06,0.00224822,9.53703e-06,0.000874582,0.547275,0.000298185,0.000285494,0.382083,-0.00133014,-0.000885315,-0.000393292,-9.09961e-05,7.84528e-05,0.000227985,0.000575456,0.00115003,0.00159045,0.00037658,0.000326353,0.000306294,0.000309571,0.0002834,0.000352635,0.000301124,0.000326398,0.000650074,0,0.000505432,-0.000589267,0.000506936,0,0.499364,-0.00133354,-0.00045295,0.000438411,0.00145634,1787166600
1787166840,-0.00464078,5.71592e-05,0.000419092,-0.00525831,0.00087909,0.548544,0.00205137,0.00209544,0.39559,-0.00139297,-0.000931267,-0.000424766,-9.79421e-05,8.90814e-05,0.000256824,0.000630644,0.00123831,0.00170967,0.00219349,0.00210291,0.00205244,0.00184128,0.00209573,0.00212808,0.00200737,0.00200671,0.000706186,1.55016e-05,0.000663579,-0.000662043,0.000697236,2.08507e-05,0.492032,-0.00142347,-0.000516064,0.000487053,0.00161706,1787166600
1787166900,0.00175476,4.78555e-06,0.0018503,-2.39281e-05,0.00108999,0.509558,0.000505612,0.000489565,0.918303,-0.00266583,-0.00187877,-0.000937581,-0.00031618,3.29548e-05,0.000362858,0.00104055,0.00208613,0.00286281,0.000714373,0.000545714,0.000501315,0.000506896,0.000537054,0.000685056,0.000481634,0.000486108,0.00129668,0,0.00110426,0.00114285,0.000331846,0.00143641,0.513634,-0.00228247,-0.00077925,0.000846747,0.00229641,1787166900
1787166960,-0.000669027,0,0.000439403,-0.000726393,0.0011072,0.52389,0.000230319,0.000236261,0.853366,-0.00246178,-0.00171344,-0.000808701,-0.000232575,7.16114e-05,0.000363957,0.000999216,0.00198318,0.00272475,0.000218115,0.000199396,0.000236493,0.000231456,0.000244115,0.000189774,0.000219547,0.000181846,0.00119682,0,0.000708967,0.000999565,0,0.000808647,0.507404,-0.00206594,-0.000685814,0.000805889,0.00225417,1787166900
1787167020,0.00033457,-4.78038e-06,0.000898305,-0.000296427,0.00110015,0.516531,0.000169447,0.000156502,0.672335,-0.00238617,-0.00166014,-0.000795733,-0.000252755,4.91867e-05,0.000317642,0.000899816,0.00183473,0.00256111,9.71127e-05,0.000133936,0.000174976,0.000175501,0.000201297,0.000101583,0.000142263,0.000141348,0.00111531,0,0.000700436,-0.000950771,0.000765511,0,0.498209,-0.002103,-0.000713095,0.000710908,0.00212183,1787166900
1787167080,0.000917103,0,0.00148032,0,0.00109012,0.520929,0.000269096,0.000251521,0.4226,-0.00224026,-0.00156305,-0.00073621,-0.000224218,5.81941e-05,0.000321489,0.000865564,0.00176835,0.0024641,0.000296678,0.000263515,0.000267269,0.000276115,0.000286693,0.000282848,0.00026412,0.000278068,0.0010585,0,0.000702676,-0.00092935,0.000804682,0,0.496299,-0.00200409,-0.000685559,0.000703151,0.00212038,1787166900
1787167140,0.000711131,2.38716e-05,0.00280817,-0.000162342,0.00108693,0.527937,0.000221806,0.000207097,0.144529,-0.00219166,-0.00153068,-0.000715982,-0.000202681,7.68871e-05,0.000336945,0.000874712,0.00174665,0.00243443,0.000216141,0.000206171,0.000227913,0.000241727,0.000240843,0.000201498,0.000206441,0.000226026,0.00105508,0,0.000694704,-0.000958991,0.000868603,0,0.498972,-0.00205742,-0.000715649,0.000716076,0.00214482,1787166900
1787167200,0.0014398,9.54194e-06,0.00190182,-2.86264e-05,0.0010807,0.528397,0.000410922,0.00039099,0.119577,-0.00213931,-0.00148198,-0.000703549,-0.000205292,7.97007e-05,0.000342397,0.000854377,0.00171924,0.00240757,0.000555495,0.000425183,0.000411282,0.000416994,0.000398124,0.000528438,0.000416855,0.000444907,0.0010329,0,0.000800733,-0.000894597,0.000957058,0.000134688,0.493737,-0.00191961,-0.000687768,0.0006643,0.00211826,1787167200
1787167260,-0.000319248,0,0.00075721,-0.000385969,0.00108904,0.540171,0.000160679,0.000168823,0.099793,-0.00209728,-0.00145929,-0.000670096,-0.000167209,0.000109345,0.000373431,0.000895111,0.00173532,0.0024238,9.90845e-05,0.000130309,0.000158685,0.000178023,0.000187294,9.94251e-05,0.00014842,0.000121915,0.00104723,0,0.000709794,0.000842573,1.00403e-06,0.000792538,0.501527,-0.00184928,-0.000641615,0.000639208,0.00204898,1787167200
1787167320,-0.00064357,2.3828e-05,0.000162019,-0.00121598,0.00107904,0.534848,0.000204352,0.000212741,0.114912,-0.00199635,-0.00136604,-0.000630757,-0.000176075,9.18691e-05,0.000327391,0.000798711,0.00159199,0.00224544,0.000208295,0.000191646,0.00020739,0.000224864,0.000234325,0.000184034,0.000185233,0.000168947,0.000953037,0,0.000658672,-0.000758556,0.000668503,0,0.496111,-0.0017354,-0.000591954,0.000551337,0.00186651,1787167200
1787167380,-6.67643e-05,-5.24573e-05,0.00027178,-0.000457902,0.00107207,0.534062,0.0001255,0.000123046,0.122904,-0.001918,-0.00130404,-0.000594007,-0.000167616,8.43717e-05,0.000315251,0.000788526,0.00157264,0.0021899,4.45343e-05,9.98991e-05,0.000127474,0.000159942,0.000154745,6.33597e-05,0.000108502,9.69237e-05,0.000923945,0,0.000625175,0.000767225,0,0.000673747,0.504114,-0.00170861,-0.000551344,0.000601884,0.00187605,1787167200
1787167440,6.67643e-05,-1.90763e-05,0.000753224,-0.000500874,0.00106133,0.537593,0.000115593,0.00010691,0.172938,-0.00181897,-0.0012253,-0.000545614,-0.000140035,8.17967e-05,0.000290037,0.000734878,0.00146236,0.00205608,4.35055e-05,9.8451e-05,0.000121106,0.000144935,0.000140561,5.23149e-05,9.86033e-05,9.43593e-05,0.000858011,0,0.000584391,0.00069961,0,0.000595591,0.508589,-0.00158485,-0.00049221,0.000550609,0.00172959,1787167200
1787167500,-0.000882602,-2.86127e-05,0.000109674,-0.000882602,0.00105071,0.536293,0.000257599,0.000276571,0.255318,-0.00170271,-0.00113455,-0.000507623,-0.000128082,7.05715e-05,0.000262274,0.000673279,0.00136481,0.00193221,0.000313096,0.000257484,0.000259503,0.000262149,0.000268242,0.000316401,0.000252403,0.000238412,0.000789986,0,0.000583625,0.000728439,0,0.000670253,0.507276,-0.00162507,-0.000528627,0.000567527,0.00177694,1787167500
1787167560,-0.000615897,3.34099e-05,0.000458096,-0.000649329,0.00104761,0.528398,0.000180103,0.000196665,0.249721,-0.00167073,-0.00111905,-0.000506962,-0.000139146,5.35251e-05,0.000230797,0.000628048,0.00129728,0.00185381,0.000196944,0.000183209,0.000187054,0.000199051,0.000199898,0.000175229,0.000177129,0.000153138,0.000754509,0,0.000501172,0.000655856,0,0.00053559,0.507709,-0.00153349,-0.000476197,0.000501003,0.00160538,1787167500
1787167620,0.000935632,6.68599e-05,0.00106445,9.55169e-06,0.00104073,0.522357,0.000274226,0.000259089,0.295102,-0.00162232,-0.00107354,-0.000500687,-0.000146657,4.10307e-05,0.000210996,0.000596261,0.00124947,0.00179554,0.000303847,0.00026808,0.000269067,0.000272386,0.000274445,0.000284091,0.000276213,0.000288966,0.000725179,0,0.000518084,0.000666542,0,0.000578223,0.508891,-0.00152833,-0.000478262,0.000518084,0.00160415,1787167500
1787167680,-0.001442,4.29417e-05,0.000157444,-0.00148501,0.00103874,0.53775,0.000429397,0.000468973,0.207153,-0.00162984,-0.00109976,-0.000502509,-0.000113265,6.61681e-05,0.000257565,0.000679114,0.00129622,0.00182736,0.000591805,0.000444045,0.000427477,0.000415097,0.000415628,0.000528762,0.000439098,0.00045077,0.000787852,0,0.00056185,0.000701885,0,0.000556515,0.520806,-0.00152915,-0.000491998,0.000568756,0.0016456,1787167500
1787167740,-0.000334536,4.77828e-06,9.55612e-05,-0.000893939,0.00104832,0.520245,0.000136924,0.000140908,0.114382,-0.00174869,-0.00120069,-0.00056532,-0.000163938,4.05497e-05,0.000243096,0.000680163,0.00133762,0.00189164,0.00010275,0.000128344,0.000138714,0.00015701,0.000148517,0.000101973,0.000132516,0.000112617,0.000823367,0,0.000635971,0.000776334,0,0.000704079,0.516656,-0.00171091,-0.000559084,0.000620167,0.00176616,1787167500
1787167800,0.000348871,0,0.00078837,-0.000583316,0.00103886,0.516268,0.000139645,0.00012868,0.143364,-0.00166535,-0.00116732,-0.000554265,-0.000163786,3.10137e-05,0.000236063,0.000669966,0.00130026,0.00180715,0.000101436,0.000129757,0.000137296,0.000169146,0.000157842,0.000102118,0.000133327,0.000126093,0.000808619,0,0.000742614,0.000790711,0,0.000814299,0.514064,-0.0016696,-0.000557435,0.000639241,0.00178552,1787167800
1787167860,0.000678277,4.3003e-05,0.000897902,-4.77833e-05,0.00102961,0.523489,0.000198467,0.0001834,0.158206,-0.00155313,-0.00105558,-0.000494309,-0.000139675,4.16155e-05,0.000227003,0.00061176,0.00122226,0.00171701,0.000203698,0.000196249,0.000196708,0.000223193,0.000205664,0.000194887,0.000195249,0.000209788,0.000733189,0,0.000608677,0.000754493,0,0.000680271,0.515398,-0.00158993,-0.00052834,0.000612139,0.00170642,1787167800
1787167920,0.000520337,-4.77499e-06,0.000649186,-0.000195793,0.00102376,0.532725,0.000157819,0.000145204,0.147186,-0.00150253,-0.00102335,-0.000470991,-0.00011847,5.56366e-05,0.000231681,0.000600987,0.00117141,0.00166341,0.000148893,0.000156609,0.000159768,0.000185943,0.000171995,0.000148991,0.000151184,0.000169525,0.000713568,0,0.000540499,0.000724772,0,0.000576856,0.512799,-0.0015544,-0.000528029,0.000568624,0.00165457,1787167800
1787167980,0.000262453,0,0.000524837,-7.63628e-05,0.00101614,0.539948,0.000111657,9.80967e-05,0.118889,-0.00144776,-0.000986458,-0.000443165,-0.000101521,6.48295e-05,0.000237365,0.000588131,0.00113629,0.00161859,7.71401e-05,0.000112861,0.000114063,0.000141788,0.000121688,8.81783e-05,0.000104298,0.000112461,0.000690633,0,0.000530672,0.00069725,0,0.000549026,0.515058,-0.00150872,-0.000504946,0.000549311,0.0016168,1787167800
1787168040,-0.000314952,4.77123e-06,0.000496086,-0.000386545,0.00100661,0.543991,0.000118467,0.000124138,0.11744,-0.00136647,-0.000913157,-0.00041138,-9.00998e-05,6.76055e-05,0.000223677,0.000531171,0.00104796,0.00151048,9.75025e-05,0.000120927,0.000119882,0.000144547,0.000132471,9.3284e-05,0.000111914,0.000105376,0.000631351,0,0.000505933,0.000597416,0,0.000486482,0.512749,-0.00131827,-0.00043201,0.000452009,0.00141755,1787167800
1787168100,-0.000252988,0,0.000396059,-0.000252988,0.000997489,0.533072,0.00010313,0.00010773,0.114574,-0.00132924,-0.000874414,-0.00040044,-0.00010705,5.09264e-05,0.000199761,0.000492117,0.0009959,0.00144634,8.02619e-05,0.000109628,0.000106503,0.000139431,0.000114707,7.81719e-05,9.56986e-05,9.3965e-05,0.000594285,0,0.000539255,0.000605453,0,0.000558554,0.508885,-0.00134091,-0.00044435,0.000459447,0.00143049,1787168100
1787168160,0.00225077,-4.29665e-05,0.00226506,-4.29665e-05,0.000988112,0.529414,0.000890388,0.000871317,0.11934,-0.00125865,-0.000820534,-0.000367398,-0.000105852,4.24623e-05,0.000177358,0.000447741,0.000914604,0.00134652,0.000959417,0.00082848,0.000853453,0.000729525,0.000850604,0.000988969,0.000934642,0.000929809,0.000543031,0,0.000494365,0.000571603,0,0.000508739,0.511343,-0.00128142,-0.00041224,0.000434016,0.00134576,1787168100
1787168220,-0.00057175,-4.76333e-05,9.5264e-06,-0.000633709,0.00102867,0.540915,0.000178192,0.000192652,0.0573347,-0.00159314,-0.00108908,-0.000484916,-0.000114617,7.65208e-05,0.000286454,0.000693911,0.00130284,0.0018357,0.000179324,0.000171203,0.000173538,0.000194247,0.000196559,0.000162753,0.000175397,0.000158664,0.000792652,0,0.000627086,0.00084406,8.88693e-05,0.000782871,0.516046,-0.0017467,-0.000616032,0.000674099,0.00192968,1787168100
1787168280,-0.00010009,0,0.000104845,-0.000519623,0.00102153,0.531526,9.75368e-05,9.45176e-05,0.0563633,-0.00149671,-0.00100138,-0.000454397,-0.000125059,5.5696e-05,0.000232954,0.000577806,0.00114271,0.00164528,5.06834e-05,9.56469e-05,0.000102648,0.000116968,0.000124622,6.55942e-05,8.13371e-05,8.00855e-05,0.000689113,0,0.000504159,0.000698347,0,0.000556817,0.507621,-0.00158712,-0.000535574,0.000526834,0.00163284,1787168100
1787168340,0.000376476,3.33644e-05,0.000709945,2.85981e-05,0.00101137,0.534178,0.000127749,0.000115073,0.0618651,-0.00138996,-0.000923625,-0.000400498,-0.000101966,5.08447e-05,0.000221634,0.000556254,0.00109687,0.00155648,0.000108834,0.000131791,0.000134009,0.000152882,0.000135697,0.000110561,0.000119169,0.000122238,0.000644138,0,0.000518889,0.000678806,0,0.000550841,0.512428,-0.00148299,-0.000476487,0.000544021,0.00160206,1787168100
1787168400,0.000571592,-5.71772e-05,0.000571592,-0.000190603,0.00100262,0.53899,0.000166121,0.000149745,0.0690168,-0.00137299,-0.000904771,-0.000405619,-9.70312e-05,5.94473e-05,0.00022205,0.000532609,0.00105616,0.00152343,0.000162819,0.000166122,0.000166069,0.000184103,0.000162674,0.000164716,0.000173808,0.000181034,0.000629074,0,0.000502584,0.000691473,0,0.00054304,0.514724,-0.00151818,-0.000507895,0.000538081,0.00158749,1787168400
1787168460,1.42856e-05,0,0.000314236,-0.000285755,0.000995826,0.55293,8.15342e-05,7.84692e-05,0.0690302,-0.0013039,-0.00085588,-0.000366594,-6.93222e-05,7.34747e-05,0.000233728,0.000541913,0.00103439,0.0014812,4.07978e-05,8.74041e-05,8.60662e-05,0.000111165,0.000105405,5.59235e-05,6.95168e-05,7.25719e-05,0.000616408,0,0.000432205,0.000691663,0,0.000497714,0.514517,-0.00149404,-0.00050117,0.000539873,0.00156973,1787168400
1787168520,-0.000300041,4.76183e-06,2.85706e-05,-0.000442949,0.000985819,0.545768,0.000110874,0.000115595,0.0744136,-0.0012562,-0.000817729,-0.000350462,-7.33355e-05,5.85622e-05,0.00020901,0.00049119,0.000961992,0.00140423,9.37567e-05,0.00011658,0.000112795,0.000133172,0.000135323,8.95001e-05,9.88501e-05,0.000101593,0.000569665,0,0.000487425,0.000562748,0,0.000487702,0.514233,-0.00126076,-0.000398425,0.000425972,0.00136271,1787168400
1787168580,-0.000347779,-3.81069e-05,-3.81069e-05,-0.000795782,0.000976833,0.54076,0.000115762,0.000121852,0.0824533,-0.00121889,-0.000789235,-0.000326082,-7.50485e-05,4.89495e-05,0.000189731,0.000465845,0.000924775,0.00135283,0.000107002,0.000123604,0.000117895,0.000137293,0.000138267,0.000101644,0.000105062,0.000106426,0.000537737,0,0.000441409,0.000518434,0,0.000408493,0.51577,-0.00118502,-0.000352946,0.000393499,0.00126202,1787168400
1787168640,0.000133409,0,0.000604962,-0.000448003,0.000968266,0.537925,7.98321e-05,7.13544e-05,0.0953518,-0.00119181,-0.000764735,-0.00031772,-7.62717e-05,4.42325e-05,0.00018829,0.000469385,0.000923338,0.00133206,5.36619e-05,9.04493e-05,8.14256e-05,0.000116175,9.33624e-05,5.13503e-05,7.47009e-05,7.80654e-05,0.000534083,0,0.000465878,0.000555465,0,0.000468934,0.517855,-0.00123742,-0.000371308,0.000445609,0.00134029,1787168400
1787168700,-0.000324024,2.85853e-05,0.000252475,-0.000352619,0.00095872,0.531861,0.000114962,0.000118051,0.115603,-0.00123191,-0.000827082,-0.000386382,-0.000102091,4.59427e-05,0.000202754,0.000504051,0.000974357,0.00138508,0.000100393,0.000117831,0.000108553,0.000150689,0.000126439,9.31277e-05,0.000116215,0.000106567,0.000593151,0,0.000699978,0.000599103,5.10146e-06,0.000702101,0.514441,-0.00130071,-0.000437492,0.000462767,0.00139381,1787168700
1787168760,0.000162025,-4.76584e-06,0.000581262,-0.000128686,0.00095019,0.529188,8.18314e-05,7.02117e-05,0.141667,-0.00114319,-0.000736105,-0.000321706,-9.2613e-05,3.6608e-05,0.000162159,0.000424264,0.00086741,0.0012657,5.82872e-05,8.98252e-05,7.91728e-05,0.000110851,8.85353e-05,5.05369e-05,8.36161e-05,8.56758e-05,0.000499887,0,0.000512999,0.000496389,0,0.000425478,0.512249,-0.0011406,-0.000349512,0.000363175,0.00118384,1787168700
1787168820,-0.000119134,0,0.000457341,-0.000133431,0.000940919,0.533453,7.3371e-05,7.25881e-05,0.174815,-0.00106334,-0.000681513,-0.000296112,-8.25217e-05,3.95913e-05,0.000156901,0.000410422,0.000832246,0.00120745,5.40378e-05,8.60308e-05,7.07616e-05,0.000112213,8.7305e-05,4.13384e-05,7.01299e-05,6.8139e-05,0.000474584,0,0.000528151,0.000506949,0,0.000463167,0.514955,-0.00114017,-0.000353772,0.000380818,0.00121112,1787168700
1787168880,-0.00030028,-4.76564e-06,0.000262075,-0.000414695,0.000931615,0.524078,9.63478e-05,9.92145e-05,0.226247,-0.00102837,-0.000654075,-0.000286031,-9.24859e-05,2.81498e-05,0.000134634,0.000370474,0.000774698,0.00114807,9.37737e-05,0.000111054,9.73289e-05,0.000129813,0.000111138,8.55783e-05,9.02752e-05,8.90781e-05,0.000438745,0,0.000522597,0.000479525,0,0.000450544,0.512751,-0.00109944,-0.000342218,0.000345604,0.00115337,1787168700
1787168940,-0.000224077,0,3.33688e-05,-0.000514975,0.000923228,0.519238,8.24092e-05,8.29939e-05,0.194269,-0.000998884,-0.000633555,-0.000275649,-9.18693e-05,2.10037e-05,0.000126654,0.000361703,0.000763794,0.00111541,7.26062e-05,9.74981e-05,8.2736e-05,0.000117049,9.35391e-05,6.40296e-05,7.8176e-05,7.69565e-05,0.000425868,0,0.000505646,0.000471347,0,0.00043306,0.514997,-0.00106967,-0.00032266,0.000351993,0.00113313,1787168700
1787169000,0.000834074,-4.76814e-06,0.000943644,-0.000176436,0.000914499,0.518993,0.000251522,0.000241006,0.15734,-0.000941872,-0.000592039,-0.000239846,-8.23686e-05,1.84546e-05,0.000119198,0.000347581,0.000734603,0.00106319,0.000263333,0.000238236,0.000247369,0.000240701,0.000234384,0.000331101,0.000262096,0.000256289,0.000396762,0,0.000454239,0.000460562,0,0.000399625,0.517603,-0.00103996,-0.00029648,0.000357221,0.00110848,1787169000
1787169060,0.000266757,-4.28783e-05,0.000704846,-0.000400269,0.00091296,0.528951,9.47383e-05,8.46754e-05,0.0891907,-0.00103383,-0.000671549,-0.00028082,-8.33425e-05,3.24727e-05,0.000159248,0.00042593,0.000849966,0.00119722,7.79607e-05,0.000103667,8.97822e-05,0.000123753,9.14624e-05,8.50753e-05,9.9305e-05,9.73085e-05,0.000477185,5.80417e-06,0.000514635,0.000565091,2.39729e-06,0.000507718,0.51998,-0.00124725,-0.000400859,0.000455721,0.00135771,1787169000
1787169120,0.000899779,4.76287e-06,0.00116623,-0.000190533,0.000904571,0.52554,0.00026529,0.000252083,0.0766438,-0.00102355,-0.000662706,-0.000281157,-9.27761e-05,3.05808e-05,0.000158491,0.000408065,0.000830902,0.00117841,0.000288451,0.000256213,0.000272379,0.000260121,0.000240734,0.000294164,0.000268238,0.000279183,0.000465244,2.87934e-05,0.000563259,0.000553641,1.57695e-05,0.000572524,0.516316,-0.00124239,-0.000403565,0.00043431,0.00133836,1787169000
1787169180,-0.000437887,-4.75861e-06,0.00034256,-0.00046169,0.000904475,0.533971,0.000130691,0.000145605,0.0542673,-0.00106655,-0.000699425,-0.000294062,-8.62959e-05,4.2536e-05,0.000184078,0.000460273,0.000911727,0.00127289,0.000132167,0.000132036,0.000129546,0.000158493,0.000146011,0.000125657,0.000130296,0.000117455,0.000510793,3.06295e-05,0.000566114,0.00060017,3.22158e-05,0.000587166,0.514253,-0.00132127,-0.000443888,0.000473154,0.00144816,1787169000
1787169240,0.000475955,0,0.000723362,0,0.000897524,0.520817,0.000141448,0.000128902,0.0484605,-0.00105421,-0.000681481,-0.000299362,-0.000104709,2.6584e-05,0.000154357,0.000408037,0.000845006,0.0012017,0.000135798,0.000138386,0.000137021,0.000160378,0.000122742,0.000137037,0.000152883,0.000151794,0.000474079,0,0.000547288,0.000560092,0,0.00054479,0.509693,-0.00129672,-0.000424388,0.000427354,0.00136839,1787169000
1787169300,0.000708753,-7.61375e-05,0.000718263,-0.000299825,0.000891049,0.535339,0.000201658,0.000187797,0.044025,-0.00101248,-0.00065542,-0.000276086,-8.0676e-05,4.21436e-05,0.000171362,0.000426651,0.000846641,0.00120095,0.000213605,0.00020297,0.000201591,0.000206148,0.000180361,0.000201915,0.000208952,0.00021407,0.000475909,0,0.000496237,0.000554253,0,0.000486295,0.515422,-0.00124955,-0.000403578,0.000435229,0.00134542,1787169300
1787169360,0.000204446,-4.75506e-06,0.000907801,-0.00047086,0.00088777,0.546394,8.40098e-05,7.22518e-05,0.0419161,-0.00104335,-0.000678551,-0.000274497,-6.83447e-05,5.60775e-05,0.000196239,0.000480113,0.000900609,0.00126612,6.52873e-05,9.11609e-05,7.89896e-05,0.000115038,7.76102e-05,7.97513e-05,9.24153e-05,9.00446e-05,0.000513845,1.93618e-05,0.00051882,0.000580931,3.27016e-05,0.000527704,0.522109,-0.00129038,-0.000416779,0.000471134,0.0014141,1787169300
1787169420,0.000541817,-0.00010935,0.000703355,-0.00029004,0.000879323,0.537997,0.000154529,0.000138809,0.0397032,-0.00103261,-0.000664232,-0.000284455,-8.53307e-05,5.01364e-05,0.000190605,0.000452434,0.000879797,0.0012442,0.000153819,0.000156478,0.000155065,0.000182179,0.000128208,0.00015623,0.000164078,0.000168009,0.00049905,5.36423e-05,0.000597244,0.000588541,6.60952e-05,0.000643998,0.51417,-0.00129216,-0.000434796,0.000465956,0.00144133,1787169300
1787169480,0.000152036,1.90058e-05,0.000413295,-0.000299389,0.000873852,0.552958,7.42372e-05,6.57803e-05,0.0387845,-0.000999628,-0.000644772,-0.000257843,-6.11086e-05,6.48576e-05,0.000201999,0.000464002,0.000869136,0.00122713,5.65181e-05,8.11539e-05,6.78911e-05,0.000114278,7.11057e-05,6.81736e-05,8.41136e-05,8.21434e-05,0.000494996,2.58827e-05,0.000521887,0.000548171,3.18128e-05,0.000501309,0.520211,-0.00121762,-0.000394753,0.000440661,0.00135866,1787169300
1787169540,-0.00161657,4.75076e-06,0.000171013,-0.00206396,0.000865336,0.553426,0.000607807,0.000657102,0.0370802,-0.00099195,-0.000627291,-0.000249824,-6.10736e-05,6.6087e-05,0.000192748,0.000456405,0.000852389,0.00121607,0.000678895,0.000582779,0.000641427,0.000498656,0.000657361,0.000652071,0.000557886,0.000585829,0.000482885,6.11627e-05,0.00055259,0.000527612,2.3119e-05,0.000513577,0.519249,-0.00119662,-0.00037851,0.000425899,0.00135557,1787169300
1787169600,0.000513782,-1.42755e-05,0.000898945,-3.80684e-05,0.000886621,0.519821,0.000157302,0.000144643,0.072497,-0.00136217,-0.000959132,-0.000445986,-0.000160384,3.87724e-05,0.00023314,0.00062356,0.0011629,0.00157069,0.000146108,0.000148885,0.000148357,0.000227259,0.000132791,0.000146651,0.000182039,0.000163051,0.000710882,0.000320996,0.0010209,0.000766232,0.000682349,0.00125158,0.509498,-0.00159423,-0.000547551,0.000592305,0.00167456,1787169600
1787169660,-0.000152204,1.90239e-05,0.00153976,-0.00055185,0.000880712,0.542572,8.47469e-05,8.92162e-05,0.0580245,-0.00117796,-0.000773185,-0.000321546,-8.84646e-05,6.29695e-05,0.000213628,0.00050935,0.000984618,0.00136761,6.01244e-05,8.26617e-05,7.80243e-05,0.000120046,9.38824e-05,7.02409e-05,9.02241e-05,8.21681e-05,0.00056555,1.69906e-05,0.000562472,0.000607817,2.91908e-05,0.00054846,0.512679,-0.00133216,-0.000433254,0.000492065,0.00144258,1787169600
1787169720,0.00160649,5.23228e-05,0.00176794,-4.75685e-05,0.000872126,0.531863,0.000552302,0.000533512,0.0506352,-0.0011776,-0.000769186,-0.000339825,-0.000110523,5.00533e-05,0.000203085,0.000495046,0.000979942,0.00136046,0.00063433,0.000551016,0.000581001,0.000459135,0.000542057,0.000637041,0.00053717,0.000539769,0.000561884,7.34066e-05,0.000660509,0.00065428,0.00011886,0.000753591,0.505425,-0.00139646,-0.000484107,0.000506591,0.00149164,1787169600
1787169780,0.000265915,0,0.000413087,-0.000565303,0.000892753,0.543217,0.000105623,9.2023e-05,0.0706721,-0.00127251,-0.000855691,-0.000362296,-9.76259e-05,7.15836e-05,0.000243933,0.000578884,0.00111372,0.0015315,7.72028e-05,0.000103091,0.000104357,0.000144565,8.89845e-05,9.05363e-05,0.000113591,0.000117148,0.000638696,3.65996e-05,0.000621136,0.000706589,8.48614e-05,0.00067892,0.504337,-0.00148119,-0.000524813,0.000550295,0.00163805,1787169600
1787169840,0.000806808,0,0.00128584,0,0.00088458,0.547336,0.000224741,0.000206922,0.0566165,-0.00121934,-0.000814401,-0.000331648,-8.77757e-05,7.57149e-05,0.000240934,0.00054896,0.00105817,0.0014634,0.000250684,0.000230204,0.000229688,0.000235278,0.000197426,0.000241055,0.000229811,0.000248129,0.000603605,2.11567e-05,0.000598075,0.000661591,3.24694e-05,0.000626992,0.504533,-0.00143661,-0.000490886,0.000512179,0.00156934,1787169600
1787169900,-0.000764078,-0.000118607,-7.59071e-05,-0.00124845,0.000883092,0.548275,0.000226074,0.00024565,0.0529764,-0.00124775,-0.00083332,-0.00034404,-8.92386e-05,7.99882e-05,0.000250343,0.000570465,0.00108291,0.00150934,0.000254057,0.000222538,0.000222316,0.000227887,0.000249453,0.000216506,0.000220262,0.000208089,0.000625187,5.00816e-05,0.000624127,0.000667052,0.000101587,0.000658832,0.50414,-0.00143151,-0.00050352,0.000517884,0.0016291,1787169900
1787169960,0.000977536,1.89904e-05,0.00104394,-0.000436878,0.000880869,0.544626,0.000273324,0.000255247,0.0551276,-0.00121473,-0.000801945,-0.000332225,-9.38118e-05,7.27638e-05,0.000235507,0.000543631,0.00104763,0.00145038,0.000319138,0.00027761,0.000277141,0.000282218,0.000246119,0.000299348,0.000281065,0.000287218,0.000597854,0,0.000580786,0.000636312,1.08718e-05,0.000598257,0.504564,-0.00138668,-0.000462659,0.000500172,0.00150952,1787169900
1787170020,0.00115662,0,0.00515655,-1.89722e-05,0.000882906,0.552393,0.00032889,0.000308103,0.0526355,-0.00122371,-0.000806127,-0.000336221,-8.15269e-05,8.58351e-05,0.00025568,0.000582023,0.00108384,0.00149158,0.000407849,0.000345695,0.000343846,0.000331353,0.000299725,0.000386029,0.000331523,0.000332954,0.000625665,1.28037e-06,0.0006014,0.000679433,6.42927e-05,0.000632263,0.504116,-0.0014187,-0.00048818,0.000539869,0.00160025,1787169900
1787170080,0.00167095,-4.73753e-06,0.00247466,-4.26386e-05,0.000889207,0.539346,0.000514105,0.000490976,0.0562305,-0.00140449,-0.000939822,-0.000438042,-0.000130176,8.21364e-05,0.000287693,0.000670204,0.00124921,0.0017062,0.000663766,0.000569654,0.000557696,0.000482069,0.00052045,0.000643152,0.000509185,0.000515768,0.000740713,0.000165003,0.000887033,-0.000803655,0.00114671,0.000300111,0.49891,-0.0015936,-0.00060277,0.000608071,0.00183898,1787169900
1787170140,0.000992725,0,0.0021827,-2.36483e-05,0.000911436,0.54711,0.000273726,0.000250909,0.0861606,-0.00145929,-0.00099188,-0.000440736,-0.000114027,9.83202e-05,0.000313064,0.000712469,0.00131071,0.00177409,0.000323915,0.000281944,0.000282343,0.000311649,0.000230283,0.000304932,0.000283636,0.000312038,0.000777779,9.57842e-05,0.000802143,-0.000812897,0.000988484,6.78903e-05,0.496202,-0.00164163,-0.000617199,0.000612489,0.0019011,1787169900
1787170200,-0.00143741,9.44979e-06,6.1422e-05,-0.00153205,0.000913133,0.550764,0.000446489,0.000495846,0.0813439,-0.00140456,-0.000946589,-0.00042489,-0.000105675,0.000105188,0.000310777,0.000689306,0.00127029,0.00172711,0.000588438,0.000466183,0.000442879,0.000423854,0.000559554,0.000526412,0.000414633,0.000387178,0.000751561,5.86089e-05,0.0007725,-0.000789557,0.000935664,4.11206e-05,0.496131,-0.00160866,-0.000607484,0.000587837,0.00185387,1787170200
1787170260,0.000435223,0,0.000506165,-0.000454348,0.00092653,0.547292,0.000143032,0.000126591,0.0936839,-0.00148657,-0.00100594,-0.000426556,-0.000111483,9.67031e-05,0.000297779,0.000686349,0.00128355,0.00174818,0.000124309,0.000135995,0.000147294,0.000201877,0.00011249,0.000124829,0.000152663,0.000150939,0.000756676,2.08822e-06,0.000711044,0.000763786,6.63242e-05,0.000691268,0.507192,-0.00162069,-0.00055798,0.000599234,0.00180409,1787170200
1787170320,4.72954e-05,-7.09473e-05,0.000444489,-0.000487273,0.000919281,0.560766,9.27776e-05,9.15148e-05,0.0727857,-0.00138151,-0.000925895,-0.000381203,-7.8454e-05,0.000115816,0.000307539,0.000679592,0.00124573,0.00167079,4.37672e-05,8.3507e-05,9.57002e-05,0.000165378,9.36919e-05,6.0606e-05,9.67763e-05,8.98312e-05,0.000726041,0,0.000646932,0.000717295,2.34861e-05,0.000579782,0.51209,-0.00148792,-0.000493976,0.000590716,0.00170949,1787170200
1787170380,-0.000293268,0,9.93131e-05,-0.000449397,0.000910066,0.560667,0.000119034,0.000127923,0.0586503,-0.00131153,-0.000869563,-0.000360198,-7.21496e-05,0.000105668,0.000281623,0.000619204,0.00113848,0.00155958,9.29306e-05,0.000110988,0.000117444,0.000158388,0.000138417,8.76617e-05,0.000113157,0.000103845,0.000670758,0,0.000613221,0.000701187,2.74531e-05,0.000619827,0.50946,-0.00148606,-0.000502957,0.000558604,0.00165719,1787170200
1787170440,-0.000468461,4.73081e-06,0.000156105,-0.00109342,0.000901874,0.558102,0.000144246,0.000166162,0.0518845,-0.00124839,-0.000828166,-0.000330459,-7.22571e-05,9.52e-05,0.000254725,0.000565785,0.00105947,0.00146764,0.000141518,0.000141196,0.000143478,0.000173462,0.000174592,0.000135615,0.000135082,0.000127883,0.000617859,0,0.0005397,0.000605699,0,0.000477588,0.506435,-0.00135049,-0.000438978,0.000477858,0.00147731,1787170200
1787170500,-0.000999169,-3.7865e-05,-3.7865e-05,-0.00134509,0.000895264,0.548488,0.000290174,0.000322718,0.0558104,-0.00130394,-0.000889351,-0.000390075,-9.77053e-05,8.85972e-05,0.000270564,0.000613199,0.00111993,0.00151908,0.000368554,0.000289936,0.000288614,0.000296303,0.000332015,0.000344136,0.000282159,0.000269867,0.000679112,0,0.000707336,0.000683891,8.31013e-05,0.00071166,0.518195,-0.00141995,-0.000484667,0.000555858,0.00159661,1787170500
1787170560,-0.000293785,-6.63309e-05,0.000378949,-0.000303263,0.00089746,0.548241,0.000114582,0.000121193,0.0685272,-0.00127651,-0.000846908,-0.000358014,-9.22375e-05,8.26237e-05,0.000248868,0.00057692,0.00108082,0.0014843,9.30794e-05,0.000109926,0.000113101,0.000149241,0.000129903,9.51244e-05,0.000111547,0.000100839,0.000635721,0,0.000552368,0.000610963,2.55068e-05,0.000506652,0.518797,-0.00131274,-0.000416065,0.000508523,0.00145859,1787170500
1787170620,-0.000270168,0,0,-0.000393427,0.000889411,0.542923,0.000104525,0.000110167,0.0743442,-0.00121371,-0.000796893,-0.00034393,-9.87432e-05,7.15804e-05,0.000221674,0.000510786,0.000983586,0.00137255,8.6514e-05,0.000105048,0.000106151,0.000138001,0.000123439,8.71057e-05,9.71878e-05,9.48181e-05,0.000579513,0,0.000509526,0.000557493,0,0.000445045,0.512997,-0.00121507,-0.000393128,0.000443304,0.00133241,1787170500
1787170680,-0.00049787,0,0.000331776,-0.00101022,0.000881301,0.546755,0.000149715,0.000167136,0.0855786,-0.00115622,-0.000758625,-0.000304912,-8.36398e-05,7.03506e-05,0.000211472,0.000497808,0.000946762,0.00131694,0.000150434,0.000148497,0.000148385,0.000167896,0.000166194,0.000144239,0.000145299,0.000143005,0.000550126,0,0.000444715,0.000518692,0,0.000360787,0.515326,-0.00115428,-0.000352431,0.000418365,0.00124416,1787170500
1787170740,0.00153549,-1.89714e-05,0.0023544,-1.89714e-05,0.00087528,0.534945,0.000509991,0.000488809,0.107727,-0.00119201,-0.000788295,-0.000345442,-0.000110979,5.77326e-05,0.000220521,0.000531133,0.00100472,0.00138507,0.000594258,0.00050622,0.000516982,0.000438759,0.000482102,0.000595611,0.000513006,0.000533516,0.000590958,0,0.000562466,0.00060313,4.58751e-05,0.00055037,0.516965,-0.00128784,-0.00041684,0.000496805,0.00141553,1787170500
1787170800,0.000142056,-4.73553e-06,0.000823641,-0.000359964,0.000893279,0.53779,9.45106e-05,8.76621e-05,0.0509133,-0.00131452,-0.000888871,-0.000404254,-0.000121186,7.14454e-05,0.000259203,0.000612848,0.00114214,0.00156792,5.55831e-05,8.59052e-05,9.09235e-05,0.000164276,8.67627e-05,6.98931e-05,0.00010054,9.48405e-05,0.000682301,9.65993e-06,0.000640308,0.000726784,0.000120071,0.000708571,0.509506,-0.00147627,-0.000528358,0.000577789,0.00166004,1787170800
1787170860,0.00147618,5.2082e-05,0.0015991,5.2082e-05,0.000884529,0.540466,0.000468859,0.000444466,0.0473587,-0.00125373,-0.000836811,-0.000372074,-0.000109995,7.23603e-05,0.000235497,0.000557396,0.00104918,0.00145919,0.000564006,0.000470521,0.000466207,0.000422166,0.000426143,0.000565361,0.000479845,0.00052285,0.000626029,0,0.000593853,0.000656333,4.67058e-05,0.000640442,0.505382,-0.00139825,-0.000490949,0.000506181,0.00154582,1787170800
1787170920,-0.000264795,-4.72788e-06,1.89113e-05,-0.000690507,0.000900181,0.550795,0.000114837,0.000121099,0.0402692,-0.00129502,-0.000879328,-0.000378909,-9.35811e-05,9.28894e-05,0.000267729,0.000619271,0.00114504,0.00157145,8.54296e-05,0.000105734,0.000111626,0.000151856,0.000131171,9.03497e-05,0.000113243,9.52403e-05,0.000676119,0,0.00056206,0.000719497,4.68689e-05,0.000611136,0.506221,-0.00147371,-0.000531986,0.000561967,0.0016728,1787170800
1787170980,0.000449165,-1.41874e-05,0.000638227,-0.000302709,0.00089192,0.546953,0.000132587,0.000119546,0.0390461,-0.0012366,-0.000818147,-0.0003415,-9.5528e-05,8.13961e-05,0.000241724,0.000564589,0.00106139,0.00146757,0.000128239,0.000135376,0.000138625,0.000177462,0.000115491,0.000130213,0.000133926,0.00014735,0.000616849,0,0.000526947,0.000637845,0,0.000518259,0.507668,-0.00136778,-0.000462977,0.000503036,0.00151537,1787170800
1787171040,0.000354462,-9.45403e-06,0.000548181,-0.00031203,0.000885238,0.551574,0.000116149,0.0001023,0.0367873,-0.00122167,-0.000812416,-0.000337295,-8.7776e-05,8.97125e-05,0.000255427,0.000576331,0.00107375,0.001478,0.000101735,0.000118869,0.000120417,0.000163591,9.81076e-05,0.000103963,0.000119369,0.000125299,0.000623958,0,0.000537579,0.000652611,8.8375e-06,0.000542706,0.513141,-0.00136379,-0.000464773,0.000526084,0.00154693,1787170800
1787171100,0.00342,2.83515e-05,0.00470948,2.83515e-05,0.000877773,0.55838,0.00144883,0.00142152,0.0365837,-0.00115879,-0.000754913,-0.000314072,-7.27153e-05,9.70714e-05,0.000250706,0.000539331,0.00100843,0.00139614,0.00153533,0.00144434,0.0014466,0.00127698,0.00138756,0.00154248,0.00147266,0.00148982,0.000585265,0,0.000490854,0.000597198,0,0.000489393,0.516072,-0.00126376,-0.000424146,0.000479036,0.00140561,1787171100
1787171160,-0.00104599,-7.06403e-05,0.00012714,-0.00148921,0.000994487,0.545119,0.000312556,0.000336291,0.307861,-0.00184017,-0.00126812,-0.000583504,-0.000153086,0.000122585,0.000393938,0.000889597,0.00166536,0.00229019,0.000390445,0.000303532,0.000307752,0.000329792,0.000363266,0.000330669,0.000298938,0.000258218,0.000989369,1.43483e-05,0.000901596,0.00103055,0.000260447,0.00111259,0.502377,-0.00195009,-0.000757698,0.000785867,0.00231248,1787171100
1787171220,0.00268814,4.7141e-06,0.00385812,4.7141e-06,0.000995543,0.545171,0.000958342,0.000925279,0.29123,-0.0017226,-0.00115523,-0.000519737,-0.000138785,0.000111057,0.000349742,0.000781606,0.00149234,0.00206479,0.00116712,0.00102166,0.000919056,0.000818281,0.000879085,0.00115176,0.00100705,0.00105071,0.000878346,0,0.000702576,0.000869109,3.01793e-05,0.000748756,0.510341,-0.00180203,-0.000646977,0.000668063,0.00198027,1787171100
1787171280,-0.00114781,4.70135e-05,0.00272313,-0.00229695,0.00105632,0.549996,0.000349706,0.000374694,0.605561,-0.0020675,-0.00141174,-0.000646639,-0.000155713,0.000151467,0.000459479,0.00101819,0.00190815,0.00263359,0.000440348,0.000332738,0.000338248,0.000353208,0.000420012,0.000381583,0.00033097,0.000280651,0.00111979,0,0.000934798,0.00108654,0.000265367,0.00106529,0.50621,-0.00206774,-0.000785428,0.000842626,0.00245508,1787171100
1787171340,0.00047528,-0.000150631,0.00103027,-0.000654467,0.00105822,0.542527,0.000176212,0.000159304,0.575609,-0.00209355,-0.00140355,-0.000663251,-0.000179569,0.000129741,0.000432861,0.000987256,0.00187373,0.00257094,0.000135659,0.000156937,0.000186226,0.000290208,0.000163778,0.000135956,0.000176831,0.000197521,0.00110307,0,0.000963168,0.00111846,0.000415382,0.00116754,0.515162,-0.00213712,-0.000790402,0.000853639,0.00239901,1787171100
1787171400,0.000672535,-4.70463e-06,0.00168284,-0.000174086,0.00104974,0.548089,0.000201751,0.000183906,0.457196,-0.00192355,-0.00132015,-0.000614764,-0.000152437,0.000137325,0.000419707,0.000928001,0.00173681,0.00236595,0.000196107,0.000194947,0.000214153,0.000291541,0.000173809,0.000191446,0.000205132,0.00021269,0.00103586,0,0.00093568,0.00102703,0.000131191,0.00103032,0.515306,-0.00197642,-0.000731006,0.000805086,0.00226407,1787171400
1787171460,-0.00217915,0,4.23122e-05,-0.00265514,0.00104354,0.555236,0.000740119,0.00080352,0.342975,-0.00182196,-0.00121059,-0.00054852,-0.000123498,0.000147236,0.000406985,0.000870079,0.00164473,0.00225984,0.000956071,0.000779195,0.00068808,0.000632121,0.00081984,0.000899132,0.0007363,0.000753385,0.000959052,0,0.000776687,0.000925201,0.000119481,0.000765268,0.519941,-0.00185908,-0.000666004,0.000741587,0.00212148,1787171400
1787171520,0.000150763,-0.000122512,0.000598209,-0.000301595,0.00107804,0.545089,0.000138731,0.000130298,0.481601,-0.00205909,-0.00137336,-0.000623371,-0.000161395,0.000128987,0.000417025,0.00093812,0.00177739,0.00244054,5.73278e-05,0.000110916,0.000145929,0.000219749,0.000152511,7.13444e-05,0.000131481,0.000125054,0.00105181,0,0.000829624,0.000998483,0.000174264,0.000820729,0.524759,-0.00202177,-0.000687982,0.000813744,0.0022262,1787171400
1787171580,0.00106883,-4.71101e-06,0.00193435,-5.65336e-05,0.00106741,0.552254,0.000294581,0.0002699,0.369333,-0.00184614,-0.00123146,-0.000543823,-0.000127691,0.000135075,0.000372155,0.000830539,0.00158794,0.00218975,0.000354048,0.000305046,0.000306527,0.000316358,0.000254885,0.000361379,0.000300014,0.000311059,0.000930616,0,0.000678974,0.000817143,0,0.000585108,0.524581,-0.00170041,-0.000557828,0.000682231,0.00189917,1787171400
1787171640,0.000334068,4.70596e-06,0.00090784,-0.000117656,0.00106744,0.554431,0.000139221,0.000125875,0.306049,-0.001838,-0.00122111,-0.00055854,-0.000125632,0.000144964,0.000387194,0.00084442,0.00158744,0.00219388,9.63795e-05,0.000133717,0.000153895,0.000198349,0.000144025,0.000101884,0.00013447,0.000144536,0.000945999,0,0.0007184,0.000912407,9.56802e-05,0.000744059,0.520422,-0.00184577,-0.000656101,0.000736419,0.00207285,1787171400
1787171700,-0.000837734,0,0.000230489,-0.00101196,0.00105777,0.558303,0.000251856,0.000277947,0.226148,-0.00171808,-0.00113994,-0.000507055,-0.000108623,0.00014597,0.000358107,0.000763111,0.00144825,0.00201854,0.000284818,0.000246977,0.000249632,0.000261909,0.000297389,0.000251296,0.000238121,0.000212029,0.000862151,0,0.000636828,0.00082126,0,0.000638953,0.518044,-0.00172387,-0.00060423,0.00065046,0.00191859,1787171700
1787171760,0.000108286,-4.70835e-06,0.000593075,-0.000395579,0.00105382,0.552627,0.000110859,0.000103484,0.161634,-0.0016775,-0.00111249,-0.000491567,-0.000118972,0.000127483,0.000333138,0.000735508,0.0014091,0.0019622,5.04367e-05,0.000104893,0.000124159,0.000161203,0.000131484,6.72515e-05,9.68933e-05,9.67566e-05,0.000831464,0,0.00062216,0.0008197,0,0.000630263,0.521336,-0.00174188,-0.000586147,0.000669073,0.00191949,1787171700
1787171820,-0.00112581,2.35389e-05,0.000381262,-0.00128135,0.00104334,0.556166,0.000329125,0.000365419,0.0722992,-0.00155886,-0.00101523,-0.000446357,-9.94791e-05,0.000122119,0.000310715,0.000685342,0.00130861,0.00182262,0.000427942,0.000326353,0.000328121,0.000331802,0.0003652,0.000392151,0.000319834,0.000313921,0.000767586,0,0.000588448,0.000710904,0,0.000589009,0.521626,-0.00149105,-0.000487021,0.000585256,0.00169329,1787171700
1787171880,0.00140824,0,0.00143177,-6.12726e-05,0.00104505,0.545772,0.000410482,0.000382835,0.0746109,-0.00161439,-0.0010641,-0.000486739,-0.000128513,0.000104944,0.000299452,0.00067621,0.00132912,0.0018396,0.000522397,0.000411916,0.000399505,0.00040474,0.000360818,0.00051181,0.000443584,0.000477294,0.00078181,0,0.000609543,0.000776706,5.70579e-06,0.000648661,0.522636,-0.00164652,-0.000545936,0.000638205,0.00178368,1787171700
1787171940,-0.000169448,-4.70651e-06,0.000503469,-0.000428383,0.00105354,0.561068,0.000113074,0.000122813,0.0465196,-0.0015755,-0.00105159,-0.0004599,-8.87816e-05,0.000132653,0.000328618,0.000719897,0.00135435,0.00184641,6.53033e-05,0.000108071,0.000123381,0.00014485,0.000149394,7.44586e-05,9.87192e-05,9.04085e-05,0.000801324,0,0.000539222,0.000800801,8.53209e-06,0.000589795,0.525519,-0.00163943,-0.000557193,0.000666534,0.0018326,1787171700
1787172000,-0.000249518,-5.64892e-05,0.000861065,-0.000249518,0.00104323,0.55019,0.000117963,0.00012654,0.0559561,-0.00153158,-0.00100641,-0.000450808,-0.000114248,0.000110914,0.000290933,0.000639337,0.00124936,0.00173224,8.20736e-05,0.000117341,0.000125723,0.000150184,0.00015763,8.21418e-05,9.9354e-05,9.36149e-05,0.000736682,0,0.000573092,0.000747646,0,0.000628178,0.51799,-0.00160865,-0.000545468,0.000593458,0.0017465,1787172000
1787172060,-0.000230742,-3.29599e-05,0.000136536,-0.000343778,0.00103335,0.542168,0.000109623,0.000117063,0.0710302,-0.00147404,-0.000965041,-0.000438457,-0.000131521,9.28852e-05,0.000270162,0.000598174,0.00119226,0.00166538,7.6858e-05,0.00011307,0.000118425,0.000153889,0.000149475,7.36317e-05,9.01727e-05,9.27644e-05,0.000697933,0,0.000592633,0.000716228,0,0.000658592,0.515205,-0.00153858,-0.000525166,0.000561363,0.00166128,1787172000
1787172120,-0.000103616,9.88959e-05,0.000536746,-0.000588869,0.00102348,0.545303,9.06868e-05,9.04139e-05,0.0940631,-0.00136488,-0.00088932,-0.000375541,-0.000111021,8.85612e-05,0.00024157,0.000553482,0.00110374,0.0015359,5.43476e-05,0.000100153,0.0001036,0.000128613,0.000125667,4.69982e-05,7.09002e-05,7.76488e-05,0.000632142,0,0.000484513,0.000652415,0,0.00048768,0.519398,-0.00143526,-0.000455372,0.000522473,0.00153171,1787172000
1787172180,0.000452063,-1.88404e-05,0.000790975,-0.000146022,0.0010133,0.542531,0.000139941,0.000125011,0.128395,-0.00137654,-0.0009021,-0.000378217,-0.000111699,7.96635e-05,0.000249149,0.000583654,0.00113444,0.00157401,0.000129184,0.000147449,0.000146742,0.000182629,0.000136686,0.000135786,0.000137854,0.00014454,0.000654677,0,0.000583842,0.000689447,2.12482e-05,0.000656065,0.526136,-0.00148082,-0.000472955,0.000579799,0.00164806,1787172000
1787172240,-1.88319e-05,0,0.00068712,-0.000593374,0.00100515,0.549382,8.42986e-05,8.34274e-05,0.131768,-0.00131127,-0.000856573,-0.000357992,-9.56304e-05,8.93713e-05,0.000246244,0.000547421,0.0010786,0.00149122,4.51106e-05,9.28617e-05,9.01528e-05,0.000132306,0.000112315,3.60998e-05,7.24761e-05,7.52233e-05,0.00061891,0,0.000517359,0.000572658,5.38879e-06,0.000495158,0.529971,-0.00121568,-0.000376523,0.00046159,0.00136246,1787172000
1787172300,0.000433043,0,0.00054598,-0.000480332,0.000995055,0.536879,0.000138333,0.000122854,0.175526,-0.00135798,-0.000917364,-0.000411644,-0.000122691,6.93567e-05,0.000247405,0.000567406,0.00110034,0.00151469,0.00012384,0.0001423,0.000137173,0.000196001,0.000129444,0.000132243,0.000141496,0.00014331,0.000659154,0,0.000737054,0.000621996,9.35668e-05,0.000808395,0.526377,-0.0013182,-0.000440958,0.000500909,0.00147959,1787172300
1787172360,-0.000654344,5.64701e-05,0.00025409,-0.000852144,0.000986956,0.55494,0.000193981,0.000216001,0.188711,-0.00122764,-0.000793627,-0.000312979,-7.58647e-05,8.76858e-05,0.000242083,0.000528622,0.00103307,0.00143041,0.000210903,0.00019458,0.000193013,0.000213563,0.000216599,0.000222647,0.000190845,0.000173297,0.000582505,0,0.000521176,0.000574429,1.38621e-05,0.000512537,0.531466,-0.00120974,-0.000369508,0.000480142,0.00139036,1787172300
1787172420,-0.00040506,-5.65102e-05,0.000240133,-0.000565246,0.000981409,0.541366,0.000124539,0.000138515,0.194348,-0.00122531,-0.000778643,-0.000332372,-0.000100586,6.8195e-05,0.000210387,0.000477163,0.00097941,0.00138,0.00012532,0.000136429,0.000129276,0.000172624,0.000149333,0.000118456,0.000115634,0.000110683,0.000549889,0,0.00050696,0.000594161,0,0.000524979,0.523668,-0.00128902,-0.000407987,0.000481093,0.00141269,1787172300
1787172480,0.0022164,2.82654e-05,0.00256888,-0.000183744,0.000973233,0.53723,0.000877969,0.000849788,0.240233,-0.00117964,-0.000744748,-0.00031522,-0.000102164,5.82866e-05,0.000194011,0.000453944,0.000931889,0.00132015,0.000923225,0.000801011,0.000843737,0.000683433,0.000801251,0.000947222,0.000920215,0.000909683,0.000522137,0,0.000499823,0.000580613,0,0.000508741,0.525347,-0.00126777,-0.000390421,0.00047713,0.00140084,1787172300
1787172540,0.000817558,-7.99122e-05,0.00115097,-0.000790001,0.00101316,0.539846,0.000229777,0.00020948,0.0432505,-0.00148394,-0.000996324,-0.00044613,-0.00012835,8.23338e-05,0.000290766,0.00066246,0.0012904,0.00176305,0.000249523,0.00023476,0.000234456,0.000265034,0.000190618,0.000236811,0.000235344,0.000263617,0.00074781,0,0.00067733,0.000839078,0.000117585,0.000817693,0.522524,-0.00170023,-0.000600868,0.000694871,0.00193532,1787172300
1787172600,0.0236432,-5.63618e-05,0.0263459,-0.000371107,0.00100962,0.543821,0.0115091,0.011475,0.0416428,-0.00144588,-0.0009596,-0.000424555,-0.000120177,9.05899e-05,0.000291097,0.000640533,0.00124315,0.00170823,0.0116337,0.0114968,0.0114868,0.0112497,0.0114042,0.0116296,0.0115562,0.0115699,0.000721768,0,0.000642622,0.000805571,6.09523e-05,0.000773762,0.519994,-0.001664,-0.000587712,0.000648345,0.0018659,1787172600
1787172660,0.0123993,4.58684e-05,0.0271051,-0.000922401,0.00348984,0.532866,0.00371567,0.00361245,1,-0.0109416,-0.00776367,-0.00379863,-0.00102391,0.000494425,0.00211731,0.00513581,0.00987999,0.0138653,0.00600924,0.0048555,0.00382473,0.00432885,0.00295222,0.00601733,0.00430578,0.00460734,0.00592519,0,0.00446113,-0.00502845,0.00731419,0.00200039,0.499298,-0.0089882,-0.00358461,0.00372798,0.0107053,1787172600
1787172720,-0.00391287,-0.000122329,0.00473214,-0.00449521,0.00387431,0.580693,0.0016082,0.00164462,1,-0.0137144,-0.00937825,-0.00396153,-0.000415049,0.00166993,0.00383913,0.00764073,0.0137162,0.0182994,0.0018215,0.00114832,0.00125552,0.00131608,0.00202127,0.00176411,0.00114263,0.000955217,0.00796047,0,0.00572283,-0.00567615,0.0086596,0.00279577,0.495983,-0.0101898,-0.00416625,0.003979,0.011881,1787172600
1787172780,0.00276601,-0.000204689,0.00339627,-0.00209436,0.00387508,0.548951,0.000952535,0.000888123,1,-0.011453,-0.00786171,-0.0035827,-0.000837256,0.000787985,0.00252957,0.00555188,0.0105541,0.0144607,0.0011886,0.000802783,0.00103412,0.000996904,0.00113729,0.00119068,0.000905683,0.00103084,0.00615778,0,0.00407083,0.00469798,0.00140415,0.00537762,0.503876,-0.00919998,-0.00347784,0.00351069,0.0104748,1787172600
1787172840,-0.000313007,8.16378e-05,0.000612121,-0.00425893,0.00385603,0.553797,0.000732104,0.000734332,0.999999,-0.0102368,-0.00693266,-0.00307205,-0.000653798,0.000743301,0.0023127,0.00513981,0.00975338,0.0132165,0.000100619,0.000435487,0.000729065,0.000623801,0.0012162,9.8385e-05,0.000500363,0.000485372,0.00554541,0,0.00339815,0.00442088,0.000882659,0.00396794,0.519175,-0.00857713,-0.00303265,0.00359657,0.00999667,1787172600
1787172900,-0.000453807,6.80533e-05,0.000381039,-0.00330843,0.00381753,0.539999,0.00062258,0.000621731,0.999992,-0.0090719,-0.00596048,-0.00272071,-0.000649399,0.000422727,0.00175348,0.00425978,0.00832606,0.0113759,0.000139702,0.000436797,0.000699643,0.000634827,0.00106379,0.000131344,0.000489881,0.000432558,0.00466501,0,0.00306666,0.00434376,0.000672328,0.00409237,0.520079,-0.00848705,-0.00293869,0.00356204,0.00979969,1787172900
1787172960,0.0054502,-0.000145262,0.00609555,-0.000617508,0.00377971,0.53189,0.0015352,0.00144692,0.999954,-0.00776946,-0.00505098,-0.00220669,-0.000534083,0.000242991,0.00129874,0.00340846,0.0070611,0.00977776,0.00253037,0.00155202,0.00156205,0.00156154,0.00142618,0.0025464,0.00151413,0.00176007,0.00376568,0,0.00272559,0.00356986,0.000423267,0.00317925,0.524482,-0.0073398,-0.00241696,0.00304451,0.00846623,1787172900
1787173020,-0.00331909,-9.02926e-05,0.000243749,-0.00475142,0.00382028,0.543,0.00101525,0.00111314,0.999407,-0.00799332,-0.00540844,-0.00253543,-0.000546671,0.000400878,0.00157395,0.00378707,0.00729679,0.0100623,0.00152328,0.000981384,0.00104169,0.00098514,0.00158855,0.00146722,0.000965307,0.000754918,0.00421518,0,0.00298293,0.00348197,0.00104086,0.00308937,0.529499,-0.00712644,-0.00243016,0.00294474,0.00826021,1787172900
1787173080,0.00300755,6.79392e-05,0.00395994,-0.000874564,0.0038109,0.533111,0.000858157,0.000792824,0.995233,-0.00745411,-0.00484636,-0.00232139,-0.000591571,0.000285284,0.00134402,0.00323356,0.0064172,0.00897428,0.00130753,0.000868017,0.000965646,0.000870877,0.00090593,0.00131145,0.000850126,0.00107378,0.00369606,0,0.00254423,0.00326209,0.000512394,0.00298717,0.524446,-0.00694392,-0.00229553,0.00272724,0.00787012,1787172900
1787173140,0.00144853,-3.16113e-05,0.00470795,-0.002179,0.0037965,0.536035,0.000587913,0.000519239,0.969277,-0.00702339,-0.00462003,-0.00216406,-0.000511274,0.000279474,0.0013223,0.00321169,0.00632045,0.00879597,0.000525055,0.000553219,0.000686977,0.000574104,0.000819183,0.000531942,0.000542254,0.00065114,0.00358303,0,0.0025447,0.00327472,0.000810163,0.0028523,0.528616,-0.00678413,-0.00224625,0.00279023,0.0079308,1787172900
1787173200,-0.000830055,4.50929e-06,0.00605565,-0.000839081,0.00376392,0.516837,0.000560889,0.000560052,0.779826,-0.00757135,-0.00534632,-0.00283294,-0.000887433,0.000176613,0.00138495,0.00348017,0.0067665,0.00920108,0.000279832,0.000447664,0.000597977,0.000734602,0.000955317,0.000241672,0.000545829,0.000462659,0.00414169,0.000319635,0.00416565,0.00393009,0.00385498,0.00597944,0.511373,-0.00772178,-0.00284314,0.00311593,0.00878832,1787173200
1787173260,0.00283918,-1.35392e-05,0.00553569,-0.00012186,0.00372794,0.51882,0.000856469,0.000764224,0.730811,-0.0065668,-0.00423354,-0.00210784,-0.000610401,0.000138053,0.00110842,0.00262901,0.00563951,0.00798249,0.00121972,0.000819289,0.000874896,0.000874535,0.000774414,0.00122751,0.000858027,0.00104333,0.00313517,0,0.00263221,0.00338428,0.00108617,0.00354694,0.513996,-0.00698792,-0.00247576,0.00274425,0.00809856,1787173200
1787173320,0.00103902,6.75014e-05,0.00305998,-0.00145914,0.00371225,0.52643,0.000496639,0.000428013,0.320441,-0.00611479,-0.00408047,-0.00195086,-0.000495049,0.000172515,0.00107808,0.00262381,0.00548759,0.00766796,0.000332794,0.000473471,0.000561184,0.000550449,0.000556068,0.000327184,0.000471885,0.000574954,0.00304302,0,0.0024591,0.0031423,0.000824135,0.00282591,0.519653,-0.00645197,-0.00223656,0.00260616,0.00758007,1787173200
1787173380,-0.000404684,0,2.24776e-05,-0.00189443,0.00367788,0.535699,0.000392307,0.000390447,0.578223,-0.00584421,-0.00380264,-0.00175626,-0.000395307,0.000211305,0.00103888,0.00251401,0.00515516,0.00734839,0.0001266,0.000404868,0.000500674,0.000495311,0.000501197,0.000116348,0.000356899,0.000433288,0.00285557,0,0.00224358,0.00299415,0.000818666,0.0028002,0.520712,-0.00623963,-0.00210855,0.00251154,0.00747528,1787173200
1787173440,0.0165963,-1.34923e-05,0.0209219,-0.000994418,0.00364137,0.565035,0.00719264,0.00705172,0.621017,-0.00486039,-0.00307047,-0.00114157,-0.000144473,0.000241633,0.00087253,0.00210517,0.00436737,0.00627092,0.00809617,0.00696935,0.00671654,0.00694363,0.0070181,0.00811398,0.00731386,0.00731721,0.00224832,0,0.00161824,0.00252062,9.19474e-05,0.0019946,0.522547,-0.00531292,-0.00162954,0.00214603,0.00647198,1787173200
1787173500,-0.00160697,0.000229989,0.000566031,-0.00679967,0.00430152,0.510463,0.00074073,0.000786374,0.00537513,-0.00929961,-0.00677836,-0.00345504,-0.00104336,0.000119918,0.00160803,0.00438153,0.00876064,0.0122346,0.000667473,0.000621945,0.000781088,0.00084055,0.00122585,0.000611163,0.00071638,0.000671759,0.00514808,9.23021e-05,0.0051281,0.0052971,0.00237824,0.00577143,0.509469,-0.00979892,-0.00371973,0.00419975,0.01198,1787173500
1787173560,0.00780697,-0.000150648,0.011576,-0.000749032,0.00426435,0.520523,0.00232939,0.00218833,0.0175683,-0.00820721,-0.00572795,-0.00268826,-0.000742048,0.000187212,0.00146716,0.00352887,0.00719511,0.0102943,0.00370044,0.00240731,0.00221357,0.00221499,0.00160717,0.00371116,0.00240765,0.0026953,0.00414589,0,0.0034086,0.00442228,0.00104354,0.00431548,0.515442,-0.00888201,-0.00313411,0.00359104,0.0103165,1787173500
1787173620,0.0172758,-4.39613e-05,0.0257645,-0.00113922,0.00436348,0.513825,0.00655802,0.00636826,0.0053869,-0.00886295,-0.0063116,-0.00300374,-0.000937028,0.000147521,0.00159347,0.00411164,0.00829776,0.0116265,0.00843401,0.00701909,0.00640692,0.00620973,0.00515473,0.00844556,0.00668473,0.00686256,0.0047226,0,0.00460765,0.00482972,0.00203623,0.00496299,0.516058,-0.00935987,-0.00340447,0.00393189,0.0112599,1787173500
1787173680,-0.00718956,-8.64151e-06,0.00813732,-0.00779902,0.00496268,0.533517,0.00210345,0.00225255,0.00511897,-0.0115254,-0.00821723,-0.00399045,-0.00102743,0.000507973,0.00236814,0.00573391,0.0111228,0.015267,0.00345876,0.00214385,0.00211295,0.00213352,0.00288626,0.00340246,0.00191358,0.00178851,0.00644935,0.000354274,0.00661747,0.00644751,0.00281903,0.00742877,0.507335,-0.0117027,-0.0045359,0.00498403,0.0142737,1787173500
1787173740,0.00100913,-0.000147976,0.00494458,-0.00107986,0.00501692,0.526043,0.000801277,0.000755401,0.00535398,-0.0111115,-0.00763383,-0.00368747,-0.00105609,0.000364824,0.00213938,0.00503135,0.0100268,0.0139383,0.000319498,0.000586953,0.000843448,0.000986768,0.000905487,0.000312243,0.000784926,0.00085361,0.00580192,0.000216376,0.00509578,0.00589456,0.0023838,0.00629708,0.511302,-0.0114126,-0.00421109,0.00455392,0.0131282,1787173500
1787173800,-0.0112536,4.34743e-05,0.000825689,-0.0126924,0.00496854,0.531273,0.00372532,0.00406788,0.0254082,-0.00951253,-0.00646393,-0.00287194,-0.000765326,0.000339197,0.0017175,0.00428519,0.00894504,0.0122967,0.00548998,0.00397908,0.00343697,0.00346345,0.00445214,0.00543451,0.00394473,0.00366806,0.00480489,0,0.0037875,0.00490649,0.000948011,0.00430193,0.51678,-0.00982289,-0.00341846,0.00406683,0.0116441,1787173800
1787173860,-0.00225366,0.000439576,0.00223543,-0.00883234,0.00516968,0.542982,0.000973043,0.00102778,0.00540727,-0.0114747,-0.00751732,-0.00325024,-0.000829385,0.000609639,0.00217972,0.00531989,0.0102705,0.0139088,0.000989027,0.000800085,0.000986312,0.00101313,0.00134304,0.000934506,0.000966085,0.000701638,0.00577525,8.52165e-05,0.00412342,0.00562781,0.00187327,0.0049993,0.527266,-0.011135,-0.00374142,0.00468905,0.0124534,1787173800
1787173920,-0.00997778,0.000343659,0.000696008,-0.0123707,0.00512764,0.537932,0.00312256,0.00339211,0.0131937,-0.0103729,-0.0068353,-0.00281694,-0.000774527,0.00046081,0.00193129,0.00483193,0.00958373,0.0129597,0.00485053,0.00329347,0.0029402,0.0028923,0.00356627,0.00479657,0.00337701,0.00330911,0.00518335,0,0.00361011,0.00537714,0.00173453,0.00496397,0.527288,-0.0104756,-0.00345243,0.00463382,0.0121248,1787173800
1787173980,0.00558353,0.000195818,0.00856666,-0.0025402,0.00526858,0.542573,0.00153881,0.00141172,0.00586038,-0.0113236,-0.00756011,-0.00313738,-0.000827255,0.000597643,0.00210279,0.00506287,0.00992759,0.0134826,0.00258447,0.00159439,0.00160716,0.00161213,0.00129132,0.00259944,0.00141943,0.00158661,0.00557812,0,0.00360398,0.0052275,0.0015938,0.00458021,0.530379,-0.0105612,-0.00343405,0.00445317,0.0114103,1787173800
1787174040,-0.00014607,0.000110645,0.00130041,-0.00228202,0.00527506,0.536504,0.000698656,0.000700238,0.00594434,-0.0106507,-0.00730679,-0.00310499,-0.000844756,0.000473518,0.00196347,0.00486725,0.00955937,0.0131369,6.39923e-05,0.000560138,0.000756868,0.00079064,0.000937521,7.05622e-05,0.000626897,0.000591329,0.00539121,0,0.00389293,0.00521538,0.00156306,0.00469744,0.525504,-0.0102595,-0.00347918,0.00444653,0.0117268,1787173800
1787174100,0.000747832,7.08247e-05,0.00592745,-0.00137322,0.00522209,0.541117,0.000668797,0.000622669,0.0355568,-0.00991774,-0.00697781,-0.00299179,-0.00070363,0.000476746,0.00181633,0.00432927,0.00847931,0.0117726,0.000217368,0.000584945,0.000751355,0.000720495,0.0008349,0.000220897,0.00057564,0.000592926,0.00495574,0,0.00343328,0.00482484,0.000237093,0.0048268,0.519643,-0.00985934,-0.0034125,0.00394244,0.0107707,1787174100
1787174160,0.000530666,-0.00021677,0.00367791,-0.00021677,0.00517068,0.538514,0.000621177,0.000571366,0.155455,-0.00926294,-0.00631191,-0.00267325,-0.000676581,0.000410839,0.00165796,0.00402567,0.00808847,0.0114131,0.000151646,0.000564065,0.00070258,0.000745066,0.000694631,0.000151597,0.00054182,0.000587075,0.00454031,0,0.00319762,0.00456434,0.000892813,0.00432116,0.517681,-0.00928549,-0.00321213,0.00377645,0.0106867,1787174100
1787174220,-0.00227057,0.000145884,0.00280343,-0.00306849,0.00511926,0.555227,0.000802064,0.000852745,0.52395,-0.00847365,-0.00561106,-0.00228586,-0.000439834,0.00051727,0.00146726,0.00357917,0.00719117,0.010341,0.000996515,0.00078929,0.000875096,0.000838795,0.000873778,0.000947438,0.000753267,0.000650605,0.00399986,0,0.00245563,0.00418508,0.000193811,0.00348367,0.517853,-0.00872602,-0.00298577,0.00341253,0.00982731,1787174100
1787174280,0.000119632,1.77242e-05,0.00231478,-0.000789046,0.00507798,0.552981,0.000509359,0.000499127,0.483891,-0.0081132,-0.00523576,-0.00208764,-0.000459812,0.00049523,0.00143977,0.00354257,0.00706836,0.0100178,5.48828e-05,0.000526388,0.000615553,0.000630652,0.000418341,6.81462e-05,0.000443705,0.000473529,0.0038479,0,0.00258231,0.00385083,0.000365153,0.00344333,0.52031,-0.00797178,-0.00265058,0.00322542,0.0092717,1787174100
1787174340,0.00468981,8.86108e-06,0.004972,-0.000305756,0.00502697,0.581198,0.00131407,0.00119353,0.839205,-0.00692577,-0.0042886,-0.0014666,-0.000139057,0.000513695,0.00119642,0.00296609,0.00585207,0.00867797,0.00213498,0.00134297,0.0013448,0.00134213,0.00158677,0.00217291,0.00133254,0.00148136,0.00310462,0,0.00176079,0.00308019,0.00015753,0.00266455,0.524617,-0.00625373,-0.00192637,0.00250128,0.00756373,1787174100
1787174400,-0.00357393,-0.000167588,0.00238728,-0.00370671,0.00502045,0.567489,0.00108391,0.00122336,0.207239,-0.00756078,-0.00505567,-0.0019626,-0.000272368,0.000523705,0.00140804,0.00348475,0.00662026,0.00937873,0.00164751,0.00106852,0.00107505,0.00106571,0.00137729,0.00159464,0.00110385,0.000851,0.00373529,0,0.00239546,0.00364335,0.000336669,0.00278254,0.529303,-0.00737277,-0.00241852,0.00309545,0.00856396,1787174400
1787174460,0.00378558,3.54043e-05,0.00427044,3.54043e-05,0.00499562,0.545194,0.00109531,0.000973637,0.173252,-0.00758445,-0.00501223,-0.00213979,-0.000514749,0.000407991,0.00134535,0.00319844,0.00635641,0.00903755,0.00168051,0.00109108,0.00109132,0.00109321,0.000974022,0.00170047,0.0010859,0.00125992,0.00361828,0,0.00295716,0.00374752,0.00028409,0.00332622,0.521055,-0.00784486,-0.00262734,0.00309868,0.00888475,1787174400
1787174520,0.000577399,0,0.00139224,-0.00142067,0.00497431,0.557587,0.000492108,0.000441591,0.149535,-0.00718636,-0.00491727,-0.00197724,-0.000341949,0.000437267,0.00135212,0.00322899,0.00630689,0.00886665,0.000164319,0.000532726,0.000562903,0.000475039,0.000691153,0.000164322,0.000444995,0.000516625,0.00356363,0,0.00278661,0.00369206,0.00022991,0.00270217,0.529281,-0.00754845,-0.00246729,0.00314199,0.00865368,1787174400
1787174580,3.0844e-05,0.00018505,0.00084126,-0.00111543,0.00492499,0.565855,0.000434498,0.000427056,0.335214,-0.00687496,-0.0045504,-0.00178653,-0.000267488,0.000477906,0.00126963,0.00305986,0.005767,0.00836085,4.81212e-05,0.000494878,0.000505355,0.000428281,0.00058193,6.18081e-05,0.000397358,0.000500825,0.0033271,0,0.00265609,0.00350863,0.000167074,0.00291805,0.530539,-0.00738811,-0.00230973,0.00302907,0.00851328,1787174400
1787174640,-0.00230269,4.40621e-06,0.000387672,-0.00247495,0.00487549,0.583038,0.00070855,0.000844088,0.613159,-0.00615151,-0.00398405,-0.00138893,-0.000109791,0.000442001,0.00110369,0.00271918,0.00516803,0.00765154,0.00101057,0.000762175,0.000754719,0.000693889,0.000837164,0.000986704,0.000718018,0.000626528,0.00287144,0,0.00230314,0.00333801,0,0.00266703,0.527736,-0.007079,-0.00217636,0.00287414,0.00828418,1787174400
1787174700,0.00173854,-1.32492e-05,0.00269037,-1.32492e-05,0.00483747,0.579146,0.00056569,0.000481572,0.637811,-0.00603886,-0.00377845,-0.00134906,-0.0001391,0.000454494,0.00103943,0.00257645,0.00495133,0.00730619,0.000653886,0.000660774,0.000641115,0.00059,0.000507828,0.000676946,0.000525564,0.000607,0.00273107,0,0.00206534,0.0032184,0,0.00249064,0.527318,-0.00694458,-0.00214897,0.00272672,0.00782442,1787174700
1787174760,0.000489247,0,0.000766821,-0.000740937,0.00479515,0.59563,0.000345446,0.000292327,0.302976,-0.00539616,-0.00332257,-0.0011543,-2.36405e-05,0.000455917,0.000947169,0.00224857,0.00441484,0.00663365,0.000139632,0.000499706,0.000463811,0.000389532,0.000291314,0.000139835,0.000287143,0.000441344,0.00238957,0,0.00167182,0.00310184,0,0.00220717,0.529332,-0.00639047,-0.00201989,0.00256675,0.00728819,1787174700
1787174820,-7.05073e-05,1.32196e-05,0.000528646,-0.000617107,0.00474747,0.627912,0.000288984,0.000303399,0.214814,-0.00486047,-0.00295561,-0.000844375,0.000163201,0.000525246,0.000847564,0.00198438,0.00383039,0.005929,5.25786e-05,0.000469112,0.000417626,0.000327894,0.000252223,6.28402e-05,0.000237145,0.00041497,0.00206099,0,0.00135613,0.002702,0,0.00186612,0.532717,-0.00552284,-0.00158182,0.0022198,0.00649753,1787174700
1787174880,0.00683805,-4.40696e-05,0.0108174,-7.49194e-05,0.00469976,0.644633,0.00260586,0.00242252,0.222977,-0.00425449,-0.00247445,-0.000551603,0.000194949,0.000451333,0.00062083,0.0015426,0.00313931,0.00516648,0.00320184,0.00201647,0.0021118,0.00240002,0.00265341,0.00325771,0.00279208,0.00239401,0.00158792,0,0.00105354,0.00259465,0,0.00181421,0.526161,-0.00534305,-0.00155219,0.00205224,0.00634236,1787174700
1787174940,-0.000932699,-7.44088e-05,0.000236321,-0.00232241,0.00475197,0.54321,0.000497218,0.000538809,0.0644581,-0.00664094,-0.00450007,-0.00204439,-0.000466667,0.000340611,0.00117107,0.00306619,0.00600156,0.0086328,0.000325712,0.000517108,0.000485605,0.000613495,0.000520211,0.000281589,0.000512635,0.000499412,0.00340745,0.000408272,0.00354485,0.00393581,0.000798766,0.00351749,0.523984,-0.00779749,-0.00277515,0.00330681,0.00920316,1787174700
1787175000,0.00391761,8.76178e-06,0.00430155,-0.000420656,0.00470606,0.559417,0.00113936,0.00102301,0.0617228,-0.00589941,-0.00401611,-0.00166403,-0.000275492,0.000375783,0.00102502,0.00248284,0.00494277,0.00722081,0.00173903,0.00112479,0.00111916,0.00112678,0.000975868,0.00176655,0.0011392,0.00134331,0.00282039,0,0.00267801,0.00343329,0,0.00311562,0.521871,-0.00710816,-0.00244726,0.00280438,0.00806434,1787175000
1787175060,-0.000829463,0,0.00297168,-0.00176015,0.00469158,0.567201,0.000440489,0.000485215,0.0342893,-0.00580536,-0.00387446,-0.00147882,-0.000202555,0.000376553,0.00105781,0.00270777,0.00526064,0.00764889,0.000280122,0.00050026,0.000450086,0.000491967,0.000472655,0.000241441,0.000440285,0.000467686,0.00286852,5.96646e-05,0.00249005,0.00355501,0.000187125,0.0025466,0.530323,-0.00721516,-0.00242408,0.00303297,0.00848383,1787175000
1787175120,-0.00620344,1.31021e-05,0.00253425,-0.00620344,0.00464591,0.556074,0.00191479,0.00222629,0.0393116,-0.00569314,-0.00357002,-0.00142172,-0.000286277,0.000341732,0.000950792,0.00237351,0.00481662,0.00708868,0.00295937,0.00185952,0.0019325,0.00180426,0.0024888,0.00290964,0.0019238,0.00162591,0.0025926,0.000107699,0.00237802,0.00347151,6.45421e-05,0.00288566,0.52413,-0.00717075,-0.00244308,0.00288512,0.00829931,1787175000
1787175180,0.00222119,0.000215311,0.00233519,-0.00295753,0.00468214,0.558046,0.000673076,0.000593167,0.0258558,-0.0064945,-0.00402719,-0.00155774,-0.000336481,0.000439623,0.00123314,0.002974,0.00573095,0.00796705,0.000887652,0.000719795,0.000682266,0.000808519,0.000586293,0.00091827,0.000668351,0.000706744,0.00310494,0.00051258,0.00289156,0.00382881,0.000449062,0.00320124,0.527867,-0.00784148,-0.00263216,0.00324065,0.00883676,1787175000
1787175240,0.0018268,3.06933e-05,0.0027805,-0.000368394,0.00464572,0.58031,0.000577635,0.000493599,0.0246733,-0.00572979,-0.00359681,-0.00124948,-0.000127458,0.000444059,0.00112148,0.0027669,0.00527276,0.00737149,0.000687646,0.000649488,0.000604467,0.000691609,0.000493257,0.000721078,0.000555064,0.000653245,0.00278404,0,0.00234007,0.00347697,0.000222316,0.00261752,0.535533,-0.0069705,-0.00220429,0.00310069,0.00818853,1787175000
1787175300,0.00140835,0,0.00157442,0,0.00460628,0.575616,0.000503612,0.000415581,0.026792,-0.00568095,-0.00365449,-0.00140983,-0.000160867,0.000441716,0.00103606,0.00237865,0.00470166,0.00678144,0.000471436,0.000575189,0.000522121,0.000565733,0.000402159,0.000511849,0.00048601,0.000608266,0.00262087,0,0.00229935,0.00324064,0,0.00225432,0.533523,-0.00675547,-0.00220453,0.00273779,0.00758195,1787175300
1787175360,-0.00410811,-4.80785e-05,0.000275314,-0.00432757,0.00456433,0.601112,0.00119208,0.00140402,0.0338981,-0.0051684,-0.0034047,-0.00112382,9.64589e-06,0.000480456,0.000996366,0.00211336,0.00422176,0.00622757,0.00191127,0.00120555,0.00119356,0.00119161,0.00137741,0.00186173,0.00120416,0.000983489,0.00232449,0,0.0017233,0.00293273,0,0.00170341,0.537247,-0.00623004,-0.00195021,0.0024505,0.00697394,1787175300
1787175420,0.000118487,-4.38867e-06,0.000508955,-0.00263227,0.00455565,0.571599,0.000338201,0.000324607,0.0217559,-0.00550484,-0.00347209,-0.00125538,-0.000197216,0.00045125,0.00103789,0.00221572,0.00448794,0.00644036,5.67407e-05,0.000438697,0.000366989,0.000415732,0.000327422,6.80826e-05,0.000322583,0.000361338,0.00244725,0,0.00230377,0.00321684,0,0.0023897,0.528753,-0.00684081,-0.00222329,0.00271703,0.00755397,1787175300
1787175480,-0.00193265,-5.70474e-05,0.00103945,-0.00256156,0.0045099,0.585354,0.000588074,0.000713299,0.0321013,-0.00495527,-0.00306482,-0.00098179,-8.13029e-05,0.000377093,0.000948699,0.00210571,0.00425968,0.00597059,0.000822346,0.000654031,0.000587418,0.000603584,0.000629243,0.00079436,0.000593651,0.000547988,0.00221567,0,0.00232115,0.0028645,0,0.00218493,0.535877,-0.00581597,-0.0017349,0.00254239,0.00691543,1787175300
1787175540,0.000369249,-1.75867e-05,0.000474723,-0.00145634,0.00447293,0.56657,0.000323823,0.000275217,0.0354935,-0.00511516,-0.00310717,-0.00115362,-0.00019707,0.000356796,0.000878696,0.00195501,0.00406092,0.00581389,0.000107016,0.000440614,0.00034944,0.000358009,0.000307083,0.000107759,0.00031091,0.000309205,0.00217143,0,0.00225714,0.00284241,0,0.00219772,0.531187,-0.00600489,-0.00188983,0.00240131,0.00673284,1787175300
1787175600,-0.000105486,0,0.00188807,-0.00116096,0.00442828,0.600256,0.000281375,0.000280637,0.0555389,-0.00454352,-0.00280002,-0.000847931,-1.42547e-06,0.000397701,0.000840781,0.00186763,0.00378312,0.00537629,6.01393e-05,0.000419466,0.00031786,0.000302335,0.000302752,6.25092e-05,0.000259409,0.000310626,0.00197098,0,0.00191727,0.00262244,0,0.00182854,0.538243,-0.00543946,-0.00156198,0.00229202,0.00634466,1787175600
1787175660,0.00350145,-4.39557e-05,0.00405757,-4.39557e-05,0.0043838,0.566316,0.00103054,0.0009236,0.103,-0.00467103,-0.00283838,-0.00104557,-0.000182257,0.000324293,0.000767298,0.00174238,0.00368185,0.00536449,0.00151786,0.00100606,0.000995979,0.00100032,0.000941318,0.00159564,0.00107316,0.00105263,0.00194598,5.3683e-06,0.00221545,0.0026754,0,0.00218186,0.531161,-0.00559337,-0.00175719,0.00223271,0.00637271,1787175600
1787175720,-0.000451253,3.06603e-05,0.000630536,-0.000858869,0.0043679,0.563422,0.000337587,0.000353362,0.0289663,-0.00498575,-0.00319274,-0.00123381,-0.000204887,0.000324954,0.00087481,0.00208689,0.00414968,0.00600416,0.000142284,0.000429875,0.00032444,0.00033665,0.000337152,0.000129281,0.000344397,0.00036071,0.00228905,2.06483e-05,0.0023589,0.00272008,0,0.00199094,0.536644,-0.00558087,-0.00179467,0.00230636,0.00645451,1787175600
1787175780,-0.000464609,5.69655e-05,0.000328602,-0.00134621,0.00432447,0.560078,0.000297146,0.000313375,0.045919,-0.00459819,-0.00284974,-0.000998627,-0.000201353,0.000276984,0.000721214,0.00171895,0.00354763,0.00536512,0.000145994,0.000424529,0.000309971,0.000286968,0.000329141,0.000133785,0.00028733,0.000332802,0.00190668,0,0.00199778,0.0024214,0,0.00177771,0.531255,-0.00523688,-0.00158698,0.00197853,0.00603193,1787175600
1787175840,0.00136691,0,0.00136691,-0.00146537,0.00428151,0.565329,0.000431273,0.000357869,0.0767991,-0.00418766,-0.00248881,-0.000749297,-0.000155085,0.000259951,0.000685187,0.00164099,0.00341155,0.00505034,0.000454954,0.00053216,0.000434918,0.000422114,0.000390229,0.000500496,0.000433007,0.000478975,0.00172222,0,0.00192124,0.00230336,0,0.00170114,0.53328,-0.00483346,-0.00139151,0.00192209,0.00566231,1787175600
1787175900,0.00201628,0,0.00378865,-0.00129677,0.00424289,0.555404,0.000586618,0.000497584,0.0878609,-0.00468051,-0.00304778,-0.00116839,-0.000251448,0.000291308,0.000892622,0.00208902,0.00399175,0.00564303,0.000774327,0.0006362,0.000580168,0.000584996,0.000499216,0.000815818,0.000593129,0.000688397,0.0022502,4.67085e-05,0.00274767,0.00263244,0,0.00246665,0.538609,-0.00539483,-0.00172156,0.00226142,0.00622882,1787175900
1787175960,0.00409439,-8.73866e-06,0.00634591,-2.18468e-05,0.00420991,0.544835,0.00121002,0.00108527,0.0766598,-0.00478549,-0.00298136,-0.00116805,-0.000330287,0.000254751,0.000874612,0.00201686,0.00405979,0.00588231,0.00181245,0.00116783,0.00123874,0.00116383,0.00112182,0.00185487,0.00118558,0.00134949,0.00219546,0.000343008,0.00269242,0.00268532,0.000174672,0.00238544,0.535937,-0.00557078,-0.00179183,0.00232292,0.00656215,1787175900
1787176020,-0.00273646,-0.000178426,-0.000121848,-0.00343484,0.00420763,0.53588,0.000761411,0.000882544,0.0275826,-0.00521057,-0.00344422,-0.00144498,-0.000433191,0.000232989,0.000947837,0.00226997,0.00452636,0.00649394,0.00122338,0.000817033,0.000799449,0.000813133,0.000888819,0.0011759,0.000750832,0.000645639,0.00252404,0.00050382,0.00310361,0.00285778,0.000389976,0.00257119,0.535837,-0.00594261,-0.00198655,0.00246834,0.00705671,1787175900
1787176080,-0.00246398,1.30901e-05,0.000104716,-0.00436855,0.00418328,0.549227,0.000707977,0.000821808,0.0223863,-0.00492129,-0.00307132,-0.00110081,-0.000304757,0.00027925,0.000878861,0.00199449,0.00408427,0.00586734,0.00108576,0.000740673,0.000723593,0.000728562,0.000791253,0.00103967,0.000709777,0.000551365,0.00217285,0.000209986,0.00236591,0.00263785,0,0.00207687,0.532878,-0.00572645,-0.00179495,0.00226888,0.00661276,1787175900
1787176140,0.0031924,9.62266e-05,0.00368498,-0.00153651,0.00415587,0.549914,0.000909318,0.00081498,0.0222183,-0.00477149,-0.00285258,-0.000997123,-0.000297918,0.000280325,0.000908956,0.00210043,0.00427571,0.00589641,0.00136089,0.000916505,0.000906837,0.000913315,0.000821666,0.00140388,0.000906245,0.000977198,0.00216969,0.000201012,0.00245567,0.00270365,0,0.0022414,0.534871,-0.00570418,-0.00174752,0.00239844,0.00663644,1787175900
1787176200,-0.00182423,-6.10447e-05,-6.10447e-05,-0.00306993,0.0041388,0.547185,0.000555377,0.000651573,0.0169203,-0.00503597,-0.00315474,-0.00125438,-0.00033721,0.000286473,0.00096248,0.00233745,0.00454465,0.00624746,0.000765831,0.000595695,0.000546131,0.000586028,0.000614152,0.00071979,0.000581206,0.000505989,0.00244762,0.000241471,0.00274669,0.00283888,0.000135807,0.00233561,0.538276,-0.00586237,-0.00186543,0.00252298,0.00685449,1787176200
1787176260,0.00123543,0.000235853,0.00239089,-0.000537429,0.00410532,0.547639,0.00043801,0.000364936,0.0209621,-0.00471764,-0.00287088,-0.00108105,-0.000316898,0.000273384,0.000851317,0.0019414,0.00395041,0.0055676,0.000402281,0.000491182,0.000406222,0.000448524,0.000363161,0.00042539,0.000451101,0.000508899,0.00210047,1.53239e-06,0.00230039,0.00260523,0,0.0021503,0.523558,-0.0057015,-0.00178385,0.00218552,0.00623812,1787176200
1787176320,-0.00115244,-4.36278e-06,0.000165772,-0.00196955,0.00406781,0.543392,0.000401512,0.000440918,0.0270368,-0.00456374,-0.00286361,-0.00108497,-0.000334225,0.000243726,0.000833035,0.00187754,0.00387485,0.00549881,0.00042905,0.000476374,0.000387037,0.000428723,0.000446808,0.000383895,0.000410855,0.00038552,0.0020596,9.36662e-05,0.00246224,0.00255505,0,0.00223321,0.522048,-0.00556338,-0.00175361,0.00211931,0.00618478,1787176200
1787176380,-0.000227152,0,0.00174996,-0.000664127,0.00403023,0.550931,0.000276966,0.000268861,0.0390173,-0.00433617,-0.00262736,-0.00094692,-0.000274436,0.000268113,0.000770934,0.00170605,0.00358451,0.00505459,8.14212e-05,0.000371221,0.000252369,0.000291538,0.0002977,8.40748e-05,0.000289401,0.00031168,0.00186504,0,0.00208767,0.00235868,0,0.00192823,0.521675,-0.00523872,-0.00158637,0.00195177,0.00576593,1787176200
1787176440,0.000869013,4.80556e-05,0.00161515,-0.000506909,0.00398985,0.542187,0.000356676,0.000286056,0.0685219,-0.00420439,-0.00254339,-0.00093874,-0.000299116,0.000206622,0.000693694,0.00155216,0.00340367,0.00486421,0.000259134,0.00041812,0.000319437,0.000367377,0.000299287,0.000266232,0.000378377,0.00037989,0.00173988,0.000111286,0.00220504,0.00234027,0,0.00218514,0.518215,-0.00516859,-0.00162126,0.00189074,0.0057884,1787176200
1787176500,0.000719966,4.36499e-06,0.00165297,-0.000113496,0.00395166,0.561329,0.000322601,0.000254349,0.0983419,-0.00413395,-0.00252999,-0.000861601,-0.000187891,0.000272914,0.000771546,0.00167682,0.00342279,0.00490515,0.000203736,0.000389174,0.000286625,0.000322102,0.000279867,0.000203985,0.000343541,0.000363157,0.00180709,0.000116599,0.00205229,0.00215831,0,0.00187792,0.528292,-0.00475481,-0.00139124,0.00178695,0.00542142,1787176500
1787176560,-0.00133562,-4.79816e-05,-4.79816e-05,-0.00182055,0.00391327,0.56153,0.000398361,0.000484224,0.154618,-0.00393811,-0.00238449,-0.000830132,-0.000183909,0.000269119,0.000679704,0.00146822,0.0031364,0.00458833,0.000519342,0.000491059,0.000401721,0.000413299,0.000453868,0.000476295,0.000407409,0.000401207,0.00162951,0.000118095,0.00192157,0.00199472,0,0.00171909,0.525504,-0.00438526,-0.00129062,0.00156384,0.00500092,1787176500
1787176620,-0.000585442,4.80434e-05,0.000668033,-0.00128493,0.00387854,0.566077,0.000261896,0.000288442,0.183323,-0.00366967,-0.00217077,-0.000665753,-0.000150854,0.00026362,0.000636866,0.00137079,0.0029657,0.00431012,0.000182729,0.000370683,0.000253945,0.000275165,0.000302703,0.000166556,0.000266099,0.000296561,0.00148158,0,0.00173761,0.00194507,0,0.00166727,0.521975,-0.00438225,-0.0012317,0.00155542,0.00492798,1787176500
1787176680,-0.00259054,3.93315e-05,0.000362665,-0.00466957,0.00384045,0.561036,0.000740714,0.000898666,0.298714,-0.00348806,-0.00198468,-0.000592977,-0.000168499,0.000239882,0.000595342,0.00130489,0.00286486,0.00415927,0.00114489,0.00076994,0.000767,0.000756019,0.000780288,0.00110547,0.000737914,0.000708802,0.00138384,3.8383e-05,0.00176037,0.00190067,0,0.00172187,0.522974,-0.00415209,-0.00116635,0.00151972,0.00477278,1787176500
1787176740,0.00136612,-9.63995e-05,0.00171173,-0.000929327,0.00381946,0.547642,0.000429916,0.00036698,0.164398,-0.00415895,-0.00252987,-0.000881268,-0.000294757,0.00025431,0.000789795,0.00177498,0.00362711,0.00498114,0.000452722,0.000483657,0.000394582,0.000465313,0.000392134,0.000490736,0.000465661,0.000418719,0.00187289,0.000359278,0.00243584,0.00233995,0.000190865,0.00238106,0.524596,-0.00512205,-0.00153975,0.00202297,0.00578216,1787176500
1787176800,-0.00258494,-3.93812e-05,0.00199765,-0.00306762,0.00378601,0.527154,0.000718554,0.000805842,0.156802,-0.00416008,-0.00295074,-0.00124529,-0.000481144,0.000173706,0.000782416,0.00191562,0.00379991,0.00502162,0.00113578,0.000767284,0.000764422,0.000773676,0.000768545,0.00110015,0.000697115,0.000726425,0.00214243,0.00110393,0.00350194,0.00249904,0.00115783,0.0033265,0.510514,-0.00529901,-0.0017849,0.00203751,0.00579386,1787176800
1787176860,-0.00320319,-0.000136004,0.000881384,-0.00453318,0.00376574,0.535194,0.000905872,0.00104348,0.114152,-0.00425308,-0.00269263,-0.00105927,-0.000411453,0.000215262,0.00076164,0.00166176,0.00357528,0.0049388,0.00144361,0.000938396,0.000997103,0.000937837,0.000964651,0.00140927,0.000897078,0.000903396,0.00188201,0.000391095,0.00259819,0.00242629,0.000158117,0.00254116,0.512495,-0.00532524,-0.00173287,0.00199944,0.00580697,1787176800
1787176920,0.00127108,0,0.00220687,0,0.00375532,0.536411,0.000425238,0.000366864,0.0655833,-0.00430758,-0.00276061,-0.00102762,-0.000414813,0.000228922,0.000803606,0.00178079,0.00378125,0.00508364,0.000416053,0.00046181,0.000372847,0.000478411,0.000393894,0.000443216,0.0004596,0.00040155,0.001962,0.000251339,0.0026061,0.00246973,0.000116467,0.00255256,0.51225,-0.00535848,-0.00170773,0.00207257,0.0057877,1787176800
1787176980,-0.00214286,-3.51639e-05,0.000597597,-0.00243362,0.00372192,0.545549,0.000622563,0.000700476,0.0556554,-0.00401921,-0.00259091,-0.000959585,-0.000309473,0.000246419,0.000732082,0.00158167,0.00344932,0.0047212,0.000910819,0.000642943,0.000624751,0.000635524,0.000625416,0.000879106,0.00061768,0.000663181,0.00177923,0.000128243,0.00218115,0.00227735,0,0.00195885,0.51305,-0.00501483,-0.00159721,0.00185768,0.00535966,1787176800
1787177040,-0.000788777,1.76192e-05,0.000920188,-0.00114591,0.00369695,0.537495,0.000317488,0.00033359,0.052072,-0.00403548,-0.00257756,-0.00100168,-0.00038081,0.000219563,0.000710126,0.00150061,0.00336342,0.00464716,0.000259675,0.000378669,0.000289215,0.00034738,0.000317208,0.000225619,0.000334336,0.000344348,0.00173413,0.000109625,0.00218178,0.00229145,0,0.0021246,0.505622,-0.00509592,-0.00165512,0.00184451,0.00540077,1787176800
1787177100,0.000163094,8.81659e-06,0.000524452,-0.00372313,0.0036615,0.531732,0.000250128,0.000216548,0.0632917,-0.00381382,-0.00245239,-0.000897305,-0.000384889,0.000172098,0.000630053,0.00136703,0.00316733,0.00439413,6.66779e-05,0.000320317,0.000202478,0.000273701,0.000252997,7.32777e-05,0.000281524,0.000281982,0.0015808,5.48995e-05,0.00217585,-0.00219543,0.00184208,0,0.499051,-0.00494988,-0.00159119,0.0017381,0.00519932,1787177100
1787177160,0.00287842,-4.40761e-06,0.00300587,-0.00012342,0.00362477,0.538385,0.000810786,0.000753111,0.0791391,-0.00381762,-0.00245054,-0.000873814,-0.000316347,0.000188047,0.000739762,0.0016623,0.00348935,0.00473377,0.00120091,0.000823092,0.000862028,0.00082314,0.000831177,0.00126635,0.000814766,0.000731574,0.00178262,0.000297596,0.00245828,0.00236056,0.000112974,0.00261523,0.507123,-0.00504493,-0.00159857,0.00200691,0.00562594,1787177100
1787177220,-0.000751815,0,0.00165552,-0.00167587,0.00361136,0.537792,0.000320675,0.000334759,0.0363178,-0.00393385,-0.00262101,-0.00101046,-0.000327789,0.000190361,0.000722058,0.00162783,0.00340485,0.00477853,0.000244993,0.000364486,0.000276755,0.000317825,0.000319869,0.000212771,0.000352902,0.000319176,0.00182728,0.000192875,0.00225678,0.00226419,0,0.00212287,0.503381,-0.00495718,-0.00164356,0.0018124,0.00533246,1787177100
1787177280,0.000997901,0.000211093,0.00184994,-0.000946068,0.00357664,0.524051,0.000365642,0.00031235,0.0457753,-0.00384051,-0.00247843,-0.000992272,-0.000436438,0.000133675,0.000649463,0.00142763,0.00322763,0.0045726,0.000309362,0.000398817,0.000308537,0.00038904,0.000338476,0.000307283,0.000410081,0.000367625,0.00166142,0.000280253,0.00239658,-0.00222644,0.00209294,0.000340926,0.485184,-0.00499914,-0.0016985,0.00166824,0.00519912,1787177100
1787177340,-0.000940726,0,0.000869603,-0.00152583,0.00354351,0.533241,0.00034037,0.000357367,0.0566722,-0.0037295,-0.0024103,-0.00090008,-0.000355216,0.000169814,0.000710048,0.00155027,0.00333406,0.00470555,0.000318484,0.000389609,0.00029614,0.000371397,0.000341004,0.000284729,0.000375443,0.000369066,0.0017132,0.000264584,0.002219,-0.00212524,0.00214331,0.000170714,0.49535,-0.00475596,-0.00153943,0.00166839,0.00516624,1787177100
1787177400,-0.000211125,-4.39799e-06,0.000523223,-0.00121898,0.00351041,0.530927,0.000242143,0.000228491,0.0713505,-0.00355728,-0.00223148,-0.00086411,-0.000364317,0.000156833,0.000627363,0.00134982,0.00304681,0.00433194,8.02647e-05,0.000304339,0.000183191,0.000278497,0.000240971,8.13842e-05,0.000293229,0.00027664,0.00153648,0.000177277,0.00200865,-0.00202215,0.0018307,0.000114624,0.490702,-0.00463387,-0.00150287,0.00152511,0.0048428,1787177400
1787177460,0.000259502,6.15829e-05,0.00185023,4.83868e-05,0.00347526,0.540428,0.000225775,0.000192104,0.107172,-0.00324346,-0.00199262,-0.000685982,-0.000253636,0.000162695,0.000591231,0.00128692,0.0028449,0.00406866,8.31063e-05,0.000302384,0.000177104,0.000253717,0.000232318,8.42635e-05,0.000273139,0.000251212,0.00140157,0.000165017,0.00180921,-0.00192637,0.00171597,0,0.499077,-0.00433882,-0.00134452,0.0015161,0.00471778,1787177400
1787177520,-0.000153934,-2.19891e-05,0.00102416,-0.000549872,0.00344053,0.53577,0.000209832,0.000192859,0.162968,-0.00314029,-0.0019206,-0.000744314,-0.000284667,0.000150867,0.000506549,0.00111037,0.00262964,0.00382263,7.07323e-05,0.000292196,0.000163028,0.000248616,0.000210057,6.15304e-05,0.00025784,0.000254971,0.00128206,0.000263323,0.0018663,-0.00169309,0.00158078,8.65763e-05,0.49908,-0.00382513,-0.00120765,0.00121296,0.00411625,1787177400
1787177580,-0.000611571,0,0.000171525,-0.00278369,0.00340602,0.545432,0.000244539,0.000252259,0.246872,-0.00296585,-0.00178547,-0.000626356,-0.00020134,0.000156288,0.000494747,0.00110222,0.00253287,0.00370937,0.000189933,0.000320653,0.000216019,0.000276092,0.000233119,0.000189795,0.000277495,0.000305169,0.00122016,0.000332885,0.001745,0.00162398,0,0.00164219,0.506293,-0.00363034,-0.00109556,0.00121445,0.00407919,1787177400
1787177640,-0.00226475,-0.000127641,0.000607173,-0.00226475,0.00337289,0.551856,0.000666602,0.000785469,0.316878,-0.00290426,-0.00173865,-0.000554106,-0.000167329,0.000165699,0.000549623,0.00125697,0.00269572,0.00383297,0.000968874,0.000670308,0.000703581,0.000667108,0.00063299,0.000962728,0.000688588,0.000678717,0.00129243,0.000514621,0.00186832,0.00171462,5.34674e-05,0.0018348,0.510155,-0.00371468,-0.00109552,0.00141516,0.00433374,1787177400
1787177700,0.00179812,-0.000141166,0.00194341,-0.00026029,0.00335432,0.530089,0.000528696,0.000485089,0.154906,-0.00323277,-0.00210055,-0.00084013,-0.00030905,0.000127238,0.000529897,0.00123153,0.00276475,0.0038779,0.000658829,0.000520679,0.000510972,0.000519864,0.000555398,0.000706735,0.000552789,0.000513179,0.00141904,0.000366272,0.00223135,-0.00197261,0.00184771,0.000459566,0.499823,-0.00434826,-0.00147937,0.00153693,0.00462024,1787177700
1787177760,-0.000251013,0,0.00088465,-0.000299462,0.00333033,0.551803,0.000213779,0.000204083,0.108231,-0.00297138,-0.001867,-0.000636126,-0.000171098,0.000169585,0.000539487,0.00124034,0.00268488,0.00378851,8.72634e-05,0.000284644,0.000165266,0.00023171,0.000205252,8.80528e-05,0.000273523,0.000266697,0.00132746,0.000228661,0.00160697,0.00190078,0,0.00158178,0.508957,-0.0041342,-0.00132241,0.00153985,0.00452828,1787177700
1787177820,0.000162946,8.80855e-06,0.000268626,-0.00117223,0.00329705,0.532271,0.000184391,0.000152007,0.134479,-0.00275152,-0.00167581,-0.000603272,-0.000235778,0.000106056,0.000406229,0.000934816,0.00227303,0.0033166,6.73509e-05,0.00027562,0.000152678,0.000213768,0.000198559,6.87121e-05,0.000225809,0.000237791,0.00107297,0.000157449,0.0015806,-0.00174989,0.00135475,0,0.494901,-0.00397245,-0.00131372,0.00129152,0.00424893,1787177700
1787177880,-0.000105691,5.28416e-05,0.000757129,-0.000369969,0.003264,0.557015,0.000180576,0.000160412,0.172718,-0.00257537,-0.00155618,-0.000454846,-0.000130654,0.00015598,0.000461679,0.00108126,0.00237835,0.00339375,6.3e-05,0.000268278,0.000142088,0.00021674,0.000171655,5.204e-05,0.000235563,0.000240762,0.00111245,0.000334,0.00161082,0.00178579,0,0.00157334,0.506006,-0.00390823,-0.00120325,0.00146816,0.00444292,1787177700
1787177940,-0.00126035,0,0.000365469,-0.00148085,0.00323123,0.548702,0.000362388,0.000418288,0.159891,-0.00235472,-0.00135056,-0.000416317,-0.000131345,0.000112429,0.000343071,0.000825301,0.00202843,0.00298722,0.000465685,0.000412849,0.00036909,0.000378217,0.0003281,0.000513848,0.000347186,0.000399076,0.000891884,0.000160962,0.00137879,-0.00168235,0.00126474,0,0.496318,-0.00374069,-0.00122277,0.00126259,0.00407593,1787177700
1787178000,-0.000666071,-1.76386e-05,0.000625967,-0.000926445,0.00320371,0.53768,0.00022845,0.000249534,0.121526,-0.00244044,-0.00139911,-0.000465096,-0.000164077,9.14568e-05,0.000342999,0.000871078,0.0021161,0.00307315,0.000208596,0.000311238,0.000210912,0.000258523,0.000199872,0.000188954,0.000252422,0.000288343,0.000941779,0.00016555,0.00145182,-0.00167922,0.00130664,0,0.49698,-0.00373421,-0.00121365,0.00129765,0.00408333,1787178000
1787178060,0.000802759,0,0.000921795,-8.38417e-05,0.00317291,0.533247,0.000257988,0.0002209,0.104686,-0.00240033,-0.00137569,-0.000468676,-0.000172457,7.95742e-05,0.000334657,0.000880784,0.00208409,0.00304408,0.000232702,0.000328203,0.00023219,0.000280529,0.000282458,0.000231825,0.000308703,0.000275809,0.000943674,0.000270974,0.00148779,0.00154507,0,0.00143187,0.504625,-0.00342443,-0.00106303,0.00121042,0.00386492,1787178000
1787178120,-0.00141187,-4.40901e-06,0.0012822,-0.00157525,0.00314307,0.562324,0.000416446,0.000480772,0.0921597,-0.00221055,-0.00125914,-0.000391445,-8.65861e-05,0.000122435,0.000358628,0.000837214,0.00196877,0.00285536,0.000538774,0.000429711,0.00040941,0.00041668,0.000358676,0.000513986,0.000429274,0.000433427,0.000882373,0.000174641,0.00119559,0.0014882,0,0.00112294,0.509387,-0.00326165,-0.000994171,0.00113496,0.00353035,1787178000
1787178180,-0.000379781,0,0.000194251,-0.00178977,0.00311788,0.528442,0.000182682,0.000179183,0.0733154,-0.00241151,-0.00141797,-0.000537788,-0.00020484,7.64618e-05,0.000361128,0.000885267,0.00211548,0.00307024,0.000122972,0.000265991,0.000157127,0.000239772,0.000153576,0.000109514,0.000251137,0.000250879,0.00098225,0.00045751,0.00167541,-0.00172582,0.00154647,1.85162e-05,0.49817,-0.00380586,-0.00127513,0.00134942,0.0041341,1787178000
1787178240,-0.000667175,-5.30042e-05,0.0002429,-0.000950085,0.00308701,0.534967,0.000227191,0.000249919,0.0758756,-0.00217733,-0.0012429,-0.000403037,-0.000153959,7.61403e-05,0.00034843,0.000872001,0.00202345,0.00290092,0.000208339,0.000300174,0.000201805,0.000274335,0.000179022,0.000190362,0.00027649,0.000302427,0.000899489,0.000406317,0.0015305,0.00164486,0,0.00155441,0.50342,-0.00355574,-0.00111591,0.00135077,0.0039834,1787178000
1787178300,-0.00158799,-8.83974e-06,0.000123748,-0.00219908,0.00305744,0.524612,0.000456663,0.000540225,0.07913,-0.00204724,-0.00114626,-0.000395929,-0.000165365,4.9666e-05,0.000274903,0.000722298,0.00181978,0.00264329,0.000625554,0.000476443,0.000478131,0.000468188,0.000387648,0.00060416,0.000454863,0.000485624,0.000780502,0.000235453,0.00132198,0.00148144,0,0.00127788,0.501924,-0.00330539,-0.00103743,0.00115023,0.00359325,1787178300
1787178360,-0.000619955,3.09876e-05,0.00249806,-0.000854752,0.00303504,0.516617,0.000215291,0.000221347,0.0685489,-0.00216513,-0.00127594,-0.00046924,-0.000205967,3.73405e-05,0.000306168,0.000813135,0.00196778,0.00281393,0.000189932,0.000287418,0.000192859,0.000264649,0.000158421,0.000176143,0.000256883,0.000307237,0.000884546,0.000340487,0.00151139,0.00165355,0,0.00155211,0.502327,-0.00365943,-0.00117743,0.00134397,0.00396646,1787178300
1787178420,0.00013288,-4.8727e-05,0.000739473,-4.8727e-05,0.00300581,0.502187,0.000152813,0.000128967,0.071483,-0.00212131,-0.00123277,-0.000526412,-0.000259431,4.75394e-06,0.000276441,0.000761487,0.0019303,0.00275885,6.33605e-05,0.000239483,0.000118145,0.000259265,0.000163266,6.78771e-05,0.000226235,0.000238019,0.000865518,0.000503806,0.00171306,-0.00169309,0.00158473,0.000150714,0.497649,-0.00367197,-0.00124909,0.00133484,0.00395717,1787178300
1787178480,-0.000172747,-1.32872e-05,0.000518062,-0.000172747,0.00297566,0.512989,0.000134139,0.000111458,0.0606376,-0.00188051,-0.00106484,-0.000412135,-0.000182763,2.80301e-05,0.000212422,0.00062121,0.00164649,0.00242326,7.45337e-05,0.000238129,0.000114639,0.000196661,0.000129006,6.80458e-05,0.000175842,0.000225062,0.000702902,0.000259635,0.00130085,0.00138413,0,0.00119677,0.500319,-0.00311892,-0.000995996,0.00101286,0.00327719,1787178300
1787178540,-0.000850883,-4.87289e-05,0.000535862,-0.000850883,0.00294585,0.500745,0.000241485,0.000266918,0.0552821,-0.00175103,-0.000961755,-0.00036802,-0.000167875,2.2864e-06,0.00016604,0.000537868,0.00152366,0.00227344,0.000277536,0.0003174,0.000250354,0.000278503,0.000188407,0.000283659,0.000238929,0.000303407,0.0006142,0.000187932,0.0012277,-0.00133504,0.000880957,0,0.490003,-0.0030574,-0.000998539,0.000916566,0.00311696,1787178300
1787178600,0.00120078,-3.10355e-05,0.00138232,-0.000851607,0.00291873,0.491852,0.000359393,0.000347556,0.0487467,-0.00186378,-0.0011023,-0.000487948,-0.000224064,-1.62345e-05,0.00019299,0.000620101,0.00164481,0.00238612,0.000388084,0.00037229,0.000341222,0.000364229,0.000420755,0.000409732,0.000407925,0.000353978,-0.000735676,0.00110481,0.000948455,-0.00151138,0.00115309,0.000251372,0.490007,-0.00340817,-0.001193,0.00110851,0.00348247,1787178600
1787178660,-0.00168859,4.42815e-05,0.00026566,-0.0020302,0.00289438,0.514438,0.000488754,0.00058486,0.0496581,-0.00184823,-0.00103869,-0.000414459,-0.00016553,2.15644e-05,0.000259626,0.00075536,0.00175805,0.0025395,0.00067043,0.000501279,0.000532086,0.000498286,0.000413131,0.000651971,0.000505772,0.000512731,0.000785805,0.000573119,0.00148765,0.00147948,0,0.00146151,0.50077,-0.00325588,-0.00105156,0.00117583,0.00352054,1787178600
1787178720,-0.000625634,0,0.000124193,-0.00166034,0.00287522,0.499938,0.000203607,0.000207471,0.0410451,-0.00193687,-0.00111257,-0.000464639,-0.000215031,-3.14852e-06,0.000232199,0.00071572,0.00174417,0.00255797,0.000191181,0.000274019,0.00018876,0.000245421,0.000150604,0.000177721,0.000245781,0.000260154,-0.000790949,0.00115671,0.000594073,-0.0015291,0.00123259,1.23249e-06,0.492633,-0.00347342,-0.00115389,0.00118235,0.00359121,1787178600
1787178780,-0.00488985,4.43841e-05,0.000213026,-0.00569749,0.0028477,0.496878,0.00203211,0.00216228,0.0383005,-0.00181722,-0.00102672,-0.000429871,-0.000204591,-1.12809e-05,0.000219724,0.00070455,0.00169782,0.00247177,0.00226786,0.00176808,0.0021214,0.00184849,0.00193846,0.00225442,0.00178894,0.00185223,-0.000755864,0.00113567,0.00062158,-0.00147209,0.00119285,0,0.49963,-0.00327205,-0.00103708,0.00119145,0.00351293,1787178600
1787178840,0.00284161,-8.0288e-05,0.00284605,-0.000580002,0.00290266,0.503613,0.00081176,0.000801504,0.17335,-0.00317034,-0.0019975,-0.000905201,-0.000379192,1.24424e-05,0.000427705,0.00124404,0.00273911,0.0038546,0.00118077,0.000807305,0.000860639,0.000810928,0.00109993,0.00122848,0.000781453,0.000709851,0.00142885,0.000389975,0.00182221,-0.00199679,0.00195799,8.08362e-05,0.497517,-0.0042941,-0.00144437,0.00158325,0.00425414,1787178600
1787178900,-0.000729674,4.4476e-06,0.000284606,-0.0013708,0.00290145,0.506545,0.000293518,0.000278527,0.313456,-0.00322848,-0.00209278,-0.000942599,-0.000351163,2.10274e-05,0.000454221,0.00133608,0.00289026,0.00402663,0.000228939,0.000297804,0.000266799,0.000296144,0.000219547,0.000206621,0.000346679,0.000336413,0.00151491,0.000232105,0.00170547,-0.00198052,0.00181983,0,0.497562,-0.00421191,-0.00143959,0.00159867,0.00437509,1787178900
1787178960,0.00227624,1.33525e-05,0.00256041,-0.00109105,0.00287414,0.498867,0.000648088,0.000641478,0.231381,-0.00303131,-0.00194008,-0.00085884,-0.000362814,-5.58437e-06,0.000371529,0.00112165,0.00256438,0.0036441,0.000896262,0.000650336,0.000646342,0.000650063,0.000769852,0.000946502,0.000649784,0.000645101,-0.00131821,0.00134781,0.000131141,-0.00178516,0.00131702,0,0.488014,-0.00405021,-0.00137839,0.00136568,0.00398916,1787178900
1787179020,0.0022312,4.44072e-06,0.00235525,4.44072e-06,0.00286341,0.501884,0.000629474,0.00061837,0.298212,-0.00314264,-0.0020563,-0.000931857,-0.000377849,3.23436e-06,0.000445614,0.00128853,0.00279545,0.00392627,0.000871554,0.000637507,0.000633973,0.000640505,0.000700056,0.000923275,0.000621937,0.000586233,0.00147643,0.000314168,0.00184788,-0.00196467,0.0017794,0,0.490991,-0.00417721,-0.00147877,0.00153886,0.00438564,1787178900
1787179080,-0.000593908,-3.10163e-05,0.000819369,-0.00117043,0.00285214,0.507806,0.000263488,0.000251097,0.364112,-0.00315643,-0.00206943,-0.000929823,-0.000346484,2.63447e-05,0.000451744,0.00127525,0.00272967,0.0038806,0.000182744,0.000271846,0.000242825,0.000254946,0.000228727,0.000168908,0.00030868,0.000279164,0.00146945,0.000171407,0.00157719,-0.00191255,0.00159642,0,0.491999,-0.00416309,-0.00148301,0.00145854,0.0042656,1787178900
1787179140,0.00194883,3.54671e-05,0.00268308,3.54671e-05,0.00282472,0.496535,0.000561567,0.000548761,0.286244,-0.00298086,-0.0019,-0.000851777,-0.00038088,-1.54296e-05,0.000384952,0.00113194,0.00252811,0.00363687,0.000728509,0.000558649,0.000554794,0.000558571,0.000594018,0.000784446,0.000576517,0.00055858,-0.00131997,0.00143439,0.000280565,-0.00168135,0.00135787,5.45773e-05,0.486907,-0.0037863,-0.00132072,0.00128158,0.00399676,1787178900
1787179200,0.00237332,5.75212e-05,0.00248367,-0.000243396,0.00280988,0.503427,0.000674777,0.000657605,0.315737,-0.00296284,-0.00189405,-0.000851881,-0.00035219,9.42263e-06,0.00041632,0.00119291,0.00258812,0.00368254,0.000937378,0.0006762,0.000675857,0.000675863,0.000697257,0.000994335,0.000679858,0.000670063,0.00136148,0.000127437,0.00156931,-0.00167358,0.00145679,0,0.492404,-0.00368757,-0.00129637,0.00129454,0.00391546,1787179200
1787179260,-0.000852332,-9.71204e-05,-3.09009e-05,-0.00192651,0.00280182,0.508125,0.000302593,0.000292724,0.365471,-0.00309006,-0.00200254,-0.000893363,-0.000346871,2.75016e-05,0.00046432,0.00130223,0.00269214,0.00383591,0.000277401,0.000311215,0.000283402,0.000298069,0.000297917,0.000250335,0.000346494,0.000325698,0.00146416,0.000185612,0.0015951,-0.00177938,0.00158838,0,0.494419,-0.00389427,-0.0013748,0.00139191,0.00418845,1787179200
1787179320,-0.00047285,4.4181e-06,0.000777286,-0.000729254,0.00277627,0.502624,0.000224212,0.000211595,0.257697,-0.00287118,-0.00182179,-0.000775293,-0.000346491,5.89203e-06,0.000408216,0.00116632,0.00247796,0.00355612,0.00014944,0.000245589,0.000214218,0.000228038,0.000219281,0.000135307,0.000249395,0.000258086,0.00130267,3.03268e-05,0.00145937,-0.00161879,0.00129374,0,0.488745,-0.00366703,-0.00124008,0.00125512,0.00389756,1787179200
1787179380,-0.00163681,-4.42021e-06,8.84001e-05,-0.00222141,0.00274918,0.494966,0.000471851,0.000490912,0.188327,-0.00270365,-0.00167947,-0.000721512,-0.00035704,-1.87109e-05,0.000341229,0.00102877,0.00229041,0.00330067,0.000638683,0.000485184,0.000477688,0.000481119,0.0004471,0.000631713,0.000456851,0.000479962,-0.0011705,0.00107287,0.000170118,-0.00146724,0.00111422,0,0.486611,-0.00337954,-0.0011411,0.00109465,0.00351386,1787179200
1787179440,-0.000575733,1.32822e-05,0.000230201,-0.000739656,0.00273138,0.492886,0.000230453,0.000213215,0.122684,-0.00272355,-0.00167876,-0.000731131,-0.000368273,-2.68783e-05,0.000344817,0.00106198,0.00233359,0.00332237,0.000177761,0.000258649,0.000223646,0.000244231,0.000211989,0.000163859,0.000245149,0.000266368,-0.00119529,0.001084,0.000136709,-0.00156308,0.0012341,0,0.491083,-0.00355523,-0.00118019,0.00122273,0.00365902,1787179200
1787179500,-0.00117907,-3.98707e-05,0.000403048,-0.00136093,0.00270515,0.485699,0.000339379,0.000351853,0.0645233,-0.00260619,-0.00165906,-0.00073842,-0.00039146,-4.87571e-05,0.000302542,0.000969593,0.00217271,0.0031032,0.000409098,0.000356903,0.000349035,0.000352614,0.000304004,0.000399928,0.000331794,0.000359563,-0.00113421,0.000905092,0.000301084,-0.00144308,0.000999065,0.000121478,0.486412,-0.00335701,-0.00114584,0.00106436,0.00333054,1787179500
1787179560,-0.000212913,-4.87886e-05,0.000226171,-0.000980664,0.00268315,0.482862,0.000178177,0.000158292,0.0609757,-0.00257326,-0.0015895,-0.00069696,-0.000388532,-5.85667e-05,0.000293908,0.000965221,0.00215868,0.00310904,8.27317e-05,0.000215859,0.000165142,0.000188782,0.000175448,8.17019e-05,0.000208077,0.000215229,-0.00110508,0.00100572,0.000197616,-0.00137437,0.00111689,3.39079e-05,0.49272,-0.00325968,-0.00104309,0.0010553,0.00328741,1787179500
1787179620,-0.00186493,8.87229e-06,1.33084e-05,-0.00186493,0.00265636,0.478029,0.000537146,0.000595771,0.0759312,-0.00233414,-0.00140797,-0.000594356,-0.000335436,-6.91184e-05,0.0002561,0.00088349,0.00199944,0.00286976,0.00074996,0.00054666,0.000541054,0.000541207,0.000473873,0.000756988,0.00053636,0.000546647,-0.000984887,0.000788604,0.000173817,-0.00129486,0.000976023,0,0.488671,-0.00301003,-0.00094181,0.000970283,0.00304063,1787179500
1787179680,-0.000698021,4.44443e-06,0.000346607,-0.000853698,0.00264285,0.472912,0.000233283,0.000214519,0.0632476,-0.00244526,-0.00152748,-0.000651245,-0.000372213,-8.58269e-05,0.000241588,0.000878155,0.00202756,0.00292697,0.000216201,0.000271537,0.000231417,0.000237903,0.000203029,0.000197828,0.000235852,0.000273974,-0.00101748,0.000755605,9.97724e-05,-0.00140521,0.00105725,0,0.48707,-0.00334736,-0.00108905,0.00106537,0.00328268,1787179500
1787179740,-0.0010101,-4.89242e-05,0.00011563,-0.00199895,0.00261815,0.46545,0.000294833,0.000294601,0.0794896,-0.0023148,-0.00142163,-0.000631138,-0.000376536,-0.000104931,0.00020925,0.000816988,0.00192714,0.00278648,0.000336479,0.000321272,0.000299874,0.000301705,0.000249245,0.000313683,0.000283413,0.000322771,-0.000957072,0.000671294,0.000125288,-0.00129604,0.000931122,0,0.486827,-0.00308099,-0.000986986,0.000973898,0.00310927,1787179500
1787179800,0.00195254,5.34231e-05,0.00202807,2.67119e-05,0.00259577,0.466917,0.00055805,0.000562376,0.0965041,-0.00233948,-0.00144286,-0.000662833,-0.000392228,-0.00010921,0.000231283,0.000885171,0.00200971,0.00286501,0.000725115,0.000558063,0.000565643,0.000558172,0.000652271,0.000576408,0.000570244,0.000524715,-0.00101892,0.000925017,0.000262949,-0.00139625,0.00116048,0.000121792,0.489152,-0.00324203,-0.0010389,0.00109751,0.00328886,1787179800
1787179860,-0.00211283,4.44335e-06,2.22165e-05,-0.00211283,0.00258448,0.471585,0.000612196,0.000674454,0.0561455,-0.0023459,-0.00147711,-0.000686931,-0.000366371,-9.39696e-05,0.000247068,0.00089853,0.00202108,0.00287469,0.000871939,0.000614323,0.000637787,0.000621051,0.000535641,0.000617507,0.000603866,0.000591941,-0.00104378,0.000827164,6.90022e-05,-0.00143251,0.00115753,0,0.488709,-0.00324216,-0.00109895,0.00108981,0.00328303,1787179800
1787179920,-0.000975629,-4.45286e-05,0.000796726,-0.00108261,0.00257589,0.463226,0.000283102,0.000278122,0.0469538,-0.00248727,-0.0015966,-0.000741399,-0.00042328,-0.000121032,0.000218398,0.000861557,0.00201718,0.00292138,0.000322382,0.000313117,0.000292083,0.000292728,0.000245262,0.000364961,0.000271188,0.000290716,-0.00105297,0.000693847,7.16331e-05,-0.00145378,0.00105193,3.12666e-05,0.478886,-0.00342912,-0.00116395,0.00107389,0.00331656,1787179800
1787179980,-8.91424e-06,0,0.00108694,-0.000120349,0.00255373,0.457012,0.000155552,0.000148147,0.0447558,-0.00241087,-0.00152542,-0.000743532,-0.000445785,-0.00014164,0.000198064,0.000833994,0.00198865,0.0028617,5.71654e-05,0.000192176,0.000148371,0.000178755,0.000179696,0.000238986,0.000171849,0.000182436,-0.00103145,0.000731372,0.000201546,-0.00137454,0.00103979,0.000146365,0.479328,-0.00321232,-0.00107577,0.00102444,0.00317885,1787179800
1787180040,-0.000164928,-2.67432e-05,0.00051244,-0.00046365,0.00252806,0.454743,0.000152683,0.000132093,0.0469981,-0.00228252,-0.00142785,-0.000701015,-0.000413135,-0.000124868,0.000161152,0.000755056,0.00184289,0.00267755,7.49033e-05,0.000197946,0.000148269,0.00017712,0.000167911,0.000105563,0.000160375,0.000185577,-0.000949982,0.000674318,0.000223213,-0.00131065,0.000967574,0.000164117,0.478436,-0.00309797,-0.00104167,0.000949528,0.00304301,1787179800
1787180100,0.00176821,4.45787e-06,0.00205742,-0.000343315,0.00250276,0.448908,0.000522802,0.00052892,0.0530328,-0.00212292,-0.00131439,-0.000625764,-0.000371723,-0.000134023,0.000138302,0.000701921,0.00172733,0.00251661,0.000631247,0.00050582,0.000504623,0.00050468,0.000581601,0.000761609,0.00056935,0.000495784,-0.000867936,0.000565959,0.000190137,-0.00124177,0.000845443,9.3706e-05,0.477892,-0.00295508,-0.000973763,0.000892033,0.00288562,1787180100
1787180160,0.000342591,-0.000106806,0.000609465,-0.000551953,0.0024902,0.46624,0.000176799,0.000176467,0.0471809,-0.00230972,-0.00148147,-0.00070386,-0.000375251,-0.00010911,0.000224046,0.000890641,0.00200067,0.00283523,0.000103813,0.000203791,0.000161579,0.000198592,0.000213631,0.000264571,0.000215346,0.000203283,-0.00104576,0.00100795,0.000239717,-0.00139619,0.00121532,0.000178203,0.48481,-0.00319626,-0.00108237,0.00106565,0.00323091,1787180100
1787180220,0.000764846,3.11389e-05,0.00115149,-7.11782e-05,0.00246565,0.466283,0.000237089,0.00023424,0.0567849,-0.00212349,-0.00132703,-0.000620807,-0.000338643,-9.64314e-05,0.000199432,0.000768697,0.00180991,0.00259267,0.000221106,0.000268733,0.000226136,0.000253621,0.000279675,0.000271963,0.000263288,0.000256556,-0.000913499,0.000721349,0.000138765,-0.00117362,0.000874097,7.8288e-05,0.483241,-0.00276101,-0.000899811,0.000840212,0.00275966,1787180100
1787180280,-0.00032899,4.88946e-05,0.000617675,-0.00081378,0.00244326,0.468852,0.000154459,0.00013285,0.0708007,-0.0020358,-0.00126828,-0.000591111,-0.00032045,-8.57192e-05,0.000199254,0.00072428,0.00174659,0.00250935,0.000109273,0.000197865,0.000150288,0.000175546,0.0001665,0.000170152,0.000173408,0.000194613,-0.000865959,0.000692904,0.00015284,-0.00115589,0.000879873,5.64238e-05,0.482572,-0.00271744,-0.000898319,0.000819354,0.00274504,1787180100
1787180340,-7.11472e-05,4.44644e-05,0.000471222,-0.000693901,0.00241915,0.462145,0.000133128,0.000116505,0.08241,-0.00198577,-0.0012155,-0.000566039,-0.000334784,-0.000102486,0.000177925,0.00069548,0.00169389,0.00244363,6.12332e-05,0.000180884,0.000120428,0.000170142,0.000160941,5.19365e-05,0.000164159,0.000186733,-0.000829497,0.000764599,0.000283717,-0.00117024,0.000914279,0.000195909,0.481466,-0.00276786,-0.000906028,0.000863868,0.0028748,1787180100
1787180400,-0.000796304,0,0.000537925,-0.00132604,0.00239486,0.463381,0.000233905,0.00022654,0.103476,-0.00202392,-0.00134244,-0.000654236,-0.000373908,-0.00010398,0.000189549,0.00079234,0.00180044,0.00251444,0.000252932,0.000268174,0.000236201,0.000306728,0.000216473,0.000287793,0.000276562,0.000299324,-0.000946214,0.00168863,0.00102068,-0.00133336,0.00159258,0.0010062,0.468918,-0.0030363,-0.00107552,0.000986737,0.0031432,1787180400
1787180460,0.00128089,4.45039e-06,0.00128089,-0.000311576,0.00237346,0.458982,0.000374108,0.000379065,0.10426,-0.00185005,-0.00112331,-0.000533482,-0.000320855,-9.78721e-05,0.000150227,0.000659043,0.00162265,0.00232053,0.000416858,0.000369207,0.00036433,0.00037066,0.000414095,0.000515564,0.000403248,0.000373919,-0.000781159,0.000809775,0.000339356,-0.00108654,0.000922338,0.000217999,0.480546,-0.00254494,-0.000825842,0.000808822,0.00267806,1787180400
1787180520,-0.00193532,0,0.000404386,-0.00275506,0.00235658,0.469866,0.000586968,0.000656945,0.111422,-0.00181596,-0.00111639,-0.000516766,-0.000284993,-7.29998e-05,0.000178676,0.000704985,0.00164312,0.0023307,0.000782635,0.000561583,0.00062768,0.000559038,0.000502528,0.000577622,0.000560705,0.000563607,-0.000802104,0.000786385,0.000167826,-0.00114653,0.000951552,0,0.486443,-0.00260843,-0.000861523,0.000873274,0.00275745,1787180400
1787180580,-0.0013904,-3.56271e-05,0.000365105,-0.00184537,0.0023489,0.468225,0.000401526,0.000400642,0.0584341,-0.00213307,-0.00135584,-0.000645933,-0.000363565,-9.30086e-05,0.000209094,0.000801659,0.00186091,0.00263866,0.00050902,0.00041003,0.000402394,0.000412701,0.00033441,0.000434089,0.000402414,0.000391902,-0.000950054,0.00109041,0.000322843,-0.00133122,0.00122792,0.000250493,0.479269,-0.00303976,-0.00103434,0.00103164,0.0031616,1787180400
1787180640,0.00231626,-8.91906e-06,0.00289449,-8.91906e-06,0.00233359,0.465097,0.000710132,0.000716017,0.0472629,-0.00212416,-0.00136254,-0.000650243,-0.000367713,-9.94401e-05,0.000194796,0.000797904,0.00186813,0.0026409,0.000899305,0.000662426,0.000735353,0.000659277,0.000809922,0.000674054,0.000675005,0.000638583,-0.000949263,0.00104543,0.000255986,-0.00128382,0.00107574,0.000126448,0.479735,-0.00294135,-0.000981964,0.00101036,0.0030801,1787180400
1787180700,-6.22906e-05,8.89834e-06,0.000306947,-0.000587466,0.00233324,0.474124,0.00016033,0.000145288,0.0428518,-0.00234439,-0.00155569,-0.000753392,-0.000379087,-8.32402e-05,0.000247778,0.000921041,0.00209447,0.00291055,6.13688e-05,0.000174238,0.000140796,0.000194808,0.000165862,0.000249045,0.000211699,0.000193986,-0.00109791,0.00120951,0.000174689,-0.00143335,0.00125868,3.99398e-05,0.478951,-0.00313227,-0.00111596,0.00111181,0.00332528,1787180700
1787180760,0.000805029,0,0.000805029,-3.55964e-05,0.00230981,0.471353,0.000243572,0.000244862,0.0435821,-0.00211891,-0.00137863,-0.000649863,-0.000335917,-7.43604e-05,0.000194452,0.000781411,0.00184995,0.0026219,0.000232942,0.000264692,0.000234061,0.000261476,0.000281661,0.000271121,0.000270364,0.000262468,-0.000939543,0.000870646,9.78857e-05,-0.00122244,0.000844795,0,0.473881,-0.00283351,-0.000969081,0.000905079,0.00294368,1787180700
1787180820,0.00017782,-8.44754e-05,0.000248939,-0.000698248,0.00228943,0.479472,0.00014634,0.00013619,0.0482068,-0.00205325,-0.00134757,-0.000615352,-0.000297568,-5.3539e-05,0.000216432,0.000803028,0.0018341,0.00258008,7.50724e-05,0.000175917,0.000134265,0.00015853,0.00017394,0.000138817,0.000180087,0.000173489,-0.000935417,0.000893385,0,-0.00121204,0.000873659,0,0.479447,-0.00280071,-0.000951793,0.000894388,0.00288005,1787180700
1787180880,0.000364431,8.89015e-06,0.000675426,-0.000600268,0.00226656,0.479588,0.000161933,0.00015813,0.05385,-0.00194967,-0.00126378,-0.00057535,-0.00028168,-4.60423e-05,0.000188592,0.000759384,0.0017358,0.00245726,0.000110147,0.000187893,0.000150941,0.000178282,0.000198727,0.000105572,0.000193949,0.000186272,-0.000878753,0.00092696,0.000138954,-0.00118544,0.000889297,0,0.478676,-0.0027217,-0.00090594,0.000904213,0.0029171,1787180700
1787180940,-0.000822381,2.66605e-05,0.000146624,-0.00129389,0.00224437,0.482824,0.000243955,0.000246,0.0638662,-0.00186636,-0.00119123,-0.000551812,-0.000272345,-3.78847e-05,0.000192039,0.000718572,0.00166848,0.00237012,0.000260535,0.000262271,0.000243544,0.00025443,0.000225004,0.000295485,0.000265104,0.000267543,-0.000836244,0.000934642,0.000201334,-0.00118068,0.000942313,1.01462e-05,0.475072,-0.00269398,-0.000918688,0.00089211,0.00291954,1787180700
1787181000,-0.000404771,-4.44714e-06,1.33413e-05,-0.000475956,0.00222485,0.474904,0.000159345,0.000140557,0.0619786,-0.00182152,-0.00115381,-0.000552393,-0.000287272,-5.29575e-05,0.000166961,0.000677955,0.00160866,0.00230012,0.000130528,0.000190921,0.000150654,0.000179268,0.000162181,0.000115934,0.000186516,0.000188864,-0.00080636,0.000842699,0.000194601,-0.00101124,0.000809927,5.58742e-05,0.478751,-0.00237091,-0.000770771,0.000756103,0.00257471,1787181000
1787181060,0.0012316,2.22444e-05,0.00176467,2.22444e-05,0.00220324,0.464561,0.000359962,0.000362973,0.0714667,-0.00169947,-0.00106399,-0.000496363,-0.000283251,-6.60851e-05,0.000129203,0.000601274,0.00148052,0.00212766,0.00039709,0.000354762,0.000350457,0.000353194,0.000390616,0.000500443,0.00039372,0.000352029,-0.000719731,0.00059677,0.000114447,-0.000884504,0.000548652,0,0.47819,-0.00215112,-0.000662623,0.000615525,0.00226671,1787181000
1787181120,-0.00101807,-4.44347e-06,0.00032432,-0.00116931,0.00218804,0.478582,0.000296543,0.000296081,0.0748248,-0.00179711,-0.00114648,-0.000549413,-0.000285827,-4.6737e-05,0.000180234,0.000702889,0.00159944,0.00228429,0.000335276,0.00030453,0.000296892,0.000302867,0.000257225,0.000340457,0.000302771,0.00030447,-0.000820626,0.000996122,0.00024284,-0.00109181,0.000987209,3.4452e-05,0.481386,-0.00250696,-0.000854547,0.000825586,0.00270212,1787181000
1787181180,5.33744e-05,4.44788e-05,0.00143123,4.44788e-05,0.00217082,0.468481,0.00012124,0.000111447,0.0684164,-0.00175591,-0.00110921,-0.000547964,-0.000307918,-6.51845e-05,0.000150308,0.000645565,0.00152928,0.00220856,6.0647e-05,0.000157266,0.000106516,0.000150099,0.000155327,0.000234224,0.000166863,0.000164311,-0.000779757,0.000801016,0.000205371,-0.001068,0.000828156,3.35796e-05,0.473482,-0.00252013,-0.000858247,0.000780098,0.00261741,1787181000
1787181240,-0.00147774,-4.44776e-06,0.000204575,-0.00167821,0.00214902,0.468328,0.000418566,0.000464671,0.0850882,-0.0016684,-0.00103744,-0.00052343,-0.000291295,-5.62711e-05,0.000129994,0.000607222,0.00145823,0.00212148,0.000546584,0.000431922,0.000451431,0.000430808,0.000380297,0.000481607,0.000397509,0.000432976,-0.000736945,0.000911642,0.000359195,-0.0010553,0.000925238,0.000170557,0.472644,-0.00247418,-0.000855246,0.000769262,0.00264472,1787181000
1787181300,0.00174013,1.78171e-05,0.00203356,-0.000343042,0.00213766,0.470734,0.000515829,0.000519392,0.0644442,-0.00182738,-0.0012113,-0.000612723,-0.000326836,-6.16062e-05,0.000157451,0.000694909,0.00160163,0.00227982,0.000608478,0.00049542,0.000532968,0.000498128,0.000556714,0.000514145,0.000523964,0.000508016,-0.000852835,0.0010306,0.000449987,-0.00119711,0.00104915,0.000344709,0.477927,-0.00272359,-0.000960316,0.00091232,0.00282709,1787181300
1787181360,-0.00273839,-4.89136e-05,0.000213413,-0.00273839,0.00213044,0.480662,0.000951454,0.00103094,0.053916,-0.00190952,-0.00125587,-0.00061633,-0.000309139,-4.45036e-05,0.000194152,0.000779926,0.00174632,0.00245524,0.00117488,0.000891748,0.00101508,0.000858181,0.000855233,0.000791275,0.000801919,0.000840548,-0.000912233,0.00110288,0.000201674,-0.00124227,0.00115142,1.00037e-05,0.479683,-0.00273576,-0.000958164,0.000970194,0.00297567,1787181300
1787181420,0.00220466,5.35038e-05,0.00220466,-4.01298e-05,0.00214429,0.480312,0.000652142,0.000653595,0.0375534,-0.00237711,-0.00160385,-0.000769999,-0.000386122,-5.3728e-05,0.000227746,0.000896868,0.00202286,0.00285736,0.000836717,0.000640079,0.000664839,0.000627332,0.000737937,0.000643016,0.000639919,0.000640644,-0.0010925,0.00110841,3.46064e-05,-0.00133832,0.00121068,7.66682e-05,0.478245,-0.00302052,-0.00104864,0.0010259,0.00308194,1787181300
1787181480,0.000640444,-0.000120129,0.00112051,-0.000369331,0.00214551,0.487386,0.000228916,0.000227939,0.0440778,-0.00241699,-0.0016457,-0.000779848,-0.000359099,-3.6422e-05,0.000262738,0.000972338,0.00214296,0.00297632,0.000188208,0.000228515,0.000221701,0.00023039,0.000249006,0.000309097,0.000250136,0.000219124,-0.00115133,0.00104506,0,-0.00136349,0.00118995,0,0.479197,-0.00294445,-0.00104408,0.0010586,0.0031651,1787181300
1787181540,-0.000195648,-5.33547e-05,0.000102255,-0.000693833,0.00212588,0.489372,0.000164383,0.000151557,0.0442046,-0.00234327,-0.0015799,-0.000761265,-0.000351594,-2.85638e-05,0.000256302,0.000904161,0.00203151,0.00285298,8.21999e-05,0.000165429,0.00015286,0.000171619,0.000156971,0.000197353,0.000197148,0.000184916,-0.00109334,0.00103506,0,-0.00131452,0.00108539,0,0.475843,-0.00293495,-0.00104973,0.000980639,0.00307664,1787181300
1787181600,-0.000573824,3.11283e-05,0.000346804,-0.00107675,0.00210469,0.48376,0.000204074,0.000187353,0.0440174,-0.00215346,-0.00143053,-0.000668063,-0.00031348,-4.1578e-05,0.000222897,0.000825787,0.00188199,0.00265544,0.000177527,0.000213729,0.000199026,0.000207501,0.000183395,0.000179322,0.000219521,0.000222486,-0.000982985,0.000856098,0,-0.00116218,0.000831341,0,0.474733,-0.00266255,-0.00091033,0.00087963,0.00285523,1787181600
1787181660,0.000275833,-0.000133495,0.000275833,-0.000885848,0.00208512,0.47813,0.000152821,0.0001515,0.0447234,-0.00208718,-0.00137331,-0.00065025,-0.000328734,-5.42827e-05,0.000202264,0.000789634,0.00182507,0.00256614,9.31586e-05,0.000165519,0.000143986,0.000170006,0.000182568,8.16927e-05,0.000182225,0.000168947,-0.000945306,0.000862337,0,-0.00118917,0.000917446,0,0.475701,-0.00268839,-0.000930296,0.000908362,0.0028415,1787181600
1787181720,-0.00030698,1.33448e-05,0.000169021,-0.000627407,0.00206453,0.486559,0.000153598,0.000136417,0.0518785,-0.00196005,-0.00127549,-0.000591126,-0.000282761,-3.23954e-05,0.000217007,0.000777621,0.00175695,0.00245798,0.000103389,0.000165857,0.000143937,0.000163615,0.00015777,8.74767e-05,0.000183945,0.000178285,-0.000901735,0.000881619,0,-0.00107725,0.000868195,0,0.484369,-0.00241649,-0.000800573,0.000846432,0.0026302,1787181600
1787181780,-0.000649862,0,0.000204664,-0.000868061,0.00204424,0.477348,0.000201528,0.000192968,0.0606977,-0.00184703,-0.00118868,-0.000554981,-0.000294566,-4.91302e-05,0.000175937,0.000686197,0.00161807,0.002293,0.000198555,0.000221209,0.000195838,0.000212898,0.000192899,0.000212815,0.000219047,0.000224336,-0.000815968,0.000724362,0,-0.000837372,0.000613207,0,0.483487,-0.00194975,-0.000615445,0.000595634,0.00210067,1787181600
1787181840,-3.11684e-05,-4.45257e-06,0.000658762,-0.000124679,0.00202578,0.471541,0.000120787,0.000109077,0.0686363,-0.00180212,-0.00115172,-0.000558386,-0.000304589,-6.11055e-05,0.000161709,0.000663709,0.00157505,0.00223805,6.11063e-05,0.000145668,0.000110479,0.000138958,0.000151042,3.83935e-05,0.000152309,0.000152307,-0.00080007,0.000743503,1.23457e-05,-0.000851944,0.00065686,0,0.483954,-0.00199519,-0.000637643,0.000621351,0.00213729,1787181600
1787181900,-0.000262744,0,0.000146928,-0.000721597,0.00200543,0.470523,0.000128456,0.000111209,0.0905559,-0.0017003,-0.00107333,-0.000529094,-0.000286001,-5.26363e-05,0.000133955,0.00060448,0.00146968,0.00210274,9.33092e-05,0.00015628,0.000122845,0.000149073,0.00014817,7.6167e-05,0.000156161,0.000164781,-0.000740382,0.000736011,8.45366e-05,-0.000810217,0.000639425,1.94938e-05,0.482493,-0.00189199,-0.000614699,0.000564245,0.00204025,1787181900
1787181960,0.00148649,6.23522e-05,0.00152651,-0.000115807,0.00198562,0.468826,0.000430289,0.000433334,0.121638,-0.00162039,-0.001022,-0.000481311,-0.000253522,-5.66037e-05,0.000132909,0.000611098,0.0014449,0.00205053,0.00049447,0.000423918,0.000443359,0.000423906,0.000457564,0.000632009,0.000428334,0.000420066,-0.000715241,0.000793118,0.000106707,-0.00079853,0.000647498,0,0.492029,-0.00184753,-0.000562761,0.00060812,0.00207249,1787181900
1787182020,0.00211022,4.00245e-05,0.00226553,1.33417e-05,0.00197687,0.477584,0.000662599,0.000660754,0.0916977,-0.00169429,-0.0010881,-0.000519998,-0.000253489,-4.4608e-05,0.000162304,0.00066842,0.00155026,0.0021548,0.000787551,0.000624437,0.000695771,0.000632021,0.000684734,0.000619803,0.000617386,0.000634381,-0.000778038,0.000820413,2.78819e-05,-0.000984178,0.00085838,0,0.48975,-0.00220239,-0.000754783,0.00076259,0.00239537,1787181900
1787182080,0.000142002,0,0.000439253,-0.000270747,0.00197963,0.484,0.000141198,0.000131167,0.0709822,-0.0019738,-0.00130559,-0.000625314,-0.000288905,-3.91809e-05,0.000213608,0.000798558,0.00179556,0.00248276,7.13068e-05,0.000149162,0.000127065,0.00015281,0.000158308,0.000253473,0.000183802,0.000166425,-0.000934001,0.00103185,2.25774e-05,-0.00116749,0.00112089,0,0.486052,-0.00258372,-0.000929873,0.000900152,0.00284166,1787181900
1787182140,-0.00110993,-1.77491e-05,8.43041e-05,-0.00183426,0.00195983,0.482246,0.000322163,0.000323405,0.0757181,-0.00180623,-0.00116166,-0.000548624,-0.000260973,-3.42529e-05,0.000167967,0.000689527,0.00161875,0.00226162,0.000370102,0.000328063,0.000323693,0.000326153,0.000293792,0.000358145,0.000318165,0.000317474,-0.000812182,0.000780876,3.42813e-06,-0.000987537,0.000756444,0,0.481758,-0.00230319,-0.00079494,0.000725306,0.00249855,1787181900
1787182200,6.21885e-05,-8.88439e-06,0.000386394,-0.000186589,0.00194648,0.4797,0.000132198,0.000121708,0.0572614,-0.00188212,-0.00124309,-0.000622454,-0.000300145,-4.48579e-05,0.000183907,0.000742986,0.00171126,0.00234662,6.27413e-05,0.00014162,0.000115115,0.000175185,0.000152405,0.00022999,0.00018713,0.00015072,-0.000891624,0.000985938,0.000260784,-0.0011619,0.0010323,0.000193788,0.481088,-0.00254114,-0.000918597,0.000888036,0.00273698,1787182200
1787182260,-0.00192964,-0.000119938,-0.000119938,-0.00212103,0.00192693,0.478493,0.000601607,0.000674138,0.0591447,-0.00167535,-0.00104449,-0.000510302,-0.000247626,-3.31004e-05,0.000131336,0.000623051,0.00150331,0.00209386,0.000765445,0.000584516,0.000636211,0.00058778,0.000530612,0.000667798,0.000546728,0.000578711,-0.000739714,0.00063546,0,-0.00093547,0.000648962,0,0.482523,-0.00216588,-0.00072622,0.000694858,0.00229936,1787182200
1787182320,-0.000129072,-4.45049e-06,0.00071627,-0.000391719,0.00192699,0.479712,0.000134694,0.000119728,0.0416162,-0.00195436,-0.00126421,-0.000611935,-0.000291268,-3.94789e-05,0.000162821,0.000733409,0.00171825,0.00237632,7.16197e-05,0.000144297,0.000124492,0.000153065,0.00014489,0.000252754,0.000166856,0.000143495,-0.000879748,0.000833152,0,-0.00109796,0.000914821,0,0.488545,-0.00248369,-0.000842297,0.000873807,0.00262227,1787182200
1787182380,0.000209178,0,0.000520638,-0.000596619,0.00190771,0.4699,0.000129134,0.000127033,0.0434266,-0.00179607,-0.00113987,-0.000559857,-0.000269922,-5.213e-05,0.000128689,0.00064964,0.00157186,0.00218725,8.27294e-05,0.000146657,0.000122035,0.000151921,0.000161902,0.000125159,0.000150353,0.00014558,-0.000789304,0.000675182,3.87944e-06,-0.000935068,0.000719501,0,0.485115,-0.00213119,-0.000717169,0.000717111,0.00225662,1787182200
1787182440,-0.000859242,-2.22509e-05,-2.22509e-05,-0.000859242,0.00188877,0.480945,0.000254571,0.000252619,0.0471429,-0.00172617,-0.00109268,-0.000526641,-0.000239733,-3.31061e-05,0.000149559,0.000656782,0.0015423,0.00214025,0.000271659,0.000257178,0.000252816,0.000257432,0.000227449,0.0003005,0.000262962,0.000258337,-0.000773861,0.000797745,3.17256e-05,-0.000938102,0.000750746,0,0.496839,-0.00210727,-0.000693319,0.000757193,0.00228798,1787182200
1787182500,0.000636712,-5.34488e-05,0.000805839,-0.0001559,0.00187373,0.466376,0.000191728,0.000198121,0.0485144,-0.00167187,-0.00104919,-0.000518665,-0.000252096,-5.141e-05,0.000108983,0.000577303,0.00144024,0.00201857,0.000187792,0.000208699,0.000185125,0.000200349,0.000230851,0.000193616,0.000215246,0.000197089,-0.000714753,0.00051882,0,-0.000853026,0.00053385,0,0.485676,-0.00201203,-0.000668372,0.000644058,0.00207248,1787182500
1787182560,0.00144557,4.4511e-06,0.00144557,-8.90226e-06,0.00185708,0.47907,0.000417174,0.000415792,0.051909,-0.00161838,-0.00101541,-0.000505486,-0.000228483,-3.40205e-05,0.000136816,0.000611185,0.00143754,0.00199354,0.000477107,0.00041191,0.000425202,0.000412357,0.000438567,0.000556497,0.000416767,0.000412521,-0.000728318,0.000675588,0,-0.000889431,0.000667951,0,0.494822,-0.00200478,-0.00066926,0.000695165,0.00212738,1787182500
1787182620,-0.000689163,-5.33376e-05,-5.33376e-05,-0.000956063,0.00184975,0.486895,0.000206344,0.000206159,0.0494648,-0.00169563,-0.00107495,-0.000530899,-0.000227756,-2.21792e-05,0.000160575,0.000661487,0.0015219,0.00208747,0.000209682,0.00021591,0.000205651,0.000209955,0.000203086,0.000316203,0.000227053,0.000218035,-0.000778555,0.000688737,0,-0.000909999,0.000730664,0,0.491223,-0.00203455,-0.000707396,0.000698474,0.00218099,1787182500
1787182680,0.000893598,0,0.00114686,-5.33744e-05,0.00183375,0.473587,0.000261523,0.000264559,0.0499789,-0.00163059,-0.00101981,-0.000518278,-0.000245437,-4.35951e-05,0.000128793,0.00060374,0.00144296,0.00199543,0.000261877,0.000258439,0.000256267,0.000258361,0.000280894,0.0003193,0.000278038,0.000275596,-0.000730824,0.000565768,0,-0.000853835,0.000584183,0,0.482191,-0.00201153,-0.000675441,0.000640092,0.00212224,1787182500
1787182740,-0.000239993,0,0.000861721,-0.000253327,0.00181971,0.482956,0.000122568,0.000109062,0.0540852,-0.00161553,-0.00101645,-0.000515005,-0.000229707,-2.87597e-05,0.000149677,0.000631979,0.00144926,0.00199611,9.02836e-05,0.000140598,0.000116367,0.000137094,0.000145829,0.00023035,0.000147998,0.000140554,-0.000747019,0.000665095,0,-0.00090559,0.00073031,0,0.488242,-0.0020538,-0.000704557,0.000697131,0.00221483,1787182500
1787182800,0.00103511,-1.77795e-05,0.00122602,-0.000173364,0.00180174,0.471436,0.000302205,0.000304007,0.0576821,-0.00156283,-0.000968508,-0.000501981,-0.000249682,-4.61539e-05,0.000122636,0.000578899,0.00137088,0.00191026,0.000316669,0.000297335,0.000294954,0.000298202,0.000313223,0.000324221,0.000328821,0.000312566,-0.000703128,0.000699412,0.000129719,-0.000872411,0.000701904,4.55824e-05,0.478422,-0.00206023,-0.00071615,0.000647644,0.00219683,1787182800
1787182860,0.000435049,0,0.000439487,-0.000621827,0.00178963,0.484687,0.000154592,0.000152067,0.0615092,-0.00157963,-0.000993236,-0.000494659,-0.000227622,-2.72179e-05,0.000159529,0.000650751,0.00143554,0.00197753,0.000131923,0.000169221,0.000144832,0.000174781,0.000178126,0.000244481,0.000189458,0.000168168,-0.00074527,0.000824238,7.30542e-05,-0.000932067,0.000822376,0,0.485621,-0.00213109,-0.000730675,0.000723372,0.00230882,1787182800
1787182920,0.00211484,0,0.00211926,-2.66302e-05,0.00177271,0.488571,0.000720695,0.000710079,0.0700459,-0.00145745,-0.000895144,-0.000442639,-0.000204639,-1.81725e-05,0.000153703,0.000592374,0.00133954,0.00183995,0.000783671,0.000649077,0.000744974,0.000640818,0.000680629,0.000686833,0.000650939,0.000688532,-0.000674269,0.000665384,7.43121e-05,-0.000834491,0.000659297,0,0.485376,-0.00191655,-0.000637033,0.000629946,0.00204851,1787182800
1787182980,0.000849994,0,0.00115971,-0.00154246,0.0017802,0.49531,0.000245373,0.000240507,0.0675041,-0.0017721,-0.00113921,-0.000559455,-0.000238835,-9.24042e-06,0.000208843,0.000734944,0.00162147,0.00222796,0.000247491,0.000245742,0.000244789,0.000246778,0.000242728,0.000344022,0.000259162,0.00024879,-0.000846894,0.000833175,0,-0.00102126,0.000927445,0,0.480913,-0.00228274,-0.000819802,0.000764106,0.00244458,1787182800
1787183040,-0.00150569,2.21256e-05,2.21256e-05,-0.0015899,0.0017664,0.497538,0.000433267,0.000479127,0.0710536,-0.00178462,-0.00114807,-0.000569996,-0.000247566,-5.22404e-06,0.000230545,0.000772609,0.00165881,0.00227296,0.0005522,0.000436072,0.000451531,0.000442459,0.000430007,0.000455656,0.000438595,0.000403165,-0.000876927,0.00106721,0.000174736,-0.00105911,0.00108931,0.00010167,0.481561,-0.00235478,-0.000831966,0.000800032,0.0025625,1787182800
1787183100,-0.00134375,0,0,-0.00142363,0.00176157,0.491867,0.000384169,0.000400187,0.0501665,-0.00185,-0.00123129,-0.000617191,-0.000272943,-1.72886e-05,0.000213066,0.000748104,0.00164379,0.00225792,0.000470616,0.000391135,0.000388716,0.000395161,0.000370225,0.000426295,0.000369029,0.000368745,-0.000893296,0.000849201,0.000137572,-0.00103365,0.000846624,0.000136267,0.475352,-0.00236166,-0.000851942,0.00074544,0.00240754,1787183100
1787183160,0.000190807,1.7751e-05,0.000323907,-0.000173089,0.00175418,0.488582,0.000131556,0.000123916,0.0438628,-0.00184192,-0.00120979,-0.000591959,-0.00026892,-2.39616e-05,0.000197483,0.00073498,0.00163761,0.00225453,8.07711e-05,0.000135116,0.000124464,0.000148473,0.0001509,0.000256001,0.000155465,0.000134048,-0.000868975,0.000706167,0,-0.000949848,0.000726187,0,0.484537,-0.00221774,-0.00073344,0.000732852,0.00228825,1787183100
1787183220,0.00028836,-8.43056e-05,0.000545596,-0.000119805,0.00173676,0.494908,0.000135586,0.000132036,0.0433913,-0.00171449,-0.00111564,-0.000542227,-0.000235248,-7.17813e-06,0.000184026,0.000699504,0.00154583,0.00212407,9.70287e-05,0.00014323,0.000130597,0.000148716,0.000155579,0.00014232,0.000152641,0.000141649,-0.000812565,0.000704131,0,-0.000856464,0.000587239,0,0.4896,-0.00201319,-0.000642899,0.000650377,0.00208086,1787183100
1787183280,-0.000505794,-1.77428e-05,-1.77428e-05,-0.00118947,0.00171979,0.497768,0.000167662,0.000158566,0.0447146,-0.00163437,-0.00106231,-0.000525591,-0.000225458,-9.72375e-07,0.000183232,0.000653044,0.0014703,0.0020246,0.00015963,0.000178331,0.000162813,0.000183514,0.000176923,0.000144542,0.000185315,0.000176265,-0.000771619,0.000718388,0,-0.00081261,0.000595696,0,0.489864,-0.00192165,-0.000632524,0.000591715,0.00196702,1787183100
1787183340,-0.00250167,-2.66278e-05,7.10041e-05,-0.00296003,0.00170401,0.492701,0.000916028,0.000982144,0.0465232,-0.00155414,-0.00100168,-0.000482954,-0.000227518,-1.06611e-05,0.000169199,0.000628503,0.00141376,0.0019516,0.00104637,0.000875302,0.00094805,0.000848346,0.000830861,0.0011319,0.000800157,0.000857367,-0.000728195,0.000682713,4.5624e-05,-0.000842056,0.000653653,0,0.488708,-0.00195537,-0.000634006,0.000651278,0.00206894,1787183100
1787183400,0.000444804,-8.8981e-06,0.000707146,-0.000173527,0.00172358,0.490382,0.000175375,0.000173077,0.0440423,-0.00201646,-0.0013401,-0.0006485,-0.000301086,-2.12972e-05,0.000216997,0.000786578,0.00175555,0.00240882,0.00013571,0.000170212,0.000168612,0.000195312,0.000192874,0.00027649,0.000196941,0.000175208,-0.000941485,0.000862739,0,-0.000997647,0.000901642,0,0.491337,-0.00223801,-0.000743987,0.000798851,0.00232495,1787183400
1787183460,0.00085347,-4.89188e-05,0.00085347,-4.89188e-05,0.00170742,0.493944,0.00024823,0.00024658,0.0421796,-0.0018704,-0.00123935,-0.000590845,-0.000263823,-1.09689e-05,0.000204755,0.000724227,0.0016312,0.00224537,0.00024912,0.000246482,0.000246512,0.000247854,0.000265854,0.000300131,0.000253738,0.000241602,-0.000864375,0.000686745,0,-0.000858246,0.000651963,0,0.491256,-0.00197797,-0.000636239,0.000678487,0.00208197,1787183400
1787183520,-0.00144065,5.33177e-05,0.000284328,-0.0014451,0.00169456,0.501062,0.000417206,0.000445382,0.04143,-0.001826,-0.00121605,-0.000569312,-0.000240347,4.69704e-06,0.000218017,0.000726592,0.00159398,0.00219773,0.000511094,0.000417349,0.000416869,0.000417218,0.000386257,0.000458041,0.000422843,0.000422801,0.000854563,0,0.000681951,-0.000871632,0.000660996,0,0.495449,-0.00201454,-0.000666265,0.000673386,0.00207521,1787183400
1787183580,0.00144954,-5.33974e-05,0.00155173,-0.000525198,0.00168986,0.490601,0.000418102,0.000416018,0.0416547,-0.00187101,-0.00125884,-0.000612975,-0.000283968,-1.8228e-05,0.000197695,0.000703934,0.00160404,0.00222187,0.000476598,0.000411962,0.000412094,0.000414036,0.00043309,0.000443854,0.000438216,0.000431754,-0.000863156,0.000617556,0,-0.000915381,0.000667364,0,0.481305,-0.00211915,-0.000728625,0.000695562,0.00216717,1787183400
1787183640,-0.000577785,-2.22163e-05,0.000359836,-0.000808993,0.00168539,0.497778,0.00019435,0.000185867,0.0399638,-0.00193581,-0.00131879,-0.000634086,-0.000274673,-3.79923e-06,0.000240266,0.000799024,0.00171826,0.00235896,0.000179816,0.000190711,0.000188536,0.000213003,0.00018559,0.000298626,0.000214669,0.000197604,-0.000942381,0.000855081,0,-0.00100077,0.000886893,0,0.489751,-0.00220449,-0.000755485,0.000802495,0.00239738,1787183400
1787183700,0.00131065,-1.77833e-05,0.00131065,-0.000280124,0.00167045,0.490557,0.000378944,0.000375789,0.0398957,-0.00183537,-0.00123067,-0.000594426,-0.000282648,-1.8586e-05,0.000198588,0.000703986,0.00157124,0.00219413,0.000421812,0.000373159,0.000373233,0.000374531,0.000390434,0.000423526,0.000396591,0.000396071,-0.00085213,0.000641354,0,-0.000842087,0.00063316,0,0.483639,-0.00197606,-0.000665629,0.000643749,0.00210553,1787183700
1787183760,0.000315188,-2.22001e-05,0.000918651,-2.22001e-05,0.00166402,0.49775,0.00014628,0.000141436,0.0403986,-0.00184349,-0.00124911,-0.000590649,-0.000263216,-3.47799e-06,0.000228419,0.000760087,0.00162614,0.00225575,0.000101759,0.000145519,0.000141272,0.000159536,0.000162465,0.00026223,0.000163033,0.000147485,-0.000889712,0.000718528,0,-0.000912227,0.000765472,0,0.486566,-0.00204963,-0.000701511,0.000709448,0.00222731,1787183700
1787183820,0.000275153,-1.33158e-05,0.000323963,-0.000634916,0.0016479,0.497625,0.000136996,0.000130515,0.0429253,-0.0017784,-0.0011952,-0.000574107,-0.000261114,-2.72146e-06,0.000215916,0.000696978,0.00152554,0.00213759,9.48949e-05,0.000137503,0.000129707,0.000150686,0.000153016,0.000151669,0.000162092,0.000150334,-0.000836352,0.000709622,0,-0.000847299,0.000680926,0,0.481,-0.00200269,-0.000688709,0.000621208,0.0021113,1787183700
1787183880,-0.000954484,0,0,-0.00101223,0.0016318,0.504403,0.00027969,0.000286108,0.047126,-0.00167104,-0.00111879,-0.000519398,-0.000230837,1.16262e-05,0.00022833,0.000690662,0.00148384,0.00206372,0.000307522,0.000281676,0.000279385,0.000283692,0.000259749,0.000331961,0.000283309,0.00027338,0.00080091,0,0.000812357,-0.000816271,0.000678009,0,0.48691,-0.00189189,-0.000611284,0.00063453,0.0020771,1787183700
1787183940,0.000106592,0,0.000470697,0,0.00162103,0.498096,0.000114109,0.00010649,0.0449831,-0.00166618,-0.00109908,-0.00052582,-0.000244684,-8.2828e-07,0.000198847,0.000638519,0.00142733,0.00200513,6.70529e-05,0.000121539,0.00010768,0.000128131,0.000141665,0.000115031,0.000136336,0.000123942,-0.000766482,0.000559697,0,-0.000761783,0.000560399,0,0.483045,-0.00184358,-0.000593215,0.000571111,0.00192436,1787183700
