ts,y,ao,ah,al,sigma,p_up,loss_ens,loss_cal,cp_prob,cal_05,cal_10,cal_25,cal_40,cal_50,cal_60,cal_75,cal_90,cal_95,loss_empirical,loss_ewma,loss_garch,loss_har,loss_bocpd,loss_hmm,loss_online_qr,loss_lgbm,t_b,t_u,t_d,g_b,g_u,g_d,g_p,g_05,g_25,g_75,g_95,g_eff,g2_b,g2_u,g2_d,c2_in,g3_b,g3_u,g3_d,c3_in,g4_b,g4_u,g4_d,c4_in,g5_b,g5_u,g5_d,c5_in
1788393600,-0.00012967,-8.36533e-06,0.000146382,-0.000284461,0.000399957,0.49645,5.4076e-05,5.58313e-05,0.0377615,-0.000770166,-0.000593732,-0.000313233,-0.000119879,-3.00744e-06,9.47409e-05,0.000285966,0.000569481,0.00077763,6.39786e-05,4.92167e-05,5.26119e-05,5.87101e-05,5.50087e-05,6.00045e-05,5.75061e-05,5.34213e-05,-0.000362613,0.000408228,7.96704e-05,-0.000350987,0.000412099,0.000111208,0.483242,-0.000731178,-0.000301229,0.000269542,0.000761136,1788393600,-0.000242562,0.000215691,0,1,-0.000275599,0.000230646,0,1,-0.000274448,0.000220825,0,1,-0.000301568,0.000253081,0,1
1788393660,0.000698349,-2.50995e-05,0.000836288,-0.000179893,0.000396361,0.506749,0.000227293,0.00022462,0.0367747,-0.000618931,-0.000464464,-0.000231902,-8.59338e-05,6.30089e-06,8.1385e-05,0.000239217,0.000484448,0.000656143,0.000201942,0.000232928,0.000224021,0.000243776,0.000216953,0.000207029,0.000234071,0.00021792,0.000283512,0,0.00028622,-0.00026052,0.000235385,1.50909e-05,0.490718,-0.00056095,-0.000217668,0.000214978,0.000616841,1788393600,-0.000377598,0.00037477,0,1,-0.000243113,0.000187345,0,1,-0.000265263,0.000212438,0,1,-0.000273693,0.000224928,0,1
1788393720,0.000735457,-5.4345e-05,0.000948471,-0.00018813,0.000404616,0.499105,0.00023027,0.000226768,0.0395103,-0.00071983,-0.000556079,-0.000293196,-0.000113138,-1.24057e-07,9.31069e-05,0.000275716,0.000578444,0.000796913,0.000212813,0.000247462,0.000229191,0.000236863,0.000227474,0.000215745,0.000233425,0.000227629,-0.000344012,0.000350465,2.46694e-05,-0.000321307,0.000319032,4.67013e-05,0.485032,-0.000670538,-0.000276203,0.000255884,0.000748681,1788393600,-0.000251419,0.000232883,1.8015e-05,0,-0.000375036,0.000278446,0,1,-0.000240036,0.000178079,0,1,-0.000252689,0.000198213,0,1
1788393780,-0.000167102,-7.51924e-05,2.08858e-05,-0.000526465,0.000413833,0.498576,6.37995e-05,6.60709e-05,0.0520972,-0.000813215,-0.000636801,-0.000341519,-0.000133632,-1.10014e-06,0.00011291,0.000315873,0.000653066,0.000911111,6.91081e-05,5.70449e-05,6.48677e-05,6.19734e-05,6.69213e-05,6.87136e-05,6.59217e-05,6.71991e-05,-0.000398086,0.000461996,3.89386e-05,-0.000354148,0.00038925,4.62129e-05,0.489436,-0.000745829,-0.000298731,0.00028788,0.00084634,1788393600,-0.000314754,0.000279675,3.53393e-05,1,-0.00024919,0.000200395,0,0,-0.000365404,0.000248859,0,1,-0.000230239,0.000179973,0,1
1788393840,-0.000154594,-0.000133702,0.000363411,-0.000392799,0.000410355,0.503723,5.82226e-05,6.00556e-05,0.0444119,-0.000717769,-0.000544522,-0.00027625,-0.000111413,4.55748e-06,0.00010398,0.000289132,0.00059753,0.000802943,6.6977e-05,5.45803e-05,6.09322e-05,5.66618e-05,6.30071e-05,6.56311e-05,5.64432e-05,5.83912e-05,0.000340646,1.14249e-05,0.000372049,-0.000317341,0.000282611,1.50917e-05,0.488545,-0.000673905,-0.000268614,0.000258179,0.000748607,1788393600,-0.000351582,0.000336018,0,1,-0.000298996,0.000261774,0,1,-0.000252347,0.000203302,0,1,-0.000303197,0.000218488,2.86762e-05,1
1788393900,-0.000183873,-7.52166e-05,6.26761e-05,-0.000443023,0.000406818,0.509523,6.48602e-05,6.62615e-05,0.0402581,-0.000718478,-0.000535061,-0.000277371,-0.000104255,1.08017e-05,0.000110649,0.000298668,0.000595885,0.000808171,7.17739e-05,5.90825e-05,6.40812e-05,6.46378e-05,6.63707e-05,6.96528e-05,6.64214e-05,6.46424e-05,0.000347621,7.03061e-05,0.000387287,-0.000328799,0.000367275,1.30692e-05,0.496504,-0.000697078,-0.000272389,0.000274981,0.000775651,1788393900,-0.000314865,0.000303441,2.52842e-06,1,-0.000333455,0.000298836,0,1,-0.000300564,0.000255936,0,1,-0.000262281,0.000207489,0,1
1788393960,-0.00104537,-2.92556e-05,-2.92556e-05,-0.00108721,0.000403568,0.503218,0.000388763,0.000393058,0.0385299,-0.000686638,-0.000513544,-0.000258527,-0.000103163,3.7357e-06,9.57839e-05,0.000278446,0.000563687,0.000749431,0.000344775,0.000398277,0.000380982,0.000384079,0.000401771,0.000364685,0.000387344,0.000400849,0.00032416,2.90599e-05,0.000386929,-0.000307191,0.000275564,1.75462e-05,0.490334,-0.000662291,-0.000257705,0.000253199,0.000713096,1788393900,-0.000324981,0.000320858,9.63612e-06,0,-0.000326585,0.000273532,0,0,-0.000336905,0.000295711,0,1,-0.000315959,0.000254428,0,1
1788394020,-0.000581701,-2.09186e-05,0.000192431,-0.000598445,0.000425989,0.504686,0.000164116,0.000165604,0.0828717,-0.000790203,-0.000580705,-0.000292923,-0.000110876,5.598e-06,0.00010669,0.000306084,0.000611159,0.000814273,0.000161043,0.000169302,0.000162533,0.000165275,0.000164531,0.000164486,0.000165508,0.000170043,0.000360837,4.44318e-05,0.000445183,-0.000361698,0.000336609,2.7021e-05,0.493773,-0.000784481,-0.000300715,0.000295986,0.000796076,1788393900,-0.00030365,0.000270714,7.03603e-06,0,-0.000312614,0.000254889,0,0,-0.000322439,0.000242702,0,0,-0.000348076,0.000273385,0,0
1788394080,-0.000456391,-4.18612e-06,8.37219e-06,-0.000456391,0.000429656,0.508205,0.000130786,0.000131545,0.102205,-0.000794861,-0.000592366,-0.000292668,-0.000112269,9.88116e-06,0.000112038,0.000311242,0.000622966,0.000818956,0.000125985,0.000127199,0.000127682,0.000127514,0.000124511,0.000129563,0.00013364,0.000135824,0.00036459,2.50911e-05,0.00043389,-0.000353047,0.000348659,2.56874e-05,0.499702,-0.000779633,-0.000288107,0.000301077,0.000802365,1788393900,-0.00032848,0.000306215,3.89052e-05,1,-0.000289322,0.000222776,6.60977e-07,0,-0.000307378,0.000245614,1.80076e-06,0,-0.000302056,0.000238028,0,0
1788394140,0.000255437,7.95693e-05,0.000255437,-0.000301583,0.000430207,0.501961,7.69564e-05,7.73962e-05,0.109927,-0.000749498,-0.000563831,-0.000277155,-0.00010988,2.62882e-06,0.000100177,0.000285872,0.000578199,0.000768888,8.83812e-05,7.6152e-05,8.58897e-05,7.49215e-05,8.01832e-05,8.34336e-05,7.85793e-05,7.35734e-05,0.000338934,0,0.000396466,-0.000331448,0.00026623,1.90035e-05,0.491341,-0.0007537,-0.000276614,0.000275472,0.000749693,1788393900,-0.000316653,0.000283418,3.9944e-05,1,-0.000325202,0.00024024,1.25894e-05,1,-0.000295626,0.000219733,0,0,-0.00030833,0.000241832,9.7246e-06,0
1788394200,-0.000133992,-4.18696e-06,0,-0.000326636,0.000427413,0.502717,5.65878e-05,5.70627e-05,0.0815074,-0.000734925,-0.000560409,-0.000280702,-0.00011031,3.28348e-06,0.000107209,0.00029603,0.000583753,0.000777834,6.42364e-05,5.28265e-05,6.08821e-05,5.13967e-05,5.33114e-05,6.22488e-05,5.62018e-05,5.96555e-05,0.000347824,0,0.000427524,-0.000350367,0.00030182,4.00362e-05,0.493642,-0.000760736,-0.000289942,0.000293408,0.00079907,1788394200,-0.000292643,0.000250255,1.9349e-05,1,-0.000311702,0.000230662,0,1,-0.000310807,0.00022758,1.57482e-05,1,-0.00030552,0.000243755,0,0
1788394260,0.000485634,4.18751e-06,0.000820417,-0.000175891,0.000423541,0.498547,0.000139036,0.000138486,0.0696307,-0.000708383,-0.000540806,-0.000263186,-0.000113351,-8.60956e-07,9.61184e-05,0.000268435,0.000539179,0.000725954,0.000143197,0.000139918,0.000140469,0.000145528,0.000140418,0.000137521,0.000141635,0.000134957,-0.00031971,0.000265893,6.64873e-05,-0.000323773,0.000245341,1.48074e-05,0.490259,-0.000725077,-0.00027227,0.000267261,0.00073951,1788394200,-0.000321346,0.000270314,4.22457e-05,1,-0.000289691,0.00020998,0,1,-0.000309086,0.000244206,0,1,-0.000315172,0.00024614,0,1
1788394320,-0.000322334,3.76686e-05,4.60393e-05,-0.000485634,0.000424872,0.500159,9.14401e-05,9.21058e-05,0.0577246,-0.000778249,-0.000599706,-0.000304975,-0.000124006,5.1946e-07,0.000115685,0.000314088,0.000610136,0.000825974,9.49337e-05,9.00005e-05,9.03801e-05,9.03493e-05,8.93387e-05,9.32416e-05,9.49782e-05,9.27351e-05,0.000372506,6.68761e-05,0.000452049,-0.000360999,0.000416339,3.18002e-05,0.495043,-0.000773686,-0.000302922,0.000300176,0.000833422,1788394200,-0.000306675,0.00026205,0,1,-0.000334961,0.000275621,0,1,-0.00029499,0.000235027,0,1,-0.000329785,0.000251997,0,1
1788394380,-3.76822e-05,2.93074e-05,0.00028885,-0.000125613,0.000423065,0.495737,4.67196e-05,4.76785e-05,0.0549766,-0.000725145,-0.000550941,-0.000278045,-0.000119317,-4.03301e-06,9.81202e-05,0.000285106,0.000557129,0.000749105,5.90286e-05,4.33053e-05,5.07616e-05,4.15785e-05,4.57665e-05,5.49262e-05,4.98379e-05,4.42452e-05,-0.000338682,0.000322062,5.25313e-05,-0.000315466,0.000276129,1.80768e-05,0.486678,-0.000699714,-0.000270932,0.000256097,0.000715238,1788394200,-0.000369313,0.000338919,4.03897e-06,1,-0.000326847,0.000252813,0,1,-0.000352217,0.00027196,0,1,0.00031915,0,0.000248324,1
1788394440,-0.000695282,-7.53687e-05,-5.02452e-05,-0.000695282,0.000418847,0.497873,0.000215664,0.000217302,0.0497193,-0.000673339,-0.000513662,-0.0002655,-0.000109677,-1.68925e-06,9.5317e-05,0.00027187,0.000529253,0.000713458,0.000194378,0.000215993,0.000207168,0.000218775,0.000210624,0.000203757,0.000219397,0.000230163,-0.000323067,0.000323872,3.01978e-05,-0.000292532,0.000275699,0,0.486803,-0.000632296,-0.000253504,0.00023299,0.000654349,1788394200,-0.000322485,0.000293231,0,1,-0.000360998,0.000309672,0,1,0.000338885,0,0.00024923,1,0.000360866,0,0.000275401,1
1788394500,-0.000788012,4.18989e-06,4.18989e-06,-0.000788012,0.000426136,0.497195,0.000242623,0.000242326,0.0590937,-0.000782808,-0.000594434,-0.000305643,-0.00012028,-2.97823e-06,0.000109199,0.000300998,0.000587575,0.000774759,0.000230007,0.000258649,0.000237625,0.000252187,0.000249609,0.00023599,0.000234481,0.000251529,-0.000364582,0.000365084,7.98979e-05,-0.000356982,0.000328138,4.15904e-05,0.488082,-0.000777813,-0.000307271,0.000283228,0.000749681,1788394500,-0.000321702,0.000283195,0,0,-0.000321491,0.000253526,0,0,0.000363194,0,0.000298079,0,0.00033503,0,0.00025406,1
1788394560,0.000310249,3.35451e-05,0.000310249,-7.96741e-05,0.000436325,0.503325,8.7864e-05,8.85331e-05,0.0836664,-0.000784572,-0.000588442,-0.000293846,-0.000113168,4.06128e-06,0.000111056,0.000301181,0.000594566,0.000789337,9.80707e-05,9.14638e-05,9.46833e-05,9.05615e-05,9.77571e-05,9.27989e-05,8.51982e-05,8.3324e-05,0.000357965,2.7564e-06,0.000410199,-0.000357292,0.000336246,1.65157e-05,0.492516,-0.000779664,-0.000297194,0.000295227,0.00077719,1788394500,0.000346986,0,0.000371302,1,-0.000318507,0.000243809,0,1,0.000323612,0,0.00026873,1,-0.000374307,0.000296479,0,1
1788394620,-0.00016769,0,7.12599e-05,-0.000306056,0.000434162,0.50052,6.065e-05,6.05101e-05,0.0574949,-0.000710559,-0.000541399,-0.000267505,-0.000105569,9.01036e-07,9.84308e-05,0.000280662,0.000537616,0.000722062,6.83477e-05,5.91041e-05,6.64473e-05,5.21373e-05,5.74252e-05,6.81643e-05,6.02741e-05,6.38955e-05,0.000330486,0,0.000369556,-0.000327649,0.000283467,0,0.49391,-0.00072561,-0.00027341,0.000274177,0.00073163,1788394500,-0.000346869,0.000301568,2.05777e-05,1,-0.000360538,0.000268861,0,1,-0.000311888,0.000245905,0,1,-0.000327397,0.000259882,0,1
1788394680,2.93478e-05,0,0.000268291,-0.000478072,0.000430453,0.490032,4.48825e-05,4.56429e-05,0.0446958,-0.000703402,-0.000538033,-0.000271203,-0.000121388,-9.28768e-06,8.56062e-05,0.000263161,0.000512278,0.000697574,5.95469e-05,4.46641e-05,5.2651e-05,3.63342e-05,4.78146e-05,5.4695e-05,4.57773e-05,4.2665e-05,-0.00032182,0.000241605,5.2057e-05,-0.000327467,0.000251824,2.51259e-05,0.485505,-0.000728447,-0.000283067,0.000260105,0.000709257,1788394500,-0.000328967,0.000250653,3.13645e-06,1,-0.000338333,0.000244421,0,1,-0.000324201,0.000247235,0,1,-0.000306955,0.000238141,0,1
1788394740,0.000167685,4.19248e-06,0.00032696,-0.00016352,0.000426147,0.497329,6.17206e-05,6.28902e-05,0.0412663,-0.000715859,-0.000551415,-0.000283437,-0.000117917,-2.24534e-06,9.8559e-05,0.000283952,0.000551868,0.000747223,7.4306e-05,6.06885e-05,6.48952e-05,6.14635e-05,6.40273e-05,6.61173e-05,6.14973e-05,5.83343e-05,-0.000340489,0.000328914,6.97467e-05,-0.000363814,0.000359148,4.8513e-05,0.493759,-0.000770844,-0.000304892,0.00029801,0.000793579,1788394500,-0.000342086,0.000279498,0,1,-0.000327826,0.00023996,0,1,-0.00032517,0.000244583,0,1,-0.000305809,0.000249273,0,1
1788394800,-0.00122895,8.38353e-06,8.38353e-06,-0.00138844,0.00042253,0.49668,0.000478996,0.000478785,0.0401397,-0.00069473,-0.000533474,-0.000273025,-0.000113716,-2.77137e-06,9.35698e-05,0.000269585,0.000525555,0.000718539,0.000435069,0.000481156,0.000468117,0.000487096,0.000473182,0.00046067,0.000476842,0.000488589,-0.000326047,0.000324887,6.21293e-05,-0.000322295,0.000299665,1.60953e-05,0.489937,-0.0007008,-0.000276472,0.000260866,0.000709097,1788394800,-0.000386717,0.000332345,1.2686e-05,1,-0.000352769,0.00025795,0,1,-0.000340092,0.000245225,0,1,-0.000329907,0.000253399,0,1
1788394860,0.000356676,0,0.000356676,-0.000205671,0.000452954,0.50981,9.87861e-05,0.000100059,0.0958657,-0.00093215,-0.000691287,-0.000339159,-0.00012802,1.37276e-05,0.000148299,0.000371135,0.000700708,0.000935503,0.000108138,0.00010446,0.000107032,0.000104467,0.000117149,0.000104099,9.96602e-05,9.29765e-05,0.000430491,0.000101159,0.000543318,0.000423604,7.19819e-05,0.000467413,0.504189,-0.000925631,-0.000339239,0.00036192,0.00091926,1788394800,-0.00035239,0.000294211,0,1,0.000402737,0,0.000336732,1,-0.000358336,0.000260613,0,1,0.000348454,0,0.000260382,1
1788394920,-0.000356676,2.0977e-05,0.000314609,-0.000646307,0.000451229,0.501507,0.000103209,0.000102512,0.0768545,-0.000794834,-0.000605194,-0.000303196,-0.00011755,1.92829e-06,0.000116411,0.000317426,0.000607765,0.00081852,0.000100061,9.9841e-05,0.000102242,0.000100032,9.00504e-05,0.000102085,0.00010709,0.000108131,0.000374088,1.84964e-05,0.000426587,-0.000364194,0.000362417,0,0.494664,-0.000778367,-0.000300261,0.00030751,0.000810496,1788394800,0.000413398,0,0.000407065,1,-0.000354543,0.000272099,0,1,0.000402945,0,0.00035221,1,0.000351832,0,0.000285737,1
1788394980,0.000327308,0,0.000465752,-2.09849e-05,0.000449533,0.499067,9.39717e-05,9.51904e-05,0.0682163,-0.000887204,-0.000657835,-0.000336729,-0.000137912,-1.00757e-06,0.00012931,0.000335067,0.000657241,0.000877067,0.000100773,9.61776e-05,9.8622e-05,9.66245e-05,0.000105433,9.52739e-05,9.64124e-05,8.86211e-05,-0.000403314,0.000419226,0.000104704,-0.000408213,0.000416272,8.3745e-05,0.493882,-0.000889179,-0.000337854,0.000335047,0.000884237,1788394800,-0.000376166,0.000297292,1.30071e-05,1,-0.000396091,0.000294857,0,1,-0.000357833,0.000267722,0,1,-0.000385978,0.000301822,0,1
1788395040,0.000499147,-6.71313e-05,0.000536888,-0.000449026,0.000447416,0.502288,0.000140543,0.00014105,0.0565883,-0.000777389,-0.000593861,-0.000305946,-0.000119232,3.06215e-06,0.000113821,0.000304792,0.000581832,0.000787584,0.000147423,0.000143759,0.000144517,0.000143155,0.000149755,0.000141207,0.00013587,0.000137148,0.000366577,3.73274e-05,0.000398644,-0.000358873,0.00037054,0,0.49456,-0.000778645,-0.000299901,0.000298032,0.000806883,1788394800,-0.000386146,0.000365242,1.4482e-05,1,-0.00036369,0.000278548,0,1,-0.000391329,0.000294871,0,1,-0.00035023,0.000272745,0,1
1788395100,-0.000948174,-7.96791e-05,5.03204e-05,-0.000948174,0.000448509,0.498766,0.000310646,0.000309824,0.0545849,-0.00084081,-0.000646575,-0.000332618,-0.000135476,-9.84667e-07,0.000117938,0.000323604,0.000629735,0.000850193,0.000292755,0.000329337,0.000298281,0.000306423,0.000320528,0.000308665,0.000301342,0.000321964,-0.000394905,0.000427604,9.41148e-05,-0.000405672,0.000414583,5.47388e-05,0.488841,-0.000849705,-0.000341497,0.000324545,0.000885964,1788395100,-0.000367969,0.000318482,0,1,-0.00037505,0.000301559,0,1,-0.00036637,0.000271436,0,1,-0.000401177,0.000316199,0,1
1788395160,-0.000487023,3.77763e-05,0.000226637,-0.000587815,0.000463808,0.50454,0.000139224,0.000138106,0.0772162,-0.000899984,-0.000672378,-0.000341594,-0.000135767,6.58628e-06,0.000129771,0.000341076,0.000662294,0.000882326,0.000134187,0.000136063,0.000136763,0.00013644,0.000122696,0.000138226,0.000142482,0.000144759,0.00040967,7.54482e-05,0.000483788,-0.000398742,0.000422616,2.23205e-05,0.492189,-0.000864975,-0.000334214,0.000326137,0.000863174,1788395100,-0.000410922,0.000363818,1.48059e-05,0,0.00036373,0,0.000295317,1,-0.000388703,0.000313326,0,1,-0.000365276,0.000290214,0,1
1788395220,-0.000294008,1.67978e-05,0.00011338,-0.000382227,0.000464284,0.504407,9.06844e-05,9.02511e-05,0.0710646,-0.000882452,-0.000663965,-0.000336702,-0.000129354,5.98502e-06,0.000133335,0.000346642,0.000670594,0.00088239,8.99449e-05,8.31914e-05,9.27571e-05,8.45835e-05,7.59252e-05,9.03042e-05,9.65118e-05,9.61076e-05,0.000411264,4.52425e-05,0.000465294,-0.000393399,0.000432028,1.80476e-05,0.496406,-0.000851042,-0.000324185,0.000331571,0.000861974,1788395100,0.000396809,0,0.000389094,1,0.000408249,0,0.00039707,0,-0.000357226,0.000276279,0,1,0.000406201,0,0.000349815,1
1788395280,9.66121e-05,0,0.000205814,-0.000226865,0.000461494,0.49788,5.57299e-05,5.6776e-05,0.062656,-0.000832599,-0.000627477,-0.000319784,-0.000131551,-2.05124e-06,0.000114033,0.000309721,0.000609714,0.000813864,6.291e-05,5.26395e-05,6.36015e-05,4.9081e-05,6.35685e-05,5.96487e-05,5.54794e-05,5.76388e-05,-0.000379085,0.000344733,6.50204e-05,-0.000364463,0.000319708,2.80894e-05,0.486885,-0.000806473,-0.000310691,0.000294385,0.000780163,1788395100,-0.000392098,0.000358537,9.54678e-06,1,-0.000386711,0.000339214,1.97868e-05,1,0.000409591,0,0.000354202,1,-0.000342056,0.000264402,0,1
1788395340,-0.000289864,-1.68014e-05,5.46027e-05,-0.00042012,0.00045706,0.498745,8.45062e-05,8.37038e-05,0.0533395,-0.000797903,-0.000605351,-0.00031043,-0.000128501,-7.67518e-07,0.000109005,0.000305306,0.000584786,0.000791551,8.94357e-05,8.16622e-05,8.76426e-05,8.15297e-05,7.50902e-05,8.74349e-05,8.44459e-05,9.20714e-05,-0.000370091,0.000343911,6.41135e-05,-0.00036059,0.000326755,2.23523e-05,0.491289,-0.000791014,-0.000304916,0.000296411,0.000784294,1788395100,-0.000356602,0.00031036,4.53246e-06,1,-0.000371777,0.000323042,2.19192e-05,1,-0.000367561,0.00028781,0,1,-0.000397407,0.000323235,0,1
1788395400,-0.000231111,8.40304e-06,8.40304e-06,-0.000622021,0.00045432,0.495992,7.53414e-05,7.40794e-05,0.0495805,-0.00082979,-0.000637976,-0.000329528,-0.0001408,-3.93654e-06,0.000107806,0.000308257,0.000590711,0.00079138,7.95498e-05,7.15e-05,7.62266e-05,7.21899e-05,6.45349e-05,7.71527e-05,7.50837e-05,8.16493e-05,-0.00038521,0.000345501,8.52396e-05,-0.000383143,0.00033536,5.67706e-05,0.485863,-0.000829524,-0.000333537,0.000298941,0.000783853,1788395400,-0.000358302,0.000311888,4.4921e-06,1,-0.000338576,0.000287917,4.16969e-05,1,-0.000362322,0.000293201,0,1,-0.000353678,0.000280408,1.76446e-06,1
1788395460,-1.68102e-05,-5.04314e-05,0.000617578,-0.000508633,0.00045094,0.503355,4.95216e-05,5.01128e-05,0.0470172,-0.000768809,-0.000593969,-0.000295375,-0.000120378,4.48462e-06,0.000112321,0.00030831,0.000589174,0.000792253,5.78031e-05,4.57228e-05,5.03168e-05,4.4453e-05,4.93476e-05,5.15579e-05,5.11749e-05,5.39061e-05,0.000363821,0,0.000425547,-0.000339817,0.000344005,4.27407e-05,0.492888,-0.000746649,-0.000284671,0.000287242,0.000754296,1788395400,-0.000365168,0.000325351,3.63488e-05,1,-0.000358846,0.000322869,4.56972e-06,1,-0.000343131,0.000272664,0,1,-0.000365527,0.000290595,0,1
1788395520,0.000361357,-1.26078e-05,0.000361357,-0.000521256,0.000446414,0.498737,0.000100985,0.000103346,0.0457887,-0.00082275,-0.000618615,-0.000319107,-0.000130931,-1.19756e-06,0.000118644,0.000320092,0.000610669,0.000823263,0.000108987,0.000105579,0.000105527,0.00010655,0.000115747,0.000103768,9.58021e-05,9.32121e-05,-0.000383635,0.000433536,9.24444e-05,-0.000354292,0.000440706,8.66655e-05,0.495687,-0.000775037,-0.000300772,0.000297748,0.000780055,1788395400,0.000322435,0,0.000348994,1,0.000399467,0,0.000369314,1,-0.000371367,0.000287485,0,1,0.000354911,0,0.000312215,1
1788395580,-0.000243691,0,6.72147e-05,-0.000495848,0.000444872,0.499495,7.82831e-05,7.68447e-05,0.0448407,-0.000788933,-0.000608605,-0.000313816,-0.000125495,-7.73884e-08,0.00011173,0.00031268,0.000598094,0.00079936,8.12453e-05,7.25682e-05,7.40852e-05,7.82779e-05,6.81167e-05,7.66581e-05,8.09264e-05,8.32339e-05,-0.000376037,0.000428475,0.000108321,-0.000334222,0.000353431,6.50619e-05,0.487997,-0.000716021,-0.000287753,0.000273775,0.000734932,1788395400,0.000343331,1.78827e-05,0.000380646,1,0.000323698,1.64019e-06,0.000330074,1,0.000363785,0,0.000298493,1,0.000368284,0,0.000312206,1
1788395640,2.94142e-05,2.10102e-05,0.000516723,-4.6224e-05,0.000441747,0.496109,4.86382e-05,4.94088e-05,0.0467499,-0.000762556,-0.000582867,-0.000293967,-0.000127142,-3.52187e-06,9.98596e-05,0.000292527,0.000564952,0.000757538,5.90652e-05,4.58516e-05,4.67612e-05,4.97516e-05,4.92766e-05,4.77279e-05,5.11638e-05,4.69337e-05,-0.000352104,0.00037125,8.75769e-05,-0.000313181,0.000289955,3.89451e-05,0.484849,-0.00068415,-0.000272939,0.000249071,0.000672702,1788395400,-0.000337704,0.000321832,3.0584e-05,1,0.000333198,1.90769e-05,0.00036548,1,0.000336392,0,0.000295325,1,0.000322533,0,0.000304873,1
1788395700,0.000239483,8.40389e-06,0.00027309,-2.101e-05,0.000437327,0.499669,7.28714e-05,7.47422e-05,0.052638,-0.000728546,-0.000553564,-0.000284936,-0.000120979,7.21827e-07,9.59055e-05,0.000280665,0.000538424,0.000718817,8.54128e-05,7.35088e-05,7.27209e-05,7.75416e-05,7.86e-05,7.12261e-05,7.22664e-05,6.71376e-05,-0.000339931,0.00038899,6.4229e-05,-0.000304169,0.000323946,2.77714e-05,0.487175,-0.000655671,-0.000267784,0.000238695,0.000648539,1788395700,0.000314419,0,0.000324012,1,0.000331918,1.93053e-05,0.000344837,1,0.000349407,0,0.0003316,1,0.000347189,0,0.000298097,1
1788395760,-0.000315121,0,0,-0.000407576,0.000434255,0.500067,9.03556e-05,8.86331e-05,0.0572864,-0.000658864,-0.000508449,-0.000251743,-0.000107369,1.27378e-06,8.3301e-05,0.000251314,0.000497399,0.000656182,9.3359e-05,8.82341e-05,8.85079e-05,8.83973e-05,8.14465e-05,9.10392e-05,8.97258e-05,9.7205e-05,0.000301901,3.15454e-05,0.000341676,-0.000266233,0.000235874,0,0.484558,-0.000579588,-0.000229521,0.000204768,0.000567149,1788395700,-0.000323329,0.000319527,6.6609e-06,1,0.000318537,0,0.000324058,1,0.000345633,0,0.000318513,1,0.000377749,0,0.000351058,1
1788395820,0.000680538,-0.000189121,0.000680538,-0.000449745,0.000432194,0.496148,0.0002151,0.00021777,0.0569121,-0.000655853,-0.000498882,-0.000254687,-0.00011114,-2.45545e-06,8.12969e-05,0.000249187,0.00049119,0.000649248,0.000197262,0.000212239,0.000215372,0.000225138,0.000222654,0.000215135,0.000222935,0.000200827,-0.000303167,0.000308929,5.38343e-05,-0.00028589,0.000241944,1.44122e-05,0.479891,-0.000624453,-0.000251038,0.000219879,0.000605472,1788395700,0.000269062,0,0.000259846,1,0.000319204,0,0.000335254,1,0.000321202,0,0.000289837,1,0.000359045,0,0.000306472,1
1788395880,0.000180559,8.39881e-06,0.00078918,8.39881e-06,0.000438541,0.500159,6.47987e-05,6.63774e-05,0.0476417,-0.000743329,-0.000574988,-0.000297248,-0.000122544,1.08991e-06,0.000101321,0.000297027,0.000576032,0.000760832,7.54802e-05,6.36293e-05,6.54182e-05,6.70119e-05,6.72736e-05,6.85761e-05,6.69226e-05,5.79077e-05,0.000356595,7.98442e-05,0.000443064,-0.000355834,0.000403655,4.35132e-05,0.48701,-0.00074261,-0.000306491,0.000285746,0.000779571,1788395700,0.000288258,0,0.000283855,1,0.000266141,0,0.000267407,1,-0.000313334,0.000280458,3.55015e-07,1,0.000318896,0,0.000290317,1
1788395940,0.000742888,7.97714e-05,0.00112042,-6.29819e-05,0.000434884,0.49712,0.000232047,0.000232975,0.0488038,-0.000747735,-0.00057392,-0.000299122,-0.000130756,-2.15146e-06,9.86905e-05,0.000283573,0.000552403,0.000736951,0.000216778,0.000239821,0.000236794,0.000228985,0.000246614,0.000224468,0.000235308,0.00023456,-0.000351761,0.000405633,7.20906e-05,-0.000343535,0.000375334,4.3384e-05,0.486316,-0.000745408,-0.000302584,0.000268759,0.00074701,1788395700,-0.000359814,0.000341545,3.16618e-05,1,0.000283869,0,0.000292072,0,-0.00027045,0.00022321,0,0,-0.000308424,0.000259101,1.93009e-05,1
1788396000,0.000549466,-3.77606e-05,0.000549466,-0.000146855,0.000443147,0.502033,0.00015594,0.00015658,0.0594837,-0.000803804,-0.000621006,-0.000330091,-0.000141338,3.71688e-06,0.000114147,0.000320979,0.000626406,0.000852982,0.00016029,0.000159038,0.000157825,0.00015848,0.000158694,0.00015513,0.000154798,0.000152525,0.000391933,0.00010478,0.000476788,-0.000381121,0.000437409,4.06812e-05,0.483345,-0.000782549,-0.000332494,0.000295734,0.000830107,1788396000,0.000351386,1.55097e-05,0.000342189,0,0.000342578,2.2454e-05,0.00034926,1,0.000280386,0,0.000256126,0,0.000268508,0,0.000229537,0
1788396060,-0.000469753,0,0,-0.000478144,0.000445522,0.49745,0.000131186,0.000130879,0.0737455,-0.000758983,-0.000595783,-0.000305152,-0.000132485,-1.82462e-06,0.000100981,0.000302655,0.000588999,0.000806224,0.000130174,0.000131399,0.000131879,0.000131733,0.000132244,0.000132932,0.00012587,0.000135505,-0.000365055,0.000411315,4.57604e-05,-0.000351853,0.000339038,3.70389e-06,0.481385,-0.000740525,-0.000309771,0.0002716,0.000775175,1788396000,-0.000415195,0.000399064,0,1,-0.000336503,0.000335041,1.61643e-05,1,0.000339701,0,0.000323575,1,-0.000278133,0.000237463,0,0
1788396120,-0.00035246,-2.51716e-05,-2.51716e-05,-0.000423806,0.00044602,0.496682,9.8888e-05,9.7877e-05,0.0555196,-0.000723386,-0.000556593,-0.000285875,-0.000121128,-2.41647e-06,9.2071e-05,0.000275406,0.000540802,0.00072891,9.96635e-05,9.87361e-05,9.92477e-05,9.89466e-05,9.63047e-05,0.00010031,9.42599e-05,0.000104223,-0.000338239,0.000341012,1.03341e-05,-0.000327766,0.000275532,0,0.476384,-0.000698832,-0.000290029,0.000247394,0.000709125,1788396000,-0.000365828,0.000346,0,1,0.000388598,1.46342e-05,0.000381962,1,-0.000334374,0.000303086,0,1,-0.000342936,0.000299396,0,1
1788396180,5.87519e-05,-4.61647e-05,0.000138481,-0.000298009,0.000444341,0.497302,4.6413e-05,4.7198e-05,0.0464682,-0.000697683,-0.00052924,-0.000276163,-0.000116287,-1.52932e-06,8.74214e-05,0.000269056,0.000532704,0.000715499,6.0162e-05,4.76982e-05,5.30379e-05,4.35422e-05,4.96728e-05,5.70766e-05,4.40786e-05,4.18427e-05,-0.000328176,0.000325972,2.6337e-05,-0.000312547,0.000265364,0,0.482069,-0.000670387,-0.000268195,0.000246344,0.00068566,1788396000,0.000334881,0,0.000315296,1,0.000351428,0,0.00034624,1,-0.000371285,0.000334599,0,1,-0.000333276,0.000280619,2.72031e-06,1
1788396240,-8.39324e-05,8.39254e-05,0.000163648,-0.000625466,0.000439954,0.498866,4.73833e-05,4.82975e-05,0.0433402,-0.00069342,-0.000523065,-0.000275666,-0.000117949,2.97619e-07,8.5981e-05,0.000269255,0.000526815,0.000702016,6.09795e-05,4.78222e-05,5.09696e-05,4.68799e-05,4.8582e-05,5.71031e-05,4.40238e-05,4.61039e-05,-0.000327878,0.000307802,5.82914e-05,-0.00032433,0.000281711,2.4011e-05,0.486659,-0.000698724,-0.000276147,0.000261783,0.000713186,1788396000,-0.000302129,0.000287189,6.15461e-06,1,-0.000318086,0.000292975,1.48569e-05,1,-0.000340231,0.000278622,0,1,-0.000357028,0.000298245,4.28018e-06,1
1788396300,-0.000218257,0.000104914,0.000104914,-0.000533135,0.000435694,0.49549,7.19291e-05,7.10335e-05,0.0419278,-0.000781975,-0.000603201,-0.000315921,-0.000127208,-4.30986e-06,0.000100223,0.000298761,0.000580624,0.000783084,7.70034e-05,6.73703e-05,6.84598e-05,7.52749e-05,6.62792e-05,7.40663e-05,7.25308e-05,7.26448e-05,-0.000370847,0.000382185,0.000113589,-0.000371725,0.00038889,0.000111236,0.49214,-0.000795463,-0.000313826,0.000304792,0.000803939,1788396300,-0.00030432,0.000283124,2.72341e-05,1,-0.000285555,0.000261555,2.82753e-05,1,-0.000292315,0.000238569,0,1,-0.000319897,0.000269719,0,1
1788396360,0.000549749,6.29637e-05,0.000553945,2.93836e-05,0.000432418,0.495323,0.000157116,0.000158476,0.0414501,-0.000709153,-0.000533333,-0.000271849,-0.000114352,-3.63244e-06,8.59188e-05,0.000270718,0.000537468,0.000723265,0.0001606,0.000161192,0.000161136,0.000159439,0.000163649,0.000155922,0.000155957,0.00015388,-0.000325715,0.00033566,8.8554e-05,-0.000307296,0.000288446,4.62836e-05,0.488368,-0.000671701,-0.000261037,0.00025253,0.000687478,1788396300,-0.000326618,0.000334118,6.60494e-05,1,-0.000292659,0.000278927,4.93782e-05,1,-0.000273689,0.000225937,5.00553e-06,1,-0.000269855,0.000219445,1.83919e-05,1
1788396420,-0.000352476,-9.6499e-05,4.1954e-06,-0.000356673,0.000435075,0.493828,9.88216e-05,9.75696e-05,0.0410122,-0.000680276,-0.000521804,-0.000265839,-0.000113804,-4.43659e-06,7.76859e-05,0.000254965,0.000515062,0.000686,9.93304e-05,9.87573e-05,9.91282e-05,9.89501e-05,9.5658e-05,0.000100555,9.5565e-05,0.00010255,-0.000314193,0.000333937,6.24015e-05,-0.000294211,0.000264848,3.4616e-06,0.482069,-0.000626204,-0.000257926,0.000226906,0.000643907,1788396300,-0.000268701,0.000283932,4.44646e-05,1,-0.000338254,0.00036072,9.62453e-06,1,-0.000301713,0.000239783,9.41795e-06,1,-0.000267907,0.000221129,1.41308e-06,1
1788396480,0.000444771,0.000251781,0.000474135,-5.03639e-05,0.000433577,0.487185,0.000129551,0.000130992,0.0382678,-0.000696614,-0.000522229,-0.000274033,-0.000122585,-1.03706e-05,7.22864e-05,0.000244177,0.000501257,0.000671962,0.000131313,0.000128265,0.000128191,0.00012752,0.000129904,0.000126196,0.000131063,0.000132146,-0.000315558,0.000296316,5.22976e-05,-0.000283229,0.000224557,7.22916e-06,0.477878,-0.000626717,-0.000251686,0.000211396,0.00060668,1788396300,-0.000276894,0.000259816,3.09891e-05,1,-0.000274662,0.000292975,1.55373e-05,1,0.000329152,0,0.00028902,1,-0.000306865,0.000265072,0,1
1788396540,-0.000864547,2.93647e-05,2.93647e-05,-0.000998913,0.000433804,0.495286,0.000297081,0.000296079,0.0384574,-0.000696002,-0.000531543,-0.000277528,-0.000117573,-3.76746e-06,8.7912e-05,0.000277157,0.000539729,0.000719644,0.000261532,0.000295976,0.000287384,0.000294231,0.000290752,0.000270037,0.000303599,0.000312015,-0.000332865,0.000359871,7.14716e-05,-0.000310441,0.000281663,1.82848e-05,0.481905,-0.000651219,-0.000269263,0.0002457,0.000690541,1788396300,0.000264677,8.16485e-06,0.000267854,1,-0.00027768,0.000283813,8.85743e-06,1,0.000281305,0,0.000253831,1,0.000323244,0,0.000299463,1
1788396600,0.000340033,0,0.000386201,-0.000138565,0.00044651,0.49855,9.70138e-05,9.84029e-05,0.0439809,-0.000805097,-0.000593612,-0.000305519,-0.000124444,-6.45629e-07,9.96698e-05,0.00030574,0.000593785,0.000783536,0.000102265,9.94491e-05,9.99795e-05,9.92442e-05,0.000102166,9.77781e-05,9.49873e-05,9.25308e-05,-0.000366777,0.000396468,8.80921e-05,-0.000372755,0.000355623,4.8921e-05,0.489388,-0.000818231,-0.000315821,0.000301229,0.00080424,1788396600,-0.000299633,0.000287251,3.61168e-05,1,-0.000267007,0.000255808,1.41855e-05,1,-0.000274603,0.000238906,0,1,-0.000291021,0.000257683,0,1
1788396660,-0.000251865,4.19721e-06,4.19721e-06,-0.000390418,0.00044463,0.494195,7.39403e-05,7.32634e-05,0.0404306,-0.000712534,-0.000537351,-0.000282237,-0.000119489,-5.10121e-06,8.99998e-05,0.000279133,0.000542264,0.000717735,8.27014e-05,7.38898e-05,7.90653e-05,7.08917e-05,7.24578e-05,8.2261e-05,7.44836e-05,7.00419e-05,-0.000337261,0.000350036,3.89548e-05,-0.000335585,0.000309,0,0.486159,-0.000713286,-0.000287812,0.000268816,0.000733711,1788396600,0.000322365,2.49275e-05,0.000358778,1,-0.000299858,0.000317199,8.72306e-06,1,-0.000261018,0.00023036,0,1,-0.000271722,0.000234184,0,1
1788396720,3.35856e-05,3.77838e-05,0.000172115,-0.000138553,0.0004416,0.488083,4.52526e-05,4.61898e-05,0.0381696,-0.000730841,-0.000543215,-0.000277303,-0.000122718,-1.02793e-05,7.77411e-05,0.000265299,0.000523929,0.000693704,5.85881e-05,4.59419e-05,5.14096e-05,4.00074e-05,4.7993e-05,5.52837e-05,4.38256e-05,4.27882e-05,-0.000327375,0.000276724,6.63504e-05,-0.000321622,0.000240277,2.5001e-05,0.479352,-0.000719018,-0.000281123,0.00025064,0.000697044,1788396600,-0.000320994,0.000291198,3.19546e-05,1,-0.000315952,0.000308032,4.84693e-05,1,-0.000299128,0.000263299,0,1,-0.000256721,0.000215111,0,1
1788396780,-0.000445101,-0.000121753,-0.000121753,-0.000987049,0.000437188,0.49466,0.000124776,0.000123144,0.03697,-0.000670302,-0.000504469,-0.000259092,-0.000114246,-3.47324e-06,7.67689e-05,0.000251443,0.00049298,0.000666333,0.000123022,0.000124435,0.000124868,0.000124546,0.000120227,0.000126334,0.000123522,0.000127164,-0.000307469,0.000278963,4.54558e-05,-0.000309271,0.000244242,1.78936e-06,0.481059,-0.000666864,-0.000270872,0.000239244,0.000663517,1788396600,-0.000281162,0.000278102,2.15845e-05,1,-0.00031257,0.000301479,2.03055e-05,1,-0.000309248,0.000264862,0,1,-0.000292993,0.00025623,0,1
1788396840,0,9.65954e-05,9.65954e-05,-0.000289842,0.000437347,0.498254,4.74527e-05,4.82399e-05,0.0373649,-0.000771353,-0.000572872,-0.000299072,-0.000122598,-1.05169e-06,9.92672e-05,0.00030585,0.000589675,0.000776692,5.68017e-05,4.34453e-05,4.71029e-05,4.8963e-05,4.59783e-05,5.26366e-05,4.89642e-05,4.59972e-05,-0.000363523,0.000379905,0.000100474,-0.000361884,0.000336765,6.26932e-05,0.491418,-0.000789676,-0.000303927,0.000298153,0.000783753,1788396600,-0.000299438,0.00028119,2.10008e-05,1,-0.000283058,0.000274549,2.60396e-05,1,-0.000305381,0.000249391,4.60945e-06,1,-0.000316334,0.000270918,0,1
1788396900,-0.000466309,0,0,-0.000663821,0.000432952,0.498595,0.000132701,0.000130608,0.0377887,-0.000696925,-0.000521121,-0.000263965,-0.00010794,6.58166e-08,7.9375e-05,0.000267755,0.000520271,0.00069464,0.000128913,0.000130143,0.000130563,0.000130339,0.000125474,0.000132437,0.0001342,0.000137874,-0.000319383,0.000302078,6.59229e-05,-0.000293579,0.000249904,2.57164e-05,0.486286,-0.000648119,-0.000249157,0.000242704,0.000650641,1788396900,-0.000318348,0.000323454,5.15844e-05,1,-0.000309739,0.00029637,1.20797e-05,1,0.000289464,0,0.000254537,1,-0.000299276,0.00025326,0,1
1788396960,-0.000113459,-2.101e-05,6.30275e-05,-0.000218526,0.000433644,0.500095,5.3519e-05,5.25655e-05,0.0393914,-0.000758407,-0.00055763,-0.000292079,-0.000119059,1.35603e-06,9.12273e-05,0.000288643,0.00055831,0.000737456,6.25708e-05,4.95521e-05,5.15226e-05,4.94159e-05,4.96234e-05,5.84825e-05,5.46129e-05,5.90713e-05,0.000348884,1.80296e-07,0.000438333,-0.00032034,0.000277994,4.30129e-05,0.486127,-0.000719397,-0.000277444,0.00025891,0.000683664,1788396900,-0.000283669,0.000266238,1.68268e-05,1,-0.000325237,0.00032871,2.97331e-05,1,-0.000306253,0.000248452,0,1,0.000296273,0,0.000254157,1
1788397020,0.000348742,2.1012e-05,0.000348742,-0.000445558,0.000429586,0.493216,9.97043e-05,0.000101929,0.0414576,-0.000684456,-0.000504274,-0.000266388,-0.0001131,-4.89903e-06,7.58502e-05,0.000255811,0.000506657,0.000665395,0.000104831,0.000101711,0.00010149,0.000100846,0.00010531,9.98731e-05,9.63451e-05,9.86428e-05,-0.000314852,0.000287308,4.93033e-05,-0.000278432,0.000214623,3.32422e-06,0.481465,-0.000616885,-0.000242905,0.00021612,0.000585586,1788396900,0.000298737,0,0.000322061,1,-0.000281128,0.00027776,9.18234e-06,1,-0.000332865,0.00028233,0,1,-0.000289985,0.000243724,0,1
1788397080,0.000357019,5.04104e-05,0.00067193,-0.000302516,0.000428118,0.496349,0.000101123,0.000102664,0.0393985,-0.000744468,-0.000557399,-0.000293004,-0.000119481,-2.74664e-06,9.02685e-05,0.000299943,0.00057316,0.000756998,0.000107074,0.00010396,0.000103708,0.000104311,0.000106341,0.000102178,9.81554e-05,9.63059e-05,-0.000356248,0.000382359,0.000104796,-0.000334895,0.000314976,5.80741e-05,0.485833,-0.000727685,-0.000288594,0.00027168,0.000728313,1788396900,-0.000272766,0.00024839,1.12401e-05,1,-0.000298837,0.000286889,2.02873e-05,1,0.000297526,0,0.000263357,1,-0.000342764,0.00029933,0,1
1788397140,-0.0010294,-0.000357019,-6.29941e-05,-0.0010294,0.000426812,0.498289,0.0003639,0.000362321,0.0397826,-0.000787263,-0.00058809,-0.000309075,-0.000128236,-8.30856e-07,9.86375e-05,0.000310712,0.000587057,0.00078184,0.000337251,0.000381262,0.000378132,0.00034815,0.000371974,0.000358125,0.000358487,0.000369528,-0.000372006,0.00043133,9.39184e-05,-0.000344466,0.000364257,5.64576e-05,0.485293,-0.000745925,-0.000299631,0.000276023,0.000755361,1788396900,-0.0003173,0.000301435,4.00257e-05,1,-0.00027975,0.00025794,6.17252e-06,1,0.00030391,0,0.000273947,1,0.000314733,0,0.000262887,1
1788397200,-0.00157767,-0.000100896,0.000588359,-0.00183454,0.000446899,0.496991,0.000599446,0.000596243,0.0512719,-0.000980712,-0.000745722,-0.000392216,-0.000163818,-2.91135e-06,0.000119475,0.000384568,0.000723997,0.000941594,0.000611129,0.000645463,0.000612983,0.000573303,0.000635705,0.00061415,0.00057676,0.000604916,-0.000466967,0.000593681,0.000163664,-0.000446389,0.000519542,0.00012701,0.488299,-0.000941943,-0.000375886,0.000340532,0.000883547,1788397200,-0.000341139,0.000348559,1.74714e-05,0,0.000318515,1.62572e-05,0.00032931,0,0.00028246,0,0.000256112,0,0.000321576,0,0.000275881,0
1788397260,-0.0016392,0,0.000652405,-0.00301078,0.000495485,0.520237,0.000588859,0.00058359,0.458677,-0.00130846,-0.000939457,-0.000451755,-0.000165748,4.155e-05,0.000209852,0.000532667,0.0010026,0.00129142,0.000638948,0.00065406,0.000573757,0.000569065,0.000512779,0.000506418,0.000602879,0.000610034,0.000600529,0.000207889,0.000735578,0.000529647,0.000159665,0.000588499,0.513241,-0.00113089,-0.000409833,0.000450125,0.00111584,1788397200,0.000470029,3.20464e-07,0.000459535,0,0.000336199,2.38442e-05,0.000334702,0,0.000333685,0,0.000294842,0,-0.000284099,0.000237514,0,0
1788397320,0.00192968,5.06069e-05,0.00200965,-0.000286821,0.000542526,0.51301,0.000653348,0.000656549,0.911172,-0.00162675,-0.00117188,-0.000576792,-0.000216189,3.20079e-05,0.000240746,0.00062608,0.00120844,0.00156443,0.000785982,0.000787035,0.000680915,0.0006294,0.000792102,0.000596014,0.000615377,0.000625201,0.00072805,0.000149243,0.000947278,0.000647458,0.00016649,0.000814275,0.515002,-0.00135782,-0.000491727,0.000538921,0.00131672,1788397200,0.000455254,1.03854e-05,0.000519663,1,-0.000492678,0.000401763,5.87108e-06,1,0.000344058,0,0.000298935,0,0.000352734,0,0.000287938,0
1788397380,-0.000661065,0.000109434,0.000555462,-0.000661065,0.00060243,0.502135,0.000191507,0.000187317,0.985491,-0.00162871,-0.00123072,-0.000625888,-0.000247629,6.08139e-06,0.000210581,0.0006249,0.00121328,0.00163704,0.000182862,0.000184985,0.000190473,0.000186007,0.000183667,0.000199859,0.000196224,0.000207569,0.000750601,0.000130377,0.000993518,-0.000674046,0.000728227,0.000139776,0.488801,-0.00139769,-0.000555752,0.000532688,0.0014475,1788397200,0.000526741,0,0.000667482,1,-0.000431073,0.000374195,7.66205e-05,1,-0.00046341,0.000307812,0,1,0.000358335,0,0.000319005,0
1788397440,0.000917794,0.000446372,0.000917794,0.000370587,0.000603658,0.500399,0.000261024,0.000264592,0.977301,-0.00157723,-0.00118828,-0.000597026,-0.000252163,2.3274e-06,0.000202506,0.000566279,0.00111718,0.00149378,0.000285344,0.000275484,0.000265932,0.000264149,0.000308396,0.000262848,0.000261873,0.000242636,0.000702226,0,0.000848076,-0.000626571,0.000541005,7.52507e-05,0.488332,-0.00139423,-0.000534485,0.000487269,0.00132624,1788397200,-0.000625059,0.000517932,9.40408e-05,1,-0.000496766,0.000434036,0.000149623,1,-0.000422924,0.000328947,2.91079e-05,1,-0.0003742,0.000276665,3.28837e-05,1
1788397500,0.00253429,-5.04989e-05,0.00276932,-5.04989e-05,0.000611524,0.502703,0.00100078,0.00100224,0.969001,-0.00137618,-0.00105757,-0.000537076,-0.00020791,6.22639e-06,0.000189398,0.000530382,0.00103755,0.00139767,0.00108765,0.00106173,0.000947507,0.00106138,0.000945961,0.000911168,0.000951201,0.00104556,0.000641329,0.000106225,0.000692248,-0.000537224,0.000469655,0,0.487592,-0.00116081,-0.000462063,0.000431486,0.00120252,1788397500,0.000563063,0,0.000557802,0,-0.00056826,0.000559928,2.61965e-05,0,-0.000509482,0.000391863,5.35236e-05,0,-0.000452962,0.000365074,0,0
1788397560,0.000482594,4.19747e-06,0.000897858,4.19747e-06,0.000703516,0.493624,0.000169312,0.000173713,0.984325,-0.00183762,-0.00143855,-0.000764331,-0.000321715,-1.53392e-05,0.00022805,0.000705478,0.00139299,0.0019503,0.000142056,0.000142652,0.00018254,0.000155114,0.000180586,0.000170134,0.000183792,0.000165225,-0.000889537,0.000992163,0.000117566,-0.000794681,0.000871385,0.000105805,0.478005,-0.00162003,-0.000679521,0.000600175,0.00173695,1788397500,-0.000551836,0.000447414,0,0,-0.000576439,0.000511076,0,0,0.000587454,0,0.000495431,0,-0.000578897,0.000483208,0,0
1788397620,0.000771666,-5.03468e-05,0.00130394,-5.03468e-05,0.000699782,0.498044,0.000224042,0.000225566,0.961054,-0.00156508,-0.00122798,-0.000632375,-0.000271716,-3.00862e-06,0.000210762,0.000587322,0.00116951,0.00163174,0.000227446,0.000222868,0.000227141,0.000221969,0.000219703,0.000222787,0.000224849,0.000228904,-0.000738169,0.000783633,0,-0.000656917,0.000622647,0,0.480959,-0.00142424,-0.000581324,0.000505792,0.00148733,1788397500,-0.000828385,0.000728134,0,1,0.000562178,0,0.000465026,0,0.000570547,0,0.000433064,0,0.000652409,0,0.000511108,0
1788397680,0.000108992,-0.000142546,0.000171866,-0.000578694,0.000701292,0.502046,0.000103882,0.000106095,0.91942,-0.00156749,-0.00120653,-0.000636011,-0.000263582,6.48236e-06,0.000219127,0.000604417,0.00118726,0.00165309,6.36091e-05,8.42915e-05,0.000126109,8.29444e-05,0.000133517,0.000113688,0.000114297,9.72552e-05,0.000748432,0.000112966,0.000709948,-0.000662018,0.000714304,0,0.484831,-0.00138832,-0.000576819,0.000520038,0.00151206,1788397500,0.00072074,0,0.000598758,1,-0.000739169,0.000746571,0,1,0.000529417,0,0.000420653,0,0.000563703,0,0.000483372,0
1788397740,-0.000385717,-2.0959e-05,0.00054897,-0.000683491,0.000694415,0.505614,0.000128296,0.000128466,0.802796,-0.00141117,-0.00107598,-0.000544946,-0.000220748,1.31165e-05,0.000183324,0.000534171,0.00107513,0.00149453,0.000106953,0.000119816,0.000144921,0.000112958,0.000175042,0.000132963,0.000135409,0.000119228,0.00064909,9.9489e-07,0.000653963,-0.000606251,0.000523444,0,0.48257,-0.00130179,-0.00052551,0.000482822,0.00138947,1788397500,-0.00072213,0.000655248,0,1,-0.000673036,0.000587402,0,1,0.000721217,0,0.00061463,1,0.00047178,0,0.000416828,0
1788397800,-0.000465574,4.19337e-06,0.000436017,-0.000692148,0.000689596,0.507371,0.000143541,0.000143005,0.591022,-0.00141713,-0.0010617,-0.0005438,-0.000215265,1.69114e-05,0.0001938,0.000543884,0.00109075,0.00147686,0.000128917,0.000132379,0.000153105,0.000134167,0.000179079,0.000137756,0.000155932,0.000140895,0.00065262,0.000120248,0.000716499,-0.000642259,0.000643019,1.20311e-06,0.485852,-0.00137336,-0.000552635,0.000511945,0.00145325,1788397800,-0.000630124,0.000544323,0,1,0.000676121,0,0.000652812,1,-0.00063338,0.000482333,0,1,0.000730661,0,0.000652142,1
1788397860,0.000884824,0.000281048,0.00101895,0.000239105,0.000685833,0.502957,0.000251479,0.000253103,0.218145,-0.0013383,-0.00100217,-0.000510278,-0.000205287,7.16004e-06,0.000171307,0.000499453,0.00101342,0.00137317,0.000272115,0.000253988,0.000256005,0.000253867,0.000240742,0.000257262,0.000252029,0.000246106,0.000607496,8.32915e-05,0.000732475,-0.00054027,0.000547097,3.53248e-05,0.488402,-0.00119824,-0.00046587,0.000444253,0.0012592,1788397800,-0.000647353,0.000601062,6.19185e-06,1,-0.000585201,0.000508259,6.15375e-05,1,-0.000616066,0.000488236,0,1,-0.000574728,0.000446728,1.15546e-05,1
1788397920,0.00115622,3.77239e-05,0.00117297,-4.19163e-06,0.000690375,0.496911,0.000354795,0.000354726,0.0790344,-0.00127444,-0.00097876,-0.000507218,-0.000215017,-2.4678e-06,0.000140181,0.000466226,0.000957798,0.00131842,0.000396338,0.000355837,0.000330931,0.000384422,0.000302576,0.000354469,0.000347542,0.000379447,-0.000590323,0.000631317,0.000112361,-0.000514987,0.0004538,0,0.480686,-0.00111587,-0.00045788,0.000396355,0.00117817,1788397800,-0.00050341,0.000491152,5.1732e-05,0,-0.000592464,0.000516638,9.92424e-05,1,-0.000575446,0.000409366,1.78576e-05,1,-0.000560336,0.000435765,5.15695e-05,1
1788397980,0.000640372,-3.76817e-05,0.000640372,-0.000364316,0.000702725,0.493092,0.000193801,0.000193324,0.0472991,-0.00142844,-0.00111907,-0.000577471,-0.000247046,-1.0823e-05,0.000155495,0.000507618,0.00105195,0.00151751,0.000185659,0.000186164,0.000187823,0.000184466,0.000170952,0.000188092,0.000202937,0.000211618,-0.000661302,0.000686314,7.5861e-05,-0.000576701,0.000559588,0,0.483859,-0.00126255,-0.000511072,0.000456037,0.00135909,1788397800,-0.000497217,0.000424852,4.55377e-05,0,-0.000479543,0.000447207,7.59177e-05,0,-0.000562086,0.000437387,5.68196e-05,1,-0.000549106,0.000448144,0,1
1788398040,-2.92891e-05,-1.25524e-05,0.000196633,-0.000502218,0.000701532,0.497712,8.63178e-05,8.97242e-05,0.0590595,-0.00137899,-0.00108069,-0.000557967,-0.000239916,-2.62244e-06,0.000176083,0.000523714,0.00105436,0.00149818,5.85056e-05,7.76272e-05,9.67544e-05,6.86229e-05,0.000123766,9.15379e-05,9.04225e-05,9.44528e-05,-0.000654157,0.000659956,1.08324e-05,-0.000572539,0.000546969,0,0.485218,-0.00123866,-0.000502347,0.000456833,0.00135582,1788397800,-0.00055352,0.000500628,2.25576e-05,1,-0.000483772,0.000443914,4.66239e-05,1,-0.000477783,0.000420542,9.04941e-06,1,-0.000549502,0.000440629,5.45773e-05,1
1788398100,-0.000640391,-0.000138089,-8.3688e-05,-0.00147812,0.000694494,0.495892,0.000178092,0.000177243,0.0970365,-0.00133214,-0.00102284,-0.000528365,-0.000226541,-6.30194e-06,0.000168701,0.000495589,0.000990809,0.00140415,0.000177562,0.000179619,0.000180663,0.000179847,0.000224395,0.000185321,0.000170489,0.000171243,-0.000619144,0.000595404,5.29275e-05,-0.000593782,0.000553197,3.72969e-05,0.484542,-0.00126299,-0.000522941,0.000468322,0.00134726,1788398100,-0.000562161,0.000518244,1.28696e-05,1,-0.000535926,0.000520878,1.54261e-06,1,-0.000473176,0.000388131,0,1,-0.000502305,0.000420802,0,1
1788398160,-7.95543e-05,0.00015909,0.000623654,-7.95543e-05,0.000693453,0.504147,8.24793e-05,8.52377e-05,0.0954156,-0.00128565,-0.000951107,-0.000490777,-0.000193027,8.92293e-06,0.000167935,0.000510856,0.00100621,0.00136187,6.12709e-05,7.88841e-05,9.02205e-05,7.92334e-05,0.000117449,7.34351e-05,8.92797e-05,7.35293e-05,0.000602741,7.96078e-05,0.000673936,-0.000592291,0.000603679,4.53071e-05,0.489389,-0.00126405,-0.000500587,0.000489785,0.00139246,1788398100,-0.000570273,0.000526214,6.64818e-05,1,-0.000559793,0.000542458,0,1,-0.000531888,0.000455477,0,1,-0.000472069,0.000391472,0,1
1788398220,0.000180035,6.28066e-05,0.000514898,-0.000368545,0.000686576,0.501351,8.18943e-05,8.50678e-05,0.159018,-0.00116071,-0.00086839,-0.000438939,-0.000169024,3.59676e-06,0.000140855,0.000441475,0.000879135,0.00122736,7.53313e-05,8.70931e-05,9.19065e-05,7.96312e-05,0.000104929,7.44294e-05,8.3522e-05,7.73111e-05,0.000528517,6.70784e-05,0.000551992,-0.000517176,0.000523261,0,0.487281,-0.001142,-0.00044345,0.000419059,0.00124969,1788398100,-0.000534754,0.000524601,8.97761e-05,1,-0.000604149,0.000571367,0,1,-0.000547032,0.000445075,0,1,0.000531768,0,0.000456243,1
1788398280,-0.000322411,-0.000171661,-8.792e-05,-0.00105974,0.000680152,0.499353,0.000103945,0.000104127,0.198874,-0.00112509,-0.000854624,-0.000439114,-0.000178833,1.11174e-06,0.00013332,0.000432465,0.000873004,0.00120058,9.50974e-05,0.000106502,0.000108681,0.000104001,0.000137613,9.451e-05,0.000104082,9.99723e-05,-0.000523974,0.000530461,9.22282e-05,-0.000492256,0.000449842,5.49212e-05,0.483029,-0.001056,-0.000431138,0.000384566,0.00114299,1788398100,-0.000452888,0.000456577,4.37836e-05,1,-0.000511891,0.000496425,0.000110503,1,-0.000544269,0.000425393,0,1,-0.000518648,0.000431327,0,1
1788398340,-0.0008463,-0.000234546,-0.000175904,-0.0008463,0.000674858,0.500042,0.00024094,0.000238645,0.256947,-0.00113743,-0.000849473,-0.000427077,-0.000175241,1.61992e-06,0.000141942,0.000439861,0.000878462,0.00120586,0.000254193,0.000236616,0.0002372,0.000237009,0.000259232,0.000260075,0.00024468,0.000250642,0.000521488,4.11911e-05,0.000630453,-0.000481654,0.000457442,6.94533e-05,0.488093,-0.00104107,-0.000409656,0.000394329,0.00114335,1788398100,-0.000437783,0.000419576,0.000102288,1,-0.000424441,0.000392831,8.04936e-05,1,-0.000504682,0.000410668,5.55583e-05,1,-0.000474331,0.000415936,3.56364e-05,1
1788398400,0.000703904,-0.000100598,0.000720657,-0.000272477,0.000678712,0.501542,0.000201617,0.000202485,0.171982,-0.00109596,-0.000818513,-0.000418178,-0.000166195,4.34285e-06,0.00012781,0.00040586,0.000821461,0.00112072,0.000203431,0.000203372,0.00020304,0.000201687,0.000191955,0.000200171,0.000199645,0.000205775,0.000496235,5.05867e-05,0.000569816,-0.000472702,0.000408711,0,0.484637,-0.0010448,-0.000408043,0.000369608,0.00108917,1788398400,-0.000407271,0.000415423,0.000111632,1,-0.000444641,0.000445278,9.20884e-05,1,-0.000419314,0.000380729,8.15436e-06,1,-0.000507421,0.000435069,1.10382e-05,1
1788398460,-0.000150795,-4.60738e-05,6.70126e-05,-0.00039798,0.000679225,0.49741,7.51528e-05,7.74773e-05,0.118147,-0.00110522,-0.000843326,-0.00043211,-0.000175543,-2.17355e-06,0.000132892,0.000433307,0.00085379,0.00116569,6.65026e-05,8.0091e-05,8.10636e-05,7.10136e-05,0.00010501,6.75213e-05,8.26365e-05,6.76497e-05,-0.000519362,0.000582326,9.6261e-05,-0.000511888,0.000514809,8.80258e-06,0.491459,-0.00111406,-0.000439542,0.000419396,0.00120319,1788398400,-0.00040351,0.000391261,6.03233e-05,1,-0.000426515,0.000452979,6.6537e-05,1,-0.000447515,0.00038926,2.96202e-05,1,-0.000435016,0.00035979,2.15614e-05,1
1788398520,0.000682584,-0.000188526,0.000682584,-0.00032261,0.000672736,0.488681,0.000199167,0.000199287,0.171259,-0.00104036,-0.00078013,-0.000400755,-0.000173888,-1.3589e-05,0.000109161,0.000374426,0.000752517,0.00103234,0.000197305,0.000197343,0.000196536,0.000195843,0.000181017,0.000194516,0.000208024,0.00020076,-0.000469057,0.000390595,7.73593e-05,-0.000465849,0.000354503,2.1389e-05,0.481416,-0.00102313,-0.00041195,0.000352887,0.00105101,1788398400,-0.000473847,0.000413027,6.41072e-05,1,-0.000410132,0.000375899,4.76627e-05,1,-0.000440985,0.000393882,0,1,-0.000455024,0.000397383,0,1
1788398580,0.000728134,4.60472e-05,0.00074905,4.60472e-05,0.000672935,0.499724,0.000208133,0.000207191,0.134204,-0.00104492,-0.00080488,-0.000415624,-0.000169404,1.12997e-06,0.00013666,0.00042091,0.000818978,0.00112659,0.000210729,0.000209835,0.000209058,0.000209112,0.000185377,0.000211142,0.000208249,0.000211664,-0.000502415,0.000557388,3.46675e-05,-0.000520134,0.000532777,0,0.491924,-0.00112415,-0.000450593,0.000422085,0.00121961,1788398400,-0.000434978,0.000387948,3.70508e-05,1,-0.000461304,0.000435708,3.87041e-05,1,-0.000393873,0.000384836,3.4212e-05,1,-0.000452472,0.000407969,0,1
1788398640,-0.000690459,-4.18316e-06,-4.18316e-06,-0.00112171,0.000674083,0.490328,0.000190029,0.00018952,0.10648,-0.00104132,-0.000802079,-0.000414161,-0.000181911,-1.16251e-05,0.000113747,0.000386197,0.000763512,0.00108882,0.000193477,0.000193316,0.000193852,0.000200748,0.000226422,0.000195624,0.000186813,0.000178027,-0.000484208,0.000460308,0,-0.000499931,0.000456822,0,0.486713,-0.0010932,-0.000442816,0.000388889,0.00116035,1788398400,-0.00050561,0.000445607,3.13764e-05,1,-0.0004525,0.000412495,4.22973e-05,1,-0.000464805,0.000434967,3.90916e-05,1,-0.000391058,0.000322173,0,1
1788398700,-0.000397753,-5.44201e-05,0.000498015,-0.000519204,0.000674414,0.497845,0.000116502,0.000116614,0.0857324,-0.00111952,-0.000827506,-0.000437946,-0.000178323,-2.52375e-06,0.000150328,0.000444912,0.000844148,0.00114337,0.000109985,0.000117554,0.000116843,0.000113093,0.000143039,0.00011334,0.000122762,0.00011271,-0.000530295,0.000571347,4.8107e-05,-0.000540957,0.000535938,2.77744e-05,0.489644,-0.00117849,-0.000467711,0.000438365,0.00125416,1788398700,-0.000491414,0.000425492,0,1,0.000501961,0,0.000492873,1,-0.000456424,0.000405996,2.3938e-05,1,-0.000477862,0.000401668,0,1
1788398760,0.00021355,-4.18772e-06,0.00081627,-8.37545e-06,0.000670002,0.500782,8.35312e-05,8.66803e-05,0.0827224,-0.00107175,-0.000796466,-0.000408794,-0.000167265,2.26122e-06,0.000146899,0.000434996,0.000819458,0.00112065,8.0986e-05,9.01372e-05,8.70851e-05,8.76686e-05,9.0645e-05,7.64102e-05,8.17772e-05,7.93928e-05,0.000508591,8.62052e-05,0.000556342,-0.00052245,0.000576254,1.70866e-05,0.495173,-0.00114441,-0.000446779,0.000431083,0.00122334,1788398700,0.000512682,0,0.000537661,1,-0.00048417,0.00043915,0,1,-0.000489656,0.00044704,1.27272e-05,1,-0.000443224,0.000371757,0,1
1788398820,0.000133969,0,0.000406039,-2.51212e-05,0.000663955,0.496391,7.02328e-05,7.26747e-05,0.0866359,-0.00103746,-0.000776933,-0.000405622,-0.000172399,-3.58646e-06,0.000127919,0.000397124,0.00076549,0.00104632,6.76777e-05,7.72987e-05,7.10074e-05,7.43677e-05,8.07519e-05,6.21093e-05,7.22997e-05,6.55156e-05,-0.000482793,0.00049446,5.70213e-05,-0.000499941,0.000488615,2.37487e-05,0.48835,-0.00109018,-0.000443241,0.00038808,0.00112959,1788398700,-0.000487728,0.000478087,4.10034e-05,1,-0.00049702,0.000472507,4.19272e-05,1,-0.000472192,0.000414689,3.70636e-06,1,-0.000473832,0.000389953,0,1
1788398880,0.000372507,-0.000154903,0.000443645,-0.000322394,0.000657555,0.496254,0.000112336,0.000110794,0.0943132,-0.000968391,-0.000724073,-0.000374816,-0.00016131,-2.70814e-06,0.000111196,0.000352266,0.000687525,0.000952706,0.00011095,0.000114939,0.000109447,0.000109345,0.000105997,0.000106149,0.000118845,0.000115992,-0.000439251,0.000393138,1.96571e-05,-0.000438408,0.000365399,0,0.485481,-0.000962069,-0.000391803,0.000325377,0.000974405,1788398700,-0.000482943,0.000437987,3.97933e-05,1,-0.000465793,0.000428102,5.89918e-05,1,-0.000485497,0.000454561,4.3797e-05,1,-0.000450479,0.000368334,0,1
1788398940,0.00084077,4.60306e-05,0.000870038,-4.60327e-05,0.000653074,0.502742,0.0002516,0.000248966,0.0961752,-0.000986852,-0.000749802,-0.00038265,-0.000159291,5.64611e-06,0.00013023,0.000385241,0.000741853,0.00103716,0.000254181,0.000242945,0.000256238,0.000250445,0.000220028,0.00025982,0.000253079,0.000253227,0.000461014,0,0.000490824,-0.000454874,0.000427709,2.85371e-06,0.491057,-0.000990534,-0.000398983,0.000359346,0.00104124,1788398700,-0.000435282,0.00037955,4.43485e-06,1,-0.000464379,0.00041185,8.35732e-05,1,-0.000453528,0.000441511,6.72243e-05,1,-0.000477599,0.00040393,0,1
1788399000,-0.000196535,5.85348e-05,0.0006813,-0.000493501,0.000657354,0.492182,7.93774e-05,8.17742e-05,0.0664903,-0.00112134,-0.000870492,-0.000466491,-0.000203973,-1.16709e-05,0.000142106,0.000426127,0.000826615,0.00112346,7.47631e-05,8.20081e-05,7.75937e-05,8.28586e-05,0.000100853,7.36474e-05,8.33472e-05,8.16167e-05,-0.00054061,0.000542834,5.68217e-05,-0.000516193,0.000509581,4.38241e-05,0.486521,-0.00109772,-0.000467481,0.000394789,0.00113442,1788399000,-0.000447049,0.000393455,2.49617e-05,1,-0.000441759,0.000377323,2.81771e-05,1,-0.000451387,0.000417629,9.22354e-05,1,-0.000459195,0.000378964,1.85476e-05,1
1788399060,0.000137997,3.76373e-05,0.000288516,-0.000598205,0.00065134,0.50623,7.27358e-05,7.41325e-05,0.0763919,-0.00106366,-0.000794869,-0.000404498,-0.000162774,1.08522e-05,0.000157577,0.000426574,0.000803003,0.00109484,6.80054e-05,7.5194e-05,6.79278e-05,7.8771e-05,6.96967e-05,6.29177e-05,7.5288e-05,7.21977e-05,0.000501081,4.07963e-05,0.000529704,-0.000502212,0.000562056,5.93778e-05,0.494076,-0.0011017,-0.000436301,0.000409751,0.00117771,1788399000,-0.000520337,0.000446227,4.27773e-05,1,0.000454666,0,0.000452343,1,-0.000429024,0.000374278,3.78311e-05,1,-0.000452864,0.00037075,1.31865e-05,1
1788399120,0.000183966,-2.92704e-05,0.000296837,-0.000250917,0.000645089,0.512442,7.34622e-05,7.41861e-05,0.086635,-0.000962839,-0.000703391,-0.00036185,-0.000137574,1.91835e-05,0.000146425,0.00039319,0.000758464,0.00102112,7.5651e-05,8.18747e-05,7.30479e-05,7.94052e-05,6.83539e-05,6.96892e-05,7.23198e-05,6.79376e-05,0.000456053,0,0.000469055,-0.000469589,0.00046933,5.0432e-05,0.49194,-0.000996989,-0.000403915,0.000382878,0.00109269,1788399000,-0.000494791,0.000506237,6.55005e-06,1,0.000543433,0,0.000509351,1,-0.000449805,0.000406063,1.18366e-05,1,-0.000408497,0.000328273,0,1
1788399180,-0.000146334,-7.94356e-05,9.19702e-05,-0.000321962,0.000639136,0.508041,6.46276e-05,6.64669e-05,0.0975075,-0.000904982,-0.000668968,-0.000336579,-0.000136452,1.18484e-05,0.000127508,0.000360511,0.000693998,0.000956531,6.62486e-05,7.28806e-05,6.23089e-05,6.43567e-05,8.20353e-05,6.24736e-05,6.27221e-05,6.4256e-05,0.000420778,0,0.000431291,-0.000427604,0.000374522,8.67585e-06,0.48806,-0.000924107,-0.000373613,0.000332462,0.000973222,1788399000,-0.00046609,0.000431001,4.52655e-05,1,-0.000474104,0.000459971,2.7913e-05,1,-0.000482363,0.000430765,9.71464e-06,1,-0.000437266,0.000364369,0,1
1788399240,0.000447295,-1.25439e-05,0.000447295,-0.000213267,0.00063305,0.51116,0.00012875,0.000125704,0.114004,-0.000858153,-0.000632189,-0.000309867,-0.000127568,1.57069e-05,0.000121198,0.000333322,0.000643273,0.000894313,0.000131331,0.000131105,0.000129099,0.000129466,0.000107318,0.000127456,0.000130499,0.000128207,0.000388815,0,0.000394482,-0.000404199,0.000336994,7.07057e-06,0.48654,-0.000874081,-0.000352846,0.000307564,0.000913974,1788399000,-0.000421714,0.000373132,1.67411e-05,1,-0.00045829,0.000446479,4.06419e-05,1,-0.000474294,0.000471182,2.65274e-05,1,-0.00043452,0.000373644,0,1
1788399300,-0.00128808,-7.94117e-05,0.000313406,-0.00148897,0.000629872,0.511684,0.000482275,0.000484025,0.108539,-0.00085579,-0.000638796,-0.000312207,-0.000131674,1.70861e-05,0.000126837,0.000350568,0.000672841,0.000934395,0.000467087,0.00044018,0.000485734,0.000469213,0.000515828,0.000486361,0.000502169,0.00048148,0.000401967,0,0.000397894,-0.000385072,0.000353761,1.5064e-05,0.487956,-0.000808748,-0.000332705,0.000293744,0.000873288,1788399300,-0.000395227,0.000361848,1.16296e-05,1,-0.000413456,0.000376699,3.87058e-05,1,-0.000460529,0.000423753,6.5548e-05,1,-0.000477691,0.000399492,0,1
1788399360,-0.00133584,0,4.1847e-05,-0.00133584,0.000649606,0.510543,0.000449112,0.000448665,0.0558015,-0.00117181,-0.000851173,-0.000435165,-0.000172049,1.99697e-05,0.000169547,0.000458859,0.000857047,0.00114733,0.000488179,0.000454516,0.000457152,0.000438431,0.000485969,0.000469783,0.000442775,0.000442057,0.000538968,0.000169663,0.000685661,-0.000543997,0.000592083,8.64109e-05,0.499597,-0.00119626,-0.000462198,0.000447593,0.00122193,1788399300,-0.000368161,0.000332929,4.50994e-05,0,-0.000396885,0.000356971,3.15628e-05,0,-0.000416911,0.000364296,4.73219e-05,0,-0.000459271,0.000390736,0,1
1788399420,0.000565541,2.93322e-05,0.000946577,2.93322e-05,0.000670251,0.519759,0.00015753,0.00015508,0.073206,-0.00122708,-0.000889575,-0.000430165,-0.000154877,3.74769e-05,0.000179842,0.000484242,0.000914622,0.00120847,0.00016407,0.000164467,0.000164656,0.000163136,0.000156629,0.000167333,0.000146436,0.000151624,0.000555229,0.000109559,0.00063701,0.000554244,8.83607e-06,0.000596253,0.500084,-0.0012186,-0.000464478,0.000461678,0.00123924,1788399300,0.000484668,1.40136e-05,0.000545931,1,-0.000371672,0.000365325,2.50491e-05,0,-0.00039608,0.000352538,3.92524e-05,1,-0.000412067,0.000345081,0,1
1788399480,0.000908385,6.28181e-05,0.00130162,6.28181e-05,0.000668318,0.510732,0.000262766,0.00025912,0.0606188,-0.00120437,-0.000876603,-0.000439437,-0.000166953,1.9751e-05,0.000167562,0.000457715,0.000862687,0.00116663,0.000279522,0.000267174,0.000259639,0.000276669,0.0002469,0.000262113,0.000255986,0.000268682,0.000540508,6.35092e-05,0.000653592,-0.000543493,0.000550276,3.61057e-05,0.499427,-0.00121241,-0.000462821,0.000450139,0.00124129,1788399300,-0.000487149,0.000458012,7.17592e-05,1,-0.000470197,0.000436506,7.67077e-05,1,-0.000371951,0.000350177,3.95187e-05,1,-0.000385314,0.00031824,0,1
1788399540,0.000234288,6.27611e-05,0.000665067,-5.43962e-05,0.000673958,0.499286,9.80857e-05,9.86249e-05,0.0503466,-0.00128159,-0.000961317,-0.000487479,-0.000203079,2.0553e-07,0.000163311,0.000474342,0.000908889,0.00122988,8.3795e-05,9.31176e-05,9.89925e-05,9.11311e-05,8.84551e-05,0.000109876,0.00010521,9.48234e-05,-0.000578739,0.00062231,0.000137844,-0.000578746,0.000544952,7.03271e-05,0.489464,-0.00125851,-0.000511955,0.000447907,0.00128262,1788399300,-0.000492668,0.000429135,3.71301e-05,1,-0.00046833,0.00040285,7.42303e-05,1,-0.000458678,0.000424078,7.00223e-05,1,-0.000372733,0.000320461,0,1
1788399600,0.000209139,5.43804e-05,0.000547852,5.43804e-05,0.000668006,0.505873,8.67013e-05,8.65529e-05,0.0509986,-0.00114648,-0.000853448,-0.000430748,-0.000178004,1.12187e-05,0.000162876,0.000433093,0.000819592,0.00113624,7.94649e-05,8.81665e-05,9.12218e-05,8.29872e-05,8.39657e-05,9.25833e-05,8.81411e-05,8.42934e-05,0.000518615,8.73571e-06,0.000577261,-0.000531275,0.000467171,1.32991e-05,0.488864,-0.00115525,-0.000474847,0.00040541,0.00117999,1788399600,-0.000552745,0.000490345,2.75626e-05,1,-0.000462382,0.000407463,4.12571e-05,1,-0.000443996,0.000399498,7.3664e-05,1,-0.000464126,0.000388169,0,1
1788399660,-0.000154759,4.18234e-06,0.000501756,-0.000179857,0.000661954,0.513236,7.15375e-05,7.4759e-05,0.0559462,-0.0010383,-0.000774428,-0.00038454,-0.000149676,2.24285e-05,0.0001623,0.000408788,0.000748198,0.00103708,6.81641e-05,7.60913e-05,7.7287e-05,6.38838e-05,9.05926e-05,7.33674e-05,7.38971e-05,7.13139e-05,0.000479275,4.58998e-05,0.000490218,-0.000481045,0.000450253,0,0.492323,-0.00106754,-0.000423502,0.000378639,0.00110532,1788399600,-0.00051459,0.000481529,1.1629e-05,1,-0.000538272,0.0005035,1.59994e-05,1,-0.000474261,0.00044263,5.68642e-06,1,-0.000450894,0.000361454,0,1
1788399720,0.000915657,-9.62136e-05,0.000940732,-0.000230091,0.000655666,0.506876,0.000282608,0.000277261,0.0669721,-0.00102187,-0.000763485,-0.00038212,-0.00016027,1.18181e-05,0.000148403,0.000394857,0.000727617,0.00098827,0.0002819,0.000272848,0.000275918,0.000285975,0.000242464,0.000283434,0.000285254,0.000291466,0.000467828,4.10141e-05,0.000514289,-0.000461768,0.000433635,1.38891e-05,0.487435,-0.00101489,-0.00041279,0.000354614,0.00103543,1788399600,-0.000474012,0.000448952,0,1,-0.000541819,0.000495636,0,1,-0.000532518,0.000494014,0,1,-0.000502453,0.000406526,0,1
1788399780,-0.00155586,0.000108653,0.000238184,-0.00168144,0.000661868,0.501445,0.000563212,0.000564381,0.0471807,-0.00110668,-0.000833342,-0.000434255,-0.000180742,3.65621e-06,0.000155363,0.000439643,0.000834518,0.00112425,0.000598836,0.000560957,0.000556426,0.000590197,0.000596773,0.000580781,0.000551921,0.00053289,0.000524882,6.54523e-05,0.000592576,-0.000503186,0.000496028,2.12383e-05,0.488117,-0.00107202,-0.00044591,0.00039478,0.00114278,1788399600,-0.0004633,0.000450221,0,1,-0.000470198,0.000413542,0,1,-0.000509637,0.000451989,0,1,-0.000526275,0.000426004,0,1
1788399840,-0.000401906,0.000138118,0.00023437,-0.000456343,0.000691174,0.510453,0.000126539,0.000129511,0.0465099,-0.00136997,-0.000994749,-0.000501007,-0.00019668,2.26357e-05,0.000200103,0.000528378,0.000988113,0.00130521,0.000112684,0.00011897,0.000128964,0.000116,0.000136324,0.000149068,0.000134191,0.000119307,0.000620936,0.000112036,0.000744922,-0.000604226,0.00062243,8.28983e-05,0.498897,-0.00134323,-0.000514035,0.000496074,0.00134626,1788399600,-0.000508172,0.000448315,2.24796e-05,0,-0.00044091,0.000396848,4.35471e-05,1,-0.000451744,0.000411456,0,1,-0.000458615,0.000409092,5.68608e-05,1
1788399900,-0.000108877,-2.0937e-05,6.28084e-05,-0.0003895,0.000686584,0.504675,7.72199e-05,8.09961e-05,0.0475441,-0.00122797,-0.000911534,-0.00045627,-0.000180637,9.09579e-06,0.00017344,0.000469001,0.000869956,0.00114965,6.30691e-05,7.67719e-05,8.68123e-05,6.94583e-05,8.92437e-05,0.000101017,7.74463e-05,6.85127e-05,0.000556787,0,0.000610137,-0.000553075,0.000476109,4.13628e-05,0.489022,-0.00119828,-0.000489737,0.00043115,0.0011766,1788399900,0.000544059,1.53628e-05,0.000575911,1,-0.000475653,0.000455326,3.00898e-05,1,-0.000427363,0.000406143,5.67803e-05,1,-0.000423689,0.000377351,4.6593e-05,1
1788399960,-0.000712182,1.67511e-05,5.02525e-05,-0.000925936,0.000679858,0.501483,0.000200086,0.000202072,0.0502996,-0.00109521,-0.000791664,-0.000388532,-0.000160635,3.12303e-06,0.000146688,0.000408888,0.000776806,0.0010382,0.000203402,0.000199247,0.000199883,0.000204563,0.000210097,0.00020643,0.000193108,0.000208242,0.000481039,0,0.000575442,-0.000493584,0.00035685,4.92503e-05,0.490048,-0.00111506,-0.000429234,0.000393628,0.00109651,1788399900,-0.000529381,0.000447477,5.29917e-05,1,-0.000519373,0.00047245,5.99777e-05,1,-0.000463632,0.000430732,5.2232e-05,0,-0.000423451,0.000388867,7.80601e-05,1
1788400020,-0.000268247,-8.80106e-05,6.70505e-05,-0.000414975,0.000680519,0.511864,9.68124e-05,9.82945e-05,0.0437793,-0.00117328,-0.000839745,-0.000413779,-0.000163525,2.16462e-05,0.000174343,0.0004556,0.000841331,0.00111435,8.67404e-05,9.53569e-05,9.93507e-05,8.72479e-05,0.000105165,0.000102268,9.61644e-05,0.000104438,0.000526762,0,0.000599343,-0.000548114,0.000464649,5.86804e-05,0.493078,-0.00122837,-0.000474595,0.000442462,0.00121133,1788399900,-0.000456812,0.000380936,2.53579e-05,1,-0.000545736,0.000457071,0,1,-0.000508373,0.000465301,3.88772e-05,1,-0.000465038,0.000434184,1.25192e-05,0
1788400080,0.000310154,-4.19201e-05,0.000318535,-0.000222197,0.000674747,0.507512,9.59317e-05,9.74611e-05,0.0566534,-0.0010401,-0.000753364,-0.000371042,-0.000155342,1.25287e-05,0.000146432,0.000403734,0.000738338,0.000980724,9.61478e-05,0.000105444,0.000106658,9.17453e-05,0.000107763,9.98522e-05,9.47795e-05,8.9786e-05,0.000468699,0,0.000513328,-0.000482976,0.000357951,2.08487e-05,0.490119,-0.00108267,-0.000424215,0.000377875,0.00105206,1788399900,-0.00050786,0.00045993,2.39493e-05,1,-0.00045303,0.000386612,4.50954e-05,1,-0.000468015,0.000408928,3.05683e-05,1,-0.000514302,0.000478565,3.14431e-05,1
1788400140,-0.000410765,-2.93348e-05,2.93339e-05,-0.000620405,0.000669404,0.502102,0.000116207,0.000117226,0.0625931,-0.000967006,-0.000710224,-0.000348585,-0.000151547,4.21968e-06,0.000131958,0.000368597,0.000682663,0.000916051,0.000114684,0.000117785,0.000117371,0.00011538,0.000125359,0.000117767,0.00011294,0.000120467,0.000432818,0,0.000464701,-0.000434178,0.000337515,1.6403e-05,0.489427,-0.000966971,-0.000380633,0.000337602,0.000944668,1788399900,-0.000457513,0.00038486,2.51044e-05,1,-0.000499642,0.000436885,2.30713e-05,1,-0.000478317,0.000401054,3.02263e-06,1,-0.000429647,0.00034776,1.24981e-05,1
1788400200,-0.000566127,1.2577e-05,1.2577e-05,-0.000679391,0.000665218,0.499922,0.000158653,0.000158616,0.0781769,-0.00101478,-0.000736083,-0.000370976,-0.000164406,1.20096e-06,0.00013701,0.000374317,0.000691577,0.000932204,0.000157823,0.0001585,0.000158794,0.000158565,0.00016005,0.000160333,0.000157399,0.000159374,-0.000447601,0.000363102,4.50761e-05,-0.000448354,0.000353152,4.78235e-05,0.488098,-0.00101239,-0.000395729,0.00035152,0.000985573,1788400200,-0.000425418,0.000352413,1.77426e-05,1,-0.000479384,0.000401915,0,1,-0.000495163,0.000443924,0,1,-0.00049064,0.000401076,0,1
1788400260,0.000633202,-2.09738e-05,0.000805062,-3.77532e-05,0.000663381,0.503088,0.000179473,0.000178021,0.0875933,-0.000969407,-0.000707444,-0.000355949,-0.000149165,5.32751e-06,0.000138314,0.000368639,0.000682866,0.000903134,0.00018232,0.000183473,0.000182612,0.000187779,0.000184473,0.000178703,0.000181144,0.000171836,0.000436339,0,0.000450842,-0.000450549,0.000349108,3.15911e-05,0.485742,-0.000999043,-0.000398045,0.000347972,0.000974111,1788400200,-0.000444533,0.000398497,0,1,-0.000433641,0.000386568,1.75135e-06,1,-0.000469531,0.000400706,0,1,-0.000499756,0.000400856,0,1
1788400320,0.000226346,-3.77293e-05,0.000393976,-5.44983e-05,0.000662791,0.4995,8.18182e-05,8.33721e-05,0.0618753,-0.00098572,-0.000732402,-0.000373576,-0.00015979,3.77605e-07,0.000136017,0.000381366,0.000699565,0.000949898,8.19371e-05,8.99899e-05,8.75707e-05,7.62597e-05,9.12047e-05,7.92153e-05,8.26942e-05,8.04004e-05,-0.000453843,0.000449379,3.28892e-05,-0.000465633,0.00043895,1.80763e-05,0.492838,-0.00103728,-0.000405133,0.000377043,0.00105774,1788400200,-0.000439323,0.000386005,2.16968e-05,1,-0.000448701,0.00040146,0,1,-0.000445364,0.000385384,0,1,-0.000455122,0.000355446,0,1
1788400380,0.00123562,-3.77207e-05,0.0019637,-3.77207e-05,0.00065691,0.4976,0.00046308,0.000459715,0.0740183,-0.000913496,-0.000681517,-0.000347691,-0.000161146,-1.5332e-06,0.000120951,0.000334325,0.000620792,0.000849239,0.000436456,0.000414074,0.000430748,0.000482099,0.000398495,0.000451709,0.000482789,0.000471026,-0.000410904,0.000317089,0,-0.000420775,0.00032138,0,0.484953,-0.000938042,-0.000376979,0.000312471,0.0009115,1788400200,-0.000455872,0.000399812,1.10282e-05,1,-0.000445462,0.000390368,9.35977e-06,0,0.000454849,0,0.000432215,1,-0.000451007,0.000373877,0,1
1788400440,-0.000447996,-0.000125586,0.000443611,-0.000649031,0.000673376,0.498332,0.000125738,0.000127735,0.0352101,-0.00118632,-0.000910947,-0.000488947,-0.000214024,-1.71143e-06,0.000170286,0.000465813,0.000882593,0.00122841,0.000125273,0.000125796,0.000127182,0.00012798,0.000138151,0.000129382,0.000127362,0.000121739,-0.000575703,0.00067215,9.38326e-05,-0.000577632,0.000604471,8.70326e-05,0.486487,-0.00121354,-0.000513644,0.00044515,0.00128345,1788400200,-0.00042717,0.000368307,0,1,-0.000439244,0.000401665,3.81981e-06,1,-0.000429866,0.000392685,1.17218e-05,1,-0.000461845,0.000375097,0,1
1788400500,0.000552639,-4.18782e-06,0.000841397,-5.86311e-05,0.000669612,0.502041,0.000159725,0.000156377,0.0373172,-0.00113722,-0.000850719,-0.000432116,-0.000189453,4.63154e-06,0.000171033,0.000443983,0.000829134,0.00110131,0.000159917,0.000160757,0.000160384,0.000160517,0.000149285,0.000157257,0.000159993,0.000160295,0.000527159,5.32909e-05,0.000598291,-0.000542423,0.000525458,4.97345e-05,0.494183,-0.00121085,-0.000471918,0.000438576,0.00123031,1788400500,-0.000616063,0.000551145,1.87561e-05,1,-0.000435114,0.000373935,0,1,-0.000446098,0.000419531,0,1,-0.000428554,0.000340918,0,1
1788400560,-0.000372579,-0.000192552,-0.000154876,-0.000460511,0.000667473,0.505232,0.000111028,0.000112942,0.038048,-0.00107564,-0.000804935,-0.000415274,-0.000175245,9.79625e-06,0.000171504,0.000454245,0.000828504,0.00109498,0.000103999,0.000111116,0.000111545,0.000108253,0.00012297,0.000106781,0.000116264,0.00010922,0.00052543,7.07534e-05,0.000528858,-0.000510407,0.000516074,0,0.494896,-0.00111371,-0.00044065,0.000418449,0.00118229,1788400500,-0.000553132,0.000537476,0,1,-0.000592965,0.000577212,0,1,-0.000431284,0.000366283,1.11534e-06,1,-0.000466505,0.000379006,0,1
1788400620,-0.000330833,-4.18707e-06,0.000121417,-0.00058636,0.000662862,0.495791,9.53944e-05,9.6617e-05,0.0411163,-0.000996399,-0.000735546,-0.000367524,-0.000171278,-4.71477e-06,0.000129497,0.000377049,0.000702963,0.00093632,9.68537e-05,0.000103637,0.000102456,9.33058e-05,0.000113456,9.64926e-05,9.00964e-05,9.49047e-05,-0.000447862,0.000360523,2.07815e-05,-0.000428499,0.000283336,0,0.482093,-0.000964398,-0.000377773,0.000323177,0.000949979,1788400500,-0.000553987,0.000477354,0,1,-0.000536266,0.000477695,0,1,-0.00055894,0.000545628,3.06977e-05,1,-0.000417519,0.000331555,0,1
1788400680,-0.000309993,0,0.000205213,-0.000377031,0.000657866,0.500946,9.63366e-05,9.68775e-05,0.0480714,-0.00100976,-0.00074227,-0.000372902,-0.000170561,2.40217e-06,0.000153174,0.000412845,0.000755449,0.00100154,9.33099e-05,9.95034e-05,9.67724e-05,9.59651e-05,0.000107374,9.19381e-05,9.6538e-05,9.56436e-05,0.000475627,0,0.000515335,-0.000484316,0.000402483,1.99831e-05,0.490293,-0.00106735,-0.000420297,0.00038982,0.00108737,1788400500,-0.000442538,0.000363786,0,1,-0.000516661,0.000444408,0,1,-0.0005322,0.00048034,0,1,-0.000551738,0.000433921,0,1
1788400740,-0.000448403,-8.37984e-05,-7.12282e-05,-0.000544815,0.000652728,0.495216,0.000125032,0.000125083,0.0585988,-0.000939649,-0.000689835,-0.000347136,-0.000167385,-5.34663e-06,0.000124758,0.000359174,0.000673342,0.000904009,0.000124505,0.000125795,0.000125972,0.00012596,0.000130403,0.000127108,0.00012165,0.000125419,-0.000425141,0.000351346,4.11441e-05,-0.000424877,0.000328787,2.94484e-05,0.485134,-0.000944701,-0.00037521,0.000324547,0.000932181,1788400500,-0.000507993,0.000428099,0,1,-0.000433389,0.000342114,3.34709e-06,1,-0.000500999,0.000438744,1.55425e-05,1,-0.000526672,0.000466424,3.37125e-05,1
1788400800,4.19162e-06,1.67664e-05,3.77239e-05,-0.000863848,0.000649272,0.482252,6.25921e-05,6.5586e-05,0.0679329,-0.00103962,-0.000789544,-0.000406955,-0.000197603,-2.43897e-05,0.000115631,0.000388102,0.000729373,0.000961057,5.71349e-05,6.57599e-05,5.9187e-05,6.08328e-05,6.88571e-05,5.38182e-05,7.19638e-05,5.78053e-05,-0.000479744,0.000430336,0.000145799,-0.000474193,0.0003977,0.00013588,0.479489,-0.00104652,-0.00042942,0.000355569,0.0010012,1788400800,-0.000420978,0.00036377,1.50219e-05,1,-0.000492375,0.000409563,1.1144e-05,1,-0.000435503,0.000348999,0,1,-0.000498976,0.000430375,2.05883e-05,1
1788400860,-0.000301841,4.1916e-06,0.000364603,-0.000721216,0.000642747,0.498157,9.10759e-05,9.05974e-05,0.0926931,-0.00093651,-0.00069004,-0.000341703,-0.000163135,-8.08452e-07,0.000122954,0.000367904,0.000713152,0.000943443,9.15675e-05,9.63186e-05,8.97894e-05,9.10998e-05,9.84424e-05,8.89323e-05,8.65092e-05,9.45523e-05,-0.000428504,0.000326836,7.17703e-05,-0.000445118,0.000372531,0.000110287,0.4946,-0.000968032,-0.000377308,0.000370622,0.00101934,1788400800,-0.000534183,0.000438738,0,1,-0.000423069,0.000359897,2.52168e-05,1,-0.000482991,0.000405121,2.81252e-05,1,-0.000426207,0.000365361,0,1
1788400920,-0.000415181,6.28911e-05,0.000301841,-0.000415181,0.000637717,0.497761,0.000117958,0.000116832,0.125135,-0.000980601,-0.000729243,-0.00036484,-0.000174446,-1.76439e-06,0.000133102,0.000382088,0.000734325,0.000971249,0.000115052,0.00011619,0.000116365,0.000116779,0.000113969,0.000118107,0.000116423,0.000123311,-0.000450104,0.000413601,6.35461e-05,-0.000442011,0.00039183,0.000100397,0.493238,-0.000968714,-0.000380578,0.000358279,0.00100113,1788400800,-0.000435592,0.000366396,6.10865e-05,1,-0.000559458,0.000425475,0,1,-0.000416691,0.000374358,2.39113e-05,1,-0.000483082,0.00041839,1.44189e-05,1
1788400980,0.000130025,0,0.000729596,0,0.000634032,0.495879,6.33396e-05,6.63266e-05,0.157727,-0.000945085,-0.000685923,-0.000347087,-0.000168442,-4.29631e-06,0.000124335,0.000359184,0.000687944,0.000915398,6.65343e-05,7.02992e-05,6.16791e-05,6.41396e-05,7.35933e-05,6.03898e-05,6.20687e-05,6.26936e-05,-0.000425078,0.000389926,1.81979e-05,-0.000412644,0.000349851,3.50735e-05,0.489708,-0.000914323,-0.000356077,0.000326545,0.000928478,1788400800,-0.00043446,0.000386807,4.42818e-05,1,-0.000453296,0.000426162,1.51988e-05,1,-0.000549256,0.000397757,0,1,-0.000424853,0.000373475,1.34751e-05,1
1788401040,-0.00055377,4.19406e-06,7.96841e-05,-0.00055377,0.000627929,0.500515,0.000156893,0.000155372,0.197395,-0.000906743,-0.000661314,-0.000335314,-0.000163953,2.60562e-06,0.000125597,0.000355351,0.000672535,0.000893554,0.000153433,0.000154652,0.000154777,0.000155117,0.000148615,0.000156835,0.000157437,0.000161754,0.000416481,0,0.000425561,-0.000413144,0.000380638,4.31952e-05,0.4924,-0.00090873,-0.000358695,0.000327133,0.000929933,1788400800,-0.000406772,0.000361921,6.99776e-06,1,-0.000447242,0.000404653,2.17881e-05,1,-0.000482531,0.000418859,1.28542e-05,1,-0.000463737,0.000328707,0,1
1788401100,0.000415356,0,0.000415356,-0.000491098,0.000626532,0.49758,0.000119551,0.000119482,0.209828,-0.000909407,-0.000662459,-0.00033342,-0.000164346,-1.6906e-06,0.000122874,0.000349377,0.000669902,0.000881129,0.000122227,0.000122404,0.000120844,0.000121122,0.000131482,0.000117924,0.000119018,0.000115404,-0.000411446,0.000367718,0,-0.000403705,0.000326379,3.03771e-05,0.488021,-0.0009057,-0.00034724,0.000319602,0.000907853,1788401100,-0.000423561,0.000372485,8.79947e-06,1,-0.000412437,0.00035331,1.37622e-07,1,-0.000453387,0.000403954,2.82778e-05,1,-0.000510769,0.000414541,0,1
1788401160,0.00107744,4.19464e-06,0.0011361,4.19464e-06,0.00062301,0.500813,0.000352929,0.000351461,0.145984,-0.000930096,-0.000688744,-0.000349005,-0.000161112,2.07757e-06,0.00014412,0.000396448,0.000723105,0.000965035,0.000358643,0.000352062,0.000386057,0.000358305,0.000364284,0.000376009,0.00032628,0.000346807,0.000451474,2.16728e-05,0.000496312,-0.000448719,0.000447642,5.18418e-05,0.496835,-0.000979339,-0.00037205,0.000384462,0.00105052,1788401100,-0.000396993,0.000351268,0,0,-0.000430402,0.000369731,6.92831e-06,1,-0.000405273,0.000371639,2.15442e-06,1,-0.000473717,0.000367184,0,1
1788401220,-0.000901284,-2.93313e-05,-2.93313e-05,-0.000901284,0.000635293,0.491285,0.000264698,0.000264281,0.0472373,-0.00101524,-0.000757029,-0.000393264,-0.000193834,-1.18937e-05,0.000128177,0.00038776,0.000733326,0.00100502,0.000276533,0.000266231,0.000267897,0.000279133,0.000267319,0.000275618,0.000248298,0.000262766,-0.0004695,0.000491512,6.93708e-05,-0.000495251,0.000464733,3.09728e-05,0.486276,-0.0010618,-0.000433362,0.00038897,0.00111759,1788401100,-0.000438443,0.000383999,2.16102e-05,1,-0.000397004,0.000335151,0,1,-0.00042596,0.000383982,2.71276e-05,1,-0.000415759,0.000311556,0,1
1788401280,-0.000923086,-4.19392e-06,7.12939e-05,-0.000923086,0.000641694,0.492157,0.00027712,0.000275116,0.0371044,-0.00100727,-0.000744589,-0.000379401,-0.000182461,-1.05042e-05,0.000128765,0.000371966,0.000711362,0.000973129,0.000286193,0.000273039,0.000269536,0.000306756,0.000267741,0.000279984,0.000271606,0.000273236,-0.000452005,0.00042386,1.47689e-05,-0.000495367,0.000429955,8.634e-06,0.487592,-0.0010948,-0.000426502,0.000395011,0.00110694,1788401100,-0.000510023,0.000426726,0,0,-0.000435167,0.000412666,0,1,-0.000397245,0.000360206,0,1,-0.000438217,0.000327452,0,1
1788401340,0.000415494,8.39553e-06,0.000415494,-0.000256098,0.000648519,0.5007,0.000118562,0.000118253,0.0358455,-0.00104907,-0.000770831,-0.0003868,-0.000173614,2.00549e-06,0.000155387,0.00040888,0.000782588,0.00104983,0.000122399,0.000122938,0.000123671,0.000121279,0.000124876,0.000121067,0.000111052,0.000118469,0.00048012,0,0.000486232,-0.0005229,0.000506552,2.59699e-06,0.495842,-0.00114118,-0.000434217,0.000435533,0.00116201,1788401100,0.00049229,0,0.000457652,1,-0.00049607,0.000459062,0,1,0.000460494,0,0.000436453,1,-0.000411006,0.000307787,0,1
1788401400,0.000989775,7.55258e-05,0.00100235,7.55258e-05,0.000644685,0.497712,0.000306433,0.000304391,0.0350448,-0.00101794,-0.00074696,-0.000378429,-0.000173889,-2.884e-06,0.000149466,0.000410921,0.000743098,0.00101538,0.00031491,0.000306179,0.000303161,0.000340815,0.000302234,0.000306395,0.000299691,0.000300638,-0.000476924,0.000421608,3.48371e-05,-0.000503886,0.000462308,1.20039e-05,0.497007,-0.00111315,-0.000416814,0.000427428,0.00115088,1788401400,-0.000524064,0.000455894,0,1,-0.000489281,0.000415148,0,1,-0.000491488,0.000439569,0,1,0.000484748,0,0.000387567,1
1788401460,0.000385579,1.67674e-05,0.000385579,-0.000159304,0.000653375,0.492463,0.000116385,0.000116208,0.0337698,-0.00107038,-0.000805979,-0.00041106,-0.000193594,-1.0421e-05,0.000134102,0.000404699,0.000749924,0.00104537,0.000113559,0.000115156,0.000120488,0.000112489,0.000115251,0.000116582,0.000124251,0.000114189,-0.000490322,0.000434487,2.47429e-05,-0.000537126,0.000498237,4.13771e-06,0.490749,-0.00116995,-0.000461065,0.00043099,0.00121188,1788401400,-0.000503196,0.000395526,0,1,-0.000505896,0.00040783,0,1,0.000468082,0,0.00045255,1,-0.000492264,0.000376839,0,1
1788401520,6.70421e-05,3.77117e-05,0.000155028,-0.000368812,0.000649103,0.495276,6.33033e-05,6.68085e-05,0.0369393,-0.000994085,-0.000755519,-0.000376947,-0.000179442,-5.93025e-06,0.000135756,0.000388294,0.000719301,0.00100429,6.07354e-05,6.90637e-05,7.37628e-05,4.97901e-05,7.23334e-05,6.54834e-05,6.58747e-05,6.28676e-05,-0.000460504,0.000361282,0,-0.000488333,0.000424301,0,0.492989,-0.00107982,-0.000417292,0.000398344,0.00112805,1788401400,-0.0005597,0.000447813,0,1,-0.000471314,0.000391755,9.5086e-06,1,-0.000479144,0.000405252,2.54279e-05,1,-0.00044981,0.000335104,0,1
1788401580,0.00103858,5.44684e-05,0.00106788,5.44684e-05,0.000642649,0.501565,0.000341947,0.000337334,0.043129,-0.000945378,-0.000713659,-0.000358642,-0.000171875,3.96071e-06,0.000141149,0.000376894,0.000700566,0.000962938,0.000338957,0.000325355,0.00032485,0.000375089,0.000311447,0.0003451,0.000341725,0.00033225,0.000443533,0,0.000452034,-0.000477999,0.000418533,0,0.490996,-0.00103484,-0.000407045,0.000390724,0.00109987,1788401400,-0.000501727,0.00042401,0,1,-0.000532979,0.000457854,0,1,-0.000498088,0.000405823,0,1,-0.000473819,0.000345536,0,1
1788401640,0.00042266,-7.53444e-05,0.000510518,-0.000146508,0.000652925,0.497028,0.000125463,0.000122245,0.0399949,-0.00104579,-0.000800927,-0.00040978,-0.000192176,-3.38147e-06,0.00014642,0.00042752,0.00078313,0.00110965,0.000123385,0.000124848,0.000125724,0.000122539,0.000117286,0.000122236,0.000130328,0.000125993,-0.000504122,0.000526377,1.92286e-07,-0.000518827,0.00054788,0,0.490136,-0.00111345,-0.000448123,0.000418307,0.00120425,1788401400,-0.000497719,0.000432732,0,1,0.00051808,0,0.000434058,1,-0.000537334,0.000450378,0,1,0.000526617,0,0.000406678,1
1788401700,-0.000853875,-8.3681e-05,5.85725e-05,-0.00089575,0.000649121,0.49491,0.00023457,0.0002354,0.0455327,-0.00109073,-0.000849716,-0.000435017,-0.00021037,-7.05409e-06,0.000147843,0.000418955,0.000777503,0.00109259,0.000258686,0.000244436,0.000238964,0.00025887,0.000255801,0.000255376,0.000224987,0.000230387,-0.000514596,0.000466538,7.49063e-06,-0.000530769,0.000510344,0,0.488203,-0.00114381,-0.000467979,0.000413034,0.00117512,1788401700,-0.000553242,0.000471228,0,1,-0.000508797,0.000454556,0,1,0.000521565,0,0.000439,1,0.000537734,0,0.000424684,1
1788401760,0.000314009,8.37486e-06,0.000385171,-3.35001e-05,0.000653844,0.503589,9.97894e-05,0.000101119,0.0340199,-0.00105129,-0.00078347,-0.000398288,-0.000182972,7.49351e-06,0.000157356,0.000410059,0.00077395,0.00107268,9.67836e-05,0.000103226,0.000107438,9.26952e-05,0.000100774,9.9012e-05,0.000101853,9.95955e-05,0.000486475,2.77641e-05,0.000496289,-0.000509195,0.000519351,0,0.493961,-0.0011196,-0.000431938,0.000418005,0.0011758,1788401700,0.000543854,0,0.000510953,1,-0.000504589,0.000459881,0,1,0.000514671,0,0.000496113,1,0.000487738,0,0.000385812,1
1788401820,-5.02348e-05,9.20907e-05,0.000376681,-0.000314009,0.000648794,0.500248,5.73761e-05,6.21412e-05,0.0369221,-0.000926401,-0.000698766,-0.00035209,-0.000162423,1.74778e-06,0.000134142,0.000368659,0.000700934,0.00096352,5.96047e-05,6.68563e-05,6.98814e-05,4.49084e-05,7.31695e-05,6.03429e-05,5.68536e-05,5.48917e-05,0.000434368,0,0.000389543,-0.000443618,0.000406949,0,0.494431,-0.000973111,-0.000373419,0.000363201,0.00103529,1788401700,0.000500998,0,0.000469786,1,0.000551064,0,0.000494512,1,-0.000497811,0.000454144,0,1,-0.000490058,0.000386575,0,1
1788401880,0.000477129,3.34902e-05,0.000552445,2.9304e-05,0.000642313,0.499041,0.000140962,0.000137458,0.0439083,-0.000985549,-0.000733593,-0.000370111,-0.000172701,-3.3433e-08,0.000138373,0.000371897,0.000721268,0.000997155,0.000138709,0.00013986,0.000139465,0.000138226,0.000129291,0.0001354,0.00014662,0.00014185,-0.000445438,0.000392064,3.91646e-05,-0.000490702,0.000458332,3.11545e-05,0.490883,-0.00108223,-0.000420862,0.000396495,0.00113238,1788401700,-0.000441684,0.000363593,0,1,-0.000480642,0.000420164,0,1,-0.000497683,0.000413421,0,1,-0.000500157,0.000396243,0,1
1788401940,-0.000644597,4.18434e-06,0.000338875,-0.000644597,0.000639428,0.504446,0.000180529,0.000182071,0.0478933,-0.000901473,-0.000687268,-0.000343325,-0.000152392,7.70622e-06,0.000132894,0.00036208,0.000676458,0.000941984,0.000179713,0.000179735,0.000179888,0.000190628,0.000189812,0.000181667,0.000180563,0.000180196,0.000425497,0,0.000389532,-0.000430594,0.000405397,0,0.492706,-0.000942888,-0.000369231,0.000344986,0.00100562,1788401700,-0.000464932,0.000434021,0,1,-0.000425045,0.000352279,0,1,-0.000461473,0.000421586,4.57878e-06,1,-0.000447763,0.000369285,0,1
1788402000,0.000535798,0,0.000535798,-5.4433e-05,0.000639531,0.500007,0.000156433,0.000152703,0.0406757,-0.00101362,-0.000754098,-0.000385335,-0.000175664,1.09409e-06,0.000150272,0.000390656,0.000748726,0.00101939,0.000155006,0.000156129,0.000155679,0.000154926,0.000146685,0.000151369,0.000155354,0.000163033,0.000466267,2.75966e-05,0.000503189,-0.000486472,0.000503047,2.5855e-05,0.495625,-0.00108108,-0.00041322,0.000398761,0.00112882,1788402000,-0.00042138,0.000367073,0,1,-0.000447077,0.00040551,3.47462e-05,1,-0.000421623,0.000350087,7.06521e-06,1,-0.00045301,0.000354163,0,1
1788402060,7.95081e-05,9.20614e-05,0.00022177,-0.000167406,0.000637622,0.504836,5.93924e-05,6.23538e-05,0.0401812,-0.000896848,-0.00068533,-0.000345953,-0.000148645,7.91582e-06,0.000138857,0.000372986,0.00069594,0.000953656,6.11753e-05,6.79713e-05,6.69189e-05,4.88889e-05,7.03838e-05,5.92826e-05,6.04211e-05,5.83524e-05,0.000434341,0,0.000395014,-0.000427513,0.000421621,0,0.494445,-0.000925493,-0.00036166,0.000349008,0.0010019,1788402000,0.000442202,5.72547e-06,0.000447194,1,-0.000420944,0.000375426,0,1,-0.000460895,0.000422653,1.12238e-05,1,-0.000415584,0.00032472,0,1
1788402120,0.000506193,2.51065e-05,0.000506193,-0.000368301,0.000631314,0.499647,0.000149965,0.000145237,0.0497453,-0.000906128,-0.000681504,-0.000347824,-0.000162714,1.39375e-06,0.000123013,0.00034644,0.000652996,0.000903767,0.000146637,0.000147703,0.000146854,0.00014552,0.000136078,0.000143083,0.000156999,0.000153149,-0.000416763,0.000326872,2.94157e-05,-0.000415573,0.000339139,1.57302e-05,0.488107,-0.000915806,-0.000360341,0.000326033,0.000953079,1788402000,-0.000419059,0.000358747,0,1,-0.000438169,0.000402367,7.67238e-06,1,-0.000416098,0.0003685,0,1,-0.000476306,0.000386565,0,1
1788402180,-0.000255156,-1.67295e-05,-1.67295e-05,-0.00059407,0.000629055,0.505651,8.4313e-05,8.71717e-05,0.0511036,-0.000933549,-0.000713344,-0.000372015,-0.000165399,1.00859e-05,0.000150232,0.00040214,0.000734944,0.0010174,8.43202e-05,8.66856e-05,8.37106e-05,8.0017e-05,9.69001e-05,8.24346e-05,8.58517e-05,8.47667e-05,0.000467218,4.0231e-06,0.000481693,-0.000463381,0.000474787,6.02239e-06,0.493081,-0.000990893,-0.000397035,0.000377437,0.00108576,1788402000,-0.000403899,0.000363157,0,1,-0.000407592,0.000369558,0,1,0.000433323,0,0.000422051,1,-0.000404207,0.000321871,0,1
1788402240,0.000401527,0,0.00104113,-0.000158983,0.000623778,0.50657,0.000116914,0.000111833,0.059063,-0.000911098,-0.000684837,-0.000343997,-0.000153707,1.08726e-05,0.000139097,0.00038331,0.000697653,0.000955438,0.000117759,0.000118547,0.00011749,0.000116927,0.000110288,0.000113997,0.000120925,0.00011385,0.00044028,0,0.000456339,-0.00043078,0.000387835,1.32799e-05,0.490337,-0.000944945,-0.00036875,0.000348009,0.00100909,1788402000,-0.000451517,0.000413721,1.27724e-05,1,-0.000411984,0.000376928,5.55831e-06,1,-0.000406134,0.000363953,0,1,-0.000437325,0.000348233,0,1
1788402300,0.000405546,4.18165e-05,0.000936271,-0.000393161,0.000620114,0.509467,0.000118108,0.00011354,0.0665984,-0.000968638,-0.000731152,-0.000387668,-0.000163373,1.68237e-05,0.000161805,0.000418696,0.000766314,0.00107842,0.000118876,0.000119416,0.000118355,0.000119104,0.000109345,0.0001151,0.000117024,0.000120758,0.000486504,7.63602e-05,0.000501822,-0.000464675,0.000563635,2.55889e-05,0.49586,-0.000995934,-0.000399289,0.000379243,0.00109224,1788402300,-0.000391525,0.000382481,1.17024e-05,1,0.000444816,0,0.000435236,1,-0.000430957,0.000382583,0,1,-0.000404579,0.000328507,0,1
1788402360,-0.000372093,-4.59815e-05,9.61364e-05,-0.00045991,0.000616555,0.506698,0.000107277,0.000110414,0.0752116,-0.00103147,-0.000787918,-0.000407702,-0.000188904,1.33839e-05,0.000167626,0.000431708,0.000794829,0.00110977,0.000103996,0.000104948,0.000104235,0.000109658,0.00011776,0.000105794,0.000110835,0.000107388,0.000506242,7.89707e-05,0.000569357,-0.000469046,0.000549504,6.58685e-05,0.495709,-0.0010156,-0.000404337,0.000383482,0.00110301,1788402300,-0.000449138,0.000452232,1.56969e-05,1,-0.000395679,0.00038712,3.59216e-06,1,0.000448752,0,0.000444593,1,0.000431287,0,0.000364235,1
1788402420,9.19909e-05,-4.18161e-06,0.000363733,-0.000117092,0.000612622,0.506492,6.20391e-05,6.43262e-05,0.0750673,-0.000913234,-0.00069491,-0.00034695,-0.000163846,1.13533e-05,0.000144694,0.000384158,0.000698229,0.000948978,6.18882e-05,6.50072e-05,5.70756e-05,5.93398e-05,6.6507e-05,5.82126e-05,6.49552e-05,6.3425e-05,0.000442788,1.79545e-05,0.00045934,-0.000404296,0.000372425,0,0.489508,-0.000887439,-0.000352332,0.000316482,0.000929695,1788402300,-0.000449097,0.000456315,1.51798e-05,1,-0.000425048,0.000429065,2.10374e-05,1,0.000408303,0,0.000390054,1,-0.000446204,0.000375238,0,1
1788402480,0.00134127,-4.18122e-06,0.00151663,-4.18122e-06,0.000606605,0.510837,0.000500676,0.000493289,0.0893748,-0.00086152,-0.000650018,-0.00032497,-0.000146574,1.75194e-05,0.00014091,0.000370503,0.000671685,0.000914065,0.000490264,0.000492706,0.000522881,0.000511083,0.000464739,0.000511639,0.000497294,0.000488123,0.000421985,2.12486e-05,0.00043479,-0.00038324,0.000370039,0,0.493139,-0.000830996,-0.000331143,0.000301469,0.000879672,1788402300,0.000390775,0,0.000375173,0,-0.000426775,0.000443725,1.94265e-05,1,-0.00042212,0.000441286,2.88329e-05,1,0.000408929,0,0.000347455,1
1788402540,-1.25269e-05,-1.25269e-05,0.000379908,-0.00031322,0.000629754,0.494654,7.335e-05,7.56658e-05,0.0362778,-0.00112142,-0.000869922,-0.000459627,-0.000210959,-8.81441e-06,0.0001637,0.000462712,0.000903917,0.00130466,5.73091e-05,6.22607e-05,6.70835e-05,6.41172e-05,6.99821e-05,6.4499e-05,7.86196e-05,9.16029e-05,-0.000553694,0.00063618,6.72506e-05,-0.000526686,0.000594034,3.34632e-05,0.490699,-0.00110933,-0.000458334,0.00041403,0.001207,1788402300,-0.000372487,0.000351907,2.30701e-06,0,-0.000386147,0.000356482,1.00229e-07,1,-0.000441416,0.000464827,1.50298e-06,1,-0.000436874,0.000369347,0,1
1788402600,0.00121855,-1.25271e-05,0.00132281,-0.000614011,0.000623427,0.49589,0.000407939,0.000398588,0.0393508,-0.00104588,-0.00082871,-0.000436647,-0.000201145,-6.04404e-06,0.000156463,0.000424482,0.000815087,0.00113492,0.000428858,0.000422704,0.000418244,0.000406673,0.000385242,0.000431324,0.000429631,0.000384405,-0.000518485,0.00047041,4.99774e-05,-0.000520672,0.000499436,5.79609e-05,0.489378,-0.0011092,-0.000462823,0.000394894,0.00112502,1788402600,-0.000526511,0.000476614,0,1,-0.000373789,0.000348369,5.64511e-06,0,-0.000379576,0.000365236,0,0,-0.000468257,0.000404501,0,1
1788402660,0.00107126,4.17049e-05,0.00110459,-0.000208551,0.000640769,0.498648,0.00031571,0.000305977,0.0376878,-0.00121914,-0.000954497,-0.000503062,-0.000217342,-2.14598e-06,0.000193992,0.000524739,0.00103301,0.00147694,0.000353765,0.000340864,0.000326739,0.000326372,0.00030229,0.000320363,0.000311838,0.000326627,-0.000618688,0.000726306,3.02484e-05,-0.000581065,0.000750748,3.71387e-05,0.497159,-0.00119396,-0.00048675,0.000471138,0.00135586,1788402600,0.00050814,0,0.000514593,0,-0.000479288,0.000482303,3.7819e-06,0,-0.000371467,0.000354885,1.66183e-05,0,-0.000374847,0.000308245,0,0
1788402720,-0.000837739,2.91624e-05,0.000866176,-0.000967005,0.00065217,0.494714,0.000228902,0.000234634,0.044707,-0.00124813,-0.000988716,-0.000509044,-0.000228741,-9.80944e-06,0.000182097,0.000518524,0.0010295,0.00149184,0.000252659,0.000238218,0.000234376,0.000234469,0.00026941,0.000242901,0.000222982,0.000214929,-0.00061754,0.000645563,0,-0.000566595,0.000629729,9.68761e-06,0.491922,-0.00119599,-0.000485972,0.000450169,0.00132172,1788402600,-0.000574584,0.000556522,0,1,-0.000542882,0.000513756,0,1,-0.000476757,0.000484815,0,1,-0.000370576,0.000308726,0,0
1788402780,0.00207015,2.91868e-05,0.00237385,2.91868e-05,0.000656396,0.504528,0.000782214,0.000769407,0.0391726,-0.0012657,-0.000955795,-0.000503271,-0.000216056,1.03257e-05,0.000208967,0.000546328,0.00102174,0.00137079,0.000851796,0.000832647,0.000791482,0.000784902,0.000791628,0.000723903,0.000771548,0.00078469,0.000633527,8.6745e-05,0.000636004,-0.000603142,0.000731642,2.45021e-05,0.498228,-0.00126377,-0.000505086,0.000480901,0.00135151,1788402600,-0.000559743,0.000535005,0,1,-0.00052731,0.000557281,0,1,-0.000491714,0.000436247,0,0,-0.000492094,0.000408578,0,0
1788402840,0.0010397,-0.000116514,0.00138049,-0.000212232,0.000712705,0.496003,0.000304753,0.000295028,0.141818,-0.00148325,-0.00117113,-0.000632819,-0.000267598,-9.14306e-06,0.000227748,0.000648184,0.00128152,0.00179077,0.000335625,0.000312339,0.000299075,0.0003012,0.00026098,0.000295064,0.000307378,0.000325304,-0.000769735,0.000896118,8.24581e-06,-0.000683708,0.000870915,4.13412e-05,0.492213,-0.00138018,-0.000577723,0.000539882,0.00157426,1788402600,0.000573818,4.52011e-05,0.000566314,0,-0.000505415,0.000508792,0,1,0.000522203,2.30206e-05,0.000497913,0,-0.000434899,0.00037124,5.16337e-06,0
1788402900,-0.00106467,-9.97647e-05,0.00015794,-0.00121864,0.0007207,0.49477,0.000289579,0.000296626,0.166688,-0.00151777,-0.00119753,-0.000631426,-0.000281261,-1.20175e-05,0.000223467,0.000631397,0.00125153,0.00176524,0.000358372,0.000313541,0.000298004,0.000301508,0.000364418,0.000302612,0.000278946,0.000273273,-0.000757699,0.000767823,0,-0.000672601,0.000748597,3.45284e-05,0.491989,-0.00142502,-0.000574367,0.000529433,0.00155884,1788402900,-0.000682189,0.000621047,1.82353e-05,1,-0.000539652,0.000508549,4.17035e-05,1,-0.000509629,0.000493537,0,1,-0.000523047,0.000437903,0,1
1788402960,-0.00112829,-0.000112356,0.000407703,-0.00121578,0.000729172,0.505912,0.000319877,0.000326343,0.161614,-0.00142981,-0.00108159,-0.000568356,-0.000243416,1.51114e-05,0.000239266,0.000631515,0.00120862,0.00160651,0.000388374,0.000336333,0.000315614,0.000331231,0.000375847,0.000320446,0.000326398,0.000313226,0.000724986,5.5589e-05,0.000655871,0.000647764,7.4336e-05,0.000633751,0.500145,-0.0013856,-0.000538855,0.000532526,0.00150633,1788402900,-0.000633407,0.000635714,0,0,-0.000595395,0.000610781,2.03258e-05,1,-0.000501653,0.000465604,7.73359e-05,1,-0.000506853,0.00042356,0,1
1788403020,0.0001208,8.33153e-06,0.000762048,-7.49869e-05,0.000739269,0.515617,9.64604e-05,9.97543e-05,0.17562,-0.00144512,-0.00107102,-0.000561416,-0.000217033,3.96196e-05,0.000249664,0.000634801,0.00115531,0.00153152,6.47368e-05,8.46373e-05,0.000113886,9.21237e-05,8.60856e-05,0.000124358,9.82168e-05,8.46404e-05,0.000723855,0.000104526,0.000742042,0.00066824,0.000117321,0.000696145,0.507368,-0.00143751,-0.000540898,0.00056716,0.00154266,1788402900,0.000596947,3.50591e-05,0.000576772,1,-0.000566603,0.00056862,2.20853e-05,1,-0.000570035,0.000597581,3.4211e-05,1,-0.000479032,0.000391029,4.48133e-05,1
1788403080,-0.000445784,7.49722e-05,0.000145774,-0.000612483,0.000732038,0.508513,0.000130185,0.000135464,0.127054,-0.00131174,-0.00097034,-0.000502655,-0.000215081,1.9742e-05,0.000198057,0.000533797,0.00100878,0.00135676,0.000124837,0.000129193,0.000145548,0.000126747,0.000150274,0.000152909,0.00012009,0.000126475,0.00062494,0,0.000651594,-0.000604447,0.000582062,3.244e-05,0.496071,-0.0013078,-0.000514504,0.000484752,0.00136694,1788402900,-0.000581192,0.000584856,4.10417e-05,1,-0.000570166,0.000520638,5.70378e-06,1,-0.00057122,0.000551065,0,1,-0.000576155,0.000465927,0,1
1788403140,0.00045828,0.000212501,0.000529086,-0.000266732,0.000727418,0.504499,0.000139279,0.000133998,0.0993222,-0.00123053,-0.000908582,-0.000464953,-0.000207949,1.0345e-05,0.000176407,0.000488444,0.00092452,0.0012643,0.000133255,0.000135176,0.000148435,0.000133918,0.000123643,0.0001458,0.000154418,0.000133976,0.000574493,0,0.000641006,-0.000544651,0.000433234,5.51756e-05,0.48865,-0.00119828,-0.000472905,0.000424822,0.00121986,1788402900,-0.000550912,0.000498812,3.77921e-05,1,-0.00053931,0.000474497,7.22143e-05,1,-0.000534567,0.000483215,2.50175e-05,1,-0.000567954,0.000529676,9.98491e-06,1
1788403200,0.00105741,-4.16523e-06,0.00145261,-0.000154125,0.000723018,0.50893,0.00032223,0.000309899,0.0669644,-0.00115297,-0.000886605,-0.000454349,-0.000206224,1.99383e-05,0.000186275,0.000493015,0.000917325,0.00125727,0.000343666,0.000318284,0.000302348,0.000328392,0.000280083,0.000309088,0.000339208,0.000318509,0.000572359,0,0.000652552,-0.000539524,0.000457523,5.642e-05,0.493037,-0.00115266,-0.000463407,0.000430281,0.00122608,1788403200,-0.000466399,0.000436556,5.24038e-05,1,-0.000510724,0.0004376,0.000108318,1,-0.000518197,0.000472309,7.18346e-05,1,-0.000497248,0.000444586,8.62037e-05,1
1788403260,0.000399359,-8.32168e-06,0.000582346,-0.000233033,0.000731206,0.499235,0.000137001,0.000135035,0.0504438,-0.0013912,-0.00106444,-0.00057081,-0.000254319,-1.25713e-07,0.000204361,0.000552512,0.00106721,0.00147096,0.00011627,0.000125296,0.000136664,0.00012672,0.000109718,0.000139326,0.000143029,0.000147353,-0.000676612,0.000684542,8.2148e-05,-0.000605461,0.000634317,7.98736e-05,0.494185,-0.00129998,-0.00052529,0.000483625,0.00139733,1788403200,-0.000477253,0.00042855,8.4152e-05,1,-0.000470178,0.000428442,5.08697e-05,1,-0.000501129,0.000438837,0.000109722,1,-0.000523497,0.000465499,7.44089e-05,1
1788403320,0.000141402,0.000187145,0.00051976,8.31798e-05,0.000726057,0.501871,8.88107e-05,9.1118e-05,0.0403681,-0.00124405,-0.000981593,-0.000504646,-0.000234305,5.67089e-06,0.000193094,0.000507711,0.000982637,0.00139046,6.79201e-05,8.33472e-05,9.48969e-05,7.41239e-05,8.07029e-05,8.90986e-05,9.00017e-05,0.000104537,0.000607791,0,0.00060828,-0.000522858,0.000503491,6.78975e-06,0.494623,-0.00114266,-0.000451125,0.000421683,0.00123698,1788403200,-0.00055456,0.000535471,4.60507e-05,1,-0.000507957,0.000494003,1.01152e-05,1,-0.000467,0.000424557,2.09053e-05,1,-0.000513696,0.000453517,7.19225e-05,1
1788403380,-0.000632303,-0.000108129,-9.98108e-05,-0.000844547,0.000719037,0.505887,0.000169517,0.000176779,0.0455501,-0.00110938,-0.000848097,-0.000453609,-0.000203664,1.28245e-05,0.000176298,0.000438668,0.000847503,0.00122068,0.000177339,0.000176989,0.000177448,0.000177254,0.000204765,0.000181583,0.00016007,0.000155754,0.000537528,0,0.000506606,-0.000471879,0.000403293,0,0.487436,-0.00101549,-0.000415725,0.000352787,0.00108059,1788403200,-0.000491229,0.000485151,0,1,-0.000540625,0.000550858,5.83208e-06,1,-0.000508941,0.000453048,1.29206e-05,1,-0.000465921,0.000421508,4.61742e-06,1
1788403440,0.00049922,5.82552e-05,0.00069468,-0.000312139,0.000717406,0.509274,0.000149036,0.000139208,0.041902,-0.001107,-0.000830452,-0.000431964,-0.000188494,1.8975e-05,0.000176729,0.000464391,0.000879004,0.0011791,0.000143841,0.000146117,0.000146272,0.000144587,0.000126243,0.000143732,0.000155033,0.000155209,0.000540955,0,0.000581717,-0.000505758,0.000443774,1.48043e-05,0.493287,-0.00111431,-0.000430715,0.000410843,0.00117606,1788403200,-0.000456068,0.000448442,0,1,-0.000485763,0.000475422,0,1,-0.000540997,0.000540811,0,1,-0.000491783,0.000451956,0,1
1788403500,-0.000415999,0,0,-0.00107779,0.000713696,0.503665,0.000122544,0.000128888,0.0423632,-0.00124977,-0.000967684,-0.000516592,-0.000222645,8.9361e-06,0.000200556,0.000522971,0.000971502,0.00137189,0.000116947,0.000121867,0.000124029,0.000126842,0.000142502,0.000119499,0.000122841,0.000119858,0.000624375,2.82707e-05,0.000721221,-0.000583034,0.000602797,8.43328e-05,0.498289,-0.00124756,-0.000499423,0.000478456,0.0013201,1788403500,-0.00047275,0.000450292,0,1,-0.000461908,0.000420584,0,1,-0.000491958,0.000462216,0,1,-0.000545956,0.000503065,0,1
1788403560,-0.000341249,-6.24148e-05,7.48927e-05,-0.00047445,0.000708968,0.51098,0.000104817,0.000110394,0.0510195,-0.00113498,-0.000837723,-0.000426036,-0.000192896,2.34423e-05,0.000178016,0.000476012,0.00088829,0.00119242,9.93849e-05,0.000108794,0.000109014,0.000105896,0.000124848,9.94571e-05,9.98786e-05,0.000105695,0.000546033,0,0.000658527,-0.000511305,0.000458853,0.000101207,0.496523,-0.00113222,-0.000435257,0.000423949,0.00118715,1788403500,-0.00054366,0.000489487,5.37516e-05,1,-0.000448666,0.000402929,2.77285e-05,1,-0.000440998,0.000411374,2.45881e-05,1,-0.000480149,0.000447144,0,1
1788403620,0.000503509,2.08112e-05,0.000611668,-0.000249768,0.0007035,0.513067,0.000148041,0.000138591,0.0658339,-0.000983292,-0.000738467,-0.000375676,-0.000176132,2.60517e-05,0.000160519,0.000423045,0.000768672,0.00101829,0.000145172,0.000147248,0.000146679,0.000145664,0.000127432,0.000142652,0.000154818,0.000149382,0.00048379,0,0.000524564,-0.000446969,0.000360457,1.67514e-05,0.492616,-0.000977608,-0.000381908,0.000350743,0.00100836,1788403500,-0.000467027,0.000448705,3.78268e-05,1,-0.000537343,0.000506113,1.2281e-06,1,-0.000450193,0.000412722,1.25634e-05,1,-0.000413327,0.000367487,7.71411e-05,1
1788403680,0.000777652,0,0.000860787,-5.82443e-05,0.00070006,0.508931,0.000226689,0.00021618,0.0623969,-0.00102359,-0.000782491,-0.000405572,-0.000195687,1.89159e-05,0.000163711,0.000450058,0.000826055,0.00110034,0.000226519,0.000223209,0.000222482,0.000223166,0.000198436,0.000231162,0.000233864,0.000233764,0.000517023,0,0.000590292,-0.000482309,0.000417944,4.6376e-05,0.49439,-0.00104528,-0.00041522,0.000386747,0.00110327,1788403500,-0.000433727,0.000386384,2.82929e-06,1,-0.000459817,0.00044483,3.37286e-05,1,-0.000507981,0.000463958,4.38757e-06,1,-0.000456864,0.000417348,6.97786e-06,1
1788403740,8.72921e-05,-6.65134e-05,0.000515329,-0.000498958,0.000701696,0.500353,7.52414e-05,7.73621e-05,0.0441283,-0.0010851,-0.000842662,-0.000445116,-0.000218784,2.92323e-06,0.000162746,0.000446506,0.000833055,0.0011346,6.23226e-05,7.61951e-05,7.4129e-05,6.70457e-05,7.39512e-05,6.10185e-05,7.70442e-05,8.84127e-05,0.000535112,0,0.000581137,-0.000491441,0.000423201,2.00121e-05,0.491162,-0.00106659,-0.000434104,0.000382957,0.00111397,1788403500,-0.000461525,0.00039614,3.76898e-05,1,-0.000439436,0.000380193,0,1,-0.000487743,0.000455222,0,1,-0.000495775,0.00046987,2.11058e-05,1
1788403800,0.000502821,-0.000257742,0.000648217,-0.000598728,0.000694753,0.50946,0.000152824,0.000141245,0.0575779,-0.0010765,-0.000821053,-0.000435326,-0.000203657,2.09874e-05,0.000174839,0.000454677,0.000860795,0.00116504,0.0001448,0.000146796,0.000145945,0.000146627,0.000123487,0.000142206,0.000158877,0.000167756,0.000535849,0,0.000587599,-0.000502602,0.000453165,6.64373e-05,0.49499,-0.00108977,-0.00043969,0.000401109,0.00114372,1788403800,-0.000507323,0.000424644,0,1,-0.000461705,0.000424723,1.28213e-05,1,-0.000435555,0.000389232,7.65658e-07,1,-0.000517148,0.000489642,0,1
1788403860,0.000689409,1.66179e-05,0.000789043,-0.000407224,0.000691437,0.51193,0.000202837,0.000190222,0.0599,-0.0010678,-0.000814421,-0.000428302,-0.000199006,2.65837e-05,0.00018559,0.000472592,0.000873717,0.00117364,0.00019638,0.00019845,0.000197508,0.000198393,0.000169631,0.000197581,0.00020629,0.000217493,0.000544449,0,0.000576928,-0.00050139,0.000473138,4.2789e-05,0.494417,-0.00106215,-0.000435058,0.000402193,0.00115048,1788403800,-0.000524459,0.000473875,0,1,-0.000497532,0.000445521,0,1,-0.000469713,0.000413908,1.268e-05,1,-0.000434808,0.000379818,4.84596e-06,1
1788403920,-0.000922088,2.9061e-05,0.000103785,-0.000951176,0.000691396,0.507085,0.000254156,0.00026442,0.0538783,-0.00113605,-0.000876199,-0.000467069,-0.000214878,1.61736e-05,0.00018526,0.000506993,0.00092504,0.00124062,0.00028593,0.000266208,0.000272842,0.000258159,0.000303118,0.000292623,0.000247476,0.000229357,0.000587302,0,0.000629072,-0.000512989,0.00047352,5.56485e-05,0.491595,-0.00108994,-0.000445415,0.000410629,0.00119325,1788403800,-0.000527083,0.00045105,1.32653e-05,1,-0.000535097,0.000485566,0,1,-0.000493357,0.000424307,0,1,-0.000480916,0.000430164,0,1
1788403980,-0.000453048,0.000182824,0.000265914,-0.000453048,0.000696759,0.512429,0.000122396,0.000130788,0.0334072,-0.00110779,-0.000830849,-0.000427506,-0.000190786,2.66835e-05,0.000179095,0.000463826,0.00084136,0.00112055,0.000127277,0.000127128,0.00012733,0.000127649,0.000151889,0.000128943,0.000118945,0.000115772,0.000538556,0,0.000579125,-0.000510532,0.000434786,2.90141e-05,0.491331,-0.00111536,-0.000441882,0.000405533,0.00116171,1788403800,-0.000527058,0.000458979,8.36308e-06,1,-0.000517665,0.000471189,0,1,-0.000530684,0.00045854,8.20354e-06,1,-0.000490613,0.000428473,0,1
1788404040,0.000257722,-6.65198e-05,0.000694036,-6.65198e-05,0.000692726,0.51546,9.13955e-05,8.864e-05,0.038025,-0.00100588,-0.000754854,-0.000379141,-0.000170264,3.06297e-05,0.000168384,0.000436323,0.0007789,0.00103762,8.75599e-05,9.65612e-05,9.39808e-05,8.92672e-05,8.44591e-05,8.44105e-05,9.20715e-05,9.3802e-05,0.000495023,0,0.000498289,-0.000470053,0.00038631,6.57479e-06,0.490566,-0.00102319,-0.000402727,0.000373489,0.00107578,1788403800,-0.000500623,0.000463472,0,1,-0.000503233,0.000468949,1.36081e-05,1,-0.000504338,0.000432249,3.86958e-05,1,-0.000520825,0.000456024,1.24425e-05,1
1788404100,-9.14423e-05,0,0.000299207,-0.00013301,0.000686731,0.515072,6.62633e-05,7.38937e-05,0.0435538,-0.0010159,-0.000762927,-0.000396603,-0.000178322,3.11602e-05,0.000169289,0.0004343,0.000774251,0.00104916,6.27385e-05,7.31731e-05,6.78484e-05,6.96993e-05,8.14244e-05,5.92935e-05,6.32897e-05,6.40532e-05,0.000502172,0,0.000544687,-0.00048174,0.000407267,2.8237e-05,0.493221,-0.0010541,-0.000418848,0.000378905,0.00108635,1788404100,-0.00045327,0.00039545,5.07381e-06,1,-0.000487401,0.000412153,1.89336e-05,1,-0.000504249,0.000440867,3.10911e-05,1,-0.000500027,0.000435557,5.75667e-06,1
1788404160,-0.000457337,5.40351e-05,0.000253524,-0.000615374,0.000679952,0.516804,0.000124495,0.000132186,0.0574787,-0.000968378,-0.000728103,-0.000366307,-0.000164257,3.26275e-05,0.000157646,0.000401446,0.000710527,0.000952085,0.000128312,0.000128334,0.000128403,0.000128603,0.00014972,0.000129692,0.000115253,0.00012121,0.00046476,0,0.000481761,-0.000445292,0.000341642,7.37917e-06,0.491795,-0.000997389,-0.000387777,0.000345839,0.00101207,1788404100,-0.000470706,0.000396655,1.87232e-05,1,-0.000438885,0.000365353,1.83561e-05,1,-0.000463292,0.000396472,3.31168e-05,1,-0.000511158,0.00045182,0,1
1788404220,-0.000228747,8.31708e-06,9.56422e-05,-0.000278662,0.000676219,0.517829,7.91817e-05,8.52001e-05,0.0663165,-0.00095881,-0.000713246,-0.000369205,-0.000162451,3.46604e-05,0.000165913,0.000418175,0.000727016,0.000972874,8.07161e-05,8.63485e-05,7.99773e-05,8.11849e-05,0.000100212,7.75525e-05,7.32166e-05,7.84674e-05,0.00047695,0,0.000512662,-0.000470995,0.000380537,4.88108e-05,0.492449,-0.0010303,-0.000408396,0.000372713,0.00105525,1788404100,-0.000442093,0.000385762,0,1,-0.000462395,0.000386974,3.71586e-05,1,-0.000419849,0.000376263,2.44149e-05,1,-0.000456498,0.000386669,3.28674e-05,1
1788404280,6.65499e-05,4.99129e-05,0.000195478,-5.40751e-05,0.000670203,0.516992,5.58604e-05,5.80125e-05,0.0914066,-0.000865332,-0.000644472,-0.000321132,-0.000145707,2.92774e-05,0.000139281,0.000373328,0.000644309,0.000874424,6.1254e-05,7.01049e-05,5.92581e-05,5.26759e-05,6.96273e-05,5.57591e-05,5.4332e-05,5.35504e-05,0.000421693,0,0.0004086,-0.000379999,0.000258197,8.11543e-06,0.484921,-0.000817931,-0.000326682,0.000275156,0.000818978,1788404100,-0.000461854,0.000401455,2.09881e-05,1,-0.000451531,0.000367349,0,1,-0.000455165,0.000382503,5.00989e-05,1,-0.000425221,0.000356785,2.39123e-05,1
1788404340,0.000374261,0.00012061,0.000374261,-8.3185e-06,0.000663534,0.516122,0.00011254,0.000102233,0.124882,-0.00083038,-0.000622317,-0.000306451,-0.000145976,2.75471e-05,0.000129364,0.000354765,0.000611817,0.000839583,0.000109182,0.000112538,0.00010889,0.000108323,0.000104435,0.000107011,0.000123071,0.000112328,0.000401574,0,0.000404733,-0.000350049,0.000229016,6.5144e-06,0.485454,-0.000736222,-0.00029497,0.000243593,0.000738267,1788404100,-0.000388741,0.000311746,0,1,-0.000482316,0.000410241,0,1,-0.000450118,0.000380479,0,1,-0.000467224,0.000394202,1.08128e-05,1
1788404400,-0.000806915,4.15767e-06,0.000108094,-0.000931753,0.000658994,0.507889,0.000221127,0.000228889,0.124108,-0.000979902,-0.000772951,-0.000392216,-0.000182702,1.54228e-05,0.000136511,0.000412563,0.000724227,0.000967237,0.000240655,0.000228415,0.000245816,0.000231446,0.000249699,0.000247966,0.0001966,0.000220666,0.000484813,0,0.000604047,-0.000429692,0.000351126,9.34178e-05,0.483745,-0.000922134,-0.000386754,0.0003182,0.00091289,1788404400,-0.000363077,0.000285965,0,1,-0.000402211,0.000323123,0,1,-0.000466325,0.000398646,6.19627e-06,1,-0.000446573,0.000369442,3.90708e-06,1
1788404460,-0.000108193,-7.074e-05,0.000324508,-0.000108193,0.000662277,0.515181,6.50546e-05,7.1773e-05,0.0874025,-0.000991223,-0.000739273,-0.000373941,-0.000166452,2.93175e-05,0.000159582,0.000423654,0.000742687,0.00099265,6.35175e-05,7.04773e-05,6.1872e-05,6.27601e-05,7.66121e-05,6.08672e-05,6.72455e-05,6.4435e-05,0.000483356,0,0.000499399,-0.000469684,0.000401382,4.50865e-05,0.496656,-0.00103894,-0.000400313,0.000383818,0.00107321,1788404400,-0.000517779,0.000390888,0,1,-0.000388255,0.000315074,0,1,-0.000394636,0.000333726,2.47163e-06,1,-0.000461796,0.000385992,4.48609e-06,1
1788404520,0.000428541,7.9065e-05,0.00071136,7.9065e-05,0.000655799,0.51997,0.000125167,0.000115119,0.117422,-0.000856498,-0.000642331,-0.000309272,-0.000137629,3.36873e-05,0.000141499,0.00037469,0.000642612,0.000875835,0.000124394,0.000125381,0.000124121,0.000123727,0.000115152,0.000121502,0.00012491,0.000130362,0.0004173,0,0.000374887,-0.000409209,0.000344926,0,0.497055,-0.000899082,-0.000346882,0.000325366,0.000936898,1788404400,-0.000466029,0.000414273,0,1,-0.00056974,0.000439495,0,1,-0.000393533,0.000314699,1.57385e-05,1,-0.000396307,0.000328104,0,1
1788404580,-0.000382766,-3.32781e-05,-3.32781e-05,-0.00050345,0.000652031,0.516784,0.000104728,0.000111458,0.102271,-0.000873706,-0.000667032,-0.000337267,-0.000147236,2.91695e-05,0.00013832,0.000384722,0.000660693,0.000899028,0.000107508,0.000109375,0.000107447,0.000107721,0.000121578,0.000108747,9.80362e-05,0.000103182,0.000437313,0,0.000419286,-0.000425227,0.000331307,1.38841e-05,0.490199,-0.000918491,-0.000372493,0.000325324,0.000947481,1788404400,-0.000429427,0.000358889,0,1,-0.000473259,0.000395151,0,1,-0.000566735,0.000377868,0,1,-0.00039299,0.00033227,0,1
1788404640,-8.32293e-05,-8.32262e-06,0.00018308,-0.000120685,0.000647743,0.513984,5.57213e-05,6.20332e-05,0.115236,-0.000864221,-0.000650561,-0.000328692,-0.000148901,2.3787e-05,0.000129944,0.000376699,0.000650321,0.000872113,6.20478e-05,6.6893e-05,5.55209e-05,5.06193e-05,7.09376e-05,5.79881e-05,5.28059e-05,5.62065e-05,0.00042704,0,0.00041856,-0.000409286,0.000274306,1.05875e-05,0.486209,-0.000891115,-0.000356352,0.000310975,0.000908344,1788404400,-0.000455173,0.000349977,0,1,-0.000438901,0.000339728,0,1,-0.000467142,0.000397653,0,1,-0.000468424,0.000359963,0,1
1788404700,9.15518e-05,-4.16172e-05,0.000474314,-0.000129019,0.000641341,0.518548,5.41571e-05,5.59742e-05,0.125365,-0.000814337,-0.000611198,-0.000300295,-0.000125819,2.80668e-05,0.000126513,0.000362782,0.000619598,0.000830544,6.24608e-05,6.70929e-05,5.37287e-05,4.93707e-05,6.61617e-05,5.6974e-05,5.40379e-05,5.42691e-05,0.00040296,0,0.000376753,-0.000384567,0.000281585,0,0.493549,-0.000838963,-0.000326341,0.000297982,0.000866906,1788404700,-0.000437335,0.000340451,0,1,-0.000460394,0.000369625,0,1,-0.000428098,0.000356324,1.69027e-06,1,-0.000475804,0.000395706,0,1
1788404760,-6.24208e-05,2.08061e-05,0.00019556,-0.000378746,0.000635027,0.518352,5.41082e-05,5.9633e-05,0.129002,-0.00083368,-0.000629791,-0.000319032,-0.000135894,2.99744e-05,0.000130981,0.000373941,0.000630589,0.000855681,6.08424e-05,6.38122e-05,4.90216e-05,5.23558e-05,6.31516e-05,5.31523e-05,5.43374e-05,5.30962e-05,0.000419818,0,0.000423844,-0.00039001,0.000328973,2.58814e-05,0.494915,-0.000850098,-0.000335583,0.000306934,0.000876889,1788404700,-0.000420529,0.000325575,0,1,-0.000453953,0.000353287,0,1,-0.000450089,0.000353758,2.07197e-05,1,-0.000427287,0.000339896,2.3261e-05,1
1788404820,0.000303745,-7.90719e-05,0.000553329,-0.000237235,0.000628707,0.518596,9.02237e-05,8.77651e-05,0.134416,-0.000824593,-0.000616505,-0.00030688,-0.000130927,2.93349e-05,0.00013286,0.000365486,0.000622661,0.000860879,9.56734e-05,9.68823e-05,8.86137e-05,8.92292e-05,9.21912e-05,8.78761e-05,9.27904e-05,9.02386e-05,0.000408413,0,0.000428215,-0.000388293,0.000309385,3.92736e-05,0.493563,-0.000843694,-0.000332748,0.000309616,0.000876207,1788404700,-0.000432965,0.000348635,0,1,-0.000442025,0.000327178,0,1,-0.000443778,0.000342124,0,1,-0.000452629,0.000362373,0,1
1788404880,-5.82452e-05,4.16017e-05,0.000332765,-0.000203873,0.000623869,0.521015,5.53123e-05,6.03657e-05,0.128229,-0.000844968,-0.000634607,-0.000321549,-0.00012862,3.3558e-05,0.00014232,0.000374036,0.000648579,0.000891008,6.06105e-05,6.19189e-05,4.56235e-05,5.53717e-05,5.75281e-05,4.87618e-05,5.78775e-05,5.66316e-05,0.000422053,0,0.000427079,-0.000385633,0.00034827,2.76283e-05,0.496242,-0.000828738,-0.000329381,0.000309868,0.000882825,1788404700,-0.00043346,0.000346168,0,1,-0.000439269,0.000356079,0,1,-0.000430631,0.000331782,0,1,-0.000433218,0.000344658,0,1
1788404940,-7.48917e-05,2.49627e-05,7.48861e-05,-0.000216369,0.000617653,0.519338,5.26355e-05,5.71443e-05,0.140334,-0.000807848,-0.000611627,-0.000298688,-0.00011933,2.80155e-05,0.000125576,0.000347874,0.000599539,0.000834672,6.14359e-05,6.18978e-05,4.44615e-05,5.35574e-05,5.4005e-05,4.4998e-05,5.45943e-05,5.27789e-05,0.000392935,0,0.000393343,-0.000343569,0.000293548,3.21129e-05,0.493582,-0.000738418,-0.000289361,0.000267424,0.000783865,1788404700,-0.000428875,0.000345619,0,1,-0.000445471,0.000371426,0,1,-0.000440003,0.000363313,4.89199e-06,1,-0.00041431,0.000318295,0,1
1788405000,-0.000266327,7.90522e-05,0.000195539,-0.000295461,0.000611537,0.524365,7.72221e-05,8.32356e-05,0.156257,-0.000730666,-0.000547991,-0.000252046,-9.25399e-05,2.90235e-05,0.000115999,0.000324868,0.000555957,0.000776084,8.6671e-05,8.55675e-05,7.47563e-05,7.52986e-05,7.68436e-05,7.70943e-05,7.7841e-05,8.11461e-05,0.000353685,0,0.000334631,-0.000310956,0.000237989,1.20929e-06,0.493598,-0.000657973,-0.000247914,0.000241263,0.000708595,1788405000,-0.000382673,0.000326143,0,1,-0.000437793,0.00037444,0,1,-0.000456818,0.000374133,0,1,-0.000453387,0.000372788,0,1
1788405060,-0.00024142,-2.91338e-05,6.24268e-05,-0.000270561,0.000606562,0.521883,7.15908e-05,7.57559e-05,0.158704,-0.000719692,-0.000534089,-0.000251426,-9.3744e-05,2.55803e-05,0.000105808,0.000311662,0.000537162,0.000738473,8.22049e-05,8.09244e-05,6.78045e-05,7.20127e-05,6.85523e-05,6.99259e-05,7.08515e-05,7.38371e-05,0.000343535,0,0.000319264,-0.00033723,0.000269583,1.31893e-05,0.490329,-0.000726405,-0.000285141,0.000258727,0.000754102,1788405000,-0.00034803,0.000277216,0,1,-0.000392547,0.000333985,0,1,-0.000439824,0.000372643,0,1,-0.000470176,0.000398563,0,1
1788405120,4.57911e-05,-2.08148e-05,0.000341301,-2.08148e-05,0.000601435,0.521671,4.20489e-05,4.30246e-05,0.161186,-0.000680669,-0.000503726,-0.000230523,-8.83567e-05,2.37798e-05,9.84789e-05,0.000296126,0.000505737,0.000696786,5.98877e-05,5.86644e-05,4.0265e-05,4.31325e-05,4.65415e-05,3.55594e-05,3.96316e-05,4.03774e-05,0.000322306,0,0.000280096,-0.0003246,0.000248242,0,0.491028,-0.000702643,-0.000270009,0.0002486,0.00072774,1788405000,-0.0003706,0.000303713,0,1,-0.000355766,0.000291339,0,1,-0.00040204,0.000355486,0,1,-0.000451968,0.000378285,0,1
1788405180,0.00129793,0,0.00129793,0,0.000595426,0.525583,0.000530923,0.000521092,0.140957,-0.000637361,-0.000469206,-0.000214268,-8.39743e-05,2.80504e-05,9.47969e-05,0.000278588,0.000467196,0.000648924,0.000464326,0.000479842,0.000538949,0.000527209,0.000544144,0.00055452,0.000541708,0.000526462,0.000301972,0,0.00025373,-0.000319012,0.000275392,0,0.496099,-0.000691419,-0.000265781,0.000245734,0.000715437,1788405000,-0.000352327,0.000282742,0,0,-0.000371461,0.000302473,0,1,-0.000375458,0.000320969,0,1,-0.00041989,0.000355274,0,1
1788405240,0.000660797,3.74153e-05,0.00108447,3.74153e-05,0.00061736,0.514275,0.00019034,0.000181711,0.0859994,-0.000957406,-0.000720721,-0.00036212,-0.000142926,2.33893e-05,0.000140762,0.000420099,0.000738734,0.00106228,0.000189282,0.000189296,0.000189016,0.00020041,0.000174829,0.000188558,0.000191229,0.000195328,0.000473654,5.80033e-05,0.000486255,-0.000492256,0.000528438,1.78013e-05,0.498595,-0.00104956,-0.000414387,0.000407217,0.00116512,1788405000,-0.000347226,0.000290725,0,0,-0.000354608,0.000279647,0,0,-0.000370771,0.000328481,0,0,-0.000391259,0.000332229,0,1
1788405300,-0.00107246,-5.81659e-05,9.13967e-05,-0.00107246,0.000618259,0.503272,0.000315413,0.000322969,0.0860947,-0.00110005,-0.000859359,-0.000446991,-0.000190459,7.15908e-06,0.00015926,0.000452131,0.000821915,0.0011711,0.000360066,0.000350586,0.000347096,0.000335887,0.000376701,0.000335845,0.000298612,0.00028446,0.000539995,1.96711e-05,0.000563681,-0.000539415,0.000563183,4.28276e-05,0.495643,-0.00113046,-0.00046333,0.000421149,0.00119465,1788405300,-0.000531977,0.000428874,0,1,-0.000358919,0.000291872,0,1,-0.00035762,0.000308674,0,1,-0.000387186,0.00032166,0,1
1788405360,0.000831463,-5.4069e-05,0.000831463,-0.000166376,0.000630557,0.516724,0.000241238,0.000230575,0.0867436,-0.0010762,-0.00078445,-0.000385164,-0.00014947,2.95102e-05,0.000167533,0.000451383,0.000805401,0.00110792,0.000248203,0.000247435,0.000239623,0.000256993,0.000221147,0.000239325,0.000231945,0.000247251,0.000508642,4.5539e-05,0.000467513,0.000515534,1.73403e-05,0.000498038,0.503435,-0.00110971,-0.000423973,0.000430276,0.00119053,1788405300,-0.000583498,0.000499675,0,1,-0.000495772,0.000449014,0,1,-0.000363336,0.000317431,0,0,-0.000370195,0.000305083,0,1
1788405420,0.000261768,2.90887e-05,0.000261768,-0.000698382,0.000635198,0.51338,9.48581e-05,9.28185e-05,0.0872268,-0.00105643,-0.000797307,-0.000394992,-0.000149254,2.26618e-05,0.000161463,0.000462922,0.000848808,0.0011862,8.87745e-05,9.10285e-05,9.74705e-05,8.39859e-05,8.37567e-05,0.000105326,9.24246e-05,0.000103875,0.000520589,7.77247e-06,0.000446359,0.000511536,2.61617e-05,0.000476844,0.501587,-0.00106939,-0.000421081,0.000428496,0.00120191,1788405300,0.000530943,0,0.000465348,1,-0.000600901,0.000524127,0,1,0.000507159,0,0.000419939,1,-0.000375256,0.000311931,0,0
1788405480,0.000357223,-3.32365e-05,0.000735076,-0.000207746,0.000629903,0.510253,0.000113282,0.000110615,0.0800025,-0.00109716,-0.000825957,-0.000406702,-0.000162215,1.82451e-05,0.000162639,0.000465531,0.000854394,0.00121142,0.000104813,0.000106316,0.000110418,0.000105824,9.85472e-05,0.000110282,0.000117196,0.000122271,0.000529028,0,0.000540705,-0.000530812,0.000482278,6.12529e-05,0.498008,-0.00112713,-0.000439674,0.000436884,0.00122714,1788405300,-0.000549609,0.000420379,0,1,-0.00051831,0.000415369,0,1,-0.000546272,0.000461402,0,1,-0.000529679,0.000442677,0,1
1788405540,0.000776312,-1.66122e-05,0.000958886,-5.81439e-05,0.000625615,0.51425,0.00022452,0.00021376,0.0777923,-0.00106385,-0.000812343,-0.000412896,-0.000158512,2.59268e-05,0.000181511,0.000462533,0.000876564,0.00126225,0.000226523,0.000226667,0.000223392,0.000226456,0.000199926,0.000223989,0.000220437,0.000239652,0.00053044,4.62036e-05,0.000495439,0.000497931,5.85267e-05,0.000484309,0.505026,-0.00106824,-0.000411418,0.000420635,0.00119591,1788405300,-0.000544601,0.000450657,0,1,-0.000503278,0.000418672,0,1,-0.000490661,0.000399894,0,1,-0.000494004,0.000419398,3.20547e-07,1
1788405600,-0.00120416,-0.000253169,-0.000232415,-0.0013953,0.000628983,0.50982,0.000381893,0.000392096,0.0791887,-0.00110482,-0.000849116,-0.00043161,-0.000169624,1.8196e-05,0.000174869,0.000469985,0.000889412,0.00127825,0.000425981,0.000410359,0.00039237,0.000419539,0.000438742,0.000405195,0.000376821,0.000336162,0.000544911,3.08453e-05,0.000501359,0.000499407,4.34377e-05,0.000485172,0.502563,-0.00106609,-0.000414846,0.000417877,0.00120146,1788405600,-0.000518826,0.00046582,0,1,-0.000515247,0.000453135,1.2352e-06,1,-0.000493698,0.000404125,0,1,-0.000468601,0.000383498,1.25539e-05,1
1788405660,-0.000852095,-4.1548e-06,0.000195256,-0.000852095,0.000645529,0.519788,0.000241212,0.00024898,0.0792068,-0.00120534,-0.000873654,-0.000427991,-0.000157714,3.82706e-05,0.000193711,0.000500686,0.000929498,0.00127658,0.00025756,0.000247593,0.000238559,0.000251281,0.000265387,0.000246298,0.00024526,0.000237241,0.000565243,5.2637e-05,0.000556243,0.000528886,2.96043e-05,0.00053036,0.506542,-0.00115869,-0.000429747,0.000452627,0.00124498,1788405600,-0.000515924,0.000445673,0,0,-0.000501662,0.000439176,0,1,-0.000546124,0.000433551,0,1,-0.000497837,0.000412651,0,1
1788405720,0.000191265,7.06892e-05,0.000382493,-0.00019962,0.000650304,0.522544,8.2434e-05,7.984e-05,0.0829323,-0.00113837,-0.000823443,-0.00040137,-0.000142849,4.0821e-05,0.000183342,0.000480889,0.000866897,0.00116843,7.72967e-05,8.11946e-05,9.08118e-05,7.60109e-05,7.8102e-05,9.95929e-05,7.93691e-05,8.20015e-05,0.000537612,8.95569e-06,0.00049337,0.000514003,1.81464e-05,0.000508683,0.505249,-0.00110589,-0.000418703,0.000436279,0.00118658,1788405600,0.000513538,0,0.000458706,1,-0.000491158,0.000435749,0,1,-0.000502875,0.000441085,0,1,-0.000566803,0.000497068,0,1
1788405780,-0.000831853,1.663e-05,1.663e-05,-0.000831853,0.000644336,0.517428,0.00023981,0.000247356,0.0695985,-0.0010552,-0.000772057,-0.000377952,-0.000144134,2.98775e-05,0.000166656,0.000449028,0.000787916,0.0010821,0.000249566,0.000239448,0.000232864,0.000251197,0.00025432,0.000238392,0.000237249,0.000240287,0.000503231,0,0.000512512,0.000486434,0,0.000508958,0.502062,-0.00106412,-0.000402071,0.00040872,0.00112988,1788405600,-0.000496981,0.000435774,0,1,-0.00048503,0.000405241,0,1,-0.00049434,0.000433844,0,0,-0.000496349,0.000420788,0,1
1788405840,-4.16101e-06,-2.49663e-05,8.73771e-05,-0.00010403,0.000648618,0.520684,6.1361e-05,6.69968e-05,0.0653864,-0.00107499,-0.000782274,-0.00037999,-0.000142467,3.64748e-05,0.000160859,0.000423387,0.000761638,0.00104676,5.79563e-05,6.38304e-05,7.42783e-05,4.76801e-05,7.2554e-05,7.63107e-05,6.21645e-05,6.03285e-05,0.0004875,0,0.000472791,-0.000508015,0.000435372,2.3635e-05,0.49815,-0.00112104,-0.000425847,0.000414703,0.00114676,1788405600,-0.000467192,0.00037837,0,1,-0.000475168,0.000382905,1.32403e-05,1,-0.000486267,0.000411015,0,1,-0.000493199,0.000414885,0,1
1788405900,0.000507515,-3.32887e-05,0.000673857,-0.000108192,0.000642099,0.522474,0.000146523,0.000136784,0.0459827,-0.000905809,-0.000672763,-0.000317625,-0.000110613,3.13203e-05,0.000144084,0.000380395,0.000674303,0.000920619,0.000146777,0.000147015,0.000147286,0.000148008,0.000132282,0.000145862,0.000149624,0.000145944,0.000426379,0,0.000367477,0.000413021,0,0.000364054,0.501043,-0.00091462,-0.000338753,0.00033848,0.000953604,1788405900,-0.000472798,0.000416464,0,1,-0.000454381,0.000380636,1.24456e-05,1,-0.000454765,0.000390966,2.34423e-05,1,-0.000491993,0.000428643,0,1
1788405960,-0.000266205,0.000124759,0.000295239,-0.000287006,0.000639685,0.518236,8.67915e-05,9.31385e-05,0.0405298,-0.00097496,-0.000736036,-0.000365883,-0.000133223,2.91424e-05,0.000157377,0.000417099,0.000729248,0.00100658,8.69628e-05,8.969e-05,9.35273e-05,7.96931e-05,0.000103038,8.89709e-05,8.61368e-05,8.67127e-05,0.000475177,0,0.000454584,-0.000473265,0.000447752,9.0072e-06,0.499781,-0.0010309,-0.000400715,0.000387399,0.00108781,1788405900,-0.000399812,0.000317257,0,1,-0.000470331,0.000384679,0,1,-0.000477523,0.000393876,0,1,-0.000460547,0.000386019,1.52638e-05,1
1788406020,9.98353e-05,4.99189e-05,0.000270364,-4.99214e-05,0.000634374,0.514581,6.00279e-05,6.12333e-05,0.0485784,-0.000925294,-0.000693028,-0.000339734,-0.000135799,2.27485e-05,0.000133807,0.000374041,0.000649449,0.000915144,6.31515e-05,6.73262e-05,6.96337e-05,5.04822e-05,7.08785e-05,6.13252e-05,6.07548e-05,6.35764e-05,0.000432186,0,0.000368483,-0.000427484,0.000360754,5.15105e-06,0.490964,-0.000925096,-0.000370371,0.000331952,0.000961268,1788405900,-0.000462526,0.000394024,0,1,-0.000434497,0.000334966,0,1,-0.000464856,0.000393725,0,1,-0.000502811,0.000435397,0,1
1788406080,-0.000199681,-6.23959e-05,-1.24789e-05,-0.000199681,0.000628157,0.523615,6.97406e-05,7.54568e-05,0.0612199,-0.00083669,-0.000632149,-0.000300822,-0.000113355,3.42686e-05,0.000133513,0.000364886,0.000621573,0.000868609,7.5784e-05,7.72865e-05,7.69505e-05,6.19241e-05,8.95768e-05,7.26058e-05,6.66418e-05,7.05849e-05,0.000406253,0,0.000334168,-0.000395412,0.000337343,0,0.497724,-0.000853838,-0.000331516,0.000316692,0.0009077,1788405900,-0.000430307,0.000390238,0,1,-0.00046276,0.000412256,0,1,-0.000441469,0.00033621,0,1,-0.000468932,0.000392292,0,1
1788406140,-0.000299596,-4.16051e-05,0.000391004,-0.000303757,0.000622484,0.516314,8.27463e-05,8.8985e-05,0.0811531,-0.000816301,-0.000607358,-0.000288046,-0.000115182,2.19686e-05,0.000110882,0.000329448,0.000572706,0.000809993,9.24365e-05,9.32694e-05,9.12024e-05,8.43657e-05,0.00010423,8.78102e-05,7.63808e-05,8.49705e-05,0.000375149,0,0.000284764,-0.000329551,0.000234797,0,0.486995,-0.000712773,-0.000276161,0.000235154,0.000709828,1788405900,-0.000403405,0.000348094,0,1,-0.000438894,0.000380354,0,1,-0.000470941,0.000409188,0,1,-0.000413769,0.000337,0,1
1788406200,-8.32369e-05,0,0.000520074,-0.000145669,0.000617683,0.513958,6.2582e-05,6.71117e-05,0.104698,-0.000963003,-0.000728084,-0.000372136,-0.000143828,2.29318e-05,0.0001522,0.000408361,0.000689475,0.000949592,6.20976e-05,6.34095e-05,5.87931e-05,6.04904e-05,7.00617e-05,5.4437e-05,6.8212e-05,6.15479e-05,0.000471842,0,0.000476739,-0.000447964,0.00046164,4.77487e-05,0.498932,-0.000974821,-0.00039023,0.00035903,0.000968181,1788406200,0.000345612,0,0.000280621,1,-0.000420832,0.000354935,0,1,-0.00042449,0.000380362,0,1,-0.000476069,0.000413342,0,1
1788406260,0.000640746,4.16201e-06,0.00085285,-0.000303874,0.000611588,0.519655,0.000183179,0.000173753,0.149634,-0.000848724,-0.000625523,-0.000310056,-0.00011738,2.81162e-05,0.000140683,0.000371695,0.000638529,0.000872633,0.000183751,0.000183422,0.000185749,0.000189041,0.000175909,0.000188417,0.000186017,0.000181891,0.000414766,0,0.000390571,-0.000383241,0.000391521,3.31141e-05,0.498662,-0.000838197,-0.000326875,0.00030821,0.000856294,1788406200,0.000460013,0,0.000443924,1,-0.000343889,0.000278033,0,1,-0.000420038,0.00035304,0,1,-0.000411715,0.000351831,1.52131e-06,1
1788406320,-0.000257913,4.15934e-06,0.000216263,-0.000257913,0.000612185,0.517931,8.75059e-05,9.24102e-05,0.090758,-0.000953471,-0.000726281,-0.000365867,-0.000135785,2.91321e-05,0.000163953,0.000432976,0.000746539,0.00102958,8.55612e-05,8.53092e-05,8.21225e-05,8.46664e-05,9.65579e-05,8.23263e-05,9.41817e-05,8.63522e-05,0.000485152,4.74332e-05,0.000514161,0.000453024,6.19128e-05,0.00050093,0.501975,-0.000987825,-0.000383188,0.000381352,0.00105034,1788406200,-0.000384906,0.000374286,0,1,-0.000477153,0.000417693,0,1,0.000346291,0,0.000300384,1,-0.00040101,0.000343675,0,1
1788406380,-0.000357861,-8.3212e-05,2.49622e-05,-0.000499376,0.000607129,0.512204,9.85465e-05,0.00010397,0.110937,-0.000869581,-0.000647022,-0.000327083,-0.000133778,1.82586e-05,0.000132382,0.000362197,0.000629265,0.000858387,0.000102207,0.000101351,0.000100773,0.000100956,0.000110886,0.000102139,9.50322e-05,9.64682e-05,0.000417022,0,0.000393635,-0.000388036,0.000332425,6.95913e-07,0.49174,-0.000856376,-0.000339189,0.000299373,0.000853893,1788406200,-0.00046272,0.000427621,0,1,0.000387064,0,0.000381301,1,-0.000432785,0.000405482,0,1,0.000345362,0,0.000316423,1
1788406440,-0.000491227,-4.16192e-06,-4.16192e-06,-0.000557852,0.000603154,0.515349,0.000139171,0.000143608,0.120792,-0.000836642,-0.000624402,-0.000315428,-0.000123935,2.2035e-05,0.000140626,0.000378545,0.000653665,0.000875836,0.000137658,0.000138019,0.000137787,0.000138063,0.000144697,0.000139175,0.000139782,0.000139804,0.000421304,0,0.000406272,-0.000396551,0.000354169,0,0.495111,-0.000864749,-0.000339647,0.000317703,0.000871482,1788406200,0.000403096,0,0.000349674,1,0.000437393,0,0.00040072,1,-0.000392694,0.000398026,0,1,-0.000413909,0.00037966,3.47259e-05,1
1788406500,-0.000295685,-2.49841e-05,-2.49841e-05,-0.000516464,0.000601119,0.514775,8.75929e-05,9.08991e-05,0.118409,-0.000853657,-0.000628159,-0.000310563,-0.000121823,2.07024e-05,0.000138226,0.000369825,0.000637221,0.000853976,9.17943e-05,9.02771e-05,8.59356e-05,8.3536e-05,9.5404e-05,8.86622e-05,8.68447e-05,9.211e-05,0.0004138,0,0.000403464,-0.000403508,0.00034392,5.58793e-06,0.493319,-0.000899915,-0.000347104,0.000323523,0.000874845,1788406500,0.000408996,0,0.000375248,1,-0.000406884,0.000356525,0,1,0.000463113,8.2676e-06,0.000403379,1,-0.000412112,0.000379508,7.73927e-06,1
1788406560,0.000108289,-8.33042e-06,0.000166594,-0.000191617,0.000596545,0.514463,5.69702e-05,5.87134e-05,0.126492,-0.00082801,-0.000613459,-0.00030542,-0.000123367,2.04565e-05,0.000138576,0.000377325,0.00063681,0.000852274,6.36095e-05,6.24827e-05,5.54716e-05,5.38297e-05,6.54614e-05,5.84552e-05,5.74225e-05,5.69923e-05,0.000415114,0,0.000409248,-0.000402603,0.000345226,1.81066e-05,0.496757,-0.000895437,-0.00033874,0.000332764,0.000892324,1788406500,0.000408971,0,0.000366645,1,0.000411443,0,0.000382105,1,0.000401347,0,0.000362543,1,0.000498758,0,0.000431815,1
1788406620,-0.000224921,3.7482e-05,0.000133263,-0.000449893,0.000590748,0.512475,7.04684e-05,7.32318e-05,0.137205,-0.000745416,-0.000554949,-0.000278128,-0.000117154,1.63618e-05,0.000110632,0.000328628,0.000567701,0.000766765,7.98686e-05,7.73869e-05,7.10429e-05,6.62569e-05,7.74614e-05,7.51942e-05,6.70509e-05,7.2265e-05,0.000367656,0,0.000346445,-0.000361668,0.000290838,9.36755e-06,0.49584,-0.000792338,-0.000305061,0.000289321,0.000786645,1788406500,0.000397853,0,0.000369114,1,-0.000392761,0.000340152,0,1,0.000406733,0,0.000386721,1,-0.000394114,0.000346494,0,1
1788406680,-0.000270806,8.33132e-06,8.33132e-06,-0.000358312,0.000585675,0.506915,7.88508e-05,8.09918e-05,0.131841,-0.000782697,-0.000571743,-0.000290578,-0.000127183,9.6402e-06,0.000112254,0.000332118,0.000580389,0.000785675,8.73817e-05,8.45047e-05,7.73781e-05,7.71293e-05,8.05979e-05,8.17385e-05,7.62897e-05,8.02177e-05,0.000376667,0,0.000372703,-0.000384067,0.00032788,4.03469e-05,0.493883,-0.000843032,-0.000329936,0.000306657,0.000833714,1788406500,-0.000356788,0.000307259,0,1,-0.000387237,0.00034392,0,1,0.000395592,0,0.000367158,1,-0.000401106,0.000362062,0,1
1788406740,3.75005e-05,0.000129163,0.000345785,-2.50011e-05,0.000581052,0.506713,4.54339e-05,4.68995e-05,0.126962,-0.000731279,-0.000534627,-0.000262082,-0.000116048,8.81105e-06,9.66175e-05,0.000309739,0.000531084,0.000731881,5.96591e-05,5.64156e-05,4.58253e-05,4.0407e-05,5.50357e-05,4.96591e-05,4.24238e-05,4.61056e-05,0.000346591,0,0.000296291,-0.000346291,0.000276014,3.00038e-06,0.491616,-0.000760885,-0.000292484,0.000273361,0.000755256,1788406500,0.000379492,0,0.000367358,1,0.000372189,0,0.000344788,1,0.000406617,0,0.000369061,1,0.000410311,0,0.000374526,1
1788406800,0.000216642,-2.9167e-05,0.000216642,-4.16674e-05,0.000575237,0.50804,6.85315e-05,6.8883e-05,0.122165,-0.000707919,-0.000517974,-0.000252803,-0.000114479,1.01865e-05,9.13166e-05,0.000290548,0.000507958,0.000704959,8.15266e-05,7.72427e-05,6.77475e-05,6.70279e-05,7.92767e-05,6.88002e-05,6.76506e-05,6.73137e-05,0.000329227,0,0.000298415,-0.000330219,0.000281092,1.52755e-05,0.491395,-0.000717304,-0.000282773,0.000252791,0.000702285,1788406800,0.000342614,0,0.000312422,1,0.000391327,0,0.000366811,1,0.000391957,0,0.000357924,1,0.000425351,0,0.000371223,1
1788406860,-0.000662573,-1.66631e-05,2.08285e-05,-0.000720934,0.000570279,0.513748,0.000205662,0.000210433,0.114778,-0.000652005,-0.000487412,-0.000224528,-9.4688e-05,1.47286e-05,9.20679e-05,0.000281545,0.000477988,0.000664578,0.000184923,0.000187381,0.000204023,0.000224581,0.000183921,0.000204936,0.000207819,0.00021012,0.000309196,0,0.000229627,-0.000298539,0.000240409,0,0.493898,-0.000652387,-0.00024821,0.000226134,0.000624889,1788406800,0.000336669,0,0.000314029,1,-0.000348323,0.000311235,0,1,0.000401569,0,0.000368656,1,0.000395304,0,0.00033857,1
1788406920,0.000425097,4.16842e-05,0.000533427,-5.41921e-05,0.000572271,0.506291,0.000123165,0.000118466,0.0913494,-0.000761543,-0.000548899,-0.000278896,-0.000125274,8.85344e-06,0.000102194,0.000314097,0.000546161,0.000747044,0.00012392,0.000123529,0.000122435,0.00012228,0.000136233,0.000120998,0.000124562,0.000121951,0.000358342,0,0.00032466,-0.000385765,0.000330093,2.62707e-05,0.49075,-0.000845453,-0.000336121,0.000301058,0.000812331,1788406800,0.00031076,0,0.000264443,1,0.000342274,0,0.000324127,1,0.000355448,0,0.000306581,1,0.000407748,0,0.000372085,1
1788406980,-0.000195856,-0.000112508,6.66656e-05,-0.000233364,0.0005697,0.50927,6.47249e-05,6.69024e-05,0.0800543,-0.000734954,-0.000544384,-0.000276458,-0.000121924,1.22238e-05,0.000106427,0.000320666,0.000547471,0.000751912,7.48755e-05,7.06141e-05,6.53585e-05,6.26763e-05,6.36511e-05,7.15802e-05,6.2582e-05,6.36236e-05,0.000361228,0,0.000319021,-0.000379844,0.000345865,0,0.494129,-0.00081766,-0.000328335,0.000301491,0.000818987,1788406800,0.00037962,0,0.000364854,1,0.000314441,0,0.000266938,1,0.000348749,0,0.000330981,1,0.000358928,0,0.000321728,1
1788407040,-8.33514e-06,0.000158354,0.000191689,-5.00119e-05,0.000564654,0.503673,4.25793e-05,4.54314e-05,0.0714825,-0.000729663,-0.000531594,-0.000268807,-0.000131122,6.49241e-06,9.05066e-05,0.000288953,0.000493569,0.000687561,5.78792e-05,5.21691e-05,4.3845e-05,3.81228e-05,4.95674e-05,5.11023e-05,3.98077e-05,4.35895e-05,0.000336342,0,0.000317734,-0.00034698,0.000259712,0,0.487903,-0.000773058,-0.000306508,0.000259695,0.000726812,1788406800,-0.000394421,0.000339035,0,1,0.000386519,0,0.000372456,1,0.000329076,0,0.000279708,1,-0.000358401,0.00032357,0,1
1788407100,-0.000129204,-8.33552e-05,1.25027e-05,-0.000329294,0.00055898,0.498683,5.09474e-05,5.23138e-05,0.0663214,-0.000703825,-0.00053963,-0.00026894,-0.000116632,4.39283e-07,8.63696e-05,0.000288392,0.000494454,0.000685968,6.45421e-05,5.83453e-05,5.13002e-05,5.01059e-05,4.91528e-05,5.71298e-05,4.56513e-05,5.38744e-05,-0.000336094,0.000194324,0,-0.000356645,0.000263813,0,0.483999,-0.000774876,-0.000318437,0.000266541,0.000733993,1788407100,0.000355855,0,0.00031097,1,0.000392943,0,0.000362357,1,0.000376334,0,0.000368934,1,0.000330358,0,0.000265182,1
1788407160,0.000204217,4.58483e-05,0.000441724,3.75124e-05,0.000553664,0.502114,6.49833e-05,6.57708e-05,0.0607941,-0.000684364,-0.000495514,-0.000234245,-0.000110156,3.65992e-06,8.78151e-05,0.000285247,0.000485472,0.000677559,7.92483e-05,7.30261e-05,6.44372e-05,6.34411e-05,7.51309e-05,6.70116e-05,6.53982e-05,6.10302e-05,0.000315954,0,0.000323907,-0.000349573,0.000275189,1.13277e-05,0.493642,-0.000773213,-0.000298301,0.000279919,0.000758785,1788407100,0.000367355,0,0.000330275,1,-0.000362424,0.000311716,0,1,-0.00039016,0.000351517,0,1,-0.000375355,0.000338933,0,1
1788407220,0.00017501,3.75048e-05,0.00017501,-0.000241731,0.00054886,0.507119,5.99669e-05,6.01864e-05,0.0574866,-0.000679301,-0.000494119,-0.000239465,-0.000109249,8.67433e-06,9.38702e-05,0.000286176,0.000478686,0.000669326,7.42413e-05,6.76065e-05,5.86675e-05,5.85706e-05,6.82651e-05,5.98711e-05,6.11657e-05,5.64877e-05,0.000319294,0,0.000307208,-0.000325997,0.000296134,0,0.494783,-0.000720669,-0.000281143,0.000256961,0.000705677,1788407100,-0.000350201,0.000315982,0,1,0.000393601,0,0.000323853,1,-0.000363974,0.000319181,0,1,-0.000390167,0.000349633,0,1
1788407280,0.000512354,0,0.000570654,-7.91675e-05,0.000543907,0.50662,0.000151171,0.000145575,0.0558429,-0.000651694,-0.000473482,-0.00022551,-0.00010471,7.84812e-06,9.05149e-05,0.000276412,0.000476382,0.00066052,0.000147868,0.00014737,0.000153589,0.000152668,0.000163393,0.00015129,0.000156297,0.000147162,0.000305523,0,0.00032343,-0.000306966,0.000249302,2.16663e-05,0.4911,-0.000665137,-0.000262716,0.000240654,0.000659363,1788407100,0.000351848,0,0.000301115,1,-0.000360201,0.00032451,0,1,0.000355668,0,0.000298043,1,-0.000359395,0.000314704,0,1
1788407340,-0.000174921,1.66575e-05,7.07925e-05,-0.000212408,0.000543294,0.510688,5.94515e-05,6.14858e-05,0.0638444,-0.00069939,-0.00051433,-0.000250534,-0.000108676,1.27446e-05,0.000100934,0.000293738,0.000514519,0.000710579,7.1413e-05,6.45119e-05,5.81723e-05,5.75008e-05,5.65803e-05,6.25843e-05,5.7978e-05,6.01973e-05,0.000330594,0,0.000318269,-0.000345826,0.000315729,0,0.489901,-0.00074483,-0.000304649,0.000268762,0.000752888,1788407100,-0.000320146,0.000290422,0,1,0.000344867,0,0.000308368,1,0.00037811,0,0.000342516,1,0.000321653,0,0.000324595,1
1788407400,0.000170756,-8.33031e-06,0.000399773,-8.33031e-06,0.000538402,0.507217,5.91422e-05,5.88132e-05,0.0559845,-0.000672172,-0.000493051,-0.000235129,-0.000109266,8.85997e-06,8.65329e-05,0.000263748,0.000461191,0.000641513,7.34743e-05,6.58836e-05,5.81619e-05,5.4723e-05,6.37861e-05,5.91163e-05,6.23077e-05,5.65262e-05,0.000302511,0,0.00026849,-0.000308321,0.000230572,0,0.484603,-0.000682268,-0.000269952,0.000231095,0.000666782,1788407400,-0.000369851,0.000333117,0,1,0.000330222,0,0.00029557,1,-0.000351717,0.000331903,0,1,0.00038088,0,0.000341288,1
1788407460,-0.000133271,1.66576e-05,0.000137417,-0.000166591,0.000533537,0.513292,5.02959e-05,5.20922e-05,0.0572549,-0.000644154,-0.000470936,-0.000224701,-0.000100125,1.50213e-05,9.90514e-05,0.000269826,0.00046711,0.000644472,6.44086e-05,5.66571e-05,4.93511e-05,4.89989e-05,4.7546e-05,5.00148e-05,4.82885e-05,5.17624e-05,0.000301616,0,0.000278204,-0.000321523,0.000287103,0,0.490498,-0.000696505,-0.000281497,0.000246921,0.000697192,1788407400,0.000320883,0,0.000263458,1,0.00036675,0,0.000323129,1,0.000355511,0,0.000316668,1,-0.000361505,0.00032243,0,1
1788407520,0.000308161,0,0.000424738,-0.00010413,0.000528511,0.506542,9.09491e-05,8.60222e-05,0.0522844,-0.000615501,-0.000446931,-0.000208562,-0.000100388,7.57407e-06,8.25817e-05,0.0002458,0.00043566,0.000603061,9.61077e-05,9.03105e-05,8.89931e-05,8.88497e-05,9.53021e-05,8.81512e-05,9.50231e-05,8.98061e-05,0.000276798,0,0.000269891,-0.00030593,0.000230615,0,0.483527,-0.000675593,-0.000271386,0.000226348,0.000650977,1788407400,0.000340865,0,0.000303082,1,-0.00031986,0.000286459,0,1,0.000367657,0,0.000340011,1,0.000369995,0,0.000306997,1
1788407580,0.000220652,2.08183e-05,0.000224815,2.08183e-05,0.000525011,0.514279,6.53881e-05,6.44781e-05,0.0588548,-0.000628419,-0.000460018,-0.000215696,-9.75372e-05,1.58979e-05,0.00010215,0.000274899,0.000472808,0.000643926,8.15134e-05,7.28177e-05,6.46574e-05,6.59331e-05,6.82407e-05,6.37997e-05,6.72813e-05,6.15912e-05,0.000300453,0,0.000293791,-0.000330784,0.000291972,0,0.490245,-0.000713501,-0.000288321,0.00025902,0.000726029,1788407400,0.000312866,0,0.000273361,1,0.000338387,0,0.000310625,1,0.000322949,0,0.000274193,1,-0.000370252,0.00033977,0,1
1788407640,5.82772e-05,-3.74657e-05,5.82772e-05,-9.57486e-05,0.000520671,0.51745,3.71735e-05,3.77057e-05,0.0577443,-0.00056871,-0.000425739,-0.000194233,-8.79227e-05,1.81449e-05,8.66158e-05,0.000239621,0.000416701,0.000566533,6.03011e-05,4.96709e-05,3.92408e-05,3.2411e-05,4.15963e-05,3.45894e-05,3.58819e-05,3.8538e-05,0.000265873,0,0.000208399,-0.000265195,0.000192129,0,0.48794,-0.000576879,-0.000225972,0.000192986,0.000564798,1788407400,-0.000342443,0.000308829,0,1,-0.000310894,0.000279968,0,1,-0.00033064,0.000307819,0,1,0.000322386,0,0.000298584,1
1788407700,-7.49285e-05,-0.000158189,-7.49285e-05,-0.0004913,0.000515504,0.521291,3.66426e-05,3.93347e-05,0.0526185,-0.000540144,-0.000403866,-0.000174748,-8.09214e-05,2.13313e-05,8.60758e-05,0.000236868,0.000408178,0.000559357,6.12261e-05,4.94809e-05,3.84273e-05,3.34874e-05,4.04679e-05,3.42482e-05,3.29995e-05,3.99431e-05,0.000254654,0,0.000210536,-0.000253956,0.000175008,0,0.487391,-0.00054262,-0.000211843,0.000185045,0.000540447,1788407700,0.000271379,0,0.00022925,1,0.00033991,0,0.000314474,1,-0.0003117,0.000296986,0,1,-0.000327679,0.000293136,5.95479e-06,1
1788407760,0.000108228,6.66034e-05,0.000187311,-1.24886e-05,0.000510433,0.521122,4.45697e-05,4.30838e-05,0.0442363,-0.000583135,-0.000424866,-0.000185563,-8.03973e-05,2.0982e-05,9.0949e-05,0.00026127,0.000447794,0.000603639,6.30694e-05,5.25972e-05,4.33813e-05,4.49791e-05,4.6407e-05,3.88977e-05,4.64237e-05,4.15727e-05,0.000275749,0,0.000298248,-0.000295527,0.000247861,8.83159e-06,0.493613,-0.000642413,-0.00024889,0.000241182,0.000664623,1788407700,0.000262634,0,0.000222405,1,0.000279992,0,0.000234637,1,-0.000341203,0.000314157,0,1,-0.000317693,0.000286965,0,1
1788407820,-0.000299738,0,2.91364e-05,-0.000345539,0.000505534,0.520048,8.4714e-05,8.96065e-05,0.041306,-0.000533981,-0.000390675,-0.000170319,-7.65454e-05,1.86863e-05,8.14708e-05,0.000225418,0.000396117,0.000542327,9.22746e-05,8.44757e-05,8.41726e-05,8.42385e-05,8.28179e-05,8.45259e-05,8.26842e-05,8.78343e-05,0.000244376,0,0.000239675,-0.000257121,0.000185796,0,0.485107,-0.000544288,-0.00021895,0.00018726,0.000549578,1788407700,-0.000296296,0.000276285,0,1,0.000276041,0,0.00023181,1,-0.000287263,0.000243117,0,1,-0.000346583,0.00031474,0,1
1788407880,0.000203998,-4.16373e-05,0.0002373,-0.000195711,0.000502245,0.512571,6.17506e-05,5.87184e-05,0.0342659,-0.000551712,-0.000397292,-0.000184014,-8.38102e-05,1.17621e-05,7.13948e-05,0.000225476,0.000402787,0.000553933,7.85912e-05,6.77112e-05,5.96289e-05,5.94404e-05,6.26169e-05,5.7996e-05,6.61808e-05,6.13145e-05,0.000249703,0,0.000241911,-0.000273508,0.000203633,0,0.483359,-0.000591783,-0.000237366,0.000203674,0.00058514,1788407700,-0.000264198,0.000235755,0,1,0.000304877,0,0.000280425,1,-0.000286912,0.000238548,0,1,0.00028282,0,0.000229168,1
1788407940,2.91392e-05,-4.57918e-05,8.7415e-05,-4.57918e-05,0.000498034,0.521353,3.57253e-05,3.5598e-05,0.0332868,-0.000569068,-0.00041387,-0.000183209,-7.6827e-05,2.0318e-05,8.71269e-05,0.000249464,0.000431564,0.000584491,5.83654e-05,4.51165e-05,3.44364e-05,3.6035e-05,3.68798e-05,2.92726e-05,3.55915e-05,3.49239e-05,0.000266515,0,0.000261526,-0.000280267,0.000241152,0,0.492334,-0.000602853,-0.000237118,0.000223816,0.000626615,1788407700,0.000273271,0,0.000254354,1,-0.000274551,0.000249347,0,1,0.000328705,0,0.000300814,1,0.000279105,0,0.000205048,1
1788408000,0.000278861,3.74634e-05,0.000278861,3.74634e-05,0.000493046,0.507706,8.50489e-05,7.93241e-05,0.0312859,-0.000618107,-0.000476643,-0.000224639,-9.54946e-05,8.28273e-06,7.46412e-05,0.000241535,0.000441605,0.000595095,9.08745e-05,8.15838e-05,8.02646e-05,8.0852e-05,8.11009e-05,7.86484e-05,9.32441e-05,8.55856e-05,0.000281764,0,0.000343458,-0.000274043,0.000223355,3.61998e-06,0.482292,-0.000607527,-0.000246648,0.000197137,0.000566271,1788408000,-0.000281431,0.000251733,0,1,-0.000278645,0.000255217,0,1,-0.000282079,0.000252004,0,1,0.0003436,0,0.00025804,1
1788408060,-0.000166475,0,0,-0.000166475,0.000489681,0.530801,5.10102e-05,5.44383e-05,0.0317149,-0.000521002,-0.000380755,-0.000159519,-6.10532e-05,2.63028e-05,7.69498e-05,0.000220765,0.000397392,0.00054083,7.0017e-05,5.8412e-05,5.11918e-05,4.71584e-05,5.28491e-05,4.80928e-05,5.03972e-05,5.40699e-05,0.000235964,0,0.000157003,-0.000255807,0.000197064,0,0.490485,-0.000548965,-0.000215428,0.000195134,0.000567615,1788408000,0.000318001,0,0.000253806,1,0.000288215,0,0.000262273,1,0.000279212,0,0.000263156,1,-0.000284808,0.000228763,0,1
1788408120,0.000270507,-2.91359e-05,0.000395332,-2.91359e-05,0.000485331,0.520001,8.1194e-05,7.53754e-05,0.028337,-0.000519397,-0.000374039,-0.000164667,-7.43317e-05,1.80992e-05,6.05674e-05,0.000199676,0.000372929,0.000513847,8.92138e-05,7.89487e-05,7.78542e-05,7.7328e-05,7.77507e-05,7.63445e-05,8.45708e-05,8.52099e-05,0.000222841,0,0.000145891,-0.000244008,0.000157098,0,0.480356,-0.000529911,-0.000208257,0.00017534,0.000531805,1788408000,-0.000266062,0.000223052,0,1,-0.000352909,0.000273245,0,1,-0.000300307,0.000278347,0,1,-0.00029036,0.00023126,0,1
1788408180,0.000336991,1.24832e-05,0.000432659,-2.9128e-05,0.000481973,0.529878,9.63277e-05,8.9789e-05,0.0287657,-0.000534579,-0.000384277,-0.000174186,-6.71956e-05,2.781e-05,8.23212e-05,0.000233581,0.000408248,0.000554014,0.000100294,9.73399e-05,9.63153e-05,9.61966e-05,9.40872e-05,9.53465e-05,9.53063e-05,9.79848e-05,0.000250462,0,0.00018214,-0.000276302,0.000239306,0,0.489888,-0.000586996,-0.000239088,0.000213089,0.000612557,1788408000,0.000249183,0,0.000197568,1,0.000275021,0,0.00022334,1,-0.00035234,0.000253841,0,1,-0.000314821,0.000256583,0,1
1788408240,-0.000349474,-3.3278e-05,0.000253708,-0.000349474,0.000479504,0.528015,9.91525e-05,0.000104677,0.0305243,-0.000559732,-0.000406898,-0.000187996,-7.509e-05,2.84768e-05,9.16497e-05,0.000248813,0.000431032,0.000591624,0.000100432,9.83632e-05,9.82549e-05,9.81693e-05,0.000101853,9.9572e-05,0.000102699,9.67877e-05,0.000268076,0,0.000212283,-0.000292463,0.000264117,0,0.493627,-0.000640769,-0.000250448,0.000235953,0.000674532,1788408000,-0.000293338,0.000256618,0,1,-0.00025533,0.000215413,0,1,-0.000278565,0.000233104,0,1,-0.00029166,0.000208416,0,1
1788408300,0.000328676,-4.57735e-05,0.000332835,-0.000162297,0.00047725,0.52575,9.36031e-05,8.69481e-05,0.0302703,-0.000616316,-0.000440323,-0.000206294,-8.49611e-05,2.88024e-05,0.000103984,0.000269096,0.000469903,0.000641223,9.88488e-05,9.49846e-05,9.41837e-05,9.43807e-05,9.22381e-05,9.279e-05,9.12283e-05,9.5173e-05,0.00029174,1.81459e-05,0.000262907,-0.000314423,0.000305798,0,0.496954,-0.000692057,-0.000265811,0.000257655,0.000720272,1788408300,-0.000309291,0.0002731,0,1,0.000297401,0,0.000264415,1,0.000256726,0,0.000201035,1,-0.000274486,0.000210205,0,1
1788408360,0.000316092,4.15976e-06,0.000316092,-4.99185e-05,0.000474735,0.531294,8.9254e-05,8.1885e-05,0.0314599,-0.000574962,-0.00041513,-0.00019189,-7.14604e-05,3.16841e-05,0.000100345,0.000268081,0.000458448,0.000623632,9.65823e-05,9.14383e-05,9.06723e-05,9.07161e-05,8.64081e-05,8.93815e-05,8.73777e-05,8.88645e-05,0.000282473,0,0.000233889,-0.000299503,0.000272201,0,0.495622,-0.000639246,-0.000252151,0.000245116,0.000686951,1788408300,0.000323225,0,0.000274526,1,-0.00030394,0.000274683,0,1,-0.000293433,0.000260979,0,1,0.000259322,0,0.000195264,1
1788408420,9.97979e-05,-4.15846e-06,0.000133062,-3.32682e-05,0.000472085,0.529054,4.38043e-05,4.08459e-05,0.0325619,-0.000582587,-0.00042337,-0.000195148,-7.46031e-05,2.97782e-05,9.80564e-05,0.000264439,0.00044709,0.000614525,6.20422e-05,4.75514e-05,4.37012e-05,4.06923e-05,3.8463e-05,3.83741e-05,4.54756e-05,4.57376e-05,0.000282267,0,0.000221203,-0.000291041,0.000246101,0,0.493539,-0.000638792,-0.000247113,0.000235522,0.000675288,1788408300,-0.000314555,0.000263069,0,1,-0.000317986,0.000280338,0,1,-0.000314431,0.000285568,0,1,-0.000294579,0.000227936,0,1
1788408480,0.000145521,1.6632e-05,0.000157993,0,0.000467553,0.533773,4.91904e-05,4.57825e-05,0.028917,-0.00054076,-0.000390437,-0.000179515,-6.66637e-05,3.30422e-05,9.82111e-05,0.000247262,0.00041058,0.000574192,6.80834e-05,5.47321e-05,5.03386e-05,4.58821e-05,4.52469e-05,4.51277e-05,4.82799e-05,5.23268e-05,0.000263052,0,0.000170137,-0.000256603,0.000198308,0,0.493328,-0.000564665,-0.000215605,0.00020299,0.000594204,1788408300,-0.000303897,0.000255866,0,1,-0.000313427,0.000280044,0,1,-0.000317471,0.000298521,0,1,0.000328429,0,0.000242493,1
1788408540,-0.000182944,-0.000108099,0.000128872,-0.000199577,0.000463311,0.539903,5.47812e-05,6.10175e-05,0.0269659,-0.000518925,-0.000374919,-0.000163974,-5.6031e-05,3.59732e-05,9.78645e-05,0.000237975,0.000402792,0.000561081,7.26943e-05,5.91491e-05,5.49762e-05,5.18364e-05,5.89111e-05,5.21028e-05,5.87359e-05,5.55852e-05,0.000250128,0,0.000150166,-0.000245359,0.000190133,0,0.494609,-0.000538094,-0.000203593,0.000194597,0.000568195,1788408300,0.00027562,0,0.000211608,1,-0.000298134,0.000259124,0,1,-0.000318258,0.000273556,0,1,-0.000328606,0.000250467,0,1
1788408600,0.000623535,-6.23749e-05,0.000656779,-0.000274478,0.000459384,0.534803,0.000206406,0.000198418,0.025133,-0.000539637,-0.000384432,-0.000176256,-6.71792e-05,3.48801e-05,0.000100001,0.000239455,0.00040209,0.000565884,0.000178202,0.000193435,0.00021037,0.000220517,0.000204147,0.000227751,0.000197336,0.00020394,0.000256923,0,0.000200522,-0.000271392,0.000247143,0,0.495555,-0.000598511,-0.000230592,0.000218433,0.000624688,1788408600,0.000262462,0,0.000202435,1,-0.000282108,0.000229458,0,1,-0.000309928,0.000260671,0,1,-0.000323752,0.000248797,0,1
1788408660,-0.000827307,-0.000112208,-0.000108051,-0.000827307,0.000463237,0.529802,0.00029177,0.000300895,0.0429533,-0.00063973,-0.000467181,-0.000227835,-8.52686e-05,3.54141e-05,0.000128881,0.000301313,0.00052658,0.000763513,0.000250089,0.000288115,0.000290651,0.000288814,0.000326453,0.000302522,0.000285947,0.000296592,0.000324653,2.72009e-05,0.000290679,-0.000335526,0.000364663,0,0.497859,-0.0007048,-0.000279392,0.000277866,0.000785356,1788408600,0.000287808,0,0.000237375,1,-0.000267863,0.00021551,0,1,-0.000288337,0.000229647,0,1,0.000319193,0,0.000223229,1
1788408720,-0.00041183,-7.48656e-05,4.15903e-06,-0.000761394,0.000473271,0.524832,0.000116923,0.00012287,0.143713,-0.000741602,-0.000528794,-0.000250943,-9.69445e-05,3.14007e-05,0.000124709,0.000303736,0.00053797,0.000747113,0.000116875,0.000115763,0.000116161,0.000115675,0.000118132,0.000117701,0.000120322,0.000114449,0.000339659,0,0.000285026,-0.000347781,0.000307917,0,0.4973,-0.000762548,-0.000290402,0.00028267,0.000780091,1788408600,-0.000354587,0.000308482,0,0,-0.000284429,0.000241958,0,1,-0.000274754,0.000217313,0,1,0.000278386,0,0.000203338,1
1788408780,-0.000740889,-7.48964e-05,0.000212176,-0.000765872,0.000472121,0.530748,0.000233723,0.000240118,0.144599,-0.000754221,-0.00054182,-0.000253718,-8.68079e-05,3.77046e-05,0.000142754,0.000338779,0.000589567,0.000812852,0.000216196,0.000239151,0.000225571,0.000235103,0.000248069,0.000217314,0.000242957,0.000240084,0.000365205,7.77908e-06,0.000333811,0.000362368,1.37382e-05,0.000356212,0.506893,-0.00077004,-0.000288677,0.000310694,0.000830275,1788408600,0.000337446,0,0.00029586,0,-0.000334051,0.000318522,0,0,-0.000286471,0.000260925,0,0,0.000267436,0,0.000187658,0
1788408840,-0.000316502,6.66192e-05,0.000204007,-0.000512283,0.000478976,0.527661,9.43116e-05,9.88725e-05,0.298896,-0.000891753,-0.00062078,-0.000299388,-0.00010675,4.00861e-05,0.000153171,0.000364549,0.000642856,0.00087578,9.48835e-05,8.92196e-05,9.089e-05,8.96073e-05,8.11993e-05,9.45056e-05,0.000100305,9.84512e-05,0.000406435,9.30331e-06,0.000398326,0.00039531,0,0.000413245,0.505275,-0.000861805,-0.000320078,0.000327413,0.000867199,1788408600,-0.000351146,0.000311541,0,1,-0.000335881,0.000279953,0,0,0.000344259,0,0.00029885,0,-0.000295363,0.000225131,0,0
1788408900,-0.00123365,-2.91565e-05,0.000199908,-0.00152978,0.00047627,0.519171,0.000449382,0.000454621,0.263501,-0.000886781,-0.000644635,-0.000323821,-0.000121428,2.83486e-05,0.000154375,0.000375716,0.000649733,0.000873685,0.000441927,0.000481858,0.00045701,0.000445638,0.000462801,0.000449285,0.000439842,0.000449815,0.000425435,0,0.000434803,0.000415915,0,0.000456266,0.500384,-0.000875634,-0.000340244,0.000332737,0.000873557,1788408900,0.000357944,0,0.000352663,0,-0.000346353,0.000298901,0,0,-0.000330393,0.00027878,0,0,-0.000367367,0.000287664,0,0
1788408960,0.000683695,8.34025e-05,0.000683695,-0.000116775,0.000502727,0.529923,0.000186339,0.000180128,0.818284,-0.00114427,-0.000799081,-0.000375554,-0.000131483,5.52835e-05,0.000210947,0.000478546,0.000842789,0.00114302,0.00019535,0.000206973,0.000195345,0.000195357,0.000245713,0.00019519,0.000179583,0.000169792,0.000526402,3.04955e-05,0.000542459,0.000485958,4.82639e-05,0.000544684,0.516321,-0.00103985,-0.000375406,0.000407085,0.00103397,1788408900,0.000382141,0,0.000394336,1,-0.000349783,0.000292406,5.76316e-06,1,-0.000352411,0.000302551,0,0,-0.000336935,0.000252387,0,0
1788409020,-0.000212562,-6.66814e-05,8.33455e-05,-0.000220899,0.00050698,0.524334,8.20065e-05,8.55047e-05,0.813972,-0.000968606,-0.000726922,-0.00034413,-0.000122946,3.88869e-05,0.000175898,0.000419789,0.000730945,0.000989325,7.75483e-05,7.00121e-05,8.35694e-05,7.30255e-05,7.2363e-05,8.37571e-05,9.1153e-05,8.31213e-05,0.000468413,0,0.000452317,0.000430024,0,0.000425003,0.500992,-0.000910038,-0.000352095,0.00035373,0.000951266,1788408900,0.000415752,0,0.000433882,1,-0.000402817,0.000345682,0,1,-0.000354618,0.000309207,0,1,-0.000365243,0.000277779,0,0
1788409080,5.00188e-05,-4.16834e-06,0.000225065,-0.000212608,0.000502784,0.515915,5.57025e-05,5.68701e-05,0.746273,-0.000907884,-0.000672069,-0.000320814,-0.000131959,2.4596e-05,0.000143982,0.000358876,0.000627005,0.000870378,5.91508e-05,5.01029e-05,6.53422e-05,4.65621e-05,7.35086e-05,6.06669e-05,5.89738e-05,5.37011e-05,0.000413314,0,0.000382781,-0.00037824,0.000279973,0,0.491188,-0.000856826,-0.000327655,0.000294313,0.00082291,1788408900,-0.000417992,0.000328863,0,1,-0.000425244,0.000358049,0,1,0.000377883,0,0.000332237,1,-0.000385199,0.000292733,0,1
1788409140,-0.00049613,4.16812e-06,8.33622e-06,-0.00060039,0.000497781,0.52479,0.000144346,0.000148063,0.643249,-0.000866892,-0.000639392,-0.000306374,-0.000115754,3.74983e-05,0.000156873,0.000374617,0.000647712,0.000885322,0.000139568,0.000139154,0.000139809,0.000139414,0.00011446,0.000140806,0.000151437,0.000148989,0.000417165,0,0.000381327,0.000394341,0,0.000359658,0.501809,-0.000855748,-0.000327019,0.000326108,0.000883591,1788408900,0.000368215,0,0.000307132,1,0.000417121,0,0.000367677,1,-0.000436268,0.000366709,0,1,0.00037346,0,0.000307933,1
1788409200,-0.000350358,2.08508e-05,2.08508e-05,-0.00103057,0.000497748,0.519649,0.000102559,0.00010549,0.586209,-0.000896837,-0.000642009,-0.000314285,-0.00012142,2.92044e-05,0.000147822,0.000363765,0.000641963,0.000883397,9.9948e-05,9.86065e-05,0.000100337,9.88101e-05,8.27937e-05,9.99963e-05,0.000106402,0.000109164,0.000412934,0,0.000386328,-0.000402827,0.000347508,0,0.494602,-0.000880241,-0.000339355,0.000321749,0.000868718,1788409200,0.000411215,0,0.000352247,1,-0.000386073,0.000311063,0,1,0.000428532,0,0.000365387,1,0.000466408,0,0.000348396,1
1788409260,-0.00030875,1.25149e-05,0.000179365,-0.00043812,0.00049523,0.521357,9.56817e-05,9.79543e-05,0.434288,-0.000937829,-0.000671458,-0.000329863,-0.000125632,3.35797e-05,0.000161151,0.000396144,0.00069586,0.000949352,9.28281e-05,8.7008e-05,9.18895e-05,9.0046e-05,7.32809e-05,9.11899e-05,0.00010568,0.000100772,0.000442957,9.08493e-07,0.000453708,0.000416986,5.24388e-05,0.000445736,0.507459,-0.00090041,-0.000335788,0.000357055,0.000928508,1788409200,0.000394749,0,0.00035095,1,0.000424363,0,0.000342454,1,0.000390607,0,0.000306406,1,0.000442281,0,0.000320058,1
1788409320,0.000905119,-3.33841e-05,0.00105937,-3.33841e-05,0.000492194,0.517233,0.000288635,0.000283719,0.231617,-0.000872572,-0.000625314,-0.000314014,-0.000128183,2.62792e-05,0.000145878,0.000364848,0.000632317,0.00085486,0.000279954,0.000311973,0.000287938,0.000309751,0.000350898,0.00029037,0.000277382,0.00027218,0.000412628,0,0.000405267,0.000360108,0,0.000370152,0.500366,-0.00080296,-0.000302926,0.000298928,0.00078918,1788409200,0.000420688,0,0.000388333,1,0.000397344,0,0.00035774,1,0.000431661,0,0.000346986,1,0.000385533,0,0.000289507,1
1788409380,0.000300135,0,0.000454336,-3.33539e-05,0.00050378,0.515482,9.18313e-05,9.1098e-05,0.0913576,-0.00091696,-0.000688398,-0.000352941,-0.000140768,2.54159e-05,0.000148887,0.000388432,0.00068504,0.000937544,9.41987e-05,8.79053e-05,9.59132e-05,8.93571e-05,0.00011211,9.14635e-05,9.70049e-05,8.63214e-05,0.000448376,1.57105e-05,0.000464034,-0.000429112,0.000472345,2.05159e-06,0.498463,-0.000911469,-0.000361589,0.000345833,0.000945293,1788409200,0.00036485,0,0.00032657,0,0.000398535,0,0.000373069,1,0.000394295,0,0.000342359,1,0.000414321,0,0.00032928,1
1788409440,-0.000216755,-0.000104203,0,-0.000362675,0.00050052,0.5135,7.39832e-05,7.66359e-05,0.0805875,-0.000860705,-0.000652729,-0.000327091,-0.000139437,2.14502e-05,0.000136968,0.000351821,0.000619551,0.000854978,7.74817e-05,7.01687e-05,7.77656e-05,6.89386e-05,6.73968e-05,7.64791e-05,7.7374e-05,7.36584e-05,0.000410389,0,0.000392105,-0.000383012,0.000346498,0,0.495877,-0.000841472,-0.0003315,0.000302589,0.00084242,1788409200,-0.000461925,0.000386619,0,1,0.000360154,0,0.000328775,1,0.000424879,0,0.000377702,1,0.000394452,0,0.000307354,1
1788409500,-4.16891e-05,-5.83652e-05,4.16881e-06,-0.000145919,0.000496436,0.514159,5.21816e-05,5.596e-05,0.0649528,-0.000815883,-0.000612705,-0.000303838,-0.000131719,2.13994e-05,0.000135977,0.000341906,0.00060259,0.000825165,5.86839e-05,4.87162e-05,5.67602e-05,4.63266e-05,5.81387e-05,5.55973e-05,5.57908e-05,5.0601e-05,0.000392013,0,0.000372303,-0.000360919,0.000324249,0,0.497066,-0.000785315,-0.000306545,0.000292089,0.000801248,1788409500,0.000419093,0,0.000330943,1,0.000435823,0,0.000368865,1,0.00037362,0,0.000322531,1,0.000463592,0,0.000346441,1
1788409560,-0.000183453,1.66758e-05,0.000187587,-0.000275191,0.000491482,0.513256,6.25824e-05,6.45101e-05,0.0655587,-0.000710733,-0.000534208,-0.000261316,-0.000112599,1.69062e-05,0.00011483,0.000298787,0.000531091,0.000729883,7.17316e-05,6.36223e-05,6.77301e-05,5.57553e-05,6.03763e-05,6.89147e-05,6.12275e-05,6.4842e-05,0.000340438,0,0.00030853,-0.000315049,0.000239488,0,0.494788,-0.000693918,-0.000267709,0.000250639,0.000686694,1788409500,0.000399603,0,0.000316637,1,0.000423159,0,0.000336645,1,0.000443299,0,0.000365922,1,0.000400568,0,0.000303781,1
1788409620,2.50182e-05,0,0.000212635,-6.67184e-05,0.000487234,0.511495,4.7384e-05,4.86345e-05,0.064557,-0.00075763,-0.000559036,-0.000279666,-0.000123374,1.57706e-05,0.000120221,0.000313378,0.000553037,0.000765991,5.78127e-05,4.69421e-05,5.06304e-05,4.32744e-05,5.72835e-05,5.10247e-05,4.88713e-05,4.5307e-05,0.000359517,0,0.000342006,-0.000359711,0.000332778,0,0.495911,-0.000789603,-0.000306721,0.000289845,0.000787538,1788409500,0.00035468,0,0.000274227,1,0.00040458,0,0.000330213,1,0.000424349,0,0.000338471,1,0.000464582,0,0.000344715,1
1788409680,-0.000425395,-8.33934e-06,2.50176e-05,-0.000446253,0.00048235,0.514773,0.000120604,0.000122904,0.0711931,-0.000688026,-0.000503372,-0.00024634,-0.00011127,1.89532e-05,0.000108825,0.000286775,0.000497767,0.000698913,0.00011922,0.000119181,0.000119312,0.0001192,0.000103481,0.000121692,0.000119247,0.000125462,0.00032428,0,0.000296963,-0.000289373,0.000264171,0,0.497091,-0.00063907,-0.000246584,0.000230121,0.000631465,1788409500,0.000388111,0,0.000317262,1,0.000356248,0,0.000301899,1,0.000401648,0,0.000338288,1,0.000409198,0,0.000306958,1
1788409740,0.000137648,-8.34289e-06,0.000162673,-0.000133495,0.000481277,0.511324,5.51258e-05,5.49226e-05,0.0609173,-0.000712124,-0.000514917,-0.000259233,-0.000113709,1.42748e-05,0.000100422,0.000286155,0.000509571,0.00070674,6.73771e-05,5.73043e-05,5.83607e-05,4.98303e-05,7.17851e-05,5.92449e-05,5.53295e-05,5.38334e-05,0.000329793,0,0.000299589,-0.000311421,0.000278165,0,0.494785,-0.000693813,-0.000265452,0.000250847,0.000680104,1788409500,0.000310611,0,0.000260978,1,0.000365922,0,0.000340453,1,-0.000365736,0.000282013,0,1,0.000378596,0,0.000351477,1
1788409800,0.000187671,-4.17086e-06,0.000296087,-4.17086e-06,0.000476837,0.510101,6.46182e-05,6.39294e-05,0.0676199,-0.000711637,-0.00053667,-0.000272674,-0.000118624,1.31141e-05,0.000104696,0.000287824,0.000512076,0.000704045,7.57055e-05,6.51704e-05,6.50214e-05,6.17753e-05,7.7166e-05,6.51967e-05,6.65662e-05,6.2875e-05,0.000337943,0,0.000339182,-0.000313539,0.000274239,0,0.496139,-0.000674537,-0.000270233,0.000250288,0.000658074,1788409800,0.000310504,0,0.000269813,1,0.000312941,0,0.000274777,1,0.000369101,0,0.000340629,1,0.000349869,0,0.000305139,1
1788409860,-5.00421e-05,-4.17008e-06,2.91901e-05,-0.000241893,0.00047279,0.514402,4.10239e-05,4.41128e-05,0.0766347,-0.000647536,-0.000472267,-0.000235668,-0.000105811,1.74844e-05,9.83371e-05,0.000257176,0.000462364,0.000650836,5.92832e-05,4.5861e-05,4.49735e-05,3.66288e-05,4.68286e-05,4.44278e-05,4.02918e-05,3.99855e-05,0.000298244,0,0.000261042,-0.000285181,0.000247674,0,0.495214,-0.000625692,-0.000243419,0.000223257,0.000621754,1788409800,0.000320652,0,0.000303005,1,0.000309096,0,0.000276614,1,0.000323703,0,0.00028365,1,0.000380538,0,0.000352042,1
1788409920,0.000408604,0,0.000441952,0,0.000468092,0.513972,0.000117019,0.000112577,0.0867297,-0.000624006,-0.00045699,-0.000222427,-9.94857e-05,1.58536e-05,9.53458e-05,0.000256668,0.000449413,0.00064154,0.000120111,0.000117699,0.000117234,0.000117572,0.000128842,0.000116712,0.000117786,0.000115138,0.000291258,0,0.000285683,-0.000286616,0.0002425,0,0.495249,-0.000627443,-0.000241142,0.000232547,0.000638292,1788409800,0.000286774,0,0.000249186,1,0.000348297,0,0.000285839,1,0.000313787,0,0.000265067,1,0.000332553,0,0.000304332,1
1788409980,5.419e-05,1.66742e-05,9.17045e-05,-0.000116727,0.000466977,0.517673,4.00477e-05,4.06132e-05,0.0858611,-0.000613196,-0.000452641,-0.000220491,-9.47077e-05,1.99292e-05,9.7534e-05,0.00025724,0.000449658,0.000623393,5.95078e-05,4.58478e-05,4.44089e-05,3.62398e-05,5.01149e-05,4.26133e-05,3.91641e-05,3.81277e-05,0.000290715,0,0.00023965,-0.000304785,0.000290877,0,0.496976,-0.000658011,-0.000260474,0.000244492,0.000677183,1788409800,0.000291458,0,0.000252458,1,0.000293501,0,0.000254875,1,0.000331002,0,0.000282773,1,0.000328959,0,0.00028454,1
1788410040,-0.000487816,1.2505e-05,3.33463e-05,-0.000491986,0.000462347,0.517585,0.000142094,0.000146394,0.0963925,-0.000585124,-0.000423874,-0.000207158,-9.22954e-05,1.92981e-05,8.76594e-05,0.000234181,0.000409098,0.00057999,0.000136533,0.000136365,0.000137475,0.000147351,0.000129103,0.000144625,0.000144052,0.000141554,0.000267936,0,0.00024707,-0.000267651,0.000209619,0,0.491122,-0.000577162,-0.000227983,0.000206981,0.000583159,1788409800,0.000317784,0,0.000272875,1,0.0003024,0,0.000254568,1,0.000301402,0,0.000258866,1,0.000311663,0,0.000274559,1
1788410100,-0.000104265,-4.17039e-06,-4.17039e-06,-0.00026694,0.00046287,0.514229,4.37223e-05,4.54709e-05,0.0624844,-0.000621411,-0.000450741,-0.000225407,-9.82689e-05,1.59951e-05,8.80585e-05,0.000246803,0.000436373,0.00061493,6.22458e-05,4.76404e-05,4.71134e-05,4.10089e-05,4.78808e-05,4.84433e-05,4.26472e-05,4.22829e-05,0.000285552,0,0.000241512,-0.000309527,0.00027959,0,0.493408,-0.000668722,-0.000263423,0.000246601,0.000674236,1788410100,0.000279534,0,0.000236731,1,0.000315946,0,0.000264061,1,0.000322223,0,0.000261909,1,0.000301637,0,0.000258185,1
1788410160,-0.000162675,-2.08543e-05,0.000145968,-0.000162675,0.000458455,0.514277,5.26677e-05,5.3931e-05,0.0571847,-0.000585229,-0.000426387,-0.000206088,-9.12987e-05,1.48998e-05,8.48864e-05,0.000239201,0.000420283,0.000589798,6.81165e-05,5.69206e-05,5.55242e-05,5.00714e-05,5.21576e-05,5.45966e-05,5.00546e-05,5.38971e-05,0.000270673,0,0.000252718,-0.000283546,0.00022917,0,0.495242,-0.000610744,-0.000233996,0.0002318,0.00062729,1788410100,0.000309691,0,0.000271185,1,0.000288849,0,0.000249342,1,0.00031802,0,0.00027048,1,0.000327211,0,0.000269785,1
1788410220,0.000183529,-4.17151e-06,0.000241918,-0.000112637,0.00045443,0.510697,5.73912e-05,5.69166e-05,0.0519988,-0.000588364,-0.000426121,-0.000215594,-0.000100708,1.1845e-05,8.27139e-05,0.000229819,0.000403521,0.00056975,7.48907e-05,6.22492e-05,5.9795e-05,5.5946e-05,6.916e-05,5.5538e-05,5.68581e-05,5.605e-05,0.000268762,0,0.000244243,-0.000286727,0.000240019,0,0.493221,-0.000631016,-0.000244957,0.000225107,0.000621027,1788410100,0.00027694,0,0.000253646,1,0.000305188,0,0.000279258,1,0.000304115,0,0.000262957,1,0.000315038,0,0.000266975,1
1788410280,2.91947e-05,-7.5076e-05,0.000141795,-7.5076e-05,0.000450611,0.515108,3.64507e-05,3.69214e-05,0.0506818,-0.000573613,-0.000423622,-0.000209093,-9.66204e-05,1.6875e-05,8.84388e-05,0.000235935,0.000411155,0.000573863,5.80033e-05,4.22989e-05,3.8856e-05,3.59247e-05,4.5279e-05,3.2715e-05,3.4716e-05,3.57519e-05,0.000269999,0,0.000253046,-0.000282841,0.000246176,0,0.497788,-0.000611998,-0.000238428,0.00022857,0.000617731,1788410100,0.000278392,0,0.000246365,1,0.000279386,0,0.000256057,1,0.000296293,0,0.000273612,1,0.000302097,0,0.000254965,1
1788410340,-4.58778e-05,8.34119e-06,0.000196,-5.83903e-05,0.000446101,0.515366,3.37402e-05,3.60797e-05,0.0504297,-0.000530158,-0.000393105,-0.000192651,-9.11314e-05,1.62211e-05,7.32026e-05,0.000206563,0.000363811,0.000518635,5.89284e-05,4.21503e-05,3.77931e-05,3.37288e-05,4.13575e-05,3.16197e-05,2.91289e-05,3.34967e-05,0.000241206,0,0.000203362,-0.000257871,0.000197074,0,0.492672,-0.00055823,-0.000223368,0.000192584,0.000534527,1788410100,0.000283342,0,0.000257799,1,-0.000276801,0.000249973,0,1,0.000293038,0,0.000260852,1,0.000297029,0,0.000282247,1
1788410400,0.000291914,0,0.000308592,-4.17081e-06,0.000441665,0.515042,8.5226e-05,8.15454e-05,0.0511023,-0.000528742,-0.000390208,-0.000192993,-8.95509e-05,1.55425e-05,7.50322e-05,0.000207199,0.000365906,0.000523964,9.30465e-05,8.50931e-05,8.42579e-05,8.42432e-05,9.16533e-05,8.24469e-05,8.66256e-05,8.55339e-05,0.000241799,0,0.000216122,-0.000237128,0.000201038,0,0.491836,-0.000504232,-0.000202561,0.000176408,0.000492267,1788410400,0.000265336,0,0.000229254,1,0.00029207,0,0.00025212,1,-0.000280498,0.000269639,0,1,0.000302526,0,0.000256595,1
1788410460,-0.000300255,-2.91875e-05,-2.91875e-05,-0.000304426,0.000439171,0.515179,8.34922e-05,8.62151e-05,0.0489856,-0.000512406,-0.000381209,-0.000184952,-8.24452e-05,1.44391e-05,7.14694e-05,0.000208924,0.000361226,0.000511525,9.09528e-05,8.42349e-05,8.42553e-05,8.42269e-05,7.84617e-05,8.48006e-05,8.05353e-05,8.52033e-05,0.00023886,0,0.000191947,-0.000245738,0.000199218,0,0.491049,-0.000515107,-0.000211749,0.000183625,0.000509825,1788410400,0.000248542,0,0.000213547,1,0.000284317,0,0.00024271,1,0.000302764,0,0.000260876,1,0.000288582,0,0.000270671,1
1788410520,-0.000108448,0,0,-0.000154333,0.000436826,0.507731,3.87391e-05,3.97875e-05,0.0431206,-0.00052163,-0.000383803,-0.000193893,-9.15395e-05,7.90832e-06,6.10682e-05,0.000196092,0.000348425,0.000503151,6.21961e-05,4.58764e-05,4.30937e-05,3.83393e-05,4.35451e-05,3.91187e-05,3.28288e-05,4.01428e-05,0.000234214,0,0.000201195,-0.000248112,0.000179089,0,0.484475,-0.000531545,-0.000215191,0.000182532,0.000513989,1788410400,0.000258761,0,0.000230511,1,0.0002583,0,0.000226146,1,-0.000282304,0.000239584,0,1,0.000305776,0,0.000255064,1
1788410580,-0.000458947,0,0,-0.00047564,0.000432707,0.510617,0.000138687,0.000141471,0.0421222,-0.000477807,-0.000352175,-0.000168854,-7.92228e-05,9.20434e-06,6.08768e-05,0.000191082,0.000335358,0.000478124,0.000128313,0.000128227,0.000133462,0.000144624,0.000120692,0.000144588,0.000146849,0.000140484,0.000218221,0,0.000181225,-0.000227159,0.000155419,0,0.486286,-0.00047728,-0.000190393,0.000167184,0.000467855,1788410400,0.000253987,0,0.000213513,1,0.000266779,0,0.00023139,0,0.000259377,1.03478e-06,0.000233838,1,-0.000267308,0.000235095,0,1
1788410640,0.000166914,3.33851e-05,0.000371346,3.33851e-05,0.000433248,0.50695,5.28147e-05,5.26558e-05,0.0394652,-0.000549659,-0.000395777,-0.000193794,-9.20916e-05,7.22558e-06,6.83686e-05,0.000210066,0.000368945,0.000528164,7.23599e-05,5.74969e-05,5.57397e-05,5.05357e-05,6.33507e-05,4.99271e-05,5.27309e-05,5.21446e-05,0.000244029,0,0.000226655,-0.000283396,0.000232271,1.05232e-06,0.493794,-0.000620802,-0.000239791,0.000226835,0.000605004,1788410400,0.000233459,0,0.000196889,1,0.000257839,0,0.000229001,1,-0.000265198,0.000236037,0,1,-0.000260423,0.000213576,0,1
1788410700,0.000533938,0,0.000684057,0,0.000429542,0.506933,0.000168486,0.000166099,0.03807,-0.000572319,-0.000432841,-0.000227745,-0.000102566,7.75349e-06,7.93098e-05,0.000223793,0.000390997,0.000549006,0.000155377,0.00016031,0.000164129,0.000162532,0.000171436,0.000178595,0.000177944,0.000174237,0.000271263,0,0.000274393,-0.000298479,0.000261004,3.52369e-07,0.495477,-0.0006369,-0.000259263,0.000232578,0.00061305,1788410700,0.00027154,0,0.000247256,1,0.000241873,0,0.000207351,1,0.000253007,0,0.000225684,1,-0.000260069,0.000212752,0,1
1788410760,0.000500309,0,0.000500309,0,0.000431878,0.511116,0.00014994,0.000146475,0.0426651,-0.000603687,-0.00045236,-0.000228828,-0.000103841,1.27707e-05,9.14427e-05,0.000242001,0.000438507,0.000608878,0.0001459,0.000146511,0.00014652,0.000150676,0.000152914,0.000151092,0.00014734,0.000154872,0.000284039,0,0.000289229,-0.000315983,0.000291931,5.12838e-06,0.495493,-0.000674828,-0.000270272,0.000250841,0.000686603,1788410700,-0.000301899,0.000266983,0,0,-0.000269429,0.000244463,0,0,0.00024328,0,0.000209606,1,0.000253061,0,0.000201996,1
1788410820,-8.33642e-06,-2.50095e-05,8.33604e-05,-0.000204262,0.000433352,0.514816,3.62934e-05,3.88501e-05,0.0510622,-0.000599053,-0.00045013,-0.000218869,-9.56863e-05,1.63407e-05,9.03837e-05,0.000240922,0.000431737,0.00059595,5.66881e-05,3.90995e-05,4.16725e-05,3.09785e-05,4.07501e-05,4.07242e-05,3.60702e-05,3.59668e-05,0.000278672,0,0.00024175,-0.000303111,0.000259919,0,0.492108,-0.000642408,-0.000262665,0.000235587,0.000660624,1788410700,-0.00032203,0.000290396,0,1,0.000321433,0,0.000275087,0,0.000270309,0,0.000245948,1,0.00024228,0,0.000186283,1
1788410880,0.000120871,0,0.00014171,-0.000170912,0.000428999,0.50993,4.73979e-05,4.63445e-05,0.0449823,-0.000576833,-0.000425894,-0.000212303,-9.87486e-05,1.06973e-05,8.60887e-05,0.000232976,0.000416123,0.00057865,6.4748e-05,4.97286e-05,5.03248e-05,4.48326e-05,5.18662e-05,4.65828e-05,4.72224e-05,4.72501e-05,0.000269462,0,0.000261632,-0.00028975,0.000230565,0,0.494071,-0.000620279,-0.000247276,0.000230019,0.000636525,1788410700,-0.000323655,0.000285092,0,1,0.000319888,0,0.000273533,1,-0.000293441,0.000259273,0,1,0.000283678,0,0.000221458,1
1788410940,-7.50219e-05,4.16772e-06,0.000170862,-7.91899e-05,0.000425031,0.515469,3.89202e-05,4.11729e-05,0.0429535,-0.00056053,-0.00041903,-0.000204417,-8.87408e-05,1.59288e-05,9.52373e-05,0.000237716,0.000420829,0.000578871,6.03929e-05,4.16371e-05,4.17824e-05,3.63994e-05,4.24937e-05,3.63235e-05,3.85825e-05,3.96046e-05,0.000269316,0,0.00025381,-0.000279982,0.000239417,0,0.497198,-0.000600479,-0.000234607,0.000229477,0.000626121,1788410700,-0.000310467,0.000281946,0,1,0.000328144,0,0.000262758,1,0.000325212,0,0.000275269,1,-0.000274734,0.000218052,0,1
1788411000,0.000241717,4.16803e-06,0.000245884,4.16803e-06,0.000420893,0.511624,7.17156e-05,6.75301e-05,0.0393393,-0.000549429,-0.000405758,-0.000200755,-8.91845e-05,1.15092e-05,8.2183e-05,0.000214723,0.000386656,0.000540187,8.48897e-05,7.09462e-05,7.05345e-05,7.00992e-05,7.20926e-05,6.88479e-05,7.29446e-05,7.37621e-05,0.000251086,0,0.000234988,-0.00026594,0.000214225,0,0.492405,-0.000582699,-0.000228804,0.000207923,0.000582868,1788411000,0.000302946,0,0.000249153,1,0.000323133,0,0.000266989,1,0.000322078,0,0.000271262,1,0.00033365,0,0.000250077,1
1788411060,0.00151149,8.33372e-05,0.00183181,8.33372e-05,0.000418062,0.518591,0.000661498,0.000656751,0.0412544,-0.000509612,-0.000376214,-0.000175552,-7.494e-05,1.67324e-05,8.13977e-05,0.000205033,0.000368091,0.000511208,0.000573872,0.000642336,0.000646066,0.000678735,0.000644195,0.000665832,0.000660051,0.000661735,0.000232552,0,0.000164367,-0.000243708,0.000197637,0,0.496963,-0.000528956,-0.000203983,0.000195111,0.000539989,1788411000,0.000281383,0,0.000223613,0,-0.000295275,0.000265393,0,0,-0.000325965,0.000271901,0,0,-0.000306527,0.000236943,0,0
1788411120,0.000765283,-8.32182e-05,0.000856745,-0.000337077,0.000465803,0.504471,0.000220676,0.000214652,0.497475,-0.000982961,-0.00075033,-0.000373494,-0.000158558,7.48221e-06,0.000151202,0.000401249,0.000773002,0.00111559,0.000224384,0.000245651,0.000218564,0.000233645,0.000199244,0.000221786,0.000218889,0.000229361,0.000468214,4.43978e-05,0.000458949,-0.000443142,0.000481351,4.3454e-05,0.488176,-0.000887781,-0.000373896,0.000338081,0.000979435,1788411000,0.000255087,0,0.00020689,0,-0.000271146,0.000232009,0,0,-0.00030376,0.000260772,0,0,-0.000308485,0.000241619,0,0
1788411180,0.000124719,1.66301e-05,0.000182916,-0.000162158,0.000473652,0.50709,7.19058e-05,7.19006e-05,0.633904,-0.000996278,-0.000760965,-0.000385255,-0.000161177,1.2154e-05,0.000159581,0.000414956,0.000793918,0.0011433,6.49724e-05,5.60941e-05,7.37467e-05,6.03457e-05,6.71907e-05,8.86959e-05,7.28481e-05,8.3417e-05,0.000483524,0,0.000428338,-0.000435893,0.000428917,0,0.490471,-0.000897765,-0.000371047,0.000335061,0.000975976,1788411000,-0.000470249,0.000428019,0,1,0.000251147,0,0.000208725,0,-0.000270641,0.00024587,0,0,-0.000304034,0.000243321,0,0
1788411240,0.000191205,-7.06721e-05,0.000831062,-0.000232821,0.000469223,0.514715,7.228e-05,6.96054e-05,0.522102,-0.000817268,-0.00062413,-0.000307538,-0.000124858,2.12184e-05,0.000138506,0.000354307,0.000665833,0.000961783,7.60535e-05,6.66801e-05,7.95519e-05,6.33626e-05,6.50293e-05,8.21373e-05,6.74376e-05,8.16468e-05,0.000402419,0,0.000304302,-0.000359247,0.000304718,0,0.494622,-0.000760731,-0.000304897,0.000287816,0.000836282,1788411000,-0.000464115,0.000440229,0,1,-0.000428494,0.000446352,0,1,-0.000256318,0.000218546,0,0,-0.000273021,0.000209217,0,0
1788411300,-0.000548774,-1.66251e-05,-1.66251e-05,-0.00144326,0.000465294,0.521249,0.000156867,0.000162398,0.427338,-0.000875865,-0.000658564,-0.000328097,-0.000125694,3.34128e-05,0.0001583,0.000385769,0.000733462,0.00103349,0.000153861,0.000154538,0.000154047,0.000154238,0.000182591,0.00015639,0.000157825,0.000158292,0.000434708,2.82072e-05,0.000387051,-0.000420631,0.000467964,0,0.499907,-0.000867293,-0.000346793,0.000337563,0.000951707,1788411300,-0.000389273,0.000352515,0,1,-0.000443391,0.000438927,0,1,0.000423704,2.84393e-05,0.000359913,1,-0.000256866,0.000201053,0,0
1788411360,0.000349255,4.15844e-05,0.000349255,-7.06974e-05,0.00046711,0.516358,0.000102348,9.9639e-05,0.350812,-0.000925161,-0.000688281,-0.000338446,-0.000132669,2.55814e-05,0.000161349,0.00041068,0.000762164,0.00101634,0.000103251,0.000101402,0.000103107,0.000109481,8.92797e-05,0.00010101,0.000101671,0.000100163,0.000456745,2.34398e-05,0.00048253,0.000445151,1.32171e-05,0.000474522,0.503372,-0.000919249,-0.000355562,0.000363734,0.00098388,1788411300,-0.000441685,0.000426395,0,1,-0.000386959,0.000338593,0,1,-0.000436966,0.000406041,0,1,-0.000445683,0.00034683,0,1
1788411420,0.000261861,2.49421e-05,0.000295108,-0.000349255,0.000465045,0.519372,8.06598e-05,7.74872e-05,0.284913,-0.00076659,-0.000578442,-0.000281076,-0.000111823,2.64195e-05,0.000133845,0.000332593,0.000615464,0.000844862,8.78291e-05,7.80188e-05,8.68432e-05,7.9198e-05,7.20638e-05,8.46321e-05,8.04586e-05,7.9144e-05,0.000374346,0,0.000354167,-0.000326907,0.000281599,0,0.498579,-0.000703369,-0.000271839,0.000271053,0.00076381,1788411300,-0.00043014,0.00041265,0,1,-0.000398805,0.000365905,0,1,-0.000376939,0.000304631,0,1,-0.00042588,0.000335774,0,1
1788411480,-0.000162096,-4.15599e-06,0.000411358,-0.000399054,0.000461859,0.516741,6.35496e-05,6.71111e-05,0.231227,-0.000804687,-0.000604768,-0.000298424,-0.000123619,2.4485e-05,0.000136898,0.000341094,0.000635817,0.000877051,6.86144e-05,5.87827e-05,6.59992e-05,6.47079e-05,7.68646e-05,6.67219e-05,6.09723e-05,6.24289e-05,0.000388833,0,0.000408424,-0.000335983,0.000286502,1.81493e-05,0.495184,-0.000725197,-0.000284817,0.00027456,0.000781672,1788411300,-0.000320656,0.000273537,0,1,-0.000394222,0.000363741,2.07636e-05,1,-0.00038716,0.000358456,4.86431e-06,1,-0.000342637,0.000262624,0,1
1788411540,0.000585917,0,0.000585917,0,0.000457791,0.517119,0.000167121,0.000160392,0.177623,-0.000815188,-0.000609986,-0.000301429,-0.000123558,2.51433e-05,0.000144466,0.000341939,0.000635052,0.000887939,0.000168867,0.000173225,0.000167452,0.000168099,0.000150214,0.000165607,0.000167531,0.000167937,0.000391357,1.70666e-05,0.000403756,0.000345942,0,0.000354784,0.500117,-0.000745503,-0.000290416,0.000285879,0.000807966,1788411300,-0.000315773,0.000294267,0,1,-0.000310186,0.000274811,0,1,-0.00039935,0.000344129,2.57481e-05,1,-0.000391423,0.000304299,0,1
1788411600,0.000739178,4.15421e-06,0.000776538,-0.000211888,0.000460703,0.509086,0.000219276,0.000211776,0.181192,-0.000858967,-0.000682805,-0.000341214,-0.000145257,1.43333e-05,0.000133732,0.000354241,0.000701765,0.000978092,0.000213143,0.000233642,0.000222422,0.000214544,0.000190387,0.00021748,0.000228415,0.00022091,0.000418957,1.9497e-05,0.000474271,-0.000381056,0.000392792,2.97239e-05,0.488264,-0.000790068,-0.00033152,0.000291806,0.000833859,1788411600,-0.000325368,0.000335589,0,0,-0.000319726,0.000316493,0,1,-0.000318496,0.000275281,0,1,-0.000423626,0.000342864,0,1
1788411660,-0.000456731,-8.30234e-06,-8.30234e-06,-0.000456731,0.000467899,0.511378,0.000126645,0.000133159,0.196052,-0.00085757,-0.000661746,-0.000331881,-0.000138778,1.75777e-05,0.000145688,0.00035875,0.000718598,0.00102237,0.000128566,0.000127993,0.000128388,0.000128459,0.000161972,0.000129382,0.000125741,0.000119191,0.000417847,0,0.000403188,-0.000381447,0.000370435,0,0.493733,-0.000803173,-0.00032344,0.000307869,0.00089613,1788411600,-0.000422602,0.000362711,0,1,-0.000330919,0.000323306,0,1,-0.000340627,0.000316369,0,1,-0.000329627,0.000257369,0,1
1788411720,-5.81444e-05,-4.98378e-05,0.000199326,-0.000681332,0.000467679,0.515695,4.92631e-05,5.25421e-05,0.11903,-0.000729563,-0.000551096,-0.000271244,-0.000117715,2.15662e-05,0.000122324,0.000306504,0.000590786,0.000838083,6.04527e-05,4.81739e-05,5.85668e-05,4.25878e-05,6.2816e-05,5.78289e-05,4.50984e-05,5.11666e-05,0.000351011,0,0.000288557,-0.0003343,0.00026456,0,0.490645,-0.000728315,-0.000285551,0.000265622,0.000778587,1788411600,-0.000385991,0.000358205,0,1,-0.000448079,0.00038989,0,1,-0.000335384,0.000327777,0,1,-0.00036433,0.000299143,0,1
1788411780,0,-1.66133e-05,0.000444303,-0.000415415,0.000463051,0.516078,5.12017e-05,5.31347e-05,0.0463139,-0.000768268,-0.000575743,-0.000286506,-0.000114654,2.16104e-05,0.000139007,0.000343708,0.000666237,0.000915556,5.70572e-05,4.47967e-05,5.27111e-05,5.54229e-05,5.45215e-05,5.32089e-05,4.73389e-05,5.16706e-05,0.000384002,0,0.000377013,0.000378261,0,0.000384627,0.501766,-0.000788375,-0.0003101,0.000316545,0.000879093,1788411600,0.000333757,0,0.000272166,1,-0.000367818,0.000364873,0,1,-0.000433711,0.000328869,0,1,-0.00034719,0.000278816,0,1
1788411840,-0.000436191,-4.1533e-06,0.000236709,-0.000577474,0.000458397,0.515028,0.00012353,0.000129117,0.0478411,-0.000775245,-0.000575143,-0.000285601,-0.000114551,1.99344e-05,0.000133806,0.000335742,0.00065369,0.000908759,0.000123063,0.000122168,0.00012228,0.000122777,0.000141419,0.000123911,0.000122044,0.000124789,0.000378168,0,0.000391646,0.000377822,0,0.000397117,0.500646,-0.000808084,-0.000313026,0.000312757,0.000874842,1788411600,-0.000368142,0.000346166,6.72097e-06,1,-0.00033239,0.000288169,0,1,-0.00037603,0.00036253,0,1,-0.000358761,0.000261132,0,1
1788411900,-0.000332463,3.73952e-05,0.000170345,-0.00033662,0.000457964,0.513165,9.47752e-05,9.96347e-05,0.0501542,-0.000778165,-0.000577238,-0.000287109,-0.000115532,1.72384e-05,0.000133125,0.000336083,0.00064599,0.000861668,9.74032e-05,9.317e-05,9.32402e-05,9.4724e-05,0.000107111,9.49577e-05,9.42325e-05,9.61619e-05,0.00037911,0,0.000387988,-0.000359257,0.00033238,0,0.499926,-0.000775873,-0.000299056,0.000296463,0.00082525,1788411900,-0.000361335,0.000346047,0,1,-0.000367461,0.000350787,0,1,-0.000321123,0.000288021,0,1,-0.0003949,0.000314574,0,1
1788411960,-0.000607031,-4.15649e-06,0.000132999,-0.000615349,0.000455792,0.510642,0.000176028,0.000181969,0.0552776,-0.000711491,-0.000531186,-0.00026508,-0.000108588,1.27145e-05,0.000112544,0.000298515,0.000559115,0.000753015,0.000170519,0.000178226,0.000171777,0.000172223,0.000186518,0.000171274,0.000179045,0.000180637,0.000341713,0,0.000334328,-0.00031214,0.000258957,0,0.495466,-0.000682265,-0.000263914,0.000252713,0.00071428,1788411900,-0.000335382,0.000324907,0,1,-0.000346399,0.000326161,3.9057e-06,1,-0.000373474,0.000334556,2.4695e-07,1,-0.000315039,0.000236051,0,1
1788412020,-3.32726e-05,0,0.000141396,-0.000207972,0.000459306,0.51283,4.93478e-05,5.1777e-05,0.0646112,-0.000769463,-0.000568815,-0.000283491,-0.000114392,1.6566e-05,0.000124783,0.000319474,0.000595063,0.000796039,5.87597e-05,4.57383e-05,5.19318e-05,5.26114e-05,5.0926e-05,5.57927e-05,4.77583e-05,4.42608e-05,0.000365855,0,0.000377609,-0.000346767,0.000301256,7.7066e-07,0.499267,-0.000766771,-0.000292301,0.000284785,0.000774488,1788411900,-0.000287785,0.000268229,0,1,-0.000334657,0.000302999,0,1,-0.000361444,0.000337124,0,1,-0.000384263,0.000308669,0,1
1788412080,0.000270308,0,0.000274466,0,0.000454714,0.511893,7.86687e-05,7.62091e-05,0.0660943,-0.000687585,-0.000517915,-0.00025279,-0.000104797,1.39001e-05,0.000113617,0.000294826,0.000542362,0.00072622,8.89948e-05,7.94022e-05,8.15115e-05,7.92988e-05,7.8243e-05,8.40701e-05,8.168e-05,7.49239e-05,0.000333312,0,0.000339888,-0.000319672,0.000250245,0,0.497919,-0.000702866,-0.000270447,0.000261239,0.000717347,1788411900,-0.000323235,0.000296733,0,1,-0.000296997,0.000263417,0,1,-0.000334992,0.000305872,0,1,-0.000392259,0.000314225,0,1
1788412140,-0.000748724,-2.91066e-05,7.06839e-05,-0.00110665,0.000451764,0.51508,0.000246187,0.000252923,0.0580998,-0.000649484,-0.000493061,-0.000234956,-9.3902e-05,1.63544e-05,0.000103253,0.000268128,0.000500141,0.000677019,0.000218678,0.000237826,0.000229553,0.000260412,0.000241894,0.000223566,0.000248675,0.000255194,0.000306237,0,0.000271479,-0.000300177,0.000228153,0,0.499015,-0.00067438,-0.000254578,0.000243348,0.000678543,1788411900,-0.000312383,0.000259798,0,1,-0.000325104,0.00027986,0,1,-0.000294976,0.000276275,0,1,-0.000350819,0.000271833,0,1
1788412200,0.000582389,4.16113e-06,0.000615659,4.16113e-06,0.000459587,0.51227,0.00016479,0.000159837,0.0696327,-0.000811366,-0.000609546,-0.000301917,-0.000119318,1.64313e-05,0.000137877,0.000342264,0.00062836,0.000852599,0.000167717,0.000171159,0.0001667,0.000167033,0.000163563,0.000164181,0.000162775,0.000163644,0.00039139,0,0.000417835,0.000404616,0,0.000423547,0.507011,-0.000876501,-0.000330369,0.000337207,0.000893456,1788412200,-0.00030041,0.000233829,0,1,-0.000328384,0.000279154,0,1,-0.000325073,0.000295372,0,1,-0.00030757,0.000234211,0,1
1788412260,-0.000736363,-4.15872e-06,-4.15872e-06,-0.000740525,0.000462363,0.513903,0.000228215,0.000234139,0.0539358,-0.000713666,-0.000546839,-0.00026654,-0.000105851,1.67943e-05,0.000120943,0.000306899,0.000561246,0.000750855,0.000213549,0.000226913,0.000215598,0.000228311,0.000229874,0.000215306,0.000236083,0.000246336,0.000348963,0,0.000320292,-0.000361872,0.000335805,0,0.499376,-0.000773315,-0.000305481,0.000295412,0.000818861,1788412200,0.000387029,0,0.000365202,1,-0.000312593,0.000250445,0,1,-0.000342184,0.000289279,0,1,-0.000348065,0.000266915,0,1
1788412320,-0.000299693,-4.16179e-06,0.000216389,-0.000299693,0.000469413,0.507043,8.37433e-05,8.69301e-05,0.0685787,-0.000772899,-0.000579081,-0.000286241,-0.000120113,8.99857e-06,0.000116898,0.000306631,0.000568778,0.000770805,9.16521e-05,8.40121e-05,9.03099e-05,8.43816e-05,8.69028e-05,9.10622e-05,8.23559e-05,8.32403e-05,0.000358337,0,0.000348582,-0.000385967,0.000313696,0,0.494943,-0.000851858,-0.000328295,0.000307905,0.000841342,1788412200,-0.000375081,0.000297241,0,1,-0.000395618,0.000346073,0,1,-0.000324095,0.000256466,0,1,-0.000355107,0.000272262,0,1
1788412380,-0.000453873,-4.16311e-05,-3.33047e-05,-0.000453873,0.000466624,0.509647,0.000127483,0.000129914,0.0628976,-0.000735709,-0.000549246,-0.000282389,-0.000114013,1.19734e-05,0.000119349,0.000303472,0.000556215,0.000756406,0.000127293,0.000126753,0.00012684,0.000127189,0.000125992,0.000128524,0.000129108,0.000126227,0.000353837,0,0.000313469,-0.000366876,0.000320996,0,0.498131,-0.000789697,-0.000309732,0.000295877,0.00080497,1788412200,0.000378425,0,0.000331493,1,0.000373038,0,0.000315985,0,0.000401175,0,0.000348078,1,0.000327733,0,0.000209578,1
1788412440,7.49656e-05,-2.91548e-05,0.000387262,-0.00052075,0.000466372,0.509536,4.8187e-05,4.90524e-05,0.0651868,-0.000735145,-0.00054727,-0.00027147,-0.000111127,1.1517e-05,0.00010943,0.000288944,0.000536473,0.00072578,6.13004e-05,4.99703e-05,5.80913e-05,4.48729e-05,5.4245e-05,5.82839e-05,4.55237e-05,4.36898e-05,0.000338465,0,0.000307646,-0.000356664,0.000264385,0,0.494479,-0.000791272,-0.000301675,0.000286608,0.000777413,1788412200,-0.000383005,0.000318969,0,1,-0.000376533,0.000310744,0,1,-0.000369213,0.000315021,0,1,0.000417328,0,0.000314691,1
1788412500,-2.49879e-05,0,0.000366418,-0.00031656,0.000461807,0.509902,5.51167e-05,5.74001e-05,0.0552209,-0.000862036,-0.000649917,-0.000340037,-0.000133023,1.44159e-05,0.000137258,0.00035244,0.000641063,0.000869348,5.80154e-05,4.58749e-05,5.14803e-05,6.40729e-05,4.88215e-05,5.41654e-05,5.68522e-05,4.96375e-05,0.000416828,0,0.000448509,0.000445163,2.22114e-05,0.000514309,0.506389,-0.000923588,-0.000360482,0.000362619,0.00093931,1788412500,-0.000349467,0.000282724,0,1,-0.000386152,0.000307518,0,1,-0.000370935,0.000316011,0,1,-0.000370439,0.000278387,0,1
1788412560,-0.000366561,8.32938e-06,8.32938e-06,-0.000491556,0.000457179,0.507879,0.000103669,0.000105513,0.0503936,-0.000767937,-0.000573887,-0.000295235,-0.000118031,9.9386e-06,0.000122177,0.000315671,0.000576379,0.00078561,0.000102427,0.000102364,0.000102411,0.000102981,9.96224e-05,0.000104672,0.00010286,0.000106348,0.000368755,0,0.000387423,0.000378184,0,0.000407544,0.504645,-0.000819034,-0.0003134,0.000313639,0.000831988,1788412500,-0.000451903,0.000377925,0,1,-0.000351882,0.000273413,0,1,-0.000368291,0.000307206,0,1,0.000382361,0,0.000292254,1
1788412620,-0.00110883,-2.08314e-05,-2.08314e-05,-0.00185987,0.000455543,0.506338,0.000412575,0.000415237,0.0509745,-0.000734409,-0.000550811,-0.000279945,-0.000111338,7.51199e-06,0.000113586,0.000302175,0.000553963,0.000748771,0.000377385,0.000414987,0.000405884,0.000407279,0.000400715,0.000396244,0.000410815,0.000432758,0.000351661,0,0.000349992,-0.000328508,0.00028129,0,0.499287,-0.000722525,-0.000274763,0.000272757,0.000726175,1788412500,-0.00039463,0.000332654,0,0,0.000465974,0,0.000397703,1,-0.000348952,0.000287525,0,1,-0.000359221,0.0002607,0,1
1788412680,9.17546e-05,0.000133458,0.000412829,-0.000625824,0.000477451,0.516738,6.7588e-05,6.8511e-05,0.0740098,-0.00104095,-0.00075157,-0.00036968,-0.000135944,2.69453e-05,0.000178357,0.000431162,0.000792372,0.00103643,6.20598e-05,5.27472e-05,6.54903e-05,7.95961e-05,6.18956e-05,6.27942e-05,6.72007e-05,6.49788e-05,0.000488008,1.74295e-05,0.000526478,0.000471774,6.60277e-05,0.000524644,0.517323,-0.000995003,-0.000365012,0.000401986,0.00100335,1788412500,0.000347034,0,0.000292964,1,-0.000406825,0.000344095,0,1,0.000447237,0,0.000384915,1,0.000358804,0,0.000265928,1
1788412740,-0.000763488,-0.000421306,-0.000196031,-0.000968018,0.000472831,0.511187,0.00022534,0.000226533,0.0610409,-0.000938575,-0.000687324,-0.000350626,-0.000134135,1.66577e-05,0.000148691,0.000383542,0.000709821,0.000940614,0.000222719,0.000234822,0.000221067,0.000213406,0.00021441,0.000225733,0.000233535,0.000240823,0.00044402,0,0.000477742,0.000435859,1.90357e-05,0.000497616,0.508493,-0.000914263,-0.000347119,0.000368447,0.000944771,1788412500,0.000456973,0,0.000444719,1,0.000352452,0,0.000294195,0,0.000423707,0,0.000356111,0,0.000446476,0,0.000357473,1
1788412800,-0.00207228,7.5123e-05,7.5123e-05,-0.00208483,0.00048037,0.511235,0.000851547,0.000851841,0.0739657,-0.000988903,-0.000718422,-0.00035647,-0.000137949,1.72168e-05,0.000142944,0.000379308,0.000704171,0.000928716,0.00085861,0.000884425,0.000847232,0.000832252,0.000844343,0.000863228,0.000854653,0.000854526,0.000444343,0,0.000482,0.000424471,0,0.000453375,0.505441,-0.000925468,-0.000347198,0.00034884,0.000889585,1788412800,-0.000446195,0.000362965,0,0,-0.000449942,0.000378275,0,0,0.000356934,0,0.000290689,0,0.000436613,0,0.000328563,0
1788412860,-0.00120523,-9.20152e-05,-9.20152e-05,-0.00147326,0.000558594,0.52154,0.000372915,0.000371599,0.492687,-0.00139249,-0.00100335,-0.000484921,-0.000166897,4.52056e-05,0.000232316,0.000558308,0.00101078,0.00134223,0.000422267,0.000415224,0.000342447,0.000373328,0.000282674,0.000341439,0.000394429,0.000399909,0.000635973,4.39862e-05,0.000625492,0.000614099,9.59331e-05,0.000638828,0.522901,-0.00130653,-0.000465071,0.000522874,0.00128017,1788412800,0.00041485,0,0.000387702,0,0.000432979,0,0.000409555,0,-0.000457746,0.000376456,0,0,0.000366022,0,0.000266918,0
1788412920,-0.00103062,5.0247e-05,0.000380977,-0.00165118,0.000578652,0.518553,0.000301583,0.000299304,0.568629,-0.00143068,-0.00103523,-0.000498802,-0.000174337,3.91848e-05,0.000230359,0.000560135,0.0010213,0.00133867,0.000333882,0.000319086,0.000287084,0.000302188,0.000215561,0.00029295,0.000326993,0.000330724,0.000644141,0,0.0006278,0.00060591,1.23879e-05,0.000645683,0.516687,-0.00130464,-0.000468194,0.00051797,0.00127933,1788412800,0.000552331,0,0.000539992,0,-0.000426428,0.00033999,0,0,0.00045616,0,0.000426164,0,-0.000484459,0.000375894,0,0
1788412980,-0.00154373,8.38332e-06,8.38332e-06,-0.00308984,0.000591088,0.512192,0.000490885,0.000486938,0.557536,-0.0015365,-0.0011157,-0.000549137,-0.000207338,2.8459e-05,0.000234706,0.000586696,0.00109374,0.00143124,0.000588887,0.00056972,0.000467549,0.000496287,0.000365159,0.000446186,0.000518467,0.000526044,0.000686764,0,0.000721221,0.000668385,1.86321e-05,0.000802467,0.513363,-0.00142045,-0.000523007,0.000547609,0.00136533,1788412800,0.000538249,0,0.000549349,0,-0.000545768,0.000420057,0,0,-0.000433267,0.000336703,0,0,0.000493583,0,0.000374491,0
1788413040,0.000738602,8.39595e-05,0.000998662,-0.000285515,0.000624548,0.510884,0.00020414,0.000204674,0.66035,-0.00175887,-0.00127972,-0.000635336,-0.000242831,2.93524e-05,0.000268749,0.000678084,0.00125437,0.00165469,0.000215359,0.000212629,0.000216425,0.000217126,0.000323625,0.000212546,0.00018354,0.000168402,0.000793774,7.93437e-07,0.000870917,0.000771076,9.66327e-05,0.000943738,0.520007,-0.00160479,-0.000587595,0.000628861,0.0015508,1788412800,0.000587921,0,0.000622033,1,-0.000525018,0.000405625,1.5549e-06,1,-0.000536431,0.000420514,0,0,0.000442664,0,0.000380512,0
1788413100,-0.000537111,7.55081e-05,0.000213925,-0.000860356,0.000627032,0.509157,0.00016098,0.00016105,0.642651,-0.00154589,-0.00117063,-0.000582458,-0.000225384,2.24661e-05,0.000234502,0.000603437,0.0011054,0.00145215,0.000148687,0.000149884,0.000163064,0.000154091,0.000105338,0.00017546,0.000165722,0.000189321,0.000714421,0,0.000729039,0.000664,0,0.000721071,0.502385,-0.00139913,-0.000548655,0.000527083,0.00137379,1788413100,0.000661279,0,0.00072569,1,-0.000576275,0.000473772,3.00537e-05,1,0.000534202,0,0.000497659,1,-0.000550398,0.00045695,0,0
1788413160,-0.000125927,1.67891e-05,0.000528721,-0.000352636,0.00062536,0.5053,9.61617e-05,9.87882e-05,0.569107,-0.00149862,-0.00112596,-0.000561037,-0.000232188,1.2855e-05,0.000214475,0.000559735,0.0010434,0.00137956,6.39546e-05,7.37959e-05,0.000104335,9.29502e-05,0.000102197,0.000111744,9.60488e-05,0.00010288,0.000672612,0,0.000697818,-0.000623283,0.000517452,6.41335e-05,0.496662,-0.00136491,-0.000531582,0.000487579,0.00127722,1788413100,-0.000635213,0.000489517,1.99488e-05,1,0.000676004,0,0.00067512,1,-0.000598815,0.000501345,0,1,0.000572651,0,0.000484281,1
1788413220,-0.00134841,-6.71676e-05,0.000251838,-0.00149134,0.000619331,0.506003,0.000417856,0.000412908,0.461811,-0.0014019,-0.00105156,-0.000518801,-0.000206106,1.30048e-05,0.000208077,0.000531874,0.000978072,0.00130576,0.0004908,0.000461082,0.000399509,0.000405979,0.000289461,0.000411307,0.000438749,0.000451502,0.000632318,0,0.000606595,0.000588664,0,0.000583452,0.501915,-0.00127089,-0.000498712,0.000472638,0.00123638,1788413100,0.000610326,0,0.000561283,1,0.000655656,0,0.00059105,1,0.000701436,0,0.000643807,1,0.000658009,0,0.000549511,1
1788413280,0.00151212,8.40696e-06,0.00184364,-0.000180767,0.000642078,0.505308,0.000468116,0.000471319,0.35959,-0.0016137,-0.00119421,-0.000595746,-0.000238063,1.32005e-05,0.000230086,0.000612826,0.00112193,0.00146623,0.000579265,0.000545265,0.000469192,0.000476254,0.000677567,0.000438725,0.000459301,0.000428607,0.000727397,0,0.000744156,0.000667115,2.29232e-05,0.000710512,0.507206,-0.00145111,-0.000547705,0.000543049,0.00137167,1788413100,0.000620181,0,0.000555771,1,0.000632815,0,0.000570548,1,0.000661707,0,0.000577932,1,0.000748364,0,0.000610878,1
1788413340,0.000667124,9.65298e-05,0.000864239,9.65298e-05,0.000670633,0.496518,0.000191031,0.000191419,0.223366,-0.0015908,-0.00121435,-0.00062018,-0.00025034,-7.61544e-06,0.000219215,0.000617098,0.00113316,0.00152063,0.000193757,0.00019349,0.000196635,0.00019499,0.00027507,0.000200439,0.000180797,0.000177261,-0.000742672,0.000787659,3.65388e-05,-0.000699723,0.000805298,4.43465e-05,0.498847,-0.00145154,-0.000583358,0.000559835,0.0014829,1788413100,0.000652456,0,0.000599599,0,0.000634783,0,0.000546489,1,0.000636324,0,0.000539101,1,0.000665998,0,0.00055639,1
1788413400,0.00069602,3.35542e-05,0.00102709,-0.000511842,0.000670563,0.491657,0.000204098,0.000203428,0.192485,-0.00151951,-0.00118924,-0.000620072,-0.000257433,-1.79142e-05,0.0001995,0.000564006,0.00102525,0.00138261,0.000201528,0.000201494,0.00020416,0.000202226,0.000270477,0.000201381,0.000207751,0.000193683,-0.000714473,0.000609253,2.05529e-05,-0.000659915,0.000585949,1.03396e-05,0.492635,-0.00142786,-0.000580463,0.000501835,0.00133623,1788413400,-0.000762034,0.000617365,0,1,0.000633305,0,0.000612009,0,0.000620112,0,0.000552141,1,0.000633451,0,0.000532225,1
1788413460,0.000276596,-8.80239e-05,0.000846311,-0.00025571,0.000671082,0.502243,0.000112081,0.000114638,0.116233,-0.00148512,-0.00114827,-0.00058585,-0.000234116,5.56651e-06,0.000230839,0.000592801,0.00107322,0.00146842,9.18737e-05,0.000102928,0.000122547,0.000115397,0.000155822,0.000127396,0.000110465,9.17937e-05,0.000708095,2.85284e-05,0.000704683,-0.000681073,0.000758869,0,0.499536,-0.00142164,-0.000571683,0.000545002,0.00146415,1788413400,0.000704587,0,0.000590378,1,0.000687902,0,0.000631661,1,0.000623073,0,0.000586002,1,0.000588312,0,0.000571742,1
1788413520,0.000628343,3.77117e-05,0.000779087,3.77117e-05,0.000665488,0.503687,0.000179811,0.0001776,0.0732068,-0.00140074,-0.00106996,-0.000542004,-0.000213594,8.30105e-06,0.000212328,0.000538049,0.00097969,0.00133379,0.000182428,0.000182576,0.000184303,0.000183574,0.000230565,0.000184817,0.000175615,0.000167034,0.000648381,4.39995e-06,0.000640378,-0.000637294,0.000660891,0,0.498377,-0.00136042,-0.000544308,0.000505512,0.00136188,1788413400,0.000763127,0,0.000646201,1,0.000725518,0,0.00058682,1,0.000680468,0,0.000635844,1,0.000633794,0,0.000584339,0
1788413580,0.0001968,-5.86287e-05,0.000673983,-5.86287e-05,0.000664765,0.505734,8.88737e-05,9.02328e-05,0.105403,-0.0012687,-0.000975038,-0.000493902,-0.000193936,1.174e-05,0.000193892,0.000503116,0.000899597,0.00122745,7.85877e-05,8.86429e-05,0.00010189,8.68858e-05,0.000125778,9.79027e-05,9.1925e-05,7.41102e-05,0.000599414,2.44232e-05,0.0005617,-0.000562735,0.000549437,0,0.494946,-0.00121211,-0.000487432,0.000447423,0.00122315,1788413400,0.000707773,0,0.000587675,1,0.000734085,0,0.000608621,1,0.000661114,0,0.000537113,1,0.000705126,0,0.000649245,1
1788413640,0.000355816,-2.51212e-05,0.000903944,-2.51212e-05,0.000658672,0.508378,0.000111437,0.000112111,0.164689,-0.00121091,-0.000925003,-0.000469674,-0.000182207,1.64205e-05,0.000197616,0.000474163,0.0008264,0.00115046,0.000106593,0.000114258,0.000123952,0.000113603,0.000142115,0.0001118,0.000111997,9.72912e-05,0.00056696,2.11868e-05,0.000539317,-0.000528238,0.000537051,0,0.497656,-0.00116607,-0.000459866,0.000424057,0.00115625,1788413400,0.000642097,0,0.000505336,1,0.000670703,0,0.000599314,1,0.000715839,0,0.000627832,1,0.000599451,0,0.00055053,1
1788413700,0.000790714,0,0.00106251,0,0.000653991,0.511624,0.000221576,0.000217398,0.258456,-0.00117387,-0.000898137,-0.000461666,-0.000176162,2.28259e-05,0.000203004,0.000481135,0.000830178,0.00112914,0.000234587,0.000227744,0.000228127,0.000227832,0.000238284,0.000228327,0.000218077,0.000215938,0.000568269,4.21908e-05,0.000541415,-0.000523886,0.000549599,0,0.497259,-0.00113487,-0.000456227,0.000419442,0.00114431,1788413700,0.000582831,0,0.000465658,1,0.000583175,0,0.000523817,1,0.000648327,0,0.000609929,1,0.00067459,0,0.000650353,1
1788413760,0.000668899,-4.60033e-05,0.000668899,-0.000154747,0.000657004,0.510182,0.000189742,0.000184508,0.300519,-0.00117625,-0.000903092,-0.000454881,-0.000176576,1.97201e-05,0.000194081,0.000476283,0.000821677,0.00112408,0.000193154,0.000193841,0.000194106,0.000193352,0.000189015,0.000190644,0.000186966,0.000184974,0.000561617,5.09242e-05,0.00054728,-0.000527374,0.000543993,0,0.495087,-0.00113076,-0.000457637,0.000421927,0.00117086,1788413700,0.000569138,0,0.00048691,1,0.000540193,0,0.000493825,1,0.000558002,0,0.000537721,1,0.000613766,0,0.000622077,1
1788413820,0.000459609,-4.17923e-06,0.000459609,-0.000489089,0.000657244,0.514593,0.000131874,0.000125601,0.401792,-0.00109064,-0.000836064,-0.00042088,-0.00015688,2.63552e-05,0.000179163,0.000450051,0.00078499,0.00109989,0.000134894,0.000135634,0.000136815,0.000134265,0.000121574,0.000132174,0.00012926,0.000130831,0.00052624,1.23974e-05,0.00047686,-0.000509981,0.000485927,0,0.493968,-0.0010902,-0.000439573,0.000407408,0.00114297,1788413700,0.000547314,0,0.000488172,1,0.000533423,0,0.000496391,1,0.000533587,0,0.000498799,1,0.000533505,0,0.000516905,1
1788413880,0.000271488,-4.17731e-06,0.000275664,-0.000438713,0.000653877,0.519107,9.28504e-05,9.139e-05,0.538535,-0.00105375,-0.000803838,-0.000406713,-0.000150177,3.4855e-05,0.000191706,0.000471648,0.000799086,0.00110178,9.09581e-05,9.91392e-05,0.000102778,9.93615e-05,7.72481e-05,8.91664e-05,8.88117e-05,8.75183e-05,0.00053376,0,0.000471842,-0.00051468,0.000483074,0,0.492083,-0.00107599,-0.000443319,0.000409615,0.00115213,1788413700,0.000518161,0,0.000459555,1,0.00051259,0,0.000477237,1,0.00051937,0,0.000509498,1,0.000524744,0,0.000528403,1
1788413940,8.3523e-06,4.17616e-06,0.000555276,-5.84681e-05,0.000648443,0.526985,6.12218e-05,6.62436e-05,0.670621,-0.000983365,-0.000741542,-0.000360314,-0.000124819,4.51716e-05,0.000190612,0.000446516,0.00074793,0.00103575,5.86978e-05,6.936e-05,7.1569e-05,6.74355e-05,7.6119e-05,5.60597e-05,5.78791e-05,5.73984e-05,0.000494271,0,0.000403664,-0.000489665,0.000449394,0,0.49405,-0.00103101,-0.000413337,0.0003977,0.00111926,1788413700,0.000506969,0,0.000495914,1,0.000496469,0,0.000451426,1,0.000504198,3.53498e-06,0.000482947,1,0.000512544,0,0.000470163,1
1788414000,-0.000238068,-3.75859e-05,9.18707e-05,-0.00073109,0.000641927,0.523818,8.31935e-05,8.76513e-05,0.59903,-0.000926062,-0.00069826,-0.00034464,-0.000121757,3.72647e-05,0.000174257,0.000401964,0.000667687,0.000938607,8.16214e-05,8.74497e-05,8.64174e-05,8.42229e-05,0.000122124,7.90529e-05,8.19209e-05,7.98891e-05,0.000455412,1.46728e-05,0.000353592,-0.000475608,0.000455537,0,0.494671,-0.00101986,-0.000410161,0.000374764,0.00106627,1788414000,0.000464306,0,0.000454072,1,0.000502975,2.36168e-05,0.000477675,1,0.00048928,0,0.000459419,1,0.000505439,0,0.000433184,1
1788414060,0.000451028,4.17712e-06,0.000563753,-0.000304977,0.000636367,0.515216,0.000127321,0.00012066,0.341661,-0.000918344,-0.000688648,-0.000341172,-0.000131299,2.3107e-05,0.000162929,0.000401721,0.000691235,0.000945051,0.000132442,0.000132761,0.000131715,0.000132529,8.96923e-05,0.000128179,0.00012293,0.00012683,0.000452471,0,0.000423439,-0.000463392,0.000412515,2.36327e-05,0.492708,-0.000977128,-0.000394884,0.000370389,0.00103264,1788414000,0.000459107,2.52261e-05,0.000429123,1,0.000456872,2.07966e-05,0.000442218,1,0.000496904,0,0.000501546,1,0.000476198,0,0.000391304,1
1788414120,-0.000229665,5.42767e-05,0.000104376,-0.000542929,0.000633192,0.517498,8.02025e-05,8.45364e-05,0.208369,-0.00090439,-0.000690378,-0.000338894,-0.000126488,2.62901e-05,0.000162367,0.000403498,0.000676545,0.000932424,8.00504e-05,8.51515e-05,8.14056e-05,8.64058e-05,0.000120345,7.72876e-05,7.53336e-05,7.59624e-05,0.000452653,0,0.000420382,-0.000442119,0.000402621,1.04579e-05,0.492058,-0.000921801,-0.000378953,0.000348046,0.000984082,1788414000,0.000419843,1.80758e-05,0.00044991,1,0.000443734,0,0.000451505,1,0.000461779,0,0.000461475,1,0.000480042,0,0.000415781,1
1788414180,0.000430056,0.000108575,0.000722222,-0.000208832,0.000627669,0.511415,0.000123333,0.000116352,0.147153,-0.000878617,-0.000662799,-0.00032441,-0.000130796,1.65315e-05,0.000148845,0.000375374,0.000634857,0.000880282,0.000126647,0.000126482,0.000125331,0.000125995,8.14716e-05,0.000122304,0.000124397,0.000123017,0.000425925,0,0.000401556,-0.00041068,0.000338639,2.21274e-05,0.489538,-0.000868011,-0.000347945,0.000319422,0.000917145,1788414000,-0.000403506,0.000406516,3.5013e-05,1,0.000421458,2.8488e-05,0.000444801,1,-0.000434028,0.000437728,2.53979e-05,1,0.000451902,0,0.000386004,1
1788414240,-0.000129415,2.92204e-05,0.000479942,-0.000292251,0.00062433,0.518423,6.28548e-05,6.70656e-05,0.0960699,-0.000879973,-0.000672643,-0.000331134,-0.000125946,2.78799e-05,0.000163411,0.000400261,0.000658099,0.000916188,6.51398e-05,7.10278e-05,6.30312e-05,7.71322e-05,9.13836e-05,6.03171e-05,5.77315e-05,5.80385e-05,0.000446342,0,0.000424246,-0.000440166,0.00041949,2.01123e-05,0.493847,-0.000918127,-0.000376224,0.000350643,0.000991682,1788414000,0.000351897,3.46707e-05,0.000377884,1,0.000404772,3.43281e-05,0.000417082,1,-0.000424179,0.00042733,3.58247e-05,1,-0.000421946,0.000360086,7.44315e-06,1
1788414300,-0.000534536,2.92242e-05,2.92242e-05,-0.000776842,0.000618326,0.509205,0.00014957,0.000152937,0.0918057,-0.000960616,-0.000733927,-0.000369525,-0.000150223,1.49792e-05,0.000163708,0.000402712,0.000662861,0.000920188,0.00014911,0.000149093,0.00014868,0.000149988,0.000214201,0.000151502,0.000142875,0.000150742,0.00046748,0,0.000485231,-0.000470047,0.000433596,6.05344e-05,0.492429,-0.00100404,-0.000415116,0.000365371,0.00100612,1788414300,-0.000401737,0.000417972,3.60558e-05,1,0.000363876,3.84172e-05,0.000372976,1,-0.000405917,0.000417117,2.83183e-05,1,-0.0004296,0.000388442,0,1
1788414360,-0.000476312,0,0,-0.000513925,0.000616762,0.512412,0.000137864,0.000140249,0.118351,-0.000876174,-0.000664781,-0.000318899,-0.000126393,1.75616e-05,0.000155146,0.000389749,0.000641562,0.000875092,0.000132763,0.000132897,0.000132403,0.000133481,0.000171486,0.000134893,0.00013917,0.000142979,0.000433338,0,0.0004131,-0.000438679,0.000386862,4.45694e-06,0.495304,-0.000947068,-0.000370073,0.000357282,0.000982341,1788414300,0.000422252,3.22489e-05,0.000450088,1,0.00040901,3.68538e-05,0.000408722,1,0.000374405,2.33443e-05,0.000372333,1,-0.000415856,0.000371418,0,1
1788414420,0.00104007,0,0.00104007,-9.1946e-05,0.000614267,0.504755,0.000368417,0.000365079,0.157201,-0.000835682,-0.000624844,-0.000306837,-0.000127965,6.54077e-06,0.000129691,0.000344716,0.000585879,0.000799853,0.000337524,0.000329744,0.000359034,0.00035838,0.000313467,0.0003566,0.00039276,0.000377629,0.000395323,0,0.000353291,-0.000403585,0.000307301,0,0.489688,-0.000877395,-0.000344861,0.000312671,0.000874675,1788414300,0.000394323,1.47801e-05,0.000398821,1,0.000452073,2.10414e-05,0.000434842,1,0.000409603,1.95351e-05,0.000425897,1,0.000385755,0,0.000328063,1
1788414480,0.000655233,4.17482e-06,0.000838788,4.17482e-06,0.00062563,0.507673,0.000187283,0.000180533,0.0711436,-0.000938237,-0.000711543,-0.000365951,-0.000147992,1.21228e-05,0.000151044,0.000401062,0.000687949,0.000933022,0.000189415,0.000188865,0.000188244,0.000188305,0.000146921,0.000185075,0.000190261,0.00019412,0.000463588,0,0.000476825,-0.000495812,0.000444869,6.11151e-06,0.491694,-0.00104652,-0.000430821,0.000390444,0.00109187,1788414300,0.000356548,0,0.000355592,0,0.000393019,2.24116e-06,0.000390968,1,-0.000413319,0.000425897,0,1,-0.000415407,0.000365997,0,1
1788414540,0.000175212,-2.08607e-05,0.000216925,-0.000191935,0.000626236,0.505503,7.37673e-05,7.24591e-05,0.0529119,-0.000940534,-0.000717352,-0.000365138,-0.000159769,9.49186e-06,0.000149363,0.000390608,0.000659363,0.000922694,7.52459e-05,7.92508e-05,7.82003e-05,7.5813e-05,5.75143e-05,7.16795e-05,7.40313e-05,7.2039e-05,0.000456305,0,0.000432121,-0.000487491,0.000422233,0,0.492511,-0.00105551,-0.000426397,0.000381507,0.00108647,1788414300,-0.000467401,0.000420833,2.18521e-05,1,-0.000359283,0.000341623,0,0,0.000392793,7.1915e-06,0.000383839,1,-0.000395722,0.000348418,0,1
1788414600,0.000467083,-4.17137e-06,0.000508776,-0.000196073,0.000620437,0.515262,0.000133903,0.000125769,0.0476997,-0.000831861,-0.000636527,-0.000317811,-0.000130147,2.29939e-05,0.000155773,0.000362324,0.000607441,0.000868273,0.000136632,0.000136453,0.000135552,0.000134851,8.93527e-05,0.000132394,0.000135501,0.000135831,0.000413784,0,0.000343983,-0.000440194,0.000353288,0,0.496162,-0.000948728,-0.000372766,0.00035434,0.000997204,1788414600,-0.000463272,0.000444754,0,1,0.000456649,3.60967e-06,0.000451225,1,0.00035508,2.4573e-06,0.000340689,0,-0.000404288,0.000347981,0,1
1788414660,0.00185783,4.58625e-05,0.00231967,2.50162e-05,0.000617743,0.515273,0.000761749,0.000754151,0.0386705,-0.000854007,-0.000665793,-0.000324305,-0.00013134,2.32305e-05,0.000161353,0.000390887,0.000634839,0.000887185,0.000744836,0.000737115,0.000751409,0.000759261,0.00067477,0.000762416,0.000769267,0.000778094,0.000436948,0,0.000408347,-0.00047,0.000425053,0,0.497437,-0.00100632,-0.000398252,0.000384038,0.00106797,1788414600,-0.000428485,0.000399804,0,0,0.000466735,0,0.000425107,0,-0.000450826,0.000437417,3.46197e-06,0,0.000367055,0,0.000307753,0
1788414720,-0.000212268,8.32331e-06,0.000216384,-0.000528672,0.000665586,0.503187,9.86701e-05,0.000104742,0.0715271,-0.00136948,-0.00108359,-0.000577138,-0.000236135,7.96492e-06,0.000229566,0.000592728,0.0010312,0.00147719,7.74939e-05,8.54338e-05,9.83877e-05,9.66449e-05,0.000122683,0.000122515,9.84899e-05,9.47203e-05,0.000703461,7.27225e-05,0.000722162,-0.000656042,0.00073379,3.03531e-05,0.492098,-0.00134063,-0.000556413,0.000513956,0.00146664,1788414600,-0.000468839,0.000431067,0,0,0.000447828,0,0.000378493,0,-0.000463945,0.000433614,0,1,-0.00046577,0.000382425,0,1
1788414780,-0.000928681,-0.000116558,2.91375e-05,-0.000928681,0.00065958,0.508532,0.000263113,0.000268053,0.0678312,-0.00115311,-0.000899662,-0.000447449,-0.000190169,1.74933e-05,0.000199763,0.000502894,0.000882283,0.00122432,0.000284632,0.000268546,0.000258563,0.000265113,0.0003522,0.000268309,0.000263237,0.000268134,0.000576772,0,0.000539061,-0.000548025,0.000456555,0,0.491182,-0.00118586,-0.000476485,0.000430664,0.00123186,1788414600,-0.00067938,0.000645172,0,1,-0.000455287,0.000429864,0,1,0.000447689,0,0.000390564,1,0.000455544,0,0.00037049,1
1788414840,0.000279111,-5.83316e-05,0.00109933,-7.91652e-05,0.000666028,0.513156,9.96026e-05,9.74713e-05,0.0883604,-0.00116265,-0.00088468,-0.00044285,-0.000164744,2.45533e-05,0.000212114,0.000500479,0.000890972,0.00121384,9.27655e-05,0.000100495,0.000110638,9.67668e-05,8.31445e-05,0.000123399,9.45135e-05,9.14893e-05,0.000573264,9.23903e-07,0.00052098,0.000558754,0,0.000492101,0.500061,-0.00121515,-0.00046852,0.00046167,0.00126696,1788414600,0.000544929,0,0.000473624,1,-0.00059648,0.000627026,0,1,-0.000453531,0.000413432,0,1,-0.000415091,0.000336126,0,1
1788414900,0.000329001,0.000262377,0.0004664,0.000166597,0.000660515,0.511516,0.000109586,0.000106797,0.0767837,-0.00118918,-0.000889058,-0.000451793,-0.000172416,2.20955e-05,0.000209797,0.000497824,0.000891103,0.00121505,0.000100819,0.000108046,0.000115155,0.000114235,8.42402e-05,0.00011933,0.0001071,0.000103489,0.000575453,0,0.000575564,0.000586247,1.03716e-05,0.000574924,0.501241,-0.00126103,-0.000494121,0.000478161,0.00130916,1788414900,0.000540994,0,0.000481971,1,-0.000537471,0.000506908,0,1,0.00058498,4.43928e-05,0.000551002,1,-0.000447054,0.000366629,0,1
1788414960,0.00104875,-0.0002457,0.00104875,-0.0002457,0.00065553,0.510948,0.000333877,0.000324175,0.0666407,-0.00103463,-0.000794448,-0.000394978,-0.000154024,1.86141e-05,0.000181986,0.000424021,0.000748569,0.00103484,0.000339621,0.00032385,0.00031732,0.000352353,0.000257663,0.000317176,0.000356952,0.000345435,0.000495676,0,0.000498167,-0.000475948,0.000329127,0,0.489345,-0.0010499,-0.000415115,0.000366846,0.0010594,1788414900,-0.000567163,0.000527451,0,1,-0.000513099,0.000445248,0,1,-0.00053116,0.000478587,0,1,-0.000608636,0.000501467,0,1
1788415020,-0.000158074,7.48687e-05,7.48687e-05,-0.00044933,0.000665674,0.513609,7.87087e-05,8.4966e-05,0.0488705,-0.00115807,-0.000885748,-0.000441017,-0.000169478,2.62788e-05,0.000204901,0.000481379,0.000852117,0.00120955,6.89293e-05,7.77872e-05,8.76812e-05,6.98619e-05,0.000110239,9.5514e-05,7.54495e-05,7.70027e-05,0.000559087,0,0.000511683,-0.000546381,0.000528956,0,0.496633,-0.00117194,-0.000470111,0.000442599,0.00125075,1788414900,-0.000459842,0.00039529,0,1,-0.000515774,0.000466143,3.45231e-05,1,-0.000483371,0.000448377,0,1,-0.000504794,0.000416368,0,1
1788415080,7.07206e-05,4.1601e-05,0.000137277,-0.000449401,0.000659363,0.512141,6.65895e-05,6.85969e-05,0.0479513,-0.00104306,-0.000777657,-0.000377997,-0.000143248,1.94309e-05,0.000182734,0.000426536,0.00076331,0.00107904,6.29039e-05,7.27199e-05,7.86904e-05,6.05372e-05,7.48635e-05,7.40815e-05,6.45692e-05,6.3501e-05,0.000489774,0,0.000461483,-0.000484707,0.000358239,0,0.489518,-0.00105639,-0.000420161,0.000381926,0.00110184,1788414900,-0.0005303,0.000486403,0,1,-0.000456424,0.00038799,0,1,-0.000508678,0.000486681,3.49876e-05,1,-0.000470178,0.000372696,0,1
1788415140,-1.24797e-05,0,0.000282832,-0.000420237,0.000652813,0.519204,6.08303e-05,6.62849e-05,0.0505676,-0.000980653,-0.000728847,-0.000364682,-0.000130084,3.02973e-05,0.000188704,0.000425623,0.000754654,0.00105403,5.91151e-05,6.76264e-05,6.97979e-05,5.79184e-05,8.18296e-05,5.99274e-05,5.85035e-05,6.00314e-05,0.000481924,0,0.000476547,-0.000473452,0.00039332,0,0.494941,-0.00100717,-0.000400806,0.000386807,0.00108627,1788414900,-0.000457331,0.000433644,0,1,-0.000523005,0.000507844,0,1,-0.000463014,0.000385558,0,1,-0.000533674,0.000425307,0,1
1788415200,-0.000640836,-2.07999e-05,0.000632111,-0.00101554,0.000646254,0.505773,0.000175363,0.000182041,0.065286,-0.00111009,-0.000854093,-0.000438965,-0.000166754,1.01524e-05,0.000176358,0.000450016,0.000810149,0.00111004,0.000179063,0.000179172,0.000178654,0.00018002,0.000233283,0.000181625,0.000158957,0.000174543,0.00053475,0,0.00068145,-0.000561724,0.000568149,0.000136455,0.488958,-0.00119498,-0.000491164,0.000437377,0.00120696,1788415200,-0.000465978,0.000426297,0,1,-0.000478475,0.000448103,0,1,0.000518573,0,0.000457824,1,-0.000453983,0.000351836,0,1
1788415260,-0.000345556,-8.32556e-05,0.00029134,-0.000345556,0.000646146,0.515956,0.000109574,0.000115411,0.0721568,-0.00112909,-0.000846084,-0.000431512,-0.000145589,2.71493e-05,0.000205668,0.000476423,0.000860685,0.00115513,9.98233e-05,0.000105207,0.000104387,0.000113296,0.0001381,9.9172e-05,0.000112178,0.000110172,0.000550416,2.54972e-05,0.000588446,0.000548905,1.48694e-05,0.000570062,0.501494,-0.00118957,-0.000462647,0.000454262,0.00123735,1788415200,-0.000613692,0.000563651,0,1,-0.000474492,0.000454275,0,1,0.000484161,0,0.000425749,1,-0.000522769,0.000417693,0,1
1788415320,-0.000204059,0,0.000204017,-0.000291526,0.000641516,0.515815,7.8237e-05,8.33763e-05,0.0977565,-0.000979044,-0.00073468,-0.00036348,-0.000134242,2.47371e-05,0.000174798,0.000418987,0.000744669,0.00100103,7.59933e-05,8.09966e-05,7.87123e-05,7.84251e-05,0.0001027,7.43749e-05,7.71102e-05,7.75809e-05,0.000476354,0,0.00045447,-0.000428835,0.000368333,0,0.494688,-0.000942207,-0.000368557,0.00033964,0.000960213,1788415200,0.00050793,1.6063e-05,0.00052748,1,-0.00063232,0.000576184,0,1,-0.000484449,0.000432274,0,1,0.000468946,0,0.000379222,1
1788415380,0.000120775,0,0.00017491,-7.91362e-05,0.000635724,0.511972,6.37597e-05,6.55892e-05,0.139197,-0.000940165,-0.000704133,-0.000343415,-0.000134668,1.79691e-05,0.0001627,0.000396218,0.00069816,0.000956142,6.63981e-05,7.18016e-05,6.62962e-05,6.60932e-05,6.57615e-05,5.94004e-05,6.2802e-05,6.20214e-05,0.000450562,0,0.000443571,-0.000413652,0.000311847,0,0.489378,-0.000908641,-0.000361092,0.000316376,0.000905594,1788415200,-0.000394538,0.000390354,8.27136e-06,1,-0.000492263,0.000477986,3.19495e-05,1,-0.000633779,0.000519123,0,1,-0.000480026,0.000407399,0,1
1788415440,-0.000187415,-1.66577e-05,-1.66577e-05,-0.000487353,0.000629566,0.517314,6.9828e-05,7.43539e-05,0.16842,-0.000854603,-0.000639151,-0.000302892,-0.000111994,2.2923e-05,0.000150993,0.000368409,0.000645882,0.000886813,7.3402e-05,7.68987e-05,7.10068e-05,6.76254e-05,9.28162e-05,6.89787e-05,6.51948e-05,7.21104e-05,0.000411218,0,0.000368029,-0.000373781,0.000256986,0,0.490856,-0.000814347,-0.000318408,0.000280579,0.000810757,1788415200,-0.000384905,0.000358627,5.45458e-06,1,-0.000402348,0.00037262,6.7092e-06,1,-0.000491263,0.000488124,2.29649e-05,1,-0.000544744,0.00044192,0,1
1788415500,-4.16518e-06,-4.99833e-05,-4.16518e-06,-0.000324936,0.000623802,0.51293,5.28957e-05,5.67425e-05,0.246869,-0.000873679,-0.000651499,-0.000307692,-0.000121912,1.77334e-05,0.000149815,0.000373812,0.000660757,0.000915145,5.86146e-05,6.29492e-05,5.29578e-05,5.67315e-05,6.24877e-05,4.85335e-05,5.12965e-05,5.09013e-05,0.000417273,0,0.00042043,-0.0004128,0.000297031,0,0.490018,-0.000901836,-0.000357484,0.000323446,0.000916699,1788415500,-0.00035825,0.000303582,0,1,-0.000400662,0.000366684,2.08058e-06,1,-0.000400899,0.000401889,0,1,-0.000519878,0.000438224,0,1
1788415560,0.000224895,0,0.000915923,0,0.000617533,0.515472,7.15212e-05,6.96206e-05,0.336354,-0.000760632,-0.00056449,-0.000252397,-9.76447e-05,1.74207e-05,0.000128848,0.00032645,0.000565957,0.000808324,8.38049e-05,8.53231e-05,7.56756e-05,7.13521e-05,7.13538e-05,7.08063e-05,6.8094e-05,6.93575e-05,0.000357289,0,0.000336541,-0.000359145,0.000257973,0,0.491594,-0.000765138,-0.000301095,0.000277443,0.000787461,1788415500,-0.00039025,0.000349855,4.21991e-06,1,-0.000389164,0.00033578,0,1,-0.000405807,0.000387974,0,1,-0.000418446,0.000341482,0,1
1788415620,-0.000737345,-4.99723e-05,0.000204028,-0.000737345,0.000612153,0.521168,0.000222236,0.000226834,0.362584,-0.000852679,-0.000631298,-0.000299294,-0.00011194,2.94016e-05,0.000159524,0.000366966,0.000631186,0.00089192,0.0002102,0.000205798,0.000222645,0.000207323,0.000241477,0.000234747,0.000229858,0.000226119,0.000409132,3.08031e-05,0.000386571,-0.000408843,0.000416851,1.70705e-06,0.498123,-0.000908835,-0.000357998,0.000330539,0.000927116,1788415500,-0.000352476,0.000305224,0,1,-0.000423607,0.000394899,0,1,-0.000400136,0.000338906,0,1,-0.000422849,0.000344409,0,1
1788415680,0.000141679,0.000120845,0.000233343,-4.16734e-06,0.000614907,0.511354,6.3952e-05,6.26403e-05,0.301468,-0.000883838,-0.000658126,-0.000327609,-0.00012489,1.56813e-05,0.000146845,0.000365166,0.000637813,0.000901807,6.97639e-05,7.11224e-05,6.38119e-05,6.73389e-05,6.32241e-05,6.32582e-05,5.94343e-05,6.38274e-05,0.000420271,0,0.000399474,-0.000444629,0.000368208,0,0.48995,-0.000975463,-0.000397012,0.00034186,0.000957609,1788415500,0.000429704,0,0.000393314,1,0.000385682,0,0.000349153,1,0.000439382,0,0.00039285,1,0.000397556,0,0.000295037,1
1788415740,9.1664e-05,-4.16674e-06,0.000420752,-4.58351e-05,0.000609056,0.517526,5.16266e-05,5.25198e-05,0.218662,-0.000772352,-0.000586496,-0.000272971,-0.000100892,2.09225e-05,0.000130176,0.00032685,0.000572515,0.00080814,6.36089e-05,6.59016e-05,5.50346e-05,5.09185e-05,5.80385e-05,5.65815e-05,4.54298e-05,4.97633e-05,0.000367297,0,0.000322513,-0.000373028,0.000267457,0,0.491455,-0.000808803,-0.000319616,0.000287151,0.000821779,1788415500,0.000450381,0,0.00043334,1,0.000421739,0,0.000392822,1,0.000411106,0,0.000370647,1,0.000446854,0,0.000335171,1
1788415800,0.000678885,-7.08305e-05,0.000687212,-7.08305e-05,0.000603075,0.51759,0.000203878,0.000198249,0.179488,-0.000792914,-0.000604602,-0.000286538,-0.000107814,2.24967e-05,0.000130765,0.000323445,0.00057225,0.000811906,0.000195415,0.000194729,0.000206989,0.000200614,0.000187651,0.000200046,0.000209918,0.000206764,0.000371426,0,0.000335557,-0.000404155,0.000322026,0,0.491542,-0.000892547,-0.000359113,0.000308924,0.000882358,1788415800,-0.000381149,0.000310988,0,1,-0.000463192,0.000408598,0,1,0.000433998,2.51172e-05,0.000395569,1,0.000420831,0,0.000302973,1
1788415860,-0.000687218,7.91039e-05,0.000241455,-0.000724716,0.000604684,0.521812,0.000200777,0.0002054,0.0867999,-0.000818052,-0.000630563,-0.000301519,-0.000107529,2.93219e-05,0.000137041,0.000347318,0.000612271,0.000861226,0.000191672,0.000191795,0.000198674,0.000199459,0.000228032,0.000197195,0.000203606,0.000203197,0.000395354,0,0.000330881,-0.000438776,0.000375374,0,0.49121,-0.000940936,-0.000388799,0.000340172,0.000971278,1788415800,-0.000415321,0.000362745,0,1,-0.000403077,0.000340551,0,1,-0.000442181,0.000405252,4.82158e-06,1,0.00046902,0,0.000391459,1
1788415920,0.000266613,-4.58313e-05,0.000270779,-5.41645e-05,0.000606445,0.516919,8.57141e-05,8.36657e-05,0.0732041,-0.000917704,-0.000691878,-0.000337216,-0.00012593,2.51516e-05,0.000150621,0.000378407,0.000658512,0.00091635,9.05123e-05,9.09335e-05,8.58979e-05,8.62372e-05,7.83058e-05,8.50903e-05,8.33493e-05,8.70415e-05,0.000434757,0,0.000397552,-0.000487981,0.000447718,0,0.498437,-0.00108378,-0.000418449,0.000397495,0.00109389,1788415800,-0.000464706,0.000382786,0,1,-0.000428381,0.000369483,0,1,-0.000413299,0.000350882,0,1,-0.000447192,0.000357742,0,1
1788415980,-0.000133298,4.16527e-06,9.57968e-05,-0.000179123,0.000601532,0.526482,5.66351e-05,6.10062e-05,0.0634941,-0.000746671,-0.00057488,-0.00026329,-8.94742e-05,3.13627e-05,0.000130254,0.000317049,0.000559429,0.000783232,6.54654e-05,6.6371e-05,5.93631e-05,5.05833e-05,7.50439e-05,6.21258e-05,5.48921e-05,5.58883e-05,0.00035628,0,0.000223912,-0.000384784,0.000306518,0,0.49591,-0.000833666,-0.000328944,0.000303368,0.000851877,1788415800,0.000497239,0,0.000425872,1,0.000476255,0,0.000417729,1,-0.000430067,0.000382626,0,1,0.000409069,0,0.000321134,1
1788416040,-1.66635e-05,-8.3317e-06,2.91604e-05,-8.74863e-05,0.000595785,0.5147,4.52222e-05,4.85454e-05,0.0641044,-0.000756879,-0.000575965,-0.000276557,-0.000108368,1.82648e-05,0.000114676,0.000296508,0.000533621,0.000763159,5.893e-05,5.90311e-05,4.97044e-05,4.22241e-05,5.80672e-05,5.35293e-05,3.82011e-05,4.44922e-05,0.000346763,0,0.000271892,-0.000383311,0.000257351,0,0.48485,-0.000844533,-0.000342193,0.000282271,0.000823835,1788415800,-0.000420072,0.000318196,0,1,-0.000491563,0.0004207,0,1,-0.00046065,0.000399741,0,1,-0.00043324,0.000344185,0,1
1788416100,0.000316559,0,0.000395682,-0.000229151,0.000589802,0.512423,9.40613e-05,8.75407e-05,0.0657529,-0.000752229,-0.000585067,-0.000276222,-9.98171e-05,1.38241e-05,0.000114158,0.000298378,0.000528316,0.000754573,9.85688e-05,9.73338e-05,9.24425e-05,9.20383e-05,8.64145e-05,9.08348e-05,9.86948e-05,9.48942e-05,0.00034812,0,0.000306004,-0.000376722,0.000240723,0,0.487806,-0.000815712,-0.000334913,0.000279664,0.000786072,1788416100,-0.0004046,0.00032814,0,1,0.000425283,0,0.000362908,1,0.00048392,0,0.00041339,1,-0.000451576,0.00035535,0,1
1788416160,0.000657788,3.33161e-05,0.00071189,-4.16459e-06,0.000585588,0.517493,0.00019623,0.000189873,0.0631274,-0.000763934,-0.000583675,-0.000280121,-0.000102418,2.12183e-05,0.000126387,0.000323306,0.000569363,0.000807774,0.000189625,0.000188592,0.000200773,0.000196522,0.000172819,0.000190138,0.000200016,0.000198881,0.000367577,0,0.000310358,-0.000407579,0.000337693,0,0.493362,-0.000873937,-0.000356574,0.00032009,0.000898316,1788416100,-0.000401964,0.00030372,0,1,-0.000413712,0.000334145,0,1,-0.000411791,0.000323366,0,1,0.00049103,0,0.000394227,1
1788416220,-0.0005745,-4.99434e-05,-2.91333e-05,-0.0005745,0.000587119,0.514735,0.00015986,0.000165607,0.0515057,-0.000783587,-0.000616393,-0.000299694,-0.000111677,1.88933e-05,0.000132631,0.000333319,0.000583092,0.000820728,0.000160431,0.000160459,0.000159891,0.000162668,0.000187348,0.00016202,0.00016387,0.00015065,0.000384331,0,0.000296938,-0.000409106,0.000370604,0,0.493601,-0.000875008,-0.00035768,0.000322436,0.000920328,1788416100,-0.000422689,0.000351564,0,1,0.000457583,0,0.000362144,1,-0.000409404,0.00034298,0,1,-0.000396596,0.000303783,0,1
1788416280,0.000657733,0.000149901,0.000720154,1.24926e-05,0.000586869,0.513658,0.000199766,0.000192717,0.0505153,-0.000783009,-0.000592063,-0.000285478,-0.000109727,1.69855e-05,0.000124577,0.000315162,0.000556782,0.000789681,0.000189181,0.000188561,0.000194104,0.000207332,0.000167409,0.000185108,0.000205481,0.000206983,0.00036454,0,0.000268268,-0.000402254,0.000322918,0,0.491158,-0.000877273,-0.000349601,0.000314003,0.000895767,1788416100,-0.000438463,0.000372572,0,1,0.000443334,0,0.000405242,1,-0.00042094,0.000315103,0,1,0.000403212,0,0.000321152,1
1788416340,0.000590758,-4.16151e-06,0.000811163,-2.08077e-05,0.00058837,0.518759,0.000168263,0.00015981,0.0430237,-0.000813039,-0.000625167,-0.000312571,-0.0001102,2.49027e-05,0.000145738,0.000362292,0.000637043,0.000878211,0.000169948,0.000169911,0.00016915,0.000170568,0.000139905,0.000166546,0.000164019,0.000175252,0.000410332,0,0.000334329,-0.000436751,0.000421829,0,0.499318,-0.000922845,-0.000369339,0.000358537,0.00100038,1788416100,0.000413747,0,0.00035097,1,0.000437496,0,0.000385284,1,-0.000443647,0.000381963,0,1,0.00036607,0,0.000301691,1
1788416400,-0.000361902,-1.24772e-05,0.00020793,-0.000440956,0.000588418,0.512803,0.000100917,0.000107226,0.0392759,-0.000903763,-0.000699785,-0.000341022,-0.000132654,1.91319e-05,0.000152052,0.000383114,0.000667974,0.000950125,0.00010286,0.000101679,0.000100962,0.000101895,0.000134795,0.000102991,0.000105464,9.34882e-05,0.000439949,0,0.000376983,0.000462898,0,0.00042389,0.500965,-0.00100036,-0.000391448,0.000379958,0.00106596,1788416400,-0.000466539,0.000384829,0,1,-0.000418848,0.000359217,0,1,-0.000431979,0.000392392,0,1,0.000441415,0,0.000339491,1
1788416460,2.91234e-05,-0.00010818,2.91234e-05,-0.000303766,0.000584748,0.516016,5.43728e-05,5.53993e-05,0.0421296,-0.000861641,-0.000657876,-0.000326627,-0.000120836,2.25971e-05,0.000146945,0.000360947,0.000634163,0.000880774,6.03299e-05,5.88985e-05,5.53165e-05,5.30086e-05,6.01021e-05,5.57997e-05,5.25958e-05,5.50317e-05,0.000416973,0,0.000334776,-0.000440022,0.000404417,0,0.499775,-0.000942741,-0.000370521,0.000358395,0.00100263,1788416400,0.000484757,0,0.000410213,1,0.000453129,0,0.000402602,1,0.000401513,0,0.000356313,1,0.000432216,0,0.000331831,1
1788416520,0.000128965,0.000108165,0.000295347,-4.99264e-05,0.000578886,0.52347,5.65628e-05,5.37713e-05,0.0460654,-0.000753694,-0.000575147,-0.00027101,-9.18178e-05,2.74491e-05,0.000128615,0.000335114,0.000575641,0.000807321,6.67436e-05,6.48216e-05,6.00294e-05,5.46743e-05,5.70894e-05,6.06789e-05,5.39011e-05,5.55839e-05,0.000371029,0,0.000297862,-0.000379248,0.000293592,0,0.499525,-0.000790813,-0.000312875,0.000307831,0.000851692,1788416400,0.000461513,0,0.000390423,1,-0.000455837,0.000408352,0,1,-0.000446585,0.000397141,0,1,0.0003931,0,0.000323278,1
1788416580,0.000311943,-4.99199e-05,0.000465799,-0.000108163,0.000573358,0.52098,9.24099e-05,8.47905e-05,0.0509264,-0.000766397,-0.000575003,-0.000284556,-9.98896e-05,2.59126e-05,0.000126143,0.000323696,0.000562918,0.000794225,9.71683e-05,9.4649e-05,9.09651e-05,9.07594e-05,7.69434e-05,9.01265e-05,9.61757e-05,9.55424e-05,0.000369421,0,0.000322366,-0.000372304,0.000285076,0,0.494134,-0.000775259,-0.000315213,0.000289969,0.000824753,1788416400,-0.000396162,0.0003068,0,1,-0.000456674,0.000388431,0,1,-0.000462132,0.00042216,0,1,-0.000445602,0.000353528,0,1
1788416640,-0.000187154,2.49512e-05,0.000116434,-0.000324423,0.000569307,0.526679,6.84863e-05,7.40655e-05,0.051125,-0.00081134,-0.000610061,-0.000304856,-9.95295e-05,3.53876e-05,0.000144394,0.000349775,0.000615412,0.000867054,7.38341e-05,7.05624e-05,6.45949e-05,6.44823e-05,8.61628e-05,6.90323e-05,7.2854e-05,6.69208e-05,0.000398048,1.35356e-05,0.000334526,0.000381186,0,0.0003455,0.506892,-0.000812296,-0.00030892,0.000324507,0.000894769,1788416400,-0.000388234,0.000318944,0,1,-0.000417873,0.000342722,0,1,-0.00044127,0.000382291,0,1,0.000473381,0,0.000366079,1
1788416700,-0.000170549,-4.15938e-06,0.000203788,-0.000228792,0.000564206,0.520075,6.05378e-05,6.54903e-05,0.0589014,-0.000751001,-0.000564908,-0.000279342,-0.000101677,2.49723e-05,0.000120221,0.000304573,0.000548124,0.000783781,7.08596e-05,6.72499e-05,6.03929e-05,5.89696e-05,8.01875e-05,6.48914e-05,5.47536e-05,6.14829e-05,0.000353609,0,0.000289466,-0.000334729,0.000253993,0,0.492119,-0.000681014,-0.00028278,0.000252349,0.00072307,1788416700,-0.000398113,0.000340199,0,1,-0.000398073,0.000337771,0,1,-0.000415563,0.000308174,0,1,-0.000423936,0.000325752,0,1
1788416760,0.00061966,-2.08006e-05,0.000661234,-2.49608e-05,0.000559056,0.521115,0.000187169,0.000179454,0.0700521,-0.000731891,-0.000542203,-0.00026756,-9.80663e-05,2.56506e-05,0.000119818,0.000299674,0.000532721,0.000765252,0.000178499,0.000177478,0.000189088,0.000189272,0.000155739,0.000180941,0.000192007,0.000190388,0.000344359,0,0.000281338,-0.000324449,0.000281608,0,0.49928,-0.000670345,-0.000266178,0.0002562,0.000716437,1788416700,-0.000342564,0.000298522,0,1,-0.000389982,0.000335471,0,1,-0.000399062,0.000319887,1.10335e-05,1,-0.000392851,0.000301571,0,1
1788416820,7.89894e-05,-7.89957e-05,0.000133031,-0.000166314,0.000560333,0.519627,5.244e-05,5.28198e-05,0.0501569,-0.000765178,-0.00058437,-0.000292784,-0.00010766,2.57434e-05,0.00013163,0.000332316,0.000588806,0.000823754,6.28786e-05,5.81841e-05,5.11263e-05,4.65665e-05,5.27011e-05,5.68558e-05,5.08544e-05,5.73423e-05,0.00037944,0,0.000330255,0.000372841,0,0.000343129,0.503352,-0.000777636,-0.000307159,0.000308869,0.000855344,1788416700,-0.000341584,0.000300851,0,1,-0.000370071,0.000330536,0,1,-0.000398198,0.000343641,0,1,-0.000388202,0.000300776,0,1
1788416880,0.000502892,-1.66288e-05,0.000743857,-0.000224513,0.000554814,0.522184,0.000145571,0.000136688,0.0577214,-0.000740695,-0.000562079,-0.000269175,-0.000100368,2.79805e-05,0.000124486,0.000309462,0.00054277,0.000775532,0.000145838,0.000144944,0.000143648,0.000148003,0.000117699,0.000142716,0.000145138,0.000154219,0.000352641,0,0.00028833,0.000335442,0,0.000292943,0.505124,-0.00071223,-0.000267802,0.000278482,0.000773057,1788416700,-0.000386969,0.00031935,0,1,-0.000348724,0.00030276,0,1,-0.000362126,0.000308788,0,1,-0.000403724,0.00030824,0,1
1788416940,9.55624e-05,1.24652e-05,0.000328198,-0.000382341,0.000553823,0.525276,5.87796e-05,5.86688e-05,0.0515653,-0.000820371,-0.000636049,-0.000315249,-0.000112544,3.73201e-05,0.000153746,0.000374268,0.000680095,0.000947394,6.39359e-05,5.81839e-05,5.11e-05,5.83371e-05,5.13701e-05,5.77263e-05,5.86413e-05,6.49431e-05,0.00042027,4.92207e-05,0.000393629,0.000407258,4.25859e-05,0.000399699,0.508636,-0.000844794,-0.000329925,0.000348848,0.000955746,1788416700,-0.00034832,0.000289078,0,1,-0.000379366,0.000336063,0,1,-0.000345971,0.000311595,0,1,-0.000350778,0.000273482,0,1
1788417000,-0.000286715,-0.000162046,-1.24641e-05,-0.000635869,0.000548423,0.521292,8.81159e-05,9.3661e-05,0.0584663,-0.000881602,-0.000674038,-0.000343906,-0.000121667,3.23191e-05,0.00015078,0.00038366,0.000691257,0.000938113,9.02821e-05,8.50539e-05,7.99502e-05,9.15081e-05,0.000108656,8.53427e-05,8.75951e-05,9.09143e-05,0.000440659,1.35351e-06,0.000460516,0.000426289,1.15567e-06,0.000468749,0.505355,-0.000881979,-0.000353469,0.000353351,0.000946476,1788417000,-0.000423832,0.000382361,0,1,-0.000356675,0.000293895,0,1,-0.000380435,0.000330228,0,1,-0.000347654,0.000271279,0,1
1788417060,-0.000145466,-9.55898e-05,-8.72773e-05,-0.00051962,0.000544423,0.526084,6.01512e-05,6.50994e-05,0.0612587,-0.000775224,-0.000581753,-0.000276928,-0.000100046,3.45359e-05,0.000139738,0.000344865,0.000605969,0.000831557,6.67248e-05,6.107e-05,5.46475e-05,5.98001e-05,7.42557e-05,6.12096e-05,6.14154e-05,5.93382e-05,0.000381045,1.45748e-05,0.000359912,0.000379096,0,0.000371638,0.507495,-0.000794701,-0.000306296,0.000323183,0.000871603,1788417000,-0.000428553,0.000393018,0,1,-0.000412782,0.000385384,0,1,-0.000369123,0.000289587,0,1,-0.00038902,0.000297171,0,1
1788417120,-8.313e-06,-7.89763e-05,-8.313e-06,-0.000295154,0.000539344,0.52733,4.63893e-05,4.96613e-05,0.0642642,-0.000746342,-0.000555809,-0.00025447,-9.32796e-05,3.42694e-05,0.000131589,0.000331137,0.000572971,0.000782323,5.85047e-05,5.06903e-05,4.08642e-05,4.64066e-05,5.22838e-05,4.68512e-05,4.61683e-05,4.69144e-05,0.000360712,0,0.000359366,0.000343294,0,0.000343928,0.509983,-0.000731031,-0.000269251,0.000302747,0.00080281,1788417000,-0.000384356,0.000353528,0,1,-0.000448989,0.000420591,0,1,-0.000416881,0.000382694,0,1,-0.000360881,0.000272185,0,1
1788417180,0.000124688,-4.15653e-06,0.000349087,-7.06633e-05,0.000533925,0.527321,5.20084e-05,4.87099e-05,0.0661193,-0.000687741,-0.000513162,-0.000222899,-7.98682e-05,2.92214e-05,0.000116498,0.000297776,0.000522612,0.000715723,6.58708e-05,5.91937e-05,5.04022e-05,5.33252e-05,4.99997e-05,5.23527e-05,5.19955e-05,4.94207e-05,0.000322789,0,0.00031039,0.000311944,0,0.000295199,0.503729,-0.000653613,-0.000247772,0.000259384,0.000702116,1788417000,-0.000339046,0.00029911,0,1,-0.000380559,0.000344296,0,1,-0.000425553,0.000374339,0,1,-0.00041994,0.000327412,0,1
1788417240,0.000697964,0.000145449,0.000772717,0.000145449,0.000528852,0.527967,0.000220693,0.000212537,0.0670787,-0.000672382,-0.000503251,-0.000231254,-8.1598e-05,3.0859e-05,0.000120108,0.000284686,0.000498276,0.00068731,0.000199408,0.000211307,0.000236502,0.000219344,0.000188136,0.00022796,0.000224684,0.000218667,0.000317452,0,0.00029369,0.000297172,0,0.00028832,0.50151,-0.000617555,-0.000245155,0.000234214,0.000648546,1788417000,-0.000304744,0.000257798,0,1,-0.000336383,0.000307103,0,1,-0.000386666,0.000333582,0,1,-0.000402029,0.000328761,0,1
1788417300,-0.000211831,2.07653e-05,0.000257459,-0.000348921,0.000532761,0.520653,6.82424e-05,7.3274e-05,0.0446133,-0.000738844,-0.000558529,-0.000270309,-0.000101631,2.58981e-05,0.000128873,0.000315518,0.000580048,0.000818887,7.77947e-05,7.12018e-05,6.66756e-05,6.49042e-05,8.52284e-05,7.37544e-05,6.88726e-05,6.54754e-05,0.000357298,0,0.000314076,0.000356788,0,0.000329261,0.503947,-0.000753785,-0.000298204,0.000294288,0.00081311,1788417300,-0.000299725,0.000274672,0,1,-0.000314906,0.000281721,0,1,-0.00036559,0.000321726,0,1,-0.00038558,0.000310719,0,1
1788417360,-0.000270045,3.32313e-05,0.000195218,-0.0002742,0.000528257,0.519051,7.70938e-05,8.24025e-05,0.0467507,-0.000748335,-0.000551528,-0.000262309,-0.00010314,2.37763e-05,0.000124223,0.000302435,0.000559326,0.000788739,8.73849e-05,8.04368e-05,7.54958e-05,7.6846e-05,9.81627e-05,8.20613e-05,7.24984e-05,7.74232e-05,0.000344564,0,0.000314754,-0.000354428,0.000309147,0,0.499605,-0.000749782,-0.000301312,0.000283274,0.000784551,1788417300,-0.000367687,0.000317631,0,1,-0.000310959,0.000287952,0,1,-0.000336386,0.000278163,0,1,-0.000385379,0.000319704,0,1
1788417420,5.81697e-05,-4.15511e-06,0.000776702,-0.00011635,0.00052434,0.525444,4.48426e-05,4.46154e-05,0.0504427,-0.000686139,-0.000514536,-0.00023583,-8.44296e-05,2.80981e-05,0.000119694,0.000290199,0.000519384,0.000712948,6.17849e-05,5.21911e-05,4.47781e-05,4.38639e-05,4.63412e-05,5.13426e-05,4.12905e-05,4.31169e-05,0.000323475,0,0.000257477,0.000337887,0,0.000304162,0.503345,-0.000721313,-0.000279626,0.000278641,0.00076252,1788417300,-0.000356384,0.000342872,0,1,-0.000362549,0.000333674,0,1,-0.000317813,0.000293572,0,1,-0.000343929,0.000281156,0,1
1788417480,0.000710229,0.000128792,0.000710229,0.000128792,0.000519135,0.526912,0.000214884,0.000206746,0.0528078,-0.000755397,-0.000568525,-0.00026204,-9.2242e-05,3.31996e-05,0.000131711,0.000320688,0.000584799,0.000806829,0.000202885,0.000217187,0.000235948,0.000210997,0.000194056,0.00021861,0.000217431,0.000209502,0.000357982,2.39579e-05,0.000349676,0.000378766,1.93595e-05,0.000397048,0.507342,-0.000804399,-0.00031647,0.000314193,0.000844599,1788417300,-0.000340828,0.000321592,0,1,-0.000365381,0.000338973,0,1,-0.000366495,0.000333181,0,1,-0.000322431,0.000261247,0,1
1788417540,-0.000382049,-0.000236687,-4.98242e-05,-0.000382049,0.000523641,0.52193,0.000106999,0.000114137,0.0397395,-0.000721055,-0.000542012,-0.000259562,-9.85339e-05,2.70898e-05,0.000121829,0.000309217,0.000565717,0.000790026,0.000107775,0.000107049,0.000106643,0.000107286,0.000131474,0.00010873,0.000104218,0.000105927,0.000347295,0,0.000294112,-0.000355036,0.000293326,0,0.496025,-0.000738522,-0.000306694,0.000276612,0.000775085,1788417300,-0.00037825,0.000363879,0,1,-0.000332499,0.000292683,0,1,-0.000360548,0.000325055,0,1,-0.000369636,0.000287602,0,1
1788417600,-4.15351e-06,-4.15351e-06,-4.15351e-06,-0.000560879,0.000521186,0.519132,4.50075e-05,4.77962e-05,0.0429743,-0.000749292,-0.000549908,-0.000266829,-0.000104933,2.43329e-05,0.000119083,0.000299231,0.000541918,0.000763075,5.82358e-05,4.85292e-05,4.53026e-05,4.1469e-05,5.10608e-05,5.34008e-05,4.07647e-05,4.74762e-05,0.000343956,0,0.000291252,0.000328423,0,0.0002927,0.500249,-0.000715082,-0.000279434,0.000258666,0.000721552,1788417600,-0.000367382,0.000304112,0,1,-0.000359489,0.000337119,3.90923e-06,1,-0.000323808,0.000304224,0,1,-0.000351436,0.000281999,0,1
1788417660,-0.000141229,3.32276e-05,9.96794e-05,-0.000236778,0.000515948,0.523242,5.66317e-05,6.06618e-05,0.0424303,-0.000718871,-0.000528351,-0.000247747,-8.89445e-05,2.63075e-05,0.000118527,0.00031495,0.000579028,0.000791178,6.56887e-05,5.79153e-05,5.43375e-05,5.69543e-05,6.82073e-05,6.17027e-05,5.27838e-05,5.68284e-05,0.000344733,0,0.000344088,0.000353437,0,0.000363718,0.505032,-0.00072873,-0.000289061,0.000297358,0.000792541,1788417600,0.000323986,0,0.000274512,1,-0.000364188,0.000332608,0,1,-0.000362923,0.000350482,7.52084e-06,1,-0.000321786,0.000253723,0,1
1788417720,0.000137076,0.000199377,0.000199377,9.96934e-05,0.000511153,0.519751,5.5716e-05,5.29387e-05,0.0444735,-0.000705345,-0.000522594,-0.000244162,-9.2309e-05,2.22166e-05,0.000109868,0.000291609,0.000531033,0.000727344,6.79147e-05,5.91538e-05,5.42334e-05,5.40065e-05,4.93156e-05,5.94603e-05,5.50093e-05,5.65867e-05,0.000327444,0,0.000308423,0.000321204,0,0.000302644,0.500827,-0.000700244,-0.000267429,0.000262607,0.000716838,1788417600,-0.000348134,0.000308966,1.09739e-05,1,-0.00033743,0.00028888,0,1,-0.000354244,0.00030305,0,1,-0.00037821,0.000307498,0,1
1788417780,0.00017028,0,0.00017028,-3.32288e-05,0.000506387,0.522879,5.76626e-05,5.43936e-05,0.0438951,-0.000623626,-0.000464482,-0.000206947,-7.50528e-05,2.16641e-05,9.3056e-05,0.00024705,0.000465051,0.000662646,7.34488e-05,6.41849e-05,5.85006e-05,5.24251e-05,5.1584e-05,6.279e-05,5.95585e-05,5.8989e-05,0.000278452,0,0.000233349,-0.000265136,0.000156334,0,0.490394,-0.00055243,-0.000217561,0.000194219,0.000562382,1788417600,-0.000316077,0.000283269,0,1,-0.000363934,0.000346973,0,1,-0.000330979,0.000286538,0,1,-0.000349035,0.000271754,0,1
1788417840,0.000390289,-2.49173e-05,0.000510667,-2.49173e-05,0.000501876,0.528431,0.000113632,0.000105697,0.043971,-0.000612209,-0.000455535,-0.00020327,-6.96927e-05,2.68883e-05,0.000100963,0.000245789,0.000463078,0.000654957,0.00011464,0.000112881,0.000111696,0.00011173,9.45437e-05,0.000112092,0.00011555,0.000118314,0.000276338,0,0.000218185,0.000259393,0,0.000214437,0.500093,-0.000544507,-0.000211211,0.000196983,0.000544333,1788417600,-0.0002706,0.000216501,0,1,-0.000307891,0.000269241,0,1,-0.000374587,0.000318372,0,1,-0.000314036,0.000244222,0,1
1788417900,-0.0010051,-1.24537e-05,0.000128679,-0.0010051,0.000499888,0.523393,0.000358592,0.00036809,0.0407005,-0.000722462,-0.0005594,-0.000263373,-9.07738e-05,2.71092e-05,0.00012547,0.000302305,0.000545772,0.000755471,0.000321265,0.000356855,0.000379974,0.000359535,0.000404894,0.00036113,0.000348201,0.000352643,0.000345295,7.66968e-06,0.000337934,0.000330692,0,0.00032431,0.50401,-0.00070477,-0.000284065,0.000269094,0.000717258,1788417900,-0.000262469,0.00021599,0,1,-0.000278448,0.000226791,0,1,-0.000317289,0.000287715,0,1,-0.000370573,0.000309571,0,1
1788417960,0.0010051,0.000232674,0.0010217,0.000232674,0.000514874,0.521185,0.000349643,0.00034105,0.0689086,-0.00084498,-0.000605018,-0.000292609,-0.000107073,2.82262e-05,0.000137637,0.00032966,0.00060527,0.000824769,0.000317608,0.000355735,0.000344356,0.000365498,0.000330298,0.000328793,0.000342117,0.000357017,0.000378667,4.61026e-06,0.000362892,0.000403605,0,0.000404875,0.511613,-0.000877396,-0.000328954,0.000341669,0.000889956,1788417900,0.000342632,0,0.000304164,1,-0.000280222,0.000238996,0,1,-0.000281614,0.000234835,0,1,-0.000329862,0.000263746,0,1
1788418020,-0.000149454,-4.15129e-05,4.98132e-05,-0.000178518,0.000529148,0.521056,6.13044e-05,6.63372e-05,0.0852017,-0.00083363,-0.00061332,-0.000293718,-0.000108984,2.85035e-05,0.000134632,0.00033841,0.000644402,0.000893064,6.74599e-05,6.13399e-05,6.9128e-05,5.40655e-05,7.75013e-05,7.09161e-05,6.11797e-05,5.83104e-05,0.000385211,0,0.000337236,0.000404225,0,0.000368924,0.503777,-0.000836313,-0.000335391,0.000333583,0.000907219,1788417900,0.000385134,0,0.000348504,1,0.000357193,0,0.000282187,1,-0.000286713,0.000232992,0,1,0.000274195,0,0.000196491,1
1788418080,-0.000419422,2.49106e-05,7.473e-05,-0.000593887,0.000524256,0.517197,0.000115847,0.000122919,0.0714791,-0.000801035,-0.000585693,-0.000274207,-0.000108997,2.22019e-05,0.000119577,0.000299658,0.000564081,0.000797884,0.000118076,0.000117575,0.000117512,0.00011761,0.000140415,0.000119605,0.000109573,0.000114657,0.000348401,0,0.000300563,-0.000348592,0.000231491,0,0.495732,-0.000777973,-0.000298624,0.000272663,0.00076882,1788417900,-0.000422599,0.000336084,0,1,-0.000376666,0.000325654,0,1,-0.000332311,0.000309681,0,1,0.000282183,0,0.000191154,1
1788418140,0.000170282,-2.49217e-05,0.000444333,-9.13826e-05,0.000522365,0.523143,6.52023e-05,6.19927e-05,0.0752637,-0.000816484,-0.000593036,-0.000281388,-0.000104053,3.07028e-05,0.000139829,0.000336673,0.000625335,0.000859255,7.35165e-05,6.6586e-05,7.1416e-05,6.28962e-05,5.63277e-05,6.92796e-05,6.31455e-05,6.4769e-05,0.000378326,0,0.000340506,0.000404756,0,0.000374093,0.5075,-0.000866681,-0.000330475,0.000341266,0.000910203,1788417900,-0.000344766,0.000302717,0,1,-0.000397073,0.000352117,0,1,-0.000368955,0.000324418,0,1,-0.000319975,0.000260759,0,1
1788418200,-0.000764418,-0.000103827,-0.000103827,-0.000764418,0.000517676,0.521783,0.000234051,0.000241269,0.0622635,-0.000784353,-0.000576032,-0.000276349,-0.000103331,2.82008e-05,0.000132027,0.000315969,0.000585799,0.000798976,0.00022161,0.000231655,0.000225871,0.000239104,0.000266481,0.000228016,0.000237996,0.000233622,0.00036108,0,0.000327876,0.000386595,0,0.000362548,0.504158,-0.000828977,-0.000325873,0.000313317,0.000842973,1788418200,-0.000401469,0.000367193,0,1,-0.000346146,0.000279547,0,1,-0.000388667,0.000343255,0,1,-0.000378649,0.000292708,0,1
1788418260,0.000702123,3.32477e-05,0.000702123,8.31203e-06,0.000523751,0.518391,0.000217399,0.000209153,0.0904994,-0.000789533,-0.000580282,-0.000275001,-0.000107732,2.38056e-05,0.000121825,0.000305576,0.000564706,0.000760207,0.000201092,0.000211243,0.000202713,0.00023575,0.000186348,0.000201152,0.000224821,0.000223569,0.000352905,0,0.000312765,-0.000389238,0.000301818,0,0.499601,-0.000853323,-0.000328202,0.000315138,0.000838015,1788418200,-0.000391217,0.000326548,0,1,-0.000398101,0.000340172,0,1,-0.000352894,0.000288373,0,1,-0.000395871,0.000296585,0,1
1788418320,-0.000689655,-2.90722e-05,0.000157806,-0.000747841,0.000527909,0.523298,0.000203914,0.000210724,0.0776671,-0.000786484,-0.000592834,-0.000283125,-9.9507e-05,2.95828e-05,0.000131954,0.00032261,0.000599133,0.000817247,0.000193249,0.000200349,0.000192535,0.000218918,0.000228129,0.000195656,0.000206249,0.000202712,0.000369078,0,0.000313782,0.000384622,0,0.000347513,0.502387,-0.000821097,-0.000325099,0.000315735,0.000855,1788418200,0.000379952,0,0.00033701,1,-0.000392115,0.000325205,0,1,-0.000389161,0.000336217,0,1,-0.000346293,0.000260307,0,1
1788418380,0.000145449,-2.07801e-05,0.000145449,-5.81854e-05,0.000531627,0.51509,6.49315e-05,6.18835e-05,0.103764,-0.00089027,-0.000662389,-0.000318871,-0.000125733,2.19677e-05,0.000140941,0.000346892,0.000635741,0.000865318,6.93915e-05,6.37242e-05,7.11481e-05,6.10502e-05,5.84196e-05,6.5932e-05,6.58531e-05,6.48727e-05,0.000403667,0,0.000393383,0.000426154,0,0.00044058,0.502339,-0.000941359,-0.000359169,0.000347331,0.000924309,1788418200,-0.00038668,0.000318955,0,1,-0.000370669,0.000307509,0,1,-0.00038693,0.00031471,0,1,-0.000381417,0.000292145,0,1
1788418440,3.32425e-05,-0.00010389,8.31041e-05,-0.000282606,0.000526685,0.527573,4.55222e-05,4.57095e-05,0.0811568,-0.000734595,-0.000557503,-0.000252064,-8.63016e-05,3.20525e-05,0.000129804,0.000304501,0.000555044,0.00074445,6.03608e-05,5.26904e-05,5.99945e-05,3.71919e-05,5.35127e-05,5.60496e-05,3.97465e-05,4.28201e-05,0.000342506,0,0.000239324,0.000331352,0,0.000249268,0.505519,-0.000723366,-0.000269279,0.000275174,0.000731951,1788418200,0.000399436,0,0.000368659,1,-0.000383531,0.000344584,0,1,-0.000359517,0.000304764,0,1,-0.000381461,0.000285349,0,1
1788418500,0.000494351,5.40167e-05,0.000494351,5.40167e-05,0.000521413,0.522061,0.000143912,0.000135714,0.0675849,-0.000747371,-0.000563431,-0.000263197,-0.000100201,2.77726e-05,0.000121125,0.000292853,0.000550753,0.000741705,0.00014292,0.000142176,0.000142072,0.000143415,0.000124098,0.000139974,0.000151675,0.000144908,0.000338475,0,0.000306669,0.000364875,0,0.000344219,0.500411,-0.000800265,-0.000308047,0.000296192,0.000794061,1788418500,-0.000346887,0.00026238,0,1,-0.000401425,0.000351831,0,1,-0.000381033,0.000338656,0,1,-0.000369614,0.000279586,0,1
1788418560,-0.000307383,-4.15327e-05,-8.30641e-06,-0.000307383,0.000520886,0.527457,8.72948e-05,9.44888e-05,0.0508948,-0.000735977,-0.00056206,-0.00025646,-9.00131e-05,3.32799e-05,0.000126741,0.000300329,0.00055184,0.00075374,9.38325e-05,8.71854e-05,9.02715e-05,8.6502e-05,0.000105897,9.08184e-05,8.52193e-05,8.8765e-05,0.000341324,0,0.000251607,-0.000355172,0.00028376,0,0.499353,-0.000766821,-0.00030286,0.000285359,0.000785186,1788418500,-0.000362572,0.00029483,0,1,-0.000358243,0.000271096,0,1,-0.000402512,0.000355377,0,1,-0.000388864,0.00030082,0,1
1788418620,0.000203548,0.000103856,0.000294923,-9.97121e-05,0.00051748,0.519349,6.85513e-05,6.49634e-05,0.0451447,-0.000738477,-0.0005548,-0.000263395,-0.000102687,2.41391e-05,0.000110306,0.000280511,0.000520133,0.000722681,7.89909e-05,7.17635e-05,7.38095e-05,6.0125e-05,6.18321e-05,7.31138e-05,7.19494e-05,7.1823e-05,0.00032904,0,0.000248487,-0.000327482,0.000224096,0,0.491845,-0.000725288,-0.000283458,0.000252464,0.000712223,1788418500,-0.000379117,0.000305541,0,1,-0.000378928,0.000316474,0,1,-0.000356744,0.00026322,0,1,-0.000416169,0.000322289,0,1
1788418680,-0.000220166,6.64557e-05,6.64557e-05,-0.00030326,0.000513087,0.526369,6.7546e-05,7.25857e-05,0.0449162,-0.000697881,-0.000522326,-0.000249546,-9.32344e-05,3.26545e-05,0.000122297,0.000295033,0.000536424,0.000736054,7.92369e-05,7.18732e-05,7.25506e-05,6.25033e-05,8.35513e-05,7.50743e-05,6.37707e-05,6.63362e-05,0.000332876,0,0.000279258,0.000327872,0,0.00030118,0.500269,-0.000703933,-0.000275058,0.00026916,0.000733341,1788418500,0.000331096,0,0.000268196,1,-0.000378821,0.000320052,0,1,-0.000391939,0.000303221,0,1,-0.000338122,0.000247994,0,1
1788418740,0.000174475,9.13955e-05,0.000294928,4.15445e-05,0.000508883,0.522002,6.17811e-05,5.80606e-05,0.0494723,-0.000709834,-0.00052314,-0.000239797,-9.08697e-05,2.50592e-05,0.00010836,0.000272773,0.000509207,0.000703236,7.41026e-05,6.59524e-05,6.53995e-05,5.47525e-05,5.69294e-05,6.65188e-05,6.25592e-05,6.31739e-05,0.000312797,0,0.000246031,-0.000317629,0.00022655,0,0.492472,-0.000698073,-0.000272542,0.000249503,0.000692256,1788418500,-0.000347892,0.000300605,0,1,-0.000342474,0.00028773,0,1,-0.000372776,0.000305071,0,1,-0.000390947,0.000299796,0,1
1788418800,0.000419447,-0.000145394,0.000419447,-0.000365602,0.000504373,0.515221,0.00012585,0.000117444,0.0523472,-0.000777987,-0.000601425,-0.000293917,-0.000115551,2.03829e-05,0.000115098,0.000298229,0.000553237,0.000744786,0.000122444,0.000121029,0.000120369,0.00012037,0.000103689,0.000119874,0.000136367,0.000130231,0.000355944,0,0.000377489,-0.000353442,0.000316104,1.61536e-05,0.490718,-0.000764803,-0.000314185,0.000270985,0.000737662,1788418800,0.000325467,0,0.000275073,1,-0.000350429,0.000315545,0,1,0.000335123,0,0.000270557,1,-0.000365239,0.000276745,0,1
1788418860,0.000269848,-1.24563e-05,0.000381917,-7.474e-05,0.000502815,0.526382,8.12396e-05,7.58307e-05,0.0488218,-0.000759357,-0.000566345,-0.000262843,-9.38582e-05,3.29147e-05,0.000129265,0.000303731,0.000582519,0.000793602,8.9989e-05,8.11892e-05,7.97819e-05,7.86419e-05,7.07866e-05,8.20423e-05,8.27702e-05,8.85446e-05,0.000346567,0,0.000280177,-0.000347314,0.000306784,0,0.499318,-0.00074499,-0.000295882,0.000284464,0.000779534,1788418800,-0.000438559,0.000352146,0,1,-0.00032517,0.000285219,0,1,-0.000359637,0.000321598,0,1,0.000329929,0,0.000252398,1
1788418920,-0.0001619,0,0,-0.000689294,0.000499222,0.528409,5.89992e-05,6.44961e-05,0.0529843,-0.000741915,-0.000551696,-0.000254565,-9.21596e-05,3.57779e-05,0.000131526,0.000294492,0.000553232,0.000751181,6.94329e-05,6.08183e-05,5.89821e-05,5.44285e-05,7.32552e-05,6.31871e-05,5.66232e-05,6.13878e-05,0.00033642,0,0.000234739,0.000320976,0,0.00027809,0.500351,-0.000699243,-0.000273101,0.000261261,0.000725181,1788418800,-0.000361085,0.000317499,0,1,-0.00046336,0.000374412,0,1,0.000328483,0,0.000281384,1,-0.000364791,0.000298135,0,1
1788418980,-0.00023667,0,0.000510519,-0.000286503,0.000494735,0.531161,7.36788e-05,7.86206e-05,0.0602092,-0.000738513,-0.00055754,-0.000247466,-8.91971e-05,3.94807e-05,0.000135839,0.000313698,0.000586463,0.000808116,8.18075e-05,7.2778e-05,7.00455e-05,7.19667e-05,8.4111e-05,7.34679e-05,7.44919e-05,7.52375e-05,0.000347467,0,0.000305671,0.000349181,0,0.000350075,0.506674,-0.000759112,-0.000285725,0.000303382,0.000811488,1788418800,-0.00035451,0.000308715,0,1,-0.000363873,0.000347819,0,1,-0.00045573,0.000337516,0,1,0.00034369,0,0.000254459,1
1788419040,0.0039248,0.00014533,0.00442104,7.4744e-05,0.000490905,0.52922,0.00181025,0.00180134,0.0654698,-0.00075518,-0.000562967,-0.000253582,-9.50106e-05,3.84125e-05,0.000141173,0.000316149,0.000594156,0.000809693,0.00177726,0.0018233,0.00183686,0.0018132,0.00179363,0.00182478,0.0018102,0.00178458,0.000352256,0,0.000304325,0.000348198,1.11354e-05,0.000335316,0.506599,-0.000758872,-0.000289091,0.000295354,0.000792653,1788418800,-0.000367573,0.000336571,0,0,-0.000355305,0.000313267,0,0,-0.000373734,0.000342263,0,0,-0.000376422,0.000277285,0,0
1788419100,0.000186118,-2.89548e-05,0.000322582,-0.00110915,0.000737732,0.513002,0.000130051,0.000129682,0.999584,-0.0018079,-0.00141678,-0.00070135,-0.000259969,3.84124e-05,0.000313886,0.000774067,0.0015395,0.00217728,7.62014e-05,9.31235e-05,0.000158501,0.000108363,0.000213304,0.000130664,0.000132229,0.000141957,0.000894724,1.66008e-05,0.000817633,-0.000891724,0.0011234,0.00013209,0.491865,-0.00172339,-0.000715902,0.000690239,0.00196494,1788419100,0.00036887,0,0.000320467,0,-0.000365514,0.000342243,0,0,-0.000359507,0.000318329,0,0,-0.000392412,0.000317499,0,0
1788419160,-0.00158518,-0.000169572,-0.000169572,-0.00184202,0.000730792,0.513956,0.00047699,0.000489032,0.999131,-0.00163472,-0.00126771,-0.000621428,-0.000234327,3.75334e-05,0.000270867,0.000650656,0.00132332,0.00193862,0.000610905,0.0005377,0.00044245,0.000516695,0.000540322,0.000473486,0.000480684,0.000458293,0.000767805,0,0.00065001,-0.00076373,0.000691487,2.48714e-05,0.497592,-0.00159022,-0.000625913,0.00061241,0.00171677,1788419100,-0.000972833,0.000829803,0,1,-0.000351684,0.000314584,0,0,0.000388846,0,0.000321547,0,-0.000362826,0.000287333,0,0
1788419220,-0.000227843,0.000120114,0.000256779,-0.000667105,0.000757384,0.527688,0.00011773,0.000125018,0.999244,-0.00163352,-0.00125078,-0.000589011,-0.000204168,7.70136e-05,0.000302101,0.000698734,0.00130857,0.00174007,8.05938e-05,9.79276e-05,0.000151922,9.79974e-05,0.000208492,0.000132231,0.000135411,0.000102279,0.000789138,1.66865e-05,0.000629624,0.000770692,8.05727e-05,0.000650846,0.510762,-0.0016062,-0.000603725,0.00065791,0.00175037,1788419100,-0.000777708,0.000742139,0,1,-0.000817488,0.000873539,0,1,-0.000353485,0.000342213,0,0,0.00041363,0,0.00029571,0
1788419280,-0.000468276,9.5286e-05,0.000161567,-0.00124784,0.000750464,0.525068,0.000147094,0.000153548,0.99844,-0.0014639,-0.00111398,-0.000513592,-0.000187605,6.17589e-05,0.000256917,0.000605527,0.00116199,0.00155717,0.000131871,0.000137101,0.000171635,0.000134912,0.000228925,0.00015924,0.000151014,0.000136096,0.000686106,0,0.000556849,0.000699883,0,0.000658681,0.500594,-0.0014628,-0.000563715,0.000583743,0.00156704,1788419100,0.000790308,0,0.000678117,1,-0.000781339,0.000729368,0,1,0.00082502,0.000101121,0.000678614,1,-0.00037618,0.000298146,0,1
1788419340,-0.000456055,-3.73058e-05,0.000418558,-0.000750528,0.000745868,0.521432,0.000146989,0.000152641,0.99698,-0.00157232,-0.0011644,-0.000534168,-0.00020127,5.40891e-05,0.000256617,0.000614437,0.00118274,0.00160545,0.000128304,0.000134322,0.00016381,0.000140201,0.000208343,0.000148902,0.00015467,0.000138473,0.000702441,0,0.000695764,0.00075997,0,0.000797037,0.503177,-0.00160051,-0.000603367,0.000633961,0.00168264,1788419100,-0.000695279,0.000564804,0,1,-0.000755083,0.000617144,0,1,-0.000795634,0.000654407,0,1,-0.000889701,0.000686063,0,1
1788419400,-0.000908584,-0.000232253,-0.00018248,-0.00126145,0.000741183,0.524245,0.000260295,0.000269271,0.99388,-0.00142006,-0.00106552,-0.000482066,-0.000181012,5.69843e-05,0.000244331,0.000561062,0.00105822,0.0014454,0.00027704,0.000253878,0.000253977,0.000254545,0.000276464,0.000261924,0.000268771,0.00026123,0.000639921,0,0.00062103,0.000632057,0,0.000647453,0.505943,-0.00137678,-0.000513058,0.0005423,0.00144183,1788419400,-0.000723368,0.000617481,0,1,-0.000645988,0.000530245,5.46346e-05,1,-0.000688762,0.000564209,0,1,0.000748237,0,0.000605721,1
1788419460,0.00130661,-4.56584e-05,0.00130661,-0.000244919,0.0007449,0.524885,0.000396424,0.00038573,0.987609,-0.00141115,-0.00106115,-0.000477769,-0.000181175,5.90348e-05,0.000237378,0.000563935,0.00105243,0.00143895,0.000467335,0.000409075,0.000372772,0.000434215,0.000377005,0.000389232,0.000376022,0.00041946,0.000639614,0,0.000640244,0.000638388,0,0.000645467,0.507125,-0.00140931,-0.000511974,0.000555093,0.00145109,1788419400,-0.000585212,0.000537974,1.67021e-05,1,-0.000662306,0.000563717,7.11841e-05,1,-0.000633864,0.0005057,7.09314e-05,1,-0.000630851,0.000475161,0,1
1788419520,6.63218e-05,7.04668e-05,0.000356428,-9.53453e-05,0.000760212,0.520094,9.37134e-05,9.40175e-05,0.970727,-0.0014613,-0.00111794,-0.000522339,-0.000203696,5.04578e-05,0.000248497,0.000605379,0.00112805,0.0015551,6.26143e-05,8.66362e-05,0.000118741,7.92302e-05,0.000147864,0.000116668,0.000100324,7.86409e-05,0.000689118,0,0.000671526,0.000656839,7.38346e-06,0.000653546,0.501743,-0.00139141,-0.000540546,0.000555147,0.00150287,1788419400,-0.000574812,0.000516222,1.01051e-05,1,-0.000595974,0.000523212,0,1,-0.000680059,0.000558203,3.44152e-05,1,-0.000633625,0.000479021,0,1
1788419580,0.000265243,8.70407e-05,0.000401982,-0.000132648,0.00075263,0.521465,0.000103791,9.864e-05,0.932967,-0.00131393,-0.00100462,-0.000450057,-0.000186955,5.02758e-05,0.00020563,0.00049652,0.000948079,0.00132038,8.96858e-05,0.000106606,0.000125557,9.15293e-05,0.000148016,0.000117813,0.000106788,9.52255e-05,0.00057664,0,0.000526856,-0.000566373,0.000442484,0,0.496327,-0.00124655,-0.000477641,0.000456762,0.00127886,1788419400,-0.000645094,0.000542252,1.3946e-05,1,-0.000591576,0.000503967,0,1,-0.000604046,0.000540058,0,1,-0.000719883,0.000554524,0,1
1788419640,-0.000493243,9.11611e-05,9.11611e-05,-0.000497389,0.000746009,0.529071,0.000144141,0.000154021,0.84642,-0.00119735,-0.000908395,-0.000403998,-0.000156447,6.28975e-05,0.000217045,0.000491025,0.000929388,0.00130562,0.000138011,0.000139944,0.000153847,0.000138835,0.000189729,0.000146239,0.000151836,0.00014411,0.000552471,0,0.00045648,0.000559031,0,0.000481431,0.501095,-0.00119271,-0.000456807,0.000468508,0.00129087,1788419400,-0.000559761,0.000500262,0,1,-0.000628045,0.000587696,0,1,0.000606076,0,0.000542791,1,-0.000621526,0.000477061,0,1
1788419700,-0.00121134,8.29181e-06,2.9021e-05,-0.00121549,0.000741799,0.521382,0.000369696,0.000380647,0.651314,-0.00119438,-0.000921919,-0.000418888,-0.000169518,4.52973e-05,0.000183944,0.000457109,0.000854685,0.0011816,0.000421326,0.000364707,0.000344367,0.000414682,0.000356563,0.000380186,0.00036026,0.000369166,0.00053239,0,0.000446778,-0.000593773,0.000469876,0,0.490551,-0.0012739,-0.000510624,0.000468593,0.00127917,1788419700,-0.000571543,0.000493056,0,0,-0.000592384,0.000503559,0,1,-0.000637852,0.000586232,0,1,0.00062965,0,0.000487253,1
1788419760,-0.000319674,-4.56614e-05,0.000145273,-0.000319674,0.00075406,0.52564,0.000110305,0.000115105,0.11946,-0.00124819,-0.000934147,-0.000428509,-0.00016325,5.52496e-05,0.00020469,0.000499522,0.000937993,0.00126512,9.57229e-05,0.000111419,0.000123954,9.46908e-05,0.000145174,0.000127549,0.000118889,0.000102085,0.00056804,0,0.000455268,0.000631016,0,0.000599415,0.501148,-0.00136505,-0.000515248,0.000532194,0.00140621,1788419700,0.000586212,0,0.000535168,1,-0.000594164,0.000511847,0,1,-0.000605885,0.00050784,0,1,0.000666961,0,0.000513565,1
1788419820,0.00030307,-0.000124576,0.000780323,-0.000124576,0.000747849,0.524555,9.90293e-05,9.51322e-05,0.149563,-0.0010885,-0.000817253,-0.000364086,-0.000151022,4.81806e-05,0.000170238,0.000418713,0.00080111,0.00110896,9.61305e-05,0.000111956,0.000121334,8.87787e-05,0.000144373,0.000112789,9.11128e-05,9.64817e-05,0.000479242,0,0.00034317,-0.000525727,0.000431455,0,0.497848,-0.00115426,-0.000430638,0.000431875,0.00116219,1788419700,0.00061452,0,0.000581052,1,-0.000614965,0.000521688,0,1,0.000591586,0,0.000532485,1,0.000580474,0,0.000482466,1
1788419880,0.000327876,1.2453e-05,0.000361073,-0.000141144,0.000741573,0.523531,0.000105992,0.00010137,0.185647,-0.0011491,-0.000856579,-0.0003951,-0.000156952,4.73845e-05,0.000194832,0.000454906,0.000842278,0.00116963,0.000100144,0.000115147,0.000121048,0.000100463,0.000141364,0.000106153,0.000103581,0.00010362,0.00052002,0,0.00044523,0.000591271,5.46858e-06,0.000568781,0.50636,-0.0013096,-0.000483319,0.000507672,0.00134795,1788419700,0.000511678,0,0.00047146,1,-0.000586845,0.00050124,1.17005e-05,1,0.000542519,0,0.000477208,1,-0.000554577,0.000433228,0,1
1788419940,7.4691e-05,-4.14974e-05,0.000381695,-0.000419203,0.000735582,0.525789,6.61683e-05,6.60621e-05,0.181546,-0.00103767,-0.000796005,-0.000354342,-0.000146026,4.97241e-05,0.000178931,0.000408688,0.000767684,0.00106165,6.30878e-05,8.24346e-05,8.66411e-05,5.57954e-05,0.000104716,6.433e-05,6.53038e-05,6.3972e-05,0.000468109,0,0.00037039,0.000530954,0,0.000466758,0.501176,-0.00115881,-0.000433574,0.000444854,0.00119991,1788419700,-0.000571172,0.000509362,0,1,-0.000507798,0.000416304,0,1,-0.000563105,0.000501587,1.77736e-05,1,0.000497665,0,0.00044489,1
1788420000,-0.00023239,-0.000174288,4.56417e-05,-0.000327852,0.000728266,0.528074,8.67796e-05,9.17561e-05,0.249774,-0.00106337,-0.000810971,-0.000365381,-0.000148974,5.70114e-05,0.000189874,0.000415547,0.000783765,0.00108549,8.12722e-05,9.40175e-05,9.37604e-05,8.29699e-05,0.000100298,7.93815e-05,8.89744e-05,8.68035e-05,0.000478418,0,0.00041907,0.000575186,0,0.000566181,0.500334,-0.00124065,-0.000484281,0.000474248,0.00126684,1788420000,-0.000518654,0.000439561,0,1,-0.000557956,0.00048565,0,1,-0.000505802,0.000453086,0,1,-0.000573705,0.000440788,0,1
1788420060,0.000302927,8.30058e-06,0.000302927,-0.000435877,0.000721695,0.529939,9.26803e-05,8.76525e-05,0.330796,-0.000959609,-0.000726447,-0.000315154,-0.000132773,5.55031e-05,0.000178825,0.000386242,0.00071002,0.000988874,9.60776e-05,0.000108485,0.00010546,8.97002e-05,0.000113229,8.89843e-05,8.89562e-05,9.0784e-05,0.000434892,0,0.000325348,-0.000448376,0.000382997,0,0.498026,-0.000968453,-0.000368014,0.000356078,0.00095855,1788420000,-0.000604525,0.000524119,0,1,0.000546865,0,0.000471881,1,-0.000576326,0.000527799,0,1,0.000513753,0,0.000436054,1
1788420120,0.000618018,6.63826e-05,0.000709236,2.90429e-05,0.000715725,0.530858,0.000175238,0.000165544,0.420368,-0.000953004,-0.000726513,-0.000319813,-0.000132265,5.77511e-05,0.000175336,0.00040122,0.00075083,0.00103195,0.000178711,0.000178804,0.000177424,0.000177183,0.00018335,0.000174887,0.000171152,0.000174992,0.000446581,0,0.000361787,-0.000476075,0.000420242,0,0.495755,-0.000992688,-0.000395185,0.00038598,0.0010303,1788420000,0.000486465,0,0.000405125,1,0.000630077,0,0.000556404,1,0.000561384,0,0.000478484,1,0.000603116,0,0.000487264,1
1788420180,-0.000647061,0,2.9025e-05,-0.000912643,0.000713902,0.526562,0.000180685,0.000190116,0.393238,-0.000935573,-0.000732961,-0.000332188,-0.00014418,5.11166e-05,0.000167411,0.000382361,0.000709979,0.000997128,0.00018116,0.000181466,0.000180956,0.000181459,0.000187715,0.000182329,0.000186596,0.000173009,0.000437815,0,0.000312036,-0.000479326,0.000420031,0,0.494043,-0.00101202,-0.000408135,0.000375399,0.00103325,1788420000,0.000502287,0,0.000493413,1,0.000494892,0,0.000434236,1,0.000633961,0,0.000582063,1,0.000545743,0,0.000404272,1
1788420240,-0.00118321,7.88311e-05,0.000282104,-0.00136185,0.000712627,0.526263,0.000392639,0.000403384,0.232135,-0.00102917,-0.000774196,-0.000359288,-0.000148188,5.17641e-05,0.000187896,0.00042366,0.000781655,0.00107492,0.000406012,0.000360795,0.000379028,0.000394618,0.000357146,0.000423606,0.0003971,0.000388258,0.000480403,0,0.000386931,0.000536428,0,0.000524249,0.501782,-0.0011747,-0.000441379,0.000456339,0.00121172,1788420000,0.000511636,0,0.000467543,0,0.000510142,0,0.000485402,1,0.000501186,0,0.000456475,1,0.000608008,0,0.000504709,1
1788420300,-0.000681502,-3.73874e-05,0.000303202,-0.000980845,0.000725038,0.531599,0.000199437,0.000206849,0.0851837,-0.00119291,-0.000874402,-0.00040596,-0.000150296,6.80924e-05,0.000232686,0.00050452,0.000908784,0.00122637,0.000190489,0.000191032,0.000190608,0.000191594,0.00017181,0.000193961,0.000217261,0.000200297,0.000561994,1.90936e-05,0.000487807,0.00063124,8.28985e-05,0.000628963,0.511055,-0.00136767,-0.00050219,0.000551296,0.001406,1788420300,0.00053626,0,0.000473424,0,0.000514719,0,0.000470694,0,0.000524771,0,0.000526149,1,0.000492258,0,0.000417085,1
1788420360,-0.000145503,-0.000178763,-0.000145503,-0.00084421,0.000724193,0.529789,8.19529e-05,8.70866e-05,0.072556,-0.00119226,-0.000872359,-0.000409247,-0.000160152,6.67193e-05,0.000222456,0.000493678,0.000916156,0.0012086,6.67377e-05,8.34107e-05,8.36552e-05,8.41605e-05,8.03762e-05,7.10371e-05,8.86615e-05,8.6128e-05,0.000554992,0,0.000484096,0.000616507,1.26278e-05,0.000641418,0.506837,-0.0013315,-0.000495778,0.0005289,0.0013486,1788420300,0.000605586,0,0.000576964,1,0.000525775,0,0.000475876,1,0.000507957,0,0.000492258,0,0.00053222,0,0.000420924,1
1788420420,0.000261889,-8.31507e-06,0.00032839,-0.000108101,0.000717209,0.528732,9.0589e-05,8.65726e-05,0.081625,-0.00108544,-0.000801012,-0.000363477,-0.000144197,5.69771e-05,0.000195939,0.000448857,0.000819819,0.00110509,8.93144e-05,0.000100685,9.78261e-05,9.56155e-05,0.000116981,8.59407e-05,8.655e-05,8.44754e-05,0.000501098,0,0.000472459,0.000578002,0,0.000614531,0.505151,-0.00125678,-0.000465415,0.000498746,0.00126635,1788420300,0.000578987,0,0.000592981,1,0.000574556,0,0.000566893,1,0.000531485,0,0.000471374,1,0.000497508,0,0.00040175,1
1788420480,0.00108424,0,0.00108424,-4.15652e-05,0.000710967,0.532104,0.000347671,0.000339171,0.0742771,-0.000996879,-0.000758882,-0.000337782,-0.000129838,6.00479e-05,0.00019303,0.000409398,0.000746632,0.00101452,0.000356371,0.000331391,0.00033958,0.000365816,0.000376827,0.000374645,0.000342834,0.000331424,0.000462109,0,0.000354807,0.000515396,0,0.000453432,0.504088,-0.00114364,-0.00042205,0.000433378,0.00112706,1788420300,-0.000547311,0.000458103,1.8044e-05,1,0.000554083,0,0.000588114,1,0.000566821,0,0.000559178,1,0.000543663,0,0.000440638,1
1788420540,-0.000710232,-0.000120413,-0.000120413,-0.000710232,0.00072033,0.525206,0.000201939,0.000209759,0.049149,-0.00111557,-0.000868388,-0.000401774,-0.000157198,5.2005e-05,0.000206271,0.000462744,0.000833278,0.00115514,0.00019912,0.000198917,0.000198238,0.000199232,0.00018646,0.000201397,0.000208329,0.000202175,0.000529342,0,0.000474956,0.000608634,1.64063e-05,0.000564552,0.503794,-0.00131201,-0.000505154,0.000509826,0.00135577,1788420300,0.00050468,0,0.000455473,1,0.000559961,0,0.000551262,1,-0.000559922,0.00051388,2.38838e-05,1,0.00058894,0,0.000516109,1
1788420600,-0.0010351,-4.15489e-06,-4.15489e-06,-0.00108501,0.00072013,0.517382,0.000306137,0.000312819,0.040825,-0.00113098,-0.000869988,-0.000410617,-0.000170484,3.5261e-05,0.00018153,0.000428358,0.000779429,0.00107871,0.000330393,0.000301818,0.000302993,0.000319745,0.000271806,0.000324246,0.000294942,0.000300288,0.000506588,0,0.000433889,-0.000574598,0.000474878,0,0.493002,-0.00124972,-0.000497637,0.000452574,0.00119158,1788420600,0.000619861,0,0.000549863,1,0.000526751,0,0.00044974,1,0.000607009,0,0.000570022,1,-0.00059031,0.000468475,0,1
1788420660,-0.00066569,-0.000133103,-0.000133103,-0.000698986,0.000727766,0.526076,0.000192293,0.000197978,0.0335522,-0.00109171,-0.000804214,-0.000366245,-0.000146359,5.05985e-05,0.000195564,0.000428864,0.00079915,0.00108821,0.00018613,0.00018628,0.000185507,0.000186427,0.000158624,0.000192026,0.00020435,0.00019332,0.000488521,0,0.000363366,0.000584861,0,0.00054524,0.501312,-0.00125268,-0.000479592,0.000488666,0.00125749,1788420600,0.000572751,0,0.000497598,1,0.00060783,0,0.000503767,0,0.000543452,0,0.000452206,1,0.000627917,0,0.000461354,1
1788420720,0.000532588,3.3295e-05,0.000532588,-0.000129029,0.000726577,0.523721,0.000151116,0.000144343,0.0337478,-0.00104842,-0.000765764,-0.000341299,-0.000141474,4.30912e-05,0.000181392,0.000395903,0.000733889,0.00101248,0.000155133,0.000155442,0.000155126,0.000152476,0.000187829,0.000154348,0.000147742,0.000146846,0.000453086,0,0.000307059,-0.000540588,0.000439226,0,0.498292,-0.0011907,-0.000443809,0.000448322,0.00115572,1788420600,0.000574585,0,0.000542663,1,0.00060929,0,0.000496471,1,0.000614366,0,0.000501113,1,0.000529737,0,0.000386874,1
1788420780,0.000444992,6.23941e-05,0.000586351,-0.000199687,0.000723207,0.523659,0.000126938,0.000119055,0.0362328,-0.00101531,-0.000760149,-0.000343751,-0.000144021,4.37375e-05,0.000177923,0.000407811,0.000725441,0.00101251,0.000130732,0.000131578,0.000131461,0.000128635,0.000157683,0.000128565,0.000122163,0.000124768,0.000462029,0,0.000361625,0.000564541,0,0.000515337,0.504571,-0.00123671,-0.000460722,0.000479724,0.00123517,1788420600,0.000516047,0,0.000470365,1,0.000557586,0,0.000545561,1,0.000538439,0,0.000444805,1,0.000610234,0,0.000454666,1
1788420840,0.000286853,1.24736e-05,0.000532067,-0.000166329,0.000718699,0.520928,9.50228e-05,9.08464e-05,0.0421806,-0.00103867,-0.000793582,-0.000371934,-0.00016236,4.22102e-05,0.00018346,0.000417579,0.000736949,0.00102421,9.37603e-05,0.000104596,0.000102709,9.18939e-05,0.000119133,9.22968e-05,9.22725e-05,9.49198e-05,0.000481539,0,0.00040736,0.000570306,0,0.000556832,0.502465,-0.00124659,-0.000475252,0.000475333,0.00124657,1788420600,0.000551166,0,0.00051055,1,0.000492421,0,0.000489367,1,0.000528866,0,0.000538175,1,0.000482243,0,0.000425007,1
1788420900,0.000157942,-9.97656e-05,0.000157942,-0.000465658,0.000712631,0.528185,7.09501e-05,7.11845e-05,0.0543495,-0.00102514,-0.000776983,-0.000369082,-0.000148859,5.73041e-05,0.000203878,0.000419357,0.000730739,0.00100216,7.22752e-05,8.2363e-05,7.82564e-05,6.90731e-05,9.38323e-05,6.79358e-05,7.07383e-05,7.14012e-05,0.000482374,0,0.000419437,0.000542977,0,0.000498499,0.501472,-0.00117423,-0.000456546,0.000446165,0.00118041,1788420900,0.000556783,0,0.000517948,1,0.000534044,0,0.000497457,1,0.000487489,0,0.000466651,1,-0.000518631,0.000413232,0,1
1788420960,-0.000486374,0.000108051,0.000108051,-0.000511323,0.000705822,0.532232,0.000140097,0.000147179,0.0761851,-0.000968034,-0.000728037,-0.000342012,-0.000132128,6.15011e-05,0.00018353,0.000398786,0.000708974,0.000970006,0.000136393,0.000136388,0.000135498,0.000136557,0.000121516,0.000137916,0.000145717,0.00014305,0.000454154,0,0.00038915,0.000496008,0,0.000462063,0.500635,-0.00106265,-0.000410583,0.000412201,0.00107825,1788420900,0.000554288,0,0.000498693,1,0.000568434,0,0.000497691,1,0.000554045,0,0.000497673,1,0.000499705,0,0.000411021,1
1788421020,0.00049053,1.66321e-05,0.000594425,1.66321e-05,0.000702106,0.526523,0.000142124,0.000133628,0.0645471,-0.000948387,-0.000700355,-0.000333223,-0.000138853,4.91081e-05,0.000158691,0.000360258,0.000648918,0.000901937,0.000143159,0.00014344,0.000142221,0.000140801,0.000163698,0.000138833,0.000140482,0.000144576,0.000420811,0,0.000329756,-0.000465539,0.000370241,0,0.49015,-0.000995169,-0.000397949,0.00035987,0.000961404,1788420900,0.000509161,0,0.000467141,1,0.000566701,0,0.000489599,1,0.00058936,0,0.000499938,1,0.000565256,0,0.000418497,1
1788421080,0.000270105,5.40268e-05,0.000270105,-0.000157941,0.000698503,0.529415,8.62353e-05,8.1338e-05,0.0760878,-0.000915625,-0.000697226,-0.000336267,-0.000134024,5.46887e-05,0.000171127,0.000373661,0.000653807,0.000898585,9.1001e-05,9.94012e-05,9.19513e-05,8.20788e-05,0.000106987,8.50878e-05,8.35947e-05,8.62269e-05,0.000432265,0,0.000336575,-0.000456857,0.000396136,0,0.497434,-0.000970408,-0.000385604,0.00036114,0.000949704,1788420900,0.000481142,0,0.000420439,1,0.000514807,0,0.000461784,1,0.000566316,0,0.00050248,1,0.000583594,0,0.00044494,1
1788421140,0.000826482,-4.1549e-06,0.000826482,-4.1549e-06,0.000692537,0.529927,0.000257406,0.000247342,0.104144,-0.000890324,-0.000668417,-0.000316442,-0.000126394,5.27969e-05,0.000161616,0.000353686,0.000624844,0.000867066,0.000247134,0.000236835,0.000250557,0.000277507,0.000257023,0.000252114,0.000262327,0.000256033,0.000408645,0,0.000334791,-0.000434545,0.000320754,0,0.492626,-0.000921147,-0.00036863,0.000333789,0.000891432,1788420900,0.000485832,0,0.00043649,1,0.000470427,0,0.000441566,1,0.000529568,0,0.000486495,1,0.000537767,0,0.000449932,1
1788421200,0.000170195,-6.64256e-05,0.000170195,-0.000361242,0.000695468,0.533242,6.90617e-05,6.36168e-05,0.0947925,-0.000878224,-0.000672132,-0.000327364,-0.000124619,6.06694e-05,0.000175438,0.000374415,0.00065955,0.000904828,7.42838e-05,8.22102e-05,7.60935e-05,6.1783e-05,8.39427e-05,6.93453e-05,6.74365e-05,7.00325e-05,0.000428637,0,0.000294237,-0.000485113,0.00041631,0,0.493068,-0.00100864,-0.000420324,0.000374614,0.00102251,1788421200,0.000445259,0,0.000414745,1,0.000478231,0,0.000441424,1,0.000451889,0,0.00043707,1,0.00051936,0,0.000407981,1
1788421260,0.000796628,0,0.000796628,0,0.000688899,0.533429,0.000244666,0.000232978,0.128231,-0.000860393,-0.000633916,-0.000307192,-0.000118219,5.7982e-05,0.000163586,0.000352683,0.000638097,0.000881003,0.000234855,0.000228051,0.000237764,0.00026489,0.000232249,0.000239696,0.000246938,0.000244042,0.000403207,0,0.000291696,-0.000467873,0.000374172,0,0.497009,-0.000993851,-0.000392356,0.00037619,0.00101356,1788421200,-0.000506724,0.000453738,0,1,0.000464193,0,0.000427088,0,0.000468702,0,0.000460768,0,0.000447414,0,0.000388725,0
1788421320,8.29487e-06,3.31791e-05,0.000182471,-0.000219839,0.000691218,0.53644,5.54453e-05,6.1917e-05,0.134346,-0.000863043,-0.000665035,-0.000311561,-0.000124737,6.99277e-05,0.00018935,0.000388594,0.000691728,0.000938699,6.00232e-05,7.0298e-05,6.33049e-05,4.30264e-05,6.72582e-05,5.59295e-05,5.21708e-05,6.38064e-05,0.00043299,0,0.000272366,-0.000492032,0.00045835,0,0.498549,-0.0010337,-0.000414778,0.000398041,0.00108499,1788421200,0.000469487,0,0.000437417,1,0.000514748,0,0.000467381,1,0.000474049,0,0.000447592,1,0.000459645,0,0.000380475,1
1788421380,-0.000373337,0.000116121,0.000323446,-0.000663807,0.000684272,0.531076,0.000103265,0.000112571,0.150049,-0.000832407,-0.000609913,-0.000295692,-0.000123857,5.46088e-05,0.000152257,0.000332847,0.00059964,0.000837669,0.000105445,0.000111278,0.000104245,0.000104883,0.000112426,0.000106178,0.000102967,9.97671e-05,0.000383144,0,0.000272404,-0.000450797,0.000330021,0,0.491208,-0.00094678,-0.000386821,0.000344248,0.000955368,1788421200,0.000514292,0,0.000458649,1,0.000486202,0,0.000439937,1,0.000493364,0,0.000484939,1,0.000462742,0,0.000354992,1
1788421440,-0.00137425,0,0,-0.00152799,0.000679449,0.534654,0.000509596,0.000520105,0.0965554,-0.000932904,-0.000689122,-0.000330686,-0.000121652,6.30727e-05,0.000184262,0.000395937,0.00072049,0.000960291,0.000499133,0.000470094,0.000508183,0.000509139,0.000485149,0.000523608,0.000518046,0.00050913,0.000446052,1.36419e-06,0.00037946,0.000520862,7.4402e-06,0.000497511,0.506012,-0.00113036,-0.000426042,0.000446497,0.0011728,1788421200,-0.000459905,0.000432296,0,0,0.000494462,0,0.000445163,1,0.000493785,0,0.000458837,1,0.000464715,0,0.000390959,1
1788421500,0.000116324,-4.15476e-05,0.000639615,-9.97171e-05,0.000700136,0.530413,7.74899e-05,7.77233e-05,0.0341357,-0.00121668,-0.000883821,-0.000426767,-0.000155012,6.65249e-05,0.000225083,0.000493796,0.000863893,0.00113652,6.59234e-05,7.754e-05,7.98921e-05,7.71587e-05,8.15254e-05,7.44331e-05,8.25992e-05,7.4291e-05,0.000562774,0,0.000570397,0.000629754,0,0.000678487,0.504865,-0.00134048,-0.000519793,0.000517108,0.00129375,1788421500,0.000522613,8.99824e-07,0.000456552,1,0.000475981,0,0.000457497,0,0.000480303,0,0.00045854,1,0.000473444,0,0.000376049,1
1788421560,-0.000789607,-4.1542e-06,9.13879e-05,-0.00132606,0.000693294,0.532728,0.000229657,0.000237037,0.0369532,-0.00100871,-0.000745117,-0.000354469,-0.000133043,6.33773e-05,0.000189992,0.000412761,0.000751413,0.000990774,0.000229823,0.000220549,0.00021986,0.000228254,0.000207385,0.000230416,0.0002438,0.000230358,0.00046991,0,0.000401395,0.000526893,0,0.00050092,0.506315,-0.00114276,-0.000432261,0.000442985,0.00114904,1788421500,0.00057043,0,0.000599829,1,0.000486401,0,0.000454216,0,-0.000472019,0.000418901,4.44348e-06,0,-0.000464244,0.00038302,0,1
1788421620,-0.000769428,-6.65217e-05,-6.65217e-05,-0.000927545,0.000695351,0.533872,0.000222159,0.000228849,0.0332399,-0.00119439,-0.000859369,-0.000411504,-0.000149574,7.51898e-05,0.000216673,0.000486003,0.000865653,0.00112925,0.000221715,0.000214949,0.000214268,0.000215645,0.000196597,0.000220075,0.000225999,0.000233131,0.000549631,0,0.000560411,0.000584335,0,0.00064744,0.505902,-0.00127894,-0.000475288,0.000495084,0.0012649,1788421500,-0.000500363,0.000460946,0,1,0.000581906,0,0.000577262,1,0.000491383,1.80593e-06,0.000455554,0,-0.000443689,0.000379749,0,0
1788421680,-0.000665929,-2.91251e-05,-2.91251e-05,-0.000774184,0.00069691,0.536501,0.000194071,0.000199677,0.0338058,-0.00109267,-0.000789126,-0.000376405,-0.000134009,7.54313e-05,0.000204583,0.000444297,0.00079084,0.00103455,0.000186219,0.000186103,0.000185426,0.000186584,0.000163282,0.000189408,0.00019954,0.000205952,0.000503223,0,0.00043929,0.000538042,0,0.000524928,0.501613,-0.00117018,-0.000442616,0.000447245,0.00114452,1788421500,0.000502726,2.52063e-06,0.000540598,1,-0.000481508,0.000428445,1.52206e-05,0,-0.000519786,0.000480197,3.85801e-06,1,0.000510198,0,0.00043701,0
1788421740,-0.000133239,-8.74361e-05,0.000470358,-0.000195701,0.000696304,0.535134,7.34977e-05,7.85103e-05,0.0365426,-0.00110146,-0.000795054,-0.000377978,-0.000136087,7.22024e-05,0.000200415,0.000438384,0.00079017,0.0010317,6.66926e-05,7.69985e-05,7.81543e-05,6.34705e-05,7.12461e-05,6.88595e-05,7.36692e-05,8.83916e-05,0.000499727,0,0.000426927,0.000537222,0,0.000529262,0.502288,-0.00119261,-0.000440533,0.000450566,0.00114681,1788421500,-0.00048552,0.000453024,1.52035e-05,1,-0.000506559,0.000488167,1.63756e-05,1,-0.000484638,0.000453064,1.37161e-05,1,-0.000508692,0.000422488,0,1
1788421800,-0.000445647,8.32795e-06,5.41305e-05,-0.00116243,0.000689563,0.532043,0.000131329,0.000135734,0.0429029,-0.0010326,-0.00075739,-0.000369802,-0.000138105,6.38193e-05,0.000200782,0.000425322,0.000736711,0.000962237,0.000125081,0.000124605,0.000123994,0.000125191,0.000107646,0.000126902,0.000133786,0.000144435,0.000485947,0,0.000403033,0.000508425,0,0.000508414,0.502012,-0.00112178,-0.000428211,0.000415961,0.00106867,1788421800,-0.000482879,0.000437782,0,1,-0.000504351,0.000451628,0,1,-0.000529144,0.00049762,0,1,-0.000499361,0.000395516,0,0
1788421860,-0.000804333,-0.000199981,-0.000108318,-0.000804333,0.000685536,0.528105,0.000231207,0.000234353,0.0489182,-0.00109118,-0.000809135,-0.000399722,-0.000151671,5.82196e-05,0.000199584,0.000447732,0.000803018,0.00104977,0.000234809,0.000224232,0.000225142,0.000225088,0.000195718,0.000241046,0.000241083,0.000243092,0.000515537,0,0.000502592,0.000554733,0,0.00061882,0.502446,-0.00120319,-0.000460611,0.000462382,0.00117445,1788421800,-0.000489407,0.000455383,0,1,-0.000490766,0.000426372,0,1,0.000499098,0,0.000468688,1,0.000569754,0,0.000449442,1
1788421920,0.000479343,0,0.000479343,-0.000200142,0.000688113,0.532492,0.000129814,0.000124393,0.0477132,-0.00102378,-0.000749159,-0.000361129,-0.000137339,6.47765e-05,0.000197052,0.000431248,0.000758567,0.000961118,0.000140034,0.000140465,0.000139759,0.000138434,0.000170625,0.000136135,0.000125284,0.000116949,0.000485828,0,0.000367626,0.000502373,0,0.000474304,0.500784,-0.00112334,-0.000419464,0.000415655,0.00106114,1788421800,-0.000519002,0.000478496,3.13412e-05,1,-0.000499388,0.000439931,0,1,0.000498626,0,0.00044133,1,-0.000498813,0.000384656,0,1
1788421980,-0.000287578,7.084e-05,0.000295828,-0.000308421,0.000684561,0.52662,9.38181e-05,9.78038e-05,0.0428261,-0.000972886,-0.000730734,-0.000361229,-0.000134909,4.79465e-05,0.000185353,0.000409878,0.000706022,0.000932021,9.08417e-05,9.65405e-05,9.46286e-05,8.68019e-05,7.93285e-05,8.92672e-05,9.84749e-05,9.8759e-05,0.000469788,0,0.000389971,0.000493182,0,0.000461452,0.502917,-0.00108039,-0.000408715,0.000414122,0.00105674,1788421800,0.000477153,0,0.000439174,1,0.000544848,0,0.000523317,1,-0.000504311,0.000463115,0,1,0.000517062,0,0.000399195,1
1788422040,-8.33715e-05,-8.33684e-06,0.000204231,-8.33715e-05,0.000678901,0.520218,6.26718e-05,6.7741e-05,0.0472514,-0.000978775,-0.000726346,-0.000366866,-0.000156727,3.90297e-05,0.000163203,0.000378339,0.000679319,0.000893795,6.39411e-05,7.13789e-05,6.63813e-05,5.86247e-05,6.80974e-05,5.8896e-05,5.9313e-05,6.70108e-05,0.000448852,0,0.000360012,-0.000469813,0.000339405,0,0.490967,-0.00103766,-0.000410982,0.000361756,0.000958156,1788421800,-0.000496195,0.000411715,0,1,-0.000487318,0.000419705,0,1,0.000566648,0,0.000527085,1,-0.000512198,0.000399393,0,1
1788422100,-0.000992655,-8.75476e-05,-8.75476e-05,-0.00109698,0.000672181,0.522548,0.000328632,0.000332366,0.0565637,-0.000881162,-0.000652836,-0.000322256,-0.000131855,3.76024e-05,0.000152996,0.000347524,0.000618431,0.000821718,0.000307964,0.000296032,0.000311017,0.000347167,0.000257451,0.000334635,0.000350392,0.000318916,0.000405796,0,0.000271564,-0.000423712,0.000299836,0,0.493597,-0.000926921,-0.000365738,0.000320751,0.000850134,1788422100,0.000479875,0,0.000434488,1,0.00050085,0,0.000445552,1,0.000483792,0,0.000425139,1,0.000586298,0,0.000453387,1
1788422160,-0.000133541,4.17288e-06,2.5037e-05,-0.000780635,0.000680072,0.527242,7.10257e-05,7.40083e-05,0.0353778,-0.00104068,-0.000742228,-0.000358098,-0.000136719,5.01705e-05,0.000186583,0.00042678,0.000742242,0.00096395,6.68039e-05,7.42444e-05,7.26175e-05,5.7317e-05,6.66194e-05,6.43393e-05,7.52987e-05,8.71312e-05,0.000480428,0,0.000372147,0.000536862,0,0.000528597,0.501927,-0.00120048,-0.000449901,0.000446657,0.00112907,1788422100,0.000462187,0,0.000385118,1,0.000498901,0,0.000455026,1,0.000520732,0,0.000457213,1,0.000492678,0,0.00039494,1
1788422220,0.000216996,-8.34693e-06,0.000425601,-0.000442483,0.000673502,0.520072,7.80928e-05,7.709e-05,0.0408769,-0.00098158,-0.000726917,-0.000345088,-0.00014081,3.46847e-05,0.000168971,0.00040493,0.000740583,0.00094768,8.25958e-05,8.72689e-05,8.34153e-05,7.82889e-05,0.00010641,7.65115e-05,7.0243e-05,7.77207e-05,0.000458489,0,0.000395493,0.000520339,0,0.000541697,0.504126,-0.0011438,-0.000430331,0.000444943,0.00111456,1788422100,0.000540027,0,0.000474683,1,0.000488064,0,0.000413727,1,0.000490608,0,0.00045022,1,0.000535571,0,0.000388745,1
1788422280,0.000358774,0.000158544,0.000809146,0.000158544,0.000667438,0.51945,0.000103064,0.000101388,0.0474511,-0.00100319,-0.00074603,-0.000363126,-0.000146644,3.47639e-05,0.000176877,0.000407226,0.000733388,0.000969843,0.000106467,0.000110133,0.000105587,0.000105705,0.000136278,0.000102243,0.000100264,0.000101265,0.000468794,0,0.000440791,0.000523051,0,0.000547595,0.504903,-0.00117284,-0.000437701,0.000444627,0.00112986,1788422100,0.000551665,0,0.000504434,1,0.000534302,0,0.000485202,1,0.000470658,0,0.000425895,1,0.000487831,0,0.000406881,1
1788422340,-4.58826e-05,0.000341967,0.000492062,-6.6739e-05,0.000662676,0.520225,6.11553e-05,6.5367e-05,0.0558501,-0.000972662,-0.000729764,-0.000362922,-0.000143532,3.57171e-05,0.000171789,0.000383671,0.000674644,0.00091305,6.18084e-05,6.68769e-05,5.87112e-05,5.69218e-05,6.78578e-05,5.53289e-05,6.65848e-05,6.27615e-05,0.000451289,0,0.000393565,-0.000490562,0.000434932,0,0.499736,-0.00109542,-0.000424115,0.0003973,0.00104477,1788422100,0.000549122,0,0.000476363,1,0.000541909,0,0.000492544,1,0.000531063,0,0.000473445,1,-0.000439144,0.000332314,0,1
1788422400,0.000629659,0.000341983,0.000708859,0.000120959,0.000656047,0.508379,0.000183618,0.00017888,0.0725673,-0.0010855,-0.000822286,-0.00042252,-0.00017027,1.53319e-05,0.000156585,0.000394277,0.000737091,0.000982941,0.000181589,0.000181886,0.000180726,0.000181978,0.000207059,0.000178488,0.000189144,0.00018398,0.000492657,0,0.000529685,-0.000533661,0.000488486,7.57577e-05,0.484076,-0.00115706,-0.000476458,0.000403146,0.00106873,1788422400,0.000544373,0,0.00043914,1,0.000537778,0,0.000465033,1,0.00057649,0,0.000516849,1,0.000552785,0,0.000431593,1
1788422460,-0.000195944,0,0.000212577,-0.000195944,0.00065553,0.521102,7.56159e-05,7.91339e-05,0.0711434,-0.000935872,-0.000712092,-0.0003467,-0.000131665,3.4514e-05,0.000160934,0.000381156,0.000694847,0.000924116,7.55544e-05,7.81643e-05,7.20286e-05,7.02258e-05,6.9684e-05,7.25047e-05,8.2978e-05,7.79614e-05,0.000441838,0,0.000394225,-0.000435756,0.000350531,0,0.491187,-0.000934962,-0.000378538,0.000343071,0.000918097,1788422400,-0.000657861,0.000565005,0,1,0.000543041,0,0.000446039,1,0.00058018,0,0.000476317,1,0.000611116,0,0.00044892,1
1788422520,0.000716885,0,0.000825206,0,0.000649533,0.518872,0.000214519,0.000209546,0.0806003,-0.000904045,-0.000668515,-0.000329877,-0.000135115,3.08261e-05,0.000141669,0.000335231,0.000624535,0.000843365,0.000205755,0.000205822,0.000215569,0.000220834,0.000233295,0.000210108,0.000211304,0.000215326,0.00039994,0,0.000297094,-0.000408008,0.000297665,0,0.486053,-0.00089418,-0.000362392,0.000301761,0.00082971,1788422400,0.000503826,0,0.000432063,1,0.000681338,0,0.00056399,1,0.000545793,0,0.000457048,1,0.000627376,0,0.000443614,1
1788422580,0.00168599,4.9996e-05,0.00177749,-4.58319e-05,0.000650948,0.522361,0.000670353,0.000664234,0.0808236,-0.000908821,-0.000681927,-0.000333451,-0.000126088,3.5565e-05,0.000155898,0.000368732,0.000685209,0.000896528,0.000655115,0.000653404,0.000676126,0.00069718,0.000688441,0.000676283,0.000635891,0.000671302,0.000426426,7.23148e-06,0.000333714,-0.000468841,0.000438208,0,0.496634,-0.00100718,-0.000399977,0.000381491,0.00102096,1788422400,0.000460925,0,0.000373397,0,0.000506366,0,0.000430525,0,0.000658513,0,0.000495637,0,0.000546123,0,0.000444129,0
1788422640,-2.07973e-05,0,0.000598778,-0.000399384,0.000687103,0.51251,7.81425e-05,8.28911e-05,0.0930783,-0.00127279,-0.000964776,-0.000473496,-0.000191257,2.69535e-05,0.00020155,0.000507414,0.000946463,0.00130062,6.04554e-05,6.93546e-05,8.14319e-05,6.41167e-05,7.1805e-05,9.92533e-05,8.29949e-05,8.33695e-05,0.000593279,9.76062e-06,0.000547797,-0.000623021,0.000629741,0,0.491938,-0.00129012,-0.000527831,0.000493235,0.0013639,1788422400,0.000529793,0,0.000450941,0,0.000467819,0,0.000411613,0,0.000511136,0,0.000462604,0,0.000556632,0,0.000476168,0
1788422700,0.0013177,0.0001123,0.00189909,0.0001123,0.000680203,0.520751,0.000433378,0.000425064,0.0840576,-0.00115414,-0.000867214,-0.000418647,-0.000163626,4.21323e-05,0.000199061,0.000466561,0.000886149,0.00119014,0.000468705,0.000455823,0.000432731,0.000466209,0.000470099,0.000410054,0.00042914,0.000406786,0.000538394,0,0.000452825,-0.000590304,0.00056371,0,0.494272,-0.0012609,-0.000504901,0.00046789,0.00129033,1788422700,-0.000688706,0.000607273,0,1,0.00051131,0,0.000438109,0,0.000450469,0,0.000422738,0,0.000507108,0,0.000399529,0
1788422760,0.000901019,1.6616e-05,0.000942521,-0.000698121,0.000698677,0.516169,0.000255294,0.000247127,0.151644,-0.00135504,-0.00102753,-0.000511149,-0.000192503,3.65893e-05,0.000232868,0.000569651,0.00107496,0.00148128,0.000275358,0.000265115,0.000258439,0.000257758,0.000254038,0.000259146,0.00024474,0.000258357,0.000655869,6.50186e-05,0.000571013,-0.000652704,0.000758185,0,0.496028,-0.00134004,-0.00054617,0.000522723,0.00145278,1788422700,0.000636655,0,0.000539383,0,0.000638966,5.25945e-06,0.000555667,1,0.000503419,0,0.000459167,0,0.000440104,0,0.000386311,0
1788422820,0.000555984,0,0.00104947,-0.000145271,0.000703294,0.511286,0.000162797,0.0001569,0.209577,-0.00140903,-0.00108562,-0.000531014,-0.000212738,2.67057e-05,0.000234976,0.000586883,0.00111763,0.00154233,0.000161186,0.000161648,0.000162364,0.000162258,0.000146632,0.000175565,0.000158907,0.000169821,0.000678233,0,0.000631017,-0.000659403,0.000676532,0,0.494918,-0.00136974,-0.000548602,0.00053034,0.00148015,1788422700,-0.00071854,0.000677062,0,1,0.000631022,0,0.000560574,0,0.000636621,0,0.000561803,1,0.000501865,0,0.000407066,0
1788422880,-0.000713708,-4.14799e-06,-4.14799e-06,-0.00099186,0.000700652,0.516172,0.00020258,0.00020989,0.22208,-0.00133391,-0.00102332,-0.000501316,-0.000200223,3.80847e-05,0.000233672,0.000553927,0.00107213,0.0014726,0.000200219,0.000199663,0.000199266,0.00020063,0.000218723,0.000208267,0.000210358,0.000196583,0.000640707,2.05457e-05,0.00053359,-0.000617252,0.000647063,0,0.496564,-0.00129147,-0.000520655,0.000495307,0.00139681,1788422700,0.000692087,0,0.000613735,1,0.000652753,1.24909e-06,0.000573065,1,0.00061647,0,0.00057837,1,0.000648809,0,0.000524809,1
1788422940,-0.00120866,0.000128671,0.000128671,-0.00155782,0.000700915,0.521038,0.00037161,0.00037774,0.131822,-0.00126128,-0.000949422,-0.000452612,-0.000165938,4.34636e-05,0.000216452,0.000507141,0.000986246,0.00132157,0.000416037,0.000378121,0.000359976,0.000370818,0.000390284,0.00034595,0.000383646,0.000376233,0.000584415,0,0.000515404,-0.000562106,0.000508099,0,0.496468,-0.00120826,-0.000471252,0.00046072,0.00127341,1788422700,0.000670249,0,0.000568398,0,0.000637627,9.08775e-06,0.00059475,1,0.000628025,1.8149e-05,0.000584709,1,0.000586407,0,0.000543425,1
1788423000,0.000390584,-1.6624e-05,0.000390584,-0.000116374,0.000714614,0.523022,0.00012536,0.000121906,0.0921209,-0.00135952,-0.00101446,-0.000493074,-0.000173271,5.09647e-05,0.00024349,0.000573108,0.00107674,0.00139801,0.000115298,0.000120497,0.000132113,0.000127758,0.000124452,0.000149787,0.000120405,0.000115852,0.000650531,3.01921e-05,0.000600914,0.00063915,2.91928e-05,0.000594291,0.505588,-0.00136679,-0.000514422,0.000541576,0.00142793,1788423000,0.000559363,0,0.000508107,1,0.000625697,0,0.000569842,1,0.000640784,0,0.00060146,1,-0.000616918,0.000506512,0,1
1788423060,0.000274149,2.07715e-05,0.000531614,-0.000141258,0.000709585,0.524251,9.80754e-05,9.39204e-05,0.0813537,-0.00116606,-0.000891978,-0.000410511,-0.000145358,4.5628e-05,0.000200879,0.000468621,0.000910513,0.00121847,9.21664e-05,0.000100413,0.000109075,9.13008e-05,0.000103038,0.000121566,9.44228e-05,9.2204e-05,0.000537425,0,0.00043862,0.000507251,0,0.000410168,0.502417,-0.00110844,-0.000412531,0.000428251,0.00115856,1788423000,0.000606312,0,0.000596208,1,-0.000545464,0.000509397,0,1,-0.000596373,0.000565833,0,1,0.000651436,0,0.000543814,1
1788423120,-0.000905808,-9.96818e-05,4.15312e-05,-0.000905808,0.000703523,0.520532,0.000259166,0.000265036,0.0688688,-0.00117824,-0.000881065,-0.000420048,-0.000157267,3.99054e-05,0.000197639,0.00045257,0.00086956,0.0011867,0.000274762,0.000256442,0.000252425,0.000264441,0.00025368,0.000261218,0.000259877,0.000264866,0.000529188,0,0.000495734,-0.000528031,0.000441238,0,0.495968,-0.0011561,-0.000449985,0.000425228,0.00118788,1788423000,-0.000480464,0.000401748,0,1,-0.000565843,0.000512639,3.66074e-05,1,0.000526142,0,0.00051622,1,-0.000570461,0.000469998,0,1
1788423180,-0.00084006,0.000403145,0.000581806,-0.00095656,0.000708135,0.523852,0.000239993,0.000245493,0.0480643,-0.00120897,-0.000909107,-0.000432477,-0.000153047,4.70521e-05,0.000207886,0.000470433,0.00089376,0.00120904,0.000248949,0.000234846,0.000234181,0.000241841,0.000227144,0.000243476,0.000248049,0.000241388,0.000548342,0,0.000491751,0.000565317,0,0.000502735,0.502458,-0.00125188,-0.000467289,0.000474574,0.00128749,1788423000,-0.000488003,0.000458818,7.94412e-06,0,-0.000470491,0.000404356,0,1,-0.000548037,0.000512689,3.83698e-05,1,-0.000520832,0.000432523,0,1
1788423240,0.000336941,-5.82481e-05,0.0003411,-0.000432782,0.000711013,0.52576,0.00011059,0.000107091,0.0365615,-0.00126461,-0.000943036,-0.000454857,-0.000158358,5.39611e-05,0.000228672,0.000510712,0.000966265,0.00127386,0.000102658,0.000111087,0.000117852,0.000111283,0.000118754,0.000127399,0.0001048,0.000104719,0.000588311,0,0.00051138,0.000610409,1.00945e-05,0.000585583,0.503421,-0.00131833,-0.000499956,0.000512313,0.00135814,1788423000,0.000506286,1.32007e-05,0.000484421,1,-0.000506409,0.000475251,0,1,-0.000481869,0.00041362,0,1,-0.000574741,0.000469311,0,1
1788423300,-0.000661509,5.40663e-05,5.40663e-05,-0.000661509,0.000705478,0.519081,0.000187953,0.00019297,0.0335286,-0.00123098,-0.000954035,-0.000468044,-0.000160624,3.72102e-05,0.000210018,0.000480623,0.000903125,0.00120659,0.000185253,0.0001851,0.000184378,0.000185835,0.000174695,0.000192438,0.000190852,0.000189091,0.000571349,0,0.000581005,-0.000577347,0.000528681,0,0.499659,-0.00123963,-0.000486035,0.000476287,0.00125286,1788423300,0.000549415,0,0.000576221,1,-0.000520823,0.000471041,0,1,-0.000518318,0.000475068,0,1,-0.000497225,0.000391983,0,1
1788423360,-0.000170649,-0.000166486,0.000661509,-0.000253903,0.000704626,0.518722,7.55835e-05,8.06568e-05,0.034182,-0.00112163,-0.000822496,-0.000406594,-0.000148605,3.3581e-05,0.000177393,0.000398734,0.000785156,0.0010635,7.15826e-05,7.9817e-05,8.46434e-05,6.63943e-05,7.88878e-05,8.52182e-05,7.79974e-05,7.45876e-05,0.000484137,0,0.000403663,-0.00051742,0.000408169,0,0.493428,-0.00114802,-0.000441006,0.00041447,0.00113693,1788423300,-0.000535982,0.000466549,4.37723e-05,1,-0.000544779,0.000509285,7.83775e-06,1,0.000516174,0,0.000443183,1,0.000524953,0,0.000424193,1
1788423420,0.000170649,-0.000104068,0.00044113,-0.000112394,0.000697961,0.524815,7.57639e-05,7.7353e-05,0.0429695,-0.00111117,-0.00082645,-0.000411824,-0.000149529,4.84305e-05,0.00021245,0.00044283,0.000828311,0.00111157,7.51179e-05,8.17575e-05,8.24841e-05,7.97099e-05,9.08256e-05,7.54846e-05,7.35393e-05,7.38715e-05,0.000518106,1.73366e-05,0.00044482,0.000555858,1.6795e-05,0.000520491,0.504734,-0.00120534,-0.000464258,0.00046081,0.00123472,1788423300,0.000480436,0,0.000456326,1,0.000562729,0,0.000533448,1,0.000537012,0,0.000523461,1,0.000521972,0,0.000427833,1
1788423480,-0.000666112,-0.000166486,-0.000166486,-0.000666112,0.000691368,0.52361,0.000189807,0.000193448,0.0543004,-0.00102284,-0.00076841,-0.000383094,-0.000139892,4.23814e-05,0.000178622,0.000400355,0.000755393,0.00101521,0.000186468,0.000186189,0.000185479,0.000186587,0.000172949,0.000188545,0.00019883,0.000189834,0.00047286,0,0.0003903,0.000483362,0,0.00041487,0.500827,-0.00107128,-0.000407687,0.000395417,0.00107232,1788423300,-0.000530916,0.00051802,1.12859e-05,1,-0.000493491,0.000448851,0,1,0.00054375,0,0.000495213,1,-0.000560671,0.000451304,0,1
1788423540,0.00087002,3.74806e-05,0.00099068,3.74806e-05,0.000690872,0.521424,0.000263942,0.000257586,0.0490494,-0.00100906,-0.000745018,-0.000368059,-0.000137037,3.66104e-05,0.000160454,0.000373642,0.000724367,0.000963141,0.000263142,0.000254753,0.000256804,0.000295582,0.000272138,0.000263802,0.000253894,0.000262014,0.00044595,0,0.000341921,-0.0004624,0.000370068,0,0.494587,-0.00103492,-0.000392236,0.000371167,0.00100754,1788423300,0.000471436,0,0.000441661,1,-0.000547145,0.000498597,0,1,0.000487487,0,0.000433171,1,0.00053717,0,0.000429825,1
1788423600,-0.000486951,-5.4094e-05,0.000453442,-0.000595195,0.000694908,0.521607,0.000139266,0.000142741,0.0336313,-0.00102345,-0.000777914,-0.000398602,-0.000143841,3.88791e-05,0.000178792,0.000410073,0.00077949,0.00104318,0.000136772,0.000136436,0.000135777,0.0001368,0.000125768,0.000139114,0.000150136,0.000135705,0.000486874,1.0663e-05,0.000419666,-0.000530613,0.000521245,0,0.499591,-0.00114027,-0.000451551,0.000433641,0.00117486,1788423600,0.000461181,0,0.00038912,1,0.000481328,0,0.000446898,1,-0.000544583,0.000515353,0,1,0.000498931,0,0.000393836,1
1788423660,-0.000316437,-4.163e-06,-4.163e-06,-0.000378904,0.000691362,0.517698,0.00010176,0.000105854,0.0356139,-0.00110652,-0.000823827,-0.000431088,-0.000167226,3.53642e-05,0.000188272,0.000418111,0.000813232,0.00108087,9.59302e-05,0.000102008,0.000101631,9.97236e-05,9.56503e-05,9.57456e-05,0.000108966,0.000100723,0.00051107,0,0.000471023,-0.000548278,0.000512585,0,0.497221,-0.00120646,-0.000474288,0.000438383,0.00118059,1788423600,-0.000550569,0.000479775,0,1,0.000464474,0,0.000408416,1,0.000488343,0,0.000442796,1,-0.000539476,0.000429327,0,1
1788423720,-0.000299875,-6.66311e-05,-6.66311e-05,-0.000558173,0.000685875,0.522446,9.40578e-05,9.74186e-05,0.0420546,-0.000951822,-0.000709345,-0.000355549,-0.00012968,3.67391e-05,0.00017079,0.000371655,0.000704829,0.000945352,9.31699e-05,9.85977e-05,9.64921e-05,8.45214e-05,9.15899e-05,9.10497e-05,9.92451e-05,9.83088e-05,0.000438987,0,0.000310867,-0.00046247,0.000369514,0,0.495873,-0.0010223,-0.000391387,0.000373629,0.00100803,1788423600,0.000561163,0,0.000507569,1,0.000543083,0,0.000483138,1,0.000459799,0,0.000387752,1,0.000493907,0,0.000397998,1
1788423780,4.99854e-05,-0.000258298,6.24814e-05,-0.000595852,0.000680304,0.519052,6.06896e-05,6.27985e-05,0.0510992,-0.000986917,-0.000729699,-0.000360476,-0.000141723,3.27157e-05,0.000170341,0.000393392,0.00072484,0.000969192,6.27498e-05,7.01602e-05,6.48694e-05,5.53815e-05,7.56578e-05,5.6684e-05,6.05244e-05,6.14655e-05,0.000457195,0,0.000399663,-0.000494439,0.000408215,0,0.499658,-0.00110778,-0.000416795,0.00041147,0.00108045,1788423600,0.000497367,0,0.000390794,1,0.000564358,0,0.000531421,1,0.000541701,0,0.000486719,1,0.000468743,0,0.000361502,1
1788423840,0.000149941,-0.000333283,0.000274875,-0.000333283,0.000673504,0.521079,6.72393e-05,6.7492e-05,0.0682112,-0.000950235,-0.000713686,-0.000360425,-0.000139915,3.66507e-05,0.000167908,0.000387369,0.000734181,0.000968128,7.14983e-05,7.54896e-05,6.91882e-05,6.84717e-05,8.57621e-05,6.36397e-05,6.63308e-05,6.54479e-05,0.000452453,0,0.000386463,0.000492701,0,0.000444301,0.503048,-0.00108571,-0.000413365,0.000413516,0.00107678,1788423600,0.000509558,0,0.000431604,1,0.00049321,0,0.000406108,1,0.000556088,0,0.000525016,1,0.000542157,0,0.00042599,1
1788423900,-0.000374895,-2.49887e-05,0.000124934,-0.000374895,0.000667072,0.523593,0.000109207,0.000111134,0.0909957,-0.000919155,-0.000690591,-0.00034409,-0.000130406,3.94432e-05,0.00015261,0.000357087,0.000685349,0.00091382,0.000105618,0.000109147,0.000104507,0.000105575,0.000102311,0.000107217,0.000121083,0.000108214,0.000422717,0,0.000316815,0.00043216,0,0.000367464,0.502305,-0.000954898,-0.000365664,0.000351997,0.000930829,1788423900,0.00051705,0,0.000458789,1,0.000506315,0,0.000445628,1,0.00048542,0,0.000399133,1,0.00056154,0,0.000482003,1
1788423960,0.000566454,0.000174969,0.0010119,3.33297e-05,0.000662493,0.52037,0.000159655,0.000156107,0.10035,-0.00089181,-0.000663846,-0.00033442,-0.000135064,3.38715e-05,0.000149907,0.000350078,0.000658029,0.000877062,0.000164234,0.000163803,0.000162099,0.000162185,0.000178198,0.000160351,0.000152733,0.00015909,0.000412991,0,0.000310599,-0.000413778,0.000360046,0,0.496967,-0.000917085,-0.000351937,0.000329275,0.00088301,1788423900,0.000446305,0,0.000396489,1,0.000514362,0,0.000461999,1,0.000526898,0,0.000442503,1,0.000474222,0,0.000366081,1
1788424020,0.000487061,-2.49839e-05,0.000745065,-2.49839e-05,0.000660709,0.521421,0.000137874,0.000133293,0.0810276,-0.000979055,-0.000737241,-0.000387486,-0.000148389,3.97308e-05,0.000172723,0.000396557,0.000745769,0.000988513,0.000142161,0.000141726,0.000140132,0.000141185,0.000152626,0.000137828,0.000128349,0.000139232,0.000471621,4.19641e-05,0.000432333,0.000479261,1.89748e-05,0.000456633,0.500332,-0.00103164,-0.000411001,0.000391864,0.00104509,1788423900,0.000432798,0,0.000358312,1,0.000457882,0,0.000398206,1,0.000534733,0,0.000477547,1,0.000542519,0,0.000391304,1
1788424080,0.00139326,-5.41061e-05,0.00143482,-5.41061e-05,0.000657685,0.520479,0.000517383,0.000510835,0.0830105,-0.000975551,-0.000734073,-0.000376726,-0.000149415,3.78019e-05,0.000160425,0.000381806,0.000714754,0.00095107,0.000505824,0.000503553,0.000533559,0.000526036,0.000516236,0.000532451,0.000488103,0.000525747,0.000455835,1.13339e-06,0.000381439,-0.000460545,0.000441189,0,0.498125,-0.00100304,-0.000398938,0.000368415,0.00100102,1788423900,0.000519875,0,0.000469331,0,0.000435775,0,0.000373519,0,0.000465281,0,0.000405574,0,0.000546017,0,0.00040048,1
1788424140,0.000515224,9.14301e-05,0.000897316,2.49363e-05,0.000680237,0.518899,0.000148386,0.000141636,0.0451453,-0.00114798,-0.000882898,-0.000435545,-0.000177671,4.07697e-05,0.000191387,0.000467085,0.000861578,0.00120791,0.000149924,0.000149641,0.000149521,0.000148954,0.00015236,0.000149607,0.000140916,0.000152752,0.000546071,6.10276e-05,0.000486002,-0.00058299,0.000658887,0,0.499518,-0.00122271,-0.000493298,0.000473076,0.0013062,1788423900,0.000493029,0,0.000425216,0,0.000505548,0,0.000453866,0,0.000436506,5.91287e-06,0.000368464,0,0.000470933,0,0.000353331,0
1788424200,4.15388e-05,0.000178604,0.000597992,-0.000481976,0.000677331,0.515772,7.58656e-05,7.71074e-05,0.0539653,-0.00118109,-0.000920974,-0.00047856,-0.000198759,3.67105e-05,0.000193158,0.000474443,0.000869167,0.00116932,6.23904e-05,6.9438e-05,7.2536e-05,7.70859e-05,7.32935e-05,6.63265e-05,8.16983e-05,7.82104e-05,0.000572223,0,0.000524192,-0.000590706,0.000590519,0,0.495782,-0.00123686,-0.000514484,0.000455613,0.00124771,1788424200,0.000626136,0,0.000533658,1,0.000485887,0,0.000428699,0,0.000511401,8.12851e-06,0.000469849,0,0.000447019,0,0.000356268,0
1788424260,-0.000552607,-0.000274188,4.56906e-05,-0.000930882,0.000670549,0.525211,0.000158495,0.000163025,0.0599369,-0.00106904,-0.000801544,-0.000411803,-0.000158982,5.2687e-05,0.000191169,0.000457027,0.000835767,0.00111395,0.000155262,0.000154691,0.0001539,0.000155459,0.000152753,0.000156911,0.000165765,0.000159388,0.000526425,0,0.000444718,0.000556226,3.11905e-05,0.000512004,0.501434,-0.00115779,-0.000464955,0.000454717,0.00124083,1788424200,0.00063138,0,0.000553242,1,0.000582399,1.31352e-05,0.000486602,1,0.000486093,0,0.000436186,1,0.000524883,0,0.000437176,1
1788424320,0.000278419,-2.07806e-05,0.000290884,-0.00032007,0.000668394,0.522362,9.46119e-05,9.17601e-05,0.0473861,-0.00105258,-0.000780579,-0.000408917,-0.00015474,4.37991e-05,0.000181906,0.00043754,0.000814993,0.00107117,9.28137e-05,9.66022e-05,9.56595e-05,9.99845e-05,0.00010153,8.84427e-05,9.10334e-05,9.39244e-05,0.000511051,3.13472e-05,0.000472107,0.000536887,2.67737e-06,0.000493584,0.504959,-0.00114119,-0.000443548,0.000446279,0.00118552,1788424200,0.000594642,0,0.000527418,1,0.000646054,0,0.000531822,1,0.000580012,1.70715e-05,0.000485952,1,0.000489454,0,0.000392919,1
1788424380,5.40126e-05,4.98579e-05,0.00038218,-9.55679e-05,0.000662847,0.525155,6.24332e-05,6.31991e-05,0.0557813,-0.000969332,-0.000729987,-0.000378856,-0.000137803,4.54232e-05,0.00017028,0.000404162,0.000748272,0.000984352,6.30895e-05,6.80218e-05,6.46608e-05,6.52307e-05,7.24526e-05,5.74695e-05,6.14559e-05,5.92855e-05,0.000472854,0,0.000418035,0.000488976,0,0.000422618,0.503205,-0.00104232,-0.000404549,0.000407946,0.00109022,1788424200,0.00054326,0,0.000504765,1,0.000564803,0,0.000529868,1,0.000578809,0,0.000503248,1,0.000579792,0,0.000458318,1
1788424440,-0.000527787,4.1547e-06,0.00016202,-0.000727338,0.00065623,0.526051,0.000149415,0.000153731,0.0686119,-0.000961992,-0.000717073,-0.000365448,-0.000138851,4.79897e-05,0.000162318,0.00038159,0.000704654,0.000938399,0.000148739,0.000147561,0.00014684,0.000148037,0.000144901,0.000149367,0.000152161,0.000150347,0.000450468,0,0.000420996,-0.000426702,0.000377563,0,0.499466,-0.000928411,-0.00036262,0.000341404,0.000938982,1788424200,0.000496676,0,0.000458111,1,0.000517407,0,0.000524798,1,0.000554324,0,0.000549154,1,0.000507851,0,0.000472947,1
1788424500,-2.49417e-05,-2.49417e-05,0.000137168,-0.000299341,0.000653908,0.5253,6.21424e-05,6.741e-05,0.0580808,-0.00100123,-0.000739728,-0.000388741,-0.000143341,4.76607e-05,0.00016865,0.000398414,0.000752092,0.000991202,6.11215e-05,6.43774e-05,5.85426e-05,6.54927e-05,6.74475e-05,5.50166e-05,6.71563e-05,5.82668e-05,0.000473504,1.80701e-05,0.000455421,0.000455639,0,0.0004347,0.501722,-0.000989626,-0.000384834,0.000374798,0.000999904,1788424500,0.000414818,0,0.000390731,1,0.000476242,0,0.000461375,1,-0.000508786,0.000464048,2.39858e-05,1,-0.000531294,0.000457234,0,1
1788424560,0.000149641,-1.66281e-05,0.000149641,-0.000232819,0.000647346,0.526158,6.49994e-05,6.20719e-05,0.0763893,-0.000889684,-0.000662103,-0.000337646,-0.000124928,4.33371e-05,0.000147611,0.000354917,0.000665093,0.000882109,7.09429e-05,7.26977e-05,6.62002e-05,6.56171e-05,7.8166e-05,6.35333e-05,6.28568e-05,6.25739e-05,0.000417821,0,0.00039356,0.00041405,0,0.000385006,0.501101,-0.000887756,-0.000345574,0.000337097,0.000901566,1788424500,0.000436299,1.10252e-05,0.000420443,1,0.000416958,0,0.000405961,1,-0.000483057,0.000426408,0,1,-0.000506696,0.000425943,0,1
1788424620,0.000236886,-5.40344e-05,0.000502796,-5.8191e-05,0.000641189,0.531504,7.77377e-05,7.41827e-05,0.1018,-0.000871088,-0.000647188,-0.000319472,-0.000109373,4.91261e-05,0.00014823,0.000345251,0.000644919,0.000862441,8.54836e-05,8.65293e-05,7.85335e-05,7.54187e-05,9.08269e-05,7.67579e-05,7.81465e-05,7.52849e-05,0.000402686,0,0.000361488,0.000381059,0,0.000339077,0.503139,-0.000826441,-0.000308786,0.000315291,0.000840696,1788424500,-0.000398866,0.000377279,0,1,0.000439978,0,0.000418451,1,-0.000431538,0.000428354,0,1,-0.000485396,0.000409091,0,1
1788424680,-0.00032833,4.15539e-06,0.000303298,-0.000386526,0.000635628,0.532322,9.48669e-05,9.98742e-05,0.13018,-0.000879443,-0.000652385,-0.000335424,-0.000114879,5.36494e-05,0.000154583,0.000344721,0.000643527,0.000860847,9.83527e-05,9.82293e-05,9.14812e-05,9.25498e-05,9.92101e-05,9.45136e-05,0.000102639,9.46224e-05,0.000409482,2.46602e-05,0.000340395,0.000393428,0,0.000343453,0.502694,-0.000854557,-0.000331197,0.000317944,0.000866016,1788424500,0.00036209,0,0.00033883,1,0.000414399,0,0.000398531,1,0.000441578,5.80827e-06,0.000411694,1,0.000438535,0,0.000377375,1
1788424740,-0.000257752,-1.66272e-05,0.000448829,-0.000345071,0.00063095,0.529939,8.32352e-05,8.75607e-05,0.152669,-0.000870614,-0.000646028,-0.000327619,-0.00011949,4.99816e-05,0.000155622,0.000348713,0.000654566,0.000863974,8.6535e-05,8.59046e-05,7.72442e-05,8.07431e-05,8.52732e-05,7.89825e-05,9.21076e-05,8.11404e-05,0.0004089,3.936e-05,0.000355422,0.000413468,0,0.000384578,0.501351,-0.000905175,-0.000350406,0.000336825,0.00091064,1788424500,0.000380805,5.92371e-06,0.00035341,1,0.000371867,0,0.000339439,1,0.000434914,0,0.000409765,1,0.00045416,0,0.00037876,1
1788424800,0.000411541,-2.49473e-05,0.000469725,-0.000174644,0.000625672,0.531279,0.000115223,0.000109487,0.200207,-0.000868609,-0.000640764,-0.000321583,-0.000118557,5.28244e-05,0.000159861,0.000355085,0.000662467,0.000872075,0.000120862,0.00012042,0.000118717,0.000119788,0.000125152,0.000117838,0.000102949,0.000116021,0.000410845,8.19295e-05,0.000369186,0.000401324,6.44441e-06,0.000384318,0.502397,-0.000872294,-0.000339923,0.000328715,0.000877267,1788424800,0.000391533,2.65528e-05,0.000365934,1,0.000384849,0,0.000350498,1,0.000400697,0,0.000346167,1,0.000436934,0,0.000354787,1
1788424860,-0.000586185,-0.000220299,-0.000220299,-0.000781656,0.000622112,0.530861,0.000168104,0.000172134,0.171448,-0.000836456,-0.000621647,-0.000310542,-0.000111951,4.8859e-05,0.00015319,0.000348253,0.00064728,0.000846814,0.000165088,0.000163747,0.000165713,0.000164132,0.000162082,0.00016617,0.000178252,0.000168054,0.000400464,4.31931e-05,0.000359982,-0.000392941,0.000354242,0,0.49984,-0.000844069,-0.000332637,0.000317791,0.000857556,1788424800,0.000384315,3.12163e-05,0.000373896,1,0.00039388,0,0.000366557,1,0.000393264,1.05463e-05,0.000350634,1,0.000422558,0,0.000297627,1
1788424920,4.99014e-05,8.73259e-05,0.000133065,-9.98104e-05,0.000621414,0.526862,5.447e-05,5.48911e-05,0.11318,-0.000872913,-0.000638012,-0.000327183,-0.00012073,4.34288e-05,0.000149387,0.000346635,0.000646835,0.00084304,6.25125e-05,6.18482e-05,5.17365e-05,5.31061e-05,6.54397e-05,5.55637e-05,5.53657e-05,5.20569e-05,0.0004069,8.17281e-06,0.000377733,-0.000406997,0.000322754,0,0.496692,-0.000895945,-0.000348771,0.000324818,0.000872787,1788424800,0.000377873,0,0.000369135,1,0.000377985,1.03484e-05,0.000372265,1,0.000399213,2.35252e-05,0.000357575,1,0.000403969,0,0.000329565,1
1788424980,-0.000245373,4.15826e-05,4.15826e-05,-0.000245373,0.000615209,0.531654,7.60737e-05,7.98948e-05,0.129861,-0.000762771,-0.00056184,-0.000282884,-0.000102199,4.61941e-05,0.000130494,0.000304752,0.00057599,0.000763779,8.46059e-05,8.23087e-05,7.38974e-05,7.13134e-05,7.97971e-05,7.8638e-05,8.0027e-05,7.55334e-05,0.000355613,0,0.000296892,-0.000357315,0.000249312,0,0.494542,-0.000759505,-0.000301951,0.000274421,0.000747226,1788424800,0.000382067,8.60264e-06,0.00035717,1,0.000378163,6.69649e-06,0.000358312,1,0.000385926,4.24199e-05,0.000371531,1,0.00041288,0,0.000349775,1
1788425040,-3.7435e-05,4.15936e-06,2.91152e-05,-0.000170549,0.000610013,0.526488,4.55178e-05,4.9632e-05,0.12915,-0.000754407,-0.000552118,-0.000276233,-0.000107209,3.77507e-05,0.000112351,0.000276879,0.000539599,0.000722016,6.15254e-05,5.89343e-05,4.63825e-05,3.97638e-05,5.60085e-05,5.11525e-05,4.2501e-05,4.44387e-05,0.000331965,0,0.00025676,-0.00035083,0.000224355,0,0.486486,-0.000768015,-0.000309537,0.000252292,0.000703811,1788424800,-0.000354384,0.000322388,0,1,0.000395123,0,0.000368425,1,0.000390339,5.92856e-06,0.000362851,1,0.00041035,0,0.000362801,1
1788425100,0.000465758,0.00015805,0.000744278,0.00015805,0.000603905,0.524641,0.000133027,0.000128061,0.130339,-0.000764837,-0.000569311,-0.000283938,-0.000107538,3.43727e-05,0.000121946,0.000296616,0.000550145,0.000735677,0.000135113,0.000135158,0.000133398,0.000133554,0.000142109,0.000132966,0.000129659,0.000133912,0.000350163,0,0.000353166,-0.000374771,0.000260175,0,0.495769,-0.000815134,-0.000325288,0.000292193,0.000759148,1788425100,0.000352409,0,0.000294348,1,0.000377064,0,0.000335217,1,0.000400515,0,0.000359667,1,0.000411511,0,0.000314479,1
1788425160,0.000440607,0,0.000465542,-0.000178792,0.000601454,0.526867,0.000126279,0.000120385,0.103607,-0.000765075,-0.000568153,-0.000292532,-0.000113336,4.07528e-05,0.000128956,0.000304817,0.000565484,0.000764513,0.000128107,0.000128036,0.000126413,0.00012663,0.000130427,0.000125658,0.000119577,0.000130969,0.000360038,3.50285e-05,0.000334698,-0.000394343,0.00033593,0,0.49717,-0.000857968,-0.000346673,0.00030738,0.000832987,1788425100,0.000384813,0,0.000342385,1,0.0003604,0,0.000315847,1,0.000390706,0,0.000345495,1,0.000411379,0,0.000317452,1
1788425220,-0.000382403,0,0,-0.000494658,0.00059866,0.526507,0.000108865,0.000113029,0.0856412,-0.000799556,-0.000592272,-0.000299274,-0.000116763,4.1249e-05,0.000138092,0.000325796,0.000592217,0.000800527,0.000109252,0.000107187,0.000106504,0.000107416,0.000108454,0.000109189,0.000116885,0.000104696,0.000378528,1.66104e-05,0.000345597,0.000389412,0,0.000350836,0.500473,-0.000844764,-0.000332636,0.000316496,0.000851681,1788425100,-0.000413344,0.00037988,0,1,0.000425567,0,0.000338684,1,0.000354622,0,0.000301604,1,0.000378041,0,0.000292371,1
1788425280,-0.000432458,-8.31473e-06,-8.31473e-06,-0.00071532,0.000595106,0.52363,0.000121532,0.000124732,0.0731416,-0.00076861,-0.000553943,-0.000290973,-0.000114704,3.47547e-05,0.000123389,0.000299032,0.000554674,0.000754297,0.000123037,0.000121053,0.000120384,0.00012124,0.000119218,0.000122999,0.000126519,0.000117582,0.000354966,0,0.000298387,-0.000373347,0.00028027,0,0.4946,-0.000807163,-0.000321386,0.000291857,0.000790206,1788425100,0.000407455,0,0.000353728,1,0.000417947,0,0.000367169,1,0.000414132,0,0.000326445,1,0.00035691,0,0.00026968,1
1788425340,-0.000349429,-1.24775e-05,6.23852e-05,-0.000765576,0.000592291,0.526192,0.000101673,0.000103924,0.0657499,-0.000810733,-0.000588173,-0.000307691,-0.000114952,3.99513e-05,0.000139232,0.000337592,0.000610836,0.000819508,0.000101704,9.78751e-05,9.72432e-05,9.82761e-05,9.28066e-05,9.97571e-05,0.000111749,0.000101049,0.000390247,1.32505e-05,0.000366496,0.00040572,0,0.000380567,0.504197,-0.000881057,-0.000336276,0.000341427,0.000884248,1788425100,0.000394174,0,0.000331135,1,0.000410881,0,0.000346351,1,0.000419015,0,0.000371699,1,0.000381264,0,0.000289491,1
1788425400,-0.000374524,-0.000208052,0.00028704,-0.000957396,0.000588417,0.524344,0.000108586,0.000109894,0.0634405,-0.000842292,-0.000615359,-0.000330928,-0.000128024,4.04369e-05,0.000146428,0.000355966,0.000645512,0.000835201,0.00010656,0.000104759,0.000104136,0.000105281,9.70407e-05,0.000106734,0.000117495,0.000109186,0.000414414,1.51033e-05,0.000416908,0.000421412,0,0.000425626,0.504564,-0.000915128,-0.000349472,0.000354168,0.000910745,1788425400,0.000418129,0,0.000369915,1,0.00040389,0,0.000344752,1,0.000422837,0,0.000356602,1,0.000421645,0,0.000337363,1
1788425460,-0.000924426,-1.66488e-05,0,-0.000932758,0.000584906,0.523585,0.000289255,0.000290997,0.0622737,-0.000932745,-0.000682801,-0.000356494,-0.000131503,3.98647e-05,0.000162231,0.000384535,0.00070304,0.000927515,0.00028306,0.000290141,0.000322916,0.000268728,0.000286987,0.000301863,0.000298991,0.000297432,0.000447807,8.59281e-05,0.000481543,0.000453663,6.79193e-06,0.000491005,0.511277,-0.00098397,-0.000370872,0.000387519,0.000982851,1788425400,-0.000420952,0.000387219,0,1,-0.000410709,0.000376951,0,1,0.000396854,0,0.00034602,0,0.00043548,0,0.000316578,0
1788425520,0.000678829,8.33198e-06,0.000703807,-0.000212489,0.000593602,0.525338,0.000188484,0.000185358,0.0566529,-0.00093065,-0.00068632,-0.000359506,-0.000138688,4.62598e-05,0.000159533,0.000382125,0.000707752,0.000906052,0.000194761,0.000196475,0.000198682,0.000198319,0.000214292,0.000191573,0.000182254,0.000181124,0.000447554,2.01474e-05,0.000425219,0.000443611,0,0.000431772,0.507579,-0.00098441,-0.000365338,0.000373347,0.000943442,1788425400,-0.000442142,0.000423809,0,1,-0.00041397,0.000383707,0,1,0.00041755,0,0.000377102,1,0.000392482,0,0.000309086,1
1788425580,0.000191488,2.49788e-05,0.000287218,-4.16319e-06,0.000595426,0.516157,7.54505e-05,7.41869e-05,0.0470737,-0.000951439,-0.000705482,-0.000380166,-0.000146895,2.78486e-05,0.000158575,0.000395702,0.000718824,0.000935848,7.75329e-05,7.47897e-05,7.50916e-05,7.73161e-05,8.32598e-05,7.34703e-05,7.55146e-05,7.41591e-05,0.000466982,4.84962e-05,0.000476418,0.000461417,0,0.000443691,0.507744,-0.000994023,-0.000379558,0.00038989,0.0010049,1788425400,0.00042586,0,0.000394646,1,-0.000438792,0.000408633,0,1,-0.000429741,0.000396717,0,1,-0.000436975,0.000361637,0,1
1788425640,-3.74621e-05,0,0.000212259,-7.90884e-05,0.000590064,0.51619,5.33631e-05,5.76706e-05,0.0481936,-0.000863775,-0.000641216,-0.000343102,-0.000137514,2.61077e-05,0.000137918,0.000325968,0.000616521,0.00081695,6.14623e-05,5.68805e-05,5.53291e-05,4.89972e-05,5.81698e-05,5.63099e-05,5.63634e-05,5.09102e-05,0.000403203,0,0.000364437,-0.000381578,0.000262166,0,0.499227,-0.000850948,-0.000326177,0.000300743,0.000804473,1788425400,-0.000471272,0.000385667,0,1,-0.000431483,0.000363361,0,1,-0.000463141,0.000432563,0,1,-0.000463124,0.000381821,0,1
1788425700,-4.99517e-05,-0.000108232,0.000241398,-0.000116558,0.000584157,0.518595,5.29659e-05,5.67629e-05,0.051474,-0.000814244,-0.000608904,-0.000329062,-0.000131248,2.94473e-05,0.000138329,0.000321907,0.000592411,0.000794993,6.20755e-05,5.67276e-05,5.29188e-05,4.94437e-05,5.67047e-05,5.52891e-05,5.59711e-05,5.08e-05,0.000391248,0,0.000345703,0.00038314,0,0.000316328,0.502084,-0.000839603,-0.000323335,0.000308249,0.000825479,1788425700,-0.00040213,0.000331899,0,1,-0.000464502,0.00041313,0,1,0.000430866,0,0.000377396,1,-0.000507105,0.000410904,0,1
1788425760,0.000133199,8.32515e-05,0.000283027,6.66017e-05,0.00057833,0.51758,5.71143e-05,5.55271e-05,0.0565811,-0.000768812,-0.000569502,-0.000308995,-0.00012268,2.56739e-05,0.000123904,0.000294055,0.000545427,0.000747134,6.74959e-05,6.31564e-05,5.85958e-05,5.51563e-05,6.84875e-05,5.97646e-05,5.3637e-05,5.66473e-05,0.000363162,0,0.000311382,0.000383954,0,0.000323321,0.503345,-0.000839957,-0.000323948,0.000309561,0.000817626,1788425700,-0.000420369,0.000368924,0,1,-0.000427557,0.000345922,0,1,0.000486091,0,0.00040408,1,-0.000458196,0.00034567,0,1
1788425820,6.65929e-05,0.000174797,0.000366206,5.4107e-05,0.000572827,0.520981,4.69219e-05,4.74374e-05,0.0643932,-0.000721019,-0.000532414,-0.000282717,-0.000105381,2.73725e-05,0.000119346,0.000279522,0.000520264,0.000711149,6.28466e-05,5.6588e-05,4.92208e-05,4.16558e-05,5.72573e-05,5.12133e-05,4.68199e-05,4.44384e-05,0.000337634,0,0.000277433,0.000326655,0,0.00026175,0.501691,-0.000710867,-0.000267788,0.000260428,0.000694668,1788425700,-0.000426714,0.000363447,0,1,-0.000438036,0.000358079,0,1,-0.000433814,0.000341794,0,1,0.000515047,0,0.000361498,1
1788425880,-2.08098e-05,0.000162302,0.000303774,-2.08098e-05,0.000567148,0.521844,4.2652e-05,4.58595e-05,0.0756602,-0.000689799,-0.00050948,-0.000271432,-0.000106422,2.91098e-05,0.000107978,0.000261943,0.000490172,0.000684336,6.03031e-05,5.27093e-05,4.39209e-05,3.75889e-05,4.9896e-05,4.448e-05,4.37147e-05,4.06041e-05,0.00032094,0,0.000261891,-0.00028747,0.000226054,0,0.496921,-0.000603401,-0.00023231,0.000217293,0.000585761,1788425700,0.000369004,0,0.000284289,1,-0.000433998,0.000346992,0,1,-0.000436697,0.000363459,0,1,0.000422713,0,0.000300783,1
1788425940,-0.000137355,-7.07565e-05,8.32397e-06,-0.000241425,0.000561455,0.521862,5.27056e-05,5.51823e-05,0.0892853,-0.000675188,-0.000504727,-0.000265616,-9.46841e-05,2.5863e-05,9.9728e-05,0.000253806,0.000474817,0.00066051,6.67326e-05,5.941e-05,5.21507e-05,4.85121e-05,5.29748e-05,5.18799e-05,5.61431e-05,5.15315e-05,0.000312559,0,0.000258323,-0.000265215,0.000204199,0,0.494286,-0.000537043,-0.000209488,0.000191132,0.000519097,1788425700,0.000319038,0,0.000260771,1,-0.000366701,0.000295651,0,1,-0.000428919,0.00035014,0,1,-0.000407826,0.000305261,0,1
1788426000,-0.000312242,-2.91384e-05,0.00019146,-0.000408015,0.000556152,0.511186,8.63035e-05,8.73424e-05,0.101358,-0.000762496,-0.000586172,-0.000312971,-0.000116227,1.43588e-05,0.000103159,0.000294201,0.000540878,0.000727786,9.56899e-05,8.80449e-05,8.68764e-05,8.77825e-05,7.99297e-05,8.95518e-05,8.94207e-05,8.81019e-05,0.000365571,4.69413e-05,0.000456812,-0.000309085,0.000274749,3.43123e-05,0.490566,-0.000656979,-0.000263554,0.000236526,0.000611795,1788426000,0.00029231,0,0.000243837,1,0.000323335,0,0.000275457,1,-0.000372731,0.000318452,0,1,-0.000411594,0.000303653,0,1
1788426060,-0.000295679,0,0.000124908,-0.000358157,0.00055233,0.523225,8.68971e-05,8.74371e-05,0.0974866,-0.000711201,-0.000523674,-0.000270437,-9.71337e-05,2.87152e-05,0.00011484,0.000288878,0.000527842,0.000712413,9.26137e-05,8.4945e-05,8.22483e-05,8.30392e-05,7.4883e-05,8.49168e-05,9.32137e-05,9.06515e-05,0.00033764,1.41243e-05,0.000317745,-0.000326734,0.000286238,0,0.499808,-0.000708723,-0.000270352,0.000268556,0.00069306,1788426000,-0.000386716,0.000344138,0,1,0.000300313,0,0.00025518,1,0.000333783,3.32062e-06,0.000287548,1,-0.00037107,0.000281932,0,1
1788426120,0.000370626,0,0.000470546,-7.91401e-05,0.000548376,0.519395,0.000103731,0.000101574,0.0984331,-0.000687474,-0.000504465,-0.000259885,-9.56636e-05,2.24904e-05,0.000109797,0.000277661,0.000507235,0.000683756,0.000109057,0.000107985,0.000106581,0.000106822,0.000118777,0.000105612,9.73875e-05,0.000101088,0.000324511,0,0.000288013,0.000325201,0,0.000298554,0.500256,-0.000713224,-0.000267437,0.000269045,0.000690497,1788426000,0.000357011,0,0.000317592,1,0.00041677,0,0.000355876,1,0.000307733,1.70812e-05,0.000266584,1,0.000351198,0,0.000285605,1
1788426180,-0.0002082,-4.16357e-06,-4.16357e-06,-0.000353965,0.000545389,0.521769,6.70927e-05,6.84804e-05,0.0981732,-0.000672505,-0.000502976,-0.000257983,-9.2902e-05,2.52437e-05,0.000108506,0.00027992,0.000512005,0.000682832,7.7734e-05,6.97107e-05,6.29696e-05,6.41874e-05,6.03487e-05,6.11662e-05,7.29132e-05,6.83609e-05,0.000325068,1.18276e-06,0.000283918,-0.000338544,0.000279661,0,0.497919,-0.000725976,-0.000284556,0.000274139,0.000715547,1788426000,0.000355745,0,0.000303884,1,0.000359288,0,0.000326,1,-0.000434754,0.000360772,0,1,0.000327304,0,0.000263987,1
1788426240,0.000212363,-4.16444e-06,0.000212363,-0.000158261,0.00054071,0.516905,6.54113e-05,6.4432e-05,0.0964159,-0.000663881,-0.000485535,-0.000251999,-9.92781e-05,1.97571e-05,0.000100327,0.000263011,0.00048631,0.000651506,8.10745e-05,7.25245e-05,6.47634e-05,6.47563e-05,7.34306e-05,6.14429e-05,6.40947e-05,6.59009e-05,0.000310187,0,0.000273598,-0.000324437,0.000231761,0,0.493502,-0.000712092,-0.000273251,0.000259393,0.000687632,1788426000,-0.000378361,0.000314137,0,1,0.000357691,0,0.000312525,1,0.000367003,0,0.000339438,1,-0.000383889,0.000301944,0,1
1788426300,-0.000533076,2.91444e-05,2.91444e-05,-0.000537241,0.000536117,0.524348,0.000159008,0.000160915,0.0781816,-0.000632536,-0.000467822,-0.000238494,-8.70116e-05,2.73141e-05,0.000106714,0.000262343,0.000486797,0.00064697,0.000150756,0.000148678,0.000156864,0.000154503,0.000140249,0.000168674,0.000169792,0.000160263,0.000303242,0,0.000264295,-0.000323463,0.000259273,0,0.499431,-0.000693661,-0.000267007,0.000266059,0.000697391,1788426300,0.000348659,0,0.000295514,1,0.000388153,0,0.000339152,1,0.000367142,0,0.00032014,1,-0.000393252,0.000315648,0,1
1788426360,0.000520585,-4.16577e-06,0.000886914,-8.74849e-05,0.000536056,0.514299,0.000151896,0.000150693,0.051592,-0.000674826,-0.00048933,-0.000251854,-0.00010037,1.63892e-05,9.3875e-05,0.000253196,0.000477457,0.000650544,0.000150745,0.000149499,0.000152788,0.000157717,0.000167211,0.000152654,0.000147082,0.000152562,0.000303189,0,0.000251413,-0.000346981,0.000258775,0,0.4896,-0.000757611,-0.00030012,0.000269932,0.000720711,1788426300,-0.000357663,0.000302254,0,1,0.000368776,0,0.000306546,1,-0.00039412,0.000347058,0,1,0.000392675,0,0.00030239,1
1788426420,0.000299734,0,0.000299734,-0.000295659,0.000535751,0.520093,8.48843e-05,8.35807e-05,0.0491607,-0.000773464,-0.000578714,-0.00029821,-0.000109881,2.70915e-05,0.000136789,0.000326913,0.000609809,0.000809707,9.54926e-05,8.80013e-05,8.7123e-05,8.88392e-05,9.46154e-05,8.69975e-05,8.37542e-05,8.12922e-05,0.000378381,7.7956e-05,0.000373459,0.000404195,3.48652e-05,0.000366455,0.501908,-0.000860022,-0.000335307,0.000336871,0.000892473,1788426300,0.000369015,0,0.000324328,1,0.000377429,0,0.000310409,1,0.000381779,0,0.000312465,1,0.000407915,0,0.000306566,1
1788426480,0.000332932,5.41091e-05,0.00037038,-9.15759e-05,0.000532058,0.519604,9.42233e-05,9.09068e-05,0.0485401,-0.000747563,-0.000559014,-0.000289638,-0.000112974,2.70288e-05,0.000127679,0.000306665,0.000571496,0.000758451,0.000101023,9.7143e-05,9.62673e-05,9.68299e-05,0.000101402,9.62025e-05,9.08495e-05,9.13686e-05,0.000359841,0,0.000361921,-0.000374053,0.000317806,0,0.495839,-0.000814184,-0.000317885,0.000304725,0.000819097,1788426300,-0.000427333,0.000398567,0,1,0.00037927,0,0.000342471,1,0.000388029,0,0.000331916,1,0.000390939,0,0.000281398,1
1788426540,9.56976e-05,0.000370257,0.000370257,-0.000153967,0.000528811,0.521735,5.0033e-05,5.03973e-05,0.0506524,-0.000713683,-0.000540756,-0.00027648,-0.000105956,2.88371e-05,0.000129508,0.000299528,0.000552977,0.000738006,6.43111e-05,5.27976e-05,4.81042e-05,4.89818e-05,5.00033e-05,4.98221e-05,5.15965e-05,4.91656e-05,0.000348606,6.07393e-06,0.00031375,-0.000355578,0.000309256,0,0.496859,-0.000765104,-0.00030182,0.000288766,0.000786254,1788426300,0.000392735,0,0.000350794,1,0.000408208,0,0.0003662,1,0.000366802,0,0.00034055,1,0.000386639,0,0.000279695,1
1788426600,0.000120649,-5.82496e-05,0.000137289,-0.000141469,0.000523671,0.523399,5.31376e-05,5.09246e-05,0.0491182,-0.000723042,-0.000535009,-0.00027346,-0.00010184,3.04696e-05,0.000122203,0.000295287,0.000547581,0.000740332,6.56973e-05,5.57161e-05,5.07636e-05,5.4495e-05,5.29733e-05,5.02585e-05,5.54487e-05,5.05757e-05,0.000343914,0,0.000314746,-0.000360221,0.000303807,0,0.49439,-0.000773149,-0.000304452,0.000293284,0.000802198,1788426600,0.000395795,0,0.000328815,1,0.000403371,0,0.000346352,1,0.000416391,4.69908e-06,0.000373984,1,0.000373129,0,0.000300475,1
1788426660,0.000777629,-2.91209e-05,0.000777629,-0.000457712,0.000518688,0.531855,0.000256242,0.000253349,0.0494413,-0.000657362,-0.000484305,-0.000242223,-8.15984e-05,3.71747e-05,0.000116055,0.00027381,0.000506991,0.000677701,0.000226102,0.000249897,0.00027255,0.000272077,0.000269841,0.0002741,0.000230724,0.000253084,0.000313617,1.50088e-06,0.000245711,-0.000308228,0.000254333,0,0.498906,-0.000667338,-0.000256102,0.000251512,0.000682129,1788426600,0.000391339,0,0.00032836,1,0.000404675,0,0.0003272,1,0.000422644,0,0.000353946,1,0.000440657,0,0.000359423,1
1788426720,0.000365734,4.15682e-06,0.0003782,4.15682e-06,0.00052512,0.527269,0.000102611,9.76863e-05,0.0730826,-0.000821352,-0.000628529,-0.000319169,-0.000108979,4.00725e-05,0.000145003,0.000357513,0.000668095,0.00091802,0.000107025,0.00010594,0.000105528,0.000106621,0.000100293,0.000104449,0.000101375,9.85722e-05,0.000410279,5.14718e-05,0.000413605,-0.000411828,0.000425156,0,0.495188,-0.000854008,-0.000348403,0.00033192,0.000915036,1788426600,0.000344567,0,0.000275331,0,0.000392529,0,0.000326532,1,0.000407971,0,0.000342248,1,0.000440597,0,0.000311683,1
1788426780,-0.00143045,-0.000257662,-0.000257662,-0.00143461,0.000522409,0.528992,0.000571131,0.000578729,0.0784392,-0.0007415,-0.000554802,-0.000277114,-9.81712e-05,3.92301e-05,0.000127133,0.00030742,0.000568468,0.00075719,0.000531977,0.000566613,0.000571233,0.000591501,0.000593912,0.000553087,0.000570118,0.000563384,0.000354588,0,0.00026216,-0.000337909,0.000294182,0,0.498814,-0.00073721,-0.000286324,0.000273972,0.000766459,1788426600,-0.000452907,0.000412175,0,1,0.000347235,0,0.000290444,1,0.000401712,0,0.00033191,1,0.000399162,0,0.000300845,1
1788426840,0.000241324,-0.000108199,0.000391082,-0.000241382,0.000555317,0.526534,8.40874e-05,8.12306e-05,0.196645,-0.00102861,-0.000732811,-0.000366663,-0.000129932,4.6126e-05,0.000163702,0.000395172,0.000734267,0.000996089,8.52879e-05,8.01035e-05,9.18869e-05,7.73266e-05,8.71347e-05,9.60551e-05,8.22091e-05,8.42597e-05,0.000460956,7.96835e-05,0.000438457,0.000477511,4.13375e-05,0.000404345,0.512672,-0.00103321,-0.000377071,0.000408437,0.00105188,1788426600,0.000375245,0,0.000287397,0,0.000432039,1.82446e-05,0.000382866,1,0.000351581,0,0.000306022,1,0.000406733,0,0.000309685,1
1788426900,0.000499106,-5.82452e-05,0.000561476,-0.000374493,0.000550794,0.523145,0.000142689,0.000136997,0.155324,-0.000966553,-0.000737333,-0.000378663,-0.000134136,3.97315e-05,0.000161433,0.000384952,0.000725465,0.000954413,0.000143796,0.000143428,0.000144155,0.00014395,0.000145045,0.000143332,0.000135907,0.000145662,0.000459045,2.6141e-06,0.000440468,0.000471849,1.01015e-05,0.000416121,0.506208,-0.000980687,-0.000384113,0.000389038,0.00100192,1788426900,0.000472914,4.6772e-06,0.000404517,1,0.000375266,0,0.000298167,1,0.000437572,5.90587e-06,0.000395376,1,0.000350724,0,0.000258134,1
1788426960,-4.98994e-05,5.82128e-05,0.000270245,-0.00032439,0.000549808,0.524668,6.0788e-05,6.46855e-05,0.143548,-0.00094435,-0.000704049,-0.000358047,-0.000127911,4.11652e-05,0.000156622,0.000383244,0.000722027,0.000953527,6.19974e-05,5.40821e-05,6.53871e-05,5.84647e-05,5.82137e-05,6.21224e-05,6.50914e-05,5.88866e-05,0.000447926,0,0.000452369,-0.000465795,0.000421481,0,0.498937,-0.000984746,-0.000385519,0.000376298,0.00101726,1788426900,-0.000486631,0.000395653,0,1,-0.000462574,0.000382481,0,1,0.000372963,0,0.000302696,1,0.000458969,0,0.000356669,1
1788427020,-3.32676e-05,8.31673e-06,0.000103954,-0.000366005,0.000544328,0.525178,5.46068e-05,5.803e-05,0.112066,-0.000870679,-0.000635925,-0.000325247,-0.00011697,3.86279e-05,0.00014689,0.000340668,0.000640496,0.000862464,6.10083e-05,5.2356e-05,6.06006e-05,5.13654e-05,5.51515e-05,5.67623e-05,5.58828e-05,5.32178e-05,0.000401693,0,0.000375064,-0.000428227,0.000373417,0,0.499435,-0.000907391,-0.000357029,0.000346349,0.000945627,1788426900,-0.000469862,0.000400623,0,1,0.000489531,0,0.000437847,1,0.00044643,0,0.000408867,1,0.000367925,0,0.000264789,1
1788427080,-0.000519951,4.15851e-06,4.15851e-06,-0.000519951,0.000538877,0.526851,0.000149161,0.000152837,0.0910766,-0.000817352,-0.000603945,-0.000303182,-0.000103229,3.71009e-05,0.000140286,0.00033815,0.000624768,0.00084084,0.000148066,0.000145357,0.000144781,0.000145692,0.000146039,0.000147437,0.000154071,0.000152233,0.000389129,0,0.000378376,0.000413337,0,0.000363287,0.504726,-0.00088013,-0.000336375,0.000347174,0.000929409,1788426900,-0.000438731,0.000401829,0,1,-0.00045819,0.000421513,0,1,-0.000454746,0.000377484,0,1,-0.000456083,0.00034623,0,1
1788427140,-0.000994899,4.16068e-06,4.16068e-06,-0.00121149,0.000538505,0.522118,0.00033967,0.000346294,0.0833622,-0.000817481,-0.000593563,-0.000303122,-0.000106054,2.9507e-05,0.000124199,0.000310328,0.000593136,0.000801193,0.000314269,0.000338338,0.000323067,0.000365605,0.000331948,0.000333126,0.000328252,0.000337699,0.000369016,0,0.000313161,-0.000352979,0.00030693,0,0.498977,-0.000768977,-0.000291768,0.000290917,0.000780295,1788426900,-0.000417437,0.00037101,0,0,-0.000461939,0.000420212,0,1,-0.000472351,0.000418368,0,1,-0.000433072,0.000343243,0,1
1788427200,0.000433048,0,0.000433048,-0.000437403,0.000551348,0.526926,0.000121177,0.000116552,0.111427,-0.000976066,-0.000703925,-0.000357161,-0.00011752,4.24907e-05,0.000167449,0.000383943,0.000725917,0.000958717,0.000125398,0.000125435,0.000125961,0.000125549,0.000132581,0.000123423,0.0001156,0.000116644,0.000448379,1.85256e-05,0.000435866,0.000450796,7.58634e-06,0.000426391,0.507617,-0.000966223,-0.00036281,0.000380996,0.000970353,1788427200,0.000361359,0,0.000310903,1,-0.000440706,0.000390812,0,1,0.000465472,0,0.000408686,1,0.000502935,0,0.00036884,1
1788427260,-0.000516348,0.00012072,0.00012072,-0.000616317,0.000549232,0.525037,0.000148978,0.000151742,0.092916,-0.000916017,-0.00067931,-0.000347763,-0.000116709,3.82458e-05,0.00015642,0.000372446,0.00069818,0.00094612,0.00014686,0.0001444,0.000143693,0.000144786,0.000138957,0.00014621,0.000157222,0.000151321,0.00043525,0,0.000429034,0.000439867,1.75474e-05,0.000423199,0.50961,-0.000935482,-0.000350035,0.000381278,0.000985069,1788427200,0.000437444,0,0.000433803,1,0.000354594,0,0.000325504,1,0.00045936,0,0.000384778,1,-0.000443242,0.000345738,0,1
1788427320,0.000566303,9.99592e-05,0.000607931,9.99592e-05,0.000548594,0.519309,0.000162486,0.000157677,0.0832461,-0.000927783,-0.000680134,-0.000347092,-0.000122638,2.88222e-05,0.000139422,0.000342449,0.000645483,0.000869115,0.000162407,0.00016247,0.000162747,0.000161842,0.000169099,0.000159921,0.000162959,0.000163238,0.00041414,0,0.000378822,-0.000424327,0.000358141,0,0.499683,-0.000928189,-0.000352785,0.000346769,0.000911316,1788427200,-0.000424649,0.000367544,4.5699e-06,1,-0.000432639,0.000386393,5.5326e-06,1,0.00035053,0,0.000317109,1,0.000442827,0,0.00034005,1
1788427380,-0.000512158,-0.000237309,-0.000199835,-0.000512158,0.000548953,0.524845,0.000146151,0.000148707,0.0605522,-0.000826072,-0.000625706,-0.000322102,-0.000108052,3.49933e-05,0.000138685,0.000335247,0.000619461,0.000835461,0.000145876,0.000143117,0.000142471,0.000143299,0.000138236,0.000144812,0.000152946,0.000146672,0.000396098,0,0.000322967,0.000403325,0,0.000317289,0.505257,-0.000860586,-0.000331659,0.000335838,0.000889097,1788427200,0.000410087,0,0.000383002,1,-0.000418166,0.000387,0,1,-0.000426312,0.000381899,6.08992e-06,1,0.000366247,0,0.000292511,1
1788427440,0.000412245,3.74838e-05,0.000637034,-3.33201e-05,0.000548242,0.519549,0.000120362,0.000115348,0.0531805,-0.000860067,-0.000628951,-0.000329582,-0.000119068,2.8399e-05,0.000126416,0.000317671,0.000596312,0.000805462,0.000119096,0.000119744,0.000119942,0.000118332,0.000125575,0.000116984,0.000118651,0.000125077,0.000389347,0,0.000306344,-0.000379951,0.000290136,0,0.499358,-0.000847266,-0.000316137,0.00030871,0.000817653,1788427200,-0.000425507,0.000351999,0,1,0.00042243,0,0.000389435,1,0.000448578,0,0.000394019,1,-0.000450179,0.000352731,0,1
1788427500,-0.00040808,-0.000199855,-0.000199855,-0.00044973,0.000545854,0.525614,0.000117695,0.00012003,0.040785,-0.000847293,-0.000622175,-0.000335728,-0.000112266,3.79057e-05,0.000149904,0.000353172,0.000640856,0.000866945,0.000117183,0.000114159,0.000113537,0.000114459,0.000109192,0.000115768,0.000125982,0.00011812,0.000415118,1.73591e-05,0.000343461,0.000409978,2.49328e-05,0.000347956,0.506677,-0.000870329,-0.000336025,0.000345496,0.000904692,1788427500,0.000387051,0,0.000311869,1,0.000437412,0,0.000358477,1,0.000425692,0,0.000370078,1,0.000485692,0,0.000349971,1
1788427560,0.000316485,-4.16494e-06,0.000399753,-6.66411e-05,0.000543441,0.518914,9.3753e-05,8.85783e-05,0.0410246,-0.000791011,-0.00057485,-0.000309339,-0.000108055,2.46976e-05,0.000114466,0.00029668,0.000544968,0.00074883,9.69694e-05,9.30298e-05,9.61574e-05,9.12189e-05,9.83252e-05,9.26772e-05,9.35783e-05,9.79936e-05,0.000364405,0,0.000259243,-0.000346024,0.000246782,0,0.496558,-0.000762621,-0.000287855,0.000275662,0.000730628,1788427500,0.000447506,0,0.000390931,1,0.000399264,0,0.000335967,1,0.000434755,0,0.000364101,1,0.000440428,0,0.00033513,1
1788427620,-0.000299825,-0.000104096,-9.99317e-05,-0.000308155,0.000539838,0.52517,8.63008e-05,8.95073e-05,0.0424575,-0.000767214,-0.000570389,-0.000309735,-0.000104142,3.43028e-05,0.000132241,0.000319527,0.000568554,0.000773893,9.3908e-05,8.63496e-05,8.91747e-05,8.40935e-05,8.63145e-05,8.95169e-05,9.3266e-05,8.53782e-05,0.00037852,0,0.000274323,0.000375693,0,0.000302895,0.504797,-0.000804944,-0.000310657,0.000312868,0.000814295,1788427500,0.000362992,0,0.000293,1,0.000432489,0,0.000379008,1,0.000397035,0,0.000320331,1,0.000414883,0,0.000313626,1
1788427680,-0.000324912,4.16478e-05,0.000141595,-0.00064993,0.000536091,0.518653,9.08621e-05,9.25538e-05,0.0438398,-0.000745767,-0.000542862,-0.00029199,-0.000107149,2.4078e-05,0.000110214,0.000282027,0.000505775,0.000704066,9.80891e-05,9.08972e-05,9.18337e-05,9.09009e-05,8.9207e-05,9.33362e-05,8.92271e-05,9.16366e-05,0.000344979,0,0.000218902,-0.000319917,0.000215281,0,0.491483,-0.000702263,-0.000272821,0.0002417,0.000650325,1788427500,0.000419797,0,0.000353511,1,0.000374071,0,0.000319867,1,0.000432505,0,0.000392518,1,0.000387437,0,0.000295093,1
1788427740,-0.00097537,8.3324e-06,8.3324e-06,-0.00097537,0.000532689,0.521084,0.000329009,0.000333312,0.0460623,-0.000833421,-0.000599155,-0.000329627,-0.000116812,3.06395e-05,0.000140036,0.000340746,0.000610544,0.000827333,0.000306535,0.000328818,0.000327398,0.000333701,0.000310855,0.000326662,0.000328577,0.000330001,0.0004032,0,0.000354223,0.000392602,5.7184e-06,0.000373243,0.50431,-0.000845024,-0.000324175,0.000330577,0.000848427,1788427500,0.000348653,0,0.00027036,0,0.000413908,0,0.000354548,0,0.000374187,0,0.000313334,1,0.000428745,0,0.000356303,1
1788427800,-0.000254419,0,0.000483636,-0.000254419,0.000545077,0.52032,8.72116e-05,8.9725e-05,0.040614,-0.000990227,-0.00072266,-0.000374519,-0.000134931,3.38545e-05,0.000158509,0.00038879,0.00068036,0.000917662,8.59008e-05,7.93973e-05,8.51664e-05,7.83191e-05,7.59773e-05,8.40042e-05,9.49844e-05,9.45366e-05,0.00045973,0,0.000415047,0.000476172,1.18366e-05,0.000482094,0.505698,-0.0010293,-0.000394748,0.000388176,0.000962697,1788427800,0.000403144,0,0.000376713,0,0.000359676,0,0.000298858,0,0.000412152,0,0.000370972,0,0.000366746,0,0.000275568,1
1788427860,3.75414e-05,4.17133e-06,0.000621337,4.17133e-06,0.000540797,0.516951,5.53781e-05,5.67782e-05,0.0422254,-0.000892912,-0.000640214,-0.000346308,-0.000131102,2.63168e-05,0.000151344,0.000362353,0.000635889,0.000859828,6.0534e-05,5.35727e-05,5.93308e-05,5.24426e-05,5.97095e-05,5.65267e-05,5.21995e-05,5.85296e-05,0.000426777,0,0.000331872,0.000423438,1.75912e-06,0.000401627,0.50357,-0.000924514,-0.000358188,0.000344735,0.000879349,1788427800,0.000450944,0,0.000442906,1,0.000398243,0,0.000372009,1,0.000353808,0,0.000293605,0,0.000403014,0,0.000317593,1
1788427920,7.92494e-05,7.09076e-05,0.000125128,-0.000112628,0.000535388,0.518745,5.62802e-05,5.7238e-05,0.0450752,-0.000873575,-0.000628604,-0.000340087,-0.000127463,2.89105e-05,0.000141388,0.000352893,0.000611101,0.000830756,6.25745e-05,5.50849e-05,5.82503e-05,5.45073e-05,6.07835e-05,5.71856e-05,5.47464e-05,5.73762e-05,0.000416971,0,0.000335835,0.00041545,0,0.000406233,0.502632,-0.000917578,-0.000356527,0.000333136,0.000861092,1788427800,0.0004308,0,0.000406077,1,0.000465095,0,0.000421311,1,0.000405568,0,0.000379848,1,0.00034186,0,0.000259309,1
1788427980,0.000262729,7.50726e-05,0.000433675,7.50726e-05,0.000530126,0.521,7.80561e-05,7.69311e-05,0.0495185,-0.000786042,-0.000571588,-0.000297807,-0.000111562,2.90924e-05,0.000120155,0.000308561,0.000548126,0.00074869,8.78161e-05,8.2033e-05,8.24952e-05,7.70939e-05,9.00541e-05,8.16743e-05,7.6037e-05,7.56932e-05,0.000365012,0,0.000308263,-0.000356822,0.000268262,0,0.499963,-0.00078876,-0.000302274,0.000289504,0.000749177,1788427800,0.000419342,0,0.00039002,1,0.000417947,0,0.00041154,1,0.000428408,0,0.000376256,1,0.000418502,0,0.000344238,1
1788428040,-0.000241875,-0.000129271,8.33917e-05,-0.00037952,0.000526111,0.522144,7.48212e-05,7.72589e-05,0.0534517,-0.000764107,-0.000560182,-0.000302123,-0.000109953,3.06752e-05,0.00012324,0.000296333,0.00053354,0.000733269,8.38783e-05,7.54115e-05,7.51291e-05,6.98354e-05,7.25336e-05,7.74328e-05,7.96184e-05,7.34231e-05,0.000359438,0,0.000266366,-0.000361673,0.00031479,0,0.499833,-0.000796088,-0.00031308,0.000286194,0.000755466,1788427800,0.000372445,0,0.000324583,1,0.000421224,0,0.000397222,1,0.00041819,0,0.000408962,1,0.000422902,0,0.000357,1
1788428100,-0.000404646,-6.67345e-05,-6.67345e-05,-0.000475581,0.000521946,0.519848,0.000115128,0.000115418,0.0573245,-0.00079131,-0.000565488,-0.000306343,-0.000117619,2.86099e-05,0.000118757,0.00031007,0.00055066,0.000739445,0.000115559,0.000112826,0.000112383,0.000113183,0.00010308,0.000115744,0.000121154,0.000114555,0.000370184,0,0.000296521,0.000327788,0,0.000303044,0.50089,-0.000718315,-0.000278475,0.000264773,0.000685963,1788428100,0.000387397,0,0.000323264,1,0.000401741,0,0.000330521,1,0.000430442,0,0.000393533,1,0.000429761,0,0.000376989,1
1788428160,0.000546442,-2.08625e-05,0.000642352,-2.08625e-05,0.000519859,0.521587,0.000152507,0.000150633,0.0563232,-0.000774594,-0.000546104,-0.00029145,-0.000106661,2.87917e-05,0.000119807,0.000308425,0.00053773,0.000716829,0.000156237,0.000156887,0.000156152,0.000165279,0.000167136,0.000154952,0.000147568,0.000148053,0.000361442,0,0.000250467,0.000323562,0,0.000281725,0.501032,-0.00071496,-0.000270695,0.000265266,0.000677697,1788428100,0.000343673,9.16422e-06,0.000305391,1,0.000401056,0,0.000330764,1,0.000427726,0,0.000341745,1,0.000438407,0,0.000377296,1
1788428220,-0.000279441,-2.91917e-05,2.50207e-05,-0.000408761,0.000520404,0.518936,8.04642e-05,8.24938e-05,0.0487481,-0.000749256,-0.000544524,-0.000303516,-0.00011251,2.57954e-05,0.000113347,0.000299255,0.0005383,0.000722288,9.00433e-05,8.11896e-05,8.123e-05,7.83581e-05,7.83892e-05,8.56958e-05,8.71187e-05,7.70996e-05,0.000361948,0,0.000263283,0.000363113,0,0.000318483,0.500018,-0.000782611,-0.000311457,0.000292978,0.000764774,1788428100,0.000340298,0,0.000281633,1,0.000349777,4.72921e-08,0.000315781,1,0.000398515,0,0.000335541,1,0.000412765,0,0.000293773,1
1788428280,-0.000346281,-4.58858e-05,-4.58858e-05,-0.00050486,0.000516687,0.51564,9.76623e-05,9.74269e-05,0.0496003,-0.000767563,-0.000552511,-0.000300163,-0.00012061,2.19771e-05,0.000108166,0.000290535,0.000527413,0.000707354,0.000101004,9.6649e-05,9.61528e-05,9.68653e-05,8.83942e-05,9.89215e-05,0.000101272,9.65514e-05,0.000355214,0,0.000264233,-0.000351241,0.0002843,0,0.496329,-0.000779131,-0.000304011,0.000278794,0.000729405,1788428100,0.000385193,0,0.000348466,1,0.000333602,0,0.000290501,1,0.000357887,9.81054e-06,0.000326601,1,0.00037827,0,0.000303214,1
1788428340,-0.000317182,-2.5037e-05,0.00013352,-0.000317182,0.000513833,0.517678,9.20863e-05,9.10415e-05,0.0492987,-0.000754349,-0.00053749,-0.000293338,-0.000112881,2.37994e-05,0.000112872,0.00030287,0.000539954,0.000718461,9.59409e-05,8.85004e-05,8.80362e-05,8.87268e-05,8.21998e-05,9.13079e-05,9.85032e-05,9.46812e-05,0.000358438,0,0.000252685,0.000350095,0,0.000308696,0.501207,-0.000764445,-0.000294698,0.000287302,0.00073584,1788428100,0.000367203,0,0.0003104,1,0.00037448,0,0.000340496,1,0.000338086,8.84654e-06,0.000290632,1,0.000365336,0,0.00030584,1
1788428400,1.25223e-05,7.51312e-05,0.000183644,-0.000275529,0.000510643,0.51594,4.40624e-05,4.63604e-05,0.0511318,-0.000728143,-0.000524801,-0.000294507,-0.00011656,2.17149e-05,0.000110968,0.000290946,0.000521361,0.000684988,5.88104e-05,4.8139e-05,4.61318e-05,4.00623e-05,5.31345e-05,5.18799e-05,4.00362e-05,4.49113e-05,0.000351546,0,0.000231143,-0.000349223,0.000297976,0,0.499579,-0.000775059,-0.000299956,0.000279822,0.000716691,1788428400,0.00036397,0,0.000316699,1,0.00037201,0,0.000324425,1,0.00037617,0,0.00034606,1,0.000351975,0,0.000271792,1
1788428460,-0.000893648,-0.000200375,1.66961e-05,-0.00133241,0.000505514,0.515054,0.000311548,0.000312857,0.0589152,-0.000714678,-0.000513915,-0.000283267,-0.000112518,1.95814e-05,0.00011131,0.00029901,0.000522112,0.000688968,0.000273351,0.000298741,0.000312353,0.000313367,0.000274203,0.000295111,0.000325652,0.000316053,0.000350336,0,0.000274586,0.000352278,0,0.000340444,0.501465,-0.000773096,-0.000298486,0.000290378,0.000741083,1788428400,0.000362182,0,0.000311337,1,0.000367961,0,0.00031804,1,0.000376622,0,0.000324043,1,0.000385961,0,0.000303184,1
1788428520,0.000204691,3.75994e-05,0.000284049,-7.93812e-05,0.000516145,0.52023,7.37415e-05,7.45502e-05,0.0406808,-0.000960773,-0.00068496,-0.000364279,-0.00013662,3.41239e-05,0.000160858,0.000393611,0.000705238,0.000926254,7.85111e-05,7.12193e-05,7.39981e-05,7.9897e-05,8.18578e-05,7.5029e-05,6.88143e-05,7.12002e-05,0.00045753,1.33907e-06,0.000421261,0.000443547,3.04516e-05,0.000461738,0.511246,-0.00097086,-0.000363896,0.000370905,0.000919348,1788428400,0.000362691,0,0.000330927,1,0.000356321,0,0.000325075,1,0.000370414,0,0.000322309,1,0.000380582,0,0.000293864,1
1788428580,0.000956061,0,0.000956061,0,0.000511777,0.513097,0.00033282,0.000333781,0.0396986,-0.000792677,-0.000570171,-0.00031226,-0.000122785,1.81964e-05,0.000125414,0.00031175,0.000559867,0.00073688,0.000295337,0.000334204,0.00032878,0.000344054,0.000354347,0.000313242,0.000333165,0.000334529,0.000374447,0,0.000290402,0.000353193,0,0.000303182,0.502904,-0.000776621,-0.000300321,0.000288359,0.000733042,1788428400,0.000425408,1.20343e-05,0.00040792,1,0.000362045,0,0.000331464,1,0.000355661,0,0.000320959,1,0.000369248,0,0.000289025,1
1788428640,-0.000196148,-4.17295e-06,8.34585e-06,-0.000492529,0.000524365,0.515089,7.22942e-05,7.3442e-05,0.0474659,-0.000858127,-0.000628924,-0.000344429,-0.000128188,2.24063e-05,0.00013636,0.000334846,0.000613911,0.000818274,7.60356e-05,6.82078e-05,7.45128e-05,6.68626e-05,6.52131e-05,7.48513e-05,7.63289e-05,7.34118e-05,0.000408294,0,0.00037871,-0.000430152,0.000390933,0,0.495694,-0.000921036,-0.00037284,0.000337178,0.000898643,1788428400,0.000368742,0,0.000328631,1,0.000426678,0,0.000403431,1,0.0003851,0,0.000339716,1,0.00036408,0,0.000296983,1
1788428700,0.000696775,2.50423e-05,0.000946995,2.50423e-05,0.000519835,0.508453,0.000204118,0.000203425,0.0427933,-0.000907427,-0.000675185,-0.000371667,-0.000152431,1.3883e-05,0.000136237,0.000350972,0.000628148,0.000851571,0.000197903,0.000211218,0.000203692,0.000200308,0.000219841,0.000200022,0.000199339,0.000210854,0.000435033,0,0.000423022,-0.00043356,0.000360148,0,0.497396,-0.000928085,-0.000372024,0.000341462,0.000885246,1788428700,0.000453521,0,0.000404139,1,0.000376936,0,0.000327239,0,0.000436433,0,0.000396664,1,0.00040326,0,0.000304727,1
1788428760,-0.000237767,9.59251e-05,0.000191841,-0.000246111,0.00052396,0.517719,8.13645e-05,8.25173e-05,0.0522709,-0.000863349,-0.000641548,-0.000354918,-0.000138015,2.92699e-05,0.000146387,0.000361472,0.000659755,0.000864579,8.29903e-05,7.51835e-05,8.11053e-05,7.80606e-05,7.36858e-05,8.07493e-05,8.83844e-05,8.17899e-05,0.000430394,2.56567e-05,0.000373809,0.000436068,2.19638e-05,0.000373555,0.50163,-0.000915051,-0.000368474,0.000350793,0.000936453,1788428700,0.000442403,0,0.000397707,1,0.000444802,0,0.00037916,1,0.00038906,0,0.000334668,1,0.000471247,0,0.000362795,1
1788428820,-0.000133508,-8.34373e-06,0.000487987,-0.000258688,0.000519783,0.510576,5.76522e-05,5.82644e-05,0.0465688,-0.00078868,-0.000576145,-0.000318878,-0.000131777,1.53397e-05,0.000119959,0.000309095,0.000557448,0.000754882,6.58478e-05,5.73665e-05,6.23211e-05,5.13048e-05,5.80781e-05,6.23173e-05,5.83186e-05,5.8543e-05,0.000377609,0,0.000277882,-0.000376446,0.000308194,0,0.494779,-0.000836384,-0.000327114,0.000297005,0.000801465,1788428700,0.000470123,0,0.000404076,1,0.000484539,0,0.000376649,1,0.000448171,0,0.000374533,1,0.000388244,0,0.000287053,1
1788428880,-0.000504988,-1.66898e-05,5.00676e-05,-0.000751315,0.000514905,0.514473,0.000144621,0.000142699,0.0452581,-0.00080751,-0.00058867,-0.000329567,-0.000135685,2.26121e-05,0.000139326,0.000332813,0.000603377,0.000811726,0.000143445,0.000140795,0.000140234,0.000141225,0.000131796,0.000142852,0.000150335,0.000148579,0.00039771,0,0.000328934,0.000412038,1.5886e-05,0.000370186,0.503524,-0.00088396,-0.000347043,0.000336182,0.000880213,1788428700,0.000395451,1.35461e-06,0.000307319,1,0.000450416,0,0.000379249,1,0.000458092,0,0.000356656,1,0.000457909,0,0.00033461,1
1788428940,-0.000689032,-4.17452e-06,-4.17452e-06,-0.000835251,0.000514708,0.509021,0.000204053,0.000202406,0.040975,-0.000841611,-0.000603804,-0.000335385,-0.000141667,1.38437e-05,0.000132682,0.00034015,0.000619555,0.000818785,0.000194236,0.000202663,0.000197234,0.00019751,0.000183118,0.00019825,0.000210696,0.00021418,0.000405687,0,0.000362261,0.000388574,0,0.000376999,0.501738,-0.000853311,-0.000328012,0.000319933,0.000819617,1788428700,0.000436644,4.95201e-06,0.000379079,1,0.000376116,0,0.000329675,1,0.000439664,0,0.000386475,1,0.000413395,0,0.000333786,1
1788429000,0.000121137,0,0.000313255,0,0.000518769,0.510996,5.88006e-05,6.10486e-05,0.0389241,-0.000881383,-0.000635989,-0.000341725,-0.000140743,1.71312e-05,0.000136026,0.000347951,0.0006465,0.000839794,6.49724e-05,5.81499e-05,6.27196e-05,5.85732e-05,6.75567e-05,6.14397e-05,5.79127e-05,5.82332e-05,0.000414414,0,0.000362636,0.000405354,0,0.000382145,0.505339,-0.000892698,-0.000335725,0.000339445,0.000854323,1788429000,0.000386815,0,0.00036165,1,0.000410334,0,0.000387115,1,0.000370285,2.26176e-06,0.000319617,1,0.00042593,0,0.000360889,1
1788429060,0.000521974,0.000129475,0.000521974,-0.000233933,0.000513841,0.508694,0.000146337,0.00014624,0.0397897,-0.000790983,-0.000573058,-0.000313851,-0.000131606,1.23349e-05,0.000114961,0.00031273,0.000555536,0.00074805,0.000149938,0.000150307,0.000150055,0.000151898,0.000160891,0.000147421,0.000141407,0.000141961,0.000376045,0,0.000276825,0.000339302,0,0.000288274,0.503924,-0.000758842,-0.000286423,0.000276251,0.000708765,1788429000,0.000396879,0,0.000366142,1,0.000380893,0,0.000364985,1,0.000405794,0,0.000395962,1,0.000374826,0,0.000305876,1
1788429120,-0.000175353,4.59207e-05,0.000267145,-0.000200406,0.000514005,0.509743,6.80931e-05,6.80417e-05,0.0409206,-0.000834315,-0.000616654,-0.000338581,-0.000139349,1.4821e-05,0.000128899,0.000335731,0.000612882,0.000814761,7.20086e-05,6.38716e-05,6.70419e-05,6.54922e-05,6.04447e-05,6.91796e-05,7.28118e-05,6.85492e-05,0.000404867,0,0.000394468,0.000396992,0,0.000396655,0.500528,-0.000858319,-0.000335108,0.00032568,0.000847867,1788429000,0.000337705,0,0.000303365,1,0.000384674,0,0.000368633,1,0.000386442,0,0.000362356,1,-0.000408118,0.000345742,0,1
1788429180,-0.000400922,5.84544e-05,0.00014613,-0.000484468,0.000509443,0.505731,0.000113195,0.000110217,0.0413488,-0.000788786,-0.000579721,-0.00032073,-0.000141262,8.78208e-06,0.000113564,0.000301744,0.000550043,0.000745763,0.000113874,0.000111798,0.000111256,0.000112086,0.00010109,0.000113839,0.000115215,0.000114656,0.000375318,0,0.00030386,-0.000363025,0.000292001,0,0.496328,-0.000799211,-0.000315676,0.000284899,0.000758728,1788429000,-0.000405416,0.000359954,0,1,-0.000344988,0.000296922,0,1,0.000387779,0,0.000359288,1,0.00041125,0,0.000325023,1
1788429240,0.000162894,-8.35457e-05,0.000329937,-0.000284084,0.0005075,0.506069,6.22248e-05,6.40969e-05,0.0401363,-0.000786634,-0.000569013,-0.000317361,-0.0001396,9.12604e-06,0.000112417,0.000312667,0.000569601,0.000760088,7.184e-05,6.39386e-05,6.52273e-05,6.20457e-05,7.28955e-05,6.64922e-05,5.74156e-05,6.02154e-05,0.00037853,0,0.000301741,0.00036986,0,0.000332031,0.500061,-0.000806656,-0.000312918,0.000301368,0.000780584,1788429000,0.000382579,0,0.000325791,1,0.000414283,0,0.000358863,1,-0.000356691,0.000326542,0,1,0.000416523,0,0.000325332,1
1788429300,-0.000133655,-5.42951e-05,0,-0.000367593,0.000502927,0.50891,5.80802e-05,5.74655e-05,0.0443303,-0.000759857,-0.000561076,-0.0003138,-0.000133609,1.28718e-05,0.000120361,0.000305345,0.000561075,0.000745971,6.55374e-05,5.5766e-05,5.59978e-05,5.55689e-05,5.52781e-05,6.07748e-05,6.11078e-05,5.84668e-05,0.000372366,0,0.000315433,0.000350251,0,0.000326251,0.500356,-0.000757353,-0.000296702,0.000286612,0.000740152,1788429300,0.000384941,0,0.000340344,1,0.000398562,0,0.000334496,1,0.000437609,0,0.000363195,1,0.000365646,0,0.000286183,1
1788429360,-0.000526439,2.92385e-05,7.93596e-05,-0.000530618,0.000498231,0.50413,0.000148744,0.000145134,0.0493867,-0.000726263,-0.000530765,-0.000296092,-0.000134792,6.54866e-06,0.000102777,0.000286077,0.000526475,0.000702282,0.000148733,0.000146471,0.000146011,0.00014676,0.000135196,0.000149284,0.000156887,0.000152411,0.000350484,0,0.000304814,-0.000327739,0.000248016,0,0.497524,-0.000719652,-0.000277545,0.000265386,0.000689356,1788429300,0.000368225,0,0.000349474,1,0.00038658,0,0.000341205,1,0.0003917,0,0.00033573,1,0.00045756,0,0.000324979,1
1788429420,0.00031339,-9.61259e-05,0.000388589,-0.000188081,0.000498811,0.503224,8.95178e-05,9.03824e-05,0.0449419,-0.000745304,-0.000539892,-0.00030423,-0.000137749,5.63234e-06,0.000101375,0.000291608,0.000543976,0.0007101,9.67689e-05,9.22279e-05,9.16179e-05,9.14945e-05,0.000103722,9.12276e-05,8.28241e-05,8.9271e-05,0.000359056,0,0.000265235,-0.00033964,0.000285309,0,0.498575,-0.000748061,-0.000287959,0.000275099,0.000712088,1788429300,0.000340388,0,0.000310673,1,0.000366038,0,0.000348419,1,0.000380368,0,0.000342744,1,0.000378751,0,0.000318188,1
1788429480,-0.000417875,2.92447e-05,8.35541e-05,-0.000509831,0.000495783,0.507594,0.000119595,0.000115816,0.0450976,-0.000736213,-0.000540845,-0.000305499,-0.00013398,1.08478e-05,0.000111471,0.000301835,0.000546346,0.00072344,0.000118416,0.000116369,0.000115901,0.000116605,0.000104665,0.000118755,0.000128209,0.000120452,0.000364786,0,0.000284607,0.000344497,0,0.000304576,0.503101,-0.000750972,-0.000288486,0.000286132,0.000737923,1788429300,0.000341359,0,0.00031288,1,0.000353396,0,0.000320531,1,0.000375629,0,0.000361779,1,0.000382248,0,0.00031538,1
1788429540,-3.34375e-05,2.50774e-05,0.000221496,-3.34375e-05,0.000494345,0.500992,4.75614e-05,5.02363e-05,0.0431889,-0.000776471,-0.000549023,-0.000312232,-0.000143962,3.1464e-06,0.000100747,0.000296617,0.000541582,0.0007171,5.99317e-05,4.76537e-05,4.75578e-05,4.47683e-05,5.0556e-05,5.43725e-05,4.41321e-05,4.83577e-05,0.000367048,0,0.000282934,-0.000344754,0.000262323,0,0.49287,-0.000760894,-0.000300482,0.000269804,0.000705776,1788429300,-0.000352937,0.000319149,0,1,0.000348465,0,0.000314847,1,0.00037125,0,0.00033125,1,0.000392639,0,0.000315267,1
1788429600,-0.000451516,-5.85184e-05,4.17968e-05,-0.000451516,0.000489399,0.493261,0.000125104,0.000120564,0.0483785,-0.000786648,-0.000587383,-0.000339421,-0.000151885,-6.42166e-06,9.7815e-05,0.000301611,0.000554852,0.000742142,0.000127673,0.000125627,0.000125152,0.000125958,0.00011275,0.000128365,0.000119001,0.000127966,-0.000388001,0.000359994,0,-0.000355617,0.000329149,1.08504e-05,0.486611,-0.000771466,-0.000319856,0.000265522,0.000695033,1788429600,0.000362069,0,0.000328642,1,0.000356982,0,0.000320045,1,0.000343227,0,0.000310844,1,0.000383078,0,0.000287989,1
1788429660,0.000305214,0.000142166,0.000372098,-0.00016728,0.00048867,0.501325,8.6193e-05,8.76753e-05,0.0464651,-0.000747994,-0.000541332,-0.000304681,-0.000135762,3.04739e-06,0.000104507,0.000295467,0.000541082,0.0007151,9.53867e-05,8.98292e-05,8.91494e-05,8.89372e-05,0.000102695,8.94742e-05,8.01668e-05,8.48895e-05,0.000361112,0,0.000263092,-0.000344881,0.000285337,0,0.497322,-0.000777781,-0.000295339,0.000279714,0.000719927,1788429600,-0.000443096,0.000386305,0,1,0.000373539,0,0.000340753,1,0.000367368,0,0.000325829,1,0.000354094,0,0.00028855,1
1788429720,0.000158842,0.000154662,0.000693702,0.000154662,0.000485681,0.503914,5.95085e-05,6.18344e-05,0.0462442,-0.00073022,-0.000538967,-0.000301565,-0.000131538,5.87764e-06,0.000111407,0.000306466,0.000558308,0.000743372,7.08715e-05,6.12726e-05,6.00773e-05,5.99051e-05,7.10371e-05,6.4698e-05,5.48029e-05,5.74037e-05,0.000365106,0,0.000312013,0.000352146,0,0.000327085,0.502252,-0.000770623,-0.000292876,0.000298734,0.00076613,1788429600,0.000364804,0,0.000309724,1,0.000471454,0,0.000402619,1,0.000369529,0,0.000340907,1,0.000383743,0,0.000288635,1
1788429780,0.00040535,-4.17972e-06,0.000447129,-0.000250814,0.000481324,0.501545,0.000116048,0.000116391,0.050672,-0.000715243,-0.000527161,-0.000306679,-0.000136929,3.49836e-06,0.000100696,0.000281583,0.000525247,0.000701017,0.000117213,0.0001174,0.000116603,0.000117202,0.000128158,0.000115758,0.000110703,0.000117471,0.00035565,0,0.000284502,-0.000340885,0.000295457,0,0.490444,-0.000747283,-0.000305128,0.000259755,0.000700514,1788429600,0.000382611,0,0.000338631,1,0.000366614,0,0.000321709,1,-0.000460376,0.00036656,0,1,0.000379478,0,0.000300999,1
1788429840,-3.76029e-05,-0.000137884,-3.34247e-05,-0.000639441,0.000479922,0.50685,4.83268e-05,5.1057e-05,0.0515948,-0.000721653,-0.000536036,-0.000307229,-0.000133283,9.6602e-06,0.000115991,0.000304767,0.000563021,0.000743693,6.02884e-05,4.60998e-05,4.43194e-05,4.86067e-05,4.83841e-05,5.24142e-05,4.96976e-05,4.66179e-05,0.000367486,0,0.000307257,-0.000344867,0.000319017,0,0.495628,-0.000737655,-0.000295456,0.000279163,0.000740966,1788429600,-0.000382903,0.000360756,0,1,0.000380496,0,0.000327503,1,0.000368996,0,0.000314111,1,-0.00036753,0.000278273,0,1
1788429900,8.35631e-06,-4.17818e-06,0.000292429,-0.000246543,0.000475129,0.506513,4.55002e-05,4.75965e-05,0.0557235,-0.000728577,-0.000535445,-0.000296713,-0.000124892,8.69263e-06,0.000112253,0.000303898,0.000560737,0.000742851,5.82924e-05,4.42924e-05,4.10873e-05,4.92125e-05,5.02265e-05,4.74275e-05,4.61952e-05,4.39643e-05,0.000360839,0,0.000320846,-0.000343932,0.000309237,0,0.49901,-0.000741095,-0.000287887,0.000286259,0.000748216,1788429900,0.000390295,0,0.000349571,1,0.000392487,0,0.000355131,1,0.000407061,0,0.000338106,1,0.000385323,0,0.000296422,1
1788429960,1.67124e-05,-6.68525e-05,0.000233948,-0.000125352,0.000470355,0.506403,4.4765e-05,4.66882e-05,0.06186,-0.000702194,-0.000515817,-0.000289144,-0.00012313,8.44378e-06,0.000110224,0.000295818,0.000537721,0.000720283,5.86646e-05,4.40286e-05,3.96076e-05,4.93657e-05,4.98329e-05,4.33553e-05,4.61798e-05,4.27013e-05,0.000351376,0,0.000303693,0.00032196,0,0.000292541,0.500319,-0.000695837,-0.000270472,0.000268137,0.000703557,1788429900,0.000368404,0,0.000343668,1,0.000398043,0,0.000336985,1,-0.000390674,0.000381878,0,1,0.000434466,0,0.000312527,1
1788430020,0.000947972,-0.00012535,0.000947972,-0.00012535,0.000465633,0.505228,0.000345402,0.000347761,0.0711813,-0.000651608,-0.000476109,-0.000269316,-0.000113093,6.6578e-06,9.36574e-05,0.000265148,0.000491551,0.000661058,0.000292601,0.000345912,0.00036347,0.000344558,0.000354239,0.000352998,0.000339887,0.000342958,0.000321137,0,0.000257564,-0.000284991,0.00025104,0,0.49543,-0.000622739,-0.000245839,0.000224976,0.00059817,1788429900,0.000357863,0,0.000317508,0,0.000384957,0,0.000340127,1,0.000402538,0,0.000355378,1,-0.000386417,0.000316167,0,1
1788430080,-0.00129063,-0.00046761,-0.000342336,-0.00129063,0.000480053,0.510152,0.000498077,0.000498845,0.064309,-0.000765982,-0.000565652,-0.000317418,-0.000124634,1.38649e-05,0.000114801,0.000321937,0.000588682,0.000783389,0.000466431,0.000503853,0.00049097,0.000496764,0.00048359,0.000474723,0.000500336,0.000513835,0.000383858,0,0.000323914,-0.000387078,0.000388626,0,0.492398,-0.000806753,-0.000331811,0.000306117,0.000834723,1788429900,0.000322076,0,0.000279609,1,0.000353143,0,0.000321904,1,0.000404203,0,0.000359102,1,0.000405006,0,0.000314853,1
1788430140,0.00032177,0,0.00032177,-0.000827884,0.000509075,0.508684,9.51832e-05,9.70046e-05,0.0957683,-0.000963216,-0.000684131,-0.000369261,-0.000150768,1.41444e-05,0.00013546,0.000374458,0.000691492,0.000935497,9.78844e-05,9.44744e-05,0.000104262,9.41567e-05,0.00010442,0.00010793,9.12691e-05,9.23617e-05,0.000446658,5.24999e-06,0.000378146,0.000445602,0,0.000387493,0.505313,-0.00098367,-0.0003647,0.000368671,0.000950501,1788429900,-0.000442041,0.00038856,0,1,0.000324896,0,0.000296164,1,0.000364512,0,0.000341907,1,0.000415377,0,0.00031208,1
1788430200,-4.17817e-06,-0.000179677,-4.17817e-06,-0.000376105,0.000506008,0.506317,5.70796e-05,5.94972e-05,0.0812609,-0.00091416,-0.000665228,-0.000366372,-0.000146585,9.78625e-06,0.000138028,0.000372698,0.000703605,0.000945775,5.8243e-05,4.87185e-05,6.31411e-05,6.14031e-05,5.46761e-05,6.26014e-05,5.73297e-05,5.07588e-05,0.000443899,0,0.000399469,0.000461649,2.2226e-05,0.000437827,0.501614,-0.000939798,-0.000372986,0.00038054,0.00098724,1788430200,0.000442703,2.11314e-05,0.00038168,1,0.000421646,7.31046e-06,0.000367716,1,0.000328781,0,0.000313271,1,0.000378774,0,0.000321206,1
1788430260,-0.000618561,-1.25346e-05,0.00012116,-0.000618561,0.000500923,0.502234,0.000177495,0.000175452,0.0655965,-0.000824488,-0.000596785,-0.000318291,-0.000126881,3.63999e-06,0.000108704,0.000318537,0.000597268,0.000803481,0.000175119,0.000176316,0.000171713,0.000177547,0.000162407,0.000175168,0.00018384,0.000187969,0.000382118,0,0.000311929,-0.000385324,0.00028635,0,0.495408,-0.000849166,-0.000326664,0.000309779,0.00081805,1788430200,-0.000493905,0.000425816,9.81304e-06,1,-0.000444724,0.00038288,0,1,0.000414867,0,0.000377526,1,0.000336177,0,0.000283855,1
1788430320,-0.000539463,8.36117e-05,8.36117e-05,-0.000606394,0.000503545,0.504504,0.00015427,0.000150303,0.0604999,-0.000867572,-0.0006339,-0.000346906,-0.000139941,7.01024e-06,0.000118532,0.000333836,0.000640336,0.000860644,0.000152682,0.000150185,0.000149683,0.000150497,0.000138427,0.000152869,0.000162206,0.000157505,0.000409965,0,0.000315635,-0.000426367,0.000386891,0,0.496834,-0.000920158,-0.000358815,0.000340333,0.000898064,1788430200,0.000393791,0,0.000365109,1,0.000483394,0,0.000462058,1,0.00043135,0,0.000394566,1,0.000422311,0,0.000338045,0
1788430380,-0.000460238,-4.60142e-05,-8.36607e-06,-0.000531384,0.000504289,0.507234,0.000134451,0.000129683,0.0571528,-0.000869039,-0.000632235,-0.000339381,-0.000133086,1.02206e-05,0.000120042,0.000338803,0.000636329,0.000856029,0.000130672,0.000128105,0.000127593,0.000128377,0.000114903,0.000130638,0.000142067,0.000144201,0.000406974,0,0.000306525,-0.000418892,0.000375276,0,0.499411,-0.000917117,-0.00034975,0.000342224,0.000887308,1788430200,0.000438811,0,0.000396154,1,0.000409576,0,0.00038489,0,0.000489172,0,0.000488212,1,0.000439648,0,0.000362843,1
1788430440,0.00035984,-7.11465e-05,0.000368207,-7.11465e-05,0.000503445,0.501131,0.000101376,0.000103093,0.0545286,-0.000870726,-0.000625753,-0.000344861,-0.000138741,2.42152e-06,0.00011791,0.000337793,0.000635915,0.000842463,0.000105247,0.000105088,0.000105402,0.000104553,0.000118024,0.000102545,9.65737e-05,9.65883e-05,0.000410366,0,0.000314444,-0.000374802,0.000327331,0,0.49894,-0.000838063,-0.000314811,0.000310202,0.000801683,1788430200,0.000411512,0,0.000385547,1,0.000440144,0,0.00040483,1,-0.000424182,0.000343525,0,1,-0.000493163,0.000407994,0,1
1788430500,-2.51009e-05,-8.36691e-06,0.000359711,-2.51009e-05,0.000500977,0.499069,5.09871e-05,5.3158e-05,0.0499745,-0.000840633,-0.000625247,-0.000349025,-0.000138813,3.15274e-07,0.000105128,0.00031518,0.000582048,0.000786513,5.89916e-05,4.91707e-05,5.75531e-05,4.42845e-05,5.25432e-05,5.55594e-05,5.35927e-05,5.00044e-05,-0.000400935,0.000307801,0,-0.000391412,0.000355471,0,0.499102,-0.000855477,-0.000336534,0.000314984,0.000807026,1788430500,0.000372766,0,0.000342203,1,0.000418015,0,0.000379495,1,0.000420543,0,0.00039686,1,0.000430413,0,0.000306063,1
1788430560,-0.000560752,7.53009e-05,9.62168e-05,-0.000627728,0.000495955,0.496915,0.00015766,0.000152745,0.0478238,-0.000795018,-0.000565056,-0.000326496,-0.000134302,-2.06534e-06,9.78133e-05,0.000291707,0.0005375,0.000745062,0.000158367,0.000155989,0.000155511,0.000163189,0.000143272,0.00015836,0.000162985,0.00015873,-0.000373476,0.000292789,0,-0.000365675,0.000319161,0,0.494236,-0.000811232,-0.00032172,0.000283625,0.000767627,1788430500,0.000393768,0,0.00038059,1,0.000369571,0,0.000349419,1,0.000414963,0,0.000363318,1,0.000410084,0,0.000355309,1
1788430620,0.000510548,-2.93016e-05,0.000573302,-2.93016e-05,0.000497333,0.498807,0.000143633,0.000145379,0.0448606,-0.000813231,-0.000587762,-0.000329119,-0.000133686,-3.03305e-07,0.00010674,0.000317429,0.000589207,0.000797818,0.000147114,0.000146872,0.000146897,0.000147196,0.000159663,0.000144228,0.000137071,0.000141384,-0.000389075,0.000315882,0,-0.000388241,0.000368347,0,0.498393,-0.000852888,-0.000329346,0.000316671,0.000827238,1788430500,0.00037726,0,0.000341696,1,0.000428788,0,0.000354452,1,0.000377692,0,0.000335943,1,0.00042201,0,0.000330466,1
1788430680,0.00164286,-8.36754e-06,0.00169298,-0.000154811,0.000497601,0.498407,0.00067618,0.000679464,0.0422925,-0.000763893,-0.000555051,-0.000322719,-0.000127539,-5.87178e-07,9.97286e-05,0.000299672,0.000554404,0.000757729,0.000637001,0.000676597,0.000658247,0.000704116,0.000693426,0.0006563,0.000662282,0.000680813,-0.000375265,0.000303592,0,-0.000372881,0.000361918,0,0.497805,-0.000806304,-0.000319483,0.000301574,0.000796632,1788430500,0.000397966,0,0.000356913,0,0.000397934,0,0.00035494,0,0.000407932,0,0.000327127,1,0.000403537,0,0.000307827,0
1788430740,0.000162885,-0.000304959,0.000167061,-0.000472099,0.000544642,0.499716,7.82473e-05,8.08011e-05,0.177225,-0.0011127,-0.000821428,-0.000454042,-0.000180888,7.34678e-07,0.000146643,0.000430281,0.000822003,0.00115642,7.14116e-05,6.92885e-05,8.80488e-05,7.20308e-05,7.54899e-05,0.000100695,7.94191e-05,7.37402e-05,-0.000533137,0.000521188,0,-0.000544378,0.00058628,0,0.488448,-0.00110377,-0.000461694,0.000416444,0.00115634,1788430500,0.000402248,0,0.000363733,0,0.000404724,0,0.000356053,0,0.000398405,0,0.00035684,0,0.000387002,0,0.000293823,1
1788430800,0.000538585,-4.17621e-06,0.00121454,-2.50575e-05,0.00053966,0.502948,0.000153708,0.000153588,0.133172,-0.000963131,-0.000704946,-0.000386497,-0.000154858,5.29566e-06,0.00013515,0.000369258,0.000705233,0.00097539,0.000154788,0.000155176,0.000156336,0.000154363,0.000155597,0.000157523,0.000148934,0.000152977,0.000455355,0,0.00029705,-0.000456548,0.000423893,0,0.497423,-0.000979177,-0.000388025,0.000365411,0.000998209,1788430800,-0.000607835,0.000535527,0,1,0.00039849,0,0.0003547,0,0.000398156,0,0.000349113,0,0.000383729,0,0.000341041,0
1788430860,0.00031717,-4.17396e-06,0.000371413,-0.000442537,0.000539638,0.509967,9.88429e-05,0.00010042,0.143735,-0.00102787,-0.000753188,-0.000420878,-0.000161945,1.76897e-05,0.000162453,0.000422612,0.000784006,0.00107154,9.71604e-05,9.43388e-05,0.000107699,0.000102202,9.73011e-05,0.000104139,9.35998e-05,9.50796e-05,0.000506221,1.94521e-05,0.000390955,0.000514555,0.00012659,0.000431029,0.500974,-0.00105521,-0.000426379,0.00041272,0.00112561,1788430800,0.000505805,0,0.000412229,1,0.000562353,4.93851e-05,0.000494297,1,0.000396634,0,0.00036072,0,0.000400932,0,0.000325105,0
1788430920,0.000400492,5.42427e-05,0.000513102,-4.17264e-06,0.000536094,0.50728,0.000113683,0.000112319,0.137197,-0.000955808,-0.000702578,-0.000390913,-0.000154229,1.19413e-05,0.000146317,0.000396068,0.000733115,0.000993439,0.000116046,0.000116607,0.000118759,0.000116886,0.000112423,0.000115347,0.00011023,0.000109487,0.00047253,0,0.000385243,-0.000473519,0.000467931,0,0.496682,-0.00098917,-0.000395908,0.000382443,0.00103947,1788430800,0.000580836,0,0.000490224,1,0.000519843,0,0.000424088,1,0.000557409,3.76433e-05,0.000493165,1,0.000400046,0,0.000312687,0
1788430980,-0.000463084,-1.6684e-05,1.25128e-05,-0.00047143,0.00053372,0.51033,0.000133428,0.000130931,0.143242,-0.000891306,-0.000658817,-0.000367363,-0.000142445,1.61631e-05,0.000140335,0.000373524,0.000674158,0.000923996,0.000131672,0.000129038,0.000128489,0.000129392,0.000134835,0.000131905,0.000138471,0.000138043,0.000444943,0,0.00031351,-0.000430531,0.000408373,0,0.49585,-0.000915441,-0.000369051,0.000342688,0.000945133,1788430800,0.00052051,0,0.000460095,1,0.000537955,0,0.000472203,1,0.000504061,0,0.000434252,1,0.000564417,0,0.000461982,1
1788431040,-0.000396503,8.34543e-05,9.17994e-05,-0.000450774,0.000532399,0.506021,0.000113151,0.00010982,0.103651,-0.000845646,-0.000620822,-0.000351593,-0.000138861,9.03188e-06,0.000121048,0.000330792,0.000619804,0.000843135,0.000112984,0.000110542,0.000111495,0.000110799,0.000110674,0.000113021,0.000117474,0.000114754,0.000411328,0,0.000266404,-0.000369121,0.000320687,0,0.493299,-0.000803216,-0.000317266,0.000291402,0.000805581,1788430800,0.000492523,0,0.000400055,1,0.000489945,0,0.000468632,1,0.000511525,2.00826e-07,0.000488454,1,0.000464235,0,0.000371667,1
1788431100,-0.000655619,-1.25237e-05,5.00933e-05,-0.000672328,0.000530023,0.506024,0.000190725,0.000188045,0.0806581,-0.000822479,-0.000600688,-0.000347853,-0.000136091,8.85789e-06,0.000120798,0.00033389,0.000616129,0.000838994,0.000184961,0.000185377,0.00018198,0.000191953,0.000179421,0.000184743,0.000203362,0.000196032,0.000410241,0,0.000266711,-0.00037967,0.000343319,0,0.495985,-0.000822206,-0.000322915,0.000306696,0.000827352,1788431100,0.000384854,3.23261e-07,0.00033246,1,0.000463801,0,0.000421068,1,0.000486573,0,0.000482309,1,-0.000483342,0.000403106,0,1
1788431160,0.00101874,5.01262e-05,0.00112306,5.01262e-05,0.000532825,0.502418,0.000353572,0.000355365,0.0638592,-0.000838647,-0.000602285,-0.000355417,-0.000140908,4.58501e-06,0.000110759,0.000326301,0.000597881,0.000822993,0.000323714,0.000348844,0.000321363,0.000374335,0.000352536,0.000339862,0.000355192,0.000361312,0.000411082,0,0.000274338,-0.000399257,0.000350368,0,0.495402,-0.000870575,-0.00034302,0.000318092,0.000842311,1788431100,0.000390563,0,0.000353969,1,0.000378264,0,0.000350808,1,0.000443745,0,0.000432805,1,0.000481607,0,0.000405657,1
1788431220,-0.000179456,-8.76375e-05,7.51117e-05,-0.000254587,0.000546791,0.504402,7.11888e-05,7.15594e-05,0.0861402,-0.00089136,-0.000650767,-0.000385758,-0.000148917,7.27069e-06,0.00013017,0.000359621,0.000668359,0.000913431,7.31575e-05,6.9062e-05,7.94317e-05,6.40814e-05,7.28885e-05,7.44127e-05,7.47717e-05,6.92926e-05,0.000449294,0,0.000337707,-0.000462884,0.000483348,0,0.497424,-0.000975693,-0.000394516,0.000372293,0.00101381,1788431100,0.000392953,0,0.000390472,1,0.000377477,0,0.00036321,1,0.000364532,2.28702e-06,0.00034337,1,0.000419909,0,0.000363856,1
1788431280,4.17377e-06,-0.000100176,0.000166937,-0.00017114,0.000541891,0.49921,4.89131e-05,5.22186e-05,0.06324,-0.000819851,-0.000599531,-0.000349411,-0.000147028,6.19445e-07,0.000110348,0.000313087,0.000581084,0.000811233,5.81227e-05,5.45571e-05,6.56638e-05,4.14681e-05,5.90008e-05,5.59813e-05,4.09099e-05,4.60987e-05,-0.000400539,0.000228189,0,-0.000391606,0.000299394,0,0.491958,-0.000861043,-0.000343934,0.000299184,0.000837262,1788431100,-0.000464285,0.000423217,0,1,0.000390178,0,0.000402486,1,0.000367816,3.79108e-06,0.000356351,1,0.000360262,0,0.000311055,1
1788431340,-0.000225409,-0.000146092,-0.000137744,-0.000425814,0.000536445,0.506196,7.27979e-05,7.27204e-05,0.049454,-0.000760063,-0.000550747,-0.000322217,-0.000131448,8.87545e-06,0.000113298,0.000305666,0.000561034,0.000786614,8.09201e-05,7.55642e-05,8.11758e-05,6.67368e-05,7.67291e-05,7.70806e-05,7.20789e-05,7.14766e-05,0.000378168,0,0.000190335,-0.00037618,0.000325437,0,0.497486,-0.000797615,-0.000322086,0.0002952,0.000812909,1788431100,0.000382335,0,0.000355984,1,0.000447207,1.04634e-05,0.000424921,1,0.000378741,0,0.00039049,1,0.000371665,0,0.000316747,1
1788431400,-0.00045097,-5.42726e-05,-5.42726e-05,-0.000701596,0.000532009,0.498453,0.000127786,0.000123028,0.0448297,-0.000833816,-0.000616712,-0.000349594,-0.000145401,-2.83479e-07,0.000107052,0.000328245,0.000599456,0.000824324,0.000128385,0.000125779,0.000125315,0.000126076,0.000121269,0.00012813,0.000130092,0.000130017,-0.000408509,0.000278069,0,-0.000406093,0.000332766,0,0.498854,-0.000878178,-0.000344785,0.000330043,0.000867258,1788431400,-0.000383861,0.000370417,0,1,0.000411577,0,0.000375959,1,0.000447122,1.21887e-05,0.000417324,1,0.000388226,0,0.000333722,1
1788431460,-9.60661e-05,-3.759e-05,0.000271441,-0.000158723,0.000530509,0.499287,5.3978e-05,5.68546e-05,0.0445916,-0.000808389,-0.000579232,-0.000340177,-0.000141347,6.53107e-07,0.000107344,0.000320728,0.000594155,0.000817414,6.35685e-05,5.72646e-05,6.17884e-05,5.14763e-05,5.91092e-05,5.79035e-05,5.46933e-05,5.12406e-05,-0.000398386,0.000291778,0,-0.000402617,0.000366072,0,0.499562,-0.000866246,-0.000337405,0.000331087,0.000877107,1788431400,0.000387402,0,0.00038743,1,0.000407165,0,0.000372605,1,0.000409752,0,0.000368637,1,0.000458083,0,0.000370392,1
1788431520,0.000451013,0.000137831,0.000847569,0.000100243,0.000525353,0.50336,0.000127282,0.000128134,0.0534226,-0.00075463,-0.000545691,-0.000320733,-0.00013022,5.4638e-06,0.000103118,0.000303967,0.000552678,0.000768304,0.000129542,0.00013028,0.00012999,0.000129153,0.000136346,0.000128244,0.000120285,0.000126974,0.000376153,0,0.000224222,0.000342588,0,0.000308855,0.50317,-0.0007508,-0.000286059,0.000281539,0.00075085,1788431400,0.000390996,0,0.000383963,1,0.000424609,0,0.000376834,1,-0.000392925,0.000348769,0,1,0.000383902,0,0.00032555,1
1788431580,2.50503e-05,2.08753e-05,0.00022543,-0.000141964,0.00052397,0.500221,4.98501e-05,5.28135e-05,0.0492633,-0.000796382,-0.000583612,-0.000343868,-0.000140619,1.65942e-06,0.000110583,0.000318636,0.000591564,0.000803643,5.89501e-05,5.2905e-05,5.45791e-05,5.1478e-05,5.73184e-05,5.33009e-05,4.48328e-05,4.5861e-05,0.000399718,0,0.000283982,-0.000376744,0.000377857,0,0.497234,-0.000809629,-0.000327482,0.000299709,0.000818854,1788431400,0.000323203,1.97644e-05,0.000315921,1,0.000387171,0,0.00038949,1,0.000415923,0,0.000346828,1,-0.000353212,0.000296691,0,1
1788431640,-0.00150831,-9.18542e-05,-3.75757e-05,-0.00156685,0.000518716,0.499925,0.000608025,0.000607201,0.0599193,-0.000751939,-0.000545111,-0.000318439,-0.000133154,1.71332e-06,9.67805e-05,0.000286107,0.000530139,0.000739121,0.000577601,0.000595367,0.000599203,0.000617444,0.000578688,0.00059994,0.000633008,0.000598178,-0.000365382,0.000244613,0,-0.000345719,0.000294925,0,0.496047,-0.000752128,-0.000301736,0.00026999,0.000738589,1788431400,-0.000371211,0.000377631,1.67408e-06,0,0.000327064,0,0.000321881,1,0.000387615,0,0.00038385,1,0.000378368,0,0.000304089,1
1788431700,7.94416e-05,-8.36264e-06,0.000142154,-0.000518616,0.000556044,0.509748,6.40761e-05,6.71343e-05,0.0513371,-0.00102298,-0.000735123,-0.000407961,-0.000156776,1.66937e-05,0.000145067,0.000400013,0.000749701,0.00100946,6.20254e-05,6.0467e-05,7.70063e-05,6.12949e-05,6.56473e-05,7.8665e-05,5.69293e-05,6.04889e-05,0.000485567,0,0.000358974,0.0005059,3.52711e-05,0.000473938,0.508733,-0.00109199,-0.000413973,0.000420053,0.00105882,1788431700,0.00035556,0,0.000329587,0,0.00037085,2.35969e-05,0.000361395,1,0.000339271,2.536e-05,0.000320547,1,0.000396221,0,0.00032876,1
1788431760,-6.27165e-05,-0.000200707,-4.18106e-05,-0.000422367,0.00055057,0.504156,5.89694e-05,6.1557e-05,0.0444976,-0.000912591,-0.000661416,-0.00036967,-0.000145361,6.77736e-06,0.000127517,0.000369694,0.000679353,0.000911357,6.13894e-05,5.80985e-05,7.07595e-05,5.66503e-05,5.93112e-05,6.55144e-05,5.71064e-05,5.58491e-05,0.00044362,0,0.000323821,0.000466621,1.03537e-05,0.000445138,0.511283,-0.00100501,-0.000374093,0.000406572,0.0010211,1788431700,0.000477843,2.72068e-05,0.000475569,1,0.00037579,1.58585e-06,0.000340451,0,0.00037539,3.13322e-05,0.00036199,1,0.000357382,0,0.000308839,1
1788431820,-0.000748721,-9.19913e-05,-8.36281e-05,-0.000824042,0.000545109,0.50225,0.000226651,0.000222266,0.0437772,-0.000854702,-0.000613,-0.000342954,-0.000135988,4.34182e-06,0.00010621,0.000329497,0.000599248,0.000813737,0.000217673,0.00021923,0.00020782,0.000228219,0.000202651,0.000218792,0.000239539,0.000234909,0.000404534,0,0.000279473,0.00042148,0,0.00038341,0.503351,-0.000944462,-0.000353674,0.00034995,0.000894018,1788431700,-0.0004569,0.000406891,0,1,0.000479383,0,0.000485571,1,0.000383158,0,0.000349423,0,0.000388219,0,0.000335817,0
1788431880,0.000142258,-1.25532e-05,0.00022593,-0.000133909,0.00054992,0.507029,6.26326e-05,6.61398e-05,0.0439276,-0.000913087,-0.000666327,-0.000372237,-0.000144479,1.07972e-05,0.000123204,0.000355846,0.000654333,0.000873184,6.75924e-05,6.59712e-05,7.38196e-05,6.0762e-05,7.35629e-05,6.6943e-05,5.42267e-05,6.16875e-05,0.000438172,0,0.000295419,0.000461265,0,0.000416323,0.504068,-0.001016,-0.000385548,0.000380223,0.000962824,1788431700,0.000410874,0,0.000379976,1,-0.000445565,0.00039684,0,1,-0.000459271,0.000418931,9.70729e-06,1,0.000375344,0,0.000312255,0
1788431940,0.000715169,4.18376e-06,0.000715169,4.18376e-06,0.000544765,0.502722,0.000211507,0.000214516,0.0425223,-0.000826553,-0.00060669,-0.000345329,-0.000135785,4.52462e-06,0.000117565,0.000329451,0.000595231,0.000810116,0.000202851,0.000212253,0.000204269,0.000222981,0.000220882,0.000206804,0.000214443,0.000205318,0.000405995,0,0.000255717,0.000416416,0,0.000350549,0.505513,-0.000915057,-0.000347062,0.000346082,0.000876487,1788431700,0.00045863,0,0.000408001,1,-0.000427311,0.000368357,0,1,0.000481006,0,0.000437895,1,-0.000465798,0.000382524,0,1
1788432000,-0.000443261,-6.27136e-05,-6.27136e-05,-0.000627313,0.000548692,0.502959,0.000127176,0.000122146,0.0398864,-0.000808958,-0.000603768,-0.000343161,-0.000130763,4.77149e-06,0.000111655,0.000322748,0.000586836,0.000795031,0.000126227,0.000123525,0.000123034,0.000123746,0.000115539,0.000125905,0.000129708,0.00013379,0.000400874,0,0.000248487,-0.000413199,0.000376623,0,0.498383,-0.000898809,-0.000356908,0.00033194,0.000871406,1788432000,-0.000424223,0.000364149,0,1,0.00046642,0,0.000411431,1,0.000453607,0,0.000389991,1,0.000506237,0,0.000378531,1
1788432060,-8.78391e-05,4.18254e-05,6.27375e-05,-0.00026354,0.000546782,0.495936,5.36062e-05,5.61457e-05,0.0383519,-0.000822839,-0.000600645,-0.000351955,-0.000141935,-3.32713e-06,0.000102617,0.000315468,0.000575756,0.000791923,6.28442e-05,5.89398e-05,6.60753e-05,4.72392e-05,5.96382e-05,5.99384e-05,4.96427e-05,5.04772e-05,-0.000402794,0.000235052,0,-0.000410463,0.000342493,0,0.498123,-0.000899132,-0.000349659,0.000332352,0.000865016,1788432000,0.000437627,0,0.000391741,1,0.000442826,0,0.000383357,1,0.000462412,0,0.000396312,1,0.000469036,0,0.00032125,1
1788432120,-0.000581606,4.18299e-06,0.000230038,-0.000979301,0.00054143,0.496389,0.000166907,0.000161769,0.0409207,-0.000762379,-0.000560287,-0.00032155,-0.000129622,-3.01884e-06,0.000101489,0.000297944,0.000543158,0.000749846,0.000164451,0.000161961,0.000161481,0.000174008,0.000152501,0.000164089,0.000184979,0.000169408,-0.000373423,0.000192337,0,0.000379203,0,0.000321627,0.500875,-0.000819867,-0.000315728,0.000312759,0.000799837,1788432000,0.000422856,0,0.000369245,1,0.000432616,0,0.000383831,1,0.000456514,0,0.000386545,1,0.000460059,0,0.000361449,1
1788432180,0.000564874,8.37083e-06,0.000652714,-2.51129e-05,0.000542262,0.499605,0.000158432,0.000160504,0.0391553,-0.000920336,-0.000676811,-0.000393503,-0.00015067,2.85419e-07,0.000129822,0.000366078,0.000672322,0.000907535,0.000161136,0.00016231,0.000162191,0.000162492,0.000171489,0.000159321,0.000148862,0.000156395,-0.000457649,0.000402934,0,0.000463466,3.75021e-05,0.000472317,0.50879,-0.00101414,-0.000378892,0.000395856,0.000985243,1788432000,0.000410373,0,0.000350029,1,0.000435159,0,0.000378337,1,0.000436719,0,0.000383964,1,0.000439968,0,0.000327936,1
1788432240,-4.18316e-05,0,0.000108754,-0.000184072,0.000542724,0.497234,5.32337e-05,5.55976e-05,0.0374684,-0.000823995,-0.000615156,-0.00036661,-0.000143496,-2.34464e-06,0.000112785,0.000330221,0.000602008,0.000819966,6.02008e-05,5.57185e-05,6.05144e-05,5.09203e-05,5.67923e-05,5.68461e-05,5.19518e-05,4.86373e-05,-0.000420246,0.000324034,0,0.000416496,0,0.000359442,0.501239,-0.000900554,-0.000354688,0.000340539,0.000876462,1788432000,0.000461645,6.84356e-06,0.000428023,1,0.000416852,0,0.00035527,1,0.000434225,0,0.00037613,1,0.000444859,0,0.000333263,1
1788432300,0.000313694,-2.50998e-05,0.000460051,-0.000158976,0.000537302,0.49051,9.27497e-05,9.47212e-05,0.0415224,-0.00085206,-0.00063868,-0.000377677,-0.000153103,-1.08135e-05,0.000105283,0.000318274,0.000583352,0.00079356,9.62664e-05,9.30184e-05,9.44009e-05,9.22002e-05,0.000100227,9.1737e-05,9.29609e-05,9.45139e-05,-0.000420519,0.0002546,0,-0.000395306,0.000295292,0,0.49348,-0.000867179,-0.000350659,0.000305673,0.000783735,1788432300,0.000450548,0,0.000400242,1,0.000440944,0,0.000435137,1,0.000425872,0,0.000367354,1,0.000427179,0,0.00033941,1
1788432360,-0.000121283,-0.000150561,0.000209075,-0.00022585,0.000533748,0.498623,5.7392e-05,5.83154e-05,0.0470167,-0.000795683,-0.000593193,-0.000351122,-0.000136106,-7.00852e-07,0.000112253,0.000317986,0.000588597,0.000799278,6.45782e-05,5.87346e-05,5.94214e-05,5.7127e-05,6.03192e-05,5.94751e-05,5.96659e-05,5.49661e-05,-0.000403741,0.000309863,0,-0.000388097,0.000361394,0,0.499508,-0.000835898,-0.000333538,0.000313924,0.000819537,1788432300,0.000412312,0,0.000385677,1,0.000434656,0,0.000392454,1,0.000455889,0,0.000429343,1,0.000410747,0,0.000320145,1
1788432420,-0.000230061,-1.67299e-05,0.000200737,-0.000230061,0.000528662,0.493969,7.32703e-05,7.23657e-05,0.0535723,-0.000780008,-0.0005763,-0.000341465,-0.000135709,-5.92711e-06,0.000101129,0.000299766,0.000552547,0.0007589,8.12519e-05,7.51072e-05,7.42005e-05,7.27029e-05,7.28173e-05,7.6413e-05,7.13317e-05,7.15375e-05,-0.000387304,0.000271763,0,-0.000369691,0.000309437,0,0.495479,-0.000805925,-0.00032483,0.000286381,0.0007543,1788432300,0.000422667,0,0.000377333,1,0.000460253,0,0.000380291,1,0.000437233,0,0.000399861,1,0.000503355,0,0.000403198,1
1788432480,0.000648217,2.09168e-05,0.00083633,2.09168e-05,0.000524359,0.490701,0.00019609,0.000199493,0.0595929,-0.000734848,-0.000540944,-0.000320709,-0.000128465,-8.895e-06,9.02863e-05,0.00028131,0.000523338,0.000719686,0.000184155,0.000189598,0.000193524,0.000198833,0.000196308,0.000187069,0.000202191,0.000201825,-0.000363921,0.000246776,0,-0.000347556,0.00029497,0,0.495264,-0.000758268,-0.000302254,0.000271274,0.00070916,1788432300,0.000400028,0,0.000361448,1,0.000425188,0,0.000371433,1,0.000445061,0,0.000361463,1,0.000442841,0,0.000347891,1
1788432540,-0.000284327,-0.000104523,-0.000104523,-0.000522723,0.000527122,0.493802,8.35243e-05,8.26282e-05,0.0520399,-0.000785826,-0.000585494,-0.000345957,-0.000135474,-6.36774e-06,0.000103454,0.000313754,0.000585064,0.000779494,9.04011e-05,8.4e-05,8.39534e-05,8.07967e-05,8.27322e-05,8.71759e-05,8.63107e-05,8.08255e-05,-0.000398266,0.000343897,0,-0.000385759,0.00036937,0,0.497348,-0.000830193,-0.000335049,0.000309307,0.000814771,1788432300,0.000384639,0,0.000324194,1,0.000409483,0,0.000382548,1,0.00042586,0,0.000387117,1,0.000401129,0,0.000331812,1
1788432600,4.59996e-05,-9.20056e-05,0.000121267,-0.000133829,0.000523371,0.490182,4.91292e-05,5.17751e-05,0.0515349,-0.000767152,-0.000568057,-0.000327395,-0.000132514,-1.01854e-05,9.58406e-05,0.000304007,0.00055908,0.000752406,5.99235e-05,5.35909e-05,5.40797e-05,4.61329e-05,5.92089e-05,5.67254e-05,4.33259e-05,4.59819e-05,-0.000380718,0.000261478,0,-0.000355716,0.000273146,0,0.496584,-0.000776972,-0.00030086,0.000287639,0.000752238,1788432600,0.000424743,0,0.000383283,1,0.000374692,0,0.000343398,1,-0.000401519,0.000381294,0,1,0.000417685,0,0.000342744,1
1788432660,0.00025505,4.18168e-06,0.000380461,-0.000158917,0.000518151,0.496606,7.37396e-05,7.67507e-05,0.061941,-0.000689582,-0.000515042,-0.000294959,-0.000116104,-2.10195e-06,8.76275e-05,0.000273523,0.000507846,0.000687527,8.60164e-05,8.09964e-05,7.98876e-05,7.43551e-05,8.77511e-05,8.11478e-05,6.66419e-05,7.40228e-05,-0.000342816,0.000225716,0,0.000316491,0,0.000241898,0.500852,-0.000678643,-0.000262199,0.000251897,0.000654824,1788432600,0.000368091,0,0.000329548,1,0.000410005,1.64837e-06,0.000372249,1,0.000365262,4.77834e-06,0.000353613,1,-0.000389922,0.000335572,0,1
1788432720,0.00124087,4.59858e-05,0.00127428,-1.25419e-05,0.00051421,0.498647,0.000478712,0.000481631,0.0723208,-0.000732505,-0.000545444,-0.000314505,-0.000122387,-2.39593e-07,9.65041e-05,0.000293322,0.000547401,0.000734281,0.000434783,0.000469228,0.000476166,0.000490103,0.000473164,0.000463179,0.000482649,0.000483896,-0.000366461,0.000272786,0,-0.000359051,0.000311894,0,0.498345,-0.000778396,-0.000306305,0.000291094,0.000765377,1788432600,0.000343095,0,0.000294691,0,0.000383069,0,0.000343465,0,0.000411083,7.99836e-06,0.000383089,1,0.000366545,0,0.000327239,0
1788432780,-2.08774e-05,-5.42821e-05,0.000563525,-0.000150327,0.000538442,0.499526,5.65979e-05,5.84466e-05,0.0562709,-0.000881315,-0.000660153,-0.000375935,-0.000144583,4.61952e-07,0.00011926,0.000366451,0.000675316,0.000932067,5.9114e-05,5.3896e-05,6.33592e-05,5.10492e-05,5.6961e-05,6.24511e-05,5.80105e-05,5.52572e-05,-0.000446248,0.000429315,0,-0.000468063,0.000491874,0,0.497279,-0.000979574,-0.000396134,0.000378324,0.00103489,1788432600,0.00037691,0,0.000348632,0,0.000356274,0,0.000307459,0,0.00039395,0,0.000348232,0,0.000424596,0,0.000345204,1
1788432840,-0.000121097,-4.17553e-06,0,-0.000250563,0.000533038,0.49791,5.90619e-05,6.0284e-05,0.0531297,-0.000838801,-0.000621427,-0.000358214,-0.000137587,-1.66731e-06,0.000113296,0.000336353,0.000627285,0.000840695,6.45144e-05,5.86142e-05,6.55006e-05,5.71668e-05,6.16912e-05,6.40396e-05,5.68754e-05,6.02357e-05,-0.000418543,0.000340763,0,-0.000430137,0.000410351,0,0.498019,-0.000928816,-0.000370777,0.000342078,0.000937554,1788432600,-0.000501933,0.000471217,0,1,0.000379547,0,0.000350919,1,0.000355916,0,0.0003232,0,0.000400767,0,0.000304745,1
1788432900,0.000659595,2.50559e-05,0.000659595,-1.67043e-05,0.000527959,0.496301,0.000196242,0.000197943,0.0501264,-0.000733965,-0.000544513,-0.000308044,-0.000118849,-3.10983e-06,9.67723e-05,0.00029702,0.000557057,0.000756627,0.000187285,0.000192983,0.000188217,0.00020957,0.000193595,0.000186143,0.000201928,0.00019518,-0.000364081,0.000232577,0,-0.000352212,0.000260085,0,0.495826,-0.000750501,-0.000295402,0.000282371,0.000767028,1788432900,0.000455703,1.71007e-05,0.000399453,1,0.000467232,1.39677e-05,0.000408866,1,0.000388626,0,0.000359785,0,0.000341086,0,0.000273562,0
1788432960,-0.000141901,-8.34658e-06,6.67702e-05,-0.000196163,0.000530911,0.497656,6.16574e-05,6.14097e-05,0.0538753,-0.000796341,-0.000595005,-0.000341482,-0.000123102,-2.09491e-06,0.000107089,0.000331709,0.000628002,0.000829854,6.64757e-05,6.07824e-05,6.54887e-05,5.48835e-05,6.30481e-05,6.56792e-05,6.2392e-05,6.32205e-05,-0.000404802,0.000335872,0,0.00041048,0,0.000339546,0.500137,-0.000879742,-0.000345754,0.000337566,0.000915591,1788432900,0.000390599,0,0.00031986,1,-0.000459304,0.000441518,0,1,0.000471298,1.993e-05,0.000406277,1,0.00040094,0,0.000315868,1
1788433020,-0.000396596,-2.08696e-05,-1.25217e-05,-0.000400771,0.000525958,0.488821,0.000111319,0.000107467,0.0509357,-0.000756203,-0.000560663,-0.000318057,-0.000128248,-1.11278e-05,9.05211e-05,0.000293211,0.000559336,0.000749016,0.000113189,0.000110699,0.000110268,0.000110869,0.000107185,0.000112888,0.000109763,0.000113123,-0.000369256,0.000232045,0,-0.00035741,0.00025073,0,0.491645,-0.000777708,-0.000308353,0.000276074,0.000772963,1788432900,-0.000437295,0.000392157,0,1,-0.000394539,0.000353374,0,1,-0.000447672,0.000429307,0,1,0.00048632,0,0.000387645,1
1788433080,0,0,0.000688724,0,0.000523684,0.486777,4.36623e-05,4.58676e-05,0.0454967,-0.000719405,-0.000530748,-0.000305296,-0.000122381,-1.18582e-05,7.99183e-05,0.000279418,0.000539502,0.000735718,5.74898e-05,5.11129e-05,5.4438e-05,3.61218e-05,5.65871e-05,5.47562e-05,3.51231e-05,4.07553e-05,-0.000353533,0.000210397,0,-0.00033092,0.000254699,0,0.494025,-0.000710015,-0.000279043,0.000258931,0.000712065,1788432900,0.000382749,0,0.000315309,1,-0.000413654,0.000380142,0,1,0.000390857,0,0.000346889,1,-0.00043488,0.000359672,0,1
1788433140,0.000354856,-4.17553e-06,0.000354856,-6.26348e-05,0.000518421,0.497174,0.00010181,0.000102916,0.0508248,-0.000777692,-0.000562723,-0.000327022,-0.000123138,-1.74021e-06,9.40024e-05,0.000304393,0.000575934,0.000783289,0.000103297,0.000103547,0.000103132,0.000102825,0.000107529,0.000101602,9.7618e-05,0.000102136,-0.000380781,0.00033003,0,0.000382914,1.22552e-05,0.000359382,0.503319,-0.000835341,-0.000323287,0.000316664,0.000847576,1788432900,0.000339875,0,0.000301122,1,-0.000384139,0.000340601,0,1,-0.000413571,0.000385856,0,1,-0.00036583,0.000306642,0,1
1788433200,7.09562e-05,1.6696e-05,0.000141907,-0.000137753,0.000515659,0.486459,5.55595e-05,5.72784e-05,0.0541819,-0.000838306,-0.000646879,-0.000359851,-0.00013928,-1.41893e-05,9.26619e-05,0.000324756,0.000617573,0.000812874,6.10301e-05,5.38657e-05,5.47165e-05,5.4605e-05,5.91141e-05,5.6196e-05,6.04894e-05,5.29091e-05,-0.000413727,0.000366637,1.03707e-06,-0.000395205,0.000393632,1.30561e-05,0.490287,-0.000852472,-0.00034513,0.000310181,0.000831605,1788433200,-0.000387397,0.000388123,0,1,-0.000344171,0.000325439,0,1,-0.000374357,0.000330452,0,1,-0.000424018,0.000347632,0,1
1788433260,0.000154417,-0.000158615,0.000166936,-0.000555262,0.000510575,0.493138,5.90934e-05,6.11811e-05,0.0647342,-0.00071201,-0.000529082,-0.000289332,-0.000115247,-4.95589e-06,7.84976e-05,0.000273407,0.000525176,0.000716318,6.91957e-05,6.33569e-05,6.26205e-05,5.42106e-05,6.76773e-05,6.2595e-05,5.44005e-05,5.9896e-05,-0.000339386,0.00019601,0,-0.00030095,0.000221057,0,0.491093,-0.000636937,-0.000254492,0.000229436,0.000640006,1788433200,-0.000458153,0.000398421,0,1,-0.00037689,0.000349906,8.3039e-07,1,0.000335084,0,0.000305092,1,-0.000362343,0.000295744,0,1
1788433320,0.000492305,-1.25194e-05,0.000625769,-2.92121e-05,0.000505915,0.502775,0.000139321,0.000139186,0.0789756,-0.000755511,-0.000558085,-0.000307245,-0.000113999,3.94882e-06,9.91857e-05,0.000310182,0.000598661,0.000803561,0.000141055,0.000141248,0.000140681,0.000140903,0.000141636,0.00014035,0.000135578,0.000138406,0.000370608,0,0.00030806,-0.000346342,0.000337226,0,0.499854,-0.000742969,-0.000288112,0.000291833,0.000786155,1788433200,-0.000320947,0.00029664,0,1,-0.000483232,0.00043005,0,1,-0.000380728,0.000387059,1.13736e-06,1,-0.000333275,0.000270575,0,1
1788433380,-0.00121869,1.6684e-05,0.000166828,-0.00126463,0.000505646,0.50668,0.000464433,0.000466001,0.0767585,-0.000753026,-0.000557997,-0.000308343,-0.000113213,8.23542e-06,0.000103234,0.000315905,0.000610878,0.000823884,0.000433162,0.000457276,0.000461726,0.000467924,0.000449111,0.000452936,0.000478201,0.000465748,0.000374912,0,0.000275454,-0.000343151,0.000347246,0,0.498554,-0.000742783,-0.000289708,0.000283643,0.000786004,1788433200,-0.000359218,0.000353588,0,1,-0.000353409,0.000339908,0,1,-0.000489857,0.00038325,0,1,-0.000404796,0.000330537,0,1
1788433440,0.000851568,0,0.000851568,-6.68204e-05,0.000529404,0.50107,0.000256532,0.000257103,0.0393922,-0.000928951,-0.000670597,-0.000373192,-0.000139604,2.38703e-06,0.000118987,0.000371346,0.000694485,0.000938425,0.000256549,0.000266766,0.000254641,0.000262186,0.000270325,0.000251524,0.00024358,0.000259026,0.000446901,0,0.000381662,0.000462722,3.17316e-05,0.000433461,0.504861,-0.0010094,-0.000378185,0.000388172,0.00101365,1788433200,-0.000363036,0.00035669,0,1,-0.000374842,0.000373336,0,1,-0.000362937,0.000325374,0,1,-0.000417603,0.00031905,0,1
1788433500,0.000208607,4.17257e-06,0.000392145,4.17257e-06,0.000537742,0.500903,7.6158e-05,7.76517e-05,0.0443064,-0.000881198,-0.000656833,-0.000360848,-0.000128107,1.52994e-06,0.000121324,0.00037111,0.000692847,0.000925077,7.81592e-05,7.54048e-05,8.48849e-05,7.19185e-05,8.01569e-05,8.22427e-05,7.2284e-05,7.5729e-05,0.000439696,0,0.000363726,0.000439966,2.66563e-05,0.000377925,0.500995,-0.000931951,-0.000363785,0.000369848,0.00099954,1788433500,0.000452279,2.54311e-05,0.000431683,1,-0.000359021,0.000347777,0,1,0.000392127,0,0.000355705,1,0.00035617,0,0.000277998,1
1788433560,-2.92024e-05,1.66867e-05,0.000145999,-0.000225298,0.000533154,0.499877,5.28717e-05,5.47555e-05,0.0420439,-0.000857268,-0.000635725,-0.0003439,-0.000132954,1.01858e-06,0.00010864,0.000333898,0.000629419,0.000844486,5.92913e-05,5.36526e-05,6.35808e-05,4.58964e-05,5.68504e-05,6.02565e-05,4.75327e-05,5.34123e-05,-0.000407681,0.000296594,0,-0.000394594,0.000322243,0,0.493944,-0.000881975,-0.000341322,0.00031293,0.000877149,1788433500,-0.000462207,0.000399817,0,1,-0.000449454,0.000401843,5.54853e-07,1,-0.000365493,0.000369603,0,1,0.000410943,0,0.000314663,1
1788433620,-0.000513267,1.66872e-05,4.17174e-05,-0.000513267,0.000527812,0.500424,0.000145768,0.000143721,0.0421958,-0.000791996,-0.000585242,-0.00032307,-0.000119232,1.07312e-06,0.000108416,0.000318603,0.000611663,0.000826367,0.000146139,0.000143586,0.000143029,0.000143692,0.000139411,0.000145591,0.000149047,0.000147912,0.000385486,0,0.000302018,-0.000394549,0.000336293,0,0.496682,-0.000852492,-0.000332341,0.000323107,0.000893883,1788433500,-0.000402593,0.000365418,0,1,-0.000436757,0.000401318,0,1,-0.000434987,0.000401121,0,1,-0.000385231,0.00032024,0,1
1788433680,0.000550812,-4.59147e-05,0.000917852,-0.00022542,0.000527525,0.499165,0.000156856,0.000156323,0.0393521,-0.000789887,-0.000589963,-0.000327503,-0.00012006,-9.36552e-08,0.000102709,0.000317853,0.00060614,0.000816749,0.000157038,0.000157859,0.000157943,0.000161894,0.000161773,0.000155778,0.000156162,0.000156681,-0.000388158,0.000297236,0,-0.000409757,0.000362371,0,0.497561,-0.000912193,-0.000345675,0.000337519,0.000915003,1788433500,-0.000423387,0.000386073,0,1,-0.000415021,0.000355201,0,1,-0.000444573,0.000417023,0,1,-0.000464306,0.000369478,0,1
1788433740,0.000813145,7.09159e-05,0.00103404,7.09159e-05,0.000528001,0.501595,0.000243293,0.000242454,0.0392348,-0.000867868,-0.000653884,-0.000368151,-0.000135168,2.74001e-06,0.00012295,0.000362271,0.000686645,0.000920323,0.000241907,0.000252138,0.000243749,0.000246011,0.000251257,0.000242893,0.000234368,0.000243602,0.000438831,0,0.00040558,-0.000440493,0.000496247,0,0.499612,-0.000939729,-0.000368929,0.000366409,0.000994169,1788433500,0.000420092,0,0.000361166,0,-0.000439721,0.000388272,0,1,-0.000413523,0.000360624,0,1,-0.000454441,0.000362399,0,1
1788433800,-0.000975854,4.16827e-06,4.16827e-06,-0.0010301,0.000535194,0.497588,0.000307071,0.000309063,0.0433651,-0.000918782,-0.000688509,-0.000387959,-0.000147039,-2.59899e-06,0.000125817,0.000372469,0.000712287,0.000970982,0.000311027,0.000322322,0.000297257,0.000323051,0.000311431,0.000310107,0.000299572,0.000298791,-0.00045784,0.000446461,0,-0.000433499,0.00046491,0,0.497723,-0.000942229,-0.00036802,0.000357565,0.000993821,1788433800,-0.00047358,0.000433889,0,1,-0.00041677,0.000357528,0,1,-0.000440688,0.000376614,0,1,-0.000414943,0.000328706,0,1
1788433860,0.000279508,4.17234e-06,0.000292022,4.17234e-06,0.000547495,0.499153,8.98683e-05,9.12857e-05,0.0432209,-0.000935416,-0.000692486,-0.000387186,-0.000139215,-7.19222e-07,0.000128187,0.000372748,0.000700394,0.000942663,8.98103e-05,8.82684e-05,9.8239e-05,8.5415e-05,9.23549e-05,9.2027e-05,8.93302e-05,8.97798e-05,-0.000457159,0.000423176,0,0.000461716,4.32594e-06,0.00041405,0.501236,-0.0010157,-0.000383613,0.000385148,0.00103054,1788433800,-0.000458964,0.000432647,0,1,-0.000441082,0.000420085,0,1,0.000409549,0,0.000353224,1,-0.000413533,0.000337864,0,1
1788433920,0.000504586,-2.50274e-05,0.000504586,-2.50274e-05,0.000543431,0.501676,0.000143302,0.000141436,0.040622,-0.000798804,-0.00059924,-0.00032504,-0.000111641,1.84199e-06,0.000115933,0.000330299,0.000624395,0.000828859,0.00014398,0.000144867,0.000145437,0.000145903,0.000147347,0.00014314,0.000141846,0.000142198,0.00039359,0,0.000265906,0.000370252,0,0.000261109,0.503527,-0.000805728,-0.000301419,0.000311287,0.000835468,1788433800,0.000475446,3.85308e-06,0.000418901,1,-0.000444619,0.000423443,0,1,-0.000449359,0.000447,0,1,0.000414525,0,0.000332915,1
1788433980,4.16907e-06,-4.16909e-06,0.000245946,-0.000225156,0.000542682,0.503002,5.21115e-05,5.36431e-05,0.0410164,-0.00084588,-0.000639801,-0.00034433,-0.000123561,4.01653e-06,0.000122799,0.000342576,0.000635339,0.000852657,5.73203e-05,5.42509e-05,6.40085e-05,4.25724e-05,5.78447e-05,5.74065e-05,5.03722e-05,5.21407e-05,0.000412291,0,0.000314124,-0.000405733,0.000360369,0,0.497001,-0.000889339,-0.000343067,0.000331447,0.000912541,1788433800,-0.000406852,0.000331547,0,1,-0.000476871,0.000422863,0,1,0.000452803,1.17861e-06,0.000387158,1,-0.000476759,0.000395811,0,1
1788434040,4.16906e-06,-8.33816e-06,4.16906e-06,-0.000116741,0.000537228,0.504676,5.09634e-05,5.23017e-05,0.0415176,-0.000822778,-0.000614085,-0.00033825,-0.000123634,6.4359e-06,0.000113657,0.000332533,0.000623803,0.000840844,5.71834e-05,5.34289e-05,6.04674e-05,4.46801e-05,5.72864e-05,5.51927e-05,4.81026e-05,5.02166e-05,0.000402989,0,0.000327661,-0.000413702,0.000388857,0,0.499912,-0.00089761,-0.000345221,0.000344143,0.000945022,1788433800,-0.000429039,0.000364631,0,1,-0.000404758,0.000317492,0,1,0.000458625,0,0.000417147,1,0.000475902,0,0.000375269,1
1788434100,0.000808468,8.33806e-06,0.000845959,8.33806e-06,0.000531829,0.500519,0.000259605,0.000258187,0.0466558,-0.000761136,-0.000580287,-0.000308462,-0.000104188,1.00435e-06,9.68451e-05,0.000300933,0.000571897,0.000768721,0.000240192,0.000249277,0.000243998,0.00028666,0.000247554,0.000245743,0.000275656,0.000256028,0.000366271,0,0.000316761,-0.000348579,0.000241539,0,0.494677,-0.000746323,-0.000293443,0.000278066,0.000750819,1788434100,-0.000442716,0.000409663,0,1,-0.000423857,0.000366039,0,1,-0.000401929,0.000321936,0,1,0.000463864,0,0.000388854,1
1788434160,0.000137458,0,0.00062882,-0.000224972,0.000538755,0.505325,6.2247e-05,6.22949e-05,0.0417188,-0.000806749,-0.000600688,-0.00033843,-0.00012065,7.02113e-06,0.000115062,0.000337619,0.000639888,0.000906959,6.6211e-05,6.33768e-05,6.90204e-05,5.29164e-05,6.57594e-05,6.50778e-05,6.14741e-05,6.52194e-05,0.000405708,0,0.00031033,-0.000405552,0.000436379,0,0.499226,-0.000868835,-0.000340336,0.00033861,0.00093669,1788434100,-0.000372222,0.00029671,0,1,-0.00045141,0.000397206,0,1,-0.00042398,0.000365358,0,1,-0.000381068,0.000296349,0,1
1788434220,-0.0002916,-0.00011663,2.08253e-05,-0.000624961,0.000533695,0.504385,8.7056e-05,8.98194e-05,0.0467758,-0.000857188,-0.000643228,-0.000363335,-0.000127408,6.03738e-06,0.000125015,0.000345108,0.000654278,0.000893478,9.16548e-05,8.64869e-05,9.03298e-05,8.53904e-05,8.91504e-05,8.96407e-05,8.43467e-05,8.73795e-05,0.000426535,0,0.000366179,-0.000413917,0.000429213,0,0.496774,-0.000882597,-0.000351333,0.000337391,0.000934811,1788434100,-0.000442525,0.000401059,0,1,-0.000433876,0.000367518,0,1,-0.000456158,0.000399907,0,1,0.000430553,0,0.000323202,1
1788434280,0.000961957,-0.00010833,0.00116589,-0.000137498,0.000529938,0.508836,0.000312948,0.000309969,0.0464413,-0.000826977,-0.000613257,-0.000337668,-0.000117013,1.11361e-05,0.000125104,0.000348393,0.00065414,0.000886665,0.000299318,0.000321696,0.000311311,0.000330034,0.000317299,0.000313728,0.000298297,0.000309934,0.000412311,0,0.000369599,0.000391426,2.39428e-05,0.0003555,0.504958,-0.000846537,-0.000318161,0.000339071,0.000907948,1788434100,-0.000450178,0.000437855,0,1,0.000420116,0,0.000385971,1,0.000426559,0,0.000336753,0,-0.000443439,0.000362099,0,1
1788434340,0.000345412,3.3298e-05,0.000436947,-0.000291404,0.000541964,0.506746,0.000103662,0.000103192,0.0435375,-0.000936423,-0.000707744,-0.000395366,-0.000140469,1.00723e-05,0.000139124,0.000389803,0.000758771,0.00106341,0.000100556,0.00010046,0.000104915,0.000100589,9.96531e-05,0.000100622,0.000104106,0.000110026,0.000471711,8.64331e-06,0.000442056,0.000459187,9.34628e-05,0.000420932,0.500065,-0.000961039,-0.000380768,0.000382881,0.00105586,1788434100,0.000415028,0,0.000377478,0,0.000445382,0,0.000432073,1,0.000422698,0,0.000386261,1,0.000359327,0,0.000276787,0
1788434400,-0.000378711,-6.24151e-05,0.000104016,-0.000391199,0.000538736,0.504707,0.00010659,0.000107668,0.0471548,-0.000922309,-0.00068987,-0.000374844,-0.000142785,7.25791e-06,0.00013544,0.000371341,0.000727657,0.00101052,0.000108846,0.000106521,0.000106693,0.000106928,0.000108429,0.000107827,0.00010752,0.000104713,0.000448155,0,0.000423788,-0.000432826,0.000437504,0,0.498902,-0.000928776,-0.000361156,0.000360383,0.000995363,1788434400,-0.000481384,0.000452284,0,1,-0.000413374,0.000378604,0,1,-0.000439918,0.000422172,3.56028e-06,1,0.000434897,0,0.000348523,1
1788434460,-0.000841169,-7.07642e-05,4.16244e-06,-0.000886996,0.000536004,0.507111,0.000258746,0.000260566,0.0423162,-0.00083809,-0.000625028,-0.000346743,-0.000124177,9.43006e-06,0.000127736,0.00034637,0.000663555,0.000886928,0.000254939,0.000258099,0.000250164,0.000267028,0.000252506,0.000254361,0.000262515,0.000259938,0.000415907,0,0.000334399,-0.000385204,0.00037379,0,0.498154,-0.000834816,-0.000324427,0.000315459,0.000875219,1788434400,0.000451478,0,0.000411813,1,0.000443364,0,0.000429298,1,0.000421773,0,0.000391531,1,-0.000439614,0.000368854,0,1
1788434520,9.58124e-05,0.000141632,0.000216606,-0.00012082,0.000543788,0.506458,5.95699e-05,6.09656e-05,0.0355228,-0.000879557,-0.000644012,-0.00036504,-0.00012336,8.45758e-06,0.000131453,0.000358668,0.000682942,0.000909747,6.25228e-05,5.94544e-05,6.80761e-05,5.72907e-05,6.29998e-05,6.311e-05,5.8351e-05,5.6112e-05,0.000434783,0,0.000377404,0.00043403,4.39599e-06,0.000385278,0.500792,-0.000940218,-0.000360674,0.000361116,0.000961657,1788434400,0.000409607,0,0.000350568,1,-0.000445968,0.000424869,0,1,0.000446447,1.39877e-05,0.000425467,1,0.000428214,0,0.00035798,1
1788434580,-0.000208299,9.99683e-05,0.000249902,-0.000258298,0.000538493,0.506288,7.16132e-05,7.41801e-05,0.0369029,-0.000813046,-0.000598736,-0.000331533,-0.000114679,7.78329e-06,0.000114432,0.000336943,0.000640359,0.000852673,7.80555e-05,7.30353e-05,7.74987e-05,6.68194e-05,7.47433e-05,7.61596e-05,7.02432e-05,7.01219e-05,0.000401382,0,0.000362364,-0.000388296,0.0003381,0,0.499121,-0.000840721,-0.000320129,0.000325855,0.000877801,1788434400,0.000429762,0,0.000420542,1,-0.000402516,0.000369422,0,1,0.000453587,0,0.000413369,1,-0.000463739,0.000384162,0,1
1788434640,0.000941169,0.000141648,0.000941169,0.000141648,0.000533894,0.503779,0.000316723,0.00031374,0.0408315,-0.000812964,-0.000598914,-0.000335875,-0.0001205,5.27872e-06,0.000107846,0.000321941,0.000616495,0.000821751,0.000290001,0.00030983,0.000298178,0.000336706,0.000307108,0.000303081,0.000323581,0.000316837,0.000395988,0,0.00033847,-0.000379357,0.000330337,0,0.494468,-0.000837158,-0.000325419,0.000303893,0.000833339,1788434400,-0.000384826,0.000340138,0,1,-0.000416086,0.000380849,1.5502e-05,1,0.000386489,0,0.000362655,1,0.000459925,0,0.000369116,1
1788434700,0.000270526,4.1625e-06,0.000324623,-0.000262272,0.000545031,0.509148,8.4982e-05,8.48911e-05,0.0344986,-0.00084548,-0.000630076,-0.000352773,-0.000123468,1.22124e-05,0.000123504,0.000346032,0.00064866,0.000884069,8.80345e-05,8.64012e-05,9.28649e-05,7.86969e-05,8.79116e-05,8.80829e-05,8.65014e-05,8.43059e-05,0.00041984,0,0.000362895,-0.00042539,0.000432143,0,0.498224,-0.000905598,-0.000361825,0.000347123,0.000955678,1788434700,0.000371077,0,0.000359567,0,-0.000379875,0.000340737,6.14817e-06,1,-0.000401447,0.000375781,1.71695e-05,1,-0.000372247,0.000309226,0,1
1788434760,0.000515878,0,0.000544992,-9.98781e-05,0.000540907,0.506,0.000150039,0.000146391,0.036406,-0.00087597,-0.000636287,-0.000352252,-0.000129211,8.37927e-06,0.000122074,0.000337687,0.000658182,0.000910572,0.000146577,0.000147976,0.000148172,0.000147178,0.00014579,0.000145927,0.000154789,0.000153285,0.00041553,0,0.000377986,-0.000409368,0.000368139,0,0.496293,-0.000876568,-0.000347924,0.000331459,0.000918726,1788434700,-0.000446534,0.000394704,0,1,-0.000377247,0.000355445,0,0,-0.000399893,0.000363415,0,1,-0.000409617,0.000338389,0,1
1788434820,-0.000228784,8.73401e-05,0.000386734,-0.000282868,0.000540418,0.511823,7.70494e-05,8.0508e-05,0.0387147,-0.000848842,-0.000632319,-0.000355958,-0.000128082,1.68835e-05,0.000134616,0.000347578,0.000677957,0.000932083,8.17162e-05,7.66133e-05,8.10988e-05,6.8976e-05,8.05816e-05,7.99035e-05,7.7287e-05,7.96088e-05,0.000423044,0,0.000347407,0.000397802,2.07647e-05,0.00032337,0.500125,-0.000840993,-0.00033364,0.0003297,0.000911151,1788434700,-0.000416864,0.000392051,0,1,0.000445665,0,0.000394922,1,0.000378705,0,0.000354815,1,0.00040877,0,0.000326772,1
1788434880,9.15199e-05,-2.91217e-05,0.000274534,-4.99235e-05,0.000535964,0.507851,5.79631e-05,5.89398e-05,0.0399057,-0.000870982,-0.000634451,-0.000348974,-0.000127605,1.06925e-05,0.00012512,0.000340425,0.000654675,0.000882858,6.21967e-05,5.79887e-05,6.2229e-05,5.28706e-05,6.16171e-05,6.02009e-05,5.72139e-05,5.88851e-05,0.000414529,0,0.000367782,-0.000405805,0.000413572,0,0.497958,-0.000875456,-0.000344246,0.000331113,0.000910347,1788434700,0.000428112,0,0.000383898,1,0.000441358,0,0.000403249,1,0.000446898,0,0.000390088,1,0.00039047,0,0.000324455,1
1788434940,0.000245398,0,0.000465789,0,0.000530735,0.513206,7.73733e-05,7.65005e-05,0.04686,-0.000782153,-0.000571835,-0.000311912,-0.000109309,1.63083e-05,0.000114632,0.000315829,0.000598201,0.000811419,8.38058e-05,8.05203e-05,8.20655e-05,7.16248e-05,8.21634e-05,8.05267e-05,7.45398e-05,7.82053e-05,0.000376944,0,0.000290025,0.000357873,0,0.000276342,0.501089,-0.000768011,-0.000298038,0.00029327,0.000801903,1788434700,0.000422148,9.52969e-06,0.000379056,1,0.00041974,0,0.000375971,1,0.000443807,0,0.000403336,1,0.000436167,0,0.000343588,1
1788435000,0,-1.24764e-05,0.000769079,-0.000141409,0.000526546,0.510306,5.28498e-05,5.47791e-05,0.0554792,-0.000855461,-0.000640634,-0.000353478,-0.000125727,1.42046e-05,0.000120868,0.000333909,0.000645908,0.000879966,5.77258e-05,5.14964e-05,5.22561e-05,5.09833e-05,5.57186e-05,5.16953e-05,5.45271e-05,5.3601e-05,0.000414265,0,0.000389477,-0.000367625,0.000358477,0,0.494812,-0.000782642,-0.000322446,0.000287478,0.000779076,1788435000,0.00038244,0,0.000332313,1,-0.00040563,0.000390869,0,1,0.000413557,0,0.000381067,1,0.000426337,0,0.000340102,1
1788435060,-0.000482535,4.1587e-05,0.000228707,-0.00187737,0.000521254,0.514801,0.000136143,0.000137608,0.069706,-0.000850635,-0.000609677,-0.000337174,-0.000114235,1.94825e-05,0.000124635,0.000332679,0.000639958,0.000865905,0.000137505,0.000135151,0.000134601,0.000135697,0.000137524,0.000137541,0.000134403,0.00013812,0.000402341,5.00782e-07,0.000387924,-0.000377861,0.000427754,0,0.499424,-0.00080673,-0.000323208,0.000307929,0.000838798,1788435000,-0.000374148,0.000358397,1.35942e-05,1,-0.000366485,0.000325286,0,1,-0.000393951,0.000394643,0,1,0.000396063,0,0.000332717,1
1788435120,0.000657189,4.16078e-06,0.000727873,-7.07359e-05,0.000520508,0.512725,0.000184262,0.000180856,0.0596522,-0.000978462,-0.00072407,-0.000394304,-0.00013302,1.90906e-05,0.000160888,0.000421239,0.000808221,0.00105606,0.000186162,0.000192738,0.000193284,0.000189587,0.000185983,0.000188627,0.000177652,0.00018144,0.000491227,8.35528e-05,0.000561899,0.000429958,0.000140944,0.000495447,0.510413,-0.000915429,-0.000346628,0.000377028,0.00097318,1788435000,0.00039443,2.12723e-05,0.000393017,1,0.00039148,2.56786e-06,0.000368395,1,-0.000359742,0.00033525,1.18782e-06,1,-0.000392803,0.000336845,0,1
1788435180,0.000432344,2.9106e-05,0.000453125,2.9106e-05,0.000523591,0.512618,0.000123641,0.000119389,0.0485439,-0.000879274,-0.000652355,-0.000365087,-0.00012355,1.75376e-05,0.000135185,0.000378051,0.000710363,0.00092257,0.000123657,0.000124523,0.000124318,0.000125211,0.000121189,0.000122789,0.000122643,0.000123039,0.000446535,4.395e-05,0.000457329,0.000376571,2.64308e-05,0.000341059,0.501165,-0.000797845,-0.000315187,0.000313959,0.000847177,1788435000,0.00041104,4.10953e-05,0.000453851,1,0.000383634,1.44157e-05,0.000398691,1,-0.000365592,0.000356748,0,1,-0.000347099,0.000296227,0,1
1788435240,-0.000241092,-4.15627e-06,-4.15627e-06,-0.000498875,0.000521923,0.513831,7.89145e-05,8.25506e-05,0.050622,-0.000864884,-0.000640058,-0.000342303,-0.00012276,1.93698e-05,0.000130089,0.000354026,0.000663542,0.000911327,8.32624e-05,7.67672e-05,7.82535e-05,7.65698e-05,8.26051e-05,8.1268e-05,8.12767e-05,7.79915e-05,0.000418793,1.22638e-05,0.000406639,0.000349946,0,0.000286735,0.500861,-0.000765072,-0.000294519,0.000286449,0.000781679,1788435000,-0.00038436,0.000361974,0,1,-0.000407021,0.000428228,2.37487e-05,1,-0.000380279,0.000404024,2.81732e-05,1,-0.000337432,0.000298088,0,1
1788435300,-0.000756908,-0.000137199,-0.000137199,-0.000761068,0.000517801,0.511564,0.000225267,0.000228201,0.0521749,-0.000849812,-0.000631922,-0.00034573,-0.000118578,1.5235e-05,0.000132747,0.00035724,0.000669816,0.000886185,0.000221262,0.000228943,0.00022738,0.000218157,0.00022431,0.000223732,0.000223718,0.000231902,0.000422616,3.29526e-07,0.000441639,-0.00035704,0.000312281,0,0.498487,-0.000758025,-0.000298677,0.000292622,0.00079026,1788435300,0.000360689,0,0.000311595,1,0.000371137,0,0.00036051,1,0.00042754,1.99076e-05,0.000434336,1,-0.000389269,0.000344193,0,1
1788435360,0.00057813,4.57634e-05,0.00057813,-0.00012482,0.000523654,0.510694,0.000164616,0.000160706,0.0397351,-0.000839721,-0.00062124,-0.00034472,-0.000116968,1.3756e-05,0.000122771,0.000349433,0.000644259,0.000842838,0.000164219,0.000164972,0.000164955,0.000164912,0.000163593,0.000163143,0.000165597,0.000164078,0.000416772,7.83925e-07,0.000407044,-0.000372496,0.000323599,0,0.497817,-0.000799402,-0.000313979,0.000300538,0.000797641,1788435300,-0.000379323,0.000363971,0,1,-0.000364602,0.000334256,0,1,0.000377479,5.73422e-06,0.000361442,1,-0.000475038,0.000423894,0,1
1788435420,-0.00057813,-0.000149699,-2.49483e-05,-0.00057813,0.000524799,0.510531,0.000161855,0.000163231,0.0359209,-0.000786897,-0.000584569,-0.00033404,-0.000113129,1.30684e-05,0.000123549,0.000340861,0.000622621,0.00081863,0.000163772,0.000161779,0.000161279,0.00016349,0.000163268,0.00016314,0.000162197,0.000167258,0.000405231,0,0.000397657,-0.000385658,0.000360206,0,0.498512,-0.000804646,-0.000322904,0.000315661,0.000845175,1788435300,0.000379169,0,0.00036442,1,-0.000389212,0.000374188,0,1,-0.000366589,0.000342429,0,1,-0.000388545,0.000332931,0,1
1788435480,0.00019552,2.08018e-05,0.000324459,-0.000195558,0.000525919,0.504624,7.14098e-05,7.07904e-05,0.035764,-0.000813468,-0.000597052,-0.00033647,-0.000126771,6.46947e-06,0.000117279,0.000330125,0.000597401,0.000799186,7.57625e-05,7.17706e-05,7.57001e-05,6.51672e-05,7.44417e-05,7.46734e-05,7.21489e-05,7.16534e-05,0.000400416,0,0.00038145,-0.000378172,0.000323843,0,0.499187,-0.000833263,-0.000318429,0.00030749,0.000821544,1788435300,-0.000393942,0.000341708,1.98632e-05,1,-0.000374389,0.000347372,2.13686e-06,1,0.000386874,0,0.000361756,1,0.000367344,0,0.000277272,1
1788435540,8.73477e-05,-0.000133116,0.000216276,-0.000274571,0.000521367,0.513109,5.38558e-05,5.46784e-05,0.0371585,-0.000774766,-0.000580981,-0.000324165,-0.000110575,1.6367e-05,0.000125387,0.000335543,0.000603246,0.000802856,6.18709e-05,5.57369e-05,5.92601e-05,5.07887e-05,6.07589e-05,6.03437e-05,5.0926e-05,5.05459e-05,0.000396507,0,0.000380031,0.000372169,0,0.000335635,0.504081,-0.000785296,-0.000305335,0.000312595,0.000826219,1788435300,0.000364602,0,0.000341869,1,-0.000382182,0.000370598,1.32327e-05,1,-0.000355146,0.00032232,1.49437e-05,1,0.000372371,0,0.000307296,1
1788435600,0.000182989,-2.07964e-05,0.000407522,-0.00029951,0.000516274,0.512886,6.73522e-05,6.60328e-05,0.041663,-0.000775983,-0.000581083,-0.000319756,-0.000108819,1.57918e-05,0.000117065,0.000320948,0.000584471,0.000777758,7.36607e-05,6.85376e-05,6.97063e-05,6.4348e-05,7.15373e-05,7.04682e-05,6.80173e-05,6.49303e-05,0.000384511,0,0.000376207,0.000366271,0,0.000336705,0.500994,-0.000793989,-0.000308389,0.000299629,0.000795958,1788435600,-0.000376377,0.000345222,5.74428e-06,1,-0.000369894,0.000335968,0,1,-0.000385797,0.000356386,1.41569e-05,1,-0.000348946,0.000289557,0,1
1788435660,0.000548768,-4.57442e-05,0.000548768,-9.14905e-05,0.00051174,0.515819,0.000156726,0.00015191,0.047775,-0.000819305,-0.000606302,-0.000339748,-0.000114479,2.11275e-05,0.000129388,0.000336648,0.000621804,0.000829061,0.000155996,0.000156688,0.000156386,0.000156693,0.000154268,0.000155557,0.00015601,0.000158492,0.000406056,7.96557e-06,0.000429164,0.00036985,0,0.000356756,0.501489,-0.000785129,-0.000310191,0.000306717,0.000816385,1788435600,-0.000366316,0.000335506,0,1,-0.00038707,0.000356064,0,1,-0.000362037,0.000334053,0,1,-0.000386737,0.00032598,0,1
1788435720,0.000502773,0,0.000523543,-0.000153791,0.000512507,0.518476,0.000144633,0.000139001,0.0444419,-0.000788581,-0.000591479,-0.000321988,-0.00010758,2.39161e-05,0.0001252,0.000324202,0.000606489,0.000831027,0.000142937,0.000143924,0.000143722,0.000143328,0.000140012,0.000142431,0.000145743,0.00014748,0.000387914,0,0.00038602,-0.000350209,0.000329381,0,0.499932,-0.000743597,-0.000295952,0.000285483,0.000769674,1788435600,-0.000390623,0.00037293,0,1,-0.000381344,0.000347339,0,1,-0.000395263,0.000348945,0,1,-0.000372017,0.000298624,0,1
1788435780,-0.000153714,-0.000124631,0.000407019,-0.000274208,0.000512314,0.51453,6.29235e-05,6.74432e-05,0.0468011,-0.000835461,-0.000633823,-0.000341198,-0.000123341,2.06202e-05,0.000136446,0.000349243,0.000639964,0.000875457,6.8916e-05,6.12601e-05,6.29391e-05,6.0066e-05,6.81392e-05,6.66075e-05,6.39168e-05,6.37554e-05,0.000415027,9.00708e-06,0.000422036,0.000354514,0,0.000321811,0.50117,-0.000749648,-0.000295399,0.00029478,0.000796003,1788435600,-0.000376046,0.000341707,0,1,-0.000389532,0.000379206,0,1,-0.000387898,0.000340764,0,1,-0.000381645,0.000316488,0,1
1788435840,0.000145405,-0.000112184,0.00035309,-0.000112184,0.000507631,0.515629,6.34027e-05,6.11578e-05,0.0513551,-0.000837405,-0.000616957,-0.000339686,-0.000120971,2.20324e-05,0.000136999,0.000341685,0.00061782,0.000828987,6.69445e-05,6.13745e-05,6.18177e-05,6.39845e-05,6.29571e-05,6.40986e-05,6.31621e-05,6.38104e-05,0.000409003,2.48743e-05,0.000417375,0.000360228,9.22214e-06,0.000339448,0.501532,-0.000766095,-0.000303782,0.000295227,0.000793108,1788435600,-0.000384336,0.000363481,0,1,-0.000379007,0.000363038,0,1,-0.000395381,0.000374229,0,1,-0.000386539,0.000319032,0,1
1788435900,0.000618775,3.32325e-05,0.000689349,3.32325e-05,0.00050295,0.517694,0.000177606,0.000171375,0.062649,-0.000843093,-0.000639805,-0.000351271,-0.000117544,2.48364e-05,0.000137005,0.000340024,0.00062054,0.00084116,0.000174858,0.00018036,0.000181657,0.000176456,0.000170668,0.000175077,0.000176989,0.000186106,0.000415391,2.1017e-05,0.000427848,0.000357751,2.60645e-06,0.000323397,0.502955,-0.000756991,-0.000302682,0.00029341,0.000762917,1788435900,-0.000392222,0.000400764,0,1,-0.000379279,0.00036963,0,1,-0.000378718,0.000351287,0,1,-0.000396368,0.000339401,0,1
1788435960,0.000319619,-6.22754e-05,0.000659881,-9.13386e-05,0.000505526,0.519103,9.47965e-05,8.90256e-05,0.0582791,-0.000790706,-0.000598024,-0.000330237,-0.000113507,2.63265e-05,0.000130152,0.000331226,0.000615201,0.000828592,9.58039e-05,9.29287e-05,9.26692e-05,9.2422e-05,8.93853e-05,9.41207e-05,9.48954e-05,0.000102201,0.000396962,1.49202e-05,0.000392476,0.000355557,0,0.000313192,0.500196,-0.000750821,-0.00029767,0.000292581,0.000789751,1788435900,-0.000381807,0.000354064,0,1,-0.000383552,0.000370448,0,1,-0.000381956,0.000363568,0,1,-0.000373666,0.000310904,0,1
1788436020,-0.000950857,0.000165996,0.000282176,-0.000950857,0.000502483,0.520751,0.000311579,0.00031929,0.0701787,-0.000831321,-0.000616405,-0.000337208,-0.000118457,3.04905e-05,0.000140802,0.000339973,0.000634487,0.0008649,0.000297612,0.000324905,0.000323411,0.000312735,0.000328683,0.000308414,0.000316776,0.000296034,0.000406586,1.97434e-05,0.000407754,-0.000357708,0.000353118,0,0.499493,-0.000751659,-0.000301078,0.000291398,0.00079312,1788435900,-0.000381819,0.00034566,0,1,-0.000387589,0.00035726,0,1,-0.000375055,0.000361186,1.57913e-05,1,-0.000383439,0.000322363,0,1
1788436080,-0.000901865,0,0.00026168,-0.0010474,0.000515288,0.518511,0.000279292,0.000284256,0.0377921,-0.000897331,-0.000647239,-0.000354638,-0.000119057,2.65774e-05,0.000148724,0.000362352,0.000659318,0.000860021,0.000277933,0.000293994,0.00027522,0.00027939,0.000285268,0.000275398,0.000279783,0.000281002,0.000430916,3.69379e-05,0.000439208,0.000409549,8.98699e-06,0.000393193,0.505019,-0.000876672,-0.000335753,0.000343993,0.000894188,1788435900,-0.000383406,0.000373881,0,0,-0.000365669,0.000346156,0,0,-0.000362903,0.000328378,0,1,-0.000369516,0.000313819,0,1
1788436140,0.000311797,0,0.000311797,-7.48456e-05,0.000525812,0.520544,9.51494e-05,9.25028e-05,0.0433936,-0.000942144,-0.00068716,-0.000380063,-0.000121584,3.08923e-05,0.000162172,0.000395212,0.000721389,0.000943304,9.45366e-05,9.13742e-05,9.96227e-05,9.87693e-05,9.42236e-05,9.66111e-05,9.35704e-05,9.20556e-05,0.000466411,5.78819e-05,0.000496792,0.000445053,3.34434e-05,0.000440073,0.509485,-0.000952826,-0.000357958,0.000380955,0.000962352,1788435900,0.000413116,9.39249e-06,0.00039703,1,-0.000376303,0.000368428,0,0,-0.000364341,0.000344003,0,1,-0.000332534,0.000277996,0,1
1788436200,-0.000145493,0,0.000332476,-0.000157965,0.000522392,0.519994,6.11728e-05,6.61355e-05,0.0393496,-0.000820365,-0.000611592,-0.000325902,-0.000103274,2.52868e-05,0.000140981,0.000338015,0.000616616,0.0008018,6.76921e-05,6.12621e-05,6.81764e-05,5.71224e-05,6.56494e-05,6.69096e-05,5.85734e-05,5.95472e-05,0.000399685,0,0.000390572,0.000366032,0,0.000317731,0.503326,-0.000793322,-0.000299199,0.000306459,0.000789148,1788436200,-0.000435299,0.000417066,1.32682e-05,1,-0.000404392,0.000372815,1.25809e-06,1,-0.000367845,0.000350865,0,0,-0.000369314,0.000301095,0,1
1788436260,0.000619238,7.89845e-05,0.000619238,7.89845e-05,0.000517551,0.51556,0.000178715,0.00017324,0.0409713,-0.000854795,-0.00063275,-0.000347185,-0.000121023,2.19203e-05,0.000135948,0.000330959,0.000610044,0.000807986,0.000174975,0.000177279,0.000176571,0.000176246,0.000174324,0.000174808,0.000189552,0.000184664,0.000407906,0,0.000415547,-0.000380285,0.000304949,0,0.497083,-0.000831451,-0.000324647,0.00030269,0.000809955,1788436200,-0.000364194,0.000289178,0,1,-0.000413007,0.000360351,3.93089e-05,1,-0.000384805,0.000348968,1.48334e-05,1,-0.000364572,0.000297831,0,1
1788436320,-9.5562e-05,2.07731e-05,0.000228481,-0.000236844,0.000519779,0.522383,5.44636e-05,5.83678e-05,0.0369454,-0.000802296,-0.00060561,-0.000326001,-0.000103841,2.93464e-05,0.000141713,0.000331165,0.000598341,0.000796655,6.31719e-05,5.5934e-05,6.34873e-05,4.91786e-05,6.13259e-05,6.18416e-05,5.17414e-05,5.31794e-05,0.000394895,0,0.000381612,-0.000374372,0.000306736,0,0.49808,-0.000789278,-0.000316643,0.000300184,0.000805662,1788436200,-0.000379094,0.000345001,0,1,-0.00036784,0.000300322,0,1,-0.000408825,0.000364632,3.62138e-05,1,-0.000392739,0.000312381,0,1
1788436380,-0.000411436,4.57047e-05,6.64789e-05,-0.00041975,0.000514733,0.516427,0.000114786,0.000118212,0.0397694,-0.000829939,-0.000621696,-0.000330692,-0.000113294,2.18639e-05,0.000134892,0.000331405,0.000599702,0.000798717,0.000118065,0.000115517,0.000115075,0.000115785,0.000117558,0.000117009,0.000110346,0.000115191,0.000397341,0,0.000408677,-0.00036759,0.000301631,0,0.496829,-0.000795958,-0.000311568,0.000296695,0.00080066,1788436200,-0.000400849,0.000330781,0,1,-0.000396019,0.000347333,0,1,-0.000382198,0.000308143,0,1,-0.000433935,0.000344463,0,1
1788436440,-0.000303491,-5.81966e-05,1.6627e-05,-0.0005738,0.000512871,0.519132,8.58189e-05,8.84232e-05,0.0417365,-0.000746934,-0.00055518,-0.000301628,-0.000100782,2.33576e-05,0.000123939,0.000306942,0.000557169,0.000744012,9.40077e-05,8.6562e-05,9.00952e-05,8.54482e-05,9.12359e-05,9.12449e-05,8.45216e-05,8.684e-05,0.000365657,0,0.00032068,-0.000334961,0.000281359,0,0.496385,-0.000719689,-0.000278932,0.000271803,0.000725776,1788436200,-0.000381997,0.000360387,0,1,-0.000424336,0.000376204,0,1,-0.000392105,0.000340557,0,1,-0.000391265,0.000301746,0,1
1788436500,0.000590267,-4.98977e-05,0.000773096,-0.000103956,0.000509527,0.515737,0.000167598,0.000162305,0.0469972,-0.000778268,-0.00057803,-0.000323961,-0.000112185,2.05708e-05,0.000130298,0.000330689,0.000597561,0.000784415,0.000166985,0.000168243,0.000168139,0.000171712,0.000167051,0.000166777,0.000168828,0.000167722,0.000393267,0,0.000408336,0.000353367,0,0.00034493,0.500484,-0.000761878,-0.000291092,0.000296712,0.000769504,1788436500,0.000358826,0,0.000312004,1,-0.000398634,0.000363813,0,1,-0.000416433,0.000337498,0,1,-0.000390466,0.000298678,0,1
1788436560,-0.000265993,-7.89592e-05,-1.66225e-05,-0.000320031,0.000511267,0.517362,8.24425e-05,8.68337e-05,0.0393111,-0.00083834,-0.000624489,-0.000347323,-0.000115273,2.37886e-05,0.000141054,0.000350133,0.000628134,0.000836381,8.77442e-05,8.0141e-05,8.36065e-05,8.00075e-05,8.55565e-05,8.56084e-05,8.51232e-05,8.01035e-05,0.000418709,2.10803e-05,0.000443998,0.000390114,5.18637e-06,0.000371341,0.501963,-0.000837899,-0.000325228,0.000327332,0.000866393,1788436500,-0.000361641,0.000332822,0,1,-0.000350991,0.000323676,0,1,-0.000397839,0.000352063,0,1,-0.000384484,0.000293964,0,1
1788436620,0.000693927,-8.31342e-06,0.000693927,-1.66269e-05,0.000507524,0.512573,0.000212057,0.000206847,0.0434259,-0.000786565,-0.000585226,-0.000321253,-0.000112708,1.59164e-05,0.000123058,0.000316644,0.00056522,0.000752106,0.000195839,0.000208034,0.000204805,0.000223898,0.000198562,0.000198611,0.000219766,0.000214945,0.00038298,0,0.000370386,-0.000322998,0.000243778,0,0.49634,-0.000715389,-0.00027123,0.000259353,0.000697827,1788436500,-0.000407616,0.00036697,0,1,-0.000364529,0.000335084,0,1,0.0003407,0,0.000322096,1,-0.00039039,0.000313164,0,1
1788436680,-0.000124622,2.49225e-05,0.000149526,-0.000290809,0.000511918,0.519338,5.694e-05,6.13425e-05,0.037169,-0.000781254,-0.000587775,-0.000321757,-0.000107077,2.51797e-05,0.000137746,0.000336906,0.00059692,0.000790185,6.48379e-05,5.66918e-05,6.21167e-05,5.12681e-05,6.26125e-05,6.34433e-05,5.61545e-05,5.65337e-05,0.000396504,0,0.000379722,-0.000373068,0.000349446,0,0.499396,-0.000787003,-0.000314246,0.000306444,0.000821548,1788436500,0.000341217,0,0.000285192,1,-0.000392829,0.000365246,0,1,-0.000375134,0.000340233,0,1,-0.00034414,0.000279003,0,1
1788436740,-0.000490331,2.07714e-05,0.000274148,-0.000565148,0.000507079,0.511298,0.000136132,0.000138425,0.0408725,-0.000806998,-0.000591363,-0.000325007,-0.000119828,1.50047e-05,0.000127181,0.000324371,0.000581805,0.000770348,0.00013985,0.00013723,0.000136919,0.000137508,0.000139545,0.000138832,0.000131928,0.000135159,0.00038967,0,0.000383296,-0.000354047,0.000280639,0,0.495063,-0.000768908,-0.000300846,0.000285504,0.000772401,1788436500,-0.000422112,0.000357772,0,1,-0.000357024,0.00031044,0,1,-0.000403404,0.000388728,0,1,-0.000393211,0.000322875,0,1
1788436800,-2.0782e-05,4.15635e-06,0.000157929,-0.000469779,0.00050675,0.50667,5.9167e-05,6.26298e-05,0.0401342,-0.000945495,-0.00071394,-0.000401532,-0.000145062,1.0222e-05,0.000145278,0.000388049,0.000704208,0.000910915,5.90243e-05,5.00164e-05,5.39443e-05,6.91252e-05,5.61926e-05,5.6667e-05,6.73322e-05,5.2891e-05,0.000474592,5.54553e-05,0.000571718,-0.000449045,0.000516562,7.34083e-05,0.490232,-0.000939371,-0.000383609,0.000351314,0.000918416,1788436800,-0.000387821,0.000350399,0,1,-0.000419686,0.000383168,0,1,0.000359094,0,0.000300904,1,-0.000428126,0.00034138,0,1
1788436860,-0.000278521,7.48133e-05,0.00012053,-0.000328413,0.000501665,0.511161,8.2926e-05,8.61756e-05,0.0457839,-0.000806356,-0.000594974,-0.000323984,-0.000112766,1.39142e-05,0.000130131,0.000337412,0.000613592,0.000798516,8.95976e-05,8.12554e-05,8.28921e-05,8.19081e-05,8.65929e-05,8.63784e-05,8.11408e-05,8.28412e-05,0.000397911,0,0.000415834,-0.00036858,0.000335118,8.35419e-06,0.49812,-0.000793791,-0.000306931,0.000310247,0.000809148,1788436800,-0.000552053,0.00050543,0,1,-0.000397159,0.000358399,0,1,-0.000415826,0.000367451,0,1,0.000363119,0,0.000279668,1
1788436920,0.00056943,0,0.00056943,0,0.000498183,0.510877,0.000162524,0.000158046,0.0518191,-0.000761441,-0.000560914,-0.000304182,-0.000109604,1.31336e-05,0.000117905,0.000310684,0.000573997,0.000754223,0.000161789,0.000162408,0.000162217,0.00017015,0.000161149,0.000161176,0.00016699,0.000161643,0.000369475,0,0.00031894,-0.00033934,0.000276286,0,0.493373,-0.000753698,-0.000288448,0.000276037,0.000733342,1788436800,-0.000403349,0.000354267,0,1,-0.000551526,0.000502067,0,1,-0.000397446,0.000348166,0,1,-0.000402589,0.000318291,0,1
1788436980,-0.000590218,0,0.00011634,-0.00062348,0.000499707,0.515323,0.000168846,0.000171783,0.0421974,-0.000752758,-0.000561369,-0.000300568,-0.000102661,1.82155e-05,0.000126956,0.000318646,0.000574916,0.000757176,0.000167472,0.00016674,0.000164515,0.000177784,0.00016665,0.000166627,0.00016615,0.000175531,0.000373185,0,0.000313801,-0.000337435,0.000304086,0,0.495384,-0.000724906,-0.000286871,0.000273807,0.000736047,1788436800,0.000373245,0,0.000319957,1,-0.000406561,0.000372178,0,1,-0.000532163,0.000423486,0,1,-0.00039662,0.000320355,0,1
1788437040,0.000457242,-4.1577e-06,0.000465553,-0.000403378,0.000501678,0.506561,0.000132573,0.00012793,0.0393054,-0.000826282,-0.000605668,-0.000328936,-0.00012448,8.70317e-06,0.000124691,0.000330582,0.000609239,0.000810699,0.000130458,0.00013128,0.000131256,0.000130904,0.00012963,0.000129558,0.000134101,0.00013624,0.000395856,0,0.000359439,-0.000368568,0.000322679,0,0.494811,-0.000809028,-0.000312013,0.000300285,0.000801068,1788436800,-0.00037615,0.000321038,0,1,-0.000368201,0.000323858,0,1,-0.000426611,0.000380457,0,1,-0.000445897,0.000343585,0,1
1788437100,4.57127e-05,8.31155e-06,0.000128821,-9.9744e-05,0.000500827,0.512392,5.36212e-05,5.50124e-05,0.0374902,-0.000810588,-0.000604214,-0.000329836,-0.000115585,1.60667e-05,0.00013784,0.000355216,0.00063978,0.000854526,5.96263e-05,5.10187e-05,5.51697e-05,5.30499e-05,5.72178e-05,5.84836e-05,5.34764e-05,5.07697e-05,0.000412796,0,0.000397246,-0.000381789,0.000383297,0,0.498108,-0.00080002,-0.000316669,0.000320882,0.00085109,1788437100,-0.000384879,0.000368774,0,1,0.00038477,0,0.000340747,1,-0.000370087,0.000342801,0,1,-0.000444788,0.000374173,0,1
1788437160,-0.000299248,1.24667e-05,1.24667e-05,-0.000469693,0.000495836,0.511786,8.43183e-05,8.60702e-05,0.0424524,-0.000751689,-0.000558155,-0.000295534,-0.000108764,1.42672e-05,0.000114839,0.000302143,0.000547759,0.000732793,9.30497e-05,8.42626e-05,8.59758e-05,8.41915e-05,9.0219e-05,9.02163e-05,8.14473e-05,8.58228e-05,0.00035927,0,0.00031433,-0.000317958,0.000237996,0,0.49361,-0.00069595,-0.000267244,0.000254965,0.000692627,1788437100,-0.000425459,0.000372047,0,1,-0.000396254,0.000363003,0,1,-0.00038719,0.000351087,0,1,0.000388824,0,0.000306918,1
1788437220,-0.000361711,-6.65117e-05,0.000103916,-0.000486469,0.000492674,0.512491,0.000103177,0.00010414,0.0464595,-0.000752002,-0.000556555,-0.000303766,-0.000106915,1.49791e-05,0.000121745,0.000319029,0.000575368,0.000764445,0.000104011,0.000101598,0.00010112,0.000101655,0.00010218,0.000103347,0.0001037,0.000105726,0.000374807,0,0.000328656,-0.0003447,0.000294989,0,0.494834,-0.000744389,-0.0002887,0.000284331,0.000759182,1788437100,-0.000346625,0.000302423,0,1,-0.000422143,0.000403072,0,1,-0.000387152,0.000350251,0,1,0.000385674,0,0.000293688,1
1788437280,-0.000116441,0.000133058,0.00034924,-0.000199621,0.000490397,0.511606,5.48807e-05,5.7518e-05,0.0504259,-0.000766781,-0.000562065,-0.000315551,-0.000112668,1.45357e-05,0.000125239,0.000325952,0.000592396,0.000781549,6.41361e-05,5.31371e-05,5.44814e-05,5.20913e-05,6.00181e-05,5.96978e-05,5.58592e-05,5.39582e-05,0.000385541,0,0.000346386,-0.000349028,0.000320409,0,0.497922,-0.000759415,-0.000291471,0.000290207,0.000762786,1788437100,0.000386115,0,0.0003417,1,-0.000366946,0.000316651,0,1,0.000431704,0,0.000413512,1,-0.000395471,0.000313107,0,1
1788437340,0.000685972,0,0.000802333,-5.82254e-05,0.000485748,0.509874,0.000204271,0.00020107,0.0609856,-0.000758867,-0.00055912,-0.000307006,-0.000112294,1.20893e-05,0.000121484,0.000321522,0.000583526,0.000769067,0.00019399,0.000208597,0.000209328,0.000209951,0.000199946,0.00020041,0.000201363,0.000201571,0.00037812,0,0.000332321,-0.000331747,0.000318597,0,0.497624,-0.000727346,-0.000276362,0.000278029,0.000735102,1788437100,-0.000375509,0.000342096,0,1,-0.000387155,0.000349737,0,1,-0.000376768,0.000316352,0,1,-0.000434042,0.00036007,0,1
1788437400,0.00114639,-8.312e-06,0.0011713,-8.72794e-05,0.000490554,0.509691,0.000418105,0.000414208,0.0409045,-0.000791314,-0.000590804,-0.000326689,-0.000120508,1.27209e-05,0.00012802,0.000338561,0.000614176,0.000810073,0.000392306,0.000428685,0.000419496,0.000432574,0.000408621,0.000402838,0.0004085,0.000420781,0.000399954,0,0.000379418,-0.000366159,0.000373439,0,0.495693,-0.000782902,-0.0003102,0.000301661,0.000815411,1788437400,0.00035514,0,0.00032839,0,-0.000378138,0.000337431,0,0,0.000384334,0,0.000357774,1,0.000371106,0,0.000287464,1
1788437460,0.000103775,0,0.000597597,-0.000336305,0.000511971,0.503094,6.45108e-05,6.61775e-05,0.0424297,-0.000926728,-0.000689081,-0.000389819,-0.000152618,5.20958e-06,0.000141744,0.000383267,0.000708135,0.000984813,6.29632e-05,5.61495e-05,6.82125e-05,5.69187e-05,6.08278e-05,6.68392e-05,6.61966e-05,7.1535e-05,0.000464465,0,0.000452436,-0.000440933,0.000457285,0,0.49175,-0.000915301,-0.0003748,0.000352542,0.00098085,1788437400,-0.000395609,0.000353303,0,0,-0.000346605,0.000316837,0,0,-0.000378613,0.000340953,0,0,0.000381361,0,0.000311833,1
1788437520,-0.000381946,1.6603e-05,1.6603e-05,-0.000693422,0.000507038,0.510593,0.000108223,0.000109637,0.0410084,-0.000907235,-0.000672649,-0.00036827,-0.000139052,1.62353e-05,0.000145066,0.000377524,0.000696598,0.000973762,0.000109399,0.000107301,0.000106939,0.000107729,0.000110944,0.000109053,0.000107518,0.000109365,0.00044822,0,0.000429526,-0.00043412,0.000472522,0,0.498111,-0.000912655,-0.000362038,0.000355766,0.000975331,1788437400,-0.000499915,0.000438155,0,1,0.000392376,0,0.000362685,1,-0.000354757,0.000348235,0,0,-0.000386982,0.00031272,0,1
1788437580,7.05879e-05,-1.24572e-05,0.000149474,-0.000652136,0.00050484,0.513011,5.70809e-05,5.85618e-05,0.0385377,-0.000855989,-0.000625194,-0.000346579,-0.000123125,1.81141e-05,0.000139971,0.000367044,0.000673742,0.000889641,6.10892e-05,5.32542e-05,6.14329e-05,5.64622e-05,5.84754e-05,6.00462e-05,5.79021e-05,5.41711e-05,0.000429426,0,0.000400602,0.000403974,7.9996e-06,0.000356232,0.500422,-0.000856875,-0.000330601,0.00034243,0.000912634,1788437400,-0.000489578,0.000485385,0,1,0.00048864,3.61199e-06,0.000420416,1,0.00039956,0,0.000363959,1,-0.00038043,0.000310831,0,0
1788437640,7.05829e-05,-9.96549e-05,0.000186826,-0.000377911,0.000499866,0.512307,5.75065e-05,5.85729e-05,0.0415903,-0.000843574,-0.000628263,-0.000348051,-0.000126119,1.74184e-05,0.000134626,0.000366602,0.000676662,0.000898835,6.09969e-05,5.24584e-05,5.84293e-05,6.09175e-05,5.80333e-05,5.77772e-05,5.73123e-05,5.56103e-05,0.00042984,0,0.000431121,0.000415216,1.13661e-05,0.000408922,0.500266,-0.000868801,-0.000337626,0.00035218,0.00093134,1788437400,0.000453232,0,0.000391962,1,-0.000486031,0.000464633,0,1,0.000482726,0,0.00042142,1,0.000414104,0,0.000372107,1
1788437700,0.000912977,-0.000141171,0.000912977,-0.000207611,0.000494943,0.511291,0.000290674,0.000285834,0.0480134,-0.000875805,-0.00066729,-0.000367744,-0.000130996,1.64208e-05,0.000130806,0.000361442,0.00066273,0.000880535,0.00028058,0.000309823,0.000298299,0.00027773,0.000290441,0.000296647,0.000285405,0.000301503,0.000437965,0,0.000455724,-0.000409593,0.000395331,6.80885e-07,0.496876,-0.000862888,-0.000344523,0.000333708,0.000877967,1788437700,-0.000451686,0.000401014,0,1,-0.000433912,0.00039306,0,1,-0.00047629,0.000438971,0,1,0.000475497,0,0.00043661,1
1788437760,-0.000987712,0.000107842,0.000107842,-0.00111644,0.000506695,0.511402,0.000317967,0.000323079,0.0405742,-0.000899189,-0.000665924,-0.000377947,-0.000135527,1.71802e-05,0.000138316,0.000381838,0.000721956,0.000995496,0.000314774,0.000338946,0.000312839,0.000326503,0.000334283,0.00031767,0.000312549,0.000306603,0.000456067,3.63939e-06,0.000442044,-0.000404481,0.000458751,0,0.497456,-0.000851797,-0.00034019,0.000335832,0.000925351,1788437700,-0.000426283,0.000376318,2.01463e-05,1,-0.000429543,0.000399858,1.64177e-05,1,0.000426131,0,0.000412278,1,-0.000457552,0.000426856,1.14286e-05,1
1788437820,-0.000714416,5.39758e-05,0.000701459,-0.000731037,0.000520688,0.515321,0.000203183,0.000205272,0.0410985,-0.000946241,-0.000689989,-0.000380177,-0.000128162,2.28108e-05,0.000139264,0.000388185,0.000714769,0.000941235,0.00020435,0.000210557,0.000199293,0.000205163,0.000207129,0.000201852,0.000204978,0.000206282,0.000461541,0,0.000443048,0.000448056,3.25482e-05,0.000430226,0.501991,-0.000972252,-0.000367888,0.000375507,0.00099526,1788437700,-0.000433584,0.000401724,0,0,0.000446786,0,0.000422066,1,-0.000443209,0.000397793,1.90265e-05,1,-0.00041852,0.000394758,0,1
1788437880,-0.000245179,0,7.47884e-05,-0.00053199,0.000525263,0.514312,8.64031e-05,8.96655e-05,0.0454694,-0.000971629,-0.000714346,-0.00039669,-0.00013727,2.2576e-05,0.000155102,0.000411646,0.000760348,0.0010024,8.34958e-05,7.84743e-05,8.87156e-05,8.85536e-05,8.20662e-05,8.59396e-05,9.43071e-05,8.11074e-05,0.000485956,5.13759e-05,0.000469151,0.00047006,0.000111911,0.000446383,0.506289,-0.000990424,-0.000379431,0.000397195,0.00102671,1788437700,0.000438678,2.32372e-05,0.000418063,1,0.000419966,2.98878e-06,0.000380416,0,-0.000429625,0.000370576,0,1,-0.00045865,0.000440933,0,1
1788437940,0.000124675,2.49362e-05,0.000203627,-7.0656e-05,0.000521139,0.512583,6.20104e-05,6.33022e-05,0.0439684,-0.000896586,-0.000660093,-0.000361244,-0.000128473,1.81933e-05,0.000135416,0.000378186,0.000695133,0.000914292,6.42829e-05,6.02328e-05,7.01055e-05,6.20014e-05,6.26111e-05,6.43444e-05,6.20612e-05,5.87172e-05,0.00044471,0,0.00044009,-0.000418994,0.000389443,0,0.499931,-0.000912492,-0.000343353,0.00035446,0.00092377,1788437700,0.000477685,0,0.000490776,1,-0.000440623,0.000410401,0,1,0.000423863,8.01574e-06,0.000378284,0,-0.000402725,0.000382561,0,1
1788438000,-0.000719172,-4.15558e-06,-4.15558e-06,-0.000727489,0.000516202,0.514098,0.000213916,0.00021469,0.0429286,-0.000816897,-0.000614812,-0.000332452,-0.000118928,1.91793e-05,0.000119014,0.000343869,0.000633821,0.000834944,0.000206037,0.000213285,0.000201082,0.000219379,0.000207582,0.000207999,0.000212809,0.000221475,0.000406569,0,0.000374908,-0.000371118,0.000307943,0,0.498418,-0.000817374,-0.000309931,0.00030628,0.000812064,1788438000,-0.000401333,0.000360464,1.80546e-05,1,-0.000449959,0.000408062,4.02988e-05,1,0.000428006,0,0.000411872,1,0.000433505,0,0.000394527,0
1788438060,0.00044071,-3.3269e-05,0.00065268,-4.15864e-05,0.000521037,0.515779,0.000125414,0.000122247,0.0456552,-0.000870559,-0.000659438,-0.000352521,-0.000124815,2.29934e-05,0.000126517,0.000360934,0.00065742,0.000865699,0.000126441,0.000127102,0.000127437,0.000126652,0.000126323,0.000125078,0.000124183,0.000123477,0.000428749,0,0.000384651,-0.000417104,0.000390911,0,0.499843,-0.000921802,-0.000347018,0.000347214,0.000905584,1788438000,-0.000376004,0.000324762,0,1,-0.000398458,0.000355344,2.64279e-05,1,-0.000436218,0.000409506,5.43811e-05,1,0.000440926,0,0.000425088,1
1788438120,0.000249372,4.15672e-06,0.000482064,4.15672e-06,0.000519552,0.514491,8.16695e-05,8.1733e-05,0.0397182,-0.000851658,-0.000647146,-0.000359743,-0.000126311,2.10525e-05,0.000130517,0.000368341,0.000666091,0.000878455,8.49466e-05,8.08939e-05,8.74939e-05,8.11871e-05,8.25497e-05,8.34018e-05,7.93745e-05,8.00263e-05,0.000437338,0,0.000397015,0.000398105,2.82611e-05,0.000354105,0.501934,-0.000853673,-0.00033031,0.000334736,0.000880326,1788438000,0.000401727,0,0.000386121,1,-0.000392456,0.000331866,0,1,-0.000415984,0.000378422,0,1,-0.000443977,0.000407845,4.72974e-05,1
1788438180,0.000274238,3.3245e-05,0.000274238,-0.000290941,0.000515538,0.512946,8.41011e-05,8.36371e-05,0.040067,-0.000810786,-0.000614479,-0.000339827,-0.000126409,1.84912e-05,0.000116726,0.000331999,0.000599446,0.000804121,8.88212e-05,8.45801e-05,8.9645e-05,8.00301e-05,8.62388e-05,8.66859e-05,8.3247e-05,8.46819e-05,0.000403624,0,0.000349387,-0.000363066,0.000343016,0,0.495622,-0.000792607,-0.000309959,0.000292564,0.000791266,1788438000,-0.000411788,0.000375214,0,1,-0.000417615,0.000373273,0,1,-0.000405047,0.00034241,0,1,0.000443604,0,0.000400109,1
1788438240,-4.15464e-05,0,0.000344768,-0.000207749,0.000511828,0.517687,5.22173e-05,5.60105e-05,0.0428,-0.000796202,-0.000608508,-0.000332409,-0.000116469,2.4586e-05,0.000128383,0.00034329,0.000619335,0.000831371,5.97424e-05,5.2235e-05,5.75379e-05,4.74167e-05,5.73091e-05,5.64855e-05,5.16777e-05,5.02397e-05,0.000406233,0,0.000381219,-0.00037254,0.00036752,0,0.49894,-0.000789694,-0.000308124,0.000313876,0.000837663,1788438000,0.000377393,0,0.000357571,1,0.000410707,0,0.000390238,1,0.00041383,0,0.000366482,1,0.000396872,0,0.000344154,1
1788438300,-0.000241003,0,0.000390468,-0.000245159,0.000506718,0.515047,7.60994e-05,7.94493e-05,0.0507099,-0.000791633,-0.000601585,-0.000331651,-0.000117751,2.04974e-05,0.000123141,0.000326544,0.000599495,0.000808934,8.30991e-05,7.56919e-05,7.82132e-05,7.38155e-05,8.07938e-05,7.88405e-05,7.54797e-05,7.45895e-05,0.000395289,0,0.000368619,-0.000373274,0.000376062,0,0.496545,-0.000802195,-0.000318117,0.000304065,0.000818135,1788438300,0.000397316,0,0.00038027,1,0.000385063,0,0.000366204,1,0.000415818,0,0.000390493,1,0.000417688,0,0.000379336,1
1788438360,0.00014544,-4.15573e-06,0.000191145,-4.15573e-06,0.000502782,0.517727,6.10818e-05,6.05399e-05,0.0579773,-0.000794432,-0.000598259,-0.000327876,-0.000115592,2.44734e-05,0.000125448,0.000336759,0.000612634,0.000819977,6.72937e-05,6.17203e-05,6.30114e-05,6.18814e-05,6.39428e-05,6.16987e-05,5.93222e-05,5.88361e-05,0.000399435,1.05286e-05,0.000364441,-0.000353863,0.000392046,0,0.498541,-0.000773357,-0.000300989,0.000292621,0.000775408,1788438300,0.000400948,0,0.000378285,1,0.000407187,0,0.000370085,1,-0.000384747,0.000368006,0,1,0.000413169,0,0.000390564,1
1788438420,0.000116337,4.15511e-06,0.000236814,-5.81734e-05,0.000498154,0.519115,5.1869e-05,5.08228e-05,0.07192,-0.000695454,-0.000527344,-0.000284961,-9.68255e-05,2.24118e-05,0.000104384,0.000285108,0.000526801,0.00070605,6.33725e-05,5.63102e-05,5.65193e-05,4.72906e-05,5.95066e-05,5.45952e-05,4.80558e-05,5.10624e-05,0.000342054,0,0.000253843,-0.000270897,0.000230242,0,0.495223,-0.000573187,-0.000222579,0.000204486,0.000546007,1788438300,0.000387659,1.42422e-05,0.000340312,1,0.000401892,0,0.000388405,1,0.000417507,0,0.000381203,1,0.000383632,0,0.000368002,1
1788438480,-4.5702e-05,0.000124631,0.000170326,-5.40117e-05,0.000493421,0.520495,4.58028e-05,4.90868e-05,0.0932722,-0.000702984,-0.000528014,-0.000285045,-0.000100011,2.5273e-05,0.000113168,0.00029234,0.000530872,0.000712755,6.00186e-05,4.9795e-05,4.90328e-05,4.23747e-05,5.50097e-05,4.54734e-05,4.32835e-05,4.42644e-05,0.000347093,0,0.000301168,-0.000287057,0.000263274,0,0.49512,-0.000618885,-0.000241461,0.000225078,0.000605567,1788438300,0.000300506,0,0.000258693,1,0.000365245,0,0.000359558,1,0.000399729,0,0.000399045,1,0.000408053,0,0.000367333,1
1788438540,3.32381e-05,1.66192e-05,0.000373864,-8.72551e-05,0.000488505,0.518418,4.13788e-05,4.17967e-05,0.123964,-0.0006534,-0.000487902,-0.000263654,-8.99525e-05,1.98671e-05,9.70293e-05,0.000262032,0.00048769,0.000660832,5.87324e-05,4.878e-05,4.67571e-05,3.73281e-05,5.23166e-05,4.06619e-05,3.61336e-05,3.98499e-05,0.000315538,0,0.0002372,-0.000254697,0.000206075,0,0.487176,-0.000531052,-0.000213244,0.000181556,0.000508764,1788438300,0.000311231,0,0.00027928,1,0.000305626,0,0.000279059,1,0.000361125,2.41143e-05,0.000366608,1,0.000390295,0,0.000405274,1
1788438600,0.00339277,-2.90832e-05,0.00392677,-2.90832e-05,0.000483618,0.518448,0.00155958,0.00155531,0.16468,-0.000714442,-0.000546121,-0.000299595,-0.000102141,2.26677e-05,0.000114978,0.000298968,0.00053825,0.000722958,0.00151682,0.00155487,0.00156494,0.00154633,0.0015436,0.00158392,0.00156658,0.00156271,0.000359174,0,0.000361629,-0.00031599,0.000329392,9.24635e-06,0.492152,-0.00067801,-0.000281771,0.000246067,0.000648004,1788438600,0.000281349,1.87512e-07,0.000234543,0,0.000317236,0,0.00029513,0,0.000306379,0,0.000288888,0,0.000374082,0,0.000397149,0
1788438660,7.0388e-05,7.0388e-05,0.00035603,-0.00113517,0.00067781,0.509399,0.000110002,0.0001101,0.997716,-0.00160916,-0.00124693,-0.000685518,-0.000244383,2.50701e-05,0.000249394,0.000675328,0.00132495,0.00185737,6.0748e-05,7.755e-05,0.000128426,9.62253e-05,0.000189747,0.000125818,0.000117637,0.000117945,0.000817676,7.91454e-05,0.000901367,-0.000798999,0.00108304,8.64378e-05,0.487461,-0.00155634,-0.000659428,0.000611632,0.00172201,1788438600,0.000341592,1.15076e-05,0.000353734,0,0.00028392,7.64761e-06,0.000248718,0,0.000324628,5.85687e-06,0.000304563,0,0.000300352,3.1993e-06,0.000269014,0
1788438720,-0.000103513,-6.21068e-05,0.00308392,-0.000426544,0.000671072,0.510581,9.81353e-05,0.000102169,0.995086,-0.00144759,-0.00112162,-0.000615652,-0.000220873,2.5818e-05,0.000216094,0.000578205,0.00115849,0.00162429,6.33754e-05,7.76471e-05,0.00012098,9.10231e-05,0.000178792,0.000114332,0.000100633,9.37872e-05,0.000720589,0,0.000750361,-0.000697267,0.000711622,3.83329e-05,0.492524,-0.00144259,-0.000583247,0.000550889,0.001517,1788438600,-0.000886807,0.000803734,0,1,0.000362698,2.90492e-05,0.000336606,0,0.000282342,2.91414e-05,0.00025253,0,0.000329738,8.47098e-06,0.000305266,0
1788438780,0.000385016,-4.96903e-05,0.000807121,-0.000128372,0.000664488,0.517904,0.000138132,0.000135466,0.990724,-0.00157759,-0.00119029,-0.000622003,-0.000211179,4.54756e-05,0.000264135,0.000660796,0.00130847,0.00177929,0.0001102,0.000118864,0.000146649,0.000162973,0.000147671,0.000133224,0.000129885,0.00013635,0.000773819,0.000179494,0.000819742,0.000774362,0.000515626,0.000756606,0.508005,-0.00151748,-0.000602923,0.000629582,0.00166363,1788438600,0.000730837,3.08037e-05,0.00069393,1,0.00074659,0.00012637,0.000690169,1,0.000345738,2.66248e-05,0.000331078,0,0.000283536,1.10109e-05,0.000268892,0
1788438840,-8.27866e-05,-4.55318e-05,0.00036418,-0.000414002,0.00066006,0.517089,8.98594e-05,9.3431e-05,0.984897,-0.00133777,-0.00101897,-0.000541234,-0.000184124,3.7405e-05,0.000215052,0.00055064,0.0010677,0.0014518,6.21378e-05,7.45583e-05,0.000106006,9.70317e-05,0.000138217,8.10809e-05,0.000101261,8.01794e-05,0.00065611,0.000135937,0.000732551,-0.000608109,0.000671985,0,0.499866,-0.00127479,-0.00049952,0.000503167,0.00134154,1788438600,0.000817268,0.000115991,0.000791075,1,0.00073876,3.93728e-05,0.000694649,1,0.00074057,0.000176011,0.000667762,1,0.000325673,0,0.000323028,0
1788438900,-0.00126335,-6.20944e-05,8.69257e-05,-0.00135453,0.000653531,0.520753,0.000389421,0.00039504,0.978276,-0.00125788,-0.000957384,-0.000498017,-0.000166133,4.28205e-05,0.000201161,0.000520965,0.00100522,0.00134967,0.000452988,0.000413915,0.000365452,0.000370009,0.000424882,0.000429726,0.000381721,0.000413615,0.000613856,0.000101954,0.000695674,-0.000598981,0.000614497,0,0.49904,-0.00126014,-0.000491399,0.000495312,0.00131701,1788438900,0.00061459,0,0.000587641,1,-0.000717558,0.000726493,4.63059e-05,1,0.000721353,0,0.000699311,1,0.000754279,0,0.00070871,1
1788438960,0.000832745,-3.73033e-05,0.000832745,-5.3883e-05,0.000671179,0.521943,0.000235389,0.000229519,0.973708,-0.0013683,-0.00102451,-0.000535724,-0.000166111,4.59423e-05,0.000212539,0.000551606,0.00106437,0.0014067,0.000249213,0.000238036,0.000239588,0.000239666,0.000212612,0.000241061,0.000227505,0.000235381,0.000654121,0.000153669,0.000760211,0.000541079,5.07655e-05,0.000536879,0.501352,-0.00117088,-0.000443549,0.000459545,0.0011866,1788438900,0.000600803,0,0.000579956,1,-0.000552424,0.000522808,4.69257e-05,1,-0.000674566,0.000696256,0.000113041,1,0.000675533,0,0.00060671,1
1788439020,0.000645832,-4.96966e-05,0.000823776,-0.000136672,0.000674789,0.522321,0.00018536,0.000178395,0.959808,-0.00126608,-0.000980248,-0.000495319,-0.000159413,4.50317e-05,0.000192142,0.000515043,0.000993213,0.00133628,0.000182545,0.000186127,0.000187477,0.000186211,0.000171182,0.000189236,0.000182723,0.000188669,0.000608591,8.10441e-05,0.000667697,0.00051474,2.22253e-05,0.000460186,0.500463,-0.00109136,-0.000422868,0.00043366,0.00113807,1788438900,0.000491877,5.60062e-05,0.000542994,1,-0.000555644,0.000525568,5.29267e-05,1,-0.000534741,0.000514397,6.06087e-05,1,-0.000630698,0.000548026,0.000127295,1
1788439080,0.000190358,-3.72482e-05,0.000504783,-3.72482e-05,0.000674222,0.515043,9.07983e-05,8.72699e-05,0.930573,-0.00123399,-0.000943196,-0.000496749,-0.000176958,3.08566e-05,0.000181952,0.000475794,0.000910333,0.00127041,7.44365e-05,8.67961e-05,0.00010456,8.38475e-05,0.00011734,9.63247e-05,9.58138e-05,9.12695e-05,0.000585438,4.59555e-06,0.000651524,-0.000537176,0.000521293,0,0.495137,-0.00115489,-0.000455815,0.000436512,0.00117757,1788438900,-0.000491242,0.000462761,3.98512e-05,1,-0.000485149,0.000485441,5.84026e-05,1,-0.000544161,0.000507841,6.50518e-05,1,-0.000522336,0.000444123,0,1
1788439140,-0.000558762,-3.31031e-05,0.000182048,-0.00120897,0.000667989,0.523816,0.000157075,0.00016236,0.872558,-0.00108428,-0.000833275,-0.000446177,-0.000142218,4.36234e-05,0.000184865,0.000438448,0.000829209,0.00116932,0.000159561,0.00015653,0.000156614,0.000156776,0.000212272,0.000161473,0.000157501,0.000150168,0.000531354,1.64591e-05,0.000522223,-0.000490065,0.000470396,0,0.497281,-0.00104686,-0.000413478,0.000394282,0.00107106,1788438900,-0.000513179,0.000506246,2.94026e-05,1,-0.000475956,0.00046479,2.24214e-05,1,-0.000471956,0.000475392,5.68425e-05,1,-0.000531196,0.000517354,6.35838e-05,1
1788439200,0.000111777,-8.28061e-05,0.000496693,-0.000774505,0.00066598,0.525179,7.97544e-05,7.91624e-05,0.772295,-0.00117825,-0.000886019,-0.000475963,-0.000147737,4.88203e-05,0.000198841,0.000486777,0.000918503,0.00124604,6.28249e-05,7.66367e-05,9.10564e-05,8.71262e-05,0.000106564,7.17308e-05,8.59079e-05,6.91373e-05,0.000578779,7.69517e-05,0.000670224,0.00057245,4.58444e-05,0.000590016,0.501414,-0.00121542,-0.000469562,0.000485005,0.00126654,1788439200,-0.000493389,0.000508923,0,1,-0.00051489,0.000523618,1.17963e-05,1,-0.000482175,0.000475413,9.54079e-06,1,-0.000487591,0.000471967,3.94804e-05,1
1788439260,-0.00171115,-0.000144899,-0.000144899,-0.00189362,0.000659476,0.527973,0.000642715,0.000649881,0.593295,-0.00110178,-0.000836881,-0.000449945,-0.000136179,5.18635e-05,0.000187978,0.000472697,0.000887298,0.00119574,0.000676653,0.000637572,0.000608827,0.000597125,0.000618836,0.000672181,0.000653517,0.000674374,0.000555663,6.18029e-05,0.000616156,-0.000527344,0.000580748,2.73799e-05,0.499112,-0.0011092,-0.000434991,0.000447199,0.00117217,1788439200,-0.000541692,0.000577863,4.94688e-05,1,-0.000503635,0.000480316,0,0,-0.000514727,0.000504664,9.00043e-07,1,-0.000484911,0.000461868,0,1
1788439320,0.000704701,-4.14677e-06,0.000717133,-0.000136853,0.000696255,0.525921,0.00019953,0.00019246,0.0514247,-0.00136143,-0.00100209,-0.00053508,-0.000160592,5.52178e-05,0.000215202,0.000544799,0.00101972,0.00134909,0.00019902,0.000203016,0.000204167,0.000203363,0.000190586,0.000204961,0.000192242,0.000197319,0.000648934,0.000110921,0.000737805,0.000608289,3.64672e-05,0.000627969,0.502602,-0.00133304,-0.000497766,0.000516176,0.00130622,1788439200,-0.000514486,0.000531494,6.64488e-05,1,-0.000540866,0.00054525,3.56552e-05,1,-0.000489044,0.000457467,0,1,0.000517797,0,0.000505791,1
1788439380,-0.000754464,-0.00011189,-0.00011189,-0.000974277,0.000696425,0.522214,0.000213202,0.000217799,0.0367629,-0.00120278,-0.000928919,-0.000487932,-0.000147498,4.13268e-05,0.000187503,0.000496416,0.000935732,0.00124211,0.000220102,0.00021081,0.000210417,0.000211307,0.000242717,0.000219409,0.000218795,0.000207244,0.000591505,9.84773e-06,0.000611018,0.000545017,8.1001e-07,0.000495167,0.501086,-0.00116405,-0.000447488,0.000461603,0.00119195,1788439200,0.000535996,4.84482e-05,0.000600622,1,-0.00049431,0.00052139,6.72882e-05,1,-0.000540852,0.000523246,3.27991e-05,1,-0.000449227,0.000429224,3.31592e-05,1
1788439440,0.000460208,0,0.000555539,-0.00029033,0.000697633,0.519519,0.000135759,0.000131208,0.037086,-0.00123157,-0.000929999,-0.000504262,-0.00016472,3.92715e-05,0.000182614,0.000485383,0.000912403,0.00121295,0.000131073,0.000134855,0.00014566,0.000134401,0.000148244,0.000152253,0.000144783,0.000131457,0.000595079,0,0.000646382,-0.000553105,0.000436793,1.40883e-05,0.490196,-0.00121557,-0.000474012,0.000439473,0.00115477,1788439200,-0.000518651,0.000476449,4.83327e-05,1,-0.000530081,0.000509533,8.10204e-05,1,-0.000504688,0.000521715,6.93132e-05,1,-0.000542373,0.000531078,2.11243e-05,1
1788439500,9.53318e-05,-1.65804e-05,0.000430993,-0.000207275,0.000693681,0.521,8.38077e-05,8.31141e-05,0.0413937,-0.00126128,-0.000979478,-0.000533388,-0.000163772,4.27974e-05,0.000197206,0.000503733,0.000937763,0.00126601,6.20519e-05,7.88692e-05,9.16449e-05,9.13076e-05,0.000107809,9.16778e-05,8.81788e-05,7.09045e-05,0.000623698,0,0.000692254,-0.000603874,0.000591732,3.73165e-06,0.49699,-0.00126803,-0.000511441,0.000491566,0.00126067,1788439500,-0.000502571,0.000490688,6.05446e-05,1,-0.000510491,0.000480448,2.07882e-05,1,-0.000518459,0.000495072,6.48575e-05,1,-0.000523557,0.000530145,3.63924e-05,1
1788439560,0.00118467,-0.000111912,0.00118467,-0.000306752,0.000686842,0.523465,0.000388113,0.000380618,0.0638906,-0.00109812,-0.000836196,-0.00045217,-0.000143819,4.32516e-05,0.000166724,0.000429036,0.000802786,0.0011038,0.000410872,0.000370344,0.000360576,0.000390852,0.000314638,0.000370412,0.000404284,0.000414675,0.000530054,0,0.000581104,-0.000549527,0.000485394,0,0.495577,-0.0012111,-0.000472488,0.000443604,0.00116577,1788439500,-0.000583565,0.000542345,9.27527e-05,1,-0.000530431,0.000520216,3.44423e-05,1,-0.000523027,0.000493708,1.45756e-06,1,-0.000550764,0.000519964,1.84536e-05,1
1788439620,0.000351818,0.000124185,0.000558711,0.000124185,0.000700275,0.519754,0.000118412,0.000113946,0.028937,-0.00122257,-0.000930881,-0.000505932,-0.000165487,4.00486e-05,0.000183284,0.00049342,0.000933769,0.00128317,0.000101367,0.000115477,0.000124366,0.000113986,0.000118091,0.000128795,0.000122818,0.000117878,0.000600571,3.94493e-05,0.000679553,-0.000585595,0.000615809,0,0.492928,-0.00123823,-0.000504799,0.000474829,0.00127295,1788439500,-0.000554317,0.000525701,0,1,-0.000630286,0.00061813,0,1,-0.000522751,0.00048073,1.6555e-05,1,-0.000521698,0.000490834,0,1
1788439680,0.000430291,0.000115866,0.000496473,-0.000157268,0.00069502,0.522922,0.000129613,0.000120223,0.0407787,-0.00108469,-0.000831534,-0.000451817,-0.00014816,4.32344e-05,0.000167484,0.00042352,0.000804476,0.00111947,0.000122616,0.00012782,0.000134018,0.000124736,0.000126403,0.000130676,0.000137999,0.000137097,0.000527119,0,0.000520503,-0.000483153,0.000410486,0,0.492387,-0.00105354,-0.000418946,0.00037494,0.00102323,1788439500,-0.000637233,0.000603576,0,1,-0.00057298,0.000529382,0,1,0.000599942,0,0.000556306,1,0.000529116,0,0.000508515,1
1788439740,-0.000521338,-0.000169612,-0.000169612,-0.000906309,0.000690721,0.524892,0.000145236,0.000152082,0.0556011,-0.00109103,-0.000841459,-0.000450268,-0.000150452,4.89467e-05,0.000189446,0.000454504,0.000836837,0.00114215,0.000149297,0.000146256,0.000145658,0.000146595,0.000186631,0.000150574,0.000142409,0.00013826,0.000543352,0,0.000563065,-0.000502089,0.000469882,0,0.495904,-0.0010668,-0.000422581,0.00041332,0.00110266,1788439500,0.000523808,0,0.000456746,1,0.000606639,2.8067e-05,0.000580955,1,-0.000578913,0.000524252,0,1,-0.000527874,0.00050627,1.9803e-05,1
1788439800,-0.000293889,0.000194499,0.000728142,-0.000592006,0.000687742,0.527333,9.67426e-05,0.000104766,0.0606325,-0.00106639,-0.000806321,-0.000439215,-0.00013745,5.0665e-05,0.000176854,0.00043736,0.000805159,0.00109694,9.28781e-05,0.000100766,0.000103511,9.53926e-05,0.00013807,9.68194e-05,9.46331e-05,9.19929e-05,0.000526054,0,0.000574371,-0.000507662,0.000440214,0,0.493788,-0.00109513,-0.000428808,0.000415472,0.00109353,1788439800,0.000560284,0,0.00050707,1,0.000532005,0,0.000482528,1,0.000600247,1.40436e-05,0.000589218,1,0.000563603,0,0.000549335,1
1788439860,0.000264918,0,0.000426318,-9.10818e-05,0.000682097,0.528257,9.68423e-05,9.23556e-05,0.0890201,-0.00113484,-0.00085106,-0.000463498,-0.000141519,5.46639e-05,0.000191821,0.000466696,0.000869964,0.00116496,8.68748e-05,9.84961e-05,9.87206e-05,0.000105161,0.000102349,8.80616e-05,9.74824e-05,9.15442e-05,0.000558442,4.27706e-05,0.00060452,-0.000557782,0.000611366,1.20035e-05,0.499955,-0.00119933,-0.000464336,0.00047099,0.00122774,1788439800,0.000537292,0,0.000517329,1,0.000549096,0,0.000511117,1,-0.000518061,0.000478261,0,1,0.00059257,0,0.000583219,1
1788439920,0.000848094,0.000140709,0.00100522,0.000140709,0.00067628,0.530799,0.000253335,0.000244212,0.131174,-0.000977326,-0.000737956,-0.000401752,-0.000120599,5.24703e-05,0.000162639,0.000402276,0.000740355,0.00100175,0.000253713,0.000241897,0.000245192,0.000251974,0.000217039,0.000256986,0.000260471,0.000263076,0.000482469,0,0.000489897,-0.000432675,0.000372528,0,0.493378,-0.000929021,-0.000364455,0.000339732,0.000902041,1788439800,0.000568883,1.06766e-05,0.000570646,1,-0.000533334,0.000517711,1.65777e-06,1,0.000547573,0,0.000532542,1,0.000484482,0,0.000484467,1
1788439980,0.000938271,-0.000161289,0.00104568,-0.000161289,0.000680142,0.523974,0.000286215,0.000275363,0.0896633,-0.00107638,-0.000824789,-0.000442866,-0.000151737,4.69914e-05,0.000173221,0.000428375,0.000798232,0.00107456,0.000288307,0.000275908,0.000277137,0.000281356,0.000232502,0.000288075,0.000285761,0.000307987,0.000523781,1.50254e-05,0.000569816,-0.000492878,0.000473368,0,0.494506,-0.00106723,-0.000423714,0.00039855,0.00107541,1788439800,-0.000451194,0.000422101,1.33337e-07,0,-0.000531661,0.000518087,4.24282e-05,1,-0.000528615,0.00049367,1.62196e-05,1,-0.000523867,0.000521095,0,1
1788440040,0.000429575,8.26279e-06,0.00124691,8.26279e-06,0.000686257,0.522735,0.000130303,0.000122161,0.0614131,-0.00112969,-0.000870418,-0.000482862,-0.000163602,4.73307e-05,0.000185229,0.0004591,0.000862137,0.00118437,0.000121999,0.000125822,0.000127615,0.00012499,0.000115079,0.00012318,0.000132988,0.000149308,0.000566831,1.34433e-05,0.000591042,-0.000540474,0.000555918,0,0.496145,-0.00116156,-0.000463533,0.000442453,0.00120245,1788439800,-0.000524204,0.000493343,0,1,0.000456172,0,0.000462194,0,-0.0005301,0.000541136,4.67316e-05,0,-0.000526614,0.000523717,0,1
1788440100,0.00114326,4.12963e-06,0.0017247,-9.08562e-05,0.000682071,0.524165,0.00035412,0.000341122,0.0771268,-0.00116522,-0.000889701,-0.000488962,-0.000167544,5.25193e-05,0.000209278,0.000478512,0.000910903,0.00125483,0.000387508,0.000355266,0.000355874,0.000341417,0.000279639,0.00038807,0.000359068,0.00036146,0.000581408,3.57895e-05,0.000592367,-0.000546389,0.00059269,0,0.49592,-0.00116372,-0.000470054,0.00044331,0.00121486,1788440100,-0.000581017,0.000559175,0,1,0.000517306,0,0.000487627,0,-0.000461435,0.000444521,1.14312e-05,0,-0.000554714,0.000535716,4.68984e-05,0
1788440160,-0.000259904,-8.24987e-06,0.000247465,-0.00110609,0.000694303,0.522097,0.000101158,0.000111596,0.0413792,-0.00127961,-0.00098739,-0.000553799,-0.000182433,5.09578e-05,0.000225913,0.000531534,0.00102758,0.0014262,8.80802e-05,9.56764e-05,9.97977e-05,0.000107717,0.000141313,9.51392e-05,0.000104174,0.000104661,0.00065312,9.8232e-05,0.000707006,-0.000609091,0.000721614,0,0.49746,-0.00126992,-0.000511655,0.000504661,0.00137875,1788440100,-0.000599028,0.000614981,0,1,-0.000572671,0.000565641,0,1,-0.000519022,0.000513505,0,0,-0.000467439,0.000455279,0,0
1788440220,0.000602213,1.65038e-05,0.000890817,-0.000231082,0.000688307,0.523373,0.000176052,0.000163709,0.047298,-0.00121399,-0.000915685,-0.000499466,-0.00016559,4.96685e-05,0.000212657,0.000518984,0.000991106,0.00134061,0.000169843,0.000173364,0.00017299,0.000174598,0.000138362,0.000171177,0.000179153,0.000187851,0.000612851,0,0.000657077,-0.000581319,0.000589652,2.38524e-05,0.497559,-0.00122419,-0.000481531,0.000486783,0.00131052,1788440100,-0.000669145,0.000661258,0,1,-0.00057653,0.000574347,0,1,0.000568791,0,0.000519975,1,-0.000523997,0.000496569,0,0
1788440280,-8.24705e-06,-4.12352e-06,0.000280359,-0.000486692,0.000686691,0.526028,7.76003e-05,8.33768e-05,0.0491168,-0.00115507,-0.000897087,-0.00049305,-0.000161411,5.58272e-05,0.000218139,0.000520084,0.000982746,0.00135028,5.88792e-05,7.09948e-05,7.23318e-05,8.63644e-05,9.72814e-05,6.07984e-05,7.58391e-05,9.20632e-05,0.000610226,4.31898e-05,0.000619194,-0.000546944,0.000589972,0,0.499396,-0.00114549,-0.000453484,0.000460795,0.00124827,1788440100,-0.000597213,0.00061176,1.09619e-05,1,-0.000608984,0.00062128,0,1,-0.000557988,0.00056097,1.61224e-05,1,0.0005639,0,0.000532624,1
1788440340,-0.00110985,-3.71126e-05,-3.71126e-05,-0.00124609,0.00067979,0.525342,0.000334705,0.000345483,0.0626763,-0.00113514,-0.000858746,-0.000460269,-0.000147325,4.90844e-05,0.000196481,0.000472158,0.000909521,0.00124932,0.000376548,0.000341026,0.000344769,0.000324599,0.000389508,0.000380306,0.000337516,0.000316505,0.000560756,0,0.000597977,-0.000508517,0.000471843,5.48576e-06,0.496955,-0.0010858,-0.000422223,0.000425331,0.00115673,1788440100,-0.000580534,0.000563245,0,1,-0.000583893,0.000586696,2.67523e-05,1,-0.000598399,0.000626764,0,1,-0.00054521,0.000519001,6.30111e-05,1
1788440400,-0.00138801,-0.000107337,0.00065203,-0.00158232,0.000691019,0.524392,0.000429028,0.0004402,0.0327829,-0.00134294,-0.00102648,-0.000543974,-0.00016828,5.3397e-05,0.000217786,0.000554995,0.00103941,0.00135634,0.000513702,0.000470382,0.000462078,0.000401158,0.000493448,0.000494035,0.000394338,0.000443576,0.000660553,0.000136354,0.000841422,-0.000637917,0.000767885,0.000134367,0.492252,-0.00135227,-0.000534845,0.000516594,0.00135095,1788440400,-0.000508354,0.000503895,1.93532e-05,0,-0.00054592,0.000529722,6.41176e-06,0,-0.000580455,0.000548467,4.16155e-05,1,-0.000603445,0.000570923,4.30912e-05,1
1788440460,0.000590966,4.13377e-05,0.00071077,-0.000181906,0.000711681,0.53113,0.000168085,0.000156869,0.0275105,-0.00143723,-0.00105606,-0.000551285,-0.000164049,7.28644e-05,0.000249673,0.000594783,0.00110625,0.00142757,0.000167192,0.000170631,0.00017086,0.000175512,0.000150346,0.00017414,0.000158865,0.00016928,0.000692544,0.000143304,0.000802187,0.000631456,9.87851e-05,0.00068651,0.503099,-0.00136123,-0.000514201,0.000537176,0.00137818,1788440400,-0.00068326,0.000675025,2.18037e-05,1,-0.000511351,0.000497485,2.60694e-05,0,-0.000540915,0.000527545,2.23331e-05,1,-0.000587743,0.000568357,2.36234e-05,1
1788440520,-0.000520693,-0.000152874,-2.06573e-05,-0.00105407,0.000709468,0.528363,0.000147295,0.000155659,0.0267683,-0.00124297,-0.000947173,-0.000492445,-0.0001499,5.82264e-05,0.000211942,0.000514843,0.000962807,0.00125443,0.000149276,0.000146755,0.000146706,0.000147413,0.000180859,0.000153921,0.000145979,0.000142749,0.000607066,8.25504e-06,0.000692219,-0.000556107,0.000522547,0,0.497103,-0.0012015,-0.000461456,0.000467144,0.0012302,1788440400,-0.00058183,0.000592038,0.000118641,1,-0.00069674,0.000636746,0,1,-0.000522407,0.000491301,2.27477e-05,0,-0.000537854,0.000509442,2.6652e-05,1
1788440580,0.000979175,-4.13357e-06,0.00123104,-0.000111612,0.000706187,0.527485,0.000282412,0.00026985,0.0352384,-0.00128752,-0.000949648,-0.000493785,-0.000155659,5.7929e-05,0.000218548,0.000512275,0.000957506,0.00125075,0.000306146,0.000288338,0.000281827,0.000279622,0.000248593,0.00028301,0.000285942,0.000280169,0.000606036,0,0.000708832,-0.000583542,0.000524858,5.33823e-05,0.496076,-0.00128789,-0.000487754,0.000487474,0.00128576,1788440400,-0.000546201,0.000466041,6.26838e-05,1,-0.000573257,0.000524285,0.000121096,1,-0.000671749,0.000545571,0,1,-0.000535162,0.000513356,2.93991e-06,1
1788440640,-0.000834511,1.65179e-05,1.65179e-05,-0.000946107,0.000712672,0.526505,0.000233205,0.000241417,0.0239041,-0.00128408,-0.000965675,-0.000519994,-0.000162589,5.76075e-05,0.00021886,0.000526651,0.000992921,0.00131894,0.000250875,0.000233619,0.00023311,0.00023448,0.00026963,0.000241073,0.000231519,0.000225343,0.000628718,4.37832e-05,0.000697746,-0.000602712,0.000618385,0,0.495114,-0.00127257,-0.000508617,0.000494639,0.00133668,1788440400,-0.000554282,0.000523416,5.39396e-05,1,-0.000544182,0.000489624,4.01874e-05,1,-0.000564376,0.0005243,0.000108961,1,-0.000581518,0.000508968,6.08396e-05,1
1788440700,-0.000363767,2.89303e-05,7.0258e-05,-0.000363767,0.000715312,0.525452,0.000114107,0.000123803,0.027674,-0.00124736,-0.000928328,-0.00049098,-0.000151395,5.07119e-05,0.000198899,0.000487949,0.000937613,0.00121612,0.000105562,0.000114339,0.000120053,0.000112049,0.000145115,0.000127097,0.000114007,0.000107627,0.000587611,0,0.000628029,-0.000566489,0.000480356,0,0.490385,-0.00124336,-0.000483498,0.00045704,0.00123352,1788440700,-0.000633261,0.00056632,3.79781e-05,1,-0.000592131,0.000542448,1.33187e-05,1,-0.000563554,0.000508264,1.25713e-05,1,-0.000597677,0.000547602,5.76761e-05,1
1788440760,-0.000947242,8.2689e-06,2.48065e-05,-0.000963796,0.000709989,0.532085,0.00028438,0.000291385,0.0388676,-0.00105406,-0.000785085,-0.000413245,-0.000119452,5.50913e-05,0.000184816,0.000428328,0.000807151,0.00106659,0.000293991,0.000272929,0.000266037,0.000306063,0.000290778,0.000273178,0.000282699,0.000287089,0.000506831,0,0.000439254,-0.000475741,0.000400114,0,0.492079,-0.0010287,-0.00039273,0.000387097,0.00104763,1788440700,-0.000565662,0.00054415,3.29074e-06,1,-0.000638049,0.000601077,0,1,-0.000610086,0.000534713,0,1,-0.000582233,0.000527143,0,1
1788440820,0.000281371,4.96594e-05,0.000513028,-7.44938e-05,0.000715506,0.529268,9.89978e-05,9.43948e-05,0.0404692,-0.00114941,-0.000852597,-0.000454095,-0.00013848,5.61185e-05,0.000192292,0.0004619,0.000867819,0.00114056,9.01264e-05,0.000103567,0.000107987,9.30446e-05,0.000104023,0.000109235,9.9961e-05,9.54287e-05,0.000550501,0,0.000552744,-0.00055078,0.000492688,0,0.49324,-0.00121727,-0.000462492,0.000454817,0.00119545,1788440700,0.000503356,0,0.000448497,1,-0.000585283,0.000543541,0,1,-0.000636879,0.00058547,0,1,0.00063488,0,0.000575012,1
1788440880,0.000727886,-6.20603e-05,0.000984175,-0.000264817,0.000709431,0.530244,0.000207511,0.000197098,0.0452054,-0.00106215,-0.000801206,-0.000423617,-0.000129449,5.48943e-05,0.000187617,0.000443406,0.000819669,0.00107712,0.000206917,0.00020866,0.000208303,0.00020833,0.000187749,0.000208103,0.000207446,0.000209039,0.000522497,0,0.00051524,-0.000517606,0.000468026,0,0.495553,-0.00112338,-0.000433146,0.000427484,0.0011292,1788440700,-0.000540324,0.000507495,1.77411e-05,1,-0.000490118,0.000430796,0,1,-0.000564902,0.000508437,0,1,-0.000612354,0.000553099,0,1
1788440940,-0.000475548,-9.09568e-05,-7.02841e-05,-0.000578957,0.000709805,0.526587,0.000133368,0.000140549,0.0354196,-0.00116414,-0.00089007,-0.000477218,-0.000152397,5.41644e-05,0.000206157,0.000478314,0.000887307,0.00117374,0.000136368,0.000133963,0.000134158,0.000134366,0.000158948,0.000137693,0.000134205,0.000129667,0.000573454,9.06883e-06,0.000647059,-0.000577325,0.000586816,2.00054e-05,0.495451,-0.00125385,-0.000489046,0.000478625,0.00128052,1788440700,-0.000549579,0.000473925,5.42333e-06,1,-0.000537884,0.000487437,3.56548e-05,1,0.000477413,0,0.000462615,1,0.000564079,0,0.000549374,1
1788441000,-1.24086e-05,-2.89537e-05,0.000223329,-0.00023579,0.000705882,0.529978,6.37185e-05,7.01499e-05,0.0434372,-0.00105007,-0.000789743,-0.000415498,-0.000129953,5.4426e-05,0.000183314,0.000426536,0.000786846,0.00103908,5.92105e-05,7.28246e-05,7.33698e-05,5.39562e-05,9.23701e-05,6.39874e-05,6.59661e-05,6.12942e-05,0.000506626,0,0.000486317,-0.000489196,0.000405463,0,0.491477,-0.00108057,-0.000413832,0.000396669,0.00107058,1788441000,-0.000604117,0.000548253,1.34047e-05,1,-0.000552283,0.000485173,9.6874e-06,1,-0.000526341,0.000491571,2.44321e-05,1,-0.000470204,0.000432236,4.56772e-06,1
1788441060,0.00150446,0.000153029,0.00150446,-2.06814e-05,0.00069879,0.532313,0.000563409,0.000551591,0.0636562,-0.000977084,-0.000743918,-0.000389474,-0.000118544,5.52579e-05,0.000181885,0.000414735,0.000754955,0.000996307,0.000568825,0.000532684,0.000541477,0.00058211,0.00045813,0.00057284,0.000571963,0.00056578,0.000485663,0,0.000462631,-0.000484855,0.000421897,0,0.491899,-0.00104672,-0.000413778,0.000389832,0.00104233,1788441000,0.000530338,0,0.000464468,0,-0.000612462,0.000583031,0,1,-0.000560143,0.000496571,8.72486e-06,1,-0.000551839,0.000501423,0,1
1788441120,-0.000632092,-0.000214784,-0.000214784,-0.000735413,0.000723746,0.521448,0.000175387,0.000182914,0.0199719,-0.00125039,-0.000957023,-0.000511312,-0.000166977,4.48025e-05,0.000204512,0.000506709,0.000956434,0.00129833,0.000179903,0.000177405,0.000177065,0.000177831,0.000207595,0.000185358,0.000171961,0.00016553,0.000611179,6.14665e-05,0.000712638,-0.000609263,0.000630326,0,0.488564,-0.00128584,-0.000526512,0.000490509,0.00134549,1788441000,-0.000558289,0.000496011,0,1,-0.000547305,0.000494939,0,1,-0.000626063,0.000591275,0,1,-0.000551337,0.000509307,0,1
1788441180,-0.000309995,-1.23979e-05,0.000462747,-0.00059941,0.000722027,0.525825,0.000101534,0.000110511,0.0234959,-0.00113966,-0.000864102,-0.000454343,-0.000141533,4.82715e-05,0.000194366,0.000455741,0.000850567,0.00113343,9.62708e-05,0.0001055,0.000110289,9.09078e-05,0.000132341,0.000115331,0.000101246,0.000100565,0.000546236,0,0.000525805,-0.000528346,0.000429727,0,0.489305,-0.00117264,-0.000454781,0.000423401,0.00115554,1788441000,-0.000694374,0.000606716,0,1,0.000571654,0,0.00055186,1,0.000540631,0,0.000485488,1,0.00064193,0,0.000594176,1
1788441240,-0.000181908,-2.06697e-05,1.24016e-05,-0.00043829,0.000716114,0.529947,8.40012e-05,9.21729e-05,0.0335528,-0.0011322,-0.000846604,-0.000454698,-0.00013892,5.8163e-05,0.000216623,0.000481634,0.000896744,0.00118575,7.4923e-05,8.34395e-05,8.64776e-05,7.97768e-05,0.000108129,8.34876e-05,9.11468e-05,8.16611e-05,0.000564921,4.13307e-05,0.00056003,-0.000584821,0.000633803,0,0.497471,-0.00125483,-0.000491688,0.000488531,0.00129224,1788441000,0.000589548,0,0.000486885,1,0.00065279,1.60845e-05,0.000634571,1,-0.000573756,0.000511144,4.46744e-06,1,0.000530397,0,0.000492777,1
1788441300,0.000343118,-3.30778e-05,0.000504301,-4.13474e-05,0.000709383,0.521981,0.00010993,0.000105871,0.0530968,-0.00111297,-0.000852228,-0.000453253,-0.000151982,4.20199e-05,0.000185389,0.000461658,0.000847054,0.00110609,0.000100407,0.000112613,0.000112227,0.000108243,0.000110322,0.000102953,0.000117194,0.000107001,0.000549863,0,0.000600675,-0.000549004,0.000453751,3.40532e-06,0.49,-0.00118648,-0.000473919,0.000441514,0.0011526,1788441300,0.000657227,0,0.00062432,1,0.000594743,0,0.00053078,1,0.000648733,9.604e-06,0.000644274,1,-0.000538453,0.000530989,4.36339e-06,1
1788441360,-0.000338983,-0.00010747,-4.96001e-05,-0.000822853,0.000703928,0.528825,0.000103798,0.000111564,0.0654452,-0.00103297,-0.000784741,-0.000408847,-0.000130319,5.16371e-05,0.000186808,0.000431822,0.000795869,0.00106752,0.000101069,0.00010822,0.00010654,9.70294e-05,0.000130616,9.93048e-05,0.000112472,9.96391e-05,0.000507307,2.85131e-05,0.000479632,-0.000514047,0.000511623,0,0.499387,-0.00113145,-0.00042919,0.000430809,0.00115017,1788441300,-0.000581535,0.000495281,2.51265e-05,1,0.000635676,0,0.000633857,1,0.000574181,0,0.000527047,1,0.000654268,0,0.000634639,1
1788441420,-0.000715549,4.13463e-06,0.000210844,-0.000901758,0.0006985,0.522946,0.000200605,0.000205851,0.0936371,-0.00104765,-0.000778124,-0.000418659,-0.00014521,4.24113e-05,0.000180414,0.000431748,0.00080584,0.00105647,0.000203789,0.000200294,0.000199683,0.000200508,0.00021827,0.000206274,0.000203438,0.000196267,0.000511635,0,0.000553511,-0.000482457,0.000435173,1.77651e-05,0.491646,-0.00104268,-0.000409133,0.000393315,0.00105281,1788441300,0.000542639,0,0.000490652,1,0.000619668,0,0.000580935,1,0.000624132,0,0.000650645,1,0.000556753,0,0.000524932,1
1788441480,-2.89636e-05,-4.13761e-06,0.00016549,-0.000223455,0.000698845,0.525677,6.92575e-05,7.48016e-05,0.0819367,-0.00108832,-0.000806767,-0.000433608,-0.000142578,4.82929e-05,0.000198401,0.000455218,0.000851565,0.00111479,6.0357e-05,7.21897e-05,6.84583e-05,6.98082e-05,8.64905e-05,5.93768e-05,7.78705e-05,6.3656e-05,0.00053569,7.65601e-05,0.000560361,-0.000508745,0.00053816,1.45725e-06,0.497229,-0.00110876,-0.000425301,0.000427591,0.0011221,1788441300,-0.000507933,0.000488537,2.68885e-05,1,-0.000531259,0.000468641,0,1,0.00059174,0,0.00055377,1,-0.000603267,0.000589126,4.4293e-05,1
1788441540,5.37889e-05,4.96514e-05,9.5163e-05,-0.000206907,0.000691834,0.52667,6.12089e-05,6.19161e-05,0.128804,-0.000954348,-0.000710976,-0.000373335,-0.000123728,4.39939e-05,0.000169191,0.000398661,0.000744513,0.00097829,6.07704e-05,7.30581e-05,6.64985e-05,5.67818e-05,8.09643e-05,5.83325e-05,5.94305e-05,5.78953e-05,0.000466095,0,0.000458565,-0.000441114,0.000392594,0,0.495608,-0.000956164,-0.000363878,0.000361926,0.000953394,1788441300,0.000523801,7.25323e-06,0.00053315,1,0.00053663,3.89634e-06,0.000537172,1,-0.000535968,0.000494904,0,1,0.000540439,0,0.00054356,1
1788441600,7.0335e-05,2.48247e-05,7.44722e-05,-0.000753308,0.000684923,0.527717,5.92268e-05,5.9379e-05,0.198293,-0.00090969,-0.000682193,-0.00035311,-0.000115658,4.32997e-05,0.000151903,0.000376617,0.000708655,0.000937358,6.16881e-05,7.28787e-05,6.39044e-05,5.4547e-05,7.77779e-05,5.68478e-05,5.72094e-05,5.51396e-05,0.000440494,0,0.000454602,-0.00041777,0.000321225,0,0.491465,-0.000888144,-0.000344242,0.000332045,0.000885172,1788441600,0.000472404,0,0.000459639,1,0.000519894,0,0.000540087,1,0.000548311,0,0.000551603,1,0.000532481,0,0.000506408,1
1788441660,0.00074442,-4.13721e-06,0.00074442,-4.55103e-05,0.000678112,0.52984,0.000209802,0.000201989,0.297614,-0.00100109,-0.000741135,-0.000383869,-0.000119966,4.98699e-05,0.000173826,0.000417599,0.000788051,0.00104704,0.00021345,0.000212869,0.000218777,0.000212298,0.000211065,0.000224133,0.000204732,0.000208385,0.000484702,0,0.000536387,-0.000479147,0.00047524,4.0348e-05,0.498543,-0.00102553,-0.000393401,0.00041148,0.00107647,1788441600,-0.000446874,0.000394267,3.59547e-06,1,0.000482838,0,0.000482995,1,0.000516941,6.0069e-06,0.000541001,1,0.000549758,1.01566e-05,0.000517812,1
1788441720,0.000591006,-5.78795e-05,0.000735604,-5.78795e-05,0.000679501,0.532251,0.000168079,0.000159178,0.152634,-0.000950155,-0.000722434,-0.000376551,-0.000116402,5.41181e-05,0.000165278,0.000405241,0.000747911,0.00100004,0.000167842,0.000170187,0.000168886,0.000168736,0.000155697,0.00016681,0.00016249,0.000172097,0.000472187,5.13497e-05,0.000451353,-0.000471167,0.000487647,0,0.498219,-0.00100393,-0.000392838,0.000391935,0.00105062,1788441600,-0.000499755,0.000480362,3.18097e-05,1,0.000480039,0,0.000468328,1,0.000502647,0,0.000499692,1,0.000535509,0,0.000548218,1
1788441780,-0.000322323,2.89214e-05,0.000239609,-0.000326456,0.000677845,0.525978,9.61286e-05,0.00010369,0.136045,-0.000951096,-0.000722612,-0.000390292,-0.000135474,4.65939e-05,0.000163431,0.000404018,0.000741407,0.000996165,9.81544e-05,0.000102511,9.72344e-05,9.30618e-05,0.000120655,9.56332e-05,0.000101178,8.88812e-05,0.000477905,3.20122e-05,0.000444063,-0.000464239,0.0004768,0,0.494732,-0.000985867,-0.000394773,0.000375546,0.00102623,1788441600,0.000497339,0,0.000485452,1,0.000525806,7.46117e-06,0.000515037,1,0.000505792,0,0.000490589,1,0.00050576,1.36132e-07,0.000486484,1
1788441840,0.000351245,-4.13303e-06,0.000351245,-0.000210806,0.000672578,0.527871,0.000102993,9.77056e-05,0.141147,-0.00091438,-0.000687264,-0.00037058,-0.000125145,4.73176e-05,0.000158388,0.000386924,0.000703871,0.000938171,0.000101985,0.000109572,0.000102545,0.00010211,0.000105778,0.000100153,9.86994e-05,0.000110428,0.000456088,1.53265e-05,0.00040019,-0.000445329,0.000420695,0,0.491965,-0.000952412,-0.000379977,0.000353644,0.000968746,1788441600,0.000505407,0,0.000479264,1,0.000498103,0,0.00046804,1,0.000562325,0,0.000537706,1,0.000496238,1.26224e-05,0.000440975,1
1788441900,-0.000342979,-0.000119823,-0.000119823,-0.000562051,0.000667669,0.534467,0.000100809,0.000107738,0.1341,-0.000890478,-0.000679458,-0.00034892,-0.000108493,5.5656e-05,0.000173037,0.000406618,0.000728228,0.000980958,0.000101441,0.0001048,9.78446e-05,9.6841e-05,0.000118725,9.80341e-05,0.000108806,0.000103176,0.000459273,3.76574e-05,0.000426806,0.000448625,1.26988e-05,0.000390947,0.501653,-0.000950147,-0.000364064,0.000383284,0.00101097,1788441900,0.000489845,1.47361e-05,0.000433426,1,0.000501363,1.13796e-05,0.000477602,1,0.000504791,0,0.000474072,1,0.000576843,1.33852e-05,0.000514225,1
1788441960,-0.000673903,0,0.000123982,-0.00101723,0.000662736,0.529855,0.000191462,0.000198369,0.123889,-0.000880953,-0.000650673,-0.000339722,-0.000111578,4.63602e-05,0.000153544,0.000372045,0.000677716,0.000891459,0.000191057,0.000188658,0.000190485,0.000198854,0.000201626,0.000190931,0.000195195,0.000189706,0.000430446,0,0.000406239,-0.000434779,0.000375925,0,0.495258,-0.000933344,-0.000359153,0.000358124,0.000953278,1788441900,0.000479691,0,0.0004484,1,0.000479653,0,0.000461436,1,0.000495075,2.00252e-06,0.000488906,1,0.000498737,0,0.000461113,1
1788442020,0.000723498,9.92535e-05,0.00077309,-4.96305e-05,0.000662961,0.531942,0.000201803,0.00019367,0.0873008,-0.00097557,-0.000727906,-0.000379286,-0.000120845,5.54727e-05,0.000183837,0.000428057,0.000777664,0.00101752,0.000205264,0.000206777,0.00021031,0.000206271,0.000199818,0.000208034,0.000192145,0.000199345,0.000489559,7.28202e-05,0.000497105,0.000500824,5.88921e-05,0.00050542,0.502372,-0.00108293,-0.000413039,0.000429013,0.00110391,1788441900,0.000451039,0,0.000422365,1,0.000469387,0,0.000450419,1,0.00045834,1.17245e-05,0.000467764,1,0.000482978,0,0.000477945,1
1788442080,-0.00043817,4.54595e-05,0.000128108,-0.00043817,0.000664226,0.530526,0.000125793,0.000131358,0.061855,-0.000931814,-0.000711743,-0.000371108,-0.000120496,5.17775e-05,0.000170064,0.000413258,0.000737055,0.00097446,0.000125565,0.0001232,0.000122631,0.000123437,0.000137635,0.000124296,0.000130082,0.000127315,0.000474841,3.43426e-05,0.000479385,-0.000474799,0.000492647,0,0.499062,-0.00101096,-0.000397283,0.000396526,0.00104488,1788441900,0.000512228,1.27691e-05,0.000508692,1,0.000452398,0,0.000446923,1,0.000482007,0,0.000465954,1,0.000443157,2.84517e-06,0.000480085,1
1788442140,0.000119896,-4.1346e-06,0.000326579,-4.1346e-06,0.000660464,0.527685,6.29231e-05,6.31212e-05,0.0625694,-0.000931252,-0.000695798,-0.000369974,-0.000123472,4.62575e-05,0.000160129,0.000380417,0.000683008,0.000915811,6.44315e-05,7.19028e-05,6.51018e-05,5.81569e-05,7.63728e-05,6.31985e-05,6.17179e-05,6.33528e-05,0.000451445,0,0.000400154,-0.000453671,0.000418086,0,0.496167,-0.0010042,-0.000382944,0.000371887,0.000992317,1788441900,-0.000491624,0.000453808,8.78146e-06,1,0.000497728,0,0.000515755,1,0.000456612,0,0.00045266,1,0.000476867,1.81588e-06,0.00044563,1
1788442200,0.000702549,0,0.000702549,-0.00050035,0.000654045,0.529091,0.000202124,0.000193076,0.0689981,-0.000908367,-0.000707269,-0.000375393,-0.000119345,4.78889e-05,0.000159658,0.000383364,0.000685875,0.000911708,0.000198791,0.00020084,0.000204006,0.000201734,0.000191963,0.000201521,0.000203829,0.000208991,0.000456185,1.33491e-05,0.000420491,-0.000447739,0.000428513,0,0.498154,-0.000952659,-0.000385557,0.000356308,0.000924327,1788442200,0.000452282,1.32391e-05,0.000402046,1,0.000482504,0,0.000480675,1,0.000500317,4.67857e-06,0.0005181,1,0.000460274,4.60848e-06,0.000435447,1
1788442260,0.00177071,-0.000223109,0.00256218,-0.000285093,0.000655051,0.52719,0.000679833,0.000669192,0.0531865,-0.00102367,-0.000771886,-0.000419038,-0.000139195,5.10016e-05,0.000183826,0.000442816,0.000809729,0.00109223,0.00070184,0.000687871,0.000707778,0.000689028,0.000644398,0.000712211,0.000646206,0.00066685,0.000519301,7.96072e-05,0.000595145,-0.00052311,0.000596317,1.06619e-05,0.499494,-0.0011203,-0.000437542,0.000441387,0.00116831,1788442200,-0.000465705,0.000439578,6.40878e-06,0,0.000450302,0,0.000427009,0,0.000495632,0,0.000485192,0,0.000522609,8.33593e-07,0.000523796,0
1788442320,0.000305121,-0.000111351,0.000305121,-0.000701306,0.000695139,0.511632,0.000125573,0.000120522,0.0267196,-0.00143831,-0.00111006,-0.000612801,-0.000224214,2.9149e-05,0.000233592,0.000607442,0.0012013,0.00167895,9.4284e-05,0.000104252,0.000113135,0.000120423,9.60198e-05,0.000127068,0.000128751,0.000154394,0.000732817,0.000171606,0.00084924,-0.000676864,0.000905642,4.09938e-05,0.493115,-0.00137687,-0.000569448,0.000538999,0.00149159,1788442200,0.000528173,5.2241e-06,0.000523883,0,0.000503705,0,0.000451589,0,0.000445118,9.11213e-06,0.00041153,0,0.000502206,0,0.000469177,0
1788442380,0.0011372,-5.35955e-05,0.00145423,-0.000845495,0.000689504,0.517158,0.000341299,0.000327961,0.0303362,-0.00125099,-0.000944478,-0.000508709,-0.000185756,3.79031e-05,0.000206215,0.000516306,0.00103301,0.00145193,0.000382685,0.000355661,0.000344748,0.000346224,0.000302051,0.000333121,0.000348634,0.000344941,0.000615777,1.37219e-05,0.000649104,-0.000567621,0.000597749,0,0.4972,-0.0011981,-0.000478397,0.000467959,0.00127754,1788442200,-0.000718314,0.000758047,0,1,0.000513978,2.63142e-05,0.000495402,0,0.000468926,0,0.000430229,0,0.000462539,0,0.000444249,0
1788442440,-0.000733262,-4.11795e-06,0.0016006,-0.00131449,0.000701264,0.515398,0.000202886,0.000211434,0.0285001,-0.00142959,-0.0011141,-0.000617876,-0.000218152,3.91955e-05,0.000247809,0.00062089,0.00123386,0.00167659,0.000211019,0.000205337,0.000205094,0.0002068,0.000237429,0.000213596,0.000204623,0.000195233,0.000743515,0.000131405,0.000817879,-0.000654672,0.000854111,0,0.496172,-0.00131308,-0.000543485,0.000533731,0.00146393,1788442200,0.000587099,4.22121e-05,0.00055215,1,0.000642607,0.000101515,0.000621631,1,0.000536212,3.0842e-05,0.000494944,0,0.000398795,0,0.000445518,0
1788442500,-0.000585347,-0.000325609,0.00102148,-0.000704932,0.000701919,0.521238,0.000169048,0.000177861,0.0270146,-0.00153991,-0.00113648,-0.000606141,-0.000213392,5.67828e-05,0.000271425,0.000654669,0.00125002,0.00165906,0.000166875,0.000164086,0.000163793,0.000185107,0.000192312,0.000172654,0.000175449,0.00016894,0.000761174,0.000186775,0.000857531,0.000699178,0.000279937,0.000750294,0.504154,-0.00144054,-0.000564202,0.000574376,0.00151434,1788442500,-0.000702289,0.000752005,0,1,0.000593799,3.26751e-05,0.000542949,1,0.000633215,0.000127228,0.000613541,1,0.000564,9.8744e-06,0.000512647,1
1788442560,-0.000742482,-7.83471e-05,0.000342181,-0.00141945,0.000699777,0.524208,0.000211866,0.00021877,0.0298527,-0.00141503,-0.00103028,-0.000554784,-0.000182597,5.74282e-05,0.000249538,0.000600243,0.00112886,0.00146235,0.00021412,0.000207607,0.000207214,0.000209124,0.000232725,0.000215909,0.000221205,0.000208095,0.000697136,0.000223939,0.000771346,0.000633747,0.00022718,0.000620654,0.507668,-0.00131943,-0.000512089,0.000535268,0.0013891,1788442500,0.000678699,0.000115437,0.000699504,1,0.00063563,8.35035e-05,0.000635904,1,0.000590832,0,0.0005502,1,0.000655117,7.74295e-06,0.000697896,1
1788442620,0.00136904,0.000115533,0.00136904,-0.000445754,0.000700657,0.522045,0.000415716,0.000402996,0.0326784,-0.00140155,-0.00101801,-0.000555523,-0.000188117,5.24047e-05,0.000241488,0.00059602,0.00111461,0.00141158,0.000497935,0.000467666,0.000443303,0.000393134,0.000401824,0.000420407,0.000406427,0.000433735,0.000694136,0.000110903,0.000811864,0.000596846,8.14064e-05,0.000664022,0.501932,-0.00127169,-0.000491881,0.000501242,0.00128558,1788442500,0.000624512,5.92387e-05,0.000648231,1,-0.000623681,0.000658799,8.27546e-05,1,0.000618833,7.32703e-05,0.00064454,1,0.000564737,2.49884e-05,0.000534962,1
1788442680,0.000794996,-9.89038e-05,0.0022022,-0.000544092,0.00072013,0.516727,0.000228944,0.000217454,0.0227323,-0.00147723,-0.00111209,-0.000605536,-0.000215664,4.27424e-05,0.000245524,0.000639877,0.00118663,0.00153605,0.000231275,0.000227416,0.000227987,0.000230091,0.000197884,0.000229345,0.000232606,0.000228919,0.000749814,0.000124604,0.00091706,-0.000636619,0.000716103,4.48166e-05,0.496371,-0.00132017,-0.00053354,0.000522715,0.0013955,1788442500,-0.000548699,0.000571634,9.65957e-05,0,-0.000565849,0.000548665,9.32409e-05,1,-0.000600091,0.000633413,0.000100539,1,-0.000603193,0.000631902,6.213e-05,1
1788442740,0.00109055,2.88222e-05,0.00109055,-5.76469e-05,0.000721703,0.513265,0.00031613,0.000303477,0.0231453,-0.00163891,-0.00124555,-0.000683546,-0.000254699,3.85121e-05,0.000269619,0.000681349,0.00131948,0.00171494,0.000357273,0.000331242,0.000315375,0.000313702,0.000277268,0.000312098,0.00032046,0.00032872,0.000819196,8.72596e-05,0.000954999,-0.000687307,0.000840686,0.000112492,0.495004,-0.0014307,-0.000582199,0.000546698,0.001491,1788442500,-0.000626454,0.000600006,6.2334e-05,1,-0.00053508,0.000542791,9.88439e-05,0,-0.000548307,0.000560547,0.000107766,1,-0.00062599,0.000635377,0.0001086,1
1788442800,-0.000226242,4.11294e-05,0.000493441,-0.000699459,0.000730907,0.51512,0.00010364,0.000112336,0.023079,-0.00143943,-0.00112294,-0.000612771,-0.000215954,3.79484e-05,0.00024202,0.000608508,0.00116789,0.00158157,8.25655e-05,9.17088e-05,0.000102778,0.000102023,0.000119163,0.000126376,0.000103333,0.000113819,0.000733202,0.000105094,0.000796459,-0.000592273,0.000655665,0,0.499651,-0.00123821,-0.000499944,0.000488734,0.00133366,1788442800,-0.000662975,0.000729806,6.10545e-05,1,0.000592365,4.33585e-05,0.000618024,1,-0.000539167,0.000543595,8.39099e-05,0,-0.000552918,0.00054718,0.000126356,1
1788442860,0.0011307,0.000180998,0.00118412,-0.000432059,0.000724268,0.514787,0.000325813,0.000312069,0.0275144,-0.00142642,-0.00106871,-0.000584215,-0.000214685,3.67519e-05,0.000240736,0.000610592,0.00115382,0.00154275,0.000377298,0.00034666,0.000334129,0.000322484,0.000288558,0.000324239,0.000338445,0.000337819,0.000719008,4.27418e-05,0.000776921,-0.000601849,0.000643888,0,0.497753,-0.00126807,-0.000507657,0.000493752,0.0013347,1788442800,-0.00061572,0.00063809,0,1,-0.000653838,0.000734085,1.67881e-05,1,0.000606113,4.35348e-05,0.000607642,1,-0.000576513,0.000576604,2.6872e-05,0
1788442920,3.28739e-05,-2.46561e-05,0.000316367,-0.000912683,0.000734603,0.514354,0.00010055,0.000101414,0.0209346,-0.00147957,-0.00113014,-0.000630274,-0.000227513,3.76375e-05,0.000252958,0.000658307,0.00124911,0.00168205,6.0084e-05,7.72828e-05,9.0457e-05,0.000106661,8.89578e-05,0.000111695,9.76885e-05,0.000119452,0.000774905,0.000128711,0.000884437,-0.000626119,0.000714164,0,0.498018,-0.00126564,-0.00051897,0.000520436,0.00141054,1788442800,0.000605757,5.889e-05,0.000602486,1,0.000599381,1.75614e-05,0.000541615,1,-0.000647617,0.000711249,8.95946e-06,1,-0.000629216,0.000621776,0,1
1788442980,0.0004478,-5.75301e-05,0.00076812,-0.000156161,0.000727235,0.514016,0.000146839,0.00014069,0.0273048,-0.00142571,-0.00105918,-0.000579562,-0.000210282,3.38045e-05,0.0002316,0.000604357,0.00115224,0.00155707,0.000127669,0.000130989,0.0001374,0.000151312,0.000115344,0.000144803,0.000146616,0.000165921,0.000712217,5.70295e-06,0.000818023,-0.000591584,0.000605963,4.77143e-05,0.497616,-0.00123831,-0.000494391,0.000491052,0.00132145,1788442800,-0.000650895,0.000653344,1.99629e-05,1,-0.000594035,0.000616086,1.38275e-05,1,0.00059221,4.1525e-07,0.000538005,1,-0.000671426,0.000662929,4.08673e-05,1
1788443040,0.0001766,8.21463e-06,0.0001766,-0.000497111,0.000722706,0.520744,9.32375e-05,9.2627e-05,0.0330746,-0.0012624,-0.000968062,-0.000532542,-0.000177665,4.5744e-05,0.000232752,0.000543314,0.00104207,0.00141904,7.28403e-05,8.52395e-05,8.94829e-05,9.27827e-05,8.47406e-05,9.01313e-05,9.13758e-05,0.000112721,0.000646596,0.000115205,0.000703929,0.000541164,7.56564e-05,0.000490235,0.505103,-0.0011339,-0.000441786,0.000462474,0.00123831,1788442800,-0.000583192,0.000616314,4.28773e-05,1,-0.000595607,0.000642138,2.80301e-05,1,-0.000577531,0.000578908,3.26657e-05,1,0.00055728,0,0.000543805,1
1788443100,-0.00159052,-0.000217674,0.000238155,-0.0017674,0.000715878,0.518026,0.000531991,0.000546826,0.0497145,-0.00129998,-0.000998896,-0.000535831,-0.000184511,3.9945e-05,0.00021718,0.000532004,0.00102346,0.00136918,0.000612866,0.000569549,0.000565099,0.000503609,0.000613601,0.000582874,0.000532527,0.000477193,0.000641083,5.54675e-06,0.000797684,-0.000533424,0.000491216,4.24825e-05,0.496687,-0.00110333,-0.000450302,0.000437515,0.00114951,1788443100,-0.000541163,0.000575327,0,1,-0.00058116,0.000619199,3.60425e-05,1,-0.000588196,0.00061949,4.39225e-05,1,-0.000564979,0.000577309,4.65055e-05,1
1788443160,-0.00021802,2.87916e-05,0.000822291,-0.000650088,0.000743523,0.527123,0.000102789,0.00011281,0.0214219,-0.00145443,-0.00106571,-0.000573004,-0.00018967,6.94824e-05,0.000261191,0.000623134,0.00112293,0.00144453,8.07593e-05,9.14533e-05,0.000101093,0.000112515,0.000116292,0.000123317,0.000109389,9.28246e-05,0.000722285,0.000191145,0.000844178,0.000638282,0.000109339,0.000663041,0.506662,-0.0013658,-0.000520691,0.000542573,0.00139476,1788443100,-0.00050621,0.000501083,9.73491e-05,0,-0.000514198,0.000506379,3.74493e-06,1,-0.000583113,0.000577601,4.69142e-05,1,-0.000581009,0.000586242,4.02582e-05,1
1788443220,-0.000827264,-7.81698e-05,0.000164548,-0.00111141,0.000736696,0.52511,0.000232783,0.000241346,0.0289391,-0.00134363,-0.00100129,-0.000535644,-0.000181748,5.99501e-05,0.000241391,0.000581931,0.00107056,0.001367,0.000246912,0.000231462,0.000231164,0.00023286,0.000260805,0.000239971,0.000234149,0.000227525,0.000674855,5.38566e-05,0.000756748,0.00060405,8.74362e-05,0.000655857,0.503805,-0.00128574,-0.000499219,0.000513199,0.00132361,1788443100,0.000585097,6.66907e-05,0.000641508,1,-0.000559283,0.000591147,0,0,-0.00051349,0.000515843,5.42209e-06,0,-0.000592959,0.000609956,1.33919e-05,1
1788443280,-0.000432425,3.70563e-05,0.000292296,-0.00055601,0.000738616,0.52346,0.000131934,0.000140584,0.0323715,-0.0013331,-0.000986036,-0.000527415,-0.000185748,5.60287e-05,0.000228761,0.000567896,0.00103742,0.00131447,0.000124149,0.000126566,0.000132909,0.000138382,0.000148409,0.000144982,0.000128659,0.00012663,0.000660824,2.97699e-05,0.000777912,-0.000594915,0.000569365,5.71423e-05,0.499066,-0.00130492,-0.000500502,0.000492793,0.00126936,1788443100,-0.000575412,0.000580619,8.2503e-05,1,-0.000567897,0.000544682,8.92851e-05,1,-0.00053807,0.000497561,0,0,-0.000507451,0.00049217,2.96518e-05,0
1788443340,0.000148281,-1.23578e-05,0.000601226,-0.000337834,0.000733746,0.524816,8.54229e-05,8.58468e-05,0.0446087,-0.00124462,-0.000925121,-0.000488051,-0.000173505,5.63005e-05,0.000221974,0.000535689,0.00096287,0.00122949,6.78651e-05,8.30084e-05,8.8347e-05,9.27266e-05,8.70462e-05,9.06009e-05,8.52625e-05,7.84496e-05,0.00061894,0,0.000641044,-0.000560364,0.00052767,1.43645e-06,0.499779,-0.00123121,-0.000472168,0.000465299,0.001202,1788443100,-0.000543177,0.000537992,6.91258e-05,1,-0.000554625,0.000535105,8.53376e-05,1,-0.000550892,0.000525976,8.59541e-05,1,-0.000493613,0.000503445,1.07142e-05,0
1788443400,0.00115255,2.05929e-05,0.00152273,-0.000144162,0.000726674,0.526332,0.00035073,0.000336843,0.0572553,-0.00122083,-0.000917251,-0.000486764,-0.000175641,6.17435e-05,0.000213655,0.000528908,0.000946135,0.00120443,0.000392296,0.000355352,0.00035392,0.000334276,0.000311519,0.0003609,0.000367662,0.000364414,0.000613311,0,0.000660386,-0.000571666,0.000533574,4.07336e-05,0.498246,-0.001237,-0.00048642,0.000467721,0.00121963,1788443400,-0.000541369,0.000524332,1.56158e-05,1,-0.000548745,0.000522355,6.6527e-05,1,-0.000564368,0.000569902,6.91627e-05,1,-0.000572068,0.000546872,5.56979e-05,1
1788443460,-0.000209829,0,0.000440087,-0.000452628,0.000737605,0.519861,9.65601e-05,0.000103784,0.0249052,-0.00138538,-0.00103077,-0.000552625,-0.000206255,5.03841e-05,0.000225457,0.000572421,0.00104648,0.00138872,7.95906e-05,8.9206e-05,9.3909e-05,0.000107945,0.000112774,0.000101298,0.000101386,8.9092e-05,0.000676916,5.45278e-05,0.000783088,-0.00060069,0.000647937,4.22228e-05,0.496518,-0.0012731,-0.00051307,0.000493039,0.00132191,1788443400,-0.000553543,0.000517744,6.87458e-05,1,-0.000547839,0.000496865,1.17279e-05,1,-0.000553097,0.000526792,3.83455e-05,1,-0.000593524,0.000574423,5.0778e-05,1
1788443520,-0.00101274,-4.52631e-05,0.000111092,-0.00130522,0.000730794,0.522626,0.000289707,0.000299053,0.0340833,-0.00123987,-0.000924615,-0.000490112,-0.000183481,5.28002e-05,0.000207039,0.000519064,0.000938658,0.0012376,0.000326252,0.000297608,0.000293338,0.000283714,0.000322513,0.00030167,0.000278652,0.000289799,0.000608356,0,0.000639508,-0.000550875,0.000528609,5.58653e-06,0.496737,-0.00119323,-0.000470026,0.000450293,0.00120887,1788443400,-0.000610045,0.000599401,2.86625e-05,1,-0.000583659,0.000546181,2.00364e-05,1,-0.000553503,0.000522991,0,1,-0.000594639,0.000559124,0,1
1788443580,-0.000473786,2.47131e-05,0.000350046,-0.000539722,0.00073749,0.523498,0.000137847,0.000145419,0.031778,-0.00128686,-0.000953355,-0.000507086,-0.00018226,5.50775e-05,0.000227992,0.000553077,0.00099998,0.00127984,0.000135647,0.000132957,0.000136848,0.000143598,0.000156657,0.000142136,0.000143323,0.000129768,0.000640433,5.99595e-05,0.00067465,0.00058548,2.6991e-05,0.000586297,0.500027,-0.00126122,-0.000489486,0.000490999,0.00126746,1788443400,-0.00055621,0.000585181,0,1,-0.000599549,0.000622296,0,1,-0.000597356,0.000544684,5.48454e-07,1,-0.000566544,0.000526864,0,1
1788443640,-0.000288502,-4.12086e-06,0.000168941,-0.000362701,0.000733146,0.520392,0.000101883,0.00010866,0.040711,-0.00120598,-0.000901569,-0.000473967,-0.00018184,4.58276e-05,0.000202278,0.000517402,0.000928497,0.00118639,9.23191e-05,0.000101386,0.000103694,0.000107367,0.000120673,0.000103283,0.00010249,9.36567e-05,0.000598768,0,0.000603391,-0.000548038,0.000521553,0,0.495814,-0.00119961,-0.000466382,0.000450109,0.00116756,1788443400,0.000595934,2.15391e-05,0.000603074,1,-0.000575758,0.000563655,0,1,-0.000609385,0.000633022,0,1,-0.000600502,0.000558942,0,1
1788443700,-0.000527761,-4.94658e-05,4.12196e-05,-0.00089901,0.000726924,0.521314,0.000148968,0.00015434,0.0555506,-0.00111905,-0.000846798,-0.000439352,-0.000171393,4.56391e-05,0.000190275,0.000483207,0.000866863,0.00109906,0.000150745,0.000147864,0.000147541,0.000148532,0.000166814,0.000151189,0.000144531,0.000152221,0.000557838,0,0.000558154,-0.000512298,0.00042527,0,0.493416,-0.0011418,-0.000440285,0.000412879,0.00107721,1788443700,-0.000562717,0.000539273,0,1,-0.000585845,0.000557839,2.56198e-05,1,-0.00057136,0.000548168,0,1,-0.000630769,0.000594936,0,1
1788443760,0.000152585,1.23726e-05,0.000375234,-0.000160858,0.000723478,0.522977,7.98873e-05,8.09564e-05,0.0695968,-0.00112326,-0.000847236,-0.000445396,-0.000180533,5.29922e-05,0.000204922,0.000507177,0.000896052,0.00111989,6.84057e-05,8.13832e-05,7.95872e-05,8.87689e-05,8.68848e-05,7.09522e-05,8.1152e-05,7.22684e-05,0.000576787,0,0.000603203,-0.00053351,0.000474336,2.68048e-05,0.493452,-0.00117938,-0.000459003,0.00043466,0.00112336,1788443700,0.000532197,0,0.000496634,1,-0.000538558,0.000499164,4.05737e-05,1,-0.000574516,0.000550112,3.26119e-05,1,-0.00056862,0.000544124,1.11866e-05,1
1788443820,0.00120748,4.12358e-06,0.00169336,-5.36081e-05,0.000716532,0.527519,0.000402574,0.000391595,0.0860908,-0.00103521,-0.000790996,-0.000413262,-0.000154424,5.75433e-05,0.000190026,0.000460169,0.000819932,0.00103096,0.000420163,0.000383854,0.00039897,0.000390074,0.000347158,0.000427852,0.000421023,0.000407738,0.000528733,0,0.00053423,-0.00049333,0.000425557,0,0.494407,-0.00109113,-0.000425881,0.000396713,0.00103154,1788443700,-0.000542936,0.000518701,2.31524e-05,1,-0.000526005,0.000472658,0,1,-0.00053444,0.00052754,3.6911e-05,1,-0.000580067,0.000559368,2.1424e-05,1
1788443880,0.000535277,1.64743e-05,0.000732845,-4.11862e-06,0.000729596,0.517634,0.000156193,0.000147354,0.026691,-0.00126302,-0.000958124,-0.000512123,-0.000210835,4.4514e-05,0.000207266,0.000544078,0.000975402,0.00129999,0.000151592,0.000155239,0.000154754,0.000158228,0.000137264,0.0001541,0.000159934,0.000158138,0.000636395,4.44954e-05,0.000740507,-0.000605806,0.000645649,3.40246e-05,0.490828,-0.00130305,-0.00053107,0.000484492,0.00130386,1788443700,-0.000532995,0.000479747,0,0,-0.000565351,0.000538672,1.90949e-06,1,-0.000529417,0.000503444,0,1,-0.000556301,0.000530083,2.56304e-05,1
1788443940,0.000119369,-1.23493e-05,0.000205799,-0.00044879,0.000726219,0.520086,8.00296e-05,8.03282e-05,0.029217,-0.00116389,-0.00089902,-0.000462738,-0.000190737,4.72102e-05,0.000194019,0.000489091,0.00088391,0.00117054,6.4238e-05,7.9622e-05,8.03143e-05,8.02492e-05,8.40404e-05,7.04278e-05,8.6e-05,8.01223e-05,0.000574151,0,0.00059322,-0.00052875,0.000490311,0,0.492151,-0.00116306,-0.00046573,0.000419377,0.0011366,1788443700,-0.000671234,0.000634568,0,1,-0.000558343,0.000504923,0,1,0.000576431,0,0.000564226,1,-0.000549638,0.000518612,0,1
1788444000,-0.00180852,-0.000181117,-0.000181117,-0.00180852,0.000719118,0.515985,0.000636791,0.000647698,0.0408988,-0.00131888,-0.00102844,-0.000545173,-0.000218366,4.09993e-05,0.000211146,0.000551392,0.0010079,0.00131506,0.000725071,0.000679611,0.00068933,0.000590874,0.00070034,0.000723256,0.000600618,0.000625888,0.000658587,2.03279e-05,0.000828215,-0.000609791,0.000666419,0.000115672,0.486152,-0.00129287,-0.000534254,0.000481855,0.00126508,1788444000,0.000609172,0,0.000519829,0,0.000647879,2.1286e-05,0.000616875,1,-0.000575473,0.000523899,0,1,0.000597325,0,0.000553022,1
1788444060,0.000581226,6.59718e-05,0.00103443,-0.000119585,0.000756441,0.528623,0.000163849,0.000154083,0.0227029,-0.00132565,-0.000989303,-0.000505265,-0.000184228,7.26655e-05,0.000228043,0.000569037,0.00102488,0.0013181,0.000164566,0.000168102,0.000168389,0.00016768,0.0001487,0.000181207,0.000156976,0.000162001,0.000651216,8.35245e-05,0.000669899,-0.000642149,0.000670536,0,0.497957,-0.00140702,-0.000535867,0.000535806,0.00136801,1788444000,-0.000796814,0.000718554,0,1,0.000614147,0,0.00053511,1,0.000653877,3.70003e-05,0.000619797,1,0.000570195,0,0.00052694,1
1788444120,0.00114498,-4.12106e-05,0.00154829,-4.12106e-05,0.000753337,0.522129,0.000341003,0.000326907,0.0227707,-0.00127793,-0.000984504,-0.000517801,-0.000196489,5.49797e-05,0.000211907,0.000561623,0.00102812,0.00131045,0.000388586,0.00034792,0.00033519,0.000335059,0.000308735,0.000327907,0.000334685,0.000358949,0.000651422,1.94201e-06,0.000666399,-0.000623205,0.000646885,0,0.494151,-0.00132661,-0.000527429,0.000513323,0.00134235,1788444000,0.000670628,0,0.000646941,1,0.000833567,0,0.000708758,1,0.000609024,0,0.000545916,1,0.000678935,0,0.000660042,1
1788444180,0.000473258,-3.7047e-05,0.000559655,-0.000856549,0.000763142,0.517227,0.000147949,0.000143192,0.0192718,-0.00140288,-0.00106973,-0.00056286,-0.000229197,4.70651e-05,0.000211747,0.000577813,0.00106113,0.00138683,0.000134203,0.000138108,0.000147445,0.000144877,0.000127572,0.000163682,0.000156769,0.000156456,0.000685851,2.80879e-06,0.000774317,-0.00066416,0.000676363,3.32118e-05,0.49064,-0.00142813,-0.000571655,0.000533568,0.00144276,1788444000,-0.000686431,0.000593541,1.68763e-05,1,-0.00063966,0.000571164,4.63813e-05,1,-0.000840935,0.000662323,0,1,0.000587698,0,0.000551182,1
1788444240,0.000148104,-4.1144e-05,0.000518269,-0.000205737,0.000758431,0.51895,9.65274e-05,9.64179e-05,0.0228926,-0.00138904,-0.00105956,-0.000557407,-0.000224272,5.17256e-05,0.000226211,0.000583979,0.00108329,0.00140591,6.70588e-05,8.53822e-05,9.46134e-05,0.0001015,8.74908e-05,0.000108749,9.82271e-05,9.9036e-05,0.000687508,0,0.000755384,-0.000652982,0.000632559,2.7514e-05,0.489923,-0.00137317,-0.000558527,0.000525815,0.00142863,1788444000,-0.000693777,0.00063416,1.31304e-05,1,-0.000637508,0.000583067,5.51146e-05,1,-0.00061316,0.000555383,5.78239e-05,1,-0.000675762,0.000638623,4.79303e-06,1
1788444300,2.05683e-05,-7.81634e-05,0.000518192,-0.000699574,0.0007511,0.527727,7.98364e-05,8.46053e-05,0.0328636,-0.00125329,-0.000947609,-0.000494887,-0.000185132,6.98728e-05,0.000214528,0.000530067,0.000984248,0.00129686,5.83412e-05,7.71656e-05,8.22897e-05,7.97122e-05,8.66052e-05,8.31858e-05,8.28668e-05,8.06644e-05,0.000618742,0,0.000628121,-0.000590506,0.000585614,0,0.496839,-0.00127138,-0.000499392,0.00048801,0.00131509,1788444300,-0.000710784,0.000674916,2.67942e-05,1,-0.000679728,0.000667227,9.84948e-07,1,-0.000644936,0.000612708,5.542e-05,1,-0.000630754,0.000587858,2.81976e-05,1
1788444360,0.000781282,0.000119288,0.000929246,-0.000218046,0.000743557,0.526951,0.000222039,0.000209919,0.0524453,-0.00128643,-0.000973099,-0.000508802,-0.000183766,6.67004e-05,0.000226134,0.0005719,0.00103728,0.00135915,0.000226964,0.000223167,0.000222533,0.000223737,0.00019739,0.000223147,0.000223769,0.000219894,0.000653961,1.12292e-05,0.000691778,-0.000592825,0.000666333,1.96235e-05,0.497779,-0.00127209,-0.000495106,0.000504444,0.00133647,1788444300,-0.000649488,0.000627245,0,1,-0.000739361,0.000736169,0,1,-0.000679298,0.000672582,0,1,-0.0006436,0.000609914,3.90444e-05,1
1788444420,4.52134e-05,-8.22084e-06,0.000443825,-0.000349446,0.00074433,0.521564,8.65028e-05,8.64047e-05,0.0388342,-0.00128833,-0.000988383,-0.000521983,-0.000195082,5.28156e-05,0.000216398,0.00057089,0.00103819,0.00137916,5.96117e-05,7.73933e-05,7.89812e-05,8.78401e-05,8.4901e-05,7.18703e-05,9.43898e-05,9.53535e-05,0.000659725,3.24317e-05,0.000722247,-0.000575077,0.000610241,0,0.495178,-0.0012202,-0.000484059,0.000481907,0.00129781,1788444300,0.000657957,0,0.000632581,1,-0.000654375,0.000590444,0,1,0.000733153,0,0.000717057,1,-0.00070863,0.000650026,0,1
1788444480,0.000760102,-0.000176755,0.0008792,-0.000559146,0.000736877,0.524998,0.000219615,0.000206794,0.059792,-0.0012153,-0.000915782,-0.000480284,-0.000174139,5.70572e-05,0.000202832,0.000521183,0.000964277,0.00127016,0.000218876,0.000217271,0.000216351,0.000217044,0.000189182,0.00021707,0.000225128,0.00022639,0.000604694,0,0.000646895,-0.00051211,0.000520845,4.16357e-06,0.494739,-0.00110504,-0.000431479,0.000426083,0.00115866,1788444300,-0.000642241,0.000600874,0,1,-0.00063177,0.000613009,1.05666e-05,1,-0.000645761,0.000574703,0,1,0.000699917,0,0.000677139,1
1788444540,-0.000731331,-2.46429e-05,0.000324408,-0.000743661,0.000737349,0.520709,0.00020259,0.000212765,0.0518619,-0.00127428,-0.000975385,-0.000520059,-0.000187899,4.83037e-05,0.000217479,0.000559549,0.00104978,0.00144169,0.000211243,0.00020506,0.00020468,0.000205979,0.000234326,0.000207028,0.000203142,0.00018914,0.00065113,4.03458e-05,0.000702493,-0.000556361,0.000635719,0,0.495663,-0.00116988,-0.000467556,0.000468243,0.00127576,1788444300,0.000552449,1.37359e-05,0.000539203,1,-0.000610722,0.000599823,0,1,-0.000638884,0.000637427,2.92208e-05,1,-0.000609184,0.000572571,1.55907e-05,1
1788444600,-0.000579692,3.28803e-05,0.000550602,-0.000797678,0.000737229,0.524217,0.000161993,0.000171004,0.0381328,-0.00123269,-0.000918201,-0.00048438,-0.000174846,5.49303e-05,0.000203297,0.000527429,0.000983591,0.00131085,0.000165512,0.00016289,0.000162558,0.000163672,0.000188907,0.000164898,0.000159714,0.000156757,0.000610823,5.19507e-05,0.000651428,-0.000546256,0.000562742,0,0.495081,-0.00118787,-0.000461398,0.000452463,0.00122473,1788444600,-0.000601941,0.000601324,8.38833e-06,1,-0.000559704,0.000554653,0,1,-0.000619127,0.000615583,1.54797e-06,1,-0.000666883,0.000666749,2.00483e-05,1
1788444660,0.00209107,3.28993e-05,0.00229214,-0.000584143,0.000734409,0.527612,0.000797868,0.000782552,0.0416816,-0.00120936,-0.000897108,-0.00048115,-0.000165696,6.20848e-05,0.000216523,0.000543734,0.00101046,0.00128991,0.00086327,0.000819407,0.000825785,0.000783749,0.000757341,0.000857469,0.000777514,0.00078619,0.000619415,7.39466e-05,0.000631993,-0.000574108,0.000653294,0,0.499264,-0.00122277,-0.000474496,0.00048756,0.00129007,1788444600,0.000558738,3.0678e-05,0.000544316,1,-0.000580282,0.000602081,2.0088e-06,1,-0.000563901,0.000568193,1.37829e-05,1,-0.000630889,0.000616015,0,1
1788444720,-0.00042279,4.51418e-05,0.00108284,-0.000673265,0.00078487,0.514843,0.000143464,0.000153327,0.0193018,-0.00160736,-0.00123566,-0.000685907,-0.000245857,4.23074e-05,0.000249676,0.00068524,0.00134638,0.00181783,0.000121964,0.000128833,0.000142498,0.000148856,0.000150758,0.000160297,0.000143148,0.000145322,0.000822768,9.66787e-05,0.000983363,-0.000747862,0.000878076,9.11819e-05,0.490169,-0.00151746,-0.00062738,0.000604072,0.00166886,1788444600,-0.000583681,0.000594912,3.26579e-05,1,-0.000548058,0.00053227,2.26357e-05,1,0.000591603,1.91486e-05,0.000595985,1,-0.000584802,0.000584085,1.18113e-05,1
1788444780,0.00080438,9.03198e-05,0.000984866,-0.000147814,0.000779279,0.519958,0.000235696,0.000222396,0.022575,-0.00152561,-0.00113861,-0.000608387,-0.000228867,5.62903e-05,0.000242631,0.000636143,0.00124538,0.00166243,0.000236129,0.00022993,0.000230122,0.00023123,0.000199432,0.000232534,0.000241048,0.000248531,0.000749182,1.42365e-05,0.000792938,-0.000710203,0.000775813,4.14135e-05,0.49459,-0.00151036,-0.000600007,0.000573305,0.00156261,1788444600,-0.000765595,0.000713149,9.14436e-05,1,-0.00055657,0.000534342,6.41901e-05,0,-0.000529275,0.000534369,3.32981e-05,1,-0.000598824,0.000595099,5.6422e-06,1
1788444840,0.000910302,-0.000201034,0.000914401,-0.000549863,0.000779789,0.520392,0.000264276,0.000249738,0.0208431,-0.00140003,-0.00106609,-0.000589226,-0.000215529,5.44088e-05,0.000237671,0.000624335,0.00118845,0.00161935,0.000277285,0.000259209,0.000259296,0.00025952,0.000226792,0.000262324,0.000260127,0.000286149,0.000730337,4.55072e-05,0.000735506,-0.000645067,0.000718747,0,0.499733,-0.00133629,-0.000533652,0.000542899,0.00146974,1788444600,-0.000718765,0.000756403,1.64276e-05,1,-0.000709283,0.000773972,4.86811e-05,1,-0.000551613,0.000552288,6.76586e-05,0,-0.000551292,0.000528885,3.93026e-05,1
1788444900,-0.00076263,-0.000172156,0.000229495,-0.000832361,0.000782612,0.514478,0.000207497,0.000218193,0.0204401,-0.00164632,-0.00126355,-0.000689133,-0.00025098,4.19575e-05,0.000255292,0.000698024,0.00130202,0.0017625,0.000223405,0.000213958,0.000213789,0.00021558,0.000246327,0.00022117,0.000197582,0.000201409,0.000832985,0,0.000904396,-0.000739673,0.000819747,3.85098e-05,0.496293,-0.00151665,-0.000618334,0.00059947,0.00159852,1788444900,-0.000703324,0.000667267,0,1,-0.000727442,0.000717436,2.22149e-05,1,0.000718016,7.92192e-05,0.000742,1,-0.000569345,0.000550594,6.2213e-05,1
1788444960,0.000742136,4.10171e-06,0.000832303,-7.38337e-05,0.000782218,0.524106,0.000215035,0.000200156,0.0215183,-0.00143373,-0.00106221,-0.000564035,-0.000206754,6.4677e-05,0.000244128,0.000633591,0.00117522,0.00161858,0.00021204,0.000212705,0.000212627,0.000212879,0.000180544,0.000215896,0.000211888,0.000228564,0.000723687,8.14113e-05,0.000725185,0.000651106,6.25531e-05,0.000590382,0.500581,-0.0013885,-0.000535833,0.000549619,0.00148297,1788444900,-0.000750776,0.00069983,6.68354e-05,1,-0.00067645,0.000642574,0,1,-0.000687864,0.00066666,5.26394e-05,1,-0.000748489,0.000722243,3.00467e-05,1
1788445020,0.0008194,-4.50865e-05,0.0014376,-7.3779e-05,0.000781436,0.524604,0.000238551,0.000222454,0.0214521,-0.00129169,-0.000981797,-0.000531001,-0.000185423,5.94888e-05,0.000226183,0.000583406,0.00110332,0.00153153,0.000241537,0.000234124,0.000233957,0.000233267,0.000200259,0.000237614,0.000234454,0.000261732,0.000672285,4.12311e-05,0.000662042,0.000580027,7.64549e-05,0.000510404,0.503614,-0.00121897,-0.000470085,0.000502292,0.00134782,1788444900,0.000658635,4.09682e-05,0.000617972,1,0.000765252,1.09236e-05,0.000721236,1,0.000676543,0,0.000661996,1,-0.000699824,0.000659649,6.51397e-05,1
1788445080,-0.00140158,4.09531e-06,0.000961938,-0.00152052,0.000782214,0.516844,0.000417522,0.000431289,0.0215653,-0.00143652,-0.00108765,-0.000595406,-0.000225596,4.50617e-05,0.000235025,0.000619308,0.00114866,0.00157605,0.000521999,0.000452671,0.000433314,0.000430971,0.000503696,0.000414447,0.000406258,0.000367899,0.000730594,1.07974e-05,0.000755794,-0.00064421,0.000730705,4.58562e-06,0.49693,-0.00134945,-0.000540695,0.000533664,0.00145815,1788444900,-0.000589495,0.000575298,0,1,-0.000627439,0.000588988,2.31201e-05,1,-0.000719471,0.000675526,0,1,-0.000623429,0.000597452,2.43832e-05,1
1788445140,-2.05055e-05,4.10106e-06,0.000602675,-0.000270707,0.000799318,0.52564,9.91049e-05,0.000107871,0.0194643,-0.00157176,-0.00115674,-0.000624759,-0.000217202,7.37889e-05,0.000280515,0.000686155,0.00122832,0.00159561,5.96673e-05,8.31016e-05,9.6058e-05,0.000110131,9.26641e-05,0.000118395,0.000108315,9.13784e-05,0.000791512,0.000119774,0.000820972,0.000725321,0.000181682,0.000759723,0.503587,-0.0015258,-0.000592649,0.00060891,0.00159876,1788444900,-0.000657265,0.000654641,2.37216e-05,1,-0.000561837,0.00053737,7.99997e-06,1,-0.000596269,0.000576523,4.22133e-05,1,-0.000664461,0.0006415,3.6268e-05,1
1788445200,0.000795307,0,0.00122959,0,0.00079129,0.527575,0.000227019,0.000210885,0.0260116,-0.00130425,-0.000974108,-0.000513225,-0.000172774,6.45763e-05,0.000235928,0.000604808,0.001066,0.0014102,0.000232311,0.000227247,0.000227049,0.00022711,0.00019639,0.000230942,0.000224246,0.000232619,0.000676913,0,0.000643467,0.000619019,6.8938e-05,0.00060027,0.504148,-0.00130302,-0.000504525,0.000531776,0.00139686,1788445200,0.000707196,6.13736e-05,0.000766577,1,-0.000629078,0.00064401,3.92607e-05,1,-0.000576628,0.000560785,0,1,-0.000595605,0.00057061,6.66446e-05,1
1788445260,-0.000250003,-6.55684e-05,0.000671828,-0.000889638,0.00079137,0.518813,0.000103029,0.000114442,0.0220007,-0.00141194,-0.00105878,-0.00057273,-0.000209786,4.78777e-05,0.000232743,0.000617811,0.00113807,0.00151782,8.63007e-05,0.000100121,0.000105615,0.000106984,0.000122216,0.000117849,0.000103015,0.000102046,0.00071746,6.36673e-06,0.00073737,-0.000634859,0.000681202,0,0.498261,-0.00134118,-0.000531844,0.000527326,0.00141625,1788445200,-0.000618877,0.000602365,4.33043e-05,1,-0.000688797,0.000670131,8.87342e-05,1,-0.000616942,0.000638837,4.9405e-05,1,-0.000566024,0.000548187,3.00028e-06,1
1788445320,0.00108562,0,0.00116751,-1.22968e-05,0.000784214,0.523952,0.000310326,0.000293823,0.0310564,-0.0014224,-0.00105685,-0.000553788,-0.00020418,6.33198e-05,0.000247863,0.000641518,0.00117547,0.00154785,0.000359539,0.000320662,0.000316699,0.00030886,0.000276421,0.000314451,0.000311199,0.000319099,0.000723606,0,0.000741772,-0.000665502,0.00074319,5.68335e-05,0.499313,-0.00139782,-0.000554898,0.000553975,0.00147689,1788445200,-0.000623981,0.000592515,4.72314e-05,1,-0.000602032,0.000554204,6.14103e-05,1,-0.00065526,0.00062828,0.000110565,1,-0.000632026,0.00060626,5.28955e-05,1
1788445380,0.0012235,4.50381e-05,0.0013748,-4.09448e-06,0.000791368,0.522063,0.000368305,0.000347149,0.0200431,-0.00135717,-0.00103878,-0.000564954,-0.000194112,5.40536e-05,0.000231763,0.000616845,0.00110638,0.00151886,0.000427378,0.000372788,0.000365773,0.000367009,0.000321344,0.000349898,0.000362681,0.000380265,0.000712296,3.16661e-05,0.000700521,0.000621976,7.24709e-05,0.000569927,0.500548,-0.00129564,-0.000517967,0.000521829,0.00140779,1788445200,-0.000659366,0.000683017,6.69845e-05,0,-0.000605104,0.000598435,5.32203e-05,1,-0.00060759,0.000581873,6.14595e-05,1,-0.000663839,0.000632755,9.89928e-05,1
1788445440,0.000216718,0,0.000903363,-0.000106332,0.000802295,0.516819,0.000112806,0.000107806,0.0175185,-0.00145063,-0.00112895,-0.000607601,-0.000226624,4.51742e-05,0.000237344,0.000652696,0.0011774,0.00161308,7.84291e-05,9.84119e-05,0.000105066,9.91433e-05,9.07365e-05,0.00012466,0.00011582,0.000147926,0.00075924,9.23794e-06,0.000758637,-0.000646403,0.000727781,0,0.497926,-0.00135088,-0.000543982,0.000537655,0.0014706,1788445200,-0.000636065,0.000615729,1.22345e-05,1,-0.00067151,0.000677234,4.62957e-05,1,-0.000603212,0.000605508,4.55738e-05,1,-0.000598934,0.000580314,7.10449e-05,1
1788445500,0.000682559,4.08849e-05,0.00153204,-2.86204e-05,0.000794823,0.524579,0.000201334,0.000182126,0.0245487,-0.00136885,-0.00104934,-0.000571157,-0.00020301,6.51216e-05,0.000244689,0.000632337,0.00112386,0.00153211,0.000191569,0.000195855,0.000195323,0.000195209,0.000158772,0.000199785,0.000200203,0.000226309,0.000725935,5.46575e-06,0.000659403,0.00062781,9.40716e-05,0.000583613,0.500957,-0.00131133,-0.00052432,0.000525201,0.00143104,1788445500,-0.000671322,0.000673856,0,1,-0.000619428,0.000617193,0,1,-0.000660262,0.000645774,6.22087e-05,0,-0.000618279,0.000587858,2.85722e-05,1
1788445560,0.000535095,-4.08587e-05,0.000833153,-0.000273785,0.000792733,0.5259,0.000161452,0.000153375,0.0259351,-0.00140887,-0.00107844,-0.000581187,-0.000205948,7.08745e-05,0.000263379,0.000665754,0.00118241,0.00161106,0.000150133,0.000154863,0.00015423,0.000162236,0.000130279,0.000158919,0.000158519,0.000186851,0.000753516,7.36223e-05,0.000721607,0.000654456,0.00017404,0.000635463,0.502789,-0.00133828,-0.000538686,0.000554453,0.00149816,1788445500,0.000658183,5.52357e-05,0.000624907,1,0.000643538,3.07775e-05,0.00063256,1,0.000625948,0,0.000607301,1,-0.000663914,0.000654941,4.94073e-05,0
1788445620,0.000730697,-6.53397e-05,0.00103262,-0.0001266,0.000788406,0.527159,0.000214586,0.000193702,0.0321783,-0.0013481,-0.00102857,-0.000545602,-0.000189235,6.93806e-05,0.000247815,0.000620875,0.00108763,0.00148978,0.000205539,0.000209144,0.000208361,0.000208648,0.00016972,0.000211725,0.00021477,0.000241892,0.000705685,2.45032e-05,0.000679841,0.000621944,8.48892e-05,0.000592719,0.503566,-0.00128942,-0.000509392,0.000531353,0.00142095,1788445500,-0.000671408,0.000719098,1.05079e-05,1,-0.000635862,0.000641634,5.81797e-06,1,0.000638207,2.37994e-05,0.000631447,1,0.000593401,0,0.000597262,0
1788445680,-0.000444886,-8.16127e-06,0.000330475,-0.000673529,0.000787293,0.52802,0.000135144,0.00014935,0.0343589,-0.00134253,-0.00104016,-0.000546832,-0.000189024,7.23574e-05,0.000252675,0.000633973,0.00110961,0.00151361,0.000129632,0.000131891,0.000132474,0.00013563,0.000164869,0.000134688,0.000136956,0.00013438,0.00071518,5.43892e-05,0.000677878,0.000606685,0.000109244,0.000562324,0.504212,-0.00125157,-0.000496195,0.000519249,0.00139509,1788445500,0.000639844,1.16622e-05,0.000623379,1,-0.000622922,0.000651358,4.11044e-05,1,-0.000611269,0.000620094,4.21632e-05,1,0.000634379,0,0.000644457,1
1788445740,0.000208182,-8.1649e-06,0.000689693,-0.000796391,0.000781916,0.52928,9.89735e-05,9.39853e-05,0.0376061,-0.00125907,-0.000956395,-0.000500976,-0.000173805,7.06667e-05,0.000242888,0.000601568,0.00104998,0.00142411,7.67367e-05,9.44369e-05,9.24999e-05,9.89995e-05,8.79287e-05,8.74681e-05,9.619e-05,0.000121829,0.000668698,1.67026e-05,0.000632318,0.000563043,4.35065e-05,0.000558035,0.501577,-0.00117689,-0.000462241,0.00047712,0.0012732,1788445500,0.000620377,2.69292e-05,0.000604921,1,-0.00060536,0.00060997,1.9933e-05,1,-0.000609131,0.000648363,6.19993e-05,1,-0.000588851,0.000589077,8.89699e-05,1
1788445800,0.00119519,3.26521e-05,0.00145606,-0.000947376,0.000774617,0.527699,0.000345898,0.000321368,0.0545268,-0.00140686,-0.00108768,-0.000579989,-0.000197314,7.44059e-05,0.000270303,0.000678967,0.00118246,0.00157887,0.000409912,0.000365047,0.000373709,0.000339507,0.000307426,0.000404518,0.000347778,0.000363123,0.000761791,7.06722e-06,0.000783467,0.000655125,0.000142778,0.000761767,0.503386,-0.00132434,-0.000541413,0.000553879,0.00142459,1788445800,0.000559094,5.18521e-05,0.00056569,1,-0.000582889,0.000597514,1.38724e-05,1,-0.000598445,0.000602447,3.584e-05,1,-0.000598033,0.000594372,0.000104522,1
1788445860,0.000427963,0.000236421,0.000916839,-0.000974808,0.000785239,0.527711,0.00014736,0.000137702,0.0283138,-0.00148757,-0.00112891,-0.000603098,-0.000206641,7.80099e-05,0.000274288,0.000699979,0.00123999,0.00162509,0.000120104,0.000131291,0.000131369,0.00015753,0.000109646,0.000130847,0.000148279,0.000169905,0.000787963,7.13821e-05,0.000873216,-0.000671709,0.000800129,0.000103187,0.499306,-0.0013515,-0.000554349,0.000563736,0.00151113,1788445800,-0.000647947,0.000663806,0.00012403,1,-0.000547855,0.000561988,3.41911e-05,1,-0.000577533,0.000592908,2.52367e-05,1,-0.000597146,0.000595489,3.74012e-05,1
1788445920,0.00316124,0,0.00432639,-0.000195617,0.0007797,0.529398,0.00128278,0.00125576,0.0352167,-0.00144447,-0.0010957,-0.000575899,-0.000201815,8.2735e-05,0.000277794,0.000680787,0.00122101,0.00159235,0.00139086,0.00133756,0.00134395,0.0012245,0.00125726,0.00135909,0.0013033,0.00123811,0.000761978,8.92028e-05,0.000883608,-0.000655115,0.000748844,9.4832e-05,0.499294,-0.00133201,-0.000542897,0.00054881,0.00147255,1788445800,-0.000656441,0.000674852,9.86194e-05,0,0.00065596,5.44594e-05,0.000681339,0,-0.000535284,0.000554308,5.08104e-05,0,-0.000568656,0.000563981,4.4555e-05,0
1788445980,-0.00125191,-1.21864e-05,0.000714674,-0.00181334,0.000891988,0.52588,0.000348703,0.000369259,0.062006,-0.00201272,-0.00155343,-0.000825796,-0.000284829,9.82056e-05,0.000380925,0.000954603,0.00173851,0.00227688,0.000452323,0.000366678,0.00035213,0.000354323,0.000438283,0.000354098,0.000341873,0.000327902,0.00107738,0.000302341,0.00128134,-0.000939173,0.00125274,0.00012194,0.49454,-0.00180084,-0.000771943,0.000749116,0.002069,1788445800,-0.000648148,0.000706041,7.36259e-05,1,-0.000629563,0.000715342,6.01562e-05,1,-0.000627091,0.000639905,4.14701e-05,0,-0.000542153,0.000548135,5.45803e-05,0
1788446040,0.000325322,-8.13441e-06,0.000691183,-0.000813769,0.000900597,0.527523,0.000150782,0.000143923,0.0716272,-0.00193194,-0.00145242,-0.000786063,-0.000265658,9.95135e-05,0.000368786,0.000901906,0.00162098,0.00205397,9.59684e-05,0.000126195,0.000151634,0.00016195,0.000102183,0.000144222,0.000144788,0.00017461,0.0010205,0.0001482,0.00110444,0.000878275,0.0001501,0.000925706,0.502641,-0.00180706,-0.000716671,0.000724248,0.0019247,1788445800,-0.000984814,0.00101067,5.8555e-05,1,-0.000650915,0.000729296,3.55306e-05,1,-0.000630958,0.000702343,6.55115e-05,1,-0.000587568,0.000617522,0.0001038,0
1788446100,-0.00100477,-2.03295e-05,0.000934712,-0.00113502,0.000892732,0.533476,0.000283603,0.000303194,0.053863,-0.00168524,-0.001273,-0.00067383,-0.000217041,0.000107424,0.000338059,0.000826175,0.0014852,0.00193688,0.000326256,0.000282698,0.000283226,0.000284875,0.000335183,0.000288354,0.000288361,0.000264664,0.000909339,1.54249e-05,0.000872482,0.000791491,0.000115609,0.000760279,0.504795,-0.00155854,-0.000635008,0.000674671,0.00176908,1788446100,0.000828696,0.000146456,0.000859642,1,0.000875653,0.000169796,0.000891118,1,-0.000643708,0.000681916,6.06438e-05,1,-0.000657654,0.000668088,3.81201e-05,1
1788446160,0.000105813,-2.442e-05,0.00197198,-0.000175023,0.00089511,0.530407,0.00012137,0.000119809,0.0546156,-0.0018115,-0.00134132,-0.000708378,-0.000240692,0.000103603,0.000338607,0.000823303,0.0014554,0.0018457,6.32673e-05,9.96673e-05,0.000123983,0.000143244,9.35822e-05,0.000117441,0.000114185,0.000121612,0.000928155,3.52887e-05,0.000939516,0.00083118,9.33483e-05,0.000894519,0.503756,-0.00172571,-0.000678645,0.000691597,0.00179396,1788446100,-0.000804639,0.000810149,8.05555e-05,1,-0.000817901,0.00085679,6.49875e-05,1,0.000845428,0.000168306,0.000889211,1,-0.000654143,0.000678068,3.95164e-05,1
1788446220,0.000118009,-0.00023199,0.000858301,-0.00109123,0.00088624,0.533374,0.000118247,0.000115992,0.0505511,-0.00173502,-0.00128197,-0.000685131,-0.000220848,0.000108853,0.000330328,0.000800016,0.00141842,0.00181604,6.36997e-05,9.8888e-05,0.000116776,0.000150421,9.10103e-05,0.000100541,0.000104459,0.000114814,0.000899306,9.20082e-05,0.000924454,0.000835555,0.000174055,0.000897475,0.504549,-0.00168372,-0.000681427,0.000691426,0.001805,1788446100,-0.000743478,0.000790305,0.000106555,1,-0.000747547,0.000755367,9.40924e-05,1,-0.000752886,0.000741781,0.000106881,1,-0.00082958,0.00081706,0.000143162,1
1788446280,-1.62763e-05,8.13805e-06,0.000935442,-0.000187194,0.000877492,0.53493,0.000104606,0.000115321,0.0594597,-0.00164715,-0.0012229,-0.00064499,-0.000207002,0.000109235,0.000304153,0.000747366,0.00132741,0.00170383,5.99057e-05,9.18472e-05,0.000103955,0.000134519,9.64075e-05,7.63291e-05,9.33687e-05,0.000105537,0.000843516,0,0.000948327,0.000720535,7.02442e-05,0.000856112,0.502104,-0.00149865,-0.000596973,0.000608242,0.00158218,1788446100,-0.000788344,0.000812933,0.000138987,1,-0.000710419,0.000703859,0.000159897,1,-0.000728647,0.000695875,0.000136057,1,-0.000747375,0.000740859,0.000105215,1
1788446340,-0.00101372,-9.76634e-05,0.000878542,-0.00111556,0.000868675,0.539239,0.000282704,0.000301159,0.0904009,-0.0014654,-0.00109793,-0.000575537,-0.000177483,0.000112372,0.000277784,0.000675132,0.00118417,0.00153405,0.000330564,0.000285087,0.000284796,0.000286652,0.000334466,0.000314597,0.000277155,0.000269679,0.000758526,1.19699e-05,0.000767425,0.000615518,5.43302e-05,0.000656578,0.500126,-0.00128878,-0.000516086,0.00050956,0.00134378,1788446100,-0.000642728,0.000684522,0.000171492,1,-0.000737849,0.000738042,0.000165423,1,-0.000669719,0.000670303,0.000162819,1,-0.000663725,0.000676764,0.000121406,1
1788446400,-0.00131244,0,0.000793966,-0.00153679,0.000871813,0.539899,0.000381204,0.000402224,0.0563903,-0.00159445,-0.00116723,-0.000618842,-0.000185907,0.000121104,0.00029994,0.000733859,0.00127564,0.00162747,0.000479004,0.000395512,0.000386024,0.0003703,0.000452958,0.000414592,0.000384057,0.000387482,0.000819662,0.000132478,0.000914215,0.000689775,8.95976e-05,0.000761558,0.501504,-0.00146127,-0.000579232,0.000576467,0.00148394,1788446400,-0.000591935,0.000662486,6.80447e-05,0,-0.00066627,0.00071256,0.000102255,1,-0.000706084,0.000714695,0.000188088,1,-0.000695838,0.000671806,0.00011879,1
1788446460,0.00137354,2.85497e-05,0.00137354,-7.74961e-05,0.000882784,0.540709,0.000390057,0.000362573,0.0545128,-0.00167924,-0.00123606,-0.000637659,-0.000195978,0.000132132,0.000320395,0.000782725,0.00136642,0.00171049,0.000498462,0.000415355,0.000403194,0.000389724,0.000373055,0.000398498,0.000389172,0.000404901,0.000863396,0.000148324,0.000936937,0.0007308,0.000126227,0.000818814,0.504641,-0.00155527,-0.000604017,0.000622869,0.00156616,1788446400,-0.000633806,0.000713074,0.000110081,1,-0.000596503,0.000631971,6.64184e-05,1,-0.000674667,0.000688347,9.24794e-05,1,-0.000697948,0.000669921,0.00018528,1
1788446520,0.00185963,-4.07307e-05,0.00231891,-9.36831e-05,0.000895239,0.535187,0.00063326,0.000602782,0.0298415,-0.00152808,-0.00117538,-0.000610721,-0.000192655,0.000102649,0.000271924,0.000718116,0.00124488,0.00157211,0.000739486,0.000639971,0.000600201,0.000606706,0.000588803,0.000568362,0.000644629,0.000684318,0.000804854,8.10746e-05,0.000916326,-0.000708424,0.000728724,1.41014e-05,0.499371,-0.00148601,-0.000595743,0.00059116,0.00153239,1788446400,-0.000666627,0.000724666,0.000120445,0,-0.000634578,0.000662438,0.000106844,1,-0.000594359,0.000641473,8.04783e-05,1,-0.000701338,0.000692962,4.26962e-05,1
1788446580,-0.000492037,0.000215444,0.000467414,-0.000894793,0.000924439,0.527864,0.000159487,0.000177504,0.026762,-0.00176455,-0.00135775,-0.000733277,-0.00025521,9.71533e-05,0.000305893,0.000793796,0.00142698,0.00186401,0.000143101,0.000152816,0.000168624,0.000171419,0.00018232,0.000172795,0.000151475,0.000145438,0.000920702,0.000116699,0.00110593,-0.000838403,0.000880104,8.70853e-05,0.493436,-0.00173308,-0.000722075,0.000669747,0.00180479,1788446400,-0.000677244,0.000633591,8.50673e-05,1,-0.000648115,0.000652616,0.000134893,0,-0.000619605,0.000646925,0.000109414,1,-0.000606008,0.000614366,9.46433e-05,1
1788446640,-0.000707982,-6.91486e-05,-1.62698e-05,-0.00124541,0.00091779,0.533725,0.000197133,0.000215612,0.0220274,-0.00159271,-0.00122355,-0.000637516,-0.000220044,0.000110104,0.000299183,0.000746317,0.00132444,0.00169946,0.000202759,0.000200257,0.00020022,0.000201556,0.00024001,0.000205214,0.00019116,0.000181169,0.000839076,9.08352e-06,0.000865581,-0.000767529,0.000735648,6.67046e-06,0.496262,-0.00161227,-0.000653457,0.000625148,0.00166511,1788446400,-0.000828599,0.000825418,6.65436e-05,1,-0.00065744,0.000670895,4.96601e-05,1,-0.000642447,0.000662776,0.000121901,1,-0.000640606,0.000634267,9.23904e-05,1
1788446700,0.0011553,-0.000122117,0.00117156,-0.000293105,0.000914066,0.534864,0.000327987,0.000303815,0.0259774,-0.00162926,-0.00125269,-0.000664689,-0.000216738,0.000114049,0.000313214,0.000783884,0.00134928,0.0016885,0.000387537,0.000328059,0.000327657,0.000328881,0.0002872,0.000330404,0.00032801,0.000342739,0.00087707,2.42584e-05,0.000945456,-0.000803239,0.000780956,4.64843e-05,0.497129,-0.00164985,-0.000680466,0.000654685,0.0016638,1788446700,-0.000771884,0.000831832,0,1,0.000819842,7.77418e-05,0.000826327,1,-0.000679373,0.000687609,1.53939e-05,1,-0.000680863,0.00067385,8.06377e-05,1
1788446760,0.00143819,8.13117e-06,0.00143819,8.13117e-06,0.000919511,0.53392,0.000438743,0.000406438,0.0178516,-0.00149936,-0.00115313,-0.000615887,-0.000200598,0.000101083,0.000273021,0.000720303,0.00125064,0.00159896,0.000526909,0.000434791,0.000420004,0.00043029,0.00038262,0.000408436,0.0004484,0.000469267,0.000807439,4.59006e-05,0.000856273,-0.000750362,0.000759719,0,0.499447,-0.00155483,-0.000629203,0.000625528,0.00162295,1788446700,-0.000797371,0.000784275,0.000111,0,-0.000789852,0.000803398,0,1,-0.000804578,0.000847818,5.29631e-06,1,-0.000683937,0.000666549,0,1
1788446820,0.000625008,2.02986e-05,0.00153341,-0.000300467,0.000932715,0.533882,0.000188608,0.000172099,0.0162251,-0.00154738,-0.00122033,-0.000636546,-0.000201371,0.000101281,0.000276326,0.000723961,0.00125718,0.00164032,0.000175326,0.000180818,0.000188673,0.000179155,0.000146327,0.000194108,0.000200748,0.000217616,0.000823228,2.81948e-05,0.000890949,-0.000759022,0.000741595,0,0.497551,-0.00158299,-0.00064637,0.000621823,0.00165133,1788446700,-0.000769216,0.000707549,2.95565e-05,1,-0.000823174,0.000827628,3.33383e-06,0,0.00075401,0,0.000763607,1,-0.000802881,0.000774996,2.13883e-05,1
1788446880,0.00578506,2.84002e-05,0.0061682,-0.000174476,0.000927562,0.531987,0.00257285,0.00253625,0.0188019,-0.00162566,-0.00127191,-0.000686542,-0.000237341,0.00010988,0.000316762,0.00076325,0.00134862,0.00173725,0.0026976,0.00259127,0.00255908,0.00253816,0.00253249,0.0025362,0.00262149,0.00257026,0.00087607,3.76391e-05,0.000940348,0.000782003,7.04392e-05,0.000827672,0.500709,-0.0016227,-0.000663553,0.000647689,0.00170436,1788446700,-0.000783515,0.000747201,0,0,-0.000720167,0.000717692,5.43732e-05,0,-0.000757352,0.000690362,2.67362e-05,0,-0.000714549,0.000702975,3.92404e-05,0
1788446940,0.000568607,0.00013714,0.00351936,0.00013714,0.00122984,0.533396,0.000229969,0.000213257,0.463939,-0.00266241,-0.0020511,-0.00111163,-0.000346538,0.000171293,0.000519095,0.00127618,0.00235247,0.00308912,0.000159338,0.000198408,0.000263096,0.000218498,0.000213818,0.000185641,0.000240856,0.000282634,0.0014433,0.00040752,0.00172278,-0.00138898,0.00169182,0.000218673,0.492384,-0.00265755,-0.00115099,0.0011016,0.00301758,1788446700,-0.000846274,0.000872777,0,0,-0.000760671,0.000773535,0,0,-0.000719598,0.000710363,5.42061e-05,0,-0.000660329,0.000670613,0.000107211,0
1788447000,-0.000762249,-1.61262e-05,0.00171193,-0.00171487,0.00122013,0.536078,0.000248747,0.000275658,0.375313,-0.00254754,-0.00194574,-0.00104224,-0.000327851,0.000182285,0.000508984,0.00118939,0.00216811,0.00285704,0.000224963,0.000226057,0.000280583,0.00025303,0.000343136,0.000220053,0.000243682,0.000239655,0.00135142,0.000184805,0.00146159,0.00130209,0.000181736,0.00140691,0.500049,-0.00262424,-0.001083,0.00104284,0.00279187,1788447000,-0.00152086,0.00144381,1.60984e-05,1,-0.000832855,0.000849138,0,0,-0.00074943,0.000731706,0,0,-0.000712315,0.000703495,1.62612e-05,0
1788447060,-0.000968773,7.66545e-05,7.66545e-05,-0.00208402,0.00121267,0.538047,0.000285169,0.000310675,0.301195,-0.00251793,-0.00189619,-0.00101449,-0.000313838,0.000189755,0.000520542,0.00121112,0.00217229,0.00277955,0.000306942,0.000274528,0.000305523,0.000295374,0.000382266,0.000278264,0.000291895,0.00027142,0.00134971,0.000268832,0.00140878,0.00126253,0.000346412,0.00127026,0.509963,-0.00249889,-0.00100198,0.00107361,0.00276525,1788447000,-0.00138071,0.00151827,0,1,0.00132373,0.000219846,0.00129295,1,-0.000813803,0.000805468,2.00957e-05,0,-0.00072923,0.000704487,0,0
1788447120,-0.000460496,-0.00017771,0.000645953,-0.00107078,0.00120827,0.538981,0.000190444,0.000214623,0.241627,-0.00234194,-0.00173924,-0.000917253,-0.000278957,0.000175123,0.000472379,0.00113625,0.00201149,0.00252363,0.000134878,0.000173887,0.000212983,0.000195848,0.000257967,0.000160437,0.000194294,0.000179533,0.00124608,0.000140199,0.00133359,0.00114928,1.58483e-05,0.00121192,0.506531,-0.0023562,-0.00091457,0.000994744,0.0025206,1788447000,-0.00134283,0.00144492,0,1,-0.00132044,0.00136201,1.3754e-05,1,0.00128183,0.000229696,0.00128782,1,-0.00079,0.000772559,6.34132e-05,0
1788447180,0.0013284,8.08071e-06,0.00208266,-0.000489004,0.0011979,0.537443,0.000378729,0.000343244,0.217494,-0.00224296,-0.0016667,-0.000866806,-0.00028035,0.000164933,0.000439439,0.0010716,0.00190687,0.00239369,0.00046907,0.000378846,0.000379515,0.000378513,0.000307134,0.000386601,0.000380476,0.000392744,0.00117744,0.000103817,0.00125598,0.00111683,0,0.0011735,0.506483,-0.00230837,-0.000899132,0.000956163,0.0024272,1788447000,-0.00111027,0.00106928,7.9079e-05,1,-0.00121144,0.00117386,0.000102904,1,-0.0011873,0.00118404,0.000152184,1,-0.00125144,0.00120664,0.000166756,1
1788447240,0.000395353,-8.07005e-06,0.00110498,-7.26328e-05,0.00120065,0.535675,0.000179046,0.000168805,0.145516,-0.0022984,-0.00174443,-0.000912786,-0.00029889,0.000163102,0.000448219,0.00108784,0.00193053,0.00243403,0.000110741,0.000165133,0.000192381,0.000191089,0.000170141,0.000152864,0.000180245,0.000188096,0.00121408,0.000109374,0.00139578,0.00096816,6.06991e-05,0.00111955,0.502644,-0.00199149,-0.000797436,0.000828837,0.0021352,1788447000,-0.00107706,0.00101099,9.20683e-05,1,-0.00103373,0.000959633,0.0001634,1,-0.00113563,0.00107207,0.000206248,1,-0.00114082,0.00108345,0.000274974,1
1788447300,3.63001e-05,-3.22678e-05,0.000213748,-0.000589052,0.0011899,0.540714,0.00013259,0.000144405,0.137547,-0.00201614,-0.00153576,-0.000795288,-0.000254041,0.00017119,0.000402335,0.000956329,0.0016882,0.00217083,5.98294e-05,0.000131171,0.000158818,0.00013577,0.000173152,0.000104869,0.000125695,0.000140106,0.00106489,4.37374e-05,0.00111795,0.000859781,0,0.000880166,0.504226,-0.00178596,-0.000700013,0.000724557,0.00187887,1788447300,-0.000916016,0.000908295,0.000185629,1,-0.00101517,0.000913458,0.000181579,1,-0.00100462,0.000925751,0.000175018,1,-0.00105305,0.00102679,0.000278431,1
1788447360,0.000137122,0.000100827,0.000205675,-0.00296481,0.00117795,0.546678,0.00012317,0.000123241,0.169066,-0.00178678,-0.00135225,-0.000687725,-0.00019734,0.00016863,0.0003703,0.000873419,0.00153029,0.00196966,6.53485e-05,0.000134789,0.000153696,0.000121238,0.000153467,9.12124e-05,0.000110369,0.000134303,0.000952088,0,0.000986946,0.000798556,0,0.000813893,0.505695,-0.00160087,-0.000615382,0.000692419,0.00177107,1788447300,-0.000817222,0.000846152,7.03688e-05,1,-0.000908478,0.00094439,0.000119156,1,-0.000985773,0.000898825,0.000198032,1,-0.0010139,0.000980398,9.03733e-05,1
1788447420,0.000225806,5.24239e-05,0.0014024,-0.000742295,0.00116627,0.541529,0.000148061,0.000144381,0.269022,-0.00207794,-0.00154638,-0.000802411,-0.000236894,0.000164943,0.000409398,0.00100623,0.00183356,0.00232855,7.941e-05,0.000137815,0.000148772,0.000180967,0.000129788,8.87864e-05,0.000138561,0.000153217,0.00109861,4.64435e-05,0.00125673,0.000964938,0.000126733,0.00124791,0.508938,-0.00195264,-0.000758149,0.000874558,0.00220367,1788447300,-0.000769837,0.000771365,8.26636e-05,1,-0.000847572,0.000825293,4.42182e-05,1,-0.000924096,0.000949779,0.000108416,1,-0.000993726,0.000934632,0.000133802,1
1788447480,0.00240812,0.000153197,0.00251671,0.000153197,0.00115499,0.543515,0.000795554,0.000749149,0.454693,-0.0019389,-0.00144227,-0.000746535,-0.000219853,0.000165809,0.000380743,0.000933868,0.00168696,0.00218939,0.00100799,0.000817743,0.000806124,0.000732635,0.000749581,0.00101795,0.000812367,0.000768557,0.00102108,0.000103612,0.00109281,0.000887136,9.44474e-05,0.00102283,0.505709,-0.00182315,-0.000716239,0.00077734,0.00198984,1788447300,-0.00090865,0.00095145,0.000225715,1,-0.000817012,0.000785509,2.78313e-05,1,-0.000845567,0.00080648,5.06156e-05,1,-0.0009603,0.000907309,7.339e-05,1
1788447540,0.00116171,-8.44678e-05,0.00146298,-0.000756442,0.00119302,0.541915,0.000335344,0.000297393,0.0384226,-0.00203878,-0.00156773,-0.00079391,-0.000241992,0.00017118,0.000392195,0.00101533,0.00181129,0.00239083,0.000383456,0.000331921,0.000331333,0.00033047,0.000246053,0.00032908,0.000341702,0.000373326,0.00109988,0.000230954,0.00123188,0.000963117,5.33078e-05,0.00099543,0.502525,-0.00194365,-0.000789488,0.000823411,0.00216979,1788447300,-0.000871433,0.000914156,0.000117608,0,-0.000921122,0.00098224,0.00012828,1,-0.000842055,0.000755483,3.71222e-05,1,-0.000840416,0.000774291,7.22594e-05,1
1788447600,0.000722877,-2.00874e-05,0.00331291,-0.000711339,0.00119241,0.530459,0.000251641,0.000233689,0.0215389,-0.00250003,-0.00196106,-0.00102338,-0.000343583,0.000148402,0.000454973,0.00119746,0.00213895,0.00276843,0.000201318,0.000217475,0.000226687,0.000270405,0.000169709,0.000210117,0.000267063,0.000289816,0.00134464,0.000206496,0.00163374,-0.00116101,0.00144009,0.000417875,0.497011,-0.00232169,-0.000963177,0.000954314,0.00248165,1788447600,-0.000963038,0.000921874,8.54273e-05,1,-0.000857626,0.000880049,0.000114104,0,-0.000964923,0.000978608,0.000131783,1,-0.00081807,0.000787794,8.9603e-06,1
1788447660,0.000882807,4.41589e-05,0.00262607,-0.000100368,0.00118484,0.542873,0.000264243,0.000245193,0.0263473,-0.00237487,-0.00178458,-0.000919459,-0.000276534,0.000203975,0.000492934,0.00117473,0.00210615,0.00276598,0.000261718,0.000253922,0.000252854,0.000295513,0.000191349,0.000253491,0.000243432,0.000309755,0.00127467,0.000267093,0.00128443,0.0011094,0.000340391,0.00127419,0.509891,-0.00220049,-0.00087947,0.00097016,0.00251213,1788447600,-0.001264,0.00126395,0.000115123,1,-0.000923713,0.000954293,4.13178e-05,1,-0.000866802,0.000903349,0.000136563,0,-0.00104352,0.00104314,1.96077e-05,1
1788447720,0.00139485,0.000421065,0.00394304,0.000421065,0.00117956,0.54658,0.000394248,0.000353108,0.0296695,-0.00216977,-0.00164586,-0.000840185,-0.000243635,0.000208324,0.000471668,0.00110456,0.00197536,0.00256626,0.000498337,0.000395592,0.000394357,0.000396571,0.000282437,0.000396076,0.000388384,0.000445463,0.0011859,0.000264642,0.00118903,0.00103474,0.000196712,0.00111689,0.507699,-0.00207432,-0.000828001,0.000901796,0.00234142,1788447600,-0.00112021,0.00123842,0.000115581,1,-0.0013105,0.00134725,0,1,-0.000927129,0.000936089,3.85285e-05,1,-0.000919808,0.000896071,0.000110967,0
1788447780,-0.000588967,8.01077e-06,0.000396456,-0.00181208,0.00118425,0.547181,0.000217641,0.000245853,0.0221763,-0.00234298,-0.00177063,-0.000900404,-0.000256679,0.000225047,0.000512685,0.00119208,0.00210011,0.00276579,0.000171928,0.000191035,0.000193962,0.000241413,0.00028884,0.000187664,0.00021518,0.000209226,0.00127704,0.000398229,0.00134964,0.00111349,0.000319072,0.00124573,0.508923,-0.00221867,-0.000883735,0.000969318,0.00252804,1788447600,-0.00105043,0.00109891,8.32175e-05,1,-0.00105823,0.00111585,0.000113253,1,-0.00128542,0.00112016,0,1,-0.000922727,0.000850486,4.78689e-05,1
1788447840,-0.00038081,6.41221e-05,0.000617005,-0.00217457,0.0011753,0.548845,0.000171995,0.000198792,0.02859,-0.0021441,-0.0015946,-0.000801794,-0.000225447,0.00021078,0.00046783,0.0011042,0.00192811,0.00249376,0.000113763,0.000155237,0.000154099,0.000198516,0.00023414,0.000147424,0.000162235,0.000171445,0.00116346,0.000142399,0.0012287,0.000962651,5.74284e-05,0.00109104,0.507035,-0.0019673,-0.000763116,0.000855092,0.00217528,1788447600,-0.00112555,0.00119992,7.0437e-05,1,-0.000985084,0.00100192,0.000119475,1,-0.00102743,0.00107615,0.000172426,1,-0.00106158,0.000957239,0.000154183,1
1788447900,0.00021247,1.6037e-05,0.000476991,-0.00180581,0.00116473,0.548686,0.000153194,0.000148147,0.051036,-0.00213613,-0.00157401,-0.000788338,-0.00022384,0.000207953,0.000464371,0.00109975,0.00194459,0.00250191,7.70301e-05,0.000134121,0.000126158,0.000202798,0.000145464,0.000109615,0.000136921,0.000165563,0.00115261,0.000142612,0.00122466,0.000975067,0.000137116,0.00115399,0.510715,-0.00196238,-0.000762142,0.000879134,0.00219428,1788447900,-0.000988439,0.00100825,6.6534e-05,1,-0.00102496,0.00106526,0.000123156,1,-0.000953049,0.000981563,0.000168221,1,-0.00103714,0.000987856,0.000232838,1
1788447960,-0.00129958,4.00843e-06,0.000609096,-0.00174118,0.00115342,0.550813,0.000371957,0.000404996,0.0962621,-0.0019744,-0.00145722,-0.000722769,-0.00020417,0.00020615,0.000418559,0.00101127,0.00178237,0.00229212,0.000473984,0.000366637,0.000368482,0.000370467,0.000466923,0.000402281,0.00037145,0.000350832,0.00105891,5.62957e-05,0.00118082,0.000927057,2.76758e-05,0.00113221,0.507419,-0.00186393,-0.000728466,0.000828568,0.00207687,1788447900,-0.000984639,0.000983337,0.000148748,1,-0.000979795,0.000967984,7.89877e-05,1,-0.000990682,0.00108115,0.000165611,1,-0.000961223,0.000906354,0.000202563,1
1788448020,0.000738238,3.21087e-05,0.00107107,-0.00110436,0.00115652,0.550194,0.000220235,0.000201744,0.0475739,-0.00206253,-0.00150928,-0.000748153,-0.00021289,0.000209885,0.00043593,0.0010283,0.00178542,0.00225942,0.000206344,0.000214278,0.000211002,0.000250383,0.000172776,0.000214489,0.00021177,0.00022943,0.00108683,0.000166014,0.00115877,0.000931348,6.49147e-05,0.00104801,0.508844,-0.00193609,-0.000737792,0.000825001,0.00207049,1788447900,-0.000910556,0.000865894,0.000200578,1,-0.00096344,0.000954147,0.000136895,1,-0.000970527,0.000926543,0.000120488,1,-0.00103138,0.000971389,0.000236465,1
1788448080,0.000112293,-5.21403e-05,0.000729678,-0.000730211,0.00114965,0.551685,0.00013469,0.00013962,0.0466207,-0.00194254,-0.00144611,-0.0007221,-0.000199511,0.000208511,0.000427317,0.000999236,0.00174709,0.00221922,6.35793e-05,0.000125678,0.000111627,0.000171088,0.000146926,0.000108352,0.000122588,0.000147091,0.00105232,0.000115409,0.00114715,0.000897912,8.50222e-05,0.00104041,0.510047,-0.0018132,-0.00070025,0.000810579,0.00203869,1788447900,-0.00087852,0.000900588,0.000122621,1,-0.000923834,0.000925113,0.000144108,1,-0.000974925,0.000944497,0.000170162,1,-0.000992183,0.000963966,7.43517e-05,1
1788448140,-0.00128008,0.000100251,0.000837788,-0.00169375,0.00113821,0.553483,0.000363609,0.000395377,0.084926,-0.00180267,-0.00133617,-0.000668932,-0.000178268,0.000199732,0.000389478,0.000911962,0.00158399,0.00202101,0.000465807,0.000360866,0.000371554,0.000363501,0.000450178,0.000389101,0.000363093,0.0003364,0.000966278,2.22598e-05,0.00101201,0.000840651,0,0.000954647,0.506036,-0.00173449,-0.000669454,0.000737432,0.00187799,1788447900,-0.000858872,0.000831225,0.000186768,1,-0.00087462,0.000837878,0.000135961,1,-0.000946768,0.000909373,0.000162469,1,-0.0010086,0.000989346,9.28717e-05,1
1788448200,-4.41701e-05,-0.00014858,0.000309136,-0.000956115,0.00114122,0.553347,0.000131455,0.000145023,0.0630269,-0.00194065,-0.00141208,-0.000703397,-0.000187699,0.000209409,0.000424865,0.000976933,0.00168865,0.00212399,6.2122e-05,0.00012104,0.000105283,0.000166331,0.000151974,0.000110385,0.000130981,0.000118996,0.00102859,0.000173192,0.00104888,0.000930993,9.80292e-05,0.00103414,0.510282,-0.00191572,-0.000737743,0.000824071,0.00205967,1788448200,-0.000812985,0.000799188,0.000122996,1,-0.000869772,0.000862278,0.000102864,1,-0.00086426,0.000831771,0.000134267,1,-0.000994116,0.000973108,3.54353e-05,1
1788448260,-0.00303232,-9.23619e-05,0.000104399,-0.00310482,0.00112976,0.558623,0.00118655,0.00123146,0.106828,-0.00170121,-0.0012506,-0.000596615,-0.000144889,0.00019888,0.000373491,0.000876817,0.00150768,0.00190059,0.00134192,0.00115796,0.00122568,0.00109264,0.00125636,0.00121926,0.0012401,0.00119364,0.000905946,2.20883e-05,0.000901825,0.000850514,0,0.000929715,0.511702,-0.00173071,-0.000657178,0.000768668,0.00190317,1788448200,-0.000897307,0.000920523,0.000114986,0,-0.000852031,0.000834299,7.67919e-05,0,-0.000908175,0.00088165,8.74417e-05,0,-0.00091435,0.000847769,8.26381e-05,1
1788448320,0.000261769,0.000249689,0.000732781,-0.0013623,0.00119781,0.554877,0.000146192,0.000140948,0.0230947,-0.00212134,-0.00153835,-0.000745277,-0.000186035,0.000220425,0.000442958,0.00104777,0.00176728,0.00222749,8.50797e-05,0.000140205,0.000152304,0.000167175,0.000147978,0.00013645,0.000147246,0.000123704,0.00110027,0.000243272,0.00117844,0.00108288,0.000104373,0.00120359,0.511023,-0.00229268,-0.000857015,0.000947973,0.00232927,1788448200,-0.000823436,0.000764112,0.00013464,0,-0.00089717,0.000860279,0.00011451,1,-0.00086907,0.00082984,8.21253e-05,0,-0.000942179,0.000896779,2.39756e-05,1
1788448380,0.00106248,-4.0267e-06,0.00150485,-0.000161081,0.00118634,0.557727,0.000293308,0.000256782,0.0328016,-0.00199615,-0.0014592,-0.000704606,-0.000168039,0.00022299,0.000417182,0.00100321,0.00171464,0.00216978,0.000333227,0.00030354,0.00030252,0.000303634,0.000244327,0.00030414,0.00027997,0.000284725,0.00104722,2.1502e-05,0.00108311,0.00106372,0.000104846,0.00125001,0.513316,-0.0021721,-0.000824128,0.000957822,0.00236336,1788448200,-0.000972489,0.000977612,0.000146195,1,-0.000852171,0.000784642,8.4401e-05,1,-0.000882705,0.000837535,0.000126591,1,-0.000903273,0.000857527,2.88306e-05,1
1788448440,6.43565e-05,9.65332e-05,0.000880521,-0.000350011,0.00118399,0.55321,0.0001281,0.000138218,0.0225164,-0.00197076,-0.00148275,-0.000719591,-0.000190649,0.000211421,0.000399484,0.000963716,0.00162812,0.00207844,6.07641e-05,0.000126466,0.000128707,0.000144734,0.000153188,0.000117402,0.000127172,0.000116573,0.00103194,9.41943e-06,0.0010797,0.00100524,0,0.00107537,0.50574,-0.0021198,-0.00082024,0.000861265,0.00218851,1788448200,-0.00100211,0.000904908,0.000215342,1,-0.000964982,0.000864425,0.000194821,1,-0.000888129,0.00079166,7.87018e-05,1,-0.0009067,0.000840996,9.59482e-05,1
1788448500,-0.000772552,0.000116636,0.00150316,-0.000772552,0.00117213,0.550189,0.000225586,0.000252526,0.039986,-0.00200434,-0.00152371,-0.000747521,-0.00019602,0.000192781,0.000402,0.000968449,0.00163033,0.00209362,0.000231354,0.000219861,0.000219149,0.000244706,0.000289138,0.000224812,0.000224802,0.000216236,0.00105029,3.54812e-06,0.00109584,0.00105925,0,0.00117446,0.504318,-0.00217831,-0.000878798,0.000882824,0.00221825,1788448500,-0.000967465,0.000851118,9.15713e-05,1,-0.00100937,0.000916974,0.00012739,1,-0.000938949,0.000839184,0.000160527,1,-0.000894848,0.000847673,9.07949e-06,1
1788448560,0.000917339,2.81764e-05,0.00136765,-0.000245571,0.00116548,0.555595,0.000254948,0.000223622,0.0438331,-0.0019457,-0.00142822,-0.000702997,-0.000171923,0.00020941,0.000414034,0.000957306,0.00161487,0.00208547,0.000276013,0.000262658,0.000261069,0.00027054,0.000219106,0.000264873,0.000244955,0.000252092,0.00101807,0.000131862,0.000999661,0.00103935,0.00011651,0.00109229,0.507966,-0.00214854,-0.000844971,0.000885536,0.00223123,1788448500,-0.00108334,0.00100271,9.41784e-05,1,-0.000995378,0.000906353,3.15882e-05,1,-0.00107151,0.00096783,8.0761e-05,1,-0.000999358,0.000900544,6.18123e-05,1
1788448620,0.000892391,-4.02158e-06,0.00111336,-0.000559155,0.00116104,0.554366,0.000251427,0.000217747,0.0346342,-0.00183748,-0.00137918,-0.000674921,-0.000172506,0.000199985,0.000384561,0.000917725,0.00155327,0.00199164,0.000265925,0.000255554,0.00025393,0.000255163,0.000210569,0.000257891,0.00024719,0.000260684,0.00097573,9.14144e-05,0.000975403,0.000856065,3.42932e-05,0.000873738,0.502079,-0.00174823,-0.000701949,0.00073147,0.00184924,1788448500,-0.00106749,0.00103568,3.22897e-05,1,-0.00117848,0.00111315,0,1,-0.00101372,0.000912284,0,1,-0.00110335,0.00104699,0,1
1788448680,-8.036e-06,2.00897e-05,6.83034e-05,-0.00160849,0.00115628,0.552098,0.000124503,0.000137145,0.0341481,-0.00187149,-0.00142845,-0.000711472,-0.000185495,0.000196711,0.000393613,0.000920238,0.00155708,0.00200459,6.00355e-05,0.000119653,0.000107979,0.000139728,0.000150433,0.000101915,0.0001271,0.000128585,0.000998199,7.04099e-05,0.0010285,0.000892621,3.49448e-05,0.000939665,0.503244,-0.00185362,-0.000732333,0.000770459,0.00196051,1788448500,-0.000935621,0.000844953,3.69358e-05,1,-0.00105492,0.00096599,5.46227e-05,1,-0.00111169,0.000955733,0,1,-0.00102882,0.000923082,0,1
1788448740,-0.000936636,-9.64371e-05,4.01801e-06,-0.0014757,0.00114466,0.552806,0.000267899,0.000298385,0.0664621,-0.0018282,-0.0013473,-0.000665591,-0.000169121,0.000184112,0.000374298,0.000895336,0.0015398,0.00197619,0.000294622,0.00026529,0.000264105,0.000267758,0.000333068,0.000269347,0.000269718,0.000250748,0.000954971,8.67895e-05,0.00111202,0.000879815,2.5596e-05,0.00100671,0.506609,-0.00179236,-0.000702275,0.0007819,0.00195572,1788448500,-0.000968189,0.000895644,0,1,0.000908509,0,0.000967312,1,-0.00102257,0.00093898,8.63012e-05,1,-0.000968458,0.000919683,0.000130835,1
1788448800,-0.000506873,2.01087e-05,0.000116625,-0.000921412,0.00114087,0.555681,0.000171988,0.000194869,0.0558777,-0.00177759,-0.00130161,-0.000643075,-0.000153134,0.000186663,0.000370294,0.00087812,0.0014947,0.00190259,0.000148693,0.000170102,0.000157842,0.00018204,0.000217613,0.000153349,0.000177779,0.000162915,0.000930939,0.000142563,0.00101817,0.000845488,0,0.00087113,0.505632,-0.00174497,-0.000679451,0.000736778,0.0018312,1788448800,-0.000946761,0.000911967,4.56103e-05,1,0.000957218,0,0.000957449,1,-0.000910083,0.000899379,9.54291e-05,1,-0.000994238,0.000917123,0.000125591,1
1788448860,0.000140824,-1.20715e-05,0.000474698,-0.000897715,0.00113167,0.555823,0.000112146,0.000110102,0.0882051,-0.00163852,-0.00119946,-0.000579566,-0.000144136,0.00017641,0.000339232,0.00082028,0.00139426,0.00177042,6.48653e-05,0.000122289,0.000101844,0.000123939,0.000130003,8.74486e-05,0.000110305,0.000106925,0.000858123,6.6174e-05,0.000904963,0.000788651,0,0.000794557,0.503483,-0.0016323,-0.000631719,0.000683143,0.00169657,1788448800,0.00089157,0,0.000896096,1,0.000978614,7.42713e-06,0.000979845,1,0.000966648,0,0.000990366,1,-0.000898055,0.00089498,6.17921e-05,1
1788448920,-0.000128752,4.02325e-06,0.000201142,-0.00155821,0.00112048,0.556279,0.000112512,0.000122484,0.155426,-0.0015804,-0.00116741,-0.000568041,-0.000138679,0.000172742,0.000327992,0.000809984,0.00138106,0.00173133,6.81646e-05,0.000120725,9.5893e-05,0.000134496,0.000135379,7.31832e-05,0.000112628,0.000104013,0.000842573,7.82794e-05,0.000925731,0.000813631,0,0.000907586,0.506148,-0.00166983,-0.000652356,0.00071265,0.00175949,1788448800,0.000832598,0,0.000829607,1,-0.000883547,0.000846244,4.13977e-05,1,0.00100779,0,0.00105062,1,0.00097176,2.66461e-06,0.000966944,1
1788448980,0.00287688,0,0.00299724,0,0.00110937,0.557345,0.0011013,0.00106086,0.281657,-0.00159071,-0.00116675,-0.000564533,-0.000129672,0.000168366,0.000332051,0.000806955,0.00137698,0.00174689,0.00124256,0.00108922,0.00117829,0.00101339,0.00102792,0.00125508,0.00109522,0.0010997,0.000840085,7.6556e-05,0.000959949,0.000811155,2.80629e-05,0.000963787,0.505931,-0.00166817,-0.000652389,0.000714562,0.00176148,1788448800,-0.000831306,0.000775472,8.96322e-05,0,-0.000816272,0.00076887,4.79715e-05,1,0.000875021,0,0.000946015,1,0.00100388,4.58822e-05,0.000982127,1
1788449040,-0.000879061,-0.000140437,0.000344991,-0.00107585,0.00117116,0.547187,0.000249994,0.000279884,0.010962,-0.00195079,-0.00148821,-0.000749918,-0.000191363,0.000166794,0.0003792,0.000969203,0.00166135,0.0021738,0.000272359,0.000249516,0.000249247,0.000251173,0.000321836,0.000250529,0.000254902,0.000230859,0.00104616,0.000351758,0.00125544,0.00105236,0.000183537,0.00110455,0.50391,-0.00211054,-0.000863507,0.000889607,0.00230479,1788448800,-0.000826238,0.000806942,0.000104684,1,-0.000849132,0.000839845,7.12013e-05,1,0.000821448,0,0.000883554,1,-0.000869786,0.000871737,3.85747e-05,1
1788449100,-0.00112504,4.01573e-06,0.000128495,-0.00121751,0.00116603,0.545816,0.000316864,0.000344784,0.0148386,-0.00187262,-0.00138437,-0.000699065,-0.00018706,0.000154225,0.000356531,0.000889104,0.00154255,0.00197326,0.000389351,0.000317688,0.000317365,0.000318847,0.00038473,0.000319965,0.000316616,0.000295158,0.000967201,0.000120179,0.00101614,0.000948647,0,0.000941932,0.503953,-0.00198788,-0.000783557,0.000799322,0.00205183,1788449100,-0.00111076,0.00103023,2.27007e-05,1,0.000863487,2.73437e-05,0.000914705,1,-0.000876134,0.00085581,8.65579e-05,1,-0.000829935,0.000843211,1.97846e-05,1
1788449160,0.000466242,-1.20609e-05,0.000542588,-0.000273415,0.00116523,0.554702,0.000158723,0.000143355,0.0166271,-0.00173021,-0.00126884,-0.000632054,-0.000144899,0.000169351,0.000360076,0.000868835,0.00149687,0.00190582,0.000130214,0.000167617,0.000167747,0.000165084,0.000150604,0.000166215,0.000145037,0.000156342,0.000916411,0.000143967,0.000864778,0.000911384,1.38602e-05,0.000829339,0.505152,-0.00187545,-0.000737928,0.000782619,0.00197267,1788449100,0.00096979,3.45605e-05,0.000914501,1,0.00104844,4.73833e-05,0.00102744,1,0.000898099,0,0.000964437,1,-0.0008983,0.000922004,4.88396e-06,1
1788449220,0.000136616,4.42013e-05,0.00049414,-0.0003778,0.0011554,0.555983,0.000114807,0.000112211,0.0245864,-0.00167712,-0.00123968,-0.000603616,-0.000135365,0.000166284,0.000339996,0.000840554,0.00143843,0.00184426,6.47815e-05,0.000124848,0.000120342,0.000113822,0.000138956,0.000114646,0.000107504,0.000113757,0.00088345,7.87262e-05,0.000846453,0.00086487,0,0.000791269,0.511182,-0.00180829,-0.000679066,0.000768087,0.00191345,1788449100,0.000955211,0,0.000906418,1,0.000976057,0,0.000968113,1,0.0010481,5.95789e-05,0.00102616,1,0.000932189,4.43335e-05,0.000913238,1
1788449280,0.0004258,-2.41073e-05,0.000546277,-0.000221006,0.00114395,0.550766,0.000149593,0.000133565,0.0496818,-0.00162507,-0.00118198,-0.000594577,-0.000145372,0.000145179,0.000311528,0.000782074,0.00134787,0.00172676,0.000119059,0.000158251,0.000150227,0.000150331,0.000142887,0.000138998,0.000142351,0.000160511,0.000838417,5.47193e-06,0.000844598,0.000877748,0,0.000864767,0.503324,-0.00181671,-0.000717409,0.000742818,0.00189031,1788449100,-0.000832735,0.000777112,1.03944e-05,1,-0.000900258,0.000849477,4.07792e-05,1,-0.000929061,0.000893789,3.3567e-05,1,0.00102713,0,0.00105358,1
1788449340,6.02401e-05,-8.83587e-05,0.000778826,-0.000333394,0.00113405,0.557878,9.92572e-05,0.000103475,0.080341,-0.00149255,-0.00110939,-0.000543955,-0.000118343,0.000156375,0.000307924,0.000737029,0.00125508,0.00162756,6.02745e-05,0.000117155,0.000102813,9.70078e-05,0.000133224,7.99059e-05,8.8747e-05,0.000104194,0.00078447,1.29291e-05,0.00074963,0.000735711,0,0.000679159,0.505325,-0.00149876,-0.000586223,0.000621914,0.00156513,1788449100,-0.000866536,0.000826427,4.46863e-05,1,-0.000813003,0.00074674,4.16897e-05,1,0.000862674,0,0.000934886,1,0.000904064,0,0.00096805,1
1788449400,5.22052e-05,4.01581e-05,0.000240924,-0.000662841,0.00112269,0.548544,0.000109723,0.000112633,0.175718,-0.00166023,-0.00124042,-0.000624237,-0.000151251,0.000138457,0.000324269,0.00079091,0.00133433,0.00172172,5.97832e-05,0.000114993,9.59609e-05,0.000125647,0.000119649,6.59204e-05,0.000110615,0.000113912,0.0008629,3.53428e-05,0.000870878,0.00084121,5.72603e-05,0.000915774,0.505429,-0.00172615,-0.000703845,0.000707638,0.00174612,1788449400,-0.000735354,0.000721736,2.29785e-05,1,-0.000882512,0.000854353,5.81918e-05,1,-0.000842668,0.000778311,1.0455e-05,1,-0.000811061,0.000812902,9.94783e-05,1
1788449460,0.000329231,-2.00786e-05,0.00142054,-0.000498068,0.00111143,0.55955,0.00012243,0.000106166,0.360499,-0.00140241,-0.00101283,-0.000484453,-9.95458e-05,0.000140007,0.00028503,0.000695346,0.0011892,0.00155162,9.59571e-05,0.000138323,0.000120475,0.00012726,0.000108162,9.62735e-05,0.000112539,0.000132522,0.000723794,0,0.000714121,0.000668719,0,0.000710283,0.504799,-0.001319,-0.000515904,0.000574374,0.00142511,1788449400,-0.000822453,0.000868975,0.00011116,1,0.000765872,0,0.000763103,1,-0.000875688,0.000821358,7.78561e-05,1,0.000832053,0,0.000804133,1
1788449520,-1.60576e-05,-4.01444e-05,0.000104368,-0.00122513,0.00110124,0.557808,0.000100429,0.000107905,0.55367,-0.00150124,-0.00108482,-0.000538399,-0.000112873,0.000148613,0.000322983,0.000742546,0.00127355,0.00166666,5.99413e-05,0.000110486,8.39266e-05,0.000126026,7.96589e-05,5.34448e-05,0.000101943,0.000101294,0.000784653,9.84425e-05,0.000771059,0.00071985,0.000124282,0.000807391,0.504239,-0.00144816,-0.000586904,0.000613686,0.00153523,1788449400,0.000662914,6.45931e-05,0.000727844,1,0.000869986,7.83522e-05,0.000871891,1,0.000783533,0,0.000784425,1,-0.000848034,0.000860221,3.46891e-05,1
1788449580,0.0015163,0.000112397,0.00198917,-0.000236879,0.00109018,0.561925,0.000475595,0.000435973,0.77971,-0.00136909,-0.000977544,-0.000469245,-9.08097e-05,0.000140598,0.000288234,0.000683865,0.00114475,0.00150845,0.000562448,0.000448812,0.000514754,0.00043893,0.000531748,0.000605974,0.00046751,0.000535857,0.000707917,0,0.000711865,0.000679564,2.90842e-05,0.000778028,0.502429,-0.00137109,-0.000541618,0.00058583,0.0014584,1788449400,0.000715668,0.000104021,0.00081271,1,0.000686616,8.72108e-05,0.000738019,1,-0.000830628,0.000850157,2.86662e-05,1,0.000738961,1.18854e-05,0.000729751,1
1788449640,0.000124251,1.20249e-05,0.000681185,-0.000693683,0.00110032,0.552488,0.000119991,0.00011478,0.133615,-0.00169371,-0.00125962,-0.000640639,-0.000134472,0.000143695,0.000351885,0.000844947,0.00149563,0.0019429,6.35113e-05,0.000115499,9.62827e-05,0.000136444,0.000121682,8.52273e-05,0.00011962,0.00014417,0.000905232,0.000201067,0.000963217,0.000850156,0.000173864,0.000897769,0.50582,-0.00173623,-0.000698716,0.000734592,0.00187965,1788449400,0.000674604,8.25848e-05,0.000761184,1,0.000704219,0.000130942,0.000811036,1,0.000718823,8.14912e-05,0.000789265,1,-0.000754606,0.000807681,0.000148845,1
1788449700,-0.000356761,1.20234e-05,0.000376666,-0.000517145,0.0010894,0.554597,0.000136662,0.000157542,0.234192,-0.00156003,-0.00113956,-0.000571855,-0.000116573,0.000134938,0.000325335,0.000775414,0.00136582,0.00179437,0.000106485,0.000138575,0.000121885,0.000148163,0.000171049,0.000108723,0.000138268,0.000136168,0.000822477,7.07517e-05,0.000831917,0.000802381,5.30708e-05,0.000854514,0.506093,-0.00165762,-0.000656257,0.000691697,0.00176149,1788449700,-0.000851005,0.000914193,3.93033e-05,1,0.000699924,0.000123077,0.000758005,1,0.000717039,0.000161745,0.000849232,1,0.000738392,0.000118902,0.000753665,1
1788449760,0.00025656,-4.00928e-06,0.000677337,-0.000232565,0.00107963,0.563966,0.000110771,0.000100156,0.292042,-0.00140311,-0.00102832,-0.000491086,-8.35289e-05,0.00014061,0.00030861,0.000726198,0.00126189,0.00166152,8.3893e-05,0.000122545,0.00010259,0.000122448,0.000103752,8.76874e-05,9.73256e-05,0.000132011,0.000748047,0.000102573,0.000658659,0.000725203,2.05838e-05,0.000678821,0.506764,-0.00149282,-0.000582308,0.000625022,0.00158576,1788449700,0.000787118,9.84528e-05,0.000819665,1,0.000809047,0.000102972,0.000841749,1,0.000738017,0.000113926,0.000810991,1,-0.000760797,0.000860737,0.000109049,1
1788449820,-0.000689655,8.01645e-06,0.000204399,-0.00139584,0.00106939,0.56765,0.000200723,0.00022836,0.399464,-0.00133478,-0.000975747,-0.000460213,-7.25027e-05,0.000142674,0.000289441,0.000683729,0.00119044,0.00156728,0.000198904,0.000196097,0.000194569,0.000197063,0.00023991,0.000194868,0.000214824,0.000186601,0.000704237,8.58513e-05,0.000621213,0.000722104,2.12806e-05,0.000696971,0.508023,-0.00148343,-0.00057948,0.000623636,0.00156476,1788449700,0.000719628,8.78684e-05,0.000694746,1,0.000797156,8.08958e-05,0.000829558,1,0.000824889,0.000128239,0.000853148,1,0.000783128,0.000147276,0.000777175,1
1788449880,0.000729737,-6.81894e-05,0.00148297,-0.000112314,0.00106313,0.559465,0.000204186,0.000175647,0.222117,-0.00142738,-0.00101723,-0.000501835,-9.75859e-05,0.000136918,0.000295483,0.000723781,0.00127334,0.001603,0.000203827,0.000209332,0.000206568,0.000208541,0.000179514,0.000208184,0.000192962,0.000212823,0.00074766,7.07204e-05,0.00074371,0.000788983,3.45598e-05,0.000851871,0.50732,-0.00163572,-0.000636074,0.00068677,0.0017114,1788449700,-0.00070282,0.000748026,2.53916e-05,1,-0.000700528,0.000726072,2.30876e-05,1,0.000804477,6.26223e-05,0.000856217,1,0.000846346,6.09683e-05,0.000893386,1
1788449940,-1.60324e-05,2.80562e-05,0.000384702,-0.000477075,0.00105749,0.558841,9.47459e-05,0.000100703,0.138717,-0.00139759,-0.00101887,-0.000505017,-9.80361e-05,0.000134103,0.000293757,0.000701524,0.00121585,0.0015911,5.96619e-05,0.000104035,7.59496e-05,0.000114139,9.38163e-05,5.98053e-05,9.2793e-05,0.000107657,0.000737497,9.99224e-05,0.000700187,0.000726903,0.000102618,0.000751414,0.507153,-0.00149134,-0.000596197,0.000623704,0.00155778,1788449700,0.000739498,7.26113e-05,0.00080679,1,-0.000691252,0.000714754,5.35527e-05,1,0.000698051,5.12093e-05,0.000731879,1,0.000817247,7.77303e-05,0.000855518,1
1788450000,0.000256488,6.41283e-05,0.00114567,-0.000168356,0.00104687,0.561027,0.000104635,8.8758e-05,0.134418,-0.00123412,-0.000894151,-0.000438629,-8.00509e-05,0.000118795,0.000250126,0.000617435,0.00106347,0.00140117,8.36485e-05,0.000118758,9.52413e-05,0.00011504,8.22412e-05,8.44767e-05,9.47488e-05,0.000118119,0.00064514,0,0.00060983,0.000668657,0,0.000710168,0.505363,-0.00136653,-0.000539814,0.000565011,0.00140675,1788450000,-0.000724159,0.000772132,4.91753e-05,1,-0.000732242,0.000781622,8.52653e-05,1,-0.000703151,0.000739963,5.80851e-05,1,-0.000689003,0.000736065,7.09803e-05,1
1788450060,0.000148252,2.40424e-05,0.000268441,-0.000545116,0.00103698,0.567229,9.14741e-05,8.34432e-05,0.124718,-0.00125209,-0.00090436,-0.000440161,-6.92581e-05,0.000133572,0.000278614,0.000638117,0.00109535,0.0014471,6.53853e-05,0.000107403,7.47386e-05,0.000116597,6.79573e-05,6.53936e-05,7.8807e-05,9.89753e-05,0.000662063,6.85653e-05,0.000599039,0.000699623,6.7522e-05,0.000728225,0.510689,-0.00141355,-0.000562828,0.000605372,0.00150268,1788450000,-0.000653032,0.000692416,5.0852e-05,1,-0.000702349,0.000757172,5.70672e-05,1,-0.000734635,0.000784202,8.4155e-05,1,-0.000705083,0.000750325,4.89955e-05,1
1788450120,-0.000276488,-8.01337e-05,0.000100158,-0.000448831,0.00102677,0.578938,0.000105601,0.000125121,0.126275,-0.00116744,-0.000831814,-0.000387737,-4.186e-05,0.000141494,0.000260746,0.000607223,0.00103254,0.00135751,9.26323e-05,0.000118592,9.30395e-05,0.000117193,0.000110546,8.5356e-05,0.000105897,9.69102e-05,0.000613234,3.76988e-05,0.000604394,0.000648076,0,0.000675944,0.511505,-0.00132415,-0.000501763,0.000575782,0.00141532,1788450000,-0.000691708,0.000768476,4.86709e-05,1,-0.000687595,0.000731142,3.59184e-05,1,-0.000719535,0.000801749,5.4285e-05,1,-0.000771941,0.000823757,3.20836e-05,1
1788450180,0.000548895,0,0.000901311,-9.61878e-05,0.0010172,0.585234,0.000152691,0.000125639,0.141213,-0.00108638,-0.000769046,-0.000341796,-2.88092e-05,0.000142804,0.000243374,0.000560336,0.000937802,0.00125544,0.000153015,0.00016411,0.000155546,0.000156605,0.000130763,0.000155689,0.000141285,0.000162028,0.000560711,3.45286e-05,0.00048639,0.000575883,0,0.000546556,0.506925,-0.00118385,-0.000442689,0.000492343,0.0012294,1788450000,-0.000628353,0.000675601,2.6667e-05,1,-0.000686737,0.000740848,5.88108e-05,1,-0.000703227,0.000727944,4.79643e-05,1,-0.000737161,0.000774601,6.06525e-05,1
1788450240,-0.00130261,2.40323e-05,0.000104136,-0.00159142,0.00100997,0.582366,0.000438581,0.000482761,0.115553,-0.00106785,-0.000767541,-0.000350818,-3.44922e-05,0.000142243,0.000253871,0.000567781,0.000949305,0.00125188,0.000479616,0.000385517,0.000469513,0.000393962,0.000532881,0.000484246,0.000501255,0.000414304,0.000569478,6.64258e-05,0.000484424,0.000596282,3.58649e-05,0.000589134,0.50853,-0.00120641,-0.00046924,0.000511217,0.00126575,1788450000,0.000568896,6.78233e-05,0.000532081,1,-0.000653593,0.000685247,4.92611e-06,1,-0.000695878,0.000760075,7.4841e-05,1,-0.000716517,0.000766269,8.77074e-06,1
1788450300,0.000328819,-0.000152416,0.000701618,-0.000581714,0.00101665,0.560361,0.000122194,0.000106097,0.0993776,-0.00143851,-0.00103115,-0.000510224,-9.26157e-05,0.000134841,0.000295308,0.000693901,0.00117521,0.00151217,9.53027e-05,0.000127576,0.000109018,0.000142294,9.87522e-05,0.000102844,0.000119238,0.000123035,0.000737137,9.9895e-05,0.00079104,0.000796818,6.50112e-05,0.000914158,0.510167,-0.0016707,-0.000650053,0.000687593,0.00165993,1788450300,-0.000593824,0.000646706,1.64296e-05,1,-0.000570988,0.000586127,0,1,0.000692784,1.88664e-05,0.000688427,1,-0.000703989,0.000739881,8.72452e-05,1
1788450360,-0.00215935,7.61744e-05,7.61744e-05,-0.00215935,0.0010075,0.574872,0.000845659,0.000887336,0.0777257,-0.00119811,-0.00085277,-0.000398588,-5.23912e-05,0.000144102,0.000270473,0.000612228,0.00104432,0.00134569,0.000908188,0.000785283,0.000870136,0.000783138,0.000903989,0.000894615,0.000901903,0.000840685,0.000624596,2.92125e-05,0.000573607,0.000700484,3.31049e-05,0.000718662,0.510429,-0.00143212,-0.000560531,0.000611951,0.00150096,1788450300,0.000740387,7.21927e-05,0.000812276,1,-0.000588408,0.000632889,2.42292e-05,0,0.000594336,5.36878e-05,0.000579338,1,0.00071583,5.6661e-05,0.000675495,1
1788450420,0.000361555,4.01799e-06,0.00052622,-0.000482276,0.00104308,0.559598,0.000130909,0.000114463,0.0871604,-0.00153514,-0.00109879,-0.000536999,-0.000102696,0.000145336,0.000303631,0.000708637,0.00124539,0.00158033,0.000100709,0.000136115,0.000134127,0.000131326,0.000128733,0.000150385,0.000124581,0.000124914,0.000764082,7.93849e-07,0.000737353,0.000833835,0,0.000900976,0.503401,-0.00177898,-0.000689306,0.000696247,0.00170778,1788450300,-0.000691914,0.000697002,6.75828e-05,1,-0.000764032,0.000805798,0,1,-0.000614955,0.000683295,1.79945e-05,0,0.000622438,4.71543e-05,0.000618216,1
1788450480,-0.000204865,-4.01656e-06,0,-0.000932274,0.00103386,0.565173,0.0001052,0.000124192,0.0810298,-0.00142687,-0.00103192,-0.000497349,-8.24215e-05,0.000146498,0.000297846,0.000686419,0.0012053,0.00152977,8.0549e-05,0.000111411,0.000105159,0.000106107,0.000120764,0.000120315,0.000105371,0.000102723,0.000728202,0,0.000661682,0.000761845,0,0.000760255,0.507533,-0.0015843,-0.000614096,0.000659485,0.00161702,1788450300,0.000761303,2.64258e-05,0.000854463,1,-0.000687647,0.000693467,5.52473e-05,1,-0.000727703,0.000736555,0,1,-0.000640642,0.000678134,1.48453e-05,0
1788450540,0.000614469,4.01736e-06,0.000799137,-0.000128564,0.00102388,0.558515,0.000176379,0.000153042,0.0918513,-0.00143052,-0.00102473,-0.00048429,-9.54239e-05,0.00012882,0.000275162,0.000647918,0.00115633,0.00148663,0.000170846,0.000176997,0.000175116,0.000175315,0.000167539,0.000180858,0.000183751,0.000166883,0.000697352,0,0.00073443,-0.000757855,0.000612004,7.43526e-05,0.495619,-0.00163957,-0.000638919,0.00062753,0.00158189,1788450300,-0.000750388,0.000692274,7.38731e-05,1,-0.000768307,0.000742337,0.000121052,1,-0.000713689,0.000715961,4.71381e-05,1,-0.000719521,0.000732542,6.4684e-05,1
1788450600,0.00135612,-4.01491e-06,0.00148842,-4.01491e-06,0.00101731,0.561836,0.000415191,0.000381902,0.0822805,-0.00136454,-0.000988844,-0.00047458,-8.57055e-05,0.000132273,0.000277161,0.000626175,0.00111135,0.00145898,0.000485869,0.000400541,0.000416777,0.00041355,0.000381572,0.000416907,0.000413885,0.000437829,0.000677864,0,0.000633753,-0.000715859,0.000661728,0,0.497133,-0.00152648,-0.000609227,0.00058595,0.00149881,1788450600,-0.000730968,0.000687635,6.87473e-05,1,-0.000759761,0.000706383,4.00083e-05,1,-0.000742169,0.000702526,0.000101111,1,-0.000719867,0.000733266,1.83533e-05,1
1788450660,0.00269074,2.80658e-05,0.00328237,-5.21244e-05,0.00102518,0.552915,0.00105553,0.00101724,0.0521405,-0.00149712,-0.00110335,-0.000535351,-0.00011632,0.000126114,0.000291891,0.000673727,0.00121097,0.00156356,0.00115117,0.00103702,0.00105641,0.00107108,0.000967199,0.000991218,0.00105442,0.00109552,0.000741719,0,0.000728703,-0.000789055,0.000771212,0,0.496271,-0.00166232,-0.000675032,0.000642977,0.00167521,1788450600,-0.000755583,0.000717874,0,0,-0.000796827,0.000769259,1.93841e-06,0,-0.000796793,0.000725184,1.30573e-05,0,-0.000781674,0.000740597,2.4315e-05,0
1788450720,0.00321377,-1.59949e-05,0.00466756,-0.000407949,0.00108387,0.542474,0.00121687,0.00117262,0.0368763,-0.00189172,-0.00142986,-0.000731812,-0.000182472,0.000131528,0.000376716,0.000881065,0.00159408,0.00212065,0.00141022,0.00127027,0.00120879,0.00121945,0.00113552,0.00123123,0.00118192,0.00116533,0.000982152,0.000181158,0.00110328,-0.000987045,0.00114324,5.59794e-05,0.49541,-0.00199196,-0.000834592,0.000800498,0.0021411,1788450600,-0.000826953,0.000793288,0,0,-0.000771452,0.000737537,0,0,-0.000826053,0.00075213,0,0,-0.000782018,0.000768557,0,0
1788450780,0.00112338,4.38435e-05,0.00152542,-0.00089722,0.00116527,0.537651,0.000325044,0.00028839,0.0598231,-0.00232615,-0.0017628,-0.000905909,-0.000242581,0.000143672,0.000459588,0.00109454,0.0020359,0.0027172,0.000364625,0.000319006,0.000319853,0.000320121,0.000246314,0.000318395,0.000331075,0.000365866,0.0012171,0.000284452,0.00141144,-0.00121529,0.00148632,0.000128312,0.497656,-0.00235622,-0.000996775,0.000972532,0.00260661,1788450600,-0.00108748,0.00110465,0,0,-0.000829978,0.000834801,0,0,-0.000787009,0.000726665,0,0,0.000852557,0,0.000741459,0
1788450840,0.000179146,-9.1576e-05,0.000445816,-0.000824486,0.00116445,0.544047,0.000155991,0.000146507,0.0525017,-0.00215414,-0.00161876,-0.000822963,-0.000201604,0.000155041,0.000444794,0.00102644,0.00188973,0.0025409,6.98976e-05,0.000128173,0.000165183,0.000162681,0.000133293,0.000129606,0.000164437,0.000204918,0.00112862,0.000161166,0.00119906,0.00108968,0.000132985,0.00106453,0.503143,-0.00218568,-0.000890259,0.000910803,0.00240692,1788450600,-0.00132807,0.00140928,0,1,0.0010051,0.000122784,0.000953746,0,0.000835778,0,0.00077744,0,0.000749842,0,0.000717065,0
1788450900,-0.00140616,-2.38843e-05,0.000596922,-0.00196839,0.00115302,0.555017,0.000398182,0.000434951,0.0481212,-0.00195442,-0.00143201,-0.000706647,-0.000143604,0.000169993,0.000410202,0.000946558,0.00173427,0.00230459,0.000533258,0.000399553,0.000397223,0.000398686,0.000482804,0.000406962,0.000401468,0.000367769,0.00101349,8.15546e-05,0.00100542,0.000973712,3.71645e-05,0.000878912,0.506662,-0.00197838,-0.000784403,0.000840413,0.00218122,1788450900,0.00120426,0.000100539,0.00107863,1,0.0012099,0.000206473,0.00116472,1,0.000983439,0.000136395,0.0009553,1,0.000810877,0,0.000774921,0
1788450960,0.00078897,-3.98635e-05,0.00127081,-4.38499e-05,0.00115863,0.55261,0.000233862,0.000211694,0.0281266,-0.00211186,-0.00151147,-0.000763946,-0.000162055,0.000174763,0.000437916,0.0010157,0.00185014,0.0024086,0.000225492,0.000225819,0.000238549,0.000249971,0.00018584,0.000226264,0.00023169,0.000262097,0.00108714,0.000159876,0.0011297,0.0010682,0.000150997,0.00106613,0.508273,-0.00219849,-0.00085338,0.000915114,0.00231997,1788450900,0.00106554,4.70069e-05,0.000960378,1,0.00113267,8.02075e-05,0.00106704,1,0.00115056,0.000195093,0.00116984,1,-0.000984728,0.000997764,5.71456e-05,1
1788451020,0.000935597,-5.57653e-05,0.00161584,-7.16989e-05,0.0011524,0.555235,0.000268203,0.000230571,0.026261,-0.00190575,-0.00140412,-0.000697915,-0.000137198,0.000163596,0.000396982,0.000911893,0.00166667,0.0021665,0.000282253,0.000266394,0.000266399,0.00026591,0.000208529,0.000268114,0.000263016,0.000312822,0.000985997,6.50939e-05,0.000943938,0.000917176,3.42584e-05,0.00083147,0.505991,-0.00190587,-0.000747305,0.000785952,0.00201315,1788450900,0.00106574,7.55048e-05,0.00105745,1,-0.000999672,0.000988521,0,1,0.00108384,2.35263e-05,0.00109773,1,-0.00113854,0.0011546,0.000156899,1
1788451080,0.00130042,-1.19383e-05,0.00168982,-7.56115e-05,0.00114846,0.553226,0.000373965,0.00033465,0.0222279,-0.00189078,-0.00139182,-0.000696615,-0.000146444,0.000161414,0.000388431,0.000879538,0.00161744,0.00212043,0.000452903,0.000367331,0.000367296,0.00036694,0.000295663,0.000369589,0.00037947,0.00043133,0.000964574,5.10691e-06,0.000973846,0.000875748,8.72158e-06,0.000886065,0.502138,-0.00183133,-0.000730253,0.000735166,0.00191337,1788450900,-0.000924017,0.000891078,9.61806e-06,1,-0.000964812,0.000943659,0.000142113,1,-0.000972436,0.000933153,5.88546e-05,1,-0.00102657,0.00107488,9.12061e-05,1
1788451140,0.000266238,-2.782e-05,0.000703192,-0.000401478,0.0011517,0.558129,0.000139061,0.000128722,0.0190619,-0.00187653,-0.00138764,-0.00068548,-0.00013331,0.000178676,0.000405274,0.000899421,0.0016237,0.00216187,8.46488e-05,0.000130971,0.000144965,0.000135398,0.000126227,0.000133743,0.000137172,0.00019492,0.000973261,4.48654e-05,0.00096731,0.00088615,4.85312e-05,0.000852813,0.502505,-0.00183517,-0.000736075,0.000749308,0.00197389,1788450900,-0.000848566,0.000874695,6.86503e-05,1,-0.000855039,0.000810512,8.49267e-05,1,-0.000921146,0.000932958,0.000171002,1,-0.000909755,0.000967612,8.57864e-05,1
1788451200,-0.00180943,0.000131106,0.000841958,-0.002108,0.00114074,0.548625,0.000523809,0.000572861,0.0291614,-0.00199346,-0.00150071,-0.000761183,-0.000171352,0.000157864,0.000391939,0.000930836,0.00168596,0.00220787,0.000734565,0.000559456,0.000548316,0.000512864,0.000659387,0.000564371,0.000470535,0.000460776,0.00103119,6.82139e-05,0.00124547,-0.000970228,0.00108491,0.000204689,0.492348,-0.00199134,-0.000829246,0.000781095,0.00204139,1788451200,-0.000888842,0.000936503,2.72085e-05,1,-0.000841442,0.000874132,6.59099e-05,1,-0.00085087,0.000841288,8.30744e-05,1,-0.000950863,0.000968061,0.000144,1
1788451260,-0.000888016,5.17435e-05,9.55243e-05,-0.00140207,0.00115791,0.563521,0.000257735,0.000295534,0.0156943,-0.00197057,-0.00141981,-0.000691873,-0.000118476,0.000198235,0.000431718,0.000951105,0.00169781,0.00219774,0.00027777,0.000252977,0.000252511,0.000255022,0.00031948,0.00025313,0.000265068,0.000239802,0.00101179,0.000122004,0.00103307,0.000972525,0.000143614,0.00101137,0.50249,-0.00203523,-0.000794133,0.000830944,0.00213088,1788451200,-0.0010572,0.00109906,7.10447e-05,1,-0.000881676,0.000923729,0,1,-0.000840936,0.00087828,5.83199e-05,1,-0.000848668,0.000832356,7.73718e-05,1
1788451320,-0.000960582,7.96778e-06,0.000919859,-0.00127566,0.00115313,0.565407,0.000276787,0.000312611,0.0202784,-0.00178456,-0.00129238,-0.000621638,-0.000101954,0.000184046,0.000383223,0.00087517,0.00156294,0.0020116,0.000309984,0.000272661,0.000272248,0.000273838,0.000335963,0.000274324,0.000282906,0.000261957,0.000921478,0,0.000885036,-0.000869172,0.000848501,3.43241e-06,0.498965,-0.00182766,-0.000703543,0.000748302,0.00192695,1788451200,0.000916317,0.000132674,0.00102942,1,-0.00113393,0.0011701,0,1,-0.000886689,0.000910748,0,1,-0.000872433,0.000853688,4.36992e-05,1
1788451380,-0.00307528,0.000115638,0.000263156,-0.00331531,0.00114959,0.56116,0.00117184,0.00122228,0.0266495,-0.00188568,-0.00134841,-0.000668388,-0.000122425,0.000185539,0.000397561,0.000899239,0.00161749,0.0020629,0.00136641,0.00118209,0.00117042,0.0011138,0.00126329,0.00117465,0.00118175,0.00119615,0.00096148,0,0.000953435,-0.000936978,0.000969971,8.46307e-05,0.497377,-0.00199943,-0.000778103,0.000786984,0.00203024,1788451200,-0.000792444,0.0008282,0.00013728,0,-0.000879278,0.000906596,0.000172523,0,-0.00110839,0.000959309,0,0,-0.000876261,0.000861849,2.78736e-05,0
1788451440,-0.00031205,4.00001e-06,0.00104346,-0.0009965,0.00121831,0.561932,0.000159962,0.000186724,0.0262154,-0.00217636,-0.00153218,-0.000751417,-0.000134105,0.000210242,0.000458454,0.00103406,0.00181488,0.00229022,9.91133e-05,0.0001448,0.000173107,0.000164974,0.000180607,0.000142881,0.000171639,0.000167742,0.00109694,6.56245e-05,0.0011036,0.00110878,9.9135e-05,0.001223,0.503118,-0.0023743,-0.000895748,0.00094129,0.00234978,1788451200,-0.000822813,0.000878922,0.000200809,0,-0.00077391,0.000773392,0.000149737,0,-0.000847503,0.000884996,0.000177206,0,-0.000888946,0.0008493,0.000157917,0
1788451500,0.000839913,2.80085e-05,0.00171108,-0.000360179,0.00120687,0.557738,0.0002362,0.000212689,0.0352508,-0.00202382,-0.00144382,-0.000705111,-0.000137916,0.000181825,0.000412808,0.000952964,0.00170359,0.00214632,0.000245775,0.000240915,0.000248045,0.000249898,0.000208621,0.000242228,0.00023059,0.000234099,0.00101793,0,0.000959403,0.00105054,1.90953e-05,0.00116089,0.500387,-0.00221356,-0.000860005,0.000886085,0.00223999,1788451500,-0.000928682,0.00100205,0.000266486,1,-0.000818567,0.000832521,0.000204262,1,-0.000775136,0.000801734,0.000122191,1,-0.000881979,0.000891253,0.000148325,1
1788451560,-0.00140425,5.19714e-05,0.000251836,-0.00168454,0.00120063,0.553936,0.000397247,0.000431172,0.0282115,-0.00202407,-0.00146733,-0.000721354,-0.000155171,0.000176063,0.000406715,0.000933433,0.00165944,0.0021217,0.000530844,0.000396002,0.000395896,0.000398322,0.000448311,0.000402822,0.00038966,0.000398339,0.00101479,0,0.0010192,-0.00103041,0.000994462,0.000111769,0.494081,-0.00219028,-0.000870064,0.000842681,0.00219133,1788451500,-0.000928594,0.000899883,0.000291448,1,-0.000949199,0.000901582,0.000241928,1,-0.000817431,0.000859385,0.000160459,1,-0.000815913,0.000823064,6.35724e-05,0
1788451620,0.00189188,0.000116095,0.00215557,-0.000440485,0.00120504,0.553314,0.000567957,0.000524054,0.0290196,-0.00202421,-0.00145972,-0.000723465,-0.000157139,0.000173945,0.000406591,0.00092568,0.00163937,0.00209259,0.000749162,0.000574759,0.000556342,0.000556443,0.000499044,0.00057904,0.000568943,0.000601111,0.00101048,0,0.000961023,-0.00101186,0.000951024,3.97326e-05,0.495341,-0.00218548,-0.000847613,0.000836769,0.00215296,1788451500,-0.000947081,0.000907071,0.000220092,1,-0.000957064,0.000909309,0.000201617,1,-0.000937767,0.000876101,0.000166749,1,-0.000890772,0.000871509,9.16739e-05,1
1788451680,0.000591227,3.99595e-06,0.00152529,0,0.00122257,0.552243,0.00019943,0.000177275,0.0163701,-0.00209929,-0.00153521,-0.000769678,-0.000168488,0.000178965,0.000433338,0.000999665,0.00176516,0.0022677,0.000164406,0.000192678,0.000205915,0.000209862,0.000165094,0.000189352,0.000200966,0.00020236,0.00108225,0,0.00109352,-0.00109495,0.00116413,4.46234e-05,0.495396,-0.00226425,-0.000915069,0.00090448,0.00235388,1788451500,-0.000974637,0.000981492,8.59603e-05,1,-0.00098667,0.000988623,0.000125815,1,-0.00099038,0.000938614,0.000133704,1,-0.00100379,0.000929333,5.82725e-05,1
1788451740,-0.000843004,-3.9936e-06,0.000395288,-0.000878977,0.00121316,0.551873,0.000236542,0.000271616,0.0199474,-0.00197609,-0.00145163,-0.000731763,-0.00016749,0.000175297,0.000406865,0.000909496,0.0016085,0.00207528,0.000259245,0.00024013,0.000241423,0.000241775,0.000293105,0.000242445,0.000227188,0.000213702,0.0010037,0,0.0009428,-0.000951874,0.000925466,0,0.490819,-0.00205186,-0.000828432,0.000764004,0.00202578,1788451500,-0.00115964,0.00104693,0.000105849,1,-0.00102146,0.000968452,4.11115e-05,1,-0.00100518,0.000985749,7.14212e-05,1,-0.00101878,0.000954171,6.87836e-05,1
1788451800,0.000862971,-4.39676e-05,0.000902906,-0.000695713,0.00120687,0.557508,0.000245321,0.000209631,0.0236183,-0.001863,-0.00135244,-0.00067576,-0.00013973,0.000182573,0.000401567,0.000872449,0.00154308,0.00197608,0.000254414,0.000247348,0.000246267,0.00024568,0.000210462,0.000248508,0.000244559,0.000255053,0.000950089,0,0.00081813,-0.000905909,0.000863418,0,0.492768,-0.00194086,-0.000770029,0.000742035,0.00194362,1788451800,0.0010369,0,0.00101922,1,-0.00114168,0.00112889,1.55977e-05,1,-0.00100405,0.000920679,1.65854e-05,1,-0.00104542,0.000978147,1.32138e-05,1
1788451860,-0.000463355,-7.98735e-05,0.000131777,-0.000727084,0.00120096,0.559227,0.000167452,0.000194381,0.0220468,-0.00186695,-0.00135941,-0.000673353,-0.000133145,0.000186429,0.000401702,0.000892708,0.00158328,0.00202507,0.000137201,0.000167565,0.000169994,0.000170282,0.000204974,0.000159907,0.000171469,0.000146435,0.000961446,0,0.000903523,-0.000945024,0.000966905,0,0.499136,-0.00198251,-0.000778754,0.000805547,0.00207076,1788451800,0.00101195,0,0.000933452,1,0.00103267,0,0.00106017,1,0.0011549,0,0.00115776,1,0.00100478,0,0.00101601,1
1788451920,-0.000907359,-3.19634e-05,2.39719e-05,-0.00139536,0.0011907,0.55781,0.00025758,0.000290338,0.0341191,-0.00178714,-0.00128777,-0.000628515,-0.000130719,0.000172587,0.000368676,0.000818504,0.00144726,0.00186419,0.000283364,0.000257757,0.000256966,0.000258076,0.000307053,0.000262151,0.000254675,0.000243926,0.000889736,0,0.000810664,-0.000846269,0.00076243,0,0.497974,-0.00182883,-0.000696479,0.000715079,0.0018453,1788451800,-0.00101205,0.00093918,3.8146e-05,1,0.000984932,0,0.000985592,1,-0.00100755,0.00100933,6.10302e-05,1,-0.0011148,0.0010678,1.95265e-05,1
1788451980,0.000499749,-5.99867e-05,0.000735544,-0.000520004,0.00118569,0.560151,0.000166227,0.000145266,0.0364237,-0.00178562,-0.00127536,-0.000629911,-0.000121571,0.000176352,0.00038481,0.000841132,0.00148495,0.00190268,0.000139901,0.000172793,0.000168259,0.000168392,0.00015105,0.000159785,0.000165524,0.000162207,0.000904381,0,0.000828707,0.00085338,1.86622e-05,0.000859449,0.502256,-0.00182936,-0.000689733,0.000743423,0.00186784,1788451800,0.000907326,0,0.00083783,1,0.000993887,0,0.00102494,1,0.000942651,0,0.000989553,1,0.000995751,0,0.00108064,1
1788452040,-0.000311814,7.99396e-06,0.000339687,-0.000639724,0.0011759,0.564259,0.000135354,0.000160401,0.0479339,-0.0017157,-0.00122571,-0.000600704,-0.000106919,0.000183774,0.000379649,0.000813059,0.00142841,0.00183301,9.87327e-05,0.000139323,0.000132195,0.000134342,0.000173409,0.00011978,0.000139993,0.000128402,0.000871322,0,0.000795964,0.000841387,3.74922e-05,0.000846029,0.503394,-0.00180699,-0.00068412,0.000731986,0.0018398,1788451800,0.000902956,0,0.000889951,1,-0.000895773,0.000844179,4.87133e-06,1,0.00100856,0,0.00104768,1,0.000899629,0,0.00100651,1
1788452100,-0.000988053,-0.000119954,0.00011994,-0.00119219,0.00116492,0.552324,0.000278908,0.000309326,0.085735,-0.0017891,-0.00130287,-0.000647104,-0.000149832,0.000159326,0.000373707,0.000823901,0.00142784,0.00182755,0.000320268,0.000279983,0.000278708,0.000281252,0.00032205,0.000288578,0.000269306,0.000278474,0.00090232,0,0.000902333,-0.00086231,0.000832728,6.94766e-05,0.495929,-0.00186105,-0.000736187,0.000715177,0.00179073,1788452100,0.000897998,0,0.000902865,1,0.000890174,0,0.000913798,1,0.000887824,0,0.000910167,1,0.000989203,1.9181e-05,0.000995575,1
1788452160,0.000388137,-4.0022e-06,0.000724135,-0.000772722,0.00116165,0.560673,0.000140697,0.000120794,0.0781562,-0.00165574,-0.00116837,-0.000581586,-0.000114233,0.000169068,0.000363225,0.000771945,0.00136326,0.00174771,0.000108727,0.00015162,0.000139832,0.000144589,0.000138717,0.000129224,0.00013749,0.000135152,0.000832548,0,0.000728759,-0.000810684,0.000808939,0,0.499754,-0.00174392,-0.000665931,0.000688762,0.00173568,1788452100,0.000924122,0,0.000949158,1,0.000892482,0,0.000905833,1,0.00089883,8.00773e-06,0.000924722,1,0.000900632,1.70357e-05,0.000923599,1
1788452220,-0.00152941,0,8.40099e-05,-0.00172176,0.00115128,0.562506,0.000465555,0.000504712,0.106079,-0.00164381,-0.00116822,-0.000583453,-0.000110752,0.000176958,0.000373462,0.000788801,0.00138925,0.00177428,0.000589319,0.000449896,0.000476168,0.000443261,0.000490641,0.000528365,0.000471113,0.00047725,0.000844224,0,0.000808819,0.000839438,3.72964e-05,0.000886732,0.501416,-0.00177199,-0.000687004,0.00072309,0.00181764,1788452100,0.000848704,3.99788e-06,0.00084645,1,0.000966381,1.19801e-05,0.000911269,1,0.00093278,0,0.000931547,1,0.000924506,2.35515e-05,0.000942924,1
1788452280,-0.000633269,-0.000152269,-3.20546e-05,-0.00105835,0.00116005,0.557992,0.00019098,0.000213973,0.0545468,-0.00175134,-0.00125756,-0.000630384,-0.000130518,0.000173772,0.000386294,0.000813905,0.00144221,0.00182525,0.000183751,0.000190924,0.000182464,0.00018976,0.000220535,0.000190095,0.000197598,0.000183431,0.000887406,0,0.000787906,-0.000878118,0.000885254,2.3062e-05,0.497343,-0.00191182,-0.00073111,0.000739892,0.00187048,1788452100,-0.000874063,0.000843003,7.75033e-05,1,0.000848143,0,0.000875974,1,0.000932114,0,0.000895536,1,0.000955948,2.55663e-05,0.000928538,1
1788452340,-0.000340849,4.00922e-05,0.000937737,-0.000405021,0.00115188,0.562485,0.000137716,0.000159372,0.0835922,-0.00160738,-0.00115088,-0.000571422,-0.000109012,0.000173897,0.000364455,0.000775066,0.00137149,0.00173042,0.000103153,0.000141234,0.000130483,0.000135447,0.000165619,0.000135924,0.000140765,0.000134026,0.000828731,0,0.000686546,-0.000811532,0.000768496,0,0.499119,-0.00172571,-0.000659251,0.000691388,0.00173955,1788452100,0.000874102,1.995e-05,0.000903807,1,0.000881814,6.87657e-06,0.000938612,1,0.000848785,9.22994e-06,0.000877789,1,0.000878892,4.21855e-05,0.000964985,1
1788452400,0.00131463,4.01066e-06,0.00158296,-0.000272763,0.00114132,0.556498,0.000369562,0.000337674,0.121578,-0.00163683,-0.00116527,-0.000590638,-0.00012934,0.000162053,0.00035674,0.000762409,0.00135291,0.00172597,0.000461521,0.000372149,0.000389446,0.00037096,0.000351704,0.000395332,0.000369047,0.000372812,0.000829592,0,0.000696333,-0.000851967,0.000850581,1.46498e-05,0.498307,-0.00182354,-0.000713435,0.000706715,0.00178929,1788452400,0.000804516,0,0.000871789,1,0.000868513,0,0.000939556,1,0.000915126,1.89108e-05,0.000968865,1,0.000864511,8.54469e-06,0.000898572,1
1788452460,-0.000292437,0.000136174,0.000404464,-0.00111813,0.00114504,0.554184,0.000134896,0.000156309,0.0386211,-0.00173939,-0.00127081,-0.0006445,-0.000142264,0.000162832,0.000376386,0.000829092,0.00145871,0.00186381,9.51142e-05,0.000132387,0.000121947,0.000139935,0.000164767,0.00013313,0.000142952,0.000122209,0.000901975,0,0.000826335,0.000898264,6.47841e-05,0.000903504,0.500221,-0.00187403,-0.000743671,0.000756995,0.00193331,1788452400,-0.000827148,0.000830489,9.28605e-05,1,-0.000820424,0.000793427,5.55203e-05,1,0.000853068,2.29524e-05,0.000914671,1,0.000937171,4.36001e-05,0.000942438,1
1788452520,-0.000304546,-5.60936e-05,0.000240365,-0.000468879,0.00113429,0.549184,0.000132718,0.00015277,0.0560363,-0.00169719,-0.00122968,-0.000624129,-0.000155753,0.000146359,0.000358586,0.000799161,0.00141171,0.00180251,9.70179e-05,0.000133137,0.000119608,0.000140989,0.00016163,0.000124377,0.000136361,0.000121808,0.000870535,0,0.000822378,0.000886723,0,0.000934763,0.50041,-0.00186905,-0.000728928,0.000751447,0.0019184,1788452400,-0.000916544,0.000884888,7.10384e-05,1,-0.000832727,0.000828453,0.000108548,1,0.00083701,0,0.000879239,1,0.000900989,4.32303e-06,0.000927481,1
1788452580,-0.00102652,5.61075e-05,6.01151e-05,-0.00106664,0.00112371,0.555136,0.000294033,0.000318056,0.077803,-0.00150896,-0.00107991,-0.000540181,-0.00012304,0.000145688,0.000334096,0.000718598,0.00125494,0.00160191,0.00033667,0.000290144,0.000288654,0.000290172,0.000316954,0.000295028,0.000299585,0.000297435,0.000773246,0,0.000666308,-0.000730626,0.000699029,0,0.499602,-0.00153602,-0.000593103,0.000611963,0.00155229,1788452400,0.000873062,4.79518e-05,0.000935698,1,0.000906957,3.68008e-05,0.000939381,1,-0.000833636,0.000864496,9.71078e-05,1,0.000836952,1.63188e-05,0.000851273,1
1788452640,-6.41926e-05,8.82581e-05,0.000697828,-0.000389231,0.00112185,0.550253,0.000100437,0.000108814,0.0618756,-0.00152707,-0.00109308,-0.000556245,-0.000132902,0.000129722,0.000313875,0.000701481,0.00124304,0.00158516,6.30237e-05,0.000114104,9.33795e-05,9.8012e-05,0.000125794,9.6474e-05,9.78403e-05,9.45367e-05,0.000768702,0,0.00064964,-0.000762624,0.000688816,0,0.490066,-0.00163366,-0.000643507,0.000616222,0.00157112,1788452400,0.000777493,2.11042e-05,0.000740192,1,0.000915662,4.03087e-05,0.000931503,1,0.000921181,3.35281e-05,0.000944009,1,-0.000857799,0.000851031,8.79596e-05,1
1788452700,-0.000931256,-0.000104322,6.82045e-05,-0.00148962,0.00111062,0.550374,0.000266542,0.000288446,0.0898731,-0.00151801,-0.00107624,-0.000554791,-0.000131345,0.000128814,0.000326108,0.000715875,0.00125553,0.00159749,0.000290251,0.000263265,0.000261859,0.000263918,0.000275097,0.000266325,0.000270898,0.00027153,0.000776366,0,0.000698743,-0.000794302,0.000810854,0,0.49928,-0.00167968,-0.00065692,0.000668522,0.00167298,1788452700,0.000786365,0,0.000789749,1,0.000777296,0,0.000775768,1,0.000922303,4.91968e-06,0.000941312,1,0.000922946,7.33377e-06,0.000932635,1
1788452760,5.62211e-05,-7.22889e-05,0.000505876,-0.000602567,0.00110731,0.546146,0.000103917,0.000106344,0.0814605,-0.00159923,-0.00112809,-0.000588661,-0.000148129,0.00012313,0.000321862,0.000733537,0.00129615,0.00165413,6.05216e-05,0.000110528,8.77391e-05,0.000112941,0.000113972,8.5798e-05,0.000106183,0.000100357,0.000804995,0,0.000771355,-0.000799206,0.000795384,4.74025e-05,0.499711,-0.00170743,-0.000658554,0.000675775,0.00165934,1788452700,0.000817218,5.16596e-06,0.000854013,1,0.000768653,7.59152e-06,0.000825582,1,0.000780088,1.48328e-05,0.000799657,1,0.000926892,2.8179e-05,0.000930253,1
1788452820,0.000152584,8.03103e-05,0.000381417,-0.00032934,0.00109621,0.548964,0.000101627,9.64018e-05,0.113435,-0.00144442,-0.00102297,-0.00053362,-0.000124686,0.000115415,0.000308977,0.000685987,0.00119632,0.00153029,6.75962e-05,0.000114249,8.78121e-05,0.000110346,0.000112838,7.65523e-05,9.90912e-05,0.000102157,0.000743619,0,0.000685633,0.000767258,1.7949e-05,0.000778028,0.502171,-0.00161846,-0.000627023,0.000654352,0.00160699,1788452700,0.000789825,1.91399e-05,0.00086411,1,0.000800453,1.03947e-05,0.000878271,1,0.000740389,4.71586e-05,0.000809762,1,0.000751791,3.65356e-05,0.000811209,1
1788452880,0.000281015,2.00751e-05,0.000281015,-0.000759135,0.00108541,0.551036,0.000110653,9.64097e-05,0.158383,-0.00134052,-0.000954023,-0.000490684,-0.000112612,0.00011285,0.000273296,0.000624285,0.00109951,0.00140802,8.8848e-05,0.000125479,0.000102919,0.000115875,0.000127384,9.13324e-05,0.000108073,0.000103242,0.000680041,0,0.000634715,-0.000707047,0.000630421,0,0.497513,-0.00149548,-0.00058144,0.000585954,0.00145927,1788452700,0.000783714,4.90332e-06,0.000844613,1,0.000807215,2.40603e-05,0.000878317,1,0.000808661,5.16447e-05,0.000899702,1,0.000752488,2.3883e-05,0.000804335,1
1788452940,0.000200677,8.02784e-06,0.000690159,-8.0282e-05,0.00107524,0.556482,9.81288e-05,9.17611e-05,0.210109,-0.00134714,-0.000960614,-0.000492922,-0.000102519,0.000127477,0.000289551,0.000641183,0.00113159,0.00144636,7.52073e-05,0.000113733,8.65661e-05,0.000112254,0.00010849,7.49922e-05,9.73848e-05,9.15253e-05,0.000693064,0,0.000685504,-0.000696765,0.000669537,1.82111e-05,0.497713,-0.00144942,-0.000569285,0.000586298,0.00145396,1788452700,0.000719859,0,0.000758987,1,0.000801452,1.53917e-05,0.000845298,1,0.000813322,3.4737e-05,0.000879931,1,0.000818058,4.91604e-05,0.000900153,1
1788453000,0.00145971,4.01312e-06,0.00154787,4.01312e-06,0.00106481,0.554623,0.000460696,0.000428693,0.278644,-0.0013757,-0.0010078,-0.000533679,-0.000109448,0.000126622,0.00028918,0.00063648,0.00110178,0.00142259,0.000534262,0.000435967,0.000519965,0.000422871,0.00050227,0.000565867,0.000475261,0.000482031,0.000711618,0,0.000690163,-0.00071869,0.000724402,0,0.495859,-0.00151004,-0.000619125,0.000577563,0.00142136,1788453000,0.000731502,1.51473e-05,0.000780868,1,0.000763732,1.72235e-05,0.000774794,1,0.000832249,2.11697e-05,0.000877154,1,0.000851543,3.42719e-05,0.000862116,1
1788453060,-0.000424862,0.000124218,0.000652973,-0.00101034,0.00107413,0.554207,0.000138545,0.000156364,0.0734062,-0.00139857,-0.0010019,-0.000527055,-0.000115518,0.000131658,0.000282402,0.00066341,0.00117081,0.00151376,0.000125483,0.000146589,0.000130874,0.000138291,0.000158892,0.000128909,0.000142828,0.000130181,0.00072325,7.49467e-06,0.000665218,-0.000752924,0.000786465,0,0.494355,-0.00154445,-0.000637872,0.000612497,0.00157343,1788453000,0.000758982,2.56844e-05,0.000801293,1,0.000767981,6.54365e-05,0.000774084,1,0.000790764,2.73414e-06,0.000804918,1,0.000834759,4.82732e-05,0.000856731,1
1788453120,0.000809486,0.000100219,0.000813492,-0.00032077,0.00106503,0.549966,0.000227065,0.000202817,0.088159,-0.001472,-0.00104796,-0.000546535,-0.000132676,0.000128242,0.000305088,0.000692988,0.00122058,0.00156797,0.000234975,0.000231345,0.000228722,0.000230326,0.000225428,0.000230275,0.000220446,0.000222858,0.000754931,0,0.000741263,-0.00079621,0.000845433,2.30135e-05,0.4973,-0.00167081,-0.00066844,0.000661705,0.00167876,1788453000,0.000807498,0,0.000831602,1,0.000801324,6.30764e-05,0.00076326,1,0.000798481,3.81516e-05,0.000818827,1,0.000785578,4.76888e-05,0.000769326,1
1788453180,4.00566e-05,-2.80405e-05,0.00060068,-0.000164249,0.00106052,0.55819,9.2058e-05,9.59348e-05,0.0758804,-0.00136749,-0.000979683,-0.000503418,-0.000102744,0.000137094,0.000300812,0.000670805,0.00117739,0.00151669,5.93516e-05,0.000102875,7.97669e-05,9.96561e-05,0.000101968,7.15653e-05,9.02686e-05,9.12444e-05,0.000717146,9.23347e-06,0.000674137,-0.00073732,0.00075737,0,0.498687,-0.00150605,-0.000606523,0.000618992,0.00157056,1788453000,0.000822754,9.56206e-05,0.000829548,1,0.000780323,8.68587e-05,0.000802069,1,0.000768878,1.92459e-05,0.000762256,1,0.000800676,8.78454e-05,0.00076912,1
1788453240,0.0005326,-1.20168e-05,0.0005326,-0.000228344,0.00104988,0.555559,0.000151945,0.00013622,0.0992345,-0.00132801,-0.000942514,-0.000484749,-0.000104792,0.000125758,0.000276605,0.000617333,0.00107992,0.00139682,0.00014981,0.000163538,0.000151558,0.000156663,0.000153581,0.000151818,0.000146111,0.000170216,0.000672909,4.45817e-05,0.000639893,-0.000709924,0.000688691,0,0.494773,-0.00150334,-0.00060282,0.000574691,0.00148594,1788453000,0.000780766,1.32652e-05,0.000795159,1,0.000818422,8.2015e-05,0.00085374,1,0.000773133,7.54213e-05,0.000816721,1,0.000686836,6.07161e-05,0.000806827,1
1788453300,-0.00121779,-0.000108099,-8.00721e-05,-0.00149039,0.00104205,0.564886,0.000371372,0.000404776,0.122268,-0.00126021,-0.000903612,-0.00044477,-7.72304e-05,0.000135007,0.000282655,0.00061333,0.00107616,0.00138734,0.000432101,0.000348641,0.000393272,0.000366032,0.000376418,0.000424934,0.000385957,0.00035329,0.000651278,4.55412e-05,0.000592598,-0.000682626,0.000669218,0,0.498975,-0.00142093,-0.000559596,0.000570568,0.00145718,1788453300,0.000721051,7.14173e-05,0.000708505,1,0.00076126,5.87413e-05,0.000775239,1,0.000801284,8.09395e-05,0.000872942,1,0.000749593,4.53303e-05,0.000788415,1
1788453360,-0.000408932,-4.00833e-06,0.000344656,-0.000416952,0.00104586,0.55331,0.000136198,0.000153083,0.0496571,-0.00142598,-0.00101072,-0.00051545,-0.000111905,0.000122995,0.00028984,0.000647383,0.0011645,0.00149051,0.000121152,0.000141195,0.000126873,0.000138273,0.000142759,0.000123332,0.000144102,0.000127653,0.000710484,3.40308e-05,0.000703002,-0.000736837,0.000734097,0,0.49704,-0.0015719,-0.000615091,0.000612933,0.00153965,1788453300,0.000703118,3.02058e-05,0.000680337,1,0.000715964,4.63072e-05,0.000754626,1,0.000765913,3.93214e-05,0.000803041,1,0.000811388,7.34221e-05,0.000881061,1
1788453420,9.22248e-05,2.80693e-05,0.00043699,-0.00065785,0.00103696,0.557426,8.57626e-05,8.23479e-05,0.0556613,-0.00127001,-0.000901459,-0.000452129,-9.34802e-05,0.000120495,0.000263629,0.000585778,0.00104051,0.00133956,6.21539e-05,0.000102619,8.04214e-05,8.59386e-05,9.77822e-05,7.01801e-05,8.13733e-05,8.3878e-05,0.000635964,1.50008e-05,0.000549843,-0.000670956,0.000657094,0,0.496972,-0.00142645,-0.000558359,0.000552642,0.00139321,1788453300,0.000716108,8.70289e-05,0.000736365,1,0.000692568,3.43866e-05,0.000683758,1,-0.000710527,0.000765017,6.73459e-05,1,0.000729169,6.45407e-05,0.000759134,1
1788453480,0.0005692,8.01915e-06,0.00099789,-8.82149e-05,0.00102662,0.553393,0.000160764,0.000141733,0.0663272,-0.00129157,-0.000910292,-0.000461882,-0.000100962,0.00011096,0.000263676,0.000600268,0.00106141,0.0013563,0.000159807,0.000167303,0.000161702,0.000162661,0.000171054,0.000161653,0.00015412,0.000161136,0.000649117,0,0.000687007,-0.000708366,0.00068401,4.31325e-05,0.498691,-0.00149137,-0.000587431,0.000594301,0.00147671,1788453300,0.00067257,5.03118e-05,0.000655694,1,0.000711716,4.37309e-05,0.000762969,1,0.000703426,1.87654e-05,0.000702829,1,0.000699984,5.72401e-05,0.000784706,1
1788453540,-0.00117884,2.40436e-05,5.20937e-05,-0.00118286,0.00101949,0.557387,0.000353668,0.000384275,0.067552,-0.00126395,-0.00090699,-0.000459226,-9.08227e-05,0.00011682,0.000268641,0.000587791,0.00104302,0.00134829,0.000413172,0.000337163,0.000377742,0.000345871,0.000346318,0.000409022,0.000359438,0.000344796,0.000641147,4.33753e-05,0.000631107,-0.000690141,0.000686153,0,0.495694,-0.00145128,-0.000585249,0.000561063,0.00143198,1788453300,-0.000680963,0.000715196,9.38516e-05,1,0.000642307,1.13959e-05,0.000685791,1,0.000696759,5.90234e-05,0.000749797,1,0.00067398,5.55562e-05,0.000670065,1
1788453600,0.000128377,-8.0241e-06,0.000413154,-0.000433394,0.00102292,0.548885,8.99352e-05,8.34568e-05,0.0417439,-0.00131944,-0.000940674,-0.000483056,-0.000108996,0.000100327,0.000250783,0.000568907,0.00103405,0.00133478,6.42258e-05,0.000102938,8.41679e-05,8.77341e-05,9.7661e-05,7.57759e-05,8.76348e-05,9.43811e-05,0.00064044,0,0.000591096,-0.00070521,0.000636043,0,0.492203,-0.00150584,-0.000600377,0.000565974,0.00143603,1788453600,-0.00068116,0.000727627,4.57052e-05,1,0.000703888,5.59629e-05,0.000770094,1,0.00064515,6.31809e-05,0.000685682,1,0.000722669,4.36035e-05,0.000753345,1
1788453660,-0.000312948,0.000132371,0.000172481,-0.000991337,0.0010128,0.560287,0.000113203,0.000128373,0.0510145,-0.00122181,-0.000880305,-0.00044038,-8.11616e-05,0.000117061,0.000256856,0.000581792,0.00102636,0.00132119,9.87459e-05,0.000121991,0.000106188,0.000114176,0.000105559,9.74775e-05,0.000117253,0.000110526,0.000626059,0,0.000599011,0.000662484,0,0.000634443,0.500074,-0.00138294,-0.000542148,0.000558509,0.00138918,1788453600,0.000676121,6.8259e-05,0.000709749,1,0.000687936,5.73302e-05,0.000719311,1,0.000730516,5.20739e-05,0.000790827,1,0.000652537,3.2664e-05,0.000721538,1
1788453720,-0.000292976,-3.21027e-05,0.000112351,-0.000565962,0.00100359,0.552506,0.00010939,0.000123395,0.0616778,-0.00125159,-0.000895685,-0.00044613,-9.98716e-05,0.000105973,0.000250344,0.000576646,0.00103732,0.00132636,9.53704e-05,0.000117683,0.000100266,0.000116451,9.68229e-05,9.15075e-05,0.000107618,0.000111188,0.000626106,0,0.00065176,-0.000679226,0.000616784,3.73904e-05,0.493642,-0.0014377,-0.000569149,0.000560038,0.0014064,1788453600,-0.000652108,0.000695532,5.6051e-05,1,0.00069068,3.22703e-05,0.000726457,1,0.000697343,5.01162e-05,0.000725138,1,0.000763637,6.23102e-05,0.000764289,1
1788453780,-0.000803113,-2.007e-05,0.000325077,-0.000803113,0.000994372,0.55396,0.000227578,0.000246239,0.0724977,-0.00113621,-0.000809451,-0.000399186,-8.81151e-05,9.86097e-05,0.000224209,0.000518891,0.000937688,0.00120777,0.000241669,0.000227034,0.000227866,0.000227007,0.000205187,0.000240371,0.000233107,0.000227951,0.000562622,0,0.000529811,-0.000617621,0.000532619,0,0.493336,-0.00130164,-0.000515187,0.000499418,0.00125895,1788453600,0.000647408,4.76869e-05,0.000732163,1,0.000660264,3.73694e-05,0.000700426,1,0.000665326,3.29531e-05,0.000696329,1,0.000696364,2.77454e-05,0.000721837,1
1788453840,-0.00012454,-4.01719e-06,0.000369512,-0.00028526,0.000990908,0.551705,8.46356e-05,9.13338e-05,0.0620873,-0.00121093,-0.000855382,-0.000427749,-9.76496e-05,0.000100301,0.000237299,0.000544294,0.000970729,0.00125091,6.73372e-05,9.91421e-05,7.53801e-05,9.19369e-05,7.74113e-05,6.50505e-05,8.2957e-05,7.83474e-05,0.000594709,0,0.000548117,-0.000666924,0.000639229,0,0.494148,-0.00144137,-0.000565837,0.000543292,0.0013617,1788453600,0.00061445,3.40371e-05,0.000641583,1,0.000671845,6.61799e-05,0.000729197,1,0.000689063,3.92507e-05,0.000722739,1,0.000672814,2.71379e-06,0.000699279,1
1788453900,0.000971806,-1.60708e-05,0.00112432,-0.000237071,0.000981107,0.543165,0.000277098,0.000255389,0.0736481,-0.00122729,-0.000893327,-0.000454792,-0.000116873,8.57826e-05,0.000234993,0.000557557,0.00097461,0.00124869,0.000297367,0.000276045,0.000294425,0.000274877,0.000322614,0.0003142,0.000277232,0.00029145,0.000616805,0,0.000615406,-0.000630718,0.000594467,1.50751e-05,0.495704,-0.00133485,-0.000539188,0.000509488,0.00123184,1788453900,0.000641851,6.29913e-05,0.000672006,1,0.000635981,2.68308e-05,0.000653103,1,0.000681996,6.12809e-05,0.000732679,1,0.000691392,5.04047e-05,0.0007102,1
1788453960,0.000581828,3.61233e-05,0.000758316,-0.000220782,0.000980922,0.54808,0.00016363,0.00014497,0.0487791,-0.00122249,-0.000883919,-0.000438744,-0.000107899,9.62861e-05,0.000244165,0.000564721,0.00101079,0.00129813,0.000163043,0.00016748,0.000165211,0.000166215,0.000185068,0.000164702,0.000154561,0.000164131,0.000614381,8.2823e-06,0.000608411,-0.000673356,0.000675015,0,0.496489,-0.00142186,-0.00056959,0.000555055,0.00139192,1788453900,0.000631027,2.88553e-05,0.000703754,1,-0.000644772,0.000664443,4.20678e-05,1,0.00064512,2.60153e-05,0.000661424,1,0.000724359,5.16166e-05,0.000710408,1
1788454020,0.000785933,-3.61036e-05,0.000834032,-3.61036e-05,0.000974543,0.547221,0.000222547,0.000202471,0.0523512,-0.00117944,-0.000852198,-0.000430655,-0.000108586,9.36632e-05,0.000233809,0.000545952,0.00096083,0.00125225,0.00022478,0.000224123,0.000221854,0.000222604,0.000236689,0.000229781,0.000215274,0.000233203,0.00059628,0,0.000560957,-0.000647126,0.000604188,0,0.498514,-0.00135604,-0.000541482,0.000532906,0.00133926,1788453900,-0.000692109,0.000697744,3.43193e-05,1,0.000668788,4.67778e-05,0.000661978,0,0.000644666,4.66155e-05,0.000668959,1,0.000646002,3.009e-05,0.000651837,1
1788454080,0.000280541,-4.0083e-06,0.000464853,-6.41347e-05,0.00097113,0.553505,0.000101855,8.84106e-05,0.0536641,-0.00114062,-0.000832656,-0.000409487,-9.31306e-05,0.0001027,0.000237662,0.000538232,0.000933701,0.00121966,8.78659e-05,0.000113991,9.90741e-05,0.000101249,0.000108573,9.08809e-05,9.43776e-05,0.000110454,0.000581717,0,0.000484549,-0.000630174,0.000609376,0,0.499833,-0.00131535,-0.000524309,0.000520003,0.00131175,1788453900,-0.000681449,0.000701708,0,1,0.00069304,4.85452e-05,0.000696401,1,0.00065608,2.67811e-05,0.000651204,1,0.000674796,4.23213e-07,0.000700548,1
1788454140,-0.000412823,3.20568e-05,0.000188319,-0.000962182,0.000962188,0.556881,0.000121556,0.000138289,0.0648788,-0.00109526,-0.000787414,-0.000388464,-8.48606e-05,0.000106868,0.00023647,0.000508067,0.000883517,0.00115827,0.000123019,0.000133786,0.000118241,0.000120588,0.000120907,0.000117462,0.000125538,0.000116312,0.000551548,0,0.000458997,-0.000579623,0.000522593,0,0.49966,-0.00121408,-0.000476392,0.000474005,0.00119359,1788453900,0.000694103,3.23302e-06,0.000634577,1,0.000703727,3.4413e-05,0.000672218,1,0.000716622,4.83872e-05,0.000703861,1,0.000619125,4.05004e-05,0.000702696,1
1788454200,8.01761e-06,-3.608e-05,0.000424845,-0.000148337,0.000954305,0.554227,7.57535e-05,8.0472e-05,0.0619591,-0.00115289,-0.000819061,-0.000410591,-9.41245e-05,0.000106987,0.000249182,0.000548703,0.000959763,0.0012418,5.88886e-05,8.71666e-05,6.45436e-05,8.63409e-05,7.60484e-05,5.66707e-05,7.45955e-05,6.97991e-05,0.000588328,0,0.000573128,-0.000656457,0.000641394,0,0.499876,-0.00137255,-0.000540933,0.000554843,0.00138026,1788454200,0.00064344,1.65182e-05,0.000561486,1,0.000689085,7.52712e-06,0.000631662,1,0.000715206,5.51256e-06,0.000690127,1,0.000741511,1.18496e-05,0.000707898,1
1788454260,-0.000368876,-4.00887e-05,-4.00887e-05,-0.00060551,0.000944715,0.558726,0.000112835,0.000126105,0.0764405,-0.00104754,-0.000740873,-0.000364038,-7.46026e-05,0.000100769,0.000223884,0.000493302,0.000853697,0.00110897,0.0001107,0.000124685,0.000106609,0.000114573,0.000109446,0.000105293,0.00011368,0.000110128,0.000527295,0,0.000464201,-0.000564481,0.000531434,0,0.498312,-0.00119016,-0.000467091,0.000462431,0.00116092,1788454200,0.000713395,3.59362e-05,0.000682909,1,0.000640511,0,0.000597292,1,0.000696978,0,0.000647499,1,0.000707496,9.60108e-06,0.000682133,1
1788454320,0.000689528,4.01026e-06,0.000833788,0,0.000936674,0.55282,0.000195336,0.000176561,0.0749227,-0.0010186,-0.000718337,-0.000355452,-7.98593e-05,8.52098e-05,0.00020166,0.000469138,0.000832007,0.00107825,0.000192636,0.000196922,0.000194491,0.000194892,0.000206048,0.000197803,0.000196069,0.000192639,0.000505078,0,0.000458396,-0.000533127,0.000431319,0,0.488268,-0.00113871,-0.00044593,0.00042164,0.00108318,1788454200,0.00060628,3.24322e-05,0.000573699,1,0.0006975,2.05355e-05,0.000705986,1,0.000646858,0,0.000624903,1,0.000662741,0,0.000640092,1
1788454380,-0.000368758,4.00742e-05,0.000272473,-0.00100639,0.000932373,0.55717,0.000113222,0.000125955,0.070477,-0.00105046,-0.000749495,-0.000375623,-7.5874e-05,9.62975e-05,0.000222719,0.000498619,0.000863151,0.00112786,0.000110857,0.000123644,0.000106489,0.000113002,0.000110562,0.000104992,0.000115778,0.000109976,0.000535672,0,0.000460863,-0.000552158,0.000536494,0,0.488349,-0.00118577,-0.000475944,0.000436123,0.00113981,1788454200,0.000554752,1.90428e-05,0.000539107,1,-0.000596668,0.000597992,1.57455e-05,1,0.000695482,2.88089e-05,0.000731121,1,0.000621111,1.31822e-05,0.000624313,1
1788454440,0.000272573,3.20713e-05,0.00054908,-0.000128296,0.000924474,0.545406,0.000100514,8.85678e-05,0.0697416,-0.00114311,-0.000806806,-0.00041339,-0.000108739,8.73619e-05,0.000233865,0.000533391,0.000935673,0.00121311,8.6759e-05,0.000107922,8.92428e-05,0.00011096,0.000102285,8.67261e-05,9.87179e-05,9.70753e-05,0.000577824,0,0.000604342,-0.000606564,0.000571005,2.19685e-05,0.483709,-0.00131948,-0.00053329,0.000481913,0.00126132,1788454200,0.000585951,2.12504e-05,0.000575311,1,0.000567537,1.5139e-05,0.000563882,1,-0.000612314,0.000640342,3.00242e-05,1,-0.000710069,0.000746102,2.30936e-05,1
1788454500,-2.00396e-05,-8.01581e-06,0.000564953,-2.80556e-05,0.000915994,0.55656,6.85845e-05,7.26047e-05,0.0840431,-0.0010181,-0.000722551,-0.000361414,-7.7623e-05,9.62953e-05,0.000224131,0.000484058,0.000847784,0.00110535,6.04136e-05,8.35654e-05,5.77154e-05,7.5144e-05,6.87077e-05,5.58275e-05,6.6437e-05,6.2861e-05,0.000519275,0,0.000472221,-0.000534506,0.000500093,0,0.48565,-0.00114328,-0.000463495,0.00041706,0.00110366,1788454500,0.000628034,6.16231e-05,0.00066023,1,0.000581863,2.95535e-05,0.000570992,1,0.000577168,3.46206e-05,0.000571795,1,-0.000618485,0.00064085,4.78263e-05,1
1788454560,-0.000304652,8.0159e-06,0.000332606,-0.000308661,0.000906792,0.556468,9.96321e-05,0.00011135,0.0979371,-0.000995257,-0.000707334,-0.000349329,-7.36494e-05,9.08316e-05,0.000215004,0.000463558,0.000810704,0.00106309,9.78457e-05,0.000110348,9.05033e-05,0.000103704,9.75029e-05,8.99776e-05,9.98602e-05,9.58088e-05,0.0005001,1.72689e-06,0.000448224,-0.000532354,0.000495587,0,0.486064,-0.00116112,-0.000468212,0.000410264,0.00109121,1788454500,0.000576048,3.58729e-05,0.000567706,1,0.000654943,5.95643e-05,0.000666418,1,0.000604835,4.43567e-05,0.000580151,1,0.000606136,2.57859e-05,0.00057711,1
1788454620,-0.000276672,5.21181e-05,9.62159e-05,-0.000585513,0.000898712,0.553598,9.39323e-05,0.000104627,0.104872,-0.000976228,-0.000689001,-0.000336428,-7.56201e-05,8.31961e-05,0.000205237,0.000452608,0.000806975,0.00105291,9.29225e-05,0.000104845,8.46513e-05,9.87194e-05,9.07284e-05,8.47346e-05,9.33621e-05,9.04975e-05,0.000485645,0,0.000419198,-0.000513588,0.000457076,0,0.481327,-0.00111356,-0.000451832,0.000389626,0.00104789,1788454500,0.000563671,5.97851e-05,0.000538328,1,0.000582812,2.88576e-05,0.000576442,1,0.000663459,5.97481e-05,0.000676934,1,0.000619516,1.46758e-05,0.000593457,1
1788454680,0.000425001,8.02056e-06,0.000497153,-0.000469315,0.00089054,0.551821,0.000119479,0.000106137,0.116921,-0.000961726,-0.000677689,-0.000320116,-7.59248e-05,7.78339e-05,0.000198329,0.00045819,0.000818711,0.00105952,0.000118943,0.000129837,0.000120486,0.000124837,0.000129511,0.000121387,0.000114617,0.000116563,0.000480094,0,0.000444702,-0.000487753,0.000423201,0,0.481234,-0.00105283,-0.00041906,0.000376593,0.00100233,1788454500,0.000549695,4.9384e-05,0.000521169,1,-0.000568755,0.000588163,9.69517e-06,1,0.000601026,3.92517e-05,0.000596456,1,0.000706647,3.88405e-05,0.000687141,1
1788454740,-0.000204459,-2.40519e-05,0.000192394,-0.00040094,0.000883636,0.55426,8.36832e-05,9.38647e-05,0.112313,-0.000983302,-0.000693739,-0.000327264,-7.44597e-05,8.41358e-05,0.000211981,0.000469302,0.000838207,0.00108815,8.11269e-05,9.13963e-05,7.13347e-05,8.97357e-05,7.8571e-05,7.2608e-05,8.55882e-05,8.29107e-05,0.000492852,0,0.00048541,-0.000518667,0.000492421,0,0.481306,-0.00111533,-0.000452393,0.000408161,0.00109198,1788454500,0.00050672,4.04256e-05,0.000519264,1,0.000546927,2.17084e-05,0.000552788,1,-0.000579244,0.00063095,1.65196e-05,1,0.000603277,2.69453e-05,0.000608891,1
1788454800,-0.000786154,0.000116266,0.000116266,-0.000870422,0.000875232,0.528182,0.000215746,0.000231257,0.115876,-0.00107747,-0.0008048,-0.000409309,-0.000129331,4.93776e-05,0.000191038,0.000482635,0.000878663,0.00113052,0.000235912,0.000221779,0.000246576,0.000223228,0.000217698,0.000241327,0.000198212,0.000217721,0.000541819,5.62264e-06,0.000695422,-0.00055348,0.000542254,9.27534e-05,0.46632,-0.00120628,-0.00051741,0.000401003,0.0010882,1788454800,0.000538513,3.54518e-05,0.000583995,1,0.000525252,3.81875e-05,0.000527987,1,0.000546063,5.76604e-05,0.000557528,1,-0.000598947,0.00061172,4.87495e-05,1
1788454860,0.000577643,0,0.000914447,-4.01265e-05,0.00087354,0.545159,0.000163816,0.000148315,0.0710622,-0.000973862,-0.000693713,-0.000331951,-8.5435e-05,6.74745e-05,0.000188244,0.000442007,0.000812157,0.00104952,0.000161317,0.000165103,0.000162985,0.000163718,0.000175456,0.000163096,0.000162387,0.000164838,0.000475961,0,0.000441941,-0.000532039,0.000480688,0,0.4773,-0.0011689,-0.000469795,0.000411425,0.00110597,1788454800,-0.000633985,0.000667191,3.42044e-05,1,0.000555022,6.43147e-05,0.000568839,1,0.000543637,6.43735e-05,0.000536498,1,-0.000565054,0.000577452,3.34999e-05,1
1788454920,-0.000533506,-0.000108283,-6.81766e-05,-0.000742172,0.00086861,0.54933,0.000155149,0.000170214,0.0577402,-0.00101253,-0.000718474,-0.000347158,-8.66107e-05,8.09379e-05,0.000216551,0.000479963,0.000856031,0.00110681,0.00015726,0.000151713,0.000150514,0.000152091,0.000143337,0.000150772,0.000162502,0.000159954,0.000509819,1.10449e-05,0.000486317,-0.000553176,0.000560699,0,0.484651,-0.00120254,-0.000482583,0.000441958,0.00117387,1788454800,0.00055226,3.80244e-05,0.000558425,1,0.000712113,5.39108e-05,0.000652735,1,0.000581705,7.30303e-05,0.000584957,1,0.000584883,3.36717e-05,0.000555506,1
1788454980,0.000513454,-7.62383e-05,0.000589647,-0.000112353,0.000863184,0.53953,0.000147244,0.000131601,0.0541463,-0.000992211,-0.000700289,-0.000349279,-9.97619e-05,6.29596e-05,0.000187212,0.000447942,0.000811631,0.00105017,0.000143033,0.000146951,0.000145146,0.000145775,0.00015663,0.000145175,0.000149272,0.00014873,0.000487069,0,0.000471602,-0.000526889,0.000431955,0,0.478491,-0.00116968,-0.00046422,0.000408448,0.00109647,1788454800,-0.000586474,0.00059023,6.53755e-06,1,0.000552648,1.80854e-05,0.000570682,1,-0.000698896,0.000668269,0,1,0.000623508,4.27433e-05,0.000585673,1
1788455040,0.000601369,7.21833e-05,0.000785716,-0.000100263,0.000857588,0.550087,0.000169239,0.000152344,0.050911,-0.000937082,-0.00066456,-0.000327746,-7.70728e-05,7.38998e-05,0.000196808,0.000444854,0.000790417,0.00102465,0.000167053,0.000171111,0.000169488,0.000169903,0.000177091,0.000169579,0.000165653,0.000171019,0.000474225,0,0.000403987,-0.000521335,0.000486469,0,0.489269,-0.00111351,-0.000444776,0.000417886,0.00109389,1788454800,0.000556912,3.88934e-06,0.000537402,1,0.000574698,1.13764e-05,0.000584657,1,0.00054768,4.41869e-05,0.000554465,1,-0.000596083,0.000597691,6.36375e-05,1
1788455100,0.00090538,-5.21043e-05,0.00090538,-0.000260549,0.000853218,0.543623,0.000266279,0.000245754,0.047942,-0.000999625,-0.000712753,-0.000360271,-9.72129e-05,7.25789e-05,0.000207653,0.000474564,0.000827591,0.00108767,0.000270025,0.000255536,0.000278383,0.000259994,0.000273181,0.000279314,0.000265476,0.000268535,0.000510375,0,0.000495963,-0.000559708,0.000514368,0,0.486393,-0.00119691,-0.000484662,0.000445585,0.00118777,1788455100,-0.000578754,0.000542672,0,0,0.000576734,0,0.000563626,0,-0.000595411,0.000631911,0,1,0.000577487,0,0.000577828,1
1788455160,-0.00147868,-8.80983e-05,-8.80983e-05,-0.00219275,0.000854293,0.545738,0.0005247,0.000557856,0.0472927,-0.00106202,-0.000765836,-0.000381994,-9.9659e-05,8.11238e-05,0.000231651,0.000517159,0.000893223,0.0011858,0.000564907,0.000509318,0.000552226,0.000519466,0.00054209,0.000559124,0.000517942,0.00050453,0.000551406,2.06171e-05,0.000537052,-0.000590317,0.00061407,0,0.488094,-0.00125007,-0.000506329,0.000480458,0.00129568,1788455100,-0.000605443,0.000585816,0,1,0.000582109,0,0.000554492,1,0.000578463,5.50632e-06,0.000560199,1,-0.000622053,0.000616833,0,1
1788455220,0.000400941,-2.80719e-05,0.000493135,-2.80719e-05,0.000871177,0.537952,0.000129596,0.000118474,0.0462368,-0.00134851,-0.000942762,-0.000470694,-0.000134613,8.02071e-05,0.000263417,0.000600668,0.00107916,0.00143407,0.000111022,0.000124961,0.000124534,0.000137552,0.000124882,0.000132131,0.000129867,0.000126481,0.000655808,1.07526e-05,0.000688767,-0.00069852,0.00074025,7.91678e-06,0.494693,-0.00147018,-0.000576807,0.000574565,0.00146943,1788455100,0.000658925,2.78928e-06,0.000610273,1,0.000618,7.21869e-06,0.000596004,1,0.000598801,0,0.000564289,1,0.000606571,0,0.000567831,1
1788455280,3.60768e-05,0,0.000456877,-0.000188422,0.000864283,0.548361,7.23164e-05,7.27515e-05,0.0443713,-0.001111,-0.000778293,-0.000376104,-8.87056e-05,7.98358e-05,0.00023063,0.000507331,0.000910795,0.00119664,5.85384e-05,7.88948e-05,7.59131e-05,6.9722e-05,7.36073e-05,7.53981e-05,7.0285e-05,6.8254e-05,0.000544615,0,0.000445108,-0.000548191,0.000520649,0,0.490991,-0.00117265,-0.000461589,0.000446226,0.00116958,1788455100,0.000712955,4.73834e-05,0.000742457,1,0.000642413,2.61534e-05,0.000593167,1,-0.000626638,0.000619348,0,1,0.000583412,0,0.000551074,1
1788455340,0.000272539,0,0.000565034,-0.000384887,0.000855612,0.540494,9.97409e-05,8.8114e-05,0.0443692,-0.00113429,-0.000794805,-0.000393236,-0.00010795,7.11311e-05,0.000220384,0.000501848,0.000896091,0.00118519,8.59278e-05,0.000101835,9.71794e-05,0.000101509,0.000100188,9.21273e-05,0.000103594,9.61076e-05,0.00054851,0,0.000547014,-0.000587962,0.000514441,0,0.482675,-0.00128437,-0.000516016,0.000461218,0.00124235,1788455100,0.00061128,0,0.000559896,1,-0.000719502,0.000709098,4.53771e-05,1,0.000651865,1.98763e-05,0.000605963,1,0.000631897,0,0.000601153,1
1788455400,0.000344575,0,0.000737085,-4.00738e-06,0.000847889,0.54652,0.000111336,9.89473e-05,0.0480691,-0.00112903,-0.00079808,-0.00039716,-9.90746e-05,8.32309e-05,0.000240504,0.000518504,0.000931767,0.00123198,9.78989e-05,0.000113006,0.000106604,0.000118516,0.00011034,0.000100232,0.00011443,0.00010545,0.00056258,0,0.000584853,-0.000605319,0.000578989,0,0.486115,-0.00128031,-0.000521078,0.000484466,0.00129446,1788455400,-0.000614799,0.000597626,0,1,-0.000582283,0.000523009,0,1,-0.000697627,0.00066178,5.86308e-05,1,0.000655307,1.17238e-06,0.000622059,1
1788455460,0.000248341,-4.006e-06,0.000432554,-0.000492859,0.000840781,0.550036,9.32214e-05,8.00772e-05,0.0544727,-0.00108757,-0.000773157,-0.000380808,-8.95299e-05,8.62901e-05,0.000236018,0.000492266,0.000883704,0.00117589,8.17588e-05,9.62683e-05,8.85807e-05,9.81498e-05,9.22265e-05,8.25126e-05,9.46906e-05,9.21763e-05,0.000537877,9.02383e-06,0.000519989,-0.000563928,0.000541549,0,0.484249,-0.00121912,-0.000495993,0.0004416,0.00120342,1788455400,-0.000655905,0.000635644,5.49323e-06,1,-0.000629711,0.000610611,1.34666e-05,1,-0.000595593,0.000548298,0,1,-0.000715197,0.000699784,1.42569e-05,1
1788455520,-8.81138e-05,4.00492e-05,0.000196226,-0.000476708,0.000833071,0.553509,7.48437e-05,7.92053e-05,0.0664376,-0.00105126,-0.000746183,-0.000365351,-8.39316e-05,9.27644e-05,0.000242023,0.000491637,0.00087857,0.00117119,6.427e-05,7.85831e-05,6.62055e-05,8.06322e-05,7.12407e-05,5.76766e-05,7.9191e-05,7.54086e-05,0.000529963,0,0.000548074,-0.000509872,0.000526648,0,0.486363,-0.00108214,-0.000437133,0.000412374,0.00111523,1788455400,-0.000603165,0.00060165,0,1,-0.000669394,0.00066537,0,1,-0.000631113,0.000617785,2.21628e-05,1,-0.000570275,0.000549813,0,1
1788455580,0.000856778,-9.6133e-05,0.000996835,-0.000132185,0.000824792,0.551558,0.000245294,0.000223886,0.0821955,-0.00100341,-0.000706998,-0.000338389,-8.21835e-05,8.39576e-05,0.000222661,0.000464125,0.000837562,0.00110773,0.000250764,0.000241595,0.000257707,0.000241036,0.000248925,0.000272716,0.000242484,0.000240333,0.000497232,0,0.000513482,-0.000464276,0.000448606,0,0.486488,-0.000978063,-0.000391687,0.000370641,0.00100334,1788455400,0.000548954,4.11773e-05,0.000549049,1,-0.000614964,0.000602026,0,1,-0.00067198,0.000649191,0,1,-0.000644867,0.000638851,7.63815e-06,1
1788455640,0.000320102,-3.60179e-05,0.000364109,-0.000260159,0.000825444,0.553657,0.000104131,9.03917e-05,0.0622781,-0.00105722,-0.000753578,-0.0003667,-8.32573e-05,9.2574e-05,0.000245988,0.000499091,0.000893818,0.00119801,9.34997e-05,0.000106927,9.92916e-05,0.000107977,9.96556e-05,9.57373e-05,0.000105406,0.00010466,0.000536079,4.38109e-05,0.000513204,-0.000539934,0.000590351,0,0.485089,-0.00114634,-0.000470428,0.000432623,0.00118941,1788455400,0.000493849,4.52059e-05,0.000493489,1,0.00055854,5.27403e-05,0.000552897,1,-0.000617841,0.000602446,0,1,-0.000655506,0.00065346,0,1
1788455700,-0.000332108,-4.00065e-06,0.000148013,-0.000416153,0.000818401,0.54563,0.000108082,0.000120449,0.0759231,-0.00109846,-0.000803096,-0.000399771,-0.000103878,8.44307e-05,0.000244793,0.00049716,0.000897422,0.00117734,0.000103111,0.000108642,0.000100094,0.000114374,0.000107876,9.6839e-05,0.000111537,0.000107295,0.000551611,0,0.000572791,-0.000540875,0.000510983,0,0.480376,-0.00115282,-0.000483551,0.000418373,0.0011422,1788455700,0.000585199,1.30068e-05,0.000565938,1,0.000511262,4.49558e-05,0.000508885,1,0.000575592,6.13724e-05,0.000579328,1,-0.000603249,0.00058596,1.63237e-06,1
1788455760,-0.000112061,0.000152063,0.000488121,-0.000328215,0.000811536,0.554702,6.92946e-05,7.71889e-05,0.0737102,-0.000966612,-0.00067722,-0.000324331,-7.57463e-05,8.75519e-05,0.000221021,0.000437673,0.000801116,0.00106412,6.63072e-05,7.74679e-05,6.43866e-05,7.15348e-05,7.20413e-05,6.13344e-05,6.94139e-05,6.68422e-05,0.00047347,0,0.000428852,-0.000480023,0.00044218,0,0.480808,-0.00102594,-0.000419853,0.000370603,0.00104758,1788455700,0.000575323,5.73563e-06,0.000584706,1,0.00056125,4.02534e-05,0.000553713,1,0.000526311,6.10209e-05,0.000533114,1,0.000602095,5.44344e-05,0.000588844,1
1788455820,0.00053618,5.20301e-05,0.00138788,5.20301e-05,0.000803536,0.55552,0.000149578,0.000130837,0.0891866,-0.000945372,-0.000660658,-0.00031149,-7.52633e-05,8.99327e-05,0.000227247,0.000449531,0.000812733,0.00105925,0.000148099,0.000152165,0.000151027,0.000151708,0.000147403,0.000151872,0.000146192,0.000146849,0.000475003,7.32599e-06,0.000438604,-0.000511081,0.000519844,0,0.482494,-0.00109366,-0.000447414,0.00040469,0.00111982,1788455700,0.000508566,4.12779e-05,0.00046783,1,0.000617913,5.1395e-05,0.000544597,1,0.000571981,5.73787e-05,0.000561237,1,0.000552359,5.54884e-05,0.000545234,1
1788455880,-0.000504161,-4.00028e-06,0.000128001,-0.000680278,0.000799066,0.554026,0.00014748,0.000165761,0.096328,-0.00105013,-0.000740326,-0.000359037,-8.58351e-05,9.71108e-05,0.000255175,0.000504512,0.000896506,0.00118553,0.000150416,0.000143997,0.000143103,0.000146155,0.000150557,0.000142733,0.000155256,0.000147967,0.000536393,0.000123537,0.000538847,-0.000567202,0.000673524,0,0.490856,-0.00119512,-0.000486174,0.000461594,0.00125402,1788455700,0.000529608,3.61205e-05,0.000525323,1,0.000508817,1.56853e-05,0.000495454,1,0.000591037,0,0.000536776,1,0.000588476,2.08895e-05,0.000578497,1
1788455940,-0.000472382,-4.0023e-06,0.000176085,-0.000628557,0.000794242,0.545735,0.000133893,0.00015081,0.0662448,-0.000984414,-0.000685859,-0.000342887,-9.31468e-05,7.58284e-05,0.000217096,0.000449474,0.000813239,0.00106275,0.000141177,0.000135,0.000134001,0.000135599,0.000137758,0.000133813,0.000132509,0.000131115,0.00048771,0,0.000471351,-0.000483978,0.000440323,0,0.483971,-0.00102686,-0.000419608,0.000378093,0.00103259,1788455700,0.00057308,5.48631e-05,0.000579128,1,-0.00052257,0.000548216,1.81566e-05,1,0.000500368,3.60831e-05,0.000495713,1,0.000539119,4.3331e-05,0.000546813,1
1788456000,0.000552424,-8.00839e-06,0.000576436,-0.00040851,0.000789092,0.546798,0.000156296,0.000138542,0.0576173,-0.000966364,-0.000672692,-0.000342222,-8.91706e-05,7.5662e-05,0.000217094,0.000450059,0.000813848,0.001065,0.000152483,0.000156741,0.000155552,0.000156381,0.00015524,0.000156014,0.000157268,0.000155455,0.000486565,0,0.000463696,-0.00048711,0.000465369,0,0.488866,-0.0010253,-0.00041464,0.000390136,0.00103767,1788456000,0.000489147,3.423e-05,0.000504539,1,-0.00054581,0.000591752,3.17287e-05,1,0.000524522,5.59443e-05,0.00054588,1,0.000499113,2.52016e-05,0.000516139,1
1788456060,-0.000144081,0,0.000416118,-0.000276174,0.000785058,0.548133,7.5477e-05,8.53126e-05,0.0501607,-0.00100485,-0.000708981,-0.000356449,-9.23014e-05,8.27426e-05,0.000234304,0.000480056,0.00085694,0.00112038,7.17407e-05,7.62857e-05,6.55779e-05,8.68965e-05,7.34187e-05,6.56084e-05,7.81161e-05,7.418e-05,0.000515139,7.24253e-06,0.00052567,-0.000516761,0.000517085,0,0.487576,-0.00109002,-0.00044391,0.000417662,0.0011191,1788456000,-0.000496396,0.000514295,2.05385e-05,1,0.000504683,3.19395e-05,0.000524532,1,-0.000552092,0.000637194,2.8934e-05,1,-0.000543888,0.000579756,2.35647e-05,1
1788456120,4.00254e-06,-4.00255e-06,0.000196106,-0.000320255,0.000777435,0.542298,6.42818e-05,6.78448e-05,0.054221,-0.000977759,-0.000682442,-0.000349551,-0.000101524,7.21423e-05,0.000216982,0.000448944,0.000796585,0.00105433,5.89055e-05,6.69984e-05,5.30606e-05,7.45997e-05,6.30134e-05,5.49779e-05,6.5025e-05,6.43391e-05,0.000489753,6.15547e-07,0.000473809,-0.000492844,0.000464311,0,0.485218,-0.00105184,-0.000431657,0.000384501,0.00105253,1788456000,-0.00053124,0.00051771,3.17367e-05,1,-0.00050163,0.000513072,2.66918e-05,1,-0.000495569,0.00052901,2.41718e-05,1,-0.000590405,0.00061267,4.17872e-05,1
1788456180,-0.000120083,-4.40288e-05,9.60561e-05,-0.000328261,0.000769622,0.547138,6.51456e-05,7.26337e-05,0.0615413,-0.000883188,-0.00061534,-0.000306762,-8.0705e-05,6.92219e-05,0.000197901,0.000412107,0.000740016,0.000976355,6.7322e-05,7.28237e-05,5.76358e-05,7.35288e-05,6.86851e-05,5.93145e-05,6.16333e-05,6.25987e-05,0.000442732,0,0.000440465,-0.000455869,0.000407577,0,0.487194,-0.000948608,-0.000390557,0.000359533,0.000972276,1788456000,0.00049533,3.98669e-05,0.000503374,1,0.000533754,3.21523e-05,0.000544753,1,0.000498813,2.41212e-05,0.000524993,1,0.000509576,1.9798e-05,0.000515625,1
1788456240,0.000284173,-8.00634e-05,0.000284173,-0.000921116,0.000762076,0.546355,8.93504e-05,7.82749e-05,0.0722032,-0.000864479,-0.000596379,-0.000287855,-7.8644e-05,6.53236e-05,0.000189754,0.000398396,0.000716814,0.000943303,8.77416e-05,9.52582e-05,8.30317e-05,9.34713e-05,8.94412e-05,8.48128e-05,8.85302e-05,8.8231e-05,0.00042456,0,0.000413028,-0.000425612,0.000375165,0,0.489991,-0.000894675,-0.000357955,0.000338002,0.000907057,1788456000,-0.000471617,0.00048511,2.52274e-05,1,-0.00051325,0.000542537,1.31718e-05,1,0.000552089,3.1175e-05,0.000552903,1,-0.0005057,0.000518512,1.69441e-05,1
1788456300,0.000160062,0,0.000208076,-0.000564423,0.000755486,0.549005,7.22181e-05,6.75022e-05,0.0776719,-0.000952696,-0.000661958,-0.000317948,-8.26253e-05,7.64966e-05,0.000223387,0.000456149,0.000821727,0.00107609,6.69368e-05,7.39661e-05,6.15147e-05,8.9279e-05,6.64791e-05,6.32166e-05,7.55262e-05,6.76458e-05,0.000480452,4.54883e-05,0.000528396,-0.000488708,0.00053428,1.57646e-05,0.495655,-0.00101128,-0.000406304,0.00041101,0.00107659,1788456300,0.000431987,2.04798e-05,0.000433162,1,0.000505683,2.47438e-05,0.000502065,1,-0.000508963,0.000541197,2.08544e-05,1,0.000572907,2.94787e-05,0.000533543,1
1788456360,0.00118766,-3.60117e-05,0.00149135,-3.60117e-05,0.000748236,0.549978,0.000403907,0.000384852,0.0845246,-0.000888823,-0.000617118,-0.000298367,-7.65293e-05,7.34729e-05,0.000201291,0.000418501,0.000754061,0.000991701,0.000395411,0.000396437,0.000452151,0.0003658,0.000407608,0.000448942,0.00038503,0.000414738,0.000443777,7.079e-06,0.00048151,-0.000417916,0.000415324,6.47148e-06,0.494631,-0.000855938,-0.00034459,0.000343096,0.000900186,1788456300,0.000493067,3.88934e-05,0.00053291,1,-0.000455421,0.000473487,0,0,0.000514048,5.62524e-06,0.000521641,1,-0.000516385,0.000538813,2.08647e-05,1
1788456420,-0.000675634,5.99454e-05,0.000639233,-0.000779618,0.00075952,0.542097,0.000191473,0.000208275,0.0459807,-0.0010431,-0.000742465,-0.000374372,-0.000107229,7.5749e-05,0.000233735,0.000488737,0.000896934,0.00121723,0.000197927,0.000191315,0.000190802,0.00019254,0.000201615,0.00019099,0.00019602,0.000180875,0.00053032,9.07245e-05,0.000536217,-0.000548747,0.000626421,0,0.491458,-0.00112321,-0.00047062,0.000442523,0.00120467,1788456300,0.000421793,4.38764e-05,0.000452099,1,0.00050009,6.82625e-05,0.000513966,1,0.00046689,2.07145e-05,0.000465624,1,0.000496246,3.83964e-05,0.000493936,1
1788456480,-0.000720112,0,0,-0.000720112,0.000757933,0.538446,0.000203483,0.000219055,0.0413979,-0.0010911,-0.000766474,-0.000385813,-0.00011623,7.07023e-05,0.000232943,0.000485407,0.000895103,0.0011943,0.000213394,0.000203507,0.000203013,0.000205215,0.000209231,0.000203287,0.000203025,0.000200717,0.000534832,5.28006e-05,0.000543935,-0.000558265,0.000599955,0,0.493381,-0.00117131,-0.000475985,0.000448514,0.00119244,1788456300,-0.000581181,0.000607691,0,1,0.000448307,6.85778e-05,0.000449372,1,0.00052223,6.78198e-05,0.000534385,1,0.000472613,3.63963e-05,0.000458157,1
1788456540,0.000468132,0,0.000672121,-0.000148087,0.000757195,0.545218,0.000133209,0.000116862,0.0415926,-0.000991459,-0.000686487,-0.000337004,-8.85745e-05,7.06104e-05,0.000209277,0.000442092,0.000819922,0.00107955,0.000129406,0.000133371,0.000132724,0.000133067,0.000129938,0.000133331,0.000132693,0.000135356,0.000480091,0,0.000419675,-0.000496421,0.000495862,0,0.495587,-0.00106086,-0.000415128,0.000413035,0.00108281,1788456300,0.000561872,8.38742e-05,0.000554922,1,0.000552738,7.36783e-05,0.000539946,1,0.000470941,6.28418e-05,0.000474035,1,0.000557909,6.5079e-05,0.00052619,1
1788456600,-0.00016002,-3.60024e-05,0.000571864,-0.000396097,0.000752503,0.537359,8.03799e-05,8.89604e-05,0.0398695,-0.00108602,-0.000784086,-0.000404392,-0.000114024,6.6208e-05,0.000229559,0.000495188,0.000885682,0.00115854,7.39849e-05,7.5081e-05,7.26019e-05,9.96453e-05,7.65062e-05,6.98922e-05,8.46775e-05,7.5443e-05,0.000549377,1.78797e-06,0.000570509,-0.000563831,0.000568338,0,0.492192,-0.00117093,-0.00048503,0.000449526,0.00115586,1788456600,0.00051718,2.75786e-05,0.000458404,1,0.000561274,4.04702e-05,0.000581967,1,0.0005543,7.96227e-05,0.000542656,1,0.000499837,6.92324e-05,0.000463317,1
1788456660,1.60032e-05,-2.40053e-05,0.000228021,-0.000400163,0.000745284,0.539891,6.78562e-05,7.00738e-05,0.04167,-0.00102258,-0.000717431,-0.000361884,-0.000109612,7.07663e-05,0.000225223,0.000467224,0.000836518,0.00111096,5.82198e-05,6.46934e-05,5.91183e-05,8.31515e-05,6.27316e-05,5.67658e-05,6.99321e-05,6.40347e-05,0.000509475,3.69867e-05,0.000521533,-0.000547334,0.000564868,0,0.491923,-0.00116662,-0.000470596,0.000439014,0.00116379,1788456600,-0.000572207,0.000542898,4.94056e-05,1,-0.000485489,0.00046912,0,1,-0.000538081,0.000570744,3.79165e-05,1,-0.000562169,0.000586076,6.00634e-06,1
1788456720,0.00118353,-0.000104025,0.00122748,-0.000172048,0.000737797,0.543122,0.000396617,0.000377525,0.0456723,-0.000926514,-0.000649691,-0.00032118,-8.88607e-05,6.5132e-05,0.000202411,0.000434143,0.000774003,0.00103059,0.000393671,0.000394298,0.000418946,0.000363663,0.000396503,0.000426144,0.000395032,0.00040527,0.000464902,0,0.000477005,-0.000473247,0.000452431,0,0.494018,-0.000997477,-0.000402181,0.000386498,0.00101603,1788456600,0.00054321,4.88011e-05,0.000536932,1,0.000581723,2.79056e-05,0.000561313,1,0.00047776,2.02179e-05,0.00046691,1,-0.0005467,0.000568238,3.95262e-05,1
1788456780,4.79513e-05,-1.59843e-05,0.000183801,-0.0003717,0.000749314,0.539501,7.01439e-05,6.82524e-05,0.0405042,-0.00102,-0.000727462,-0.000365369,-0.000105567,6.69694e-05,0.000218638,0.000466617,0.000858785,0.00114918,5.88768e-05,6.7705e-05,6.88721e-05,7.70748e-05,6.49874e-05,6.39e-05,7.14199e-05,6.80459e-05,0.000510554,3.99058e-05,0.000502405,-0.000550664,0.000596811,0,0.487338,-0.0011471,-0.000479974,0.000437582,0.0011899,1788456600,-0.000479147,0.000507105,1.23133e-05,1,-0.000548549,0.000571254,9.25682e-06,1,-0.000559692,0.000550851,0,1,-0.00048259,0.000492043,9.1637e-06,1
1788456840,0.000583223,-4.79513e-05,0.000583223,-0.000159847,0.000741814,0.538059,0.000167528,0.000150689,0.0401802,-0.000967518,-0.000681994,-0.00034232,-9.96013e-05,5.93746e-05,0.000202021,0.000433488,0.000790124,0.00106296,0.000161899,0.000165361,0.000164625,0.000165053,0.000155082,0.000164981,0.000169007,0.000177919,0.000475848,0,0.000479485,-0.000482779,0.000439343,0,0.488261,-0.00102852,-0.000419376,0.000385453,0.00105118,1788456600,-0.000571885,0.000583343,0,1,-0.000509051,0.000531562,0,0,-0.000547009,0.000575523,1.41153e-05,1,-0.000520148,0.000544978,2.99617e-05,1
1788456900,-0.000499314,1.19805e-05,8.78535e-05,-0.00115479,0.000738976,0.545808,0.000142749,0.000158884,0.0414963,-0.000940013,-0.000663586,-0.000325901,-8.49946e-05,6.9346e-05,0.000211787,0.000441724,0.00080152,0.0010752,0.000148439,0.000142041,0.000141643,0.000142543,0.000153079,0.000141488,0.000147109,0.000136058,0.000473767,8.41122e-06,0.000422212,-0.000481078,0.000498213,0,0.490749,-0.00100313,-0.000414413,0.00038769,0.00105515,1788456900,0.000501885,5.11189e-05,0.000463773,1,0.000550626,6.74459e-05,0.000528349,1,0.000523754,6.58167e-06,0.000503787,1,-0.000565135,0.00059334,8.96612e-06,1
1788456960,0.000435416,-3.99552e-06,0.000667027,-3.99552e-06,0.000734949,0.537169,0.000125064,0.000112343,0.039366,-0.0010408,-0.000728081,-0.000367934,-0.000107902,6.20927e-05,0.000217561,0.000473575,0.000848267,0.00112675,0.000120911,0.000124286,0.000123601,0.000133611,0.000114232,0.000123611,0.000125899,0.000129765,0.000515618,8.36059e-06,0.000549324,-0.00053853,0.000560388,1.18048e-06,0.493297,-0.00113228,-0.000455263,0.000441616,0.00116375,1788456900,0.000509069,3.65725e-05,0.000468625,1,0.000526849,4.26331e-05,0.000483364,1,0.000559578,6.56573e-05,0.000525197,1,0.000513458,4.03844e-05,0.000491782,1
1788457020,0.000319451,1.99686e-05,0.00067871,-0.000199708,0.000730163,0.54581,9.88837e-05,8.73714e-05,0.0401969,-0.000929145,-0.000654882,-0.000333559,-8.44481e-05,6.89192e-05,0.000214003,0.000437012,0.000791965,0.00104929,9.36627e-05,0.000100008,9.77867e-05,0.000104141,9.27374e-05,9.49658e-05,9.391e-05,0.000103866,0.000473554,4.11346e-05,0.000433691,-0.000477401,0.00049186,0,0.493658,-0.000997622,-0.000408838,0.000386292,0.00103156,1788456900,0.000535819,6.87125e-05,0.00053335,1,0.000496656,4.12779e-05,0.000459575,1,0.00052999,1.72452e-05,0.000503388,1,0.000569018,2.68862e-05,0.000538862,1
1788457080,-0.000283507,-3.9925e-06,3.99241e-05,-0.000838775,0.000724235,0.543553,9.48667e-05,0.000104435,0.0430194,-0.000962121,-0.000679983,-0.000342987,-9.44973e-05,7.06771e-05,0.000222981,0.000443901,0.000804821,0.0010702,9.4417e-05,9.39e-05,9.06302e-05,0.000103035,0.000100646,8.83346e-05,9.53502e-05,9.12072e-05,0.00048473,3.85415e-05,0.000496305,-0.000473789,0.000483641,0,0.493425,-0.000996068,-0.000406939,0.000383146,0.00102151,1788456900,0.000500334,2.03688e-05,0.000466681,1,-0.00053297,0.000580772,1.41148e-05,1,0.000503376,2.71189e-05,0.000466686,1,0.00052186,6.25103e-05,0.000489941,1
1788457140,0.000626803,0,0.000642767,-7.58818e-05,0.000718077,0.543771,0.000176478,0.0001595,0.0460906,-0.000942036,-0.000658724,-0.000325872,-8.84811e-05,6.66417e-05,0.000214897,0.000440734,0.000791065,0.00104718,0.000174004,0.000177164,0.000176368,0.000177398,0.000165372,0.000176849,0.000175763,0.000177671,0.000473164,9.17345e-06,0.000503385,-0.000469709,0.00045836,0,0.493084,-0.000983715,-0.000397739,0.000385453,0.00101883,1788456900,0.000468913,5.69391e-05,0.000472702,1,0.000475116,1.75799e-05,0.000473707,1,-0.000529475,0.000571159,2.00028e-05,1,0.000480472,4.02454e-05,0.00046174,1
1788457200,-0.00024748,1.19733e-05,0.000251409,-0.000622809,0.000716365,0.548283,8.7423e-05,9.68153e-05,0.0441569,-0.000909437,-0.000643098,-0.00031286,-8.0881e-05,7.28355e-05,0.000216094,0.000432179,0.000779979,0.00103502,8.84391e-05,8.73707e-05,8.40363e-05,9.15518e-05,9.49951e-05,8.2799e-05,8.97619e-05,8.29105e-05,0.000461982,2.7549e-05,0.000427569,-0.000442732,0.000447849,0,0.497679,-0.000919704,-0.000371404,0.000364915,0.000962687,1788457200,0.000467987,6.08985e-05,0.000477813,1,-0.00047295,0.000530421,4.07675e-06,1,-0.000478602,0.000503783,1.30756e-06,1,0.000553438,5.68222e-05,0.000541164,1
1788457260,-0.000379323,5.18961e-05,7.18554e-05,-0.000818718,0.000710028,0.540313,0.000108974,0.000123488,0.0462733,-0.000943276,-0.000657575,-0.000325951,-9.86209e-05,6.46909e-05,0.000212906,0.000431481,0.000770562,0.00102728,0.000114973,0.000108684,0.000107988,0.000118325,0.000120287,0.000108006,0.000108247,0.000105612,0.000467469,7.6543e-06,0.000486423,-0.000461288,0.000451437,8.32169e-07,0.495147,-0.000971244,-0.000390806,0.000377974,0.000993678,1788457200,-0.000449678,0.000473143,0,1,-0.000481898,0.000534206,0,1,-0.000480634,0.000538692,4.77255e-06,1,-0.000467267,0.000494285,1.17398e-05,1
1788457320,-5.99062e-05,-0.000107834,0.000439202,-0.000387457,0.000704936,0.54273,6.48889e-05,6.75598e-05,0.0491075,-0.000920923,-0.000644097,-0.000317141,-8.942e-05,6.46126e-05,0.000209924,0.000432952,0.000769577,0.00102209,6.2322e-05,6.41337e-05,5.73835e-05,7.86802e-05,6.6321e-05,5.80412e-05,6.39797e-05,6.05271e-05,0.000463187,4.62011e-07,0.000479987,-0.000451054,0.000449997,0,0.49806,-0.000945102,-0.000375312,0.000378107,0.000972462,1788457200,0.000456235,6.49502e-05,0.000456883,1,-0.00044406,0.000476951,0,1,0.000486987,4.00357e-05,0.000488758,1,-0.000502971,0.000545708,0,1
1788457380,-0.000343531,2.39629e-05,2.79567e-05,-0.000527329,0.000697903,0.543224,0.0001022,0.000113885,0.0581058,-0.000888106,-0.000618463,-0.000307393,-8.49547e-05,6.25522e-05,0.000205111,0.000419997,0.000741502,0.000978588,0.000105011,0.00010151,9.77062e-05,0.000112885,0.000107972,9.84209e-05,0.00010138,9.99421e-05,0.000448789,2.40343e-05,0.000456476,-0.000446797,0.00045879,3.83297e-06,0.499602,-0.000936436,-0.000375087,0.000369802,0.000948131,1788457200,0.000459052,4.25818e-05,0.000455741,1,-0.000465775,0.000514313,6.63208e-06,1,0.000460991,2.76321e-05,0.000428628,1,0.000500258,5.58138e-05,0.000478796,1
1788457440,-0.000407597,-3.99532e-05,0.000279628,-0.000407597,0.000692595,0.539257,0.00011624,0.000129107,0.0674702,-0.000845466,-0.000582293,-0.000290386,-8.26402e-05,5.16184e-05,0.000179741,0.000387337,0.000695624,0.000914737,0.000122386,0.000116115,0.000115366,0.000116819,0.000123831,0.000116293,0.000114427,0.000117427,0.000416452,0,0.000408083,-0.000401228,0.000339995,0,0.494987,-0.00084569,-0.00033367,0.000326417,0.000846417,1788457200,-0.000440412,0.000481457,2.46104e-05,1,-0.000460926,0.000487196,0,1,-0.000468501,0.000515388,1.07929e-05,1,-0.000463331,0.000486086,0,1
1788457500,0.00113846,-1.99845e-05,0.00122229,-0.000199863,0.000688052,0.530357,0.000384509,0.000367729,0.0750313,-0.000925967,-0.00066418,-0.000352085,-0.000105956,4.49858e-05,0.000193887,0.000423731,0.000749968,0.000973718,0.000372265,0.00038686,0.000414727,0.000335083,0.000377843,0.000405584,0.000394856,0.000414513,0.000472014,2.76778e-06,0.000494098,-0.000439971,0.000421603,1.02181e-05,0.496412,-0.000923221,-0.000378712,0.000352287,0.000880914,1788457500,-0.000395297,0.000417028,0,1,-0.000449338,0.00047536,2.4095e-05,1,0.000470392,3.19657e-05,0.000466029,1,-0.00049595,0.000539882,0,1
1788457560,0.000259467,-3.99233e-06,0.000443049,-0.000435257,0.000699907,0.534206,9.15182e-05,8.18206e-05,0.038507,-0.000974127,-0.000690706,-0.000359574,-0.000108113,5.47508e-05,0.000210496,0.000452987,0.000825936,0.00108204,8.41269e-05,8.82851e-05,8.8948e-05,0.000101466,8.21578e-05,8.77245e-05,8.9049e-05,9.25213e-05,0.000496197,3.41442e-05,0.00050886,-0.000507557,0.000525074,6.59471e-06,0.494986,-0.00104105,-0.000430024,0.000413808,0.0010909,1788457500,-0.000400708,0.000464289,7.11026e-05,0,-0.000405492,0.00042137,1.75843e-06,1,-0.000462824,0.00049682,2.29644e-05,1,-0.000490346,0.000528012,0,1
1788457620,-0.000207568,0,0.00016762,-0.000291406,0.000693843,0.532787,8.05821e-05,8.83763e-05,0.0385139,-0.000944036,-0.000665054,-0.000346871,-0.000110158,5.23828e-05,0.000208592,0.000431438,0.000794298,0.00105573,8.11138e-05,7.91541e-05,7.8447e-05,9.07589e-05,8.72491e-05,7.70396e-05,7.74283e-05,7.63369e-05,0.000475927,0,0.000493486,-0.000480859,0.00044112,2.75363e-06,0.49361,-0.00100781,-0.000410604,0.000388776,0.0010337,1788457500,-0.000479662,0.000511392,7.10345e-05,1,-0.000428767,0.000488201,1.47624e-05,1,-0.00041168,0.00043442,0,1,-0.000487468,0.000515944,3.61474e-06,1
1788457680,-0.000339387,0,0.000263445,-0.000606985,0.000687497,0.535295,9.81954e-05,0.00010895,0.0407116,-0.000853327,-0.00059835,-0.000305775,-9.53545e-05,5.05135e-05,0.000189942,0.000387752,0.000707333,0.000944442,0.000103155,0.000100412,9.83991e-05,0.000103893,0.0001083,9.76397e-05,9.4115e-05,9.37149e-05,0.000425621,0,0.000391355,-0.00042415,0.000369055,0,0.490675,-0.000896022,-0.00036528,0.000336678,0.000902597,1788457500,-0.000456002,0.000525886,3.33917e-05,1,-0.000469492,0.000557369,3.03769e-05,1,-0.000440744,0.000447167,0,1,-0.000437944,0.000452614,0,1
1788457740,-2.39611e-05,3.99346e-06,0.000311442,-0.000327518,0.000682278,0.533948,6.21521e-05,6.43658e-05,0.0440236,-0.000907011,-0.000630334,-0.0003266,-0.000101293,5.06571e-05,0.000201976,0.000418739,0.000758442,0.00100224,5.99324e-05,6.01961e-05,5.62268e-05,7.64524e-05,6.37007e-05,5.58401e-05,6.06436e-05,5.7352e-05,0.000456441,0,0.000461543,-0.000468652,0.000458821,0,0.494367,-0.000991038,-0.000396896,0.000383932,0.000997771,1788457500,-0.000430655,0.000489017,0,1,-0.000483027,0.000560952,3.86479e-06,1,-0.000520662,0.000567647,0,1,-0.000423314,0.000430332,3.83896e-05,1
1788457800,-0.00013579,0,0.000123793,-0.000751072,0.000675429,0.532951,6.53444e-05,7.14983e-05,0.049698,-0.000861145,-0.000597798,-0.000307666,-9.44718e-05,4.51003e-05,0.000187595,0.000397963,0.000722704,0.000947597,6.89659e-05,6.54692e-05,6.11488e-05,7.89542e-05,7.23986e-05,6.14876e-05,6.2415e-05,6.27383e-05,0.000432012,0,0.000443036,-0.000447423,0.000413508,0,0.494621,-0.000943342,-0.000378765,0.000365983,0.000946457,1788457800,-0.000453493,0.000511196,1.58797e-05,1,-0.000437463,0.000462895,0,1,-0.000524415,0.000528732,0,1,-0.000543405,0.000541081,0,1
1788457860,-0.000239675,-1.99707e-05,0.000347427,-0.000515372,0.000668916,0.529632,8.27703e-05,8.81811e-05,0.0591557,-0.000867504,-0.000599444,-0.000306958,-9.99718e-05,4.09707e-05,0.000184394,0.000397056,0.000728173,0.000954346,8.61321e-05,8.19219e-05,7.67388e-05,9.50417e-05,8.87707e-05,7.68437e-05,7.98721e-05,8.11926e-05,0.000430951,0,0.00047491,-0.000404408,0.000381305,3.40629e-05,0.495664,-0.000844793,-0.000337248,0.000333814,0.000851343,1788457800,-0.000443625,0.000472603,1.79305e-05,1,-0.000447885,0.000482187,3.73537e-05,1,-0.000465901,0.000456594,0,1,-0.000532152,0.000549604,0,1
1788457920,-3.59562e-05,7.99009e-06,7.59033e-05,-0.000399586,0.00066306,0.52855,5.89289e-05,6.00782e-05,0.0701477,-0.000857275,-0.00059078,-0.000301574,-0.000101135,3.93525e-05,0.000180042,0.000384847,0.000705707,0.000929208,6.07875e-05,5.82835e-05,5.02496e-05,7.68928e-05,6.17674e-05,4.90348e-05,5.72021e-05,5.45111e-05,0.000420389,9.32418e-07,0.000445733,-0.000396979,0.000390125,1.30489e-05,0.496539,-0.000833589,-0.000333787,0.00032418,0.000824479,1788457800,-0.000381875,0.000436304,5.91511e-05,1,-0.000443987,0.00047104,3.67694e-05,1,-0.000484514,0.000493258,4.43635e-06,1,-0.000445412,0.00045105,0,1
1788457980,-0.000575475,9.18855e-05,0.000447363,-0.000619449,0.000656416,0.527267,0.000162689,0.000176006,0.0876923,-0.000790262,-0.000546147,-0.000270634,-8.91629e-05,3.24418e-05,0.000159213,0.00035651,0.000658718,0.000869519,0.000168256,0.00016232,0.000165263,0.000163254,0.000168788,0.000168077,0.000161889,0.000162483,0.00038481,0,0.000421593,-0.000356485,0.000302149,2.93175e-06,0.493595,-0.000741601,-0.00029423,0.000287511,0.000733754,1788457800,-0.000380303,0.000440501,4.11405e-05,1,-0.000404197,0.000471543,3.73724e-05,1,-0.000486593,0.000485578,1.22024e-05,1,-0.000501431,0.000512247,0,1
1788458040,-0.000427825,3.9975e-06,0.000211845,-0.000623805,0.000654895,0.524689,0.000122234,0.000131307,0.0857244,-0.000877915,-0.000613249,-0.000311695,-0.000102041,3.25922e-05,0.000174327,0.000387986,0.000715703,0.000947737,0.000127222,0.000121257,0.00012074,0.000127427,0.000124734,0.000122301,0.000122186,0.000123185,0.000427618,0,0.000432075,-0.000415701,0.000413852,5.38145e-06,0.495049,-0.000889895,-0.000352849,0.000338607,0.000860531,1788457800,-0.000350773,0.000378187,3.14275e-05,0,-0.000395917,0.000445628,3.53549e-05,1,-0.000454759,0.000487869,3.88417e-06,1,-0.000500946,0.000516906,0,1
1788458100,0.000251919,-2.79949e-05,0.000691625,-2.79949e-05,0.00065113,0.521099,8.36672e-05,7.73729e-05,0.102264,-0.000851773,-0.000594741,-0.000307261,-0.000103366,2.69454e-05,0.000165606,0.000378467,0.000702048,0.000925363,8.32704e-05,8.29614e-05,7.80474e-05,9.68472e-05,8.42148e-05,8.02833e-05,8.12224e-05,8.01475e-05,0.000417808,0,0.000417644,-0.000410541,0.000382995,0,0.494301,-0.00087556,-0.000347067,0.000334995,0.000844502,1788458100,-0.000397365,0.000456209,2.75108e-05,1,-0.000379338,0.000420283,9.20656e-06,1,-0.000440024,0.000468576,2.54022e-06,1,-0.000495604,0.000530794,0,1
1788458160,0.000383754,9.19546e-05,0.000507644,-0.00024792,0.00064557,0.526315,0.000108615,9.84863e-05,0.100655,-0.000801453,-0.000556865,-0.000288232,-9.32246e-05,3.23704e-05,0.000168324,0.000362036,0.000668673,0.000874464,0.0001079,0.000109898,0.000108833,0.00011699,0.000106714,0.000110069,0.000105353,0.000109952,0.000397337,0,0.000365324,-0.000404465,0.000379844,0,0.492709,-0.000859669,-0.000348543,0.000322073,0.000826766,1788458100,-0.000404642,0.00042657,3.11875e-05,1,-0.000400779,0.000433379,4.34036e-05,1,-0.000433057,0.000441304,0,1,-0.000472448,0.000485951,0,1
1788458220,-0.000207849,1.199e-05,1.199e-05,-0.000623676,0.000641382,0.526731,7.50365e-05,7.9462e-05,0.0879883,-0.000806113,-0.000567253,-0.000290766,-9.52227e-05,3.3805e-05,0.000169917,0.00037339,0.000680393,0.000890806,8.08769e-05,7.43767e-05,6.94398e-05,8.66801e-05,7.93413e-05,7.19757e-05,7.25847e-05,7.23004e-05,0.000406035,0,0.00041504,-0.000410349,0.000359197,5.84308e-07,0.491566,-0.000862558,-0.000350589,0.000330069,0.000860608,1788458100,-0.00040459,0.000413367,2.87859e-05,1,-0.000411938,0.000425606,3.53465e-05,1,-0.00043613,0.000456568,4.38161e-06,1,-0.000457499,0.000485389,0,1
1788458280,-0.000295859,-0.000155915,0.000175875,-0.000303857,0.000635615,0.52388,8.82562e-05,9.39499e-05,0.0907525,-0.000776171,-0.000547142,-0.00027824,-9.66475e-05,2.95225e-05,0.000160906,0.000360478,0.000661998,0.000872082,9.52033e-05,8.85288e-05,8.4004e-05,9.95623e-05,9.19601e-05,8.57643e-05,8.57924e-05,8.66039e-05,0.000390533,0,0.000403026,-0.000397307,0.000331013,0,0.493149,-0.000837495,-0.000334116,0.000324072,0.000838799,1788458100,-0.000418172,0.000423838,3.08539e-05,1,-0.000412399,0.000429315,2.80983e-05,1,-0.000453507,0.000448427,0,1,-0.000477402,0.000468469,0,1
1788458340,-0.000131965,-3.9987e-06,0.000267876,-0.000283947,0.000630617,0.52286,5.91151e-05,6.23523e-05,0.0850846,-0.000753404,-0.000522634,-0.000268886,-9.22493e-05,2.65895e-05,0.000153943,0.0003347,0.000617197,0.000823004,6.78876e-05,6.07848e-05,5.51958e-05,7.07774e-05,6.2187e-05,5.66048e-05,5.62301e-05,5.58112e-05,0.000368785,0,0.000337765,-0.000365534,0.000324597,0,0.491843,-0.000770897,-0.000312157,0.000287339,0.000744747,1788458100,-0.000408513,0.000424208,1.60424e-05,1,-0.000441432,0.000478698,2.67512e-07,1,-0.000456904,0.000450615,0,1,-0.000480864,0.000467881,0,1
1788458400,0.000395844,-1.99963e-05,0.00043582,-0.000179981,0.000624558,0.506159,0.000115918,0.000107035,0.0824022,-0.000871575,-0.000638817,-0.000336833,-0.000128035,8.07315e-06,0.000154618,0.000386184,0.000710452,0.000924471,0.00011135,0.000112947,0.000111947,0.000128684,0.000114899,0.000113442,0.000123527,0.000114911,0.000437718,5.70347e-05,0.000566142,-0.00042671,0.000464329,8.84638e-05,0.488386,-0.000900398,-0.000368273,0.000339422,0.000863742,1788458400,-0.000379332,0.000403645,0,1,-0.000439163,0.000461098,0,1,-0.000489156,0.000473402,0,1,-0.000475611,0.00045248,0,1
1788458460,0.000271802,3.99763e-06,0.000399683,-0.00036785,0.00062081,0.524482,8.24537e-05,7.62663e-05,0.0641454,-0.000758216,-0.000534587,-0.0002614,-8.79057e-05,2.76926e-05,0.000155093,0.00034982,0.000640737,0.000843702,8.62975e-05,8.36269e-05,7.78435e-05,9.06824e-05,8.37872e-05,7.90978e-05,7.96324e-05,8.39007e-05,0.000375628,0,0.000363032,-0.00036885,0.000343402,0,0.497567,-0.000780183,-0.000304427,0.000307044,0.000788663,1788458400,-0.00047126,0.000484629,1.52106e-05,1,-0.000387045,0.000391468,2.16784e-05,1,-0.000480757,0.00044658,0,1,-0.000502755,0.000491947,0,1
1788458520,0.000323668,3.99654e-06,0.00040357,-0.000135892,0.000615771,0.52389,9.2599e-05,8.51216e-05,0.0604841,-0.000761868,-0.000536165,-0.000270931,-9.51707e-05,2.90995e-05,0.000160963,0.000348059,0.000643166,0.000857542,9.48062e-05,9.26272e-05,9.17495e-05,0.000102964,9.10299e-05,9.33906e-05,9.15212e-05,9.49665e-05,0.000379388,0,0.0004009,-0.0003815,0.000352994,5.24974e-06,0.493571,-0.000803514,-0.000321158,0.000312374,0.000815838,1788458400,-0.000382911,0.00038102,3.45998e-06,1,-0.000501898,0.000510207,0,1,-0.000415885,0.000401055,3.34002e-06,1,-0.000484562,0.000477899,0,1
1788458580,0.000742841,-7.99083e-05,0.000962393,-0.000103882,0.000611298,0.527955,0.000223355,0.000211631,0.0600036,-0.00073712,-0.000517978,-0.000257356,-8.48001e-05,3.19562e-05,0.00015868,0.000335191,0.000623202,0.000825714,0.000208522,0.000223005,0.000237702,0.000210564,0.000214145,0.000238021,0.000221135,0.000225683,0.000364514,1.69267e-06,0.00036351,-0.000357152,0.000329364,0,0.496515,-0.000748004,-0.000296215,0.000293974,0.000770329,1788458400,-0.000397978,0.000413496,1.88999e-05,0,-0.000385991,0.000400931,1.92629e-06,0,-0.000542207,0.000475669,0,0,-0.000414806,0.000399293,1.41332e-05,1
1788458640,-0.000223593,0,0.000606644,-0.000383333,0.000614205,0.527992,7.93532e-05,8.3871e-05,0.0528555,-0.000824141,-0.000584187,-0.000299298,-9.78496e-05,3.7083e-05,0.000180084,0.000383158,0.000707555,0.000931783,8.35137e-05,7.52568e-05,7.32857e-05,8.7413e-05,8.35557e-05,7.75601e-05,8.18949e-05,7.66726e-05,0.00041791,3.03844e-05,0.000404957,-0.000421373,0.000438892,0,0.493149,-0.000871498,-0.000356131,0.000343285,0.000921583,1788458400,-0.000383463,0.000394354,0,1,-0.000417072,0.000451838,3.72187e-07,1,-0.000437255,0.000420285,0,1,-0.000473817,0.000452446,3.31731e-05,1
1788458700,-0.00058717,1.19795e-05,0.000151729,-0.000703047,0.000608854,0.525261,0.000166917,0.000176016,0.0516509,-0.000836676,-0.000587746,-0.000300776,-0.000107337,3.54558e-05,0.00018289,0.000386802,0.000712748,0.000934752,0.00017186,0.000165599,0.000168797,0.000167312,0.000174043,0.000166313,0.000168103,0.00016625,0.000421281,3.54886e-05,0.000426286,-0.000428238,0.00044958,0,0.494929,-0.000897734,-0.000359617,0.000349476,0.000927453,1788458700,-0.000451768,0.000468988,0,1,-0.000391803,0.00040844,0,1,-0.00046381,0.000453616,0,1,-0.000457344,0.000441353,0,1
1788458760,0.00167671,3.59591e-05,0.00167671,3.99552e-06,0.000608428,0.52272,0.000662022,0.000649468,0.0454245,-0.000832045,-0.000577716,-0.000296676,-0.000102842,2.952e-05,0.000173075,0.000379627,0.000704624,0.000923359,0.00064189,0.000679276,0.000684569,0.000623524,0.000661523,0.000669078,0.000656905,0.000668637,0.000413385,3.39672e-06,0.000402851,-0.000410157,0.000410423,0,0.493772,-0.000869742,-0.000341353,0.000339133,0.000888232,1788458700,0.000444556,6.37112e-05,0.000433349,1,-0.000432652,0.000477449,2.26109e-06,1,-0.000435777,0.000412076,0,0,-0.0004803,0.000476613,0,0
1788458820,-0.000390982,-3.98884e-06,0.000175493,-0.000418915,0.000647308,0.519085,0.000117834,0.000122156,0.111937,-0.00106714,-0.000758421,-0.000391233,-0.000139928,3.23924e-05,0.000207676,0.000471093,0.000911599,0.0012337,0.000117377,0.000111494,0.000120346,0.000119091,0.000124979,0.000133992,0.000118356,0.000111745,0.000525281,1.74305e-05,0.00050696,-0.00053949,0.000570896,0,0.490095,-0.00108326,-0.00044899,0.000434763,0.00118224,1788458700,0.000418604,3.46424e-05,0.000413925,0,-0.000437765,0.000468321,2.50056e-05,1,-0.000469436,0.000481255,0,1,-0.000433345,0.000422204,0,1
1788458880,0.00019551,2.39421e-05,0.000235405,-0.000451016,0.000643184,0.512416,8.16802e-05,7.45981e-05,0.0889604,-0.000983027,-0.000685367,-0.000352212,-0.000137921,1.91865e-05,0.000181655,0.000411833,0.000793547,0.00106962,7.34529e-05,7.50495e-05,8.54736e-05,8.11307e-05,7.12354e-05,9.10069e-05,7.99889e-05,8.43798e-05,0.000464966,0,0.000417458,-0.000464281,0.000373302,0,0.486187,-0.000998569,-0.000400228,0.000365036,0.00100329,1788458700,-0.000561335,0.000523343,3.80373e-05,1,-0.000402728,0.000407505,3.30129e-05,1,-0.000462291,0.000466572,1.3784e-05,1,-0.000478172,0.00046216,0,1
1788458940,0.000893274,3.98953e-05,0.00116827,-9.97453e-05,0.00063732,0.521329,0.000265776,0.000252194,0.0723357,-0.000905252,-0.000631155,-0.000327567,-0.000120924,3.2094e-05,0.000192058,0.000413316,0.000785274,0.00105319,0.000266164,0.00027349,0.000259593,0.000256653,0.000252312,0.000263698,0.000270198,0.00027025,0.000452601,0,0.000435796,-0.000467763,0.000432453,0,0.496735,-0.000949942,-0.000381826,0.000390511,0.00103951,1788458700,-0.000463865,0.000497916,0,1,-0.000505979,0.000571523,3.13858e-05,1,-0.000429749,0.000420385,4.98778e-06,0,-0.000476714,0.000471795,2.56e-05,1
1788459000,-0.000853378,-8.37105e-05,6.37747e-05,-0.000853378,0.000643437,0.520901,0.000246821,0.000267268,0.0855811,-0.001004,-0.000707369,-0.000370036,-0.000134514,3.48629e-05,0.000210637,0.000453092,0.000891012,0.00118397,0.000263169,0.000259793,0.000242892,0.000241404,0.000273406,0.000243015,0.000251535,0.000237932,0.000502032,8.1033e-06,0.000490102,-0.00052837,0.00054414,0,0.495178,-0.00107507,-0.00043447,0.00043114,0.00116488,1788459000,-0.000485148,0.00048305,4.16427e-05,1,-0.000475735,0.000485939,3.69296e-06,1,-0.00055042,0.00059143,0,1,-0.000441976,0.000429337,7.27288e-06,1
1788459060,-0.000902023,9.17532e-05,0.000155577,-0.000902023,0.000648303,0.517184,0.000266667,0.000285669,0.0905826,-0.00100324,-0.000698343,-0.000353985,-0.000132838,2.70249e-05,0.000196976,0.000430302,0.000824944,0.00110216,0.000281718,0.000277322,0.000258947,0.000265548,0.000285294,0.00025733,0.000268915,0.000263091,0.000479373,0,0.000432738,-0.000504045,0.000480109,0,0.495111,-0.00106634,-0.000416287,0.000413538,0.00110199,1788459000,-0.000516655,0.000528738,4.18808e-05,0,-0.000495633,0.000509211,1.03779e-05,1,-0.000486169,0.000449421,0,1,-0.000571512,0.000540253,0,1
1788459120,1.19791e-05,7.58651e-05,0.00051098,-3.99313e-05,0.000654342,0.51847,6.43621e-05,6.51608e-05,0.107662,-0.000991863,-0.00069004,-0.000352658,-0.000125931,2.79354e-05,0.000192887,0.00042535,0.000827604,0.00110165,5.84502e-05,6.01266e-05,7.54832e-05,6.67016e-05,6.44492e-05,7.90413e-05,5.7593e-05,5.64561e-05,0.000474835,0,0.000402475,-0.00048973,0.000489455,0,0.498171,-0.0010288,-0.000398823,0.000410361,0.00105866,1788459000,0.000485891,6.00416e-05,0.000477371,1,-0.000491554,0.000545463,4.10939e-05,1,-0.000537596,0.000477926,0,1,-0.000486784,0.00045492,0,1
1788459180,0.00152018,3.993e-06,0.00190684,-5.59036e-05,0.000647768,0.516715,0.000568936,0.000554426,0.0829373,-0.000928576,-0.000645139,-0.000333383,-0.000120338,2.36317e-05,0.000180752,0.00040338,0.000770629,0.00102845,0.000563483,0.000575714,0.000538719,0.000556111,0.000558175,0.000551707,0.000593217,0.000580293,0.000449063,0,0.000391717,-0.000459996,0.000420283,0,0.495487,-0.000973179,-0.000382727,0.000377019,0.000985554,1788459000,-0.000459829,0.00049003,5.21325e-05,0,-0.000470646,0.000479023,4.56225e-05,1,-0.000526952,0.000537925,5.24817e-06,1,-0.00048873,0.000485438,0,1
1788459240,-7.57547e-05,7.97385e-06,0.00146612,-7.57547e-05,0.000676335,0.517055,8.51666e-05,8.70604e-05,0.174472,-0.00122793,-0.000885909,-0.000458496,-0.000163362,3.30332e-05,0.000236013,0.000527769,0.00102833,0.00140025,6.3422e-05,6.79747e-05,8.92781e-05,9.1864e-05,7.58189e-05,0.000110336,8.32617e-05,7.88975e-05,0.000599599,5.48457e-07,0.00057498,-0.000614079,0.00066975,2.20719e-05,0.490744,-0.00124158,-0.000509249,0.000491157,0.00133889,1788459000,-0.00042795,0.000428954,6.14707e-05,0,-0.000444673,0.0004424,7.54319e-05,1,-0.000481894,0.000457439,1.85645e-05,1,-0.000542399,0.000517578,0,1
1788459300,0.0003269,-3.98725e-06,0.000573998,-5.98104e-05,0.000669624,0.51301,0.000115678,0.000108461,0.114561,-0.00125617,-0.000911793,-0.000474899,-0.000169643,2.49718e-05,0.000239169,0.000526854,0.00100987,0.00137032,9.54744e-05,0.000100744,0.000113363,0.000136145,9.61224e-05,0.000121486,0.000115142,0.000112019,0.000607471,0,0.000613882,-0.000652654,0.000731174,5.56703e-05,0.494821,-0.00130616,-0.000540196,0.000503813,0.00133198,1788459300,-0.00058003,0.000592742,8.42572e-05,1,-0.000425659,0.000427015,7.92306e-05,0,-0.000469053,0.000449287,2.84011e-05,1,-0.000490068,0.000464553,1.82096e-05,1
1788459360,-0.000773571,-3.98595e-06,-3.98595e-06,-0.0010289,0.000664504,0.52276,0.00022054,0.000235941,0.0849624,-0.0010218,-0.000727198,-0.000364245,-0.000121014,3.48761e-05,0.000216194,0.000456232,0.000881344,0.00118082,0.000230926,0.000223619,0.000218537,0.000219187,0.000235219,0.0002223,0.00022376,0.000219739,0.000503537,0,0.000438202,0.00049003,9.929e-06,0.000400086,0.500191,-0.00101059,-0.000401556,0.000409945,0.00109649,1788459300,-0.000592277,0.000712777,0.0001188,1,-0.000550113,0.000644139,4.85718e-05,1,-0.000460898,0.000450154,4.57095e-05,1,-0.000474261,0.000444771,2.58762e-05,1
1788459420,-0.00026331,5.18559e-05,0.000518438,-0.000506734,0.00066686,0.518758,9.67909e-05,0.000101096,0.0682782,-0.0010813,-0.000766935,-0.000377366,-0.000128936,2.91545e-05,0.000213414,0.000468773,0.000899793,0.00120088,9.03463e-05,8.99461e-05,0.00010009,0.000102656,9.82033e-05,0.000100531,9.76302e-05,9.0727e-05,0.000519096,0,0.00048735,-0.000524822,0.000528997,0,0.499948,-0.00110909,-0.000424085,0.000444907,0.00116046,1788459300,-0.000488789,0.000530703,7.29508e-06,1,-0.000650368,0.000744889,4.15912e-06,1,-0.000594982,0.000653746,0,1,-0.000476548,0.000452226,3.0659e-05,1
1788459480,3.19201e-05,-4.38918e-05,0.000251343,-0.000442996,0.000661207,0.518455,7.01856e-05,6.92232e-05,0.0483022,-0.00103874,-0.000739795,-0.000372444,-0.000130604,2.89602e-05,0.000216905,0.000464667,0.000888091,0.00117043,5.86629e-05,6.29209e-05,7.3138e-05,8.72643e-05,6.45552e-05,6.61226e-05,6.77089e-05,6.51314e-05,0.000513024,7.45181e-06,0.000487475,0.000533082,5.08803e-05,0.000503264,0.501011,-0.00110641,-0.000431265,0.000450115,0.00116771,1788459300,0.000484525,6.39253e-05,0.000509006,1,-0.000482351,0.000504732,1.04466e-05,1,-0.000631283,0.000608196,0,1,-0.000628478,0.000602293,0,1
1788459540,-0.000391091,-5.18706e-05,9.57541e-05,-0.000578709,0.000654577,0.516929,0.000112574,0.000121534,0.0496531,-0.000951717,-0.000678302,-0.000341436,-0.000122512,2.44328e-05,0.000190341,0.000425161,0.00081649,0.00107911,0.000117342,0.00011176,0.00011533,0.000121509,0.000119509,0.000112275,0.000112615,0.000111953,0.000468925,0,0.00046418,-0.000453355,0.000432043,6.22474e-06,0.49966,-0.000953635,-0.000368998,0.000383176,0.000987801,1788459300,-0.0005026,0.000548973,4.95644e-05,1,-0.000468724,0.000495172,6.40828e-05,1,-0.00051884,0.000491617,0,1,-0.000569688,0.000557221,0.000120998,1
1788459600,0.000518761,9.57916e-05,0.000742145,-8.38251e-05,0.000650354,0.517726,0.000147253,0.000137787,0.0549773,-0.000916729,-0.000650839,-0.00033114,-0.000116421,2.45218e-05,0.000182026,0.000407004,0.00077875,0.00103513,0.000145179,0.000147035,0.000146747,0.000146997,0.00013992,0.00014733,0.000148969,0.000147075,0.000450802,0,0.00041457,0.000445876,0,0.000425279,0.50077,-0.000949014,-0.000361828,0.000378028,0.000975722,1788459600,-0.000415091,0.000445113,7.64209e-05,1,-0.000475177,0.000500648,8.57641e-05,1,-0.000496684,0.000496838,2.44966e-05,1,-0.000475952,0.000467279,2.73446e-05,1
1788459660,-0.000347141,-8.37817e-05,0.000239338,-0.000347141,0.000647985,0.521767,0.000105179,0.000109998,0.0469666,-0.000925859,-0.000663948,-0.000337658,-0.000114694,3.1191e-05,0.000194479,0.000422314,0.000796063,0.00105865,0.000105234,0.000102154,0.000105386,0.000111395,0.000109169,9.9702e-05,0.000107773,0.000100883,0.000465008,0,0.000431551,0.000465811,2.53236e-05,0.000439535,0.502421,-0.000971553,-0.000378889,0.000396393,0.00103461,1788459600,-0.000408477,0.000458939,3.6746e-05,1,-0.000434711,0.000476585,5.79517e-05,1,-0.000511195,0.000524315,5.17463e-05,1,-0.000524105,0.000521924,1.66391e-06,1
1788459720,-0.000207544,5.58699e-05,0.000271339,-0.000279397,0.000643348,0.513287,7.75803e-05,8.084e-05,0.0524248,-0.000892249,-0.00062982,-0.000330994,-0.000121937,1.82894e-05,0.000175119,0.00038685,0.000738861,0.000985425,8.10529e-05,7.83864e-05,8.03245e-05,8.40403e-05,8.46913e-05,7.56285e-05,7.45154e-05,7.18258e-05,0.000436424,0,0.000376719,-0.000418926,0.000391275,0,0.494677,-0.000893447,-0.000352149,0.000338283,0.000888901,1788459600,-0.000431175,0.000473576,5.3274e-05,1,-0.000419934,0.000449104,3.77574e-05,1,-0.000485792,0.000492275,2.05699e-05,1,-0.000526085,0.00052982,4.77511e-05,1
1788459780,-0.000650851,0,0.000159653,-0.000906515,0.000637558,0.516569,0.000184374,0.000197092,0.0637375,-0.000850167,-0.000599438,-0.000310378,-0.000112214,2.17792e-05,0.000169823,0.000377307,0.000716994,0.000962091,0.000189598,0.000183983,0.000183718,0.000184554,0.000189451,0.00018375,0.000187707,0.000181084,0.000419208,0,0.000352486,-0.000409749,0.000406505,0,0.499644,-0.000862423,-0.000333842,0.000343765,0.000891412,1788459600,0.000398297,5.90373e-05,0.000413868,1,-0.000435173,0.000484712,2.86093e-05,1,-0.000460049,0.000466465,0,1,-0.000511419,0.00052964,0,1
1788459840,0.000535086,-0.000119835,0.000770593,-0.000123829,0.000637826,0.516486,0.000149954,0.000141853,0.0658236,-0.000892418,-0.000631394,-0.000327939,-0.000118681,2.29237e-05,0.000182374,0.000406443,0.000769068,0.00101117,0.000149714,0.000151485,0.000151068,0.000151632,0.000147353,0.000151245,0.000146626,0.000150175,0.000447717,0,0.000399795,0.000470711,2.16714e-05,0.000472895,0.50201,-0.00100165,-0.000382966,0.000400296,0.00101177,1788459600,0.000395018,5.50597e-05,0.000403421,1,-0.000407948,0.000444341,3.73602e-05,1,0.000487517,1.84813e-05,0.00046782,1,0.000481065,2.03661e-06,0.000466381,1
1788459900,-0.00108644,-3.99212e-06,6.78636e-05,-0.00144619,0.000635934,0.517317,0.000366306,0.000388846,0.053338,-0.000872378,-0.000619918,-0.000323336,-0.000115635,2.36849e-05,0.00018114,0.000401668,0.000749274,0.000990842,0.000367664,0.000367278,0.000364347,0.000336194,0.000367857,0.000371059,0.000381892,0.000372083,0.000441915,0,0.000362079,0.000457837,3.23221e-05,0.000423318,0.500633,-0.000957998,-0.000378114,0.000383951,0.00098304,1788459900,0.000429729,5.65072e-05,0.00048075,1,-0.000391187,0.000423282,2.81993e-05,1,-0.000434568,0.000454879,1.08671e-05,1,-0.000496433,0.000499542,0,1
1788459960,-0.000695624,2.39784e-05,6.79374e-05,-0.000883606,0.000648021,0.512478,0.000197949,0.000203982,0.0487172,-0.00100885,-0.000710684,-0.000373145,-0.000139497,1.95192e-05,0.000197458,0.000445704,0.00083446,0.00110423,0.000201555,0.000196246,0.00019649,0.000197908,0.000197852,0.000196584,0.000201879,0.000195863,0.000497946,0,0.000454347,0.000532137,2.28263e-05,0.000557829,0.502574,-0.00113127,-0.000432523,0.00044573,0.00111648,1788459900,-0.000449657,0.000464043,3.33019e-05,0,-0.000428753,0.000461702,6.53075e-05,1,0.000427983,2.7694e-05,0.000423754,0,-0.00044772,0.000453864,1.54992e-05,0
1788460020,-3.99924e-06,0,0.000355868,-0.000123984,0.000649007,0.513473,6.34959e-05,6.48732e-05,0.0549411,-0.000962314,-0.00067608,-0.000354594,-0.000127993,1.95253e-05,0.000188245,0.000431373,0.000804767,0.00105818,5.94495e-05,6.09626e-05,6.86245e-05,7.43059e-05,6.37465e-05,6.04223e-05,5.90416e-05,5.89473e-05,0.000477973,0,0.000388329,0.000498003,1.8898e-05,0.000467665,0.502561,-0.00105725,-0.000402313,0.000425171,0.00106356,1788459900,0.00047344,7.25811e-05,0.000546516,1,0.000432403,3.76706e-05,0.000473877,0,-0.000466363,0.000482186,2.0653e-05,1,-0.000435397,0.000450013,1.51252e-05,0
1788460080,-5.19916e-05,-4.79921e-05,4.79898e-05,-0.000343994,0.000642485,0.507876,6.11946e-05,6.20441e-05,0.0516695,-0.000886821,-0.000622288,-0.000332048,-0.000126218,1.03932e-05,0.00016843,0.000392569,0.00073189,0.000968641,6.19862e-05,6.26674e-05,6.73386e-05,7.14393e-05,6.57009e-05,5.96631e-05,5.14199e-05,5.78269e-05,0.000439436,0,0.00035282,-0.000456755,0.000396434,0,0.495487,-0.000973313,-0.000384324,0.000369849,0.000939244,1788459900,0.000456209,4.19896e-05,0.000510562,1,-0.000487837,0.000520916,7.58263e-05,1,-0.00047892,0.000495141,1.21379e-06,1,-0.000500491,0.000507717,0,1
1788460140,3.99945e-06,0,0.000187957,-1.5998e-05,0.00063607,0.505963,5.64142e-05,5.6695e-05,0.05311,-0.000859787,-0.000608108,-0.000314353,-0.000118026,6.71693e-06,0.000161097,0.000382221,0.000718359,0.000949341,5.88547e-05,5.86007e-05,6.06222e-05,6.41603e-05,6.24375e-05,5.44584e-05,5.03127e-05,5.3015e-05,0.000423689,0,0.0003737,0.00043976,0,0.000423058,0.500173,-0.000943111,-0.000360223,0.000369972,0.000927038,1788459900,-0.000422043,0.000425913,7.62933e-05,1,-0.00044709,0.000462257,5.92988e-05,1,-0.000518581,0.000505775,2.59049e-05,1,-0.000488269,0.000489411,0,1
1788460200,0.000767598,3.99943e-06,0.000767598,-0.00013999,0.000629677,0.502226,0.000227341,0.000218771,0.0575478,-0.000890453,-0.00064893,-0.000337666,-0.000119461,1.27937e-06,0.000160177,0.000374372,0.00069809,0.000930652,0.000217799,0.000223,0.000223438,0.000216176,0.000219024,0.000231308,0.000239446,0.000236574,0.000431292,0,0.000374081,-0.000425183,0.000356157,0,0.496416,-0.000913641,-0.000366011,0.000338198,0.000844477,1788460200,-0.000426829,0.000429874,3.06343e-05,1,-0.000439989,0.000456321,6.8709e-05,1,0.000488181,0,0.000491601,1,0.000550763,0,0.000532472,1
1788460260,-0.000951589,-5.99474e-05,9.99043e-05,-0.00122764,0.000632731,0.507638,0.000302645,0.00032309,0.0418302,-0.000852497,-0.000609428,-0.000316811,-0.000109108,8.21605e-06,0.000165226,0.0003868,0.000723784,0.000956198,0.000299934,0.00029919,0.000294191,0.000291188,0.00029448,0.000302667,0.000314704,0.000315788,0.000427969,0,0.00034628,-0.00045485,0.00046202,0,0.498074,-0.000950407,-0.000380084,0.000377104,0.000965111,1788460200,0.000420383,1.63399e-05,0.000431304,1,-0.000459622,0.000471712,7.6153e-06,1,-0.000478369,0.000462687,3.57427e-05,1,-0.000496861,0.000491672,1.89912e-06,1
1788460320,0.00113541,-4.00018e-06,0.00125527,-5.6004e-05,0.000640665,0.503586,0.000371317,0.000360611,0.0412857,-0.000966754,-0.000682264,-0.000361414,-0.000131972,3.7573e-06,0.000179209,0.000420201,0.000784514,0.00104517,0.000371316,0.000380257,0.000360859,0.000342264,0.000377081,0.000385169,0.000378113,0.00039185,0.000473982,0,0.000414115,0.000506269,3.42781e-05,0.000510563,0.502743,-0.00107464,-0.000414454,0.00042509,0.00105663,1788460200,-0.000464813,0.000483681,1.80609e-05,1,0.000474176,4.28922e-06,0.000423679,1,0.000515304,0,0.000487663,1,-0.000477354,0.000471638,1.42869e-05,1
1788460380,0.000151823,-1.1987e-05,0.000291639,-5.19446e-05,0.000654236,0.507983,7.2769e-05,7.26859e-05,0.0421295,-0.000986189,-0.000703226,-0.00036844,-0.000128326,1.06337e-05,0.000186142,0.000433739,0.000828572,0.00109515,6.65924e-05,7.12074e-05,8.14434e-05,8.1166e-05,7.20325e-05,7.59967e-05,6.74786e-05,6.67327e-05,0.000487173,0,0.000404704,-0.00053072,0.000593287,0,0.496394,-0.00108089,-0.000442763,0.000436742,0.00113019,1788460200,0.000483803,9.22363e-05,0.000509445,1,0.000458219,6.21279e-05,0.000463682,1,0.000487771,0,0.000422909,1,0.000508396,1.20046e-05,0.000458496,1
1788460440,-0.000763342,-0.000115863,-1.99754e-05,-0.000763342,0.000648017,0.50674,0.000219158,0.000232637,0.0393405,-0.000907357,-0.000651443,-0.000336159,-0.000121648,8.20987e-06,0.000162247,0.000386596,0.000734196,0.000980088,0.000226373,0.00022047,0.000215373,0.000221037,0.000220483,0.000218705,0.000221992,0.000219657,0.000438753,0,0.00032977,-0.000441899,0.000372512,0,0.49353,-0.000958954,-0.000377042,0.000353347,0.00092408,1788460200,-0.000545291,0.000558666,4.12186e-05,1,0.000481163,4.87183e-05,0.000535572,1,0.000506528,1.81203e-05,0.000472771,1,0.000411187,1.15577e-06,0.0004493,1
1788460500,0.000143921,3.99807e-06,0.000343776,-9.59585e-05,0.000650524,0.506112,6.89409e-05,6.83226e-05,0.0387313,-0.000938387,-0.000669525,-0.000350429,-0.000123518,7.29238e-06,0.000169256,0.000402128,0.000765024,0.00101932,6.52089e-05,6.95321e-05,7.78948e-05,7.27053e-05,7.16712e-05,6.98246e-05,6.37225e-05,6.50514e-05,0.00045638,0,0.000341126,-0.000490374,0.000482886,0,0.496635,-0.00104625,-0.000409097,0.000405237,0.00103802,1788460500,0.000436646,3.94507e-05,0.000406264,1,0.000500466,8.06033e-05,0.000538292,1,0.000506096,1.38576e-05,0.000525172,1,0.000502875,1.25072e-05,0.000469201,1
1788460560,-0.000363839,1.99873e-05,9.59355e-05,-0.000395831,0.000644307,0.509608,0.000105049,0.000110369,0.0382119,-0.000886553,-0.000633201,-0.000326942,-0.000112679,1.15855e-05,0.000160719,0.000388383,0.000733104,0.000967966,0.000109732,0.000105344,0.00010983,0.000106911,0.000109012,0.000104124,0.000106398,0.000105066,0.000434622,0,0.000328946,0.000455749,0,0.000396273,0.500024,-0.000968901,-0.000377064,0.000380226,0.000957438,1788460500,0.000485686,7.61141e-05,0.00046424,1,0.00044835,2.70345e-05,0.000444142,1,0.000544379,4.77416e-05,0.000546048,1,0.000525809,1.77479e-05,0.00052861,1
1788460620,7.59774e-05,7.99789e-06,0.000127959,-0.000540005,0.000639904,0.500961,5.94545e-05,5.94261e-05,0.039828,-0.000866382,-0.000614885,-0.000324349,-0.000119491,1.11527e-07,0.000142489,0.000362634,0.000695042,0.000921056,6.11923e-05,6.37005e-05,6.76741e-05,6.08759e-05,6.6989e-05,6.02368e-05,5.24131e-05,5.43171e-05,0.000415356,0,0.000312208,-0.000436742,0.000368593,0,0.490267,-0.000948153,-0.000371359,0.000350572,0.00090215,1788460500,0.000447408,2.06279e-05,0.000456514,1,0.000464127,2.66031e-05,0.00048864,1,-0.000481392,0.000457907,0,1,-0.000527273,0.000540698,2.4161e-05,1
1788460680,0.000167929,3.99865e-06,0.000167929,-0.000211951,0.000633563,0.507327,6.94257e-05,6.62157e-05,0.0448129,-0.000845163,-0.000598173,-0.000315842,-0.000112223,8.37642e-06,0.000146953,0.000372728,0.000707413,0.000931171,6.8944e-05,7.17346e-05,7.28213e-05,7.40982e-05,7.2987e-05,6.79214e-05,6.57971e-05,6.46356e-05,0.000416941,0,0.000379614,-0.000437555,0.00041083,9.32046e-06,0.497852,-0.000916752,-0.000359968,0.00036687,0.000918781,1788460500,0.000421235,4.07339e-05,0.000409594,1,0.000441812,1.60664e-05,0.000465821,1,0.00048289,9.46449e-06,0.000473175,1,0.00046677,1.24967e-05,0.000440584,1
1788460740,1.99897e-05,-7.59646e-05,5.9968e-05,-0.000435875,0.000627645,0.510609,5.35461e-05,5.27929e-05,0.0519234,-0.000815497,-0.000580499,-0.000293512,-9.99488e-05,1.14626e-05,0.000145823,0.000353611,0.000674227,0.000890708,5.79372e-05,5.87723e-05,5.80889e-05,5.62353e-05,6.24727e-05,5.23339e-05,4.72386e-05,4.91219e-05,0.000394046,0,0.000330191,-0.000392555,0.000339229,0,0.498527,-0.000835657,-0.000319473,0.000325573,0.00082004,1788460500,-0.000420831,0.000463144,6.36307e-05,1,0.000410683,3.25789e-05,0.000441624,1,-0.000488874,0.000473751,0,1,0.00046708,1.0051e-05,0.000493957,1
1788460800,-0.000511863,-7.59631e-05,-7.59631e-05,-0.0007959,0.000621343,0.514658,0.000145795,0.000151111,0.0655868,-0.000811148,-0.000575303,-0.000296896,-0.000100622,1.68555e-05,0.000143094,0.000352291,0.000670327,0.000890525,0.000151305,0.000145026,0.000144691,0.00014542,0.000147165,0.000145738,0.000145072,0.00014812,0.000394229,0,0.000359916,-0.000371516,0.000352525,0,0.498364,-0.000775864,-0.00029932,0.000308422,0.000770239,1788460800,0.000371019,3.67283e-05,0.000392105,1,0.000440264,6.73472e-05,0.00047051,1,0.000435855,1.94117e-05,0.000437252,1,-0.00047157,0.000480971,2.7621e-06,1
1788460860,0.000319945,0,0.000395917,0,0.000619344,0.509583,9.40896e-05,9.06695e-05,0.0644082,-0.000841175,-0.000594618,-0.000313575,-0.000107645,1.10698e-05,0.000144131,0.000361857,0.000689406,0.000914884,9.42228e-05,9.57181e-05,9.3938e-05,9.91235e-05,9.81124e-05,9.21403e-05,9.28295e-05,9.12255e-05,0.000408937,0,0.000366132,-0.000402371,0.000387279,0,0.497341,-0.000855446,-0.000329737,0.000335359,0.000838982,1788460800,0.000361191,6.81549e-05,0.000382296,1,0.000394816,4.28226e-05,0.000393619,1,0.000495984,1.5917e-05,0.000493255,1,0.000450508,9.48115e-06,0.000445739,1
1788460920,-0.000499959,-5.19841e-05,1.19959e-05,-0.000728023,0.000614786,0.514279,0.000141948,0.000146805,0.0691945,-0.000775526,-0.000550461,-0.0002896,-9.63306e-05,1.56366e-05,0.000138334,0.000331184,0.000642933,0.000845553,0.000147876,0.00014167,0.000141289,0.000141862,0.000143247,0.000142225,0.000143506,0.000139424,0.00037621,0,0.000278756,-0.000353846,0.00032796,0,0.497142,-0.000731066,-0.000286341,0.000282287,0.000709762,1788460800,0.00037615,7.83463e-05,0.000406658,1,0.0003786,7.29309e-05,0.000387583,1,0.000450144,0,0.00040765,1,0.000499366,4.76506e-05,0.000466698,1
1788460980,-0.000116026,-6.40128e-05,-2.40043e-05,-0.000552245,0.000612701,0.509334,5.9529e-05,6.05233e-05,0.0705449,-0.000808297,-0.000572543,-0.00030887,-0.000108547,1.08586e-05,0.000141374,0.000350275,0.000673828,0.000879637,6.62196e-05,6.26022e-05,5.97561e-05,6.79948e-05,6.72609e-05,5.94344e-05,5.48421e-05,5.54107e-05,0.000398367,0,0.000342077,-0.000409536,0.000374873,0,0.494769,-0.000876471,-0.000341012,0.00033557,0.00084628,1788460800,0.000340814,3.71521e-05,0.000357316,1,0.000381551,6.16977e-05,0.000414666,1,0.000432694,4.06362e-05,0.000412275,1,0.000452463,2.52401e-05,0.000390945,1
1788461040,-2.80083e-05,4.80125e-05,6.40161e-05,-0.000224089,0.000606764,0.508638,5.31006e-05,5.30467e-05,0.0906108,-0.000776729,-0.000549943,-0.000292144,-0.000104014,9.44351e-06,0.000137086,0.000344771,0.000661996,0.000859906,6.05888e-05,5.68254e-05,5.24e-05,6.09212e-05,6.13268e-05,5.1733e-05,4.70901e-05,4.93368e-05,0.000385549,0,0.000365176,-0.000394874,0.000359536,0,0.499896,-0.000826315,-0.000318368,0.000334388,0.000831227,1788460800,0.000376095,7.19953e-05,0.000414994,1,0.000338648,4.50245e-05,0.00036139,1,0.000419285,4.22635e-05,0.000414669,1,0.000450543,6.04996e-05,0.00040834,1
1788461100,0.000456038,-8.40297e-05,0.000544022,-0.000220093,0.000600679,0.501886,0.000129708,0.000125336,0.106642,-0.000793167,-0.000576484,-0.000302352,-0.000108577,1.14278e-06,0.000132183,0.000340551,0.000649098,0.000839803,0.000127423,0.000129671,0.000128918,0.00012946,0.000130323,0.000130271,0.000131145,0.00012838,0.000388866,0,0.000379858,-0.000386655,0.000308175,2.13457e-06,0.494965,-0.000821349,-0.000322362,0.000316342,0.000780089,1788461100,-0.000373993,0.000418703,5.50161e-05,1,0.000384694,6.0484e-05,0.000429266,1,0.000379158,2.16881e-05,0.000370164,1,0.000443051,3.22303e-05,0.000424464,1
1788461160,0.000343891,0,0.000443838,-3.9995e-05,0.000598129,0.5121,9.67346e-05,9.16895e-05,0.0881679,-0.000781033,-0.000553197,-0.000292067,-9.85433e-05,1.32358e-05,0.000142629,0.000346156,0.000654779,0.000854829,9.82352e-05,9.84915e-05,9.77599e-05,0.000100684,0.000100163,9.90216e-05,9.32472e-05,9.62895e-05,0.000386957,0,0.000331639,-0.000400567,0.000405212,0,0.49636,-0.000846973,-0.000334647,0.000330899,0.000842229,1788461100,0.00035979,2.90665e-05,0.000409055,1,-0.000392834,0.000445284,2.66584e-05,1,0.000415698,3.35482e-05,0.000425721,1,0.000380443,1.36973e-05,0.000365345,1
1788461220,8.39555e-05,-3.99806e-06,0.000211874,-0.00024791,0.000594112,0.513537,5.42381e-05,5.31225e-05,0.080377,-0.0007601,-0.000541759,-0.000284425,-9.47105e-05,1.44567e-05,0.000139332,0.00032869,0.000630093,0.000825349,6.13558e-05,5.78729e-05,5.24407e-05,5.82261e-05,6.26521e-05,5.33692e-05,5.1333e-05,5.07869e-05,0.000371911,0,0.000299986,-0.000371257,0.00034881,0,0.495143,-0.000790065,-0.000310377,0.000300674,0.000779822,1788461100,0.000394656,4.89552e-05,0.000412651,1,0.000406454,5.36703e-05,0.000378173,1,0.000445243,9.61348e-06,0.000438446,1,0.000444288,1.98937e-05,0.000427099,1
1788461280,0.000463627,1.19931e-05,0.0005795,-0.000111942,0.00058826,0.514046,0.000131004,0.000125311,0.0874518,-0.000734316,-0.000518984,-0.000272055,-9.13937e-05,1.45504e-05,0.000132001,0.00032047,0.000617576,0.000812364,0.000129339,0.000131704,0.000130904,0.000131217,0.00012829,0.000132394,0.00012944,0.000132215,0.000359415,0,0.000321105,-0.000361003,0.000337319,0,0.495554,-0.0007581,-0.000297971,0.000296111,0.000759317,1788461100,0.000361818,5.80724e-05,0.000360243,1,0.000391568,6.23688e-05,0.000403709,1,0.000432864,0,0.000379985,1,0.000451991,3.43842e-05,0.000419969,1
1788461340,0.00110624,-1.99795e-05,0.00115414,-1.99795e-05,0.000586028,0.517158,0.000394154,0.000384205,0.0774761,-0.00076715,-0.000546369,-0.000281644,-9.34938e-05,1.88783e-05,0.00014176,0.000334431,0.000639286,0.000842497,0.000356369,0.000387448,0.000405738,0.000376181,0.00036886,0.000401096,0.000397783,0.000407264,0.000374634,0,0.000339574,-0.000385203,0.000398313,0,0.496655,-0.000807153,-0.000320558,0.000319698,0.000822592,1788461100,0.000368153,6.30422e-05,0.000365598,0,0.000370459,5.0211e-05,0.000364397,0,0.00043856,3.17924e-05,0.000412844,0,0.000408262,2.29585e-05,0.000390435,0
1788461400,0.000658371,-6.78568e-05,0.000658371,-0.000123742,0.000600862,0.513473,0.000187012,0.000179401,0.0522407,-0.000871652,-0.000632229,-0.000326115,-0.000111112,1.6927e-05,0.000157847,0.000374991,0.000724191,0.000958038,0.000183262,0.000185608,0.000185455,0.000185376,0.000176916,0.00018604,0.000188547,0.000192213,0.00042565,0,0.000385501,-0.000463742,0.000495287,0,0.492704,-0.000957629,-0.000391424,0.000378569,0.00101094,1788461400,0.000393186,5.32303e-05,0.000390545,0,0.000378508,5.63089e-05,0.000375591,0,0.000411773,1.51693e-05,0.000369573,0,0.000454893,1.31915e-05,0.000422673,0
1788461460,0.000203409,-0.000151586,0.000458609,-0.000327136,0.000602066,0.51644,7.59324e-05,7.05338e-05,0.0585241,-0.000841066,-0.000611835,-0.000313157,-0.000103248,1.98403e-05,0.000155037,0.000369973,0.00070499,0.00093632,7.45726e-05,7.50612e-05,7.86381e-05,7.46094e-05,7.25686e-05,7.78547e-05,7.35757e-05,7.87694e-05,0.000415436,0,0.000335762,-0.000440394,0.000437459,0,0.493994,-0.000920608,-0.00037139,0.000360196,0.000966573,1788461400,-0.000471649,0.000525274,2.4998e-07,1,0.000379135,5.98647e-05,0.000388104,0,0.00042177,2.37314e-05,0.000397211,0,0.000414705,8.08507e-06,0.000379684,0
1788461520,0.000629906,0,0.000869007,0,0.000596709,0.520189,0.000178087,0.000169143,0.0627886,-0.000844232,-0.000608953,-0.000318063,-0.000102747,2.53872e-05,0.000167811,0.000374233,0.000708378,0.000940377,0.000174831,0.000177597,0.000177382,0.000177527,0.000166085,0.000177755,0.000178907,0.000181494,0.000421102,0,0.000365414,-0.000445022,0.000470536,0,0.498777,-0.000921098,-0.00036794,0.000371151,0.000982149,1788461400,0.000451381,6.34236e-05,0.000428618,1,0.000438346,9.18019e-05,0.000447847,1,0.000419898,3.57713e-05,0.00040207,0,0.000425078,3.62045e-05,0.000402507,0
1788461580,0.000677304,0.000111588,0.000697218,-9.56564e-05,0.000597391,0.52106,0.000191006,0.000181109,0.0702428,-0.000836717,-0.00060798,-0.000318139,-0.00010408,2.71294e-05,0.000173033,0.000387789,0.000727089,0.000968723,0.000187508,0.000191,0.000190541,0.000190689,0.000176752,0.000190821,0.000193052,0.000194646,0.000429775,0,0.000359107,-0.000450861,0.000481082,0,0.496083,-0.000928912,-0.000375483,0.000372597,0.000997287,1788461400,0.000449477,8.57975e-05,0.000441805,0,0.000437043,6.72977e-05,0.000425843,1,0.000473538,5.53455e-05,0.000453301,0,0.000428993,1.93775e-05,0.000418023,0
1788461640,-0.000972274,-3.18629e-05,8.36352e-05,-0.00110783,0.000599094,0.520505,0.000311471,0.000334949,0.0826239,-0.000848193,-0.000618534,-0.000322854,-0.000109569,2.76444e-05,0.000175179,0.00039638,0.00076419,0.00100481,0.000311498,0.000318657,0.0003056,0.00030165,0.000332628,0.000309449,0.000323603,0.000298919,0.000437897,0,0.000371652,-0.000450805,0.00044267,0,0.495408,-0.00093108,-0.000373807,0.000374095,0.0010084,1788461400,-0.000454413,0.000516614,0,1,-0.000433409,0.000492933,1.25985e-05,1,0.000467308,1.32878e-05,0.000429938,1,-0.000483017,0.000490543,0,1
1788461700,0.000797016,1.19599e-05,0.000804983,1.19599e-05,0.000608803,0.516343,0.000232798,0.000220216,0.0494087,-0.000932225,-0.000661221,-0.000348087,-0.000116601,2.23035e-05,0.000175985,0.000401406,0.000763318,0.00101548,0.000227522,0.000234982,0.000224245,0.000224194,0.000216164,0.000231436,0.000238983,0.00024736,0.000454906,0,0.000411967,0.000479771,1.80856e-05,0.000463444,0.50027,-0.00100858,-0.000391003,0.000402867,0.00104371,1788461700,-0.000448663,0.000501114,0,1,-0.000418015,0.000482174,2.6418e-05,1,-0.000461505,0.0004781,0,1,0.000456166,8.42743e-06,0.000436875,1
1788461760,0.000127464,-4.78031e-05,0.000629194,-0.000179273,0.000613134,0.52547,6.48716e-05,6.32911e-05,0.0536452,-0.000871777,-0.000625396,-0.000320193,-9.97775e-05,3.32604e-05,0.000176547,0.000396964,0.000766767,0.000997887,6.39975e-05,6.44956e-05,7.47418e-05,6.33722e-05,6.68296e-05,6.86645e-05,6.11087e-05,6.46448e-05,0.000437724,0,0.000338941,-0.000447609,0.000453385,0,0.498331,-0.000916344,-0.000366255,0.000375276,0.000992094,1788461700,0.00047681,6.87153e-05,0.000469192,1,-0.000425979,0.000494374,1.62718e-05,1,-0.000445812,0.000479788,6.83018e-06,1,-0.000447471,0.000466715,2.09798e-05,1
1788461820,0.000633094,0,0.000768421,0,0.000607239,0.520033,0.000182206,0.00017108,0.0477809,-0.000906848,-0.000649195,-0.000338658,-0.000114148,2.79877e-05,0.000173569,0.000389014,0.000758349,0.00100916,0.000175384,0.000178458,0.000178416,0.000178498,0.000165927,0.000178891,0.000189095,0.000189924,0.000442066,0,0.000402716,-0.000469382,0.00043674,5.83509e-07,0.492314,-0.000985879,-0.000397187,0.000377656,0.00101409,1788461700,-0.000461133,0.000444542,1.41837e-05,1,-0.000462453,0.000468168,3.07e-05,1,-0.000457518,0.000478081,0,1,-0.000443229,0.000452528,2.70621e-05,1
1788461880,0.000628716,-1.5922e-05,0.000982692,-0.000107478,0.000607767,0.524778,0.000179809,0.000167714,0.0480356,-0.000872183,-0.000628979,-0.000326588,-0.000104836,3.37318e-05,0.00017784,0.0003981,0.000772711,0.00104848,0.000173783,0.000177184,0.000177153,0.000177028,0.00016229,0.000177511,0.000181848,0.000191229,0.000441556,0,0.000356461,-0.000449948,0.000448319,0,0.497814,-0.000925647,-0.0003713,0.000373311,0.00100696,1788461700,-0.000459476,0.000490747,2.12903e-05,1,-0.000431183,0.00044331,1.33435e-05,1,-0.000444274,0.000453737,2.95493e-05,0,-0.000460051,0.000473132,0,1
1788461940,-0.000274517,-0.000139238,-3.97804e-05,-0.00056503,0.000608193,0.52325,9.1092e-05,9.77956e-05,0.0487606,-0.000944357,-0.000680959,-0.000352488,-0.000116905,3.46772e-05,0.000188768,0.000417783,0.000816236,0.00112354,9.34659e-05,8.82717e-05,9.38669e-05,9.68437e-05,0.000101377,8.86808e-05,8.65201e-05,9.09095e-05,0.000469152,0,0.000421352,-0.00048239,0.000489595,0,0.498602,-0.000984905,-0.000396775,0.000398903,0.00107447,1788461700,-0.000461971,0.000476766,2.37643e-07,1,-0.000466867,0.000490041,3.27441e-05,1,-0.000440206,0.000449384,4.0496e-06,1,-0.000461506,0.000461688,2.5189e-05,1
1788462000,0.000266561,-7.16255e-05,0.000266561,-0.000445753,0.000603331,0.511176,9.6722e-05,8.9348e-05,0.0418765,-0.000999917,-0.000733431,-0.000386239,-0.000135716,1.67723e-05,0.000179004,0.000436333,0.000818362,0.00109949,8.52102e-05,8.61836e-05,9.01802e-05,0.00010278,8.05962e-05,8.61291e-05,0.000109491,0.000100892,0.000498011,0,0.000578092,-0.000489418,0.000521688,8.59295e-05,0.49406,-0.00100639,-0.00040392,0.000401965,0.00105863,1788462000,-0.000476933,0.000510631,3.18203e-05,1,-0.000453051,0.00046929,0,1,-0.000456967,0.000465849,4.57863e-05,1,-0.000434679,0.00042242,6.27619e-06,1
1788462060,0.000481221,-5.56935e-05,0.00123242,-9.54764e-05,0.000598455,0.528957,0.000137745,0.000124997,0.0420569,-0.000873739,-0.000618973,-0.000308488,-9.52742e-05,3.78576e-05,0.000182099,0.000401124,0.000778813,0.00104515,0.000132813,0.000136058,0.000135911,0.00013614,0.000120027,0.000136386,0.000141231,0.000143605,0.000435368,0,0.000397655,0.000413181,0,0.000396468,0.502316,-0.000844655,-0.000325975,0.000356838,0.000944807,1788462000,-0.000501124,0.000561751,3.48161e-05,1,-0.000476329,0.000515734,1.15441e-05,1,-0.000452958,0.000454556,0,1,-0.000474624,0.000474195,1.9628e-05,1
1788462120,3.18081e-05,-9.54305e-05,0.000910108,-0.000401665,0.000596337,0.527309,6.48804e-05,6.36589e-05,0.0431933,-0.000946358,-0.00067532,-0.00034779,-0.000111598,4.10306e-05,0.000198385,0.000427362,0.000801819,0.00111012,5.85456e-05,5.7115e-05,5.98021e-05,7.75553e-05,6.23434e-05,5.71752e-05,6.57383e-05,7.08438e-05,0.000473546,1.64375e-05,0.000463886,0.000468887,5.83281e-05,0.000486328,0.5012,-0.000960985,-0.000380417,0.000394604,0.00105427,1788462000,-0.000380654,0.000422711,6.66796e-05,1,-0.000581419,0.0005697,0,1,-0.000469848,0.000488565,1.21225e-05,1,-0.000437085,0.000425313,5.51054e-06,1
1788462180,0.000981579,5.96375e-05,0.0010213,5.96375e-05,0.00059036,0.527864,0.000297515,0.000281864,0.0491475,-0.00095101,-0.000674318,-0.000343727,-0.000103832,3.9194e-05,0.000198726,0.000430049,0.000817606,0.00112032,0.00029842,0.000318024,0.000316567,0.000275847,0.000278943,0.000325687,0.000299678,0.000290436,0.000473415,2.77589e-05,0.000489379,0.00045682,6.45149e-05,0.000485884,0.503293,-0.000934867,-0.000368048,0.000387205,0.00102729,1788462000,-0.00042222,0.000501044,7.2581e-05,1,-0.000406889,0.000428097,2.09908e-05,1,-0.000564309,0.000478624,0,1,-0.000470546,0.000460138,1.6693e-05,1
1788462240,0.00328742,3.57478e-05,0.00328742,-7.54718e-05,0.000600687,0.52557,0.00143749,0.00141855,0.0405604,-0.000921932,-0.000665845,-0.000341826,-0.000104104,3.4938e-05,0.000190908,0.000428468,0.000821882,0.00112965,0.00144398,0.00146547,0.00144635,0.00143618,0.00142079,0.00146551,0.00144614,0.00136987,0.00047018,0,0.000432022,-0.000438512,0.000449939,0,0.49733,-0.000894168,-0.00035806,0.000366934,0.0010038,1788462000,-0.000408446,0.000510178,8.44116e-05,0,-0.000436509,0.000479901,4.79227e-05,0,-0.000419236,0.000426443,1.74299e-05,0,-0.000458243,0.000448859,6.0089e-05,0
1788462300,-0.00276325,-5.9387e-05,0.00152701,-0.00360126,0.000754819,0.5235,0.00104819,0.00108258,0.903047,-0.00166274,-0.00124431,-0.000635205,-0.000193753,5.85918e-05,0.000328758,0.000752628,0.00148594,0.00206291,0.0012076,0.00114402,0.000999645,0.00109429,0.00105314,0.00100597,0.00102888,0.000980445,0.000845334,7.3855e-05,0.000847519,-0.000809879,0.000937785,8.67174e-05,0.494075,-0.00156737,-0.000652552,0.00065488,0.0018226,1788462300,-0.0004122,0.000448728,5.79261e-05,1,-0.000439531,0.000481652,5.01165e-05,1,-0.000432407,0.000481796,5.54601e-05,1,-0.000424773,0.00043145,0,1
1788462360,-0.00109234,-1.98501e-05,0.000432633,-0.00236493,0.000843248,0.525364,0.000315677,0.000332992,0.990556,-0.00203308,-0.00147856,-0.000746692,-0.000230748,7.72689e-05,0.000407421,0.000910248,0.00171922,0.00227907,0.000371887,0.000311929,0.000311765,0.000313395,0.000348893,0.000309772,0.000323978,0.000314517,0.00101237,0.000148002,0.0010561,0.000999306,0.000308575,0.00114691,0.511676,-0.00199306,-0.000764258,0.000819145,0.00207971,1788462300,-0.00079556,0.000837213,8.20958e-05,0,-0.000427931,0.000463523,4.45929e-06,1,-0.000432684,0.000475928,6.02357e-05,1,-0.000463702,0.000458004,4.88411e-05,1
1788462420,2.38456e-05,3.9743e-06,0.00110822,-0.00139596,0.000848946,0.525854,0.000124432,0.00012716,0.988657,-0.00188163,-0.00136734,-0.000692356,-0.000202839,6.95426e-05,0.000382394,0.000857341,0.00162316,0.00213892,5.85013e-05,9.20447e-05,0.000147415,0.000152254,0.000192958,0.000120737,0.000126795,0.000104627,0.000947038,4.77873e-05,0.000913299,0.00090755,0.000264037,0.000958548,0.511703,-0.00180238,-0.000690492,0.000785016,0.0019698,1788462300,0.000855578,0.000258918,0.00103156,1,-0.000760998,0.000907423,0,0,-0.000432058,0.000455493,0,1,-0.000456607,0.000462303,5.66723e-05,1
1788462480,-0.00209263,0.000123193,0.000123193,-0.00219618,0.000840421,0.520301,0.000684725,0.000718986,0.981416,-0.00183882,-0.00132119,-0.000669641,-0.000203591,5.10036e-05,0.000341397,0.000792612,0.00153096,0.00202156,0.000870493,0.000774146,0.000642721,0.00061911,0.000595309,0.000707894,0.00067124,0.000758944,0.000890755,0,0.000952553,0.000913905,6.99297e-05,0.00114316,0.501587,-0.00185033,-0.00071912,0.00075722,0.00193197,1788462300,-0.00081735,0.000863226,0.000238277,1,-0.000922726,0.000888302,0.00017827,1,0.000746705,0.000131515,0.000746497,0,-0.00042983,0.000415086,9.03731e-06,0
1788462540,0.000398175,-3.98262e-05,0.000629044,-5.97399e-05,0.000883042,0.521305,0.000156847,0.000146515,0.986394,-0.00194068,-0.00140162,-0.000710164,-0.000215184,5.72994e-05,0.000360386,0.000827321,0.00156599,0.00204028,0.000109721,0.000136927,0.00017515,0.000165611,0.000224287,0.000157182,0.000157699,0.000134822,0.000936116,0,0.000924974,0.000900435,1.88843e-05,0.000982547,0.500299,-0.00190512,-0.000722732,0.000749777,0.00189417,1788462300,-0.000753901,0.000765136,0.000293417,1,-0.000790551,0.000741463,0.000187629,1,-0.000831835,0.000763066,0.00018902,1,-0.000754104,0.000729298,6.89636e-05,0
1788462600,4.77703e-05,-7.96194e-06,0.000354242,-0.000143325,0.000875978,0.525794,0.000110047,0.000108921,0.975366,-0.00168316,-0.00124821,-0.000615413,-0.000173513,5.90952e-05,0.000326574,0.000725378,0.00138938,0.00182946,5.99832e-05,9.64562e-05,0.000139215,0.000113709,0.000180527,0.000113645,0.000104946,8.6974e-05,0.000819441,0,0.000725675,0.00071822,0,0.000666791,0.501185,-0.00152914,-0.000584556,0.000606655,0.00155003,1788462600,-0.000744488,0.000794069,0.000192372,1,-0.000787276,0.000781432,0.000229192,1,-0.000789049,0.000754733,0.000169412,1,-0.000847796,0.000816638,0.000143279,1
1788462660,-0.00127466,0,6.76707e-05,-0.00130256,0.000867201,0.520116,0.000362613,0.000388224,0.957751,-0.00156549,-0.00114391,-0.000560718,-0.000162991,4.01707e-05,0.000284291,0.000644771,0.00124217,0.0016618,0.000460823,0.000379635,0.000360805,0.000375879,0.000344507,0.000373347,0.00034901,0.000381322,0.000735196,0,0.000691101,-0.00065807,0.000527214,7.04665e-07,0.49397,-0.00141792,-0.000549142,0.000534221,0.00139306,1788462600,-0.000665934,0.000575684,0.000126126,1,-0.000794612,0.000707331,0.000166544,1,-0.000789306,0.000771324,0.000232986,1,-0.000768253,0.000743295,0.000179648,1
1788462720,0.000418426,2.39148e-05,0.000984019,-7.97172e-06,0.000877206,0.519778,0.000147443,0.000137365,0.932429,-0.0016326,-0.0011944,-0.000596757,-0.000173982,4.20288e-05,0.000303161,0.000689887,0.00131817,0.00174835,0.000114681,0.000139245,0.000164139,0.000142172,0.000213366,0.000154644,0.000144248,0.000136078,0.00078396,0,0.000694992,0.000746693,0,0.000763866,0.500052,-0.00160038,-0.000607382,0.000635089,0.00161683,1788462600,-0.000618698,0.000576892,7.56101e-05,1,-0.000695805,0.000599989,4.32749e-05,1,-0.00076051,0.000680303,0.000120158,1,-0.000870024,0.00083747,8.34608e-05,1
1788462780,0.000828365,9.56156e-05,0.00105923,-6.77333e-05,0.000870404,0.523711,0.000238151,0.00022025,0.859343,-0.00149153,-0.00108168,-0.000547189,-0.000153438,4.66077e-05,0.000288105,0.000634325,0.00120934,0.00162785,0.000238034,0.000234244,0.000234814,0.000233665,0.000270059,0.000240152,0.000238205,0.000242687,0.000720084,0,0.000623658,0.000728366,2.2164e-05,0.000725031,0.50225,-0.00153418,-0.000594308,0.000618438,0.00157306,1788462600,-0.000708288,0.000714768,5.83919e-05,1,-0.000679896,0.000621473,4.49416e-05,1,-0.000723131,0.000602803,0,1,-0.00080109,0.000719436,5.3377e-05,1
1788462840,-0.00109534,-3.98096e-05,-3.98096e-05,-0.00129064,0.000869583,0.523308,0.000307183,0.00032447,0.713324,-0.00148506,-0.00108819,-0.000543972,-0.000160652,4.77666e-05,0.000285687,0.000632643,0.00119327,0.00160774,0.000370836,0.000310297,0.000310317,0.000316679,0.000295627,0.000314267,0.000306218,0.000311792,0.000717745,0,0.000660077,-0.000689564,0.000685619,2.4515e-05,0.495781,-0.00145746,-0.000573282,0.000574221,0.00149095,1788462600,-0.000715841,0.000663609,8.22962e-05,1,-0.000707865,0.000651307,6.92054e-05,1,-0.000681073,0.00059941,4.66471e-05,1,-0.000673682,0.000584659,1.25706e-05,1
1788462900,-0.000777424,-1.19558e-05,-7.97051e-06,-0.000821296,0.000874669,0.517389,0.000217604,0.000232911,0.36683,-0.00158561,-0.0011837,-0.000598555,-0.000182609,3.77007e-05,0.00029572,0.000671241,0.0012557,0.00165908,0.000233379,0.000221112,0.000221923,0.0002222,0.000220995,0.000225012,0.000211479,0.000213819,0.000771394,0,0.000719467,-0.000771682,0.000753526,7.46602e-05,0.493042,-0.00163013,-0.000651361,0.000631276,0.00160002,1788462900,-0.000691843,0.000664987,4.82291e-05,1,-0.000711331,0.000656543,6.34254e-05,1,0.000690504,0,0.000726824,1,-0.000668627,0.000628062,1.13209e-05,1
1788462960,0.000625973,0,0.000964712,-3.98835e-06,0.000872831,0.522964,0.000181775,0.000164638,0.0602138,-0.00139636,-0.0010157,-0.000505606,-0.000138645,4.02879e-05,0.00026408,0.000594738,0.00113122,0.00150172,0.000172365,0.000177877,0.000185672,0.000176815,0.000233747,0.000184478,0.000186596,0.000179842,0.00067162,0,0.000501186,-0.000663732,0.00061931,0,0.495287,-0.00142378,-0.000543511,0.00055837,0.00143142,1788462900,0.000756371,7.87647e-06,0.00084979,1,0.000688547,8.14353e-06,0.000734258,1,-0.000723378,0.000674598,5.17086e-05,1,-0.00069744,0.000647759,5.25599e-05,1
1788463020,0.000494122,8.76847e-05,0.000733126,-0.00011161,0.000868581,0.523386,0.000149355,0.000138894,0.0748675,-0.00138295,-0.00100862,-0.000508187,-0.000149064,4.44413e-05,0.000272481,0.000599934,0.00112691,0.00150426,0.000135535,0.00015007,0.000159854,0.00014554,0.000202258,0.000156805,0.000151059,0.000146115,0.000676375,0,0.00056243,-0.000672705,0.00067599,0,0.49698,-0.00142191,-0.000557703,0.00056006,0.00142756,1788462900,0.000661957,0,0.000671968,1,0.00080029,1.58525e-06,0.000795697,1,-0.000695273,0.000696917,4.81545e-05,1,-0.000699705,0.000651328,7.64174e-05,1
1788463080,0.000840244,0,0.000995473,-0.000498108,0.000862686,0.523303,0.000242544,0.000223603,0.101925,-0.00134863,-0.000986491,-0.00049392,-0.000146649,4.35071e-05,0.000267422,0.000580114,0.0010803,0.00145724,0.000242018,0.000237186,0.00023701,0.000236367,0.000261171,0.000242852,0.000250272,0.000244889,0.000655973,0,0.000571751,-0.000665008,0.000628886,0,0.496283,-0.00140774,-0.000552934,0.000551703,0.00142702,1788462900,-0.000677822,0.000626191,5.21593e-05,1,-0.000636504,0.000586095,4.61916e-05,1,0.000721626,0,0.000735884,1,0.000706297,0,0.000728262,1
1788463140,0.000708283,0.000155229,0.000708283,-0.000175159,0.000862243,0.526097,0.000204167,0.000183876,0.106499,-0.00139381,-0.00103136,-0.000518018,-0.000149805,5.16813e-05,0.00029143,0.000626068,0.00114653,0.00155039,0.000194275,0.00020052,0.000200281,0.000200206,0.000219738,0.000206361,0.000206648,0.000208928,0.000700114,0,0.00064859,-0.000725005,0.000770919,3.88177e-05,0.498409,-0.00150309,-0.000599439,0.000610285,0.00158183,1788462900,-0.000678942,0.000650871,2.87148e-05,1,0.000654755,0,0.000729936,1,0.00063359,0,0.000656814,1,0.0006625,0,0.000774797,1
1788463200,0.00158982,-6.76233e-05,0.00158982,-0.000417747,0.000859434,0.530936,0.000524906,0.000497117,0.138291,-0.00131584,-0.000976004,-0.000484866,-0.000135011,5.89353e-05,0.000285827,0.000602009,0.00108512,0.0014628,0.000593303,0.000511882,0.00049691,0.000524643,0.000455699,0.000515004,0.000544977,0.000546254,0.000667356,0,0.000587586,-0.000649174,0.000623169,0,0.49596,-0.00135536,-0.000539903,0.000540023,0.00139713,1788463200,-0.000761118,0.000739903,5.04798e-05,0,0.000690394,0,0.000717304,0,-0.000663666,0.000656762,7.9149e-05,0,0.00062742,0,0.000681869,0
1788463260,0.000420879,1.98568e-05,0.000535994,-0.000953588,0.000880003,0.523099,0.000148793,0.000135476,0.0566149,-0.00156578,-0.00117659,-0.000595568,-0.000181307,5.34015e-05,0.000325366,0.000708718,0.00128033,0.00174622,0.00011431,0.000138436,0.00014691,0.00014727,0.000159916,0.000158426,0.000146594,0.000158662,0.000796487,0,0.000736104,-0.00077727,0.000886216,1.99415e-05,0.496983,-0.00158067,-0.000644605,0.000650425,0.00171949,1788463200,0.000726808,0,0.000698468,0,0.00075689,2.28565e-05,0.000772704,0,-0.000691331,0.000666701,3.80412e-05,0,-0.000665938,0.000655074,5.41086e-05,0
1788463320,-0.00118765,-0.000127039,-0.000127039,-0.00127907,0.00087319,0.529229,0.000334594,0.000363371,0.0802904,-0.00147474,-0.00110226,-0.000555401,-0.000160844,6.49884e-05,0.000324616,0.000689334,0.00125732,0.00169005,0.000417587,0.000347797,0.000339867,0.00033695,0.000356329,0.000339451,0.000336447,0.000330642,0.000762897,0,0.000719498,0.000755977,4.83815e-05,0.000806343,0.500778,-0.00154907,-0.000615425,0.00064456,0.00168815,1788463200,0.00085055,0,0.000853765,1,0.000717622,0,0.000702856,1,0.000759629,1.94178e-06,0.000780784,1,0.000675344,2.6384e-06,0.000700126,1
1788463380,4.37178e-05,7.94884e-06,0.000842226,-0.00011129,0.00088058,0.533241,9.57786e-05,9.67495e-05,0.0414366,-0.00143149,-0.00107124,-0.000534103,-0.000140881,6.83941e-05,0.000319745,0.000653752,0.00119199,0.00158591,5.99107e-05,9.43424e-05,0.000102255,9.46338e-05,0.000131353,0.000117421,8.8991e-05,8.58926e-05,0.000729452,0,0.000599858,0.000712787,3.8518e-05,0.000667618,0.50204,-0.00150606,-0.000575945,0.000614369,0.00158323,1788463200,0.000790397,3.85965e-05,0.000812956,1,0.000778622,7.48627e-05,0.000807333,1,0.000718642,0,0.000727976,1,0.000729426,1.52117e-05,0.000767328,1
1788463440,-7.55138e-05,0.000115247,0.000341728,-0.000266311,0.000871752,0.534131,9.20665e-05,9.68805e-05,0.0577067,-0.00135984,-0.000993894,-0.000501438,-0.000125933,6.3447e-05,0.000294557,0.000615245,0.00112381,0.0015063,6.48936e-05,9.5821e-05,9.88821e-05,0.000103131,0.000129807,0.00010237,8.25533e-05,7.59468e-05,0.000684434,0,0.000578152,0.000704209,6.8943e-05,0.00069347,0.504586,-0.0014529,-0.000570426,0.000601883,0.00154098,1788463200,0.000721068,5.37343e-05,0.000681724,1,0.000773114,6.23397e-05,0.000811401,1,0.000766717,6.38054e-05,0.000824539,1,0.000675948,3.18495e-05,0.000690563,1
1788463500,-0.00122492,0,7.94909e-06,-0.0018459,0.000863056,0.533044,0.000368716,0.000395088,0.0910038,-0.00126704,-0.000928478,-0.000451493,-0.000111687,5.34156e-05,0.000263621,0.000562712,0.0010402,0.00139284,0.000436088,0.000364377,0.00036636,0.000366637,0.000353137,0.000373964,0.000366541,0.00038247,0.00062382,0,0.000541927,-0.000638295,0.000568773,0,0.498579,-0.00134757,-0.000521389,0.000534985,0.00139025,1788463500,-0.00068131,0.00070405,7.27727e-05,1,0.000664098,0,0.000722274,1,0.000757558,3.06428e-05,0.000836201,1,0.000739391,4.11044e-05,0.000822614,1
1788463560,0.000525147,-7.9589e-06,0.00116927,-0.00011541,0.000871767,0.531027,0.000156903,0.00014497,0.0455567,-0.00144562,-0.00106207,-0.000534246,-0.000132257,5.79258e-05,0.000303175,0.000652241,0.00120173,0.00159378,0.000143269,0.000154389,0.000156061,0.000168407,0.00018234,0.000166009,0.000151676,0.000153883,0.000726324,0,0.000679775,0.000733889,6.71777e-05,0.000819043,0.506546,-0.00153936,-0.000586566,0.000637058,0.0015926,1788463500,0.000599775,8.56257e-06,0.000641575,1,-0.000639128,0.000648364,0.000131177,1,0.000636901,2.48728e-05,0.000699117,1,0.000736333,7.50549e-05,0.000801,1
1788463620,-1.59095e-05,3.97727e-05,0.000270423,-0.000147173,0.000866195,0.534805,8.82005e-05,9.2493e-05,0.0538758,-0.0013432,-0.0009976,-0.0004996,-0.000117757,6.10156e-05,0.000290477,0.000609181,0.00111823,0.00149484,6.16092e-05,9.121e-05,9.01e-05,0.000104412,0.00011976,9.30128e-05,8.07857e-05,7.46751e-05,0.000679703,0,0.000599263,0.000697371,7.80377e-05,0.000726883,0.50797,-0.00143812,-0.00056013,0.000601964,0.00152299,1788463500,0.000656094,5.87762e-05,0.000790056,1,-0.000599266,0.000604032,7.48026e-05,1,-0.000631843,0.000668212,0.000160339,1,0.00062893,2.48519e-05,0.000727662,1
1788463680,0.000604383,4.77278e-05,0.00107332,-7.95513e-05,0.000857492,0.532451,0.000176158,0.000155617,0.0805183,-0.00120684,-0.000899407,-0.00043707,-0.000102311,4.75034e-05,0.000253034,0.000531417,0.000974699,0.00131564,0.000164769,0.000171578,0.000170864,0.000170715,0.000184872,0.000175449,0.000185608,0.000178207,0.000595151,0,0.000509068,0.00056779,0,0.00055463,0.502035,-0.00118705,-0.000452417,0.000470937,0.00121048,1788463500,-0.000635381,0.000652114,0.000137919,1,-0.000657263,0.000675886,0.000127731,1,-0.000594896,0.000607152,8.5673e-05,1,-0.000619194,0.000649446,0.000168486,1
1788463740,-0.000361791,-3.18005e-05,0.000190782,-0.0004453,0.000853166,0.536689,0.000121867,0.000134921,0.0877826,-0.00124765,-0.000933138,-0.000466591,-0.000106347,5.96518e-05,0.000281113,0.000581865,0.00104554,0.00141548,0.000112522,0.000125905,0.000120694,0.000133989,0.000145801,0.000113136,0.000120269,0.000113607,0.000644018,0,0.000580605,0.000654319,6.07059e-05,0.000662672,0.506229,-0.00134594,-0.000529734,0.00056039,0.0014334,1788463500,-0.000523096,0.000553637,3.78393e-05,1,-0.000625651,0.000652285,0.000106364,1,0.000650315,2.60001e-05,0.00074995,1,-0.00059936,0.000626679,5.75326e-05,1
1788463800,-0.00106626,-5.96484e-05,0.000127238,-0.00125336,0.00084614,0.529779,0.000301403,0.000326646,0.122043,-0.00128183,-0.000971456,-0.000479484,-0.000116454,4.79495e-05,0.000271225,0.000581048,0.00101847,0.00136108,0.000357188,0.000306603,0.00031888,0.000302729,0.000305938,0.000335104,0.000291064,0.000299795,0.000650163,0,0.000610459,0.000647788,0,0.000669644,0.502855,-0.00135852,-0.000534665,0.000544475,0.00137364,1788463800,-0.000633774,0.000671814,6.97183e-05,1,-0.000554446,0.000560933,4.27898e-05,1,-0.000637497,0.000670992,9.10368e-05,1,0.00067643,2.32778e-05,0.000737308,1
1788463860,-0.000537537,-3.1846e-05,0.000202994,-0.000617197,0.0008511,0.535583,0.000156194,0.000172771,0.08142,-0.00124343,-0.000909513,-0.000449244,-0.000104242,5.57013e-05,0.000275532,0.000582487,0.00104353,0.00138831,0.000161241,0.000154633,0.000153601,0.000161031,0.000165987,0.000156157,0.0001637,0.000151373,0.000635014,0,0.000547226,0.000651558,7.34428e-05,0.000672364,0.507751,-0.00136453,-0.000516875,0.000569815,0.00142556,1788463800,0.000558098,9.838e-05,0.000659604,1,-0.000625632,0.000666854,5.56949e-05,1,-0.000558362,0.000565386,5.00847e-05,1,-0.000634333,0.000640478,9.26544e-05,1
1788463920,-0.000330629,0,0.000135407,-0.000948362,0.000845968,0.534719,0.000111948,0.000122861,0.109548,-0.00115234,-0.000847397,-0.000416515,-9.62213e-05,4.93743e-05,0.000254285,0.000541345,0.000956475,0.00127327,0.000104781,0.000119426,0.000113377,0.000117579,0.000125634,0.000105833,0.000109728,0.000105328,0.00058972,0,0.00046417,0.000602243,9.81633e-06,0.000604824,0.507197,-0.00127112,-0.000474824,0.000524544,0.00130559,1788463800,0.000549342,0.000128179,0.000663634,1,0.000641389,3.36333e-05,0.000627114,1,0.000628457,4.00843e-05,0.000684604,1,0.00055565,2.85159e-05,0.000592275,1
1788463980,0.000776606,0,0.00115871,0,0.00083877,0.529843,0.000218383,0.000200619,0.140279,-0.00114225,-0.000842015,-0.000415402,-0.000106943,4.40634e-05,0.000254329,0.00054699,0.000972813,0.00127413,0.000216249,0.00021951,0.000218524,0.000219296,0.000236966,0.000222737,0.00021843,0.000214349,0.000592139,0,0.000537675,0.000637363,0,0.000718553,0.504415,-0.00134241,-0.000511629,0.000551591,0.00137355,1788463800,0.000505607,7.83195e-05,0.000595072,1,-0.000568583,0.000596662,0.000105436,1,0.000592813,3.00491e-06,0.000595269,1,-0.000610228,0.000636469,7.79469e-05,1
1788464040,-8.36055e-05,-2.78677e-05,0.000497507,-0.000338447,0.000837572,0.527407,7.93132e-05,8.29613e-05,0.0977405,-0.00113549,-0.000845595,-0.000429839,-0.000110574,4.04823e-05,0.000254421,0.000532318,0.000942995,0.00124874,6.56389e-05,9.01131e-05,7.98224e-05,9.79878e-05,0.000102419,6.71641e-05,7.27947e-05,6.81314e-05,0.000589515,0,0.00051094,0.000632684,2.58157e-05,0.000651939,0.501772,-0.00131939,-0.000524134,0.000529015,0.001345,1788463800,-0.000530583,0.000603503,0.000153081,1,-0.000525648,0.000532936,8.2385e-05,1,0.000561346,6.2174e-05,0.00065,1,0.000541564,2.53384e-05,0.000643012,1
1788464100,-0.000410167,-7.56491e-05,0.000246815,-0.000617305,0.000829239,0.526394,0.000122979,0.000133298,0.11614,-0.00112679,-0.00083906,-0.000423545,-0.000109914,3.82246e-05,0.000251681,0.000531708,0.000907924,0.00121494,0.000125791,0.000130663,0.000120773,0.000135372,0.000133225,0.000117093,0.000117127,0.000121769,0.000585794,0,0.000547792,0.000619538,0,0.000656173,0.504298,-0.00130746,-0.000509012,0.000523578,0.00132627,1788464100,-0.000560736,0.000610871,0.000130479,1,-0.000583708,0.000616768,9.35946e-05,1,-0.000536527,0.000579679,6.38484e-05,1,-0.000586404,0.000617469,8.72913e-05,1
1788464160,0.0002947,1.99149e-05,0.000390259,-0.000191203,0.000822951,0.528489,0.00010134,9.15379e-05,0.132503,-0.00106634,-0.000793708,-0.000391608,-9.678e-05,3.72443e-05,0.00024905,0.000523151,0.000903831,0.00118742,9.01728e-05,0.000110164,9.93274e-05,0.000110876,0.000121215,9.10882e-05,9.69773e-05,9.87869e-05,0.000563795,0,0.000510903,0.000576985,1.37336e-05,0.000591006,0.503725,-0.00120811,-0.000468609,0.0004899,0.00122007,1788464100,-0.000593857,0.000650525,4.30661e-05,1,0.000602691,3.43586e-05,0.000659609,1,-0.000603128,0.000633481,7.59067e-05,1,-0.000564871,0.000577429,6.06228e-05,1
1788464220,-0.000477935,-3.98185e-06,8.36152e-05,-0.000736912,0.000815745,0.532659,0.000137993,0.000153048,0.158656,-0.00101023,-0.000750037,-0.000359809,-8.5249e-05,3.9762e-05,0.000237831,0.000486592,0.000853884,0.00112073,0.000144467,0.000140428,0.000136054,0.000137304,0.00013623,0.00013559,0.000141893,0.000137157,0.000524682,0,0.000457301,0.000527243,0,0.000518416,0.505245,-0.0010915,-0.000416479,0.000448097,0.00110093,1788464100,0.00058074,4.41044e-05,0.000594759,1,-0.000623534,0.000636751,3.34724e-05,1,-0.000610695,0.000637761,4.59092e-05,1,0.000636967,3.77966e-05,0.000656086,1
1788464280,0.000852159,8.76386e-05,0.00101932,3.98367e-05,0.00081037,0.528957,0.000243055,0.000223237,0.151837,-0.00102481,-0.000753545,-0.000371228,-9.11038e-05,3.58121e-05,0.000230557,0.000484376,0.000851145,0.00112568,0.000245101,0.000240376,0.000248366,0.000239418,0.000254874,0.000259208,0.000248574,0.000243565,0.000527076,0,0.00045636,0.000555157,0,0.000581763,0.503127,-0.00117765,-0.000446561,0.000474842,0.0011814,1788464100,0.000537951,0,0.000542221,1,0.000575046,1.0638e-05,0.00061232,1,-0.000622749,0.000634866,4.08748e-05,1,0.000604662,5.00423e-06,0.000647302,1
1788464340,0.000501399,-2.38824e-05,0.000628698,-7.96102e-05,0.000811227,0.533126,0.000141658,0.000123751,0.0931655,-0.00102815,-0.000771286,-0.000379759,-9.02118e-05,4.30784e-05,0.00024635,0.000503535,0.000881268,0.00114884,0.000136024,0.000143147,0.000141759,0.000141801,0.000147186,0.000142005,0.000136845,0.000146464,0.000545356,0,0.000484372,0.00056631,3.88056e-05,0.00056195,0.505496,-0.00117195,-0.000457978,0.000483931,0.00121055,1788464100,0.000543064,4.81506e-05,0.000542339,1,0.000533894,6.63336e-06,0.000551442,1,0.000576078,3.50195e-05,0.000617166,1,0.000614427,2.77955e-05,0.000667458,1
1788464400,0.000715848,-4.77414e-05,0.000747652,-0.000381995,0.000806198,0.533531,0.000202867,0.000184235,0.0971799,-0.00102074,-0.000764764,-0.00037568,-9.06694e-05,4.41122e-05,0.000242071,0.000482039,0.000840895,0.00111063,0.000195481,0.000202161,0.000201114,0.000201101,0.000201422,0.000204195,0.000201405,0.000209507,0.000529759,0,0.000451689,0.000546705,0,0.000526085,0.505641,-0.00115034,-0.000441578,0.000463435,0.00116719,1788464400,-0.000580669,0.000585709,1.62073e-05,1,0.000536165,1.83833e-05,0.000572475,0,0.000558207,7.20309e-06,0.000575712,1,0.000571705,3.6735e-05,0.000636822,1
1788464460,0.000516683,-5.56587e-05,0.000580256,-0.000174938,0.000804491,0.534693,0.0001463,0.000126438,0.0924891,-0.00103444,-0.000778721,-0.000384958,-9.34072e-05,4.79105e-05,0.000259078,0.000514898,0.000896509,0.00117929,0.000140059,0.000146654,0.000145589,0.000146012,0.000140056,0.000146236,0.000142543,0.000152953,0.00055647,0,0.000508008,0.000590749,3.05803e-05,0.000594037,0.506969,-0.00120924,-0.000474522,0.000510332,0.00129643,1788464400,0.000512592,6.7028e-05,0.000532697,1,0.000555419,2.93535e-05,0.000574173,1,0.000544273,4.01479e-05,0.000574552,0,0.000554566,3.61633e-05,0.000561954,1
1788464520,0.000258241,0,0.000293993,-0.000206641,0.00079975,0.538039,9.26554e-05,8.05347e-05,0.107557,-0.000999337,-0.000747673,-0.00036832,-8.7415e-05,5.1702e-05,0.000256176,0.000497033,0.000847167,0.00112504,8.38795e-05,0.000101185,9.0956e-05,9.36317e-05,9.21103e-05,8.53616e-05,8.6625e-05,9.97427e-05,0.000536457,0,0.000448669,0.000553624,0,0.000517999,0.507448,-0.00114695,-0.000442173,0.000476088,0.00120808,1788464400,0.000568906,7.65086e-05,0.00062673,1,0.00051445,5.08776e-05,0.000546564,1,0.000574613,3.55492e-05,0.000585833,1,0.000571847,3.79123e-05,0.000590062,0
1788464580,-0.000441037,0,0.000567896,-0.000647716,0.000792554,0.544623,0.000126902,0.000144682,0.121707,-0.000945417,-0.000707503,-0.000340033,-7.16912e-05,5.52134e-05,0.000250535,0.000471373,0.000804794,0.00106831,0.000134481,0.000131786,0.000125918,0.000126618,0.000142709,0.000125127,0.000133349,0.000119031,0.000506485,0,0.000416798,0.000516327,0,0.000471988,0.508719,-0.00105921,-0.000400685,0.000447559,0.00112788,1788464400,0.000532267,6.98676e-05,0.000549506,1,0.000551892,9.27451e-05,0.000603626,1,0.000565549,4.96154e-06,0.000553993,1,0.000570797,1.72824e-05,0.000597825,1
1788464640,-3.97419e-06,-7.9484e-06,0.000174849,-0.000409425,0.000787064,0.542445,6.88136e-05,7.28976e-05,0.0971435,-0.00101074,-0.000742721,-0.00036887,-8.40612e-05,5.96706e-05,0.00026538,0.000499001,0.000863322,0.00112741,6.14519e-05,7.7974e-05,6.11692e-05,8.30263e-05,7.44139e-05,5.587e-05,6.7685e-05,6.547e-05,0.000538746,4.81275e-06,0.000508959,0.00057909,5.87796e-05,0.000613408,0.508673,-0.00120356,-0.000464325,0.000502577,0.00125457,1788464400,0.000502061,6.07289e-05,0.000504608,1,0.000520496,5.81622e-05,0.000553099,1,0.000601933,3.21824e-05,0.000613329,1,0.000562366,1.56118e-05,0.000555838,1
1788464700,0.00036556,-7.55126e-05,0.000488707,-0.000405451,0.000779154,0.535365,0.000110353,9.86228e-05,0.103424,-0.000998686,-0.000751204,-0.000370336,-8.65037e-05,4.56244e-05,0.000249809,0.000488999,0.000832685,0.00108411,0.000101868,0.000116638,0.000103372,0.000122254,0.000105021,0.000104366,0.000112231,0.000107891,0.000531869,0,0.000565012,0.000556667,0,0.000621442,0.507378,-0.0011375,-0.000447319,0.000479772,0.00116392,1788464700,0.000538099,0.000118449,0.000588432,1,0.000493471,4.54491e-05,0.000521949,1,0.000567406,5.4643e-06,0.000561632,1,0.000585462,3.49273e-05,0.000610285,1
1788464760,-0.000592115,0,5.95894e-05,-0.000655718,0.000773054,0.54821,0.00017115,0.000187925,0.103138,-0.000936379,-0.00069263,-0.000330662,-6.42153e-05,5.68983e-05,0.000251047,0.000471991,0.000811286,0.00106975,0.000176338,0.000169619,0.00016781,0.000169474,0.000182524,0.000167341,0.000176609,0.000169721,0.000502107,0,0.000479531,0.000511963,7.89627e-06,0.000541915,0.510733,-0.0010495,-0.000396995,0.000448623,0.00111211,1788464700,-0.000514386,0.000568609,0.000108461,1,-0.000514298,0.000580107,0.000100764,1,0.000543497,0,0.000542763,1,0.0005496,2.14517e-05,0.000559191,1
1788464820,-0.00132857,-7.55298e-05,0.000206684,-0.00132857,0.000769852,0.540009,0.000476813,0.000508171,0.0803499,-0.000907988,-0.000669228,-0.000328878,-6.95912e-05,4.43584e-05,0.000228501,0.000432776,0.000763074,0.00100443,0.000486731,0.000439506,0.000495246,0.000460771,0.000473855,0.000494099,0.000483708,0.00048066,0.000472568,0,0.000413412,0.000482344,0,0.00048398,0.502997,-0.00100046,-0.000380931,0.000403153,0.00101848,1788464700,-0.000457906,0.000531164,7.79966e-05,0,0.000542689,8.34958e-05,0.00057668,1,-0.000547083,0.000600508,7.60984e-05,1,0.000522872,3.44558e-05,0.000528684,1
1788464880,-0.000457849,2.78623e-05,0.000636659,-0.000457849,0.000784933,0.535275,0.000133698,0.000148385,0.0485352,-0.0011143,-0.000798631,-0.00040403,-9.10043e-05,4.78853e-05,0.000270698,0.000517839,0.000917076,0.00119001,0.000138786,0.000133734,0.000131132,0.000137967,0.000130375,0.000131886,0.000141407,0.0001293,0.000568812,0,0.000530004,0.000604521,4.64357e-05,0.000642734,0.510068,-0.00127755,-0.000479748,0.000526913,0.00128995,1788464700,0.000424341,8.47405e-05,0.00047618,0,-0.000457642,0.000532429,7.33601e-05,0,-0.000567377,0.000560127,2.36034e-05,1,-0.000566424,0.000600192,8.52179e-05,1
1788464940,0.000143349,1.59287e-05,0.000513573,-0.000430171,0.000779737,0.530692,7.63297e-05,7.59571e-05,0.0532229,-0.00105233,-0.000757296,-0.000392433,-9.41452e-05,4.03097e-05,0.000256304,0.000491521,0.000865678,0.00112024,6.59587e-05,8.36067e-05,7.57337e-05,8.83779e-05,8.31678e-05,6.96292e-05,7.05673e-05,7.31673e-05,0.000543217,0,0.000487443,0.000581381,6.40722e-06,0.000622698,0.505284,-0.001228,-0.000470883,0.000495943,0.0012202,1788464700,-0.000509679,0.000607127,0.000118546,1,-0.000428395,0.000479607,7.02065e-05,1,-0.000514903,0.000551144,3.30875e-05,0,-0.000526394,0.000577602,7.368e-05,1
1788465000,0.000644817,0,0.000959114,-0.000708983,0.000772167,0.53489,0.000180245,0.000162957,0.0564967,-0.00102465,-0.000745392,-0.000379565,-8.75511e-05,4.52597e-05,0.000253449,0.000489132,0.000850418,0.00110792,0.00017606,0.000181922,0.000181298,0.000181753,0.000187979,0.000182235,0.00018151,0.000173975,0.000535442,0,0.000536173,0.000580535,0,0.000655633,0.506014,-0.00122769,-0.000466745,0.00050043,0.00123905,1788465000,-0.000504035,0.000550502,0.000119741,1,-0.000502248,0.000526838,0.000132172,1,-0.000457181,0.000493201,2.7246e-05,1,-0.000542694,0.000569166,3.39733e-06,1
1788465060,0.00046942,-2.38747e-05,0.000719952,-0.000326337,0.000769826,0.530769,0.000132937,0.000121971,0.0488322,-0.00112762,-0.000834078,-0.000428077,-0.000105177,4.53764e-05,0.000272344,0.00053979,0.000939526,0.00123856,0.000127153,0.000133188,0.000132517,0.000149083,0.000133715,0.000133298,0.000134824,0.000135096,0.000594511,3.24234e-05,0.000658898,0.000636213,4.50372e-05,0.000740762,0.507626,-0.00132217,-0.000509192,0.000550172,0.00138754,1788465000,-0.000505302,0.000544875,0.00012461,1,-0.000491524,0.000516928,0.000134779,1,-0.000531662,0.000545914,6.67919e-05,1,-0.000478459,0.00048631,2.25758e-05,1
1788465120,0.00112492,-3.57955e-05,0.00136325,-0.000135234,0.000764975,0.529722,0.000345999,0.000324716,0.0497034,-0.00106444,-0.000793739,-0.000408018,-0.000100179,4.1073e-05,0.000257832,0.000508465,0.000877851,0.0011444,0.000358404,0.000339555,0.000362212,0.000321503,0.000340697,0.000387472,0.000345362,0.000364543,0.000562684,0,0.000577132,0.000575041,0,0.00060141,0.503791,-0.00119918,-0.000468037,0.000488171,0.00124283,1788465000,-0.00056908,0.000635464,0.000130506,1,-0.000525476,0.000566443,9.36609e-05,0,-0.000533441,0.000546903,8.80908e-05,1,-0.000563073,0.000543486,5.84791e-05,1
1788465180,-0.000981746,3.97272e-06,0.000139036,-0.00109708,0.000773816,0.526093,0.000282098,0.000305518,0.040958,-0.00113134,-0.000854945,-0.000439548,-0.000116545,4.00531e-05,0.000272729,0.000549068,0.000962736,0.00126731,0.000313919,0.000288766,0.000293768,0.000278718,0.000301669,0.000300354,0.000278886,0.000266759,0.00060638,4.35211e-05,0.00062877,0.000595051,4.72191e-05,0.000613561,0.50208,-0.00121581,-0.000487057,0.00050372,0.00130603,1788465000,-0.00053993,0.000594537,8.6609e-05,1,-0.000581951,0.000658971,6.50787e-05,1,-0.000590568,0.000577841,4.1535e-05,1,-0.000564683,0.000540258,6.85356e-05,1
1788465240,0.000322055,-0.000115329,0.000330006,-0.000481288,0.000778519,0.525065,0.000110874,9.92998e-05,0.0371743,-0.00116258,-0.000856472,-0.000436691,-0.000115849,3.77096e-05,0.000267346,0.000535423,0.000950338,0.00123399,9.51251e-05,0.000109177,0.00010892,0.00011617,0.000107314,0.000105609,0.000111728,0.000112732,0.000596333,0,0.000588057,0.000593614,0,0.000605815,0.500705,-0.00125995,-0.000485392,0.000502159,0.00127796,1788465000,-0.000581765,0.000645356,7.31742e-05,1,-0.000559463,0.000613586,4.32743e-05,1,0.000650611,1.18567e-05,0.000646298,1,-0.000622828,0.000609455,0,1
1788465300,0.000226569,7.95067e-06,0.000568314,-0.000493065,0.000772039,0.537415,8.9612e-05,8.17727e-05,0.0386542,-0.00105212,-0.000775358,-0.000393773,-8.93572e-05,5.1575e-05,0.000266418,0.000513678,0.000906733,0.00116938,7.91519e-05,9.24999e-05,9.01286e-05,9.69687e-05,8.89817e-05,8.40558e-05,8.86729e-05,8.63895e-05,0.000559838,0,0.000539382,0.000554425,0,0.000537214,0.506736,-0.00113619,-0.000436235,0.000484183,0.00120587,1788465300,0.000552816,0.000110379,0.000588539,1,0.000553191,9.97252e-05,0.000612496,1,-0.000606228,0.000590394,0,1,-0.000677373,0.000659128,0,1
1788465360,0.000170887,-1.98725e-05,0.000409285,-0.000218619,0.000764951,0.533152,8.14306e-05,7.86572e-05,0.0433078,-0.00106034,-0.000786814,-0.000408241,-0.000100318,4.8233e-05,0.000257762,0.000496874,0.000879796,0.00114798,6.96803e-05,8.28358e-05,7.80518e-05,9.3116e-05,8.07244e-05,7.13531e-05,8.54475e-05,7.8295e-05,0.000555076,0,0.000599599,-0.000583062,0.00054901,6.7047e-05,0.498822,-0.00122007,-0.00047986,0.000489376,0.00124388,1788465300,-0.000547189,0.000551832,7.00956e-05,1,-0.000540555,0.000578928,8.46886e-05,1,0.000595162,4.288e-05,0.000617376,1,-0.000593647,0.000578247,3.64576e-06,1
1788465420,-0.000262303,2.38424e-05,0.000353603,-0.000461064,0.000757649,0.542439,9.22697e-05,0.000104527,0.0517344,-0.000988586,-0.000732578,-0.000376905,-8.09116e-05,5.74212e-05,0.000244317,0.000465621,0.000820991,0.00107954,9.40649e-05,9.83555e-05,9.20302e-05,9.81742e-05,0.000101514,8.43598e-05,8.95614e-05,9.00005e-05,0.000517912,0,0.000516493,0.000530547,0,0.000518273,0.502574,-0.0011106,-0.000430259,0.000448991,0.00114055,1788465300,-0.000546413,0.000582756,9.84731e-05,1,-0.000520306,0.000551687,7.0459e-05,1,-0.000555251,0.000568682,4.57419e-05,1,-0.000588155,0.000586579,4.41524e-05,1
1788465480,7.9496e-06,4.3722e-05,0.000405349,-0.000198761,0.000750951,0.53843,6.46499e-05,6.7393e-05,0.0600404,-0.000960511,-0.000705991,-0.000360684,-8.60952e-05,5.18621e-05,0.000235321,0.00045604,0.000803674,0.00105682,6.12008e-05,7.1993e-05,6.13839e-05,7.56991e-05,7.04931e-05,5.31291e-05,6.34491e-05,6.19085e-05,0.000502628,0,0.000505022,-0.000518116,0.000484387,2.36062e-05,0.498346,-0.00108898,-0.000427056,0.000430333,0.00109474,1788465300,-0.000520919,0.000549404,3.49948e-05,1,-0.000549031,0.000605569,0.00010312,1,-0.000576798,0.000553244,3.41286e-05,1,-0.000570106,0.000567836,5.00968e-05,1
1788465540,0.001021,2.38484e-05,0.00130685,-4.37236e-05,0.000743404,0.54191,0.000320738,0.000298783,0.0795584,-0.000923024,-0.000673649,-0.000335887,-7.20765e-05,4.98554e-05,0.00022507,0.000431043,0.000765495,0.00101007,0.000310745,0.000302875,0.000326759,0.000303094,0.000299986,0.000355268,0.000335253,0.000330751,0.000473997,0,0.000471706,0.000447252,0,0.000467186,0.500266,-0.000910444,-0.000355581,0.000368441,0.000925097,1788465300,-0.000492491,0.00054011,6.51822e-05,1,-0.000523958,0.000540843,4.347e-05,1,-0.000594094,0.000587959,7.91981e-05,1,-0.000558681,0.000557774,2.69385e-05,1
1788465600,-0.00392681,-7.54467e-05,0.000325547,-0.00436141,0.000749964,0.520945,0.00170858,0.00173966,0.0462554,-0.00120696,-0.000941397,-0.000489554,-0.00013138,3.4013e-05,0.000260017,0.00055689,0.00100134,0.00131599,0.00178512,0.00174727,0.00176937,0.00164735,0.00177231,0.00178352,0.00164964,0.00170014,0.000636229,0.000107909,0.000816865,-0.000651061,0.00083666,0.000222995,0.494792,-0.00133497,-0.000544947,0.000531393,0.00136193,1788465600,-0.000428852,0.00048472,5.59649e-05,0,-0.000502171,0.000531498,6.96078e-05,0,-0.000568098,0.000536143,1.63963e-05,0,-0.000613217,0.00061813,2.31173e-05,0
1788465660,3.18903e-05,9.16819e-05,0.000219225,-0.000845464,0.000927142,0.537008,0.000132496,0.000137008,0.763872,-0.00208438,-0.00149146,-0.000716031,-0.000179943,0.000103538,0.000465967,0.000923215,0.00167191,0.00217041,5.98936e-05,9.81132e-05,0.000149367,0.000133261,0.000186806,0.000123679,0.000145167,0.000139058,0.00101564,7.95434e-05,0.00104471,0.00098395,0.000226196,0.00118306,0.510474,-0.00206742,-0.000767285,0.000828229,0.00199521,1788465600,-0.000689954,0.000710448,6.07284e-05,0,-0.000431531,0.000480589,7.35e-05,0,-0.000535959,0.000535529,3.91184e-05,0,-0.000551899,0.000543463,2.37937e-05,0
1788465720,0.000908446,-7.97277e-05,0.00118719,-7.97277e-05,0.000917835,0.535353,0.00025494,0.000232973,0.641665,-0.00165149,-0.00119878,-0.000572177,-0.000126358,6.70912e-05,0.000356798,0.000725942,0.00134264,0.00174835,0.000267164,0.000255126,0.000255548,0.000255048,0.000305376,0.000261569,0.000258252,0.000242827,0.000802726,0,0.000755049,-0.00079163,0.000724502,8.54353e-05,0.498774,-0.00164651,-0.000636513,0.000678116,0.00168249,1788465600,0.000798937,0.000158665,0.00106267,1,-0.00068445,0.000762443,1.8467e-06,0,-0.00047507,0.000512959,6.10921e-05,0,-0.000539449,0.000532862,4.11915e-05,1
1788465780,0.000680793,-5.17752e-05,0.000728551,-0.000330611,0.000917648,0.526496,0.00019869,0.00017778,0.558938,-0.00167574,-0.00123458,-0.000603207,-0.000150445,5.29072e-05,0.000339522,0.000703293,0.0012983,0.0017023,0.000186368,0.000191846,0.000210405,0.000191698,0.000230453,0.000198179,0.000214189,0.000193562,0.000800048,0,0.000772799,-0.000801593,0.000697454,7.84207e-05,0.49297,-0.00172985,-0.000674742,0.000652269,0.0016819,1788465600,-0.00073101,0.000623315,0.000275232,1,-0.000825576,0.000758191,0.00029563,1,-0.000752137,0.000681311,0,1,-0.00049325,0.000516587,5.50702e-05,1
1788465840,0.000672376,3.97989e-06,0.000895075,-7.95982e-06,0.000913513,0.531931,0.000194767,0.000172043,0.465106,-0.00157211,-0.00118994,-0.000570537,-0.000135033,6.16307e-05,0.000340271,0.000683722,0.00126647,0.00165945,0.000183868,0.000189185,0.000203874,0.000188962,0.000213241,0.0001966,0.000204638,0.000194208,0.000772019,0,0.000729527,-0.000780763,0.000686307,7.78835e-06,0.49349,-0.0016559,-0.000654357,0.000639456,0.0016802,1788465600,-0.000690867,0.000641198,0.000183715,1,-0.000716569,0.000692922,0.000190068,1,-0.000826937,0.000706584,0.00018921,1,-0.000642032,0.000601706,7.75738e-05,1
1788465900,-0.000155124,5.17025e-05,0.000393667,-0.000155124,0.000909317,0.535251,0.000106184,0.000114299,0.391533,-0.0015304,-0.00115989,-0.000550845,-0.000122555,6.47426e-05,0.000338746,0.000669764,0.00122671,0.00162666,7.56274e-05,0.000103471,0.000129562,0.000102875,0.000127201,0.000104912,0.000107244,9.68243e-05,0.000753468,0,0.000684202,-0.000766817,0.000718192,0,0.494445,-0.00163724,-0.000646394,0.000626974,0.00166639,1788465900,-0.00073188,0.000708559,0.000140213,1,-0.000700303,0.000710181,0.000155771,1,-0.000803039,0.000697803,0.000128264,1,-0.000868103,0.000790598,0.00010104,1
1788465960,-0.000250635,0,0.000361918,-0.000258593,0.000900446,0.5297,0.000101385,0.000115922,0.331682,-0.00132413,-0.000976383,-0.000475465,-0.000115508,4.72769e-05,0.000290989,0.000557957,0.00103672,0.00141493,9.1546e-05,0.000111696,0.000126903,9.63139e-05,0.000123997,0.000101544,9.10441e-05,9.42077e-05,0.000635133,0,0.000529825,-0.000603996,0.000539463,0,0.489002,-0.00127008,-0.00051262,0.000470515,0.00127209,1788465900,-0.000721689,0.000721257,8.56624e-05,1,-0.000767395,0.000765701,5.95224e-05,1,-0.000765477,0.000671057,7.65415e-05,1,-0.000772386,0.000721789,6.93076e-05,1
1788466020,0.000624482,-6.76424e-05,0.000624482,-0.000258658,0.0008921,0.530248,0.000183242,0.000160801,0.302741,-0.00124581,-0.000909229,-0.000441414,-0.000109334,4.58662e-05,0.000275046,0.00053262,0.000989792,0.00134304,0.0001706,0.000175626,0.000180385,0.000174889,0.000180472,0.000179077,0.000195913,0.000188229,0.000600281,0,0.000506401,-0.000606104,0.000554326,0,0.490522,-0.00127049,-0.000510404,0.000479693,0.00127415,1788465900,0.000585843,5.31029e-05,0.000601152,1,-0.000744871,0.000722537,2.67996e-05,1,-0.00081396,0.000690729,0,1,-0.000795736,0.000691476,0,1
1788466080,0.000906197,3.97634e-06,0.00140664,3.97634e-06,0.000887539,0.536346,0.000259244,0.000235517,0.284633,-0.00122665,-0.000896343,-0.000425141,-9.83285e-05,5.41168e-05,0.000282933,0.000552053,0.00100927,0.00135017,0.000266711,0.000253863,0.000253756,0.000256017,0.00025114,0.0002691,0.00027133,0.000260251,0.000607102,0,0.00053297,-0.000615676,0.000595253,4.39718e-06,0.493927,-0.00128655,-0.000511339,0.000502834,0.00131301,1788465900,0.000584893,3.23732e-05,0.00062402,1,-0.00057222,0.000595457,8.21557e-05,1,0.000788566,0,0.000739554,1,0.000744299,0,0.000742139,1
1788466140,-0.000623916,-1.19183e-05,0.000242308,-0.000643792,0.000887916,0.525953,0.000171444,0.000193168,0.250153,-0.00131246,-0.00097539,-0.000488302,-0.000130382,4.4453e-05,0.000290451,0.000575417,0.00105867,0.00143775,0.000185102,0.000180634,0.000180286,0.000179898,0.000192113,0.000179036,0.000160538,0.000158653,0.000651916,0,0.000620359,-0.000672354,0.0006799,4.85851e-05,0.488717,-0.00139629,-0.000581351,0.00053385,0.00144006,1788465900,-0.000586381,0.000584246,8.06565e-05,1,-0.000559837,0.000578879,0.000108686,1,-0.000593087,0.000606334,7.26885e-05,1,0.000708775,0,0.000730276,1
1788466200,-0.000687951,-3.97523e-06,0,-0.000835146,0.000883409,0.5289,0.000191369,0.00021159,0.194197,-0.00125347,-0.00092136,-0.000450009,-0.000113731,4.47918e-05,0.000277125,0.000543671,0.00098856,0.00134692,0.000202676,0.000198322,0.00019761,0.000196924,0.000203015,0.000196002,0.000182354,0.000184758,0.000611806,0,0.000549602,-0.000628214,0.000595005,3.44058e-06,0.493616,-0.00133265,-0.000527237,0.000510484,0.00136026,1788466200,-0.000639093,0.000663115,0.000125623,1,0.000568294,4.04759e-05,0.000661017,1,-0.000583155,0.000595906,9.99225e-05,1,-0.000574109,0.000581482,0.000109703,1
1788466260,-0.000648618,-6.36494e-05,-6.36494e-05,-0.00101888,0.000879926,0.536918,0.000183984,0.000202737,0.137148,-0.00114824,-0.000833943,-0.000406179,-9.03978e-05,5.08442e-05,0.0002638,0.000527924,0.000949024,0.0012665,0.000191608,0.000187112,0.000186305,0.00018562,0.000186256,0.000184736,0.000177934,0.000184984,0.000577738,0,0.000463603,-0.000613741,0.000547347,0,0.491337,-0.00128917,-0.000510049,0.000498459,0.0013086,1788466200,0.000625835,2.33945e-05,0.000627307,1,0.000623039,7.89578e-05,0.000752915,1,-0.000623137,0.000616276,5.65149e-05,1,-0.000571756,0.000574367,0.000120003,1
1788466320,-0.00056938,3.98054e-06,7.96105e-06,-0.00059726,0.000875899,0.532018,0.000161955,0.00017924,0.109676,-0.00117976,-0.000848441,-0.000427842,-0.000104774,4.76968e-05,0.000268027,0.000546502,0.000973558,0.00129161,0.000169542,0.000164827,0.000163956,0.000163943,0.000165208,0.000162295,0.00015519,0.000164435,0.000599081,0,0.000534064,-0.000637833,0.000566607,4.78218e-05,0.49535,-0.00134963,-0.000522366,0.000532239,0.00136026,1788466200,-0.000613437,0.000581052,4.34935e-05,1,-0.00057575,0.000598485,9.08841e-05,1,-0.000650857,0.000673274,0.00011286,1,-0.00062363,0.000625126,2.76556e-05,1
1788466380,0.000621125,0,0.000736549,-2.38971e-05,0.000870826,0.531268,0.000180274,0.0001598,0.0966546,-0.00111864,-0.000812574,-0.000407677,-9.31679e-05,4.08001e-05,0.000245365,0.000498,0.000900831,0.00120091,0.000169327,0.000174864,0.000174565,0.000174099,0.000183788,0.000176139,0.000192048,0.000180885,0.000555956,0,0.000418729,-0.000586241,0.00048682,0,0.495719,-0.00125467,-0.000475503,0.000483123,0.00124599,1788466200,-0.000615052,0.000570136,8.61802e-05,1,-0.000551561,0.000568893,0.000119255,1,-0.000595472,0.000608415,5.42483e-05,1,-0.000643614,0.000642456,9.30323e-05,1
1788466440,-0.000517578,1.19409e-05,0.00017114,-0.000517578,0.000866538,0.535114,0.000147434,0.000164206,0.0829266,-0.00109387,-0.00079684,-0.000399268,-9.11925e-05,4.74735e-05,0.000257979,0.000508709,0.000896172,0.00119955,0.000155265,0.000151895,0.000149156,0.000148678,0.000155073,0.000147118,0.000145727,0.000144925,0.000559659,0,0.000432552,0.000603892,0,0.000590865,0.500075,-0.00127548,-0.00049331,0.000502195,0.00128897,1788466200,-0.000562275,0.000520585,1.97011e-05,1,-0.000563106,0.000583908,0.000152175,1,0.000577193,1.3847e-06,0.000656724,1,-0.000591738,0.000525492,8.68797e-06,1
1788466500,4.38054e-05,0,0.000529519,-0.000219056,0.000860946,0.51954,7.95619e-05,7.88445e-05,0.0872273,-0.00119972,-0.000890036,-0.000468228,-0.000125195,2.95686e-05,0.000255969,0.000525985,0.00091315,0.00122317,6.04473e-05,8.7744e-05,8.1714e-05,7.91254e-05,9.53809e-05,6.09889e-05,8.37206e-05,7.73254e-05,0.000604131,0,0.000529457,-0.000646454,0.000573798,4.64822e-05,0.495224,-0.00138314,-0.000548467,0.000525455,0.00133401,1788466500,-0.000587914,0.000529847,6.27762e-05,1,-0.000511047,0.000507485,9.73634e-05,1,-0.000603905,0.000588151,0.000109629,1,-0.000570953,0.000502576,5.09309e-06,1
1788466560,0.000199091,-4.38054e-05,0.000238905,-0.000266845,0.000852315,0.538476,8.5245e-05,7.88302e-05,0.107608,-0.00105731,-0.000761009,-0.000394695,-8.72759e-05,5.24497e-05,0.000252755,0.000503025,0.000877363,0.00118012,7.43218e-05,9.50001e-05,8.78199e-05,8.5431e-05,0.00010086,7.46566e-05,8.24553e-05,8.54719e-05,0.000550865,0,0.000446061,0.000599077,6.19878e-06,0.000608274,0.507355,-0.00123778,-0.000473559,0.000515888,0.0013133,1788466500,0.000628025,0,0.00067474,1,-0.00055298,0.000560289,7.90644e-05,1,0.000549462,0,0.000588874,1,-0.000623363,0.000545972,0,1
1788466620,0.00108236,-0.00011945,0.00126927,-0.000195109,0.000844219,0.540124,0.000337679,0.000315223,0.123807,-0.000995298,-0.000714586,-0.000357806,-7.73195e-05,4.95506e-05,0.000227356,0.000463783,0.000821231,0.00110535,0.000337306,0.000309161,0.000326543,0.000341353,0.00031602,0.000374449,0.0003644,0.000340625,0.000505854,0,0.000390767,0.000530394,0,0.000515212,0.502366,-0.00109077,-0.000412596,0.000442823,0.00113373,1788466500,-0.000579713,0.000583592,7.78884e-05,1,0.00062452,2.59685e-05,0.000652272,1,-0.000610614,0.000570643,2.03179e-05,1,0.000565011,0,0.000530019,1
1788466680,-0.00145669,-0.000135231,-9.54555e-05,-0.00145669,0.000849636,0.534897,0.000492481,0.000526693,0.0592142,-0.00114833,-0.000845214,-0.000441525,-0.000101632,5.26553e-05,0.000263461,0.000542055,0.000964982,0.00130289,0.000551058,0.000475111,0.000500946,0.000492754,0.000462432,0.000543406,0.000475146,0.000492093,0.000601207,0,0.000534318,0.000653653,6.72282e-05,0.00067261,0.500074,-0.00135132,-0.000538473,0.000550656,0.0014508,1788466500,-0.000507441,0.000488507,6.1669e-05,1,-0.000547661,0.000574929,0.000107141,1,0.00061735,0,0.000606823,1,0.000601183,0,0.000542138,1
1788466740,-9.16114e-05,0.000167269,0.000219037,-0.000179248,0.000865957,0.527932,8.2015e-05,8.67489e-05,0.0305546,-0.00124236,-0.000897862,-0.000465412,-0.000117421,4.41673e-05,0.000252627,0.000532948,0.000976927,0.0013129,6.67716e-05,9.26472e-05,9.36636e-05,7.97517e-05,0.000100265,9.37156e-05,7.36582e-05,7.46046e-05,0.000607665,0,0.000483342,-0.000668883,0.000627389,1.39481e-05,0.492611,-0.00142961,-0.000562788,0.000544341,0.00141719,1788466500,-0.000653022,0.000647343,5.74569e-05,1,0.000492384,3.3547e-05,0.000572476,1,-0.000592728,0.000593885,7.73446e-05,1,0.00056445,0,0.000580849,1
1788466800,-0.000231057,6.77136e-05,0.000286755,-0.0002709,0.000857352,0.536084,8.84353e-05,0.00010101,0.0390427,-0.00107617,-0.000773227,-0.000386271,-7.58128e-05,4.08635e-05,0.000228849,0.00048433,0.000877869,0.00118901,8.88846e-05,0.000103041,0.000100843,8.61956e-05,0.000105626,9.29927e-05,7.43422e-05,8.63806e-05,0.000534402,0,0.000341186,-0.000555803,0.000446999,0,0.49323,-0.00115411,-0.000452679,0.000448219,0.00117733,1788466800,0.000633721,3.05241e-05,0.000706995,1,0.000575616,8.55082e-05,0.000674034,1,-0.000544813,0.00052319,4.15992e-05,1,-0.000580608,0.000517791,1.76654e-05,1
1788466860,-0.000777222,-1.5937e-05,0,-0.00078121,0.000849364,0.527157,0.00021712,0.000232358,0.0494875,-0.00108577,-0.000776239,-0.000392296,-9.49355e-05,3.41271e-05,0.000221699,0.000470159,0.0008546,0.00115418,0.000234154,0.000222165,0.000220937,0.000221067,0.000214361,0.00022181,0.000205929,0.000219692,0.000527482,0,0.000378863,-0.000588182,0.000481895,0,0.488782,-0.00126635,-0.000501343,0.00046476,0.0012287,1788466800,-0.00056865,0.000505266,1.23212e-05,1,0.00059387,2.95756e-05,0.00074079,1,0.000620991,4.04698e-05,0.000677789,1,0.000538161,0,0.000483474,1
1788466920,-0.000207361,0,0.000330892,-0.000382855,0.000847981,0.526155,8.3424e-05,9.44572e-05,0.0449492,-0.00110321,-0.000787148,-0.000398962,-9.33021e-05,3.18452e-05,0.000215412,0.000467535,0.000850696,0.00114795,8.45576e-05,9.78389e-05,9.3287e-05,8.19513e-05,0.000100754,8.28381e-05,7.09354e-05,8.36284e-05,0.000528641,0,0.000346366,-0.000604757,0.000510867,0,0.488813,-0.00130087,-0.000512868,0.000483626,0.00126668,1788466800,0.000563248,0,0.000599623,1,0.000505753,6.64601e-06,0.00058813,1,0.000593237,0,0.000691538,1,0.000621793,0,0.00060465,1
1788466980,0.000334947,0,0.000665796,0,0.000839971,0.528997,0.000107323,9.73271e-05,0.0604839,-0.00106988,-0.00077262,-0.000391463,-9.23319e-05,3.63354e-05,0.000225758,0.000478358,0.000850015,0.00114001,9.70738e-05,0.000116026,0.000109195,0.000104724,0.000127866,9.97185e-05,0.000105368,0.000108865,0.000532468,0,0.000397152,-0.000606517,0.000558413,6.91543e-06,0.498445,-0.00129104,-0.000501044,0.000503586,0.00128078,1788466800,0.000582826,0,0.000629729,1,0.000519351,2.55404e-05,0.00063805,1,0.000540155,0,0.000589122,1,0.000586382,0,0.000593284,1
1788467040,-0.000171447,2.79072e-05,0.000203306,-0.000175434,0.000832877,0.529753,7.69029e-05,8.74249e-05,0.0713927,-0.00103118,-0.000744421,-0.00038434,-9.22873e-05,3.76779e-05,0.000229009,0.000461789,0.000817505,0.00110599,7.8419e-05,9.19514e-05,8.12824e-05,7.65372e-05,9.3718e-05,7.06255e-05,6.93459e-05,7.72093e-05,0.000517655,0,0.000366816,-0.000540992,0.000521788,0,0.498845,-0.00113703,-0.000445979,0.000438649,0.00111088,1788466800,-0.000581888,0.000555456,7.80821e-05,1,0.000533109,2.26401e-05,0.000647235,1,-0.000548526,0.00054484,8.61822e-05,1,0.000506518,0,0.000510042,1
1788467100,1.19624e-05,0,1.59498e-05,-0.000390849,0.000824862,0.522595,6.17734e-05,6.23726e-05,0.102524,-0.00097565,-0.000697394,-0.000353843,-9.24222e-05,2.6016e-05,0.000199776,0.000415219,0.000753036,0.00102712,6.07856e-05,8.05445e-05,6.61699e-05,5.82596e-05,8.46224e-05,5.46707e-05,5.35681e-05,6.22383e-05,0.000469877,0,0.0003003,-0.000489182,0.000398894,0,0.493481,-0.00102061,-0.000401853,0.000376311,0.000981134,1788467100,0.000535054,0,0.000573895,1,-0.000552312,0.000567705,0.000107169,1,0.000550789,0,0.000613779,1,0.000551501,0,0.000541216,1
1788467160,0.00106408,0,0.00113179,0,0.000816574,0.526914,0.000344016,0.000324536,0.152205,-0.000929163,-0.000661014,-0.000317618,-7.8343e-05,2.76469e-05,0.000196028,0.000417947,0.000749293,0.0010227,0.000328683,0.000308045,0.000334457,0.000346005,0.000326982,0.000372616,0.000382111,0.00033455,0.000454274,0,0.000361721,-0.000494964,0.000399979,5.64902e-06,0.499299,-0.00100754,-0.000387251,0.000408645,0.00102873,1788467100,0.000455172,3.6463e-05,0.000485493,1,0.000497781,3.88775e-05,0.000586013,1,0.000595744,0,0.000656965,1,0.000541596,0,0.000532063,1
1788467220,-0.000167308,1.19495e-05,9.16092e-05,-0.000398398,0.000822254,0.527496,7.7309e-05,8.74593e-05,0.0631476,-0.00103081,-0.000759438,-0.000381802,-9.32763e-05,3.41268e-05,0.000227554,0.00047433,0.000853054,0.00114459,7.7942e-05,9.0136e-05,8.03344e-05,7.69156e-05,9.37356e-05,7.17888e-05,7.2497e-05,7.5753e-05,0.000525314,0,0.000397197,-0.000579796,0.000599602,0,0.497792,-0.00120132,-0.000482896,0.000478222,0.00124443,1788467100,-0.000460637,0.000475069,0.000100521,1,0.000464832,2.72858e-05,0.000522285,1,0.000541352,1.35181e-05,0.00060075,1,0.00058251,0,0.00057108,1
1788467280,0.000517767,0,0.00054564,-4.38234e-05,0.000814334,0.521109,0.000151023,0.000134456,0.0832049,-0.000984717,-0.000708875,-0.000350711,-9.6236e-05,2.48783e-05,0.000205321,0.000435982,0.000786361,0.00106738,0.000140805,0.00014588,0.000145361,0.000145181,0.000150949,0.000146575,0.000159243,0.000155249,0.000483095,0,0.000354394,-0.000523649,0.000450335,0,0.497338,-0.00109936,-0.000426368,0.000429966,0.00112734,1788467100,0.000543402,3.40725e-05,0.000632973,1,0.000495727,4.91461e-05,0.000557423,1,0.000491653,1.53871e-05,0.000522898,1,0.000540319,0,0.000523885,1
1788467340,-0.000418176,0,0.000226937,-0.000521751,0.000809468,0.535776,0.000121444,0.000135627,0.0954234,-0.000906465,-0.000663591,-0.000316695,-7.32733e-05,3.90139e-05,0.000216327,0.000442114,0.000770275,0.00102832,0.000127866,0.000128935,0.000120489,0.000120384,0.00012961,0.000118801,0.000121834,0.000122243,0.000471199,0,0.00026289,-0.000519531,0.000503093,0,0.499633,-0.0010704,-0.000423474,0.000425763,0.00110541,1788467100,0.000480902,7.33273e-05,0.000514648,1,0.000517192,9.2169e-05,0.000601755,1,0.000553121,0,0.00058526,1,0.000475912,0,0.000467449,1
1788467400,3.58505e-05,0,0.000645112,-0.00018724,0.000803512,0.518142,6.99594e-05,6.93791e-05,0.103755,-0.00103457,-0.000767559,-0.000399946,-0.000111257,2.39456e-05,0.000219796,0.000478919,0.00082923,0.0010983,6.01907e-05,7.84661e-05,6.38773e-05,7.70597e-05,8.06749e-05,5.79974e-05,6.91041e-05,6.82694e-05,0.000535521,0,0.000433969,-0.000595494,0.000560108,2.78947e-05,0.493352,-0.00125324,-0.000510584,0.000479087,0.0012256,1788467400,0.000496479,3.15031e-05,0.000539009,1,0.000491333,5.95961e-05,0.000545085,1,0.000559765,4.61502e-05,0.000607685,1,0.000525356,0,0.000468015,1
1788467460,-0.00114387,-2.39002e-05,0.000103561,-0.00116779,0.000795452,0.53748,0.000381831,0.000410052,0.116657,-0.000946596,-0.000679898,-0.000351753,-8.09402e-05,4.66162e-05,0.000233979,0.000458833,0.000808425,0.00108347,0.000393847,0.000351396,0.000396365,0.000376907,0.000345589,0.000405132,0.000393838,0.000379818,0.000498352,0,0.000419343,0.000561932,1.53143e-05,0.000561259,0.500642,-0.00116259,-0.000465351,0.000466374,0.00119744,1788467400,0.000534973,7.52811e-05,0.000632838,1,0.000480381,4.84777e-05,0.000529022,1,0.000527226,2.07593e-05,0.000551265,1,0.000554053,0,0.000527412,1
1788467520,-0.000295146,-3.19035e-05,0.000598003,-0.000319081,0.000803902,0.531805,0.000101826,0.000110767,0.0497953,-0.00107527,-0.000766052,-0.000390771,-9.26432e-05,4.17075e-05,0.000237829,0.000486065,0.000864319,0.00115548,9.93884e-05,0.000107731,0.000100861,9.83736e-05,0.000103799,9.38727e-05,0.00010217,0.000104232,0.000537751,0,0.000446296,0.000584821,2.40059e-06,0.000606333,0.504031,-0.00124948,-0.000474831,0.000497167,0.00123767,1788467400,0.000521761,6.40776e-05,0.000614311,1,0.000549577,9.54437e-05,0.000608723,1,0.000518889,8.32765e-06,0.000535106,1,0.00051484,0,0.000481518,1
1788467580,-0.000127658,0,7.97808e-06,-0.000279273,0.000796916,0.530937,7.56514e-05,8.20535e-05,0.0567078,-0.00105278,-0.000749826,-0.000384305,-9.30697e-05,4.02622e-05,0.000241242,0.000484423,0.000846646,0.00113481,7.11674e-05,8.4159e-05,7.28873e-05,7.67384e-05,8.33829e-05,6.45348e-05,7.52465e-05,7.81202e-05,0.00053331,0,0.000446991,0.000574502,3.38016e-05,0.000581657,0.508502,-0.00120972,-0.000463302,0.00049312,0.001214,1788467400,0.000496176,8.92528e-05,0.000592921,1,0.000503954,6.42486e-05,0.000625052,1,0.000538593,1.88362e-05,0.00058241,1,0.00048287,0,0.000459282,1
1788467640,-0.000363116,-3.98957e-06,0.000195469,-0.000494828,0.000789113,0.524721,0.000106145,0.000116816,0.0653881,-0.00095079,-0.000675705,-0.000329166,-8.80583e-05,2.78813e-05,0.000201114,0.000427749,0.0007618,0.00101292,0.000112192,0.000117355,0.000107115,0.000104796,0.000109128,0.000103673,0.000103084,0.000112448,0.000466523,0,0.000379929,0.000466241,0,0.000442656,0.500542,-0.000984343,-0.000365105,0.000382108,0.000960694,1788467400,0.000514409,5.55639e-05,0.000601304,1,0.000483537,4.84663e-05,0.000614755,1,-0.000530516,0.00057175,0.000115847,1,0.000490985,0,0.000539658,1
1788467700,-4.78933e-05,0,0.000929474,-4.78933e-05,0.000782868,0.522412,6.67929e-05,6.89675e-05,0.074201,-0.00100062,-0.00071361,-0.000362962,-9.5932e-05,2.68058e-05,0.00021768,0.000453614,0.000796654,0.00105424,6.40042e-05,7.76408e-05,6.28048e-05,6.60314e-05,7.27974e-05,5.72556e-05,6.31132e-05,7.09406e-05,0.000500583,0,0.000416149,0.000527296,0,0.000526192,0.504603,-0.00112551,-0.000426133,0.000447073,0.00111939,1788467700,0.000404741,1.72287e-05,0.000457717,1,0.000492557,3.14765e-05,0.000610215,1,0.000508007,3.60652e-05,0.000585173,1,-0.000520507,0.00049494,4.45087e-05,1
1788467760,-0.000191596,0,0.000411009,-0.000347295,0.00077503,0.521842,8.14726e-05,8.76556e-05,0.0920226,-0.000993576,-0.000707688,-0.000370759,-9.74436e-05,2.63645e-05,0.000221116,0.000450879,0.000791289,0.00106715,8.14713e-05,8.72611e-05,7.46146e-05,8.48617e-05,7.65478e-05,7.08745e-05,8.01563e-05,8.54777e-05,0.000502074,0,0.000432306,0.000561107,2.94412e-05,0.000587112,0.505268,-0.00118091,-0.000463719,0.000469505,0.00117466,1788467700,0.000462495,6.56641e-05,0.000526317,1,0.000424447,2.57436e-05,0.000474033,1,-0.000529727,0.00056198,8.6864e-05,1,0.000536249,0,0.000526711,1
1788467820,-1.5968e-05,-3.59284e-05,-1.1976e-05,-0.00095054,0.000767719,0.51923,6.20597e-05,6.33051e-05,0.117037,-0.00092635,-0.000664874,-0.000335063,-9.03899e-05,2.07888e-05,0.000209082,0.000435218,0.00076077,0.00100253,6.20572e-05,7.3637e-05,5.52642e-05,6.77145e-05,6.82336e-05,5.06958e-05,5.74995e-05,6.42118e-05,0.000473375,0,0.000401033,0.000467462,0,0.000492602,0.504327,-0.000968438,-0.00037369,0.00038822,0.000960947,1788467700,-0.0004994,0.00057751,0.000107571,1,-0.000466912,0.000505275,7.06405e-05,1,0.000478432,0,0.000477183,1,-0.000541058,0.000484985,2.685e-05,1
1788467880,0.00119291,3.99202e-06,0.00119291,-0.000219586,0.000760006,0.524203,0.000396387,0.00038215,0.15268,-0.000908192,-0.000656972,-0.000309608,-7.48919e-05,2.29428e-05,0.000209192,0.00044616,0.000779479,0.00102532,0.000393759,0.000370763,0.000433482,0.000374384,0.000434576,0.000450264,0.000390273,0.000389818,0.00046894,0,0.000472752,0.00047519,1.02854e-05,0.00056263,0.506895,-0.000974773,-0.000369503,0.00041461,0.0010163,1788467700,0.000411981,8.82262e-05,0.000494695,1,-0.00050487,0.000552425,0.000107726,1,0.000507519,2.1896e-05,0.000528544,1,0.000481326,0,0.000405757,1
1788467940,-0.000167479,-2.39239e-05,0.000195357,-0.000231289,0.000771049,0.518356,8.17138e-05,8.76423e-05,0.0545881,-0.00104345,-0.00076798,-0.00038546,-0.000100528,2.19081e-05,0.000228029,0.000497523,0.000882892,0.00115414,7.76386e-05,8.2917e-05,7.62124e-05,8.26982e-05,8.07007e-05,7.2714e-05,8.39281e-05,8.50697e-05,0.000541445,1.38723e-06,0.000522781,-0.000571435,0.000609134,3.20884e-05,0.498309,-0.0011887,-0.000477729,0.000476377,0.00123817,1788467700,0.000417749,8.4109e-05,0.000539998,1,0.00041714,7.36341e-05,0.000507812,1,-0.000533585,0.000567637,8.26732e-05,1,0.00051652,0,0.000484467,1
1788468000,-0.000239305,0,0,-0.000374937,0.000763667,0.50673,8.48572e-05,8.99483e-05,0.0595175,-0.000950717,-0.000689583,-0.000351379,-0.000109102,5.66165e-06,0.000194263,0.000421692,0.000754936,0.00100494,8.95965e-05,9.40702e-05,8.57045e-05,8.54169e-05,8.72215e-05,8.22634e-05,7.76719e-05,8.69427e-05,0.000472105,0,0.000394824,-0.000477815,0.000398288,0,0.493877,-0.00101467,-0.00040403,0.000376066,0.000996286,1788468000,-0.000531123,0.000584898,8.97799e-05,1,0.000433902,0.000101807,0.000519487,1,0.000454523,6.80316e-05,0.000518431,1,-0.000534616,0.000479268,2.93253e-05,1
1788468060,-0.000259312,6.38203e-05,6.38203e-05,-0.000410941,0.000756749,0.50775,8.61308e-05,9.04022e-05,0.063991,-0.000873023,-0.000623213,-0.000303566,-8.87454e-05,4.50258e-06,0.000182334,0.0004014,0.000721651,0.000966707,9.29124e-05,9.65836e-05,8.69382e-05,8.49604e-05,8.78306e-05,8.42699e-05,7.832e-05,8.93763e-05,0.000433939,0,0.000347866,-0.000452244,0.000361656,0,0.492565,-0.000943,-0.000372397,0.000358928,0.000944565,1788468000,0.000448454,7.99014e-05,0.000457842,1,0.000506988,0.000110869,0.000570693,1,0.0004999,7.04894e-05,0.000543274,1,0.00048073,0,0.00047562,1
1788468120,-0.000754381,-6.38409e-05,-6.38409e-05,-0.00084223,0.000750041,0.504264,0.00022338,0.000237848,0.0702789,-0.000864665,-0.000614139,-0.00029653,-9.19335e-05,4.07713e-07,0.000174731,0.000394947,0.00071272,0.000944818,0.000224872,0.000215443,0.000225443,0.000224696,0.000201453,0.000223097,0.000228691,0.000226429,0.00042558,0,0.000348459,-0.000467765,0.000382843,0,0.491062,-0.00100092,-0.000392122,0.000374551,0.000974203,1788468000,0.000433539,4.28845e-05,0.000449028,1,0.000458299,4.87536e-05,0.000498044,1,0.000558155,6.38497e-05,0.000574165,1,0.000536611,1.19002e-05,0.000475415,1
1788468180,-0.000111809,0,0.000215596,-0.000231617,0.000750128,0.499592,6.30916e-05,6.45598e-05,0.0567878,-0.000905227,-0.00063869,-0.000317148,-0.000101521,-4.88626e-06,0.000171637,0.000397318,0.000724241,0.000957097,6.81796e-05,7.6626e-05,6.54181e-05,6.25942e-05,6.93733e-05,6.30682e-05,5.54264e-05,6.27737e-05,-0.000437106,0.000316729,0,-0.000506962,0.000443861,0,0.490575,-0.00109909,-0.000431161,0.000408379,0.00104693,1788468000,0.000436402,3.81862e-05,0.000455867,1,0.0004257,4.15302e-05,0.000461317,1,0.00047981,1.66611e-05,0.000500401,1,0.000565954,0,0.000516051,1
1788468240,-0.000111821,0,0.000207635,-0.000115815,0.000742757,0.497658,5.96653e-05,6.13423e-05,0.0596859,-0.000825399,-0.000599647,-0.000291242,-9.72477e-05,-7.48319e-06,0.000167047,0.000377389,0.000667382,0.000889792,6.81344e-05,7.55535e-05,6.23987e-05,5.76798e-05,6.69345e-05,6.14109e-05,5.08579e-05,6.22286e-05,-0.00041095,0.000275748,0,-0.000447481,0.000392767,0,0.496475,-0.000950991,-0.000369933,0.000359524,0.000903792,1788468000,0.000461262,5.06033e-05,0.000505767,1,0.000420277,4.52003e-05,0.000475566,1,0.000456454,1.7942e-05,0.000459327,1,0.000462569,0,0.000447053,1
1788468300,0.000379342,7.98764e-06,0.000531039,-0.000147783,0.000735462,0.489003,0.00011014,0.000102786,0.0652793,-0.000846974,-0.000639072,-0.00031856,-0.000117097,-1.96967e-05,0.000162354,0.000371185,0.000657384,0.000883923,0.000104862,0.000112393,0.000106373,0.00010646,0.000125946,0.000108279,0.000116827,0.000109577,-0.000420509,0.000287131,0,-0.000454818,0.000368442,2.0316e-06,0.489967,-0.000974406,-0.000397368,0.000346638,0.00086797,1788468300,0.000411836,3.56472e-05,0.00045842,1,0.000442076,4.08736e-05,0.00052742,1,0.000457934,2.58722e-05,0.000476938,1,0.0004319,0,0.000406873,1
1788468360,0.000143713,8.38352e-05,0.000247493,-0.000195643,0.000730044,0.500052,6.3285e-05,6.28268e-05,0.0652751,-0.000825473,-0.000604934,-0.000287601,-9.74465e-05,-4.45581e-06,0.000171857,0.00038772,0.000679032,0.0009027,6.5988e-05,7.4258e-05,6.17727e-05,6.36983e-05,7.79617e-05,6.36543e-05,5.90914e-05,6.18836e-05,0.000416624,0,0.000339559,-0.000464918,0.000436803,0,0.495783,-0.000988197,-0.000390306,0.000377386,0.00096134,1788468300,0.000418592,3.35746e-05,0.000474213,1,0.000415831,2.96052e-05,0.000472698,1,0.000469296,2.47866e-05,0.000511153,1,0.00046649,0,0.000425109,1
1788468420,0.000223513,-1.59671e-05,0.000427026,-0.00033137,0.000722992,0.496898,7.56482e-05,7.18405e-05,0.074411,-0.00077295,-0.000562385,-0.000275076,-9.83612e-05,-7.43722e-06,0.000151302,0.000355114,0.000639235,0.000853123,7.87006e-05,8.50839e-05,7.34081e-05,7.49502e-05,8.90724e-05,7.53581e-05,7.20683e-05,7.51098e-05,-0.000386279,0.000241837,0,-0.000433183,0.000349255,4.90022e-06,0.491811,-0.000910716,-0.000362046,0.000342557,0.000887142,1788468300,0.000440644,3.78411e-05,0.000493305,1,0.000455043,4.51693e-05,0.000464286,1,0.000461396,1.91843e-05,0.000485022,1,0.000486036,0,0.000455678,1
1788468480,0.000746011,1.59633e-05,0.000841716,1.59633e-05,0.000716424,0.509706,0.000215962,0.000205328,0.0861158,-0.000814334,-0.000590193,-0.000283711,-9.06438e-05,7.93957e-06,0.000181228,0.000386973,0.000680713,0.000911313,0.000204629,0.000208608,0.000225739,0.000210484,0.000229848,0.00022625,0.000219254,0.000215203,0.000414595,0,0.000380144,0.000429567,0,0.000447831,0.50169,-0.000884053,-0.000345095,0.000358264,0.000902475,1788468300,-0.000411732,0.000449251,5.91161e-05,1,0.000446896,4.83634e-05,0.000484546,1,-0.000461481,0.000453416,0,1,0.000470852,0,0.000439819,1
1788468540,-0.000151551,-3.19035e-05,0.000131591,-0.000151551,0.000717027,0.515501,6.88547e-05,7.22566e-05,0.0738855,-0.000823601,-0.000617753,-0.000288336,-8.74702e-05,1.55195e-05,0.00018695,0.000403182,0.000709076,0.000923656,7.46536e-05,7.46134e-05,6.51917e-05,6.66398e-05,6.7486e-05,6.66612e-05,7.10564e-05,6.70978e-05,0.000429204,0,0.000368567,0.000461764,9.15557e-06,0.000439973,0.502723,-0.000964467,-0.000376103,0.000388503,0.0009982,1788468300,0.000410251,7.21468e-05,0.000465804,1,0.000439182,5.26041e-05,0.000476609,1,0.000495493,1.37586e-05,0.000492321,1,0.000420854,0,0.000431185,1
1788468600,0.000629982,4.78606e-05,0.000757524,4.38723e-05,0.000710144,0.504143,0.000180579,0.000169019,0.0791473,-0.000766176,-0.00056424,-0.000270714,-9.88344e-05,1.71172e-06,0.000163159,0.000351251,0.000628061,0.000834711,0.000172372,0.000176419,0.000177782,0.000179074,0.000183579,0.000177821,0.000193371,0.000186337,0.000383758,0,0.000298048,-0.000395653,0.000318116,0,0.497078,-0.000826462,-0.000319968,0.000310632,0.000818005,1788468600,0.000447278,5.44938e-05,0.000469535,1,0.000411346,7.4922e-05,0.000462148,1,0.000482672,3.62379e-07,0.000490842,1,0.000495391,0,0.000437904,1
1788468660,-0.000255135,-3.98598e-06,-3.98598e-06,-0.000394689,0.00070863,0.514014,8.459e-05,8.79599e-05,0.076377,-0.000793958,-0.000590481,-0.000275856,-8.7313e-05,1.36495e-05,0.000183005,0.000395755,0.000696334,0.000900332,9.19345e-05,9.10253e-05,8.23453e-05,8.25677e-05,8.55533e-05,8.40532e-05,8.49277e-05,8.26865e-05,0.000416863,0,0.000345964,0.000454114,2.68942e-06,0.000412863,0.500869,-0.000944299,-0.000370867,0.000379492,0.000985517,1788468600,0.000386112,6.22946e-05,0.000362221,1,0.000426552,6.46871e-05,0.000456809,1,0.000456114,5.24639e-05,0.000481207,1,0.000472743,0,0.000412766,1
1788468720,-0.000566312,-0.000115629,0,-0.000570302,0.000702435,0.501854,0.00016079,0.000169626,0.0709321,-0.000765241,-0.000556045,-0.000257831,-9.72352e-05,-1.32124e-06,0.000157996,0.000355952,0.000646434,0.000845313,0.000168611,0.000162666,0.000160899,0.000160989,0.00015669,0.000159973,0.000161749,0.000160511,0.000380165,0,0.000330025,-0.000412701,0.000316068,0,0.490929,-0.000877004,-0.000340284,0.000328428,0.000874645,1788468600,0.000445685,4.53682e-05,0.000467921,1,0.000383676,2.64557e-05,0.000404089,1,0.000470858,3.57174e-05,0.000465907,1,0.000471042,0,0.000436534,1
1788468780,-0.000111705,-3.98925e-06,5.98369e-05,-0.000502771,0.000699972,0.501682,5.60632e-05,5.82331e-05,0.0554743,-0.000749351,-0.000550948,-0.000258054,-9.34253e-05,-1.80838e-06,0.000155949,0.000353691,0.000638071,0.000836284,6.7768e-05,6.98524e-05,5.87818e-05,5.52802e-05,6.29108e-05,6.21196e-05,4.91734e-05,5.49578e-05,0.000378176,0,0.000293918,-0.00043518,0.000373121,0,0.489775,-0.00092896,-0.000366787,0.000345856,0.000910815,1788468600,0.000390233,4.78258e-05,0.000398272,1,0.000421342,5.25658e-05,0.000454338,1,0.000406285,1.49552e-05,0.000412837,1,0.000477914,0,0.000430411,1
1788468840,-0.000411023,6.3833e-05,9.97373e-05,-0.000594641,0.000693117,0.49777,0.000118979,0.00012504,0.0580216,-0.000745443,-0.000542943,-0.000251757,-9.86923e-05,-6.20725e-06,0.00015253,0.000359596,0.000643961,0.000841408,0.000125169,0.000119233,0.000117567,0.000117803,0.00010864,0.000116899,0.00012087,0.000119298,-0.000377736,0.000268731,0,-0.000432565,0.000366327,2.34564e-05,0.493998,-0.000916683,-0.000355279,0.000356714,0.000910837,1788468600,0.000411881,4.70835e-05,0.000439776,1,0.000389913,4.21962e-05,0.000424557,1,0.000460463,2.63062e-05,0.000463025,1,0.000399869,0,0.000385696,1
1788468900,-6.78549e-05,9.97783e-05,0.000191566,-0.000199586,0.000688609,0.496947,5.48905e-05,5.50435e-05,0.0515818,-0.00077732,-0.000564366,-0.000267572,-0.000102949,-7.09966e-06,0.000154127,0.000366017,0.000655909,0.000857854,6.5006e-05,6.58287e-05,5.36829e-05,5.72821e-05,5.7912e-05,5.8228e-05,4.87378e-05,5.17322e-05,-0.000390013,0.000295456,0,-0.00044073,0.000380191,1.01983e-05,0.492797,-0.000955101,-0.000366736,0.000361934,0.000931351,1788468900,-0.000403278,0.00042224,7.56554e-05,1,0.000396769,2.91834e-05,0.000459267,1,0.000419966,1.26836e-05,0.000424675,1,-0.000454455,0.000406984,0,1
1788468960,0.000139696,0,0.000494836,-0.00024751,0.000681755,0.49258,5.83924e-05,5.636e-05,0.0532047,-0.000729198,-0.00053125,-0.000246269,-9.23418e-05,-1.20144e-05,0.000142676,0.000339897,0.000611209,0.000802607,6.58261e-05,6.79657e-05,5.78087e-05,5.86599e-05,7.03609e-05,6.22838e-05,5.40576e-05,5.52401e-05,-0.000361923,0.000246795,0,-0.000391345,0.000317068,0,0.493583,-0.000832775,-0.000319057,0.000314997,0.000815003,1788468900,0.000404061,3.83718e-05,0.000449355,1,-0.000411593,0.000449862,6.58767e-05,1,0.000414842,1.98095e-05,0.0004481,1,0.000427455,0,0.000376653,1
1788469020,-0.000403177,4.78914e-05,5.58731e-05,-0.000702671,0.000675192,0.498742,0.000117758,0.000122867,0.0555958,-0.000769532,-0.000561048,-0.000266743,-9.69135e-05,-5.28987e-06,0.000159128,0.000368406,0.000655132,0.000857328,0.000122827,0.000116769,0.000115049,0.000116011,0.000104943,0.000115395,0.000118952,0.000121292,-0.000391389,0.00035081,0,-0.000431001,0.000403047,2.6566e-05,0.493468,-0.00091819,-0.00036177,0.000350971,0.000907462,1788468900,-0.000367061,0.000390243,3.51668e-05,1,-0.00040258,0.000434639,5.97079e-05,1,-0.000460581,0.000463432,3.14996e-05,1,-0.000416991,0.000369584,0,1
1788469080,0.000271464,-3.99266e-06,0.000419141,-3.19417e-05,0.000670834,0.497996,8.24285e-05,8.04831e-05,0.0552171,-0.000788868,-0.000572647,-0.000272195,-9.53239e-05,-6.37332e-06,0.00016068,0.000381061,0.000679659,0.000885135,8.73409e-05,8.85579e-05,7.86466e-05,8.71653e-05,9.18579e-05,8.30573e-05,8.18622e-05,7.60904e-05,-0.000401996,0.000355977,0,-0.000412736,0.000382201,1.74749e-05,0.4969,-0.000884821,-0.000334397,0.000346703,0.000888458,1788468900,-0.000402916,0.000442463,7.63767e-05,1,-0.000378404,0.000399052,3.1038e-05,1,0.00043961,1.45577e-05,0.000456097,1,-0.000479536,0.00043821,0,1
1788469140,-7.98317e-06,-3.99158e-06,0.000171623,-0.000143707,0.0006652,0.502105,4.97525e-05,4.92869e-05,0.0562278,-0.000738695,-0.000538976,-0.000249764,-8.51784e-05,-1.75232e-06,0.000152881,0.000352958,0.000627653,0.000819287,6.14824e-05,5.93726e-05,4.55836e-05,5.19907e-05,5.41061e-05,4.93681e-05,4.58163e-05,4.83599e-05,0.000372913,0,0.000312098,-0.000380276,0.000350795,0,0.499461,-0.000799199,-0.000304387,0.000312374,0.000802055,1788468900,0.000377865,6.19354e-05,0.000426968,1,-0.000418895,0.000462761,5.78486e-05,1,0.000420967,5.59969e-06,0.000413263,1,0.000471576,0,0.00041446,1
1788469200,3.19323e-05,3.99159e-06,0.000135705,-7.18514e-05,0.000658516,0.48331,5.82807e-05,5.87563e-05,0.0628821,-0.000838482,-0.000644676,-0.000322565,-0.000123423,-2.77599e-05,0.000141196,0.000374186,0.000682906,0.000884851,5.99517e-05,5.90077e-05,4.443e-05,6.5944e-05,5.49853e-05,4.65526e-05,6.73457e-05,5.31344e-05,-0.000423023,0.000433893,0.000118578,-0.000417964,0.000408537,9.0042e-05,0.484857,-0.000900178,-0.000363224,0.00032798,0.000855308,1788469200,-0.00036356,0.000389832,3.0937e-05,1,-0.000385411,0.000428485,4.62716e-05,1,-0.00045961,0.00047502,2.74821e-05,1,0.00043286,0,0.000378402,1
1788469260,0.000171619,3.59226e-05,0.000171619,-0.000295413,0.000651913,0.496052,6.1646e-05,5.89876e-05,0.0682237,-0.000676744,-0.000496566,-0.000225521,-7.98403e-05,-7.5499e-06,0.000126942,0.000311276,0.00058165,0.000761135,7.04476e-05,7.01304e-05,5.89096e-05,6.11964e-05,7.08116e-05,5.90957e-05,5.94037e-05,6.11464e-05,-0.000331876,0.000271253,0,0.000325255,0,0.000283914,0.502575,-0.000659991,-0.000241294,0.000260862,0.000671011,1788469200,-0.000437904,0.000471136,2.51462e-05,1,-0.000365932,0.00038715,2.66662e-05,1,0.000426057,3.02708e-05,0.00042715,1,-0.00047982,0.000424242,0,1
1788469320,-0.000359236,0,0.000383042,-0.000359236,0.000645817,0.498506,0.000105134,0.000110451,0.0739516,-0.000682935,-0.000499564,-0.000228604,-7.77844e-05,-5.37074e-06,0.000131737,0.000321725,0.000601663,0.000787725,0.000110884,0.000104174,0.000102431,0.000103076,9.50228e-05,0.000102689,0.000106487,0.000108538,-0.000340012,0.000284806,2.56597e-05,-0.000359574,0.00029697,3.37839e-06,0.499143,-0.000745268,-0.000280259,0.000300039,0.000773097,1788469200,-0.000320904,0.000333767,7.24227e-06,1,0.000489134,2.64861e-05,0.000464979,1,0.000408622,4.26173e-06,0.000401055,1,0.00046028,0,0.000399847,1
1788469380,-0.000778787,-4.79078e-05,3.99222e-06,-0.000986566,0.000641342,0.503419,0.000244657,0.000260151,0.0660519,-0.000730981,-0.000528634,-0.000253392,-8.4694e-05,1.69045e-07,0.000146663,0.000340138,0.000629475,0.000823095,0.000233778,0.000234529,0.000267249,0.000238896,0.000226494,0.000266689,0.000247375,0.000246079,0.000365197,2.02209e-05,0.000364049,0.00038439,9.4597e-07,0.000381846,0.501724,-0.000822674,-0.000308482,0.000324847,0.000835194,1788469200,-0.000349365,0.000358331,5.42655e-05,0,-0.000336547,0.000336859,1.12583e-05,1,-0.000538183,0.000409744,0,1,0.000414983,0,0.000368072,1
1788469440,-0.000419598,7.99063e-06,1.99765e-05,-0.00084737,0.000644378,0.499636,0.00012474,0.000128119,0.0486861,-0.000814739,-0.000587917,-0.000284406,-9.71067e-05,-3.99154e-06,0.000160391,0.000388204,0.000713949,0.000910188,0.000127243,0.000120843,0.00011951,0.000120291,0.000104131,0.000119734,0.000128127,0.000133127,-0.000412439,0.000392138,0,-0.00043312,0.000426256,1.02882e-05,0.499152,-0.000942324,-0.000351265,0.000369423,0.000937083,1788469200,0.000368081,5.5802e-05,0.000384784,0,-0.000366487,0.000396721,3.02438e-05,0,-0.000374512,0.000314553,0,0,-0.000458225,0.000393432,0,1
1788469500,0.000335693,-7.59461e-05,0.000463546,-0.000247845,0.000640656,0.495467,9.47791e-05,9.3391e-05,0.0456308,-0.000817084,-0.000585685,-0.000289811,-0.000103185,-8.83144e-06,0.000156022,0.000381703,0.000715954,0.000920134,9.79876e-05,9.68281e-05,9.48616e-05,9.87158e-05,0.000112259,9.62567e-05,9.48453e-05,9.06071e-05,-0.000410329,0.000352454,1.37063e-05,-0.000432973,0.000395875,3.06376e-05,0.4924,-0.000942935,-0.000357932,0.000362246,0.000930026,1788469500,0.000405397,3.04278e-05,0.00045074,1,-0.000358843,0.000381742,4.83288e-05,1,0.000412382,0,0.00037044,1,-0.000369901,0.000319929,0,1
1788469560,-0.000411639,-3.99575e-05,-3.99575e-05,-0.000503581,0.000635991,0.497196,0.000120977,0.000123895,0.0425499,-0.000799204,-0.00058156,-0.000287513,-9.90024e-05,-6.74249e-06,0.00015568,0.000363978,0.000686739,0.000886231,0.000124938,0.000118501,0.00011726,0.000118095,0.000102199,0.000117372,0.000122729,0.000127518,-0.000398726,0.000362274,2.89958e-06,-0.000423113,0.000385048,4.24304e-06,0.492467,-0.00092156,-0.000354898,0.000348229,0.00090612,1788469500,-0.000402971,0.000402521,7.55898e-05,1,-0.000397064,0.000399848,6.15126e-05,1,-0.000385959,0.000367966,0,1,0.000423286,0,0.000352239,0
1788469620,0.00117452,-9.59401e-05,0.0014859,-0.000271854,0.000632285,0.491921,0.000420509,0.00041472,0.0404331,-0.000808986,-0.000585128,-0.000284799,-9.96735e-05,-1.2434e-05,0.000142994,0.000349373,0.000661759,0.000869155,0.000384071,0.000412831,0.000437309,0.000432072,0.000464977,0.000421819,0.000415295,0.000410818,-0.000387687,0.000327956,0,-0.000400274,0.00032997,0,0.494833,-0.000895586,-0.000329343,0.000335216,0.000878074,1788469500,-0.000409525,0.00038977,5.03782e-05,1,-0.000401858,0.000411083,6.95944e-05,1,0.000429182,0,0.000398469,1,-0.000418588,0.000359449,0,1
1788469680,-0.000758886,1.59704e-05,1.59704e-05,-0.00113055,0.000647594,0.499517,0.000218688,0.000223831,0.0692149,-0.000996925,-0.000738118,-0.000370936,-0.000127315,-3.53758e-06,0.000189195,0.000444962,0.00085117,0.00114317,0.000226086,0.00022414,0.000220441,0.000215581,0.000210534,0.000216173,0.000221944,0.000224463,-0.000497482,0.000545214,3.69814e-05,-0.000534457,0.000592145,3.1688e-05,0.491114,-0.00110988,-0.000445182,0.000436382,0.00117197,1788469500,0.00038025,1.47668e-05,0.000368931,1,-0.000412657,0.000417397,3.59729e-05,1,-0.000445831,0.000384512,0,1,-0.00046036,0.000385744,0,1
1788469740,0.000774856,-0.000127869,0.000774856,-0.000275738,0.000650007,0.49079,0.000218218,0.000214694,0.0680997,-0.000992276,-0.000732105,-0.000369343,-0.000136055,-1.71572e-05,0.000171733,0.000420599,0.00081195,0.00108477,0.000216327,0.00022354,0.000217803,0.000217107,0.000246331,0.000221778,0.000221333,0.000216061,-0.000479692,0.000443216,2.99219e-05,-0.000500985,0.000461098,2.27924e-05,0.487238,-0.0010971,-0.000424027,0.000406189,0.00108105,1788469500,-0.000540072,0.000528498,6.64629e-05,1,-0.000390112,0.000372446,7.31045e-08,1,-0.000461465,0.000382107,0,1,-0.000480584,0.000405571,0,1
1788469800,0.00126883,2.79475e-05,0.00139642,2.79475e-05,0.000652738,0.50096,0.000427679,0.000419483,0.0863455,-0.000965446,-0.000708703,-0.000353324,-0.000117746,-1.71843e-06,0.000185639,0.000426842,0.000819399,0.00107456,0.000429341,0.000447575,0.000427211,0.000438726,0.000472934,0.000440099,0.000399381,0.000431918,0.000476542,1.92789e-05,0.000459264,-0.000498854,0.000539118,0,0.496092,-0.00104714,-0.00040919,0.000420363,0.00111827,1788469800,0.000472379,4.7091e-05,0.000506868,0,0.000507521,5.09054e-05,0.000536989,1,0.000430028,0,0.00033518,0,-0.000480046,0.000390488,0,0
1788469860,-0.000390851,-3.19005e-05,-3.19005e-05,-0.000933509,0.000670629,0.498112,0.000119957,0.000121208,0.216557,-0.00112501,-0.000831345,-0.000418071,-0.000147762,-5.53224e-06,0.000199037,0.000476354,0.000914994,0.00123833,0.000119715,0.000113254,0.000121952,0.000114157,0.00011475,0.00012768,0.00012386,0.000121314,-0.00054354,0.0005563,2.77149e-06,-0.000560866,0.000574942,1.04359e-06,0.489759,-0.00118197,-0.000471498,0.000455099,0.00125214,1788469800,-0.000513828,0.000498839,2.58521e-05,1,-0.000482721,0.00049531,5.16843e-05,1,0.00055135,0,0.000479701,1,0.000446815,0,0.000362153,0
1788469920,0.00052243,-5.1859e-05,0.000909091,-5.1859e-05,0.000666186,0.494934,0.000148051,0.000143062,0.163458,-0.00105428,-0.000771325,-0.000387451,-0.000141065,-1.07222e-05,0.00018989,0.000452505,0.000876963,0.00117214,0.00014323,0.000147103,0.000147097,0.000147033,0.000149425,0.000151418,0.000150653,0.000145837,-0.000511295,0.000474643,1.15881e-05,-0.000530057,0.000494551,0,0.493263,-0.00112907,-0.000436923,0.000441427,0.0011914,1788469800,-0.000553551,0.000560671,1.38914e-05,1,0.000471098,2.01383e-05,0.000490606,1,0.000503946,0,0.000453605,0,-0.000554549,0.000456713,0,1
1788469980,0.000856831,3.98696e-06,0.000876749,3.98696e-06,0.000663617,0.503394,0.000241745,0.000233038,0.159534,-0.000985329,-0.000729028,-0.000371766,-0.000129617,2.74366e-06,0.000196568,0.000446208,0.000857177,0.00113113,0.000245947,0.000251726,0.000239845,0.000246253,0.000249289,0.000248755,0.000236689,0.000239143,0.000498705,2.82307e-05,0.00046938,0.00051571,5.07914e-05,0.00046451,0.500167,-0.00107649,-0.00042145,0.000434585,0.00116551,1788469800,0.000526402,4.7432e-05,0.000532748,1,0.000515578,6.0428e-05,0.00054227,1,0.000514666,0,0.000444234,0,0.00052081,0,0.000453741,0
1788470040,0.000617261,1.99176e-05,0.000872018,-0.000123498,0.000668029,0.50269,0.000173947,0.000166836,0.207094,-0.00100579,-0.000750102,-0.000364912,-0.000134389,1.98954e-06,0.000192516,0.000449222,0.000839456,0.00115129,0.000169188,0.000173345,0.000173297,0.000172921,0.000165269,0.000177016,0.000175798,0.000173154,0.000498606,0,0.000448535,-0.000509822,0.000516868,0,0.495778,-0.00108496,-0.000422597,0.000425581,0.00116361,1788469800,-0.00051365,0.000527726,2.69735e-05,1,-0.000522407,0.000540809,2.83985e-05,0,0.000555799,0,0.000484886,1,-0.000498629,0.000417912,0,0
1788470100,-0.000653113,3.98109e-06,0.000115445,-0.000688967,0.000667051,0.502093,0.000185129,0.000190687,0.213277,-0.0011073,-0.000849156,-0.000436341,-0.00016134,2.06653e-06,0.000214593,0.000499711,0.000923017,0.00126167,0.00019261,0.000186015,0.000186095,0.000186721,0.00019819,0.000186164,0.000184641,0.000181034,0.000568588,2.10165e-05,0.00058153,-0.000576885,0.000627357,5.29994e-06,0.494495,-0.00118883,-0.000480718,0.000468805,0.00126461,1788470100,0.000497283,1.37622e-05,0.000488262,1,-0.00047705,0.000491637,3.87639e-05,1,0.000545756,0,0.000485988,1,0.000568273,0,0.000501172,1
1788470160,-3.18701e-05,-3.98371e-06,0.000370415,-0.000183267,0.000666775,0.498429,6.42511e-05,6.51253e-05,0.156677,-0.000963642,-0.000704483,-0.000356939,-0.000132917,-4.75284e-06,0.000180065,0.000420902,0.000801142,0.00108343,6.37747e-05,6.39013e-05,7.31547e-05,6.00184e-05,6.72028e-05,6.55402e-05,6.33456e-05,6.33695e-05,-0.000473665,0.000428918,0,-0.00047947,0.000457139,0,0.494189,-0.00102929,-0.00039902,0.000396523,0.00108202,1788470100,0.000562103,4.14411e-05,0.000601614,1,0.000455178,3.8049e-05,0.000484768,1,-0.000505682,0.000444111,0,1,0.000527369,0,0.000480171,1
1788470220,0.00121035,0,0.001461,-2.39032e-05,0.000660089,0.503374,0.00041074,0.000399416,0.111503,-0.00089275,-0.000652619,-0.000329652,-0.000116494,2.03387e-06,0.00018114,0.000415358,0.000763907,0.00103369,0.000398405,0.00041204,0.000393276,0.000426828,0.000404806,0.000424525,0.00040381,0.00041076,0.000455197,0,0.000414388,0.000469267,1.12631e-05,0.000430734,0.500955,-0.000993889,-0.000381316,0.000399529,0.00106815,1788470100,0.000446187,5.82437e-05,0.00046471,1,0.000556553,7.20564e-05,0.00054335,1,-0.000494602,0.000435297,0,1,-0.000483093,0.000407705,3.42391e-08,1
1788470280,-0.00112669,-3.58117e-05,3.18315e-05,-0.00113068,0.000675502,0.500173,0.000349565,0.000367908,0.153029,-0.00105843,-0.000783981,-0.000416599,-0.000150915,-1.83948e-06,0.000203176,0.000477881,0.000915128,0.0012763,0.000384144,0.000373441,0.000345551,0.000365426,0.000392977,0.000346885,0.000345918,0.000346621,0.000541995,2.86701e-05,0.000537006,-0.000566944,0.000638731,1.22131e-05,0.491306,-0.00118558,-0.000476002,0.000463063,0.00128644,1788470100,-0.000441314,0.000471613,2.8553e-05,1,-0.000433029,0.000448375,5.50302e-05,1,0.000553483,0,0.00046968,1,0.000502126,0,0.000447904,1
1788470340,5.17841e-05,0,0.000374378,-0.000231069,0.000687434,0.494403,7.20522e-05,7.40534e-05,0.0792805,-0.00109508,-0.000802343,-0.000401634,-0.0001485,-1.1425e-05,0.000186374,0.000462343,0.000892726,0.00121343,6.18075e-05,6.75899e-05,8.30704e-05,6.3434e-05,7.18708e-05,9.04668e-05,7.12011e-05,6.982e-05,-0.000525101,0.000466757,0,-0.000547058,0.0005299,0,0.493682,-0.00118492,-0.000457729,0.000447935,0.0012181,1788470100,-0.000519545,0.00054742,5.6533e-05,1,-0.000415776,0.000427181,6.66068e-05,1,0.000443701,0,0.000413777,1,-0.000492391,0.000442182,1.6983e-05,1
1788470400,3.58489e-05,-3.98337e-05,0.000609257,-0.000159344,0.000680564,0.502317,6.33126e-05,6.47494e-05,0.0617713,-0.000936617,-0.000679659,-0.000346459,-0.000119623,5.54475e-07,0.000180864,0.000428011,0.000812443,0.00110487,6.08806e-05,6.57166e-05,7.72298e-05,6.05077e-05,6.87973e-05,7.29441e-05,5.7062e-05,6.01847e-05,0.000471938,0,0.000411026,-0.000500543,0.000482004,0,0.496997,-0.00104666,-0.000412837,0.000415916,0.00112627,1788470400,0.00046374,8.68702e-05,0.000522982,1,-0.000471451,0.000550122,6.97245e-05,1,-0.000449994,0.000403225,0,1,-0.00043829,0.000383832,0,1
1788470460,-0.000450197,6.77111e-05,0.000254889,-0.000577723,0.000673743,0.501404,0.000129077,0.000134189,0.0507375,-0.00095259,-0.0006925,-0.000356304,-0.000126251,-1.28496e-07,0.000173696,0.00041846,0.00080246,0.00108075,0.000136397,0.000129675,0.000129607,0.000129288,0.000134683,0.000129473,0.000123437,0.000133885,0.000470728,0,0.000442964,-0.000513244,0.000489488,6.70493e-06,0.493361,-0.00109635,-0.000433939,0.000415796,0.00113239,1788470400,-0.000483004,0.00046052,7.87278e-05,1,-0.000467724,0.000486801,8.99091e-05,1,-0.000514096,0.00049809,0,1,-0.000451783,0.000401455,1.1115e-05,1
1788470520,-0.000498241,5.18028e-05,0.000278907,-0.000761413,0.000670004,0.498549,0.000143467,0.000147495,0.0476706,-0.000953149,-0.000696507,-0.000357657,-0.000123669,-4.52607e-06,0.000169548,0.000424329,0.000808491,0.00108998,0.000149568,0.000142881,0.000142691,0.000142431,0.000143977,0.000142011,0.000142936,0.000145571,-0.000474857,0.000434254,0,-0.000504992,0.00048366,0,0.498275,-0.00107854,-0.000414066,0.000423372,0.00113968,1788470400,-0.000471223,0.000473708,6.67324e-05,1,-0.000484601,0.000462488,5.08085e-05,1,-0.000473394,0.000414454,0,1,-0.000542735,0.000469672,0,1
1788470580,-0.000191391,0,0.000235201,-0.00026716,0.000667002,0.498637,8.02009e-05,8.14904e-05,0.0504604,-0.000960543,-0.000703911,-0.000367329,-0.000127626,-4.4888e-06,0.000176204,0.000431445,0.000819979,0.00109112,8.17178e-05,7.86633e-05,8.23809e-05,8.11805e-05,7.88856e-05,7.46526e-05,8.15882e-05,7.92982e-05,-0.000484551,0.000453635,0,0.000506357,1.42049e-05,0.000525487,0.502773,-0.00107965,-0.000409437,0.00043227,0.00113164,1788470400,-0.00046416,0.000484203,3.93097e-05,1,-0.000473816,0.000475265,8.19578e-05,1,-0.000479566,0.000412275,0,1,-0.000481405,0.000415125,0,1
1788470640,-8.37449e-05,-7.57689e-05,0.000171456,-0.00038688,0.000660853,0.49098,6.10067e-05,6.11682e-05,0.0577234,-0.000864357,-0.000630817,-0.000332811,-0.000124993,-1.43934e-05,0.000147831,0.000380221,0.00073182,0.000979383,6.69002e-05,6.65538e-05,6.86814e-05,6.17892e-05,6.70449e-05,5.94293e-05,5.52212e-05,5.98255e-05,-0.000431339,0.00035373,0,-0.000406328,0.000362738,0,0.497624,-0.00085581,-0.000329176,0.000331378,0.000882175,1788470400,-0.000455061,0.000472489,7.31474e-05,1,-0.000458859,0.000451565,5.22038e-05,1,-0.000465851,0.00041319,2.95584e-05,1,-0.000450566,0.000396821,9.54443e-06,1
1788470700,0.000322977,0.000107671,0.000418654,-1.59522e-05,0.000654318,0.49258,9.57716e-05,9.50446e-05,0.0695384,-0.000865988,-0.000633784,-0.000325144,-0.000119275,-1.23489e-05,0.000153983,0.000391873,0.000739208,0.000991763,9.64869e-05,9.82941e-05,9.80147e-05,9.66546e-05,0.000101504,9.29567e-05,9.49301e-05,9.42859e-05,-0.000435393,0.000384731,0,0.000424764,0,0.000438884,0.502949,-0.000899487,-0.000339456,0.000361563,0.000943148,1788470700,-0.00037246,0.000381413,5.06514e-05,1,-0.00046116,0.000449536,5.65702e-05,1,-0.000448385,0.000402732,0,1,-0.000481217,0.000417596,0,1
1788470760,0.000366712,-3.98674e-06,0.000366712,-0.000123596,0.00064935,0.490798,0.000105988,0.000100995,0.0705981,-0.000813822,-0.000600764,-0.000305864,-0.00011466,-1.39495e-05,0.000140246,0.000358763,0.00068821,0.000930005,0.000103603,0.000105093,0.000103778,0.000103514,0.000107289,0.000105168,0.000109038,0.000107546,-0.000403498,0.000323592,0,-0.000395082,0.000338041,0,0.495792,-0.000830252,-0.000325173,0.000317088,0.000849457,1788470700,-0.000363932,0.000408198,8.25497e-05,1,-0.000377696,0.000383834,5.58299e-05,1,-0.00046151,0.000415386,0,1,-0.000455881,0.000396547,0,1
1788470820,1.19557e-05,7.97022e-05,0.000270962,-1.59412e-05,0.000644913,0.493334,5.31316e-05,5.42852e-05,0.0724159,-0.000804066,-0.000602819,-0.000298384,-0.000106668,-1.06874e-05,0.000142464,0.000356614,0.000674596,0.000917966,6.15558e-05,5.96428e-05,5.65237e-05,5.13304e-05,6.11697e-05,5.1688e-05,4.97867e-05,5.27659e-05,-0.000399081,0.000312189,0,-0.000391188,0.000344073,0,0.493604,-0.000822921,-0.000324939,0.000311235,0.00084585,1788470700,-0.000360394,0.000370089,6.15481e-05,1,-0.000411104,0.000417338,3.88284e-05,1,-0.000379968,0.000358506,4.74566e-06,1,-0.000478659,0.000414377,0,1
1788470880,-0.000143478,-3.98523e-06,0.00011955,-0.000370694,0.000638433,0.495118,5.88417e-05,6.03243e-05,0.0922043,-0.000743664,-0.000536187,-0.000277156,-0.000102966,-7.4865e-06,0.000126694,0.000319981,0.000604164,0.000840878,7.35958e-05,6.77306e-05,6.40488e-05,5.73634e-05,6.77045e-05,5.94717e-05,5.24712e-05,5.79731e-05,-0.000362017,0.000276415,0,-0.000353812,0.000301529,0,0.493229,-0.00073278,-0.000291312,0.000270829,0.000747718,1788470700,-0.000358782,0.000380168,5.15326e-05,1,-0.000407749,0.000405029,9.73005e-06,1,-0.000426624,0.000388634,0,1,-0.000397336,0.000353965,0,1
1788470940,0.00194716,2.39145e-05,0.00198694,-0.000294992,0.000632342,0.497937,0.000814567,0.00080492,0.11849,-0.000729897,-0.000526734,-0.000264922,-9.80286e-05,-4.72728e-06,0.000133951,0.000336501,0.00063026,0.000857809,0.000766343,0.000790664,0.00081147,0.000817417,0.000798444,0.000833669,0.000825425,0.000811383,-0.000366334,0.000300246,0,-0.000378064,0.000351499,0,0.494268,-0.000794102,-0.000311522,0.000306334,0.00081961,1788470700,0.000335842,4.33509e-05,0.000341922,0,0.000402752,9.85743e-06,0.000404179,0,-0.000415119,0.000359296,0,0,-0.000446539,0.000408232,0,0
1788471000,0.00166144,3.97796e-05,0.00167733,-7.55856e-05,0.000683877,0.49369,0.000556421,0.000543618,0.0897707,-0.00130564,-0.00101191,-0.000535042,-0.00019904,-1.45055e-05,0.000218126,0.00056128,0.0010973,0.00150697,0.000622163,0.000622448,0.000567082,0.000546377,0.000585023,0.000503972,0.00054564,0.000554729,-0.00066036,0.000711577,4.74718e-05,-0.000690555,0.00084577,0.000133121,0.487458,-0.00136862,-0.000577193,0.000540557,0.00146967,1788471000,0.000356314,4.446e-05,0.000385347,0,0.000367784,2.64779e-06,0.000370828,0,0.000408413,0,0.000360369,0,0.000404134,0,0.000355763,0
1788471060,-0.000897948,1.9857e-05,0.000420884,-0.00155006,0.000716618,0.493496,0.000249926,0.000255802,0.237208,-0.0013255,-0.00101755,-0.000537846,-0.000208229,-1.52882e-05,0.000222646,0.000571517,0.00113542,0.00159617,0.000279333,0.000262046,0.000255552,0.000259297,0.000295954,0.000255998,0.000249396,0.000235057,-0.000668808,0.000650263,0,-0.000655436,0.000709752,1.82574e-05,0.491594,-0.00134867,-0.00055305,0.000527988,0.00147914,1788471000,-0.0006632,0.000687695,9.62562e-05,1,0.00038247,1.60884e-05,0.00039833,0,-0.000363301,0.0003414,0,0,0.00039687,0,0.000340412,0
1788471120,0.000488806,4.76989e-05,0.000691412,-0.000369744,0.000720692,0.500465,0.000146243,0.000144209,0.224478,-0.00132217,-0.000984716,-0.000521042,-0.000189793,-6.20543e-07,0.000235246,0.000579425,0.00113387,0.00153017,0.000133296,0.000138246,0.000151167,0.000149123,0.000127889,0.000169279,0.000140193,0.00015067,0.000665461,7.37203e-06,0.000635403,0.000675353,9.99211e-05,0.000699246,0.500821,-0.00138726,-0.000550011,0.000557279,0.00148552,1788471000,0.000633671,8.46751e-05,0.000632476,1,0.000663153,0.000137451,0.000610327,1,0.000388188,0,0.000366984,0,-0.000352924,0.000331379,0,0
1788471180,0.000500481,-1.19193e-05,0.000806207,-0.000154961,0.00071679,0.504359,0.000142226,0.000139392,0.186524,-0.00118967,-0.000881893,-0.000456517,-0.000162132,6.35022e-06,0.000222242,0.000544572,0.00105545,0.00143965,0.000136358,0.000141351,0.000149663,0.000143224,0.000126224,0.000164034,0.000141735,0.000144311,0.000607935,0,0.000556066,0.000609208,5.58803e-05,0.000584625,0.503216,-0.00124638,-0.000493691,0.000517953,0.00137127,1788471000,0.000630311,0.000149662,0.000683607,1,0.000636925,8.97876e-05,0.000604428,1,0.00063345,0,0.000539394,1,0.000394265,0,0.000369703,0
1788471240,0.00182106,-3.97108e-06,0.00344888,-9.92818e-05,0.000713107,0.498838,0.000656229,0.000640556,0.161391,-0.00119111,-0.000882982,-0.00045654,-0.000181011,-3.32279e-06,0.000204856,0.000506537,0.00103312,0.00140338,0.000701,0.000688304,0.000633557,0.000656921,0.00060534,0.000598708,0.000680719,0.000642213,-0.000582987,0.000543657,0,-0.000591512,0.000574527,0,0.496886,-0.00123979,-0.000494856,0.000485304,0.00131195,1788471000,-0.000589506,0.000610214,5.48266e-05,0,-0.000661361,0.000667323,4.49092e-05,0,0.000622859,0,0.000537128,1,0.000578264,0,0.000599707,0
1788471300,-0.00115018,-5.54954e-05,-5.54954e-05,-0.0022699,0.00075145,0.495283,0.000320046,0.000327435,0.332462,-0.00159825,-0.00121319,-0.000670393,-0.000250027,-1.42906e-05,0.000289426,0.000711915,0.00140701,0.00191491,0.000394773,0.00035427,0.000326234,0.000328356,0.000412153,0.000326034,0.00032156,0.000297852,-0.00083249,0.000918692,3.03339e-05,0.000768438,0.000208138,0.000887017,0.502381,-0.00150643,-0.000617011,0.000630551,0.00170265,1788471300,0.000536484,4.05478e-05,0.000585408,1,0.000569878,1.07772e-05,0.000607511,1,0.000605579,0,0.000595714,1,0.000597145,0,0.000554106,1
1788471360,-0.000877404,0,0,-0.00148131,0.000761473,0.504064,0.00025041,0.000256697,0.345369,-0.00148085,-0.00110399,-0.000578786,-0.000202478,7.58357e-06,0.000276417,0.000649746,0.00126495,0.0016921,0.000271243,0.000249224,0.000250406,0.000251709,0.000295477,0.000250638,0.000249719,0.000247435,0.000744315,1.67097e-05,0.000788455,0.000702945,5.65422e-05,0.000805989,0.507311,-0.00145719,-0.000560786,0.000597118,0.00154952,1788471300,-0.000713162,0.000821886,0.000123962,0,0.000531091,3.7934e-05,0.000598704,1,-0.000563111,0.000513055,0,1,-0.00055951,0.000543097,2.81752e-05,1
1788471420,-0.00075892,3.97189e-06,0.000150921,-0.00075892,0.000763964,0.502787,0.000219619,0.000224721,0.319915,-0.00134715,-0.000985867,-0.00052178,-0.000172683,2.88953e-06,0.000257915,0.000609347,0.0011974,0.00155001,0.00022488,0.000216332,0.00021735,0.000217927,0.00025185,0.000218609,0.000224546,0.000216098,0.000685934,1.15053e-05,0.000668823,0.000643201,4.43754e-05,0.000659166,0.509746,-0.0013228,-0.000505381,0.000562369,0.00143344,1788471300,0.000587078,0.000157615,0.000727639,1,0.00063057,0.000183857,0.000751994,0,-0.000521662,0.000471786,2.35877e-05,1,-0.00052969,0.000498911,1.75307e-05,1
1788471480,-0.000890777,-9.93777e-05,0.000151035,-0.00108176,0.000763864,0.499751,0.000253013,0.000256908,0.28089,-0.00129216,-0.000947103,-0.000497682,-0.000174316,-2.49658e-06,0.000221677,0.000545987,0.0010859,0.00142518,0.000275888,0.000252838,0.000253551,0.000253083,0.000279296,0.000256261,0.000250156,0.000253414,-0.000630888,0.000575364,0,0.000592677,0,0.000591872,0.505514,-0.00126612,-0.000475075,0.000507903,0.00130127,1788471300,-0.000553569,0.000623334,0.000150798,1,-0.000605372,0.000673514,0.000139017,0,-0.000653132,0.00069107,2.34795e-05,0,-0.000524785,0.00047541,0,1
1788471540,-0.000660641,3.18271e-05,0.000540923,-0.000987143,0.000766608,0.50086,0.00019137,0.00019407,0.250591,-0.00137344,-0.00099198,-0.000529097,-0.000182907,-4.85646e-07,0.000245012,0.000585147,0.00114653,0.00150051,0.00019461,0.000188934,0.000189448,0.000189854,0.000206182,0.000193234,0.000191805,0.000192533,0.000673687,0,0.000660956,0.000638835,0,0.000681542,0.506323,-0.00136313,-0.000512808,0.000547927,0.00139233,1788471300,-0.000470971,0.000520209,0.00010802,1,-0.000519427,0.00056318,0.000155108,0,-0.000617339,0.000543295,7.51745e-07,0,-0.000655679,0.000603401,5.87625e-05,0
1788471600,0.000553217,0.000175152,0.000616877,-0.000601324,0.000764632,0.50101,0.00015646,0.000152546,0.183233,-0.00131492,-0.000956743,-0.000516413,-0.00018043,-1.19094e-07,0.000239751,0.000565782,0.00110209,0.00145062,0.00015182,0.000156348,0.000160542,0.000164069,0.000154717,0.000170403,0.000159689,0.000150724,0.000653735,0,0.000641656,0.000637491,4.53e-06,0.000737191,0.505666,-0.00135218,-0.000516279,0.000541917,0.0013696,1788471600,-0.000501277,0.000567263,0.000148952,1,-0.000442302,0.00047831,0.000153156,1,-0.000542017,0.000500383,3.63055e-05,1,-0.00060961,0.000574718,0,1
1788471660,-0.000441753,-3.18315e-05,6.36601e-05,-0.00124218,0.00076098,0.49623,0.000133476,0.000135023,0.0578049,-0.00121475,-0.000890685,-0.000482767,-0.000175328,-9.51374e-06,0.000217972,0.000528177,0.0010361,0.00138381,0.000133451,0.000131055,0.000141213,0.000140557,0.000150091,0.000144402,0.000127138,0.000128987,-0.000610274,0.000547313,4.76278e-05,0.000605873,0,0.000712535,0.504352,-0.00126818,-0.000488173,0.00052058,0.00133217,1788471600,-0.000527537,0.000556178,0.000179993,1,-0.000492426,0.000524027,0.000159477,1,-0.000473918,0.000435498,3.01986e-05,1,-0.000532629,0.000497432,2.74875e-05,1
1788471720,-0.00013137,1.19418e-05,1.19418e-05,-0.000696854,0.000755918,0.492533,8.60037e-05,8.6936e-05,0.0690377,-0.00120826,-0.000884748,-0.00047757,-0.000184999,-1.69499e-05,0.000213086,0.000516687,0.00101044,0.00134968,7.20054e-05,8.35181e-05,9.32993e-05,9.96466e-05,9.74393e-05,8.73785e-05,8.10056e-05,7.90996e-05,-0.000599975,0.000534677,4.42172e-05,0.000599307,0,0.000709834,0.504263,-0.00127072,-0.000484585,0.000513086,0.00130635,1788471600,-0.000532982,0.000530378,0.000162706,1,-0.000553989,0.000548533,0.000125574,1,-0.000528744,0.000472411,1.77643e-05,1,-0.000509305,0.000434465,0,1
1788471780,-0.000748739,3.98115e-06,3.98115e-06,-0.00107549,0.000748551,0.491201,0.000213799,0.000215329,0.0888837,-0.00104575,-0.000759884,-0.000410444,-0.000148516,-1.79656e-05,0.000189199,0.000464721,0.000911886,0.00121437,0.000219124,0.000213255,0.000212917,0.000213194,0.000219964,0.000213544,0.000211243,0.000218563,-0.00052895,0.000453728,3.00748e-05,0.000524955,0,0.000565654,0.505527,-0.00109088,-0.000413135,0.000453682,0.00114816,1788471600,-0.00053198,0.000573663,0.000122261,1,-0.000563154,0.000593729,7.03204e-05,1,-0.000551397,0.000490957,1.25392e-05,1,-0.000561809,0.000480611,0,1
1788471840,-0.000314797,0,0.000115533,-0.000322768,0.000748555,0.49088,0.000108575,0.000108509,0.102609,-0.00112298,-0.000819229,-0.000441512,-0.000160123,-1.97984e-05,0.000200293,0.000493859,0.000955141,0.0012562,0.000102412,0.000108412,0.000112342,0.000114611,0.000115292,0.000103117,0.000107857,0.000105445,-0.00056516,0.000536733,1.21713e-05,0.000545417,0,0.000593512,0.508614,-0.00116112,-0.000428633,0.000477637,0.00119022,1788471600,-0.000494406,0.00049323,9.96094e-05,1,-0.00057304,0.000589019,6.99748e-05,1,-0.000585942,0.000520623,0,1,-0.000579503,0.000492433,0,1
1788471900,-0.000310909,0,0.000812691,-0.000594001,0.000742367,0.486609,0.000103571,0.000102746,0.137886,-0.00105227,-0.000792614,-0.000424676,-0.000159748,-2.72087e-05,0.000178947,0.000461039,0.000864393,0.00112971,0.000101624,0.000106983,0.000108508,0.000109086,0.000109446,9.73456e-05,0.000101482,0.000100338,-0.000534311,0.000466504,0,0.000504579,0,0.00050869,0.504293,-0.00106661,-0.000408447,0.000424157,0.00103686,1788471900,-0.000491919,0.000527496,6.27807e-05,1,-0.000526399,0.000527753,4.03957e-05,1,-0.000576508,0.00050526,0,1,-0.000605621,0.000533797,0,1
1788471960,-0.000582218,-7.97331e-06,-7.97331e-06,-0.000582218,0.00073622,0.494524,0.000169053,0.0001683,0.18699,-0.00105696,-0.000780218,-0.000427344,-0.000167639,-1.22348e-05,0.00020516,0.000489895,0.000917526,0.00118409,0.000171897,0.000166681,0.000165876,0.000167276,0.00015615,0.000164955,0.000172562,0.000170866,-0.000554354,0.000545934,2.67264e-06,0.000564986,3.98009e-05,0.000671005,0.507917,-0.00120323,-0.000457961,0.000486899,0.00119816,1788471900,0.000488256,0,0.00051158,1,-0.000491839,0.000495474,6.86274e-05,1,0.000537049,0,0.000503021,1,0.00059426,0,0.000526826,1
1788472020,0.000259249,3.98895e-06,0.000618098,3.98895e-06,0.000733457,0.484041,8.76256e-05,8.91822e-05,0.183412,-0.000906363,-0.000666483,-0.000360189,-0.000154499,-2.88123e-05,0.000154657,0.000404154,0.000771578,0.00100291,8.7006e-05,9.62298e-05,9.47323e-05,8.82526e-05,0.000110689,8.60374e-05,8.2204e-05,8.56443e-05,-0.000461301,0.000307504,0,-0.000459927,0.000355696,0,0.496802,-0.00098181,-0.000373447,0.000370196,0.000933261,1788471900,-0.000544908,0.000561453,6.02138e-05,1,0.000464189,2.96663e-05,0.000483609,1,-0.000499925,0.000457584,0,1,0.000526518,0,0.000469292,1
1788472080,0.000171466,-3.98793e-06,0.000701629,-0.000135599,0.000727011,0.486724,7.30122e-05,7.38119e-05,0.157538,-0.000897393,-0.000660435,-0.000371957,-0.000156968,-2.44869e-05,0.000162859,0.000396821,0.000764691,0.00100433,7.21799e-05,8.08397e-05,7.74378e-05,7.94971e-05,9.24453e-05,6.99935e-05,6.68999e-05,7.01675e-05,-0.000462823,0.000394338,0,0.000480501,0,0.000480262,0.500896,-0.00101587,-0.000396226,0.000391038,0.000977646,1788471900,-0.000454415,0.000432782,9.38273e-06,1,-0.000503856,0.000535886,0.00010781,1,0.000478353,0,0.000410611,1,-0.000534249,0.000471623,0,1
1788472140,0.00217467,0.000298998,0.00221047,0.000298998,0.000720112,0.488691,0.000894759,0.000884894,0.164738,-0.000915981,-0.000675152,-0.000390558,-0.000160565,-2.2515e-05,0.00017945,0.000410414,0.000786078,0.00103731,0.000878578,0.000863719,0.000885171,0.000848698,0.000886205,0.000921034,0.000919566,0.000907976,-0.000481823,0.000435016,0,-0.000490359,0.000461439,4.50934e-05,0.499847,-0.0010422,-0.00040824,0.000403008,0.00101396,1788471900,-0.00049545,0.000453205,3.20731e-05,0,-0.000424035,0.000429265,6.13002e-05,0,-0.000551703,0.000503215,0,1,-0.000441556,0.000391657,1.34473e-05,1
1788472200,0.000429594,-2.38718e-05,0.000723839,-6.36593e-05,0.000776385,0.49002,0.000136115,0.000135726,0.0368233,-0.00125727,-0.00095159,-0.000529707,-0.000220166,-2.39034e-05,0.000218708,0.000548891,0.00107196,0.00146971,0.000117064,0.000129132,0.000141528,0.0001308,0.000128641,0.000160421,0.000138192,0.000131283,-0.000648562,0.00065995,4.03117e-05,-0.000674455,0.000679482,6.0976e-05,0.49367,-0.001392,-0.000571291,0.000551854,0.00146316,1788472200,-0.000513652,0.00050449,1.67556e-05,0,-0.000469747,0.000471232,6.14708e-05,0,0.000452891,0,0.000412665,0,-0.0005945,0.000517627,0,1
1788472260,-0.000497232,0.000250511,0.000349903,-0.000497232,0.00077098,0.48741,0.00013947,0.000140653,0.03788,-0.0011567,-0.000859623,-0.00046619,-0.000199368,-2.89678e-05,0.000204204,0.000481887,0.000952726,0.00130633,0.000148931,0.00014365,0.000151222,0.000142707,0.000159154,0.000164139,0.000132519,0.000135887,-0.000570471,0.000482884,0,-0.000600198,0.00053756,0,0.498154,-0.00128484,-0.000506492,0.000492757,0.0013013,1788472200,-0.000717919,0.000680879,3.0716e-05,1,-0.000485317,0.000513689,6.20477e-05,0,-0.000506358,0.000424085,0,0,0.000458072,0,0.000413704,0
1788472320,0.00046144,3.97884e-06,0.00046144,3.97884e-06,0.000766463,0.487313,0.000134661,0.00013122,0.0380785,-0.00107952,-0.000781613,-0.000436087,-0.000178693,-2.74211e-05,0.000191772,0.000446662,0.000900446,0.00122098,0.000125914,0.000133254,0.000140127,0.000130249,0.000132965,0.000149909,0.000137701,0.000138591,-0.000530607,0.000436476,0,-0.00057618,0.000508185,0,0.495686,-0.00121709,-0.000480215,0.000476467,0.0012544,1788472200,0.000623094,3.8926e-05,0.000578504,1,0.00066439,8.34757e-05,0.000673865,1,-0.000524711,0.000462805,0,0,-0.000497936,0.000417973,0,0
1788472380,0.000274376,-3.97702e-06,0.000652018,-3.97702e-06,0.000761561,0.494463,9.31414e-05,9.21175e-05,0.0415454,-0.000992382,-0.000726385,-0.00037865,-0.000140507,-1.15576e-05,0.000183422,0.000427587,0.000848085,0.00113878,8.89809e-05,0.000101398,0.000106019,8.6578e-05,9.95448e-05,0.0001093,8.87416e-05,8.7683e-05,-0.00048888,0.000389091,0,0.000519858,0,0.000434763,0.505306,-0.00109363,-0.000411448,0.000440929,0.00112495,1788472200,0.000606446,2.65214e-05,0.00057543,1,0.000624669,8.33049e-06,0.000617812,1,0.000710965,0,0.000613479,1,-0.000536558,0.000469687,0,0
1788472440,0.000222627,3.97584e-05,0.000818705,2.78311e-05,0.000754905,0.490474,8.78316e-05,8.6045e-05,0.0512132,-0.00102126,-0.000735065,-0.000408796,-0.000171137,-1.88188e-05,0.000181754,0.000422137,0.000828799,0.0011294,8.03013e-05,9.18959e-05,9.39451e-05,8.49978e-05,9.28013e-05,8.96816e-05,8.57389e-05,8.77438e-05,-0.000499773,0.000432358,0,0.000562301,0,0.000531026,0.500084,-0.00119205,-0.000464694,0.000465881,0.00121748,1788472200,0.000524806,0,0.000513361,1,0.000560494,1.6827e-06,0.000602489,1,-0.000647779,0.000517028,0,1,0.000675849,0,0.000617457,1
1788472500,-0.000831128,4.37244e-05,4.37244e-05,-0.000890805,0.000747981,0.496258,0.000238395,0.000249366,0.0683165,-0.000971838,-0.000703688,-0.00039709,-0.00015746,-8.37614e-06,0.000189747,0.000413582,0.000811793,0.00112152,0.000251689,0.000236426,0.000235672,0.000239648,0.000251262,0.000244637,0.000239048,0.000238123,-0.000487947,0.000462329,0,0.000506636,0,0.000509351,0.506467,-0.00104424,-0.000404276,0.00042859,0.00110143,1788472500,-0.000552913,0.000557866,1.64389e-05,1,0.000489873,0,0.000518738,1,0.000561748,0,0.00051976,1,0.000595985,0,0.000544106,1
1788472560,-0.000218833,0,0.000234695,-0.00053324,0.000749734,0.491097,8.26988e-05,8.34319e-05,0.0486676,-0.000975233,-0.000709156,-0.000381032,-0.000151117,-1.68761e-05,0.000175678,0.000405911,0.00080399,0.00109325,8.69305e-05,9.23135e-05,9.30746e-05,8.23913e-05,0.000104418,8.47634e-05,7.80097e-05,7.69397e-05,-0.000474783,0.000402541,0,0.00051817,0,0.00052669,0.503989,-0.00110067,-0.00040999,0.000444705,0.0011315,1788472500,-0.000484734,0.000537349,5.37042e-05,1,-0.000525565,0.000540632,7.76031e-05,1,-0.000534029,0.000416804,0,1,-0.000513987,0.000459522,1.61183e-05,1
1788472620,-8.75465e-05,-3.97922e-06,9.94754e-05,-0.000871827,0.000742844,0.495267,6.94525e-05,7.041e-05,0.0635392,-0.000964339,-0.000699543,-0.000380117,-0.00015065,-1.02313e-05,0.000188736,0.000428658,0.000828409,0.00112144,6.84218e-05,7.87304e-05,7.63757e-05,7.31589e-05,8.74757e-05,6.38655e-05,6.63354e-05,6.40574e-05,-0.000489405,0.000452342,0,0.000516518,0,0.000540645,0.511415,-0.00108068,-0.000394063,0.000462154,0.00115289,1788472500,0.000472593,4.97268e-05,0.000515438,1,-0.000479345,0.000510729,7.37265e-05,1,-0.000551213,0.000455652,1.42446e-06,1,-0.000502402,0.000414598,0,1
1788472680,-9.5514e-05,9.15257e-05,0.000389921,-0.000198998,0.000735482,0.4875,6.91857e-05,6.95452e-05,0.0891266,-0.000950755,-0.00069184,-0.000385172,-0.000157597,-2.4371e-05,0.000173541,0.000422787,0.000834808,0.00111376,6.88645e-05,7.80542e-05,7.26761e-05,8.20031e-05,8.52817e-05,6.06417e-05,6.14973e-05,6.48542e-05,-0.000487107,0.000376566,4.6448e-05,0.000516634,0,0.000616345,0.501718,-0.00107853,-0.000410272,0.000443179,0.0011203,1788472500,-0.000473707,0.000504142,6.23858e-05,1,-0.000463261,0.000474072,7.5948e-05,1,-0.000507166,0.000460149,0,1,-0.000541756,0.000454591,0,1
1788472740,-0.000414,-2.786e-05,-1.59199e-05,-0.000489653,0.000728215,0.486033,0.000117771,0.000118232,0.129565,-0.000916989,-0.000659572,-0.00036178,-0.000146152,-2.59509e-05,0.000162766,0.000380532,0.000771364,0.00103816,0.000125918,0.000122238,0.000118813,0.000119275,0.000128074,0.000118249,0.000114995,0.000117165,-0.000447133,0.000371849,0,0.000467246,0,0.000472952,0.502364,-0.000974005,-0.000369457,0.000390096,0.00100318,1788472500,-0.000464418,0.000475789,0.000149019,1,-0.000458223,0.000473884,7.71996e-05,1,-0.000491476,0.000437243,0,1,-0.000509853,0.000442909,9.39792e-06,1
1788472800,-0.000916185,-3.9816e-06,0.000553288,-0.000964009,0.00072327,0.474729,0.0002604,0.000267753,0.164043,-0.00100845,-0.00077169,-0.000428255,-0.000177555,-4.83174e-05,0.000145769,0.000415568,0.000831525,0.00107518,0.000283886,0.000269158,0.000281437,0.000260687,0.000263483,0.000294062,0.000235399,0.00026444,-0.000508181,0.000446262,8.22174e-05,-0.000511399,0.000445713,0.000113401,0.489451,-0.00109022,-0.00043211,0.000410606,0.00106146,1788472800,-0.000428347,0.000450366,7.38707e-05,0,-0.000487934,0.000532767,0.000112654,1,-0.000513613,0.000458686,0,1,-0.000509156,0.000434547,0,1
1788472860,-0.000406577,-2.39117e-05,9.9626e-05,-0.00121225,0.00072763,0.496076,0.000125085,0.000123533,0.115921,-0.00107719,-0.000797215,-0.000416769,-0.000153799,-9.87038e-06,0.000212364,0.000491049,0.000937332,0.00119866,0.000123721,0.00012088,0.000117252,0.000129559,0.000122758,0.000115728,0.000131908,0.00012873,-0.000551571,0.000593993,0,0.000552753,4.29976e-05,0.000610306,0.51096,-0.00118277,-0.000431772,0.00048829,0.00122337,1788472800,-0.000504764,0.000493982,8.05414e-05,1,-0.000442075,0.000455209,7.41079e-05,1,-0.000540542,0.000464557,1.07147e-05,1,-0.000546122,0.000471089,0,1
1788472920,0.000143517,-6.77789e-05,0.000151489,-0.00079769,0.000722608,0.495847,7.7605e-05,8.11056e-05,0.136015,-0.00104814,-0.000766112,-0.000405765,-0.00015654,-9.97435e-06,0.000207315,0.000490236,0.000946233,0.00120042,6.84174e-05,7.78302e-05,7.12346e-05,9.30984e-05,8.37557e-05,6.60244e-05,7.38505e-05,7.80241e-05,-0.000543701,0.000527653,1.78096e-05,0.00054728,0,0.00064365,0.508504,-0.00116114,-0.000423989,0.000486878,0.00122211,1788472800,-0.000476981,0.000532079,9.86159e-05,1,-0.000569161,0.000557867,0,1,-0.000474476,0.000412433,0,1,-0.00057511,0.000508462,0,1
1788472980,0.000641586,-0.000103649,0.000880582,-0.00104096,0.000715633,0.492348,0.00017646,0.000175737,0.140567,-0.000976593,-0.000723162,-0.000380352,-0.000146524,-1.48174e-05,0.000181678,0.00045335,0.000875153,0.00113832,0.000176013,0.000180731,0.000180106,0.000180889,0.000189154,0.000180917,0.00017232,0.000172593,-0.000505292,0.00046233,3.06075e-05,0.00052011,0,0.000602377,0.507272,-0.00110522,-0.000403166,0.000460769,0.00116764,1788472800,-0.000469994,0.000484768,0.000151772,1,-0.000469517,0.000466669,0.000112921,1,-0.000605573,0.000422941,0,1,-0.000486462,0.00040916,0,1
1788473040,0.00046997,0,0.000621269,-0.000318749,0.000714228,0.492497,0.000132561,0.000132696,0.0884208,-0.00108513,-0.000817945,-0.000447587,-0.00017415,-1.70974e-05,0.000213635,0.000512272,0.000987029,0.00129123,0.000127894,0.000132971,0.000132342,0.000151893,0.000134173,0.000133102,0.000132401,0.000129824,-0.000580076,0.000613416,7.01612e-05,0.000588398,1.82055e-05,0.0007086,0.505918,-0.00122409,-0.000465871,0.000510991,0.00132233,1788472800,-0.00045625,0.000451418,0.000132732,1,-0.000477853,0.000489998,0.000114296,1,-0.000506137,0.000446524,0,1,-0.000492605,0.0003838,0,1
1788473100,-0.000481921,0,0.000489649,-0.000517776,0.000710166,0.493446,0.000141368,0.000140973,0.0771725,-0.00104485,-0.00078862,-0.00042173,-0.000159752,-1.39653e-05,0.000201093,0.00048055,0.000918253,0.00119164,0.000145281,0.000138736,0.000137524,0.000141103,0.000139948,0.000136404,0.000143501,0.000144547,-0.000546142,0.000569325,3.20006e-05,0.000525078,0,0.00054463,0.508365,-0.00110877,-0.000413577,0.000459804,0.00118879,1788473100,-0.000538436,0.000551692,0.000143791,1,-0.000481513,0.000495379,7.50388e-05,1,-0.000538362,0.000459896,0,1,-0.000555554,0.000446968,0,1
1788473160,-0.000641594,-7.96759e-06,0.000314669,-0.000797073,0.000706324,0.492684,0.00018611,0.000184603,0.0751199,-0.00104488,-0.000771251,-0.000420706,-0.000159228,-1.56991e-05,0.00020172,0.000475147,0.000895173,0.00116002,0.000189635,0.0001829,0.000181707,0.000183347,0.000180601,0.000180745,0.000190821,0.000187621,-0.000541549,0.000595942,2.8372e-06,0.000511732,5.02076e-06,0.000516057,0.509091,-0.00108795,-0.000403252,0.000447935,0.00114548,1788473100,-0.000518179,0.000518241,3.32754e-05,1,-0.000552059,0.00059448,7.18994e-05,1,-0.000553521,0.000450208,0,1,-0.00059039,0.000488514,0,1
1788473220,-0.000338896,1.19589e-05,0.000139512,-0.00062605,0.000705088,0.49203,0.000110911,0.000108882,0.0668804,-0.00102538,-0.000752945,-0.000411714,-0.000157164,-1.70695e-05,0.000199922,0.000465818,0.000901277,0.00116769,0.000107584,0.00010721,0.00010171,0.00011586,0.000106522,9.84887e-05,0.000116793,0.00011114,-0.000530547,0.000580075,9.75255e-06,0.000516785,1.41942e-06,0.000530336,0.509315,-0.00109555,-0.000402906,0.000456226,0.00114942,1788473100,0.000508546,3.74029e-05,0.000508608,1,-0.000531215,0.000527347,6.95215e-06,1,-0.000608068,0.000523402,0,1,-0.00059305,0.000488242,0,1
1788473280,-2.79142e-05,-3.58898e-05,0.000211325,-0.000586362,0.000699645,0.491413,6.94748e-05,6.89229e-05,0.0679924,-0.000999819,-0.000724808,-0.000392272,-0.000153757,-1.7817e-05,0.000192481,0.000456287,0.000860369,0.00112227,6.52343e-05,6.89792e-05,6.00695e-05,7.58043e-05,6.99485e-05,5.74529e-05,7.01286e-05,7.34838e-05,-0.000513562,0.00051165,1.34742e-05,0.000495405,0,0.000513598,0.507321,-0.0010646,-0.000384734,0.000438711,0.00110619,1788473100,-0.00049959,0.000509002,4.20921e-05,1,-0.000492318,0.000479651,4.45047e-05,1,-0.000580787,0.000463128,0,1,-0.000636335,0.000523247,0,1
1788473340,-0.000195421,0,0,-0.000562438,0.000692625,0.488094,8.24903e-05,7.95428e-05,0.0739717,-0.000928571,-0.000682051,-0.000374109,-0.000146884,-2.39975e-05,0.000180332,0.00042978,0.000815679,0.00107152,8.34455e-05,8.19317e-05,7.39394e-05,8.45093e-05,7.5083e-05,7.28713e-05,8.55379e-05,8.55696e-05,-0.000485839,0.000469799,4.32041e-05,0.000496707,0,0.000555538,0.509959,-0.00105847,-0.0003839,0.00044329,0.00111053,1788473100,-0.000470666,0.000456675,3.61946e-05,1,-0.000472139,0.000458731,8.44744e-05,1,-0.000518509,0.000443086,0,1,0.000570672,0,0.000488572,1
1788473400,-0.000430859,-4.38753e-05,0.000267199,-0.000430859,0.00068622,0.482826,0.000127441,0.000123819,0.0827118,-0.000885755,-0.000650146,-0.00034634,-0.000138842,-3.24547e-05,0.000159268,0.000388454,0.000758471,0.0010108,0.000130883,0.000124159,0.000122644,0.00012361,0.000109595,0.000122687,0.000131073,0.000131987,-0.000444414,0.000393854,3.32775e-05,0.000447569,0,0.000466819,0.505671,-0.000957221,-0.000344193,0.000392602,0.000989328,1788473400,-0.000472312,0.000458081,6.64831e-05,1,-0.000451188,0.000438736,6.55624e-05,1,-0.000503312,0.000429586,0,1,-0.000527186,0.000437067,0,1
1788473460,-3.9903e-06,-7.98062e-06,0.000127681,-0.000466974,0.00068205,0.482399,5.97974e-05,6.16725e-05,0.0852794,-0.000904738,-0.000643243,-0.000361012,-0.000148917,-3.32794e-05,0.000158526,0.000377135,0.000738567,0.000989521,6.38991e-05,6.50616e-05,5.27111e-05,6.29343e-05,6.43172e-05,5.3561e-05,5.8751e-05,6.207e-05,-0.000444117,0.000431924,0,0.000450699,0,0.000438833,0.503663,-0.00096823,-0.000357255,0.00038491,0.000977413,1788473400,-0.000429864,0.000412087,4.4087e-05,1,-0.000480762,0.000473927,5.55602e-05,1,-0.000505114,0.000420141,0,1,-0.000525724,0.000433328,0,1
1788473520,-0.000978105,0,1.99514e-05,-0.00102204,0.000675196,0.481812,0.000322164,0.000333837,0.0993069,-0.000825727,-0.000592515,-0.000330283,-0.000137245,-3.11256e-05,0.000142711,0.000360672,0.000714264,0.000954222,0.000308044,0.000301682,0.000341405,0.000312546,0.000277824,0.000330844,0.0003362,0.000313966,-0.000416254,0.000363081,2.04405e-05,0.000424118,0,0.000453653,0.50525,-0.000887183,-0.000324134,0.000370032,0.000926731,1788473400,-0.000433378,0.000438116,3.13996e-05,1,-0.000453448,0.000437108,2.30531e-05,1,-0.000547455,0.000441628,0,1,-0.000543164,0.000442753,0,1
1788473580,0.000722692,-2.39656e-05,0.000730675,-0.000603309,0.000682573,0.485483,0.000198924,0.000201571,0.065696,-0.000965303,-0.000683171,-0.00036608,-0.00014798,-2.72176e-05,0.000163003,0.000408837,0.000788728,0.00104118,0.00019863,0.00020329,0.000204408,0.000202923,0.000234496,0.000205968,0.000194854,0.000193521,-0.000468198,0.000434389,0,0.000490048,0,0.000497366,0.502985,-0.00107282,-0.000390282,0.00042404,0.00107056,1788473400,-0.000410824,0.000397924,7.31508e-05,1,-0.000434879,0.000416641,4.80765e-05,1,0.00051044,0,0.000431454,1,-0.000580327,0.000483473,0,1
1788473640,-0.000235516,6.38593e-05,0.000199547,-0.000403206,0.000683398,0.487662,9.19056e-05,8.81621e-05,0.0521254,-0.000969523,-0.000713414,-0.000396261,-0.000152633,-2.46599e-05,0.000177937,0.000448284,0.00085327,0.00113277,8.99026e-05,8.76245e-05,8.43044e-05,9.24801e-05,7.99186e-05,8.2458e-05,0.000100201,9.18918e-05,-0.000509214,0.000533794,3.11489e-05,0.000539815,2.16425e-05,0.00058235,0.502253,-0.00113618,-0.000431084,0.000468412,0.0012061,1788473400,0.000452326,1.79181e-05,0.000485104,1,-0.000428056,0.000436401,5.09302e-05,1,-0.000464678,0.000391846,0,1,0.000521198,0,0.000422312,1
1788473700,-0.000191647,1.99612e-05,0.000303367,-0.000339401,0.000677349,0.476776,7.98783e-05,7.54755e-05,0.0562604,-0.000996392,-0.0007388,-0.000418854,-0.000181488,-4.60469e-05,0.000154932,0.000411493,0.00078197,0.00104538,8.24429e-05,7.96035e-05,7.48959e-05,8.47859e-05,7.08852e-05,7.37403e-05,8.11805e-05,8.00833e-05,-0.000499176,0.000425312,2.35508e-05,-0.000514383,0.000421416,3.75051e-05,0.489867,-0.00111776,-0.000437591,0.000417032,0.00108451,1788473700,-0.000525343,0.000491735,8.64484e-05,1,-0.000445828,0.000427077,6.36981e-05,1,0.000485009,0,0.000451708,1,-0.000477375,0.00038633,0,1
1788473760,0.000606757,2.39579e-05,0.000870103,-4.39244e-05,0.000671089,0.480875,0.000167418,0.000170199,0.0594822,-0.000890178,-0.000642016,-0.00035107,-0.000150347,-3.56298e-05,0.000153354,0.000391287,0.000753982,0.00101096,0.000166196,0.000171046,0.000170697,0.000170828,0.000192593,0.00017129,0.000159176,0.000168311,-0.000447833,0.000439976,0,0.000474763,0,0.000445607,0.50189,-0.00101588,-0.000380546,0.000407878,0.00106092,1788473700,0.00048436,0,0.000549598,1,0.00050831,1.79499e-05,0.000551577,1,0.00047904,0,0.000431724,1,0.0005038,0,0.000429605,1
1788473820,0.000291272,0,0.000402971,-5.9861e-05,0.000669863,0.484545,9.25077e-05,9.51574e-05,0.0540465,-0.000924065,-0.000676554,-0.000367763,-0.000156551,-2.91981e-05,0.000162402,0.000410825,0.00078559,0.0010533,9.19445e-05,9.48256e-05,8.99743e-05,9.65702e-05,0.000104192,9.01505e-05,9.15945e-05,9.1237e-05,-0.000469952,0.00050803,0,0.000501468,2.89892e-07,0.000482662,0.502412,-0.00106567,-0.000403888,0.000429994,0.00112557,1788473700,-0.000466411,0.00047531,1.98413e-05,1,0.000529917,1.88593e-05,0.000522679,1,0.000574333,0,0.000503931,1,0.000511885,0,0.000452678,1
1788473880,-5.18642e-05,0,0.00010372,-0.000622548,0.000664408,0.48484,6.23408e-05,6.11891e-05,0.0596779,-0.000892472,-0.000651768,-0.000350987,-0.000152418,-2.72644e-05,0.000155233,0.000378333,0.000737714,0.000988805,6.65056e-05,6.53864e-05,5.73361e-05,5.92778e-05,6.27332e-05,5.80568e-05,6.5044e-05,6.37011e-05,-0.000440025,0.000444852,0,0.000433043,0,0.000377688,0.502189,-0.000930804,-0.000344296,0.000368921,0.000973111,1788473700,-0.000482691,0.000478912,3.9969e-05,1,-0.000461265,0.000449159,3.01938e-05,1,0.000534008,0,0.000439669,1,0.000590408,0,0.000507355,1
1788473940,-0.000834187,-1.99485e-05,-1.99485e-05,-0.000862138,0.000657772,0.483786,0.000254971,0.000258238,0.0648237,-0.000864768,-0.000626903,-0.000338996,-0.000142807,-2.91438e-05,0.000153233,0.000381072,0.000732941,0.00100225,0.000252063,0.000248257,0.000263307,0.000248756,0.000228864,0.000254888,0.000261335,0.00025383,-0.000434981,0.000427805,2.35916e-05,0.000450322,0,0.000464776,0.504091,-0.000949396,-0.000352992,0.000395999,0.0010245,1788473700,0.000427746,1.5307e-05,0.000407807,1,0.000467623,1.42413e-05,0.000500996,1,0.000494772,0,0.000440167,1,0.000494096,0,0.000454543,1
1788474000,-9.98297e-05,3.99298e-06,0.000674587,-0.000187688,0.000661761,0.483376,6.67678e-05,6.51134e-05,0.0453372,-0.000936173,-0.000672397,-0.000364498,-0.000144696,-3.11582e-05,0.000158913,0.000400563,0.000746941,0.00100466,6.91767e-05,6.78e-05,6.25441e-05,5.99412e-05,6.35209e-05,6.25728e-05,6.93406e-05,7.27287e-05,-0.000461645,0.000460851,0,0.000465438,0,0.000435669,0.502655,-0.00101149,-0.000369857,0.000404673,0.00103909,1788474000,0.000442679,3.09766e-05,0.000476322,1,0.000419685,7.11146e-06,0.000423425,1,0.000513678,0,0.000452726,1,-0.000485143,0.000408674,0,1
1788474060,-0.000283571,-2.79541e-05,0.000175694,-0.000371454,0.000655262,0.479394,9.44637e-05,8.96803e-05,0.0482125,-0.000920236,-0.000660722,-0.000372179,-0.000152034,-4.00783e-05,0.000157045,0.000399716,0.000746734,0.00100954,9.78991e-05,9.27563e-05,8.75018e-05,9.46116e-05,7.90063e-05,8.83665e-05,9.80323e-05,9.73815e-05,-0.000464564,0.000486095,0,0.000480316,2.66104e-05,0.000475825,0.5022,-0.00102167,-0.000388999,0.000410504,0.00105467,1788474000,0.000440481,3.54169e-05,0.000434453,1,0.000448055,2.80706e-05,0.00047376,1,0.000464217,0,0.000390595,1,-0.000519574,0.000421963,0,1
1788474120,0.000878408,-4.39407e-05,0.00099015,-4.39407e-05,0.000649915,0.472667,0.000268683,0.00027064,0.0497462,-0.000859166,-0.000622598,-0.000344195,-0.000152335,-5.07713e-05,0.000137582,0.000354832,0.000682606,0.000935196,0.000252903,0.000261395,0.000273003,0.000267921,0.000303892,0.000271794,0.000272909,0.000268655,-0.000420203,0.00038478,4.52675e-06,-0.000423928,0.000364669,0,0.49761,-0.000919064,-0.000343982,0.000354219,0.000920783,1788474000,0.000461662,1.25376e-05,0.000507052,1,0.000413399,0,0.00045781,1,0.00049927,0,0.000442281,1,0.000462026,0,0.000399946,1
1788474180,-0.000902376,-3.99109e-05,5.18818e-05,-0.000966292,0.000655266,0.478993,0.000275359,0.000279616,0.0489825,-0.000883661,-0.000667317,-0.000372253,-0.000154098,-3.92346e-05,0.000150159,0.000402375,0.00075893,0.00101256,0.000278709,0.000274743,0.000279492,0.000276542,0.000252452,0.000276279,0.000274745,0.000274664,-0.000466192,0.000514127,1.30894e-05,0.000483709,8.62771e-06,0.000462004,0.502539,-0.00101956,-0.000390721,0.000413767,0.00108418,1788474000,0.000389085,1.19749e-05,0.000425669,1,0.00043069,1.2827e-05,0.000515231,1,0.000444752,0,0.000394152,1,0.000502102,0,0.000443453,1
1788474240,-0.000423519,3.99461e-06,8.78777e-05,-0.000423519,0.000661114,0.476565,0.000122937,0.000117369,0.0406429,-0.00095421,-0.000702033,-0.000390083,-0.00016964,-4.60399e-05,0.000153058,0.0004211,0.00078246,0.0010447,0.00012843,0.000121639,0.000120911,0.000121322,0.00010843,0.000120752,0.000125626,0.000124028,-0.000488119,0.000475975,0,0.000502503,0,0.00049464,0.500041,-0.00109566,-0.000409155,0.000425238,0.0011047,1788474000,-0.000461841,0.00046033,5.3548e-05,0,-0.000388801,0.000398889,5.73993e-05,1,-0.000465554,0.000421442,1.07297e-05,1,0.000465368,0,0.000429095,1
1788474300,-2.79745e-05,-3.99632e-06,2.79738e-05,-0.000451685,0.000657204,0.474915,6.02275e-05,6.03329e-05,0.0401089,-0.000874479,-0.00063712,-0.000357033,-0.000152138,-4.69957e-05,0.000142978,0.000387041,0.000731661,0.000976367,6.54431e-05,6.36327e-05,6.319e-05,5.40437e-05,6.55296e-05,5.91934e-05,5.66258e-05,6.54632e-05,-0.000447682,0.000414962,0,0.000438954,0,0.000374621,0.503588,-0.000939717,-0.000344947,0.000380424,0.000979284,1788474300,0.000451374,5.45238e-05,0.000484673,1,0.000449611,3.10233e-05,0.000474357,1,-0.000423567,0.000369304,0,1,-0.000489535,0.000418109,2.77624e-06,1
1788474360,-0.00143975,-7.19381e-05,-7.19381e-05,-0.00143975,0.000650611,0.473535,0.000550854,0.00055796,0.0422029,-0.000844829,-0.000613556,-0.000339153,-0.000149849,-4.53533e-05,0.000128617,0.000379419,0.00070841,0.00094747,0.000535158,0.000536801,0.00054642,0.000560547,0.000498247,0.000549609,0.000558423,0.000549099,-0.000432229,0.000355859,2.10195e-05,0.000450181,0,0.000460705,0.500052,-0.000968984,-0.000357389,0.000389261,0.0010013,1788474300,0.000416696,9.58919e-06,0.000423063,0,-0.000460972,0.00046047,5.26475e-05,0,0.00049424,0,0.00042356,0,0.000446249,0,0.000399536,1
1788474420,-0.0012134,7.60385e-05,0.00014807,-0.00139373,0.00067549,0.489608,0.000400731,0.000405767,0.0453056,-0.00107996,-0.000777653,-0.000406921,-0.000167401,-2.11881e-05,0.000185395,0.000465909,0.000858946,0.00114341,0.000421773,0.00041171,0.000385755,0.000434016,0.000363683,0.000378307,0.000401984,0.000395155,-0.000528601,0.000507494,0,0.000555921,9.37555e-06,0.000562344,0.500301,-0.00121646,-0.000451184,0.000470448,0.00119643,1788474300,-0.000405472,0.000398059,7.34832e-05,0,-0.000391546,0.000382795,3.5081e-05,0,0.000479998,0,0.000426047,0,0.000492366,0,0.000430553,0
1788474480,0.000540804,0,0.000785071,-4.00712e-05,0.000690367,0.497246,0.00014087,0.000146922,0.0611197,-0.00120523,-0.000863997,-0.00044154,-0.000172459,-7.36296e-06,0.000219354,0.000522476,0.000991297,0.0012984,0.000148043,0.000153118,0.000153627,0.000152888,0.000178613,0.000162676,0.000134252,0.000130034,-0.000586397,0.000546991,0,0.000595523,5.24413e-05,0.000628428,0.502353,-0.00128754,-0.000477938,0.00050799,0.00128008,1788474300,0.00047546,5.32923e-05,0.000534623,1,-0.000416949,0.00043572,5.71701e-05,0,0.000421203,0,0.000370164,0,0.000486168,0,0.000435832,1
1788474540,-0.000749191,0,0,-0.000817327,0.000687695,0.483385,0.000218188,0.000210524,0.0529797,-0.00109176,-0.000789143,-0.000421089,-0.000177298,-3.55911e-05,0.000181365,0.000450605,0.000856635,0.00114731,0.000219053,0.000212186,0.000212074,0.000215137,0.000191006,0.000217385,0.000218324,0.000229824,-0.000525762,0.000438969,0,-0.000534553,0.00049782,9.55504e-07,0.494772,-0.00116201,-0.0004484,0.000440208,0.00114125,1788474300,-0.000487711,0.000519343,0.00012334,1,-0.000466314,0.000454072,9.68295e-05,1,0.00047826,0,0.000438386,0,0.000417401,0,0.000397195,0
1788474600,0.000128244,-7.61525e-05,0.00036465,-0.00021244,0.000688979,0.482053,8.11716e-05,8.61859e-05,0.0532385,-0.00119076,-0.000881499,-0.000471134,-0.000193366,-4.00999e-05,0.000186096,0.000493443,0.00090805,0.00120159,6.80617e-05,7.38069e-05,8.46468e-05,7.44036e-05,8.80741e-05,9.03512e-05,8.305e-05,8.29589e-05,-0.000580667,0.00043833,0,-0.000583058,0.000495771,4.91488e-05,0.482815,-0.0012847,-0.000508576,0.000457595,0.00119308,1788474600,-0.000472902,0.000441319,9.76223e-05,1,-0.000480924,0.000461733,0.000111862,1,0.000490934,0,0.000459597,1,0.000496789,0,0.000407527,0
1788474660,-0.000360727,5.20943e-05,0.000705046,-0.000360727,0.000682295,0.481625,0.00011329,0.00010702,0.0486099,-0.00101307,-0.000739656,-0.00040037,-0.00016735,-3.76825e-05,0.000170121,0.000443317,0.000826846,0.00110136,0.000110897,0.000109034,0.000114612,0.000103597,9.71992e-05,0.000111739,0.000113511,0.000125077,-0.000508992,0.000428396,0,-0.000521946,0.000489023,0,0.490005,-0.00114182,-0.000445873,0.000423142,0.00112043,1788474600,0.00050342,1.94973e-05,0.000593241,1,0.000469953,7.13667e-06,0.000539134,1,0.000522452,0,0.000484817,1,0.00051712,0,0.000472178,1
1788474720,-0.000545346,0.000100215,0.000232484,-0.000802082,0.000677362,0.478419,0.000160346,0.000151548,0.0486903,-0.00107981,-0.000790773,-0.000430303,-0.000188683,-4.61806e-05,0.000170521,0.00045205,0.000873135,0.0011599,0.000162087,0.000155365,0.000154948,0.000155466,0.000128225,0.000155735,0.000159421,0.000173706,-0.000531016,0.000498116,0,-0.000548183,0.000559806,2.5424e-05,0.488058,-0.0012043,-0.000472857,0.000440371,0.00115881,1788474600,-0.000487679,0.00048777,4.85626e-05,1,0.00054795,2.56442e-05,0.000556615,1,-0.000525091,0.000436593,0,1,-0.000551188,0.000451503,0,1
1788474780,-0.00103939,-2.00552e-05,0.000128343,-0.00107151,0.000674974,0.480936,0.00032482,0.000320463,0.047571,-0.00105196,-0.000773684,-0.000414948,-0.000179951,-4.10245e-05,0.000176874,0.000460304,0.000866245,0.00114553,0.000333431,0.000323179,0.000318752,0.00032342,0.000276375,0.000332445,0.000330082,0.000327121,-0.000528343,0.000483704,0,-0.000514568,0.00053601,1.955e-05,0.48876,-0.00113045,-0.000438289,0.00042324,0.00110162,1788474600,0.000504321,4.79907e-05,0.000535187,1,-0.00050607,0.00048827,1.09734e-05,1,0.000548221,0,0.000438561,1,-0.000540155,0.000433084,0,1
1788474840,0.00112762,4.01508e-05,0.00124794,-4.81831e-05,0.000684167,0.490353,0.000330676,0.000337495,0.04445,-0.00112874,-0.000808759,-0.000429303,-0.000181605,-2.0449e-05,0.000194262,0.00049297,0.000899391,0.00117996,0.000354354,0.000354797,0.000342051,0.00036473,0.000419127,0.000351681,0.00033951,0.000276151,-0.000557912,0.000484629,0,-0.000546874,0.000571383,2.78015e-05,0.486588,-0.00122039,-0.000471569,0.000442055,0.00114342,1788474600,0.000484092,4.72114e-05,0.000499292,1,0.000495539,2.05424e-05,0.000557597,1,0.000549393,0,0.000454012,1,0.000512371,0,0.000463442,1
1788474900,-0.000320902,1.60424e-05,8.82301e-05,-0.000401144,0.000695812,0.473876,0.000110228,0.000102883,0.0400931,-0.00114581,-0.000828717,-0.000463837,-0.000203518,-5.96132e-05,0.000171364,0.000472148,0.000926308,0.00122356,0.000104049,0.000103954,0.000112519,0.00010238,9.37748e-05,0.000116685,0.000113495,0.000112831,-0.000562072,0.000533715,0,-0.000570421,0.000598333,2.2601e-05,0.479181,-0.00123343,-0.000503506,0.000448556,0.00121,1788474900,0.000487273,4.73247e-05,0.000518566,1,0.00046184,2.71144e-05,0.000506965,1,0.000527481,0,0.000484545,1,0.000508498,0,0.000452546,1
1788474960,0.000930333,-8.02417e-05,0.000974422,-8.02417e-05,0.000690312,0.463874,0.000281257,0.000287147,0.037984,-0.00105038,-0.00077448,-0.000423409,-0.000205641,-7.17417e-05,0.000129605,0.000393436,0.0007847,0.00106566,0.000273419,0.000273341,0.000263219,0.000292304,0.000301557,0.000271412,0.000302637,0.000272642,-0.00049523,0.000315096,0,-0.000486623,0.000365188,0,0.471445,-0.0011046,-0.000446422,0.000360177,0.00100551,1788474900,-0.000547742,0.000535642,5.88026e-05,1,0.000472183,4.88453e-06,0.000536128,1,0.000507904,0,0.000445674,1,0.000547863,0,0.000511376,1
1788475020,0.000492886,-4.0082e-06,0.000929469,-0.000168358,0.000695924,0.475153,0.000136302,0.000143076,0.0396304,-0.00101935,-0.00075871,-0.000427739,-0.000191662,-5.21718e-05,0.000160584,0.000435096,0.000850465,0.00113137,0.000134981,0.000140179,0.000140339,0.000139445,0.000155563,0.000144632,0.000131949,0.000130762,-0.000518113,0.000484002,0,-0.000553363,0.00057263,0,0.484493,-0.00118704,-0.000483317,0.000439865,0.00119001,1788474900,0.000463855,2.34382e-05,0.000452682,0,0.000514661,6.29436e-05,0.000551413,1,0.000513111,0,0.000450988,1,0.000527159,0,0.000479942,1
1788475080,-0.00107424,0,0,-0.00107424,0.000692447,0.472112,0.000328313,0.000326872,0.0427287,-0.00105356,-0.000790002,-0.000453661,-0.000208905,-6.07212e-05,0.000159781,0.00043429,0.000856431,0.00114917,0.000350457,0.000332707,0.000324335,0.000337422,0.000305783,0.000328824,0.000322971,0.000331862,-0.000535862,0.00048379,0,-0.000570826,0.000563506,1.86893e-05,0.481216,-0.00123737,-0.000505191,0.000445603,0.00121222,1788474900,0.000564673,2.92671e-06,0.000575172,1,0.000479592,2.38898e-05,0.000490793,1,0.000569966,0,0.000496521,1,0.000540988,0,0.000486122,1
1788475140,3.60941e-05,-3.60954e-05,0.000208525,-0.000497429,0.000702121,0.473808,7.00423e-05,7.60649e-05,0.0330322,-0.00109327,-0.000804269,-0.000440254,-0.000197579,-5.35946e-05,0.000153835,0.000437487,0.000867673,0.00115763,6.32543e-05,7.08607e-05,8.11268e-05,5.74582e-05,7.87252e-05,8.45183e-05,6.8686e-05,6.97124e-05,-0.000527107,0.000439808,0,-0.000549782,0.000528771,0,0.484593,-0.00120784,-0.00047681,0.000439854,0.00116804,1788474900,0.000579526,3.23452e-05,0.000571587,1,0.000542569,3.3553e-05,0.0005306,1,0.000505629,0,0.000420648,1,0.000579631,0,0.000507232,1
1788475200,0.000637447,-7.21894e-05,0.000669509,-7.62001e-05,0.000695083,0.4712,0.000176548,0.000183113,0.0357235,-0.0010023,-0.000740138,-0.000406357,-0.000189328,-5.88483e-05,0.00014827,0.000433176,0.000821894,0.00110357,0.00017524,0.000180364,0.000180425,0.000179717,0.000196939,0.000182773,0.000172661,0.000171492,-0.000504991,0.00038683,0,-0.000521742,0.000500159,1.3283e-05,0.491362,-0.00111995,-0.000437399,0.000433834,0.00112391,1788475200,0.000542327,6.0631e-05,0.000517895,1,0.000560501,5.43419e-05,0.000581892,1,0.00057852,0,0.000469958,1,0.000493372,0,0.000414924,1
1788475260,0.000444769,0,0.000504858,-2.80552e-05,0.000693977,0.468544,0.000126625,0.000132084,0.0393301,-0.000971519,-0.00071491,-0.000397921,-0.000187892,-5.91651e-05,0.000131699,0.000395482,0.000768777,0.00102595,0.000121718,0.000126646,0.000128705,0.000125775,0.000139814,0.000128418,0.000128907,0.000123878,-0.000476451,0.000361107,0,-0.000503253,0.000454719,0,0.48498,-0.00110131,-0.000438931,0.000396739,0.001059,1788475200,0.000503527,4.61736e-06,0.000557503,1,0.000502946,2.0094e-05,0.000555471,1,0.000588866,0,0.000524896,1,0.000528249,0,0.000476688,1
1788475320,-4.00612e-05,-2.00304e-05,0.000120174,-0.000204329,0.000689875,0.469216,6.17773e-05,6.27586e-05,0.0462157,-0.000930925,-0.000696375,-0.000389,-0.000180887,-5.67575e-05,0.000130374,0.000382612,0.000735278,0.000987203,6.65559e-05,6.96887e-05,7.32755e-05,5.29518e-05,7.23897e-05,6.34315e-05,5.86023e-05,5.98912e-05,-0.000463955,0.000345539,0,-0.00046707,0.000404439,0,0.487534,-0.00101331,-0.000402291,0.000366387,0.000991078,1788475200,0.000488568,0,0.00050254,1,0.000486328,2.60747e-05,0.000543309,1,0.000514332,0,0.000470306,1,0.000572902,0,0.000523295,1
1788475380,0.000248354,7.61149e-05,0.000344474,-0.000120193,0.000682965,0.463533,8.32149e-05,8.87849e-05,0.0546246,-0.00084128,-0.000621228,-0.000360331,-0.000174035,-5.80811e-05,0.000103921,0.000337825,0.000659797,0.000910517,8.56455e-05,9.03187e-05,9.08501e-05,7.51256e-05,0.000101007,8.35745e-05,8.10215e-05,8.25127e-05,-0.000422498,0.000249025,0,-0.000434361,0.000326592,0,0.482311,-0.000932112,-0.000376347,0.000328754,0.000909156,1788475200,0.000454536,1.94209e-05,0.000460285,1,0.000466641,3.81549e-05,0.000502828,1,0.000542146,0,0.000507327,1,0.000499883,0,0.000487148,1
1788475440,0.000276321,4.0052e-06,0.000288333,-0.000460705,0.000677013,0.471193,8.6966e-05,9.17954e-05,0.0705593,-0.000836471,-0.000614315,-0.000352014,-0.000162235,-4.64862e-05,0.000117594,0.000354494,0.000679802,0.000924672,9.03068e-05,9.42398e-05,9.3037e-05,8.09864e-05,0.000104001,8.65275e-05,8.5867e-05,8.48447e-05,-0.00042398,0.000299928,0,-0.000417553,0.000355646,0,0.487946,-0.000875958,-0.0003494,0.000326084,0.00087567,1788475200,-0.000420487,0.000442258,3.86662e-05,1,0.00046032,2.40831e-05,0.000464699,1,-0.000508914,0.000441097,0,1,-0.00053706,0.000493705,0,1
1788475500,0.000972523,1.20122e-05,0.0012325,-8.00852e-05,0.000671347,0.475146,0.000299985,0.00030129,0.0939938,-0.000943889,-0.000717312,-0.000409743,-0.000181305,-4.52803e-05,0.000139589,0.000391535,0.000757014,0.000999496,0.000289549,0.00029271,0.000298459,0.000296184,0.000298842,0.000322288,0.000302127,0.000307391,-0.000483287,0.000383819,0,-0.000489304,0.000447657,5.70736e-05,0.486219,-0.00103056,-0.000421292,0.000392207,0.00102508,1788475500,-0.000408866,0.000429772,3.68632e-05,0,-0.000448204,0.000470036,2.78769e-05,1,0.000492831,0,0.000412329,1,0.000513817,0,0.000434935,1
1788475560,0.000187992,8.00038e-06,0.000367951,-0.000252045,0.000678681,0.479735,7.82065e-05,8.19242e-05,0.0720324,-0.000956598,-0.000715494,-0.000405088,-0.00017732,-3.86964e-05,0.000154972,0.000413755,0.000808913,0.0010611,7.51587e-05,7.97425e-05,8.04264e-05,7.69323e-05,8.60697e-05,7.47877e-05,8.06943e-05,7.59029e-05,-0.000491777,0.000486248,0,-0.000508787,0.000523209,1.04013e-05,0.489439,-0.00106613,-0.000433347,0.000413376,0.0011214,1788475500,-0.000459839,0.000486958,0.000117611,1,0.000407603,4.52718e-05,0.000449255,1,-0.000469965,0.000389951,0,1,0.000464305,0,0.000398168,1
1788475620,-0.000584091,-2.3997e-05,0.000259931,-0.000652124,0.000672386,0.479852,0.00016645,0.000161788,0.090774,-0.00089342,-0.000661772,-0.000370289,-0.000162736,-3.58776e-05,0.000144879,0.000384066,0.000750929,0.000984984,0.000173505,0.000166623,0.000165697,0.000165786,0.000163804,0.00016495,0.000164871,0.000168645,-0.000453427,0.000387367,0,-0.000457078,0.000411347,0,0.493794,-0.000969017,-0.000378738,0.00037554,0.0010119,1788475500,-0.0004946,0.000537884,5.92017e-05,1,0.000482753,0.000101051,0.000510551,1,-0.000441831,0.000397445,0,1,0.000428075,0,0.000394469,1
1788475680,-5.20247e-05,4.00178e-06,0.000292088,-0.000232131,0.000670734,0.482297,6.3896e-05,6.36277e-05,0.0631138,-0.000913121,-0.000667511,-0.000385887,-0.000164584,-3.24775e-05,0.000153663,0.000393596,0.000778483,0.00100902,6.72036e-05,6.76582e-05,6.58454e-05,6.41998e-05,7.22637e-05,5.96625e-05,6.25034e-05,6.31974e-05,-0.000468059,0.000438225,0,-0.000478269,0.000464119,0,0.492761,-0.00101999,-0.000398745,0.000393391,0.00104979,1788475500,-0.00043425,0.000492668,3.07594e-05,1,0.000469,8.69676e-05,0.00052063,1,0.000496827,0,0.000453153,1,0.000430507,0,0.000393704,1
1788475740,0.000284102,4.00199e-06,0.000428122,-7.60409e-05,0.000664034,0.475482,8.75867e-05,9.12905e-05,0.0759381,-0.000820611,-0.000597456,-0.000339137,-0.000149917,-4.17319e-05,0.000131132,0.000362347,0.000710723,0.000921778,9.0994e-05,9.41933e-05,9.12003e-05,8.85947e-05,0.000102437,8.81702e-05,8.49585e-05,8.36314e-05,-0.000421662,0.000339956,0,-0.000439752,0.000380761,0,0.490334,-0.000930741,-0.000366312,0.000354092,0.000953267,1788475500,0.000442387,7.20092e-05,0.000487365,1,-0.000439123,0.000489075,3.5989e-05,1,-0.000498225,0.000482613,0,1,0.000464384,0,0.000444474,1
1788475800,1.60033e-05,-8.00176e-06,0.000268022,-0.0004522,0.000658587,0.47797,5.57357e-05,5.94677e-05,0.0970692,-0.000841567,-0.000614355,-0.000349377,-0.000146599,-3.68065e-05,0.000132904,0.000356531,0.000708656,0.000922932,6.33095e-05,6.32805e-05,6.00323e-05,5.3789e-05,6.9755e-05,5.70426e-05,5.36133e-05,5.26306e-05,-0.000423908,0.000341164,0,-0.000431339,0.000368924,0,0.486993,-0.000929541,-0.00036509,0.000341255,0.000928408,1788475800,-0.000398731,0.000425717,8.28411e-05,1,-0.000424389,0.000461104,7.75263e-05,1,-0.000472244,0.000418412,0,1,-0.000502712,0.000444617,0,1
1788475860,5.60096e-05,0,0.000511971,-0.00024808,0.000651971,0.47982,5.82599e-05,6.14328e-05,0.10537,-0.00083498,-0.000610475,-0.000349058,-0.000145171,-3.23993e-05,0.000130761,0.000361136,0.000712442,0.000934583,6.40694e-05,6.45435e-05,5.97822e-05,6.00038e-05,6.97652e-05,5.63114e-05,5.61024e-05,5.53924e-05,-0.000426573,0.000336083,0,-0.000432376,0.000396014,3.52353e-05,0.486521,-0.000921444,-0.000365186,0.00034698,0.000942125,1788475800,-0.000392617,0.000411391,4.95629e-05,1,-0.000392481,0.000429757,9.32492e-05,1,-0.000438539,0.000409439,0,1,-0.000467011,0.000420443,0,1
1788475920,3.60045e-05,-4.00058e-06,0.000224007,-0.000248066,0.000645467,0.484533,5.66475e-05,5.92724e-05,0.121913,-0.000833419,-0.000604638,-0.000341017,-0.000137807,-2.42893e-05,0.000135335,0.000357515,0.000706944,0.000931719,6.28465e-05,6.24686e-05,5.63548e-05,6.05792e-05,6.55782e-05,5.17636e-05,5.60532e-05,5.29768e-05,-0.000419964,0.000378635,0,-0.000432012,0.000427008,1.96932e-05,0.490104,-0.000918277,-0.000363349,0.000350416,0.000941526,1788475800,-0.000383729,0.000442341,9.46646e-05,1,-0.000389797,0.000423601,5.7043e-05,1,-0.00041803,0.00037921,2.41335e-05,1,-0.000441159,0.000392641,6.152e-06,1
1788475980,0.000699831,0,0.00110751,-6.00083e-05,0.000639,0.479407,0.000206348,0.000206483,0.1421,-0.000769844,-0.000556278,-0.000315666,-0.000131555,-2.75746e-05,0.000108884,0.000311671,0.000637665,0.000849509,0.00019186,0.000196847,0.000202635,0.000203771,0.000195592,0.000212115,0.000212603,0.000210301,-0.000377069,0.000289336,0,-0.000353116,0.000308442,1.09738e-05,0.485403,-0.00072402,-0.000289371,0.000265786,0.000722475,1788475800,-0.000393745,0.000453461,7.19566e-05,1,-0.000404888,0.000464534,6.80164e-05,1,-0.000424503,0.00037251,0,1,-0.000426609,0.000377069,0,1
1788476040,-0.000987903,-2.39861e-05,-2.39861e-05,-0.000987903,0.000640274,0.487534,0.000317246,0.000325192,0.0990251,-0.000884193,-0.000651857,-0.000365894,-0.000144492,-2.0091e-05,0.000143641,0.000378828,0.000765293,0.00100574,0.000311688,0.000312073,0.000328073,0.000303907,0.000311396,0.000323749,0.000310179,0.000331104,-0.000447589,0.000469536,0,-0.000453858,0.000479018,1.38815e-05,0.486811,-0.000958897,-0.000386834,0.000366551,0.00100693,1788475800,-0.000327526,0.000369862,6.22631e-05,1,-0.000402958,0.000448378,6.00926e-05,1,-0.000443482,0.000410898,0,1,-0.000437772,0.000369521,0,1
1788476100,-0.000464292,4.00158e-06,3.20122e-05,-0.00071654,0.000649053,0.482548,0.000133428,0.000129317,0.0470046,-0.000945841,-0.000682869,-0.000374577,-0.000148025,-2.74187e-05,0.00013229,0.000375157,0.000749934,0.000986119,0.000140568,0.000133042,0.00013228,0.000132369,0.000125189,0.00013202,0.000134402,0.000134042,-0.000449882,0.000402854,0,-0.000471015,0.000442076,0,0.486599,-0.00103757,-0.000397559,0.00038393,0.00103797,1788476100,-0.000422877,0.000474462,6.96209e-05,0,-0.000341826,0.000396448,5.60046e-05,1,-0.000437065,0.000411343,0,1,-0.000463428,0.000421218,0,1
1788476160,0.000280202,2.40204e-05,0.000376253,-0.000252249,0.000645876,0.478068,8.91872e-05,9.23304e-05,0.0477766,-0.00088148,-0.000626546,-0.000359965,-0.000144511,-3.34294e-05,0.000121575,0.000363597,0.000735963,0.000957634,9.05706e-05,9.18968e-05,9.17776e-05,8.91988e-05,0.000102641,9.14395e-05,8.71184e-05,8.71793e-05,-0.000434242,0.000343792,0,-0.000452486,0.000398697,0,0.483629,-0.000976283,-0.000383313,0.00036475,0.000982451,1788476100,0.000408813,7.98278e-05,0.000440744,1,-0.000407385,0.000480297,5.89964e-05,1,-0.000378079,0.000364738,0,1,-0.000455236,0.000405115,0,1
1788476220,-0.000208142,-8.40523e-05,0.000144073,-0.000376289,0.000640612,0.481527,7.61846e-05,7.3309e-05,0.0524465,-0.000851916,-0.000619528,-0.000355381,-0.000146805,-2.78962e-05,0.000125676,0.000352816,0.000712694,0.000929207,8.62452e-05,7.97665e-05,7.86498e-05,7.61136e-05,8.03622e-05,7.81968e-05,6.95002e-05,7.83287e-05,-0.000425328,0.000316024,0,-0.000444616,0.000360642,1.48146e-05,0.47994,-0.000966954,-0.000385155,0.000348108,0.000950475,1788476100,-0.000412243,0.000422594,8.47681e-05,1,-0.000404147,0.000425361,6.15204e-05,1,-0.000439802,0.000435671,0,1,-0.000400536,0.000374869,0,1
1788476280,-0.000292273,0.000120087,0.000520275,-0.000296277,0.000634856,0.476979,8.85164e-05,8.50176e-05,0.0572997,-0.000830262,-0.000608296,-0.000347622,-0.000154061,-3.49791e-05,0.000119505,0.000339954,0.000688888,0.000914948,0.000100153,9.31043e-05,9.10258e-05,8.85522e-05,9.31407e-05,9.08843e-05,8.28499e-05,8.88584e-05,-0.000413863,0.000321973,0,-0.000435338,0.000342486,0,0.478718,-0.000955427,-0.000381295,0.000335795,0.000929198,1788476100,-0.000405601,0.000387688,9.63883e-05,1,-0.00040771,0.000419949,7.58443e-05,1,-0.000426892,0.000386691,0,1,-0.000467398,0.000402805,0,1
1788476340,-0.000144166,-4.00433e-06,0.000140142,-0.00026432,0.000629833,0.479038,6.54386e-05,6.24231e-05,0.0626345,-0.00085986,-0.000615459,-0.000349047,-0.000154061,-3.20905e-05,0.000123516,0.000346017,0.000701536,0.000925621,7.52375e-05,6.78784e-05,6.52202e-05,6.58611e-05,7.07396e-05,6.52164e-05,6.09384e-05,6.78674e-05,-0.000417569,0.000347671,0,-0.0004487,0.000397216,6.57405e-07,0.479471,-0.00097696,-0.000393904,0.000348085,0.000955998,1788476100,-0.000405539,0.000413313,5.95593e-05,1,-0.000417643,0.00044158,7.26677e-05,1,-0.000435722,0.000382334,0,1,-0.000454983,0.000379503,0,1
1788476400,-1.20148e-05,2.00243e-05,0.000220245,-0.000332462,0.000623836,0.468186,6.19892e-05,6.46232e-05,0.0718412,-0.000959712,-0.000740446,-0.000413035,-0.000181459,-5.28671e-05,0.000115801,0.00036962,0.000753844,0.000984,6.50922e-05,5.89965e-05,5.42015e-05,6.62749e-05,6.38409e-05,5.31004e-05,7.1969e-05,6.24008e-05,-0.00047605,0.000443492,7.27858e-05,-0.000443595,0.000431164,9.90682e-05,0.477688,-0.000964781,-0.000390324,0.000346174,0.000923515,1788476400,-0.000417353,0.000434947,7.393e-05,1,-0.000427838,0.000435416,5.56132e-05,1,-0.000456553,0.000380086,0,1,-0.000440596,0.000377952,0,1
1788476460,-0.000476703,4.00494e-06,0.000500493,-0.000476703,0.000617569,0.476125,0.0001369,0.000131911,0.0866901,-0.000813434,-0.000597829,-0.000323619,-0.000141336,-3.36825e-05,0.000109864,0.000327183,0.000680723,0.000910633,0.000143671,0.000135968,0.000134897,0.000135461,0.000126542,0.000135925,0.00013668,0.000139688,-0.000390729,0.000313234,0,-0.000381464,0.000333159,2.51512e-05,0.487276,-0.000819662,-0.000317862,0.000306704,0.000821569,1788476400,-0.000447972,0.000441536,4.45622e-05,1,-0.000432204,0.000436395,6.01905e-05,1,-0.000450049,0.000368952,0,1,-0.000474752,0.000393174,0,1
1788476520,0.000424637,4.00685e-06,0.000476703,4.00685e-06,0.000615068,0.477838,0.000119929,0.000124242,0.0868561,-0.000861608,-0.000629444,-0.000346473,-0.000151581,-3.41407e-05,0.000122368,0.000348093,0.000730116,0.000954287,0.000115869,0.000120546,0.000120495,0.000120608,0.00013313,0.000121493,0.000121926,0.000115918,-0.000416849,0.000362175,0,-0.000413379,0.000384149,2.38876e-05,0.482924,-0.000902729,-0.000359723,0.000323342,0.000869255,1788476400,-0.000365899,0.000373504,4.35747e-05,1,-0.000493807,0.000493473,0,1,-0.000444051,0.00038413,0,1,-0.000450899,0.000377413,0,1
1788476580,-0.000356523,4.00515e-06,0.000100124,-0.00042063,0.00061184,0.47566,0.00010366,9.84861e-05,0.0798664,-0.000775085,-0.000575795,-0.000310316,-0.000134177,-3.24279e-05,0.000103247,0.000312091,0.000651318,0.000874765,0.00011063,0.000102492,0.000101519,0.000101739,9.87671e-05,0.000102563,0.000103332,0.000107117,-0.000373571,0.000282833,0,-0.000365291,0.000302142,0,0.48482,-0.000782485,-0.000308958,0.000280453,0.000765954,1788476400,-0.000394158,0.000411199,5.48268e-05,1,-0.000377336,0.000396865,3.76324e-05,1,-0.00054473,0.000402234,0,1,-0.000441576,0.000366331,0,1
1788476640,0.000452642,4.00651e-05,0.000468661,-3.20532e-05,0.000607786,0.469551,0.000130635,0.000134667,0.0888082,-0.000807617,-0.000582013,-0.000328872,-0.000147159,-4.22473e-05,9.89298e-05,0.000306288,0.000649,0.000875717,0.000123481,0.0001282,0.000128233,0.000127819,0.000139666,0.000129272,0.000133283,0.000132747,-0.000385256,0.000269925,0,-0.000379207,0.000294926,0,0.478233,-0.000838979,-0.000329755,0.00028995,0.000807584,1788476400,-0.000362111,0.00033121,3.41538e-05,1,-0.000402217,0.000406551,6.79272e-05,1,-0.000421196,0.000368828,0,1,-0.000464759,0.000369322,0,1
1788476700,0.000804636,8.00952e-06,0.00087266,4.00477e-06,0.000605073,0.480705,0.000240638,0.000242016,0.083397,-0.000764206,-0.000564106,-0.000306296,-0.000128703,-2.72243e-05,0.000116291,0.000329963,0.000668281,0.00088669,0.000224215,0.000239254,0.000245376,0.00025724,0.000247244,0.000244709,0.000235841,0.000235834,-0.000383085,0.000331681,0,-0.000385311,0.000344192,0,0.48755,-0.000830604,-0.000322553,0.000311052,0.000845915,1788476700,-0.000364464,0.000369307,1.39049e-05,0,0.000369374,0,0.00038777,1,-0.000416847,0.000367371,0,1,-0.000449007,0.000388668,0,1
1788476760,-0.000344193,-6.00251e-05,0.000156048,-0.000432261,0.000609705,0.479648,9.96359e-05,9.54769e-05,0.0621692,-0.000842376,-0.000632104,-0.000348039,-0.00014916,-3.02339e-05,0.000120758,0.000353598,0.000714085,0.000943308,0.000108277,9.9318e-05,9.88854e-05,9.84751e-05,0.000101463,0.000101266,0.000100229,0.00010042,-0.000421313,0.000381516,0,-0.000442271,0.000410005,0,0.483326,-0.000955491,-0.000381666,0.000353122,0.000982066,1788476700,-0.000389814,0.000365457,6.31021e-06,1,-0.000374429,0.000376507,2.92652e-05,1,-0.000402656,0.000323592,0,1,-0.000438684,0.000366362,0,1
1788476820,0.000224139,-4.80363e-05,0.000296173,-0.000476462,0.000605536,0.47953,7.73285e-05,8.05647e-05,0.0579157,-0.000817236,-0.000606344,-0.000335592,-0.000150022,-3.11751e-05,0.000123541,0.000347116,0.000689988,0.000924607,8.14553e-05,7.86462e-05,7.7956e-05,7.23422e-05,8.54074e-05,8.03722e-05,7.82011e-05,7.68881e-05,-0.000410285,0.000363675,0,-0.000425344,0.0003857,0,0.487661,-0.000930129,-0.000360016,0.000346911,0.000954325,1788476700,-0.000444985,0.000428908,8.26099e-06,1,0.000386837,0,0.000382512,1,-0.000395681,0.000335091,0,1,-0.000393973,0.000314046,0,1
1788476880,0.00031211,-4.00204e-06,0.000316111,-0.000452332,0.000600288,0.484098,9.12391e-05,9.38337e-05,0.0600676,-0.000806865,-0.000588765,-0.000327535,-0.000139478,-2.51765e-05,0.000135543,0.000353569,0.000722544,0.000950684,9.60153e-05,9.27545e-05,9.13709e-05,9.12344e-05,9.7125e-05,9.37077e-05,9.18051e-05,8.81638e-05,-0.000410071,0.000382968,0,-0.000435588,0.00042498,1.32468e-08,0.490257,-0.000927049,-0.000361407,0.000363563,0.000984015,1788476700,0.000428216,2.27692e-05,0.00039558,1,0.000435177,1.78987e-05,0.000438542,1,0.000429936,0,0.000346189,1,0.000412752,0,0.000350311,1
1788476940,2.00037e-05,0,0.000188019,-0.000224069,0.000595892,0.487561,5.70633e-05,5.92946e-05,0.0629123,-0.000830878,-0.000608994,-0.00033513,-0.000141436,-1.97725e-05,0.000141569,0.000368195,0.000737405,0.000970919,6.3057e-05,5.53754e-05,5.28662e-05,5.53546e-05,5.8233e-05,5.57793e-05,6.16402e-05,5.66019e-05,-0.000423868,0.000409095,2.4112e-05,-0.000435451,0.000411156,1.94406e-05,0.488762,-0.000938825,-0.000363559,0.000361947,0.0009844,1788476700,-0.000438882,0.000423356,3.02937e-05,1,-0.000420038,0.000406812,7.18187e-06,1,-0.000469932,0.000391469,0,1,0.000417266,0,0.000347744,1
1788477000,-0.000444177,0,0.000120014,-0.000544244,0.000589909,0.485322,0.000128282,0.000124775,0.0669017,-0.000769972,-0.000565665,-0.000312363,-0.000131167,-2.08171e-05,0.000123372,0.000324514,0.000661426,0.000884627,0.000134361,0.000126934,0.000126044,0.000126324,0.000128477,0.000126883,0.000130048,0.00012929,-0.000382963,0.000357412,0,-0.000391845,0.000341814,0,0.489735,-0.000844793,-0.000326033,0.000322848,0.000888237,1788477000,0.000433172,0,0.000442266,1,-0.000427847,0.000430505,2.07885e-05,1,0.000439957,0,0.00037637,1,0.000470137,0,0.000393916,1
1788477060,-0.000512449,0,0,-0.00119345,0.000587349,0.486629,0.000148164,0.000143746,0.0585579,-0.000796048,-0.000575671,-0.000325014,-0.000135578,-1.89273e-05,0.00012498,0.000337735,0.000692828,0.000921661,0.000153208,0.000145853,0.00014499,0.00014542,0.000143362,0.000145829,0.000151005,0.000150257,-0.000398273,0.000391883,0,-0.000387425,0.000369375,0,0.492458,-0.000837843,-0.000318186,0.000323367,0.000874322,1788477000,-0.000388533,0.000390341,0,1,0.000417281,1.89349e-05,0.000436879,1,0.000469344,0,0.00041299,1,-0.000436156,0.000365088,0,1
1788477120,0.000100108,-8.00939e-05,0.00064052,-0.000140168,0.000585945,0.488272,6.38914e-05,6.61766e-05,0.0538184,-0.000891812,-0.00063923,-0.000352516,-0.000143267,-1.88513e-05,0.000144228,0.000382779,0.000777977,0.00101954,6.66258e-05,5.85441e-05,5.66079e-05,6.99405e-05,6.24566e-05,6.00473e-05,6.86278e-05,6.19441e-05,-0.000442842,0.000464704,4.89173e-05,-0.000438676,0.000467147,4.99704e-05,0.495076,-0.000940403,-0.00035527,0.000375301,0.000985178,1788477000,0.000357729,2.48328e-05,0.000374061,1,-0.00038984,0.000387783,1.32125e-05,1,-0.000465869,0.00038938,0,1,-0.00045863,0.000393006,0,1
1788477180,-0.000484617,2.00205e-05,0.000328285,-0.000524679,0.000580229,0.487843,0.000140836,0.000135833,0.058119,-0.000821255,-0.000594281,-0.000339288,-0.000140258,-1.77722e-05,0.000130738,0.000351049,0.000711121,0.00093597,0.000145232,0.000138124,0.000137328,0.000138278,0.000133071,0.000138132,0.000143138,0.000144157,-0.000414718,0.000430931,4.47596e-06,-0.000407605,0.000420411,8.63889e-06,0.495396,-0.00087303,-0.000336878,0.000340601,0.000905976,1788477000,-0.000393196,0.000411456,7.02448e-05,1,-0.000351774,0.000351612,3.48193e-05,1,-0.000423711,0.000346579,0,1,0.000484847,0,0.000406868,1
1788477240,0.000328444,-8.01218e-06,0.000812902,-8.41311e-05,0.000578471,0.482757,9.56442e-05,9.87422e-05,0.057163,-0.000850136,-0.000605248,-0.000348337,-0.000148128,-2.43361e-05,0.000119115,0.000349867,0.00071232,0.000944971,9.89858e-05,9.33972e-05,9.33964e-05,9.87795e-05,0.000101476,9.46896e-05,9.71282e-05,9.45802e-05,-0.000418972,0.00041319,6.89006e-06,-0.000410033,0.000391727,1.07723e-05,0.48978,-0.000896374,-0.000344438,0.000336363,0.000903897,1788477000,-0.000374045,0.000378454,5.13674e-05,1,-0.000384439,0.000396498,6.95124e-05,1,0.000380164,0,0.000334777,1,-0.000420315,0.000360721,0,1
1788477300,0.000352357,-4.00477e-06,0.000400396,-9.21137e-05,0.000574538,0.48605,0.000103021,0.00010551,0.0563204,-0.000891483,-0.000674644,-0.000392153,-0.000158498,-2.20388e-05,0.000138248,0.000377441,0.000755241,0.000992523,0.000102941,9.99518e-05,0.000100013,0.000113957,0.000104887,0.000101382,0.000106756,0.000100264,-0.000463838,0.000490726,3.50611e-05,-0.000455682,0.0004761,3.77405e-05,0.488861,-0.000953605,-0.000386865,0.000367279,0.000973436,1788477300,-0.000361883,0.000385613,4.73805e-05,1,-0.000365575,0.000372155,6.05499e-05,1,-0.00042847,0.000378214,0,1,-0.000398914,0.000333318,0,1
1788477360,0.000388249,-0.000124111,0.000756346,-0.000288283,0.000570943,0.484046,0.000109519,0.000112361,0.0559762,-0.00078002,-0.000579289,-0.000324678,-0.00013393,-2.17196e-05,0.000116707,0.000323056,0.000664319,0.000879583,0.000108677,0.000109816,0.000109777,0.000109848,0.000111579,0.000111373,0.000107981,0.000110149,-0.000388916,0.000386453,0,-0.000372137,0.000329455,0,0.492423,-0.000803931,-0.000307789,0.000306769,0.000837324,1788477300,-0.000419307,0.000413338,0.00010963,1,-0.000368285,0.000367204,5.65097e-05,1,-0.000398253,0.000352719,0,1,-0.000467898,0.000398328,0,1
1788477420,0.000184066,-4.0018e-06,0.000292088,-0.000788664,0.000567865,0.491833,7.09785e-05,7.2436e-05,0.0563193,-0.000832961,-0.000613593,-0.00034988,-0.000137599,-1.24765e-05,0.00014256,0.000357044,0.000722966,0.000960982,7.44786e-05,6.82591e-05,6.7174e-05,7.72523e-05,6.71009e-05,6.90997e-05,7.22767e-05,6.91123e-05,-0.000424597,0.000483588,2.05978e-05,-0.000420599,0.000463295,0,0.493333,-0.000886228,-0.000348505,0.000351503,0.000961331,1788477300,-0.000345699,0.00034467,2.01167e-05,1,0.000442777,2.48592e-05,0.000458432,1,-0.000391992,0.00033933,0,1,-0.000429429,0.000347177,0,1
1788477480,-0.000188067,-2.80078e-05,3.20079e-05,-0.000212078,0.00056276,0.492883,7.43688e-05,7.21115e-05,0.056587,-0.000833038,-0.000612955,-0.000346573,-0.000135713,-1.06969e-05,0.000141025,0.00035246,0.000716725,0.000957819,8.23525e-05,6.89586e-05,6.74093e-05,8.11908e-05,7.05337e-05,6.76653e-05,7.81251e-05,7.38428e-05,-0.000419826,0.00045171,5.96006e-05,-0.000424868,0.000442741,3.74699e-05,0.489512,-0.000893678,-0.000352424,0.000354222,0.000970494,1788477300,-0.000399637,0.00043581,2.83125e-05,1,-0.00035632,0.000359524,7.09009e-06,1,-0.000445876,0.000373289,0,1,-0.000421658,0.000340022,0,1
1788477540,-0.000304184,4.0018e-06,0.00012805,-0.000496347,0.000557738,0.486278,8.87461e-05,8.48543e-05,0.0543953,-0.000721578,-0.000518574,-0.000292928,-0.000120437,-1.67714e-05,0.000107684,0.000286192,0.000605072,0.000810163,0.000101548,8.78503e-05,8.71604e-05,8.7426e-05,8.96312e-05,8.78518e-05,8.91387e-05,8.99909e-05,-0.000348676,0.000333003,0,-0.000314449,0.000252105,0,0.487643,-0.000669079,-0.000256644,0.000249134,0.00070651,1788477300,-0.00040184,0.000434684,5.57075e-05,1,-0.00039061,0.000422118,2.41496e-05,1,-0.000395199,0.000319495,0,1,-0.000416138,0.000347832,0,1
1788477600,0.000368211,-2.80216e-05,0.000424231,-0.000196168,0.000553806,0.487267,0.00010282,0.000105466,0.052308,-0.00074689,-0.000529992,-0.000310046,-0.000128762,-1.6886e-05,0.000117943,0.000313631,0.000642734,0.000851515,0.000105132,0.000104176,0.000104047,0.000104336,0.000103604,0.000105546,0.000101705,0.000100883,-0.000374332,0.000380693,8.88145e-06,-0.00036232,0.000347631,0,0.491738,-0.000773458,-0.000298132,0.000302417,0.000818039,1788477600,0.000302426,1.4781e-05,0.000279634,1,-0.00040467,0.000448533,3.28957e-05,1,0.000421262,0,0.000370989,1,0.000398476,0,0.000322904,1
1788477660,-0.000732552,-4.00156e-06,6.00215e-05,-0.000732552,0.000550708,0.488489,0.00022609,0.000228203,0.0504813,-0.00072719,-0.000527013,-0.000303622,-0.000123729,-1.51822e-05,0.000118914,0.000314554,0.000635951,0.00084464,0.000214491,0.000224171,0.000227213,0.000216887,0.000228592,0.000226605,0.000228211,0.000236454,-0.00037134,0.000378213,3.45934e-06,-0.000359602,0.000348779,0,0.49222,-0.000763522,-0.000297856,0.000298223,0.000808279,1788477600,0.000333987,2.11319e-05,0.000361958,1,0.000291008,6.56287e-06,0.000301923,1,0.000441413,0,0.00039988,1,-0.000428384,0.000364128,0,1
1788477720,2.8031e-05,1.60178e-05,0.000256254,-6.40738e-05,0.000554929,0.481181,5.22622e-05,5.43031e-05,0.0468608,-0.000806251,-0.000574349,-0.000329188,-0.000138014,-2.44164e-05,0.000107543,0.000310586,0.000639014,0.000853768,6.29588e-05,5.09171e-05,5.22043e-05,5.26012e-05,5.18355e-05,5.61595e-05,5.21202e-05,5.01553e-05,-0.000386813,0.000356337,0,-0.000387543,0.000360883,0,0.489996,-0.000848444,-0.000325469,0.000317849,0.000856942,1788477600,-0.00033856,0.000335888,3.13918e-05,1,-0.000321787,0.00034114,4.75453e-05,1,0.000311513,0,0.000268964,1,0.000447654,0,0.000398471,1
1788477780,4.40471e-05,-8.81001e-05,0.000512428,-0.000244297,0.000549366,0.488043,4.72785e-05,4.88595e-05,0.0452591,-0.000701711,-0.000497125,-0.000286061,-0.000118561,-1.38387e-05,0.000104095,0.000277532,0.000573057,0.000774558,6.3703e-05,5.10339e-05,5.12574e-05,4.53799e-05,5.12071e-05,5.33395e-05,4.29476e-05,4.47378e-05,-0.00033957,0.000307602,0,-0.00035243,0.000322301,0,0.492894,-0.000756036,-0.000292792,0.000290065,0.000784256,1788477600,0.000340237,3.36062e-05,0.000365076,1,0.000328488,2.47e-05,0.000357616,1,0.000348116,0,0.000329197,1,0.000312071,0,0.000285103,1
1788477840,-0.000228265,-4.0042e-06,-4.0042e-06,-0.000264312,0.00054388,0.492419,7.58721e-05,7.31346e-05,0.0440251,-0.000745238,-0.000530269,-0.000310179,-0.000125029,-9.48707e-06,0.000116973,0.000307332,0.000625143,0.000832094,8.90426e-05,7.3925e-05,7.35166e-05,7.80797e-05,7.2367e-05,7.34416e-05,7.54224e-05,7.66342e-05,-0.000370957,0.000360781,0,-0.000396842,0.000399614,1.98653e-05,0.490758,-0.000855743,-0.000336224,0.000323879,0.000873809,1788477600,-0.000329809,0.000327591,1.97872e-05,1,-0.000339709,0.00034284,4.9284e-05,1,-0.000366199,0.000324283,0,1,-0.000366042,0.000321976,0,1
1788477900,0.000328365,9.6118e-05,0.000336373,-0.000356518,0.000539381,0.481075,9.41858e-05,9.70625e-05,0.0442696,-0.000675408,-0.000482339,-0.000270345,-0.000114313,-1.92671e-05,8.46976e-05,0.000258334,0.000550995,0.000743384,9.84264e-05,9.3102e-05,9.31773e-05,9.28013e-05,9.54859e-05,9.45057e-05,9.60593e-05,9.46056e-05,-0.000319402,0.000253946,0,-0.000317125,0.000241195,0,0.486408,-0.000690806,-0.000265619,0.000251969,0.000700982,1788477900,-0.000357141,0.000375804,3.98294e-05,1,-0.000330703,0.000321012,2.18334e-05,1,-0.0003563,0.000311632,0,1,-0.000377983,0.000322713,0,1
1788477960,0.000608392,4.00379e-06,0.000620396,-8.40832e-05,0.000535975,0.489463,0.000169524,0.000171282,0.0419763,-0.000706866,-0.000508497,-0.000289966,-0.000117216,-1.24086e-05,0.0001075,0.0003053,0.000613602,0.000818046,0.000166735,0.000173874,0.000175259,0.000171019,0.000176733,0.000178908,0.00016773,0.000168033,-0.000357618,0.000350358,2.43603e-05,-0.000375417,0.000353486,1.88264e-05,0.488834,-0.000797191,-0.00031584,0.000309178,0.000842974,1788477900,0.000298292,0,0.000280107,0,-0.000359676,0.000377038,4.47198e-05,1,-0.000360651,0.000306585,0,1,0.000376058,0,0.000333365,1
1788478020,-8.40321e-05,0,1.2004e-05,-0.000484282,0.000537519,0.490059,5.31011e-05,5.27487e-05,0.0419925,-0.000728643,-0.000529295,-0.000306343,-0.000128513,-1.18466e-05,0.000109467,0.000304249,0.000607831,0.00081321,6.92409e-05,5.25123e-05,5.40975e-05,5.3093e-05,5.23753e-05,5.53011e-05,5.30847e-05,5.0368e-05,-0.000366683,0.000366315,0,-0.000359093,0.000346275,0,0.492483,-0.000758198,-0.000301591,0.000294462,0.000811691,1788477900,-0.000346045,0.000347755,5.79164e-05,1,-0.000298002,0.000292449,0,1,-0.000388942,0.000341467,0,1,-0.000352574,0.000301586,0,1
1788478080,-5.60253e-05,-3.20141e-05,9.60361e-05,-0.000264147,0.000532249,0.483122,4.97333e-05,4.89586e-05,0.0398112,-0.000711666,-0.000511055,-0.000297143,-0.000125814,-1.98532e-05,9.99018e-05,0.000288488,0.000592058,0.000799054,6.76373e-05,5.02461e-05,5.10443e-05,5.27022e-05,4.9753e-05,5.00387e-05,4.70116e-05,4.7541e-05,-0.000352825,0.000314222,1.25055e-05,-0.000346068,0.00029875,4.17157e-06,0.494388,-0.000731466,-0.000284686,0.000288898,0.000788795,1788477900,-0.000337887,0.000349834,2.17893e-05,1,-0.000356708,0.00038421,2.02226e-05,1,0.000322628,0,0.000255822,1,-0.000412232,0.00034783,0,1
1788478140,0.00135174,0,0.00135174,0,0.00052696,0.484067,0.000534901,0.000535294,0.0387045,-0.000648707,-0.000464503,-0.000264495,-0.000109513,-1.75888e-05,9.49082e-05,0.000269036,0.000548178,0.000748097,0.000465555,0.000529434,0.000528241,0.000536258,0.000533179,0.000538074,0.000541177,0.000539665,-0.000320307,0.000298908,0,-0.000326187,0.000287311,0,0.496075,-0.000683795,-0.000266132,0.000271274,0.000738427,1788477900,-0.000326398,0.000350711,2.87976e-05,0,0.00033281,3.81162e-05,0.000347031,1,0.000396497,0,0.000343144,0,0.000318899,0,0.000266804,0
1788478200,-0.000927622,2.79752e-05,9.19156e-05,-0.000927622,0.000555587,0.492668,0.000279656,0.000282465,0.103447,-0.000953127,-0.000710194,-0.000405828,-0.000144386,-1.09503e-05,0.000140477,0.000387927,0.00077997,0.00104677,0.000287088,0.000310651,0.000284551,0.000284526,0.000318471,0.000275374,0.000268854,0.000275381,-0.0004784,0.0005322,3.29532e-05,-0.000501713,0.000558745,4.18509e-05,0.492014,-0.00100726,-0.00041736,0.000403222,0.00109964,1788478200,-0.00030661,0.000322219,2.70329e-05,1,-0.000341936,0.000367179,1.78306e-05,1,0.000363286,0,0.00031293,1,0.000393231,0,0.000330252,1
1788478260,-0.000324071,-4.00023e-06,-4.00023e-06,-0.000344078,0.000565431,0.481846,9.55474e-05,9.30218e-05,0.130722,-0.000900684,-0.000648338,-0.000372993,-0.000149807,-2.5883e-05,0.000118956,0.000339061,0.000703316,0.000962412,0.000104982,9.3504e-05,0.000103255,9.30406e-05,9.85413e-05,0.000105425,9.50895e-05,9.10381e-05,-0.000432122,0.00040626,0,-0.000457951,0.000441113,0,0.495281,-0.000987838,-0.000381607,0.000376304,0.0010192,1788478200,-0.000475645,0.000469093,6.32848e-05,1,-0.00031081,0.000325716,2.72097e-05,1,0.000368797,0,0.000329683,1,0.000364193,0,0.000308749,1
1788478320,6.80235e-05,-4.00153e-06,0.000456069,-0.000412242,0.000561622,0.482606,5.23318e-05,5.37421e-05,0.104199,-0.000764963,-0.000549009,-0.000304113,-0.000122297,-2.12845e-05,0.000103327,0.000296807,0.000624482,0.000858963,6.54436e-05,5.5487e-05,6.70234e-05,4.37944e-05,6.06998e-05,6.70621e-05,4.51366e-05,4.90331e-05,-0.000361807,0.000293724,0,-0.000374766,0.000314127,0,0.498338,-0.000797589,-0.000303615,0.000315952,0.000852342,1788478200,0.000404415,6.58244e-05,0.000405351,1,0.000441395,9.7414e-05,0.000441328,1,-0.000334164,0.000288005,0,1,0.000356453,0,0.00030837,1
1788478380,0.000771943,0,0.000919864,-0.000248108,0.00055606,0.489969,0.000224877,0.000225983,0.0832138,-0.000833595,-0.000603813,-0.000342776,-0.000137688,-1.38395e-05,0.000126347,0.000343356,0.000701497,0.000939372,0.000212392,0.000231788,0.000219394,0.000224832,0.000228223,0.000223274,0.000227824,0.000223519,-0.000411711,0.000401063,1.93104e-05,0.00045944,4.04542e-06,0.000508708,0.502313,-0.000969886,-0.000371578,0.000389187,0.00102322,1788478200,-0.000351224,0.000341163,0,1,-0.000396033,0.000401653,5.03877e-05,1,0.000450706,0,0.000379235,1,-0.000320552,0.000297001,0,1
1788478440,-3.99817e-06,1.59925e-05,0.00025585,-3.19858e-05,0.000561192,0.489959,5.93005e-05,5.95833e-05,0.0954323,-0.000882276,-0.00065259,-0.000373185,-0.00014857,-1.45684e-05,0.00013277,0.000364969,0.000745043,0.00100027,6.48526e-05,5.26292e-05,6.36621e-05,6.20491e-05,5.74896e-05,6.1663e-05,6.10957e-05,5.50351e-05,-0.000444159,0.000469315,2.5429e-05,-0.000473258,0.000481799,2.77782e-05,0.499044,-0.000981944,-0.000388726,0.000393378,0.00106409,1788478200,-0.000397392,0.000405406,6.0189e-05,1,-0.000328817,0.000308686,1.73336e-05,1,-0.000399897,0.000337633,0,1,-0.000422823,0.00036578,0,1
1788478500,0.00061553,0,0.000823285,-7.99639e-06,0.000555552,0.484243,0.0001788,0.000178553,0.0783678,-0.000779452,-0.000574977,-0.000322575,-0.00013457,-1.84024e-05,0.000100611,0.000289093,0.000613953,0.00084448,0.000168786,0.00017276,0.000173054,0.000176533,0.000168148,0.000174018,0.000194912,0.000187346,-0.000372362,0.000329385,0,-0.000368365,0.000298401,0,0.496302,-0.000789541,-0.000311469,0.000295852,0.000819096,1788478500,-0.00043486,0.000435267,4.83805e-05,1,-0.000382499,0.000403626,7.2128e-05,1,0.000347051,0,0.000296154,1,-0.000401596,0.000344582,0,1
1788478560,0.00085871,-3.99572e-06,0.000890648,-3.99572e-06,0.000556815,0.495493,0.000260755,0.000259134,0.0802732,-0.000838705,-0.000612676,-0.000353986,-0.000138395,-5.88065e-06,0.000126766,0.000345904,0.000706511,0.000961452,0.000244019,0.000265443,0.00025296,0.000260071,0.000250826,0.000256478,0.000262088,0.000266065,-0.000421155,0.000447947,0,0.000407831,2.1685e-05,0.000388727,0.502218,-0.000842729,-0.000335286,0.000343995,0.000929793,1788478500,-0.000333398,0.000361397,5.6188e-06,0,-0.000414104,0.000453022,3.84071e-05,1,-0.000422076,0.000362189,0,0,-0.000318054,0.000273783,0,0
1788478620,-9.98122e-05,7.98454e-06,5.98825e-05,-0.000203627,0.000564438,0.490556,6.35036e-05,6.31336e-05,0.097084,-0.000878696,-0.00066066,-0.000380883,-0.000147068,-1.27092e-05,0.000124122,0.000350321,0.000738696,0.000990071,7.03746e-05,5.87229e-05,7.0132e-05,5.84257e-05,6.66725e-05,6.7029e-05,6.07383e-05,6.62388e-05,-0.000443278,0.000431603,0,-0.000423765,0.000416293,0,0.496304,-0.000881563,-0.000354697,0.000349784,0.00096913,1788478500,-0.000386154,0.000406939,2.12369e-05,1,-0.000360953,0.000349915,8.62305e-06,0,-0.000445598,0.000385907,0,1,-0.000457207,0.000383463,0,1
1788478680,8.78352e-05,5.5896e-05,9.18275e-05,-0.000215628,0.000558943,0.485447,5.63543e-05,5.67828e-05,0.0743537,-0.00079029,-0.000588127,-0.000325603,-0.000127753,-1.73279e-05,0.000103973,0.00030473,0.000656911,0.000883443,6.66014e-05,5.66288e-05,6.57201e-05,4.8808e-05,5.74452e-05,6.39633e-05,5.31023e-05,5.82392e-05,-0.000381714,0.000309328,0,-0.000357755,0.000276763,0,0.494914,-0.000755404,-0.000294324,0.000292384,0.000821894,1788478500,-0.000396087,0.000419183,2.20155e-05,1,-0.000369291,0.000396,1.98185e-05,1,-0.000370533,0.00029215,0,1,-0.000447069,0.000373609,0,1
1788478740,0.000662508,3.99233e-06,0.000881917,-0.000235575,0.000553465,0.492688,0.000194992,0.00019236,0.0642716,-0.000727085,-0.00052903,-0.000293967,-0.000115811,-7.45602e-06,9.74923e-05,0.00028838,0.000630932,0.0008456,0.000181304,0.000188806,0.000186035,0.000201649,0.000173357,0.000187101,0.000208763,0.000196409,-0.000350467,0.000274439,0,0.000352536,0,0.000331553,0.500892,-0.000726132,-0.000279256,0.000299043,0.000812658,1788478500,0.000336492,2.91785e-05,0.000319819,1,0.000373724,5.38534e-05,0.000402156,1,-0.000392853,0.000350988,0,1,-0.000342756,0.000292416,0,0
1788478800,-0.000339181,-3.9897e-06,0.00041883,-0.000339181,0.000555855,0.49647,9.85076e-05,9.789e-05,0.0623264,-0.000844535,-0.000625112,-0.000358938,-0.00013602,-4.57894e-06,0.000127161,0.000351406,0.000735391,0.000988243,0.000107868,9.78791e-05,0.000101581,9.99757e-05,0.000113411,0.000100296,9.66163e-05,9.68835e-05,-0.000427406,0.000441295,1.13085e-05,0.00043489,2.22334e-05,0.000452753,0.503197,-0.000892248,-0.000351422,0.000371526,0.00100266,1788478800,-0.000322692,0.000330224,4.08038e-05,1,-0.000334001,0.000347368,1.06792e-05,1,-0.000396012,0.000356594,0,1,-0.000372121,0.000324912,0,1
1788478860,0.000418972,-3.99105e-06,0.000730094,-0.000383214,0.000552355,0.487891,0.000121486,0.000121075,0.0455693,-0.00080349,-0.000582613,-0.000329206,-0.000131851,-1.51024e-05,0.00011183,0.000324374,0.000674593,0.000882631,0.00011369,0.000118216,0.000118418,0.000118231,0.000104581,0.0001193,0.000125281,0.000125976,-0.000392958,0.000386255,0,0.000402803,0,0.000395779,0.501648,-0.000849685,-0.000330599,0.00033819,0.00091074,1788478800,-0.000388506,0.000420511,6.00397e-05,1,-0.000329333,0.000347453,2.87971e-05,1,-0.000349965,0.00029257,0,1,-0.000388566,0.000333254,0,1
1788478920,0.000438735,-3.98938e-06,0.00076168,-9.97393e-05,0.000550005,0.499224,0.000124472,0.000123195,0.0472371,-0.000816229,-0.000595873,-0.000337959,-0.000130714,-1.13844e-06,0.000131702,0.000356228,0.000726226,0.000954836,0.000118794,0.000123646,0.000123802,0.000123928,0.000107591,0.000124824,0.000124696,0.000127095,-0.000417271,0.000443721,1.89333e-05,0.00041432,4.11062e-05,0.00044411,0.504378,-0.000847051,-0.000333685,0.000356744,0.000950409,1788478800,-0.000352714,0.000413057,3.30067e-05,1,-0.000358854,0.000421115,6.49433e-05,1,-0.000361731,0.000295111,0,1,-0.000325579,0.000297203,0,1
1788478980,-8.77315e-05,-4.38648e-05,0.000239229,-0.000853716,0.000548001,0.494748,6.02833e-05,6.00032e-05,0.0482268,-0.000827435,-0.000615829,-0.000340167,-0.000129845,-7.32942e-06,0.000130211,0.000350513,0.000724184,0.000955247,6.98867e-05,5.60188e-05,6.2168e-05,6.59897e-05,6.48594e-05,6.22907e-05,5.85454e-05,5.69835e-05,-0.000415101,0.000428825,6.32903e-06,0.00040154,6.48892e-06,0.000414095,0.504078,-0.000835803,-0.000325623,0.000342422,0.000920542,1788478800,-0.000367091,0.000405541,7.97012e-05,1,-0.000343616,0.000369201,6.73341e-05,1,-0.000386942,0.000364528,0,1,-0.000334499,0.000315275,0,1
1788479040,-0.000259252,-3.98798e-06,0.000318987,-0.000259252,0.000542635,0.493504,8.44751e-05,8.41254e-05,0.046147,-0.000840313,-0.00062056,-0.000339298,-0.000128794,-8.87726e-06,0.000127844,0.000357948,0.000727467,0.000953984,9.47559e-05,8.07411e-05,8.43037e-05,9.47512e-05,9.23445e-05,8.41934e-05,8.30144e-05,7.89059e-05,-0.000419467,0.000429694,4.11861e-05,0.000421075,1.97594e-05,0.000477755,0.50425,-0.000868991,-0.000337124,0.000363004,0.000966487,1788478800,-0.000350927,0.000394855,4.57268e-05,1,-0.000355824,0.000401961,5.75979e-05,1,-0.000350482,0.000316646,5.02683e-06,1,-0.000404793,0.000348862,0,1
1788479100,0.000642024,0,0.00065797,-0.000127656,0.000538431,0.491489,0.000183719,0.000182373,0.0456042,-0.000829297,-0.000612763,-0.000340635,-0.000132345,-1.08518e-05,0.000118807,0.000335088,0.000679416,0.000893821,0.000175205,0.000183081,0.000180163,0.000180518,0.000164403,0.000181743,0.000187998,0.000199503,-0.000406253,0.000415438,2.55603e-05,-0.000386208,0.000374401,1.77683e-05,0.499489,-0.00080505,-0.000323048,0.000319182,0.000832156,1788479100,-0.000365873,0.000426776,8.22582e-05,1,-0.000339902,0.000384704,5.10839e-05,1,-0.000385834,0.000361265,0,1,-0.00035979,0.000310806,2.21784e-06,1
1788479160,-0.00115674,0,0,-0.00115674,0.000540698,0.497704,0.000419073,0.000430927,0.0409526,-0.000793736,-0.000576957,-0.000311476,-0.000117101,-3.32211e-06,0.000124084,0.000343221,0.000701278,0.000925803,0.000392354,0.000428408,0.000414514,0.000408443,0.000455907,0.000402006,0.000420512,0.000430136,-0.00039464,0.000407644,3.31577e-06,0.000381923,1.90012e-06,0.000382565,0.501258,-0.000791247,-0.000308778,0.000325966,0.000877664,1788479100,-0.000342819,0.000376152,6.33158e-05,1,-0.00037021,0.000415548,6.67385e-05,1,-0.000367138,0.000336526,0,1,-0.000388287,0.000346081,0,1
1788479220,-0.000782554,0,0,-0.000866435,0.000559703,0.486345,0.000230209,0.000235657,0.0566454,-0.000874353,-0.000621163,-0.000349181,-0.000135128,-1.82257e-05,0.000117482,0.000343446,0.000703487,0.000923561,0.000230799,0.000238643,0.000225128,0.000236023,0.000244019,0.000222062,0.000231355,0.000225727,-0.000416451,0.0003812,0,-0.000437208,0.000413127,2.13004e-05,0.496554,-0.00094483,-0.000361603,0.00036247,0.000960873,1788479100,-0.000336098,0.000354272,5.02605e-05,0,-0.000352337,0.000379213,3.25652e-05,0,-0.000398883,0.000354443,0,1,-0.000387567,0.0003262,0,1
1788479280,0.00104593,0,0.00116961,0,0.000565022,0.492558,0.000348974,0.000344856,0.0729071,-0.000848556,-0.000604727,-0.000332544,-0.000123474,-9.98539e-06,0.000124819,0.000351007,0.000705725,0.000915893,0.000316422,0.00035161,0.000318947,0.00035475,0.000340099,0.000325497,0.00035649,0.000371487,-0.000411153,0.000359628,0,0.000428763,0,0.000426776,0.503309,-0.000913324,-0.000341993,0.000370056,0.000955745,1788479100,-0.000352548,0.000414177,6.89378e-05,1,-0.000318752,0.000359659,4.10399e-05,1,-0.000345553,0.000300529,0,1,-0.000405447,0.000370352,0,1
1788479340,-7.98005e-06,0,5.58586e-05,-0.000159613,0.000578571,0.490609,5.88281e-05,5.91681e-05,0.0802196,-0.00090841,-0.000657918,-0.000363654,-0.000140948,-1.32392e-05,0.000130051,0.000377363,0.000758478,0.000983396,6.54899e-05,5.66956e-05,7.19482e-05,5.53706e-05,6.34269e-05,6.8959e-05,5.66931e-05,5.36171e-05,-0.000445323,0.000393518,0,-0.000481712,0.000468549,4.40639e-05,0.496656,-0.00101049,-0.000398245,0.000400481,0.00107151,1788479100,-0.000350819,0.000367192,8.94546e-05,1,-0.000356784,0.00036331,9.09078e-05,1,-0.000355705,0.000325394,0,1,-0.000322417,0.000286653,2.11378e-05,1
1788479400,-0.000111727,1.19701e-05,0.000546486,-0.000255395,0.000572757,0.48439,5.55496e-05,5.51678e-05,0.0659415,-0.000800716,-0.000586085,-0.000309002,-0.00012567,-1.75006e-05,9.69004e-05,0.000312068,0.000638767,0.000851603,7.117e-05,6.15787e-05,7.41515e-05,5.01083e-05,6.75487e-05,6.83968e-05,4.49895e-05,5.02255e-05,-0.000372874,0.000218731,0,-0.000387882,0.00026036,0,0.493321,-0.000842022,-0.000321117,0.000316412,0.000868927,1788479400,-0.000411851,0.000392389,9.93321e-05,1,-0.000343671,0.000330363,8.07133e-05,1,-0.000365041,0.000309177,0,1,-0.000371902,0.000310116,0,1
1788479460,0.00074993,0,0.00074993,0,0.000567221,0.49645,0.000219589,0.000215133,0.0591464,-0.0008296,-0.000608649,-0.000333051,-0.000122521,-5.0921e-06,0.00012854,0.000352877,0.000700139,0.000923767,0.000206007,0.000218362,0.000210695,0.000216362,0.000204997,0.000215636,0.000229688,0.000224917,-0.000412777,0.000369752,0,0.000465008,1.15341e-06,0.000476028,0.500943,-0.000975651,-0.000381486,0.000390255,0.00103969,1788479400,-0.000341687,0.000344618,1.98072e-05,1,-0.000394923,0.000428424,6.35854e-05,1,-0.000367542,0.00031101,0,1,-0.000385827,0.000316939,0,1
1788479520,0.000334894,-3.9875e-06,0.000566064,-0.000610273,0.000571448,0.492028,9.75863e-05,9.65539e-05,0.0556437,-0.000824435,-0.000607255,-0.000326092,-0.000117498,-1.02205e-05,0.000118758,0.000345545,0.000702906,0.000912865,0.000100373,9.63902e-05,0.000104579,9.45962e-05,9.19956e-05,0.00010101,0.000103656,9.87109e-05,-0.000404232,0.000324874,0,-0.000429697,0.000399955,0,0.496186,-0.000904735,-0.000357989,0.000356038,0.000962189,1788479400,-0.000420944,0.00045148,4.9095e-05,1,-0.000384005,0.000366414,1.50561e-06,1,-0.000437833,0.000378998,0,1,-0.000374454,0.000301794,0,1
1788479580,-0.000271096,3.98615e-06,0.00017139,-0.000326919,0.000567684,0.491308,8.80399e-05,8.84121e-05,0.0514455,-0.000916233,-0.000680275,-0.000376539,-0.000144834,-1.25992e-05,0.000134623,0.000373864,0.000764404,0.00101072,9.61393e-05,8.59409e-05,9.29441e-05,9.35438e-05,9.61673e-05,8.90799e-05,8.30112e-05,8.51399e-05,-0.000450652,0.000397555,1.04179e-05,-0.000468724,0.00046139,6.71886e-05,0.494203,-0.000976576,-0.000389346,0.000388983,0.0010544,1788479400,-0.000407381,0.000388167,2.44744e-05,1,-0.000438919,0.000412044,2.68252e-05,1,-0.000419718,0.00029451,0,1,-0.000471516,0.000355381,0,1
1788479640,0.000263123,0,0.000342844,-0.00016349,0.000563284,0.490592,8.3593e-05,8.33864e-05,0.0495618,-0.000802488,-0.000595261,-0.000319846,-0.000123477,-1.20738e-05,0.000118511,0.000324885,0.000669606,0.000873552,8.84117e-05,8.35345e-05,8.92543e-05,8.17287e-05,7.86963e-05,8.65395e-05,8.52833e-05,8.15356e-05,-0.000387272,0.000311872,0,-0.000376598,0.000330811,0,0.494885,-0.000794801,-0.000311549,0.00030923,0.000841842,1788479400,-0.000446438,0.000467907,4.31484e-05,1,-0.000392773,0.000399127,1.85506e-05,1,-0.000456158,0.000361526,0,1,-0.000402668,0.000327946,0,1
1788479700,-0.000765642,-9.56732e-05,-9.56732e-05,-0.000829472,0.000558863,0.494489,0.000229646,0.000236477,0.0488204,-0.000793966,-0.000581659,-0.000313719,-0.000119699,-7.28257e-06,0.000121895,0.000326146,0.000680865,0.000894127,0.000223814,0.000231908,0.000224412,0.000232631,0.000243998,0.00022505,0.000232302,0.000228154,-0.000384925,0.000309131,0,-0.000375602,0.000334734,0,0.498929,-0.000782918,-0.000304831,0.000314565,0.000838771,1788479700,-0.000356802,0.000380776,2.90465e-06,1,-0.000435114,0.000475003,5.028e-05,1,-0.000425931,0.000346259,0,1,-0.000423795,0.000349064,0,1
1788479760,0.0010008,-3.98925e-06,0.00115621,-9.97361e-05,0.000563743,0.4887,0.000338375,0.000332162,0.0467226,-0.000822073,-0.000603443,-0.000325852,-0.000124818,-1.39784e-05,0.000111974,0.000323711,0.000677432,0.000878226,0.000299215,0.000328384,0.000307209,0.000339621,0.000310568,0.000317886,0.000352825,0.000364822,-0.000390091,0.00030046,0,-0.00040657,0.000352166,8.31953e-06,0.49715,-0.000876456,-0.000332672,0.000341122,0.000899871,1788479700,-0.000359983,0.000345648,2.6674e-05,1,-0.000353675,0.000350072,2.59298e-05,1,-0.000463434,0.000395536,0,1,-0.000415966,0.000329433,0,1
1788479820,-0.000422526,-6.77516e-05,-6.77516e-05,-0.000434487,0.000575744,0.496818,0.00011997,0.000121512,0.0435631,-0.000905747,-0.000672008,-0.00036536,-0.000135847,-4.964e-06,0.000141321,0.000383528,0.000786361,0.00103534,0.000128196,0.000121295,0.000121131,0.000121357,0.00013214,0.000120533,0.000120216,0.000114802,-0.000450612,0.00043204,0,-0.000472069,0.000497124,3.44176e-05,0.499029,-0.000971571,-0.000386091,0.000398909,0.00106751,1788479700,-0.000364903,0.000375852,2.35487e-05,1,-0.000353908,0.000352863,3.07226e-05,1,-0.00036886,0.000315149,0,1,-0.000472582,0.000409138,0,1
1788479880,-6.77803e-05,-1.19609e-05,0.00017541,-7.57547e-05,0.000573082,0.480863,5.26513e-05,5.25176e-05,0.0392019,-0.000795724,-0.000595251,-0.000315477,-0.000127734,-2.14186e-05,9.27984e-05,0.000303735,0.000646055,0.000850902,6.8607e-05,5.95533e-05,6.92931e-05,4.65376e-05,6.49832e-05,6.44145e-05,4.07869e-05,4.72725e-05,-0.000373582,0.000188763,0,-0.000382683,0.00026633,0,0.489877,-0.000836675,-0.000321392,0.00030556,0.000841734,1788479700,-0.000449057,0.000421222,5.95136e-05,1,-0.00035336,0.00034364,6.2307e-05,1,-0.000385826,0.000313452,0,1,-0.000359607,0.000308739,0,1
1788479940,-0.000219321,0,9.56884e-05,-0.000247238,0.000567403,0.489223,7.17408e-05,7.15327e-05,0.0399397,-0.000750574,-0.000555417,-0.000289222,-0.000112177,-1.23817e-05,0.000104779,0.000304541,0.000630402,0.000836953,8.71093e-05,7.74375e-05,8.31118e-05,6.8676e-05,8.53613e-05,7.97962e-05,6.23255e-05,6.74695e-05,-0.000357568,0.000251781,0,0.000372091,0,0.000320939,0.500103,-0.000782674,-0.000301536,0.000307451,0.000827377,1788479700,-0.000351252,0.000345958,0,1,-0.000419788,0.000436967,3.81424e-05,1,-0.000371126,0.000306841,0,1,-0.000378691,0.000318462,0,1
