ts,y,ao,ah,al,sigma,p_up,loss_ens,loss_cal,cp_prob,cal_05,cal_10,cal_25,cal_40,cal_50,cal_60,cal_75,cal_90,cal_95,loss_empirical,loss_ewma,loss_garch,loss_har,loss_bocpd,loss_hmm,loss_online_qr,loss_lgbm,t_b,t_u,t_d,g_b,g_u,g_d,g_p,g_05,g_25,g_75,g_95,g_eff,g2_b,g2_u,g2_d,c2_in,g3_b,g3_u,g3_d,c3_in,g4_b,g4_u,g4_d,c4_in,g5_b,g5_u,g5_d,c5_in
1787443200,0.000685149,0,0.000870802,0,0.000538119,0.484387,0.000202505,0.000205435,0.0344355,-0.000804642,-0.000616926,-0.000279272,-9.22676e-05,-1.33708e-05,7.44214e-05,0.000291196,0.000602555,0.000818125,0.00019704,0.000206023,0.000203539,0.000201643,0.000188437,0.000201894,0.00020483,0.000202384,-0.000343841,0.000315576,2.22946e-05,0.000402,7.22193e-05,0.000440493,0.516946,-0.00083115,-0.000314608,0.000345974,0.000919913,1787443200,-0.000240386,0.000241738,2.26581e-05,1,-0.000275147,0.000288323,3.52824e-05,1,-0.000293593,0.000281403,0,1,-0.000317268,0.000294051,1.31545e-05,1
1787443260,0.000189778,0,0.000400141,-0.000103155,0.000541451,0.480636,6.70436e-05,6.75429e-05,0.0355905,-0.000742216,-0.000569704,-0.000256932,-7.84926e-05,-1.50247e-05,6.4731e-05,0.000265119,0.000586471,0.000798164,8.92483e-05,6.50823e-05,6.7986e-05,6.23127e-05,6.21119e-05,8.69973e-05,6.86251e-05,7.03673e-05,-0.000314307,0.000167883,0,0.000364379,0,0.000327831,0.516943,-0.000741372,-0.000285234,0.000320716,0.000873334,1787443200,-0.000354756,0.00035288,1.9443e-05,1,-0.000259612,0.00026534,0,1,-0.000299271,0.000283309,2.93412e-06,1,-0.000290014,0.000269091,0,1
1787443320,0.000301095,-4.12529e-05,0.000540256,-0.000243417,0.00053668,0.480944,8.99752e-05,9.05179e-05,0.0262976,-0.000720104,-0.000556974,-0.000243791,-7.79426e-05,-1.48364e-05,6.51685e-05,0.000244507,0.000544693,0.00077379,0.000107767,8.62329e-05,8.61945e-05,8.54026e-05,7.9834e-05,9.33546e-05,9.99177e-05,9.25558e-05,-0.000293095,0.000155315,0,0.000336688,0,0.000300925,0.51384,-0.000713393,-0.000271635,0.000290597,0.000820581,1787443200,-0.00034869,0.00034739,1.25528e-05,1,0.0003853,8.52859e-06,0.000336051,1,-0.000290856,0.000273218,0,1,-0.000315556,0.000294127,0,1
1787443380,-0.000202095,-4.12397e-06,5.77339e-05,-0.000594028,0.00053299,0.483957,6.83577e-05,6.70193e-05,0.021831,-0.000730916,-0.00057408,-0.000254981,-7.96602e-05,-1.35794e-05,7.31965e-05,0.000266957,0.000598849,0.000820308,8.87497e-05,6.7068e-05,6.87671e-05,6.80801e-05,7.81797e-05,6.94739e-05,6.21614e-05,7.23771e-05,-0.000314919,0.000178847,0,0.00036287,0,0.000352914,0.512469,-0.000745343,-0.000291095,0.000308886,0.000878521,1787443200,-0.000323503,0.000336617,0,1,-0.000327975,0.000354692,8.49946e-06,1,0.000389982,0,0.000370595,1,-0.000280206,0.000260804,2.33883e-06,1
1787443440,-0.00029703,-6.18739e-05,-3.71239e-05,-0.000557003,0.000528407,0.487092,8.936e-05,8.89607e-05,0.0195538,-0.00071579,-0.00054963,-0.000239251,-7.78533e-05,-1.12003e-05,7.76846e-05,0.000271605,0.00059452,0.000812864,0.000104355,8.69996e-05,8.69161e-05,8.64712e-05,9.66244e-05,8.57e-05,9.35642e-05,9.01704e-05,-0.000310996,0.000183112,0,0.000348245,0,0.00030739,0.515436,-0.000730629,-0.000273487,0.000304402,0.000857998,1787443200,-0.000345416,0.000360363,1.41073e-05,1,-0.000313833,0.000322451,1.62401e-05,1,-0.000348232,0.000340935,0,1,0.000337371,4.51717e-05,0.000324372,1
1787443500,0.000301154,-4.95135e-05,0.00039602,-0.000292991,0.00052478,0.486166,8.67225e-05,8.75388e-05,0.0192479,-0.000696517,-0.000528233,-0.000230369,-7.34244e-05,-1.11502e-05,7.15466e-05,0.000265864,0.000578875,0.000784317,0.000107468,8.6117e-05,8.6005e-05,8.55004e-05,7.98471e-05,8.60858e-05,9.05791e-05,8.74375e-05,-0.00030222,0.000169818,0,0.000306669,0,0.000261469,0.513917,-0.000658678,-0.000237971,0.000272303,0.000768923,1787443500,-0.00033054,0.000345207,2.45113e-05,1,-0.000347661,0.00036522,4.32236e-07,1,-0.000337323,0.000310121,0,1,-0.000364028,0.000336773,0,1
1787443560,-0.000420816,0,4.12477e-06,-0.000664311,0.000521249,0.484777,0.000123461,0.00012287,0.0172452,-0.000703092,-0.000533079,-0.000239522,-7.31442e-05,-1.2964e-05,7.42813e-05,0.000270738,0.000584109,0.000790614,0.000125529,0.000121187,0.000121041,0.000120692,0.000130788,0.000118982,0.000126248,0.00012547,-0.000309868,0.000181136,0,0.000307285,0,0.000284505,0.514975,-0.00065158,-0.000240737,0.000273319,0.000770204,1787443500,-0.000302251,0.00029489,2.44738e-05,1,-0.000344258,0.000349068,0,1,-0.000358381,0.000364208,0,1,-0.000350281,0.000321406,0,1
1787443620,0.000391942,4.12651e-06,0.00044144,4.12651e-06,0.00051943,0.489963,0.00011248,0.000113092,0.0191228,-0.000719378,-0.000542211,-0.000244141,-7.82263e-05,-8.46344e-06,7.59594e-05,0.00026838,0.000585233,0.00079115,0.000122107,0.000111276,0.000111177,0.000110753,0.000100204,0.000111075,0.000114505,0.000116172,-0.000310645,0.000187716,0,0.000307266,0,0.000258602,0.515456,-0.000666737,-0.000242025,0.000271982,0.000765945,1787443500,-0.000301519,0.000314142,3.03385e-05,1,-0.000316615,0.000294615,3.23354e-06,1,-0.000351248,0.000339989,0,1,-0.000372032,0.000333981,0,1
1787443680,-0.000111379,-4.12491e-06,9.48682e-05,-0.000123755,0.000517189,0.481328,4.97755e-05,4.8132e-05,0.0178388,-0.00065856,-0.000503711,-0.000222315,-6.54846e-05,-1.42977e-05,6.43444e-05,0.000239551,0.000520286,0.000720555,7.76338e-05,5.06759e-05,5.14491e-05,4.65464e-05,6.16778e-05,4.56586e-05,4.69668e-05,5.23546e-05,-0.000279524,0.000136152,0,0.000278484,0,0.000241437,0.513095,-0.000589773,-0.000216741,0.00024303,0.000688085,1787443500,-0.000287131,0.000299635,2.46162e-05,1,-0.00030129,0.000305568,2.21921e-05,1,-0.000333596,0.000290184,0,1,-0.000352265,0.000331087,0,1
1787443740,-0.000412621,0,0,-0.000532313,0.000512233,0.477468,0.000119139,0.000117984,0.0161479,-0.000655111,-0.000486274,-0.000212748,-6.94784e-05,-1.57865e-05,5.63246e-05,0.000212268,0.000482872,0.000683552,0.000123046,0.000118852,0.000118657,0.000119781,0.000127713,0.000116388,0.000119893,0.000119385,-0.000255098,0.000107604,0,0.000245022,0,0.000196341,0.50746,-0.00054204,-0.00019474,0.000203335,0.000608359,1787443500,-0.000282447,0.000265765,0,1,-0.000305531,0.00029843,1.26417e-06,1,-0.000326695,0.000301911,0,1,-0.000330147,0.000292608,0,1
1787443800,-0.000586215,0,0,-0.000615122,0.000510431,0.485385,0.000178588,0.000178333,0.0180765,-0.000650331,-0.000491165,-0.00021946,-7.11741e-05,-1.10613e-05,6.6663e-05,0.000243,0.000521744,0.000720396,0.000171069,0.000177231,0.000177062,0.000183329,0.000178419,0.00018301,0.00017944,0.00017435,-0.000280482,0.000154814,0,0.000287925,0,0.000234244,0.513596,-0.000626756,-0.000225735,0.000254702,0.000723156,1787443800,-0.000244971,0.000235331,0,0,-0.000281301,0.000268388,0,0,-0.000328578,0.000300132,0,1,-0.000336201,0.000314858,0,1
1787443860,-0.00025193,0,0.000433502,-0.00025193,0.000512057,0.486661,7.71143e-05,7.44004e-05,0.0242567,-0.000647611,-0.000494606,-0.000222997,-7.23028e-05,-9.71322e-06,6.47871e-05,0.000242668,0.000514831,0.000707148,9.60892e-05,7.40707e-05,7.56542e-05,7.28189e-05,8.2934e-05,7.30469e-05,8.66222e-05,7.62425e-05,-0.00028186,0.000134812,0,0.000300744,0,0.000218852,0.516381,-0.000659315,-0.0002329,0.000269531,0.000741503,1787443800,-0.000276273,0.000266548,8.04068e-06,0,-0.000252715,0.000239535,0,0,-0.000304166,0.000264719,0,0,-0.000321839,0.000301049,0,1
1787443920,4.54347e-05,4.13052e-06,7.84769e-05,-0.000330497,0.000508161,0.485714,4.24544e-05,4.27424e-05,0.0221277,-0.000674035,-0.000507359,-0.000239651,-8.1538e-05,-1.09422e-05,6.76834e-05,0.000248831,0.000534927,0.000735076,7.45134e-05,4.37768e-05,4.55525e-05,4.27991e-05,4.99882e-05,3.90946e-05,3.71439e-05,4.25991e-05,-0.000294151,0.000154185,0,0.000322849,0,0.00024756,0.518169,-0.000698765,-0.000252999,0.000285309,0.000787827,1787443800,-0.000286215,0.000272941,0,1,0.00029832,0,0.000276099,1,-0.000286907,0.000239457,0,0,-0.00030657,0.000252309,0,1
1787443980,0.00024779,-3.71737e-05,0.000326243,-0.000628008,0.000503095,0.486108,7.08009e-05,7.28916e-05,0.0185649,-0.000615428,-0.000470891,-0.000213968,-6.78874e-05,-9.11777e-06,5.80551e-05,0.000234363,0.00049853,0.000684717,9.76207e-05,7.18337e-05,7.21528e-05,7.04845e-05,7.27045e-05,7.06015e-05,7.05201e-05,7.23687e-05,-0.000271276,9.70008e-05,0,0.000291826,0,0.000214881,0.518996,-0.000630392,-0.000220679,0.00026176,0.000725954,1787443800,0.00031497,8.08349e-06,0.000320061,1,0.000300976,0,0.000274116,1,-0.000314453,0.000278791,0,1,-0.000290405,0.000237908,0,1
1787444040,-0.000392362,-4.54235e-05,4.95505e-05,-0.00046259,0.000499269,0.491116,0.000116584,0.000113988,0.0166244,-0.000696624,-0.000538867,-0.00025317,-8.06352e-05,-7.54837e-06,7.72542e-05,0.000275805,0.000581387,0.000806152,0.000119331,0.000113034,0.000112915,0.000113002,0.000118777,0.000110692,0.000122131,0.000119459,-0.000319829,0.000214302,0,0.00034801,0,0.000303872,0.519773,-0.000720358,-0.000269969,0.000306101,0.000851105,1787443800,0.0002908,7.00096e-06,0.000296941,1,-0.00030574,0.000316782,2.53303e-05,1,0.000319171,0,0.000262109,1,-0.000305613,0.000257805,0,1
1787444100,-0.000495835,-9.91473e-05,3.30469e-05,-0.000590898,0.000497357,0.484394,0.000142878,0.000139507,0.0182843,-0.000702983,-0.00055113,-0.000267522,-8.79649e-05,-1.26184e-05,7.02248e-05,0.000258495,0.000551918,0.00075076,0.000145931,0.000143401,0.000143227,0.000141412,0.000146281,0.000147296,0.000146604,0.00014201,-0.000316914,0.00019475,0,0.000309939,0,0.000280931,0.512285,-0.000669504,-0.000250869,0.000266578,0.000746116,1787444100,-0.000326562,0.000354824,2.39375e-05,1,0.000297708,4.02509e-06,0.000283561,1,0.000330424,0,0.000310455,1,0.000310811,0,0.000275166,1
1787444160,5.37273e-05,3.30633e-05,0.000528882,-0.000202537,0.000497326,0.488334,4.4448e-05,4.47685e-05,0.0219052,-0.000681514,-0.000513904,-0.000251134,-8.3472e-05,-9.57016e-06,7.42422e-05,0.000264857,0.000559669,0.000755025,7.46541e-05,4.33045e-05,4.50402e-05,4.6299e-05,5.0393e-05,3.96087e-05,4.03388e-05,4.47544e-05,-0.000310905,0.000194511,0,0.000294116,0,0.000220474,0.516405,-0.000642232,-0.000227545,0.000262638,0.000726518,1787444100,0.000331335,0,0.000309505,1,0.000333876,2.41413e-05,0.000320505,1,0.000319668,0,0.000298459,1,0.000358291,0,0.00030822,1
1787444220,0.000190089,4.13275e-06,0.000627982,-8.67917e-05,0.000492386,0.489585,6.38118e-05,6.58142e-05,0.0181855,-0.000688826,-0.000525258,-0.000255283,-8.27937e-05,-8.10095e-06,7.11516e-05,0.000266933,0.000566372,0.000771175,8.8155e-05,6.14866e-05,6.18486e-05,6.70927e-05,6.38998e-05,5.76727e-05,6.28864e-05,6.29543e-05,-0.000314443,0.000195459,0,0.000321874,0,0.000260069,0.518349,-0.000687403,-0.000250931,0.000285423,0.000790219,1787444100,0.000290156,0,0.000293083,1,0.000324741,0,0.000294989,1,0.000342265,5.33029e-06,0.000328551,1,0.000325326,0,0.000286827,1
1787444280,0.000784767,1.65278e-05,0.000801282,-0.000140497,0.000488178,0.487088,0.000244507,0.000248803,0.0160415,-0.00068783,-0.00052357,-0.000251727,-8.30618e-05,-1.0437e-05,7.23448e-05,0.000259684,0.000558941,0.000778031,0.000223627,0.00026119,0.000259708,0.000238829,0.000237271,0.000285925,0.00024831,0.000242165,-0.000307725,0.000217779,0,0.00031479,0,0.000268184,0.514946,-0.000674722,-0.000252262,0.000273752,0.000770105,1787444100,0.000322279,9.92717e-06,0.000342114,1,0.000303027,0,0.000294105,1,0.00031927,1.13869e-05,0.000278634,1,-0.000352408,0.00033829,0,1
1787444340,-0.000656684,4.12873e-06,0.000243566,-0.000743448,0.000495852,0.483386,0.000198157,0.000196984,0.0249105,-0.000704841,-0.000552099,-0.000271507,-8.94623e-05,-1.45135e-05,7.48287e-05,0.000280586,0.000594647,0.000822568,0.000190471,0.000205394,0.000200595,0.000198992,0.000203638,0.000195555,0.000188105,0.000201585,-0.000332094,0.000251737,0,0.000345684,0,0.000325729,0.508464,-0.000711457,-0.00027993,0.000294613,0.000837908,1787444100,0.000310732,7.52766e-06,0.000312371,1,-0.000311863,0.000318387,3.58286e-05,1,0.000319553,0,0.00028334,1,0.000305261,0,0.000279165,1
1787444400,-0.000185932,4.13144e-06,0.000569977,-0.000185932,0.000499576,0.488188,6.85525e-05,6.58604e-05,0.0327427,-0.00076321,-0.000594916,-0.00029386,-0.000102633,-1.09214e-05,8.35362e-05,0.000286416,0.000620479,0.000854034,8.45878e-05,6.26662e-05,6.74125e-05,6.91821e-05,7.09001e-05,8.10362e-05,7.19624e-05,6.62132e-05,-0.00034938,0.000287849,0,0.000360424,0,0.000292442,0.514038,-0.000757392,-0.000286665,0.000305381,0.000854253,1787444400,-0.000338617,0.000328949,0,1,-0.000301561,0.000300468,2.24233e-05,1,0.00033299,0,0.000338058,1,0.000323248,0,0.000290436,1
1787444460,0.000710488,0,0.00178765,0,0.000495254,0.48389,0.000212534,0.000216155,0.0252473,-0.000728463,-0.00055471,-0.000272918,-9.35174e-05,-1.46813e-05,7.84295e-05,0.000274531,0.000593678,0.000821529,0.000203272,0.000220084,0.000212632,0.000207699,0.000205319,0.000214112,0.000218286,0.000211702,-0.000328643,0.000230142,0,0.00034156,0,0.00027632,0.513292,-0.000721626,-0.000269938,0.000293421,0.000820573,1787444400,-0.000340329,0.000341833,0,1,0.00033665,0,0.000297974,1,-0.000326061,0.000298568,0,1,0.000367755,0,0.000323935,1
1787444520,0.000462372,-0.000103237,0.000602693,-0.000144535,0.000500466,0.485234,0.000132426,0.000134184,0.032308,-0.000876237,-0.000683902,-0.00034151,-0.00011934,-1.69224e-05,9.9686e-05,0.000358821,0.000756138,0.00102517,0.000134271,0.000130905,0.000131078,0.000131315,0.000122839,0.000139136,0.000140788,0.000128905,-0.000421636,0.000380701,0,0.000433422,1.25775e-05,0.000414793,0.509853,-0.000855887,-0.000340722,0.000356788,0.000999366,1787444400,0.000344733,0,0.000342783,0,0.00035451,0,0.000345677,1,-0.000354695,0.000313785,0,1,0.000351915,0,0.000309533,1
1787444580,0.000602415,-1.23822e-05,0.000664286,-4.95297e-05,0.000499733,0.478832,0.000173748,0.000174714,0.0298372,-0.000787809,-0.000619279,-0.000297886,-0.000105292,-2.08868e-05,7.97859e-05,0.000294326,0.000633227,0.000866673,0.000173172,0.000176327,0.000169905,0.000169561,0.00016049,0.000178079,0.000182237,0.000177296,-0.000355915,0.000276313,0,0.00035246,0,0.000318464,0.506879,-0.000726893,-0.000287322,0.00029313,0.00083804,1787444400,-0.000414688,0.000438651,1.61573e-05,1,-0.000336746,0.00031855,2.3831e-05,0,0.000371618,0,0.000325468,1,-0.000351312,0.00029306,0,1
1787444640,0.0011131,-2.88746e-05,0.00197387,-0.000268153,0.000501992,0.478175,0.000392767,0.000396348,0.0335445,-0.000778298,-0.000616085,-0.000296334,-0.000105905,-2.19641e-05,8.06834e-05,0.000294172,0.000638295,0.000869747,0.00033754,0.00041456,0.000384647,0.000391527,0.000388165,0.000325194,0.000398739,0.000394303,-0.000354677,0.000267256,0,0.00033873,0,0.000320736,0.50287,-0.000702568,-0.000279504,0.000281653,0.000820119,1787444400,-0.000351873,0.000339645,0,0,-0.000378579,0.000411905,3.3744e-05,0,-0.000352661,0.000326733,0,0,-0.000364153,0.000318111,0,0
1787444700,-0.000346165,0,0.000156559,-0.00104298,0.000521283,0.479576,0.000109237,0.000107963,0.108437,-0.00104258,-0.000826432,-0.000439127,-0.000153745,-3.17361e-05,0.000125738,0.000435551,0.000934089,0.00126773,0.000111205,0.000100697,0.000103282,0.000117233,0.0001134,0.000131072,0.000100406,0.000117144,-0.00052539,0.000462974,3.42962e-07,-0.000491299,0.000512409,8.55314e-05,0.499947,-0.0009281,-0.000393536,0.00038734,0.00112555,1787444700,-0.000336643,0.000324167,0,1,-0.000340223,0.000311734,0,1,-0.000402918,0.000390507,0,1,0.000382474,0,0.000339546,0
1787444760,0.000387367,0,0.000490365,-0.000201985,0.000518361,0.488033,0.000113076,0.000113007,0.0774236,-0.000927578,-0.000723119,-0.000373474,-0.0001294,-1.53777e-05,0.000115198,0.000383806,0.000807701,0.00106683,0.000120992,0.000110265,0.000110605,0.000117722,9.70052e-05,0.000136447,0.000119452,0.000116024,-0.00045518,0.000374601,0,0.000436675,0,0.000414496,0.509817,-0.000858516,-0.000341666,0.000360267,0.00102484,1787444700,-0.00046324,0.000501142,3.20603e-05,1,0.000336588,0,0.000298547,1,-0.000372254,0.000300319,0,0,0.000435875,0,0.000389113,1
1787444820,4.12012e-06,-4.12013e-06,0.000654886,-0.000123611,0.000516067,0.481312,5.45014e-05,5.47365e-05,0.0610004,-0.000825165,-0.000645355,-0.00032922,-0.000113961,-2.24076e-05,9.95598e-05,0.000344255,0.000712793,0.000970296,7.16182e-05,4.50238e-05,5.6856e-05,5.91718e-05,5.36112e-05,9.37792e-05,4.76096e-05,5.55618e-05,-0.000405234,0.000285295,0,0.000366993,0,0.000331927,0.506393,-0.000735046,-0.000290226,0.000312695,0.000888979,1787444700,-0.000420649,0.000447452,2.16084e-05,1,-0.000441704,0.000485041,1.45358e-05,1,-0.000357235,0.000308981,0,1,-0.000362234,0.000309277,0,1
1787444880,-0.000519269,-4.12012e-06,0.000518999,-0.000642944,0.000510881,0.48787,0.000148678,0.000147764,0.0413645,-0.000849201,-0.000652617,-0.000328029,-0.000106799,-1.30865e-05,9.68435e-05,0.000334431,0.000705581,0.000954559,0.000151999,0.000148655,0.000149581,0.000149552,0.000159293,0.000152984,0.000144923,0.000148044,-0.00039807,0.000299567,0,0.000392786,0,0.000349649,0.509883,-0.000796228,-0.000314437,0.00032824,0.000934309,1787444700,-0.000383234,0.000364779,0,1,-0.000428843,0.000408198,1.62797e-05,1,-0.000462889,0.000461714,1.9766e-06,1,-0.000346622,0.000284549,0,1
1787444940,0.000181363,0,0.000432743,0,0.00051105,0.492517,7.3151e-05,7.41277e-05,0.0385002,-0.000883927,-0.000675165,-0.000341202,-0.0001106,-8.6376e-06,0.000107395,0.000358672,0.000744707,0.000996635,8.65457e-05,6.34155e-05,7.06349e-05,8.21749e-05,6.0666e-05,9.5568e-05,7.3437e-05,6.86067e-05,-0.000421405,0.000368822,0,0.000406339,0,0.000340923,0.516299,-0.000816848,-0.000314778,0.000346176,0.000953321,1787444700,-0.000387972,0.000427183,8.85113e-06,1,-0.000372453,0.000357555,0,1,-0.00043948,0.000401467,7.76517e-06,1,-0.000475776,0.000446056,0,1
1787445000,0.000370866,-4.12151e-06,0.000383226,-8.24334e-05,0.000506563,0.491423,0.000108261,0.000107585,0.0273587,-0.000786513,-0.000617583,-0.000306882,-9.54701e-05,-8.33718e-06,8.96205e-05,0.000308536,0.000632238,0.000857843,0.000117856,0.000105584,0.000105701,0.00010538,9.32649e-05,0.00011788,0.000117665,0.000108477,-0.000369423,0.000254216,0,0.000322114,0,0.000304368,0.511681,-0.000671269,-0.000257649,0.000277949,0.000767189,1787445000,-0.000377032,0.000406636,2.22473e-05,1,-0.000357978,0.000385838,7.14573e-05,1,-0.000388955,0.000346879,0,1,-0.000424096,0.000417682,0,1
1787445060,-0.000362623,1.23598e-05,0.000461331,-0.000494519,0.000504207,0.494087,0.000105944,0.000105316,0.0237327,-0.000709828,-0.00054589,-0.000270038,-8.00211e-05,-5.66567e-06,8.43778e-05,0.000282652,0.000593302,0.000816719,0.000113581,0.000105097,0.000105772,0.000104636,0.000115098,0.000111382,0.000104005,0.000107451,-0.000332852,0.000235939,0,0.000293789,0,0.000246704,0.509477,-0.000605384,-0.000229243,0.000256914,0.000719268,1787445000,0.000351107,0,0.00033857,1,-0.000369959,0.000386353,3.75187e-05,1,-0.000387596,0.000382193,2.55353e-05,1,-0.000384001,0.000346933,0,1
1787445120,0.000185449,2.88499e-05,0.000321423,-7.41892e-05,0.000501767,0.493774,6.92792e-05,6.98144e-05,0.0221097,-0.000792049,-0.000603379,-0.000307712,-0.000101,-6.55673e-06,9.78543e-05,0.000316101,0.000647978,0.000889987,8.69582e-05,6.32473e-05,6.82759e-05,7.45782e-05,6.07113e-05,7.54555e-05,6.96003e-05,6.6925e-05,-0.000375046,0.000332863,0,0.000349777,0,0.000312103,0.513197,-0.000729817,-0.000278986,0.000305898,0.000856599,1787445000,-0.00029803,0.000298814,0,1,-0.000311215,0.00033909,2.1194e-05,1,-0.000379308,0.000387931,8.0641e-06,1,0.000416671,1.08621e-05,0.000382319,1
1787445180,0.000638505,-3.7087e-05,0.000638505,-9.89018e-05,0.000497416,0.495854,0.000189273,0.00018877,0.018119,-0.000676115,-0.000523668,-0.000257239,-7.86107e-05,-4.06151e-06,8.3556e-05,0.000270278,0.000561582,0.000769475,0.000183007,0.000189249,0.000181343,0.000183128,0.000167866,0.000192118,0.000203712,0.000193606,-0.000317887,0.000221446,0,0.000288765,0,0.000236816,0.511343,-0.000596514,-0.000222942,0.000252301,0.000707686,1787445000,-0.000317612,0.000364738,4.08999e-05,1,-0.000288294,0.00029404,1.95723e-06,1,0.000310319,4.24191e-05,0.000317301,1,-0.000390316,0.000389772,0,1
1787445240,-0.000453091,1.64722e-05,1.64722e-05,-0.000457211,0.000500628,0.487946,0.000129758,0.000129463,0.021078,-0.000703963,-0.00054355,-0.000276916,-8.77121e-05,-1.1397e-05,8.51574e-05,0.0002854,0.000608113,0.000853524,0.000133461,0.000130198,0.000130812,0.000129699,0.000140959,0.000135619,0.000124191,0.000131119,-0.000338113,0.000248482,0,0.00032648,0,0.000302801,0.508603,-0.000656942,-0.000260899,0.000280222,0.000785656,1787445000,-0.000287701,0.000293005,8.72189e-06,1,-0.000321844,0.000367446,3.39799e-05,1,-0.000315352,0.000283579,0,1,0.000319063,2.48445e-05,0.000301512,1
1787445300,8.23985e-06,0,0.000251285,-0.000230743,0.000499721,0.491986,4.16502e-05,4.18168e-05,0.0219007,-0.000669349,-0.000506532,-0.000251887,-8.2792e-05,-6.58618e-06,7.58814e-05,0.000263625,0.000549016,0.000751373,7.13197e-05,4.36243e-05,5.05223e-05,4.06313e-05,5.1562e-05,5.7394e-05,3.42874e-05,3.9703e-05,-0.000310372,0.000204971,0,0.000295044,0,0.000240996,0.507278,-0.000612995,-0.000236162,0.000252641,0.000716057,1787445300,-0.000317523,0.000325481,8.01057e-06,1,-0.000283623,0.000303498,1.18796e-05,1,-0.000326955,0.000368979,1.24525e-05,1,-0.000307896,0.00030164,0,1
1787445360,-0.000148328,1.64795e-05,1.64795e-05,-0.000684138,0.0004947,0.499174,5.7307e-05,5.67463e-05,0.018073,-0.00065135,-0.000493511,-0.000247263,-7.43848e-05,-1.03076e-06,7.87517e-05,0.000264858,0.000547186,0.00074407,7.8065e-05,5.72285e-05,6.12569e-05,5.97717e-05,6.81199e-05,5.73603e-05,4.85326e-05,5.70833e-05,-0.000308741,0.000189697,0,0.00031649,0,0.000265071,0.513346,-0.000647161,-0.000244765,0.000276447,0.000772833,1787445300,-0.000273943,0.000270346,8.09338e-06,1,-0.000303404,0.000313624,1.54309e-05,1,-0.00030123,0.000303156,2.58515e-06,1,-0.000344768,0.000346882,1.42462e-05,1
1787445420,0.000897869,4.9445e-05,0.0010543,-0.000115381,0.000490177,0.499846,0.000300108,0.000301938,0.0168276,-0.00066969,-0.000500203,-0.000246225,-7.78892e-05,-5.40795e-07,8.37184e-05,0.000284669,0.00057109,0.000759732,0.000255179,0.000308292,0.000292988,0.000288909,0.000280453,0.000330649,0.000305736,0.000313209,-0.000321225,0.000238917,0,0.000332346,0,0.00027843,0.517579,-0.000682721,-0.000253106,0.000298794,0.000816014,1787445300,-0.000306467,0.000330096,3.70013e-05,1,-0.000290488,0.000285862,0,1,-0.000337148,0.000305152,0,1,-0.00031129,0.0002966,0,1
1787445480,0.000189356,8.2336e-06,0.00180154,-0.000700104,0.000501589,0.486289,7.24286e-05,7.24509e-05,0.0292752,-0.000760174,-0.000597063,-0.000314602,-0.000110987,-1.40505e-05,9.04287e-05,0.000317438,0.000680629,0.000941474,8.72579e-05,6.437e-05,7.06152e-05,7.26063e-05,6.03841e-05,9.01499e-05,7.4624e-05,7.59552e-05,-0.00037941,0.000300583,8.67685e-06,0.000385027,0,0.000380788,0.505539,-0.00075721,-0.000309013,0.000321462,0.000903164,1787445300,-0.000306772,0.000337537,5.7557e-05,0,-0.000302927,0.000340443,3.73003e-05,1,-0.00031475,0.000286976,0,1,-0.000325712,0.00032451,0,1
1787445540,9.05488e-05,4.93913e-05,0.00054317,-0.0003911,0.00049727,0.494202,6.7518e-05,6.72528e-05,0.0227137,-0.00093713,-0.000728688,-0.000378065,-0.000135465,-7.77603e-06,0.00012727,0.000397159,0.000820767,0.00110821,7.57919e-05,4.81939e-05,5.53292e-05,9.46627e-05,5.18407e-05,6.47463e-05,6.35727e-05,6.20232e-05,-0.000466625,0.000409518,0,0.000475985,4.89326e-06,0.000517675,0.513279,-0.000897658,-0.000367043,0.0003807,0.00106095,1787445300,-0.000358968,0.000381655,3.38508e-05,1,-0.000309578,0.000333915,3.176e-05,1,-0.000316467,0.000346545,3.74975e-05,1,-0.000291865,0.000269576,1.02531e-05,1
1787445600,-0.000930574,4.52713e-05,0.00051844,-0.000930574,0.000492438,0.498498,0.000302694,0.000311886,0.0188017,-0.000803688,-0.000618169,-0.000314928,-0.000105646,-1.55926e-06,0.000103002,0.000331816,0.000685404,0.000938389,0.000276925,0.000335631,0.000321527,0.000273834,0.000341315,0.000312402,0.000308594,0.000324989,-0.000389464,0.000307065,0,0.00036954,0,0.000362877,0.509864,-0.000738324,-0.000293369,0.000308938,0.000871528,1787445600,-0.000405699,0.000502832,0.000100125,1,-0.0003385,0.000380976,2.4311e-05,1,-0.000318389,0.000318922,3.23663e-05,1,-0.000337406,0.000341733,1.20256e-05,1
1787445660,-0.000370824,8.23896e-06,0.00036245,-0.000531557,0.00050494,0.504196,0.000109195,0.000108651,0.0456345,-0.000919711,-0.000694855,-0.00035511,-0.00011757,5.26044e-06,0.000119007,0.000378752,0.000768378,0.00100882,0.000114798,0.000107433,0.00010842,0.00012147,0.000116028,0.000129717,0.000112531,0.000105253,0.00044221,0,0.000401272,0.000414083,0,0.000335475,0.518508,-0.000829549,-0.000316556,0.00035001,0.000932513,1787445600,-0.000343203,0.00037324,6.44227e-05,0,-0.000389156,0.000469499,0.000104307,1,-0.000369493,0.000373669,8.13778e-06,1,-0.000319654,0.000341353,1.47897e-05,1
1787445720,0.000745628,3.29677e-05,0.00081563,3.29677e-05,0.000502609,0.503772,0.00021259,0.000211926,0.0401625,-0.000856604,-0.000649029,-0.000335658,-0.000111134,4.5346e-06,0.00011062,0.000357749,0.000721471,0.00095619,0.000212595,0.000228631,0.000215806,0.000210368,0.000210381,0.000215868,0.000219679,0.000228688,0.00041761,0,0.000345338,0.000380248,0,0.000291396,0.517466,-0.000776946,-0.000289362,0.000331383,0.000877596,1787445600,-0.000366846,0.000382995,4.52026e-05,1,-0.00034293,0.00035897,6.69601e-05,1,-0.000402018,0.000477573,7.46156e-05,1,-0.000369358,0.000379403,1.33109e-05,1
1787445780,0.000123531,-4.94167e-05,0.000123531,-0.00033361,0.000508609,0.499102,6.18133e-05,6.18359e-05,0.0455633,-0.000820131,-0.000638005,-0.0003306,-0.000108131,-7.02652e-07,0.00010213,0.000341875,0.000696939,0.000925635,7.75161e-05,5.44936e-05,6.28939e-05,7.1082e-05,5.55412e-05,0.000101522,6.32016e-05,5.51438e-05,-0.000404321,0.000319491,0,0.000359322,0,0.000300789,0.510449,-0.000730248,-0.000283777,0.000308452,0.000827919,1787445600,-0.000353452,0.000343967,3.98692e-05,1,-0.000362926,0.000349905,7.16169e-05,1,-0.000363457,0.000374111,5.88193e-05,1,-0.000438201,0.000478584,5.07658e-05,1
1787445840,-0.000844433,0,3.2939e-05,-0.000844433,0.0005038,0.502128,0.000272905,0.000281145,0.0322438,-0.000736897,-0.000572953,-0.000289072,-9.12489e-05,1.9072e-06,9.58113e-05,0.000295337,0.000625707,0.000838654,0.000243561,0.000286532,0.000263331,0.00026268,0.000291423,0.000242582,0.000281912,0.000286705,0.000351301,0,0.000318387,0.000334729,0,0.000275905,0.510714,-0.000691544,-0.00026292,0.000285019,0.000785673,1787445600,0.000341376,0,0.000345566,1,-0.000338863,0.000331833,5.57495e-05,1,-0.000384054,0.000368243,1.98138e-05,1,-0.000380423,0.000369856,3.55444e-05,1
1787445900,0.000642658,7.82945e-05,0.000819728,-0.000272018,0.000512835,0.50246,0.000183487,0.000182262,0.0601003,-0.000825843,-0.000644394,-0.000328396,-0.00010828,3.00385e-06,0.000105313,0.000322844,0.000657664,0.000872578,0.000184044,0.000185972,0.000181493,0.000180998,0.000171158,0.000183507,0.000193936,0.000201605,0.000391433,0,0.000367247,0.000402189,0,0.000357067,0.511245,-0.000821067,-0.000318797,0.000331703,0.00088445,1787445900,-0.000315279,0.000316124,1.09299e-05,1,-0.000313397,0.000315745,2.13804e-05,1,-0.000356642,0.000334181,2.76279e-05,1,-0.000381669,0.000385195,1.43459e-05,1
1787445960,-0.000453113,-8.23659e-06,-8.23659e-06,-0.000939408,0.000515751,0.498832,0.000130482,0.000130155,0.0563922,-0.000820536,-0.000638606,-0.000329063,-0.000107244,-1.38103e-06,0.000107609,0.000342688,0.000703554,0.00092981,0.000133688,0.000130533,0.000131743,0.000131239,0.000139236,0.000148066,0.000129639,0.000127291,-0.000404168,0.000310253,0,0.000408402,0,0.000372713,0.510941,-0.000817528,-0.000318069,0.00035237,0.000953737,1787445900,0.000385621,0,0.000390957,1,0.000316686,0,0.000322152,1,0.000351898,0,0.000336409,1,0.000369078,0,0.00036528,1
1787446020,0.000403693,-4.53226e-05,0.000403693,-0.000230755,0.000514573,0.50378,0.000115997,0.000114573,0.0524554,-0.000823668,-0.000624177,-0.000323684,-0.000108271,4.42545e-06,0.000108437,0.000336906,0.000686242,0.000908506,0.000122867,0.000114831,0.00011499,0.000114686,0.000104264,0.000139002,0.000116636,0.000120801,0.000397434,0,0.000350035,0.000397061,0,0.000325816,0.512807,-0.000819393,-0.000309406,0.000341234,0.00092181,1787445900,-0.000381139,0.000373377,4.9181e-05,1,0.00037765,0,0.000371025,1,0.000343173,0,0.000339327,1,0.000348116,0,0.000334424,1
1787446080,0.000119429,-5.76604e-05,0.000432347,-0.000321293,0.000512591,0.502013,5.70945e-05,5.6861e-05,0.0400495,-0.00075318,-0.000583345,-0.000299734,-9.30761e-05,1.66302e-06,0.000101117,0.000316112,0.00064223,0.000853979,7.72753e-05,5.44641e-05,6.31006e-05,6.01439e-05,5.57919e-05,0.000100173,5.57536e-05,5.11725e-05,0.00037086,0,0.000334026,0.000348604,0,0.000306922,0.509765,-0.000720477,-0.000272789,0.000303992,0.000828457,1787445900,-0.000361377,0.000368485,4.44221e-05,1,-0.000361296,0.000373751,3.2212e-05,1,0.000374653,6.86156e-05,0.000393227,1,-0.000332627,0.000321255,6.35697e-06,1
1787446140,0.000901433,4.11798e-06,0.00173628,-7.00083e-05,0.00050772,0.502505,0.000287953,0.000287541,0.0286221,-0.000783878,-0.000600028,-0.000313954,-0.000102517,2.85001e-06,0.000101152,0.000309656,0.00063847,0.000861354,0.000255589,0.000298235,0.000275192,0.00026821,0.000276634,0.000258943,0.000319537,0.000323775,0.000374726,0,0.000350944,0.000376001,0,0.000331787,0.509934,-0.000780766,-0.000300498,0.000316522,0.000876374,1787445900,-0.000334589,0.00030864,1.50121e-05,1,-0.000361106,0.000344659,4.06942e-05,1,-0.000375315,0.000398315,7.32489e-05,1,-0.000339555,0.000354602,2.21796e-05,1
1787446200,-0.000181045,4.5256e-05,8.22822e-05,-0.000325081,0.000518532,0.496261,7.52989e-05,7.65376e-05,0.0439544,-0.000928976,-0.0007474,-0.000405623,-0.00014316,-4.70393e-06,0.000126902,0.000391299,0.000799936,0.00108691,8.3147e-05,6.63035e-05,7.51369e-05,8.99243e-05,7.66227e-05,0.000107593,6.37311e-05,6.86485e-05,-0.000480025,0.000404445,3.2752e-05,-0.000450476,0.000397678,6.36275e-05,0.498985,-0.00089221,-0.000368459,0.000365152,0.00104269,1787446200,-0.000347488,0.000363405,3.33511e-05,1,-0.000331839,0.000316061,0,1,-0.000386827,0.000378412,5.43057e-05,1,-0.000387408,0.000358866,1.05107e-05,1
1787446260,0.000999451,4.93791e-05,0.00113099,-2.88056e-05,0.000513959,0.500985,0.000336536,0.000334897,0.0322031,-0.000773987,-0.000598193,-0.000304402,-0.000104188,1.35653e-06,9.94809e-05,0.000309153,0.000647186,0.000868471,0.000294062,0.000343567,0.000309665,0.000316303,0.000321051,0.000283761,0.000370529,0.00036268,0.000368609,0,0.000340616,-0.000312881,0.000223504,0,0.49922,-0.000672548,-0.000256748,0.000258497,0.000753426,1787446200,-0.000415666,0.000442245,6.97023e-05,1,-0.000335415,0.000343704,5.30309e-05,0,-0.000341852,0.000339929,3.51722e-05,0,-0.000375315,0.000377561,5.89585e-06,0
1787446320,0.000706827,0,0.000977919,0,0.000528061,0.492284,0.000205279,0.000201588,0.0577264,-0.000881621,-0.000709637,-0.000377564,-0.000128607,-9.67974e-06,0.000117499,0.000367505,0.00075616,0.00104039,0.00020112,0.000207437,0.000199395,0.00019905,0.000183749,0.000200966,0.000225454,0.000214784,-0.000448364,0.000339692,2.66046e-05,-0.000410354,0.000322782,3.78131e-05,0.4969,-0.00082442,-0.000338538,0.000338729,0.000974032,1787446200,-0.000300544,0.000290427,1.75765e-05,0,-0.000392064,0.000429964,6.76676e-05,1,0.000366785,2.05435e-05,0.000430382,0,-0.000339677,0.000286004,9.17698e-06,0
1787446380,-0.000373899,-4.92973e-05,0.000345013,-0.000468423,0.000532225,0.490997,0.000104904,0.000106701,0.0642098,-0.000916083,-0.000732734,-0.00038863,-0.000135538,-1.18459e-05,0.000121862,0.000373647,0.000764189,0.00103801,0.000115126,0.000108781,0.000110613,0.00011099,0.000123809,0.000135316,9.2741e-05,0.000102875,-0.000459286,0.000346971,1.4563e-05,-0.000416893,0.000340516,3.41982e-05,0.499481,-0.000844556,-0.000347884,0.000340371,0.000982618,1787446200,-0.000400792,0.00039121,3.33196e-05,1,-0.000314785,0.000294626,8.40762e-06,0,-0.000421264,0.000478357,8.99296e-05,1,-0.000381089,0.000370293,2.18423e-08,0
1787446440,0,1.6438e-05,0.000197239,-0.000246603,0.000529523,0.4969,5.69621e-05,5.72681e-05,0.0489677,-0.000873452,-0.000687478,-0.000355287,-0.000130728,-3.62687e-06,0.00011923,0.000357516,0.000736584,0.000986737,7.0233e-05,4.87831e-05,6.13858e-05,6.45274e-05,5.62541e-05,9.60752e-05,4.82738e-05,5.36871e-05,-0.000427902,0.000327352,0,0.000403603,0,0.000395518,0.502202,-0.000839901,-0.000332289,0.000332019,0.000959436,1787446200,-0.000399039,0.000403959,1.49901e-05,1,-0.000383586,0.000388385,2.32696e-05,1,-0.00035055,0.000333749,1.86856e-05,1,-0.000445939,0.000420945,2.71122e-05,1
1787446500,0.000242434,2.87664e-05,0.000743551,-0.000193167,0.000524201,0.505681,7.78923e-05,7.6611e-05,0.0349059,-0.00074626,-0.000581208,-0.000287459,-9.69167e-05,5.83389e-06,0.00010365,0.000312017,0.000638265,0.000861185,9.56974e-05,7.63656e-05,8.41541e-05,7.81238e-05,6.96107e-05,0.000108154,8.37012e-05,7.57674e-05,0.000362191,0,0.000330346,0.000352093,0,0.000312981,0.50655,-0.00074553,-0.000279046,0.000304047,0.000867457,1787446500,-0.000381632,0.000389045,3.00046e-05,1,-0.000376496,0.000371611,4.56621e-05,1,-0.000415031,0.000425956,5.38538e-05,1,-0.000336041,0.000299624,5.57274e-06,1
1787446560,-0.000345178,4.10854e-06,4.10854e-06,-0.000715143,0.000520064,0.503979,9.85398e-05,0.000100493,0.0271963,-0.000808242,-0.000626442,-0.000324656,-0.000108821,4.61178e-06,0.000111322,0.000336146,0.000692388,0.000942204,0.000109865,0.000100659,0.000101549,0.000103999,0.000113715,0.000118871,9.16043e-05,9.35166e-05,0.000397489,0,0.000376946,0.000406915,0,0.000387354,0.505796,-0.000829088,-0.000326935,0.00034096,0.000965683,1787446500,-0.000347276,0.000346666,3.4332e-05,1,-0.000383431,0.000367836,5.26181e-05,1,-0.000417978,0.000402838,4.46014e-05,1,-0.00041313,0.000373276,1.59834e-05,1
1787446620,-0.000176744,-2.46601e-05,0.000620412,-0.000201409,0.000517146,0.510397,6.75727e-05,6.88426e-05,0.0247842,-0.000769803,-0.000587281,-0.000300075,-9.90078e-05,1.12479e-05,0.000109352,0.000326928,0.000662237,0.000886284,8.17883e-05,6.55771e-05,7.13433e-05,7.20684e-05,7.63161e-05,8.49786e-05,6.08227e-05,6.21527e-05,0.000378424,0,0.000344187,0.000348567,0,0.000307821,0.508806,-0.000736762,-0.000275198,0.000306551,0.000862391,1787446500,-0.000398753,0.000426739,4.72973e-05,1,-0.000345117,0.000346473,3.5496e-05,1,-0.00040936,0.000420445,6.25552e-05,1,-0.000415411,0.000383094,3.05635e-07,1
1787446680,0.00057944,4.93271e-05,0.000776619,4.93271e-05,0.000512558,0.509131,0.000165698,0.000162446,0.0217965,-0.000779201,-0.000594597,-0.000301144,-0.000101341,9.995e-06,0.000108685,0.00032,0.000651962,0.000883669,0.000166292,0.000163555,0.000163492,0.000163391,0.000148686,0.000170023,0.000175726,0.00017204,0.000374528,0,0.000345254,0.000340087,0,0.000321623,0.510708,-0.000736656,-0.000274586,0.000300164,0.000851058,1787446500,-0.000330035,0.000350168,5.3816e-05,1,-0.000369739,0.000396868,8.80942e-05,1,-0.000360169,0.0003408,3.26084e-05,1,-0.000414984,0.000372656,9.20561e-06,1
1787446740,-0.00134432,-8.21666e-06,3.69741e-05,-0.00148832,0.000513981,0.503288,0.000515759,0.000525879,0.0224728,-0.000763982,-0.000589686,-0.000303798,-0.000105579,3.89591e-06,0.000102099,0.000314948,0.000644774,0.000903122,0.000443206,0.000530129,0.000512754,0.000512821,0.000544914,0.000444994,0.000515169,0.000514527,0.000372228,0,0.000354944,0.000331579,0,0.000315326,0.505475,-0.000693754,-0.000268671,0.000284552,0.000811088,1787446500,-0.000315954,0.000359664,6.51263e-05,1,-0.000342958,0.000357778,2.37255e-05,1,-0.000410915,0.000404005,4.15973e-05,1,-0.000379018,0.000344158,0,1
1787446800,-0.000452625,8.63869e-05,8.63869e-05,-0.000884867,0.000543173,0.510849,0.000132395,0.000133059,0.142176,-0.00106985,-0.000834073,-0.000419843,-0.000149091,1.78786e-05,0.000156784,0.000459701,0.000887882,0.00116082,0.000132894,0.00013085,0.000132427,0.000137934,0.000138296,0.000149291,0.000131916,0.000131756,0.000531439,8.41631e-05,0.00059882,0.000546055,0.000141951,0.000619025,0.518003,-0.00108375,-0.00041237,0.000452982,0.00120732,1787446800,-0.000327864,0.000340202,2.65209e-05,0,-0.0003128,0.000365464,7.4973e-05,1,-0.000361908,0.000360417,8.29475e-06,1,-0.000435779,0.000458582,0,1
1787446860,-2.88103e-05,6.5849e-05,0.000362116,-0.000378716,0.000541511,0.511873,5.79882e-05,5.95105e-05,0.121584,-0.000886545,-0.000675198,-0.000334214,-0.000114816,1.51763e-05,0.000132653,0.000380116,0.000748673,0.000986338,7.08512e-05,5.22267e-05,6.62084e-05,6.2634e-05,6.0422e-05,9.88686e-05,4.96121e-05,5.20713e-05,0.000432975,0,0.00031267,0.000416088,0,0.000309049,0.517599,-0.000877661,-0.000313127,0.000375206,0.00101011,1787446800,-0.000466986,0.000495208,3.25514e-05,1,-0.000313467,0.000336715,3.9737e-05,0,-0.000326659,0.000379432,3.69948e-05,1,-0.000359503,0.000364527,1.35329e-05,1
1787446920,-0.000218162,0.000144043,0.000193425,-0.000465196,0.000536084,0.51144,7.88185e-05,7.91819e-05,0.0800972,-0.000836303,-0.000639902,-0.000319483,-0.000104876,1.32712e-05,0.000123026,0.000357864,0.000707225,0.000932174,8.86011e-05,7.45485e-05,8.33518e-05,8.12543e-05,8.25174e-05,0.000105573,7.41937e-05,7.54954e-05,0.000409958,0,0.000294996,0.000411823,0,0.000309528,0.516244,-0.000877616,-0.000317561,0.000366186,0.000999503,1787446800,0.00039045,0,0.000427847,1,0.000497748,1.30533e-05,0.000463864,1,-0.000353967,0.000344275,0,0,-0.000372438,0.000360152,7.99635e-06,1
1787446980,-0.000724805,0,1.64667e-05,-0.00133471,0.000531592,0.507175,0.00021834,0.000219663,0.0613256,-0.00079932,-0.000613089,-0.000304311,-0.000106085,8.20053e-06,0.000109553,0.000334746,0.000676776,0.000891222,0.000208512,0.000221542,0.000210216,0.000214585,0.000223971,0.000210372,0.000224691,0.000224218,0.000386292,0,0.000285086,0.000378873,0,0.000284659,0.510529,-0.000818473,-0.000298163,0.000332119,0.00092265,1787446800,0.000397321,2.17447e-05,0.000415105,1,0.000397241,1.85224e-05,0.000380473,1,0.000497355,0,0.0004979,1,-0.000365367,0.000360449,0,0
1787447040,-0.0010387,1.2359e-05,8.23906e-05,-0.00145944,0.000536139,0.512906,0.000340717,0.000347103,0.0893502,-0.000917881,-0.000712737,-0.000351453,-0.000117053,1.70281e-05,0.000143291,0.000400927,0.000788892,0.00104151,0.000318701,0.000367512,0.000338048,0.000320198,0.00035873,0.000294529,0.00034811,0.000362528,0.000456399,0,0.000363965,0.000451479,0,0.000341815,0.521844,-0.000953375,-0.000340881,0.000402826,0.00108019,1787446800,0.000364591,0,0.000367756,0,-0.000376866,0.000417667,2.58941e-05,0,0.000402461,1.63987e-05,0.000387545,0,0.000433621,8.98211e-05,0.000418488,1
1787447100,0.00140941,4.53628e-05,0.0015,4.53628e-05,0.000550703,0.515003,0.000483624,0.000484297,0.214297,-0.000999195,-0.000767907,-0.000385387,-0.000129636,2.24934e-05,0.000163983,0.000444866,0.000850911,0.00110475,0.000477406,0.000530681,0.000480129,0.000468005,0.000531561,0.000419493,0.000476681,0.000486726,0.000503619,0,0.000370824,0.000455902,0,0.000327893,0.523295,-0.000972804,-0.000341765,0.000412523,0.00108531,1787447100,-0.00040153,0.000421236,2.48671e-05,1,0.000369828,7.805e-06,0.000345825,1,0.000400117,7.38025e-06,0.000397248,1,-0.00040896,0.000394134,0,1
1787447160,-0.000420142,-4.11818e-06,0.000131773,-0.000745668,0.000580463,0.496364,0.000121878,0.000120317,0.401111,-0.0010172,-0.000803813,-0.000411641,-0.000146896,-4.4796e-06,0.000127899,0.000427664,0.000847123,0.00115157,0.000123584,0.000122251,0.000128979,0.00012234,0.000125161,0.000144274,0.000122724,0.000119298,-0.000504867,0.000439295,0,0.000495626,0,0.000436051,0.507645,-0.00101163,-0.000394093,0.000429276,0.00117512,1787447100,0.000412315,0,0.000442991,1,0.000416376,2.13321e-05,0.000385552,1,0.000396564,0,0.000349603,1,0.000428795,1.97921e-05,0.000381447,1
1787447220,-0.000333768,2.88389e-05,2.88389e-05,-0.000486267,0.000577693,0.499762,0.000103879,0.00010318,0.340321,-0.00098358,-0.000767476,-0.000404275,-0.000148584,2.75306e-07,0.00013431,0.000403997,0.000809218,0.00108674,0.000107498,9.81668e-05,0.000112501,0.000105013,0.000106644,0.000128116,0.000104263,9.48647e-05,-0.000485001,0.000353061,0,0.00046681,0,0.000362933,0.510439,-0.000991088,-0.000375166,0.000394703,0.00109912,1787447100,0.000487413,0,0.000473007,1,0.000422416,0,0.000421499,1,0.000400021,3.13918e-05,0.000368256,1,0.000394931,0,0.00036094,1
1787447280,0.000333768,-4.12129e-06,0.000333768,-0.00100197,0.000573831,0.497712,9.86833e-05,0.00010059,0.264228,-0.000897721,-0.000702948,-0.000356595,-0.00013195,-2.49904e-06,0.000119807,0.000371494,0.000748013,0.00101011,0.000111272,9.68733e-05,0.000109265,9.75226e-05,0.000111523,0.000126273,9.79758e-05,9.6149e-05,-0.000438268,0.000267134,0,0.000394807,0,0.000288895,0.507247,-0.000856932,-0.000312544,0.000341452,0.000956129,1787447100,0.000435147,5.97448e-06,0.00041523,1,0.000447961,1.98988e-05,0.000412862,1,0.000422848,0,0.000391412,1,-0.00041131,0.000388638,0,1
1787447340,-0.000148328,0,0.000247164,-0.000148328,0.000570022,0.502038,7.45105e-05,7.36048e-05,0.176426,-0.00098432,-0.00077063,-0.000393811,-0.000142537,3.26891e-06,0.000137653,0.000417091,0.000837851,0.00111978,7.74233e-05,6.62992e-05,7.73315e-05,7.87649e-05,7.38809e-05,9.75312e-05,7.41828e-05,7.03659e-05,0.000488614,0,0.000404931,0.000509778,0,0.00042184,0.514221,-0.00103802,-0.000390192,0.000440217,0.00120447,1787447100,0.000387239,0,0.000358127,1,0.000442348,0,0.000425032,1,-0.00048114,0.000437315,0,1,0.000430913,0,0.000397903,1
1787447400,0.000473747,5.35653e-05,0.00049434,2.47228e-05,0.000564682,0.494238,0.000137818,0.000137598,0.107747,-0.000856499,-0.000667162,-0.00033276,-0.000131943,-6.00188e-06,0.000105594,0.000327949,0.000682522,0.000931397,0.000137148,0.000134856,0.00013515,0.000133853,0.000134779,0.000141602,0.000143167,0.000142067,-0.000397225,0.000244458,0,0.000372631,0,0.00028814,0.505953,-0.000819277,-0.000304041,0.000316955,0.000907916,1787447400,0.000490487,3.26216e-06,0.000507819,1,0.000413183,0,0.000336361,1,0.000486972,0,0.000414369,1,0.000487098,0,0.000427954,1
1787447460,-0.000527315,4.11856e-06,7.82497e-05,-0.000535557,0.000563008,0.497253,0.000152286,0.00015024,0.0559865,-0.000808913,-0.000646208,-0.000317249,-0.000119102,-2.71185e-06,0.000107052,0.000336245,0.000673623,0.000906377,0.000153242,0.000151661,0.000152696,0.000150401,0.000153155,0.000156589,0.00015214,0.00015447,-0.000394133,0.000244165,0,0.000331365,0,0.000279509,0.509945,-0.00071285,-0.000256926,0.000291493,0.00082159,1787447400,0.000385787,0,0.000341962,1,0.000482491,0,0.000467401,1,0.000437852,0,0.000352004,1,0.000475078,0,0.000420372,1
1787447520,0.000251333,2.06035e-05,0.000251333,-0.000441016,0.000562316,0.497109,8.13577e-05,8.31134e-05,0.0524237,-0.000845178,-0.000648467,-0.000327257,-0.000130784,-2.74851e-06,0.00011094,0.000330351,0.000668414,0.000910946,9.73979e-05,8.18237e-05,8.94472e-05,7.79881e-05,8.61793e-05,0.000103568,7.85884e-05,7.9888e-05,-0.000394914,0.000250642,0,0.000350351,0,0.00027322,0.50795,-0.00076831,-0.00028089,0.000305348,0.000862707,1787447400,-0.000342771,0.000299615,0,1,-0.000376905,0.000324267,5.43436e-06,1,0.000502357,0,0.000482377,1,-0.00041945,0.000317166,0,1
1787447580,0.000395413,0,0.000428357,0,0.000557798,0.50269,0.000111951,0.000111108,0.0413604,-0.000823068,-0.000637415,-0.000317692,-0.000119207,3.49106e-06,0.000118611,0.000352596,0.000700397,0.000935238,0.000121229,0.000113038,0.00011316,0.000112246,0.000108457,0.000120609,0.000114104,0.000108212,0.000405415,0,0.000312814,0.000376752,0,0.000314664,0.512395,-0.000797526,-0.000290428,0.000339749,0.000946156,1787447400,-0.000341454,0.000314882,0,1,-0.000346399,0.000294859,0,1,-0.000427067,0.000363044,0,1,0.000506455,0,0.000451315,1
1787447640,0.000564017,-4.11808e-06,0.000778013,-1.23543e-05,0.000555016,0.499466,0.000161579,0.000159865,0.0345046,-0.000728227,-0.000564968,-0.000285101,-0.000108615,7.40254e-08,9.74342e-05,0.000292608,0.000586917,0.000807503,0.000162388,0.000159831,0.000159904,0.000164841,0.00015285,0.000166975,0.000179099,0.000164254,-0.000347428,0.000164655,0,0.000325753,0,0.000260992,0.509042,-0.00069596,-0.000254295,0.000280135,0.000789084,1787447400,0.000385588,0,0.000404537,1,-0.000362101,0.000314129,0,1,-0.000378068,0.000323132,0,1,0.000436771,0,0.000358084,1
1787447700,-0.00070816,-6.99702e-05,2.88098e-05,-0.00070816,0.000555198,0.497839,0.000201809,0.000202302,0.0317668,-0.000856426,-0.000676197,-0.000345344,-0.00013297,-1.90498e-06,0.000113615,0.000348519,0.000685295,0.000931056,0.000203591,0.00021121,0.000202773,0.000211177,0.000212679,0.000207507,0.00019203,0.000200025,-0.000416641,0.000311259,2.50461e-06,0.000423231,0,0.000468296,0.507428,-0.000880605,-0.000349756,0.000362304,0.00102217,1787447700,0.000343312,0,0.000298394,1,-0.000396306,0.000360355,0,1,0.000410423,0,0.000376453,1,-0.000370474,0.000277215,0,1
1787447760,-0.000683933,0,0,-0.000811707,0.000558667,0.500193,0.000202375,0.000201494,0.0335669,-0.000774911,-0.00060017,-0.000310634,-0.000120415,1.23841e-06,0.000102361,0.000315141,0.000631459,0.00085629,0.000196524,0.000200977,0.000195743,0.000209255,0.000197794,0.00019798,0.000206836,0.000203247,0.000375878,0,0.000268165,0.000381503,0,0.000290808,0.508265,-0.000805662,-0.000306518,0.000326672,0.000917615,1787447700,-0.000464496,0.00041128,0,0,-0.000336885,0.000278309,0,1,-0.000425235,0.000400566,2.95053e-05,1,-0.000393635,0.000324884,0,1
1787447820,3.70927e-05,0,0.000243138,-0.00032565,0.000561447,0.503403,5.17861e-05,5.40381e-05,0.0376823,-0.000798862,-0.000613923,-0.000316622,-0.000117782,4.46072e-06,0.000114376,0.000339319,0.000671822,0.000893215,7.19971e-05,5.50716e-05,6.39522e-05,5.00787e-05,6.12803e-05,9.6044e-05,4.32948e-05,4.52005e-05,0.000395451,0,0.000243934,0.000394449,0,0.000281793,0.513538,-0.00083061,-0.000303812,0.000354069,0.000958639,1787447700,-0.000374084,0.000353626,0,1,-0.000423393,0.00039887,0,1,-0.000390831,0.000309681,0,1,-0.000425128,0.000368089,0,1
1787447880,-0.000391603,-4.53357e-05,8.24263e-06,-0.000445203,0.000555829,0.507487,0.000116238,0.000113823,0.0310506,-0.000760715,-0.000585036,-0.000295386,-0.000108483,8.84141e-06,0.000106598,0.00032618,0.000638403,0.000860869,0.000116856,0.000113833,0.000114387,0.000112641,0.000114668,0.000129941,0.000122681,0.00011786,0.000375481,0,0.000223873,0.000396347,0,0.00028199,0.516166,-0.000830445,-0.000302457,0.000356483,0.000965707,1787447700,-0.000391173,0.000351024,0,1,0.00039161,0,0.000378611,1,-0.000417507,0.000446395,6.88709e-06,1,0.000373794,0,0.000309758,1
1787447940,0.000469905,2.47374e-05,0.000618251,-9.89556e-05,0.000553022,0.505676,0.000133776,0.000133266,0.030436,-0.000743929,-0.000574879,-0.000298775,-0.000111212,7.16159e-06,9.85618e-05,0.00030537,0.000611626,0.000827027,0.000136174,0.000133816,0.000133728,0.000132579,0.00013036,0.000140219,0.000132335,0.000137102,0.000363055,0,0.000204823,0.000346492,0,0.000231377,0.509303,-0.000747831,-0.000270634,0.000305795,0.000837649,1787447700,0.00040805,0,0.000404081,1,0.000405863,0,0.000383822,1,0.000447454,0,0.000413635,1,-0.000406429,0.000373997,0,1
1787448000,0.00114498,0,0.00162648,-3.70898e-05,0.000551483,0.500669,0.000407013,0.000407166,0.0279362,-0.00075925,-0.000609218,-0.000316347,-0.00011265,1.19992e-06,0.000105436,0.000328815,0.000642299,0.000865712,0.000351028,0.000399874,0.000381193,0.000416429,0.000392679,0.000339908,0.000420649,0.000416101,0.000388104,0,0.000268273,0.000391346,0,0.00030621,0.513238,-0.000811225,-0.000305908,0.000351004,0.000955324,1787448000,0.00035102,0,0.000322358,0,-0.000393676,0.000381744,1.69963e-05,1,0.000441443,0,0.000424797,1,-0.00042317,0.000383215,0,1
1787448060,-0.000279947,-4.1163e-06,4.11629e-06,-0.000284065,0.000569447,0.493367,9.25115e-05,9.2657e-05,0.0519468,-0.000961821,-0.000772928,-0.000407432,-0.000161464,-8.82835e-06,0.000128468,0.000404687,0.0008021,0.00110548,9.85405e-05,8.79639e-05,9.62085e-05,9.4662e-05,9.55031e-05,0.000120075,8.96083e-05,8.86175e-05,-0.000487659,0.000424358,0,0.000505292,0,0.000493586,0.507435,-0.000998404,-0.000408077,0.000427482,0.00119559,1787448000,0.000397819,0,0.000373392,1,0.000358434,0,0.000325635,1,0.000432836,0,0.000467356,1,0.000421631,0,0.000378644,1
1787448120,0.00119746,3.70563e-05,0.00156752,-5.35282e-05,0.000565113,0.495039,0.000438048,0.000436861,0.0412462,-0.00078365,-0.000627459,-0.000313551,-0.000124582,-4.73268e-06,0.000100766,0.000313856,0.000633242,0.000866906,0.000371203,0.000419852,0.000387469,0.000460977,0.00040849,0.000340277,0.000461823,0.000452553,-0.000376479,0.000217524,0,-0.000323463,0.000243578,0,0.49929,-0.000683837,-0.000262269,0.000269348,0.000788177,1787448000,-0.0004788,0.000496591,0,1,0.000386805,3.59212e-06,0.000354701,0,0.000403817,0,0.00036018,0,0.000449078,0,0.000382527,1
1787448180,-0.000213874,-4.11253e-06,0.000333059,-0.000242668,0.000584503,0.487614,8.36467e-05,8.3835e-05,0.0850997,-0.000992884,-0.000805946,-0.000429555,-0.000167881,-1.84523e-05,0.000132865,0.000422726,0.000871017,0.00120205,8.75655e-05,7.84311e-05,8.92513e-05,8.519e-05,8.94735e-05,0.000110995,7.44148e-05,8.42148e-05,-0.000512445,0.00042945,0,0.000520738,0,0.00051892,0.502248,-0.00100996,-0.000419194,0.000435971,0.00122991,1787448000,-0.000331278,0.000276793,0,1,-0.000452715,0.000488126,0,1,0.000405194,2.1878e-05,0.000398016,1,0.000387805,0,0.00033093,0
1787448240,0.000209761,-2.46807e-05,0.000600376,-2.46807e-05,0.000579418,0.493662,7.96198e-05,8.11456e-05,0.0626725,-0.000898037,-0.000710685,-0.000364585,-0.000147659,-7.62165e-06,0.000118108,0.000367554,0.000741007,0.00101107,9.00402e-05,7.66747e-05,8.56336e-05,7.61646e-05,7.52291e-05,0.000107323,8.14485e-05,7.75509e-05,-0.000439572,0.000316004,0,0.000426885,0,0.000352379,0.50315,-0.000889858,-0.000352603,0.000359254,0.001028,1787448000,-0.000519274,0.000508107,0,1,0.000356162,0,0.000295698,1,-0.000478907,0.000514793,7.57813e-06,1,-0.000413957,0.000362674,0,1
1787448300,-0.000559461,-0.000102819,-4.11262e-05,-0.000806382,0.000574361,0.495441,0.000160213,0.000158745,0.0489879,-0.000871075,-0.000696425,-0.000349459,-0.000136915,-5.49324e-06,0.000120148,0.000367592,0.000739725,0.000998336,0.000162237,0.000160589,0.000161354,0.000159817,0.00016789,0.000162462,0.000153805,0.000163355,-0.000432052,0.000317909,0,0.000422729,0,0.000364926,0.50439,-0.00087603,-0.000342498,0.00036366,0.00103109,1787448300,-0.000434123,0.000425838,0,1,-0.000490693,0.000511389,0,1,-0.000397498,0.000331582,0,1,-0.000489067,0.000444186,0,1
1787448360,0.000127552,-4.52642e-05,0.0003497,-9.46457e-05,0.000574067,0.501923,6.23993e-05,6.38536e-05,0.0452993,-0.000846134,-0.000660099,-0.000343735,-0.0001335,3.23265e-06,0.000121355,0.000361034,0.000717746,0.000962012,7.71428e-05,6.24215e-05,7.1035e-05,6.16964e-05,6.56292e-05,9.88461e-05,5.89177e-05,5.8531e-05,0.000424293,0,0.00030391,0.000414515,0,0.000305394,0.508972,-0.000867546,-0.000325947,0.000364069,0.000996727,1787448300,-0.000440268,0.000415386,0,1,-0.000419254,0.000389719,2.41235e-05,1,-0.000520177,0.000552952,2.67893e-05,1,-0.000361194,0.000272335,0,1
1787448420,-0.000399168,5.34846e-05,5.34846e-05,-0.000493839,0.000568584,0.500728,0.000116731,0.000114905,0.0362247,-0.000795814,-0.000625241,-0.00031517,-0.000120642,1.21851e-06,0.000115251,0.00033287,0.000673069,0.000908792,0.000118294,0.000115949,0.000116359,0.000114753,0.000121804,0.000129014,0.000114988,0.000120149,0.000390685,0,0.000261933,0.000374031,0,0.000284649,0.507889,-0.000786805,-0.000293233,0.000329634,0.000910474,1787448300,0.000404756,0,0.000404129,1,-0.000416937,0.000399675,6.91346e-06,1,-0.000470087,0.000435221,8.03259e-06,1,-0.000521943,0.000468015,0,1
1787448480,-0.000242871,-0.000144069,-1.23479e-05,-0.00039521,0.000565693,0.502513,7.83437e-05,7.78345e-05,0.0333865,-0.000765295,-0.000595796,-0.000309309,-0.000117777,3.64162e-06,0.000107468,0.000317003,0.000641365,0.000870078,9.22448e-05,8.09927e-05,8.54337e-05,7.34077e-05,8.80271e-05,9.95239e-05,7.73427e-05,7.61958e-05,0.000376503,0,0.000224142,0.000333369,0,0.000242807,0.50569,-0.000716762,-0.000259752,0.000295579,0.000814887,1787448300,0.000392418,0,0.000360297,1,0.00040938,0,0.000408574,1,-0.000438309,0.000436702,2.91244e-05,1,-0.000469533,0.000427314,0,1
1787448540,0.000271682,0,0.000288145,-6.17562e-05,0.00056106,0.500821,8.08711e-05,8.25979e-05,0.0302089,-0.000751956,-0.000577353,-0.000293915,-0.000116568,1.58924e-06,0.000105905,0.000318138,0.000626205,0.00085202,0.000100453,8.49937e-05,8.84101e-05,7.76219e-05,8.35223e-05,9.42363e-05,7.94314e-05,8.01368e-05,0.00036932,0,0.000231004,0.000328504,0,0.000242964,0.511527,-0.000706514,-0.000248165,0.000298368,0.000815851,1787448300,-0.000322524,0.000311174,1.2169e-05,1,-0.000370495,0.000354252,9.34684e-06,1,0.000449045,0,0.000454861,1,-0.000456899,0.000380722,0,1
1787448600,0.000802266,-1.64635e-05,0.000802266,-1.64635e-05,0.000556748,0.500615,0.000249152,0.000247203,0.026699,-0.000742463,-0.000582587,-0.000299927,-0.000116477,1.46003e-06,0.000103573,0.000308215,0.000607979,0.000823206,0.000227984,0.000240233,0.000235987,0.000262973,0.000227099,0.000247404,0.000269978,0.000250838,0.000365682,0,0.000286795,0.000334601,0,0.000291416,0.509337,-0.000709908,-0.000260928,0.000293494,0.000785687,1787448600,0.000324073,0,0.000333387,1,0.000337727,0,0.000328519,1,-0.000400466,0.000386539,2.1714e-05,1,0.00043089,0,0.000395355,1
1787448660,-0.000501855,-4.11254e-06,0.000382393,-0.000530658,0.000562709,0.495294,0.000144021,0.000142164,0.0302606,-0.000753756,-0.000595701,-0.000305024,-0.000125248,-5.08401e-06,0.000108663,0.000329372,0.000643662,0.000877271,0.000146205,0.000144349,0.000144623,0.000146508,0.000151422,0.000148457,0.000137556,0.000149067,-0.000382636,0.000264879,0,0.000379562,0,0.000349572,0.506017,-0.000794582,-0.000307281,0.000338107,0.000937079,1787448600,0.000370899,0,0.00033265,1,0.000331841,0,0.000336767,1,0.000378382,0,0.000366027,1,0.000413218,0,0.000362575,1
1787448720,-0.00123102,-4.11461e-06,-4.11461e-06,-0.00123102,0.000561557,0.496028,0.000452705,0.000458265,0.0293657,-0.000806965,-0.000615805,-0.00033117,-0.00013844,-4.02068e-06,0.000111874,0.000328866,0.000666618,0.00090891,0.000393614,0.000454869,0.000441914,0.000468374,0.000455956,0.000366995,0.00045027,0.000450898,-0.0003964,0.000276047,0,0.000407133,0,0.000342455,0.507017,-0.000853426,-0.000331472,0.000351659,0.000975612,1787448600,-0.000366728,0.000357458,0,0,0.000338442,0,0.000316057,1,-0.000348156,0.000357074,2.88494e-05,1,0.000361319,0,0.000341294,1
1787448780,-0.00253268,0,0.000189487,-0.00301189,0.000582535,0.502499,0.00109883,0.00110258,0.0711528,-0.000857407,-0.000653513,-0.000344884,-0.00013307,3.61438e-06,0.000132031,0.000372428,0.000720024,0.00095185,0.00103857,0.00109665,0.00106417,0.00112584,0.00107515,0.000962205,0.00110385,0.00110812,0.000432442,0,0.000270069,0.000453733,0,0.000323806,0.515476,-0.000943502,-0.000348132,0.000410196,0.00106657,1787448600,-0.000374657,0.000397797,1.85645e-05,0,-0.000354418,0.000353136,0,0,0.000343838,0,0.000312799,0,-0.000360783,0.000309046,0,0
1787448840,0.00134964,4.95602e-05,0.00140738,-5.78233e-05,0.000678859,0.51729,0.000380298,0.000379144,0.772853,-0.00149528,-0.00110391,-0.000549432,-0.00019585,4.03747e-05,0.000261479,0.000667356,0.00124123,0.00164832,0.000447666,0.000446592,0.000384645,0.000412451,0.000451664,0.000394776,0.00032655,0.000347418,0.00074102,4.65612e-05,0.000472087,0.000728799,0.000123442,0.00045287,0.532495,-0.00143195,-0.00051327,0.000646536,0.00158401,1787448600,-0.000410098,0.000382729,1.61836e-05,1,-0.000377823,0.000388946,2.8178e-05,0,-0.00037045,0.000324686,0,0,0.000322035,0,0.000292022,0
1787448900,7.4239e-05,6.18663e-05,0.000185587,-0.000453803,0.000698615,0.501594,8.55372e-05,8.98065e-05,0.818847,-0.00132135,-0.0010062,-0.000528617,-0.000196218,3.42345e-06,0.000192756,0.000554602,0.00107979,0.00143579,7.40826e-05,7.47672e-05,0.000109814,7.14419e-05,0.00014404,0.000120089,8.07368e-05,7.38346e-05,0.000652081,0,0.000449798,0.000636374,0,0.000445984,0.512216,-0.00124965,-0.000486124,0.000561874,0.0014215,1787448900,-0.000603325,0.000610595,3.12802e-05,1,0.000426691,0,0.000414831,1,0.000405373,4.54879e-07,0.000391579,0,-0.000362162,0.000311047,0,0
1787448960,0.00025567,4.12415e-05,0.00025567,-0.000235109,0.000691673,0.506441,9.77344e-05,0.000100178,0.731617,-0.00121253,-0.000941775,-0.000487703,-0.0001792,1.22357e-05,0.000185239,0.00050543,0.000958893,0.0012941,9.77244e-05,9.49426e-05,0.000117888,8.93871e-05,0.000150216,0.000116249,8.91172e-05,8.69728e-05,0.000597719,0,0.000398891,0.00058273,0,0.000397554,0.51312,-0.00120411,-0.000456976,0.000509009,0.00132878,1787448900,0.000601297,0,0.000576332,1,0.000598919,0,0.000635937,1,-0.00042668,0.000388298,0,1,-0.00041012,0.000386934,3.77271e-06,0
1787449020,4.12318e-06,0,0.000164914,-0.000334034,0.000685676,0.504038,6.80377e-05,7.17366e-05,0.634986,-0.00110161,-0.000860587,-0.000436135,-0.000161212,6.832e-06,0.000167494,0.000453548,0.000886887,0.00121086,7.0027e-05,6.88979e-05,9.59132e-05,5.76267e-05,0.000114361,9.04224e-05,6.18774e-05,5.4435e-05,0.000535845,0,0.000358548,0.000515658,0,0.000369995,0.507725,-0.00105331,-0.000404388,0.000445409,0.00117528,1787448900,0.000513803,1.39495e-05,0.000486869,1,0.000530432,1.81047e-05,0.000498756,1,-0.000545419,0.000519981,0,1,-0.000407497,0.000352195,8.15576e-07,1
1787449080,6.59685e-05,4.94768e-05,0.00043696,0,0.000678785,0.504924,6.97354e-05,7.29333e-05,0.533811,-0.00109285,-0.000840249,-0.00043012,-0.00015558,8.15796e-06,0.000159023,0.000439021,0.000867193,0.00117961,7.34265e-05,7.12631e-05,9.4508e-05,6.20395e-05,0.000108468,8.00137e-05,6.33932e-05,5.6339e-05,0.000522492,0,0.000357181,0.000524076,0,0.00038196,0.508124,-0.00109504,-0.000414608,0.000454759,0.0012115,1787448900,0.000479601,0,0.000432057,1,0.0004968,9.80156e-06,0.000473511,1,0.000555891,0,0.000511624,1,0.000543317,0,0.000521928,1
1787449140,0.000243221,1.64914e-05,0.000383356,1.64914e-05,0.000672027,0.501806,8.57706e-05,8.73536e-05,0.435525,-0.000976534,-0.000750307,-0.000389341,-0.000146237,3.49426e-06,0.000131537,0.000373629,0.000762732,0.00105305,9.54801e-05,9.05525e-05,0.000105173,7.5707e-05,0.000119781,8.62799e-05,8.21154e-05,7.77577e-05,0.000459959,0,0.000300285,0.000439106,0,0.000360907,0.501132,-0.000938158,-0.000358619,0.000372697,0.00102803,1787448900,0.000482826,0,0.000461358,1,0.000484413,0,0.000402711,1,0.000515331,0,0.000479336,1,0.000551411,0,0.000492049,1
1787449200,-0.00025559,6.18265e-05,0.000502745,-0.000259713,0.000666162,0.503664,8.44769e-05,8.46249e-05,0.355009,-0.000894356,-0.000685432,-0.00035151,-0.000128717,5.42844e-06,0.000121492,0.000337353,0.000699666,0.000974301,9.4372e-05,9.2775e-05,0.000105229,7.43896e-05,0.000102334,7.87389e-05,7.76585e-05,8.17061e-05,0.000415343,0,0.000250231,-0.000319816,0.000219082,0,0.499595,-0.000651729,-0.000231416,0.000252997,0.00070226,1787449200,-0.000433181,0.000400652,1.1047e-06,1,0.000476602,0,0.000459618,1,0.000495297,0,0.000437833,1,0.000512478,0,0.000471025,1
1787449260,-0.00014019,-4.12295e-06,0.000103068,-0.000395881,0.000660456,0.502761,6.80694e-05,6.79366e-05,0.285579,-0.000950972,-0.000716696,-0.000374982,-0.00014375,4.78233e-06,0.00013064,0.00036429,0.000742445,0.00101813,7.66008e-05,7.28634e-05,8.65508e-05,6.07098e-05,9.03053e-05,5.37863e-05,6.56453e-05,6.51657e-05,0.00044511,0,0.000300577,0.000385095,0,0.000348618,0.501711,-0.000829684,-0.000310937,0.000332294,0.000918308,1787449200,-0.000316259,0.000289349,2.62728e-05,1,-0.000410774,0.000366805,8.30965e-05,1,0.000492127,0,0.00047747,1,-0.000476949,0.000387676,0,1
1787449320,-0.00102316,-3.29887e-05,-3.29887e-05,-0.00112223,0.000654119,0.50416,0.000339426,0.000344339,0.225663,-0.000877554,-0.000664215,-0.000338337,-0.00012797,6.01431e-06,0.000121836,0.000346612,0.000703258,0.000962602,0.000313064,0.000319228,0.000306174,0.000374842,0.000277256,0.000397544,0.000347094,0.000350115,0.000411881,0,0.000254901,0.000346802,0,0.00029568,0.504065,-0.000730489,-0.000257317,0.000302087,0.00082294,1787449200,-0.000354427,0.000360383,7.89178e-05,0,-0.000317515,0.000268364,7.21018e-05,0,-0.00046086,0.000371761,2.41949e-05,1,0.000497401,0,0.000466829,1
1787449380,0.000788089,0,0.00109738,0,0.000663514,0.509522,0.000219682,0.000219058,0.157221,-0.00100666,-0.000756226,-0.000387626,-0.000138806,1.4329e-05,0.000156159,0.000411657,0.000792492,0.00106546,0.00022464,0.000222968,0.000223537,0.000237981,0.000243482,0.000227009,0.000215289,0.00022036,0.000482183,0,0.000286624,0.000457752,0,0.000342996,0.508486,-0.00098551,-0.000360484,0.000412022,0.00106547,1787449200,-0.000326114,0.000318953,8.18851e-05,1,-0.000361095,0.000343963,0.000108899,1,-0.000380241,0.000288562,5.78202e-06,1,-0.000493197,0.000393374,0,1
1787449440,0.000577262,4.12449e-06,0.000861648,-4.12458e-05,0.000666234,0.494404,0.000166949,0.000166039,0.0937055,-0.000982801,-0.000763127,-0.000402823,-0.000152238,-7.6911e-06,0.000133551,0.000390517,0.000800276,0.00106564,0.000165648,0.000164357,0.000164856,0.000162892,0.000177775,0.000168305,0.000171138,0.00016837,-0.000477784,0.000254774,0,0.000490818,0,0.000417485,0.505684,-0.0010214,-0.000393597,0.000433745,0.00114057,1787449200,-0.000407727,0.000375941,5.39021e-05,1,-0.000347449,0.000316197,7.2851e-05,1,-0.000414957,0.000372335,3.71507e-05,1,-0.000386305,0.000307004,0,1
1787449500,0.000317352,4.1221e-06,0.000556331,-0.000404049,0.000664571,0.494913,0.000103009,0.00010419,0.0867122,-0.00102287,-0.000804331,-0.00043775,-0.000166211,-6.42425e-06,0.000131619,0.000389491,0.000791905,0.00106762,0.000107703,0.000101701,0.000110409,9.76201e-05,0.000118973,0.00012493,0.000105916,0.000105804,-0.000501968,0.000254808,0,0.000527208,0,0.000540518,0.503211,-0.00108902,-0.000439113,0.000441604,0.00117761,1787449500,-0.000465938,0.000421704,2.96828e-05,1,-0.000425138,0.000366726,3.81062e-05,1,-0.000391345,0.000335564,4.03527e-05,1,-0.000437822,0.000372671,2.25235e-05,1
1787449560,0.00068382,-4.12081e-06,0.00116139,-7.82984e-05,0.000659421,0.499401,0.000197528,0.000195095,0.0873617,-0.000949759,-0.00074397,-0.000394714,-0.000152834,4.99753e-08,0.00013365,0.000380484,0.000778678,0.00104636,0.000195385,0.000193826,0.000194133,0.000192649,0.00019885,0.000196121,0.000212192,0.000198452,-0.000467204,0.000216433,0,0.000497542,0,0.00045658,0.502438,-0.00103113,-0.000406922,0.000421839,0.00115715,1787449500,0.000531669,0,0.000526617,1,-0.000434721,0.000414537,4.53345e-05,1,-0.000463107,0.000380464,0,0,-0.0003998,0.000339914,2.60948e-05,1
1787449620,-0.000593166,2.05897e-05,0.00021823,-0.000828058,0.000659918,0.492366,0.000165381,0.000164472,0.0682495,-0.00100463,-0.000804029,-0.000426126,-0.000167981,-1.07353e-05,0.000133804,0.000399486,0.000832554,0.00111599,0.000171235,0.000170988,0.000171444,0.000169944,0.000167722,0.000170789,0.000157922,0.00015926,-0.000499412,0.000312309,0,0.000524083,0,0.000515685,0.501851,-0.00107259,-0.000433104,0.000443372,0.00121969,1787449500,-0.000455844,0.000452197,4.3639e-05,1,-0.000463728,0.000446134,4.53468e-05,1,-0.000472012,0.000407629,4.93499e-06,1,-0.00044203,0.000380753,7.49859e-06,1
1787449680,-0.000527554,7.82851e-05,0.000119485,-0.000638871,0.000658649,0.499483,0.000150378,0.000148431,0.0520743,-0.000988853,-0.000762475,-0.00040654,-0.000156704,8.28594e-08,0.000138305,0.000396186,0.000820011,0.00107647,0.000152996,0.000152713,0.000153105,0.000151575,0.000145249,0.000160021,0.000153047,0.000144294,-0.00048324,0.000297003,0,0.000481395,0,0.000421619,0.501142,-0.00100884,-0.00039359,0.000411339,0.00112617,1787449500,-0.000479557,0.000473208,3.80196e-05,1,-0.000455333,0.000430375,4.30601e-05,1,0.00048502,0,0.00048858,1,-0.000484192,0.000410433,0,1
1787449740,0.000131915,2.88578e-05,0.00043278,2.88578e-05,0.000656284,0.50086,6.62188e-05,6.74366e-05,0.0455173,-0.000922441,-0.00070707,-0.0003768,-0.000140737,1.97187e-06,0.000127405,0.000373199,0.000755856,0.00100553,7.68919e-05,7.09841e-05,7.80363e-05,6.33648e-05,8.72254e-05,0.000103377,5.8995e-05,6.30209e-05,0.000450511,0,0.000275206,0.000424569,0,0.000335148,0.500031,-0.000893185,-0.000337218,0.000371624,0.00100033,1787449500,-0.000448805,0.000439217,5.74631e-05,1,-0.000457312,0.000447977,5.85033e-05,1,0.000496174,0,0.000514765,1,0.000468376,7.75088e-06,0.000458202,1
1787449800,0.000597521,4.12205e-06,0.000597521,-0.000461778,0.000649956,0.504856,0.000172654,0.000170306,0.0441579,-0.000873492,-0.000678381,-0.000354174,-0.000129745,7.06357e-06,0.000122446,0.000335392,0.000689026,0.000932876,0.000171014,0.000169759,0.000169769,0.000168299,0.000175149,0.00017306,0.000187889,0.000173982,0.000416258,0,0.000255779,0.000386872,0,0.000301546,0.500753,-0.000831195,-0.000308514,0.000327998,0.000896655,1787449800,-0.000416734,0.000368622,5.10076e-05,1,-0.000455906,0.000405648,7.37985e-05,1,-0.000495341,0.000447918,1.7475e-05,1,-0.000500634,0.000438693,1.62626e-05,1
1787449860,-8.65153e-05,-2.47179e-05,0.000247145,-0.000292534,0.000648949,0.503637,6.39479e-05,6.7683e-05,0.0441147,-0.000953688,-0.000746907,-0.000394419,-0.000140963,5.55819e-06,0.000140229,0.000394262,0.0007871,0.00104756,7.35355e-05,6.73616e-05,7.16722e-05,6.54971e-05,8.04441e-05,9.76786e-05,5.6882e-05,5.87859e-05,0.000473229,0,0.000398987,0.000470619,0,0.000428002,0.502673,-0.000985417,-0.000379914,0.000414448,0.00112685,1787449800,0.000399099,0,0.000406768,1,-0.000426306,0.000385814,3.11665e-05,1,-0.000511961,0.000428777,1.17934e-05,1,-0.00050833,0.000437538,1.09005e-05,1
1787449920,0.000638389,4.94383e-05,0.000901864,-8.23995e-06,0.000642543,0.499725,0.000185118,0.000182091,0.0442367,-0.000863405,-0.000680043,-0.000355053,-0.000129153,1.40936e-07,0.000120187,0.000333985,0.000677373,0.000923638,0.000182352,0.000180951,0.000180828,0.000179643,0.000182576,0.000186338,0.000205718,0.000195124,-0.000416031,0.000167358,0,-0.000402643,0.000271056,0,0.498581,-0.000876971,-0.000330321,0.000341053,0.000964057,1787449800,-0.000451819,0.000446206,5.17006e-05,1,-0.000368214,0.000348748,8.1924e-05,1,-0.000475369,0.000408738,0,1,-0.000497075,0.000456683,1.1818e-05,1
1787449980,-0.000238834,0,0,-0.000700191,0.00064246,0.494309,7.97837e-05,8.12756e-05,0.0460434,-0.000878959,-0.000693252,-0.000372433,-0.000140375,-6.87435e-06,0.00011932,0.000347852,0.000717223,0.000961952,9.18311e-05,8.69169e-05,8.85558e-05,8.09593e-05,9.56241e-05,0.000108386,6.62438e-05,7.64199e-05,-0.000435538,0.000214228,0,-0.00042682,0.000303742,0,0.49509,-0.000909037,-0.000355515,0.000361326,0.00102121,1787449800,-0.000391547,0.000394383,3.76097e-05,1,-0.000440227,0.000434489,3.66194e-05,1,-0.000426655,0.000366119,1.44506e-05,1,-0.000457747,0.000408585,1.16676e-05,1
1787450040,8.23659e-06,8.23659e-06,0.000378813,-0.000337759,0.000636899,0.501986,5.40438e-05,5.65701e-05,0.0455878,-0.000862171,-0.000668579,-0.000344623,-0.000133467,3.18818e-06,0.000126277,0.000354197,0.000709096,0.000942574,6.98198e-05,6.12e-05,6.18229e-05,5.40708e-05,7.31331e-05,8.14161e-05,4.74064e-05,4.61242e-05,0.000420291,0,0.000336912,-0.000404201,0.000309072,0,0.498749,-0.000881206,-0.000326206,0.000353982,0.000997558,1787449800,-0.000426963,0.000410492,3.34201e-05,1,-0.000391449,0.000393067,5.3794e-05,1,-0.000473716,0.000427692,1.21046e-05,1,0.000458956,0,0.000422011,1
1787450100,-0.000745686,-4.11829e-06,-4.11829e-06,-0.000914676,0.000630499,0.503325,0.000220622,0.000220692,0.0451957,-0.000852556,-0.000661214,-0.000332375,-0.000125321,4.77931e-06,0.000119084,0.00034681,0.000698188,0.000934378,0.000213647,0.000216261,0.000218291,0.000222135,0.000211657,0.000217702,0.000218684,0.000229101,0.000409084,0,0.000336329,0.000414264,0,0.000384687,0.500813,-0.000905558,-0.000336377,0.000364827,0.00103193,1787450100,-0.000394385,0.000398285,6.12567e-05,1,-0.000410984,0.000407525,4.42489e-05,1,0.00043536,0,0.000450722,1,-0.000473036,0.000450582,6.84875e-06,1
1787450160,-0.00211649,0,3.70915e-05,-0.0026866,0.000633008,0.506918,0.000884049,0.000889099,0.0415848,-0.000876008,-0.000684736,-0.000349025,-0.000129272,9.66118e-06,0.000130267,0.000361465,0.000710914,0.000941849,0.000835377,0.000874976,0.000877032,0.000900537,0.000832557,0.000778211,0.000880105,0.00089446,0.00042767,0,0.000316273,0.000407681,0,0.000329853,0.501669,-0.000905935,-0.000327618,0.000363897,0.000995545,1787450100,-0.000411049,0.00041898,6.39567e-05,0,-0.000412802,0.000386327,3.87834e-05,0,0.000462251,0,0.000463662,0,-0.000460696,0.000421881,6.08404e-07,0
1787450220,-4.13009e-06,0,0.000561533,-0.00045028,0.000694461,0.529122,8.90663e-05,9.25077e-05,0.108177,-0.00133496,-0.00100161,-0.000488838,-0.00015799,6.37741e-05,0.000252934,0.000628299,0.00113976,0.00148156,6.92941e-05,6.85584e-05,8.80182e-05,8.08202e-05,8.85699e-05,0.000106199,9.57001e-05,0.000102811,0.000683229,5.18351e-06,0.000484751,0.00066028,5.45104e-05,0.000474301,0.521367,-0.00136611,-0.000490026,0.000592692,0.00150015,1787450100,-0.000387988,0.000371041,4.5703e-05,0,-0.000409668,0.000408967,7.28181e-05,0,-0.00044898,0.000394487,1.29582e-05,0,-0.000474889,0.000427675,0,0
1787450280,0.000718379,-4.95624e-05,0.000805045,-0.000537057,0.000687482,0.512532,0.000200093,0.00019852,0.0811447,-0.00113873,-0.000870774,-0.000425378,-0.00014962,2.10437e-05,0.000182028,0.000467458,0.000913088,0.00119096,0.000205683,0.000203579,0.000204136,0.000202769,0.000220811,0.000205466,0.00018959,0.000198009,0.000541228,0,0.000296488,0.000564582,0,0.000390085,0.511709,-0.00118968,-0.000434358,0.000507963,0.0013167,1787450100,-0.000578533,0.000563804,5.49288e-05,1,-0.000404122,0.000374047,2.05937e-05,1,-0.000431366,0.00041758,5.05524e-05,0,-0.000443639,0.000417296,7.60807e-06,0
1787450340,-2.47631e-05,4.12705e-05,0.000169198,-0.00040867,0.000688113,0.506266,7.36378e-05,7.6826e-05,0.0707039,-0.00117445,-0.000903431,-0.000466346,-0.000160933,1.06128e-05,0.000178299,0.000477909,0.00091555,0.00122739,6.99131e-05,6.866e-05,8.38151e-05,7.59447e-05,8.26308e-05,9.90893e-05,7.07322e-05,6.58572e-05,0.000567848,0,0.000456678,0.000581245,0,0.000454114,0.505466,-0.00121296,-0.000463352,0.00050629,0.00134166,1787450100,0.000564655,0,0.000593221,1,-0.000589754,0.000521995,3.32077e-05,1,-0.000435195,0.000383461,0,1,-0.000470421,0.000416809,9.42922e-07,0
1787450400,-0.000288948,-2.06364e-05,4.53985e-05,-0.000383906,0.000681206,0.496692,0.000102921,0.000103261,0.0591223,-0.00117814,-0.000957671,-0.000489784,-0.00018317,-5.15331e-06,0.00016149,0.000463839,0.000902468,0.00120973,9.94369e-05,9.8813e-05,0.000107877,0.000110854,9.96604e-05,0.000117679,9.92296e-05,9.54499e-05,-0.000574931,0.00045271,2.1305e-05,0.000600393,0,0.000641172,0.501139,-0.00125598,-0.000486567,0.00050196,0.00135917,1787450400,0.000567536,0,0.000560169,1,0.00052047,1.89531e-05,0.000559819,1,-0.000552096,0.000516487,0,1,-0.000425954,0.000383846,0,1
1787450460,0.000284821,-1.23854e-05,0.000594317,-1.23854e-05,0.000675597,0.502958,9.24565e-05,9.39804e-05,0.0535226,-0.00100194,-0.000789315,-0.000382886,-0.00013769,4.30188e-06,0.000140872,0.000388878,0.000763454,0.0010375,0.000102004,9.64905e-05,0.000103654,9.04541e-05,0.000113394,0.000112703,8.62742e-05,8.75522e-05,0.000463929,0,0.000309784,0.000434174,0,0.000305413,0.500318,-0.000952165,-0.000349495,0.000372,0.00102661,1787450400,0.000566421,0,0.000555372,1,0.000525939,2.48087e-06,0.000515441,1,0.000530875,5.40132e-06,0.000553173,1,-0.000556583,0.000499207,0,1
1787450520,-0.000445843,3.30175e-05,0.00045802,-0.000454101,0.000670019,0.49787,0.000128892,0.000126741,0.0502439,-0.000952922,-0.000756711,-0.000377143,-0.000137798,-2.73114e-06,0.000130864,0.00037653,0.000734423,0.000994508,0.00012998,0.00013004,0.000130425,0.000128286,0.000124987,0.000134137,0.000128427,0.000130352,-0.000452277,0.000237227,0,0.000400282,0,0.000340731,0.501761,-0.000883438,-0.000321351,0.000348109,0.000975078,1787450400,0.000439865,0,0.000396947,1,0.000593103,0,0.000482233,1,0.000559169,0,0.000509694,1,0.00059095,0,0.000531216,1
1787450580,0.000284867,8.67072e-05,0.00065631,-7.43264e-05,0.000666275,0.496632,9.39163e-05,9.53525e-05,0.0485712,-0.00099214,-0.000771819,-0.000398794,-0.000153616,-4.39948e-06,0.000136356,0.000383227,0.000755594,0.00102372,0.000101932,9.54393e-05,9.9755e-05,9.24537e-05,0.000111537,0.000104321,8.8525e-05,9.20307e-05,-0.000471136,0.000296513,0,0.000439156,0,0.000361722,0.502059,-0.000973612,-0.000360694,0.000384365,0.00107009,1787450400,-0.000428789,0.000372325,0,1,0.000450344,0,0.00038265,1,0.000633627,0,0.000613753,1,0.000566567,0,0.000506922,1
1787450640,-0.000879633,-0.000119717,-0.000115588,-0.00094574,0.000660807,0.498532,0.000267097,0.000264835,0.0485655,-0.000921756,-0.000723756,-0.00036644,-0.000135781,-1.80869e-06,0.000130086,0.000366589,0.00073611,0.00100008,0.00025679,0.000264088,0.000259695,0.000279017,0.00023671,0.000261653,0.000267814,0.000269914,-0.000439835,0.000280109,0,0.000406475,0,0.000355683,0.504541,-0.000892666,-0.000324922,0.000365464,0.0010189,1787450400,-0.000450602,0.000409085,2.13658e-05,1,-0.000414612,0.000348777,5.09511e-05,1,0.00049738,0,0.000401735,1,0.000576889,1.90441e-05,0.00051109,1
1787450700,-0.000169408,8.26306e-06,9.91522e-05,-0.00041324,0.000665889,0.508118,7.79691e-05,7.75622e-05,0.0453905,-0.000985833,-0.000762219,-0.00038044,-0.000136073,1.17502e-05,0.000166494,0.00041359,0.000777822,0.00102632,7.94548e-05,7.70527e-05,8.12542e-05,6.54202e-05,8.31375e-05,0.000102445,8.38817e-05,8.33026e-05,0.000480677,0,0.00034235,0.000430584,0,0.000320266,0.508552,-0.00095201,-0.000340618,0.000394576,0.00105563,1787450700,-0.000426898,0.000393051,3.09986e-05,1,-0.000449346,0.00038958,5.30089e-05,1,-0.000471786,0.000367162,0,1,-0.000485869,0.000369545,0,1
1787450760,-9.09136e-05,-5.78532e-05,0.000115696,-0.00102946,0.000659632,0.50171,6.20168e-05,6.43109e-05,0.0451118,-0.000928533,-0.000714885,-0.000352824,-0.000133654,2.20654e-06,0.000139879,0.00037861,0.000728954,0.000983106,7.32429e-05,6.79876e-05,7.15233e-05,5.45501e-05,7.77987e-05,8.86519e-05,6.2107e-05,6.21422e-05,0.000442037,0,0.000301396,0.0004017,0,0.000293335,0.506113,-0.000887401,-0.000310215,0.000366534,0.0009929,1787450700,-0.000427187,0.000361972,2.95359e-06,1,-0.00042284,0.00038914,4.79704e-05,1,-0.000509799,0.000419955,0,1,-0.000494725,0.000388561,0,1
1787450820,-9.50549e-05,0,0.000504053,-0.000264523,0.000653129,0.507303,6.91387e-05,7.08877e-05,0.0467173,-0.000994247,-0.000771202,-0.000385964,-0.000136072,1.04554e-05,0.000163488,0.000426681,0.000808592,0.00109114,7.33151e-05,6.72195e-05,6.86233e-05,6.88434e-05,7.71874e-05,7.30959e-05,7.53095e-05,7.01456e-05,0.000492185,0,0.000409946,0.000490508,0,0.000402621,0.514719,-0.00107531,-0.00038179,0.000459825,0.00123502,1787450700,0.000422526,0,0.000421905,1,-0.000446899,0.00036482,0,1,-0.000460024,0.000408279,1.50885e-06,1,-0.000525883,0.000439563,0,1
1787450880,5.37278e-05,-2.47984e-05,0.000355376,-8.26638e-05,0.000646704,0.49976,5.99465e-05,6.2598e-05,0.0515595,-0.000926743,-0.000724832,-0.000367031,-0.000132515,-6.29855e-07,0.000137782,0.000378916,0.000731332,0.00099288,7.16938e-05,6.40066e-05,6.34254e-05,6.1063e-05,7.96888e-05,5.38721e-05,5.70483e-05,5.36794e-05,-0.000448957,0.00035142,0,0.000434172,0,0.000355906,0.50846,-0.000970201,-0.000351787,0.000392469,0.00108255,1787450700,-0.000471792,0.000474173,4.96503e-05,1,0.000433752,0,0.000415794,1,-0.000478426,0.000371896,0,1,-0.000498352,0.000402793,0,1
1787450940,-0.000496058,-1.23985e-05,0.000367751,-0.000711094,0.000640249,0.495785,0.000143733,0.000140048,0.0533994,-0.000829611,-0.000663147,-0.000329995,-0.000121164,-4.87017e-06,0.00011243,0.000323493,0.000651684,0.000882095,0.000143438,0.000143442,0.000142989,0.000141783,0.000128404,0.000141824,0.000146514,0.000147002,-0.00039296,0.00024491,0,0.000376704,0,0.000287946,0.504534,-0.000844769,-0.000302224,0.000328546,0.000920014,1787450700,-0.000432145,0.000408098,9.12576e-06,1,-0.000480387,0.00045474,1.45201e-05,1,-0.000463471,0.000370052,0,1,-0.000461589,0.000360115,0,1
1787451000,-0.000384615,-2.89443e-05,0.00028113,-0.000525263,0.000637685,0.499394,0.000115486,0.00011081,0.0530295,-0.000938708,-0.000727836,-0.000375741,-0.000137917,-1.10857e-06,0.00014176,0.000389875,0.000764584,0.00101023,0.000114761,0.00011238,0.00011184,0.000111701,0.000108347,0.000111088,0.000124841,0.000118977,-0.000460839,0.000384116,0,0.000404498,0,0.000332579,0.506357,-0.000908573,-0.000326758,0.000365527,0.00101013,1787451000,0.000396305,0,0.000370851,1,-0.000428688,0.000395797,2.99251e-05,1,-0.000469316,0.00043214,7.30903e-06,1,-0.000474296,0.000363097,0,1
1787451060,-0.000198569,-4.13644e-06,0.000388749,-0.000256492,0.000633615,0.496867,7.94061e-05,7.7104e-05,0.0517526,-0.000904891,-0.000705387,-0.000368006,-0.000138052,-4.63584e-06,0.000137516,0.000382409,0.000739611,0.000977554,8.37534e-05,7.81337e-05,7.53506e-05,7.82441e-05,7.93353e-05,6.33068e-05,8.28259e-05,8.24256e-05,-0.000451622,0.000357226,0,0.000385604,0,0.000297602,0.505306,-0.000871326,-0.00030736,0.000349817,0.000963144,1787451000,-0.000405814,0.000387418,3.82591e-05,1,-0.000389379,0.000345646,1.22065e-05,1,-0.000451366,0.00040059,0,1,-0.000503292,0.000437379,0,1
1787451120,0.000781636,0,0.000951117,-4.13727e-06,0.000627875,0.494469,0.000227771,0.000230917,0.0527208,-0.000857488,-0.00066305,-0.000346059,-0.000133441,-7.18713e-06,0.000123557,0.000351763,0.000685742,0.000899788,0.000224272,0.000224011,0.000230767,0.000227936,0.000237464,0.000275953,0.000231974,0.000220266,-0.000419251,0.000306645,0,0.000373664,0,0.000280146,0.503953,-0.000838792,-0.000299377,0.00033501,0.000927826,1787451000,-0.000399893,0.000359651,1.61359e-05,1,-0.000421984,0.000369105,3.93642e-05,1,0.000435065,0,0.000392333,1,-0.000495953,0.000387912,0,1
1787451180,0.000264543,-8.26808e-06,0.000297606,-0.000326641,0.000631318,0.483071,8.74906e-05,9.04648e-05,0.0435442,-0.000873815,-0.000698401,-0.000373058,-0.000142401,-2.0813e-05,0.000104655,0.000352818,0.000707926,0.000940064,9.87002e-05,8.82792e-05,8.67013e-05,8.59335e-05,0.000105164,8.85953e-05,8.81796e-05,8.51967e-05,-0.000438105,0.000370947,0,0.000422506,0,0.000350184,0.501728,-0.000911709,-0.000344969,0.000375439,0.00103597,1787451000,-0.000404538,0.000363536,2.51344e-06,1,-0.000410089,0.000356134,1.70964e-05,1,0.000463411,0,0.000437947,1,0.0004704,0,0.00039457,1
1787451240,-0.00262786,-2.89309e-05,-2.89309e-05,-0.00264858,0.000626091,0.487671,0.00114327,0.0011453,0.0439635,-0.000844756,-0.00067379,-0.000349339,-0.000138593,-1.52514e-05,0.000110957,0.000338638,0.000692376,0.000915266,0.00109131,0.00113625,0.001149,0.00115057,0.00107677,0.00115387,0.0011396,0.00115038,-0.000414412,0.000326626,0,0.000399608,0,0.000321985,0.5018,-0.000875434,-0.000323083,0.000352118,0.000990225,1787451000,0.000460932,0,0.000426828,0,-0.000397991,0.00036168,3.02871e-05,0,0.000446954,0,0.000411244,1,-0.000485087,0.00040245,0,1
1787451300,0.00161892,-1.65754e-05,0.00214419,-6.2159e-05,0.000722678,0.523433,0.000506985,0.000512044,0.277488,-0.00142207,-0.00107099,-0.00053419,-0.000174231,5.24386e-05,0.000268667,0.0006284,0.00111975,0.00146492,0.000584047,0.000572896,0.000497062,0.000569315,0.000567573,0.000471031,0.00044894,0.000472814,0.000708718,0.000108424,0.000613705,0.00073774,2.46204e-05,0.000578147,0.51706,-0.00150885,-0.000560108,0.000627264,0.00161648,1787451300,0.000429352,0,0.000396905,1,-0.000438911,0.000392396,0,1,0.000444355,0,0.000410775,1,0.000469673,0,0.000412898,1
1787451360,0.000579027,3.30963e-05,0.000930415,3.30963e-05,0.000751157,0.496352,0.000165091,0.000166159,0.500513,-0.00141929,-0.0010999,-0.00056078,-0.000210511,-7.04954e-06,0.000191721,0.000576655,0.00110006,0.00153009,0.000168009,0.000165545,0.000175403,0.000164576,0.000194322,0.000197633,0.000164836,0.000163344,-0.00068405,0.000666641,0,0.000714612,0,0.000565368,0.50434,-0.00142123,-0.000562379,0.000615707,0.00164681,1787451300,0.000727126,0,0.000654112,1,0.000435788,0,0.000396378,1,0.000481997,0,0.000407788,1,0.000478701,0,0.000410122,1
1787451420,7.02876e-05,-4.13479e-05,0.000289388,-0.000124049,0.000748102,0.494972,8.08616e-05,8.44442e-05,0.416253,-0.0012551,-0.000985967,-0.000517263,-0.000196294,-8.86847e-06,0.000172453,0.000487553,0.000952307,0.00130269,7.27404e-05,7.81607e-05,0.00010557,6.94212e-05,0.000112261,0.000108024,8.28101e-05,6.87839e-05,-0.000606152,0.000515571,0,0.00061465,0,0.000452726,0.502397,-0.00128424,-0.000509187,0.000516738,0.00141581,1787451300,0.000728484,0,0.000677814,1,0.000707889,0,0.000636127,1,0.000472787,0,0.000403043,1,0.00048766,0,0.000415291,1
1787451480,-0.000194337,4.13441e-06,0.000239768,-0.000198472,0.00074065,0.493908,8.51191e-05,8.41233e-05,0.303889,-0.00112559,-0.000899982,-0.000447035,-0.000169486,-9.42359e-06,0.000148754,0.000425194,0.000872012,0.00121942,8.30806e-05,8.81223e-05,0.000107313,7.51164e-05,0.000104273,0.000105215,8.15904e-05,8.15351e-05,-0.000526399,0.000372003,0,0.000523298,0,0.00038079,0.500959,-0.00111546,-0.00043008,0.000442958,0.00124398,1787451300,0.000630286,0,0.000509965,1,0.000652908,0,0.000593663,1,0.000632898,0,0.000548759,1,-0.000469577,0.000389848,0,1
1787451540,-0.000814971,0,0,-0.000897746,0.000733721,0.494574,0.000232742,0.000227948,0.220529,-0.00110465,-0.000858501,-0.000428166,-0.000162895,-7.2273e-06,0.000134831,0.000410691,0.000824756,0.00112837,0.00023197,0.00023297,0.000233995,0.000247652,0.00021792,0.000234806,0.000240179,0.000229219,-0.000505611,0.00036005,0,0.000510373,0,0.000341483,0.500227,-0.00109674,-0.000420892,0.000432839,0.00120425,1787451300,0.000546343,0,0.000428092,1,-0.000569367,0.000508393,0,1,0.000677449,0,0.000598849,1,0.000584177,0,0.000518969,1
1787451600,-0.000177975,4.13851e-05,0.000277247,-0.000211091,0.000735434,0.501264,8.6772e-05,8.4484e-05,0.187957,-0.00114368,-0.000887896,-0.000445581,-0.00016176,2.06404e-06,0.000165121,0.000470219,0.000887657,0.0011936,8.02875e-05,8.4559e-05,0.000100754,7.3016e-05,9.40705e-05,0.000106421,9.51832e-05,8.62386e-05,0.000552194,0,0.000362419,0.000516375,0,0.00035978,0.50146,-0.00111207,-0.000416695,0.000458758,0.00124609,1787451600,0.00052522,0,0.000421885,1,0.000537329,0,0.000448572,1,0.000654268,0,0.000517505,1,0.000703128,0,0.000579761,1
1787451660,-0.000592099,-3.31152e-05,-3.31152e-05,-0.000911067,0.000728478,0.494994,0.000173651,0.0001672,0.139895,-0.00101484,-0.000769415,-0.000385802,-0.000154105,-6.81537e-06,0.00013506,0.000396761,0.000766754,0.00104406,0.000169893,0.000170886,0.000171431,0.000170972,0.000150039,0.000171246,0.000185481,0.00017489,-0.00047078,0.000270806,0,-0.000421656,0.000291723,0,0.498486,-0.000926037,-0.000334941,0.00036623,0.00101604,1787451600,-0.000531799,0.000448206,0,1,0.000510761,0,0.000435605,1,0.000572956,0,0.000466113,1,0.000642268,0,0.000491548,1
1787451720,-0.000563441,7.45493e-05,0.000165658,-0.00115208,0.000726001,0.503036,0.000170478,0.000162903,0.113891,-0.00106811,-0.000815534,-0.000411729,-0.000151407,4.37317e-06,0.000168894,0.000451508,0.000842698,0.00110637,0.000161684,0.000162733,0.00016302,0.000160474,0.000142675,0.00016426,0.000190188,0.00017631,0.000522156,0,0.000305821,0.000469359,0,0.000322926,0.504366,-0.00103595,-0.000371225,0.000428412,0.0011493,1787451600,0.00045196,0,0.000422972,1,0.00054043,0,0.000493044,1,0.000566895,0,0.000445441,1,-0.000581099,0.000429708,0,1
1787451780,-0.000733778,-2.4865e-05,4.55842e-05,-0.00274302,0.000723108,0.505218,0.000220507,0.000211822,0.0943293,-0.00115685,-0.000894187,-0.000453277,-0.000170323,8.991e-06,0.000203781,0.00049886,0.00094754,0.00122736,0.000208675,0.000209822,0.000209997,0.000208569,0.000184352,0.000209551,0.000240952,0.000232734,0.000576701,0,0.000376974,0.000523269,0,0.000376839,0.506987,-0.00115627,-0.000414752,0.000483194,0.0012893,1787451600,0.000469755,0,0.000470399,1,0.000445674,0,0.000442317,0,-0.000592525,0.000436045,0,1,0.000566806,0,0.000455914,0
1787451840,0.000588723,2.48826e-05,0.000684047,-0.000356719,0.000723323,0.511246,0.000156015,0.000161858,0.08052,-0.00139525,-0.00107153,-0.000537748,-0.000192152,2.39802e-05,0.00025508,0.000625465,0.00117635,0.0015292,0.000171281,0.000168476,0.000169474,0.000172355,0.00019237,0.000170626,0.00014404,0.000145063,0.000707439,4.36364e-06,0.000532202,0.000644458,7.47501e-05,0.000489722,0.514294,-0.00137271,-0.000495349,0.000584956,0.00154488,1787451600,0.000503728,0,0.000522599,1,0.000485529,0,0.000457094,1,0.000510148,0,0.000442659,1,0.000553683,0,0.000468024,1
1787451900,0.000886576,-2.07238e-05,0.00113501,-2.07238e-05,0.000720877,0.490444,0.000246554,0.000250639,0.0635313,-0.0011714,-0.0009075,-0.000480988,-0.000184816,-1.79206e-05,0.000172493,0.000485015,0.000926521,0.00122915,0.000254003,0.000251075,0.000251927,0.000250251,0.000271655,0.000251178,0.000238816,0.000248969,-0.000579975,0.000508734,0,0.000498005,0,0.000377526,0.501719,-0.00109513,-0.00040148,0.000448335,0.0012173,1787451900,0.000570029,6.01309e-05,0.000639005,1,0.000519449,0,0.000489032,1,0.000526419,0,0.000452147,1,0.000523592,0,0.000433111,1
1787451960,0.000211171,0,0.000509219,0,0.000724563,0.485177,9.22619e-05,9.68347e-05,0.0479087,-0.00116988,-0.000924338,-0.000500709,-0.00020441,-2.6418e-05,0.000154705,0.00048806,0.000921687,0.00124634,9.00873e-05,8.8288e-05,9.59587e-05,9.26932e-05,0.000106094,0.000110262,9.44214e-05,8.60399e-05,-0.000594689,0.000567225,0,-0.000524297,0.000496282,0,0.499339,-0.00113917,-0.000438242,0.000461109,0.0012729,1787451900,0.000497642,0,0.000484072,1,0.000584756,1.49468e-05,0.000583033,1,0.00052668,0,0.000479477,1,0.000515721,0,0.000452857,1
1787452020,-0.000144916,2.07006e-05,2.07006e-05,-0.00059222,0.000717902,0.481928,7.25645e-05,7.44451e-05,0.050102,-0.00104948,-0.000831363,-0.000450165,-0.000188692,-2.70318e-05,0.000125419,0.00039932,0.000815603,0.00111756,7.58204e-05,7.70841e-05,8.46612e-05,7.40601e-05,8.48251e-05,0.00010325,7.01729e-05,6.44422e-05,-0.000516659,0.000429228,0,-0.000444298,0.000328008,0,0.494989,-0.000979691,-0.000372749,0.000372083,0.0010664,1787451900,0.000513621,0,0.000471913,1,0.000485448,0,0.000455092,1,0.000554948,2.82364e-05,0.00055527,1,0.000537038,0,0.000486979,1
1787452080,-6.62545e-05,-4.14078e-06,8.2815e-06,-0.000414163,0.000710982,0.488661,6.87405e-05,7.01151e-05,0.0490155,-0.0010453,-0.000810457,-0.000422375,-0.000165538,-1.71718e-05,0.000137119,0.000423671,0.000838831,0.00113452,7.13169e-05,7.16509e-05,7.66181e-05,7.149e-05,7.93466e-05,9.165e-05,6.68542e-05,5.8584e-05,-0.000507745,0.000424958,0,-0.000452687,0.000355215,0,0.498482,-0.000994267,-0.000363624,0.000399999,0.00112362,1787451900,0.000456574,0,0.000397389,1,0.000488782,0,0.000453998,1,0.000515473,0,0.000458263,1,0.00058384,0,0.000545412,1
1787452140,0.00031053,0,0.00031053,-0.000248494,0.000703899,0.486246,9.43197e-05,9.83241e-05,0.0495816,-0.000913966,-0.000715877,-0.000373526,-0.000144659,-1.87536e-05,0.000120409,0.000366355,0.000726071,0.000985268,0.000106659,0.000102557,0.000104418,9.08851e-05,0.000119555,0.00010931,8.56567e-05,9.08677e-05,-0.000444885,0.000306901,0,-0.00040788,0.000298919,0,0.499068,-0.000898356,-0.000316744,0.000361054,0.00101223,1787451900,0.000450486,0,0.000448313,1,0.000445166,0,0.000428442,1,0.000516405,0,0.000437835,1,0.000525145,0,0.000452065,1
1787452200,0.0002318,4.55363e-05,0.000235938,-0.000293966,0.000698207,0.485217,8.3632e-05,8.68903e-05,0.0536476,-0.000945582,-0.000745018,-0.000398371,-0.000147185,-2.11746e-05,0.000124853,0.000375527,0.000742558,0.00100505,9.33767e-05,8.86898e-05,8.91939e-05,8.07345e-05,0.000104959,8.82662e-05,8.12235e-05,7.95409e-05,-0.000466907,0.00034145,0,-0.000439599,0.000325026,0,0.497079,-0.000956615,-0.00035808,0.000384896,0.00105587,1787452200,0.000420064,0,0.000418395,1,0.000475776,0,0.000434612,1,0.000492336,0,0.000426609,1,0.000520413,0,0.00045735,1
1787452260,0.000815011,-5.38058e-05,0.000815011,-5.79449e-05,0.000691966,0.486768,0.000244951,0.000247742,0.0608369,-0.000851057,-0.000663049,-0.000351267,-0.000134671,-1.71528e-05,0.000115251,0.00033387,0.000676432,0.000927199,0.000234132,0.000230941,0.000231003,0.000248574,0.0002429,0.000253383,0.000253784,0.000250568,-0.000413433,0.00027461,0,-0.000357653,0.000270815,0,0.495664,-0.000784762,-0.000274774,0.000307671,0.000881452,1787452200,0.000512687,0,0.00048432,1,0.000437518,0,0.000423197,1,0.000499932,0,0.000461571,1,-0.000506073,0.000399846,0,1
1787452320,0.000367985,-1.24064e-05,0.000413457,-4.96264e-05,0.000694641,0.481792,0.000109165,0.000110099,0.0642153,-0.000859574,-0.000683387,-0.000362782,-0.000140917,-2.33868e-05,0.000107834,0.000332588,0.000686532,0.000926826,0.000116123,0.000110874,0.00011129,0.000104615,0.000123946,0.000125504,0.0001198,0.000105581,-0.000421377,0.00029595,0,-0.000420382,0.000327869,0,0.494097,-0.000905885,-0.000347641,0.000358231,0.00101138,1787452200,0.000367668,0,0.00040276,1,-0.000469594,0.000415479,0,1,0.000470986,0,0.00044854,1,-0.000491175,0.000409082,0,1
1787452380,0.000248004,5.37393e-05,0.000272801,-0.000103353,0.000689626,0.479729,8.26331e-05,8.41962e-05,0.0744332,-0.000828135,-0.000658788,-0.000351957,-0.000138269,-2.55742e-05,0.000103349,0.000309466,0.000637448,0.000865778,9.58108e-05,9.03319e-05,8.97014e-05,7.44971e-05,0.00010161,0.000101022,8.62649e-05,8.09013e-05,-0.000402234,0.000238331,0,-0.000379751,0.000280173,0,0.496107,-0.000814213,-0.000305618,0.000317772,0.000903328,1787452200,0.000424938,0,0.000415365,1,-0.00038574,0.000347331,2.09339e-05,1,0.00047312,0,0.00045758,1,0.000464108,0,0.000412104,1
1787452440,1.65314e-05,7.43891e-05,0.000206623,-0.000165329,0.000683595,0.486317,4.97298e-05,5.24034e-05,0.0858666,-0.00078954,-0.000624377,-0.000322779,-0.000126514,-1.65942e-05,0.000107415,0.000298911,0.000620673,0.000841841,6.95778e-05,6.49483e-05,6.24772e-05,4.50506e-05,7.65863e-05,6.46674e-05,3.92643e-05,4.45502e-05,-0.000376483,0.000205577,0,-0.000376407,0.000251384,0,0.499221,-0.000783638,-0.000294802,0.00031884,0.000902454,1787452200,-0.000383464,0.00034752,0,1,-0.000416891,0.00037321,0,1,0.000428299,0,0.000422625,1,0.000445713,0,0.000405145,1
1787452500,-0.000343082,-7.85265e-05,0.000152902,-0.0005126,0.000676729,0.49411,9.97579e-05,9.64119e-05,0.0925868,-0.000772745,-0.000601808,-0.000307175,-0.000113969,-6.1002e-06,0.000100759,0.000286907,0.000603278,0.000812757,0.000107724,0.00010514,0.000101737,9.86335e-05,0.000109709,0.000101617,9.58379e-05,0.000104224,-0.000359389,0.00019633,0,-0.000375819,0.000254638,0,0.496616,-0.000802937,-0.000300539,0.000319171,0.000916369,1787452500,-0.00037991,0.000346359,0,1,-0.000381294,0.000321325,1.46193e-07,1,0.000471036,0,0.000418506,1,-0.00042894,0.00038243,0,1
1787452560,-0.000293573,-7.44189e-05,1.24026e-05,-0.000492094,0.000671682,0.492602,8.68224e-05,8.57999e-05,0.0746947,-0.000813455,-0.00062203,-0.000337061,-0.000128091,-7.94295e-06,0.000104466,0.00030813,0.000640943,0.000852218,9.93443e-05,9.63486e-05,9.21374e-05,8.66299e-05,9.99494e-05,8.59532e-05,8.66427e-05,8.38646e-05,-0.000391082,0.000271287,0,-0.000410905,0.000304993,0,0.49913,-0.000885758,-0.000334096,0.000357224,0.000997888,1787452500,-0.000376159,0.00036409,1.67223e-05,1,-0.000386405,0.00032938,3.98171e-06,1,-0.000429205,0.000321872,0,1,-0.000451089,0.00038639,0,1
1787452620,0.000665585,4.13536e-05,0.00103746,-0.000297796,0.000666226,0.491728,0.00019442,0.000195649,0.0682053,-0.000781051,-0.000597522,-0.000313511,-0.00012049,-8.79703e-06,0.000100734,0.000304263,0.000612228,0.000823265,0.000192145,0.000188881,0.000188505,0.000194455,0.000194036,0.000209457,0.000204982,0.000201946,-0.000371938,0.00021895,0,-0.000353354,0.000258515,0,0.499042,-0.000765131,-0.000273307,0.000309389,0.000861702,1787452500,-0.000396583,0.000393567,3.42286e-05,1,-0.000380201,0.000355955,3.30948e-05,1,-0.000431635,0.000332486,0,1,-0.000409491,0.000332697,0,1
1787452680,-0.000293464,0,0.00017769,-0.000562204,0.000666213,0.488474,9.27834e-05,9.17767e-05,0.0605885,-0.000915385,-0.00071192,-0.00039646,-0.000146576,-1.57413e-05,0.000123492,0.000362715,0.000754566,0.00100004,9.92722e-05,9.58261e-05,9.18774e-05,9.79728e-05,0.000100856,8.90352e-05,8.65826e-05,9.10813e-05,-0.000459984,0.000364364,0,-0.000459823,0.0003831,0,0.499893,-0.000968545,-0.000378387,0.000406758,0.00112292,1787452500,-0.00034278,0.000336459,4.78464e-05,1,-0.000397264,0.000380027,5.11711e-05,1,-0.000424295,0.000362356,6.06855e-06,1,-0.000413592,0.000344344,0,1
1787452740,-4.13399e-05,-2.89378e-05,9.09418e-05,-0.000219121,0.000660822,0.489532,5.51342e-05,5.66908e-05,0.053839,-0.000850879,-0.000657003,-0.000352756,-0.000142255,-1.30116e-05,0.000113947,0.000331379,0.000685645,0.000914603,6.9441e-05,6.30185e-05,5.69406e-05,6.08703e-05,7.29499e-05,4.53194e-05,4.72043e-05,4.96121e-05,-0.000413746,0.000291671,0,-0.000402846,0.000303467,0,0.49811,-0.000870719,-0.000330093,0.00035023,0.000980375,1787452500,-0.00043574,0.000463585,7.64861e-05,1,-0.000353487,0.000343367,3.78295e-05,1,-0.000440019,0.0003932,8.29333e-06,1,-0.000429499,0.000381138,0,1
1787452800,7.02768e-05,1.65362e-05,0.000400925,1.65362e-05,0.000654206,0.487334,5.08084e-05,5.32799e-05,0.0519888,-0.000770719,-0.000595015,-0.000303489,-0.000115476,-1.41956e-05,0.000100496,0.000295784,0.000617434,0.000825892,7.2192e-05,6.3675e-05,5.60389e-05,5.33838e-05,7.38939e-05,4.10185e-05,4.35289e-05,4.51878e-05,-0.000360776,0.000216274,0,-0.000343681,0.000232441,0,0.49907,-0.000743288,-0.000264776,0.000297957,0.000840544,1787452800,-0.000381643,0.00040164,5.12284e-05,1,-0.000416997,0.000458152,6.70356e-05,1,0.000391424,0,0.000398707,1,-0.000443661,0.0004128,0,1
1787452860,-0.000157096,0,0.000289323,-0.000268732,0.000647708,0.484385,6.12405e-05,5.94989e-05,0.0511064,-0.000771399,-0.000594466,-0.000315678,-0.000120985,-1.58461e-05,8.82223e-05,0.000275019,0.000594356,0.000798886,7.59079e-05,7.10338e-05,6.40998e-05,6.42576e-05,7.65408e-05,5.23082e-05,5.13079e-05,5.95655e-05,-0.000360334,0.000205827,0,-0.000349343,0.000228274,0,0.4973,-0.000762481,-0.00028413,0.000291748,0.000830175,1787452800,-0.000339232,0.000330817,2.60275e-05,1,-0.000386039,0.000403374,4.29282e-05,1,0.000449954,1.37246e-05,0.000483444,1,-0.000393523,0.000368095,0,1
1787452920,-0.000264639,0.000103356,0.000148829,-0.000504528,0.000641583,0.485427,8.09198e-05,7.85388e-05,0.0506433,-0.000782673,-0.000603435,-0.00031984,-0.000125906,-1.57762e-05,9.50476e-05,0.000292696,0.000615678,0.000822484,9.37018e-05,8.83212e-05,8.05563e-05,8.50488e-05,9.33747e-05,7.51829e-05,7.61286e-05,7.83733e-05,-0.000371587,0.000247066,0,-0.000363945,0.000274476,0,0.498654,-0.00080026,-0.000296476,0.000315621,0.000889437,1787452800,-0.000346427,0.000344074,1.92103e-05,1,-0.000343779,0.000347979,2.41118e-05,1,0.000424791,1.57487e-06,0.000432534,1,-0.000469175,0.000482624,1.14993e-05,1
1787452980,0.000177812,0,0.000223294,-8.68499e-05,0.000636236,0.487442,6.53754e-05,6.76659e-05,0.0515879,-0.000752293,-0.000571265,-0.000296729,-0.000120079,-1.27648e-05,9.14282e-05,0.000291175,0.000609281,0.000801453,8.41704e-05,7.2749e-05,6.46191e-05,6.75236e-05,7.74931e-05,5.53272e-05,5.98733e-05,6.41879e-05,-0.000353695,0.000220727,0,0.00033164,0,0.000284535,0.500399,-0.000724158,-0.000258824,0.000294781,0.000821418,1787452800,-0.000347055,0.000350734,4.65959e-05,1,-0.000327105,0.000333139,8.10162e-05,1,-0.000366342,0.000352769,1.98191e-05,1,-0.000430924,0.000435871,1.38826e-05,1
1787453040,0.000103365,-4.1348e-06,0.000103365,-0.000157135,0.000630343,0.485188,4.925e-05,5.08748e-05,0.0483486,-0.000674798,-0.000521494,-0.000262384,-0.000103951,-1.34496e-05,7.98764e-05,0.000246233,0.000534271,0.000719532,7.39714e-05,6.21927e-05,5.09315e-05,4.86798e-05,6.70073e-05,4.27771e-05,4.37909e-05,4.79046e-05,-0.000307983,0.000148725,0,-0.000276063,0.000198178,0,0.499813,-0.000582823,-0.000193758,0.000231317,0.000649463,1787452800,-0.0003062,0.000310722,7.86316e-05,1,-0.000344574,0.000346887,6.50231e-05,1,0.000376112,0,0.00039629,1,-0.000385018,0.000339441,4.57326e-06,1
1787453100,0.000219097,2.06716e-05,0.000347227,-0.000430067,0.000624179,0.493857,6.99019e-05,7.08728e-05,0.0446471,-0.000725018,-0.000559044,-0.00028448,-0.000100737,-6.35415e-06,9.56196e-05,0.000265365,0.000561746,0.000746354,9.09705e-05,7.84082e-05,6.88484e-05,6.96313e-05,7.69471e-05,6.24346e-05,6.79253e-05,6.82852e-05,-0.000332598,0.000226842,3.67654e-05,-0.00029126,0.000204722,1.02102e-06,0.497982,-0.000637117,-0.000220084,0.000245866,0.000689878,1787453100,-0.000275265,0.000256987,3.3825e-05,1,-0.000324549,0.00032808,4.34196e-05,1,-0.000379102,0.000358985,2.37211e-05,1,-0.000408156,0.000374463,0,1
1787453160,-4.13355e-05,-4.13347e-06,-4.13347e-06,-0.000384486,0.000618682,0.492754,4.80896e-05,4.8832e-05,0.0402362,-0.000734502,-0.000560102,-0.000292946,-0.000112602,-8.12687e-06,0.000104306,0.000278639,0.000607973,0.000793837,6.92704e-05,5.72124e-05,4.43291e-05,5.44335e-05,6.05027e-05,3.67124e-05,4.21845e-05,4.44113e-05,-0.00034546,0.000286024,5.04897e-05,-0.000344168,0.000258571,0,0.497441,-0.000754678,-0.000278351,0.0003006,0.000856925,1787453100,-0.00032001,0.000277151,2.79578e-05,1,-0.000280366,0.000257098,4.13827e-05,1,-0.000352933,0.000342981,1.88652e-05,1,-0.000399259,0.000364871,3.44243e-06,1
1787453220,0.000528965,4.13362e-06,0.000623984,-0.000181896,0.000612492,0.496187,0.00015018,0.000150799,0.0374295,-0.000665173,-0.000507518,-0.000249949,-9.26247e-05,-3.97987e-06,9.28818e-05,0.000246801,0.000544315,0.000712867,0.000154263,0.000150447,0.000150516,0.000148943,0.000140207,0.000161222,0.000158637,0.000150742,-0.000298632,0.000212706,4.02687e-05,-0.000292168,0.000201147,0,0.495883,-0.000646652,-0.000221499,0.000247812,0.000721466,1787453100,-0.000330284,0.000353398,8.55702e-05,1,-0.0003079,0.000284587,2.28841e-05,1,-0.000310758,0.000263999,9.56769e-06,1,-0.000357582,0.000332202,2.96111e-05,1
1787453280,0.000264378,4.13136e-05,0.000363501,-0.000115687,0.000610934,0.48711,7.99014e-05,7.98946e-05,0.0344939,-0.000707562,-0.000548462,-0.000292398,-0.000112106,-1.35588e-05,9.40706e-05,0.000269456,0.000586171,0.000760017,9.8066e-05,8.46231e-05,7.60559e-05,8.16341e-05,7.51242e-05,7.54952e-05,8.90901e-05,8.06052e-05,-0.00034089,0.000277235,6.94522e-05,-0.000349698,0.000259438,0,0.495471,-0.000761042,-0.000288153,0.000299865,0.000855091,1787453100,-0.000285098,0.000292361,6.60931e-05,1,-0.000339818,0.000349648,6.5784e-05,1,-0.000310001,0.000295722,2.16694e-05,1,-0.000315515,0.000270294,5.79577e-06,1
1787453340,-0.000338746,4.13035e-06,0.000293212,-0.000338746,0.000605948,0.488948,9.64639e-05,9.46595e-05,0.0307478,-0.000706324,-0.000532288,-0.000271836,-0.000108379,-1.09486e-05,9.03338e-05,0.000250477,0.000555161,0.000732691,0.000106424,9.88404e-05,9.76785e-05,9.75986e-05,0.000113742,9.59288e-05,9.13103e-05,9.61287e-05,-0.000317254,0.000258999,6.09123e-05,-0.000321721,0.000242626,0,0.497566,-0.000709707,-0.00026058,0.000274978,0.000794093,1787453100,-0.000342443,0.000337097,5.19977e-05,1,-0.000307811,0.000293073,3.93251e-05,1,0.00037258,8.34582e-07,0.000416983,1,-0.000300869,0.00029377,8.21473e-06,1
1787453400,-0.000727453,1.65269e-05,0.000132207,-0.000843233,0.000601768,0.487796,0.000224124,0.000225598,0.0290474,-0.000707568,-0.00053283,-0.000280928,-0.00011061,-1.19955e-05,8.86974e-05,0.000252543,0.000561596,0.000737348,0.000207148,0.000217303,0.000240009,0.000221314,0.000235155,0.000254943,0.000220678,0.000226481,-0.000325011,0.0002613,3.93758e-05,-0.000335534,0.000234246,0,0.494121,-0.000747044,-0.000281554,0.000278061,0.000809657,1787453400,-0.000313913,0.000308409,3.29291e-05,0,-0.000339774,0.000325003,5.04071e-05,1,0.000339121,0,0.000369432,1,-0.000390128,0.000382486,2.90695e-05,1
1787453460,-0.000243981,0,0,-0.000330836,0.000604538,0.495755,7.88603e-05,7.71004e-05,0.0372761,-0.000801239,-0.000594044,-0.000314676,-0.000116029,-4.84948e-06,0.000109449,0.000299529,0.000621233,0.000821083,9.02763e-05,8.11183e-05,7.52003e-05,8.05155e-05,8.48501e-05,7.55361e-05,8.02944e-05,7.62546e-05,-0.000370673,0.000350489,1.16112e-05,0.000379481,0,0.000310575,0.501246,-0.000850221,-0.000307913,0.000334883,0.000922054,1787453400,-0.00032176,0.0003168,4.18325e-05,0,-0.0003165,0.000292664,4.2792e-05,0,-0.00038151,0.000338161,1.35662e-05,1,-0.000347282,0.000323199,1.53399e-05,1
1787453520,0.000653238,9.09828e-05,0.00225971,-0.0004178,0.000599456,0.495109,0.000195401,0.000197505,0.0331216,-0.0007089,-0.00053038,-0.000266653,-9.76528e-05,-4.71339e-06,9.14757e-05,0.000257176,0.000548884,0.000728263,0.000189006,0.000185189,0.000193843,0.00019576,0.000179698,0.00020374,0.00020015,0.000198824,-0.000315812,0.000217633,0,-0.000300871,0.00020279,0,0.496228,-0.000680027,-0.000232909,0.00025823,0.000722255,1787453400,-0.000350241,0.000342241,4.94546e-05,1,-0.000326551,0.000312245,5.70295e-05,1,-0.000347883,0.000295831,1.01672e-05,1,-0.000384379,0.00035317,7.48018e-06,1
1787453580,-0.00114965,-4.9598e-05,0.000318196,-0.00114965,0.000600578,0.491561,0.000372412,0.00037681,0.0338207,-0.00102163,-0.000782779,-0.000421753,-0.00015907,-1.33261e-05,0.000146986,0.000425966,0.000879541,0.00116158,0.000360737,0.000412721,0.000432867,0.000334593,0.000422705,0.000395808,0.000354004,0.000403096,-0.000508956,0.000546376,8.47555e-05,0.000511676,1.32678e-05,0.000533809,0.50168,-0.00107044,-0.000416534,0.000434081,0.00120777,1787453400,-0.000297987,0.000254575,1.38446e-05,1,-0.000359012,0.000339941,3.5117e-05,1,0.000376664,0,0.000379442,1,-0.000353782,0.000305918,2.55209e-06,0
1787453640,-4.96551e-05,4.13781e-06,0.000235828,-0.000339359,0.000616372,0.496397,6.91113e-05,6.9981e-05,0.0707143,-0.00108607,-0.000796928,-0.000418485,-0.000161994,-5.55817e-06,0.000151053,0.000417607,0.0008485,0.00109386,6.96755e-05,5.79022e-05,6.02701e-05,7.53073e-05,6.59713e-05,0.000101006,7.37585e-05,6.56617e-05,-0.000501789,0.000528139,0,0.00046306,0,0.000370651,0.505825,-0.0010229,-0.000376969,0.00039997,0.00108516,1787453400,-0.000450231,0.000515677,0.00011386,1,0.000304806,0,0.000299845,1,-0.000384897,0.000351994,0,1,-0.000385189,0.000342883,2.42972e-06,1
1787453700,-0.000269008,-0.000115871,0.000355807,-0.000269008,0.000610218,0.486007,8.79506e-05,8.56115e-05,0.0564254,-0.000925618,-0.000685547,-0.000346805,-0.00013121,-1.88105e-05,0.000118061,0.000346688,0.000726579,0.000940622,9.43324e-05,8.61304e-05,8.65151e-05,9.18863e-05,8.85325e-05,0.000114952,8.74935e-05,8.39494e-05,-0.000416115,0.000334598,0,0.000394718,0,0.000304001,0.501858,-0.000883242,-0.000316556,0.000346654,0.000958559,1787453700,-0.000401243,0.000418819,2.94626e-05,1,-0.000420247,0.000502577,9.36351e-05,1,-0.000341321,0.000273927,0,1,-0.000383755,0.000350362,0,1
1787453760,0.000364178,0.000140721,0.000645498,-4.13915e-06,0.000605281,0.492484,0.00010527,0.000107375,0.0497906,-0.000955397,-0.000698292,-0.000357339,-0.000135263,-9.28157e-06,0.000116636,0.000342912,0.000710234,0.000927855,0.000115254,0.000104798,0.000104577,0.000107655,0.000108142,0.000126605,0.000109998,0.000101983,-0.000422284,0.00036776,0,0.000390559,0,0.000299138,0.500595,-0.000886245,-0.000325066,0.000332309,0.000927104,1787453700,0.00038059,0,0.000401493,1,0.000406017,0,0.00043366,1,-0.000428811,0.0004908,5.70738e-05,1,0.000331528,0,0.000303843,1
1787453820,-2.89639e-05,4.13763e-06,0.000314411,-2.89639e-05,0.000601407,0.488897,5.6916e-05,5.7357e-05,0.0430685,-0.000905343,-0.000685238,-0.000357839,-0.00013479,-1.46094e-05,0.000119376,0.000345128,0.000710338,0.000936058,6.85293e-05,5.47805e-05,5.34959e-05,6.50655e-05,5.99508e-05,8.15846e-05,5.57885e-05,5.02123e-05,-0.000423624,0.000372044,1.12852e-05,0.00039438,0,0.000333756,0.500623,-0.000861665,-0.000325679,0.000336058,0.000948088,1787453700,0.000375446,0,0.000382952,1,0.000375445,7.04064e-06,0.000383567,1,0.000421519,0,0.000397877,1,0.000487192,4.85852e-06,0.000490171,1
1787453880,-0.000198632,-8.27554e-06,0.000157222,-0.000198632,0.000595377,0.478989,6.81405e-05,6.5587e-05,0.0368781,-0.000799281,-0.000603656,-0.000305794,-0.000120271,-2.33769e-05,9.02633e-05,0.000260472,0.000582682,0.000798323,8.2561e-05,7.29091e-05,7.07644e-05,6.85567e-05,7.47774e-05,8.20436e-05,6.33352e-05,6.69337e-05,-0.00034708,0.000259751,0,-0.000342726,0.000223909,0,0.499385,-0.000779262,-0.000287842,0.000285052,0.000829275,1787453700,0.000382477,0,0.000390488,1,-0.000352531,0.000350899,6.07958e-05,1,0.000393597,0,0.000396569,1,-0.000428424,0.000398873,0,1
1787453940,0.000157254,-3.72479e-05,0.000401361,-8.69139e-05,0.000590062,0.475874,6.14849e-05,6.32682e-05,0.033197,-0.000773278,-0.000568984,-0.00028932,-0.000116072,-2.52778e-05,8.18585e-05,0.000245687,0.000554704,0.000775925,8.06939e-05,6.52083e-05,6.21971e-05,5.84733e-05,6.77982e-05,6.37779e-05,6.08646e-05,6.18112e-05,-0.000328374,0.000217414,0,-0.000276201,0.000187189,0,0.493122,-0.000628473,-0.000221079,0.000221313,0.000669592,1787453700,0.000333434,0,0.000322318,1,-0.000367035,0.000367009,2.12914e-05,1,0.000398904,0,0.000386269,1,0.000422374,0,0.000394865,1
1787454000,8.27582e-06,4.13792e-06,0.00031857,-9.51768e-05,0.000584555,0.477369,5.33285e-05,5.51471e-05,0.0288457,-0.000879882,-0.000675719,-0.000343643,-0.000140671,-2.82745e-05,9.90002e-05,0.000303398,0.000648813,0.000879459,6.86592e-05,5.14685e-05,4.66369e-05,5.93036e-05,5.41676e-05,4.03066e-05,5.97262e-05,4.58247e-05,-0.000394496,0.000407612,0.000131568,-0.000362772,0.000345963,9.89072e-05,0.496199,-0.000829747,-0.000308648,0.000312611,0.000889727,1787454000,-0.000277845,0.000256773,2.19648e-05,1,-0.000319651,0.000328001,3.05428e-05,1,0.000406502,0,0.000391071,1,0.000431498,0,0.00037489,1
1787454060,-0.000231749,0,0.000380614,-0.000364201,0.000578681,0.481363,7.11309e-05,6.85461e-05,0.0250818,-0.000744847,-0.000551831,-0.000269565,-0.000105152,-1.74589e-05,7.85352e-05,0.00023705,0.000532917,0.000746554,8.79818e-05,7.66931e-05,7.20653e-05,7.13538e-05,7.79085e-05,6.64733e-05,6.44363e-05,7.34253e-05,-0.000309541,0.000201559,0,-0.000292155,0.00019801,0,0.497577,-0.000678036,-0.000238709,0.000243891,0.000738866,1787454000,-0.000358678,0.0003488,2.37673e-05,1,-0.000288467,0.000267597,2.75832e-05,1,0.0003598,0,0.000339156,1,0.000426184,0,0.000390765,1
1787454120,0.00028554,2.48328e-05,0.000682677,-4.13894e-05,0.000573802,0.481775,8.51291e-05,8.708e-05,0.0233414,-0.000771586,-0.000573227,-0.000282093,-0.000117119,-1.89572e-05,8.73557e-05,0.000263933,0.000582641,0.000784347,0.000102017,8.49363e-05,8.21019e-05,8.47762e-05,8.5878e-05,8.11336e-05,9.01289e-05,8.69879e-05,-0.000331078,0.000268606,8.69758e-06,-0.000303399,0.000238673,0,0.498807,-0.000709749,-0.000249717,0.000262535,0.000779789,1787454000,-0.000299726,0.000305635,3.07566e-05,1,0.000370465,0,0.000374939,1,-0.000336971,0.000291424,0,1,-0.00039648,0.000334355,0,1
1787454180,-0.000306234,1.24129e-05,0.00048399,-0.000339346,0.000569468,0.481273,8.8352e-05,8.52768e-05,0.0223924,-0.000765338,-0.000575074,-0.000284902,-0.000115809,-1.89989e-05,8.47326e-05,0.000270641,0.000581421,0.000781946,0.000100358,8.92369e-05,8.86094e-05,8.93343e-05,8.9518e-05,8.68232e-05,8.36552e-05,9.18033e-05,-0.000335852,0.000278453,2.39518e-05,-0.00031373,0.000242274,0,0.4997,-0.00072333,-0.000259907,0.000271945,0.000803063,1787454000,-0.000298968,0.00031452,5.52946e-05,1,-0.000300068,0.000288892,6.73744e-05,1,0.00041618,0,0.000444656,1,-0.000349655,0.00028212,0,1
1787454240,-5.38076e-05,-3.3112e-05,0.000144852,-0.000351871,0.000565406,0.484085,4.99985e-05,4.97597e-05,0.0221214,-0.000779014,-0.000579394,-0.000299564,-0.00012777,-1.74536e-05,9.44754e-05,0.000279253,0.000596284,0.000790794,6.94093e-05,5.13335e-05,4.4425e-05,5.73434e-05,5.31447e-05,3.79169e-05,4.86024e-05,4.62372e-05,-0.000350911,0.0003073,1.42272e-05,0.000324123,0,0.000298355,0.501021,-0.000762898,-0.000271432,0.000282948,0.000831579,1787454000,-0.000314518,0.00032088,3.55452e-05,1,-0.000310444,0.000306342,6.02597e-05,1,-0.00034766,0.000314778,1.23281e-05,1,0.00039715,7.94207e-06,0.000348481,1
1787454300,1.24174e-05,4.13915e-06,8.69186e-05,-0.00024424,0.000559775,0.483113,4.34393e-05,4.4932e-05,0.0205888,-0.000719139,-0.000531275,-0.000262666,-0.000105375,-1.70876e-05,8.63373e-05,0.000263273,0.000555166,0.000737301,6.84817e-05,4.85066e-05,4.06602e-05,5.03436e-05,4.99805e-05,3.51595e-05,3.98655e-05,3.85231e-05,-0.000315638,0.000255368,9.41365e-06,0.000297797,0,0.000262879,0.50424,-0.000693739,-0.0002359,0.000266386,0.000782171,1787454300,-0.000313033,0.000326791,3.59838e-05,1,-0.000311992,0.000307906,5.19e-05,1,-0.000349764,0.000337067,9.85414e-06,1,-0.000386048,0.000339138,0,1
1787454360,-0.000418137,0,0.000103472,-0.000459546,0.000554152,0.482249,0.000122053,0.000118408,0.0188368,-0.000667231,-0.000495109,-0.000232128,-9.04501e-05,-1.49632e-05,7.15495e-05,0.00023273,0.000520747,0.000688572,0.000120386,0.000120164,0.000119371,0.00011943,0.000118038,0.000118106,0.000123171,0.000126529,-0.000279001,0.000208245,1.10189e-05,0.000272729,0,0.000225458,0.502666,-0.000631553,-0.000210214,0.000239065,0.00070973,1787454300,-0.000298422,0.000303336,3.33223e-05,1,-0.000318996,0.000307264,5.21026e-05,1,-0.000352402,0.000326799,1.62291e-06,1,-0.000380641,0.000339586,0,1
1787454420,-2.48453e-05,-3.72682e-05,0.000285677,-6.62556e-05,0.00055176,0.47908,4.22802e-05,4.14281e-05,0.0198601,-0.000705705,-0.000518164,-0.000258077,-0.000102516,-1.82468e-05,7.11827e-05,0.000238127,0.000534758,0.000708914,6.77069e-05,4.80311e-05,4.03544e-05,4.77865e-05,4.9207e-05,3.63973e-05,4.03133e-05,3.63868e-05,-0.000301456,0.000242631,0,0.000289484,0,0.000234183,0.50023,-0.00067586,-0.000234635,0.000252062,0.000739036,1787454300,0.000284078,0,0.000302379,1,-0.000312557,0.000298997,2.34677e-05,1,-0.000353384,0.000325732,0,1,-0.000384429,0.00033649,0,1
1787454480,-0.000666914,0,0,-0.000708352,0.000546226,0.473707,0.000208096,0.000206802,0.018029,-0.00065338,-0.00048426,-0.000235721,-9.42886e-05,-2.19308e-05,6.36628e-05,0.000213989,0.000488578,0.000663142,0.000189372,0.000201728,0.00021962,0.000205979,0.000193889,0.000227665,0.000204562,0.000215639,-0.000274,0.000200272,0,0.000275332,0,0.000224914,0.502671,-0.000647595,-0.00022118,0.000236111,0.000703098,1787454300,-0.000292464,0.000272597,9.73273e-06,1,-0.000297954,0.00027816,1.06905e-05,0,-0.000333485,0.000307645,5.53669e-06,1,-0.000382794,0.000332463,0,1
1787454540,0.000256877,0,0.000256877,-0.000190629,0.0005489,0.485215,7.39992e-05,7.67188e-05,0.0243435,-0.000720149,-0.000517217,-0.000260086,-9.82169e-05,-1.396e-05,8.2657e-05,0.00025474,0.000540167,0.000717856,9.70152e-05,7.80175e-05,7.43225e-05,7.41309e-05,8.25049e-05,7.45503e-05,7.17343e-05,7.40151e-05,-0.000309782,0.000251943,0,0.000311928,0,0.000230431,0.503743,-0.000727928,-0.000251204,0.000278272,0.000788087,1787454300,0.000286955,0,0.000287442,1,-0.000307005,0.000277766,0,1,0.000328093,0,0.000318169,1,-0.00036171,0.000306324,0,1
1787454600,-5.38558e-05,4.97104e-05,0.000265094,-0.000459939,0.000544596,0.477872,4.24563e-05,4.14881e-05,0.021342,-0.000671499,-0.000494601,-0.000240063,-9.02259e-05,-1.99629e-05,7.24313e-05,0.000247186,0.000514335,0.000702064,6.92846e-05,4.89278e-05,4.36611e-05,4.37352e-05,5.00993e-05,3.97504e-05,4.014e-05,4.18846e-05,-0.000293143,0.00022004,0,0.000299739,0,0.000231825,0.506856,-0.000683185,-0.000232086,0.000272967,0.000771356,1787454600,-0.000310416,0.00028503,0,1,-0.00028241,0.000274104,3.40552e-05,1,0.000343849,0,0.00029615,1,-0.00034655,0.000306826,0,1
1787454660,-0.000116007,-1.24287e-05,0.000298242,-0.000335628,0.000539176,0.477994,5.28426e-05,4.9296e-05,0.0186145,-0.000718603,-0.000523589,-0.000257197,-9.64842e-05,-2.16918e-05,7.90359e-05,0.000252029,0.000543426,0.000736747,7.26521e-05,5.37127e-05,4.89891e-05,5.60683e-05,5.28688e-05,4.53601e-05,5.28367e-05,5.16893e-05,-0.000306432,0.000253018,0,0.000344955,0,0.000278654,0.506345,-0.00077618,-0.000279479,0.000305129,0.000873146,1787454600,0.000317148,0,0.000296958,1,0.000325332,0,0.00030386,1,0.000318221,0,0.000306227,1,-0.000345237,0.00029138,0,1
1787454720,0.000318987,-4.14335e-06,0.00050536,-4.97214e-05,0.00053401,0.473248,9.22729e-05,9.56312e-05,0.0170054,-0.000708164,-0.000520498,-0.000252768,-0.000100823,-2.55683e-05,7.21414e-05,0.000249575,0.000534024,0.000730291,0.000107269,9.20378e-05,9.13149e-05,9.14432e-05,9.57717e-05,9.025e-05,9.3909e-05,9.16901e-05,-0.000301987,0.000271319,0,0.000322881,0,0.000269849,0.505896,-0.00073549,-0.000262524,0.000286315,0.000829178,1787454600,0.000346237,1.05807e-05,0.00035386,1,0.000318438,0,0.000284378,1,0.000356892,0,0.000290076,1,0.000360095,0,0.000301974,1
1787454780,0.000894277,4.14194e-05,0.000894277,4.14194e-05,0.000530564,0.469189,0.000310702,0.000317594,0.0172091,-0.000686195,-0.000511826,-0.000251156,-9.81898e-05,-2.85679e-05,6.62749e-05,0.000246417,0.000519858,0.000710837,0.000260171,0.000299893,0.000321045,0.000296801,0.00031203,0.000340214,0.000316577,0.000317376,-0.000299347,0.000271456,6.08342e-06,0.000304813,0,0.000255763,0.502887,-0.000695183,-0.000248562,0.000268369,0.000778304,1787454600,0.000327693,0,0.000330299,0,0.000349653,0,0.000347977,1,0.000336025,0,0.000288813,1,0.000347942,0,0.000299923,1
1787454840,0.000169657,0,0.000467521,-5.79381e-05,0.000540243,0.471809,6.50192e-05,6.6802e-05,0.0389,-0.000746564,-0.000580524,-0.000286961,-0.000113367,-3.18959e-05,8.34074e-05,0.000278747,0.000590268,0.000792978,8.2635e-05,6.29913e-05,6.27292e-05,6.18975e-05,6.3507e-05,7.68089e-05,7.27208e-05,6.19292e-05,-0.000340826,0.000343839,4.25708e-05,-0.000343412,0.000321291,0,0.498117,-0.00075683,-0.000287662,0.000300056,0.000878785,1787454600,0.000322174,0,0.000296047,0,-0.00033291,0.000321845,1.09868e-06,1,0.000375163,0,0.000347391,1,0.000339473,0,0.0002871,1
1787454900,-0.000277259,-2.06883e-05,0.000148943,-0.000666378,0.000535351,0.473157,8.10007e-05,7.83536e-05,0.02981,-0.000800236,-0.000620613,-0.000316606,-0.000122748,-3.01411e-05,8.42862e-05,0.000262284,0.000576627,0.000796828,9.54911e-05,8.0834e-05,8.07121e-05,8.48602e-05,8.30695e-05,8.34978e-05,7.80638e-05,7.9944e-05,-0.000355061,0.000313339,4.6329e-05,0.000361689,0,0.000389433,0.501972,-0.000780305,-0.000306774,0.000300611,0.000884048,1787454900,-0.000365077,0.000328287,0,1,-0.000314829,0.000290537,0,1,0.000352534,0,0.000330831,1,0.000396965,0,0.000345541,1
1787454960,0.000306222,8.27749e-06,0.000595805,-0.000153146,0.000531419,0.478978,8.97941e-05,9.16422e-05,0.0248298,-0.000757004,-0.000568755,-0.000282434,-0.000113676,-2.36918e-05,9.1134e-05,0.000280385,0.0006045,0.000821894,0.000104941,8.84435e-05,8.80736e-05,9.03105e-05,8.62206e-05,8.8895e-05,9.19212e-05,9.14217e-05,-0.000338079,0.000333897,4.2038e-06,0.000356329,0,0.000310434,0.504924,-0.000779366,-0.000287975,0.000311625,0.000904498,1787454900,-0.000411261,0.000365811,0,1,-0.000352682,0.00031983,0,1,0.000341232,0,0.000292713,1,-0.00038031,0.000319039,0,1
1787455020,0.000397121,-0.00017379,0.000674185,-0.000248281,0.000527858,0.477777,0.000115606,0.000116609,0.0230054,-0.000750605,-0.000568777,-0.000287931,-0.000108975,-2.51592e-05,9.01627e-05,0.000281933,0.000591452,0.000810476,0.000119967,0.000113651,0.000113234,0.000113259,0.000109919,0.000113047,0.000121261,0.00011553,-0.000342881,0.000339943,5.96143e-06,0.000348192,0,0.000306985,0.503426,-0.000762114,-0.000283077,0.000306084,0.00088617,1787454900,-0.000362753,0.00035984,0,1,-0.000375247,0.000352125,0,1,-0.000378689,0.000301315,0,1,0.000354315,0,0.000296529,1
1787455080,-4.96315e-05,2.89506e-05,0.000388695,-0.00012822,0.000525562,0.476757,4.95095e-05,4.89781e-05,0.023389,-0.000780853,-0.000588564,-0.000300606,-0.000114082,-2.72822e-05,9.22e-05,0.000288317,0.000608279,0.000823154,6.88791e-05,4.68835e-05,4.52927e-05,5.66926e-05,5.08263e-05,4.03806e-05,5.04139e-05,4.4711e-05,-0.000355296,0.00035384,1.70533e-05,0.000359895,0,0.000328074,0.501973,-0.000777451,-0.00029637,0.000309133,0.000897163,1787454900,-0.000371084,0.000353802,0,1,-0.000376432,0.000346574,0,1,0.000386875,0,0.000355867,1,-0.000371205,0.000298864,0,1
1787455140,-0.000541971,8.68535e-05,0.000144752,-0.000575078,0.000520327,0.474716,0.00015277,0.000151233,0.019718,-0.000725838,-0.000536143,-0.000268741,-0.000102809,-2.69477e-05,8.17147e-05,0.000251001,0.000545486,0.000743252,0.000155136,0.000156185,0.000159766,0.000153982,0.000156182,0.000165076,0.000147579,0.000155808,-0.000314817,0.000288272,1.14841e-06,-0.000295472,0.00023033,0,0.499926,-0.000667312,-0.000246445,0.000252606,0.000764059,1787454900,-0.000375947,0.000369149,0,1,-0.000356252,0.000333993,2.01856e-07,1,-0.000392118,0.000350957,0,1,-0.000385143,0.000361236,0,1
1787455200,-0.000662348,-4.13831e-06,0,-0.00084457,0.000520769,0.480374,0.000199868,0.000198074,0.0226137,-0.000743871,-0.000550104,-0.000273285,-0.000100296,-2.07531e-05,8.7075e-05,0.000269991,0.000568738,0.000773366,0.000188144,0.000202616,0.000204027,0.000197231,0.000197869,0.000212197,0.000198831,0.000200588,-0.000326492,0.000322189,0,0.000307511,0,0.000238991,0.504783,-0.000688845,-0.000248145,0.000272333,0.000783455,1787455200,-0.000307163,0.000319036,0,0,-0.000357895,0.000336814,0,1,-0.000377512,0.000324079,0,1,-0.000398158,0.00034321,0,1
1787455260,-0.000211216,-8.28212e-06,0.000149066,-0.000439047,0.000523975,0.487903,7.42245e-05,7.12146e-05,0.0306076,-0.000786788,-0.000579793,-0.000290166,-9.91558e-05,-1.38323e-05,0.000102607,0.000305505,0.00062241,0.00081994,8.37957e-05,6.88169e-05,6.99257e-05,7.31498e-05,6.92843e-05,7.19225e-05,8.08538e-05,7.4103e-05,-0.000359023,0.000366625,0,0.000337753,0,0.00024052,0.511818,-0.000750265,-0.000263461,0.000308003,0.000850207,1787455200,-0.000305968,0.000291906,0,1,-0.000307683,0.00031087,1.85775e-05,0,-0.000390741,0.000331497,0,1,0.000392113,0,0.000329527,1
1787455320,0.000298174,4.14191e-06,0.000298174,-0.000650493,0.000519568,0.484685,8.46357e-05,8.6893e-05,0.0251557,-0.000761695,-0.000563473,-0.000274061,-9.63879e-05,-1.68717e-05,9.53694e-05,0.000286068,0.000584341,0.000800055,0.000103593,8.60991e-05,8.5924e-05,8.65955e-05,8.7687e-05,8.6249e-05,8.06948e-05,8.65153e-05,-0.000337559,0.000331965,0,0.000325853,0,0.000230601,0.513733,-0.000726358,-0.000253112,0.00030072,0.000831472,1787455200,0.000331382,0,0.000328738,1,0.000320289,0,0.000296936,1,0.000340609,0,0.00032316,1,0.000395496,0,0.000332578,1
1787455380,-0.00118494,4.14068e-06,0.000273248,-0.00130102,0.000516072,0.486259,0.000444676,0.000446935,0.0221096,-0.000769224,-0.000582765,-0.000280582,-9.70504e-05,-1.61148e-05,0.000103226,0.000312484,0.000614589,0.000826061,0.00037356,0.000458882,0.000460362,0.000436574,0.000446905,0.000474179,0.000438743,0.000443953,-0.000359318,0.000343885,0,0.000364049,0,0.00028997,0.514727,-0.000776824,-0.000283662,0.000330036,0.000913752,1787455200,0.000323747,0,0.000319388,1,0.000339815,0,0.000320289,1,0.000346401,0,0.000292148,0,-0.000367536,0.000326653,0,0
1787455440,0.000290149,0.000182389,0.000559499,-0.000331702,0.000537667,0.50064,8.87822e-05,9.13033e-05,0.0993954,-0.000954965,-0.000723652,-0.000347439,-0.000116503,-4.85486e-07,0.000147577,0.000382252,0.000765933,0.00098156,0.000102185,8.41069e-05,9.03303e-05,9.20561e-05,9.17899e-05,0.000120894,8.39368e-05,8.84767e-05,0.000442654,6.50359e-05,0.000359367,0.000445681,1.21664e-05,0.000304949,0.524208,-0.000926596,-0.00033831,0.000395023,0.00104587,1787455200,0.000348947,1.77094e-05,0.000360756,1,0.000320157,0,0.00030862,1,0.00035461,0,0.000309141,1,-0.000336457,0.00029728,0,1
1787455500,0.000422639,3.72988e-05,0.000691874,-3.31557e-05,0.000533842,0.488728,0.000118603,0.000120412,0.0684735,-0.000874271,-0.000662883,-0.000319477,-0.000112055,-1.48665e-05,0.000119157,0.000343393,0.000681825,0.000916801,0.000126793,0.000120874,0.000121235,0.000120814,0.000125592,0.000140317,0.000111481,0.000119306,-0.000400735,0.000389595,0,0.000410141,0,0.000300269,0.517187,-0.000852488,-0.000314262,0.000370771,0.0010042,1787455500,0.000402211,1.61928e-08,0.000387275,1,0.000347185,2.10801e-05,0.000323713,1,0.000329495,0,0.00030141,1,0.000346058,0,0.00030085,1
1787455560,0.000227819,0,0.000306508,-2.89989e-05,0.000531846,0.48512,7.71741e-05,7.87283e-05,0.056383,-0.000853047,-0.00065483,-0.000318927,-0.000113652,-1.89033e-05,0.00011026,0.000327416,0.000646294,0.000874378,9.16145e-05,7.27913e-05,7.79581e-05,7.72323e-05,7.73878e-05,0.000106262,7.76033e-05,7.58907e-05,-0.000388899,0.000385761,0,0.000376068,0,0.000288874,0.509799,-0.000803168,-0.000303673,0.000330934,0.000915814,1787455500,0.000409336,0,0.000408031,1,0.000405838,0,0.000387116,1,0.000351838,1.58042e-06,0.000330705,1,0.000342032,0,0.000291153,1
1787455620,-0.000269246,-0.000124259,0.000136667,-0.000360392,0.000527485,0.481583,8.00523e-05,7.7831e-05,0.0421962,-0.000776123,-0.000590985,-0.000279933,-0.000102806,-2.09016e-05,9.46967e-05,0.000271173,0.000565073,0.000773536,9.32873e-05,7.93886e-05,8.37585e-05,7.78327e-05,7.99778e-05,0.000106756,8.0823e-05,8.03074e-05,-0.000331967,0.00028947,0,0.000310841,0,0.000232987,0.505123,-0.000671966,-0.000249902,0.000267737,0.0007605,1787455500,0.000384913,0,0.000348111,1,0.000394694,6.25729e-06,0.000364944,1,0.000397495,0,0.000352601,1,0.000361923,0,0.000330723,1
1787455680,-8.28566e-06,-8.28566e-06,0.000186409,-8.28597e-05,0.00052357,0.488331,4.78507e-05,4.79423e-05,0.0340176,-0.000796553,-0.000595419,-0.000286993,-0.000102219,-1.38748e-05,0.000107127,0.000296268,0.000591147,0.00081297,6.66537e-05,4.5343e-05,4.99896e-05,4.77245e-05,4.93676e-05,6.8832e-05,4.96499e-05,4.42902e-05,-0.000351291,0.000349377,0,0.000344532,0,0.000260009,0.51031,-0.000753777,-0.000276962,0.000305469,0.000855942,1787455500,0.000335023,0,0.000271123,1,-0.000356459,0.000336532,0,1,0.000387114,0,0.000376732,1,-0.000397274,0.000363545,0,1
1787455740,-0.000443383,0,0,-0.000547005,0.00051831,0.48419,0.000128565,0.000125812,0.0264585,-0.000711376,-0.000532743,-0.000248635,-8.8732e-05,-1.54979e-05,8.46007e-05,0.000246602,0.000511931,0.000715796,0.000127267,0.000126778,0.000126791,0.00012577,0.000121486,0.00013079,0.000131535,0.000131063,-0.000297444,0.000258629,0,0.000271314,0,0.000210224,0.506747,-0.000604559,-0.000212208,0.000238528,0.000688909,1787455500,0.000344213,0,0.000313814,1,0.000325096,0,0.000283558,1,0.000380813,0,0.000333612,1,0.000412023,0,0.000375827,1
1787455800,-0.00095788,-2.90132e-05,0.00016163,-0.00095788,0.000516917,0.492794,0.000325655,0.000327263,0.0257616,-0.000797608,-0.000600182,-0.000280043,-9.82518e-05,-8.04057e-06,0.00010213,0.000282983,0.000561037,0.000762063,0.000286014,0.000342552,0.000334477,0.000348789,0.00032229,0.000310281,0.000315815,0.000304051,-0.000338306,0.000306148,0,0.000317583,0,0.000273661,0.507217,-0.000710806,-0.000258163,0.000282851,0.000777858,1787455800,-0.000291842,0.000255549,0,0,0.000340696,0,0.000321552,0,0.000354881,0,0.000289385,0,0.000389525,0,0.000331111,1
1787455860,-0.000634946,4.14865e-06,0.000136896,-0.000738733,0.000529349,0.504689,0.000188643,0.00018425,0.0521135,-0.000864301,-0.000647088,-0.000307104,-0.00010082,4.18706e-06,0.000135639,0.000345326,0.00067464,0.000872703,0.000180266,0.000188816,0.000180358,0.000188419,0.000168674,0.000182672,0.000203161,0.000194734,0.000396894,1.58097e-05,0.000300367,0.000377052,1.90206e-05,0.000261849,0.517845,-0.000833716,-0.000292661,0.000346872,0.000917376,1787455800,-0.000347897,0.000270371,0,0,-0.000287127,0.00024456,2.84729e-05,0,-0.000347045,0.000307688,0,0,-0.000345093,0.000264798,0,0
1787455920,0.000514627,4.15128e-06,0.0013607,-0.000199282,0.000531666,0.508747,0.000138069,0.000141088,0.0558308,-0.000894943,-0.000660579,-0.000310445,-0.000100695,9.33753e-06,0.000140171,0.00035786,0.000674035,0.000885801,0.000152502,0.000146641,0.000147047,0.000145902,0.000157657,0.000157324,0.000124726,0.000131111,0.000407619,0,0.000274411,0.000366181,5.43454e-07,0.000239186,0.515703,-0.000827897,-0.000283545,0.00034013,0.000892986,1787455800,0.000349772,0,0.000352953,1,0.000336459,0,0.000317699,1,-0.00031266,0.000246739,0,0,-0.000361023,0.000280146,0,1
1787455980,-0.000518779,0,0.000273807,-0.000813565,0.000531331,0.494336,0.00015339,0.000148779,0.0499121,-0.000943088,-0.000710303,-0.000356925,-0.000125955,-8.78637e-06,0.000143626,0.000375738,0.000717747,0.000967655,0.000147737,0.000147755,0.000147998,0.000148146,0.00013635,0.000157688,0.000159704,0.000160052,-0.000441936,0.000436471,0,0.000441936,0,0.000356681,0.509259,-0.000935809,-0.000351367,0.000380282,0.00102983,1787455800,0.000335483,0,0.00033619,1,0.000354023,0,0.000352871,1,0.000335509,0,0.000301589,0,0.000335524,0,0.000294146,0
1787456040,0.000697176,4.98144e-05,0.00104144,4.98144e-05,0.000531083,0.498789,0.000191879,0.000196373,0.0458576,-0.000935958,-0.000703779,-0.000344186,-0.000128575,-2.29027e-06,0.000141483,0.000368504,0.000682065,0.000931368,0.000202993,0.000208271,0.000197737,0.00019746,0.0002216,0.000199291,0.000182514,0.000191446,-0.000430911,0.000424227,0,0.00040591,0,0.00029809,0.510415,-0.0008961,-0.000325019,0.000352785,0.000953768,1787455800,0.000401704,0,0.000422658,1,0.000334491,0,0.000318556,1,-0.000350868,0.00029556,0,1,0.000309358,0,0.000280237,1
1787456100,-5.39308e-05,2.07419e-05,0.000240579,-0.000394177,0.00053491,0.484902,5.71007e-05,5.69224e-05,0.0511947,-0.000886016,-0.000677717,-0.000345107,-0.000131451,-2.06355e-05,0.000118184,0.000342754,0.000666692,0.000901863,6.89901e-05,5.01119e-05,5.98199e-05,6.1712e-05,5.31977e-05,0.000100047,5.77208e-05,5.12526e-05,-0.000413006,0.000404991,0,0.000398049,0,0.000336756,0.502339,-0.00085805,-0.000326132,0.000341466,0.000944313,1787456100,0.000357146,0,0.000355141,1,0.000369184,1.60711e-05,0.000394327,1,0.000332697,0,0.000296951,1,0.000349853,0,0.000323354,1
1787456160,2.0743e-05,-4.14865e-06,0.000626248,-0.000128616,0.000529589,0.486162,5.18632e-05,5.42051e-05,0.0376896,-0.000868197,-0.000648999,-0.000320383,-0.000120968,-1.78518e-05,0.000113269,0.000324865,0.000625675,0.000853294,6.8513e-05,4.78671e-05,5.56938e-05,5.69026e-05,5.38551e-05,9.23594e-05,5.06366e-05,4.63903e-05,-0.000387732,0.0003551,0,0.000364258,0,0.000296161,0.504341,-0.000810559,-0.000297832,0.000316936,0.000888839,1787456100,0.000379426,0,0.00036265,1,0.000359074,0,0.000349305,1,0.000382623,0,0.000378292,1,0.000335583,0,0.00029616,1
1787456220,0.000497702,-4.14856e-06,0.000617943,-5.80814e-05,0.000524275,0.483197,0.000141706,0.000143926,0.0295691,-0.000852404,-0.000634589,-0.000316403,-0.000117953,-2.04117e-05,0.000103162,0.000312278,0.000622973,0.000846331,0.000147269,0.000141739,0.000141938,0.000141813,0.00014847,0.000147934,0.000141753,0.000140059,-0.000377754,0.000356705,0,0.000364323,0,0.000323444,0.50268,-0.000802083,-0.000300913,0.000313039,0.000887624,1787456100,0.000350074,0,0.000353632,1,0.000356787,0,0.000334828,1,0.000367005,0,0.000334431,1,0.000414838,0,0.000372143,1
1787456280,0.000207303,7.87802e-05,0.000310938,-0.000261263,0.000523757,0.479827,7.12185e-05,7.31913e-05,0.0313689,-0.000799254,-0.000603159,-0.000304903,-0.00010783,-2.31291e-05,9.36198e-05,0.000294052,0.000592383,0.000799742,8.8158e-05,6.92093e-05,7.3727e-05,7.22143e-05,7.54401e-05,9.64038e-05,7.08856e-05,6.77741e-05,-0.000360703,0.000331114,0,0.000332093,0,0.000288842,0.500188,-0.00073536,-0.000273556,0.000287462,0.000808206,1787456100,-0.000359517,0.000341423,1.39884e-05,1,-0.000348588,0.000314655,1.08566e-05,1,0.000374681,0,0.000341443,1,0.000375745,0,0.000348667,1
1787456340,-0.000779682,0.000111926,0.000169956,-0.001149,0.000519321,0.481932,0.000241334,0.000238518,0.0271166,-0.000791402,-0.000594366,-0.000293368,-0.00010656,-2.04461e-05,9.47923e-05,0.000286905,0.000579838,0.000793857,0.000220529,0.000250041,0.000240385,0.000241377,0.00023091,0.000227305,0.00024551,0.000239472,-0.000349021,0.000323073,0,0.000326898,0,0.000294746,0.500285,-0.00072483,-0.000267703,0.000285766,0.000820029,1787456100,0.000334171,0,0.000325873,1,-0.000344436,0.000318864,5.30013e-05,1,0.000363879,0,0.000357798,1,0.000385649,0,0.000359581,1
1787456400,-0.000390069,4.14885e-06,0.000149348,-0.00073877,0.000525793,0.492315,0.000116658,0.00011251,0.0344805,-0.000880249,-0.000659057,-0.000328605,-0.000114253,-1.02372e-05,0.00012454,0.000341252,0.000672251,0.000905394,0.000113592,0.000112041,0.000112283,0.0001121,0.000102089,0.000133172,0.000127912,0.000116674,-0.000403492,0.000418626,0,0.000378901,0,0.000316069,0.507261,-0.000834669,-0.000303528,0.000334916,0.000917232,1787456400,-0.000333745,0.000311817,1.72289e-05,0,-0.000321615,0.000275,5.71251e-06,1,-0.000363457,0.000321738,2.78502e-05,1,0.000376977,0,0.000352461,1
1787456460,0.000352729,0,0.000796575,0,0.000523423,0.494612,9.77857e-05,0.0001001,0.0290319,-0.000855114,-0.000637633,-0.000318032,-0.00011141,-7.11126e-06,0.000120176,0.000335986,0.0006516,0.00087742,0.000112425,0.000101616,0.000101774,0.000101527,0.000109514,0.000124132,8.82679e-05,9.71257e-05,-0.000394499,0.000358336,0,0.000357753,0,0.000275714,0.50812,-0.0007986,-0.000281952,0.000323099,0.000873425,1787456400,-0.000351779,0.000339181,3.93703e-05,1,-0.000334532,0.000291965,1.90261e-05,1,-0.000349277,0.000268021,0,1,-0.000397434,0.000314272,0,1
1787456520,-0.00054782,0,0,-0.000551971,0.000520558,0.484667,0.000157304,0.000153,0.025935,-0.000812011,-0.000612571,-0.000315433,-0.000110148,-1.81663e-05,0.000102396,0.000305929,0.000592194,0.000813626,0.000156018,0.000155845,0.000155985,0.000155715,0.000146083,0.000162001,0.000160351,0.000158554,-0.000373757,0.000322785,0,0.000357147,0,0.000292655,0.503177,-0.000788859,-0.000292824,0.000308565,0.000849169,1787456400,0.000343161,0,0.000378449,1,0.000364955,0,0.00038861,1,-0.000351863,0.000285551,9.3111e-06,1,-0.000345749,0.00027572,0,1
1787456580,2.49074e-05,-5.39682e-05,0.000240746,-5.81197e-05,0.000521118,0.487924,4.72752e-05,4.97013e-05,0.026516,-0.000810406,-0.000600872,-0.00029271,-0.000107574,-1.39596e-05,0.000103718,0.000294529,0.000569584,0.00077972,6.8536e-05,4.73206e-05,5.35629e-05,4.59602e-05,5.38558e-05,8.38525e-05,4.41689e-05,4.66823e-05,-0.0003526,0.00029341,0,0.000310099,0,0.00022661,0.502211,-0.000715498,-0.000253117,0.000271389,0.000747212,1787456400,0.000352231,0,0.000363239,1,0.00034337,0,0.000368054,1,-0.000371367,0.000325753,4.51103e-06,1,-0.000356621,0.000299357,0,1
1787456640,0.000203387,4.1511e-05,0.000352789,-0.000602103,0.000515892,0.482019,6.58629e-05,6.81959e-05,0.0222104,-0.000747301,-0.00055923,-0.000270637,-9.76304e-05,-1.85431e-05,8.66461e-05,0.000255898,0.000520219,0.000708039,8.72522e-05,6.79858e-05,7.14073e-05,6.72855e-05,7.65349e-05,8.5272e-05,5.96615e-05,6.35501e-05,-0.000317768,0.000236641,0,0.000290967,0,0.000215819,0.503275,-0.000669264,-0.000233011,0.000250087,0.000695209,1787456400,-0.000292081,0.00024177,5.76244e-07,1,-0.000323742,0.00029625,5.19273e-05,1,-0.000351252,0.000298027,1.06839e-05,1,-0.000367945,0.000315687,1.2463e-05,1
1787456700,0.00099144,6.64033e-05,0.00101217,6.64033e-05,0.000511516,0.491046,0.000327663,0.000334569,0.0205305,-0.000872366,-0.000665078,-0.000331405,-0.000114803,-1.14441e-05,0.000118413,0.000326403,0.000630377,0.000854521,0.000301219,0.000348566,0.000336655,0.000302855,0.000361194,0.000320564,0.000321528,0.000347001,-0.000395189,0.000372398,4.11133e-05,0.000383793,0,0.000406537,0.505315,-0.000844718,-0.000312064,0.000336713,0.000922726,1787456700,0.000294019,0,0.000274137,0,0.00030182,0,0.000285194,1,0.000356896,0,0.000359163,1,0.000357494,0,0.00034657,1
1787456760,0.000149253,3.73154e-05,0.000339933,-0.000286131,0.000525429,0.480299,6.26571e-05,6.41925e-05,0.0494589,-0.000794379,-0.000613568,-0.000317033,-0.000117408,-2.28124e-05,9.50839e-05,0.000290609,0.000596417,0.000798121,7.82263e-05,6.01381e-05,6.64841e-05,6.03397e-05,6.60075e-05,0.000103253,6.64112e-05,5.78006e-05,-0.000367916,0.000330002,3.74869e-05,-0.000361406,0.000298231,0,0.494209,-0.000780484,-0.000305428,0.000305881,0.000874016,1787456700,-0.000396845,0.00035645,4.87785e-05,1,0.000278553,0,0.000293517,0,0.000325304,0,0.000275312,1,0.000375001,0,0.000340857,1
1787456820,-0.000385616,-9.53536e-05,0.000128506,-0.000385616,0.000520576,0.483539,0.000110061,0.000106857,0.0378086,-0.000782975,-0.000594898,-0.000303067,-0.000114288,-1.95495e-05,0.000101296,0.000272805,0.00057019,0.00077883,0.000112867,0.00011078,0.000111022,0.000110292,0.00010481,0.000130688,0.000107881,0.000111568,-0.00034958,0.000282091,4.69672e-06,-0.00035182,0.000273569,0,0.497377,-0.00077544,-0.000294326,0.000298074,0.000865842,1787456700,-0.000371679,0.000317739,2.85201e-07,1,-0.000367312,0.000353002,2.33593e-05,1,0.000303573,0,0.000291301,1,-0.00031062,0.000238287,0,1
1787456880,0.000190753,4.1472e-06,0.00047267,-0.000468744,0.000518221,0.479409,6.65149e-05,6.79774e-05,0.0313685,-0.000752044,-0.000563938,-0.000297498,-0.000111253,-2.28949e-05,9.0365e-05,0.000255328,0.000543707,0.000747279,8.5235e-05,6.63244e-05,7.10167e-05,6.64291e-05,7.27175e-05,9.49131e-05,6.3942e-05,6.40843e-05,-0.00033714,0.000263004,0,-0.000312443,0.000224629,0,0.49399,-0.000708466,-0.000261739,0.0002605,0.000760584,1787456700,-0.000356744,0.000342799,1.23405e-05,1,-0.000350566,0.000316413,0,1,0.000343166,7.63181e-06,0.000378732,1,0.000326088,0,0.00029734,1
1787456940,0.000584474,0,0.000613482,0,0.000513722,0.487387,0.000166753,0.000167535,0.0268486,-0.000809634,-0.000605535,-0.000312597,-0.0001097,-1.55443e-05,0.000109749,0.000294732,0.000612726,0.000828383,0.000171481,0.00016648,0.000165911,0.000165875,0.000169396,0.000173128,0.000167746,0.000169352,-0.000366765,0.000316107,0,-0.000368967,0.000292326,0,0.499601,-0.00080582,-0.000299287,0.000320396,0.000905509,1787456700,-0.000326331,0.000278834,2.83652e-06,1,-0.00035346,0.000331276,1.67603e-05,1,-0.00038412,0.000308925,0,1,0.000348702,0,0.000350807,1
1787457000,-0.000219656,1.65758e-05,0.000128456,-0.000418631,0.000515232,0.481386,6.92312e-05,6.80576e-05,0.0327116,-0.000727226,-0.000562629,-0.000287554,-0.000103793,-1.98198e-05,8.87168e-05,0.000257252,0.000541292,0.000735573,8.51627e-05,7.09541e-05,7.53301e-05,6.94194e-05,7.22342e-05,9.59936e-05,6.35345e-05,6.8558e-05,-0.000330781,0.00025916,9.15332e-06,-0.000324469,0.000237937,0,0.495424,-0.000716215,-0.000270028,0.000274346,0.000786957,1787457000,-0.000385472,0.000362866,4.23266e-05,1,-0.000324688,0.000276805,2.42029e-05,1,0.000373967,0,0.000381381,1,-0.000373803,0.000307714,0,1
1787457060,-0.000198975,-1.65798e-05,0.000240376,-0.000198975,0.000510999,0.485095,6.71338e-05,6.54475e-05,0.0265335,-0.000761091,-0.000570286,-0.00028743,-0.000111513,-1.64327e-05,9.58633e-05,0.000271035,0.000549932,0.000753007,8.15027e-05,6.70826e-05,7.05037e-05,6.87422e-05,6.79189e-05,8.17863e-05,6.49441e-05,6.47904e-05,-0.000337307,0.000273879,0,-0.000302813,0.000245741,0,0.498505,-0.000691741,-0.00025048,0.000262275,0.000765372,1787457000,-0.000351024,0.000293372,0,1,-0.000368783,0.000345205,4.96892e-05,1,-0.000360009,0.000292808,0,1,-0.000386307,0.000333088,7.06326e-06,1
1787457120,0.000344036,-4.975e-05,0.000381335,-4.975e-05,0.000506645,0.480216,0.0001015,0.000102406,0.022804,-0.000717861,-0.000536707,-0.000269863,-0.000106042,-2.02198e-05,8.40096e-05,0.00024554,0.000511187,0.000708942,0.000110746,9.90503e-05,9.88752e-05,9.82931e-05,0.000101967,0.000102366,0.00010601,0.00010236,-0.000312702,0.000235222,0,-0.000285985,0.000207193,0,0.497903,-0.000655182,-0.00023546,0.000243649,0.000711341,1787457000,-0.00030569,0.000285113,2.66131e-05,1,-0.000329732,0.000272807,9.83175e-06,1,-0.00038669,0.000345632,3.57018e-05,1,-0.000363131,0.000284893,0,1
1787457180,0.000364632,-4.14431e-06,0.000430915,-0.000111902,0.000503907,0.480259,0.000107171,0.000107277,0.0228441,-0.000684877,-0.000515756,-0.000257888,-9.80349e-05,-1.97532e-05,8.23251e-05,0.000240146,0.000499669,0.00068144,0.000114081,0.000104646,0.000104497,0.000103633,0.000106517,0.000106052,0.000112265,0.000108136,-0.00030135,0.000221455,0,-0.0002709,0.000200406,0,0.498746,-0.000617631,-0.000216311,0.000233128,0.000671739,1787457000,-0.000298185,0.000263079,1.41607e-05,1,-0.000314109,0.000286648,1.7177e-05,1,-0.000369521,0.000270824,0,1,-0.000404149,0.00037417,0,1
1787457240,-0.000124292,1.6571e-05,0.000248537,-0.000211305,0.000501501,0.482361,5.1345e-05,5.01024e-05,0.0234092,-0.000698888,-0.000513265,-0.00026564,-0.000102983,-1.87943e-05,8.97622e-05,0.000247751,0.000505352,0.000692254,7.25665e-05,5.38184e-05,5.567e-05,5.13083e-05,5.61476e-05,5.12147e-05,4.7482e-05,5.0656e-05,-0.000310459,0.000242972,1.1265e-05,-0.000296653,0.000228731,0,0.499283,-0.000667574,-0.000244298,0.000255181,0.000745344,1787457000,-0.000292501,0.000246841,0,1,-0.00029279,0.000271272,3.24722e-05,1,-0.000334558,0.000294288,0,1,-0.000354361,0.000302909,0,1
1787457300,-0.000360533,5.80046e-05,9.94345e-05,-0.000451723,0.000496772,0.480881,0.000102148,9.94436e-05,0.0203456,-0.000667113,-0.000498611,-0.000255267,-0.000104836,-1.96594e-05,8.5157e-05,0.00023414,0.000484553,0.000671444,0.000108312,0.000103624,0.00010339,0.000102828,9.93823e-05,0.000102362,9.88136e-05,0.000103742,-0.000296806,0.000214817,0,-0.000274494,0.000200173,0,0.496483,-0.000630809,-0.000228622,0.000230679,0.000697307,1787457300,-0.000305459,0.000283341,5.54003e-06,1,-0.000282047,0.000233694,1.31905e-05,1,-0.000322935,0.000286495,0,1,-0.000341214,0.000285249,4.72426e-06,1
1787457360,0.000364676,0,0.000513824,-0.00022799,0.000494415,0.483911,0.000105702,0.000106075,0.0194228,-0.000659589,-0.000491178,-0.000248195,-9.93393e-05,-1.56183e-05,8.34327e-05,0.000241412,0.000491262,0.000665801,0.000113958,0.000104517,0.000104305,0.000103552,0.000106888,0.00010341,0.000107605,0.000106943,-0.000294795,0.000230279,0,-0.00027422,0.000219826,0,0.499632,-0.000630357,-0.000221596,0.000240685,0.000703441,1787457300,-0.000281806,0.000276875,2.52475e-05,1,-0.00029996,0.000269233,1.52115e-05,1,-0.000312902,0.000233444,0,1,-0.000341271,0.000274267,0,1
1787457420,-2.07167e-05,5.80044e-05,9.52912e-05,-0.000381255,0.000492155,0.4846,4.27369e-05,4.33986e-05,0.0197215,-0.000691533,-0.000522399,-0.000269081,-0.000104868,-1.67987e-05,9.42513e-05,0.000265065,0.000528921,0.000714709,6.66387e-05,4.36613e-05,4.48819e-05,4.71104e-05,4.97701e-05,3.70556e-05,4.01356e-05,3.80621e-05,-0.000321048,0.000276739,1.31695e-05,0.000308057,0,0.000291214,0.501359,-0.000691471,-0.000250729,0.000272897,0.000788658,1787457300,-0.000282498,0.00025458,2.76434e-05,1,-0.00028421,0.000281014,3.41935e-05,1,-0.000328331,0.000269105,0,1,-0.00030695,0.000251641,0,1
1787457480,4.55761e-05,4.14337e-06,0.000103579,-0.000165749,0.000487218,0.483302,4.20698e-05,4.39591e-05,0.0181243,-0.000659088,-0.00050163,-0.000247706,-9.6815e-05,-1.71866e-05,8.76852e-05,0.000249685,0.000491333,0.000677044,6.93878e-05,4.46163e-05,4.46579e-05,4.60422e-05,5.18666e-05,3.73193e-05,3.89435e-05,3.69868e-05,-0.000298697,0.000230601,0,0.000280052,0,0.000251233,0.500871,-0.000643074,-0.000225815,0.000247826,0.000733374,1787457300,-0.000324074,0.000309743,3.00844e-05,1,-0.000292709,0.000269786,7.06754e-06,1,-0.000315923,0.000300983,3.15609e-06,1,-0.000327942,0.000282365,0,1
1787457540,5.8003e-05,-5.80063e-05,5.8003e-05,-0.000116016,0.000482364,0.483018,4.03347e-05,4.18193e-05,0.0172654,-0.000637623,-0.000480048,-0.000228585,-8.64365e-05,-1.58929e-05,7.96222e-05,0.000228526,0.000463244,0.000650289,6.99968e-05,4.4677e-05,4.36855e-05,4.18479e-05,5.22327e-05,3.76395e-05,3.78485e-05,3.67228e-05,-0.000274275,0.000210785,0,0.000238338,0,0.00021139,0.501512,-0.000551895,-0.000183292,0.000209571,0.000632948,1787457300,-0.000294997,0.000294886,3.22272e-05,1,-0.000313797,0.000304004,2.84484e-05,1,-0.000315664,0.000279375,0,1,-0.000335643,0.000292971,0,1
1787457600,-4.14303e-05,-8.28593e-06,0.000269255,-0.000145014,0.000477587,0.480933,4.21669e-05,4.21935e-05,0.0166739,-0.000682873,-0.000526974,-0.000263128,-9.71084e-05,-1.75322e-05,7.63268e-05,0.000242819,0.000508622,0.000684565,6.76715e-05,4.29084e-05,4.09958e-05,4.67524e-05,5.00896e-05,3.6594e-05,4.16043e-05,3.93809e-05,-0.000306384,0.000297575,8.69793e-05,-0.000247479,0.000220487,3.98846e-05,0.497739,-0.000579996,-0.000198728,0.000214237,0.000627032,1787457600,-0.000260004,0.000243817,1.18889e-05,1,-0.000303886,0.000296507,1.19017e-05,1,-0.000334387,0.000303317,4.52982e-06,1,-0.000314569,0.000268052,0,1
1787457660,0.000861398,-3.31455e-05,0.000861398,-0.000298349,0.000472823,0.481216,0.000306416,0.000311475,0.0161905,-0.000640534,-0.000475626,-0.000232096,-8.48791e-05,-1.57097e-05,6.98158e-05,0.000226958,0.000469775,0.000650031,0.000250431,0.000298045,0.000306906,0.000300015,0.000289932,0.000325956,0.00032261,0.000303932,-0.000276188,0.000214489,3.59999e-06,-0.000243471,0.000192442,0,0.499287,-0.000578722,-0.000198427,0.000210526,0.000647217,1787457600,-0.000273551,0.000231636,0,1,-0.00026826,0.000256776,0,1,-0.000321187,0.000301404,1.87584e-06,1,-0.000347086,0.00031909,0,1
1787457720,-0.00101885,2.06975e-05,0.000455247,-0.00103542,0.000483663,0.479384,0.000363525,0.000367561,0.0307846,-0.000718832,-0.000565927,-0.000287429,-0.000106774,-2.20534e-05,8.6853e-05,0.000287438,0.000597251,0.00079589,0.000310364,0.000380571,0.000373453,0.000361385,0.000361574,0.000328354,0.00035307,0.000367879,-0.000344921,0.00030103,4.68515e-05,-0.000337581,0.000285204,2.07377e-05,0.496912,-0.000736352,-0.000282233,0.000289171,0.000857105,1787457600,-0.000262146,0.000262872,2.51552e-05,1,0.000291984,0,0.000237628,1,-0.000280223,0.000258487,0,1,-0.000332542,0.000315412,0,1
1787457780,-0.000518106,5.38676e-05,5.38676e-05,-0.000522252,0.000500013,0.489043,0.000147711,0.000145178,0.0703788,-0.00085648,-0.000650822,-0.000332186,-0.000127328,-1.35012e-05,0.000111715,0.000326975,0.000651961,0.000881787,0.000148377,0.000147702,0.000148083,0.000147906,0.000143029,0.000158417,0.000152868,0.000143074,-0.000396205,0.000391288,0,0.00039992,0,0.000341294,0.506486,-0.000874226,-0.000323226,0.000335966,0.000954568,1787457600,-0.000349829,0.000343006,1.88798e-05,0,-0.000262648,0.000256753,4.62229e-05,1,-0.000325704,0.000221636,0,1,-0.000295979,0.000245003,0,1
1787457840,-0.00132758,0,0.00021142,-0.00132758,0.000500381,0.487387,0.000521319,0.000523053,0.0636053,-0.000740465,-0.000556398,-0.000271443,-9.76089e-05,-1.33572e-05,9.45457e-05,0.000288434,0.000578587,0.000772644,0.000445916,0.00052701,0.000501644,0.000538875,0.000499403,0.000391185,0.000521741,0.000524341,-0.000337865,0.00025408,0,0.000313966,0,0.000229098,0.5034,-0.000721241,-0.000250187,0.00028015,0.000795294,1787457600,-0.000384726,0.000404823,0,0,-0.000338888,0.000348498,0,0,-0.000288441,0.000271778,1.0238e-05,0,0.000283491,0,0.000242969,0
1787457900,1.24542e-05,4.15142e-06,0.000576882,0,0.000529738,0.517496,6.40192e-05,6.40192e-05,0.329632,-0.0010335,-0.000748263,-0.000359294,-0.000114743,2.38838e-05,0.000171242,0.000430593,0.000793763,0.00105428,6.74416e-05,4.93898e-05,6.6487e-05,5.74772e-05,6.75059e-05,0.000100141,7.09397e-05,6.95655e-05,0.000482485,2.02143e-05,0.000364004,0.000451984,0,0.000298428,0.51935,-0.000990954,-0.000344685,0.000402627,0.00106386,1787457900,-0.000330101,0.00026637,0,0,-0.000387894,0.000364234,2.11022e-05,0,-0.000368464,0.000346685,0,0,-0.000321333,0.000279893,0,0
1787457960,0.000751117,0,0.00131098,-5.39693e-05,0.000524417,0.495371,0.000218774,0.000222433,0.215784,-0.000897849,-0.000666247,-0.000319661,-0.000112991,-6.35587e-06,0.000123446,0.000342623,0.000644778,0.000890397,0.000217433,0.000227285,0.000212737,0.000224579,0.000235608,0.000214196,0.000216469,0.00021815,-0.000400473,0.000308568,0,0.000394431,0,0.000274823,0.510274,-0.000888924,-0.000314862,0.000348066,0.000960237,1787457900,0.000428237,0,0.000413399,1,0.000334695,0,0.000289086,1,0.000412444,0,0.000381614,1,-0.000371609,0.000349054,0,0
1787458020,-0.000913034,0,0,-0.00108328,0.000529902,0.488163,0.000278357,0.000275155,0.239384,-0.000957634,-0.000739552,-0.000375103,-0.000129527,-1.62801e-05,0.000123373,0.00037445,0.000729255,0.00099568,0.000268903,0.00030653,0.000274888,0.000278375,0.000265796,0.000258427,0.00027436,0.000282609,-0.000449803,0.000420974,0,0.000461238,0,0.00038618,0.506419,-0.00098139,-0.000373251,0.000390793,0.00109109,1787457900,0.000411715,0,0.00036962,1,0.000417902,0,0.000417165,1,-0.000351738,0.000298492,0,0,-0.000414043,0.000412777,0,0
1787458080,-0.00111753,4.15204e-06,0.000232488,-0.00256094,0.000540234,0.498557,0.000378019,0.000377563,0.355544,-0.00096097,-0.000732361,-0.000354768,-0.000123029,-3.03998e-06,0.000145648,0.000396162,0.000757832,0.000991584,0.000348205,0.000404082,0.000354292,0.000397225,0.000326396,0.000315021,0.000371246,0.000385742,-0.000455583,0.000428374,0,0.000428155,0,0.000314219,0.509353,-0.000949983,-0.000344671,0.000372025,0.00102908,1787457900,0.000446618,0,0.000418679,0,-0.000367085,0.000367138,1.55945e-05,1,0.000419438,0,0.000365634,1,0.000341523,0,0.000295104,0
1787458140,0.000498679,9.55993e-05,0.00101787,-0.000723526,0.000557668,0.509571,0.000134812,0.000137923,0.601401,-0.00124999,-0.000934881,-0.000447393,-0.00014185,1.47767e-05,0.000216167,0.000542176,0.00102266,0.00135978,0.000147425,0.000142366,0.00014329,0.000149553,0.000178171,0.000156685,0.000124068,0.000128931,0.00060503,9.31731e-05,0.000498198,0.000573898,8.80617e-05,0.000440172,0.524021,-0.00118443,-0.000418986,0.000498246,0.00132382,1787457900,0.000412026,0,0.000371346,1,0.000408524,3.8562e-05,0.000375882,1,0.000387763,0,0.000357066,1,0.000419052,0,0.000347479,1
1787458200,0.000942654,-4.15463e-06,0.000942654,-0.000315801,0.000556549,0.496809,0.00026553,0.000269302,0.510242,-0.00115007,-0.000875843,-0.000441701,-0.00015124,-6.22979e-06,0.000173135,0.000461057,0.000894727,0.00120473,0.000282075,0.000298762,0.000271593,0.000266406,0.000308718,0.000266694,0.000249558,0.00027788,-0.000544006,0.000548356,0,0.000508118,0,0.000413157,0.508529,-0.00107183,-0.000398026,0.000436486,0.00120609,1787458200,0.000503466,2.33656e-05,0.000513016,1,0.00042877,0,0.00035958,1,0.000432865,1.62937e-06,0.000364231,1,0.000443412,0,0.000344817,1
1787458260,-0.000614493,-8.30144e-06,0.000302955,-0.000622799,0.000566855,0.485752,0.000176988,0.000172756,0.550103,-0.00112667,-0.000868014,-0.000443186,-0.000154355,-2.37227e-05,0.000145045,0.000436552,0.000873325,0.0011562,0.000174708,0.000175342,0.000176442,0.000175866,0.00015822,0.000175688,0.00018288,0.000175878,-0.000528655,0.000554703,1.39129e-05,0.000474725,0,0.00041924,0.501033,-0.0010151,-0.000391202,0.000401396,0.00114439,1787458200,0.000499902,0,0.00051418,1,0.000512398,0,0.000477122,1,0.000440758,0,0.000350225,1,0.000462073,0,0.000391267,1
1787458320,0.000830306,4.56848e-05,0.000834456,4.56848e-05,0.000567847,0.487303,0.000239096,0.000242288,0.438953,-0.00105302,-0.000805572,-0.000421057,-0.000155002,-2.01686e-05,0.000140946,0.000393566,0.000788942,0.00107513,0.000239715,0.000250011,0.000235218,0.000234299,0.000258473,0.000235342,0.000229525,0.000261377,-0.000491999,0.000467699,0,0.000439327,0,0.000341324,0.500464,-0.000974465,-0.000368627,0.000362021,0.00104718,1787458200,0.000477655,0,0.000434463,1,-0.000467257,0.000474698,4.27755e-06,1,-0.000460221,0.000475933,0,1,-0.000428798,0.000351784,0,1
1787458380,0.00102033,0,0.00112811,-0.000302982,0.000574273,0.483347,0.000314986,0.000316798,0.268447,-0.000983568,-0.000778589,-0.000391427,-0.000138841,-2.56329e-05,0.00013059,0.000388434,0.000772627,0.00103626,0.000312173,0.000329498,0.000297666,0.000317277,0.000313041,0.000288023,0.000312255,0.000344746,-0.000468288,0.000436276,0,-0.000415425,0.000312588,0,0.499559,-0.000906295,-0.000342083,0.000355601,0.00102253,1787458200,0.000426538,0,0.000370708,0,0.000455206,0,0.000397208,1,0.000490147,0,0.000462087,1,0.000486176,0,0.000446716,1
1787458440,0.000758353,4.14557e-06,0.00104,4.14557e-06,0.000586528,0.47956,0.000220004,0.000220148,0.186402,-0.00112208,-0.000885487,-0.000463816,-0.000173214,-3.49248e-05,0.000138288,0.000436659,0.000885853,0.00119951,0.0002192,0.000218276,0.000215383,0.000214128,0.000219275,0.000215266,0.000227876,0.000222596,-0.000543778,0.000516986,4.28375e-05,-0.000495614,0.000431955,0,0.494875,-0.0010512,-0.000416479,0.000411126,0.00120459,1787458200,0.000444486,0,0.000368473,0,0.000435653,0,0.000384366,0,0.000496713,0,0.000399664,1,0.000522586,0,0.000428171,0
1787458500,-0.000447483,-8.2849e-06,0.000790892,-0.000447483,0.000590454,0.478106,0.000124149,0.000123525,0.163085,-0.00109606,-0.00089907,-0.000476986,-0.000183042,-3.80247e-05,0.000138013,0.000422144,0.000855668,0.00118153,0.000128275,0.000129288,0.000133159,0.000128946,0.000141835,0.000147714,0.000119791,0.000121625,-0.000545792,0.000466479,5.43411e-05,-0.000504614,0.000424041,0.000100647,0.492748,-0.00107088,-0.000432741,0.000406963,0.00120542,1787458500,-0.000512399,0.000491192,0,1,0.000427783,0,0.000353281,1,0.000486507,0,0.00038703,0,0.000487952,0,0.000403252,1
1787458560,0.000294201,4.14428e-06,0.000840937,-0.000675747,0.000587936,0.482624,9.97047e-05,0.000101749,0.100476,-0.00105496,-0.000824611,-0.000428606,-0.000162972,-2.92226e-05,0.000141306,0.000396105,0.00082712,0.00110655,0.000102083,9.12668e-05,0.000104745,9.927e-05,0.000111542,0.000121258,0.000100967,9.89782e-05,-0.000499456,0.000475419,0,0.000485758,0,0.000448982,0.500065,-0.00105714,-0.000406255,0.000405284,0.0011909,1787458500,-0.000568692,0.000492241,0,1,-0.000490076,0.000452027,0,1,0.000468993,0,0.000364494,1,-0.000483232,0.000410184,0,1
1787458620,-0.000654819,0,0.000335532,-0.000687986,0.000583512,0.490086,0.000187716,0.000184773,0.0930138,-0.00106456,-0.000832191,-0.000437333,-0.000150873,-1.70046e-05,0.000156858,0.00042895,0.00088087,0.00116839,0.000185943,0.000186891,0.00018764,0.000187441,0.000188574,0.000187933,0.00018921,0.000186684,-0.000520897,0.000492121,0,0.000506995,0,0.000483729,0.502662,-0.00107617,-0.000409047,0.00043356,0.00125268,1787458500,-0.000477368,0.000496189,0,1,-0.000513672,0.000475169,0,1,0.000544948,0,0.000459042,1,0.000451768,0,0.000372079,1
1787458680,-0.00108679,-3.31668e-05,8.29153e-06,-0.00130262,0.000585023,0.490361,0.000342539,0.000342695,0.0714637,-0.00102748,-0.000790806,-0.000414318,-0.000149943,-1.51007e-05,0.000143904,0.00039549,0.000805595,0.00105634,0.000336085,0.000371668,0.000333813,0.000339115,0.000313265,0.000307141,0.000346619,0.000358808,-0.000488326,0.0004811,0,0.000438391,0,0.000345814,0.501183,-0.000983152,-0.000362712,0.000376342,0.00108464,1787458500,-0.000509072,0.000523707,2.99242e-06,0,-0.000472351,0.000456671,7.35922e-06,1,0.000523458,0,0.000449435,1,0.000531076,0,0.000439731,1
1787458740,-0.00143703,0,4.15028e-06,-0.00152016,0.00059919,0.50332,0.000517538,0.000515621,0.0603371,-0.00107329,-0.000819607,-0.000419614,-0.000134846,3.61962e-06,0.000180244,0.000444979,0.000858112,0.00111737,0.000501283,0.000540961,0.00048899,0.000511205,0.000432604,0.000430086,0.000527999,0.00054223,0.000521853,1.50637e-05,0.00041563,0.000463252,0,0.000330898,0.50814,-0.00103598,-0.000367651,0.000413505,0.00114205,1787458500,-0.000439859,0.000434901,0,0,-0.000494689,0.000480482,1.10143e-05,0,-0.000502178,0.00046886,0,0,0.000497903,0,0.000419861,0
1787458800,-0.000303453,4.15625e-06,0.000565091,-0.000332556,0.000627017,0.517032,0.000116159,0.000114069,0.0579309,-0.00122118,-0.00091734,-0.000452689,-0.000138099,2.78356e-05,0.000217209,0.000521309,0.000951862,0.00124042,9.89827e-05,9.7229e-05,0.000114951,0.000101368,0.000101579,0.000124936,0.00013594,0.000120657,0.000592997,3.50003e-05,0.000399118,0.000514511,0,0.000324008,0.515435,-0.00114679,-0.000397838,0.000472567,0.00124899,1787458800,0.000446845,0,0.00042772,0,-0.000434599,0.000400689,8.36518e-07,0,-0.000510819,0.000465797,0,0,-0.000526111,0.00046079,0,0
1787458860,2.49448e-05,0,0.000743919,-0.000661264,0.000622197,0.503892,7.03009e-05,7.36405e-05,0.0546369,-0.0011538,-0.000880518,-0.00043328,-0.000148811,5.34169e-06,0.000188735,0.000473915,0.000872771,0.00116255,6.80717e-05,6.21222e-05,8.27564e-05,6.83332e-05,9.58202e-05,9.78281e-05,6.96899e-05,7.1001e-05,0.000549711,0,0.000339017,0.000487187,0,0.00031762,0.510948,-0.00109109,-0.000387638,0.000439782,0.00118875,1787458800,0.000479125,0,0.000451152,1,0.000455804,0,0.00041877,1,0.000478922,0,0.000411236,0,0.00053385,0,0.000455935,0
1787458920,0.00066912,6.65165e-05,0.000918367,6.65165e-05,0.000615953,0.502444,0.000183682,0.000185913,0.0530847,-0.0011399,-0.00087505,-0.000436784,-0.000142372,2.38019e-06,0.000188437,0.000459067,0.000894492,0.00117751,0.000194113,0.000190234,0.000190916,0.000189962,0.000219,0.000193038,0.000168964,0.000178121,0.000540672,0,0.000398037,0.000556086,0,0.0004043,0.512464,-0.00119344,-0.000438389,0.000485085,0.00131864,1787458800,0.000476261,0,0.000435987,1,0.00047839,0,0.000425204,1,0.000471225,0,0.000402246,1,0.000475214,0,0.0003849,1
1787458980,0.0004486,4.15463e-06,0.000743403,-0.000195287,0.000617062,0.488672,0.00012868,0.000129942,0.0515577,-0.00102748,-0.000806763,-0.000423584,-0.00014737,-1.87166e-05,0.000148981,0.000398164,0.000778591,0.00103748,0.000132858,0.000128756,0.000131852,0.000127981,0.000151214,0.000145839,0.000125856,0.000127908,-0.000495469,0.000448273,0,0.000465952,0,0.000361132,0.501974,-0.00102339,-0.000386116,0.000401474,0.00112675,1787458800,0.000510082,4.02176e-05,0.000493138,1,0.00044094,2.09003e-05,0.000426284,1,0.000473982,0,0.000389637,1,0.000461506,0,0.00039278,1
1787459040,0.000643473,0,0.000647623,-0.000195199,0.000614145,0.487451,0.000183523,0.00018381,0.0529953,-0.00104035,-0.000829814,-0.000425948,-0.000158276,-2.13992e-05,0.000151587,0.000415934,0.000798175,0.0010639,0.000186717,0.000182634,0.000183426,0.00018221,0.000199467,0.000184877,0.000182521,0.000183468,-0.000506188,0.000473515,0,0.000476004,0,0.00040517,0.502922,-0.00103102,-0.000394196,0.000412563,0.00117317,1787458800,0.000461695,0,0.00038702,1,0.000483674,5.93908e-05,0.00046332,1,0.00045912,0,0.000398329,1,0.000466589,0,0.00038855,1
1787459100,2.49003e-05,0,0.000502036,-5.81031e-05,0.000614746,0.485831,6.34674e-05,6.70534e-05,0.0564462,-0.000994732,-0.000790462,-0.000407316,-0.000152051,-2.31702e-05,0.000142818,0.000398216,0.000786961,0.00105271,6.77751e-05,6.08082e-05,7.45607e-05,6.32147e-05,8.71009e-05,9.70532e-05,6.20926e-05,5.2765e-05,-0.000484451,0.000429468,0,-0.000417099,0.00033939,0,0.497626,-0.000904415,-0.000347274,0.000359832,0.00104811,1787459100,0.000472158,0,0.000422379,1,0.000437098,6.83407e-06,0.000366912,1,0.000492215,3.75699e-05,0.000454198,1,0.000496959,0,0.000391968,1
1787459160,0.000477136,1.24499e-05,0.000477136,1.24499e-05,0.000608577,0.487578,0.000140007,0.000139283,0.060842,-0.000959943,-0.000744851,-0.000385533,-0.000142362,-1.77971e-05,0.000127905,0.000354996,0.0007106,0.000958616,0.000140391,0.000136297,0.000136802,0.000135534,0.000145889,0.000146621,0.000143779,0.000143012,-0.000447758,0.00037308,0,-0.000401427,0.000305588,0,0.496566,-0.000898435,-0.000341529,0.000336452,0.00100627,1787459100,0.000437141,0,0.000403516,1,0.00045864,5.77928e-06,0.000407283,1,0.000471579,0,0.000372222,1,0.000539663,0,0.000458249,1
1787459220,-9.12606e-05,0,0.000423008,-0.000194976,0.000606228,0.488692,5.63783e-05,5.83722e-05,0.0692515,-0.000871968,-0.000678818,-0.00033407,-0.0001144,-1.55521e-05,0.000124404,0.000346712,0.000660457,0.000885049,7.04967e-05,6.30899e-05,7.28183e-05,5.06272e-05,8.40344e-05,9.2276e-05,5.10224e-05,5.54155e-05,-0.000410107,0.000327977,0,-0.000354992,0.000276668,0,0.498262,-0.000779444,-0.0002849,0.000304916,0.000891299,1787459100,-0.000417149,0.000417688,0,1,0.000436403,0,0.000397184,1,0.00047951,0,0.000414069,1,0.000478524,0,0.000406144,1
1787459280,5.80759e-05,9.12606e-05,0.000593045,-0.000157651,0.000600274,0.488934,5.70309e-05,5.98589e-05,0.075279,-0.000909742,-0.000689767,-0.000357552,-0.000126942,-1.49915e-05,0.000122888,0.000343448,0.000669782,0.000911443,6.95661e-05,6.05306e-05,6.79923e-05,5.83824e-05,8.18153e-05,7.6131e-05,5.34863e-05,4.58077e-05,-0.000422055,0.000351003,0,-0.000390987,0.000312031,0,0.498714,-0.000878211,-0.000328339,0.000334162,0.000986832,1787459100,-0.000388223,0.000327971,0,1,-0.000404255,0.000384293,4.39079e-05,1,0.000477177,0,0.000413694,1,-0.000490975,0.000425689,0,1
1787459340,-0.000153494,-4.14816e-06,0.000141027,-0.00024892,0.000594297,0.49375,6.67291e-05,6.64781e-05,0.0874149,-0.000877517,-0.000671113,-0.000344029,-0.000114511,-8.23321e-06,0.000119932,0.000340765,0.000661574,0.000891401,7.40549e-05,6.83973e-05,7.23116e-05,6.83987e-05,8.28712e-05,6.84403e-05,6.32493e-05,6.25068e-05,-0.000411202,0.000341308,0,0.000397654,0,0.0003571,0.500425,-0.00088865,-0.000330936,0.000344235,0.00100681,1787459100,-0.000394736,0.000404027,0,1,-0.000380602,0.000307632,0,1,-0.00045481,0.000401246,0,1,-0.000460958,0.000395022,0,1
1787459400,-0.000730454,2.07437e-05,0.000107863,-0.000730454,0.000588725,0.493857,0.000216107,0.00021264,0.0961107,-0.000852039,-0.000656448,-0.000333894,-0.000113389,-7.53879e-06,0.000112864,0.000318981,0.00061449,0.000825187,0.00020704,0.000214524,0.000210187,0.000218209,0.000201956,0.000229839,0.000217373,0.000221481,-0.000393026,0.000294988,0,-0.000333277,0.000255667,0,0.499406,-0.000764831,-0.00027536,0.000283245,0.000828384,1787459400,0.000391173,2.10208e-05,0.000409878,1,-0.000387012,0.000375235,4.44545e-05,1,-0.00041935,0.000299347,0,1,0.000488305,0,0.000425113,1
1787459460,-0.000373734,0,0,-0.000602196,0.000591892,0.496545,0.000111479,0.000107783,0.073063,-0.000860587,-0.000657564,-0.00033164,-0.000111899,-5.16273e-06,0.000125297,0.000350544,0.000644897,0.000862605,0.000110588,0.000108646,0.000108356,0.000107334,0.000110619,0.000114586,0.000121748,0.000109919,-0.000411382,0.000352273,0,0.000378226,0,0.000287914,0.505356,-0.000850025,-0.000306089,0.000334332,0.000933817,1787459400,0.000358744,0,0.000365351,1,-0.000385721,0.000387981,5.2422e-05,1,-0.000430764,0.000386359,0,1,-0.000393171,0.000310444,0,1
1787459520,-0.000606577,-1.24602e-05,4.56861e-05,-0.000610733,0.000588322,0.49825,0.000177933,0.000173331,0.0643938,-0.000848349,-0.000649118,-0.000325663,-0.000109591,-3.25447e-06,0.000128092,0.000352013,0.000650824,0.000870258,0.000172316,0.000173218,0.000172893,0.000172027,0.000159232,0.000178346,0.000194071,0.000178241,-0.000409481,0.000324802,0,0.00035781,0,0.000259863,0.50948,-0.000805617,-0.000278176,0.000326189,0.00089769,1787459400,-0.000353731,0.000334771,1.12852e-05,1,-0.000344626,0.000327094,1.30892e-05,0,0.000422176,0,0.000436501,0,0.000455382,0,0.000402386,1
1787459580,-0.000465569,4.15589e-06,0.000232703,-0.000507148,0.000588693,0.50122,0.000139331,0.000133797,0.0562562,-0.000854082,-0.000653583,-0.000331748,-0.000111018,3.0942e-07,0.000135819,0.000347423,0.000642204,0.000841036,0.000132853,0.00013383,0.000133654,0.000132535,0.000121041,0.000140084,0.000151974,0.000142685,0.000409446,0,0.000288719,0.000365485,0,0.000250846,0.506738,-0.000829102,-0.000292063,0.000324532,0.000886576,1787459400,0.000335085,0,0.000351297,1,0.000365782,0,0.000367811,1,0.000359833,0,0.000351283,0,0.000455323,0,0.000415374,0
1787459640,-0.000124743,0,2.49467e-05,-0.000732046,0.000586484,0.499792,6.4346e-05,6.18176e-05,0.0561573,-0.000860105,-0.000663908,-0.000332822,-0.000115355,-1.27645e-06,0.000134618,0.000347639,0.000637488,0.000839764,7.19794e-05,6.25454e-05,6.51298e-05,5.93202e-05,7.40104e-05,7.64868e-05,6.70144e-05,6.67105e-05,-0.000410206,0.000323153,0,0.00039135,0,0.000272455,0.508498,-0.000873247,-0.000313764,0.00034722,0.000941965,1787459400,0.000341709,0,0.000340553,1,0.000349766,0,0.000337235,1,0.000401146,0,0.000355651,1,0.000356675,0,0.000319169,0
1787459700,-0.000998502,-4.15836e-06,-4.15836e-06,-0.00121914,0.000580857,0.498722,0.000342254,0.000337865,0.0572236,-0.000852588,-0.000645912,-0.000326099,-0.000110882,-2.6118e-06,0.000128829,0.000365591,0.000654977,0.000855704,0.000300381,0.000331627,0.000329339,0.000330162,0.000272778,0.000321059,0.00037232,0.000354752,-0.00041855,0.000343411,0,0.000408263,0,0.000300261,0.512253,-0.000907393,-0.000318043,0.000377058,0.00101883,1787459700,0.000367445,0,0.000367173,1,0.000346371,0,0.00033361,0,0.000373101,0,0.000338239,0,0.000387273,0,0.000356301,0
1787459760,0.000624181,0.000124867,0.000699056,-0.000374696,0.000592104,0.511597,0.000164455,0.000167863,0.0557349,-0.000996909,-0.000750483,-0.00037967,-0.000123575,1.59006e-05,0.000167714,0.000450606,0.000777156,0.000997875,0.000182537,0.000177583,0.000177474,0.000176633,0.000202402,0.000178956,0.000146691,0.000147115,0.00050389,0,0.00037059,0.000441256,1.47558e-05,0.000315053,0.514029,-0.000985241,-0.00034699,0.000405978,0.00107279,1787459700,0.000386149,0,0.000407562,1,0.000362456,0,0.000363951,1,0.000383115,0,0.000323032,1,0.000365574,0,0.000335509,1
1787459820,0.000303627,8.31978e-06,0.000486591,-0.000595044,0.000592763,0.487419,9.36055e-05,9.82225e-05,0.0464978,-0.000949997,-0.000738219,-0.000392291,-0.000143605,-1.95423e-05,0.000138155,0.000410992,0.00073748,0.000967025,0.000103789,9.27779e-05,9.69797e-05,9.80182e-05,0.000116276,0.000122682,8.49452e-05,8.98323e-05,-0.000483295,0.000441929,0,0.000452593,0,0.000366854,0.508408,-0.000976578,-0.000359295,0.000408806,0.00110483,1787459700,0.000399229,0,0.000412148,1,0.000390336,7.14876e-06,0.000371372,1,0.000395852,0,0.000357385,1,0.000369695,0,0.000329147,1
1787459880,0.000224542,-2.49522e-05,0.000370051,-0.000158041,0.000588374,0.486884,8.1136e-05,8.51173e-05,0.0435213,-0.000953579,-0.000735463,-0.000400445,-0.000148323,-1.89718e-05,0.000128033,0.000379607,0.00072878,0.000962639,9.05781e-05,7.90872e-05,8.21775e-05,8.76299e-05,0.000100026,0.000107283,7.39557e-05,7.66534e-05,-0.000470049,0.000416128,0,0.000456542,0,0.000388532,0.504525,-0.000988164,-0.000372641,0.000395171,0.0010927,1787459700,0.00043348,0,0.000448212,1,0.000407564,0,0.000387417,1,0.000392196,0,0.000385507,1,0.000400136,0,0.000368175,1
1787459940,0.000332562,-4.15772e-06,0.000486334,-0.000203749,0.000583326,0.482796,9.76249e-05,9.91934e-05,0.0412397,-0.00084938,-0.000661969,-0.000347398,-0.000133482,-2.15943e-05,0.000106256,0.000319597,0.000624643,0.000852385,0.000108519,9.64651e-05,9.83821e-05,9.55767e-05,0.000115396,0.000120193,9.54935e-05,0.000101179,-0.000403126,0.000294834,0,-0.000373644,0.000268761,0,0.499351,-0.000829065,-0.000308171,0.000315786,0.00089932,1787459700,0.000431878,6.61573e-06,0.000450018,1,0.000418812,4.15348e-06,0.00039712,1,0.000403935,0,0.000367661,1,0.000402887,0,0.000389929,1
1787460000,0.000191173,-8.31269e-06,0.000261814,-0.000187052,0.000579375,0.487203,7.10399e-05,7.39368e-05,0.0411375,-0.000855034,-0.000657161,-0.000350389,-0.000131318,-1.63118e-05,0.00011347,0.000332763,0.000638718,0.000858864,8.46881e-05,7.23657e-05,7.35002e-05,7.31659e-05,8.91974e-05,9.12667e-05,6.79589e-05,6.5377e-05,-0.000411642,0.000314459,0,0.00039713,0,0.000346689,0.501538,-0.000867796,-0.000327185,0.000338848,0.000955982,1787460000,0.000373367,0,0.000350383,1,0.000418666,0,0.000430506,1,0.000419542,0,0.000406423,1,0.000396971,0,0.000386133,1
1787460060,-0.000777387,-4.15554e-06,0.000307462,-0.00113094,0.000574189,0.485579,0.000238719,0.000232932,0.0416375,-0.000807971,-0.000620134,-0.000320805,-0.000124541,-1.74022e-05,0.00010557,0.000304319,0.000589114,0.000801334,0.000219032,0.000235302,0.000235067,0.00024037,0.000208031,0.000226211,0.00024692,0.000239857,-0.000376895,0.000271225,0,0.000335747,0,0.000295707,0.50034,-0.000740658,-0.000271114,0.000284762,0.000820612,1787460000,0.000389127,0,0.000382034,1,0.000368178,0,0.00036647,1,0.000444845,0,0.000441837,1,0.000430863,0,0.000418632,1
1787460120,-0.000744696,4.99039e-05,0.000249495,-0.000744696,0.000578952,0.499171,0.000218362,0.000211099,0.0375001,-0.000962311,-0.000735611,-0.000388793,-0.000137914,-1.93359e-06,0.000152924,0.000394714,0.000739056,0.000978901,0.000209648,0.000221645,0.000218515,0.000211345,0.000194378,0.000214729,0.000233702,0.000222569,-0.000470738,0.000458966,0,0.000436853,0,0.000379611,0.507882,-0.000957953,-0.000353147,0.000382338,0.00104651,1787460000,-0.000344619,0.000304641,4.8954e-06,0,-0.00038075,0.000337653,1.0816e-05,1,0.000406695,0,0.00038274,1,0.000454898,0,0.000443135,1
1787460180,0.000332894,2.49709e-05,0.0004161,0,0.000582729,0.510012,9.49229e-05,9.84451e-05,0.0366714,-0.000954281,-0.000731372,-0.00036896,-0.000125577,1.37116e-05,0.000162726,0.000422888,0.000740137,0.000961996,0.000108634,9.64305e-05,9.93609e-05,9.73702e-05,0.000117007,0.000127116,8.60739e-05,9.1763e-05,0.000480423,0,0.000367832,0.000405675,0,0.000314604,0.510837,-0.000914822,-0.000323045,0.000369877,0.000990662,1787460000,-0.000398295,0.000394598,5.44773e-05,1,-0.000346218,0.000277242,3.23166e-05,1,0.000417276,0,0.000403541,1,-0.000407168,0.000324677,0,1
1787460240,-0.000574311,-8.32099e-06,4.99245e-05,-0.000886575,0.00057879,0.495861,0.000167891,0.000162116,0.0359909,-0.000838913,-0.000650783,-0.000334604,-0.000116262,-6.05989e-06,0.000128226,0.000344417,0.000614843,0.000822041,0.000162029,0.000164042,0.000163793,0.000164471,0.000145729,0.000166033,0.000174877,0.000174075,-0.000408518,0.000298811,0,0.000343397,0,0.000257579,0.50762,-0.000772175,-0.000268552,0.000303458,0.000820485,1787460000,-0.00037241,0.000322606,3.19305e-05,1,-0.00040679,0.000353162,6.55556e-05,1,-0.00039132,0.000286056,0,0,-0.000416157,0.000346446,0,1
1787460300,-0.00287234,4.16286e-06,0.000216446,-0.00389152,0.000578701,0.507683,0.001247,0.00124111,0.0348963,-0.00100484,-0.000792664,-0.000412402,-0.000144433,1.18276e-05,0.000184185,0.000424065,0.000746717,0.000963274,0.00121711,0.00126957,0.00126137,0.00124543,0.00119951,0.00114301,0.00124633,0.00124706,0.000503465,0,0.000465366,0.00045083,0,0.000411438,0.508614,-0.000996925,-0.00036784,0.000391211,0.00104637,1787460300,0.000345713,0,0.000324761,0,-0.000377328,0.00031596,2.63388e-05,0,-0.000428658,0.000369394,2.60678e-05,0,-0.000382506,0.000313408,0,0
1787460360,0.000655236,-0.000342396,0.000859648,-0.0015208,0.000702284,0.528187,0.00017023,0.000175169,0.475908,-0.00167857,-0.00123931,-0.00060369,-0.000183305,7.08469e-05,0.000347407,0.000745993,0.00131387,0.00175091,0.00019103,0.000187034,0.000188812,0.000187556,0.000242791,0.000250577,0.000148479,0.000153284,0.000829379,0.000196006,0.000699835,0.000776842,0.000161719,0.000547505,0.528424,-0.0015907,-0.000560202,0.000671106,0.00168467,1787460300,0.000443051,0,0.000457644,0,-0.000327806,0.000263475,1.16144e-05,0,-0.000385432,0.000314571,0,0,-0.000430439,0.000383959,7.29875e-06,0
1787460420,-0.00205061,2.08603e-05,0.000221097,-0.00205061,0.000701374,0.517205,0.000748376,0.000739577,0.401146,-0.00152729,-0.00119101,-0.000580831,-0.000185102,3.78807e-05,0.000295861,0.000646138,0.00119322,0.00159691,0.000806262,0.000809013,0.000715651,0.00072207,0.000621658,0.000651975,0.000773509,0.000769986,0.000746785,2.62103e-06,0.000642488,0.000700531,0,0.000547788,0.513253,-0.00144952,-0.000532148,0.000615827,0.00159541,1787460300,0.000584639,6.45524e-05,0.00063199,1,0.000419838,0,0.000413745,0,-0.000362272,0.00026004,0,0,0.000382936,0,0.000366103,0
1787460480,-0.0085272,5.01668e-05,0.000518269,-0.0085272,0.000752454,0.525866,0.00395853,0.00394648,0.709404,-0.00173515,-0.00129813,-0.000639966,-0.000204203,7.01993e-05,0.00034097,0.000733474,0.00126584,0.00167464,0.00404327,0.00402723,0.00390793,0.00398722,0.00370614,0.00372419,0.00396175,0.00399159,0.00083825,0.000137514,0.000713834,0.00072702,0,0.000480794,0.515234,-0.00156434,-0.000568362,0.000628283,0.001598,1787460300,0.000597257,0,0.000659141,0,0.000597238,0,0.000634902,0,0.000407507,0,0.000399147,0,0.000356419,0,0.000312807,0
1787460540,0.00157151,2.95149e-05,0.00283787,2.95149e-05,0.00141744,0.520698,0.000402012,0.00041165,0.999922,-0.00364992,-0.00271957,-0.00131028,-0.000436648,0.000112486,0.000703948,0.00154187,0.00273105,0.00362617,0.000576989,0.000447771,0.000476569,0.000444819,0.000705436,0.00052709,0.000339492,0.000348862,0.00174662,0.000241606,0.00139194,0.0018121,0.0004311,0.00110848,0.534706,-0.00357427,-0.00127571,0.00156644,0.00373179,1787460300,0.000589429,0,0.000591813,0,0.000558115,3.48683e-05,0.000555665,0,-0.000534727,0.000540465,2.66022e-05,0,0.000390746,0,0.00037839,0
1787460600,0.00282503,0.00010945,0.00408363,-0.000159987,0.00142068,0.52163,0.000801387,0.00081512,0.999747,-0.00336455,-0.002529,-0.00122414,-0.000390211,0.000106131,0.000634086,0.00135551,0.00238457,0.00322993,0.0012028,0.000899848,0.000803069,0.000979128,0.00100592,0.000842228,0.000730476,0.000755522,0.00157049,2.75604e-06,0.00125642,0.00144881,0,0.000950932,0.512286,-0.00298453,-0.00112664,0.00128756,0.00317427,1787460600,0.00124398,0.000133223,0.00130135,1,0.000570069,0,0.000585541,0,0.000526088,1.34701e-05,0.000538388,0,0.000537402,0,0.000548872,0
1787460660,0.000965069,6.29677e-05,0.00327744,6.29677e-05,0.00146205,0.519878,0.000298825,0.000308783,0.999201,-0.0036032,-0.00278711,-0.00137891,-0.00042661,0.000104389,0.000689536,0.0014975,0.00268042,0.00361402,0.000291747,0.000280764,0.000367195,0.000275769,0.000504052,0.000421725,0.000293227,0.000255894,0.00174512,0.000197008,0.00168503,0.00164445,0,0.00135606,0.502865,-0.00328015,-0.00133609,0.00135606,0.00352189,1787460600,0.00119864,0,0.00118726,1,0.00125939,0,0.00135215,1,0.000582378,0,0.000519369,1,0.000554617,0,0.000518972,0
1787460720,0.000184516,-4.19402e-05,0.00033965,-0.000457243,0.00145377,0.507827,0.000202313,0.000214282,0.996709,-0.00322642,-0.00257024,-0.00131002,-0.000438823,3.67698e-05,0.000605116,0.00120696,0.00231163,0.0031668,8.36563e-05,0.000168972,0.000274115,0.000164804,0.00036157,0.000237277,0.000215515,0.000178639,0.00151749,6.73385e-05,0.00153501,-0.00157694,0.00137642,0,0.498901,-0.0031779,-0.00131339,0.00126804,0.00341913,1787460600,0.00132746,2.48046e-05,0.00132541,1,0.00104453,8.07488e-05,0.00105613,1,-0.00109771,0.00110709,2.73729e-05,1,0.000564944,0,0.000512247,1
1787460780,0.000691631,4.19314e-06,0.00107287,-3.35458e-05,0.0014394,0.517869,0.000214701,0.000222522,0.985759,-0.00273145,-0.0021584,-0.00100904,-0.000326193,6.97149e-05,0.000529206,0.00103817,0.00192092,0.00261697,0.000200814,0.000232061,0.000301843,0.000197568,0.000395132,0.000209345,0.000199867,0.000185532,0.00123507,0,0.00109209,-0.00114538,0.000769062,0,0.499412,-0.00246364,-0.000953721,0.000975833,0.00262777,1787460600,0.00124583,8.71627e-05,0.00118402,1,0.00115344,0.000138718,0.00117126,1,0.00103277,1.21408e-05,0.000979579,1,0.00107498,0,0.00108843,1
1787460840,-0.000276595,4.19025e-06,0.000272329,-0.000523919,0.00142829,0.509698,0.000174203,0.000177727,0.964823,-0.00259928,-0.00201397,-0.000958438,-0.000323029,3.40789e-05,0.000486566,0.00098714,0.00177462,0.00250307,9.43526e-05,0.000169788,0.000253499,0.000126468,0.000269745,0.000123488,0.000190733,0.00017606,0.00117349,9.66116e-05,0.00115877,-0.000998346,0.000765437,0,0.495691,-0.00217071,-0.000842897,0.000858049,0.00234789,1787460600,0.0010056,0,0.000856978,1,0.00115995,0.000129584,0.00115927,1,0.00121576,0,0.00109909,1,0.00110464,0,0.00095055,1
1787460900,-0.000448582,-4.19142e-06,0.00045257,-0.00089317,0.00141447,0.513608,0.000197201,0.000195079,0.933219,-0.00244786,-0.00193118,-0.000875619,-0.000290406,4.48502e-05,0.000463318,0.000906179,0.00170542,0.00235656,0.000127782,0.000191035,0.000250728,0.000149358,0.000225786,0.000146361,0.000213173,0.000205636,0.00107658,7.22464e-06,0.000971298,-0.000920349,0.000668037,0,0.493474,-0.00203638,-0.000775038,0.000780064,0.00217823,1787460900,-0.000951583,0.000804646,0,1,0.00100427,0,0.000859383,1,0.00119692,5.3667e-05,0.00115711,1,0.00125027,0,0.00111774,1
1787460960,-0.000226464,-0.000130001,2.93526e-05,-0.000503322,0.00140169,0.519352,0.000159595,0.000161388,0.871403,-0.00237852,-0.00181593,-0.000831931,-0.00027442,6.45022e-05,0.000472271,0.000896933,0.0016544,0.00220318,8.59107e-05,0.000162608,0.000227082,0.000116152,0.000151922,0.000107687,0.000174275,0.000175274,0.0010528,0,0.000931638,-0.000885682,0.00069964,0,0.495817,-0.00196982,-0.000737121,0.000771527,0.00213152,1787460900,-0.000867447,0.000746481,2.09735e-05,1,-0.000921187,0.000709384,0.000110028,1,0.00105339,0,0.000924102,1,-0.00129876,0.00105203,1.17617e-05,1
1787461020,-0.000549597,7.54935e-05,0.000649897,-0.000549597,0.00138797,0.520753,0.000193878,0.000187113,0.845184,-0.00198061,-0.00149053,-0.000625287,-0.000205322,5.23151e-05,0.000383118,0.000726094,0.00129101,0.00176754,0.000155756,0.000204288,0.000246421,0.000157889,0.000166805,0.000161304,0.000220195,0.00022081,0.000836973,0,0.000586581,-0.000694047,0.000461914,0,0.494048,-0.00149217,-0.000512936,0.000553391,0.00157151,1787460900,-0.000803928,0.000773835,0.000151111,1,-0.000876878,0.000705592,8.05818e-05,1,-0.00101496,0.000700014,0,1,-0.00103821,0.000750772,0,1
1787461080,-0.000583491,5.03573e-05,0.000880887,-0.000583491,0.00137622,0.517961,0.00020109,0.000192553,0.931342,-0.00200042,-0.00149614,-0.0006513,-0.000235755,5.041e-05,0.000392425,0.000743572,0.00129321,0.00178694,0.000165171,0.000208438,0.000244598,0.000168284,0.000163328,0.000169895,0.000221855,0.000232504,0.000859777,0,0.000636492,-0.000799703,0.000603459,0,0.492295,-0.00179115,-0.000667932,0.000667417,0.00187075,1787460900,-0.000662982,0.000600514,9.0944e-05,1,-0.000835569,0.000738911,0.000167852,1,-0.000982529,0.000709094,0,1,-0.0010008,0.000742456,0,1
1787461140,-0.00125209,7.55791e-05,0.000348456,-0.00152119,0.00136489,0.518878,0.000387191,0.000370237,0.970762,-0.0019555,-0.00146331,-0.000656181,-0.000254881,5.80448e-05,0.000415001,0.000762334,0.00128967,0.00176601,0.000406247,0.000360317,0.000362066,0.000369307,0.000374856,0.000366658,0.000408305,0.000422251,0.000876476,0,0.000664016,-0.0008265,0.000709574,0,0.495923,-0.00188924,-0.000692747,0.000721901,0.00200014,1787460900,-0.000742677,0.000696977,0.000118296,1,-0.000702668,0.000590235,0.000117328,1,-0.000926252,0.00077928,5.08087e-05,1,-0.000975933,0.000747367,0,1
1787461200,0.00102111,-8.40855e-06,0.00251099,-0.000815959,0.00136272,0.517511,0.000257638,0.000267329,0.958628,-0.00235386,-0.00178805,-0.000854185,-0.000331475,6.9209e-05,0.0004949,0.000966388,0.00162046,0.00209662,0.000313349,0.000293566,0.000304177,0.000290198,0.000337183,0.000288337,0.000252507,0.000210943,0.00111449,0.000249513,0.0012245,-0.00110108,0.00135528,0.000183646,0.496168,-0.00248155,-0.000947486,0.000979956,0.00258763,1787461200,-0.000750872,0.000731304,0.000139192,1,-0.000757361,0.000684852,0.000164836,1,-0.000813686,0.000634173,1.16127e-05,1,-0.000965142,0.000791173,0,1
1787461260,-0.000281438,-3.36003e-05,0.000969722,-0.000625991,0.00135673,0.505382,0.000160932,0.000157735,0.934721,-0.00222236,-0.00170816,-0.000819523,-0.000310591,1.63473e-05,0.00041458,0.00088091,0.00163398,0.00220422,9.51666e-05,0.000157638,0.000188308,0.000151109,0.0001031,0.000120485,0.000158756,0.000179934,0.00103174,3.82425e-05,0.00103246,-0.00110831,0.00103765,0,0.499141,-0.00243086,-0.000938457,0.00098998,0.00267649,1787461200,-0.000952049,0.000892525,0.000136653,1,-0.000765705,0.000716493,0.00017466,1,-0.000882129,0.0007511,0,1,-0.000843649,0.000666174,0,1
1787461320,-0.00222909,0.000109224,0.00046202,-0.00239332,0.00134369,0.505962,0.000758875,0.000738287,0.955029,-0.00198034,-0.00152646,-0.000719703,-0.000292031,1.74817e-05,0.000377551,0.000774809,0.0013816,0.00184337,0.000892863,0.000690937,0.000660847,0.000758389,0.000835774,0.000816957,0.000764355,0.000803551,0.000907953,0,0.000786076,-0.000947448,0.000763848,0,0.495257,-0.00215957,-0.000818563,0.000819981,0.0022787,1787461200,-0.00101353,0.00104687,0.000149459,1,0.00103732,0,0.000966789,1,-0.000851389,0.000766185,2.05576e-05,1,-0.000927216,0.000769005,0,1
1787461380,0.000265228,0.000218923,0.00101002,-0.000720259,0.00136703,0.521464,0.00015183,0.000162751,0.443497,-0.00238865,-0.00174372,-0.000836633,-0.000291443,7.81583e-05,0.000518293,0.0010302,0.0017495,0.00223723,9.73998e-05,0.000157396,0.000185398,0.000142151,0.00015658,0.000125728,0.000151756,0.000167856,0.00115244,0.000154441,0.000976387,0.00108362,0,0.000861741,0.500348,-0.00241907,-0.000906974,0.0009654,0.00256895,1787461200,-0.000888802,0.000900021,5.17082e-05,1,-0.000977539,0.00100775,0.000146093,1,-0.00112495,0.000857053,0,1,-0.000924981,0.000748472,0,1
1787461440,0.000938258,6.31392e-05,0.0021445,-0.000551585,0.00135381,0.510527,0.000237971,0.000247854,0.221966,-0.00207998,-0.00158688,-0.000728377,-0.000273245,3.15128e-05,0.000403241,0.000894576,0.00157673,0.00203841,0.000281231,0.00027014,0.000277048,0.000266855,0.000306521,0.000266445,0.000229586,0.000208626,0.0010009,0,0.000730936,-0.00104264,0.000822913,0,0.499336,-0.00229713,-0.000860227,0.000942781,0.00254639,1787461200,-0.000987495,0.00093037,2.6819e-05,1,-0.000873377,0.000846785,0.000128552,1,-0.00102833,0.00102718,4.43683e-05,1,0.00102633,0,0.000919641,1
1787461500,0.000273318,3.36431e-05,0.00108442,-3.36443e-05,0.00134675,0.495708,0.00014569,0.000155267,0.140218,-0.002202,-0.00170384,-0.000846374,-0.000313688,-1.77183e-05,0.00036813,0.000848008,0.00166856,0.00216437,9.86817e-05,0.000154258,0.000171271,0.000157559,0.00013646,0.000119263,0.000149782,0.000124763,-0.00101691,0.00110147,0,-0.00112121,0.00095874,0,0.497207,-0.00241666,-0.00094908,0.000979331,0.00266937,1787461500,0.00105772,0,0.00108917,1,0.00101809,0,0.00100415,1,0.000973383,0,0.000961668,1,-0.00113082,0.00102388,0,1
1787461560,-0.000185007,-4.20432e-06,0.000201787,-0.00102638,0.00133378,0.496416,0.000123655,0.000126144,0.100705,-0.00187422,-0.00150392,-0.000735075,-0.000288717,-1.18305e-05,0.000298636,0.000672049,0.00130365,0.00175039,7.92261e-05,0.00014729,0.000158538,0.000120265,0.000103569,0.000106066,0.00011561,0.000130356,-0.000850773,0.000826873,0,-0.000912181,0.000717812,0,0.495098,-0.00205747,-0.000785226,0.000785289,0.00221308,1787461500,-0.00111097,0.00110124,2.84661e-05,1,-0.00101034,0.00103164,3.65559e-05,1,0.00106409,0,0.00094521,1,-0.00106143,0.000927124,0,1
1787461620,-0.00048791,0.000260682,0.000613755,-0.000950802,0.00132063,0.5057,0.000177558,0.000171337,0.0844197,-0.00187378,-0.00145119,-0.000672677,-0.000249679,1.35487e-05,0.000335213,0.000753689,0.00134151,0.00179131,0.000138635,0.000184717,0.000188737,0.000165792,0.000137551,0.000149336,0.00017688,0.00019824,0.00087044,0,0.000782122,-0.000920912,0.000747686,0,0.497787,-0.0020711,-0.000765433,0.000823258,0.00228761,1787461500,-0.000920544,0.000867939,0,1,-0.00103682,0.00105177,8.3923e-05,1,0.00105196,0,0.00104484,1,-0.0010647,0.000897035,0,1
1787461680,-0.00392876,0,0.000323898,-0.00478232,0.00130918,0.503696,0.00162274,0.00160097,0.0744309,-0.00192918,-0.00147115,-0.000687821,-0.000270961,8.65238e-06,0.000345959,0.00077773,0.00136662,0.00181454,0.00174271,0.00155403,0.00155141,0.00161714,0.00164189,0.00167939,0.00160257,0.00167849,0.000894939,1.27528e-05,0.000808714,-0.000819985,0.000745829,0,0.495701,-0.00187054,-0.000684569,0.000738367,0.00206816,1787461500,0.000920112,0,0.000902472,0,-0.00088059,0.000839655,3.75808e-05,0,0.00112244,0,0.00108556,1,0.00114216,0,0.00101992,1
1787461740,0.00207591,0.000194272,0.00229506,-0.0020506,0.0014101,0.529792,0.000534043,0.000545903,0.171228,-0.00295804,-0.00218273,-0.00102792,-0.0003195,0.000133185,0.000617104,0.00127006,0.00219946,0.00283729,0.000826619,0.000610177,0.000587955,0.000594616,0.000708048,0.000620276,0.000484269,0.000477218,0.00141912,0.000449929,0.00128955,0.00135851,6.63502e-05,0.000994994,0.511617,-0.00288948,-0.00106858,0.00120435,0.00310259,1787461500,-0.000825027,0.000760172,7.69879e-05,1,0.00094711,0,0.000882338,1,-0.000967905,0.000873996,0,1,0.00119753,0,0.00106922,1
1787461800,0.000695224,0,0.00189072,-0.00055231,0.00142646,0.508106,0.000231982,0.000243315,0.167158,-0.00298334,-0.0022981,-0.00109744,-0.000387401,3.36706e-05,0.000512826,0.00118522,0.00220751,0.00292349,0.000201498,0.000225687,0.000249438,0.000244339,0.000287001,0.000363669,0.000234177,0.000204082,0.00138445,0.000168542,0.00150278,0.00138831,0,0.00114759,0.503268,-0.00286517,-0.0011075,0.00121819,0.00322331,1787461800,0.00121682,0,0.00121565,1,-0.000858995,0.000756715,4.46556e-05,1,0.000990458,0,0.00091397,1,-0.00105091,0.000845186,0,1
1787461860,0.000437954,-4.63332e-05,0.000475845,-0.00129814,0.00141554,0.498206,0.000179985,0.000189784,0.145204,-0.0026488,-0.00209169,-0.00104386,-0.000376713,-9.67775e-06,0.000431256,0.000964563,0.00187787,0.00245702,0.000129636,0.000181325,0.00020065,0.000188972,0.000226161,0.000229258,0.00019403,0.000160537,-0.00121246,0.00132816,0.00010093,-0.00124748,0.00110611,0,0.499108,-0.00269714,-0.0010515,0.00106479,0.00290237,1787461800,0.00131434,0,0.00134191,1,-0.00124082,0.00107358,0,1,-0.000928008,0.000789107,0,1,-0.0010254,0.000843147,0,1
1787461920,0.000151555,-2.10511e-05,0.000214696,-0.0006233,0.00140268,0.498527,0.000153213,0.0001618,0.136009,-0.00240278,-0.00192959,-0.000934555,-0.000350601,-8.5805e-06,0.000417514,0.000904253,0.00177471,0.00237237,7.79953e-05,0.000151632,0.000171475,0.000154943,0.000171856,0.000123097,0.00015974,0.000148313,-0.00110687,0.00116518,0.000104488,-0.00114294,0.000963335,0,0.49934,-0.00247735,-0.000945522,0.00100194,0.00275833,1787461800,0.00118505,2.04403e-05,0.0010806,1,0.00124351,4.01571e-05,0.00114046,1,0.00123112,0,0.00111196,1,-0.00096142,0.000789351,0,1
1787461980,-0.000357874,5.89317e-05,0.000488187,-0.000517907,0.00138875,0.499774,0.000163885,0.000158469,0.140556,-0.00214412,-0.00173447,-0.000801563,-0.000294184,-3.34911e-06,0.000348645,0.000776071,0.00152102,0.0020195,0.000108058,0.000167541,0.000177534,0.000152338,0.000159499,0.000131698,0.000159786,0.000177859,-0.000949482,0.000942876,4.11166e-05,-0.000966309,0.000711872,0,0.497718,-0.00216075,-0.0007946,0.000848404,0.00236142,1787461800,0.00110898,0,0.000989562,1,-0.00110385,0.00111948,0,1,0.00124801,0,0.00114533,1,0.00122257,0,0.00106531,1
1787462040,-0.00357313,-7.15903e-05,0.00010106,-0.003776,0.00137573,0.493292,0.00139469,0.00137202,0.142784,-0.00210941,-0.00168067,-0.000780077,-0.000305061,-2.31724e-05,0.000320754,0.00075092,0.00149508,0.00199622,0.00156894,0.0013563,0.00133277,0.00142195,0.00131932,0.0015019,0.00136038,0.00142308,-0.00092246,0.000891095,1.15727e-05,-0.000859361,0.000620147,0,0.488943,-0.0019422,-0.000732091,0.000717914,0.0020669,1787461800,0.000995225,0,0.000828759,0,0.00112849,0,0.000932881,1,0.0011913,0,0.00103663,1,0.00129764,0,0.00111719,1
1787462100,0.000777303,-5.07147e-05,0.00148649,-5.07147e-05,0.00145262,0.527669,0.000231087,0.000241659,0.0931485,-0.00298358,-0.00224066,-0.00106652,-0.000343924,0.000129341,0.000606629,0.00125537,0.00210895,0.0027088,0.000223915,0.000240513,0.000262446,0.000242905,0.000311753,0.000377836,0.000231,0.00020791,0.00142579,0.000346496,0.0014552,0.00134301,0,0.00112435,0.502757,-0.00289147,-0.00109609,0.00115992,0.00301326,1787462100,-0.000913561,0.000793962,0,1,0.00100447,0,0.0008202,1,0.001148,0,0.000991419,1,0.0012525,0,0.00102301,1
1787462160,-0.00240568,5.06727e-05,0.00121122,-0.00271897,0.00144222,0.511771,0.000776484,0.00074881,0.0916718,-0.00248571,-0.00186878,-0.000859343,-0.000293916,3.84419e-05,0.000438552,0.000909906,0.00165791,0.00219932,0.000985035,0.000749739,0.000720378,0.000846308,0.000614717,0.000719913,0.00079063,0.000786403,0.00107257,0,0.000941152,0.00104872,0,0.000760583,0.500016,-0.00235023,-0.000861531,0.000940597,0.00250465,1787462100,0.00137551,0,0.00128491,1,-0.000907159,0.000771599,6.13446e-06,0,0.0010622,0,0.00087327,0,-0.00115973,0.000944784,0,1
1787462220,0.000110052,-0.000122765,0.000512062,-0.00278496,0.0014677,0.530823,0.000187703,0.000189757,0.0844431,-0.00298282,-0.00227884,-0.00106152,-0.000342177,0.00014985,0.000615309,0.00123549,0.00213454,0.00280387,7.28487e-05,0.000155839,0.000184529,0.000162094,0.000209652,0.000289762,0.000204864,0.000218614,0.00141213,0.000273595,0.00126621,0.00133501,4.65338e-05,0.000943732,0.505031,-0.00291379,-0.00108685,0.00116913,0.00305248,1787462100,0.0010871,0,0.000940177,1,0.00131076,0,0.00120857,1,0.0010533,0,0.000911823,0,0.00105441,0,0.000864275,1
1787462280,0.00376831,-4.23263e-05,0.00464077,-0.000567321,0.00145303,0.51625,0.00131392,0.00134934,0.0811741,-0.00273705,-0.00211123,-0.000951563,-0.000306491,5.83426e-05,0.000511308,0.0010891,0.00201315,0.00269178,0.00167446,0.00139897,0.0013299,0.00134806,0.00148718,0.00129924,0.00128151,0.00126619,0.00125203,6.47259e-05,0.00110369,0.00132991,5.98539e-06,0.00102288,0.505287,-0.00285498,-0.00105551,0.00119148,0.00315593,1787462100,0.00122022,1.08156e-05,0.0011403,1,0.00100469,0,0.000945723,1,0.00126596,0,0.0011073,1,0.0010656,0,0.000866411,1
1787462340,0.00309862,-4.21662e-06,0.0031953,-0.000206636,0.00153397,0.479616,0.000950626,0.000970006,0.0623421,-0.00316659,-0.00251688,-0.00126946,-0.000464139,-9.30743e-05,0.000369664,0.001178,0.00236979,0.00326809,0.00133804,0.00103014,0.00094111,0.000958611,0.00102669,0.000902336,0.000923078,0.000973383,-0.00147909,0.00189083,0.000446057,-0.00153478,0.00157482,0,0.494414,-0.00312309,-0.00127376,0.00128108,0.00348652,1787462100,0.00123854,4.15257e-05,0.00120925,0,0.00118702,0,0.00113297,0,0.00107183,0,0.000894074,1,0.00118775,2.65077e-05,0.000999996,1
1787462400,-0.000777963,0,0.000781559,-0.001586,0.00158052,0.464652,0.000260605,0.000254722,0.0192208,-0.00307034,-0.00253882,-0.00130616,-0.000547739,-0.000163193,0.00030481,0.00111729,0.00233194,0.00334825,0.000219875,0.00025461,0.000291266,0.000247768,0.000266973,0.000394047,0.000253557,0.000265084,-0.00148027,0.00171835,0.000383334,-0.00140532,0.00142757,0,0.491943,-0.00291943,-0.00120953,0.00117873,0.00330519,1787462400,0.00142975,0,0.0013259,1,0.00122928,7.24245e-05,0.00106119,0,0.00122633,0,0.00102941,1,0.00111737,0,0.0008605,1
1787462460,0.000605602,7.15138e-05,0.00161832,2.1034e-05,0.0015685,0.471662,0.000236625,0.000247483,0.0238798,-0.0028505,-0.00227375,-0.00114458,-0.000473701,-0.000129856,0.000334653,0.000987505,0.00215237,0.00294333,0.000176104,0.000221155,0.000251477,0.000219877,0.000285456,0.000280477,0.000253154,0.000228491,-0.00130461,0.00144371,0.000148543,-0.00134368,0.00120023,0,0.495011,-0.00284981,-0.0011408,0.00112915,0.00317212,1787462400,-0.00134924,0.0012977,0,1,0.00130445,0.000151908,0.00112031,1,0.00117102,6.15229e-05,0.00108161,1,0.00124673,0,0.00101095,1
1787462520,0.000857309,0.000100898,0.00104212,-0.000357429,0.0015551,0.46957,0.000269393,0.000278568,0.0377949,-0.00261998,-0.00209037,-0.00104719,-0.000414767,-0.000124339,0.000290488,0.000931598,0.00196178,0.00272913,0.000248673,0.000261513,0.000286192,0.000247294,0.000317213,0.000256125,0.000290281,0.000262653,-0.00120386,0.0013155,0.000102869,-0.0012027,0.000993688,0,0.495349,-0.00258589,-0.0010182,0.00103033,0.00288525,1787462400,0.00126747,6.3467e-06,0.00113655,1,0.00129523,0,0.00109006,1,0.00136103,0,0.0011249,1,0.00124726,0,0.00108877,1
1787462580,0.000902741,4.2006e-05,0.000961496,-0.000235266,0.00154423,0.472161,0.000271122,0.000279084,0.0543776,-0.00250016,-0.00199912,-0.000989452,-0.00039488,-0.000109698,0.000290531,0.000891133,0.00186582,0.00251805,0.000265769,0.000267512,0.000287564,0.000257626,0.000313422,0.000257786,0.00029327,0.00026558,-0.00114264,0.00123784,0.000131004,-0.00114741,0.000908582,0,0.496004,-0.0024626,-0.000957157,0.000993167,0.00275049,1787462400,-0.00123307,0.00110814,0,1,0.00128483,0,0.00116661,1,-0.0013716,0.00114335,0,1,0.00139044,0,0.00119158,1
1787462640,0.000356673,-5.87584e-05,0.000780319,-0.000629734,0.00153403,0.470691,0.000169449,0.00017579,0.0787325,-0.00228017,-0.00187951,-0.000918573,-0.000363667,-0.000110901,0.000273618,0.000786865,0.00166523,0.00231023,0.000111558,0.000175159,0.000196565,0.000140617,0.000214267,0.000134584,0.000190191,0.000166593,-0.0010411,0.00107069,8.46626e-05,-0.00100702,0.000791639,0,0.494332,-0.00217395,-0.000836174,0.000872999,0.0024476,1787462400,-0.00119612,0.00106025,0,1,-0.0011605,0.00102683,1.08136e-05,1,0.00134481,0,0.00119819,1,-0.0013265,0.00108901,0,1
1787462700,0.000176191,-1.25863e-05,0.00121174,-0.000100695,0.00151945,0.479152,0.000143012,0.000151116,0.151317,-0.0022433,-0.00181114,-0.000874836,-0.000339937,-7.61966e-05,0.000295374,0.000775831,0.00163491,0.00220575,8.14775e-05,0.000162768,0.000177566,0.000127297,0.000186035,0.000106686,0.000154276,0.000132398,-0.00100421,0.00105283,0.000107091,-0.000944418,0.000823247,0,0.496031,-0.00208875,-0.000781646,0.000834325,0.00235967,1787462700,0.00105314,0,0.00090029,1,-0.0011434,0.000959356,0,1,-0.00124975,0.00101945,0,1,-0.00135261,0.00112156,0,1
1787462760,-0.00108281,2.09731e-05,5.87236e-05,-0.00158684,0.00150439,0.478379,0.000307514,0.000296616,0.289312,-0.00211662,-0.00166262,-0.000814853,-0.000303179,-6.96008e-05,0.000258332,0.000663288,0.00147475,0.00203281,0.000334812,0.000315272,0.000314251,0.000309342,0.000328596,0.000307523,0.000284675,0.000323781,-0.000907489,0.000932432,9.14014e-05,-0.000915566,0.000729209,0,0.492764,-0.00202956,-0.000775683,0.000776357,0.00223408,1787462700,-0.000928606,0.000970944,6.64383e-06,1,-0.00102602,0.000910478,0,1,-0.0012562,0.000923372,0,1,0.0012878,0,0.00106125,1
1787462820,0.000663255,5.03893e-05,0.00122961,0,0.00149712,0.486204,0.000205101,0.000210607,0.221189,-0.00214506,-0.0016659,-0.000826654,-0.000298813,-4.38597e-05,0.000280036,0.000747326,0.00156678,0.00206267,0.000191744,0.000221887,0.000225562,0.000192364,0.000234433,0.000188876,0.000209738,0.000203067,-0.00095469,0.00105756,6.48505e-05,-0.00091861,0.000814974,0,0.494925,-0.00205073,-0.000756314,0.000812269,0.00226029,1787462700,-0.000911631,0.000952608,1.86124e-05,1,-0.000937181,0.000940209,1.86708e-05,1,-0.00112429,0.000890998,0,1,0.00120167,0,0.000965833,1
1787462880,-0.000235027,3.77671e-05,0.000843126,-0.000235027,0.00148504,0.477375,0.00012575,0.000128747,0.326633,-0.00202767,-0.00160454,-0.000787714,-0.000285916,-6.94271e-05,0.000243372,0.000659287,0.00143231,0.00194782,8.7439e-05,0.000160548,0.000160994,0.000118937,0.000160805,0.000112124,0.000126067,0.000122539,-0.000884595,0.000950636,7.91284e-05,-0.000870853,0.000736816,0,0.496358,-0.00193765,-0.000710757,0.000763066,0.00212904,1787462700,-0.000877569,0.000869469,4.5061e-05,1,-0.000878249,0.00089913,0.000160173,1,-0.00100513,0.000948293,0,1,-0.00107666,0.000933492,0,1
1787462940,-0.000982677,2.51842e-05,0.00024342,-0.00113394,0.00147049,0.476608,0.000278317,0.000266586,0.48595,-0.00200625,-0.00154543,-0.000758458,-0.000285769,-6.61124e-05,0.000222397,0.000593741,0.00131605,0.00184177,0.0002956,0.00028672,0.000284388,0.000280859,0.000297783,0.000278546,0.000273775,0.000276265,-0.000831964,0.000867772,3.86857e-05,-0.000830794,0.000705016,0,0.493573,-0.00188725,-0.000694713,0.000705764,0.00202333,1787462700,-0.000864482,0.000848951,0,1,0.000917959,0,0.000899182,1,-0.000996532,0.00096179,1.51558e-05,1,-0.00104601,0.000947162,0,1
1787463000,8.40304e-06,-5.04197e-05,0.00165404,-0.000151267,0.00146233,0.485735,0.00011825,0.000125399,0.466519,-0.00208886,-0.00160379,-0.000822923,-0.000271676,-4.41999e-05,0.000271507,0.000705315,0.00142197,0.00191872,6.67284e-05,0.000144417,0.000137303,0.000113705,0.000127444,9.90984e-05,0.000122307,0.000109019,-0.000926149,0.0009235,5.99098e-05,-0.00091328,0.000764644,0,0.492102,-0.00205418,-0.00077911,0.000788669,0.00217707,1787463000,-0.000798326,0.00083424,2.37325e-05,1,-0.000833412,0.000824944,5.71296e-05,1,0.00099828,0,0.00090409,1,0.00108829,0,0.000982074,1
1787463060,0.000193251,9.24288e-05,0.000785373,-0.000331974,0.00144763,0.48604,0.000114355,0.000120274,0.640011,-0.00186928,-0.0014293,-0.000704004,-0.000236155,-3.55942e-05,0.000225175,0.000599965,0.00131325,0.00179605,8.39577e-05,0.000152434,0.000140443,0.000129897,0.000116956,0.000105297,0.000108775,9.75233e-05,-0.000795353,0.000789755,0,-0.000958959,0.000760417,0,0.495273,-0.00213568,-0.000813656,0.000827491,0.00230386,1787463000,0.000956778,0,0.000967299,1,-0.000776183,0.000824457,0.000109828,1,-0.000914695,0.000837144,0,1,0.000976934,0,0.000900706,1
1787463120,0.000373792,4.20068e-06,0.000953103,-0.000252073,0.00143334,0.485573,0.000134872,0.000139267,0.507894,-0.0017226,-0.00132612,-0.000628528,-0.000196905,-3.26474e-05,0.000199378,0.000543406,0.00120376,0.00170316,0.000113963,0.00016678,0.000154101,0.000140326,0.000127874,0.000129043,0.000131688,0.000122712,-0.000713858,0.000714143,0,-0.000813226,0.000643486,0,0.494454,-0.00181447,-0.000664111,0.000705078,0.00199625,1787463000,0.000918306,0.000119185,0.000983827,1,0.000908151,6.38745e-05,0.000867532,1,0.000873823,0,0.000845246,1,0.000956401,0,0.000846093,1
1787463180,0.000424021,0.000130164,0.000533146,-0.000978874,0.00141992,0.483281,0.000142607,0.00014551,0.340757,-0.0016574,-0.00127733,-0.00061996,-0.00019731,-3.71614e-05,0.000190793,0.000503631,0.00117334,0.00163387,0.000125003,0.000173638,0.000158163,0.000149335,0.000126038,0.000133897,0.000144569,0.00013088,-0.00068994,0.000671822,0,-0.000787677,0.000621063,0,0.493447,-0.00174069,-0.000645378,0.00067272,0.00191362,1787463000,0.000804812,7.49112e-05,0.000867897,1,-0.000850763,0.00100822,0.000207276,1,0.000929853,0.000101919,0.000860971,1,0.000946395,0,0.000844418,1
1787463240,-0.000839821,4.19733e-06,5.4564e-05,-0.00121377,0.00140693,0.487839,0.000243038,0.000233533,0.243638,-0.00167861,-0.00128489,-0.000646506,-0.000223565,-2.90611e-05,0.000215535,0.000549068,0.00118835,0.00162119,0.000240718,0.000245985,0.000242222,0.000241719,0.000253925,0.000243092,0.000252238,0.000234586,-0.000729252,0.000697656,6.49585e-06,-0.000839134,0.000694403,0,0.496563,-0.00184976,-0.000683456,0.000744678,0.00208319,1787463000,0.00077222,7.17737e-05,0.00082347,1,-0.000782304,0.000874731,0.000115936,1,0.000954025,0.000130595,0.00102464,1,0.000894373,5.25151e-05,0.000834213,1
1787463300,0.000608941,0,0.00095734,-0.000386555,0.00139784,0.486273,0.000180918,0.000187131,0.187717,-0.00166901,-0.00126911,-0.000645691,-0.000233389,-3.11265e-05,0.000201211,0.000517337,0.00113159,0.00153384,0.000176379,0.000201781,0.000183035,0.000178518,0.000168402,0.000174554,0.000180923,0.000188185,-0.000712967,0.000660719,0,-0.000745738,0.000613472,0,0.492595,-0.00166225,-0.000604468,0.000628934,0.00177894,1787463300,0.00079225,9.59044e-05,0.000905016,1,-0.000752274,0.000839314,0.000105259,1,0.000868016,4.36301e-05,0.00090577,1,0.00108043,5.3446e-05,0.00101196,1
1787463360,-0.00175223,0,4.1983e-06,-0.00225704,0.00138647,0.482138,0.000574218,0.000558012,0.114276,-0.00161577,-0.00123101,-0.000618791,-0.00020487,-3.9748e-05,0.000188327,0.000506974,0.00108974,0.00151588,0.000661669,0.00051325,0.000548241,0.000552865,0.000661852,0.000577799,0.000593621,0.000596013,-0.000686824,0.000648528,1.21921e-05,-0.000792391,0.000651159,0,0.496846,-0.00175044,-0.000643171,0.000692081,0.00192399,1787463300,-0.000687271,0.000702597,9.51062e-05,1,-0.000814393,0.000881569,5.92616e-05,1,0.000841846,4.30081e-05,0.000863928,1,0.000939053,2.21892e-05,0.000895151,1
1787463420,-0.000370168,-2.52344e-05,0.000529775,-0.000479562,0.00139473,0.507726,0.000156498,0.000154267,0.105321,-0.00196737,-0.00148806,-0.000738085,-0.000233303,1.84532e-05,0.000305233,0.000720949,0.00139433,0.0018089,0.000109486,0.000163898,0.000148842,0.000149418,0.000128168,0.000137045,0.000167109,0.000155953,0.000876892,0.000126379,0.000870204,0.000936807,0,0.000771834,0.500607,-0.00210974,-0.00077468,0.000837872,0.00225494,1787463300,-0.000755258,0.000780487,7.57387e-05,1,0.000729188,0,0.00077764,1,0.000874618,2.48742e-05,0.000928909,1,-0.000902835,0.000899417,0,1
1787463480,-0.000656544,4.20714e-05,0.000391196,-0.000947075,0.0013817,0.49243,0.000197444,0.000184609,0.0918093,-0.00170914,-0.00126187,-0.00061015,-0.000221892,-1.79641e-05,0.000215701,0.000541597,0.00111961,0.0014914,0.000185998,0.00021017,0.000192585,0.000189818,0.000174897,0.000187568,0.000205837,0.000200205,-0.000699125,0.000613389,0,-0.000808468,0.000631702,0,0.496371,-0.00184206,-0.000665347,0.000694514,0.00191947,1787463300,-0.000821191,0.000860234,8.533e-05,1,-0.000748445,0.000757525,9.89658e-05,1,0.00082559,0,0.000800116,1,-0.000908568,0.000916216,3.04927e-05,1
1787463540,8.8406e-05,8.8406e-05,0.00019785,-0.00111206,0.00137096,0.511014,0.000103722,0.000109618,0.0829952,-0.00181874,-0.00135933,-0.000647167,-0.000202392,2.40592e-05,0.000296617,0.00063986,0.00125572,0.00161165,7.06103e-05,0.000134867,0.00011026,0.000108284,9.60153e-05,0.000102417,9.66001e-05,0.00010258,0.000772923,1.26405e-07,0.000708603,0.000842379,0,0.00067397,0.500059,-0.00195176,-0.000694533,0.000751673,0.00203769,1787463300,0.000753776,0,0.00077775,1,0.000850416,0,0.000873823,1,-0.000822153,0.000779366,2.68837e-05,1,-0.000815711,0.000769329,9.72646e-07,1
1787463600,-5.05167e-05,4.20961e-06,0.000732206,-0.000892838,0.00135724,0.50462,9.93059e-05,0.00010104,0.0683836,-0.00170327,-0.00125968,-0.00060376,-0.000185453,6.53799e-06,0.0002477,0.000611188,0.00115376,0.00154657,6.73762e-05,0.000130806,0.000102867,0.000107149,8.39157e-05,9.49981e-05,9.72847e-05,9.0984e-05,0.000730247,0,0.000715582,0.000866258,0,0.000736768,0.502387,-0.00198147,-0.000698541,0.00078861,0.00214427,1787463600,0.00074975,2.99373e-06,0.000799274,1,0.0007367,1.54245e-05,0.000807114,1,0.000895745,0,0.000850546,1,-0.000854436,0.000804321,0,1
1787463660,0.00086685,0,0.00159005,-3.36792e-05,0.00134362,0.500267,0.000238042,0.000247119,0.0616311,-0.00172326,-0.00128652,-0.000618301,-0.00019146,-2.48151e-06,0.000234506,0.000583502,0.00111399,0.00153321,0.000253839,0.000250339,0.00024762,0.000247358,0.00026155,0.000250105,0.000241537,0.000219883,0.000723342,0,0.000731712,-0.00088814,0.00077207,0,0.499167,-0.00202986,-0.00074281,0.000777454,0.0021358,1787463600,0.000783596,4.66182e-05,0.00087747,1,0.000751865,1.68095e-05,0.000769405,1,0.000809883,0,0.000791122,1,0.000874455,0,0.00085208,1
1787463720,-0.000252403,4.2061e-05,0.000798856,-0.000252403,0.00133575,0.476314,0.000109898,0.000106425,0.0557556,-0.00162626,-0.00125288,-0.000659363,-0.000227944,-5.08234e-05,0.000169095,0.000496253,0.00104517,0.00147486,8.97385e-05,0.000138875,0.000113846,0.000122491,9.76918e-05,0.000114262,9.9326e-05,0.000103002,-0.000705099,0.000661627,7.41155e-05,-0.000776957,0.000638098,0,0.492846,-0.00175765,-0.000660219,0.000653797,0.00184032,1787463600,0.000790441,8.33218e-05,0.000881712,1,0.000809482,1.89716e-05,0.000822352,1,0.00079375,0,0.000743563,1,0.000852158,0,0.000789328,1
1787463780,-0.000387142,0,0.000113589,-0.000408186,0.00132281,0.475879,0.000128095,0.000123304,0.052985,-0.00159407,-0.0012146,-0.000628949,-0.000240301,-4.82592e-05,0.000157101,0.000448063,0.00096095,0.00135954,0.000112195,0.000158714,0.000132921,0.000138877,0.000117098,0.000134081,0.000115088,0.00012452,-0.000661164,0.000562735,6.19999e-06,-0.000710652,0.000564779,0,0.491269,-0.00164368,-0.00060551,0.000576349,0.00167516,1787463600,-0.000723529,0.000753972,8.51095e-05,1,0.000783714,6.49548e-05,0.000879486,1,0.000813419,0,0.000854436,1,0.000807018,0,0.000748314,1
1787463840,0.000231462,0,0.000399764,-0.000576783,0.00131066,0.475063,9.68354e-05,0.000102398,0.0517252,-0.00143479,-0.00107677,-0.000504181,-0.000193638,-4.37005e-05,0.000136783,0.00041762,0.000866586,0.00121267,8.98364e-05,0.000134089,0.000102714,9.74567e-05,0.000103579,0.000105866,9.02021e-05,9.47722e-05,-0.000562546,0.000391062,0,-0.000559873,0.000418425,0,0.487338,-0.00125172,-0.000423038,0.000410886,0.00124179,1787463600,-0.000654016,0.000683056,8.17102e-05,1,-0.00070038,0.00071923,0.00014333,1,0.000828188,2.83478e-05,0.000884966,1,0.000848935,0,0.000841175,1
1787463900,-7.57451e-05,2.94549e-05,0.000441732,-0.000273551,0.0012979,0.484078,9.10415e-05,9.16184e-05,0.0520932,-0.001615,-0.00121312,-0.000595787,-0.00019585,-3.3627e-05,0.000182766,0.00050326,0.00105117,0.00140239,6.86214e-05,0.000123663,8.63584e-05,0.000106294,7.78574e-05,8.1916e-05,9.3677e-05,7.70231e-05,-0.000668095,0.000618548,0.000119831,-0.000736419,0.000574242,5.28243e-05,0.49613,-0.00169347,-0.00061191,0.000634835,0.00175882,1787463900,-0.000532635,0.000462544,4.36548e-05,1,-0.000647276,0.000659337,0.000166361,1,0.00079504,0,0.000830396,1,0.000896117,0,0.000887857,1
1787463960,0.000277704,-5.04999e-05,0.000824472,-0.000277781,0.0012849,0.471353,0.000103544,0.000107942,0.0538895,-0.00141329,-0.00106215,-0.000492468,-0.000164466,-4.79164e-05,0.000124491,0.00037365,0.000860137,0.00120891,9.7351e-05,0.000134299,0.000104477,0.00010748,0.000107472,9.33958e-05,9.80343e-05,0.000100696,-0.000533543,0.000480612,2.91592e-05,-0.000633984,0.000493396,0,0.494924,-0.0014615,-0.000511607,0.00052108,0.00152349,1787463900,-0.000771941,0.000716323,0.000104507,1,-0.000564552,0.000502473,3.3425e-05,1,0.000749663,0,0.00079293,1,-0.00084517,0.000775685,5.12443e-06,1
1787464020,-0.000892294,-4.20714e-05,-3.78642e-05,-0.000959669,0.00127259,0.474251,0.000257195,0.000245756,0.0585938,-0.00138355,-0.00106121,-0.000511507,-0.00016785,-4.99158e-05,0.000149028,0.000406506,0.000908094,0.00126047,0.000261887,0.000258444,0.000253698,0.000254046,0.000243047,0.00028475,0.000263055,0.00025569,-0.000562579,0.000546455,4.70966e-05,-0.00062471,0.000556955,7.65874e-06,0.496877,-0.00144706,-0.000501176,0.000532296,0.00153906,1787463900,-0.000599809,0.000608914,8.3721e-05,1,-0.000732689,0.000717555,9.28388e-05,1,-0.000661783,0.000532809,0,1,-0.000811434,0.000725443,0,1
1787464080,0.000172628,9.68439e-05,0.000442037,-0.000214774,0.00126611,0.49019,8.04095e-05,8.46158e-05,0.0493134,-0.00135866,-0.00100954,-0.000474093,-0.000152831,-1.90041e-05,0.000167386,0.000404705,0.000846322,0.00118357,7.97036e-05,0.000124666,8.59751e-05,8.11233e-05,9.25769e-05,9.87181e-05,7.05395e-05,8.3653e-05,-0.000533847,0.000419887,0,-0.000605285,0.000509076,0,0.49381,-0.00139575,-0.000483517,0.00049667,0.00143846,1787463900,-0.000578679,0.00062507,0.000131869,1,-0.000604139,0.000595321,0.000136873,1,0.00074612,1.17042e-05,0.00082975,1,-0.0006534,0.000512769,0,1
1787464140,0.000332541,6.31493e-05,0.000723872,6.31493e-05,0.00125362,0.488549,0.000107515,0.000110398,0.0478706,-0.00134638,-0.000997544,-0.000456126,-0.00014777,-2.13665e-05,0.000162995,0.000386755,0.00086,0.00117971,0.000106255,0.00014024,0.000109636,0.000107806,0.000117083,0.000115279,0.000101459,0.000106676,-0.00051451,0.000489483,3.48207e-05,0.000622616,0,0.000559834,0.505311,-0.00138258,-0.000478011,0.000539215,0.00153298,1787463900,-0.000546826,0.000515303,8.04015e-05,1,-0.000588689,0.000601552,0.000162395,1,-0.000682648,0.000624765,4.78998e-05,1,-0.000751628,0.000763692,0,1
1787464200,8.41701e-05,-4.20877e-05,0.000849793,-7.15502e-05,0.00124191,0.473253,7.18081e-05,7.47749e-05,0.0478596,-0.00130442,-0.000984637,-0.000487866,-0.000161212,-4.34054e-05,0.000123843,0.000309341,0.000777618,0.00108832,6.97119e-05,0.000116405,7.47002e-05,7.21674e-05,7.83742e-05,7.26582e-05,6.92088e-05,7.02401e-05,-0.000497407,0.000480152,0.000116522,-0.000601165,0.000412776,0,0.499653,-0.00133553,-0.000480054,0.000484297,0.00140985,1787464200,-0.000578623,0.000577341,9.12549e-05,1,-0.000588443,0.000548321,2.60608e-05,1,-0.000643675,0.00063016,7.78758e-05,1,-0.000734119,0.000647476,0,1
1787464260,-0.000555654,0.000151488,0.000223017,-0.000606183,0.00122948,0.484634,0.00016006,0.000149923,0.0470329,-0.00137867,-0.00104429,-0.000517293,-0.00017062,-2.53122e-05,0.000144334,0.000363555,0.000831799,0.00116019,0.000157725,0.000176699,0.000159456,0.000159473,0.00014805,0.000162028,0.000152871,0.000167215,-0.00054227,0.000601702,0.000143131,-0.00064667,0.000532998,0,0.499642,-0.00149739,-0.000539484,0.000544959,0.00159844,1787464200,-0.000572794,0.000566746,4.34607e-05,1,-0.000593246,0.000567691,0.000118585,1,-0.000666503,0.000570858,0,1,-0.000708843,0.000622721,2.59518e-05,1
1787464320,0.000185252,8.4213e-06,0.000193672,-0.000762422,0.00121966,0.4842,8.48013e-05,8.70509e-05,0.04309,-0.00133855,-0.000978818,-0.000470929,-0.000160228,-2.38209e-05,0.000131575,0.000358639,0.000808973,0.00110848,8.1712e-05,0.000118997,7.99012e-05,7.72746e-05,9.05958e-05,7.59854e-05,8.31394e-05,9.00872e-05,-0.000510102,0.000511638,7.67711e-05,-0.000578801,0.000495934,0,0.49519,-0.00134138,-0.000464525,0.0004805,0.00142284,1787464200,-0.000598028,0.000639062,8.20326e-05,1,-0.000557432,0.000535947,0.000140372,1,-0.000653701,0.000589227,5.85523e-05,1,-0.00064618,0.00055199,0,1
1787464380,0.000269397,-1.26297e-05,0.000391443,-0.000290524,0.00120769,0.495648,9.80421e-05,9.90351e-05,0.0440441,-0.00134692,-0.000980839,-0.000463029,-0.000133672,-1.00315e-05,0.000162146,0.000398191,0.000868123,0.00116953,9.55407e-05,0.000125008,9.17686e-05,9.83383e-05,0.000102708,8.03426e-05,9.62975e-05,9.81023e-05,-0.000523574,0.000577317,0.000139289,0.000595488,0,0.000579047,0.501773,-0.00136709,-0.000457859,0.000529898,0.00152795,1787464200,-0.000531482,0.000504057,6.60549e-05,1,-0.000588002,0.000604685,0.00017311,1,-0.000662657,0.000578737,1.59182e-05,1,-0.00069612,0.00059783,0,1
1787464440,0.000109422,4.62952e-05,0.000223039,-0.000202041,0.00119616,0.486192,7.17804e-05,7.34019e-05,0.0431831,-0.00126627,-0.000945882,-0.000458238,-0.000141735,-2.15228e-05,0.000136474,0.000319257,0.000777728,0.00107625,7.08829e-05,0.000111484,6.66327e-05,7.21519e-05,7.58523e-05,4.80138e-05,7.20698e-05,7.15222e-05,-0.000481773,0.000501702,0.00013647,-0.000539431,0.00041233,0,0.497338,-0.00123246,-0.000412032,0.000444667,0.00132694,1787464200,-0.000569812,0.000605024,0.00013866,1,-0.000567635,0.000550054,9.35864e-06,1,-0.000655382,0.000637641,6.39192e-05,1,-0.000701444,0.000624347,0,1
1787464500,-0.00011363,0,0.000231429,-0.0006146,0.00118424,0.489104,6.68168e-05,6.56363e-05,0.0432071,-0.00118545,-0.000893977,-0.000417049,-0.00012669,-1.52474e-05,0.000120996,0.000275992,0.000708637,0.000993327,7.01715e-05,0.000110102,6.40953e-05,6.62313e-05,7.15045e-05,4.58084e-05,5.90564e-05,7.47235e-05,-0.00043248,0.000408646,0.000125832,-0.000485812,0.000344511,0,0.495368,-0.00109807,-0.000352046,0.000375887,0.00117798,1787464500,-0.000533125,0.000542078,6.92676e-05,1,-0.000607781,0.000598113,8.35669e-05,1,-0.000629409,0.000562225,0,1,-0.000733504,0.000634768,0,1
1787464560,-0.000256768,-2.94618e-05,0.000122047,-0.000319918,0.00117244,0.488975,9.49612e-05,9.19389e-05,0.0423499,-0.00125199,-0.00093493,-0.000438696,-0.00013206,-1.71539e-05,0.000134256,0.000318912,0.000774955,0.00106837,8.97606e-05,0.000121022,8.49076e-05,9.42559e-05,8.61414e-05,7.30713e-05,9.0859e-05,0.000100729,-0.000468644,0.00048545,0.000151096,-0.000555853,0.000434909,0,0.497066,-0.00129153,-0.000440813,0.000468836,0.00141231,1787464500,-0.000487602,0.000493406,5.82706e-05,1,-0.000549851,0.000526951,7.78282e-05,1,-0.000644175,0.000609307,6.50983e-05,1,-0.000620793,0.000519169,0,1
1787464620,0.000130497,0.00010945,0.00028202,-8.84108e-05,0.00116123,0.476971,7.05289e-05,7.08644e-05,0.0412915,-0.00120691,-0.00088214,-0.000410291,-0.000136479,-2.80875e-05,9.85217e-05,0.000256535,0.000688325,0.000968256,7.22707e-05,0.000108013,6.13991e-05,6.49531e-05,7.55285e-05,4.75226e-05,7.21263e-05,7.42263e-05,-0.00042075,0.000401636,0.000116393,-0.000433274,0.000324867,0,0.491869,-0.000968036,-0.000303269,0.000308505,0.00100974,1787464500,-0.000540834,0.00058687,0.00011302,1,-0.000516467,0.000496371,6.39857e-05,1,-0.00061788,0.000549242,1.07686e-05,1,-0.000676197,0.000623368,2.09365e-05,1
1787464680,-0.000117867,0,0,-0.000277853,0.00114971,0.48401,6.43258e-05,6.09278e-05,0.0428109,-0.00112031,-0.000835672,-0.000375296,-0.000109918,-2.07065e-05,0.000110152,0.000239014,0.000646406,0.000919813,7.01544e-05,0.000105804,5.86e-05,6.07431e-05,6.81052e-05,4.51782e-05,5.52575e-05,7.55592e-05,-0.000385847,0.000368321,0.000139635,-0.00043453,0.000318351,0,0.496622,-0.000975561,-0.000294828,0.000328624,0.00105608,1787464500,-0.000431237,0.000410818,7.19366e-05,1,-0.000570677,0.000586998,9.70174e-05,1,-0.000583579,0.000524044,1.6458e-05,1,-0.000642251,0.000578215,0,1
1787464740,-0.00101086,4.20971e-05,4.20971e-05,-0.00101086,0.00113827,0.477441,0.000317359,0.000302903,0.0441449,-0.00110897,-0.000809004,-0.00034398,-0.000106047,-2.4894e-05,9.00088e-05,0.000209795,0.000615941,0.00089548,0.000307599,0.000289687,0.000354053,0.000353112,0.000299555,0.000400271,0.000322853,0.000301677,-0.000353292,0.000233965,7.86815e-05,-0.000379415,0.000254091,0,0.492501,-0.000788414,-0.000221474,0.000244211,0.00083981,1787464500,-0.000444258,0.000446895,7.39605e-05,1,-0.000461764,0.000435161,7.357e-05,1,-0.00063126,0.000623566,5.10566e-05,1,-0.000616368,0.000532467,0,1
1787464800,9.69186e-05,0,0.000855088,-0.000181221,0.00113586,0.485354,8.6271e-05,8.73438e-05,0.038085,-0.00152971,-0.00115473,-0.000553047,-0.000191639,-2.50388e-05,0.000150465,0.000409366,0.000932779,0.00124869,6.98259e-05,0.000102914,6.15329e-05,7.72759e-05,7.38303e-05,8.15073e-05,0.000102045,8.31026e-05,-0.000593232,0.000809245,0.000328174,-0.00067885,0.000779042,0.00015421,0.49511,-0.00158154,-0.00058532,0.000586144,0.00165438,1787464800,-0.000389852,0.000363406,5.90156e-05,1,-0.000471327,0.000452853,8.79877e-05,1,-0.000544223,0.000474607,0,1,-0.000677924,0.000631984,8.20812e-06,1
1787464860,-0.000526845,0,1.26409e-05,-0.000859954,0.00112453,0.493756,0.000159209,0.000148938,0.0350442,-0.00133731,-0.000983604,-0.000442174,-0.000141903,-9.52245e-06,0.000136727,0.000343708,0.000832368,0.00111568,0.000149294,0.000161302,0.000150744,0.000150979,0.000133659,0.000156127,0.000155478,0.000173644,-0.000485637,0.000511879,8.61344e-05,0.00061052,0,0.00057616,0.501126,-0.00144458,-0.000507324,0.00053401,0.0015575,1787464800,-0.000613308,0.000589278,7.94801e-05,1,-0.000436877,0.000397102,2.41336e-05,1,-0.00053541,0.000483462,2.67304e-05,1,-0.000568038,0.000473759,0,1
1787464920,0.000956545,-2.95115e-05,0.000960757,-0.000940581,0.00111572,0.509059,0.000266785,0.000287314,0.0337528,-0.00130051,-0.000968789,-0.000431491,-0.000136193,1.31918e-05,0.000160496,0.000365697,0.000851334,0.00114059,0.000290702,0.000273523,0.000301775,0.000289605,0.000319027,0.000288702,0.000268541,0.000254445,0.000487934,3.74284e-05,0.000564419,0.000561833,0,0.000487247,0.500854,-0.00134126,-0.000453594,0.000495428,0.0014424,1787464800,-0.000600488,0.00063613,6.01727e-05,1,0.000686388,2.17396e-05,0.000598414,1,-0.000519903,0.000432472,0,1,-0.000582539,0.000496488,0,1
1787464980,-0.000341217,8.42364e-06,0.000429515,-0.000433914,0.00111276,0.49151,0.000125746,0.000121159,0.0410166,-0.00148216,-0.00114727,-0.000558241,-0.000181786,-1.70841e-05,0.000182286,0.000464926,0.00106823,0.00143701,0.000103445,0.000129163,0.000101943,0.00012049,9.84004e-05,0.000128763,0.00013273,0.000129938,-0.000626863,0.000771085,0.000154063,0.000713809,0,0.000720591,0.505134,-0.00160119,-0.000587219,0.00064474,0.00183348,1787464800,-0.000547879,0.000535473,3.32502e-05,1,-0.000584395,0.00063015,0.000105612,1,0.00078088,0,0.000730825,1,-0.000524386,0.000441623,0,1
1787465040,0.000699159,4.21327e-06,0.00106539,-0.000366622,0.00110263,0.482217,0.000203588,0.00021323,0.0359119,-0.00138963,-0.0010619,-0.000511376,-0.000194649,-2.86659e-05,0.000136943,0.000390549,0.000900059,0.00121074,0.000200585,0.000201841,0.000198378,0.000198733,0.000210393,0.000200572,0.000214292,0.00019864,-0.00055807,0.00059735,6.31345e-05,-0.000600239,0.000514125,0,0.499625,-0.00141147,-0.000507806,0.000513116,0.00152921,1787464800,-0.000690457,0.000719032,5.12523e-05,1,0.000576577,0,0.000550063,1,-0.000633327,0.000655721,2.15163e-05,1,0.000692827,2.30075e-05,0.000617906,1
1787465100,-5.89464e-05,1.26309e-05,0.000420945,-0.00017685,0.00109602,0.482716,8.4094e-05,8.31197e-05,0.0401486,-0.0014303,-0.00109008,-0.000525228,-0.000192638,-3.13252e-05,0.000154293,0.000449406,0.00103275,0.00136076,6.66163e-05,9.5935e-05,6.21714e-05,8.59691e-05,6.69442e-05,9.9573e-05,9.12179e-05,7.99661e-05,-0.000597235,0.000709361,0.000121435,-0.000648016,0.000581886,1.43126e-05,0.499677,-0.00148018,-0.000544836,0.000566416,0.00166617,1787465100,-0.000590058,0.000596644,0,1,-0.00069527,0.000727628,0,1,-0.000623777,0.000560205,0,1,0.000718138,0,0.000648109,1
1787465160,-0.000577016,0,0,-0.000876184,0.00108504,0.47549,0.000164714,0.000154924,0.0355358,-0.00131909,-0.000995891,-0.000482764,-0.000175434,-3.49511e-05,0.000111991,0.000341967,0.000833401,0.00114831,0.000163376,0.00016846,0.000164899,0.000165046,0.000153768,0.000167404,0.000158727,0.000169951,-0.00051431,0.000518908,5.77025e-05,-0.000548942,0.000413892,0,0.49592,-0.00129737,-0.000463551,0.000450935,0.00139588,1787465100,-0.000653209,0.000663628,1.9802e-05,1,-0.000592665,0.000601844,5.55227e-06,1,-0.0007034,0.000701316,0,1,-0.000623346,0.000555728,0,1
1787465220,-0.000611073,3.79164e-05,0.000606489,-0.000611073,0.00107723,0.489782,0.000185441,0.000174023,0.0335549,-0.00137357,-0.00102052,-0.000471211,-0.000160186,-1.65692e-05,0.000146649,0.000427894,0.000966807,0.00126566,0.000172836,0.000177756,0.000174239,0.00017461,0.000159897,0.000176118,0.00019412,0.00019183,-0.000546432,0.000673622,6.88463e-05,-0.000556406,0.000504699,0,0.499222,-0.00131283,-0.000454895,0.000488818,0.00145982,1787465100,-0.000573129,0.000573294,0,1,-0.000653373,0.000652252,1.01787e-05,1,-0.000655742,0.000616,0,1,-0.000735007,0.000669692,0,1
1787465280,-0.00024875,8.00929e-05,0.000252903,-0.000881446,0.0010699,0.488237,0.000105157,9.86664e-05,0.0329286,-0.00138662,-0.00103194,-0.00049636,-0.000171047,-1.98084e-05,0.000151978,0.000433082,0.000974927,0.0012847,8.776e-05,0.000109822,8.49553e-05,9.66583e-05,7.94499e-05,0.000112527,0.000115442,0.000108363,-0.000567146,0.000703364,5.43422e-05,0.00058711,0,0.000522602,0.501685,-0.00139053,-0.000489324,0.000517166,0.00151231,1787465100,-0.000569716,0.000534639,8.13231e-07,1,-0.000565224,0.000558782,4.48195e-05,1,-0.000694453,0.000657806,0,1,-0.00068516,0.00060226,0,1
1787465340,-0.000341606,-2.53001e-05,6.74639e-05,-0.000615818,0.00105973,0.503928,0.000126487,0.000118975,0.0306432,-0.00140499,-0.00102118,-0.000477014,-0.00015484,5.6784e-06,0.000176415,0.000469541,0.00101646,0.0013442,0.000103116,0.000124165,9.90205e-05,0.000113014,9.3666e-05,0.000124363,0.000140238,0.000134941,0.000569093,0.00014673,0.000617935,0.000599449,0,0.000524135,0.509866,-0.00138355,-0.000479974,0.000552532,0.00157906,1787465100,-0.000587655,0.000590417,2.09747e-05,1,0.000607277,0,0.000551655,1,0.000650788,0,0.000604297,1,-0.000733315,0.000643966,0,1
1787465400,0.000438584,-1.68724e-05,0.000438584,-0.000434556,0.00105019,0.49401,0.000123486,0.000131994,0.0294565,-0.00128583,-0.00095761,-0.000437828,-0.000152076,-9.78092e-06,0.000147782,0.000400862,0.000872415,0.00116669,0.000128389,0.00013873,0.000125902,0.00012602,0.000142741,0.000136319,0.000126445,0.000123645,-0.000508655,0.000612439,3.72263e-05,0.000500241,0,0.000421707,0.504641,-0.00119611,-0.000394812,0.000446009,0.0013187,1787465400,-0.000601806,0.000605404,3.79522e-05,1,-0.000590261,0.00059525,2.91662e-05,1,-0.000647546,0.00055753,0,1,0.000696848,0,0.000588788,1
1787465460,-0.000236136,0,0.000657515,-0.000236136,0.00104148,0.482399,9.84199e-05,9.09328e-05,0.0299343,-0.0012547,-0.00095431,-0.000446476,-0.000153269,-2.66676e-05,0.000129012,0.000401683,0.000882865,0.00118777,8.54111e-05,0.000104903,7.96034e-05,8.85313e-05,7.62742e-05,0.000100763,0.00011021,0.000101761,-0.000515419,0.000610185,5.3616e-05,0.0005342,0,0.000474477,0.504822,-0.00124727,-0.000426415,0.000478438,0.00139696,1787465400,-0.000511153,0.000491457,4.92816e-07,1,-0.000622646,0.00060756,0,1,-0.000644095,0.000620235,0,1,-0.000638419,0.000538863,0,1
1787465520,0.00100741,0,0.00124331,-1.6869e-05,0.00103155,0.477553,0.000292167,0.000313153,0.0286508,-0.00132899,-0.000981147,-0.000483004,-0.000188095,-3.6907e-05,0.000131639,0.000390117,0.000861099,0.00120005,0.00031057,0.00028704,0.000336231,0.000303233,0.000345703,0.00030337,0.000291637,0.00028052,-0.000536685,0.000668869,6.52817e-05,0.000527472,0,0.000490033,0.500982,-0.00127163,-0.000445067,0.000456935,0.00138194,1787465400,0.000557036,0,0.000534722,1,0.000539318,0,0.000492558,1,-0.000648467,0.000605608,0,1,0.000681903,0,0.000585102,1
1787465580,0.000951679,4.21297e-06,0.00167536,-0.000286523,0.00103108,0.468183,0.000273078,0.000289575,0.0406836,-0.00126308,-0.000971204,-0.000481476,-0.000184824,-5.24184e-05,0.000116457,0.000389101,0.000893844,0.00121341,0.00028857,0.000271466,0.000293724,0.000281696,0.00030128,0.000269364,0.000283363,0.000268948,-0.000536738,0.000655999,9.49377e-05,-0.00057366,0.000511362,0,0.498632,-0.00131158,-0.000482468,0.000495602,0.00147417,1787465400,-0.000536596,0.000557608,0,1,0.000574225,0,0.000516336,1,-0.000535034,0.000518678,0,1,0.000676371,0,0.000591729,1
1787465640,0.00124087,2.10446e-05,0.00190905,2.10446e-05,0.00102955,0.471156,0.000370292,0.000386158,0.0582453,-0.00149959,-0.0011766,-0.000598746,-0.000243809,-5.93547e-05,0.000150544,0.000471897,0.00107248,0.0014463,0.000422939,0.000367314,0.000414372,0.000370339,0.000428082,0.000353978,0.00036759,0.000376146,-0.000661952,0.000817792,0.000115554,-0.000682784,0.000699574,4.63404e-05,0.499725,-0.00152019,-0.000582251,0.000586092,0.0017405,1787465400,-0.000604623,0.000580365,0,0,-0.000535724,0.000556496,3.05898e-05,0,0.000565166,0,0.000524049,1,0.000547931,0,0.000502023,0
1787465700,0.00138208,7.14611e-05,0.00212064,-0.00043308,0.0010342,0.472118,0.000407692,0.000421079,0.120206,-0.00167601,-0.00134163,-0.000723294,-0.000278049,-6.7739e-05,0.000179345,0.000562474,0.0012746,0.00170333,0.000492136,0.000420327,0.000457239,0.000411395,0.000466952,0.000408074,0.00041866,0.000404286,-0.000793711,0.000909051,0.000140142,-0.00077152,0.000744577,0.000232442,0.49995,-0.00161918,-0.000656044,0.000638929,0.0018809,1787465700,-0.000689519,0.000729618,0,0,-0.000594601,0.000570727,0,0,-0.000543906,0.000572695,0,0,-0.000578302,0.000539264,0,0
1787465760,0.000298009,5.0374e-05,0.00130471,-0.000100756,0.00104229,0.473336,0.000144372,0.000145912,0.275522,-0.00176263,-0.00142285,-0.00076168,-0.000301026,-7.62791e-05,0.000213961,0.000663865,0.00148913,0.00200608,9.93799e-05,0.000115597,0.000109308,0.000126294,9.40205e-05,0.000124085,0.000157252,0.000164477,-0.000871968,0.00098679,4.57504e-05,-0.00080037,0.000832755,0.000131173,0.499826,-0.00166061,-0.000671275,0.000667898,0.00199157,1787465700,-0.000849111,0.000789544,0,1,-0.000669841,0.000697486,0,1,0.00060732,0,0.000553549,0,0.000600412,0,0.000547678,0
1787465820,0.000478308,0,0.000922846,-0.000465941,0.00103268,0.483284,0.000158177,0.000158648,0.230512,-0.00158231,-0.00124225,-0.000631699,-0.000237145,-3.82406e-05,0.000194656,0.000550482,0.00127174,0.00174241,0.000138668,0.000144591,0.000138468,0.000148876,0.000122448,0.000151799,0.000172264,0.000163678,-0.000723577,0.000811333,1.15063e-06,0.000726539,0,0.000766108,0.502528,-0.00152907,-0.000612277,0.00060552,0.00182963,1787465700,-0.000797108,0.000849623,0,1,-0.000769393,0.00078653,0,1,-0.000666132,0.000684199,0,1,-0.000622135,0.000571148,0,0
1787465880,0.000209712,7.13071e-05,0.000306165,-0.000469915,0.00102454,0.487713,0.00011051,0.00010993,0.218075,-0.00153121,-0.00118855,-0.000621935,-0.000199755,-2.82645e-05,0.000205871,0.000560786,0.00127588,0.00171205,8.45716e-05,9.90475e-05,9.03318e-05,0.000105805,8.04153e-05,0.000106744,0.000125113,0.000112336,-0.000719082,0.0008882,2.97657e-05,0.000695515,0,0.000721889,0.508423,-0.00147716,-0.00056883,0.000611815,0.00181105,1787465700,-0.000743821,0.000789028,0,1,-0.000770768,0.000818558,0,1,-0.000712897,0.000787761,0,1,-0.000701221,0.000687658,0,1
1787465940,0.00139556,-4.19381e-06,0.00175148,-0.000138405,0.00101467,0.488941,0.000421982,0.000430685,0.18347,-0.00142663,-0.00108958,-0.000543072,-0.000184777,-2.3351e-05,0.00019185,0.000495001,0.0011081,0.00147403,0.000498758,0.000428154,0.000463786,0.000437292,0.000436911,0.000425039,0.000408345,0.000413661,-0.000630409,0.000739011,2.48991e-05,0.000596659,0,0.000555361,0.505043,-0.00131833,-0.000484092,0.000528843,0.00159023,1787465700,-0.000709367,0.000726262,0,1,-0.000714877,0.000720984,5.02382e-05,1,-0.000751246,0.000783625,0,1,-0.000712304,0.00073508,0,1
1787466000,0.000477313,0,0.00108828,-0.000448212,0.00102368,0.484861,0.000163324,0.000161049,0.343992,-0.00159568,-0.00128831,-0.000677082,-0.000227112,-3.69015e-05,0.000210939,0.000579578,0.00134972,0.0018597,0.000138297,0.00014389,0.000139169,0.00014894,0.000110833,0.000153498,0.00017762,0.000176174,-0.000769347,0.000883993,5.60782e-05,-0.000693085,0.000656715,5.21877e-05,0.496672,-0.00148839,-0.000587971,0.000587176,0.00176273,1787466000,-0.000637805,0.000644816,0,1,-0.000706358,0.000689754,0,1,-0.000726287,0.00073209,3.17664e-05,1,-0.000772954,0.000768596,0,1
1787466060,-0.00078308,4.18595e-06,4.18595e-06,-0.00159612,0.00101564,0.490381,0.000219702,0.000216689,0.307616,-0.00154855,-0.00123303,-0.000655112,-0.000230226,-2.34901e-05,0.000224767,0.000541537,0.00124727,0.00165928,0.000221296,0.000225422,0.00022403,0.000224128,0.000272464,0.000222427,0.000213427,0.000216552,-0.000734917,0.000825019,1.69105e-05,0.00066117,0,0.000702563,0.501372,-0.00144585,-0.000559199,0.000569851,0.0017185,1787466000,-0.000716671,0.000743738,0,1,-0.000647522,0.000619785,0,1,-0.000666191,0.000656927,1.11605e-05,1,-0.000764858,0.000764825,0,1
1787466120,0.000557013,6.28366e-05,0.00227217,-0.00036453,0.00101151,0.494286,0.000164556,0.000164622,0.195302,-0.00150427,-0.00113577,-0.000568856,-0.000202005,-1.36829e-05,0.000217063,0.000535279,0.00124539,0.00155153,0.000160443,0.000160918,0.000160257,0.000160782,0.000129964,0.000165855,0.000171017,0.000169249,-0.000668902,0.000822977,3.11493e-05,0.000654013,0,0.000606885,0.504223,-0.00143124,-0.000534224,0.000576016,0.00169131,1787466000,-0.00066478,0.000757421,0,1,-0.000679589,0.000726132,0,1,-0.000627923,0.000596283,0,1,-0.000684999,0.000659971,0,1
1787466180,0.000284669,-6.69927e-05,0.000983439,-0.000217743,0.00100444,0.496243,0.000128403,0.000125323,0.154039,-0.0016488,-0.00129731,-0.000665142,-0.000206972,-1.18425e-05,0.000262912,0.000642108,0.00140389,0.00181132,9.71159e-05,0.000110162,0.000103891,0.000132673,8.39451e-05,0.000119989,0.000140396,0.000126782,-0.00078779,0.000964247,2.59491e-05,0.000751569,5.22643e-05,0.000776242,0.504848,-0.00159442,-0.000614917,0.000652252,0.00189173,1787466000,-0.000651451,0.000715686,0,1,-0.000651734,0.000721007,2.63053e-07,1,-0.00068337,0.000704974,0,1,-0.000627565,0.000638163,0,1
1787466240,-0.000200934,0,0.000146489,-0.000401909,0.000995157,0.495307,0.000102807,0.000103161,0.0740669,-0.00148694,-0.0011427,-0.00059499,-0.000187768,-1.17193e-05,0.000216418,0.0005049,0.00118183,0.00154459,7.99325e-05,9.70691e-05,8.9103e-05,0.000107754,0.000108894,0.000105203,9.91464e-05,0.000107657,-0.000673382,0.000768458,1.54498e-06,-0.000622564,0.00052374,0,0.499701,-0.00137125,-0.000523795,0.000531062,0.00158665,1787466000,-0.000750882,0.000857414,4.2966e-05,1,0.000681425,1.91547e-05,0.000632173,1,-0.0006399,0.00070694,1.67432e-05,1,0.000687421,3.80338e-05,0.000648851,1
1787466300,-0.000477381,6.27963e-05,0.000121403,-0.000670073,0.000985565,0.500796,0.000143749,0.00014119,0.0480257,-0.00132504,-0.00101768,-0.000482438,-0.00014623,-1.62404e-06,0.000193158,0.000426604,0.00102598,0.00136087,0.000135972,0.000142222,0.000138448,0.000139598,0.000164872,0.000145779,0.000140079,0.000156152,0.000554848,9.12694e-05,0.00056334,-0.000467791,0.000376823,0,0.496893,-0.00106558,-0.000377001,0.000395308,0.00124048,1787466300,0.000653948,6.33933e-05,0.00061739,1,-0.000699667,0.000845225,5.84621e-05,1,0.000652561,5.33939e-05,0.000650065,1,-0.000668394,0.000718373,0,1
1787466360,-8.79635e-05,1.67541e-05,0.00040202,-0.000125664,0.000977993,0.49783,8.22908e-05,8.34644e-05,0.042206,-0.00133074,-0.00101035,-0.000479389,-0.00015859,-6.29237e-06,0.000193215,0.000443943,0.00102737,0.0013696,6.78352e-05,8.58434e-05,7.2834e-05,8.59108e-05,8.06874e-05,9.0764e-05,8.56581e-05,7.80461e-05,-0.000560176,0.000675516,1.17353e-05,-0.000483772,0.00043194,0,0.499248,-0.00111207,-0.000390251,0.000423479,0.0012812,1787466300,0.000497354,2.34736e-05,0.00046921,1,-0.000606763,0.000681795,3.46751e-05,1,-0.000657409,0.000826358,7.0744e-05,1,-0.000644266,0.000700511,3.25221e-06,1
1787466420,-0.000506988,-2.93229e-05,2.9322e-05,-0.000741714,0.000968243,0.491758,0.000150561,0.000146698,0.0417027,-0.00123836,-0.000946611,-0.000446857,-0.000138386,-1.57985e-05,0.000168957,0.000392557,0.000934435,0.00126289,0.000144201,0.000148211,0.000146214,0.000146318,0.000163649,0.000151521,0.000141939,0.000163139,-0.000512591,0.0006015,7.32874e-06,-0.000442923,0.000350281,0,0.49894,-0.00101314,-0.000353988,0.000373061,0.00116026,1787466300,0.000496913,1.76055e-05,0.000485975,1,0.000506816,4.99664e-05,0.000466924,1,0.000627136,6.82103e-05,0.000634528,1,0.000729627,0.000103501,0.000711446,1
1787466480,0.000775043,8.38174e-05,0.00136535,-0.000280839,0.00096119,0.496848,0.000220811,0.000224005,0.0460769,-0.00119484,-0.000889576,-0.000427035,-0.000135907,-7.29766e-06,0.00016469,0.00037463,0.000872202,0.00115063,0.000220987,0.000220974,0.000219687,0.000219318,0.000202754,0.000225845,0.000226772,0.000217693,-0.000489229,0.000573806,2.8183e-05,0.00045193,0,0.000380977,0.501243,-0.00104364,-0.000356977,0.000397142,0.00119061,1787466300,-0.000473668,0.000499683,0,1,0.000510891,5.24369e-05,0.000455882,1,0.000554702,1.26215e-05,0.000489566,1,0.000657054,0.000108846,0.000608613,1
1787466540,0.00074515,4.60647e-05,0.000996199,-4.18781e-06,0.000957822,0.491468,0.000214721,0.000216392,0.0394645,-0.00131725,-0.00100006,-0.000509051,-0.000163783,-1.81088e-05,0.000195174,0.000445509,0.00101844,0.00132688,0.000212592,0.000212529,0.000211393,0.000212017,0.000189503,0.000213427,0.000226709,0.000209304,-0.000582189,0.000709685,7.78665e-05,0.000579074,0,0.000569833,0.502203,-0.00128646,-0.000482281,0.000510302,0.00149503,1787466300,0.000459096,2.61684e-05,0.00047315,1,-0.000455277,0.000520408,4.39601e-05,1,0.000549126,1.87709e-05,0.000466646,1,-0.000521756,0.000552321,0,1
1787466600,0.000230131,-4.18469e-06,0.00104144,-0.000196699,0.000954033,0.490246,0.000102585,9.95634e-05,0.0367663,-0.00134525,-0.00107661,-0.000555355,-0.000183828,-1.98959e-05,0.000187901,0.000428408,0.000951931,0.00128156,8.77156e-05,9.6682e-05,8.72919e-05,9.95865e-05,7.80329e-05,0.000110668,0.000114368,0.000101772,-0.000603193,0.000620813,9.5143e-05,-0.000573511,0.000448029,6.84449e-05,0.498528,-0.00125939,-0.000492786,0.000476331,0.00140905,1787466600,0.000570582,8.00806e-05,0.000602755,1,0.000473135,4.51644e-05,0.000449895,1,0.000514747,3.12896e-05,0.000491179,1,0.000503126,3.90709e-05,0.000492833,1
1787466660,0.000882375,2.09184e-05,0.000999408,2.09184e-05,0.000945005,0.490763,0.000257177,0.000256631,0.0357821,-0.00130888,-0.00100394,-0.000514857,-0.000173789,-1.96264e-05,0.00019662,0.000415745,0.000935804,0.00132124,0.000260651,0.00025034,0.000258121,0.000249859,0.00022273,0.00025142,0.000272579,0.000257414,-0.000570722,0.000643337,4.87614e-05,0.00056828,0,0.000588434,0.500841,-0.00126363,-0.000483448,0.000480318,0.00145286,1787466600,0.000623602,0,0.000574365,1,0.000544951,0.000119895,0.000562961,1,0.000516852,1.27788e-05,0.00045825,0,0.000517091,4.73717e-05,0.000487915,1
1787466720,0.000417915,3.76195e-05,0.00106116,-5.01616e-05,0.000943793,0.492462,0.000130169,0.000127903,0.0348695,-0.00120286,-0.000960125,-0.000514245,-0.000161858,-1.55725e-05,0.00018654,0.000396403,0.000912893,0.00134068,0.000121118,0.000127152,0.000120335,0.000124283,0.000102677,0.000142586,0.000146647,0.000134158,-0.000559743,0.000575371,3.6115e-06,-0.000523698,0.000425441,2.57984e-06,0.498519,-0.00114666,-0.000439052,0.000439288,0.00133338,1787466600,0.000541378,9.54728e-05,0.000557124,1,0.000553995,6.52742e-05,0.000538137,1,0.000578783,8.58339e-05,0.000568159,1,0.000477921,4.99163e-05,0.000474733,1
1787466780,0.000279906,0,0.0012527,0,0.000936175,0.492844,0.000112523,0.000107208,0.0339154,-0.00132225,-0.00100172,-0.000554798,-0.00018784,-1.55817e-05,0.000200419,0.000445407,0.000967162,0.00138574,9.56588e-05,0.00010348,9.42401e-05,0.000108725,7.84564e-05,0.000118541,0.0001196,0.000119437,-0.000611555,0.000652634,9.54664e-06,0.00056455,0,0.000591689,0.500195,-0.00124383,-0.000480258,0.000475269,0.00144144,1787466600,0.000524843,9.82267e-06,0.000486537,1,-0.000528042,0.000609873,5.92582e-05,1,0.000594453,5.97482e-05,0.000544993,1,0.000575572,8.14098e-05,0.000592774,1
1787466840,-0.000325868,-2.5063e-05,-4.17712e-06,-0.000401083,0.000927611,0.500088,0.000112509,0.00011454,0.0333362,-0.00128454,-0.000991527,-0.000529098,-0.000173004,-1.91012e-06,0.00021226,0.00042944,0.000930572,0.00131673,0.000101008,0.000112404,0.000101938,0.000119242,0.000126867,0.000123778,0.00010646,0.0001132,0.00058524,7.46394e-05,0.000611813,0.000564727,0,0.000606927,0.501312,-0.00124832,-0.000480034,0.000479278,0.00144782,1787466600,-0.000551818,0.000608049,4.45998e-06,1,-0.000508086,0.000517184,0,1,0.000574871,4.94793e-05,0.000591424,1,0.000533339,0.000121814,0.000519,1
1787466900,-2.50711e-05,0,0.000275741,-0.000225663,0.000919444,0.507905,6.40863e-05,6.61806e-05,0.0337669,-0.00109579,-0.000840671,-0.000400464,-0.000120745,8.86328e-06,0.000177806,0.000350086,0.000793162,0.00106855,6.44643e-05,7.60299e-05,6.14033e-05,6.48612e-05,7.54312e-05,8.75217e-05,6.15315e-05,6.41707e-05,0.000457161,0,0.000468727,-0.0003987,0.000314689,0,0.498839,-0.000897924,-0.000313499,0.0003225,0.00102358,1787466900,-0.000543511,0.00061628,2.75415e-05,1,-0.000528802,0.000566535,6.25116e-05,1,0.00056957,0,0.000504154,1,-0.00057402,0.000619327,2.69093e-05,1
1787466960,-0.000744063,-2.50718e-05,2.08927e-05,-0.000852793,0.00091021,0.508367,0.000214787,0.00021502,0.0342035,-0.00105364,-0.000792735,-0.000369813,-0.000104278,7.36877e-06,0.000169934,0.000338965,0.00075409,0.00102368,0.000210705,0.000213729,0.000217949,0.000211577,0.000240541,0.000217379,0.000205981,0.000225035,0.000429335,1.28683e-05,0.00047303,0.000446865,0,0.000405387,0.503344,-0.0010157,-0.000360259,0.000377012,0.00115353,1787466900,-0.000393867,0.000368187,0,1,-0.000519404,0.0005808,9.41945e-05,1,-0.000582158,0.000566248,4.65265e-06,1,-0.000514944,0.000528036,4.32716e-06,1
1787467020,-0.000422439,9.19929e-05,0.000150529,-0.000443357,0.000907185,0.511173,0.000127487,0.000126287,0.0386725,-0.0011347,-0.000841871,-0.000406289,-0.000117907,1.38056e-05,0.000186703,0.000379683,0.000831959,0.00110654,0.000121086,0.000126761,0.000122542,0.000122513,0.00014166,0.000138656,0.000128364,0.000133307,0.000475116,5.51216e-05,0.000500691,0.000456108,0,0.000396179,0.507027,-0.00103687,-0.000366372,0.00039973,0.00117318,1787466900,0.000442694,2.13306e-05,0.000461454,1,0.000416947,0,0.00039226,1,-0.000558706,0.000586042,3.68996e-05,1,-0.000562564,0.000599413,5.00739e-06,1
1787467080,-0.000510512,-2.92846e-05,-2.92846e-05,-0.000657018,0.000900052,0.504819,0.000150297,0.000147687,0.0419007,-0.00105934,-0.000785405,-0.000380481,-0.000116419,3.8993e-06,0.000163696,0.000333725,0.000751792,0.0010114,0.00014522,0.000148641,0.00014667,0.000146194,0.000162811,0.0001514,0.000150547,0.000154991,0.000434857,0,0.000430848,0.000412008,0,0.000344314,0.505573,-0.000940241,-0.000323269,0.000354068,0.00105369,1787466900,-0.000421965,0.000437058,3.44573e-05,1,-0.000439446,0.000451678,6.06668e-05,1,-0.000474133,0.000395292,0,1,-0.000563849,0.000594011,2.11697e-05,1
1787467140,-9.20872e-05,-2.51138e-05,2.51132e-05,-0.000900307,0.000893926,0.512764,6.53375e-05,6.64499e-05,0.0478366,-0.00105719,-0.000761503,-0.000375946,-0.000114072,1.59996e-05,0.000170793,0.000336027,0.000732928,0.000995288,6.76799e-05,7.70416e-05,6.27926e-05,6.18961e-05,7.54809e-05,9.25947e-05,6.68177e-05,7.03837e-05,0.000432093,0,0.000431371,0.000428554,0,0.000348424,0.510465,-0.000983453,-0.000334316,0.000380074,0.00110108,1787466900,-0.00038563,0.000369567,1.88844e-05,1,0.000439099,8.62448e-06,0.000451124,1,0.000493645,0,0.000511146,1,-0.000415425,0.000394565,0,1
1787467200,0.00117557,-6.27916e-05,0.00117557,-6.27916e-05,0.000885038,0.50657,0.000365255,0.000383349,0.0490878,-0.00110387,-0.000799748,-0.000387841,-0.000109243,4.99892e-06,0.00018431,0.000381464,0.000794115,0.00105458,0.000390801,0.000360758,0.000406203,0.00036373,0.000360416,0.000358414,0.000348294,0.000386681,0.000462325,2.22724e-05,0.000499864,0.000496666,0,0.000442716,0.516497,-0.00111893,-0.000388091,0.00045729,0.00129626,1787467200,-0.000393137,0.000387658,1.98024e-05,1,0.000399777,6.46125e-06,0.000391379,1,0.000487227,0,0.000448692,1,0.000481324,2.25715e-05,0.00048058,1
1787467260,0.000142146,4.18097e-05,0.000647854,-0.000108713,0.000891777,0.500293,7.28331e-05,7.32887e-05,0.041119,-0.00108386,-0.000815902,-0.000413846,-0.000116661,-3.56378e-06,0.00017407,0.000386663,0.000807548,0.00107572,7.29182e-05,8.01765e-05,7.18272e-05,7.15763e-05,7.21332e-05,0.000106763,8.23851e-05,6.63225e-05,0.000483115,0,0.000520749,0.000532123,0,0.000526384,0.507179,-0.00115097,-0.000439787,0.000459401,0.00132879,1787467200,0.00045291,5.35497e-05,0.000519116,1,0.000409809,6.99939e-06,0.000391736,1,0.000447718,0,0.00039193,1,0.000436574,3.25062e-05,0.000453237,1
1787467320,0.000275872,-2.09025e-05,0.000685361,-0.000250859,0.000883043,0.491751,9.67469e-05,9.33717e-05,0.0369125,-0.0010907,-0.000814865,-0.000433283,-0.00014069,-1.46203e-05,0.000159266,0.00034017,0.000770234,0.00104204,9.49276e-05,9.8801e-05,9.10539e-05,9.58013e-05,8.34832e-05,0.000117181,0.000102296,9.366e-05,-0.0004747,0.00042595,1.56296e-05,0.000501048,0,0.00050157,0.504234,-0.00112034,-0.000424636,0.000417187,0.00126549,1787467200,0.000499684,7.78123e-07,0.000490616,1,0.000468915,4.21148e-05,0.000482729,1,0.000449227,0,0.000395556,1,0.000403444,0,0.000409611,1
1787467380,-0.000539276,4.1793e-06,7.94037e-05,-0.000547639,0.000875038,0.498756,0.000156108,0.000154542,0.0343288,-0.00108503,-0.00081219,-0.000410568,-0.000123162,-5.34078e-06,0.000173801,0.00035637,0.000793999,0.00107402,0.000153261,0.000156564,0.000154893,0.000155169,0.000173764,0.000157945,0.000145377,0.000165945,-0.000466901,0.00044061,2.3433e-05,0.000506986,0,0.000516159,0.504066,-0.0011044,-0.000422238,0.000425351,0.00127767,1787467200,0.000467078,5.51203e-05,0.000478601,1,0.00047388,2.984e-05,0.000456192,1,0.000478906,2.02893e-05,0.000507765,1,0.000402687,7.50105e-06,0.000409683,1
1787467440,0.000192333,-4.18157e-06,0.000735684,-3.76348e-05,0.000869594,0.498472,7.91476e-05,7.57368e-05,0.0368203,-0.00104131,-0.000776355,-0.000391636,-0.000121176,-4.67872e-06,0.000154179,0.000323178,0.000754798,0.00101889,8.07998e-05,8.37912e-05,7.53147e-05,7.69198e-05,7.40951e-05,0.000101656,8.43335e-05,7.6105e-05,-0.000438317,0.0004005,6.07874e-06,0.000432546,0,0.000389862,0.503571,-0.000977877,-0.000354651,0.000364112,0.00110401,1787467200,-0.000485537,0.000518599,2.31355e-05,1,-0.000455007,0.00049922,6.28716e-05,1,0.000523961,0,0.00046517,1,-0.000461512,0.000501801,4.39549e-05,1
1787467500,-0.000765372,-5.01704e-05,0.000217376,-0.000782108,0.000861284,0.499931,0.000217758,0.000215652,0.0340149,-0.00114032,-0.000864028,-0.000438779,-0.000133681,-2.95436e-06,0.000179649,0.00035476,0.000805109,0.00107468,0.000216461,0.000219045,0.000227255,0.00021801,0.000237294,0.000221957,0.000204137,0.000228612,-0.000485816,0.000492528,0.00010667,0.000525284,0,0.000602595,0.507244,-0.00116086,-0.000440946,0.000441772,0.00129063,1787467500,-0.000412017,0.000387005,1.25621e-05,1,-0.000476864,0.000500275,6.15109e-05,1,0.000511306,2.98246e-06,0.000528915,1,-0.000473397,0.000485787,2.96526e-05,1
1787467560,0.00112903,5.02063e-05,0.00123769,-1.6736e-05,0.00085947,0.505827,0.000350041,0.000362537,0.0392554,-0.00112135,-0.000830685,-0.000431784,-0.000130133,6.78464e-06,0.000176483,0.000364534,0.000799663,0.00106796,0.000367413,0.00034566,0.000371175,0.000348942,0.000335454,0.000319406,0.000345577,0.000365383,0.000485101,4.70841e-05,0.000529554,0.000460464,0,0.000427571,0.511093,-0.00106361,-0.000376139,0.000406627,0.00118308,1787467500,-0.000552805,0.000514978,1.92414e-05,1,-0.000425926,0.000397377,8.80308e-06,1,0.000531367,0,0.000557719,1,-0.000501417,0.000521098,3.6785e-05,1
1787467620,-0.000275868,-4.17925e-06,4.17915e-05,-0.000589446,0.000865685,0.500433,9.85503e-05,9.88966e-05,0.040605,-0.00110975,-0.000845839,-0.000451166,-0.000135844,-1.9167e-06,0.000178643,0.000380607,0.000840854,0.0011035,9.24121e-05,9.97081e-05,9.65814e-05,9.73763e-05,0.000108231,0.000119487,9.51524e-05,0.000101509,0.000506975,9.03337e-06,0.0005611,0.000522966,0,0.000543931,0.506894,-0.00114222,-0.000432203,0.000450674,0.00131498,1787467500,-0.000413338,0.00043504,4.86676e-05,1,-0.000487726,0.000501724,9.38026e-05,1,-0.000484163,0.000410002,0,1,-0.000511287,0.000526735,5.78121e-05,1
1787467680,-0.000476678,-8.36082e-06,8.36044e-05,-0.000719286,0.000857872,0.501534,0.000137525,0.000134609,0.0368922,-0.00105712,-0.000784507,-0.000407151,-0.000139637,7.87771e-07,0.000168161,0.000335848,0.000752707,0.00101457,0.000135814,0.000138701,0.000137549,0.000136824,0.000153004,0.000151225,0.000135121,0.000139369,0.000455135,0,0.000465944,0.000466812,0,0.000427467,0.507985,-0.00105432,-0.000384737,0.000394238,0.00118196,1787467500,-0.000494368,0.000483767,1.99853e-05,1,-0.000424121,0.000430059,4.59018e-05,1,0.000506644,2.79962e-05,0.000553506,1,-0.00042617,0.000415108,1.21789e-05,1
1787467740,-0.000384854,-7.94685e-05,-7.94685e-05,-0.000933107,0.000851921,0.503907,0.000114899,0.000112957,0.0376383,-0.00106543,-0.000804064,-0.000405542,-0.000135613,4.4068e-06,0.000168834,0.000348254,0.00076875,0.00103925,0.000110413,0.000116536,0.000111738,0.000112799,0.000125022,0.000135278,0.000114435,0.000120071,0.000459774,0,0.000486673,0.000473498,0,0.000443221,0.509661,-0.00107194,-0.000384812,0.000410648,0.00121292,1787467500,-0.000429859,0.000443889,1.48263e-05,1,-0.000472158,0.000485261,1.2359e-05,1,-0.000459936,0.000437624,0,1,0.000488723,6.00769e-05,0.000483098,1
1787467800,-4.6025e-05,-3.34725e-05,3.76552e-05,-0.000740842,0.000845113,0.504827,6.69245e-05,6.77226e-05,0.0383533,-0.00108436,-0.000805714,-0.00039504,-0.000134958,5.58034e-06,0.000178111,0.000372428,0.000793526,0.00104929,6.51144e-05,7.02651e-05,6.31084e-05,6.91069e-05,7.24592e-05,9.4325e-05,6.98797e-05,6.01547e-05,0.000463688,0,0.000500091,0.000490814,0,0.000435077,0.514453,-0.00111079,-0.000389453,0.000437003,0.0012547,1787467800,-0.000435324,0.000428573,2.46148e-05,1,0.000446259,0,0.000449707,1,-0.00051703,0.000479485,0,1,-0.000429122,0.000442513,2.19256e-05,1
1787467860,-0.000699004,0,0.000138069,-0.000824625,0.000836645,0.502869,0.000205809,0.000200956,0.0370304,-0.00104547,-0.000784112,-0.000374324,-0.00012017,1.26515e-06,0.000168998,0.000355594,0.000759045,0.00100446,0.000197121,0.000200099,0.000199059,0.000198739,0.000209823,0.000203648,0.000210108,0.000212924,0.000440503,3.1059e-06,0.000501929,0.00048376,0,0.000451861,0.515695,-0.00109794,-0.000381692,0.000436492,0.00126119,1787467800,-0.000457322,0.000463038,4.13101e-05,1,0.000458892,0,0.00046377,1,0.000509015,0,0.000479265,1,-0.00047975,0.000474041,2.94891e-05,1
1787467920,0.000389326,0.000100486,0.000719924,0.000100486,0.000834114,0.504129,0.000111056,0.000113386,0.0439567,-0.00109275,-0.000813502,-0.000409054,-0.000135585,4.74159e-06,0.000170718,0.000358846,0.000773416,0.00102534,0.00011391,0.000114549,0.000112518,0.000112031,0.000108296,0.000134325,0.000115792,0.000105116,0.000466918,3.1406e-05,0.000510848,0.000443005,0,0.000408575,0.513804,-0.001038,-0.000357379,0.000398477,0.00115434,1787467800,-0.000460821,0.000478584,5.79506e-05,1,0.000473026,0,0.000482608,1,-0.000491582,0.000443823,0,1,-0.000454582,0.000468698,2.49734e-05,1
1787467980,-0.000460509,0,0.000142296,-0.000581952,0.000827565,0.495424,0.000135648,0.000130536,0.0381104,-0.00101278,-0.000764163,-0.000377359,-0.00012327,-8.86009e-06,0.000153304,0.000320389,0.000694736,0.000940264,0.000131035,0.00013376,0.000132328,0.000131947,0.00014201,0.000143825,0.000132403,0.00014402,-0.00042519,0.000406445,1.74641e-05,0.000416183,0,0.00040004,0.510351,-0.00096314,-0.000336257,0.000362689,0.00108052,1787467800,-0.00039967,0.000412856,4.34927e-05,1,-0.00047389,0.000463057,2.80928e-05,1,0.000466416,0,0.000495984,1,-0.000452057,0.000421188,3.1974e-05,1
1787468040,-0.000138194,-1.25623e-05,0.00010468,-0.000498426,0.000821832,0.495386,6.97914e-05,6.76332e-05,0.0409759,-0.0010202,-0.000774445,-0.00039372,-0.000143261,-8.29086e-06,0.000155811,0.000318928,0.000700559,0.000948916,7.00257e-05,7.28296e-05,6.62519e-05,6.60679e-05,7.76069e-05,9.40642e-05,7.37175e-05,6.88585e-05,-0.000436902,0.000393322,1.30062e-06,0.000417602,0,0.000383257,0.508623,-0.000978345,-0.000341443,0.000362289,0.00108183,1787467800,-0.000407377,0.000399583,9.00367e-06,1,-0.000419352,0.000423478,1.24875e-05,1,-0.000456858,0.000451712,6.39062e-05,1,-0.000462989,0.000478713,1.73097e-05,1
1787468100,-0.000615824,0,0.000272182,-0.000615824,0.000813807,0.494664,0.000180538,0.000174163,0.0408062,-0.000979232,-0.000735169,-0.000360536,-0.000122079,-9.75104e-06,0.000150456,0.00031798,0.000682879,0.000919812,0.000174017,0.000176573,0.00017506,0.000174879,0.000182119,0.000181644,0.000185778,0.000184407,-0.000412461,0.000369657,8.00059e-06,0.000409589,0,0.000383504,0.510937,-0.00095422,-0.000324238,0.000363912,0.00108601,1787468100,-0.000397035,0.000398613,2.56121e-05,1,-0.000394771,0.00040413,3.58916e-05,1,-0.000410646,0.000425156,4.14981e-06,1,-0.000470432,0.000484368,1.71542e-05,1
1787468160,-4.60973e-05,0,0.000201127,-0.000201168,0.000810321,0.495265,6.24883e-05,6.21552e-05,0.0468071,-0.00103126,-0.000765424,-0.000395604,-0.000136373,-8.13668e-06,0.000148341,0.000327311,0.000705571,0.000942791,6.48988e-05,6.65345e-05,5.78068e-05,6.04778e-05,6.96304e-05,8.50713e-05,6.60511e-05,6.00244e-05,-0.0004414,0.000409733,1.76198e-06,0.000437121,0,0.000392032,0.510811,-0.00102853,-0.000358463,0.000381891,0.00111859,1787468100,-0.000404934,0.000405819,3.42117e-05,1,-0.000410423,0.0004076,1.12918e-05,1,-0.000399398,0.000410432,1.41526e-05,1,-0.000414565,0.000405339,2.03236e-05,1
1787468220,0.000632605,-1.67632e-05,0.000800116,-0.000100583,0.000802203,0.487424,0.000178861,0.000185415,0.0464036,-0.000901153,-0.000660634,-0.000332523,-0.000115246,-1.78971e-05,0.000127623,0.000276198,0.000613402,0.000822098,0.000181143,0.000180878,0.000179762,0.000178891,0.000172879,0.000186445,0.000183841,0.000174059,-0.000372542,0.000296693,6.55384e-06,0.000373008,0,0.000334842,0.510687,-0.000886275,-0.000292266,0.000323738,0.000981854,1787468100,-0.000412912,0.000405448,2.13721e-05,1,-0.000423454,0.000417087,1.01278e-05,1,-0.000423216,0.000419057,0,1,-0.000428213,0.000397695,1.84448e-06,1
1787468280,-0.000561365,4.1881e-06,4.1881e-06,-0.00080025,0.000799164,0.485001,0.000161982,0.000155447,0.0384578,-0.00094778,-0.000716314,-0.000377022,-0.000123359,-2.28966e-05,0.000132957,0.000308263,0.000683394,0.000924607,0.00015883,0.000161329,0.000159923,0.000159803,0.000166872,0.000165726,0.000158901,0.000167713,-0.00041914,0.000348585,1.15523e-05,0.000434049,0,0.000428075,0.507986,-0.000990343,-0.000358655,0.000371281,0.00110398,1787468100,-0.000379297,0.000358674,1.48239e-05,1,-0.00042198,0.000408494,1.98463e-05,1,-0.000415121,0.000423596,3.06784e-05,1,-0.000422768,0.000417962,9.05989e-06,1
1787468340,0.00128983,4.19046e-06,0.0013275,4.19046e-06,0.000795106,0.486595,0.000454993,0.000472724,0.0392917,-0.00100931,-0.000747919,-0.000389227,-0.000142662,-2.06017e-05,0.000136265,0.000308341,0.000692141,0.000951279,0.000448355,0.000437727,0.000465421,0.000467969,0.000436215,0.000389608,0.000441954,0.000459866,-0.000429107,0.000360672,0,0.000420037,0,0.000391719,0.508851,-0.000983783,-0.00034446,0.000364676,0.00109396,1787468100,-0.000435299,0.000419173,1.02385e-06,1,-0.00038585,0.000362508,2.9951e-05,1,-0.000430724,0.000423416,0,1,-0.000433418,0.000410754,1.96058e-05,1
1787468400,-0.000967217,3.34799e-05,4.18498e-05,-0.000967217,0.000807974,0.483121,0.000272641,0.000265863,0.0456068,-0.00123055,-0.00098333,-0.000504582,-0.000186725,-3.25694e-05,0.000163615,0.000428552,0.000899027,0.0011826,0.00029432,0.000293469,0.00029315,0.00028348,0.00030497,0.000273397,0.000255847,0.000286655,-0.000568712,0.000689691,0.000191225,0.000628069,0.000130788,0.000959522,0.504339,-0.00129998,-0.000515617,0.000514821,0.0014752,1787468400,-0.000406875,0.000396652,1.07322e-05,1,-0.000425102,0.000406407,1.36799e-05,1,-0.000392618,0.000372237,1.95029e-05,1,0.000437112,0,0.000430265,1
1787468460,0.000900254,0.000251315,0.000963032,-2.93242e-05,0.000811465,0.486156,0.000268511,0.000276292,0.0564675,-0.00109917,-0.000836941,-0.000425424,-0.000151001,-2.33808e-05,0.000148753,0.000339635,0.000766273,0.00104534,0.000268255,0.000260754,0.000257867,0.000285185,0.000250512,0.000254728,0.000258449,0.000274462,-0.000470211,0.000422732,0,0.000495234,1.81043e-05,0.000460027,0.510493,-0.00113525,-0.000412336,0.000430747,0.00126632,1787468400,-0.000594123,0.00054479,0,1,0.000437468,0,0.000416179,1,0.000451158,0,0.000438523,1,-0.000420654,0.000377352,0,1
1787468520,-1.25561e-05,0,0.000439365,-0.000179986,0.000813336,0.486127,6.49708e-05,6.67281e-05,0.0592504,-0.00107411,-0.000825824,-0.000425187,-0.000148045,-2.50371e-05,0.000158688,0.000371508,0.000830437,0.00106228,6.32299e-05,6.71437e-05,7.23146e-05,5.94439e-05,7.1857e-05,9.95172e-05,6.38374e-05,6.60202e-05,-0.000485972,0.000389785,0,0.000528086,0,0.000526571,0.50706,-0.0011372,-0.000432624,0.000447441,0.00132159,1787468400,-0.000469988,0.000446271,0,1,0.000606945,1.91653e-05,0.000493608,1,-0.000444244,0.000409176,0,1,-0.000455957,0.000436237,0,1
1787468580,-0.000812297,2.51121e-05,2.51121e-05,-0.000812297,0.000805164,0.489258,0.000232132,0.00022671,0.0470316,-0.00107133,-0.000800693,-0.000410857,-0.000140005,-1.6666e-05,0.000141696,0.000329306,0.000756172,0.00100534,0.000233522,0.000232641,0.000230658,0.000246418,0.000242902,0.000231217,0.000228586,0.000238792,-0.000455039,0.000345534,0,0.000499173,0,0.00046901,0.508732,-0.00113216,-0.000418749,0.000418825,0.00126359,1787468400,0.000548801,0,0.000509797,1,-0.000497273,0.000438685,0,1,-0.000652669,0.000508824,0,1,-0.000433476,0.000398931,4.32745e-06,1
1787468640,0.000983883,-8.37763e-06,0.000988068,-0.000217841,0.000805307,0.48896,0.000301783,0.000308691,0.0518923,-0.00105105,-0.000800788,-0.000390282,-0.000131773,-1.70945e-05,0.000140969,0.000325516,0.000752851,0.000989113,0.000301548,0.00029332,0.000289895,0.000334698,0.000282942,0.000278014,0.000295728,0.000302083,-0.000439044,0.000358356,0,0.000478201,0,0.00042428,0.508403,-0.00109239,-0.000393966,0.000413966,0.00122791,1787468400,-0.000503343,0.000507164,0,1,-0.000541412,0.00048362,0,1,-0.000530416,0.000429484,0,1,0.000561518,1.07489e-05,0.00053135,1
1787468700,0.000790592,-4.18469e-06,0.000790592,-0.000146474,0.000809265,0.491222,0.000223341,0.000226038,0.0575711,-0.00111099,-0.000857203,-0.000432907,-0.000134165,-1.59135e-05,0.000167769,0.000394177,0.00086856,0.00112369,0.000226001,0.000224723,0.000225058,0.000230056,0.000210801,0.00022421,0.00022777,0.000218599,-0.00050153,0.000464758,0,0.000530087,0,0.000532456,0.510808,-0.00116983,-0.00043143,0.000468653,0.00136295,1787468700,-0.000475949,0.000418137,0,0,-0.000486776,0.000473954,2.35975e-05,1,-0.000587906,0.000487199,0,1,-0.00046254,0.000425211,0,1
1787468760,0.000672974,1.67253e-05,0.000860992,-0.000163087,0.000808896,0.485822,0.000195594,0.000197014,0.0583905,-0.00111661,-0.000862191,-0.000441387,-0.000149549,-2.46664e-05,0.000152548,0.000372745,0.000833506,0.00107763,0.000192409,0.00019205,0.000192377,0.000190407,0.000175258,0.000191543,0.000204578,0.000195492,-0.000497723,0.000376128,0,0.000505195,0,0.000517733,0.505172,-0.00111372,-0.0004237,0.000427365,0.00128858,1787468700,-0.000541385,0.000506255,0,1,0.000506952,0,0.000436503,0,-0.000546531,0.000476258,0,1,-0.000544679,0.000480932,0,1
1787468820,-2.92503e-05,5.84981e-05,0.000530536,-0.000330161,0.000806402,0.488316,6.80639e-05,6.95065e-05,0.0561268,-0.00112458,-0.000881476,-0.000445436,-0.000157621,-2.07801e-05,0.000160299,0.000383943,0.000868377,0.00111193,6.399e-05,6.83589e-05,7.45963e-05,6.05482e-05,7.41085e-05,9.97434e-05,6.5848e-05,7.37942e-05,-0.000507021,0.000388475,0,0.000516238,0,0.000560268,0.503789,-0.00112093,-0.000435348,0.000431797,0.0013237,1787468700,-0.000531551,0.000503291,0,1,0.000525754,0,0.000455957,1,-0.000538429,0.000432643,0,1,0.000535881,0,0.0004764,1
1787468880,-0.000585186,8.35733e-06,8.35733e-06,-0.000677175,0.000798308,0.495029,0.000171384,0.000166585,0.0455578,-0.0011184,-0.000851006,-0.000422186,-0.000139455,-9.34558e-06,0.000161314,0.000383909,0.000845188,0.00110485,0.00016511,0.000168464,0.000167819,0.000166852,0.000181142,0.00016843,0.00016773,0.000181664,-0.000489168,0.000407832,0,0.000518332,0,0.000536869,0.509085,-0.00114257,-0.000431162,0.000442336,0.00134936,1787468700,-0.000533587,0.000536201,0,1,-0.000516358,0.000472537,0,1,-0.000536906,0.000484838,0,1,-0.000472626,0.000406224,0,1
1787468940,0.000129607,-3.34496e-05,0.000489072,-0.000154714,0.000794606,0.490868,6.88533e-05,7.05003e-05,0.0413349,-0.0010474,-0.000792707,-0.000402035,-0.000128152,-1.45518e-05,0.000145066,0.0003563,0.000799719,0.00103881,7.08943e-05,7.29367e-05,7.60998e-05,6.08276e-05,7.28444e-05,0.000102226,7.25672e-05,7.00812e-05,-0.000461487,0.000362994,0,0.000445787,0,0.000402544,0.507264,-0.0010038,-0.000364614,0.00038649,0.00117919,1787468700,-0.000523386,0.000552552,0,1,-0.000533261,0.000521477,0,1,-0.000579742,0.000462702,0,1,-0.000504185,0.000466118,0,1
1787469000,-7.10725e-05,4.18058e-06,0.000380361,-0.000158875,0.000786833,0.492356,6.20289e-05,6.25535e-05,0.036279,-0.00100078,-0.000756731,-0.000380783,-0.000115808,-1.21081e-05,0.000138797,0.000339527,0.000760014,0.00099733,6.60742e-05,6.84203e-05,6.93013e-05,5.95124e-05,7.45136e-05,9.12927e-05,5.96761e-05,6.38218e-05,-0.000437802,0.000305027,0,0.000449532,0,0.000408109,0.509374,-0.00099868,-0.000366467,0.000385186,0.00116597,1787469000,-0.000470585,0.000420983,0,1,-0.000530505,0.000534782,0,1,-0.000581691,0.000525199,0,1,-0.00051696,0.000497979,0,1
1787469060,0.000430538,7.10725e-05,0.00046397,-0.000171431,0.00077899,0.491879,0.000124805,0.000126562,0.033941,-0.00099199,-0.000751088,-0.000376304,-0.00011227,-1.28152e-05,0.000139241,0.000327479,0.000735921,0.000963488,0.000125015,0.000124379,0.000124111,0.000122885,0.000113372,0.00013013,0.000133841,0.000118509,-0.00042856,0.00034333,0,0.000411543,0,0.000378497,0.509053,-0.000942767,-0.000338152,0.000354607,0.00109646,1787469000,-0.000490201,0.000480402,0,1,-0.000496145,0.000431688,0,1,-0.000558172,0.000531364,0,1,-0.000540422,0.000505279,0,1
1787469120,0.000568194,-4.17909e-06,0.000672606,-0.000150458,0.00077356,0.49531,0.000160926,0.00016145,0.0334794,-0.000975512,-0.000751155,-0.000372201,-0.000103869,-9.18041e-06,0.00014671,0.000357993,0.000770351,0.000979528,0.000162933,0.000162573,0.00016222,0.000161057,0.000145758,0.000168595,0.000166245,0.000154964,-0.00043992,0.000375471,0,0.000394798,0,0.000385748,0.511768,-0.000887267,-0.000312507,0.000354269,0.00108171,1787469000,-0.000436944,0.000454327,0,1,-0.000470837,0.000459902,2.73645e-05,1,-0.000540811,0.000437492,0,1,-0.000548595,0.000524926,0,1
1787469180,0.000187934,-3.75911e-05,0.000847513,-4.1768e-05,0.00076999,0.488749,7.73915e-05,7.60569e-05,0.0335949,-0.000985007,-0.00076179,-0.000392761,-0.000120112,-1.79233e-05,0.000144465,0.00034178,0.000747841,0.000968674,8.00012e-05,7.8209e-05,7.65118e-05,7.04853e-05,7.41608e-05,9.08708e-05,8.11705e-05,8.05125e-05,-0.000446738,0.000331509,0,0.000428198,0,0.000427507,0.506209,-0.000947799,-0.000354767,0.000365537,0.0011261,1787469000,-0.000419729,0.000427454,0,1,-0.000427817,0.000451851,2.02219e-05,1,0.000536348,0,0.00049373,1,-0.000474547,0.000440982,0,1
1787469240,-0.000233879,-3.34079e-05,6.68125e-05,-0.000338307,0.000762714,0.491546,8.49997e-05,8.54404e-05,0.0345439,-0.00103203,-0.000784081,-0.000396147,-0.00012758,-1.37579e-05,0.000148342,0.000338269,0.000772113,0.00102819,8.49659e-05,8.61953e-05,8.33549e-05,8.3199e-05,9.78623e-05,8.69671e-05,8.10596e-05,9.02082e-05,-0.000448821,0.000379902,0,0.000432045,0,0.000460629,0.504314,-0.00097176,-0.000366586,0.000365496,0.00114909,1787469000,0.000456457,1.35313e-05,0.000412648,1,-0.000431456,0.000438594,0,1,-0.000481132,0.000469917,0,1,0.000563141,0,0.000461982,1
1787469300,0.000651384,1.25306e-05,0.00079747,-0.000100251,0.000755773,0.494977,0.000188793,0.000188247,0.0357826,-0.000970123,-0.000753288,-0.000384709,-0.000115124,-8.33691e-06,0.000136728,0.000317776,0.000699764,0.000918435,0.000185741,0.000185536,0.000185021,0.000184222,0.000168026,0.000191966,0.000196355,0.00018997,-0.000428419,0.000297058,0,0.000377484,0,0.000402379,0.500381,-0.000874006,-0.000317373,0.000309248,0.000983446,1787469300,-0.000453312,0.000507069,0,1,-0.000452159,0.000461803,0,1,-0.000455385,0.00043497,0,1,0.000516972,0,0.000426268,1
1787469360,5.42629e-05,1.25225e-05,0.000479916,-0.000133583,0.000753827,0.492047,6.14911e-05,6.31914e-05,0.0350001,-0.000980615,-0.000726978,-0.000377209,-0.000109252,-1.31852e-05,0.000147727,0.00034326,0.000777636,0.00105196,6.58419e-05,6.41491e-05,6.03038e-05,5.87034e-05,6.66703e-05,6.78334e-05,6.26147e-05,6.22837e-05,-0.000437108,0.00037169,0,0.000424103,0,0.00042826,0.502028,-0.000953051,-0.000352211,0.000363865,0.00112654,1787469300,0.000451404,0,0.000402889,1,-0.000443779,0.000487146,3.61037e-05,1,0.000511294,0,0.000426797,1,-0.000463523,0.000421369,0,1
1787469420,8.76492e-05,4.17394e-06,0.000171117,-0.000171147,0.00074629,0.498148,6.01304e-05,6.12167e-05,0.0358302,-0.000972634,-0.000704696,-0.000359465,-0.000112837,-4.2739e-06,0.000138701,0.000312883,0.00070241,0.000938885,6.76117e-05,6.50593e-05,5.95379e-05,5.90107e-05,6.72585e-05,5.29384e-05,6.31472e-05,5.99667e-05,-0.000409687,0.000327706,0,0.000405988,0,0.000395964,0.501556,-0.000937124,-0.000343304,0.000337658,0.00107535,1787469300,-0.000468391,0.000470905,0,1,0.000437485,0,0.000396469,1,-0.000494975,0.000512839,0,1,-0.000509576,0.000486554,0,1
1787469480,-0.000262971,6.26019e-05,0.000229521,-0.000262971,0.000738893,0.507439,8.44907e-05,8.51393e-05,0.0371272,-0.000872165,-0.000635983,-0.000309444,-8.4222e-05,4.96134e-06,0.000132449,0.000291648,0.000654366,0.00087909,8.97565e-05,8.89754e-05,8.35442e-05,7.94099e-05,0.000102265,7.61293e-05,8.1804e-05,9.26201e-05,0.000363152,0,0.000270356,0.000331502,0,0.00030769,0.502327,-0.000769778,-0.000259267,0.000276094,0.000904023,1787469300,0.000436246,4.30536e-05,0.000408312,1,-0.000454833,0.000464382,0,1,0.000466812,0,0.000403753,1,-0.000539199,0.000519149,0,1
1787469540,0.000267144,0,0.000567596,0,0.000732412,0.497779,8.2899e-05,8.07587e-05,0.0374694,-0.000868799,-0.000630655,-0.000315088,-8.97478e-05,-4.59328e-06,0.00011473,0.000270847,0.00062494,0.000825414,9.28135e-05,8.83485e-05,8.22232e-05,7.89857e-05,8.29954e-05,7.64937e-05,8.92981e-05,8.25907e-05,-0.000357459,0.000267239,0,-0.000339124,0.000292313,0,0.498915,-0.000798138,-0.000278489,0.000279738,0.000909811,1787469300,0.000369424,7.29282e-06,0.00033308,1,-0.000426962,0.000458509,1.93609e-05,1,-0.000500448,0.000468305,0,1,0.000451698,0,0.000369825,1
1787469600,-0.000851771,-1.25208e-05,-1.25208e-05,-0.000997981,0.000726034,0.501341,0.000264311,0.000264271,0.0381311,-0.000875842,-0.00063973,-0.000323546,-9.07223e-05,-1.13836e-06,0.000125866,0.000285162,0.000636079,0.00083245,0.000251596,0.000258156,0.000275847,0.000276036,0.000270269,0.000315535,0.000254441,0.000266767,0.000369884,0,0.000298431,0.000356506,0,0.000339475,0.500202,-0.00083871,-0.000294211,0.000298731,0.000951839,1787469600,-0.000367868,0.000368112,0,1,-0.000386216,0.000382249,0,1,0.000486617,0,0.000451764,1,0.000505643,0,0.000424599,1
1787469660,-0.000944477,0,0,-0.000998832,0.000728762,0.506361,0.000298047,0.000296258,0.0377938,-0.000944037,-0.000694613,-0.000341415,-9.7599e-05,5.32376e-06,0.000138494,0.000316111,0.000698071,0.00091785,0.000287047,0.000293211,0.00030615,0.000316053,0.00030102,0.000286491,0.000296606,0.000296156,0.000397867,0,0.000315003,0.00040163,0,0.0003393,0.504251,-0.000949206,-0.0003304,0.000347537,0.00104504,1787469600,0.000392274,1.30226e-05,0.000356485,0,0.000375944,1.7454e-05,0.000345364,0,0.000421967,0,0.000366038,0,0.00052005,0,0.000432461,1
1787469720,0.000576822,1.25431e-05,0.000789911,1.25431e-05,0.000733698,0.506481,0.000163891,0.000164185,0.0492331,-0.000979485,-0.00072304,-0.000370385,-0.000101157,5.73694e-06,0.00014399,0.00032898,0.0007051,0.000935142,0.000165112,0.000164734,0.000164592,0.000163298,0.000152619,0.000167769,0.000158162,0.000170858,0.000423733,0,0.000285952,0.000430344,0,0.000325974,0.509702,-0.00100259,-0.000344317,0.000381823,0.0010996,1787469600,0.000406638,1.98158e-05,0.000384307,1,-0.000380046,0.00039847,0,1,0.000427821,0,0.000345479,1,-0.00043308,0.000393741,0,1
1787469780,0.000371832,3.76073e-05,0.000371832,-1.67148e-05,0.00073089,0.502064,0.000108092,0.000107231,0.0409922,-0.000950593,-0.000715231,-0.000373385,-9.80991e-05,-2.24094e-07,0.000138698,0.000330578,0.000692519,0.000913035,0.000110344,0.000107697,0.000107545,0.000106402,0.000103485,0.000133698,0.000110003,0.000109451,0.000425871,0,0.000290422,0.00042694,0,0.000351366,0.50594,-0.00098316,-0.000348274,0.000369135,0.00108285,1787469600,0.000435898,0,0.000394273,1,0.000427593,2.69518e-06,0.000379648,1,0.000424328,0,0.000368916,1,0.000429398,0,0.00035494,1
1787469840,-0.000300797,0,4.1771e-06,-0.000396904,0.000725453,0.503139,9.12197e-05,9.20419e-05,0.0361186,-0.000901113,-0.000677521,-0.000335554,-8.80862e-05,4.46426e-07,0.000130795,0.000302102,0.000632216,0.000840964,9.57318e-05,9.5115e-05,9.42651e-05,8.67175e-05,0.000106644,0.000120108,9.15317e-05,9.53609e-05,0.000385466,0,0.000230677,0.000362821,0,0.000298338,0.502396,-0.000850737,-0.00029364,0.000302285,0.000931445,1787469600,0.000457194,0,0.00038548,1,0.000454735,0,0.000383237,1,0.000468655,0,0.000375032,1,0.000448847,0,0.000364466,1
1787469900,0.000722596,0,0.000847849,0,0.00071942,0.503024,0.000214249,0.000216527,0.0359849,-0.000883648,-0.000669197,-0.000332168,-9.36521e-05,1.08412e-06,0.000128433,0.000288683,0.00062209,0.000840981,0.000205609,0.000204986,0.000206691,0.000222739,0.000190948,0.000208637,0.000215426,0.000216462,0.00037684,0,0.000236746,-0.000358172,0.000306596,0,0.499273,-0.00085207,-0.000295178,0.000296351,0.000932366,1787469900,0.000397025,0,0.000297978,1,0.000425115,1.055e-05,0.000374629,1,0.000479358,0,0.00036901,1,0.00045147,4.45324e-06,0.000381115,1
1787469960,-0.000275611,4.17526e-05,4.17526e-05,-0.000451039,0.000719484,0.500681,8.83451e-05,8.91685e-05,0.0336908,-0.000904432,-0.000691131,-0.000358255,-9.64097e-05,-1.75822e-06,0.0001326,0.000320308,0.000666569,0.000883051,9.15341e-05,9.06334e-05,9.01704e-05,8.21872e-05,0.000102953,0.000117184,8.58693e-05,9.29888e-05,0.000410299,0,0.000276121,0.000422893,0,0.000397303,0.50036,-0.000952671,-0.00035334,0.000353672,0.00107448,1787469900,0.00037094,0,0.000302809,1,0.000388586,0,0.000303059,1,0.000469538,0,0.000366332,1,0.000463363,0,0.000378734,1
1787470020,-0.000614134,-7.93566e-05,0.000204628,-0.000973598,0.000713319,0.49937,0.000175856,0.000173764,0.0332034,-0.000895431,-0.000665065,-0.000333825,-0.000100216,-2.61205e-06,0.00012555,0.00029416,0.000630186,0.000845712,0.000173299,0.000175941,0.000175074,0.000182575,0.000186259,0.00017771,0.000178998,0.000174088,-0.00038107,0.000212551,0,-0.000362056,0.000297451,0,0.498286,-0.000846619,-0.000300943,0.000296523,0.000936114,1787469900,0.000447183,0,0.000379044,1,0.000397382,0,0.00029065,1,0.0004386,0,0.000309472,1,0.000477792,0,0.000368454,1
1787470080,6.2684e-05,2.9253e-05,6.2684e-05,-0.000455622,0.00071147,0.505383,6.29309e-05,6.47017e-05,0.0363819,-0.00102001,-0.000758872,-0.000390789,-0.000114456,5.30658e-06,0.000159547,0.00037342,0.000759267,0.00100317,6.62484e-05,6.1217e-05,6.01404e-05,6.25676e-05,6.67743e-05,9.67955e-05,6.45895e-05,6.00281e-05,0.000460249,0,0.000347997,0.000450174,1.31795e-05,0.000402067,0.511014,-0.00102291,-0.000362784,0.000395966,0.00115232,1787469900,0.000381255,0,0.000347256,1,0.000429571,1.18156e-06,0.000374761,1,0.000431344,0,0.000310245,1,0.000414882,0,0.000320587,1
1787470140,-0.000213142,4.17879e-06,0.000142069,-0.0002424,0.000704376,0.512031,8.07366e-05,8.04392e-05,0.0339898,-0.000911629,-0.000669224,-0.000323705,-8.3836e-05,1.05355e-05,0.000140981,0.000341241,0.000688441,0.000905948,8.10274e-05,7.87841e-05,7.66676e-05,7.37262e-05,9.03649e-05,9.94614e-05,8.69651e-05,8.17327e-05,0.000401768,0,0.000284276,0.000382168,0,0.00031581,0.510548,-0.000893168,-0.000297969,0.000343703,0.00101269,1787469900,0.000436107,2.26882e-05,0.000432358,1,0.00039932,0,0.000351706,1,0.000474758,0,0.00038119,1,0.00038008,0,0.000343762,1
1787470200,-0.000175563,-4.1797e-06,5.43345e-05,-0.000313526,0.000697947,0.499942,7.38561e-05,7.2848e-05,0.0343803,-0.000975823,-0.000742785,-0.000377655,-0.000113201,-1.20357e-06,0.000130614,0.000322464,0.0006624,0.000884511,7.46022e-05,7.1919e-05,6.88671e-05,6.80528e-05,8.3366e-05,8.40216e-05,7.79317e-05,7.68809e-05,-0.000424207,0.000315541,0,0.000362865,0,0.000344401,0.500161,-0.000870587,-0.000307439,0.000298701,0.000905649,1787470200,0.000398039,0,0.000388295,1,0.000455458,0,0.000438998,1,0.00046148,0,0.000374927,1,0.000436995,0,0.000398212,1
1787470260,-0.000380491,0.000108685,0.000112865,-0.000635627,0.000691379,0.499568,0.000113133,0.000109316,0.0354879,-0.000860508,-0.000632257,-0.000314223,-9.89449e-05,-2.0697e-06,0.000120402,0.000293329,0.000600822,0.000817084,0.000108686,0.00011061,0.000109584,0.000108971,0.0001179,0.000114496,0.000117062,0.000115448,-0.000366743,0.000257065,0,0.000311476,0,0.000253416,0.501583,-0.000751549,-0.000245922,0.000257518,0.000799174,1787470200,0.00041659,0,0.000361771,1,0.000413621,0,0.000368332,1,0.000462832,0,0.000430054,1,0.000401586,7.66729e-07,0.000364648,1
1787470320,0.00036795,-1.25461e-05,0.000418114,-1.25461e-05,0.000686542,0.499559,0.000104063,0.000105292,0.0381997,-0.000884737,-0.000654569,-0.000334287,-0.000110605,-1.95898e-06,0.000132184,0.000319716,0.000650278,0.000866654,0.000109792,0.000106314,0.000105782,0.000105456,0.000103692,0.000109306,0.000102062,0.000103541,-0.000394088,0.000319745,0,0.00035719,0,0.000296812,0.503801,-0.000859773,-0.000290537,0.000309538,0.000915708,1787470200,0.000321706,0,0.000300235,1,0.000386829,0,0.000348686,1,0.000427202,0,0.000393564,1,0.000440984,0,0.00042516,1
1787470380,-0.000351222,4.18047e-06,5.8525e-05,-0.000393042,0.000681631,0.491962,0.000102599,9.85777e-05,0.0357963,-0.000775439,-0.000577924,-0.00030034,-9.52785e-05,-9.77657e-06,0.000106179,0.000266962,0.000541649,0.000730274,0.000103792,0.000102391,0.000101344,0.000100494,0.000111481,0.000102888,0.000102682,0.000104983,-0.000343288,0.000232151,0,0.000298044,0,0.000261848,0.501041,-0.000715864,-0.000231948,0.00024616,0.000754644,1787470200,0.000355,0,0.000351812,1,0.000340887,0,0.000300306,1,0.000409035,0,0.000343417,1,0.000403008,3.52326e-06,0.000370584,1
1787470440,-0.000870224,4.18194e-06,4.18194e-06,-0.000870224,0.000676606,0.491287,0.000283241,0.000283143,0.0386706,-0.000778721,-0.000578134,-0.000311241,-0.0001078,-9.89016e-06,0.000103157,0.000261106,0.000530328,0.000717404,0.000257818,0.000270451,0.000288302,0.000308392,0.000267131,0.000300855,0.000276137,0.000269875,-0.000347595,0.000208804,0,-0.000304199,0.000261861,0,0.496244,-0.000747294,-0.000249464,0.000243955,0.000764921,1787470200,0.000319338,0,0.000283804,0,0.000375949,0,0.000338163,1,0.000378417,0,0.000316238,1,0.000369751,1.64358e-05,0.000308995,1
1787470500,0.000251104,5.02258e-05,0.000267842,-0.000376774,0.000681018,0.499447,7.81453e-05,7.90912e-05,0.0454423,-0.00087738,-0.000650764,-0.000336363,-0.000108887,-2.19684e-06,0.000131975,0.000307507,0.000602785,0.000790108,9.03726e-05,8.28267e-05,8.14323e-05,7.38541e-05,8.62777e-05,0.000103312,7.63093e-05,7.9244e-05,-0.000388567,0.000315819,0,0.000376819,1.33803e-05,0.000299629,0.506572,-0.000908467,-0.00030544,0.000331899,0.000951733,1787470500,0.000310304,0,0.000294008,1,0.00031683,0,0.00029908,1,0.000407021,0,0.000346619,1,0.000351685,0,0.000327088,1
1787470560,0.00022594,1.25535e-05,0.000242674,-0.000267846,0.000675108,0.500907,7.38756e-05,7.41231e-05,0.0398551,-0.000857705,-0.000630724,-0.000322879,-0.000102624,-7.86525e-07,0.000132577,0.000309655,0.000620257,0.000803707,8.61438e-05,7.80584e-05,7.58751e-05,7.32087e-05,8.12253e-05,8.97054e-05,7.11074e-05,7.33766e-05,0.000380871,0,0.000328353,0.000379308,0,0.000313058,0.508745,-0.000894724,-0.000299081,0.000341309,0.000977433,1787470500,0.000366479,0,0.000347817,1,0.000327798,0,0.000297492,1,0.000356254,0,0.000291988,1,0.000372628,0,0.00035693,1
1787470620,-0.000602619,0,0,-0.000811947,0.000669086,0.49805,0.000173708,0.000169136,0.0370171,-0.000816212,-0.000601348,-0.000313429,-0.000100351,-3.71701e-06,0.000120107,0.000276128,0.000563485,0.000743618,0.000169917,0.000171975,0.000172069,0.000177888,0.000176672,0.000175687,0.000177503,0.000175225,-0.000357056,0.00025665,0,0.000355924,0,0.000298886,0.504408,-0.000835715,-0.000287114,0.000306523,0.000904048,1787470500,0.000395956,0,0.000385606,1,0.000391262,0,0.000344388,1,0.000377781,0,0.000305472,1,0.000328506,0,0.000298021,1
1787470680,-0.000154898,-1.67446e-05,0.000196728,-0.00034332,0.000667822,0.499145,6.69251e-05,6.49513e-05,0.0389387,-0.000873411,-0.000652693,-0.000340992,-0.00011392,-2.13259e-06,0.000130105,0.00029607,0.000614231,0.000799239,7.10959e-05,6.63378e-05,6.44122e-05,6.18503e-05,7.56298e-05,7.60145e-05,7.08753e-05,6.78467e-05,-0.00038674,0.000310749,0,0.000383348,0,0.000317798,0.506774,-0.000902226,-0.000312414,0.000334051,0.000964934,1787470500,0.000378615,0,0.000349648,1,0.000399124,0,0.000359979,1,0.0004066,0,0.000329557,1,0.000338896,0,0.0003191,1
1787470740,0.000786802,5.02399e-05,0.000795169,4.60533e-05,0.000661473,0.495135,0.000241072,0.000249893,0.0374707,-0.000842169,-0.000624794,-0.000325492,-0.0001129,-6.84117e-06,0.000122278,0.000282726,0.000575498,0.000760788,0.00022432,0.000235104,0.000241248,0.000243113,0.000218155,0.000244503,0.000242089,0.000241761,-0.000369002,0.000277002,0,0.000364253,0,0.000296497,0.508286,-0.0008602,-0.000292512,0.000318648,0.000922755,1787470500,0.00037502,0,0.000356198,1,0.00037845,0,0.000345883,1,0.000407193,0,0.000370081,1,0.000364068,0,0.000344735,1
1787470800,-0.000493771,-2.51011e-05,0.000167325,-0.000539813,0.000664211,0.490725,0.000142199,0.000136959,0.0335428,-0.000829286,-0.000631706,-0.000330797,-0.00011236,-1.16006e-05,0.000113937,0.000285422,0.000592194,0.000774616,0.000139685,0.000141711,0.000141017,0.00014018,0.000146845,0.000146875,0.000140126,0.00014661,-0.00037431,0.000268604,0,0.000369806,0,0.000341534,0.501844,-0.00084611,-0.000306208,0.000313046,0.000917936,1787470800,0.000373655,0,0.000358257,1,0.000399332,0,0.000349784,1,0.000414396,0,0.00036328,1,0.000387327,0,0.000360904,1
1787470860,0.000150668,4.18553e-06,0.000159038,-0.000192553,0.000661233,0.490516,6.44522e-05,6.53559e-05,0.0338426,-0.000889103,-0.000668153,-0.000360702,-0.000134965,-1.22544e-05,0.000119243,0.000286049,0.000606828,0.000799845,7.35491e-05,6.48389e-05,6.44454e-05,6.03601e-05,7.10552e-05,8.83071e-05,6.4199e-05,6.67092e-05,-0.00039584,0.000274585,0,0.000373755,0,0.000327172,0.500898,-0.0008885,-0.000315602,0.000310382,0.000922847,1787470800,0.00039489,0,0.000360742,1,0.00037838,0,0.000364613,1,0.000417044,0,0.000353791,1,0.000379307,0,0.000357543,1
1787470920,-8.36985e-06,-8.36985e-06,0.000133908,-0.000259498,0.000654934,0.494546,4.58957e-05,4.69945e-05,0.0314594,-0.000789447,-0.000592514,-0.000302599,-0.000103035,-7.51588e-06,0.000117361,0.000268579,0.000556354,0.000744236,6.22119e-05,5.25262e-05,5.08019e-05,4.27123e-05,6.50016e-05,6.46599e-05,4.31719e-05,4.48354e-05,-0.000346402,0.000213524,0,0.000323789,0,0.000274427,0.504128,-0.000770774,-0.000253553,0.000278064,0.000827973,1787470800,0.00036944,0,0.000351348,1,-0.00037486,0.000323085,0,1,0.000397207,0,0.000368037,1,0.000376223,0,0.000375916,1
1787470980,-0.000184154,2.51093e-05,5.0218e-05,-0.000414395,0.000648352,0.489188,6.59888e-05,6.38204e-05,0.0306565,-0.000776981,-0.000583806,-0.000303948,-0.000102138,-1.2451e-05,0.000104592,0.000249118,0.000530868,0.000704815,7.58973e-05,6.98052e-05,6.73547e-05,6.26331e-05,8.04489e-05,6.71925e-05,6.36354e-05,6.88627e-05,-0.000337278,0.000204939,0,0.000333723,0,0.000288269,0.502368,-0.000801568,-0.000270555,0.000282819,0.000851422,1787470800,0.000348636,0,0.00031554,1,0.000382019,0,0.000371785,1,0.000423675,0,0.000357577,1,0.000385608,0,0.00036792,1
1787471040,4.60418e-05,5.02273e-05,0.000443587,-6.27876e-05,0.000642364,0.487656,4.69872e-05,4.94639e-05,0.0311008,-0.000786118,-0.000588975,-0.000301388,-0.000109059,-1.46918e-05,0.000106897,0.00025848,0.000543355,0.000718395,6.51661e-05,5.33549e-05,4.91918e-05,4.49075e-05,6.41053e-05,4.21207e-05,4.56198e-05,4.61616e-05,-0.000340914,0.000230166,0,0.000325978,0,0.000286005,0.502926,-0.000784189,-0.000262777,0.000281762,0.000843832,1787470800,0.00035833,0,0.000356286,1,0.000362768,0,0.00032166,1,0.000425171,0,0.000373426,1,0.000380257,0,0.000362235,1
1787471100,-7.11564e-05,0,0.000669459,-0.000196739,0.000635942,0.489316,5.29084e-05,5.3085e-05,0.0312505,-0.000862116,-0.000655682,-0.000339215,-0.000117493,-1.31524e-05,0.00011249,0.000276339,0.000564815,0.000754513,6.56256e-05,5.37213e-05,4.84002e-05,5.25358e-05,6.67927e-05,3.99275e-05,5.77995e-05,5.38285e-05,-0.000374268,0.00029173,2.34309e-05,0.000340826,0,0.000385879,0.503506,-0.000829776,-0.000287571,0.000292435,0.000867491,1787471100,-0.000343261,0.000295855,0,1,-0.00036255,0.00031805,1.07334e-05,1,0.000378834,0,0.000337738,1,0.000386819,0,0.000381399,1
1787471160,1.67431e-05,-5.86032e-05,0.000171604,-0.000762109,0.000629631,0.488556,4.93247e-05,5.10947e-05,0.0323853,-0.000837188,-0.000630632,-0.000329957,-0.00011745,-1.39441e-05,0.000110421,0.000274253,0.000582552,0.000782606,6.35211e-05,5.02071e-05,4.37683e-05,5.27068e-05,6.15879e-05,3.57656e-05,5.01606e-05,4.5882e-05,-0.000368673,0.000307477,0,0.000310133,0,0.000326371,0.503721,-0.000755067,-0.000257234,0.000268885,0.000811503,1787471100,0.000382923,0,0.000396109,1,0.000363848,0,0.00034087,1,0.000397212,0,0.000390897,1,-0.000352452,0.000281746,0,1
1787471220,-8.37153e-06,3.7671e-05,0.00012975,-0.000272111,0.000623307,0.493528,5.07671e-05,5.02892e-05,0.0333565,-0.000851476,-0.000640301,-0.000321629,-0.000107636,-8.33885e-06,0.000115294,0.000295323,0.000619255,0.000812945,6.21374e-05,4.87722e-05,4.1373e-05,5.6012e-05,6.18674e-05,3.48923e-05,5.28999e-05,4.64904e-05,-0.000373397,0.000317957,0,0.000299203,0,0.000317309,0.50404,-0.000727681,-0.000238726,0.000267971,0.000801353,1787471100,-0.00031272,0.000333184,6.94178e-05,1,-0.000351301,0.000351559,4.18801e-05,1,-0.000384198,0.000296532,0,1,0.000382447,0,0.000365325,1
1787471280,-0.000167445,-2.93009e-05,-1.67433e-05,-0.000456354,0.000617043,0.489755,6.46524e-05,6.1766e-05,0.0347996,-0.000778104,-0.000578742,-0.000290263,-9.52286e-05,-1.14155e-05,0.00010097,0.000267145,0.000551349,0.000718345,7.31699e-05,6.42199e-05,5.7919e-05,6.30933e-05,7.37454e-05,5.32938e-05,6.49097e-05,6.85912e-05,-0.000337026,0.000266829,0,0.00024451,0,0.00024435,0.502079,-0.000605041,-0.000182562,0.00020758,0.000652926,1787471100,-0.000307532,0.000332285,8.65412e-05,1,-0.000315007,0.000318392,9.78989e-05,1,0.000346933,1.72393e-05,0.000375833,1,-0.000354071,0.000298239,0,1
1787471340,0.000707265,3.34913e-05,0.000711449,3.34913e-05,0.000611301,0.484545,0.000214633,0.000221658,0.0366925,-0.000768048,-0.000568195,-0.000287511,-0.000103056,-1.67322e-05,9.39776e-05,0.000252233,0.000543194,0.000705289,0.000201485,0.000211649,0.000228336,0.00021215,0.000197697,0.00024855,0.000215481,0.000214687,-0.000328588,0.000243463,0,0.000239913,0,0.000231498,0.501286,-0.000585154,-0.000177525,0.00020099,0.000629155,1787471100,-0.000259227,0.000253555,5.31321e-05,1,-0.000329836,0.000325691,5.84278e-05,1,-0.000346814,0.000337483,5.03913e-05,1,0.000355867,0,0.00034121,1
1787471400,-0.000451923,-4.18361e-05,-2.09178e-05,-0.000468664,0.000613367,0.48221,0.000130372,0.0001255,0.0344096,-0.000750862,-0.000561251,-0.000286395,-9.92168e-05,-1.99238e-05,9.45257e-05,0.000251449,0.000546167,0.000700415,0.000128361,0.000129566,0.000128686,0.0001286,0.000133099,0.00012918,0.0001246,0.00013931,-0.000327385,0.000234965,0,-0.000310312,0.000255543,3.1164e-07,0.497923,-0.000723039,-0.000257549,0.000259748,0.000789441,1787471400,-0.000258723,0.000245435,5.28008e-05,1,-0.000282964,0.000259426,3.22153e-05,1,-0.000347724,0.000337666,5.27675e-05,1,-0.000365564,0.000350138,2.6545e-05,1
1787471460,0.000552322,0.000125555,0.000828369,0.000125555,0.000610557,0.473387,0.000162526,0.000168652,0.0338745,-0.000776431,-0.000570403,-0.000298956,-0.000115248,-2.72193e-05,7.75008e-05,0.000227936,0.000513344,0.000677825,0.000158367,0.000157387,0.00015725,0.000159903,0.000152558,0.000162895,0.000168413,0.000168579,-0.000325373,0.000215487,0,-0.000289013,0.000255624,0,0.498174,-0.000704937,-0.000240084,0.000238302,0.000741262,1787471400,-0.000349568,0.000298084,0,1,-0.000286585,0.000250975,2.78912e-05,1,-0.000303355,0.000265368,1.99866e-05,1,-0.000352656,0.000350468,4.65699e-05,1
1787471520,0.000539475,0,0.000631449,0,0.000609447,0.477671,0.000156413,0.000158858,0.0327867,-0.000784054,-0.000578097,-0.000310628,-0.000111766,-2.448e-05,8.75918e-05,0.000253712,0.000559889,0.000725331,0.000154656,0.00015369,0.000153233,0.00015272,0.000146666,0.000155614,0.000163343,0.000156258,-0.00034586,0.000268632,0,0.000342566,0,0.000349668,0.500352,-0.000791468,-0.000286639,0.000288177,0.000875001,1787471400,-0.000309458,0.000261668,0,0,-0.000336854,0.000294864,0,1,-0.000315945,0.000267083,1.16186e-05,0,-0.000304137,0.000269158,1.93754e-05,1
1787471580,0.000142139,2.0904e-05,0.000417997,0,0.000608126,0.479041,6.03892e-05,6.06865e-05,0.0327673,-0.000794857,-0.000589063,-0.000310646,-0.000113809,-2.32603e-05,9.01531e-05,0.000252818,0.000548549,0.000710781,7.20378e-05,5.94397e-05,5.8252e-05,5.49126e-05,6.71328e-05,6.29784e-05,6.37348e-05,6.30494e-05,-0.000345044,0.000255414,0,-0.000336155,0.000292863,8.32008e-06,0.499314,-0.000780986,-0.000283468,0.000280443,0.000861878,1787471400,-0.000377714,0.000328827,0,1,0.000328605,0,0.000300616,0,0.000379608,0,0.000328517,1,-0.000304689,0.000276152,2.47044e-05,0
1787471640,-0.000853135,-2.50818e-05,0.000150478,-0.000853135,0.00060235,0.479543,0.000275255,0.000276005,0.03112,-0.000763432,-0.000566885,-0.000297254,-0.000109418,-2.22219e-05,8.88149e-05,0.000232296,0.000524105,0.000681609,0.000251352,0.000280753,0.000289037,0.000298341,0.00026428,0.00029402,0.000260559,0.000264797,-0.000326178,0.000232214,0,-0.000319858,0.000257412,9.09557e-06,0.498186,-0.00075198,-0.000271599,0.000260342,0.000831642,1787471400,-0.000374814,0.000331507,0,1,-0.000363901,0.000330904,3.28831e-06,1,-0.000366442,0.000280005,0,1,-0.000347866,0.000308071,0,1
1787471700,-0.000359873,-5.02071e-05,8.78564e-05,-0.000368244,0.000608379,0.487207,0.000104228,9.96647e-05,0.034603,-0.000868466,-0.000637885,-0.00033057,-0.000115172,-1.59809e-05,0.000111376,0.000280416,0.000609209,0.000790664,0.000105282,0.000103999,0.000103599,0.000103267,0.000108177,0.00011964,0.000104543,0.000104679,-0.000372862,0.000298251,0,0.000376418,0,0.000333381,0.505751,-0.000869513,-0.000309595,0.00031767,0.000933737,1787471700,-0.000359106,0.000327449,0,0,-0.0003585,0.000315585,0,1,-0.000392713,0.000334893,0,1,-0.000323779,0.000271972,0,1
1787471760,-0.000242778,0,9.62579e-05,-0.000648936,0.000604411,0.484441,7.64204e-05,7.39557e-05,0.0330995,-0.000820164,-0.000599658,-0.000311906,-0.000112367,-1.76437e-05,9.81694e-05,0.000264144,0.000564279,0.000739878,8.57635e-05,7.68099e-05,7.78195e-05,7.2752e-05,8.74838e-05,9.43648e-05,7.54316e-05,7.8043e-05,-0.000351399,0.000255095,0,0.000317692,0,0.000257836,0.505664,-0.000756354,-0.000255448,0.000274541,0.000817586,1787471700,-0.000390623,0.000360018,0,1,-0.000351372,0.000314808,1.42916e-05,0,-0.000397874,0.000312377,0,1,-0.00038199,0.000322208,0,1
1787471820,-0.000879519,0,0,-0.00103456,0.000599321,0.493349,0.000278909,0.000275153,0.0315873,-0.000864536,-0.000632987,-0.000323058,-0.000114562,-8.69847e-06,0.000119374,0.000299819,0.000618755,0.000806848,0.000261043,0.000292705,0.00029214,0.000286389,0.000267807,0.000270601,0.000280288,0.00027887,-0.000376646,0.000305102,0,0.000363761,0,0.000301539,0.512294,-0.000844998,-0.000289108,0.000322973,0.000927467,1787471700,-0.000361247,0.000284869,0,0,-0.00040411,0.000346274,0,0,-0.000386118,0.000320758,0,0,-0.00036349,0.000327825,0,0
1787471880,7.96073e-05,0,0.000377031,-0.000217905,0.000606195,0.497631,5.72935e-05,5.97789e-05,0.0427557,-0.000930022,-0.000684517,-0.000349877,-0.000117701,-4.17095e-06,0.000135638,0.000327712,0.000674333,0.000860043,6.71263e-05,5.30862e-05,5.77095e-05,5.44233e-05,6.55996e-05,9.55327e-05,5.78345e-05,5.66632e-05,-0.000409183,0.000356414,0,0.000385742,0,0.00029862,0.514285,-0.000902833,-0.000305683,0.000344787,0.00096434,1787471700,0.000396105,0,0.000399276,1,-0.000360626,0.000298764,0,1,0.000435106,0,0.000386059,1,-0.000377655,0.000322269,0,0
1787471940,0.000707807,0,0.000741301,0,0.000600208,0.489036,0.000205733,0.000212215,0.0367108,-0.000892725,-0.00065835,-0.000332021,-0.000116676,-1.3586e-05,0.000112733,0.00029773,0.000627376,0.000824903,0.000201558,0.000210904,0.000208092,0.000210465,0.000198639,0.000206366,0.000207213,0.000200786,-0.000382165,0.000301075,0,0.000366432,0,0.000292863,0.513194,-0.000855777,-0.000290832,0.000326335,0.000931765,1787471700,0.000400342,0,0.000377767,1,-0.000396927,0.00035896,0,1,-0.00038989,0.000308634,0,1,-0.000396341,0.00036891,0,1
1787472000,0.000263729,2.93067e-05,0.000263729,-0.000410384,0.000602549,0.480568,9.10117e-05,9.23507e-05,0.0357949,-0.00100777,-0.000788774,-0.000411094,-0.000147787,-2.6873e-05,0.000113827,0.000333434,0.00070629,0.000905628,9.24373e-05,8.04685e-05,8.38e-05,8.68576e-05,8.70112e-05,0.000113267,0.000101827,8.84003e-05,-0.000454741,0.000461062,6.95793e-05,-0.000433315,0.000485978,0.000116776,0.498057,-0.000956972,-0.000362359,0.000355366,0.00101178,1787472000,0.000407191,0,0.000373319,1,0.000414404,0,0.000366726,1,0.000417371,0,0.000381471,1,0.000364114,0,0.000323827,1
1787472060,-0.00100086,0,0.000129746,-0.00115171,0.000597658,0.488235,0.000330055,0.000327386,0.0322464,-0.000898784,-0.000670671,-0.000330993,-0.000118538,-1.46241e-05,0.000112073,0.000294398,0.000656958,0.000851636,0.000308273,0.000350937,0.000340557,0.000346001,0.000324609,0.000286779,0.000328033,0.000317723,-0.000380967,0.000273514,0,0.000372358,0,0.000350261,0.501823,-0.000843624,-0.000308927,0.000312129,0.00093419,1787472000,0.00047622,0,0.000411066,1,0.000393655,0,0.000364057,1,0.000423286,0,0.00034464,1,0.000395583,0,0.000365599,1
1787472120,0.000716202,0,0.000779002,-6.28492e-05,0.000608347,0.493578,0.000202522,0.000205943,0.0455319,-0.00098354,-0.00074023,-0.000371735,-0.00013174,-9.08945e-06,0.000131435,0.000332069,0.000718497,0.000913353,0.000203973,0.000211522,0.000203471,0.000204407,0.000199668,0.000203666,0.00020123,0.000203134,-0.000427846,0.00035881,0,0.000434205,0,0.000357375,0.506777,-0.000973231,-0.000350747,0.000365742,0.00104043,1787472000,0.00041377,0,0.00036944,1,0.000463646,0,0.000354894,1,0.000403975,0,0.000357892,1,0.000386895,0,0.000360542,1
1787472180,-0.000142362,-5.44301e-05,0.00023862,-0.000515111,0.00061069,0.488302,6.635e-05,6.42397e-05,0.0439766,-0.000914706,-0.000700016,-0.00035164,-0.000122952,-1.58391e-05,0.000121999,0.000321781,0.000694531,0.000879212,6.97277e-05,6.21072e-05,6.91444e-05,6.12553e-05,7.24018e-05,0.000106119,6.49835e-05,7.01742e-05,-0.000408344,0.000330811,0,0.000393412,0,0.00035913,0.50217,-0.000888458,-0.000321264,0.000340284,0.000988903,1787472000,0.000459265,0,0.000406692,1,0.00042648,0,0.000362266,1,0.000518764,0,0.000439283,1,0.000409361,0,0.000368716,1
1787472240,0.000837132,4.1874e-06,0.000837132,-3.34999e-05,0.000604888,0.489365,0.000249046,0.000254335,0.0373608,-0.000955456,-0.000717623,-0.000361607,-0.00013441,-1.48692e-05,0.000127362,0.000328998,0.000704944,0.000910744,0.000243711,0.000258736,0.00025027,0.000253964,0.000239721,0.000238273,0.00024847,0.000245978,-0.000419188,0.000350789,0,0.000417217,0,0.000368322,0.507321,-0.000944695,-0.000340811,0.000356771,0.00104211,1787472000,0.000468889,0,0.000407262,1,0.000478121,0,0.000428916,1,0.000457495,0,0.000393752,1,0.000441307,2.34222e-05,0.000374331,1
1787472300,0.000468488,-6.69448e-05,0.000468488,-0.000531498,0.000610399,0.488297,0.000133932,0.000136068,0.0415756,-0.000910182,-0.000700707,-0.000350159,-0.000122984,-1.65048e-05,0.000126962,0.000326287,0.000697631,0.00087912,0.000134671,0.000134374,0.000134825,0.000133469,0.0001259,0.000150968,0.000141932,0.000126315,-0.000409318,0.000355371,0,-0.000396731,0.000378429,1.7055e-06,0.498297,-0.00089751,-0.000332993,0.00033451,0.00100075,1787472300,-0.000462935,0.000431375,0,1,-0.000443337,0.00037003,0,1,0.000498291,0,0.000415909,1,-0.00042318,0.000382962,0,1
1787472360,0.000610378,0,0.000915428,-0.000146379,0.000607886,0.489112,0.000174636,0.000175805,0.0389012,-0.000994354,-0.000760673,-0.000376975,-0.000139644,-1.65497e-05,0.000137881,0.000358721,0.00075495,0.000968184,0.000174015,0.000173757,0.000174094,0.000173402,0.000164152,0.000174584,0.000177932,0.000174051,-0.000444165,0.000398709,0,-0.000427469,0.000436616,1.03053e-05,0.4998,-0.00096062,-0.00035619,0.000359464,0.00107775,1787472300,0.000455851,0,0.000375246,1,-0.000458678,0.000406392,0,0,-0.000467212,0.000363481,0,1,-0.000453771,0.000408451,0,0
1787472420,0.000396964,-4.17941e-06,0.000522288,-4.17941e-06,0.000607936,0.487297,0.000118244,0.000118453,0.040938,-0.000993359,-0.00076198,-0.000394984,-0.000150389,-1.94635e-05,0.000136194,0.000350168,0.000749768,0.00097074,0.000114698,0.000114379,0.000114771,0.000114018,0.000106718,0.000138456,0.000126964,0.000118059,-0.000453561,0.000387428,0,-0.000417445,0.000398113,4.81869e-05,0.49153,-0.000938629,-0.00035864,0.000337817,0.00104959,1787472300,0.000470147,0,0.000413428,1,0.000444644,0,0.000357394,1,-0.0004849,0.000395798,0,0,0.000437092,0,0.000377664,1
1787472480,0.000676565,5.01316e-05,0.00147366,5.01316e-05,0.000604438,0.486901,0.000196537,0.000197672,0.0398288,-0.000906637,-0.000685851,-0.000353872,-0.000132815,-1.78949e-05,0.000121136,0.000312245,0.000654901,0.000857733,0.000192061,0.000195265,0.000192242,0.00019843,0.00018017,0.000193514,0.000208897,0.000194822,-0.000405058,0.000291726,0,-0.00034279,0.000286442,4.04885e-06,0.491531,-0.000805669,-0.000295446,0.000273868,0.00087868,1787472300,-0.000471004,0.000445666,0,1,0.000472989,0,0.000387248,1,-0.000464821,0.000375212,0,0,0.00046536,0,0.000404041,0
1787472540,0.00461098,0,0.00630507,-0.000108554,0.000605965,0.488788,0.00209832,0.00210534,0.0447569,-0.00106094,-0.000822018,-0.00043308,-0.000166563,-1.85616e-05,0.000149408,0.000385814,0.000809075,0.00106696,0.00211197,0.00213916,0.00211204,0.00209064,0.00209481,0.00200657,0.00209763,0.00209763,-0.000497781,0.000446212,0,-0.00045386,0.000466361,8.46829e-05,0.49237,-0.000996383,-0.00038912,0.000361698,0.00112573,1787472300,0.000404451,0,0.000327962,0,-0.000463202,0.000428055,0,0,-0.00048592,0.000418825,0,0,-0.000462003,0.000344907,0,0
1787472600,6.23336e-05,4.15562e-05,0.00254835,-0.000187024,0.000886043,0.485525,0.000152623,0.000155872,0.996841,-0.00227876,-0.00182256,-0.000959429,-0.000336384,-5.33738e-05,0.000318914,0.000895382,0.00191921,0.00262113,6.58994e-05,9.24296e-05,0.000157395,0.000149421,0.000256166,0.000339232,0.000162367,0.000143307,-0.00112224,0.00115087,6.63452e-05,-0.00111591,0.00141665,0.000544928,0.482441,-0.00203906,-0.000907714,0.000809445,0.00242991,1787472600,-0.000490807,0.000501789,0,0,-0.000396976,0.000337664,0,0,-0.000497295,0.000423252,0,0,-0.000486337,0.000415756,0,0
1787472660,0.00064804,0,0.00064804,-0.000981167,0.000877182,0.489385,0.000208446,0.000206477,0.991057,-0.00202654,-0.0015817,-0.000826129,-0.000283955,-3.46034e-05,0.000294885,0.00075486,0.001645,0.00226071,0.000184138,0.000186284,0.000216338,0.0002069,0.000223986,0.000269685,0.000226507,0.000202706,-0.000958981,0.000888609,0,-0.00100038,0.0011212,0.000222657,0.49618,-0.00194453,-0.000819676,0.000746451,0.0022395,1787472600,-0.00108552,0.0011153,1.28778e-05,1,-0.000469498,0.00047858,0,0,-0.00044504,0.000341813,0,0,-0.000509622,0.000422198,0,0
1787472720,-9.55179e-05,-0.000161971,0.00226484,-0.000348892,0.000873189,0.492972,0.000117545,0.000120708,0.981312,-0.00180438,-0.00141996,-0.000724215,-0.000233688,-2.09384e-05,0.000280485,0.000698852,0.00154228,0.00202403,6.67353e-05,9.19436e-05,0.00014482,0.000123423,0.000223551,0.000126026,0.000110874,0.000107128,-0.000857866,0.000818498,0,-0.000827414,0.000768361,6.79308e-05,0.497626,-0.00166156,-0.000674405,0.000674714,0.00200493,1787472600,-0.000952423,0.00114672,0,1,0.000976092,0.000306676,0.000823147,1,-0.000505884,0.000468158,0,0,-0.000440993,0.000355619,0,0
1787472780,8.72124e-05,3.73777e-05,8.72124e-05,-0.00100973,0.000864519,0.492344,0.000124641,0.0001266,0.960703,-0.0019276,-0.00148356,-0.00075284,-0.000247363,-2.35871e-05,0.000287967,0.000716491,0.00153952,0.00207702,6.71886e-05,9.01708e-05,0.000137156,0.00014575,0.000183238,0.000102215,0.00012282,0.000110957,-0.000886812,0.000883582,0,0.000955701,0,0.000966915,0.502169,-0.00186313,-0.000757539,0.000744322,0.00215681,1787472600,-0.000889545,0.000862279,0,1,-0.000909663,0.000990408,1.50104e-05,1,-0.00103486,0.00111549,0,1,0.000536693,0,0.000452143,0
1787472840,-0.000652201,-0.000186893,-7.05999e-05,-0.000968068,0.000855919,0.500059,0.000195356,0.00019528,0.939917,-0.00167135,-0.00127683,-0.000624877,-0.00018211,-2.99796e-06,0.000255958,0.000657566,0.0013712,0.00182586,0.000184456,0.000188857,0.000205428,0.000195384,0.000272089,0.000189959,0.000198483,0.000196727,0.000774126,0,0.000636566,0.00077159,0,0.000691601,0.504439,-0.00159012,-0.000614818,0.000654989,0.00190214,1787472600,-0.000983643,0.00107472,0,1,-0.000910806,0.000848056,0,1,-0.000955425,0.000951983,0,1,-0.00106755,0.00100293,0,1
1787472900,8.72617e-05,-4.15559e-05,0.000166206,-0.000635994,0.000852321,0.504255,0.000102154,0.000103812,0.924003,-0.0016344,-0.0012479,-0.000636514,-0.000185583,7.19532e-06,0.000241267,0.000588797,0.00126057,0.00169274,6.71334e-05,8.82381e-05,0.000125591,0.000109914,0.000139186,9.6857e-05,0.000107219,8.57441e-05,0.000740818,0,0.000672111,0.000572194,0,0.000588598,0.501617,-0.00129321,-0.000484295,0.000496281,0.00144624,1787472900,-0.000855166,0.000836668,0,1,-0.000880448,0.000953843,8.43537e-05,1,-0.000884128,0.000808897,0,1,-0.00100924,0.000965104,0,1
1787472960,0.000490186,6.23251e-05,0.000573244,-0.00019531,0.000843845,0.505779,0.00014533,0.00014292,0.903349,-0.00139902,-0.00105112,-0.000521374,-0.000145114,7.40369e-06,0.000213415,0.00052025,0.00112148,0.0015418,0.000140561,0.000143122,0.000166882,0.000147663,0.000147849,0.0001456,0.000148013,0.000140861,0.000625129,0,0.000513121,0.000528331,0,0.000468941,0.50445,-0.00118917,-0.000424022,0.000474318,0.00139659,1787472900,0.000658609,0,0.000631905,1,-0.000852966,0.000813763,0,1,-0.000923339,0.000935389,0,1,-0.000877217,0.000748018,0,1
1787473020,0.000921563,-6.64518e-05,0.00122441,-0.000282451,0.000838236,0.504598,0.000264401,0.000260917,0.891411,-0.00136603,-0.00105179,-0.000525456,-0.000141323,4.91304e-06,0.00020866,0.000497108,0.00108469,0.00149975,0.000275748,0.000261654,0.000263364,0.000260874,0.000236922,0.000265377,0.000272729,0.000263496,0.0006171,0,0.000496327,0.000492865,0,0.000454788,0.50194,-0.00110929,-0.000400565,0.000434784,0.00130106,1787472900,0.000574472,4.91811e-05,0.000571896,1,0.000630775,6.53728e-05,0.000573833,1,-0.000845677,0.000752738,0,1,0.000990392,7.07547e-05,0.000808004,1
1787473080,-0.000647496,0,5.80882e-05,-0.000988015,0.000839983,0.491347,0.000181837,0.000182621,0.821064,-0.00142252,-0.00108375,-0.000584301,-0.000177329,-1.94044e-05,0.000208214,0.000512661,0.00112267,0.00151905,0.000183476,0.000187251,0.000191194,0.000186297,0.00023785,0.000184794,0.000177241,0.000173749,-0.000666759,0.000606652,0,-0.000606338,0.000592225,1.47554e-05,0.498542,-0.00132084,-0.000518517,0.000518968,0.00154776,1787472900,-0.000542175,0.000581987,0,1,0.000591079,6.06955e-05,0.000539976,1,0.000591588,0.000149725,0.000568565,1,0.000834666,9.35789e-06,0.000678838,1
1787473140,-0.000415282,-4.98248e-05,1.24558e-05,-0.000506668,0.000836568,0.504117,0.000131634,0.000133651,0.797795,-0.00132903,-0.00098005,-0.00051925,-0.000161082,5.92881e-06,0.000202652,0.000487425,0.00104782,0.00143298,0.000118936,0.000131205,0.000149762,0.000129602,0.000158185,0.000141854,0.000131617,0.00012665,0.000608209,0,0.000481919,0.000563402,0,0.000508521,0.500714,-0.00126023,-0.000474528,0.000487672,0.00145668,1787472900,0.000637062,7.77526e-05,0.000590037,1,0.000537891,6.65298e-05,0.00047763,1,0.000572705,8.40367e-05,0.000560357,1,0.000581359,0.000144064,0.000521293,1
1787473200,-7.89232e-05,4.15368e-06,0.000232579,-0.00017447,0.00083024,0.503507,7.12964e-05,7.3372e-05,0.798657,-0.0011441,-0.000845501,-0.000424197,-0.000124261,2.7068e-06,0.000168942,0.000408721,0.000910927,0.0012235,6.59389e-05,8.41738e-05,0.000104497,7.16556e-05,9.04052e-05,0.000100043,6.11073e-05,6.73728e-05,0.000502092,0,0.000375544,-0.000464964,0.000398466,0,0.497804,-0.00105637,-0.000378734,0.000392357,0.00120286,1787473200,0.000577376,6.13389e-05,0.000534582,1,0.000613044,0.000116177,0.000553368,1,0.000536275,7.07837e-05,0.000478705,1,0.000593591,8.2695e-05,0.000555499,1
1787473260,-6.23122e-05,-4.15402e-06,0.000303197,-0.000344843,0.000821971,0.505779,6.73529e-05,6.87503e-05,0.842835,-0.0011048,-0.000805929,-0.000398888,-0.000107856,4.6344e-06,0.000162492,0.000389925,0.000857165,0.00116775,6.48545e-05,8.20127e-05,9.84463e-05,6.92808e-05,7.78117e-05,9.17708e-05,5.73264e-05,6.46252e-05,0.000474538,0,0.00035234,0.000467981,0,0.000380792,0.5024,-0.00107158,-0.000380476,0.000400356,0.00121591,1787473200,-0.000508963,0.000484106,0,1,0.000607204,6.62426e-05,0.000511892,1,0.000613596,0.000118525,0.000562285,1,0.000544462,6.66861e-05,0.000500098,1
1787473320,-0.000631649,-4.15428e-06,0.000103851,-0.000635806,0.000813758,0.502191,0.000185136,0.00018388,0.351515,-0.00108708,-0.000793295,-0.000393124,-0.000106523,-5.9699e-07,0.000159635,0.000381647,0.000843807,0.00115038,0.000178686,0.000182426,0.000183105,0.000180735,0.000184509,0.000185844,0.000177549,0.000197787,0.000466477,0,0.000371136,0.000515788,0,0.000438822,0.505266,-0.00116179,-0.000425549,0.000448391,0.00133097,1787473200,0.000513587,4.66293e-07,0.000459295,1,0.000531088,1.42938e-05,0.00044177,1,0.000592737,8.82505e-05,0.000524182,1,-0.000624248,0.000713545,0,1
1787473380,0.000423914,-4.15691e-06,0.000423914,-0.000228656,0.000810517,0.496236,0.00012456,0.00012338,0.211582,-0.00104955,-0.00077186,-0.000390731,-0.000110925,-7.60463e-06,0.000144303,0.000358981,0.000783312,0.00105205,0.000121768,0.000128136,0.000135772,0.000121467,0.000125124,0.000135841,0.000134634,0.000119183,-0.000453737,0.000320182,0,0.000467067,0,0.000381741,0.501741,-0.00107101,-0.000386843,0.000399194,0.00118779,1787473200,0.000540543,4.73382e-05,0.000507499,1,-0.000503653,0.000546257,0,1,0.000532782,2.3695e-05,0.00044596,1,-0.000580309,0.000648853,0,1
1787473440,-6.2329e-05,0,9.97183e-05,-0.000307527,0.000804607,0.50132,6.23229e-05,6.33689e-05,0.102763,-0.00100929,-0.000740349,-0.000374538,-9.52851e-05,-2.50363e-06,0.000151476,0.000371292,0.000782279,0.00105036,6.47102e-05,7.94241e-05,8.80035e-05,6.59329e-05,6.71794e-05,8.49675e-05,5.1435e-05,6.09575e-05,0.00044787,0,0.000342569,0.000457722,0,0.000396645,0.506245,-0.00102779,-0.000361556,0.000405629,0.0011858,1787473200,0.000472729,1.26571e-05,0.000434445,1,0.000537209,7.11781e-05,0.000507884,1,0.000510504,3.38878e-05,0.000462696,1,0.000520809,6.94485e-06,0.000462478,1
1787473500,-4.15548e-05,4.15531e-05,0.000108034,-0.000253511,0.000796569,0.497741,5.74814e-05,5.78797e-05,0.0660835,-0.000968445,-0.000707322,-0.000360021,-9.77518e-05,-5.97016e-06,0.000137612,0.000325635,0.000707468,0.000953276,6.35051e-05,7.70736e-05,8.26216e-05,6.14226e-05,6.29803e-05,6.69977e-05,4.66258e-05,5.05033e-05,-0.000415223,0.000241821,0,0.00042608,0,0.000362388,0.504827,-0.000982554,-0.000340632,0.0003587,0.0010881,1787473500,0.00048867,6.10618e-06,0.00044228,1,0.000492475,4.84589e-05,0.000418649,1,0.000537824,7.49214e-05,0.00051958,1,0.000533299,2.8587e-05,0.00044958,1
1787473560,-0.000336658,0.000124659,0.000411317,-0.000544528,0.000788585,0.496133,0.000101537,9.98981e-05,0.0514304,-0.000908912,-0.000670131,-0.000324205,-8.05182e-05,-8.29796e-06,0.000126443,0.00030722,0.000677929,0.000908372,0.000101805,0.000112575,0.000115066,9.95424e-05,9.87563e-05,0.000100122,9.44092e-05,0.000113257,-0.000380962,0.000192089,0,0.000403701,0,0.000340487,0.501582,-0.000923606,-0.000319076,0.000329295,0.00101631,1787473500,0.00042773,2.20944e-05,0.000413201,1,0.000490644,2.08483e-05,0.000424342,1,0.000501798,5.88567e-05,0.000415833,1,0.00056444,6.5086e-05,0.000514497,1
1787473620,0.000581806,0,0.000581806,-0.000108087,0.00078211,0.491127,0.000166696,0.00016601,0.0450379,-0.00101134,-0.000732575,-0.000371222,-0.000106084,-1.38663e-05,0.000139071,0.000357476,0.00075122,0.00100008,0.000165447,0.000167207,0.000166651,0.000165898,0.000169054,0.000172304,0.000174063,0.000160513,-0.000438829,0.000319083,0,0.000489153,0,0.000433673,0.504853,-0.00112333,-0.000410521,0.000419037,0.00122659,1787473500,0.000410824,3.04846e-06,0.000390325,1,0.000456305,6.20301e-06,0.000420919,1,0.00048312,2.64117e-05,0.000426366,1,0.000490054,3.1321e-05,0.000453206,1
1787473680,-0.00014542,0,0,-0.000166196,0.000778609,0.489713,6.86716e-05,6.89225e-05,0.0416955,-0.000938491,-0.000683456,-0.000352682,-8.60988e-05,-1.49993e-05,0.000131049,0.000340391,0.000717101,0.000973263,7.01215e-05,8.02032e-05,8.01292e-05,7.0825e-05,6.78449e-05,6.31521e-05,5.84085e-05,7.05469e-05,-0.000417107,0.000275931,0,0.000441333,0,0.00040089,0.505515,-0.000989596,-0.000356949,0.000376978,0.00110487,1787473500,0.000462701,3.79932e-05,0.000471376,1,0.000445257,0,0.000400321,1,0.000466268,0,0.000443249,1,0.000482506,2.13437e-05,0.000445078,1
1787473740,8.31027e-06,8.31027e-06,9.97187e-05,-0.000220247,0.000771058,0.480726,4.93809e-05,5.04689e-05,0.0382766,-0.000877693,-0.000628928,-0.000322496,-9.10732e-05,-2.40395e-05,0.00010377,0.000278303,0.000618624,0.000825378,6.24291e-05,7.16075e-05,6.92133e-05,5.19481e-05,5.68629e-05,4.09046e-05,3.97663e-05,4.55876e-05,-0.00036553,0.000120541,0,-0.000310532,0.000237337,0,0.494977,-0.0006777,-0.000223703,0.00020551,0.000704498,1787473500,0.000451863,0,0.000415116,1,0.000482799,2.53587e-05,0.000475146,1,0.000457161,0,0.000430502,1,0.000474827,1.84345e-06,0.00043576,1
1787473800,0.000519255,2.07754e-05,0.000519255,2.07754e-05,0.000763309,0.492068,0.000150148,0.000148918,0.0323841,-0.000925233,-0.000675074,-0.000337141,-8.64497e-05,-1.1454e-05,0.000118627,0.000314645,0.000669448,0.000879545,0.000147821,0.000149141,0.000148376,0.000147788,0.000146611,0.000155098,0.000157668,0.000146674,-0.000393393,0.000219935,2.76521e-06,0.000421275,0,0.000428474,0.504976,-0.000963843,-0.000344497,0.000351012,0.00104878,1787473800,-0.000318085,0.000268554,0,1,-0.000452416,0.000421293,0,1,0.000491028,2.76437e-05,0.000476862,1,0.000461501,0,0.000433289,1
1787473860,0.000186866,4.15295e-06,0.000186866,-0.000353064,0.000759197,0.492969,6.94565e-05,6.76682e-05,0.0308225,-0.000838503,-0.000618641,-0.000306498,-7.24416e-05,-1.04692e-05,0.000110177,0.000299804,0.000619488,0.000865933,7.84386e-05,8.31793e-05,7.86753e-05,7.06867e-05,6.8935e-05,5.98398e-05,7.1542e-05,6.22591e-05,-0.000364402,0.000196558,0,0.000400692,0,0.000355959,0.504634,-0.000890019,-0.000320254,0.000329807,0.000980942,1787473800,0.00046853,0,0.000447934,1,0.000355548,0,0.000287376,1,0.000465813,0,0.000422218,1,0.000500065,1.82354e-05,0.000479983,1
1787473920,0.000684876,-3.73704e-05,0.000796902,-0.000386228,0.000752032,0.49546,0.000197661,0.000197377,0.0278869,-0.000858778,-0.000619047,-0.000317843,-8.17943e-05,-8.37312e-06,0.000122312,0.000309558,0.000645106,0.000885415,0.000193336,0.000195038,0.000194101,0.00019354,0.000187144,0.000230835,0.00021604,0.000197799,-0.000377306,0.000203033,0,0.000428128,0,0.000393987,0.506367,-0.000956638,-0.000347272,0.000362022,0.0010813,1787473800,0.000421671,0,0.000358222,1,0.000460929,0,0.000440066,1,0.000393699,0,0.000305394,1,0.000454707,0,0.0004252,1
1787473980,0.000908294,-4.97934e-05,0.00131862,-0.000402567,0.000750747,0.492816,0.000275171,0.000273036,0.032036,-0.000957256,-0.000708633,-0.000375571,-0.000108409,-1.16053e-05,0.000139758,0.00036893,0.000747158,0.000990069,0.000269518,0.000259928,0.000270343,0.000257388,0.000264888,0.000301931,0.000287773,0.00028518,-0.000447386,0.000356816,0,0.000499689,0,0.000524547,0.50616,-0.0010989,-0.000420286,0.000427735,0.00125448,1787473800,0.000428278,1.9252e-05,0.000420882,0,-0.000414548,0.000373241,0,0,0.000435879,4.19211e-05,0.000462104,0,0.000362843,0,0.000320998,0
1787474040,0.00117665,9.11985e-05,0.00239741,-0.000841906,0.000754221,0.487239,0.000367846,0.00036384,0.0451087,-0.00113446,-0.000876874,-0.000498778,-0.000146893,-2.36912e-05,0.000164985,0.000437138,0.000909574,0.00124074,0.000393221,0.000363446,0.000372887,0.000338468,0.000378462,0.00034124,0.000379352,0.000387928,-0.000566959,0.000465101,0,0.00058354,1.90873e-05,0.000654467,0.504589,-0.00123764,-0.000495242,0.0004849,0.00142397,1787473800,-0.00047204,0.000515241,1.10892e-05,0,-0.000452529,0.000427481,0,0,0.000438891,0,0.000379763,0,0.000442345,2.50081e-05,0.000410927,0
1787474100,-0.000335453,0,0,-0.00135907,0.000764959,0.490171,0.000126106,0.000129293,0.0852819,-0.0014468,-0.00114398,-0.000643051,-0.000193246,-2.40877e-05,0.000224043,0.000595202,0.00122107,0.00160856,0.000102197,0.000109991,0.000111859,0.000153645,0.000125886,0.00012954,0.000111072,0.000121656,-0.000747651,0.000655108,0,0.000742995,8.69759e-05,0.0009148,0.505066,-0.00145699,-0.000607886,0.000588417,0.00171113,1787474100,-0.000536416,0.000609797,2.30973e-05,1,-0.000481789,0.000499203,0,1,0.000463369,0,0.000465015,0,-0.000418661,0.000397515,0,0
1787474160,0,-0.00012427,0.000298186,-0.000227841,0.000758755,0.498401,7.95498e-05,7.99123e-05,0.0684996,-0.00124489,-0.000930192,-0.000499502,-0.000151042,-5.02266e-06,0.000195022,0.000517181,0.0010276,0.00132159,6.14319e-05,6.94481e-05,6.963e-05,0.000107512,6.58032e-05,9.63913e-05,7.02551e-05,6.8055e-05,-0.000611539,0.000515955,0,0.000604725,0,0.000616015,0.511438,-0.00126808,-0.000494183,0.000512042,0.00148061,1787474100,-0.00065486,0.000778906,7.5146e-05,1,-0.000528982,0.000586423,1.41058e-05,1,-0.000476081,0.000486474,1.43287e-05,1,-0.000453587,0.000460376,1.8479e-06,1
1787474220,0.0012584,0,0.0012584,-6.21333e-05,0.000751129,0.504057,0.000409382,0.000413813,0.0537034,-0.00105654,-0.000796261,-0.0004126,-0.000103232,2.05635e-06,0.000158179,0.000417403,0.000847259,0.00109881,0.000433928,0.000403241,0.000410797,0.000372922,0.000404294,0.000370639,0.000436854,0.000441489,0.000498559,0,0.000425801,0.000481597,0,0.00044561,0.5084,-0.00105222,-0.000398459,0.000405089,0.00120122,1787474100,-0.000551076,0.000633934,3.17814e-05,1,-0.00064019,0.000758167,4.44237e-05,1,-0.000525623,0.000559327,3.49204e-05,1,-0.000480634,0.000482984,2.11482e-05,1
1787474280,0.000864235,0,0.00188051,-0.000728356,0.00076458,0.493773,0.000251176,0.000244371,0.100285,-0.00118881,-0.000919536,-0.000497878,-0.000129705,-1.23732e-05,0.000175491,0.000477727,0.00100505,0.00135808,0.000252179,0.000244722,0.000244508,0.000245176,0.00020799,0.000244749,0.000265682,0.000251712,-0.000587512,0.000467992,0,0.000581721,0,0.000595259,0.505306,-0.00119904,-0.000488576,0.000481026,0.00139477,1787474100,-0.000484821,0.000479084,0,0,-0.000591508,0.000590306,0,1,-0.000666557,0.000711405,5.39695e-05,1,-0.000534718,0.000566414,3.25439e-05,1
1787474340,-0.000715318,-0.000128141,-7.85359e-05,-0.00121179,0.0007667,0.491576,0.000196815,0.000201134,0.109002,-0.00143847,-0.00114788,-0.000624966,-0.000193009,-1.91246e-05,0.000210978,0.000576066,0.00119319,0.00163126,0.000203191,0.000205233,0.000205605,0.000217567,0.000252084,0.000203328,0.000188487,0.000183392,-0.000725798,0.000571918,0,0.000728675,0,0.000838695,0.506725,-0.00142234,-0.000597308,0.000573289,0.00166117,1787474100,-0.000579875,0.000568575,0,1,-0.000475166,0.000453626,3.75771e-05,1,-0.000602518,0.000571871,1.6986e-05,1,-0.000696625,0.000704878,3.16873e-05,1
1787474400,0.00128555,-4.13627e-06,0.00128555,-0.000388885,0.000765706,0.501105,0.000398925,0.000394345,0.108646,-0.00123568,-0.00090054,-0.00047428,-0.00014521,-3.45871e-07,0.000191491,0.000489315,0.000981076,0.00126284,0.000446995,0.000410021,0.000399192,0.000378831,0.000380329,0.000371876,0.000408482,0.000413853,0.000579757,0,0.000585055,0.000564357,0,0.000539254,0.510305,-0.00119937,-0.000467311,0.000475565,0.001376,1787474400,-0.000652283,0.000771896,5.3307e-05,1,-0.000535744,0.000553707,0,1,-0.000511916,0.000457233,0,0,-0.000589674,0.000589842,1.06683e-05,1
1787474460,-0.000144594,0,0.00213755,-0.000818263,0.000779508,0.49123,9.10161e-05,9.33807e-05,0.165727,-0.00134669,-0.00101178,-0.000556892,-0.000154886,-1.84544e-05,0.000195102,0.000550493,0.00114731,0.00154544,7.02845e-05,8.03652e-05,8.97687e-05,0.000100384,0.000103261,0.000107432,7.87719e-05,9.66049e-05,-0.00066518,0.000598558,0,0.000637284,0,0.000685352,0.50879,-0.00129253,-0.000524455,0.000536358,0.00153664,1787474400,-0.000517912,0.000575322,7.72188e-06,1,-0.000621328,0.000734328,6.24899e-05,1,-0.000599603,0.000535961,0,1,-0.000527926,0.000473243,0,1
1787474520,-7.43706e-05,-4.13163e-05,0.00124282,-0.000512443,0.000771945,0.496423,9.98218e-05,0.000101546,0.116354,-0.00149708,-0.00112867,-0.000619995,-0.000185665,-9.77152e-06,0.000235493,0.000618866,0.00130609,0.00170208,6.51726e-05,7.53634e-05,8.1855e-05,0.000131324,8.78896e-05,9.9531e-05,8.56884e-05,9.6768e-05,-0.000743469,0.000675073,0,0.000784972,5.07542e-05,0.000861734,0.515617,-0.00152566,-0.000620128,0.00062528,0.00176834,1787474400,-0.000615895,0.000623645,1.48755e-05,1,0.000549006,8.9559e-06,0.000539454,1,0.000676203,3.95992e-05,0.000727069,1,-0.000571946,0.000577069,0,1
1787474580,0.000115685,-0.000107434,0.000619586,-0.000123963,0.000764259,0.500502,9.10231e-05,9.08448e-05,0.0829326,-0.00133244,-0.000995515,-0.000507017,-0.000140425,-2.40974e-06,0.000209686,0.000547604,0.00114362,0.00148642,6.77915e-05,7.65554e-05,8.03204e-05,0.000119048,6.81644e-05,9.39152e-05,8.43265e-05,8.16737e-05,0.00063721,0,0.000628257,0.000657238,0,0.000698984,0.515302,-0.00134456,-0.000533395,0.000550471,0.00157009,1787474400,-0.000681995,0.000853882,9.34404e-05,1,-0.000585952,0.000635345,0,1,-0.000576826,0.000570794,0,1,-0.000690106,0.000750963,4.15622e-05,1
1787474640,-0.000495888,4.13137e-06,0.000578226,-0.000677776,0.000756754,0.5017,0.00014334,0.000147688,0.0555,-0.00114013,-0.000849179,-0.000423554,-0.000104077,-1.36429e-06,0.000162222,0.000440791,0.00092361,0.00121778,0.00014213,0.000144155,0.000144276,0.000148646,0.000178708,0.000148203,0.000129521,0.000152104,0.000520767,0,0.000513037,0.000512959,0,0.000477966,0.511373,-0.00109646,-0.00042885,0.00042937,0.0012471,1787474400,-0.000590264,0.000697575,6.5846e-05,1,-0.000641035,0.000767429,0.000149801,1,-0.000611417,0.000607155,0,1,-0.000556286,0.000559979,2.26844e-05,1
1787474700,0.000603298,-2.48009e-05,0.000954366,-9.09395e-05,0.000752424,0.505133,0.000176055,0.000169576,0.0501596,-0.00129697,-0.0009782,-0.000512203,-0.000145083,6.94003e-06,0.000191571,0.00050801,0.0010324,0.00130726,0.000170645,0.000172135,0.000171735,0.000180239,0.000136972,0.000177934,0.000183347,0.000177159,0.000612572,0,0.000656637,0.000607752,0,0.000679409,0.513473,-0.00126949,-0.000504397,0.000504178,0.00141739,1787474700,-0.000503803,0.000530575,0,1,-0.000574535,0.000672182,0.000104443,1,-0.000669343,0.000745631,0.00010628,1,-0.000604296,0.00059897,3.29799e-06,1
1787474760,-0.000433842,9.91375e-05,0.000297383,-0.0005165,0.000749732,0.496686,0.000127862,0.000131886,0.0396913,-0.00117335,-0.000877038,-0.000455462,-0.000119434,-8.17728e-06,0.000175267,0.000481029,0.000974654,0.00127778,0.000124827,0.000126886,0.000126908,0.000141533,0.000159959,0.000136481,0.000121845,0.000126095,-0.000564338,0.000547006,5.2555e-06,0.000479026,0,0.000502092,0.514041,-0.00103346,-0.000395726,0.000423051,0.00121385,1787474700,-0.000613899,0.000625878,3.60263e-05,1,-0.000466984,0.000514974,7.036e-05,1,-0.000580753,0.000672758,8.61364e-05,1,-0.000713138,0.000821019,1.69895e-05,1
1787474820,-0.0011868,0,4.13272e-06,-0.00140198,0.000744729,0.502589,0.000380704,0.000391221,0.0426267,-0.00107966,-0.000795108,-0.000416139,-0.000120558,1.66476e-06,0.000157581,0.00040862,0.000847696,0.00110662,0.000406695,0.00038476,0.000389346,0.000365081,0.000456086,0.000353437,0.000380027,0.000392782,0.000495737,0,0.000504451,0.000453228,0,0.000432719,0.510939,-0.00100008,-0.000380505,0.000387973,0.00113368,1787474700,-0.000460717,0.000497761,4.18758e-05,0,-0.00055309,0.000615229,7.19613e-05,1,-0.000526157,0.00053776,5.98311e-06,1,-0.000636804,0.000654534,2.57085e-05,1
1787474880,-0.000206903,-6.20664e-05,0.000430221,-0.000513198,0.000756107,0.512245,8.90863e-05,9.19343e-05,0.0805016,-0.00113346,-0.000821927,-0.000430218,-0.000106544,1.43304e-05,0.000177446,0.000449759,0.000892679,0.00109417,8.04993e-05,8.7606e-05,9.0714e-05,9.34798e-05,9.91479e-05,0.000110484,8.90655e-05,8.37915e-05,0.000530095,0,0.000538136,0.000547234,0,0.000483095,0.518419,-0.00118581,-0.000442004,0.000481111,0.00133033,1787474700,-0.00042383,0.00045732,3.85625e-05,0,-0.000444676,0.000507915,4.5413e-05,0,0.000561716,8.9024e-05,0.000608774,1,-0.000549018,0.0005657,0,1
1787474940,-0.000604402,-5.79405e-05,6.20754e-05,-0.000707932,0.00074908,0.508118,0.000173949,0.000175797,0.0713328,-0.0010926,-0.000780627,-0.000407722,-0.000106927,8.32095e-06,0.000160274,0.000418976,0.000832594,0.00104302,0.000171889,0.000174128,0.000174092,0.000173597,0.000191457,0.000173298,0.000172169,0.00017497,0.00049724,0,0.000461196,0.000540771,0,0.000473248,0.519319,-0.00116286,-0.000438711,0.000473826,0.00130017,1787474700,-0.000490866,0.000521925,3.32836e-05,1,-0.000434205,0.000475768,2.59039e-05,0,-0.00047222,0.000510086,3.84866e-06,0,-0.000524823,0.000660505,1.90384e-05,1
1787475000,-0.000347904,-2.89874e-05,0.000198748,-0.000347904,0.000746461,0.50948,0.000107076,0.000108569,0.0843651,-0.00104486,-0.000739436,-0.000395617,-0.000104443,1.01063e-05,0.000153042,0.000392354,0.000792572,0.000984406,0.000103595,0.000109879,0.000110943,0.000110121,0.000117502,0.000129926,0.000102657,0.000104721,0.000473091,0,0.000437763,0.000487214,0,0.000403788,0.514423,-0.00108152,-0.000403895,0.000420712,0.00116231,1787475000,-0.000488819,0.00052822,4.89733e-05,1,0.00051485,1.19563e-05,0.000517759,1,-0.000482981,0.000490485,0,0,-0.000459445,0.00049261,4.37238e-05,0
1787475060,0.000857116,2.89966e-05,0.000948168,-0.000120138,0.000740595,0.503152,0.000257167,0.000253653,0.0862628,-0.000981878,-0.000698389,-0.000355137,-0.000100781,1.541e-06,0.000136392,0.000360474,0.000730571,0.000908379,0.000250273,0.000242782,0.00024485,0.000247204,0.000228739,0.000244168,0.000278428,0.0002594,0.000430039,0,0.00039775,0.000448615,0,0.00037464,0.512633,-0.0010043,-0.000374167,0.000382245,0.00107369,1787475000,-0.000439529,0.000441535,1.56601e-05,1,-0.000471438,0.000534651,6.29676e-05,1,-0.000529679,0.000547115,0,1,-0.000443624,0.000487066,3.77692e-05,1
1787475120,0.000235889,0.000136574,0.000455174,0.000136574,0.000743104,0.49728,8.79112e-05,8.6103e-05,0.0621473,-0.00103096,-0.000748552,-0.000403824,-0.000116702,-5.70465e-06,0.000145834,0.000404498,0.000802013,0.00100752,8.66104e-05,8.97925e-05,9.00265e-05,9.26757e-05,7.78446e-05,0.000112204,8.9583e-05,7.99301e-05,-0.000485051,0.000339467,0,0.000530911,0,0.000509526,0.512879,-0.00113103,-0.000442261,0.00045466,0.00126032,1787475000,0.000408149,0,0.000402805,1,0.000441353,1.35342e-05,0.000445856,1,0.000498202,4.6504e-05,0.000519368,1,-0.00047849,0.000523558,3.95736e-05,1
1787475180,-0.000707833,-4.96561e-05,-4.96561e-05,-0.000823783,0.000736392,0.492069,0.000196899,0.00020135,0.0505033,-0.00094821,-0.000679253,-0.000359536,-0.000111626,-1.1048e-05,0.000123491,0.000320372,0.000679877,0.000866599,0.00020061,0.000202851,0.000202631,0.000201805,0.000219823,0.000202283,0.000188525,0.00020385,-0.000412262,0.000208411,0,0.000401537,0,0.000377698,0.505515,-0.000895525,-0.000342745,0.000317385,0.00095353,1787475000,0.000493775,8.35164e-06,0.000481406,1,0.000406924,2.89177e-05,0.000406073,1,0.000489694,0,0.000438065,1,-0.000492755,0.000557352,1.98803e-05,1
1787475240,7.03918e-05,4.14083e-06,0.00021116,-0.000169789,0.000735831,0.502323,5.96962e-05,6.06936e-05,0.0592004,-0.000956296,-0.000694961,-0.000358045,-0.000103955,6.69258e-07,0.00013872,0.000354934,0.000724474,0.000926171,6.53653e-05,7.01515e-05,6.99324e-05,6.50456e-05,6.81519e-05,0.000101015,5.45257e-05,5.10438e-05,0.000428133,0,0.000409307,0.000461936,0,0.000420827,0.508342,-0.00102721,-0.000390528,0.000387002,0.00110513,1787475000,-0.000388941,0.000387416,0,1,0.000468239,4.14397e-05,0.000450388,1,0.000449685,1.5997e-06,0.000399431,1,0.000441601,3.45176e-05,0.000443922,1
1787475300,0.000153188,-4.14056e-06,0.000153188,-0.000202907,0.000728504,0.504035,6.54311e-05,6.34074e-05,0.0505029,-0.000904905,-0.000654433,-0.000315064,-8.58772e-05,1.40063e-06,0.000127305,0.000331475,0.00068145,0.000862964,7.26269e-05,7.45449e-05,7.22484e-05,6.75421e-05,7.15878e-05,9.99202e-05,6.47914e-05,5.70988e-05,0.000390373,0,0.00036852,0.000418339,0,0.000373319,0.513462,-0.000930952,-0.000337664,0.000360323,0.00102977,1787475300,-0.000417438,0.000412176,5.48365e-06,1,-0.000377153,0.000372382,3.6233e-05,1,0.000508517,0,0.000455243,1,-0.000423834,0.000419721,4.46193e-06,1
1787475360,-0.0013754,1.65595e-05,1.65595e-05,-0.00196839,0.000721507,0.511318,0.000519834,0.000527033,0.0432574,-0.000887164,-0.000644176,-0.00030435,-7.40297e-05,7.87784e-06,0.000130632,0.000328767,0.000679381,0.000858785,0.000499647,0.000488267,0.000501265,0.000519124,0.000519138,0.000426289,0.000526061,0.000536343,0.000383729,0,0.000368972,0.000402106,0,0.000358409,0.515325,-0.000893359,-0.00032027,0.000349231,0.000991638,1787475300,-0.000414011,0.000394917,3.52817e-06,1,0.000451817,0,0.000437092,1,-0.000447156,0.000390151,0,1,-0.000470541,0.000490725,2.34647e-05,1
1787475420,-0.000344145,-4.97486e-05,-4.1457e-05,-0.0004105,0.000740267,0.518527,0.000116474,0.000118169,0.0793257,-0.00118789,-0.00086407,-0.000435771,-0.00012342,2.73931e-05,0.000197004,0.000481088,0.000945357,0.00118608,0.000103093,0.000108817,0.000112338,0.000121676,0.000112476,0.000131237,0.000120793,0.000111781,0.00055562,0,0.000527321,0.000606762,3.56375e-05,0.000550326,0.523932,-0.00129701,-0.000482637,0.000527819,0.00141776,1787475300,-0.000401685,0.00037275,0,0,-0.000419018,0.000389077,2.63469e-05,1,-0.000498117,0.000441689,0,1,-0.000427716,0.000397242,2.35668e-07,1
1787475480,-8.70916e-05,6.22036e-05,6.22036e-05,-0.000315225,0.000734442,0.51065,6.28002e-05,6.35672e-05,0.0661888,-0.000997784,-0.000719957,-0.000343784,-9.58371e-05,1.055e-05,0.000148832,0.000378584,0.000752333,0.000954131,6.57231e-05,7.10322e-05,7.3498e-05,6.44777e-05,7.46351e-05,0.000101424,5.70913e-05,6.3355e-05,0.000438467,0,0.000358087,0.000408304,0,0.0003188,0.514654,-0.000929908,-0.000326585,0.000355507,0.000994421,1787475300,-0.000509104,0.000572126,4.01074e-05,1,-0.00041344,0.000351077,0,0,-0.000424637,0.000398565,1.95776e-05,1,-0.000440544,0.000416292,2.77494e-05,1
1787475540,0.000514145,-8.29483e-06,0.000849855,-8.29483e-06,0.000727164,0.513338,0.000145605,0.000142834,0.0530164,-0.0010117,-0.000721565,-0.000338853,-8.84465e-05,1.29696e-05,0.000143116,0.000363247,0.000740592,0.000960715,0.0001465,0.000147271,0.000146956,0.00014651,0.000142492,0.000154122,0.000148169,0.000141313,0.000425207,0,0.000369755,0.0004241,0,0.000335385,0.515378,-0.000959348,-0.000342572,0.000368352,0.0010317,1787475300,-0.000392746,0.000329938,0,1,-0.000546363,0.000523843,1.32452e-05,1,-0.000424891,0.000348912,0,1,-0.000438424,0.000410928,0,1
1787475600,-0.000829397,-2.90173e-05,-2.90173e-05,-0.000879183,0.000723519,0.494183,0.000232819,0.000233744,0.0444648,-0.00125621,-0.00095405,-0.000489051,-0.000152162,-1.07191e-05,0.000168046,0.000468538,0.000922408,0.00117668,0.00024466,0.000241036,0.000241581,0.00023707,0.00024486,0.000237214,0.000219433,0.000238633,-0.000576374,0.000602364,0.000130656,0.000610697,0.000153465,0.000824413,0.512208,-0.00127739,-0.000507974,0.000503825,0.00136963,1787475600,0.000412445,0,0.000402328,1,0.000415493,0,0.000358968,1,-0.000510299,0.000532546,1.85672e-05,1,-0.000411709,0.000382316,0,1
1787475660,0.00138057,0.000120305,0.00138057,0.000120305,0.000725788,0.502943,0.000485244,0.000490793,0.0519797,-0.00108593,-0.000801194,-0.000394446,-0.000121227,2.38696e-06,0.000155637,0.000388852,0.000801122,0.00102074,0.000495151,0.00047546,0.000472146,0.000477522,0.000481406,0.000409633,0.000498027,0.000491782,0.00047066,0,0.00040784,0.000494582,0,0.000415774,0.511371,-0.00109846,-0.000418467,0.000415797,0.00115207,1787475600,-0.00054937,0.000553677,0,1,0.000429623,0,0.000391228,1,-0.000416373,0.000374931,0,1,-0.000502585,0.000531609,2.21262e-05,1
1787475720,0.000260974,3.31433e-05,0.000480471,3.31433e-05,0.000744548,0.496829,9.18269e-05,9.01393e-05,0.06614,-0.00103574,-0.000776381,-0.000382856,-0.000112144,-6.69639e-06,0.000147779,0.000403129,0.000817191,0.00105228,9.04949e-05,9.4609e-05,0.00010047,8.99356e-05,9.04499e-05,0.000117537,9.62821e-05,8.42831e-05,-0.000474181,0.00033652,0,0.000561573,0,0.000564669,0.507859,-0.00116404,-0.000473429,0.000467011,0.00130116,1787475600,0.000440863,0,0.000404693,1,0.000553472,6.68054e-05,0.000472964,1,0.000447199,0,0.000404219,1,-0.000403028,0.000342106,0,1
1787475780,-0.000609045,6.21266e-05,0.000422385,-0.000617334,0.000737988,0.493094,0.000170719,0.000172187,0.0536968,-0.00101888,-0.000746404,-0.000375669,-0.000119154,-1.0314e-05,0.000132172,0.000339356,0.00074194,0.000959682,0.000173272,0.00017513,0.000175196,0.000173252,0.000183904,0.000174471,0.000159886,0.000174451,-0.000433843,0.000258706,0,0.000470544,0,0.000435425,0.507253,-0.00102992,-0.000406102,0.000383127,0.00111317,1787475600,-0.000554572,0.000509498,0,1,0.00047396,0,0.000412722,1,-0.000544433,0.00047874,2.96853e-05,1,0.000432525,0,0.000397378,1
1787475840,0.000828542,0.000128469,0.00146191,0.000128469,0.000735631,0.497875,0.000240411,0.000236136,0.0522132,-0.00106517,-0.000782568,-0.000408689,-0.000127097,-4.53122e-06,0.000149799,0.000384367,0.00081681,0.00103638,0.000238471,0.000234787,0.000234869,0.000234376,0.000225041,0.000235219,0.000251106,0.000252815,-0.000478917,0.000350195,0,0.000547847,0,0.000509205,0.50882,-0.00116981,-0.000463844,0.000451751,0.00128127,1787475600,-0.000475872,0.000461614,0,1,-0.000532025,0.000513391,0,1,0.000482866,0,0.000411567,1,0.000534772,4.06706e-05,0.000476106,1
1787475900,0.000331225,-4.5552e-05,0.000414014,-4.5552e-05,0.000737604,0.500117,0.000108548,0.000106335,0.0502333,-0.00113087,-0.000843455,-0.000441972,-0.000125436,-2.22737e-06,0.000168657,0.000440823,0.000912833,0.00114425,0.000101982,0.000105506,0.000109536,0.000111829,9.981e-05,0.000128239,0.000113397,0.000101404,0.000529813,0,0.000491157,0.000594073,0,0.000598708,0.510426,-0.00124037,-0.000496143,0.000495346,0.00139322,1787475900,-0.000515705,0.000521276,0,1,-0.000459888,0.000419673,0,1,-0.000542251,0.000510326,0,1,-0.000457423,0.000427928,0,1
1787475960,-0.000484453,1.65583e-05,1.65583e-05,-0.00052587,0.000731692,0.496508,0.000137008,0.000138943,0.0443484,-0.00103409,-0.000758181,-0.000389611,-0.000110763,-6.84743e-06,0.000143123,0.000360449,0.000772899,0.000985415,0.000138586,0.000140646,0.00014069,0.000138824,0.00015185,0.000152385,0.000131627,0.000136721,-0.000453418,0.000289988,0,0.000454865,0,0.00040963,0.507831,-0.000989794,-0.00038367,0.000378564,0.00109129,1787475900,-0.000583187,0.000587413,0,1,-0.000539304,0.000504699,0,1,-0.000498858,0.000424946,0,1,-0.000534459,0.000490598,0,1
1787476020,-0.000103546,4.14162e-06,0.000285731,-0.000182248,0.000727571,0.501154,6.11341e-05,6.26781e-05,0.0415406,-0.000963935,-0.000708722,-0.000368262,-0.000104067,-6.506e-07,0.000135188,0.000340779,0.000741227,0.000930026,6.65418e-05,7.13331e-05,7.43861e-05,6.297e-05,7.76554e-05,0.000100529,5.19039e-05,6.03556e-05,0.000428805,0,0.000325312,0.00042261,0,0.000361313,0.500678,-0.000933625,-0.000363616,0.000339044,0.000999071,1787475900,-0.000495689,0.000447331,0,1,-0.000552326,0.000582758,0,1,-0.000541938,0.000529221,0,1,-0.000492736,0.000454832,0,1
1787476080,-0.000633935,-7.45598e-05,-7.45598e-05,-0.000720978,0.000720407,0.501339,0.000181742,0.000182454,0.0379812,-0.000986827,-0.000722884,-0.000361902,-9.65409e-05,-1.25966e-06,0.000138768,0.000353435,0.000743844,0.000946975,0.000179893,0.000181917,0.00018149,0.000180467,0.000189678,0.000184004,0.00017566,0.000188322,0.000430171,0,0.000362333,0.000435722,0,0.000376917,0.508457,-0.000978481,-0.000366031,0.00036871,0.00106603,1787475900,-0.0004301,0.000394865,0,1,-0.000477486,0.000404658,0,1,-0.000584819,0.000567792,0,1,-0.000538711,0.000500137,0,1
1787476140,0.000157486,0,0.000493096,0,0.00071878,0.502705,7.00972e-05,6.86756e-05,0.0401031,-0.000992198,-0.000704867,-0.000367898,-0.000102948,1.22622e-06,0.000136784,0.00035494,0.000751986,0.000947037,7.33862e-05,7.46693e-05,7.47904e-05,6.80011e-05,7.61508e-05,0.000101142,7.04614e-05,6.67502e-05,0.000435254,0,0.000335945,0.000437175,0,0.000352055,0.507489,-0.000981204,-0.000365973,0.000374821,0.00105584,1787475900,-0.000446467,0.000435006,0,1,0.000464378,0,0.000404771,1,-0.000544672,0.000404872,0,1,-0.000614326,0.000553293,0,1
1787476200,-0.000140907,-3.7297e-05,0.000232039,-0.000261108,0.000711904,0.495118,6.28763e-05,6.46956e-05,0.0387166,-0.000918821,-0.000654699,-0.000337612,-9.42639e-05,-7.92826e-06,0.000123733,0.000305546,0.000662461,0.000869656,6.88939e-05,7.21651e-05,7.14125e-05,6.26452e-05,7.86089e-05,9.03186e-05,5.6328e-05,6.08462e-05,-0.000389535,0.000201007,0,0.000408935,0,0.000338106,0.500724,-0.000926283,-0.000345945,0.00033643,0.00096589,1787476200,-0.000444367,0.000412752,0,1,-0.000450185,0.000438961,0,1,0.000534873,0,0.000421078,1,-0.000516056,0.000442296,0,1
1787476260,-7.04609e-05,-1.24339e-05,0.000120187,-8.28957e-05,0.000705031,0.496454,5.56699e-05,5.64376e-05,0.0402098,-0.000930873,-0.000660545,-0.000339682,-0.000100689,-6.1853e-06,0.00012641,0.000310746,0.000662087,0.00087094,6.45392e-05,6.62942e-05,6.33187e-05,5.63437e-05,7.27242e-05,7.12337e-05,5.2132e-05,5.09615e-05,-0.000393561,0.000219312,0,0.000406118,0,0.000332098,0.501086,-0.000930895,-0.000345674,0.000335834,0.000969196,1787476200,0.000441872,0,0.000395417,1,0.000466636,0,0.00041611,1,-0.00049506,0.000452787,0,1,-0.000499513,0.000428142,0,1
1787476320,-0.000393844,0,0,-0.000472631,0.000698016,0.486186,0.000112006,0.000111665,0.0429721,-0.000854199,-0.000611003,-0.000309005,-8.73328e-05,-1.58459e-05,0.000101658,0.000271684,0.000606905,0.000787334,0.000112754,0.000114596,0.000113763,0.000112269,0.000118947,0.000116844,0.000104563,0.000116922,-0.000352979,0.000148661,0,-0.000318475,0.000234153,0,0.496022,-0.000731376,-0.000257113,0.000244998,0.0007517,1787476200,0.000424148,1.08476e-06,0.000390655,1,-0.00042218,0.000413228,1.28391e-05,1,-0.000517608,0.00043454,0,1,0.000520189,0,0.000431037,1
1787476380,0.000406278,4.97572e-05,0.000514039,4.97572e-05,0.000693242,0.490443,0.000119627,0.00011781,0.0479939,-0.000860322,-0.000611056,-0.000310597,-8.86246e-05,-1.19826e-05,0.000110409,0.000289158,0.000637434,0.000814996,0.000116846,0.000117336,0.000116596,0.000115578,0.000113767,0.000118893,0.000125163,0.000120511,-0.000362702,0.000136201,0,-0.000363283,0.000290293,0,0.497203,-0.000831897,-0.000303555,0.000299266,0.000867826,1787476200,0.000357072,0,0.000303559,1,-0.00042386,0.00042646,0,1,0.000487454,0,0.000425302,1,0.00048958,0,0.000400984,1
1787476440,-5.80296e-05,8.28967e-06,0.000331533,-0.00014508,0.000688675,0.486473,5.02713e-05,5.07457e-05,0.0444395,-0.000841559,-0.00060759,-0.000316195,-9.02732e-05,-1.62221e-05,0.000106457,0.000293466,0.000621812,0.000793646,6.37526e-05,6.35176e-05,5.76235e-05,4.6876e-05,7.04308e-05,4.72851e-05,4.64835e-05,4.84034e-05,-0.000368317,0.000169232,0,-0.000354218,0.000286016,0,0.499525,-0.000794809,-0.000289888,0.00029508,0.000852128,1787476200,0.000395002,0,0.000353055,1,-0.000363085,0.000340607,0,1,0.000487042,0,0.000421778,1,0.000517279,0,0.0004226,1
1787476500,0.000323265,0,0.000323265,-5.38877e-05,0.000681803,0.48414,0.000100147,9.7609e-05,0.0477859,-0.000895989,-0.000641188,-0.00035319,-0.000104817,-1.93541e-05,0.000105402,0.000290365,0.000626934,0.000796403,0.000101132,9.86415e-05,9.32925e-05,9.28927e-05,9.80358e-05,9.23425e-05,0.000108728,0.000104509,-0.000391817,0.00014115,0,-0.000408755,0.000304371,0,0.497787,-0.000922648,-0.00035967,0.000328952,0.000948017,1787476500,0.000406407,0,0.000349756,1,0.000418645,0,0.000349191,1,0.000422831,0,0.000338175,1,0.000508069,0,0.000423347,1
1787476560,-0.000576148,-4.14376e-06,8.28748e-06,-0.000605171,0.000676497,0.488187,0.000164459,0.000166105,0.0473985,-0.000773173,-0.000562891,-0.00028189,-6.88713e-05,-1.3482e-05,0.000103131,0.000273452,0.000587496,0.000749765,0.000163388,0.00016499,0.000163936,0.000173093,0.000170602,0.000177055,0.000160413,0.000169961,-0.000334176,0.000119056,0,0.000336121,0,0.000280717,0.50055,-0.000740839,-0.00026937,0.000279255,0.000806875,1787476500,0.000476446,0,0.000434348,1,-0.00039718,0.000360729,0,1,0.000476743,0,0.00035801,1,0.0004417,0,0.000349646,1
1787476620,-9.53658e-05,4.14606e-05,4.14606e-05,-0.000493513,0.000674636,0.486374,5.12861e-05,5.20705e-05,0.0459699,-0.000821134,-0.00059264,-0.000313402,-9.0735e-05,-1.56956e-05,0.000102189,0.00027986,0.00060061,0.000766026,6.58269e-05,6.36202e-05,5.67682e-05,4.75676e-05,7.09927e-05,4.61885e-05,5.08247e-05,4.93594e-05,-0.00035959,0.000131024,0,-0.000381762,0.000333515,0,0.498488,-0.000868713,-0.000325354,0.000318229,0.000908751,1787476500,0.000389393,0,0.000316941,1,-0.00043367,0.000442898,1.2614e-05,1,0.000452912,0,0.00035961,1,0.000455631,0,0.000377012,1
1787476680,-0.000128551,-8.29311e-06,-8.29311e-06,-0.000352518,0.000667992,0.494186,5.96282e-05,5.98063e-05,0.0453877,-0.000819312,-0.000582332,-0.000293654,-7.87182e-05,-8.84892e-06,0.000115898,0.000302004,0.000625703,0.000800859,6.762e-05,6.54074e-05,5.92163e-05,5.58948e-05,7.1984e-05,4.84336e-05,6.00435e-05,6.04491e-05,-0.000358477,0.000149509,0,0.0003857,0,0.000306341,0.502502,-0.000869938,-0.000314834,0.000335168,0.000945457,1787476500,0.000398597,0,0.000354808,1,-0.000393239,0.000338184,0,1,0.00044234,5.20715e-05,0.000450985,1,0.000454175,0,0.000367082,1
1787476740,0.00015343,-8.29418e-06,0.000630156,-8.29449e-05,0.000661528,0.488296,5.99693e-05,5.9837e-05,0.0453691,-0.000786033,-0.000559712,-0.000282316,-7.71774e-05,-1.34475e-05,0.000104092,0.000282719,0.000590135,0.000754071,7.27851e-05,6.83841e-05,6.09367e-05,5.67516e-05,7.11021e-05,5.15419e-05,5.89585e-05,5.98402e-05,-0.000339074,0.000118114,0,0.000339848,0,0.000256715,0.502296,-0.000772097,-0.000274018,0.000291411,0.000825007,1787476500,0.000420299,0,0.000402211,1,0.000423862,0,0.000361104,1,0.000408706,0,0.000335135,1,0.00046173,4.7395e-05,0.000405886,1
1787476800,-0.00111186,6.63408e-05,6.63408e-05,-0.00180533,0.000655239,0.489134,0.000393674,0.00039797,0.0445661,-0.000844709,-0.00060471,-0.000315577,-9.10567e-05,-1.33021e-05,0.000111741,0.000295136,0.000639092,0.000812736,0.000368776,0.00038156,0.000414195,0.000402566,0.000374003,0.00044976,0.000382521,0.000393338,-0.000369004,0.000206952,0,0.00040312,0,0.000348907,0.503305,-0.000899594,-0.000343101,0.000342155,0.000959619,1787476800,0.000371687,0,0.000342084,1,0.00044659,0,0.000395035,1,0.000444641,0,0.000363689,1,-0.000395118,0.000355491,0,1
1787476860,8.71682e-05,2.90569e-05,8.71682e-05,-0.000764085,0.00066744,0.507564,6.97247e-05,7.15639e-05,0.0455692,-0.00108557,-0.000787228,-0.000394888,-0.000111744,8.0357e-06,0.000182698,0.000443337,0.000880598,0.0011223,6.61744e-05,6.28436e-05,6.04393e-05,7.58415e-05,6.98675e-05,9.43817e-05,7.10336e-05,6.64461e-05,0.000508798,0,0.000367927,0.000538441,8.15028e-05,0.000419833,0.516333,-0.00114374,-0.000426778,0.000465861,0.00122483,1787476800,0.00040992,1.32015e-05,0.00038914,1,0.000392747,0,0.000336143,1,0.000440019,0,0.00041239,1,0.000419362,0,0.000373528,1
1787476920,0.000614113,4.15068e-06,0.000721959,-2.49044e-05,0.000660847,0.502261,0.000171701,0.000170644,0.0402168,-0.000962392,-0.000691549,-0.00033855,-9.36032e-05,-3.47278e-07,0.000144204,0.000370439,0.000765655,0.00097537,0.000174525,0.000174789,0.00017404,0.000174401,0.000173586,0.000180854,0.000165288,0.000172975,0.000429581,0,0.000299097,0.000463567,0,0.000354403,0.511101,-0.00099898,-0.00036959,0.000409128,0.00109327,1787476800,0.000491214,4.71452e-05,0.000472524,1,-0.000400413,0.000409209,1.47328e-05,1,0.000401233,0,0.000351442,1,0.000440098,0,0.000400664,1
1787476980,-0.000319458,3.31846e-05,4.97764e-05,-0.000360953,0.000659945,0.492552,9.7131e-05,9.7417e-05,0.0366537,-0.000953716,-0.000693979,-0.000363489,-9.82924e-05,-1.0608e-05,0.000125074,0.000346067,0.000717424,0.000912022,9.84413e-05,9.70668e-05,9.48995e-05,9.6047e-05,0.000102426,0.000118272,0.000100292,9.40176e-05,-0.000427477,0.00030245,0,0.000436482,0,0.000354089,0.505885,-0.000948639,-0.000366025,0.000373531,0.00101356,1787476800,0.000477948,0,0.00046518,1,0.000521109,0,0.000469342,1,0.000410659,1.22235e-05,0.000406427,1,0.000392527,0,0.000346055,1
1787477040,-0.000751335,0,4.14946e-06,-0.000938219,0.000654872,0.48795,0.000222147,0.000222417,0.0355838,-0.000889618,-0.000649379,-0.000328085,-0.000101021,-1.43722e-05,0.000107517,0.000303376,0.000648983,0.000842997,0.000214307,0.000220893,0.000225774,0.000227359,0.000212465,0.00021888,0.000221823,0.000220141,-0.000381946,0.000177214,0,-0.000372483,0.000282007,0,0.495453,-0.000831053,-0.000322277,0.000298871,0.000848891,1787476800,0.000454896,0,0.000377684,1,0.000491869,0,0.000433787,1,0.000480127,1.86129e-05,0.00044665,1,0.000440864,0,0.000402597,1
1787477100,9.9657e-05,-2.49158e-05,0.000381965,-9.96669e-05,0.00065694,0.499231,6.22231e-05,6.39749e-05,0.0397398,-0.0009847,-0.000711818,-0.000356984,-0.000106353,-3.18038e-06,0.000143062,0.000368829,0.000749566,0.000955265,6.68336e-05,6.22982e-05,6.07625e-05,6.52884e-05,7.01692e-05,9.78739e-05,6.24857e-05,5.66208e-05,-0.000437067,0.000330713,0,0.000458605,5.77697e-07,0.000339024,0.508993,-0.00100466,-0.000375544,0.000398669,0.00106318,1787477100,0.000386547,0,0.000310044,1,0.00042858,0,0.000368764,1,0.000458366,7.62683e-06,0.000451099,1,0.000473791,2.61158e-05,0.00044131,1
1787477160,0.000801048,4.15216e-06,0.000867427,4.15216e-06,0.00065049,0.491761,0.000244561,0.00024433,0.0361327,-0.000874981,-0.000633862,-0.000322664,-9.16603e-05,-1.03523e-05,0.000110232,0.000309165,0.000642094,0.000831117,0.000229008,0.000235783,0.000241693,0.000244986,0.000231392,0.000231753,0.000248178,0.00024886,-0.000380561,0.000218991,0,0.000394275,0,0.000296465,0.505641,-0.000878774,-0.000326218,0.000339647,0.000921676,1787477100,0.000442863,0,0.000391224,1,0.000405246,0,0.000319256,1,0.000438913,0,0.000365069,1,0.000470419,1.04138e-05,0.000437466,1
1787477220,-4.56383e-05,-8.71295e-05,0.000572377,-0.00014937,0.000653841,0.491663,5.49375e-05,5.50901e-05,0.0364133,-0.000898204,-0.000660803,-0.000345064,-9.68069e-05,-1.10663e-05,0.000118257,0.00033494,0.000679749,0.000870649,6.29098e-05,5.89407e-05,5.85094e-05,5.04291e-05,6.72581e-05,9.79839e-05,5.65803e-05,5.10623e-05,-0.000408991,0.000283586,0,0.000444374,0,0.000379232,0.504128,-0.000953665,-0.000374246,0.000379409,0.0010296,1787477100,0.000419088,0,0.000374392,1,0.000470175,0,0.000386856,1,0.000433739,0,0.000341627,1,0.000428866,0,0.000369109,1
1787477280,0.000107869,2.0745e-05,0.000348458,-4.14912e-05,0.000647302,0.490507,5.95806e-05,6.02847e-05,0.033604,-0.000934659,-0.000680827,-0.00034566,-9.99413e-05,-1.21236e-05,0.000116213,0.000326574,0.00068665,0.000891299,6.71627e-05,6.1535e-05,5.94074e-05,5.89057e-05,6.91169e-05,9.33397e-05,6.10143e-05,5.88146e-05,-0.000405502,0.000276706,0,0.000448198,0,0.000392565,0.504118,-0.000980626,-0.000383492,0.000373676,0.00104288,1787477100,0.000462422,0,0.000394049,1,-0.000400461,0.000367521,0,1,0.000443585,0,0.000378183,1,0.000400413,0,0.000362048,1
1787477340,-4.97843e-05,-8.29721e-06,0.000149338,-5.39331e-05,0.000640978,0.490163,4.97854e-05,4.92655e-05,0.0324629,-0.000830191,-0.000606055,-0.000306435,-8.27596e-05,-1.09338e-05,9.79352e-05,0.000286279,0.000610561,0.000806728,6.29646e-05,5.74372e-05,5.3869e-05,4.97351e-05,6.63002e-05,7.6171e-05,4.55592e-05,4.69659e-05,-0.000357849,0.000181487,0,-0.000377459,0.000278626,0,0.499596,-0.000829814,-0.000320943,0.000308433,0.000867677,1787477100,0.000432141,2.97704e-05,0.000392224,1,0.000436135,0,0.000379128,1,0.000406974,0,0.000386694,1,0.000428203,0,0.00039152,1
1787477400,-0.000884083,0,0,-0.00110834,0.000634575,0.485241,0.000272594,0.000275802,0.0322303,-0.00085463,-0.000646407,-0.000319278,-8.62497e-05,-1.47563e-05,8.77624e-05,0.000263676,0.000575903,0.000749537,0.000266142,0.000275497,0.00028975,0.000301702,0.000265964,0.000272339,0.000266065,0.000262597,-0.000354618,0.000149544,0,-0.000339504,0.000222495,0,0.494852,-0.000763388,-0.000297047,0.000264248,0.000749064,1787477400,0.000397106,0,0.000338267,1,-0.000422389,0.000435502,1.16243e-05,1,0.000440825,0,0.000375951,1,0.000424335,0,0.000366973,1
1787477460,-0.000323944,-2.07625e-05,0.000236662,-0.000519192,0.000640518,0.498986,9.77103e-05,9.702e-05,0.0356603,-0.0009293,-0.000663103,-0.000335353,-9.02335e-05,-3.40013e-06,0.000123082,0.000335517,0.000696336,0.000874881,9.91593e-05,9.60435e-05,9.56226e-05,9.46936e-05,9.97824e-05,0.00012322,0.000106277,9.57379e-05,-0.000402543,0.00027942,0,0.000450084,0,0.000336591,0.506884,-0.000975444,-0.000369348,0.000385188,0.00101697,1787477400,0.000409324,0,0.000344217,0,0.000390956,0,0.000382116,1,0.000422721,1.39848e-05,0.000428733,1,0.000427148,0,0.000381795,1
1787477520,0.000149526,0,0.000261656,0,0.000635733,0.492598,6.34717e-05,6.42558e-05,0.0347678,-0.000914065,-0.000645159,-0.000325676,-9.20492e-05,-9.90774e-06,0.000116435,0.000323731,0.00066763,0.000855332,7.1999e-05,6.58764e-05,6.41771e-05,6.50943e-05,7.31051e-05,9.32951e-05,6.00919e-05,6.15376e-05,-0.000389867,0.000259257,0,0.000409166,0,0.000302666,0.50665,-0.000905935,-0.000335933,0.000356401,0.00094146,1787477400,0.000441058,0,0.000423534,1,-0.000361425,0.000311702,1.7162e-05,1,0.000405149,0,0.000392015,1,0.000454965,0,0.000433533,1
1787477580,9.13659e-05,-4.15319e-06,0.000149504,-0.000124603,0.000629699,0.485362,4.97177e-05,4.98507e-05,0.0331867,-0.000800961,-0.000578875,-0.00028756,-7.64707e-05,-1.48691e-05,8.92277e-05,0.000260843,0.000563122,0.000715452,6.63052e-05,5.86979e-05,5.56754e-05,4.80496e-05,6.78226e-05,7.5833e-05,4.73386e-05,4.83988e-05,-0.000331889,0.000169483,0,0.000323038,0,0.000227611,0.501969,-0.000731644,-0.000262118,0.000270414,0.000725583,1787477400,0.000409901,0,0.000404991,1,0.00046208,0,0.000436619,1,0.000374113,0,0.000382199,1,0.000417624,0,0.000392475,1
1787477640,-0.000166126,4.98324e-05,5.81376e-05,-0.000186894,0.000623504,0.496133,6.45765e-05,6.40707e-05,0.032832,-0.000806005,-0.000579493,-0.000279507,-7.16825e-05,-6.19035e-06,0.000102839,0.000278598,0.000577262,0.000738293,7.28562e-05,6.80227e-05,6.47849e-05,5.98763e-05,7.20303e-05,6.91707e-05,6.64216e-05,6.43134e-05,-0.000334961,0.000211779,0,0.000328049,0,0.000250154,0.503298,-0.000753383,-0.000265853,0.000285048,0.000777242,1787477400,0.000352206,0,0.00028691,1,0.000410026,0,0.000408252,1,0.000451841,0,0.000424276,1,0.000376766,0,0.000323248,1
1787477700,-0.000432057,9.55259e-05,9.55259e-05,-0.00150054,0.000617685,0.485407,0.000123665,0.000122018,0.0333319,-0.000764843,-0.000554081,-0.000271422,-7.78804e-05,-1.38526e-05,8.35453e-05,0.000241616,0.000535861,0.000683637,0.000123372,0.000124498,0.00012394,0.000122664,0.00011944,0.000124348,0.000124175,0.000124022,-0.000311515,0.000133258,0,-0.000294116,0.00023741,0,0.491023,-0.000685896,-0.000246518,0.000235768,0.000667396,1787477700,0.000345552,0,0.00029411,1,0.000327431,0,0.00031085,1,0.000399828,0,0.000397428,1,0.00042502,0,0.000408075,1
1787477760,0.000768434,0.000116341,0.000785042,-0.000286756,0.000614522,0.502347,0.000212018,0.000212823,0.0347384,-0.000963332,-0.000689861,-0.000340586,-9.88697e-05,4.14163e-07,0.00014522,0.000383773,0.000784095,0.000984753,0.00021743,0.000228631,0.000237232,0.000217767,0.0002267,0.000246839,0.000205339,0.000209031,0.000439496,0,0.000351162,0.000428084,6.24389e-05,0.000382081,0.506201,-0.0009472,-0.000348811,0.000379862,0.00101392,1787477700,0.000304493,0,0.000257119,1,0.000347198,0,0.000302595,1,0.000349175,0,0.000305258,1,0.000408858,0,0.000390565,1
1787477820,4.56721e-05,0,0.000236642,-0.000137029,0.000617976,0.490229,5.58096e-05,5.66404e-05,0.0342208,-0.000909576,-0.000661633,-0.000342423,-0.000100357,-1.23765e-05,0.000116756,0.000336211,0.000693926,0.000864021,6.37195e-05,5.47521e-05,5.28182e-05,6.42529e-05,6.44202e-05,7.07101e-05,5.31842e-05,5.00406e-05,-0.000407899,0.000306405,0,-0.000414528,0.000380046,0,0.495588,-0.000902304,-0.000351482,0.00035012,0.000958356,1787477700,0.000396686,4.35342e-05,0.000464359,1,0.000324244,0,0.000255733,1,0.000345489,0,0.000308817,1,0.000347264,0,0.000299851,1
1787477880,-0.000323901,-4.15192e-06,-4.15192e-06,-0.00067699,0.000611799,0.489637,9.32657e-05,9.16954e-05,0.0329747,-0.000851337,-0.000612039,-0.000307369,-9.55632e-05,-1.10233e-05,9.6253e-05,0.000279846,0.000593422,0.000746108,9.90437e-05,9.47856e-05,9.42535e-05,9.35492e-05,9.86624e-05,9.75592e-05,9.1072e-05,9.43623e-05,-0.000355528,0.000222523,0,-0.000342545,0.000288987,0,0.493417,-0.000795569,-0.000295933,0.000281404,0.000803519,1787477700,0.000420945,0,0.000435012,1,0.000425134,4.53455e-06,0.000439371,1,0.000338853,0,0.000268663,1,0.00034568,0,0.000313187,1
1787477940,0.000469208,-8.30686e-05,0.000469208,-0.000278307,0.00060738,0.494014,0.000133779,0.000134299,0.0321153,-0.000871445,-0.000617084,-0.000310457,-9.63762e-05,-7.25226e-06,0.000105586,0.000307293,0.000647992,0.000792392,0.000134182,0.00013423,0.000133385,0.000133902,0.000134935,0.000135423,0.000132258,0.000134963,-0.000371083,0.000255131,0,-0.000367567,0.000334375,0,0.494001,-0.000841243,-0.000311292,0.000311158,0.000866093,1787477700,0.000346409,0,0.000326685,1,0.000409236,0,0.000397283,1,0.000387578,3.7135e-05,0.000430746,1,0.000317705,0,0.000293115,1
1787478000,0.000278099,-4.15132e-06,0.000294699,-4.15132e-06,0.000604926,0.491204,8.47169e-05,8.46161e-05,0.0322138,-0.00086627,-0.00061981,-0.000319484,-9.15415e-05,-1.03681e-05,0.00010576,0.000307795,0.000642277,0.0007942,9.3314e-05,8.44084e-05,8.14212e-05,8.89459e-05,9.11905e-05,8.26318e-05,8.34369e-05,8.22225e-05,-0.000377696,0.00025602,0,-0.000376006,0.000322552,0,0.493885,-0.00083704,-0.000318219,0.000316264,0.000870716,1787478000,0.000359967,0,0.000362813,1,0.000341255,0,0.00035144,1,0.000401967,0,0.000408035,1,0.00039946,3.01967e-05,0.000426242,1
1787478060,0.000435671,2.07505e-05,0.0012194,2.07505e-05,0.000600136,0.486029,0.000128172,0.000127291,0.032519,-0.000776066,-0.000560629,-0.000281844,-8.71792e-05,-1.32808e-05,8.41776e-05,0.000250979,0.00054237,0.000682204,0.000124627,0.000124764,0.000123928,0.000123619,0.000122317,0.000124271,0.00013116,0.000132327,-0.000323379,0.000192375,0,-0.000300025,0.000261228,0,0.491262,-0.00069697,-0.000251002,0.000247002,0.000703469,1787478000,0.000393403,0,0.000376807,1,0.000386944,0,0.000361663,1,0.000354256,0,0.000363993,1,0.000405367,3.6288e-06,0.000417006,1
1787478120,0.000132738,-4.14835e-06,0.000132738,-0.000182544,0.000597291,0.492288,6.36893e-05,6.25345e-05,0.0343877,-0.000889195,-0.000661352,-0.000343083,-0.000108757,-9.86992e-06,0.000116778,0.000322387,0.000660593,0.000846211,6.89562e-05,5.94374e-05,5.62463e-05,6.99845e-05,6.69978e-05,5.18545e-05,6.70611e-05,5.94683e-05,-0.000401535,0.000328983,0,-0.000404779,0.00046529,4.15495e-05,0.491759,-0.000910417,-0.000355121,0.000336631,0.000962658,1787478000,0.000329154,0,0.000273063,1,0.000380002,0,0.000364539,1,0.000372374,0,0.00037362,1,0.000365222,0,0.000355496,1
1787478180,0.000302743,4.97723e-05,0.000443716,4.97723e-05,0.000591586,0.498361,8.89955e-05,8.67541e-05,0.0342331,-0.000764984,-0.000562222,-0.000273016,-7.84639e-05,-3.49709e-06,0.000103604,0.000268365,0.000563121,0.000703875,9.72904e-05,8.77071e-05,8.6874e-05,8.69662e-05,9.2589e-05,8.62223e-05,9.27057e-05,8.883e-05,-0.0003254,0.000188765,0,-0.000297681,0.000249607,0,0.491454,-0.000692495,-0.00024865,0.00024531,0.000714718,1787478000,-0.000375272,0.000415699,3.47469e-05,1,-0.000316589,0.000256836,0,1,0.000377921,0,0.00036795,1,0.00036838,0,0.000381847,1
1787478240,-2.90262e-05,-5.39065e-05,9.12197e-05,-0.000207348,0.000587203,0.492917,4.40304e-05,4.40761e-05,0.0350561,-0.000753768,-0.000553643,-0.000278364,-8.21321e-05,-7.83414e-06,9.47538e-05,0.000256593,0.000543233,0.00068439,6.19227e-05,5.01357e-05,4.50069e-05,4.92838e-05,6.17273e-05,3.71273e-05,3.86657e-05,4.05026e-05,-0.00032342,0.000184562,0,-0.000302406,0.000247244,0,0.486789,-0.000699898,-0.000262411,0.000240148,0.000709746,1787478000,0.000312229,0,0.000298407,1,-0.000367342,0.00040732,4.75232e-05,1,-0.00033172,0.000254488,0,1,0.000372425,0,0.000372141,1
1787478300,8.7076e-05,4.14665e-06,0.00042287,-6.63487e-05,0.000581316,0.497937,4.98875e-05,4.96495e-05,0.034407,-0.00078782,-0.000583637,-0.00029829,-8.2251e-05,-3.58906e-06,0.000103246,0.000264419,0.000548815,0.000680018,6.57031e-05,5.25899e-05,4.64314e-05,5.55909e-05,6.26775e-05,4.02129e-05,5.23748e-05,4.57335e-05,-0.000340401,0.000173011,0,-0.000312453,0.000235052,2.48555e-05,0.489441,-0.00073177,-0.000273577,0.000249493,0.000726541,1787478300,0.000318081,0,0.000302165,1,0.000323663,0,0.000307673,1,-0.000358219,0.000396201,4.70759e-05,1,0.00031292,0,0.000281403,1
1787478360,-0.00061384,2.07313e-05,0.000194857,-0.00061384,0.000575605,0.497328,0.000178737,0.000181378,0.0351232,-0.000761101,-0.000548918,-0.000273203,-7.61442e-05,-3.91754e-06,9.42419e-05,0.000262327,0.000550033,0.000683956,0.000174703,0.000179174,0.000188181,0.000174036,0.000176994,0.000201545,0.000172584,0.000187452,-0.000322538,0.000196433,0,-0.000304962,0.000272573,0,0.489318,-0.000717703,-0.00026552,0.000249753,0.000739865,1787478300,0.000356774,0,0.000357816,1,-0.000309584,0.000277479,2.00557e-05,1,0.000325276,0,0.000321124,1,0.00039373,0,0.000416541,1
1787478420,0.000850152,0,0.000850152,-0.000294611,0.000576394,0.497887,0.000278681,0.000285252,0.0326545,-0.000787247,-0.000567519,-0.00028704,-8.29405e-05,-3.22385e-06,9.82516e-05,0.000274427,0.000572628,0.000716783,0.000247353,0.000268883,0.000284839,0.000269712,0.000252626,0.000306393,0.000284366,0.000287447,-0.000338298,0.000246928,0,-0.000331663,0.000366929,0,0.495907,-0.000784346,-0.000284013,0.00028602,0.000808067,1787478300,-0.000307707,0.000322272,2.85932e-05,1,-0.000330047,0.000311557,3.33508e-05,1,-0.000325699,0.000287676,2.72175e-06,1,-0.000319357,0.000293854,0,1
1787478480,0.000940545,4.55975e-05,0.000990241,4.55975e-05,0.00058313,0.499592,0.0002999,0.000304526,0.0363723,-0.000857378,-0.000634639,-0.000319218,-8.67616e-05,-2.57502e-06,0.000120248,0.000327223,0.000669921,0.000835108,0.000282242,0.000310096,0.000310566,0.00029033,0.000280918,0.000272947,0.000303321,0.000306721,-0.000388861,0.00030461,0,-0.000395513,0.000421423,2.42848e-05,0.49559,-0.000872212,-0.000336255,0.000336486,0.000950106,1787478300,-0.000312208,0.000327845,2.84706e-05,0,-0.00030148,0.000314758,5.88555e-05,1,0.000319481,1.26515e-05,0.00037167,1,-0.000328219,0.000298312,0,1
1787478540,-0.000244374,4.14141e-06,0.000107671,-0.000393512,0.000592396,0.491281,7.81753e-05,8.00973e-05,0.0474774,-0.000887004,-0.000660842,-0.000341356,-0.000107762,-1.07462e-05,0.00011315,0.000310973,0.000649307,0.000812762,8.65639e-05,7.93161e-05,8.31005e-05,7.97397e-05,9.10369e-05,0.000112929,7.10588e-05,7.83939e-05,-0.000394736,0.0002664,0,-0.000399267,0.000401844,4.7864e-05,0.48994,-0.000881931,-0.00035411,0.000322082,0.000944092,1787478300,-0.000389079,0.000397096,2.65171e-05,1,0.000325576,8.14386e-06,0.000338515,0,-0.000307508,0.000326254,4.55718e-05,1,0.000326651,2.79605e-05,0.000317785,1
1787478600,0.000248515,-4.97104e-05,0.000248515,-0.000140853,0.000587459,0.493131,8.03119e-05,7.83537e-05,0.0394282,-0.000846851,-0.000619025,-0.00030527,-9.8525e-05,-8.63166e-06,0.000111776,0.000296556,0.000621548,0.000777874,8.77544e-05,7.84307e-05,8.04874e-05,7.89122e-05,8.13113e-05,0.000110621,8.42473e-05,7.86253e-05,-0.000362258,0.000216904,0,-0.000356312,0.000330092,6.16282e-06,0.491752,-0.000816948,-0.000314151,0.000287976,0.00086484,1787478600,-0.000385597,0.00041241,0,1,0.000376023,4.42503e-05,0.000360639,1,-0.000318505,0.000335938,0,0,0.000335319,0,0.000346128,1
1787478660,2.07068e-05,1.65655e-05,0.000157361,-0.00014496,0.000582616,0.498002,4.53307e-05,4.51235e-05,0.0355078,-0.000765671,-0.000555227,-0.000264903,-7.07059e-05,-4.63943e-06,0.000107641,0.000270663,0.000578888,0.000730268,6.16804e-05,4.99344e-05,5.2005e-05,4.64322e-05,6.03738e-05,8.40982e-05,3.93422e-05,4.22927e-05,-0.00032231,0.000152543,0,-0.000326712,0.000236192,0,0.492369,-0.000730807,-0.000277134,0.000262049,0.000772691,1787478600,-0.000339583,0.00036839,0,1,0.000360477,5.19651e-05,0.000337367,1,-0.000353869,0.000395312,3.39173e-06,1,0.000318127,7.85408e-06,0.000321343,1
1787478720,-0.000165666,-4.96971e-05,0.000215325,-0.000405932,0.000576768,0.504856,6.13965e-05,6.31652e-05,0.032179,-0.000776709,-0.000559809,-0.00027337,-7.14158e-05,2.36367e-06,9.99266e-05,0.000267437,0.000563644,0.000706036,7.33115e-05,6.4721e-05,6.53068e-05,6.11736e-05,7.631e-05,7.95347e-05,5.41542e-05,6.34847e-05,0.000325158,0,0.000262755,-0.000325962,0.000259952,0,0.493511,-0.000757504,-0.000280301,0.00026553,0.000800845,1787478600,0.000349317,0,0.000310159,1,0.000358291,1.48228e-05,0.000335855,1,0.000369383,1.85255e-05,0.000346494,1,0.00036352,1.55696e-05,0.000375852,1
1787478780,-0.000352132,0.00014496,0.000530036,-0.000352132,0.000571452,0.501762,0.000101782,0.000103427,0.0302582,-0.000796173,-0.000574178,-0.000274355,-8.0978e-05,8.47498e-08,0.000105432,0.000277028,0.000591589,0.000740144,0.000104365,0.000102474,0.000102317,0.000101344,0.000107463,0.000105521,9.6176e-05,0.00010686,0.000331266,0,0.000285452,-0.000350467,0.000309457,8.05598e-09,0.494438,-0.00080484,-0.000302228,0.000288386,0.000852794,1787478600,-0.000344376,0.000351237,0,1,0.000341523,0,0.0003195,1,-0.00035358,0.000369767,0,1,-0.000362133,0.000387949,8.93357e-06,1
1787478840,9.1152e-05,-4.97228e-05,0.000244434,-4.97228e-05,0.000567896,0.501551,5.3315e-05,5.30436e-05,0.0301041,-0.000841503,-0.000602838,-0.000295314,-8.82855e-05,1.47288e-07,0.000112487,0.000295598,0.000623037,0.000783812,6.5478e-05,5.20665e-05,5.1104e-05,5.80055e-05,6.24017e-05,5.03705e-05,5.49129e-05,4.90694e-05,0.000354591,0,0.000302739,-0.000324591,0.000338865,7.33611e-06,0.496796,-0.000761693,-0.000281024,0.000274944,0.000802179,1787478600,0.00034255,4.25796e-05,0.000368229,1,-0.000335227,0.000339042,1.97529e-05,1,0.000343635,0,0.000325419,1,-0.000349598,0.000342363,1.59477e-05,1
1787478900,-2.48588e-05,4.97158e-05,0.000227844,-4.97183e-05,0.000562336,0.500283,4.29211e-05,4.25149e-05,0.0293374,-0.00075103,-0.000541742,-0.000259249,-7.26786e-05,-1.07031e-06,8.90879e-05,0.000248211,0.000534134,0.000680587,6.12639e-05,4.76946e-05,4.55465e-05,4.44254e-05,6.05358e-05,3.94248e-05,3.96757e-05,3.96424e-05,0.000305869,0,0.000241132,-0.000254308,0.000210704,0,0.494443,-0.00060106,-0.000208513,0.00020288,0.000615053,1787478900,-0.000297778,0.000351623,5.21018e-05,1,-0.000342169,0.000378752,3.22804e-05,1,-0.000338494,0.000332517,2.30629e-05,1,-0.000333238,0.000335597,3.02993e-07,1
1787478960,-0.000116016,1.65726e-05,7.45746e-05,-0.000116016,0.000556695,0.497063,5.06407e-05,5.12778e-05,0.0295022,-0.000737356,-0.000530546,-0.000256314,-7.02013e-05,-3.53723e-06,8.22487e-05,0.000236692,0.00052121,0.000663417,6.61686e-05,5.45498e-05,5.21569e-05,5.18183e-05,6.51711e-05,4.56778e-05,4.45133e-05,5.19431e-05,-0.000298265,0.00015527,0,-0.000246076,0.00019435,0,0.489199,-0.00058896,-0.000209173,0.000186013,0.000589963,1787478900,-0.000260513,0.000269765,4.8101e-06,1,-0.000304103,0.000366948,4.02721e-05,1,0.000336907,4.76758e-05,0.000373068,1,0.000347315,2.14813e-05,0.00033319,1
1787479020,-9.53089e-05,-4.97253e-05,-1.65748e-05,-0.000107741,0.000551344,0.491295,4.61467e-05,4.62141e-05,0.0305237,-0.000719833,-0.000518636,-0.000249189,-7.17432e-05,-7.32398e-06,7.36459e-05,0.000226908,0.000509287,0.000648091,6.49049e-05,5.05729e-05,4.74767e-05,4.63347e-05,6.317e-05,4.16192e-05,4.0953e-05,4.72348e-05,-0.000288709,0.000143462,0,-0.0002175,0.000165597,0,0.488482,-0.000508938,-0.000175514,0.000153942,0.00050245,1787478900,-0.000244524,0.000264661,1.91299e-05,1,-0.000251932,0.000269595,2.89655e-05,1,-0.000301371,0.000379249,2.33054e-05,1,0.000354131,4.4145e-05,0.000364039,1
1787479080,-0.000435221,4.55837e-05,0.000190609,-0.000493265,0.00054597,0.487687,0.000123764,0.000123879,0.0321765,-0.000691631,-0.000498723,-0.000230823,-7.02838e-05,-9.71759e-06,6.98909e-05,0.000215739,0.000490876,0.000631495,0.000124606,0.000125287,0.00012469,0.000123604,0.000127877,0.000124613,0.000118361,0.000128424,-0.000270318,0.00013356,0,-0.00019026,0.000139344,0,0.491189,-0.000434538,-0.000135513,0.000125445,0.000425747,1787478900,-0.00021994,0.000210114,7.51319e-07,1,-0.000243652,0.00028014,3.28846e-05,1,-0.000264043,0.000284505,2.90502e-06,1,0.000320386,4.52125e-05,0.000336516,1
1787479140,-0.000356608,8.29139e-05,0.00014924,-0.000414673,0.000543976,0.486779,0.000101201,0.000100457,0.0350877,-0.000723294,-0.000508463,-0.000254201,-8.59279e-05,-1.1112e-05,7.51153e-05,0.000230973,0.000524575,0.000661993,0.00010449,0.000103436,0.000102926,0.000102206,0.000104106,0.000100885,9.70581e-05,0.000103103,-0.000294886,0.000143804,0,-0.000289068,0.000243757,0,0.495726,-0.000678302,-0.000248278,0.000236505,0.000690974,1787478900,-0.000201779,0.000180198,0,0,0.00023298,7.77549e-06,0.00022655,0,0.000264241,3.47531e-05,0.000275886,1,0.000281346,8.90943e-06,0.000268805,1
1787479200,0.000704801,-4.14736e-06,0.0007421,-0.000282059,0.000540865,0.485895,0.000211439,0.00021225,0.0382481,-0.000853863,-0.000621681,-0.00031376,-0.000111369,-1.42794e-05,8.91212e-05,0.000293248,0.000617543,0.000753189,0.000199418,0.000213856,0.000220726,0.000201801,0.000199683,0.000243259,0.000215278,0.00021451,-0.000367053,0.000335131,5.98331e-05,-0.000345961,0.000432,8.29544e-05,0.49431,-0.000791839,-0.000300308,0.000289371,0.000802195,1787479200,-0.00028139,0.000299828,2.94278e-05,1,-0.00021391,0.000205368,0,1,-0.000254004,0.000258055,0,1,0.000284914,1.81171e-05,0.000283881,1
1787479260,-0.000514041,2.07219e-05,5.80203e-05,-0.000514041,0.000544627,0.494267,0.00014819,0.0001473,0.0326465,-0.000825163,-0.00060826,-0.000298793,-9.38243e-05,-6.58789e-06,0.000101588,0.000304545,0.000652465,0.000803653,0.000146351,0.000147126,0.000147,0.000146467,0.000149442,0.000147953,0.000148328,0.000150407,-0.00036272,0.000296001,0,-0.00036716,0.000378069,8.51222e-06,0.499573,-0.000806937,-0.000311819,0.000310232,0.000876172,1787479200,-0.000324196,0.000330853,1.92043e-05,1,-0.000293765,0.000308381,2.08161e-05,1,-0.000232757,0.00021687,0,1,-0.000255861,0.000239954,0,1
1787479320,0.00067566,-4.97599e-05,0.000700523,-0.000107816,0.000544032,0.487546,0.000204891,0.000205078,0.0334343,-0.000803364,-0.000570214,-0.000284448,-9.90282e-05,-1.12719e-05,8.14134e-05,0.000264768,0.000578839,0.000714519,0.000191126,0.000201433,0.000202456,0.000204315,0.000187521,0.000203347,0.000206516,0.000209511,-0.000332571,0.000212523,0,-0.000318579,0.000296781,0,0.492692,-0.000743184,-0.000280284,0.000259104,0.0007555,1787479200,0.000360932,2.29809e-05,0.000368165,1,0.000350126,6.43016e-05,0.000290651,1,0.000306223,2.83979e-05,0.000306898,1,-0.000236274,0.000204469,0,1
1787479380,0.000190595,2.90059e-05,0.000364584,8.28748e-06,0.000546975,0.48924,6.83646e-05,6.8085e-05,0.0333753,-0.000781498,-0.000576814,-0.00028746,-9.10413e-05,-1.11006e-05,9.42509e-05,0.000288308,0.000625429,0.00076432,7.81685e-05,6.57427e-05,6.73044e-05,6.7661e-05,7.10149e-05,8.31455e-05,7.0411e-05,6.59991e-05,-0.000345561,0.000237111,0,-0.000357798,0.000306877,0,0.491289,-0.000787467,-0.000308868,0.000289785,0.000838085,1787479200,0.000307229,1.61362e-05,0.000281004,1,0.000349983,5.30915e-05,0.00032306,1,0.000350688,0,0.000363548,1,0.000309363,3.1718e-05,0.000314089,1
1787479440,-0.00012844,-4.14297e-06,0.000260973,-0.000261041,0.000542148,0.489249,5.50003e-05,5.47714e-05,0.0300342,-0.000794051,-0.000570779,-0.000279068,-9.1687e-05,-1.04266e-05,8.83142e-05,0.000260538,0.000573447,0.000723107,6.66668e-05,5.58036e-05,5.71055e-05,5.46659e-05,6.65573e-05,6.07952e-05,5.11587e-05,5.60518e-05,-0.000326553,0.000207988,0,-0.00031448,0.000260159,0,0.492982,-0.000725506,-0.000277069,0.000249781,0.000747783,1787479200,0.000365629,1.48911e-06,0.000325871,1,0.000320749,1.64032e-05,0.000277069,1,0.000339214,4.56197e-05,0.000319421,1,0.000334178,6.92667e-05,0.000295977,1
1787479500,0.00101878,8.28696e-06,0.00104776,8.28696e-06,0.000537007,0.487843,0.000363266,0.000368755,0.0278792,-0.000752513,-0.000549209,-0.000272702,-9.06918e-05,-1.21511e-05,8.99477e-05,0.00025784,0.000587871,0.0007288,0.000317637,0.000363584,0.000363101,0.000355482,0.000330498,0.000377151,0.000379879,0.000359563,-0.000320902,0.000185764,0,-0.000335012,0.000252045,0,0.487923,-0.000759939,-0.000295657,0.000259833,0.000785086,1787479500,0.000324641,1.07867e-05,0.000276777,1,0.000357681,2.25386e-05,0.000310545,1,0.000332724,1.21149e-05,0.000277435,0,0.00035278,2.64902e-05,0.000339203,1
1787479560,-4.55331e-05,-2.89754e-05,0.000376603,-0.000310494,0.000550788,0.490736,5.0965e-05,5.05244e-05,0.0415836,-0.000812889,-0.000596735,-0.000304347,-9.98616e-05,-9.79296e-06,9.69232e-05,0.000290018,0.000666384,0.00085176,6.20552e-05,4.87376e-05,5.52393e-05,4.82809e-05,6.22728e-05,9.45933e-05,4.6612e-05,5.31244e-05,-0.000359163,0.000233644,0,-0.000386391,0.000343774,3.1448e-05,0.486014,-0.000838274,-0.000340936,0.000302846,0.000900925,1787479500,0.000340819,2.89672e-05,0.000315133,1,0.000309793,5.39827e-06,0.000294503,1,0.000350619,3.31696e-05,0.000311091,1,0.000315561,1.51941e-05,0.000295054,1
1787479620,-0.000409891,2.06971e-05,0.000322826,-0.000563126,0.00054529,0.488559,0.000117028,0.000116792,0.0348178,-0.000832511,-0.000609818,-0.000304239,-9.7628e-05,-1.23442e-05,9.77266e-05,0.000284262,0.000655067,0.000821165,0.000117935,0.000118263,0.000118661,0.000117294,0.000124221,0.000130201,0.000111277,0.000120943,-0.000356509,0.000219339,0,-0.000383435,0.000325781,7.17979e-06,0.490885,-0.000849264,-0.000336911,0.000298049,0.000899206,1787479500,0.000391995,1.99909e-05,0.000353903,1,0.000345086,1.25909e-05,0.00034421,1,0.000330197,0,0.000294213,1,0.000356366,4.26708e-06,0.000336438,1
1787479680,-0.000356204,1.24234e-05,0.000190475,-0.000356204,0.000542913,0.494055,0.000105443,0.000104351,0.0326231,-0.000854003,-0.000616572,-0.000304869,-9.64502e-05,-7.24547e-06,0.000108028,0.00031408,0.000688208,0.000877765,0.000104627,0.000103261,0.000103512,0.000102552,0.000107655,0.000118115,0.00010601,0.000108761,-0.000372497,0.000307238,0,-0.000374482,0.000394508,0,0.497756,-0.000839515,-0.000319237,0.000310486,0.000904934,1787479500,0.000381606,7.36668e-05,0.000362982,1,0.000372206,5.07286e-05,0.000325846,1,0.00035451,2.28112e-05,0.000353549,1,0.000333554,2.4759e-06,0.000289744,1
1787479740,2.89981e-05,-4.14265e-06,2.89981e-05,-9.52852e-05,0.000539812,0.489508,4.73621e-05,4.79139e-05,0.0311649,-0.000793143,-0.000563119,-0.000288047,-9.21008e-05,-1.0249e-05,8.90478e-05,0.000281366,0.00061782,0.000780759,6.17794e-05,4.65496e-05,5.04445e-05,4.85619e-05,5.74764e-05,6.91926e-05,4.70949e-05,4.2407e-05,-0.000342706,0.000232539,0,-0.000331972,0.000287627,0,0.495849,-0.000760986,-0.000285364,0.000272852,0.000792962,1787479500,0.000354943,5.35245e-05,0.000342672,1,-0.000375031,0.000414382,1.34932e-05,1,0.000379454,3.40528e-05,0.000333978,1,0.000364773,2.30653e-05,0.000343049,1
1787479800,7.04203e-05,0,0.000314782,0,0.000534403,0.494195,4.32016e-05,4.33203e-05,0.0285629,-0.000691984,-0.000499503,-0.000238339,-6.44433e-05,-5.82581e-06,7.85098e-05,0.000243051,0.00054906,0.000695514,6.38222e-05,4.81339e-05,5.05802e-05,4.36307e-05,5.9168e-05,5.40306e-05,4.15696e-05,3.91082e-05,-0.000289475,0.000134774,0,-0.000253881,0.000150576,0,0.494282,-0.000584319,-0.000202295,0.000198718,0.000598616,1787479800,0.000336609,6.68445e-06,0.000306503,1,0.000377339,2.30542e-05,0.000356953,1,0.000390367,2.78259e-05,0.000403739,1,0.000377895,3.51688e-05,0.000352853,1
1787479860,-0.000281711,-3.72807e-05,-3.72807e-05,-0.000393589,0.000529125,0.488803,8.16037e-05,8.02103e-05,0.027062,-0.000721357,-0.000523616,-0.00026472,-7.96122e-05,-9.1447e-06,7.35547e-05,0.000241887,0.000547849,0.000707739,9.20973e-05,8.23512e-05,8.22978e-05,8.11132e-05,9.12902e-05,8.16123e-05,7.63519e-05,8.66545e-05,-0.000307336,0.000191889,0,-0.000271026,0.000215717,0,0.493235,-0.000638395,-0.000235127,0.000214406,0.000652636,1787479800,0.000300343,0,0.000238008,1,0.000337491,1.35693e-05,0.000311322,1,-0.00035743,0.000401459,0,1,0.000402277,6.11178e-05,0.000377475,1
1787479920,-6.62965e-05,2.90033e-05,0.000376978,-6.62965e-05,0.00052532,0.494045,4.43138e-05,4.30939e-05,0.0273234,-0.000699328,-0.000505804,-0.000252549,-7.22645e-05,-5.15725e-06,7.4947e-05,0.000240152,0.000549517,0.000694339,6.29287e-05,4.68159e-05,4.73928e-05,4.3487e-05,5.99512e-05,4.08891e-05,4.30999e-05,4.46523e-05,-0.000297581,0.000161368,0,-0.000265861,0.000214821,0,0.492861,-0.000622186,-0.000225873,0.000214193,0.00064237,1787479800,0.000275112,2.91984e-05,0.000250213,1,0.000299549,0,0.000242712,1,0.000341821,1.57428e-05,0.000299674,1,0.000370331,8.62723e-06,0.000342175,1
1787479980,-0.000406162,0,0.000149161,-0.000406162,0.000520125,0.481827,0.00011552,0.00011329,0.0271406,-0.000679804,-0.00049538,-0.000256502,-7.63655e-05,-1.33322e-05,6.2113e-05,0.000222501,0.000517742,0.000665784,0.00011753,0.000116723,0.000116465,0.000115487,0.000118954,0.000114655,0.000110988,0.000119245,-0.000292342,0.000151158,0,-0.000278116,0.000219362,0,0.492292,-0.000647383,-0.000243034,0.000221099,0.000666536,1787479800,0.000268569,1.2308e-05,0.000243267,1,0.000264531,3.92142e-05,0.000271234,1,0.000309973,0,0.000252971,1,0.000339622,2.42905e-05,0.000292344,1
1787480040,0.000750027,6.21784e-05,0.00075417,-0.000240459,0.000518091,0.486756,0.000236767,0.000243859,0.0293671,-0.000704841,-0.000509748,-0.000266232,-8.26976e-05,-9.98733e-06,6.74062e-05,0.000242046,0.000544911,0.000693514,0.000210854,0.000235369,0.000236732,0.000247199,0.000216967,0.000264424,0.000236082,0.000239555,-0.000308527,0.000196035,0,-0.000280672,0.000264111,0,0.495353,-0.000659892,-0.00024099,0.000234134,0.000684057,1787479800,0.000279957,3.33248e-05,0.00027188,1,0.000289654,1.60431e-05,0.000239408,1,0.000283708,3.80359e-05,0.00026663,1,0.000298043,1.86926e-05,0.000236647,1
1787480100,0.000244363,-2.48538e-05,0.000550767,-2.48538e-05,0.000523738,0.493636,8.03626e-05,8.10609e-05,0.0304743,-0.000861366,-0.000642549,-0.000333741,-9.39923e-05,-7.23068e-06,0.000101971,0.000321976,0.000683824,0.000866804,8.62698e-05,7.34013e-05,7.53365e-05,8.12611e-05,7.86088e-05,7.88316e-05,8.32534e-05,7.96569e-05,-0.000394863,0.000331614,0,-0.000392604,0.00041945,6.36358e-05,0.497098,-0.000844513,-0.000333292,0.000324654,0.000920721,1787480100,0.000278173,2.25039e-05,0.000267876,0,0.000276274,4.35527e-05,0.000294672,1,0.000297833,2.20449e-05,0.000247128,1,0.000308248,1.9966e-05,0.000270662,1
1787480160,0.000107666,8.28243e-06,0.000107666,-0.000281643,0.000519624,0.486481,5.32833e-05,5.3445e-05,0.028323,-0.000751879,-0.000553824,-0.000287713,-8.82366e-05,-1.1959e-05,7.85776e-05,0.000258132,0.000583272,0.000752257,6.56466e-05,5.02357e-05,5.15416e-05,5.23465e-05,5.99283e-05,4.92268e-05,5.49818e-05,5.27126e-05,-0.000331758,0.000233463,0,-0.00032913,0.000312149,0,0.493145,-0.000746178,-0.00029045,0.000264969,0.000790917,1787480100,0.000431158,0,0.000399234,1,0.000288939,2.31061e-05,0.000270126,0,0.000292644,5.27643e-05,0.000291026,1,0.000290427,1.81786e-05,0.000261925,1
1787480220,-8.28192e-05,4.55476e-05,4.55476e-05,-0.000248478,0.000514627,0.497617,4.73706e-05,4.67187e-05,0.0268986,-0.000692992,-0.000505196,-0.000249596,-6.80755e-05,-3.38591e-06,8.59099e-05,0.000253278,0.000572374,0.000725781,6.36929e-05,4.67881e-05,4.79384e-05,4.80092e-05,6.03547e-05,4.13067e-05,4.65057e-05,4.77409e-05,-0.000302185,0.000199575,0,-0.000300151,0.000249643,0,0.495331,-0.000674325,-0.000254153,0.000248224,0.000744235,1787480100,0.000326462,4.8713e-05,0.000280901,1,0.000388605,7.07699e-05,0.000324062,1,0.000299141,2.51039e-05,0.000262365,1,0.000319562,2.80586e-05,0.000293399,1
1787480280,-5.38361e-05,3.31285e-05,0.000178053,-6.62603e-05,0.000509589,0.493779,4.29074e-05,4.16277e-05,0.0256986,-0.000682734,-0.000492427,-0.000240086,-6.58961e-05,-5.69378e-06,7.54492e-05,0.000241231,0.000554604,0.00069743,6.20827e-05,4.45087e-05,4.45774e-05,4.33399e-05,5.8073e-05,3.80677e-05,4.2421e-05,4.17727e-05,-0.000288932,0.000185562,0,-0.000275195,0.000233464,0,0.495073,-0.000632959,-0.000232998,0.000227691,0.000685683,1787480100,0.000316515,3.04128e-05,0.00027865,1,0.000312381,4.85371e-05,0.000288735,1,0.000348024,9.45824e-05,0.000319967,1,0.000299863,2.38128e-05,0.000266941,1
1787480340,8.69646e-05,0,0.000269152,-0.000207089,0.000504525,0.483114,4.52354e-05,4.53027e-05,0.0249266,-0.000675233,-0.000487479,-0.000243778,-6.90978e-05,-1.29464e-05,6.57403e-05,0.000218339,0.000516439,0.000658528,6.42875e-05,4.57095e-05,4.47825e-05,4.3787e-05,5.70866e-05,4.00785e-05,4.6882e-05,4.3455e-05,-0.000281255,0.000187174,0,-0.000260803,0.000211782,0,0.49239,-0.000606557,-0.000225603,0.000207934,0.000638847,1787480100,0.000290381,6.84745e-06,0.000254412,1,0.000337672,1.21192e-05,0.000277633,1,0.000326892,3.15874e-05,0.000291292,1,0.000357278,6.27279e-05,0.000308046,1
1787480400,0.000393317,4.96907e-05,0.000596125,-7.45406e-05,0.000499606,0.493514,0.000113426,0.000113814,0.0243379,-0.000672584,-0.000479751,-0.000242389,-6.48989e-05,-5.83975e-06,7.47011e-05,0.000229813,0.000532977,0.000676755,0.000111492,0.000112531,0.000111917,0.000112159,0.000105903,0.00011083,0.000115138,0.000114401,-0.000285294,0.000194738,0,-0.000258652,0.000224891,0,0.495464,-0.000593007,-0.000219605,0.000213897,0.000641758,1787480400,0.000277539,8.77604e-07,0.00023939,1,0.000310968,1.62766e-06,0.000249441,1,0.000324857,2.54118e-05,0.000295741,1,0.00033787,2.69348e-05,0.000298444,1
1787480460,0.00118729,4.13928e-05,0.00156759,-1.24182e-05,0.000497703,0.494658,0.000451427,0.000455812,0.024736,-0.000713491,-0.000512713,-0.000259176,-7.16936e-05,-5.29063e-06,8.20895e-05,0.000247821,0.000564284,0.000716418,0.000400476,0.00046053,0.000465535,0.000452259,0.000422463,0.000486044,0.000452893,0.000447704,-0.000305942,0.000232914,0,-0.000287756,0.00026348,0,0.496125,-0.000641351,-0.000249942,0.000235863,0.000698977,1787480400,0.000260997,4.81262e-05,0.000273505,0,0.000276958,5.47761e-06,0.000258776,0,0.000307065,8.15225e-08,0.000260161,0,0.000327004,1.87108e-05,0.000299355,1
1787480520,-0.000661731,-1.24034e-05,0.00067782,-0.00143569,0.000520526,0.48517,0.000184842,0.000184848,0.052937,-0.0009194,-0.00070637,-0.000373432,-0.00012043,-1.94802e-05,0.00011396,0.000341072,0.000749347,0.000979636,0.000188687,0.000201996,0.000191592,0.000187808,0.000199429,0.000189682,0.00018396,0.000179368,-0.000433262,0.000383495,0,-0.000432402,0.000488319,6.28477e-05,0.49304,-0.000880429,-0.000371062,0.000338235,0.000990057,1787480400,0.000281463,4.71183e-05,0.000278993,1,-0.00026787,0.000305318,1.21015e-05,1,0.00028924,0,0.0002563,1,0.000299141,8.37292e-06,0.000258089,1
1787480580,-0.000343446,0,0.000198565,-0.000571095,0.000523723,0.498892,0.000107049,0.000106665,0.052981,-0.00101839,-0.000757268,-0.000385691,-0.000122321,-2.36373e-06,0.000141214,0.000393644,0.000859345,0.00110978,0.000102191,9.95068e-05,0.000100134,0.000118056,0.000105835,0.000129519,0.000108114,0.000103714,-0.000468512,0.000450226,0,0.000493209,9.42003e-05,0.000486281,0.506644,-0.000982803,-0.000392394,0.000384594,0.00108008,1787480400,0.000411838,5.79176e-05,0.000388833,1,0.000281745,4.32019e-05,0.000278518,1,0.000275782,4.01593e-05,0.000284682,1,0.000295393,0,0.000245102,1
1787480640,-9.10536e-05,2.89699e-05,0.000153117,-0.000426368,0.00052073,0.499486,5.83053e-05,5.70439e-05,0.0444383,-0.000864692,-0.000629144,-0.000314754,-9.3827e-05,-1.76187e-06,0.00011525,0.00032821,0.000725294,0.000913984,6.37831e-05,4.8985e-05,5.73978e-05,6.85414e-05,6.24717e-05,9.85478e-05,5.83685e-05,5.36704e-05,-0.000387331,0.000354288,0,0.000382011,0,0.00032241,0.504228,-0.000818781,-0.000314002,0.000320582,0.000901719,1787480400,0.000429366,0.000149571,0.000418687,1,0.000392668,0.000102221,0.000343376,1,0.000291601,3.53887e-05,0.000284296,1,0.000293006,4.53432e-05,0.000277637,1
1787480700,-0.000165573,-9.93406e-05,0.000732333,-0.00023181,0.000515657,0.50089,6.934e-05,6.82514e-05,0.036422,-0.000835583,-0.000601588,-0.00029897,-7.98572e-05,-9.55684e-07,0.000110404,0.000322849,0.000688027,0.000878764,7.23856e-05,6.09071e-05,6.63133e-05,7.34667e-05,7.23774e-05,9.29478e-05,7.15351e-05,6.54434e-05,0.000375599,0,0.000290275,0.000371333,0,0.000294209,0.508899,-0.000802549,-0.000302474,0.000317745,0.000881879,1787480700,0.000373168,2.61579e-05,0.000342423,1,0.000446284,5.47971e-05,0.000439895,1,0.00038818,6.2187e-05,0.000359787,1,0.000302515,3.53446e-05,0.000288315,1
1787480760,-7.03769e-05,8.27931e-06,0.000463536,-0.000115918,0.000511011,0.492081,5.72101e-05,5.53818e-05,0.0321261,-0.000877892,-0.00063302,-0.000327012,-9.81854e-05,-9.07977e-06,0.000105585,0.000319964,0.000713323,0.000920138,6.23083e-05,4.65461e-05,5.19573e-05,7.35901e-05,5.99399e-05,7.3473e-05,5.56384e-05,4.95555e-05,-0.000389304,0.000358434,0,0.000415477,0,0.000352839,0.506379,-0.000868622,-0.000341365,0.000333845,0.000931123,1787480700,0.000375827,1.85203e-05,0.00035247,1,0.000390191,9.05611e-06,0.000350041,1,0.00042216,6.69454e-05,0.000443451,1,0.000399801,2.73955e-05,0.000387392,1
1787480820,2.06996e-05,-2.48401e-05,0.00019042,-9.52237e-05,0.000505973,0.487985,4.88359e-05,4.85885e-05,0.0292388,-0.000805304,-0.000583725,-0.000296731,-8.51379e-05,-1.21828e-05,9.12357e-05,0.000293262,0.000634414,0.000814577,6.01225e-05,4.31945e-05,4.72112e-05,6.22631e-05,5.43042e-05,5.32486e-05,4.6498e-05,4.02115e-05,-0.000354484,0.000311556,0,0.000327143,0,0.000276767,0.502084,-0.000730887,-0.000279553,0.00027171,0.000772856,1787480700,0.00038773,6.68231e-05,0.000366196,1,0.00036815,2.07601e-05,0.000332545,1,0.000356635,3.48993e-05,0.000341293,1,0.000423778,8.16975e-05,0.000422859,1
1787480880,-0.000960913,-4.13989e-06,-4.13989e-06,-0.000969201,0.000500896,0.485988,0.000345933,0.000351076,0.0272324,-0.000692675,-0.00050015,-0.000251743,-6.59205e-05,-1.19073e-05,7.50765e-05,0.000234287,0.000544082,0.000700986,0.000301921,0.000350849,0.000342824,0.000334482,0.000328147,0.000348223,0.000351914,0.000354874,-0.000294238,0.000227336,0,-0.000250766,0.000197507,0,0.498399,-0.000569904,-0.00020966,0.000203561,0.000597398,1787480700,0.000301562,5.43135e-05,0.000288185,1,0.000359904,6.50818e-05,0.000383145,1,0.000349697,1.16149e-05,0.000329045,1,0.000362621,1.052e-05,0.00033032,1
1787480940,0.000124308,0.000145025,0.000244458,-0.000165768,0.000514146,0.495713,5.59109e-05,5.64936e-05,0.0451387,-0.000796355,-0.000575724,-0.000290852,-7.83035e-05,-5.15805e-06,9.51869e-05,0.000290206,0.00062815,0.000794461,6.59153e-05,5.35962e-05,5.90517e-05,5.85215e-05,6.20312e-05,9.47628e-05,5.30547e-05,5.35412e-05,-0.000348723,0.000324542,0,0.000355619,2.75257e-05,0.000272102,0.507513,-0.000788506,-0.000293312,0.000305939,0.000826893,1787480700,0.000247738,2.84624e-05,0.000239389,0,0.000292046,7.20615e-05,0.000297229,1,0.000354474,6.24274e-05,0.000371439,1,0.000350442,4.77339e-05,0.000302401,1
1787481000,-0.000165747,-4.14335e-06,0.000318987,-0.00022791,0.000509282,0.495957,6.55659e-05,6.39249e-05,0.0367127,-0.000795271,-0.000577323,-0.000286757,-7.82267e-05,-4.95016e-06,9.5617e-05,0.000279233,0.000604027,0.000769421,7.16914e-05,6.05486e-05,6.56777e-05,6.7853e-05,7.00946e-05,8.52959e-05,6.69035e-05,6.1997e-05,-0.000340578,0.000253034,0,0.000349694,0,0.000309989,0.502946,-0.000763994,-0.000290931,0.000291617,0.000794975,1787481000,0.00031569,3.9052e-05,0.000297206,1,0.000246025,3.28777e-05,0.00025488,0,0.000290896,7.77213e-05,0.000294032,1,0.000381095,6.09924e-05,0.000350707,1
1787481060,0.000418459,-2.48645e-05,0.000455739,-0.000290124,0.000504708,0.487927,0.000120611,0.000122255,0.0335093,-0.000742183,-0.000521655,-0.00026955,-7.89688e-05,-1.02292e-05,7.65197e-05,0.000246641,0.000556011,0.000721394,0.00012008,0.000119713,0.000119534,0.000119648,0.000115614,0.000125911,0.000120143,0.000122733,-0.000312981,0.000234744,0,0.000336492,0,0.00026103,0.502541,-0.000745535,-0.000286702,0.000275375,0.000763086,1787481000,0.000381438,0,0.000358576,1,0.000334748,1.4909e-05,0.000297364,1,0.000256732,3.50028e-05,0.000257639,1,0.000319395,3.59535e-05,0.000304012,1
1787481120,0.000310624,-4.1423e-06,0.000674966,-0.000227852,0.000503128,0.494582,8.82763e-05,8.91204e-05,0.030049,-0.000745229,-0.000537481,-0.000268621,-7.30357e-05,-6.02021e-06,9.07328e-05,0.000278064,0.00059751,0.00076742,9.6847e-05,8.97288e-05,8.95399e-05,8.98571e-05,8.9302e-05,9.50942e-05,8.58169e-05,8.83939e-05,-0.000329024,0.000291055,0,0.000353784,0,0.000317513,0.50572,-0.000758128,-0.000293904,0.000299768,0.000825099,1787481000,0.000314853,2.89117e-05,0.000294552,1,0.000345063,3.44237e-05,0.000315842,1,0.000322587,2.83427e-05,0.000283779,1,0.000274207,2.35312e-05,0.000260498,1
1787481180,0.000707862,4.141e-06,0.000757518,4.141e-06,0.000500005,0.488423,0.000213604,0.000213265,0.0275069,-0.000767616,-0.000548252,-0.000289271,-8.81571e-05,-1.15199e-05,8.99876e-05,0.000271893,0.000605063,0.000755885,0.000200245,0.000218348,0.00021401,0.000200671,0.000198277,0.000217222,0.000220595,0.000220545,-0.000339275,0.000271761,0,-0.000378433,0.000326059,0,0.499846,-0.000793064,-0.000321205,0.000299817,0.000842457,1787481000,0.000331801,2.11025e-05,0.000309209,1,0.000298156,3.92818e-05,0.000302599,0,0.000309486,7.53695e-05,0.000323688,1,0.00030513,3.46079e-05,0.000288167,1
1787481240,0.00023998,0,0.000372358,-0.000148982,0.000505001,0.484531,7.53392e-05,7.4649e-05,0.0309607,-0.000740823,-0.000536677,-0.000282342,-8.11982e-05,-1.51682e-05,8.49059e-05,0.00026367,0.000586716,0.000737357,8.47401e-05,7.21688e-05,7.65812e-05,7.70305e-05,7.61144e-05,9.31015e-05,7.63964e-05,7.40101e-05,-0.000330213,0.000264996,0,-0.000335883,0.000289359,1.49617e-06,0.493572,-0.00071161,-0.000293976,0.000267504,0.000769777,1787481000,0.000346703,5.42216e-05,0.000329496,1,0.000332291,2.80265e-05,0.000287268,1,0.000310576,2.78777e-05,0.000302725,0,0.000321137,6.92387e-05,0.000287143,1
1787481300,-0.000554523,0,4.96438e-05,-0.000595918,0.000501076,0.488345,0.000156127,0.000158487,0.0287481,-0.000739545,-0.000536289,-0.000274783,-8.12289e-05,-1.13234e-05,8.78388e-05,0.000255051,0.000569,0.000718505,0.000158344,0.000161966,0.000158281,0.000157383,0.000163414,0.000162819,0.000160244,0.000155807,-0.000320709,0.000234913,0,-0.000323935,0.000256281,0,0.495681,-0.00069566,-0.000282333,0.000256034,0.000745569,1787481300,0.000329297,1.67142e-05,0.000301322,1,0.000333458,5.75006e-05,0.000327574,1,0.000314278,2.80604e-05,0.000291854,1,0.000317226,4.31008e-05,0.000298524,1
1787481360,0.000463503,6.62279e-05,0.00101363,-3.72551e-05,0.000502201,0.489541,0.000134466,0.000134064,0.0296779,-0.000744801,-0.000532622,-0.000277195,-7.99975e-05,-9.77998e-06,8.52988e-05,0.000255473,0.000577702,0.000722828,0.000132275,0.000132261,0.000132169,0.000132128,0.000125127,0.000139035,0.000135153,0.000137999,-0.000322738,0.000255797,0,-0.000331092,0.000285273,0,0.499699,-0.000718577,-0.000283376,0.000268393,0.000755656,1787481300,0.000316032,3.30992e-05,0.000294562,1,0.000320409,1.65948e-05,0.000298993,1,0.000336805,5.13856e-05,0.000343246,1,0.000318637,6.89938e-06,0.000307649,1
1787481420,-9.10283e-05,1.24123e-05,5.37856e-05,-0.000455225,0.000501456,0.493971,5.49441e-05,5.37699e-05,0.029413,-0.000830935,-0.000606841,-0.000316863,-9.06146e-05,-7.06e-06,0.000104032,0.000300207,0.00065823,0.000827023,6.30795e-05,4.77586e-05,5.35775e-05,6.63512e-05,6.06647e-05,6.56366e-05,5.23823e-05,5.13705e-05,-0.000372496,0.000338042,0,0.000389356,0,0.000388664,0.50273,-0.000815353,-0.000326011,0.000317549,0.000883836,1787481300,0.000309482,1.47371e-05,0.000295523,1,0.000314033,1.25078e-05,0.000311601,1,0.000329112,4.08477e-06,0.000311147,1,0.000344891,4.60834e-05,0.000353977,1
1787481480,0.000376473,-3.31033e-05,0.000455059,-0.000211052,0.000496583,0.492087,0.000108809,0.000108086,0.0267592,-0.000755496,-0.000536541,-0.000267832,-7.92876e-05,-8.11583e-06,9.18681e-05,0.000268865,0.00057993,0.000724253,0.000108011,0.00010802,0.000107783,0.000108048,0.000100167,0.00011024,0.000107411,0.000112143,-0.000322145,0.000255385,0,0.000333984,0,0.000294678,0.504867,-0.00072874,-0.000279839,0.000278946,0.000780531,1787481300,0.000359951,3.10176e-05,0.000378547,1,0.000330279,0,0.000317065,1,0.00032476,3.05041e-06,0.00032978,1,-0.00031883,0.000328775,6.54801e-06,1
1787481540,-0.000852437,-4.55001e-05,-4.55001e-05,-0.000910396,0.000494467,0.489681,0.000283541,0.00028965,0.0267166,-0.00073005,-0.00053236,-0.000271687,-7.70391e-05,-1.03642e-05,9.20527e-05,0.000271513,0.000579611,0.000721281,0.00025803,0.000295835,0.000282512,0.000263504,0.000277419,0.000285771,0.000290765,0.000295109,-0.000325944,0.000267442,0,0.000326011,0,0.000319785,0.502377,-0.000700089,-0.00027628,0.000270747,0.000760807,1787481300,0.000317111,2.97088e-05,0.000323065,1,-0.000343311,0.000378458,2.94893e-05,1,0.00032995,0,0.000318868,1,-0.000317955,0.000340799,8.84133e-06,1
1787481600,0.000256635,8.69322e-05,0.000277329,-0.000285688,0.000504124,0.493018,7.80796e-05,7.75194e-05,0.0359046,-0.000781733,-0.000560911,-0.000286571,-8.34996e-05,-7.71763e-06,9.81909e-05,0.000281161,0.000600919,0.000743508,8.76455e-05,7.546e-05,8.10503e-05,8.14847e-05,8.01761e-05,0.000104144,7.56826e-05,7.79144e-05,-0.000341364,0.000269477,0,0.00035854,0,0.000289305,0.505196,-0.000779768,-0.000300507,0.000295061,0.000798314,1787481600,0.000304653,2.78398e-05,0.000302882,1,0.000322948,9.78453e-06,0.000315392,1,-0.000330914,0.000357338,3.52337e-05,1,0.00030558,7.23388e-06,0.00031144,1
1787481660,8.27715e-05,-0.000140727,0.000264845,-0.000190401,0.000500375,0.498703,4.88853e-05,4.87074e-05,0.0308252,-0.000758738,-0.000536959,-0.00026673,-7.44156e-05,-2.99372e-06,0.000102222,0.000280948,0.000591659,0.000742216,6.3131e-05,4.71762e-05,5.40706e-05,5.77473e-05,5.77592e-05,7.12129e-05,4.4669e-05,4.26258e-05,-0.000330345,0.000251681,0,0.000338283,0,0.000293605,0.504783,-0.000728911,-0.000277625,0.000287625,0.000786101,1787481600,0.000313724,3.29404e-05,0.000303909,1,0.000306024,2.30531e-05,0.000296977,1,0.000318829,0,0.000327772,1,0.000349012,1.43708e-05,0.000349186,1
1787481720,3.72449e-05,0,6.62123e-05,-0.000277312,0.000495484,0.494501,4.32017e-05,4.26292e-05,0.0273428,-0.000722422,-0.000518786,-0.000258972,-7.24686e-05,-5.61357e-06,8.48214e-05,0.000239391,0.000531519,0.0006715,6.05662e-05,4.39734e-05,4.9372e-05,4.96532e-05,5.46479e-05,5.18012e-05,3.86967e-05,3.65693e-05,-0.00030161,0.000202864,0,0.000313956,0,0.000268654,0.501028,-0.000695752,-0.000268335,0.000255569,0.000709224,1787481600,0.000333563,1.25558e-06,0.000342805,1,0.000329292,1.18728e-06,0.000316041,1,0.000297258,2.50698e-05,0.000302015,1,0.000310471,3.77331e-05,0.000309753,1
1787481780,2.89673e-05,-4.13826e-06,8.27616e-05,-0.000310417,0.000490533,0.50249,4.1398e-05,4.04388e-05,0.0252138,-0.000706242,-0.000499587,-0.000236117,-6.19976e-05,1.56733e-07,8.64157e-05,0.00024086,0.000525741,0.000661784,5.9887e-05,4.28842e-05,4.68892e-05,4.71498e-05,5.37204e-05,4.11703e-05,3.73059e-05,3.52294e-05,0.000286929,0,0.000269292,0.000299732,0,0.000265359,0.502776,-0.000667115,-0.000249807,0.000252044,0.000709519,1787481600,0.00030126,1.6214e-05,0.0002838,1,0.000335135,6.35958e-06,0.000323023,1,0.000327687,9.72342e-06,0.000310093,1,-0.000299922,0.000312379,1.12701e-05,1
1787481840,-2.48291e-05,-4.13814e-06,0.000157237,-0.000194511,0.00048562,0.506587,4.03159e-05,3.89778e-05,0.0240352,-0.000681193,-0.000478353,-0.000228701,-5.78769e-05,3.19063e-06,8.13515e-05,0.000234072,0.000513669,0.000642875,5.90192e-05,4.1981e-05,4.46985e-05,4.71669e-05,5.53417e-05,3.73387e-05,3.54897e-05,3.42921e-05,0.00027844,0,0.000261679,0.000300287,0,0.000263768,0.501219,-0.000666004,-0.000251623,0.000249981,0.000704959,1787481600,0.000290081,1.57449e-05,0.000288315,1,0.000279532,1.81619e-05,0.000293523,1,0.000312034,1.96367e-05,0.000329155,1,0.000325334,1.2717e-05,0.000312874,1
1787481900,-2.89681e-05,-5.37985e-05,7.44854e-05,-0.000148988,0.000480752,0.499364,4.21277e-05,4.04183e-05,0.0235268,-0.000715627,-0.000515053,-0.000251524,-6.66895e-05,-1.33713e-06,7.74235e-05,0.0002344,0.00051356,0.00064361,5.89405e-05,4.15886e-05,4.30953e-05,5.00105e-05,5.51058e-05,3.64156e-05,4.00664e-05,3.48805e-05,-0.000293643,0.000199536,2.42588e-05,-0.000263601,0.000205761,3.74933e-05,0.495887,-0.00060022,-0.000230063,0.000212999,0.000610984,1787481900,0.000290783,2.62619e-05,0.000295759,1,0.00030252,7.56067e-06,0.000282575,1,0.000293798,6.79444e-06,0.000292159,1,0.000343203,0,0.00032147,1
1787481960,5.79353e-05,0.000103453,0.000310328,-4.13844e-05,0.000475938,0.491512,3.79329e-05,3.63888e-05,0.023343,-0.000622524,-0.00044414,-0.000211114,-4.93036e-05,-6.31986e-06,5.99862e-05,0.000197064,0.000455243,0.000570927,6.13508e-05,4.25731e-05,4.30361e-05,4.30759e-05,5.40418e-05,3.76378e-05,3.56858e-05,3.41371e-05,-0.000246841,0.000148779,0,-0.000188733,0.000144762,0,0.494304,-0.000417656,-0.000144137,0.000139311,0.000426013,1787481900,0.000281537,9.13899e-06,0.000322276,1,0.000297158,2.68676e-05,0.000287652,1,0.000288763,1.49624e-05,0.000297932,1,0.000316538,1.03357e-05,0.00028921,1
1787482020,-0.000240039,-4.96586e-05,8.68966e-05,-0.000347662,0.000471226,0.491365,6.84279e-05,6.9428e-05,0.0232828,-0.000626967,-0.000445976,-0.000213933,-5.32272e-05,-5.71509e-06,5.60304e-05,0.000193412,0.000450145,0.000565421,8.34638e-05,7.00363e-05,6.99079e-05,7.14789e-05,8.13043e-05,6.82377e-05,6.25024e-05,7.21319e-05,-0.000247239,0.000141475,0,-0.000200157,0.000153304,9.0806e-06,0.491853,-0.000447522,-0.000165517,0.000148718,0.000454754,1787481900,-0.000184868,0.000210257,4.55079e-05,1,-0.000262537,0.00028839,5.32092e-05,1,0.000287203,3.75859e-05,0.000303832,1,-0.000316255,0.000304009,0,1
1787482080,0.000103472,4.13902e-05,0.000240039,-1.24174e-05,0.000467723,0.491831,4.62441e-05,4.51995e-05,0.0241148,-0.000646122,-0.000454963,-0.00022519,-5.72317e-05,-5.72217e-06,6.01115e-05,0.000205012,0.000471277,0.000588392,6.37016e-05,4.64458e-05,4.54615e-05,4.96467e-05,5.59336e-05,4.27546e-05,4.47337e-05,4.3235e-05,-0.000260862,0.00016793,0,-0.00023266,0.000193259,0,0.495889,-0.000535841,-0.000197498,0.000188255,0.000544051,1787481900,-0.000190232,0.000227135,6.33097e-05,1,-0.000196418,0.000209983,5.60089e-05,1,0.000255796,5.58323e-05,0.000318305,1,-0.000317786,0.000328716,0,1
1787482140,-4.96654e-05,0,0,-0.000124168,0.000463253,0.492648,3.64189e-05,3.43445e-05,0.0238834,-0.000615349,-0.00043345,-0.000207935,-4.97897e-05,-5.22276e-06,5.69624e-05,0.0001856,0.000438916,0.000555822,6.00796e-05,4.0397e-05,3.88641e-05,4.17339e-05,5.44694e-05,3.70806e-05,3.13998e-05,3.34739e-05,-0.00023922,0.000149083,2.01072e-06,-0.000211566,0.000165116,0,0.494227,-0.000491265,-0.000175111,0.000166564,0.000492764,1787481900,-0.000220453,0.000246341,3.81574e-05,1,-0.000199764,0.000229711,7.59441e-05,1,-0.000210893,0.000232156,4.3094e-05,1,0.000269005,5.3886e-05,0.000281508,1
1787482200,0.000260716,3.72493e-05,0.000273129,-7.45027e-05,0.000458651,0.489729,7.72905e-05,7.69083e-05,0.0243083,-0.000577269,-0.000410172,-0.000185102,-3.89673e-05,-6.66585e-06,5.07661e-05,0.000177012,0.000424661,0.000521251,8.85729e-05,7.56097e-05,7.64282e-05,7.50075e-05,7.76096e-05,8.00503e-05,8.05141e-05,7.74865e-05,-0.00021852,9.16104e-05,3.70604e-07,-0.000178512,0.000127947,0,0.492756,-0.000407196,-0.000135092,0.000130046,0.000398718,1787482200,-0.000209314,0.000218834,2.07727e-05,1,-0.000233393,0.000247019,3.94619e-05,1,-0.000219436,0.000257116,5.97575e-05,1,-0.000228137,0.000241956,2.51719e-05,1
1787482260,-0.000140695,4.1378e-06,0.000405423,-0.000173803,0.000455536,0.488929,4.87464e-05,4.87869e-05,0.0244278,-0.000583304,-0.00042485,-0.000201382,-4.80755e-05,-7.03538e-06,5.3891e-05,0.000184802,0.000437281,0.000538431,6.67247e-05,5.16264e-05,5.73719e-05,5.24504e-05,6.35293e-05,6.0149e-05,4.14734e-05,4.62611e-05,-0.000234142,0.000123417,0,-0.000225273,0.000172979,0,0.49355,-0.000513335,-0.000189449,0.000180659,0.00052778,1787482200,-0.000183636,0.000172803,9.84178e-06,1,-0.000212095,0.000219668,3.57792e-05,1,-0.00024419,0.000265347,2.76823e-05,1,-0.000240075,0.000266721,4.10735e-05,1
1787482320,-0.000128298,4.1383e-05,7.86263e-05,-0.00021108,0.000451397,0.484953,4.84825e-05,4.80612e-05,0.0237504,-0.000652439,-0.000457815,-0.000229905,-6.40195e-05,-9.74629e-06,5.68305e-05,0.000195247,0.000471905,0.00057548,6.46413e-05,4.91206e-05,5.47897e-05,5.46692e-05,6.08601e-05,5.8026e-05,4.2429e-05,4.47797e-05,-0.000260296,0.00017439,1.89749e-05,-0.000261629,0.000231173,3.5533e-06,0.494622,-0.000606349,-0.000230653,0.00021093,0.000615565,1787482200,0.000230002,5.36174e-06,0.000236585,1,0.000201425,0,0.000196044,1,-0.000222578,0.000233714,2.30745e-05,1,-0.000250778,0.000269191,2.4462e-05,1
1787482380,-0.000273206,0,8.2778e-06,-0.000376713,0.000447228,0.484709,7.80864e-05,7.85783e-05,0.0230221,-0.00060369,-0.000419603,-0.000197157,-5.09176e-05,-8.82144e-06,5.04987e-05,0.000179124,0.000434071,0.000529745,8.87926e-05,7.87469e-05,7.92854e-05,7.79858e-05,8.44305e-05,8.21445e-05,7.50555e-05,8.02489e-05,-0.0002287,0.000120756,0,-0.000208864,0.000164382,0,0.492188,-0.000488133,-0.000175711,0.000165339,0.000492424,1787482200,-0.000242954,0.000284051,2.91521e-05,1,-0.000234606,0.00023397,5.18879e-06,1,0.000213423,0,0.000204864,1,-0.000240311,0.000236608,5.84104e-06,1
1787482440,0.000178006,-8.28013e-06,0.000273206,-8.28013e-06,0.000444416,0.486034,5.69168e-05,5.62106e-05,0.023024,-0.000612212,-0.000424762,-0.000206437,-5.5969e-05,-8.19126e-06,5.16261e-05,0.000190066,0.00044363,0.00053606,7.50227e-05,5.67535e-05,6.24393e-05,5.7163e-05,6.33968e-05,6.63886e-05,5.75639e-05,5.51078e-05,-0.000240409,0.000125027,0,-0.000226671,0.000175803,0,0.495606,-0.000528285,-0.000191644,0.000184035,0.000526936,1787482200,-0.000210252,0.000208833,1.62844e-05,1,-0.000244618,0.000273145,5.09878e-05,1,0.000242858,3.92485e-06,0.000243798,1,-0.000210686,0.000200894,0,1
1787482500,-0.000351903,-7.03708e-05,4.13923e-05,-0.000351903,0.000440669,0.480903,9.95439e-05,9.97398e-05,0.0215971,-0.000606034,-0.000422564,-0.000202315,-5.27057e-05,-1.15526e-05,5.07053e-05,0.000179339,0.000427263,0.000532668,0.000101673,0.00010051,0.000101015,9.97902e-05,0.000103771,9.99906e-05,9.55052e-05,0.000102272,-0.000232402,0.000140064,0,-0.000217171,0.000172093,0,0.49674,-0.000505638,-0.000181839,0.000177121,0.000512593,1787482500,0.000226347,0,0.000239279,1,-0.0002279,0.000221866,4.81261e-06,1,0.000256074,3.21079e-05,0.000291537,1,-0.000244585,0.000251284,7.88005e-06,1
1787482560,-0.000339601,0,0,-0.000418305,0.000439069,0.480469,9.50663e-05,9.45687e-05,0.0223473,-0.00061587,-0.000429316,-0.000219689,-6.26957e-05,-1.17474e-05,5.01575e-05,0.000183354,0.000436592,0.00054177,9.95297e-05,9.70729e-05,9.76856e-05,9.6413e-05,9.93185e-05,9.66239e-05,9.21697e-05,9.49582e-05,-0.000246941,0.000126884,0,-0.000234128,0.000182448,0,0.49455,-0.000550022,-0.000202919,0.000187168,0.000539971,1787482500,-0.00022897,0.000218377,0,0,0.000241089,0,0.000243048,1,-0.000235057,0.000233505,1.45332e-07,1,-0.000274548,0.000290931,1.67423e-05,1
1787482620,2.48527e-05,-2.89957e-05,2.48527e-05,-0.000178129,0.000437302,0.48788,3.55832e-05,3.43733e-05,0.0230825,-0.000621115,-0.000426651,-0.000206404,-5.92405e-05,-7.5619e-06,5.55246e-05,0.000196214,0.000450965,0.000555498,5.89686e-05,3.62602e-05,4.67822e-05,3.57552e-05,4.89487e-05,5.12902e-05,3.31774e-05,3.05309e-05,-0.000243208,0.000144143,0,0.000239006,0,0.000200774,0.500231,-0.000561852,-0.00020003,0.000203814,0.000571524,1787482500,0.000230422,3.24672e-06,0.000227454,1,-0.000222442,0.000214827,7.12202e-06,1,0.000250243,0,0.000242944,1,-0.000235296,0.000228989,5.47175e-06,1
1787482680,4.14206e-06,0,0.000223647,-3.72794e-05,0.000432921,0.49357,3.19253e-05,3.03595e-05,0.0212578,-0.000579335,-0.000397092,-0.000180559,-4.60332e-05,-4.32058e-06,5.25228e-05,0.000186339,0.000424136,0.000535351,5.7818e-05,3.45819e-05,4.45183e-05,3.26976e-05,4.7638e-05,4.98377e-05,2.8867e-05,2.67809e-05,-0.000220958,0.000109401,0,0.000216471,0,0.000173679,0.503297,-0.000508471,-0.000172458,0.000185535,0.000521267,1787482500,0.00023781,0,0.00023614,1,0.000237307,0,0.000240559,1,-0.000231994,0.000225127,0,1,0.000242994,6.87334e-06,0.00024521,1
1787482740,0.00020294,0.000107688,0.000252633,9.11211e-05,0.00042857,0.48602,6.20824e-05,6.29966e-05,0.0200159,-0.000625392,-0.000422811,-0.000208246,-5.25036e-05,-7.1186e-06,4.47911e-05,0.000178133,0.000423341,0.00055173,7.89937e-05,5.96138e-05,6.65671e-05,5.89147e-05,6.73104e-05,7.04342e-05,6.71325e-05,6.12772e-05,-0.000235859,0.000146611,0,-0.000229563,0.000191897,0,0.49945,-0.000546303,-0.000197326,0.000189602,0.000552109,1787482500,0.000237606,0,0.000225048,1,0.000257604,0,0.000232702,1,0.000252525,1.78248e-06,0.000237806,1,0.000239649,0,0.000224719,1
1787482800,0.00045543,4.14121e-06,0.000807211,4.14121e-06,0.000425233,0.478639,0.000134355,0.000134591,0.0191667,-0.000664094,-0.000481655,-0.000243187,-6.82899e-05,-1.27279e-05,4.8558e-05,0.000201176,0.000471392,0.000595521,0.000131699,0.000132276,0.000130137,0.000129514,0.000125894,0.00012874,0.000141605,0.000136302,-0.000272015,0.00024318,7.25909e-05,-0.000239501,0.000215136,4.63703e-05,0.490636,-0.000542669,-0.000210757,0.000188835,0.000532053,1787482800,-0.000237397,0.000236013,0,1,0.000243851,0,0.000219119,1,0.000251607,0,0.000225633,1,0.00024889,5.86075e-06,0.000246335,1
1787482860,0.000533831,4.96707e-05,0.000757211,4.96707e-05,0.000425858,0.486467,0.000158899,0.000158984,0.0205413,-0.000687284,-0.000482568,-0.000249467,-6.86864e-05,-8.63247e-06,5.68592e-05,0.000213636,0.000502087,0.000637807,0.000153059,0.000162318,0.000152021,0.000152363,0.000146348,0.000150643,0.000166896,0.000162645,-0.000282795,0.000205597,0,-0.000288364,0.000249041,1.01489e-05,0.49096,-0.000623675,-0.000252988,0.000227129,0.000655009,1787482800,0.000254025,0,0.000219998,0,-0.000231055,0.000234184,1.93298e-05,0,0.000240487,0,0.00022053,0,0.00024817,0,0.000236677,0
1787482920,-0.000268949,-4.13713e-06,0.000235788,-0.000302055,0.000428284,0.484273,7.49218e-05,7.57594e-05,0.0237837,-0.000677362,-0.000487546,-0.000250133,-7.437e-05,-1.1226e-05,6.18663e-05,0.000221246,0.000523776,0.000644767,8.79322e-05,7.74505e-05,8.23645e-05,7.7136e-05,8.27795e-05,8.25592e-05,6.96313e-05,7.5757e-05,-0.000287421,0.000208343,0,-0.000289615,0.000239727,2.09804e-05,0.488503,-0.000619585,-0.000256863,0.00022384,0.000659354,1787482800,0.000288379,1.79887e-05,0.000285422,1,0.000258218,9.26907e-06,0.000203961,1,-0.000239928,0.000240202,3.89632e-06,1,0.000245091,0,0.000219519,1
1787482980,-0.00046773,2.0691e-05,2.0691e-05,-0.000666478,0.000425682,0.489489,0.000131877,0.000132038,0.0218502,-0.000692587,-0.000480841,-0.000241018,-6.94937e-05,-6.91934e-06,6.00897e-05,0.000219652,0.000514851,0.000635772,0.000133972,0.000138073,0.000133636,0.000132275,0.000136052,0.000132338,0.000128068,0.000134175,-0.000279799,0.000197899,0,-0.000276486,0.000232816,0,0.491608,-0.000612519,-0.000242765,0.000217483,0.000638827,1787482800,-0.0002975,0.00031093,0,1,-0.00027775,0.000302419,8.10302e-06,1,0.000273803,0,0.000267651,1,0.000264809,0,0.000241393,1
1787483040,-0.000190466,-8.28068e-05,-8.28068e-05,-0.00045138,0.000426564,0.500882,6.36417e-05,6.28928e-05,0.0237048,-0.000692715,-0.000479419,-0.000239684,-6.49478e-05,1.40559e-07,7.24553e-05,0.000241317,0.000542064,0.00066437,7.47922e-05,5.78167e-05,7.00724e-05,6.34875e-05,6.82613e-05,6.93314e-05,6.43289e-05,6.13582e-05,0.000288771,0,0.000245886,-0.00029141,0.000257761,0,0.499503,-0.000637405,-0.000241947,0.000241871,0.000673053,1787482800,0.00027822,1.99034e-05,0.00026183,1,-0.000288904,0.000302743,0,1,0.000287436,2.2882e-05,0.000289265,1,0.000265634,1.16135e-05,0.000222536,1
1787483100,0.000678887,-4.14097e-06,0.000724405,-6.62575e-05,0.000423135,0.506297,0.000206982,0.000211856,0.0216143,-0.000675006,-0.000459451,-0.000220337,-5.51637e-05,3.20165e-06,7.11783e-05,0.000242396,0.000523033,0.000640312,0.000193228,0.000228728,0.000200078,0.000214609,0.000199929,0.000199136,0.000202101,0.000212816,0.00027983,0,0.000234036,0.000265695,0,0.000208497,0.504836,-0.000599536,-0.000215943,0.00023178,0.000638889,1787483100,0.000299319,0,0.000287521,1,-0.000289006,0.00028441,3.44896e-07,1,0.000302684,5.2894e-06,0.000293996,1,0.000300808,7.97046e-06,0.000301066,1
1787483160,-8.69049e-05,8.27626e-06,0.000690832,-8.69049e-05,0.000429744,0.494226,4.67058e-05,4.598e-05,0.0285198,-0.000703101,-0.000492617,-0.00025177,-6.77058e-05,-4.4755e-06,6.90297e-05,0.00024757,0.000555354,0.0006785,6.12658e-05,4.11669e-05,5.83191e-05,4.62028e-05,5.30472e-05,5.67952e-05,4.61476e-05,4.55475e-05,-0.000300238,0.000250538,0,-0.000310629,0.000281161,0,0.492553,-0.000666343,-0.000265128,0.000250847,0.000709956,1787483100,0.000292052,0,0.000277942,1,0.000320469,0,0.000295578,1,0.000296606,0,0.000290935,1,-0.000305326,0.000308415,0,1
1787483220,0.00051718,8.27698e-06,0.000819089,-4.13852e-06,0.000425602,0.490988,0.000149454,0.0001496,0.023729,-0.00075439,-0.000524049,-0.000268729,-7.64855e-05,-7.2872e-06,7.40968e-05,0.00024618,0.000554688,0.000710624,0.000148281,0.000154447,0.00014756,0.00014693,0.000141387,0.000146138,0.000152149,0.000150893,-0.000312087,0.000266006,0,-0.00032283,0.000337048,0,0.495885,-0.000706297,-0.00027798,0.000256043,0.00073993,1787483100,0.000329245,0,0.000295898,1,0.000300051,0,0.000266519,0,0.000307284,0,0.000287423,1,-0.000296964,0.000294402,0,1
1787483280,-4.55011e-05,-2.48185e-05,0.000351529,-7.44574e-05,0.000427626,0.486698,4.3922e-05,4.21118e-05,0.0263935,-0.000703483,-0.000500315,-0.000265934,-7.98158e-05,-1.02961e-05,6.88143e-05,0.000238582,0.000555402,0.000701528,5.89543e-05,3.72659e-05,5.54724e-05,4.83093e-05,5.06404e-05,5.36435e-05,4.12226e-05,3.95162e-05,-0.000306975,0.000244171,0,-0.000316187,0.000261049,0,0.488606,-0.000666714,-0.000273336,0.000245185,0.00071584,1787483100,0.000302702,6.02411e-05,0.000284328,1,0.000306619,2.01761e-05,0.00026681,1,0.000285769,0,0.000259754,1,0.000297196,1.24509e-06,0.000276403,1
1787483340,-7.44608e-05,-2.48196e-05,4.13647e-05,-0.000455125,0.000423377,0.484753,4.33099e-05,4.16914e-05,0.0224005,-0.00071185,-0.000490499,-0.000245999,-6.98483e-05,-1.07219e-05,6.12931e-05,0.000223109,0.000517884,0.000651527,6.02053e-05,3.86681e-05,5.48971e-05,4.47714e-05,5.17438e-05,5.42743e-05,4.16595e-05,4.13963e-05,-0.000284924,0.000230122,0,-0.000284865,0.000247428,0,0.493004,-0.00063484,-0.000250184,0.000225372,0.000670435,1787483100,0.000321875,2.16334e-05,0.00028856,1,-0.000293237,0.000345774,7.93617e-06,1,0.000309076,7.69286e-06,0.000266273,1,0.000306286,0,0.00024341,1
1787483400,-0.000157213,4.13678e-05,0.00019855,-0.000285484,0.000419254,0.495992,5.9247e-05,5.79194e-05,0.0200092,-0.000691958,-0.00047673,-0.000229862,-6.06019e-05,-3.88386e-06,7.39533e-05,0.000255487,0.000558561,0.00069424,6.9081e-05,5.20531e-05,6.39375e-05,5.76876e-05,6.31543e-05,6.30132e-05,6.19668e-05,5.72296e-05,-0.000293555,0.000275352,0,0.000285909,0,0.000262526,0.500187,-0.000626887,-0.000237344,0.000240879,0.000694356,1787483400,0.000293578,3.34464e-05,0.000266471,1,0.000312378,3.81918e-05,0.000285388,1,0.000295229,5.21072e-05,0.000295404,1,0.000332211,0,0.000275608,1
1787483460,0.000376443,4.13751e-06,0.00051292,4.13751e-06,0.000415636,0.489284,0.00010828,0.000108733,0.0187898,-0.00068397,-0.000466751,-0.000228834,-6.47239e-05,-7.52589e-06,6.35015e-05,0.000235836,0.000524922,0.000644733,0.000109059,0.000107492,0.000108182,0.000107486,0.000101905,0.000106814,0.000107969,0.00010992,-0.000279474,0.000247483,0,-0.000254515,0.000220649,0,0.495649,-0.000574275,-0.000217887,0.000210765,0.000611117,1787483400,0.000303807,2.22831e-05,0.000292382,1,-0.000282189,0.000307618,1.22488e-05,1,0.000311392,4.73914e-05,0.000293808,1,0.000349114,0,0.000301907,1
1787483520,0.000268801,4.13595e-06,0.000268801,-4.96327e-05,0.000414888,0.482358,7.9446e-05,7.92432e-05,0.0193381,-0.000651456,-0.000460723,-0.000232573,-6.62035e-05,-1.29729e-05,6.22221e-05,0.000232737,0.000513643,0.000639022,8.88335e-05,7.75925e-05,8.1265e-05,7.73939e-05,7.53918e-05,8.17393e-05,8.09002e-05,8.12332e-05,-0.0002792,0.000254107,0,-0.000259444,0.000230905,0,0.494168,-0.00057244,-0.000223605,0.000213498,0.000622278,1787483400,0.00026546,1.9619e-05,0.000257492,1,0.000321047,0,0.000290288,1,0.000293106,1.89669e-05,0.000292464,1,0.000350893,0,0.000311431,1
1787483580,0.000479527,0,0.000624167,-9.92412e-05,0.000412474,0.486072,0.000138088,0.000137373,0.0188518,-0.000621041,-0.000432744,-0.000208213,-5.82597e-05,-9.94573e-06,6.3114e-05,0.000214751,0.000474552,0.000587718,0.000137001,0.000141489,0.000136821,0.00014314,0.000129044,0.000135494,0.000141087,0.000139566,-0.000254538,0.00021069,0,-0.000221457,0.000184199,0,0.493479,-0.000496499,-0.000190133,0.00017996,0.000538036,1787483400,0.000282384,5.96106e-06,0.000251495,1,0.0002714,1.63058e-05,0.000260907,0,-0.000300901,0.000310796,0,1,0.000336579,0,0.000281042,1
1787483640,7.43888e-05,6.61236e-05,0.000314048,6.1991e-05,0.000413921,0.486039,4.62843e-05,4.50057e-05,0.0214325,-0.000690839,-0.000498517,-0.000252909,-7.21804e-05,-1.22252e-05,7.69961e-05,0.0002548,0.000552641,0.000709781,6.07555e-05,3.79655e-05,5.40263e-05,4.48424e-05,4.8401e-05,5.4511e-05,4.71035e-05,4.69694e-05,-0.000304807,0.000302108,0,-0.000284196,0.000316398,2.45127e-05,0.495596,-0.000614076,-0.00024604,0.000234673,0.000696359,1787483400,0.000241165,1.07176e-05,0.000204673,1,-0.000269549,0.000287614,0,1,0.000272898,2.16154e-05,0.000258065,0,0.000332832,0,0.000279537,1
1787483700,-0.000595265,4.13255e-06,7.43832e-05,-0.000620076,0.000409896,0.482517,0.000173894,0.000178335,0.0192796,-0.000674843,-0.000481971,-0.000249233,-7.22002e-05,-1.31321e-05,6.36212e-05,0.000217564,0.000481419,0.000608948,0.000170116,0.000194011,0.000169622,0.000183823,0.000182593,0.000167646,0.000167336,0.000169868,-0.00028382,0.000225661,0,-0.000260166,0.00020806,2.95834e-05,0.488628,-0.000584881,-0.000235788,0.000199747,0.000614565,1787483700,-0.000289427,0.000332879,0,1,0.000240952,1.01024e-05,0.000204479,1,0.000273939,1.43444e-05,0.000242145,1,0.000299896,2.72201e-06,0.000254261,1
1787483760,0.000438216,0,0.000686177,-0.000376357,0.000414417,0.491459,0.000126542,0.000125589,0.0246831,-0.000657538,-0.000462479,-0.000228712,-6.38936e-05,-6.44702e-06,6.76298e-05,0.000231765,0.000518783,0.000644081,0.000125405,0.000124594,0.000125479,0.000124347,0.000118008,0.000124324,0.000124783,0.000131772,-0.000276607,0.0002582,0,-0.000286009,0.00027898,0,0.498345,-0.000627225,-0.000240638,0.000235745,0.000675074,1787483700,0.000298371,1.39059e-05,0.000253454,1,0.000288588,5.01271e-05,0.000252226,1,0.000252857,4.6124e-06,0.000208109,1,0.00030056,0,0.000245427,1
1787483820,-0.000124004,4.1332e-06,4.1332e-06,-0.000438216,0.000414906,0.495429,5.50502e-05,5.47091e-05,0.024217,-0.000716712,-0.000529418,-0.000264428,-7.70177e-05,-4.55216e-06,8.63545e-05,0.000273793,0.000594218,0.000751332,6.39654e-05,4.66361e-05,6.08955e-05,5.76297e-05,5.84005e-05,5.85281e-05,5.44011e-05,5.34279e-05,-0.000323895,0.000307825,0,-0.00033182,0.000335576,0,0.499087,-0.000687415,-0.000271957,0.000270359,0.000769266,1787483700,0.000283307,3.06272e-05,0.000255696,1,-0.000262197,0.000306415,2.41171e-06,1,-0.000279331,0.000324041,0,1,0.000266133,0,0.000219272,1
1787483880,0.00057029,-7.02757e-05,0.000987471,-0.000256323,0.00041111,0.492379,0.000168346,0.000167039,0.0210694,-0.000655472,-0.000462363,-0.000222108,-6.58445e-05,-5.92192e-06,6.95688e-05,0.000241519,0.000517532,0.000643215,0.000161529,0.000175999,0.000162055,0.000167709,0.000154079,0.000160786,0.000167384,0.000175181,-0.000280106,0.000219754,0,-0.000275723,0.000218814,0,0.497797,-0.000600749,-0.000231687,0.000224413,0.000649917,1787483700,0.000334238,4.31995e-05,0.000331036,1,0.000302841,1.03923e-06,0.000268443,1,0.000259673,6.1085e-05,0.000264237,1,0.000313812,0,0.00026952,1
1787483940,0.00111072,0,0.00111072,0,0.000414893,0.486755,0.000401556,0.000404031,0.0248679,-0.000746747,-0.000552738,-0.000285839,-9.00606e-05,-1.38483e-05,9.23672e-05,0.000286581,0.000615067,0.00078427,0.00036851,0.00044281,0.000380944,0.000381207,0.000403467,0.000397589,0.000399411,0.000415909,-0.000343523,0.000337313,0,-0.000344462,0.00036093,9.75283e-06,0.494807,-0.00070212,-0.000287941,0.000272029,0.000788003,1787483700,0.000282426,3.81867e-05,0.000258436,0,0.000322131,5.97805e-05,0.000299848,0,0.000294146,1.27832e-05,0.000259205,0,0.00029996,1.56626e-05,0.000237651,0
1787484000,0.00068481,0,0.00115895,-0.000214615,0.000439736,0.477365,0.000199697,0.000197132,0.0914534,-0.000815097,-0.000633833,-0.000323378,-9.68324e-05,-2.67059e-05,9.30357e-05,0.000313965,0.00070221,0.000923401,0.000192874,0.000217367,0.000194799,0.00020441,0.000186271,0.000197441,0.00020827,0.000204355,-0.000383891,0.000362178,0,-0.000372453,0.000400673,3.373e-05,0.488636,-0.000755115,-0.000321699,0.000289618,0.000853241,1787484000,0.000332822,6.52005e-05,0.000317517,0,0.000287535,3.17413e-05,0.000248445,0,0.00030311,5.96962e-05,0.000297253,0,0.000302724,2.54965e-06,0.000252373,0
1787484060,0.00196931,-8.24793e-06,0.00305119,-2.88681e-05,0.000445959,0.476124,0.00078944,0.000789925,0.113893,-0.00089665,-0.000701786,-0.000377397,-0.000119163,-3.28078e-05,0.000106384,0.000351033,0.000789284,0.00104055,0.000797567,0.000856441,0.000763063,0.000789047,0.000803781,0.000747442,0.000808233,0.000757664,-0.000441146,0.000405425,0,-0.000420777,0.000471336,7.14346e-05,0.488708,-0.000829601,-0.000356406,0.000316404,0.000937949,1787484000,0.000375556,4.28277e-05,0.000322418,0,0.000321352,9.4501e-05,0.000289072,0,0.000292572,2.33619e-05,0.000262576,0,0.000342108,3.03034e-05,0.000289727,0
1787484120,-5.35073e-05,-8.64363e-05,0.000666543,-0.000411668,0.000521982,0.480959,8.42283e-05,8.32191e-05,0.939036,-0.00124415,-0.000969239,-0.000521207,-0.000164588,-3.59765e-05,0.000155054,0.000522492,0.00114653,0.00155282,5.95674e-05,5.18701e-05,0.000100534,9.14398e-05,0.000129198,0.00011426,8.28832e-05,8.82501e-05,-0.000626296,0.000682036,4.24904e-05,-0.000619662,0.000777147,0.000212314,0.47993,-0.00113433,-0.000512763,0.00044169,0.00130146,1787484000,-0.000411022,0.000496423,0,0,0.000348952,9.69389e-05,0.000273933,0,0.000304769,9.55805e-05,0.000294884,0,0.000300817,4.90074e-05,0.000254345,0
1787484180,-0.000687618,4.11605e-06,0.000102896,-0.00100894,0.000516791,0.484368,0.000193036,0.000196475,0.883264,-0.00106285,-0.000798882,-0.000417108,-0.000125496,-2.36499e-05,0.000129709,0.000419868,0.000949492,0.00128713,0.000198534,0.000205764,0.000198993,0.000196099,0.000261944,0.000197293,0.000182333,0.000193357,-0.000502412,0.000464523,0,-0.000524912,0.000491804,2.02688e-05,0.490839,-0.00102679,-0.000442348,0.000386682,0.00113379,1787484000,-0.000601627,0.000693172,0,1,0.000398819,8.62122e-05,0.000358613,1,0.000346688,5.98537e-05,0.000288131,0,0.000350785,2.359e-05,0.0003142,0
1787484240,0.00176956,-3.70707e-05,0.0018929,-3.70707e-05,0.000520757,0.493033,0.000653513,0.000653322,0.861577,-0.00102875,-0.000740384,-0.000384331,-0.000106764,-1.00964e-05,0.000135749,0.000417281,0.00091292,0.00119618,0.00069671,0.00072352,0.000594855,0.000656809,0.000500023,0.000564684,0.000652358,0.000660663,-0.000483278,0.000484084,0,-0.000488844,0.000422249,0,0.497463,-0.000967984,-0.000400505,0.000382603,0.00107013,1787484000,0.00050761,0.000125551,0.000453933,1,0.000555303,0.000199464,0.000485234,1,-0.000390301,0.000449384,0,0,0.000368047,1.85907e-05,0.000320178,0
1787484300,-0.000728019,-8.22355e-05,5.75608e-05,-0.000810314,0.000573054,0.484744,0.000207492,0.000211185,0.931283,-0.00121943,-0.00093538,-0.000485599,-0.000128812,-2.60284e-05,0.000146879,0.000518165,0.00113242,0.00158147,0.000214171,0.000212477,0.000211599,0.000207391,0.000287137,0.000208135,0.000197063,0.00021049,-0.000604127,0.000634107,0,-0.000600258,0.000640586,2.80481e-05,0.491735,-0.00114592,-0.000499469,0.000464599,0.00130457,1787484300,0.000480168,5.1647e-05,0.000432084,1,-0.000493526,0.000554859,7.32239e-06,1,-0.00052397,0.000657782,0,1,-0.000425657,0.000432759,0,0
1787484360,-0.00074502,-4.11461e-06,-4.11461e-06,-0.0010333,0.000576561,0.48985,0.000211149,0.000213955,0.900234,-0.00113289,-0.000844264,-0.000445458,-0.000117567,-1.56779e-05,0.000141089,0.000457147,0.000989776,0.00129499,0.000220288,0.000218464,0.000215919,0.000211382,0.000275475,0.000212598,0.000212485,0.000202782,-0.000542375,0.000514816,0,-0.000519179,0.000520507,0,0.497881,-0.00107428,-0.000445408,0.000411403,0.00115583,1787484300,-0.000605306,0.000635175,0,1,0.000505537,0,0.000460592,1,-0.000497984,0.000536638,3.15659e-05,1,-0.000590744,0.000588119,0,1
1787484420,-0.000667285,4.94108e-05,0.000312894,-0.000667285,0.00058041,0.503466,0.000195624,0.000197533,0.831608,-0.0010354,-0.00074237,-0.000374281,-8.93213e-05,1.16334e-06,0.000143651,0.000429776,0.000911564,0.00122475,0.000190202,0.000190396,0.000193911,0.000189448,0.000238778,0.00019108,0.000204306,0.000191177,0.000486606,0,0.000383108,0.000503217,0,0.000405736,0.504455,-0.00104,-0.000414744,0.000420994,0.00113989,1787484300,-0.000480386,0.000564457,0,1,0.00053525,0.000134298,0.000469673,0,0.000471136,2.80565e-05,0.000465605,1,-0.000530987,0.000565992,0,1
1787484480,8.6525e-05,0,0.000317222,0,0.000582275,0.505245,6.67414e-05,6.59909e-05,0.754713,-0.00101629,-0.000715323,-0.000381137,-8.95737e-05,3.59853e-06,0.000135366,0.000417124,0.000854003,0.00110333,6.20565e-05,6.1102e-05,9.87707e-05,6.5213e-05,0.000106848,0.000108492,6.46141e-05,5.69343e-05,0.000480794,0,0.000356983,0.000507813,0,0.0003647,0.504485,-0.00105723,-0.000421227,0.000418465,0.0011098,1787484300,0.000448578,7.14487e-05,0.000415901,1,0.000476088,5.79378e-05,0.000421303,1,-0.000510478,0.000589837,0,1,0.000476846,1.8219e-05,0.000432802,1
1787484540,4.11997e-05,4.94395e-05,0.000111235,-0.000189541,0.000576552,0.503695,5.50968e-05,5.38925e-05,0.630535,-0.000895726,-0.000632122,-0.000322573,-7.02574e-05,9.61689e-07,0.000103006,0.00034552,0.000727263,0.000957197,5.93908e-05,5.76603e-05,8.92278e-05,5.08008e-05,0.000104352,9.87602e-05,5.22507e-05,4.48801e-05,0.000402528,0,0.00028677,0.000417815,0,0.00030403,0.501022,-0.000900229,-0.000357244,0.000340756,0.00092982,1787484300,0.000458628,4.93114e-05,0.000426158,1,0.000477812,6.56495e-05,0.000403747,1,0.000481632,2.15192e-05,0.000423398,1,0.000540198,5.49215e-05,0.000477714,1
1787484600,0.000292469,4.11988e-06,0.000292469,-0.000618174,0.000570787,0.513337,8.94702e-05,8.84555e-05,0.395525,-0.000912174,-0.000672176,-0.000327933,-6.90228e-05,1.00978e-05,0.000113428,0.000349291,0.000733942,0.000947318,9.2655e-05,9.00869e-05,0.000109097,8.59049e-05,0.000105395,0.000113888,8.99573e-05,8.66442e-05,0.000408728,0,0.000360843,0.000415213,0,0.000370174,0.503512,-0.000896485,-0.000355185,0.000344525,0.000928169,1787484600,0.000412709,3.50721e-06,0.000345176,1,0.000438705,7.92331e-05,0.000409986,1,0.000426868,0.000107429,0.000398033,1,0.000468734,6.11673e-05,0.000410334,1
1787484660,0.000337675,0,0.00121839,-5.35443e-05,0.000566562,0.502074,0.000100335,9.87485e-05,0.168044,-0.00090464,-0.000644432,-0.000340628,-8.28214e-05,3.28943e-08,0.00011694,0.000366023,0.000791322,0.00107612,9.97569e-05,9.81498e-05,0.000113037,9.97754e-05,0.0001045,0.000113875,9.96471e-05,0.000101668,0.000425499,0,0.000361692,0.000449948,0,0.000397973,0.503059,-0.000931644,-0.00037849,0.00037644,0.00102309,1787484600,0.000426972,1.90603e-05,0.000381629,1,0.000368227,4.76956e-05,0.000360371,1,0.000426111,8.16523e-05,0.00039119,1,0.000453063,2.21287e-05,0.000412979,1
1787484720,0.000312865,0,0.000847803,-0.000333556,0.000562898,0.490649,0.000102271,0.00010012,0.140197,-0.000983919,-0.000730075,-0.000393175,-0.000110803,-1.19002e-05,0.000117614,0.000374133,0.000816291,0.00112837,9.55412e-05,9.2529e-05,0.000105969,0.00010203,9.85635e-05,0.000102981,0.000103802,0.00010324,-0.000462905,0.000431251,0,-0.000466251,0.000500382,1.21902e-05,0.499466,-0.000978739,-0.000406113,0.000382294,0.00106364,1787484600,0.000404503,9.34615e-05,0.000414486,1,0.000381752,8.87454e-05,0.000339435,1,0.000377782,3.52001e-05,0.000351846,1,0.000442875,7.88376e-05,0.000384114,1
1787484780,-0.000222289,3.70434e-05,0.000193434,-0.000354039,0.000558994,0.492565,8.40183e-05,8.53474e-05,0.129085,-0.000978273,-0.00072874,-0.000395114,-0.000110688,-9.93789e-06,0.0001233,0.000377185,0.000837116,0.00116361,8.06795e-05,7.75506e-05,9.00098e-05,8.83187e-05,0.000121439,8.22264e-05,8.24566e-05,8.03157e-05,-0.000465916,0.000444028,0,-0.000427508,0.000467416,3.36141e-05,0.498915,-0.000908057,-0.000373802,0.000358808,0.00100649,1787484600,-0.000399643,0.000524303,4.01763e-05,1,0.000407292,0.000108317,0.000381635,1,0.000383205,9.48783e-05,0.000354592,1,0.000417353,1.44716e-05,0.000339271,1
1787484840,0.000214057,-3.29359e-05,0.000358108,-0.000177043,0.000554268,0.500457,7.82065e-05,7.58786e-05,0.169502,-0.000866049,-0.000616327,-0.000316768,-8.61332e-05,-9.6998e-07,0.000108777,0.000335804,0.000741953,0.00099753,7.89099e-05,7.51124e-05,8.4198e-05,7.77759e-05,8.70153e-05,7.66815e-05,7.9469e-05,7.63379e-05,0.000393116,0,0.000350168,-0.000351128,0.000322543,0,0.495334,-0.000769893,-0.000308404,0.000289068,0.000821471,1787484600,-0.00037562,0.000497753,6.45875e-05,1,-0.000382753,0.000516804,5.2304e-05,1,0.000419319,9.25735e-05,0.000400934,1,0.000390844,7.63165e-05,0.000338934,1
1787484900,0.000255162,4.11603e-06,0.000423862,0,0.000549532,0.500145,8.19217e-05,7.90519e-05,0.21002,-0.00079058,-0.000567102,-0.000293268,-7.15216e-05,-2.1523e-06,0.00010335,0.000304787,0.000688603,0.000928723,8.57058e-05,8.14233e-05,8.86122e-05,8.46585e-05,8.54961e-05,8.13635e-05,8.45217e-05,7.68144e-05,0.000359886,0,0.000321795,-0.000350923,0.000253361,0,0.494613,-0.0007433,-0.000302837,0.000279796,0.000782677,1787484900,-0.000317459,0.000381494,2.72873e-05,1,-0.000377253,0.000488627,5.42771e-05,1,-0.000404143,0.000509127,2.58177e-05,1,-0.000425773,0.000496909,1.79339e-06,1
1787484960,0.000785654,-2.88053e-05,0.00171037,-4.93811e-05,0.000545204,0.494498,0.000243162,0.000237395,0.257849,-0.000768471,-0.000559682,-0.000285127,-6.99156e-05,-6.63932e-06,9.37371e-05,0.000276435,0.000656222,0.000879566,0.000225284,0.000235876,0.000226657,0.000236665,0.000193691,0.000239477,0.000255699,0.000248458,-0.00033838,0.000278232,0,-0.00032918,0.00025466,0,0.49546,-0.000707435,-0.000287194,0.000260081,0.00073393,1787484900,0.000330859,4.75109e-05,0.000345374,1,-0.000334418,0.000392686,1.72257e-05,1,-0.000394546,0.000479481,3.63044e-05,1,0.000444238,4.75917e-05,0.00044145,1
1787485020,-0.000316655,0,0.00182396,-0.00034956,0.000551042,0.486908,9.90182e-05,0.000101045,0.164999,-0.000981214,-0.000755848,-0.000431059,-0.00012617,-1.84278e-05,0.000124529,0.000383215,0.000846418,0.00113337,9.62964e-05,9.26593e-05,0.000102026,0.000110369,0.000131702,9.36417e-05,9.21089e-05,9.63192e-05,-0.000494481,0.000449427,6.91532e-06,-0.000490361,0.000521035,6.6532e-05,0.496633,-0.000995496,-0.000424394,0.000387591,0.00108047,1787484900,0.000307291,4.07471e-05,0.00030696,1,-0.000328667,0.000369317,3.27702e-05,1,-0.000363343,0.000394554,0,1,-0.000423454,0.000472362,1.04954e-05,1
1787485080,0.00144675,-4.11307e-06,0.00161513,-0.000180991,0.000547339,0.49521,0.000503334,0.000501869,0.164642,-0.00103742,-0.000749191,-0.000406485,-0.000126958,-7.54311e-06,0.000142954,0.000406718,0.000888905,0.00114284,0.000537343,0.000555057,0.000521306,0.000441712,0.000437061,0.000559983,0.000520586,0.000519455,-0.00048794,0.000467252,0,0.000528801,6.2071e-05,0.000568808,0.503978,-0.00106162,-0.000441843,0.000413566,0.00113105,1787484900,-0.000411928,0.000522157,5.60074e-05,1,-0.000297983,0.000333273,3.12852e-05,0,0.000338728,5.01855e-05,0.000367199,0,-0.00036466,0.00038648,0,0
1787485140,0.0012888,-8.21456e-05,0.00139544,-0.000197161,0.000579181,0.486281,0.000405242,0.000396889,0.0580477,-0.00111256,-0.000858476,-0.000465314,-0.00013391,-2.29533e-05,0.000146678,0.000446046,0.00100799,0.00136159,0.000457377,0.000462111,0.0003948,0.000391693,0.000322889,0.000372642,0.000419151,0.000406019,-0.0005498,0.000562748,5.03552e-05,-0.000544587,0.000581846,8.26182e-05,0.494685,-0.00107524,-0.000464683,0.000431852,0.00120026,1787484900,-0.000412786,0.000579221,7.49168e-05,0,-0.000393831,0.00050862,5.60804e-05,0,0.000316684,2.69199e-05,0.000328438,0,-0.000363105,0.000407282,9.5719e-07,0
1787485200,-0.00077144,-9.43464e-05,0.000258382,-0.001104,0.000601632,0.481032,0.000209458,0.000215341,0.0423701,-0.0011762,-0.000904026,-0.000500656,-0.000151933,-3.17252e-05,0.000137938,0.000449663,0.00103385,0.00143584,0.000230472,0.000226178,0.000222372,0.000219692,0.000279519,0.000220021,0.000194605,0.000202392,-0.000577914,0.000535723,3.96727e-05,-0.000576859,0.000564157,8.83425e-05,0.493474,-0.00112897,-0.000499691,0.000440181,0.00123464,1787485200,-0.000488374,0.000551405,2.86434e-05,1,-0.000407527,0.000512387,0.000115588,0,-0.000388895,0.000488654,6.37537e-05,1,0.000339562,2.1787e-05,0.000327072,0
1787485260,-0.000275072,-9.85246e-05,0.000287308,-0.000546113,0.000605495,0.49086,0.000100746,0.000103189,0.0431262,-0.00116142,-0.000864749,-0.00046899,-0.000137503,-1.55022e-05,0.000156523,0.000450213,0.00102083,0.00134607,8.95847e-05,9.06043e-05,0.000113501,0.00010982,0.000140816,0.000124691,9.50194e-05,9.47471e-05,-0.000554509,0.00052911,0,0.000573408,0,0.000574318,0.501555,-0.00114765,-0.000481829,0.000446834,0.00123143,1787485200,-0.000508546,0.000590063,0,1,0.00046176,0.000111895,0.000450264,1,-0.000395814,0.000514108,0.0001089,1,0.000443475,3.69462e-05,0.000457053,1
1787485320,0.000348959,-8.62322e-05,0.000472092,-0.000291577,0.000600671,0.49645,0.000109855,0.000106324,0.0454836,-0.00102122,-0.000734241,-0.000379406,-0.000109387,-6.08451e-06,0.00013633,0.000400537,0.000906972,0.0011662,0.000101493,0.000101788,0.000119428,0.000114502,9.41258e-05,0.00013366,0.000109299,0.00011292,-0.000469822,0.000415647,0,0.000513968,0,0.000464018,0.503694,-0.00105391,-0.00042945,0.000416503,0.00113155,1787485200,-0.000470533,0.000596458,1.19008e-05,1,-0.000474193,0.000563663,0,1,-0.000438269,0.000522756,2.47347e-05,1,-0.000460928,0.000518523,2.3886e-05,1
1787485380,-0.00078841,-4.92574e-05,-4.92574e-05,-0.000936307,0.000596678,0.492749,0.000222682,0.000233847,0.0441973,-0.000998633,-0.00071868,-0.000381148,-9.88836e-05,-1.05721e-05,0.000131932,0.000386097,0.000875246,0.0011144,0.000235933,0.000233784,0.00022578,0.000223411,0.000271802,0.000226755,0.000228821,0.00021648,-0.000460765,0.000397149,0,0.000492364,0,0.000447594,0.504424,-0.00101365,-0.000412974,0.000406442,0.00109503,1787485200,0.000455768,6.6136e-05,0.0004747,1,0.000497223,4.08663e-05,0.000523428,1,-0.000486043,0.000516947,7.24056e-06,1,-0.000478648,0.000491233,4.70307e-06,1
1787485440,-9.44867e-05,1.64316e-05,0.000135552,-0.000497182,0.000601112,0.510507,6.5803e-05,6.52241e-05,0.0521514,-0.00096087,-0.000690228,-0.000357941,-9.44073e-05,1.06515e-05,0.000141992,0.000382676,0.00084124,0.00106929,6.1882e-05,6.26007e-05,8.33601e-05,6.79736e-05,0.000101959,0.00010308,6.62322e-05,5.81553e-05,0.000446743,0,0.000424306,0.000475081,0,0.000411163,0.50494,-0.00100918,-0.000403803,0.000395229,0.00105843,1787485200,-0.000468413,0.000504183,0,1,-0.000451757,0.00050476,3.87036e-05,1,-0.000476186,0.000532796,5.0185e-05,1,-0.000492258,0.000529703,1.05953e-05,1
1787485500,-0.000279404,4.10823e-05,4.10823e-05,-0.000727436,0.000595221,0.510659,9.47816e-05,9.59721e-05,0.0586536,-0.000964231,-0.000701813,-0.000342222,-8.52565e-05,9.48056e-06,0.000146178,0.00037582,0.000819468,0.00105469,9.00956e-05,8.9928e-05,0.000102846,9.75574e-05,0.000129775,0.000113081,9.4653e-05,8.93353e-05,0.000435271,0,0.000440368,0.000474907,0,0.00048863,0.506974,-0.0010011,-0.000399991,0.000395443,0.00104517,1787485500,-0.000403209,0.000467968,1.05745e-05,1,-0.000430115,0.0004747,1.36276e-05,1,-0.00042397,0.000501206,6.22379e-05,1,-0.000491224,0.000520574,1.85878e-05,1
1787485560,-0.000982643,0,2.46565e-05,-0.000982643,0.000590562,0.514358,0.000322859,0.000336822,0.0716732,-0.000887275,-0.000613675,-0.000302678,-7.8919e-05,1.2835e-05,0.000134308,0.000361072,0.000792378,0.000988704,0.000316146,0.000316659,0.000293634,0.000304017,0.000325524,0.00028137,0.000331203,0.000349088,0.000403738,0,0.000378799,0.000426168,0,0.000375753,0.505954,-0.000914581,-0.000359212,0.000361025,0.000962724,1787485500,0.000452648,3.72266e-05,0.00048291,1,0.000415304,5.44745e-05,0.000404133,1,-0.000423852,0.000445441,1.26803e-05,0,0.000469064,2.43506e-05,0.000463203,1
1787485620,-0.000283872,0,6.17006e-05,-0.000283872,0.000600916,0.518145,9.22332e-05,9.24736e-05,0.0860749,-0.000902628,-0.000626825,-0.000314539,-8.50232e-05,1.83145e-05,0.000134281,0.000356466,0.000736628,0.000907413,9.04866e-05,9.10287e-05,0.000104831,8.86997e-05,0.000122434,0.00011833,9.55471e-05,8.60937e-05,0.000406844,0,0.000361018,0.000454922,0,0.000367848,0.503812,-0.000972599,-0.000386283,0.000373451,0.000978071,1787485500,0.000368961,7.11116e-05,0.000420509,0,0.000414748,9.52884e-05,0.000426892,1,-0.000405476,0.000456231,0,1,0.000437724,5.10486e-05,0.000411475,0
1787485680,-3.70327e-05,-4.11468e-06,-4.11468e-06,-0.000625625,0.00059623,0.512072,5.04464e-05,4.92805e-05,0.105006,-0.000816188,-0.000561535,-0.000267794,-7.75634e-05,1.01933e-05,0.00011147,0.000300741,0.000650059,0.000803907,5.85034e-05,5.83024e-05,7.25846e-05,4.81978e-05,8.63533e-05,8.61285e-05,4.36962e-05,4.6471e-05,0.000345397,0,0.000273258,-0.000363069,0.000253045,0,0.498798,-0.000800348,-0.000310728,0.000291036,0.000775914,1787485500,0.00037674,4.9665e-05,0.00039703,1,0.000376774,7.48375e-05,0.000393587,1,0.000365174,0.0001589,0.000423077,1,0.00040715,4.34837e-05,0.000401478,1
1787485740,-0.000757414,-0.000160491,-0.000123452,-0.00106219,0.00059026,0.521652,0.000235918,0.000242982,0.121589,-0.000845415,-0.000589762,-0.000265182,-6.36907e-05,1.69488e-05,0.000130154,0.000344785,0.000712416,0.00087061,0.000223431,0.000222859,0.000215846,0.000223027,0.000230895,0.000218017,0.000246297,0.000250632,0.000375719,0,0.000348099,0.000429491,0,0.00037071,0.509419,-0.000928322,-0.000354492,0.000370554,0.000976351,1787485500,0.000325761,0,0.000314494,1,0.000391645,4.38108e-05,0.000397477,1,0.000370806,7.78878e-05,0.000396982,0,0.000411293,8.28994e-05,0.000399087,0
1787485800,4.11785e-05,6.17672e-05,0.000119413,-0.000172968,0.000594065,0.515654,5.49472e-05,5.39901e-05,0.15369,-0.000874348,-0.000619955,-0.000305924,-8.28824e-05,1.49415e-05,0.000131136,0.00035735,0.000720161,0.000872754,5.96502e-05,5.83667e-05,7.10869e-05,6.20684e-05,7.92258e-05,7.98693e-05,5.01979e-05,4.50631e-05,0.00040298,0,0.000376272,0.000457403,0,0.000372571,0.505382,-0.000978023,-0.000384456,0.000375764,0.000982564,1787485800,0.000383875,6.07145e-05,0.000428939,1,0.00032595,3.55331e-05,0.00030583,1,0.000388056,6.47462e-05,0.000381126,1,-0.000391402,0.000460374,1.28252e-05,1
1787485860,0.000485779,7.41171e-05,0.00055986,4.11776e-06,0.000588123,0.50817,0.000136972,0.000135325,0.168377,-0.000747583,-0.000530722,-0.000237331,-6.27922e-05,4.28011e-06,9.6635e-05,0.000277296,0.000598131,0.000737238,0.000138508,0.000139854,0.000139732,0.000138173,0.000133827,0.00014135,0.000136893,0.000134852,0.000314478,0,0.000284647,0.000371584,0,0.000292332,0.501754,-0.000814052,-0.000310002,0.000303136,0.00081246,1787485800,0.000383294,5.58451e-05,0.000403199,1,0.000388343,6.31452e-05,0.000393913,1,0.00033587,3.568e-05,0.000304943,1,0.000392207,4.86589e-05,0.000397196,1
1787485920,0.000863938,3.29256e-05,0.000921507,-1.64632e-05,0.000586251,0.498281,0.000280467,0.000280702,0.105454,-0.000777108,-0.000569221,-0.000281441,-7.95196e-05,-2.6837e-06,9.26619e-05,0.000281446,0.000622572,0.000772313,0.000256197,0.000261416,0.000251995,0.000279594,0.000230415,0.000256301,0.000292346,0.000304047,-0.000337733,0.000253722,2.22592e-05,-0.000385236,0.000281375,0,0.498218,-0.000833451,-0.000334499,0.000308688,0.000832117,1787485800,0.000349447,5.80851e-06,0.000345144,0,0.00039741,4.1936e-05,0.000402244,1,0.000373789,6.80653e-05,0.000405431,1,0.000352628,0,0.00033057,1
1787485980,-0.000222084,-4.52354e-05,0.000106912,-0.000530616,0.00059308,0.481669,7.43134e-05,7.46693e-05,0.0604921,-0.000843145,-0.000640567,-0.000336941,-0.000118319,-2.11348e-05,9.65326e-05,0.000313803,0.000697127,0.0008646,8.04222e-05,7.96215e-05,8.955e-05,7.63213e-05,0.00010795,9.30896e-05,6.77216e-05,6.96958e-05,-0.000394245,0.000307738,2.97594e-05,-0.000449196,0.000334756,5.00396e-06,0.492806,-0.000936824,-0.000398217,0.000348997,0.00096636,1787485800,0.000360393,1.02318e-05,0.000353083,1,0.000351674,2.6355e-05,0.00034146,1,0.000391989,6.76521e-05,0.000396941,1,-0.000408388,0.000459131,0,1
1787486040,-0.000164539,-2.05658e-05,0.000328996,-0.000180994,0.000587959,0.494688,6.65395e-05,6.62912e-05,0.0625137,-0.000835126,-0.000610614,-0.000303611,-0.000103874,-6.55201e-06,0.000109704,0.000322158,0.000694767,0.000855911,7.07114e-05,6.94427e-05,7.71996e-05,6.70252e-05,9.51623e-05,7.5449e-05,6.46183e-05,6.17683e-05,-0.000377487,0.000299689,1.51503e-05,0.000433835,0,0.000425388,0.50059,-0.000941951,-0.000377712,0.000351345,0.00097617,1787485800,0.000414647,2.58982e-05,0.000404981,1,-0.000345257,0.000360918,1.01429e-05,1,0.000351576,4.15482e-05,0.000359216,1,-0.000408048,0.000453567,6.13529e-06,1
1787486100,-0.000139879,2.46825e-05,2.46825e-05,-0.000193367,0.000582515,0.48914,5.94691e-05,5.86277e-05,0.0627873,-0.000800245,-0.0005739,-0.000273217,-9.3044e-05,-1.17462e-05,9.87416e-05,0.000283058,0.000639855,0.000791532,6.66015e-05,6.46497e-05,7.03862e-05,5.95196e-05,8.78978e-05,6.55836e-05,5.39516e-05,5.78185e-05,-0.000335182,0.00028066,4.27121e-05,-0.000393503,0.000307356,0,0.497434,-0.000871823,-0.000347485,0.000312901,0.000876099,1787486100,-0.000382328,0.000439528,1.02016e-05,1,-0.000398209,0.000432668,1.247e-06,1,0.000364169,8.10631e-06,0.000354897,1,0.000388685,0,0.000372075,1
1787486160,-0.000312742,0,0.000255059,-0.000320973,0.000576999,0.494599,9.23335e-05,9.37952e-05,0.0641869,-0.000734318,-0.000521624,-0.000235544,-7.49019e-05,-6.05123e-06,8.90939e-05,0.000261931,0.000602034,0.000734508,9.51838e-05,9.28553e-05,9.68412e-05,8.93712e-05,0.000113434,9.14065e-05,8.85788e-05,9.85353e-05,-0.000302392,0.000202954,9.63177e-06,-0.000311856,0.00021657,0,0.495314,-0.000696585,-0.000265869,0.000242325,0.00068309,1787486100,-0.000358824,0.000381687,1.27166e-05,1,0.000405709,1.74336e-05,0.000411169,1,0.000416507,2.86938e-05,0.000410024,1,-0.000383273,0.000387588,0,1
1787486220,0.000366227,-4.11568e-06,0.00115995,-0.000222271,0.00057291,0.488089,0.000107646,0.000106602,0.0665093,-0.000767422,-0.000550526,-0.000274731,-9.72199e-05,-1.18179e-05,8.96888e-05,0.000279378,0.000619886,0.000766182,0.000105919,0.000106453,0.000105894,0.00010504,0.000108862,0.000104441,0.000111559,0.000107749,-0.000332981,0.000263479,1.60562e-05,-0.000384467,0.00028343,0,0.498775,-0.000847581,-0.000336645,0.000306009,0.000840231,1787486100,-0.000312837,0.000279006,0,1,-0.000366566,0.000364091,5.09352e-05,1,-0.000404216,0.000424723,1.92133e-05,1,-0.000434156,0.000442949,3.75168e-06,1
1787486280,0.000579928,-4.11417e-06,0.00162377,-0.000160465,0.000569512,0.494442,0.000167045,0.000165108,0.0652131,-0.000905599,-0.000670368,-0.000350475,-0.000117165,-7.17524e-06,0.000118756,0.000355919,0.000764419,0.0009503,0.000164767,0.000165641,0.000165068,0.000165571,0.000153226,0.000163671,0.0001693,0.000168139,-0.000424322,0.000406484,3.60143e-05,0.000440256,0,0.000470543,0.503846,-0.000944449,-0.000380038,0.000363741,0.000990842,1787486100,-0.000353868,0.000369025,9.31198e-06,1,0.000330657,0,0.000300366,1,-0.000373758,0.000377339,3.53662e-05,1,-0.000435433,0.00041364,0,1
1787486340,0.000538497,9.86777e-05,0.000937045,-0.000143922,0.000569722,0.484577,0.000159888,0.000157052,0.0580047,-0.00102331,-0.00077063,-0.000403716,-0.000150085,-2.18661e-05,0.000122191,0.000396393,0.000842983,0.0010683,0.000153213,0.000154121,0.000153637,0.000154805,0.000136225,0.000152406,0.000163172,0.000166675,-0.000481276,0.00048104,4.56267e-05,0.000489874,8.18061e-06,0.000556101,0.500634,-0.00101975,-0.00042336,0.000391503,0.00108607,1787486100,-0.000380754,0.000462809,7.48091e-05,1,-0.000357289,0.000361706,3.23507e-05,0,-0.000352774,0.000297421,0,1,-0.000421323,0.00037203,0,1
1787486400,-0.00043982,-4.52062e-05,1.23286e-05,-0.000554945,0.000569114,0.479354,0.000123005,0.000122753,0.0560232,-0.00111053,-0.000868524,-0.000453413,-0.000179741,-3.29264e-05,0.000128835,0.000434701,0.000941134,0.00118593,0.000126934,0.000126666,0.000126985,0.000143409,0.000145566,0.000125103,0.000118595,0.00011497,-0.000536219,0.000609439,0.000157252,-0.000546107,0.000642825,0.000288147,0.493441,-0.00107666,-0.00046556,0.000414198,0.00113488,1787486400,-0.000423538,0.000525769,6.73031e-05,1,-0.000376833,0.000444595,7.7254e-05,1,0.000375319,4.33052e-06,0.000380959,1,0.00034901,0,0.000303788,1
1787486460,-0.0010366,0,4.93352e-05,-0.0010366,0.000566817,0.490136,0.000340469,0.000352485,0.0548936,-0.000884557,-0.000646659,-0.000318848,-0.000117828,-1.13002e-05,0.000105512,0.000336582,0.00073598,0.000910322,0.000344289,0.000356088,0.000338232,0.000333443,0.000337839,0.000357642,0.000343809,0.000338879,-0.0003951,0.000364124,4.54548e-06,-0.000381915,0.000300969,0,0.496054,-0.000822304,-0.000335476,0.000304948,0.000853187,1787486400,-0.000480261,0.000561475,2.65757e-05,0,-0.00040922,0.000502968,7.05653e-05,1,-0.000373244,0.000452818,6.47199e-05,1,0.000399901,0,0.000371948,1
1787486520,0.000617154,0,0.00118871,-0.000193453,0.000579955,0.503824,0.000174135,0.00017166,0.0504827,-0.000946169,-0.000674128,-0.000327064,-0.00011495,4.52513e-06,0.000122479,0.000385679,0.000774086,0.000943824,0.000175208,0.000176105,0.00017619,0.000175585,0.000165424,0.000178095,0.000169312,0.000176653,0.000432478,3.07867e-07,0.00039223,0.000456389,0,0.000365939,0.501139,-0.000956208,-0.00038332,0.000369588,0.000980838,1787486400,-0.000355629,0.000386695,0,1,0.000495278,0.000125594,0.000459076,1,-0.000410482,0.000500845,6.07233e-05,1,-0.000441958,0.000452933,0,1
1787486580,-0.00115233,-1.23394e-05,-1.23394e-05,-0.00169603,0.000580722,0.493962,0.000375016,0.000386108,0.0450213,-0.0010168,-0.000753772,-0.000371372,-0.000128768,-8.23837e-06,0.000127134,0.000413622,0.000861885,0.00106605,0.000400401,0.000408017,0.000365639,0.000350901,0.000384698,0.000362523,0.000380793,0.000389469,-0.000474631,0.00047811,0,0.000519837,0,0.000489173,0.502912,-0.00105304,-0.00043067,0.000423251,0.0011372,1787486400,0.000416894,2.92345e-05,0.000412464,1,0.000383502,1.09733e-06,0.000369204,0,-0.000492072,0.000486092,9.76907e-05,1,-0.000478623,0.000500663,0,1
1787486640,-0.000572543,-1.64715e-05,9.05883e-05,-0.000646709,0.000597537,0.513292,0.000170234,0.000171542,0.0556392,-0.00108206,-0.000790885,-0.000380299,-0.000122918,1.84768e-05,0.000168748,0.000460089,0.000906864,0.00111718,0.000163387,0.000163899,0.000165458,0.000163886,0.00016912,0.000167287,0.000183138,0.000167185,0.000512366,1.69351e-05,0.000465703,0.000561671,0,0.000446178,0.510138,-0.00113439,-0.000451341,0.000452827,0.00117793,1787486400,-0.000493221,0.000536988,1.96758e-05,0,0.000440549,0,0.000436856,1,-0.000394706,0.0003997,0,0,0.000520674,7.37015e-05,0.000483371,0
1787486700,6.1801e-05,0.000119478,0.0005396,-0.000168942,0.000597047,0.50892,5.94745e-05,5.96735e-05,0.0577393,-0.000949185,-0.000685282,-0.000326172,-0.000109919,1.05189e-05,0.000132963,0.000373587,0.000765856,0.000935094,6.06981e-05,5.92932e-05,7.88349e-05,6.36493e-05,7.70537e-05,9.5419e-05,5.44397e-05,5.21204e-05,0.000425476,0,0.000330555,0.000455264,0,0.000335858,0.502462,-0.000967001,-0.000380906,0.000375788,0.000987331,1787486700,0.000482187,0.000102435,0.00047623,1,-0.00045797,0.000535774,1.71896e-05,1,0.000437623,2.28103e-05,0.000410947,1,-0.000405071,0.00039081,0,0
1787486760,-0.00118312,-4.53204e-05,-4.53204e-05,-0.00231809,0.000591111,0.507341,0.00041389,0.000422678,0.0525666,-0.00093389,-0.000667215,-0.000320472,-0.00010242,7.7166e-06,0.000129617,0.000373699,0.000741508,0.000925227,0.000415261,0.000419055,0.000372559,0.000393234,0.000375839,0.000355651,0.000419462,0.000443327,0.000422052,0,0.000342388,0.000484271,0,0.00036752,0.501386,-0.00101606,-0.000406667,0.000389101,0.00103512,1787486700,0.000422063,8.43592e-06,0.000381186,1,0.000495929,3.8129e-05,0.000478796,1,-0.000442266,0.000519123,1.047e-05,0,0.000434136,3.06826e-05,0.000394996,0
1787486820,-0.00015263,0.000103115,0.000103115,-0.00161824,0.000608621,0.522094,9.32644e-05,9.15467e-05,0.0705767,-0.00126313,-0.000901724,-0.000422605,-0.000122754,3.41219e-05,0.0002214,0.000540813,0.0010445,0.00128747,6.75133e-05,6.8954e-05,8.81177e-05,9.93125e-05,8.21922e-05,0.000110666,0.000105988,9.20145e-05,0.000592236,6.80752e-05,0.000503304,0.000623463,8.36177e-05,0.000496082,0.515951,-0.00124099,-0.000481009,0.00051236,0.0013099,1787486700,0.000460882,3.3899e-05,0.000432712,1,0.000430205,3.13596e-05,0.000378663,1,0.000482076,6.08719e-05,0.000454607,1,0.000496338,3.01797e-05,0.000441647,0
1787486880,0.0002145,9.90058e-05,0.000276367,-0.000581857,0.000602891,0.512931,8.51575e-05,8.61891e-05,0.0653513,-0.00118792,-0.000857682,-0.000382676,-0.000128639,1.87462e-05,0.00018306,0.000491231,0.000970761,0.00121977,8.00268e-05,7.88853e-05,9.19066e-05,0.000101937,9.50687e-05,0.000106741,7.71693e-05,7.96387e-05,0.000538219,0,0.000426774,0.00058994,4.20937e-05,0.00048007,0.513933,-0.00118667,-0.000457736,0.000495945,0.00127578,1787486700,0.000533029,0.000114523,0.000533344,1,0.000427152,7.54695e-05,0.000428535,1,0.00045258,3.74471e-05,0.000368411,1,0.000485215,9.34685e-05,0.000445889,1
1787486940,0.000226825,5.36179e-05,0.000280431,-4.12457e-06,0.000597602,0.507666,8.27133e-05,8.3125e-05,0.0584725,-0.00103745,-0.000747853,-0.000353846,-0.000120774,9.72784e-06,0.000152296,0.000425521,0.000829946,0.00102649,8.20485e-05,8.02669e-05,9.05872e-05,9.24931e-05,9.52657e-05,0.000101298,7.69147e-05,7.60277e-05,0.000475405,0,0.000417142,0.000487637,0,0.000387996,0.503629,-0.00102565,-0.000403443,0.000406256,0.001069,1787486700,0.000524499,7.94728e-05,0.000534208,1,0.000555956,2.94001e-05,0.000519839,1,0.000469473,5.00526e-05,0.00042573,1,0.000450075,0,0.000386629,1
1787487000,-0.00117592,4.12362e-06,0.000531806,-0.00117592,0.000592465,0.500997,0.000406788,0.00041449,0.0544038,-0.000945009,-0.000688787,-0.000312747,-0.000106825,1.55158e-07,0.000126327,0.000347934,0.000726084,0.000897496,0.000410519,0.000414879,0.000380609,0.000415984,0.000364085,0.000363846,0.000400127,0.000415515,0.000401864,0,0.000369118,-0.00036365,0.000262956,0,0.495445,-0.000794216,-0.000313106,0.000293589,0.000787499,1787487000,0.000470022,3.8348e-05,0.000453761,1,0.000540604,7.04455e-05,0.000475147,1,0.000540952,3.50305e-05,0.00048541,1,0.000493,4.63874e-05,0.000428388,1
1787487060,-0.000545108,-4.9543e-05,9.90786e-05,-0.00132199,0.000609631,0.519616,0.000167486,0.0001671,0.0622368,-0.00122645,-0.000874967,-0.000415708,-0.000132397,3.17144e-05,0.00021352,0.000505791,0.000963707,0.00118888,0.000154295,0.000156158,0.000157673,0.000156558,0.000142195,0.000165477,0.000180107,0.000174481,0.000564909,8.79054e-05,0.000502805,0.000569066,3.29335e-05,0.000446744,0.506333,-0.00116884,-0.000464723,0.000463011,0.00119154,1787487000,0.000371173,0,0.000292263,0,0.000467361,4.0312e-05,0.000424235,1,0.000510388,7.62341e-05,0.000468622,1,0.000533372,5.61802e-05,0.000471502,1
1787487120,-0.000272665,0.000243683,0.000243683,-0.000843024,0.000608408,0.515442,0.000106654,0.000104295,0.0579029,-0.00116323,-0.000837691,-0.000393244,-0.000133285,2.38966e-05,0.000203002,0.000486466,0.000957386,0.00117768,8.73308e-05,8.87103e-05,0.000102442,0.00010527,8.87104e-05,0.000117706,0.000116996,0.000106908,0.000540196,4.21599e-05,0.000447995,0.00053839,2.04089e-05,0.000418646,0.508541,-0.00111831,-0.000431441,0.000461514,0.0011746,1787487000,0.000484789,7.10242e-05,0.000450981,1,0.000367043,0,0.000310792,0,0.000494899,5.25276e-06,0.000434377,1,0.00054048,1.38765e-05,0.000473247,1
1787487180,0.000788873,-7.43762e-05,0.00132957,-0.000107434,0.000603526,0.519847,0.000211208,0.000211771,0.0520967,-0.00109056,-0.000776182,-0.000359136,-0.000116556,2.82636e-05,0.000193557,0.000459371,0.000867062,0.00106587,0.000230963,0.000230824,0.000224444,0.000224075,0.000242081,0.000227767,0.000202736,0.000194951,0.000504424,0,0.000413441,0.000502315,0,0.000372302,0.503626,-0.00106277,-0.000414155,0.000426302,0.00108828,1787487000,0.000500275,3.2384e-05,0.000505441,1,0.00050285,4.48822e-06,0.000476852,1,0.000411971,0,0.000313978,1,0.000497057,2.83184e-05,0.000436321,1
1787487240,0.000218792,-4.12861e-06,0.000408648,-8.67043e-05,0.000607787,0.497145,8.71539e-05,8.81129e-05,0.0457409,-0.00112637,-0.000835586,-0.000413146,-0.000147958,-5.18593e-06,0.000159916,0.000452072,0.000883113,0.00109018,8.07579e-05,7.98971e-05,9.11889e-05,9.42445e-05,9.66514e-05,0.000106299,8.55604e-05,8.2278e-05,-0.000523389,0.00055685,0,-0.000548218,0.000530584,0,0.495654,-0.00112189,-0.000464165,0.000439302,0.00115657,1787487000,0.000478173,5.40576e-06,0.000464836,1,0.000520957,0,0.000488626,1,0.000514552,6.77087e-06,0.000446131,1,0.000410646,0,0.000328726,1
1787487300,-0.000615216,-3.71499e-05,-8.25542e-06,-0.000937426,0.000602474,0.495207,0.000173844,0.000173342,0.0431742,-0.00106212,-0.000810948,-0.000396654,-0.000146302,-7.02399e-06,0.000139306,0.000381044,0.000771099,0.000970493,0.000173733,0.000175546,0.000176471,0.000175088,0.000164813,0.000179559,0.000173285,0.0001723,-0.000468662,0.000435897,8.08588e-06,-0.000479559,0.000356094,0,0.492825,-0.00101838,-0.000421956,0.000373077,0.000985045,1787487300,0.000515257,1.19682e-05,0.000469651,1,0.000485626,0,0.000433505,1,0.000508976,0,0.000464179,1,0.000514192,0,0.000441599,1
1787487360,0.000425324,0,0.000520274,0,0.000602731,0.502758,0.000118407,0.000118293,0.0412792,-0.00103424,-0.000744667,-0.000363449,-0.000133326,3.24738e-06,0.000155586,0.000405419,0.000803185,0.000993574,0.000123728,0.00012332,0.000123347,0.000122795,0.000134743,0.000132411,0.000110587,0.00011716,0.000466563,8.79192e-06,0.000416248,-0.000464946,0.000384396,0,0.495429,-0.000986912,-0.000396779,0.000378629,0.000994576,1787487300,0.000507679,0,0.00039205,1,0.000482403,3.60263e-05,0.000446337,1,0.000506385,0,0.000423417,1,0.000517462,0,0.000440839,1
1787487420,0.000462283,4.54122e-05,0.000639709,-9.90884e-05,0.000599698,0.492416,0.00013345,0.00013239,0.041935,-0.00092452,-0.000672128,-0.000327708,-0.000119438,-9.5818e-06,0.000116799,0.000340179,0.00069566,0.000870435,0.000133995,0.000133545,0.000133433,0.000132114,0.000141208,0.000136418,0.000129445,0.000137825,-0.000402327,0.000403335,0,-0.000402729,0.00030843,0,0.492649,-0.000864608,-0.000346703,0.000330613,0.000868841,1787487300,0.00043606,1.22283e-05,0.000398086,1,0.000448249,0,0.000395624,1,0.000517119,0,0.000440334,1,0.000488202,2.594e-06,0.000411721,1
1787487480,0.000325946,4.53912e-05,0.000325946,-0.000454026,0.000597259,0.492218,9.88247e-05,9.8818e-05,0.0443453,-0.000975611,-0.000720252,-0.000355614,-0.00013215,-1.06147e-05,0.000127057,0.00035771,0.000737332,0.000912813,9.81884e-05,9.65305e-05,0.000103137,9.88381e-05,0.000110415,0.000106229,9.77751e-05,0.000103964,-0.000428278,0.000437232,0,-0.00045163,0.000370837,0,0.491943,-0.000954369,-0.00039355,0.000364471,0.000974976,1787487300,0.000428054,0,0.00035315,1,0.00047398,0,0.000425044,1,0.000440243,2.01304e-05,0.000398245,1,0.000531984,0,0.000449705,1
1787487540,-0.000185652,0,8.6626e-05,-0.000354832,0.000593051,0.499394,7.50274e-05,7.40851e-05,0.0479946,-0.000948722,-0.000676767,-0.000325752,-0.000119407,-1.72407e-06,0.000136858,0.000360868,0.000739163,0.000907326,7.32581e-05,7.2452e-05,7.86861e-05,7.45191e-05,8.03783e-05,7.70332e-05,7.75967e-05,7.22381e-05,-0.000416625,0.000432138,0,-0.000441675,0.000386179,0,0.493388,-0.00093365,-0.000380123,0.000365872,0.000987706,1787487300,0.000460417,0,0.000406408,1,0.000415593,0,0.000373607,1,0.000472348,0,0.000431045,1,0.000475159,0,0.000373383,1
1787487600,4.12591e-05,5.36364e-05,0.000317651,-9.49023e-05,0.000587677,0.493779,5.29351e-05,5.33595e-05,0.0495026,-0.000867079,-0.000617926,-0.000297146,-0.000117464,-7.4683e-06,0.000112004,0.00031195,0.000657875,0.000817531,5.91333e-05,5.62296e-05,6.1825e-05,5.31853e-05,7.26266e-05,5.75562e-05,5.05322e-05,4.91583e-05,-0.000367518,0.000348782,0,-0.000380159,0.000290502,0,0.487982,-0.000833736,-0.000333997,0.000306566,0.000839583,1787487600,0.000439481,2.39784e-05,0.000410256,1,0.000447084,0,0.000420078,1,0.00042648,0,0.000363323,1,0.000481626,0,0.000424298,1
1787487660,0.00030114,-4.53851e-05,0.00030114,-4.53851e-05,0.0005818,0.497531,8.88145e-05,8.69269e-05,0.0552128,-0.000811604,-0.000584176,-0.000276181,-0.000101638,-2.95688e-06,0.000104167,0.000292491,0.000626435,0.00077082,9.39313e-05,9.07191e-05,9.26205e-05,8.70745e-05,0.000103969,8.88987e-05,8.75323e-05,9.19628e-05,-0.000343563,0.000332928,0,-0.000370442,0.000289526,0,0.488182,-0.000820501,-0.0003256,0.000300954,0.000830188,1787487600,0.000382691,0,0.000341275,1,0.000459328,0,0.00041069,1,0.000465766,0,0.000422112,1,0.000445128,0,0.000355816,1
1787487720,-0.000581735,0,5.77424e-05,-0.000581735,0.000577525,0.500547,0.000167978,0.000171261,0.063955,-0.000780416,-0.000561775,-0.000248707,-8.37942e-05,-6.61335e-07,0.000100836,0.000286989,0.00060076,0.000736637,0.000164778,0.000165993,0.000166092,0.000172133,0.000160676,0.000164193,0.00016752,0.00017391,0.000327257,6.56131e-06,0.000304894,-0.000318844,0.000270692,0,0.487369,-0.000704726,-0.000272318,0.000260725,0.000706564,1787487600,0.000380138,4.67426e-06,0.00036313,1,0.000403549,0,0.000362936,1,0.000453582,0,0.000431202,1,0.000480597,0,0.000406814,1
1787487780,0.000598233,7.84095e-05,0.000602357,7.84095e-05,0.000577609,0.4964,0.000173093,0.000170198,0.0531188,-0.000836034,-0.000592338,-0.000283959,-0.000113569,-3.64024e-06,0.000103026,0.000291838,0.000600246,0.000751839,0.000171391,0.000170959,0.000170406,0.000171702,0.000176798,0.000169021,0.000171781,0.000186906,-0.000346615,0.000342936,0,-0.000366103,0.000295537,0,0.483254,-0.000812866,-0.00032616,0.000291775,0.000792587,1787487600,0.000345482,0,0.000284495,1,-0.000383047,0.000373087,1.59604e-05,1,0.000417017,0,0.000379226,1,0.000479231,0,0.000429924,1
1787487840,-0.000639504,0,0,-0.000742688,0.000578029,0.496639,0.000188683,0.000193063,0.0531781,-0.000748177,-0.000547718,-0.000252615,-9.10839e-05,-3.8535e-06,9.62731e-05,0.000281038,0.000566304,0.000709588,0.000180648,0.00018202,0.000182379,0.000197087,0.000176933,0.000180758,0.000187564,0.000193511,-0.000324113,0.000304219,0,-0.00036256,0.000269939,0,0.486152,-0.000776728,-0.000314137,0.000292626,0.00078216,1787487600,0.000355182,3.85679e-06,0.00032907,1,0.000342474,0,0.000298724,1,0.000394724,0,0.000404287,1,0.000405239,0,0.000378243,1
1787487900,-0.000317841,0,0.000169199,-0.00044996,0.000579322,0.500539,9.23163e-05,9.23807e-05,0.044965,-0.000852211,-0.000607055,-0.000296755,-0.000113976,7.33129e-07,0.000112803,0.000313517,0.000614598,0.000782652,9.48268e-05,9.31089e-05,9.97104e-05,9.11987e-05,9.79867e-05,9.36879e-05,9.85963e-05,8.73181e-05,0.00036832,0,0.000351705,-0.000405071,0.000356726,0,0.486715,-0.000895453,-0.000355321,0.000329239,0.000879863,1787487900,0.000381598,0,0.000318833,1,0.00037626,0,0.000346416,1,0.000356139,0,0.000289215,1,0.000412723,0,0.000380161,1
1787487960,-0.000536844,-4.12847e-06,0.000293078,-0.000644247,0.000575259,0.497928,0.000154316,0.000153472,0.0437615,-0.00083274,-0.000593889,-0.000287227,-0.00011221,-2.39946e-06,0.000110178,0.0003116,0.000614906,0.000772005,0.00015184,0.000153297,0.000153554,0.000152073,0.000141554,0.000152093,0.00016128,0.000151066,-0.000362325,0.000350813,0,-0.000400005,0.000342736,0,0.489061,-0.000879748,-0.000344763,0.000332028,0.000886413,1787487900,0.000384994,1.4149e-05,0.000349967,1,0.000368759,0,0.000324093,0,0.00039889,0,0.000347873,1,0.000338579,0,0.000290114,1
1787488020,0.000218902,4.13067e-06,0.000231291,-0.000210687,0.000574516,0.509559,7.51493e-05,7.61132e-05,0.0424296,-0.000930802,-0.000648587,-0.00032666,-0.000117267,1.21518e-05,0.000139166,0.000376315,0.000699561,0.000844712,8.05454e-05,7.62342e-05,8.13088e-05,7.91366e-05,9.36797e-05,7.57652e-05,6.90197e-05,7.34462e-05,0.000426303,9.01545e-06,0.000364955,-0.000445035,0.000433008,0,0.495584,-0.000963441,-0.000375954,0.000373322,0.00097002,1787487900,0.000390636,1.63177e-06,0.000359338,1,0.000401682,0,0.000355531,1,0.000381908,0,0.000322777,1,0.000367422,3.10751e-05,0.000350669,1
1787488080,0.000652292,1.23892e-05,0.000660546,1.23892e-05,0.000569583,0.500259,0.000187347,0.000185379,0.0421896,-0.000807523,-0.000580809,-0.000278072,-0.00010055,-4.62633e-07,0.000113376,0.000313474,0.000620514,0.000771194,0.000186734,0.000185886,0.000185452,0.000190344,0.000196523,0.000187388,0.000182675,0.000194115,0.000359263,0,0.000310234,-0.000373668,0.000304055,0,0.493838,-0.000815983,-0.000313757,0.000318332,0.000831729,1787487900,0.000414668,2.29971e-05,0.000393685,1,0.000398789,9.53635e-06,0.00036535,1,0.000416412,0,0.000356831,1,0.000364567,9.85196e-06,0.00033228,1
1787488140,-0.000148586,8.25413e-06,7.84115e-05,-0.000148586,0.000571355,0.499064,6.21007e-05,6.11612e-05,0.0411186,-0.000817457,-0.000596559,-0.00029193,-0.000108847,-9.84121e-07,0.000106814,0.000305316,0.000623368,0.000769378,6.66885e-05,6.39773e-05,7.03665e-05,5.87524e-05,7.26396e-05,6.41063e-05,6.26604e-05,6.01423e-05,-0.000360041,0.000363479,0,-0.000393073,0.000333971,0,0.48838,-0.000842573,-0.000343639,0.000320471,0.000848977,1787487900,0.000387219,0,0.000341024,1,0.000408942,3.06323e-05,0.000388301,1,0.000392235,2.94187e-05,0.000365639,1,0.000378373,4.61046e-05,0.000357217,1
1787488200,0.000206363,9.08052e-05,0.00029715,6.19135e-05,0.000566003,0.491816,7.10545e-05,7.14318e-05,0.0402489,-0.000830407,-0.0006059,-0.000303045,-0.000123484,-8.63895e-06,0.000100047,0.000275694,0.000569618,0.000717989,7.83925e-05,7.32712e-05,7.73123e-05,6.77038e-05,8.77073e-05,7.22752e-05,7.06e-05,7.05177e-05,-0.000351207,0.000289246,1.74303e-06,-0.000336303,0.000243542,0,0.479739,-0.000758921,-0.00031167,0.000254385,0.000702925,1787488200,0.000390905,0,0.000327133,1,0.000379251,0,0.000330544,1,0.000401012,4.00705e-05,0.00037429,1,0.000392907,1.30722e-05,0.000365385,1
1787488260,0.000148555,0,0.000198069,0,0.000561074,0.495195,5.72645e-05,5.7065e-05,0.0411884,-0.000748795,-0.000529568,-0.000253099,-9.88599e-05,-4.8223e-06,9.42559e-05,0.000257697,0.000533883,0.000677336,6.83113e-05,6.30849e-05,6.59911e-05,5.47703e-05,7.67394e-05,6.20172e-05,5.47877e-05,5.46873e-05,-0.000307187,0.000280752,0,-0.000311645,0.000222786,0,0.484414,-0.000689351,-0.000270685,0.00024431,0.000673568,1787488200,0.000370798,0,0.000298594,1,0.000368012,1.28527e-05,0.000316487,1,0.000373456,2.73229e-06,0.000334264,1,0.000398484,4.89579e-05,0.00037185,1
1787488320,0.000185663,-4.12624e-06,0.000292919,-0.000198079,0.000555832,0.49654,6.16857e-05,6.09199e-05,0.0430658,-0.0007015,-0.000495072,-0.00023779,-8.99916e-05,-3.20906e-06,8.71198e-05,0.000236039,0.000499446,0.000629422,7.42016e-05,6.86889e-05,7.0538e-05,5.65918e-05,8.17999e-05,6.78423e-05,5.90807e-05,6.11983e-05,-0.000284593,0.000247735,0,-0.000284143,0.000208041,0,0.4847,-0.000629052,-0.00024223,0.000219013,0.000600283,1787488200,0.000330793,0,0.00027618,1,0.000344694,0,0.00030076,1,0.000380158,1.31012e-06,0.000319844,1,0.000368155,1.66361e-05,0.000338967,1
1787488380,-0.000127898,-7.83869e-05,0.000630997,-0.000334218,0.000550871,0.504583,5.46228e-05,5.42188e-05,0.0462641,-0.000737388,-0.000523849,-0.000249108,-9.39969e-05,4.25655e-06,0.000106977,0.000267114,0.000552017,0.000681813,6.35602e-05,5.85295e-05,6.04272e-05,5.22749e-05,6.82132e-05,5.80854e-05,5.29461e-05,5.36945e-05,0.00031258,0,0.000315336,-0.000348694,0.000296047,0,0.48737,-0.000766787,-0.000303957,0.000286472,0.000780305,1787488200,0.000310225,0,0.000254146,1,0.00032333,0,0.000301322,1,0.000347139,1.42858e-05,0.000310415,1,0.000365044,1.67594e-05,0.000344329,1
1787488440,0.000383644,0,0.000387768,-0.000103155,0.000545635,0.505619,0.000110083,0.000107912,0.0482851,-0.000833287,-0.000587268,-0.000289124,-0.000107461,6.2437e-06,0.00012109,0.000308425,0.000646581,0.000777643,0.000111305,0.000110769,0.000109997,0.000110241,0.000115739,0.000108805,0.000108451,0.000111007,0.000361173,2.52184e-05,0.000370641,-0.000370944,0.000365002,0,0.489488,-0.000818308,-0.000327595,0.000305811,0.000830197,1787488200,0.000349634,1.15759e-05,0.000340014,1,0.000299809,0,0.000280592,1,0.00033568,0,0.000307442,1,0.000337349,2.50517e-06,0.000301671,1
1787488500,-0.000325881,-0.000144365,-0.000144365,-0.000486799,0.000542869,0.504644,9.49848e-05,9.58896e-05,0.0523201,-0.00073282,-0.000527231,-0.000259914,-8.90265e-05,3.83427e-06,0.000107983,0.000276698,0.000582128,0.000695841,9.64813e-05,9.46634e-05,9.46433e-05,9.34284e-05,9.68221e-05,9.2827e-05,9.52077e-05,9.69191e-05,0.000324245,0,0.00032167,-0.000310409,0.00025173,0,0.486023,-0.000677827,-0.000268189,0.000251986,0.000677585,1787488500,0.00033102,7.17915e-05,0.000390234,1,0.000353037,0,0.000351906,1,0.000320963,0,0.000277742,1,0.000340878,0,0.000314417,1
1787488560,-0.000445681,-8.25154e-06,-8.25154e-06,-0.000491085,0.000539385,0.505484,0.000128183,0.000128231,0.0497531,-0.00074643,-0.000527135,-0.000259592,-0.00010036,5.821e-06,0.000107213,0.00027111,0.000570244,0.000683081,0.000127457,0.000127715,0.00012767,0.000126517,0.000120111,0.000126116,0.000133483,0.000125256,0.000320081,0,0.000313282,-0.000295542,0.000238219,0,0.486521,-0.000665728,-0.000255057,0.000238635,0.000648318,1787488500,0.000315167,0,0.00030916,1,-0.00033814,0.00037967,8.24366e-05,1,0.000355747,0,0.000360268,1,0.000309276,0,0.000277573,1
1787488620,0.000231118,2.88927e-05,0.000264131,0,0.000537671,0.505628,7.13266e-05,7.09741e-05,0.0448885,-0.000776099,-0.000532314,-0.000263475,-9.4267e-05,5.43925e-06,0.000107108,0.000283662,0.000578776,0.000693387,8.176e-05,7.44793e-05,7.67218e-05,6.9566e-05,8.80761e-05,7.58174e-05,6.60818e-05,7.31343e-05,0.000330791,4.73283e-07,0.000298376,-0.000312615,0.000293358,0,0.48707,-0.000712306,-0.000272233,0.000260378,0.000694905,1787488500,0.00028788,7.67788e-06,0.000289641,1,0.000316617,0,0.000316065,1,0.000340223,5.51066e-05,0.00041664,1,0.000353738,1.20363e-05,0.000352385,1
1787488680,-0.000193971,4.95184e-05,0.000247568,-0.000198098,0.00053327,0.50316,6.5214e-05,6.43193e-05,0.0461734,-0.000729902,-0.00050044,-0.000238803,-8.51424e-05,2.18174e-06,0.000101528,0.000260806,0.000535951,0.000645284,7.45345e-05,6.77809e-05,7.03396e-05,6.0074e-05,7.11661e-05,6.9331e-05,6.7783e-05,6.3272e-05,0.000302976,0,0.000253482,-0.000282889,0.000239615,0,0.490453,-0.000637958,-0.000237203,0.000235043,0.000619048,1787488500,0.000297383,0,0.000295808,1,0.000310058,0,0.000299717,1,0.000325135,0,0.000316678,1,0.000366968,4.24845e-05,0.000397853,1
1787488740,0.00106844,-4.12745e-06,0.00110967,-4.12745e-06,0.000528622,0.498118,0.000408502,0.000411832,0.04398,-0.000723637,-0.000491791,-0.000242734,-9.95631e-05,-1.65803e-06,9.39937e-05,0.000242623,0.000508003,0.000623792,0.000353505,0.000383277,0.000375605,0.000415934,0.000374651,0.00038191,0.000420219,0.000417203,-0.000291235,0.000247648,0,-0.000317212,0.000288367,0,0.483406,-0.000730967,-0.000285415,0.000255611,0.000696864,1787488500,0.000293038,0,0.000261514,0,0.000317915,0,0.00029397,1,0.000320344,0,0.0003091,1,0.000311791,1.84914e-05,0.000317299,1
1787488800,0.000494641,4.12302e-06,0.000577058,4.12302e-06,0.000544687,0.496021,0.000143079,0.000140688,0.0473026,-0.000812093,-0.000577293,-0.000292099,-0.000116703,-4.2811e-06,0.000106616,0.000304125,0.000627375,0.000774712,0.000141871,0.000141653,0.000141777,0.000140253,0.000142208,0.000142791,0.0001475,0.000142304,-0.000359045,0.000361221,2.10563e-05,-0.000415264,0.000404001,0,0.47962,-0.000882789,-0.000367897,0.00033151,0.000903064,1787488800,0.000296985,9.26169e-06,0.000297343,0,0.000282194,0,0.000262096,0,0.000317221,0,0.000290938,0,0.000303535,1.83624e-05,0.000310216,1
1787488860,0.000140104,6.1813e-05,0.000580891,-5.35743e-05,0.000543731,0.492077,6.12502e-05,5.99695e-05,0.0474325,-0.000827511,-0.000577879,-0.000292063,-0.000124873,-8.99925e-06,0.000106764,0.000283507,0.000587058,0.000748342,6.6525e-05,6.00061e-05,6.95532e-05,5.18169e-05,6.89729e-05,6.75409e-05,6.14457e-05,6.59401e-05,-0.000346829,0.000312603,0,-0.000370689,0.000346999,0,0.480966,-0.000814471,-0.000335584,0.000293506,0.000818002,1787488800,0.000397632,7.21192e-06,0.000382899,1,0.000296431,1.89055e-05,0.000304183,0,0.000286676,0,0.000255596,0,0.000302167,0,0.000296,0
1787488920,0.000481972,0,0.000481972,-0.000292592,0.000538631,0.497247,0.000141131,0.000137517,0.0434226,-0.000839767,-0.000585136,-0.000284101,-0.000113465,-3.69677e-06,0.000118393,0.000290935,0.00062534,0.000813185,0.000138255,0.000138013,0.000137949,0.000136729,0.000134787,0.000137238,0.000144621,0.000144739,-0.000346134,0.000329185,0,-0.000394982,0.000394152,1.25807e-05,0.482051,-0.000864785,-0.000354642,0.000315203,0.000897412,1787488800,0.000358439,2.29897e-05,0.000317918,1,0.00037144,5.43048e-05,0.000343588,1,0.0003092,8.92608e-06,0.00030227,0,0.000284819,0,0.000260564,0
1787488980,0.000403525,-3.2948e-05,0.00048174,-3.2948e-05,0.000537556,0.498922,0.000117432,0.000112976,0.0449855,-0.000821295,-0.000594973,-0.000290199,-0.00011306,-2.03569e-06,0.000126252,0.000326118,0.000665253,0.000848637,0.000116345,0.000116072,0.000115862,0.000114881,0.000109914,0.000115285,0.000119142,0.000119819,-0.00037427,0.000355704,0,-0.000394462,0.000414498,1.00271e-05,0.485557,-0.000850672,-0.000344251,0.000326296,0.000905553,1787488800,0.000369429,5.67495e-05,0.000372691,1,0.000341581,2.55474e-05,0.000316845,1,0.000368687,4.55902e-05,0.000350491,1,0.000311846,7.55829e-06,0.000307913,0
1787489040,-0.000333514,-4.11678e-06,-4.11678e-06,-0.000333514,0.000535205,0.492832,9.34316e-05,9.58817e-05,0.0459743,-0.000795325,-0.000575805,-0.000284613,-0.000114963,-8.77312e-06,0.000113727,0.000295956,0.000598515,0.000785946,9.78981e-05,9.66681e-05,0.000100038,9.51412e-05,0.00010369,9.5557e-05,9.03765e-05,9.25112e-05,-0.000349908,0.000301096,0,-0.000356934,0.00033921,1.84715e-06,0.483524,-0.000782005,-0.000318936,0.000287471,0.000809738,1787488800,0.00038545,3.71314e-05,0.000385393,1,0.000363172,5.06078e-05,0.000390666,1,0.000351381,6.11599e-06,0.000323382,1,0.000365114,2.65442e-05,0.000377053,1
1787489100,-0.000626153,0,0,-0.000758025,0.000531921,0.498696,0.000176955,0.000182392,0.0406494,-0.000807442,-0.00057986,-0.000280735,-0.000107547,-1.8357e-06,0.000112764,0.000277904,0.000568338,0.000721494,0.000177626,0.000183468,0.000178344,0.000203263,0.000180916,0.000177067,0.000174112,0.000175007,-0.000335613,0.000254927,0,-0.000317167,0.000286714,2.42276e-05,0.479696,-0.000725209,-0.000294113,0.000249193,0.000704467,1787489100,0.000359247,1.68128e-05,0.000331029,1,0.000380152,3.6618e-05,0.000360141,1,-0.000354085,0.000405381,4.83882e-05,1,0.000340403,1.79517e-05,0.000342074,1
1787489160,0.000177175,-4.94499e-05,0.000300767,-0.0003833,0.000533969,0.513182,6.37364e-05,6.2182e-05,0.0385477,-0.000794862,-0.00054637,-0.000264835,-9.71905e-05,1.44328e-05,0.000129946,0.000316039,0.000619298,0.000773086,7.28813e-05,6.53243e-05,7.36183e-05,5.97266e-05,7.33966e-05,6.87219e-05,6.19933e-05,6.32932e-05,0.000354795,0,0.000281088,-0.000358232,0.000370273,0,0.492131,-0.000800478,-0.00030843,0.000303692,0.000814584,1787489100,0.000333084,0,0.0003139,1,0.000340914,1.13248e-05,0.00033176,1,-0.000362014,0.00038856,6.26526e-06,1,0.000385068,5.86935e-07,0.000398231,1
1787489220,-0.000428571,-2.88404e-05,-2.88404e-05,-0.000556353,0.000529196,0.509245,0.000125884,0.000127184,0.0367738,-0.000781418,-0.000544715,-0.000260991,-9.45647e-05,9.335e-06,0.000127781,0.000306892,0.00061391,0.000765426,0.000122716,0.000122764,0.000123205,0.000121618,0.000122715,0.000121637,0.000130713,0.000127611,0.000346955,0,0.000285988,-0.000369705,0.000345156,0,0.495479,-0.000806484,-0.000312441,0.000313894,0.0008373,1787489100,0.000324021,3.71071e-05,0.000347777,1,0.000320616,2.08484e-05,0.000293618,1,-0.000343361,0.000335252,0,1,0.000358886,2.71506e-05,0.000366439,1
1787489280,-0.000251459,4.12175e-06,9.89173e-05,-0.000317426,0.000527371,0.513748,7.716e-05,7.73299e-05,0.0359929,-0.000756605,-0.000526146,-0.000257833,-9.56179e-05,1.49048e-05,0.000121325,0.000290707,0.000571489,0.00070882,8.40553e-05,7.71356e-05,8.46697e-05,7.20661e-05,8.43618e-05,7.97204e-05,8.18979e-05,7.70474e-05,0.000333582,0,0.000265639,-0.000332416,0.000308651,0,0.492277,-0.000750787,-0.000289112,0.000277505,0.000742717,1787489100,0.000349291,3.95704e-05,0.000381898,1,0.000342586,2.66874e-05,0.000338895,1,0.000306552,3.56896e-05,0.000292999,1,0.000331398,1.57575e-05,0.00032462,1
1787489340,-7.83361e-05,-7.83361e-05,4.12278e-06,-0.000296885,0.000523281,0.507857,4.68466e-05,4.84571e-05,0.0353747,-0.000746234,-0.000508968,-0.000246167,-9.61758e-05,7.99065e-06,0.000114741,0.000276766,0.000552883,0.000687077,6.0553e-05,4.99106e-05,5.85322e-05,4.00567e-05,6.15812e-05,5.46644e-05,4.86093e-05,4.70159e-05,0.000318115,0,0.000235211,-0.000312883,0.000281504,0,0.491288,-0.000713762,-0.000272204,0.000260911,0.000703723,1787489100,0.00030163,2.72587e-05,0.000312325,1,0.000339835,4.84118e-05,0.000358811,1,0.000326301,3.94678e-05,0.000326528,1,0.000310965,9.5845e-06,0.000276347,1
1787489400,0.000272089,3.71074e-05,0.000383376,3.71074e-05,0.00051814,0.505621,7.81348e-05,7.52851e-05,0.035262,-0.000688492,-0.000474495,-0.000228146,-8.76879e-05,4.89394e-06,0.000104604,0.000261127,0.000523118,0.00064203,8.8741e-05,7.96146e-05,8.44011e-05,7.79685e-05,8.86613e-05,8.22208e-05,7.47659e-05,8.04603e-05,0.000297976,0,0.000221821,-0.000305963,0.00022537,0,0.495223,-0.000690183,-0.000257467,0.000254127,0.000678399,1787489400,0.000287066,1.62779e-05,0.000290907,1,0.00031173,3.34562e-05,0.000298997,1,0.000325866,5.13394e-05,0.000352993,1,0.000340358,1.51134e-05,0.000323622,1
1787489460,0,1.23659e-05,0.000115409,-0.000181384,0.000514374,0.49898,3.93491e-05,4.04807e-05,0.0344539,-0.000689223,-0.000480459,-0.000236246,-9.22655e-05,-1.45076e-06,9.86492e-05,0.000254147,0.000505793,0.00063102,5.7057e-05,4.46198e-05,5.115e-05,3.36384e-05,5.60947e-05,4.97721e-05,3.76909e-05,3.70478e-05,-0.000296619,0.000218615,0,-0.000281365,0.000236393,0,0.489421,-0.000637153,-0.000244918,0.000227856,0.000622144,1787489400,0.000291273,2.47761e-05,0.000302428,1,0.000293432,4.03099e-05,0.000281745,1,0.000312829,2.98683e-05,0.000294479,1,0.000361383,3.33002e-05,0.000344263,1
1787489520,-8.24402e-06,-5.35874e-05,0.000197836,-7.41987e-05,0.000509204,0.504262,3.75823e-05,3.88609e-05,0.0345521,-0.000655697,-0.00045843,-0.000218843,-8.55447e-05,3.55184e-06,9.71706e-05,0.000237167,0.000481194,0.000600291,5.64788e-05,4.42328e-05,4.94227e-05,3.25608e-05,5.54845e-05,5.00033e-05,3.43752e-05,3.55844e-05,0.000276491,0,0.000217384,-0.00028187,0.000224137,0,0.488907,-0.000645614,-0.000245231,0.000228771,0.000640705,1787489400,0.000277841,7.98239e-06,0.00027224,1,0.000293777,3.04297e-05,0.000303519,1,0.000289721,4.95647e-05,0.000278923,1,0.000323791,1.96432e-05,0.000306335,1
1787489580,-0.000338063,-2.88546e-05,-2.88546e-05,-0.000424659,0.000504087,0.497366,9.58949e-05,9.67295e-05,0.0347536,-0.000621796,-0.000431209,-0.000210151,-8.20711e-05,-2.56858e-06,8.41272e-05,0.000213319,0.000443628,0.000559849,9.8485e-05,9.7398e-05,9.76427e-05,9.58049e-05,9.64066e-05,9.6123e-05,9.13677e-05,9.93111e-05,-0.000254581,0.000141137,0,-0.000252218,0.000175979,0,0.481025,-0.000579556,-0.000223195,0.000187385,0.000540803,1787489400,0.000270285,3.63403e-05,0.000286774,1,-0.000267541,0.000286699,8.89024e-06,1,0.000316104,1.94967e-05,0.000310764,1,0.000322319,0,0.0002974,1
1787489640,-4.53587e-05,-7.42244e-05,-2.47408e-05,-0.000400052,0.000501306,0.50258,3.9795e-05,4.06138e-05,0.0361687,-0.00065613,-0.000446553,-0.000217361,-8.52151e-05,1.93427e-06,9.51568e-05,0.000238027,0.00048576,0.000596876,5.8551e-05,4.52411e-05,5.01903e-05,3.3496e-05,5.59619e-05,5.22297e-05,3.83045e-05,3.84079e-05,0.00027611,0,0.000217761,-0.000260445,0.000230184,0,0.485481,-0.000605348,-0.000226785,0.000211888,0.00058886,1787489400,0.000247511,2.21788e-05,0.000263072,1,0.000279504,3.79626e-05,0.000292469,1,0.000298823,0,0.000268792,1,0.000332616,1.46754e-05,0.000315542,1
1787489700,0.000597745,-4.12362e-06,0.000597745,-4.12362e-06,0.000496309,0.504809,0.000179014,0.000176257,0.0361635,-0.000641174,-0.000434746,-0.000204247,-7.73218e-05,3.2542e-06,9.90734e-05,0.000252073,0.000492639,0.000603611,0.00017046,0.000175429,0.000171708,0.000194025,0.000169746,0.000168273,0.000173209,0.000182877,0.000279591,0,0.000229287,-0.000274223,0.000234195,0,0.493754,-0.000630644,-0.000228373,0.000235015,0.000638073,1787489700,-0.000254115,0.000266247,2.08584e-05,1,-0.00024579,0.000269296,5.21675e-05,1,0.000306202,2.36003e-05,0.000304042,1,0.000308013,0,0.000281,1
1787489760,0.000119506,4.12114e-06,0.000255478,4.12114e-06,0.00049854,0.499039,4.95035e-05,4.82184e-05,0.0335944,-0.000655799,-0.000460556,-0.000219248,-7.8659e-05,-1.7831e-06,9.20381e-05,0.000252164,0.000499607,0.000618298,6.35442e-05,5.23467e-05,5.77418e-05,4.33169e-05,5.95809e-05,5.75821e-05,5.136e-05,4.73133e-05,-0.000286841,0.000226798,0,-0.000304627,0.000271509,0,0.487116,-0.000679282,-0.00026812,0.000248898,0.000680197,1787489700,0.000272683,2.98786e-05,0.000307291,1,0.000274486,1.19644e-05,0.000272085,1,0.000285086,2.06957e-05,0.000295182,1,-0.000326419,0.000329524,0,1
1787489820,-0.00016484,-1.64827e-05,0.000177172,-0.00016484,0.000493819,0.492619,5.41167e-05,5.42594e-05,0.0322744,-0.000661896,-0.00044951,-0.000217974,-8.92196e-05,-6.82301e-06,8.52083e-05,0.000223037,0.000463445,0.000585836,6.96288e-05,5.94829e-05,6.49353e-05,4.94943e-05,6.76758e-05,6.453e-05,5.10244e-05,5.33687e-05,-0.000265378,0.000180528,0,-0.000266472,0.000215099,0,0.485142,-0.000616012,-0.000239007,0.000206661,0.000593989,1787489700,0.000308029,3.59395e-06,0.000297503,1,0.000292193,1.20923e-05,0.000303317,1,0.000303385,0,0.000268369,1,0.000311257,0,0.000299412,1
1787489880,9.89071e-05,4.12132e-06,0.00016896,4.12132e-06,0.000489411,0.494631,4.55274e-05,4.40809e-05,0.0307176,-0.000643099,-0.000434607,-0.000212829,-8.6638e-05,-4.86148e-06,8.38175e-05,0.000222893,0.000472349,0.000595822,6.2339e-05,4.80769e-05,5.33115e-05,3.98537e-05,5.65043e-05,5.52296e-05,4.4921e-05,4.61767e-05,-0.000262817,0.000179181,0,-0.00027858,0.000224657,0,0.483246,-0.000644117,-0.000251397,0.000217185,0.000623102,1787489700,0.000268402,1.28915e-05,0.000243246,1,0.000295777,1.48323e-05,0.000283368,1,0.000284632,2.49406e-05,0.000308716,1,0.000294913,0,0.000277402,1
1787489940,3.29669e-05,9.47768e-05,0.000280184,-4.12093e-06,0.000484694,0.495541,3.5566e-05,3.60076e-05,0.0295222,-0.000610756,-0.00041512,-0.00019514,-7.67345e-05,-4.04441e-06,7.93515e-05,0.000203606,0.00043412,0.000559601,5.86143e-05,4.28289e-05,4.82771e-05,2.91887e-05,5.14796e-05,5.13867e-05,3.17632e-05,3.50055e-05,-0.00024066,0.000143092,0,-0.00023101,0.000158755,0,0.483357,-0.000533036,-0.000197405,0.000172093,0.000493947,1787489700,0.000272215,1.24498e-05,0.000263764,1,-0.000262859,0.000272177,2.86621e-06,1,0.000304392,8.45572e-06,0.000276437,1,0.000318415,5.11795e-06,0.000300306,1
1787490000,0.000156578,-1.23624e-05,0.000173058,-1.23624e-05,0.000479846,0.496607,5.98452e-05,5.77659e-05,0.0280468,-0.000725952,-0.000518043,-0.000247825,-9.91738e-05,-2.97843e-06,8.99875e-05,0.000250089,0.000527724,0.000650141,6.91077e-05,5.66864e-05,5.98897e-05,5.4503e-05,6.02611e-05,6.26905e-05,6.72219e-05,5.71536e-05,-0.000299096,0.000311999,8.31612e-05,-0.000323406,0.000336969,9.17181e-05,0.477218,-0.000722059,-0.000295434,0.000250153,0.000699569,1787490000,0.000251695,0,0.000218815,1,0.000278728,1.0768e-05,0.000287355,1,-0.000279846,0.000282809,0,1,0.000320237,0,0.000289567,1
1787490060,0.000543711,-7.82858e-05,0.000543711,-0.000148336,0.000475539,0.504929,0.0001694,0.000165189,0.0266403,-0.000577556,-0.000404982,-0.000179332,-6.5035e-05,2.92287e-06,7.86086e-05,0.000195966,0.000431341,0.000545977,0.000155231,0.000157504,0.000153959,0.000189651,0.00014801,0.000153251,0.000184989,0.000167159,0.000228329,0,0.000159554,-0.000199576,0.000141808,0,0.481642,-0.000435438,-0.000162181,0.000141439,0.000406689,1787490000,-0.000318074,0.000329355,1.15724e-08,1,-0.000245343,0.000226464,0,1,0.000290062,1.77575e-05,0.000287153,1,0.000315435,0,0.000274953,1
1787490120,3.70604e-05,8.23577e-06,3.70604e-05,-0.000107071,0.000476998,0.507403,4.04689e-05,4.03682e-05,0.0280384,-0.000647828,-0.000463332,-0.000211674,-7.72587e-05,5.87054e-06,9.61077e-05,0.000244625,0.000531951,0.000647565,5.88033e-05,4.21252e-05,5.01466e-05,3.47292e-05,4.88912e-05,5.24688e-05,4.04243e-05,3.91977e-05,0.000278875,0,0.000252037,-0.000302162,0.000271099,9.44703e-06,0.485268,-0.000651059,-0.000267354,0.000243615,0.000680248,1787490000,0.000212356,3.61613e-06,0.000195405,0,0.00032635,6.49991e-05,0.000301589,1,0.000263888,0,0.00023881,1,0.000327575,0,0.000292333,1
1787490180,9.88211e-05,-2.88247e-05,9.88211e-05,-0.000226502,0.000472233,0.515078,4.28552e-05,3.98592e-05,0.0256633,-0.000594419,-0.000415137,-0.000175184,-6.16492e-05,1.06104e-05,8.74277e-05,0.000212402,0.000468625,0.000572181,6.22345e-05,4.62207e-05,5.19934e-05,3.63397e-05,5.11703e-05,5.53097e-05,4.07485e-05,4.49907e-05,0.000239587,0,0.000181954,-0.000226384,0.000162305,0,0.484403,-0.000507448,-0.000191854,0.00017416,0.000518798,1787490000,0.000299709,3.21418e-05,0.000295567,1,-0.00021881,0.000210574,0,1,0.00034114,0,0.000386719,1,0.000289162,0,0.000236773,1
1787490240,-0.000205888,-7.41149e-05,-5.35269e-05,-0.000514801,0.000467695,0.520637,6.37865e-05,6.68369e-05,0.024094,-0.000602178,-0.00041156,-0.000176774,-5.89145e-05,1.48335e-05,9.54735e-05,0.000222629,0.000509255,0.000625729,7.63276e-05,6.40984e-05,6.92826e-05,5.91658e-05,7.44902e-05,7.10236e-05,6.38019e-05,7.03209e-05,0.000247823,0,0.000180211,-0.000258913,0.000211327,0,0.48873,-0.000568769,-0.000222104,0.000210737,0.000609298,1787490000,0.000239606,2.94476e-05,0.000218598,1,0.000297161,3.11445e-05,0.000285404,1,0.000238404,0,0.00020933,1,0.000366036,2.81706e-05,0.00030059,1
1787490300,-4.11828e-05,2.47088e-05,0.000127656,-0.000189455,0.000463909,0.518319,3.90187e-05,3.9895e-05,0.0233289,-0.000634996,-0.000430652,-0.000194587,-6.59466e-05,1.43738e-05,9.71873e-05,0.000237013,0.000522805,0.000620558,5.80182e-05,4.05427e-05,4.7117e-05,3.51196e-05,5.01162e-05,5.18666e-05,3.87989e-05,3.66612e-05,0.000265477,0,0.000203707,-0.000283063,0.000239677,0,0.492314,-0.00061913,-0.000241922,0.000233983,0.000660644,1787490300,0.000260683,4.997e-05,0.000255331,1,0.00025836,1.29581e-05,0.000229507,1,0.000305514,2.97121e-05,0.000283995,1,0.000253627,0,0.000216734,1
1787490360,0.00036235,4.11835e-06,0.00036235,-4.11837e-06,0.000459284,0.514502,0.000103662,9.97738e-05,0.0219247,-0.000601936,-0.00041416,-0.000184794,-6.05322e-05,9.95582e-06,8.98166e-05,0.00022438,0.000480012,0.000586319,0.000104747,0.000103858,0.000103632,0.0001027,9.39104e-05,0.000102873,0.00010363,0.000105113,0.000251691,0,0.000183845,-0.000260142,0.000221818,0,0.491079,-0.000580632,-0.000224482,0.000214675,0.000615566,1787490300,0.00027357,6.39804e-05,0.000286832,1,0.000276915,3.17432e-05,0.000259031,1,0.000268819,8.8424e-06,0.000247903,1,0.000322688,1.29636e-05,0.000294717,1
1787490420,-0.000119396,-9.88098e-05,9.88e-05,-0.000279986,0.000457546,0.514823,4.73192e-05,4.84428e-05,0.0217349,-0.00059459,-0.000408943,-0.0001851,-5.78749e-05,9.75302e-06,8.93094e-05,0.000221912,0.000482322,0.000608119,6.24017e-05,4.87053e-05,5.45799e-05,4.07724e-05,5.9453e-05,5.67532e-05,4.54145e-05,5.02439e-05,0.000249861,0,0.000176617,-0.000240248,0.000209121,0,0.491919,-0.000521541,-0.000205846,0.000196032,0.000554838,1787490300,0.000259169,4.54415e-05,0.000260813,1,0.00029229,4.19121e-05,0.000287056,1,0.00027556,4.0046e-05,0.000267537,1,0.000288755,0,0.000249966,1
1787490480,-2.47045e-05,0,9.05778e-05,-0.000172944,0.000453262,0.511963,3.82153e-05,3.87643e-05,0.0204374,-0.00064404,-0.000438954,-0.000198245,-6.96052e-05,9.21228e-06,9.4046e-05,0.000233361,0.000501782,0.000645649,5.71289e-05,3.83995e-05,4.5575e-05,3.35334e-05,4.7643e-05,5.09565e-05,3.77557e-05,3.78009e-05,0.000264585,0,0.000207027,-0.000263919,0.000244526,0,0.49509,-0.000585176,-0.00022963,0.000218289,0.000628769,1787490300,0.000244376,3.24185e-05,0.000227332,1,0.000266645,4.58483e-05,0.00026092,1,0.000291366,4.86088e-05,0.000291756,1,0.000298657,1.97812e-05,0.000265351,1
1787490540,0.000712068,0,0.00104529,0,0.000448721,0.516601,0.000233777,0.00023431,0.0191554,-0.000594359,-0.000400176,-0.000172166,-5.48733e-05,1.05654e-05,9.04844e-05,0.000223646,0.000473986,0.000606674,0.000201769,0.000235624,0.000219619,0.000260864,0.000206309,0.00021276,0.000231848,0.000226464,0.000245599,0,0.000177423,-0.000237645,0.000206572,0,0.49419,-0.00052879,-0.000202402,0.000198008,0.000574977,1787490300,0.000246879,7.85845e-05,0.00025418,1,0.000243077,3.38526e-05,0.000222198,1,0.000267531,4.60119e-05,0.000263135,1,0.00028879,6.92084e-05,0.000282673,1
1787490600,0.000181023,4.11445e-05,0.000489509,4.11445e-05,0.000455482,0.504179,6.61902e-05,6.31283e-05,0.0262036,-0.000720472,-0.000526869,-0.00026002,-9.18816e-05,3.65394e-06,0.000109453,0.000289016,0.000614049,0.000799843,7.30674e-05,5.86058e-05,6.76544e-05,6.11712e-05,5.52349e-05,6.85164e-05,6.9246e-05,6.96927e-05,0.000332823,2.61246e-05,0.000317173,-0.000346536,0.000358705,2.05222e-05,0.489427,-0.000710752,-0.000300039,0.000277522,0.000787486,1787490600,0.000233826,5.5832e-05,0.000233262,0,0.000257313,6.3591e-05,0.000264436,1,0.000251762,3.0703e-05,0.000215663,1,0.00028018,3.85204e-05,0.000258081,1
1787490660,0.000304374,0,0.000304374,-4.1138e-06,0.00045163,0.505387,9.11593e-05,8.62816e-05,0.0223564,-0.000702271,-0.000499991,-0.000242305,-8.27462e-05,4.32318e-06,0.000102794,0.000254344,0.000548351,0.000731466,9.36145e-05,8.74346e-05,8.7523e-05,8.66917e-05,7.4609e-05,8.81747e-05,9.48819e-05,9.57986e-05,0.000299862,8.35499e-06,0.00027136,-0.000302725,0.000281872,0,0.491733,-0.000646132,-0.000268868,0.000240953,0.000701098,1787490600,-0.000337904,0.00039922,0,1,0.000247589,5.56331e-05,0.000235526,0,-0.000259244,0.000322802,8.80026e-06,1,0.000248133,4.03221e-05,0.000224109,1
1787490720,-4.11254e-06,4.11253e-06,0.000275502,-0.000168628,0.000449159,0.509635,3.74479e-05,3.78779e-05,0.0208782,-0.000620775,-0.000440737,-0.000210144,-6.32954e-05,6.22532e-06,9.55724e-05,0.000237463,0.000517731,0.000667958,5.63798e-05,3.72288e-05,4.89251e-05,3.04365e-05,4.68439e-05,5.04337e-05,3.62071e-05,3.99291e-05,0.000272467,0,0.000206552,-0.000257246,0.00020352,0,0.492915,-0.000540166,-0.000221463,0.000206416,0.000593498,1787490600,-0.000296541,0.000358984,0,1,0.000316408,9.4799e-05,0.000303207,1,0.000245589,6.11889e-05,0.000242996,0,0.000280204,4.89059e-05,0.000265814,1
1787490780,-3.2901e-05,0,0.0001686,-0.000102819,0.000444645,0.510564,4.06194e-05,4.10344e-05,0.0187368,-0.000656254,-0.000458688,-0.00021727,-6.41479e-05,7.15722e-06,9.86759e-05,0.000243996,0.000547129,0.000708807,5.75098e-05,3.82276e-05,4.89036e-05,3.77521e-05,4.77745e-05,5.15587e-05,3.90728e-05,4.03945e-05,0.000280744,0,0.000232134,-0.000302746,0.000242228,0,0.495381,-0.000630938,-0.000260607,0.000241833,0.000694296,1787490600,0.000273048,1.97454e-05,0.000219266,1,-0.000287124,0.000345742,0,1,0.000342349,5.41403e-05,0.00030153,1,0.000264994,3.38064e-05,0.00024457,1
1787490840,9.45873e-05,-6.16922e-05,0.000452293,-6.16922e-05,0.0004402,0.513082,4.46155e-05,4.10547e-05,0.0174366,-0.000627154,-0.000428684,-0.0002008,-5.42244e-05,7.72292e-06,9.45481e-05,0.000233688,0.000512649,0.00064798,6.17378e-05,4.26738e-05,5.09511e-05,3.98762e-05,4.44649e-05,5.4785e-05,4.54597e-05,4.61524e-05,0.000265464,0,0.000215932,-0.000265944,0.000212616,0,0.494217,-0.000572263,-0.000230287,0.000215629,0.000626224,1787490600,0.00029924,6.37884e-05,0.000288941,1,0.000274882,1.15091e-05,0.000228868,1,-0.000318454,0.00033889,0,1,0.000353395,3.63782e-05,0.000311897,1
1787490900,0.000365928,-4.11231e-06,0.000472803,-0.000106925,0.000435981,0.51363,0.000106284,0.00010098,0.0163049,-0.000677387,-0.000477397,-0.000232088,-6.26482e-05,9.61153e-06,0.000106674,0.00025176,0.000534305,0.000670127,0.000105188,0.00010426,0.000104266,0.000103819,8.74859e-05,0.000103866,0.00010837,0.000109422,0.000293339,3.64163e-06,0.000282464,-0.000288001,0.000252093,3.36202e-05,0.495126,-0.000609666,-0.000252737,0.000231542,0.000649964,1787490900,0.000276379,3.66799e-05,0.000252042,1,-0.000297469,0.000348274,1.08272e-05,1,0.000300145,0,0.000229305,1,0.000338162,3.7896e-06,0.000286742,1
1787490960,0.000238398,2.05538e-05,0.000410995,-0.000205561,0.000434691,0.513919,7.088e-05,6.65959e-05,0.0167285,-0.00064742,-0.000455011,-0.000215005,-6.24833e-05,9.8218e-06,0.000110136,0.000259009,0.000548864,0.000730065,8.23199e-05,6.87666e-05,7.36661e-05,6.81534e-05,5.99175e-05,7.65919e-05,7.19832e-05,7.54135e-05,0.000290596,3.53825e-05,0.000258267,-0.000275134,0.00026554,0,0.497822,-0.000574849,-0.000236118,0.000229871,0.000650398,1787490900,0.000303269,4.50886e-05,0.000300919,1,-0.000273512,0.000310386,0,1,0.000326191,2.94266e-05,0.000312963,1,0.000290762,0,0.000238331,1
1787491020,0.00449424,-4.10982e-06,0.00551657,-4.10982e-06,0.000431641,0.51102,0.00210174,0.00209935,0.0159303,-0.000679111,-0.000481949,-0.000227069,-6.91791e-05,8.30254e-06,0.000116226,0.000266876,0.000566743,0.000749937,0.00206578,0.00213158,0.00209729,0.00212575,0.00208991,0.00209492,0.0020888,0.00208672,0.000302506,4.4952e-05,0.000280034,-0.000281809,0.000294222,6.51436e-06,0.499102,-0.000591216,-0.000242082,0.000236382,0.000673233,1787490900,-0.000273087,0.000327707,0,0,-0.000271287,0.000334843,2.95553e-05,0,-0.000298792,0.000312228,0,0,0.000342142,2.86909e-05,0.000302518,0
1787491080,0.00879046,-5.7281e-05,0.0137745,-0.000433781,0.000765867,0.492099,0.00395936,0.00395246,0.999996,-0.00184938,-0.00141736,-0.000736467,-0.000227522,-2.39934e-05,0.000282727,0.000769207,0.0017027,0.00234449,0.00421285,0.00413579,0.00381752,0.00404892,0.00342529,0.00322383,0.00396189,0.00390561,-0.000906676,0.000981571,5.99502e-05,-0.00106368,0.0013548,0.000340016,0.475477,-0.00182078,-0.000865102,0.00074489,0.00210269,1787490900,-0.000267668,0.000345435,3.25191e-06,0,-0.000271373,0.000328977,0,0,0.0002799,7.48871e-05,0.000286345,0,0.000316086,2.35623e-06,0.000260786,0
1787491140,0.0014144,-0.000137899,0.00754324,-0.000166293,0.00145611,0.49553,0.000451177,0.000433655,1,-0.00402049,-0.00307835,-0.00164264,-0.0004974,-2.97608e-05,0.000641863,0.00169848,0.00362865,0.00491149,0.000523221,0.000403816,0.000507551,0.000450803,0.000469231,0.000510544,0.000488297,0.000434568,-0.00200977,0.00227937,9.53642e-05,-0.00238814,0.00327058,0.00104282,0.47052,-0.00388192,-0.00189656,0.00157916,0.00443573,1787490900,-0.000969887,0.00107589,3.18546e-08,0,0.000275466,6.93789e-05,0.00026263,0,-0.000293994,0.000323097,0,0,0.000299597,6.23711e-05,0.000254448,0
1787491200,-0.00396455,-4.85993e-05,0.000291546,-0.00628889,0.00145529,0.499019,0.00122864,0.00127756,1,-0.0037729,-0.00284558,-0.00152275,-0.000437502,-1.11335e-05,0.000642525,0.00156286,0.00338813,0.00452815,0.00180917,0.00149676,0.00113522,0.00117588,0.00144046,0.0011699,0.00125397,0.00131856,-0.00185569,0.00203893,0,-0.00218681,0.00265477,0.000516759,0.482542,-0.00372792,-0.0017497,0.00148547,0.0041387,1787491200,-0.00202349,0.0024139,8.28889e-05,1,0.000821019,0.00045762,0.000694881,0,-0.000293224,0.000332435,0,0,0.000296798,2.97952e-05,0.000258916,0
1787491260,0.00148703,2.43953e-05,0.00183612,-0.00270751,0.00154592,0.50906,0.000446146,0.000427647,1,-0.0040178,-0.00295541,-0.00150239,-0.000438583,4.30786e-05,0.000710371,0.00171263,0.0035459,0.00471667,0.000558454,0.000424631,0.000501637,0.000455828,0.000471328,0.000522343,0.000453228,0.000449983,0.00195217,0.000401555,0.0018724,0.00206213,0.000383283,0.00184877,0.502877,-0.00368363,-0.0015797,0.00158095,0.00407949,1787491200,-0.00176474,0.00242919,0,1,0.00172247,0.001002,0.00156944,1,-0.000885465,0.00107865,0,0,0.000304035,2.75017e-05,0.000272111,0
1787491320,0.00140779,-4.87199e-05,0.00255447,-0.00173101,0.00154476,0.505423,0.000421146,0.000401081,0.999999,-0.00375698,-0.00270912,-0.00134423,-0.000365566,1.80873e-05,0.000633367,0.00158344,0.00330752,0.00438898,0.000518837,0.000402503,0.000469296,0.000434894,0.000435899,0.000454405,0.000434586,0.000417523,0.00178232,0.000172969,0.00170997,0.0019544,0.00016662,0.00171712,0.501888,-0.00352373,-0.00151255,0.00155406,0.00398745,1787491200,0.00171655,0.000437239,0.00165369,1,-0.00169669,0.00213052,8.23728e-05,1,-0.00189161,0.00226957,0,1,0.000894048,2.39807e-05,0.000874497,0
1787491380,-0.00131442,3.6487e-05,0.00160822,-0.00172857,0.00154214,0.505307,0.000398953,0.000412473,0.999992,-0.00375936,-0.00271941,-0.00140071,-0.000398169,2.02867e-05,0.000622787,0.00152372,0.00319113,0.00420289,0.000484464,0.000381553,0.00044813,0.000424393,0.00063565,0.000416077,0.000391435,0.000360747,0.00176855,0.000163034,0.00186468,-0.00192839,0.00209086,0,0.499637,-0.00351099,-0.00153848,0.00149469,0.00387405,1787491200,-0.00186732,0.00200703,3.72184e-05,1,-0.00186757,0.00183383,0,1,-0.00178191,0.00197447,0.000114595,1,-0.00189441,0.00197479,0.000104348,1
1787491440,0.000280067,0,0.00182917,-0.00111699,0.00153792,0.511936,0.000223224,0.00021873,0.99995,-0.00325248,-0.00232751,-0.00120879,-0.000331922,4.41526e-05,0.000581568,0.00134335,0.00274104,0.0035541,8.94443e-05,0.000178846,0.000288583,0.000246773,0.000382281,0.000168232,0.000228397,0.000188826,0.00154661,0.000266339,0.00154643,-0.00157156,0.00169027,0,0.499869,-0.00307814,-0.00133093,0.00127992,0.00329846,1787491200,-0.00172483,0.00203791,0,1,-0.0017192,0.00191447,0,1,-0.00171144,0.00176747,1.98778e-05,1,-0.00181183,0.00187451,5.85084e-05,1
1787491500,-0.00197025,-0.000361261,-0.000361261,-0.00238918,0.00152298,0.520476,0.000569318,0.000592839,0.99962,-0.00293197,-0.00207107,-0.00101556,-0.00023199,5.8164e-05,0.000524917,0.00120605,0.00253166,0.00326704,0.000811737,0.00056345,0.000571813,0.000564163,0.000738452,0.000631711,0.000571452,0.000594325,0.00135761,0.000206023,0.00139841,0.00154611,6.35761e-05,0.00134271,0.503638,-0.00301452,-0.00128405,0.00128625,0.00329098,1787491500,0.00125012,0.000406192,0.00125798,1,0.00154291,0.000364313,0.00152783,1,-0.00164548,0.00166938,0,1,-0.00160664,0.0017072,0,1
1787491560,0.000658537,6.91261e-05,0.00127197,6.91261e-05,0.0015332,0.543611,0.000235586,0.000215961,0.997056,-0.00278159,-0.00193602,-0.000964512,-0.00019066,0.000142713,0.000546877,0.00123147,0.00241935,0.00310893,0.000186112,0.00023054,0.000286459,0.000235037,0.000342502,0.000201194,0.00025189,0.000211598,0.00134534,0.000348539,0.00138616,0.0012517,8.33885e-05,0.00100198,0.50213,-0.00257918,-0.00107007,0.00109241,0.00272991,1787491500,0.00126412,0.000379196,0.00131335,1,0.0012442,0.00039185,0.00125862,1,-0.00159381,0.0016659,0,1,0.00160028,0.000193935,0.00143581,1
1787491620,-0.000134111,-3.6574e-05,0.000743381,-0.00027637,0.00152065,0.523914,0.000154983,0.000158801,0.977761,-0.00247697,-0.00175263,-0.000871743,-0.000185579,5.64153e-05,0.000425124,0.000947942,0.00202531,0.00266202,6.56212e-05,0.000166757,0.000227277,0.000157272,0.000332749,0.000116172,0.000159631,0.000126358,0.00110347,0.000202839,0.00114649,-0.00113106,0.00097929,0,0.498485,-0.00230882,-0.000977112,0.00095734,0.00240449,1787491500,-0.00106137,0.0012706,3.74651e-05,1,0.00121302,0.000455469,0.00124786,1,0.00126687,0.000344393,0.00123936,1,0.00153498,0.000342793,0.00141657,1
1787491680,-0.00057729,4.87698e-05,0.000142239,-0.000841653,0.00150548,0.536016,0.00020827,0.000219544,0.892235,-0.00228687,-0.00156934,-0.00080023,-0.00015915,8.61945e-05,0.000419069,0.00086188,0.00185807,0.00244232,0.000165673,0.00021734,0.00025265,0.000199883,0.000329357,0.000171893,0.000211009,0.000201816,0.00100723,3.8481e-05,0.00102325,-0.00110136,0.000889836,0,0.495993,-0.00228059,-0.000975774,0.000902719,0.0023092,1787491500,0.0010146,0.000131533,0.000980136,1,0.00109678,0.000205724,0.00103954,1,0.00111978,0.000490953,0.00124712,1,0.00130233,0.000213534,0.00126003,1
1787491740,-0.00200684,-5.69339e-05,-5.69339e-05,-0.00304645,0.00149259,0.537161,0.000625318,0.000660924,0.514691,-0.00205505,-0.00141253,-0.000658488,-0.000127365,7.17906e-05,0.000369796,0.000779262,0.00172469,0.00224152,0.000829317,0.000584629,0.000575387,0.000633671,0.000612585,0.000693174,0.000628817,0.000641912,0.00088411,3.77163e-05,0.000906576,-0.000992185,0.000857602,0,0.49476,-0.00204565,-0.000863517,0.000831767,0.00211128,1787491500,0.000935808,0.000212764,0.000949157,1,-0.00094752,0.00116095,3.98454e-05,1,-0.00106144,0.00124654,0,1,0.00130464,0.000215755,0.00125505,1
1787491800,-0.000811207,2.03736e-05,0.000350368,-0.0015945,0.0015046,0.54797,0.000275288,0.000284065,0.395958,-0.00259522,-0.00183032,-0.000861212,-0.000165466,0.000147005,0.000538909,0.00110812,0.00212535,0.00264652,0.000246128,0.000255187,0.000278924,0.000263646,0.000310674,0.000231831,0.00031056,0.00026632,0.00122011,0.000212394,0.00132649,0.00144839,9.78739e-05,0.00136226,0.506688,-0.0028885,-0.00120597,0.00122798,0.00300119,1787491800,0.000860351,0.000125207,0.000868783,1,-0.000882717,0.00116923,0.000111486,1,-0.00094237,0.00117488,7.42619e-06,1,0.00107482,0.000174377,0.00100362,1
1787491860,0.00144667,6.5247e-05,0.00202882,-0.00127317,0.00149388,0.544371,0.000397864,0.000378079,0.593392,-0.0021961,-0.00150664,-0.000673243,-0.00014537,0.000111183,0.00045543,0.000899264,0.0018429,0.00236232,0.000538102,0.000412634,0.000411553,0.000409705,0.0004567,0.000422556,0.00037375,0.000397571,0.000984867,5.57536e-05,0.000935281,0.00117605,0,0.00094974,0.503231,-0.00242536,-0.000991854,0.00103436,0.00254782,1787491800,0.00125306,0.000228131,0.00132706,1,0.000894203,0.000193152,0.000847221,1,0.00092242,0.000284503,0.000987811,1,0.00106352,8.42217e-05,0.000966281,1
1787491920,0.000586221,-0.00010181,0.00118837,-0.000154755,0.00149296,0.526238,0.000210414,0.000192432,0.517252,-0.0023973,-0.00167998,-0.000851807,-0.000206567,7.13558e-05,0.000450859,0.000982622,0.00201019,0.00257268,0.000166246,0.000212257,0.000220627,0.000230242,0.000244657,0.000178782,0.000219509,0.000188868,0.00111776,9.07988e-05,0.00127452,0.00135745,0,0.00121414,0.500709,-0.00267891,-0.00114769,0.00114381,0.00286104,1787491800,0.00099411,0.000190384,0.00110992,1,0.00120812,0.000285036,0.0011961,1,0.000905754,0.000198503,0.000864258,1,0.00106281,0.000152584,0.00101896,1
1787491980,-0.000390776,-0.000142453,-0.00010582,-0.00119316,0.00148027,0.514143,0.000161207,0.000170648,0.475297,-0.00206694,-0.00148569,-0.000755318,-0.000194522,3.1068e-05,0.000373925,0.000761924,0.00164139,0.00211821,0.000113923,0.000181712,0.000185045,0.000173179,0.000181656,0.000143782,0.000157127,0.000148318,0.000911558,0,0.00102662,-0.00111368,0.000930102,0,0.495831,-0.00227556,-0.000983749,0.000908707,0.00229262,1787491800,0.00112016,0.000267168,0.00127461,1,0.00100318,0.000226663,0.00105463,1,0.00112324,0.000361376,0.00115602,1,0.00095068,7.30908e-05,0.000920221,1
1787492040,-0.000896105,0,0.000101779,-0.0010795,0.00146644,0.532393,0.000264527,0.000283786,0.413023,-0.00194162,-0.00136637,-0.000643321,-0.000180803,8.38202e-05,0.000414282,0.000795701,0.00163047,0.00202946,0.000279263,0.000264268,0.00026298,0.000260015,0.000236455,0.000255433,0.000279506,0.000258857,0.000891693,0,0.000978772,0.00106808,0,0.000910105,0.500445,-0.00219269,-0.000912426,0.000901498,0.0022508,1787491800,0.000936827,0.000166584,0.000916582,1,0.00107498,0.000336713,0.00116232,1,0.0010377,0.000180997,0.00103331,1,0.00107663,0.000349979,0.00103994,1
1787492100,-0.000966249,5.70488e-05,5.70488e-05,-0.00194568,0.00145722,0.538555,0.000285744,0.000302583,0.254507,-0.00188243,-0.001271,-0.000599957,-0.000139729,8.40187e-05,0.000391213,0.000720445,0.0014783,0.00187547,0.000308079,0.000283179,0.000281703,0.000278562,0.000237095,0.000274379,0.000296373,0.000287317,0.000816945,0,0.000878628,-0.000971651,0.000795851,0,0.494956,-0.00201101,-0.000849084,0.000794078,0.00196038,1787492100,0.000884662,0.000159195,0.000911637,1,0.00089761,0.000179178,0.000952368,1,0.0011274,0.000260248,0.00115902,1,0.00103565,0.000170946,0.00102776,1
1787492160,0.0016832,0,0.00222464,-1.6316e-05,0.00144903,0.546676,0.000463654,0.000443658,0.16344,-0.00194424,-0.00131061,-0.000609586,-0.000148055,0.000124524,0.000457317,0.000836099,0.00163848,0.00200398,0.000653413,0.000477485,0.000482794,0.000475442,0.000576347,0.000516598,0.000442076,0.000486384,0.000907969,0,0.000926671,0.00111483,0,0.000960946,0.502846,-0.00229063,-0.000942474,0.000960774,0.00235074,1787492100,0.000807284,5.8308e-05,0.00085772,1,0.000940936,9.88442e-05,0.000925331,1,0.000997818,0.000102007,0.000950087,1,0.00113273,0.000279272,0.00118138,1
1787492220,-3.66497e-05,-4.07219e-05,0.000150657,-0.000745474,0.00145408,0.51458,0.000119573,0.000122174,0.104996,-0.00197347,-0.00136131,-0.000701239,-0.000185338,3.06407e-05,0.000351431,0.000749277,0.00154358,0.00198848,5.87981e-05,0.000147915,0.000136044,0.000141114,0.000130498,0.00011148,0.000116519,0.000102475,0.000877454,0,0.00108708,-0.00114559,0.000983561,0,0.497256,-0.00229258,-0.000996846,0.000940977,0.00232067,1787492100,0.000910099,0.000144455,0.00106611,1,0.000849785,2.83609e-05,0.000897,1,0.000998124,2.3126e-05,0.000987521,1,-0.00101111,0.00108984,0,1
1787492280,0.000154734,2.85054e-05,0.000354224,-0.000716974,0.00143948,0.531947,0.000110335,0.00010696,0.0796137,-0.00170223,-0.00116409,-0.000557886,-0.000131059,5.88211e-05,0.000349521,0.000652182,0.00134037,0.00168757,6.95593e-05,0.000152144,0.000131596,0.00012665,0.000133252,0.000111994,0.000100245,9.40895e-05,0.000744937,0,0.000866719,-0.000994543,0.000753347,0,0.499705,-0.00205177,-0.000855107,0.000819063,0.00204726,1787492100,0.000948129,0.000100502,0.00103801,1,0.000956229,7.77728e-05,0.00104755,1,0.000946934,0,0.000897491,1,-0.000966129,0.000981585,2.88634e-05,1
1787492340,0.000305325,-8.95798e-05,0.00100925,-0.00023211,0.00142518,0.540799,0.000122199,0.000109796,0.0769578,-0.00163499,-0.00111427,-0.000498766,-0.000107846,7.03935e-05,0.00033949,0.000629507,0.00132718,0.00167593,9.45931e-05,0.000158268,0.000134612,0.000141663,0.000150053,0.000123401,0.000119228,0.000102201,0.00070516,0,0.000844734,-0.00100052,0.000775383,0,0.499696,-0.00204542,-0.000854606,0.00083226,0.00208389,1787492100,0.00082277,0.000154895,0.000891541,1,-0.000904943,0.00101065,0.000123618,1,0.00100537,9.44788e-06,0.00104222,1,0.000882126,0,0.000893995,1
1787492400,-0.000484493,-4.07039e-06,0.000728334,-0.00061889,0.00141152,0.541269,0.000162227,0.000169207,0.0926958,-0.00167865,-0.0011236,-0.000526905,-0.000107951,7.18885e-05,0.000323669,0.000616692,0.00131242,0.00164087,0.000139933,0.000188155,0.000162464,0.000177368,0.000149523,0.000147337,0.000150007,0.00015971,0.000704546,0,0.000868893,-0.000995567,0.000847108,0,0.498809,-0.00206884,-0.000870155,0.000818455,0.00206113,1787492400,0.000834195,0.000138829,0.000916287,1,0.000850132,9.20212e-05,0.000926108,1,0.000991559,3.13114e-05,0.000999517,1,0.00095367,9.49373e-05,0.000995314,1
1787492460,-0.000496951,-8.14475e-06,0.000492634,-0.000501025,0.00139901,0.530796,0.000161374,0.000166861,0.100687,-0.00163678,-0.00111264,-0.000520832,-0.000128288,5.45996e-05,0.000308617,0.000592633,0.00130221,0.0016172,0.000143128,0.000188611,0.000159329,0.000178552,0.000146136,0.000146738,0.000153794,0.000154913,0.000683219,0,0.000836793,-0.000975168,0.00083386,0,0.496334,-0.00204512,-0.000861712,0.000797774,0.00202966,1787492400,-0.000830941,0.000950685,8.60983e-05,1,0.000871278,7.49224e-05,0.000954849,1,0.000943103,0,0.00098874,1,0.000976294,6.98309e-05,0.00100299,1
1787492520,-0.000142614,-3.25956e-05,0.000395137,-0.000338231,0.00138673,0.543006,9.82826e-05,0.000102304,0.105961,-0.00151865,-0.00100231,-0.000423182,-0.000102423,7.30997e-05,0.000300373,0.000550671,0.00118697,0.00146494,6.70568e-05,0.000143341,0.000100851,0.000119355,0.00010444,8.53126e-05,8.63183e-05,9.97037e-05,0.000614638,0,0.000717354,-0.000782725,0.000656324,0,0.494532,-0.00164168,-0.000679111,0.00062223,0.0015593,1787492400,-0.000807278,0.00092766,0.000125748,1,-0.000810459,0.000891241,0.000168663,1,0.000933762,2.5482e-05,0.0010037,1,-0.000927701,0.000976811,5.97044e-05,1
1787492580,0.00039112,-4.89008e-05,0.000395193,-0.000423886,0.00137294,0.545324,0.000123299,0.00010986,0.14094,-0.00142766,-0.000941691,-0.000371123,-8.19066e-05,6.33453e-05,0.000280168,0.000517339,0.0011258,0.00137642,0.000112265,0.000165187,0.00012888,0.000142959,0.000154528,0.000115152,0.00012082,0.000106323,0.000569288,0,0.000658285,-0.0007565,0.00060564,0,0.496971,-0.00159022,-0.000640342,0.000605367,0.00151394,1787492400,-0.000634367,0.000724833,0.000152136,1,-0.000810318,0.000892082,0.000191934,1,-0.000893423,0.000896961,7.32103e-05,1,-0.000930748,0.000944253,6.48383e-05,1
1787492640,0.000256589,0,0.000382823,-0.000488924,0.00136027,0.548034,0.000101147,8.8183e-05,0.168994,-0.00135919,-0.000911416,-0.000364363,-6.98252e-05,5.95125e-05,0.000272268,0.000513647,0.00111435,0.00136464,8.64153e-05,0.000145789,0.000102823,0.000118965,0.000125503,8.82822e-05,9.49554e-05,9.06248e-05,0.000561533,0,0.000671294,-0.000750174,0.000587183,0,0.499123,-0.0015317,-0.000613039,0.000611696,0.00148687,1787492400,-0.000629814,0.00072549,0.000147925,1,-0.000661659,0.00073411,0.000192975,1,-0.000900789,0.000910685,8.79967e-05,1,-0.000925214,0.000919212,1.91668e-05,1
1787492700,-0.000651784,6.51551e-05,6.51551e-05,-0.00172408,0.00134709,0.534384,0.000189847,0.000205114,0.22748,-0.00146222,-0.000999398,-0.000447389,-0.000113639,5.67256e-05,0.000278201,0.000512909,0.00111643,0.00135453,0.000185955,0.00020853,0.000188577,0.000195773,0.000170687,0.000184816,0.000189135,0.00019102,0.000592034,0,0.000837937,-0.000830696,0.000609089,0.000104751,0.498347,-0.00173246,-0.00071911,0.000671508,0.00165512,1787492700,-0.000643378,0.00072004,0.00011365,1,-0.000643679,0.000721839,0.000196426,1,-0.000757661,0.000785055,8.16293e-05,1,-0.000915062,0.000924859,4.46352e-05,1
1787492760,0.000806521,-0.000248605,0.000806521,-0.000917291,0.00133673,0.537675,0.000224429,0.000210735,0.214246,-0.00146402,-0.000973561,-0.00041012,-0.000116554,6.72249e-05,0.000293969,0.000567811,0.00122677,0.00147567,0.00023462,0.000233362,0.00022837,0.000230802,0.000252054,0.000240097,0.000214407,0.000225328,0.000619484,0,0.000774675,0.000877574,0,0.000873629,0.502003,-0.00183957,-0.000745101,0.000751153,0.00188256,1787492700,0.000773493,6.91754e-05,0.000905532,1,-0.000675664,0.000703534,0.000100268,1,-0.000734754,0.000757681,0.000104005,1,-0.000777383,0.000773484,5.66787e-05,1
1787492820,0.00078146,0,0.000915712,-0.000268768,0.0013282,0.526368,0.000224272,0.00020857,0.183772,-0.00140648,-0.000961434,-0.000417994,-0.000117156,4.00511e-05,0.000259718,0.000547538,0.00119388,0.0014554,0.000224667,0.000226076,0.000221245,0.000224104,0.000235953,0.000223263,0.000223238,0.000225688,0.000603221,0,0.000799593,0.000878466,0,0.000886361,0.500238,-0.00180262,-0.000745639,0.000738796,0.00183772,1787492700,-0.000710889,0.000882475,0.000225807,1,-0.000751503,0.00082315,0.00014792,1,-0.000754597,0.000733497,2.84386e-05,1,-0.00077784,0.000777474,4.70026e-05,1
1787492880,-0.000956558,-0.000117994,-6.50983e-05,-0.000956558,0.00131949,0.510686,0.000263627,0.000279666,0.17188,-0.00145266,-0.0010188,-0.00049833,-0.000158086,1.70339e-05,0.000248507,0.000510316,0.00114588,0.00139205,0.000302767,0.000278221,0.000274725,0.000275079,0.000264822,0.000279111,0.000264424,0.000251645,0.000607566,0,0.000828216,-0.000833645,0.000688153,3.3187e-06,0.498923,-0.00173263,-0.000718303,0.000688108,0.00173985,1787492700,-0.000752082,0.000859257,0.000171284,1,-0.000783526,0.000879861,0.000154621,1,0.000779435,0.000109663,0.000915349,1,-0.000736503,0.000769489,4.94706e-05,1
1787492940,-0.00136111,-4.07242e-06,-4.07242e-06,-0.00136111,0.00131321,0.519177,0.000409826,0.000438163,0.0837909,-0.00146863,-0.000973308,-0.000456578,-0.000142515,3.25695e-05,0.000252989,0.000471033,0.00108568,0.00132519,0.000503158,0.000390298,0.000431045,0.000414151,0.000383892,0.000412724,0.000399715,0.000415912,0.000560093,8.1597e-05,0.000804354,-0.000767064,0.000645998,0,0.495111,-0.00163846,-0.000672445,0.000619945,0.0015948,1787492700,-0.000733624,0.000815574,9.55698e-05,0,-0.000777113,0.000829565,0.00014305,1,-0.000840813,0.000911714,0.000115198,1,-0.000770365,0.000911219,5.62914e-05,1
1787493000,0.000159028,0,0.000807109,0,0.00131419,0.540986,9.49083e-05,9.08197e-05,0.0463827,-0.00149013,-0.000997176,-0.000438343,-0.000118188,7.84326e-05,0.000309428,0.000545092,0.00116316,0.0013927,7.06477e-05,0.000133178,9.98319e-05,9.9495e-05,0.00011662,0.000115772,9.29353e-05,8.59472e-05,0.000616113,6.98194e-05,0.000738172,0.000855899,0,0.000746663,0.500277,-0.0018225,-0.000735738,0.000717121,0.00178901,1787493000,-0.000667744,0.000700145,4.85272e-05,1,-0.000737831,0.000778241,0.000105021,1,-0.000841125,0.000865609,7.14713e-05,1,-0.000820153,0.000922697,0.000121342,1
1787493060,-0.000326238,0.000130465,0.000342435,-0.000497555,0.00130117,0.543378,0.000123012,0.000126453,0.048229,-0.00143306,-0.000930535,-0.000387736,-9.74795e-05,7.06918e-05,0.000277726,0.000509818,0.00106108,0.00131128,9.75166e-05,0.00014862,0.000119923,0.000119633,0.00010845,0.000130155,0.000121588,0.000123385,0.000567903,7.06217e-05,0.000712186,0.000830846,0,0.000750251,0.502317,-0.00179835,-0.00071433,0.000694129,0.00176321,1787493000,-0.000744097,0.000769543,6.92514e-05,1,0.000711701,2.55062e-05,0.000745517,1,-0.000822673,0.000792343,1.62827e-05,1,-0.000822326,0.000897248,8.01731e-05,1
1787493120,0.000534159,-6.93392e-05,0.0013369,-6.93392e-05,0.00128892,0.542226,0.000149863,0.000136916,0.0503893,-0.00141435,-0.000916644,-0.000376488,-0.000108046,7.51999e-05,0.000282093,0.000485435,0.00104921,0.00126278,0.000152543,0.000179833,0.000153002,0.000152557,0.000181278,0.000160393,0.000154019,0.000142275,0.000546766,3.19062e-05,0.000709629,0.00078844,0,0.000706447,0.5008,-0.001715,-0.000680599,0.000659576,0.00167696,1787493000,-0.000765539,0.000806319,6.04575e-05,1,0.000783826,1.9207e-05,0.000826905,1,-0.000802648,0.000760993,0,1,-0.000804599,0.000828739,4.09748e-05,1
1787493180,0.000334214,6.92974e-05,0.000460534,-0.000301703,0.0012782,0.528656,0.000118407,0.000105327,0.0527023,-0.00146587,-0.00096336,-0.000449175,-0.000126546,4.87756e-05,0.000275105,0.000513946,0.00108583,0.00132917,9.97549e-05,0.000145355,0.000112608,0.000121574,0.000137247,0.000124595,0.000125632,0.000108507,0.000592083,0.000105536,0.000775894,0.000881637,0,0.000863179,0.501534,-0.00187035,-0.000766294,0.000731882,0.00186847,1787493000,-0.000708666,0.000746514,5.08947e-05,1,-0.000708876,0.000788012,0.000161279,1,-0.000850958,0.000839999,0,1,-0.000753957,0.000704105,2.47428e-05,1
1787493240,0.000741393,-4.0751e-06,0.00111595,-6.52037e-05,0.00126624,0.527881,0.000216612,0.000200952,0.0597851,-0.00137631,-0.000910175,-0.000405741,-0.000127575,4.7361e-05,0.000260572,0.000455493,0.00101599,0.00125674,0.000210032,0.000214632,0.000210045,0.000209928,0.000228676,0.000214623,0.000219126,0.00021968,0.000529952,3.13888e-05,0.000691143,0.000753858,0,0.000705314,0.500821,-0.00159722,-0.000637669,0.000619307,0.00158043,1787493000,-0.000763739,0.000860454,7.14733e-05,1,0.00071113,6.81079e-05,0.000758436,1,-0.000784024,0.000803639,4.05812e-05,1,-0.000795805,0.000788186,1.4307e-05,1
1787493300,0.000561789,0.000150655,0.00118021,-0.000219916,0.00125789,0.514234,0.000171655,0.000154114,0.0629163,-0.0014336,-0.000981646,-0.00046943,-0.000169496,2.7294e-05,0.000252783,0.000510964,0.00108069,0.00136056,0.000159957,0.000180973,0.000160202,0.000160317,0.00017177,0.000164728,0.000177659,0.000177014,0.000596454,0.000121342,0.000749723,0.000747453,0,0.000795189,0.500318,-0.00160126,-0.000646379,0.000623722,0.00161993,1787493300,0.000695739,5.88888e-05,0.00074145,1,-0.000740446,0.000842229,0.000126242,1,-0.000796135,0.000780388,0,1,-0.000858158,0.000820399,0,1
1787493360,0.000195331,2.03487e-05,0.000874622,-0.000280855,0.00124778,0.512747,0.00010802,0.000101369,0.0734016,-0.00151488,-0.0010712,-0.000511847,-0.000184743,2.62596e-05,0.00027859,0.000556598,0.00117566,0.00149814,7.63699e-05,0.000125698,8.57584e-05,0.000102637,0.000100787,9.62503e-05,0.000113017,0.000113593,0.000650089,0.00015258,0.000826261,0.000810232,0,0.000882675,0.501839,-0.00175211,-0.000706225,0.000690709,0.00182578,1787493300,-0.000689558,0.000760754,9.05924e-05,1,-0.000710124,0.000743405,5.69381e-05,1,-0.000807727,0.000877346,3.34913e-05,1,-0.000790522,0.000765056,0,1
1787493420,0.000288857,-3.66216e-05,0.000288857,-0.000341854,0.00123555,0.519756,0.000119332,0.000103146,0.0908461,-0.00146584,-0.00100647,-0.000476632,-0.000158455,3.7795e-05,0.000258896,0.000528673,0.00109705,0.00141822,9.15696e-05,0.000132964,9.82114e-05,0.000114253,0.000112134,0.000102884,0.000124139,0.000123652,0.000613338,0.000137641,0.00075236,0.000777169,0,0.000830172,0.501311,-0.00169236,-0.000676631,0.000658515,0.00175734,1787493300,-0.000736738,0.000864785,0.000131734,1,-0.000698046,0.000730718,0.000115503,1,0.000794104,0,0.000782279,1,-0.000864,0.000847674,1.64983e-06,1
1787493480,-0.000191206,0,0.000459558,-0.000191206,0.00122381,0.538976,9.09105e-05,9.81037e-05,0.115053,-0.00126975,-0.000842969,-0.000361973,-8.22212e-05,4.93887e-05,0.000251392,0.00046538,0.00100725,0.00129717,7.55605e-05,0.000122141,8.21486e-05,8.76472e-05,9.43544e-05,7.96517e-05,9.29201e-05,9.14475e-05,0.000520248,7.52773e-05,0.000628536,0.000643398,0,0.000631692,0.502596,-0.00136775,-0.000521382,0.000538434,0.00140461,1787493300,-0.000719502,0.00084176,0.000122888,1,-0.000747484,0.000835259,0.000139742,1,-0.000719811,0.00075907,7.86223e-05,1,-0.000792967,0.000788376,1.1942e-05,1
1787493540,0.000626368,4.06859e-06,0.000878431,0,0.00121181,0.532739,0.000188972,0.000170283,0.13017,-0.00133525,-0.000882853,-0.000378946,-0.000102364,4.74669e-05,0.000224542,0.000434457,0.000961474,0.00128101,0.000177531,0.000186707,0.000177248,0.000177792,0.000175943,0.000178073,0.000198492,0.000193105,0.000501759,0.000101209,0.000625351,-0.000654826,0.000541362,0,0.498018,-0.00144647,-0.000569153,0.00053309,0.00144432,1787493300,-0.000646649,0.000684262,4.51762e-05,1,-0.000730267,0.000805395,0.000160064,1,-0.000756453,0.000837082,0.000133769,1,-0.000796076,0.000760682,7.3871e-06,1
1787493600,-0.000215524,-4.47275e-05,4.87914e-05,-0.000337539,0.0012029,0.516969,0.000100575,0.000107525,0.151703,-0.00152804,-0.00106972,-0.000490237,-0.000156995,3.11007e-05,0.00024852,0.000529586,0.0011422,0.00142256,7.94066e-05,0.000120571,8.46949e-05,0.000107748,9.91859e-05,7.92129e-05,0.000114798,9.91405e-05,0.000620081,0.000350599,0.00106771,-0.000797586,0.000847642,0.000317521,0.496938,-0.00167008,-0.000701959,0.000659551,0.00168629,1787493600,-0.000630497,0.00068418,6.08294e-05,1,-0.000679297,0.000667596,3.33242e-05,1,-0.00074214,0.000818711,0.000146364,1,-0.000859755,0.000842096,2.04807e-05,1
1787493660,0.000504172,-4.06693e-06,0.000504172,-0.000406775,0.0011912,0.53822,0.000153805,0.000134653,0.16436,-0.00124308,-0.000807875,-0.00032121,-9.42045e-05,5.53312e-05,0.000220649,0.000395884,0.00089627,0.00115732,0.000143708,0.000164124,0.000143091,0.000143059,0.000136057,0.000143337,0.000157264,0.000162203,0.000451338,1.52189e-07,0.000525247,-0.000546998,0.000394535,0,0.49754,-0.00113649,-0.000441369,0.000420669,0.0011336,1787493600,-0.000772603,0.000800778,6.83591e-05,1,-0.000632046,0.00068392,0.000123061,1,-0.000696862,0.000688223,2.29447e-05,1,-0.000858776,0.000828038,5.94773e-06,1
1787493720,0.00153534,8.12972e-06,0.0018681,-8.5366e-05,0.00118138,0.53953,0.000514811,0.000506817,0.142724,-0.00117914,-0.000776981,-0.000312114,-9.29e-05,5.76404e-05,0.000251452,0.000476962,0.000989443,0.00123329,0.000578006,0.000451434,0.000569631,0.000554283,0.000522636,0.000601139,0.000486011,0.000499623,0.000507737,0.000109735,0.000599236,0.000660285,0,0.000661815,0.505375,-0.00138742,-0.000542178,0.000574952,0.00149312,1787493600,-0.000550034,0.000575771,3.43992e-05,0,0.000804737,0.00011419,0.000779497,1,-0.000672557,0.000713525,6.78056e-05,1,-0.000738738,0.000710349,0,1
1787493780,-0.00102736,0.000121752,0.000198854,-0.00115332,0.00118949,0.505722,0.000280933,0.000301208,0.0856794,-0.00151712,-0.00113393,-0.000550367,-0.000191401,9.2395e-06,0.000285514,0.000604823,0.00128248,0.00165097,0.000338249,0.000296149,0.000298286,0.000295364,0.000318267,0.000292329,0.000283989,0.000266079,0.000702677,0.000189555,0.000860866,0.000864038,1.07851e-05,0.00092812,0.502266,-0.00177842,-0.000746136,0.000734338,0.0019452,1787493600,-0.00065128,0.000723372,6.86744e-05,1,-0.000580098,0.0006059,4.52243e-05,1,-0.000823359,0.000727791,0.000160685,1,-0.000776226,0.000709289,0,1
1787493840,0.000670139,-6.0944e-05,0.000958364,-0.000544565,0.00118647,0.525174,0.000197089,0.000175891,0.0554177,-0.00143281,-0.000957074,-0.000429066,-0.000145302,4.72872e-05,0.000282645,0.000559915,0.00115705,0.00144787,0.000189073,0.000193723,0.000190448,0.000189921,0.000182977,0.000191978,0.000196746,0.000203781,0.000617834,0.000133137,0.000679676,0.000799156,0,0.000743397,0.500442,-0.00168941,-0.000695477,0.000670352,0.00178361,1787493600,-0.000825457,0.000926216,5.01149e-05,1,-0.000683491,0.000716248,2.97535e-05,1,-0.000636057,0.000645136,3.97908e-06,1,0.000853545,7.89342e-05,0.000777005,1
1787493900,-0.000280185,0.000186747,0.000722435,-0.000434524,0.00117836,0.523297,0.000114653,0.000122836,0.0527298,-0.00141217,-0.00096837,-0.000422992,-0.000129196,3.78092e-05,0.000295103,0.000586728,0.0012551,0.00160856,9.0704e-05,0.00012805,0.000111156,0.00011244,0.000117106,0.000124473,0.000121613,0.000109436,0.000635616,0.000150601,0.000688326,0.000837894,0,0.000809018,0.505119,-0.00171916,-0.000701584,0.000716946,0.0018875,1787493900,-0.000747169,0.000837035,1.15648e-05,1,-0.000802231,0.000912162,2.54447e-05,1,-0.000684425,0.000725482,3.64038e-05,1,-0.000682562,0.000641208,0,1
1787493960,-0.00132077,8.12242e-06,0.000182739,-0.00284691,0.00116719,0.52398,0.00040142,0.000433751,0.0489532,-0.00148824,-0.000966891,-0.00041329,-0.000147009,4.48994e-05,0.000277812,0.000580831,0.00119878,0.00152736,0.000485146,0.000382242,0.000420717,0.000408528,0.000422829,0.000384611,0.000392392,0.000403537,0.000625879,0.000105974,0.00064794,0.000799632,0,0.000728783,0.502874,-0.00169168,-0.000690231,0.000673093,0.00179825,1787493900,-0.000829201,0.000914409,3.12673e-05,1,-0.000793161,0.000840648,0,1,-0.000805164,0.000882264,1.75122e-05,1,-0.000744685,0.000732121,0,1
1787494020,-0.00201499,4.06651e-05,0.000215506,-0.00242663,0.00117046,0.547617,0.000698657,0.000739701,0.0475505,-0.0017184,-0.00114671,-0.000479339,-0.000122111,0.000106744,0.000388082,0.000849359,0.0016443,0.00203506,0.00083194,0.000682942,0.000735985,0.000641199,0.000735289,0.000676849,0.00067825,0.000749969,0.000837759,0.000303042,0.000832732,0.0010041,9.29419e-05,0.000911767,0.51457,-0.0020096,-0.000798868,0.000860454,0.00221078,1787493900,-0.000778576,0.000872303,2.01572e-05,0,-0.00083077,0.00090876,1.83032e-05,0,-0.000810732,0.000852318,0,1,-0.000877035,0.000878323,0,1
1787494080,0.00200686,-4.48238e-05,0.00207599,-0.000126327,0.00119322,0.558547,0.000591409,0.000583584,0.0771212,-0.00184013,-0.00123333,-0.000497332,-0.00011507,0.000155779,0.000435785,0.000843459,0.0015365,0.00190474,0.000812567,0.000648077,0.000635339,0.000643176,0.00074472,0.000651766,0.000541324,0.000588971,0.000864094,0.000196941,0.000741654,0.000979045,0,0.000758561,0.512967,-0.00198004,-0.000785092,0.000831891,0.00207063,1787493900,-0.000890856,0.00110495,0.000102497,1,-0.000763011,0.000864747,5.03915e-05,1,-0.000803483,0.000923665,3.22226e-05,1,-0.000823528,0.000822676,0,1
1787494140,-0.000195217,3.6599e-05,0.000146388,-0.00053287,0.00121485,0.532308,0.000120842,0.00012684,0.120212,-0.00174367,-0.00122795,-0.000529404,-0.000173064,8.02816e-05,0.000322163,0.000773687,0.00150914,0.0019381,7.66288e-05,0.000121186,0.000138193,0.000112853,0.000112874,0.000130268,0.00013286,0.000113323,0.000813336,0.000168459,0.000829871,0.000982206,0,0.0008619,0.503684,-0.00195093,-0.000815241,0.000820974,0.00210129,1787493900,0.00085608,0.000120103,0.000896009,1,-0.000943038,0.00105141,1.91551e-05,1,-0.000791996,0.0008671,3.64409e-06,1,-0.00089043,0.000898395,0,1
1787494200,0.00151194,6.91438e-05,0.00152412,-4.88103e-05,0.00120295,0.533773,0.000456071,0.000435086,0.0949383,-0.00158061,-0.00108736,-0.00046912,-0.000147018,7.25191e-05,0.000310358,0.000627099,0.00125334,0.0016188,0.000564687,0.000438227,0.000430766,0.000481409,0.000466124,0.000450008,0.000437165,0.000467964,0.000688297,1.10407e-05,0.000645572,0.000799631,0,0.000642133,0.502761,-0.00170218,-0.000685115,0.000665363,0.00176123,1787494200,0.000977595,1.15778e-06,0.000937233,1,0.000895867,6.62652e-05,0.000890361,1,-0.000869629,0.00103416,6.54014e-05,1,-0.000862636,0.000890784,0,1
1787494260,0.000580594,-9.74754e-05,0.00281861,-0.000146217,0.00120991,0.515463,0.000181112,0.000165961,0.109059,-0.00165559,-0.0011831,-0.000546589,-0.000171511,3.04874e-05,0.00030644,0.000704471,0.00145103,0.00188614,0.00016365,0.000178825,0.000186757,0.000165613,0.000170981,0.000178477,0.000189622,0.000183477,0.000772473,0.000112536,0.00076563,-0.000918967,0.000751075,0,0.49944,-0.00184155,-0.000781215,0.000751952,0.00198526,1787494200,0.000798243,6.67619e-05,0.000691858,1,0.000902914,0.000114736,0.000838987,1,0.000852469,0.000158534,0.000820784,1,0.00093685,0.000110584,0.000890063,1
1787494320,0.000710059,-4.46491e-05,0.00085201,-0.000263865,0.00120056,0.511134,0.000216108,0.000199847,0.0914065,-0.00185587,-0.00142932,-0.000668554,-0.000251857,3.09524e-05,0.000368161,0.000782711,0.00162759,0.00215723,0.000199613,0.000204799,0.000202952,0.000211333,0.000194459,0.000203039,0.000224081,0.000220424,0.000890936,0.000130407,0.000889676,0.00112448,2.20562e-06,0.00111301,0.501512,-0.00219595,-0.000937328,0.000884148,0.00237919,1787494200,0.000921461,2.79157e-05,0.000789199,1,0.000793925,0.000100515,0.000686405,1,0.000896667,0.000116598,0.000798536,1,0.000892867,0.0001225,0.000804967,1
1787494380,0.00127279,-1.62243e-05,0.00127279,-4.86736e-05,0.00119273,0.504729,0.000374404,0.000351397,0.0784465,-0.001639,-0.00120114,-0.000567059,-0.000203967,7.31751e-06,0.000308708,0.000649055,0.00136123,0.00189494,0.000444272,0.000360907,0.000358866,0.000371883,0.000348766,0.000359455,0.000378133,0.000388239,0.000744499,8.08827e-05,0.000707099,-0.000828947,0.000650063,0,0.498616,-0.00169226,-0.000708622,0.000681599,0.0018359,1787494200,-0.001014,0.001238,2.20067e-06,1,0.00091035,6.32588e-05,0.000773218,1,0.000899649,0,0.000717124,0,0.000954222,6.09242e-05,0.000833553,1
1787494440,-0.00197473,-8.10179e-06,-8.10179e-06,-0.00242536,0.00119438,0.511252,0.000639133,0.000684015,0.0718875,-0.00169052,-0.00127292,-0.000562283,-0.000177263,2.14386e-05,0.000313455,0.000685822,0.00143962,0.00196084,0.000812289,0.000653066,0.00064434,0.000728813,0.000713256,0.000656009,0.000624832,0.000594339,0.000772015,0.000128342,0.000766411,0.000811293,0,0.000786518,0.501456,-0.00166657,-0.000693611,0.000686757,0.00184453,1787494200,0.000874834,3.51068e-05,0.000782603,1,-0.000961676,0.0011612,8.10968e-05,1,0.000960013,4.5304e-05,0.00077554,1,0.000866365,1.68508e-05,0.000772564,1
1787494500,0.000989878,4.46468e-05,0.00106692,-9.7418e-05,0.00121491,0.533936,0.000280644,0.000256954,0.0787194,-0.00202825,-0.00145264,-0.000646033,-0.000202464,0.000101505,0.000400534,0.000832674,0.00163036,0.00202516,0.000303838,0.000282511,0.000281148,0.000280604,0.000273501,0.000281646,0.000262507,0.000297031,0.000921077,0.000248478,0.000980608,0.00108533,1.74336e-05,0.00108515,0.508391,-0.00215947,-0.000889335,0.000885899,0.00228562,1787494500,-0.000849336,0.000904349,0,1,-0.000873075,0.0008626,0,1,0.00103614,0.000116746,0.00102625,1,-0.000942347,0.000909254,0,1
1787494560,-0.000162208,-1.62196e-05,0.000291908,-0.000312274,0.00121082,0.525567,0.0001075,0.000113223,0.0707416,-0.00164353,-0.00115937,-0.000488624,-0.00016071,5.354e-05,0.000324967,0.000677071,0.00138622,0.00174405,7.14493e-05,0.00011879,0.000130757,9.98411e-05,0.000118317,0.000117569,0.000109637,0.000102836,0.000734641,7.13563e-05,0.000636635,0.000832295,0,0.000703828,0.504057,-0.00168867,-0.000687597,0.000706796,0.00183805,1787494500,0.00107297,0.000116192,0.00102387,1,-0.000834792,0.000877971,0,1,0.000948215,0,0.000814212,1,0.00109707,6.49077e-05,0.00101383,1
1787494620,4.05545e-05,-2.83891e-05,0.000218975,-0.000636921,0.00119887,0.530709,9.06026e-05,8.94648e-05,0.0574942,-0.00150132,-0.00100945,-0.000439789,-0.00014596,6.25633e-05,0.000297527,0.000563114,0.00114888,0.00150317,6.00159e-05,0.000110388,0.000114371,7.59912e-05,0.000104945,0.000104807,9.54588e-05,8.55373e-05,0.00062868,0,0.000566277,0.000766605,0,0.000610623,0.502203,-0.00162769,-0.000656352,0.000634014,0.00170074,1787494500,0.000873812,4.20937e-06,0.000782431,1,0.00106148,3.74219e-05,0.001001,1,-0.000905324,0.000859858,0,1,-0.000913454,0.000887598,0,1
1787494680,-0.00111585,4.05536e-06,0.000543271,-0.00111585,0.00118683,0.540666,0.000332532,0.000364299,0.0513066,-0.001386,-0.000955143,-0.00036209,-0.000106664,6.98511e-05,0.000305545,0.000596745,0.0011643,0.00152724,0.000382884,0.000320725,0.000320976,0.000333616,0.000323848,0.000317709,0.000333687,0.000348401,0.000623363,3.25746e-05,0.000588492,0.000815501,0,0.000676991,0.504851,-0.00170506,-0.000674741,0.000698708,0.00184886,1787494500,0.000783086,6.24655e-05,0.000690953,1,0.000850412,2.83981e-05,0.000772057,1,-0.000953626,0.00109309,1.32673e-05,1,-0.000870158,0.000861823,0,1
1787494740,-0.00077574,7.30754e-05,0.00039779,-0.000779803,0.00118545,0.547478,0.000235208,0.000253609,0.0399146,-0.0016009,-0.00109208,-0.000452751,-0.000123992,0.000107799,0.000341896,0.000661846,0.00131481,0.00160465,0.000232253,0.000226167,0.000226367,0.000223283,0.000222732,0.00022139,0.000243832,0.000238962,0.000710527,9.00391e-05,0.000663801,-0.000880241,0.00080703,0,0.495638,-0.00185332,-0.000752508,0.000725022,0.00189073,1787494500,0.000815529,0.000103044,0.000749551,1,0.000747785,9.4381e-05,0.000719818,1,0.0008334,6.23613e-05,0.000743809,1,0.00094183,0.000161369,0.000829052,1
1787494800,0.000836637,6.90693e-05,0.00111265,4.46925e-05,0.00117866,0.542895,0.00023408,0.000213847,0.0421582,-0.00148534,-0.00100617,-0.000422175,-0.000124753,9.01695e-05,0.000304557,0.000617068,0.00119045,0.00148548,0.000244219,0.00023946,0.000237241,0.000235948,0.00023786,0.000238274,0.00022779,0.000236577,0.000658957,1.93039e-05,0.000569463,-0.000754125,0.000657011,0,0.490326,-0.00162498,-0.000654944,0.000620578,0.00163838,1787494800,0.000802626,0.000100328,0.000752025,1,0.000832021,8.44963e-05,0.000755119,1,0.000799601,3.62643e-05,0.000721899,1,0.000884133,0,0.00074835,1
1787494860,-0.000670066,-3.65375e-05,0.000231373,-0.00120644,0.00117279,0.535569,0.000196935,0.000214697,0.0384168,-0.00144412,-0.00101303,-0.000440036,-0.000123583,6.56341e-05,0.000283602,0.000606041,0.00115293,0.00149425,0.000192781,0.000196619,0.000196278,0.00019272,0.00019358,0.000191891,0.000201073,0.000196528,0.000655516,1.85576e-05,0.000607855,-0.000739574,0.000615774,0,0.494748,-0.00155184,-0.000632873,0.00060851,0.00159418,1787494800,0.000696162,8.01296e-05,0.000676095,1,0.000816399,9.91824e-05,0.000775846,1,0.000809731,9.07553e-05,0.000786902,1,0.000857369,2.0539e-05,0.000732482,1
1787494920,-0.000959178,1.2187e-05,0.000134049,-0.00103237,0.00116487,0.536499,0.000283693,0.000299497,0.0429632,-0.0016035,-0.00109,-0.00047758,-0.000156972,8.75449e-05,0.000337019,0.000676422,0.00130314,0.00165436,0.000303439,0.000276822,0.000276177,0.000274126,0.000270105,0.000272456,0.000304282,0.00027531,0.000726622,0.00010831,0.000679753,-0.000811228,0.000848448,0,0.498711,-0.00173486,-0.000691082,0.00069155,0.00183081,1787494800,0.000707309,7.95905e-05,0.000658657,1,0.00071261,9.50785e-05,0.000695593,1,0.000820013,0.00013845,0.000747621,1,0.000886907,0,0.000788558,1
1787494980,-0.000626401,-6.91289e-05,0.000313053,-0.000874629,0.00116111,0.542889,0.000194046,0.000207966,0.0457388,-0.00150091,-0.00101487,-0.000430625,-0.000122822,8.87486e-05,0.000329976,0.000627606,0.00117627,0.00149858,0.000180452,0.000184295,0.000183561,0.000180619,0.000176042,0.000183076,0.000215049,0.00018963,0.000673351,6.69395e-05,0.000543982,-0.000750724,0.000705549,0,0.493495,-0.00161673,-0.000644325,0.000631385,0.0016605,1787494800,0.000719903,0.000190015,0.000717519,1,0.000682073,0.000112337,0.000653009,1,0.000786713,5.89246e-05,0.000669742,1,0.000872204,6.39186e-05,0.000758858,1
1787495040,-0.000411034,4.47559e-05,0.000488138,-0.0011888,0.00115285,0.544058,0.000147099,0.000152056,0.0551505,-0.00149257,-0.0010012,-0.000439317,-0.000125857,9.5489e-05,0.000346196,0.000652105,0.00118836,0.00149612,0.000120208,0.000147331,0.000139252,0.000133224,0.000137391,0.000145949,0.000163862,0.000143711,0.000692513,2.48327e-05,0.000562613,-0.000767641,0.000708015,0,0.497566,-0.00164588,-0.000649918,0.000650917,0.00168532,1787494800,0.000691322,8.13855e-05,0.000639532,1,0.000745832,0.000173802,0.000700545,1,0.000759736,6.04993e-05,0.0006344,1,0.000776089,6.08522e-05,0.00066687,1
1787495100,0.000317447,6.91958e-05,0.000508681,-0.000370483,0.00114274,0.540322,0.000116865,0.000107754,0.0698756,-0.00151173,-0.00103771,-0.000452098,-0.000137798,9.00164e-05,0.000333146,0.000670722,0.0012824,0.00158771,9.64686e-05,0.000128183,0.000115867,0.000125637,0.000132872,0.000127484,0.000115287,0.000112483,0.000708935,6.70705e-05,0.000612479,0.000826752,0,0.00067101,0.500107,-0.00174355,-0.000689604,0.000704951,0.00181875,1787495100,0.000705957,9.06903e-05,0.000696934,1,0.00072418,0.000112864,0.000639536,1,0.000798107,9.92326e-05,0.000715194,1,0.000763686,8.33193e-05,0.000652363,1
1787495160,0.000358025,-4.0692e-06,0.000768782,-4.88315e-05,0.00113215,0.541518,0.000116566,0.000105408,0.0765252,-0.00134698,-0.000929008,-0.000394987,-0.000112852,7.69024e-05,0.000300045,0.00058742,0.00109531,0.00139186,0.000102969,0.000133829,0.000118756,0.000121676,0.000137489,0.000129317,0.000116162,0.000109654,0.000624114,3.05621e-05,0.000554566,-0.000699345,0.000603757,0,0.499573,-0.00149279,-0.000585181,0.000594025,0.00153741,1787495100,0.000743163,0.000137849,0.000787135,1,0.000710281,0.000107086,0.000697789,1,0.00077327,9.24409e-05,0.00063164,1,0.000796796,0.000101495,0.000723119,1
1787495220,-8.54261e-05,7.7284e-05,0.00038636,-0.000313265,0.00112191,0.53536,8.28917e-05,8.65192e-05,0.0837848,-0.00129436,-0.000891909,-0.000391808,-0.000121435,6.39737e-05,0.000272484,0.000515004,0.00100227,0.00131133,6.20639e-05,0.000102639,8.05738e-05,8.44725e-05,9.97715e-05,8.83236e-05,9.16647e-05,7.34531e-05,0.000569726,4.01789e-05,0.0005292,-0.000667082,0.000554973,0,0.493252,-0.00142851,-0.000579616,0.000539012,0.00142424,1787495100,0.000659134,8.46375e-05,0.000641237,1,0.000754119,0.000123665,0.000769047,1,0.000766363,6.16028e-05,0.000681838,1,0.000756487,3.59683e-05,0.000662677,1
1787495280,-0.000337708,-2.03406e-05,-2.03406e-05,-0.000716239,0.0011107,0.536702,0.000118028,0.000122212,0.100993,-0.00124955,-0.000850536,-0.000375598,-0.000118522,6.61461e-05,0.000268038,0.000491916,0.000960485,0.00127419,0.000100467,0.000130744,0.000111762,0.000115238,0.000121364,0.000110347,0.000124752,0.000115218,0.000545582,1.40598e-05,0.000501025,-0.000607233,0.000491944,0,0.491564,-0.00131169,-0.000526122,0.00048691,0.00130921,1787495100,0.000621812,7.34323e-05,0.000582942,1,0.000665105,9.20637e-05,0.000634652,1,0.000798887,7.4729e-05,0.000764446,1,0.000775655,5.72065e-05,0.000679528,1
1787495340,-0.000366318,0.0001058,0.000223795,-0.000708336,0.00110058,0.542506,0.000123804,0.000130491,0.122155,-0.00120207,-0.000805371,-0.000333319,-0.000103674,7.33927e-05,0.000269653,0.000505545,0.000962655,0.00125928,0.000107623,0.000134435,0.000113943,0.00011792,0.000122805,0.000108958,0.000131613,0.000123858,0.00053779,0,0.000483951,-0.000564397,0.000438917,0,0.493371,-0.00120054,-0.000469985,0.000455804,0.00119304,1787495100,0.000560386,8.12848e-05,0.000572249,1,0.000613164,7.46167e-05,0.000620242,1,0.000719411,4.03772e-05,0.000651541,1,0.000811935,0.000100982,0.000743576,1
1787495400,-0.000500852,-8.14193e-06,0.00046805,-0.000533437,0.00109075,0.53549,0.000155828,0.000165281,0.150527,-0.00132621,-0.000881029,-0.000384377,-0.000131777,7.0096e-05,0.000278522,0.000551649,0.00100024,0.00127882,0.000144639,0.000155882,0.000145672,0.000145714,0.00014114,0.00014369,0.000168353,0.000158556,0.000590759,3.41613e-05,0.000628423,-0.000644576,0.000581537,1.14418e-05,0.498743,-0.00139716,-0.00055434,0.000543626,0.00139139,1787495400,0.000527364,4.94175e-05,0.000562624,1,0.000586067,6.07955e-05,0.000621911,1,0.000689321,2.73315e-05,0.000620981,1,0.000734802,3.28702e-05,0.000665556,1
1787495460,6.92384e-05,6.51657e-05,0.00028914,-4.8877e-05,0.0010821,0.531834,7.4414e-05,7.34882e-05,0.170103,-0.00121052,-0.000782725,-0.00035144,-0.000128885,5.8169e-05,0.000256174,0.000492819,0.000929313,0.00118082,6.19948e-05,9.66282e-05,6.80015e-05,8.02596e-05,9.38698e-05,6.05884e-05,7.91318e-05,6.89124e-05,0.000531275,4.6391e-05,0.00049373,-0.000610653,0.00055274,0,0.49884,-0.00132601,-0.000521536,0.000509885,0.00131474,1787495400,0.000646851,2.14887e-05,0.00070537,1,0.000581906,6.19814e-06,0.000593523,1,0.000664216,1.51438e-05,0.000643568,1,0.000713427,6.80599e-06,0.000638596,1
1787495520,-0.000753735,4.0727e-06,8.14538e-06,-0.00132858,0.00107127,0.538991,0.000222904,0.000238763,0.214236,-0.00104896,-0.000683955,-0.000283345,-9.37539e-05,5.71808e-05,0.000217078,0.00039859,0.000767002,0.00101805,0.000222449,0.000218242,0.000216771,0.000215578,0.000195179,0.000224815,0.000226665,0.000229093,0.000435186,0,0.000391792,-0.000498143,0.000361407,0,0.495952,-0.00107241,-0.000404629,0.000387909,0.00101745,1787495400,0.000550126,4.99382e-05,0.000604006,1,0.000638836,3.48635e-05,0.000684437,1,0.00065653,0,0.000619552,1,0.000681411,0,0.000645253,1
1787495580,0.0004849,4.48325e-05,0.000725225,-6.52146e-05,0.00106585,0.548776,0.000127144,0.000119138,0.170755,-0.00125608,-0.000832655,-0.00035815,-0.000117529,0.000107853,0.000307429,0.000567548,0.000976244,0.00122295,0.000138535,0.000148765,0.000137895,0.000141324,0.000164999,0.000138801,0.000123965,0.000118675,0.000592084,8.88756e-05,0.000548586,0.000662486,3.86916e-05,0.000565329,0.50439,-0.00143723,-0.000551138,0.000581821,0.00147031,1787495400,0.000485983,1.79033e-05,0.000490869,1,-0.000570143,0.000596273,7.94568e-05,1,0.000612494,7.78583e-05,0.000692943,1,0.000627832,8.7433e-06,0.000609729,1
1787495640,-0.000541962,-4.07381e-06,0.0001385,-0.000578647,0.00105736,0.537068,0.000165278,0.000172703,0.152988,-0.0011279,-0.000756363,-0.000335459,-0.000114645,6.50369e-05,0.000251869,0.000452288,0.000860744,0.0011072,0.000155768,0.000159466,0.000156846,0.000156186,0.000138608,0.000154286,0.000174835,0.000167878,0.000497523,6.76502e-05,0.000473645,-0.000595477,0.000523203,0,0.499149,-0.00127835,-0.000499079,0.000501761,0.00128303,1787495400,0.000584846,7.553e-05,0.000647756,1,0.000489705,1.89971e-05,0.000547464,1,0.000595025,3.03781e-05,0.000636455,1,0.000642639,5.98299e-05,0.000605876,1
1787495700,0.00039122,0,0.000452335,0,0.00104954,0.529935,0.000111851,0.000103863,0.129498,-0.0011079,-0.000742365,-0.000357019,-0.000142051,5.88981e-05,0.000226287,0.000414518,0.000818041,0.00104033,0.000112685,0.000131624,0.000111817,0.000114983,0.000139378,0.000112358,0.000106829,0.000116798,0.000474778,0,0.000430124,-0.000569624,0.00046509,0,0.495186,-0.00123981,-0.000490244,0.000461503,0.00119105,1787495700,0.000570171,1.64658e-05,0.000569417,1,0.000626916,2.99054e-05,0.000634593,1,0.00052325,1.62969e-05,0.000556115,1,0.000654205,0,0.00061915,1
1787495760,-0.000802982,-9.37159e-05,3.25948e-05,-0.000802982,0.00104046,0.533509,0.000238132,0.000254699,0.111268,-0.00100619,-0.000675485,-0.000297984,-9.6075e-05,4.63211e-05,0.000209862,0.000371974,0.00073633,0.000937626,0.000241353,0.00023141,0.000234916,0.000237844,0.000205769,0.000243382,0.000241268,0.00024152,0.000419695,0,0.000356389,-0.000507354,0.000387515,0,0.499843,-0.00107299,-0.000406371,0.000411381,0.00103012,1787495700,0.000535244,0,0.000532338,1,0.000568042,1.57996e-05,0.000583736,1,0.000620356,1.87753e-05,0.000648796,1,0.000603102,0,0.000559426,1
1787495820,0.000750013,-1.22331e-05,0.000790759,-0.000150886,0.00103625,0.530637,0.000206662,0.000197347,0.0805296,-0.00114497,-0.000762805,-0.000355278,-0.000136056,5.82642e-05,0.000255592,0.000439379,0.000836946,0.00105296,0.00021235,0.000214561,0.00021163,0.000211757,0.000241006,0.000216252,0.000194694,0.000208866,0.000495887,5.88923e-06,0.000421137,-0.000592128,0.000552174,0,0.498861,-0.00130757,-0.000505855,0.000499763,0.00127175,1787495700,0.000528075,0,0.000473529,1,0.000554938,0,0.000563467,1,0.000572337,1.67517e-05,0.000582517,1,0.000651595,0,0.000636498,1
1787495880,0.000162972,-3.66724e-05,0.000431818,-0.000427928,0.0010313,0.530269,7.5368e-05,7.45544e-05,0.0658733,-0.00110278,-0.000745402,-0.000347336,-0.000121639,5.10107e-05,0.000244068,0.000454979,0.000843015,0.00108333,7.11417e-05,9.56415e-05,7.71879e-05,7.31137e-05,9.90346e-05,7.5498e-05,7.87208e-05,7.239e-05,0.000501238,6.42365e-05,0.000462308,0.000609384,0,0.000545501,0.501209,-0.00130537,-0.000506031,0.000527806,0.00134211,1787495700,0.000562091,0,0.000555786,1,0.00052949,0,0.000508381,1,0.000593954,0,0.00056407,1,0.000633554,0,0.000589337,1
1787495940,-0.000709122,0,0.000191458,-0.000933374,0.0010212,0.530527,0.000205705,0.000212423,0.0642272,-0.0011014,-0.000744979,-0.000358014,-0.000128406,5.46287e-05,0.000222271,0.00042861,0.000795232,0.00104174,0.000205035,0.000204975,0.000203123,0.000201992,0.000182933,0.000202864,0.00021451,0.000203053,0.00048487,1.93808e-05,0.000486888,-0.000621748,0.000511187,0,0.498392,-0.00133421,-0.000528779,0.000516165,0.00134089,1787495700,0.000614408,0,0.000606754,1,0.000581638,0,0.000575923,1,0.000544053,0,0.000503561,1,0.000610685,0,0.000578133,1
1787496000,0.000317944,-1.22306e-05,0.000480953,-8.15405e-05,0.00101589,0.53652,0.00010089,9.29886e-05,0.0536543,-0.00116701,-0.000777331,-0.000359071,-0.000125546,6.98887e-05,0.000246592,0.000488172,0.000882713,0.00112994,9.67561e-05,0.000116582,0.000101713,0.000105193,0.000124815,9.82583e-05,9.97178e-05,9.72318e-05,0.000529087,0.00011961,0.000521066,0.000627428,9.97263e-06,0.00055434,0.500995,-0.00137373,-0.000530618,0.000540856,0.00139573,1787496000,0.000596507,3.65137e-05,0.00062297,1,0.000607391,0,0.000592584,1,0.000603187,0,0.00057223,1,0.000575088,0,0.000517729,1
1787496060,-0.000701242,0.000126334,0.000130409,-0.000786893,0.00100669,0.530652,0.00020525,0.000211212,0.0548475,-0.00105066,-0.000703382,-0.000323348,-0.000108561,4.6204e-05,0.000212224,0.000388056,0.000773214,0.00100502,0.000201896,0.000202608,0.000200809,0.000199351,0.000177476,0.000200979,0.000211893,0.000206491,0.000441105,5.57039e-05,0.000437741,-0.000541881,0.000431214,0,0.49946,-0.00117415,-0.000448249,0.000452516,0.00115176,1787496000,0.000590714,2.0142e-05,0.000625097,1,0.000596388,1.49672e-05,0.000643684,1,-0.0005947,0.00056587,0,1,0.000619773,0,0.000580696,1
1787496120,-0.0209277,6.11744e-05,6.11744e-05,-0.0255528,0.00100149,0.538218,0.0102539,0.0102769,0.0480281,-0.00112771,-0.000724845,-0.000349767,-0.000119355,7.13547e-05,0.00025195,0.000425897,0.000806162,0.00103593,0.0102862,0.0102047,0.0102611,0.0102776,0.0101901,0.0102754,0.0102231,0.0102652,0.000482132,1.68418e-05,0.000423942,-0.000571642,0.000512395,0,0.498427,-0.00125903,-0.000486596,0.000482576,0.0012286,1787496000,0.000558614,0,0.000535094,0,0.000621313,0,0.00063977,0,0.00061323,8.49433e-06,0.000655556,0,0.00063715,0,0.000596535,0
1787496180,0.00798089,-0.000133278,0.00798089,-0.00234329,0.00312126,0.566109,0.00224327,0.00222399,1,-0.00771233,-0.00548125,-0.00233962,-0.000443384,0.000840509,0.00203953,0.00360228,0.0063016,0.00807777,0.00379968,0.00288952,0.00225861,0.00261119,0.00281971,0.00281503,0.00203923,0.0021659,0.0038194,0.000988983,0.0029169,0.00453119,0.00263743,0.00317682,0.537182,-0.00815336,-0.00307948,0.00360043,0.00810501,1787496000,0.000556081,0,0.000579913,0,0.000547449,0,0.000559284,0,-0.000611669,0.000608718,3.00061e-05,0,0.000662966,0,0.000656885,0
1787496240,-0.000123955,2.89205e-05,0.00101585,-0.00220455,0.00328958,0.559445,0.000524545,0.000534487,1,-0.00774682,-0.00579848,-0.00241609,-0.000488906,0.000697338,0.00186564,0.00348308,0.00612918,0.00806031,6.43948e-05,0.000359805,0.000785226,0.000372975,0.00113215,0.000355294,0.000561465,0.000511683,0.00376549,0.000694098,0.00354268,0.00380588,0.000584808,0.00325145,0.508706,-0.00724633,-0.00296989,0.00318887,0.00756982,1787496000,0.00284444,0.00132514,0.00334919,1,0.000578751,0,0.000590303,0,0.000553058,0,0.000549509,0,0.000650304,0,0.000639601,0
1787496300,0.00170922,-2.06606e-05,0.00511069,-0.000185961,0.00325656,0.560683,0.000501676,0.000482628,1,-0.00683281,-0.00518639,-0.00225598,-0.000438525,0.000656728,0.00174946,0.00288322,0.00483017,0.00628232,0.00066262,0.000545971,0.000808106,0.000525654,0.00114034,0.000526617,0.000525226,0.00044138,0.00324989,2.65712e-05,0.00295578,0.00357013,0,0.00332112,0.507093,-0.00720134,-0.00296256,0.00285923,0.00688612,1787496300,0.00319067,4.714e-05,0.00346403,1,0.00312776,0,0.00347145,1,0.000603141,0,0.00058441,0,0.000604024,0,0.000558956,0
1787496360,0.000865879,0.000119618,0.00207274,-0.000144386,0.00323288,0.548079,0.000408707,0.000404325,1,-0.00603825,-0.00465482,-0.00213074,-0.000499132,0.00045022,0.00142562,0.00238461,0.00459843,0.00610237,0.000256422,0.000401877,0.000696852,0.000395876,0.00089612,0.00029304,0.000436869,0.000377568,0.00277765,0.000540126,0.00285406,-0.00341925,0.00344089,0,0.497892,-0.00680065,-0.00289903,0.00269591,0.00677785,1787496300,0.00316417,0.000398037,0.00298948,1,0.00277618,0.000756766,0.00271585,1,-0.0024944,0.00295408,0.000438769,1,0.000604706,0,0.000582568,0
1787496420,0.00182002,4.12144e-06,0.00209973,4.12144e-06,0.00320273,0.548538,0.000490605,0.000465196,0.999999,-0.00542655,-0.00415063,-0.00178789,-0.000447631,0.000410114,0.00124313,0.00200855,0.00361494,0.00463242,0.000716958,0.000557038,0.000739639,0.000520501,0.000739368,0.000547788,0.000528107,0.000444598,0.00234547,0.000285853,0.00238551,-0.00283231,0.00244668,0,0.497632,-0.00592818,-0.00246794,0.00228441,0.00567669,1787496300,0.00268342,0.000499749,0.00251559,1,0.00255033,0.000783313,0.00253094,1,0.00239246,0.000660839,0.00255661,1,0.0025098,0.000681476,0.0025213,1
1787496480,-8.63968e-05,-0.000148113,0.000415423,-0.000901363,0.00318097,0.533611,0.000304136,0.000310286,0.999993,-0.00470707,-0.0036392,-0.00150252,-0.000450751,0.000221758,0.00104112,0.00190479,0.00350572,0.00480143,6.2069e-05,0.000339785,0.000547752,0.000204192,0.000374206,0.000134212,0.000337134,0.000312963,0.00214679,0.000501949,0.00224734,-0.00220704,0.00216165,0,0.495671,-0.00477043,-0.00191912,0.00185653,0.0046183,1787496300,0.0024232,0.000254166,0.00208375,1,0.00252773,0.000649092,0.00253044,1,0.00241661,0.000445671,0.00256884,1,0.00270156,7.74832e-05,0.00258822,1
1787496540,0.00101161,4.11423e-05,0.00254763,-2.05718e-05,0.00314903,0.545205,0.000308883,0.000281312,0.999988,-0.00395079,-0.00297453,-0.00117545,-0.000280351,0.000220896,0.000854838,0.00125323,0.0025183,0.00343219,0.000312051,0.000415578,0.000550737,0.000298425,0.000235214,0.000288223,0.000323165,0.0002956,0.00148696,0.000218742,0.00159246,-0.00175316,0.00143991,1.58741e-05,0.494725,-0.00377005,-0.00145715,0.00137928,0.00346453,1787496300,-0.00209848,0.00219547,0,1,0.00220478,0.000438068,0.00210187,1,0.00232558,0.000750338,0.00252024,1,0.00232456,0.000773425,0.00240812,1
1787496600,0.00201605,-2.0551e-05,0.00202425,-9.04274e-05,0.00312066,0.548438,0.000540109,0.000509596,0.999988,-0.00404634,-0.0028563,-0.0010642,-0.000273159,0.000244879,0.000911219,0.00142059,0.00250675,0.00333832,0.000812729,0.000583564,0.000669646,0.000570875,0.000510607,0.000675675,0.000587782,0.00049504,0.00161006,0.000388142,0.00157069,-0.00195301,0.00194022,0.000170901,0.495927,-0.00428611,-0.00170718,0.00161757,0.00408626,1787496600,-0.00155963,0.00184799,0.0003116,1,0.00198977,1.39384e-05,0.00205544,1,0.00214442,0.000362752,0.00209643,1,0.00250497,0,0.00277001,1
1787496660,-0.00176947,-0.000184601,0.000135353,-0.00282608,0.00310242,0.550274,0.000555404,0.000580499,0.999946,-0.00377994,-0.00266536,-0.000957445,-0.000255712,0.000245982,0.000899029,0.00135283,0.00241899,0.00308164,0.0007084,0.000542655,0.0006219,0.000502381,0.000710661,0.000540601,0.000538549,0.000587801,0.00152379,0.000194807,0.00142731,-0.00178221,0.00178338,0.000110399,0.497927,-0.00381639,-0.0014777,0.00147856,0.00363188,1787496600,-0.00169133,0.00203276,0.000368734,1,-0.00161069,0.00177542,0.000387182,1,-0.00196521,0.00182549,6.80253e-05,1,0.00221434,0,0.00230434,1
1787496720,0.000410829,-0.000102734,0.0014782,-0.000102734,0.00308142,0.545589,0.000234399,0.000226045,0.999634,-0.00375558,-0.00261566,-0.00109515,-0.000342025,0.000276239,0.00092828,0.00133984,0.00241153,0.00319483,0.000117486,0.000340873,0.000409818,0.000207456,0.000144969,0.000155167,0.00024217,0.000239082,0.00154526,0.000313386,0.00154112,-0.00199946,0.00188069,3.41612e-05,0.495187,-0.00436493,-0.00174486,0.00166431,0.00419471,1787496600,-0.00163164,0.00184346,0.000180153,1,-0.00167322,0.00190719,0.000512388,1,-0.00167998,0.00179968,0.000393049,1,-0.00190495,0.00184046,8.20048e-05,1
1787496780,0.000505089,-5.7506e-05,0.00103454,-0.00046014,0.003051,0.55025,0.000195222,0.000175233,0.999484,-0.00314615,-0.00214341,-0.000722088,-0.000204021,0.000193742,0.000598562,0.000917243,0.00190715,0.00256394,0.000143463,0.000341368,0.00038108,0.000203193,0.000141234,0.000163408,0.000199892,0.000186782,0.0010578,8.55667e-05,0.00104581,-0.00173822,0.00137843,0,0.492366,-0.00375387,-0.00149138,0.00134087,0.00338119,1787496600,-0.00169628,0.00204884,0.0003887,1,-0.00162907,0.00173326,0.00016779,1,-0.00170784,0.00191195,0.000437028,1,-0.00173968,0.00184463,0.000299081,1
1787496840,0.00380255,-1.23162e-05,0.00495929,-0.000328484,0.00302119,0.564545,0.00136036,0.00136814,0.99941,-0.00291857,-0.00200331,-0.000662414,-0.00014891,0.000249083,0.000611533,0.000983476,0.00195418,0.00250714,0.00170529,0.00107801,0.00107255,0.00139227,0.00136604,0.00158279,0.00141887,0.00132024,0.00109651,6.56826e-05,0.00110891,-0.00170485,0.00148911,0,0.496401,-0.00371623,-0.00142345,0.00137864,0.00345563,1787496600,-0.00155257,0.0017585,0.00021271,1,-0.00180265,0.00201485,0.00032032,1,-0.001661,0.00166386,0.000133624,1,-0.00183203,0.00191796,0.000251765,1
1787496900,-0.002584,-0.000155424,-0.000155424,-0.00378613,0.00303878,0.518346,0.000733985,0.000760827,0.993692,-0.00398955,-0.00291034,-0.00135684,-0.000469178,0.000102682,0.000639779,0.00144073,0.00313402,0.00430478,0.00111629,0.000747765,0.000749833,0.00073514,0.00104793,0.000772499,0.000714818,0.000739382,0.00169463,0.000456187,0.00209564,-0.00233522,0.002436,0.000293807,0.494216,-0.00496367,-0.00207016,0.00194999,0.00502299,1787496900,-0.00156167,0.00180225,0.000206392,1,-0.00153482,0.00169458,0.000434034,1,-0.00184629,0.00203687,0.000304267,1,-0.00162852,0.00170871,0.000161086,1
1787496960,-0.000656276,4.92033e-05,0.000459137,-0.000656276,0.00303036,0.539703,0.000293231,0.000303433,0.236064,-0.00364713,-0.00259253,-0.0011647,-0.000391625,0.000249886,0.000800182,0.00148359,0.00264134,0.00337256,0.000189183,0.00034642,0.000354396,0.000270726,0.000295427,0.000371423,0.000315744,0.000281738,0.00165644,0.000282312,0.00175323,-0.00215712,0.00218069,0,0.496741,-0.00472188,-0.0018899,0.00181871,0.00464306,1787496900,-0.00200774,0.00245384,0.00033733,1,-0.00155041,0.00172404,0.00028225,1,-0.00160959,0.00181968,0.000288221,1,-0.00180223,0.00204153,0.000307593,1
1787497020,0.00148011,8.2061e-06,0.00184468,-0.000985222,0.00300133,0.535119,0.00043088,0.000402067,0.103244,-0.00310034,-0.00209634,-0.000723077,-0.000294654,0.000152991,0.000558899,0.000903581,0.00208782,0.00271564,0.000544316,0.000473129,0.000457969,0.000419199,0.00034013,0.00046125,0.00047041,0.000414051,0.00104084,1.24626e-05,0.00103925,-0.00164925,0.00131895,0,0.489491,-0.00362674,-0.00141597,0.00126823,0.00330649,1787496900,-0.00181611,0.00225822,0.000266756,1,-0.00195647,0.00237361,0.000296067,1,-0.00161583,0.00172093,0.000214574,1,-0.00173045,0.00181316,0.000155848,1
1787497080,-0.000827937,4.09692e-05,4.5066e-05,-0.00143498,0.00297853,0.536787,0.000293682,0.000303412,0.0573302,-0.00327479,-0.00225541,-0.000904905,-0.000279117,0.000155497,0.000611906,0.00117205,0.00255407,0.0033968,0.000252353,0.000368707,0.000347023,0.000292196,0.000332066,0.000265806,0.000294213,0.000291971,0.00131247,0.000294858,0.00142119,-0.0020425,0.00185441,0,0.496474,-0.00442277,-0.00174558,0.00173922,0.00446225,1787496900,-0.00157117,0.00161644,6.53481e-06,1,0.0019297,0.00029841,0.00206361,1,-0.00195578,0.00231518,0.000278979,1,-0.00166839,0.00178959,0.000145298,1
1787497140,-0.000118918,6.97043e-05,0.000401758,-0.000508578,0.00295092,0.531628,0.000189429,0.000194085,0.05571,-0.0033318,-0.00232038,-0.000888628,-0.000356792,0.000159585,0.000543941,0.000991076,0.00224833,0.0030767,6.43043e-05,0.000301791,0.000252311,0.000178306,0.000189506,0.000125579,0.000190955,0.000191557,0.00116003,0.000119498,0.00121734,-0.00174752,0.00149587,0,0.492528,-0.00386592,-0.00149815,0.00143297,0.00375468,1787496900,-0.00193598,0.00228418,0.000204436,1,0.00158552,0.000138659,0.00167787,1,-0.00194483,0.002202,0.000152914,1,-0.0019894,0.00230945,0.000244677,1
1787497200,-0.00354534,2.87058e-05,0.000467391,-0.00490024,0.00292131,0.533468,0.00110857,0.0011664,0.0656629,-0.00346897,-0.00244837,-0.00088156,-0.000296842,0.000143446,0.00048054,0.00100229,0.0021887,0.00296989,0.00159575,0.00101257,0.00109449,0.00121218,0.00142037,0.00144599,0.00096922,0.00115499,0.00116656,0.000514508,0.00194115,-0.00183667,0.00179803,0.00047116,0.488024,-0.00400247,-0.00163307,0.00146557,0.00376701,1787497200,-0.00168391,0.00187911,5.00123e-05,1,-0.00187511,0.00226326,0.00016429,1,-0.00165901,0.00178246,1.04744e-06,1,-0.00186143,0.00214887,0.000243419,1
1787497260,0.00329926,-7.40808e-05,0.00379546,-0.000683398,0.00293509,0.565756,0.000840984,0.000816297,0.0626955,-0.00417589,-0.00290342,-0.00108102,-0.000256884,0.000470732,0.00104801,0.0019285,0.00330636,0.00412588,0.00145396,0.000937074,0.000956349,0.000977612,0.00103043,0.000974887,0.000852455,0.000793309,0.00198291,0.000282638,0.00163881,0.00220814,0.000296771,0.00207526,0.502842,-0.0047649,-0.00187006,0.0019413,0.0048618,1787497200,-0.00175809,0.00192764,9.35251e-05,1,0.00172274,0.00026669,0.00169547,1,-0.00188363,0.0022505,0.000119327,1,0.00168034,0,0.00171639,1
1787497320,-0.00158458,-9.84502e-05,0.000479806,-0.00242305,0.00294282,0.520245,0.000467615,0.000487266,0.0470668,-0.00362524,-0.00271198,-0.0011216,-0.000410246,0.000101146,0.000554229,0.00136435,0.00263429,0.00364076,0.000615227,0.000488876,0.000465444,0.000457688,0.000516563,0.000536754,0.000474128,0.000465961,0.00153891,0.000392462,0.00178212,-0.00221682,0.0020831,0,0.49526,-0.00462472,-0.00190673,0.00187421,0.00476593,1787497200,-0.00185572,0.00236688,0.000402721,1,0.00186742,0.000565132,0.0016957,1,-0.00178904,0.00198009,0,1,-0.00189587,0.0023438,0.000124556,1
1787497380,0.000258795,1.64334e-05,0.00119893,-0.000600006,0.00292185,0.522821,0.000222757,0.000215095,0.0446311,-0.00361372,-0.00266602,-0.00113926,-0.00042826,0.000123173,0.000601314,0.00126176,0.00247473,0.00322397,8.72412e-05,0.000302859,0.000254604,0.000226877,0.000197889,0.000291493,0.000244287,0.000205408,0.00146972,0.000232409,0.00155129,-0.00206123,0.00192602,0,0.49485,-0.00446845,-0.00180639,0.00172129,0.00443755,1787497200,0.00203916,0.000291682,0.00222821,1,0.00196734,0.000371975,0.00217807,1,0.00191926,2.22875e-05,0.00229719,1,-0.00172635,0.00191089,9.19879e-05,1
1787497440,0.000698003,2.87509e-05,0.000915516,-0.000267012,0.00289271,0.534199,0.000246366,0.000222324,0.0470016,-0.0032027,-0.0023363,-0.000839358,-0.000247063,0.000122394,0.000537097,0.00107518,0.00220606,0.00291071,0.000197512,0.000328744,0.000278174,0.000259574,0.000225583,0.00023512,0.000263953,0.000231627,0.00121539,0.000247582,0.00126599,-0.00190109,0.00162631,0,0.495425,-0.00412915,-0.00163774,0.00158727,0.00414791,1787497200,0.00182904,0.000388079,0.00195109,1,-0.00197288,0.00235236,0.000126986,1,-0.00192163,0.00233603,0.000188457,1,0.00187578,0.000415089,0.00192068,1
1787497500,0.00176337,-4.10448e-06,0.00176337,-9.85121e-05,0.00286534,0.538591,0.000514964,0.000487425,0.0501399,-0.0030247,-0.00212402,-0.00077843,-0.00022469,0.000133999,0.000433188,0.000902142,0.00201011,0.00265596,0.000684548,0.000509535,0.000500268,0.000498787,0.000444143,0.000538689,0.000548428,0.000503682,0.0010442,0,0.00108542,-0.00166629,0.00112473,0,0.491125,-0.0035278,-0.00141178,0.00129578,0.00332691,1787497500,0.00179473,0.000297087,0.00181978,1,0.00185682,0.000371777,0.00192634,1,0.00195139,0.000410453,0.00203431,1,0.0019078,0.000427202,0.00206886,1
1787497560,-0.000832085,-0.000135218,0.00038097,-0.00125864,0.00284748,0.519312,0.000262181,0.000271451,0.0296732,-0.00309536,-0.00222626,-0.000887592,-0.000271826,6.23345e-05,0.000404216,0.000907848,0.00204354,0.00269127,0.000253819,0.000351979,0.000291883,0.000257818,0.000315457,0.000239969,0.000247718,0.000268587,0.00108277,0.000184416,0.00125047,-0.00168565,0.00137875,0,0.492252,-0.00357207,-0.00143579,0.00136022,0.00352022,1787497500,0.00168135,8.53955e-05,0.00154113,1,0.00178853,0.000325018,0.00188211,1,0.00192181,0.000328161,0.00193114,1,0.00198397,0.000381294,0.00206646,1
1787497620,0.000561631,0,0.000881251,-0.000180445,0.00282132,0.521352,0.000226253,0.000199639,0.0368286,-0.00305242,-0.00216117,-0.000829684,-0.000332149,8.71114e-05,0.000441194,0.000914468,0.00194725,0.00260434,0.000159448,0.000304435,0.000227846,0.000212302,0.000199035,0.000175145,0.000237725,0.000224778,0.00107068,0.0002044,0.00122064,-0.00157427,0.00140832,0,0.492899,-0.00345408,-0.00135452,0.00127713,0.00342147,1787497500,0.00169698,0.000126619,0.00161269,1,0.00164463,0.000121349,0.0016154,1,0.0017704,0.000397393,0.00187535,1,0.00189032,0.000360478,0.00198433,1
1787497680,-0.000881532,6.96694e-05,0.00016392,-0.00102921,0.00279409,0.538482,0.000272044,0.000294055,0.0520836,-0.00269283,-0.00183502,-0.000607797,-0.00019403,0.000114384,0.000410157,0.000747658,0.00173205,0.00230827,0.000273309,0.000353766,0.000277595,0.000254782,0.000314275,0.000250953,0.000238361,0.000293895,0.00086099,7.35686e-06,0.000911967,-0.00137632,0.0010014,0,0.49155,-0.00285743,-0.00110497,0.00103064,0.00272214,1787497500,-0.00149064,0.00177547,9.88841e-05,1,0.00168512,9.07382e-05,0.00164138,1,0.00174215,0.000144961,0.00159808,1,0.00191072,0.000114196,0.00194602,1
1787497740,0.00038551,6.56292e-05,0.000414212,-0.000529293,0.00276882,0.534907,0.000176994,0.000150598,0.0661696,-0.00272527,-0.0018411,-0.000680866,-0.000255764,0.000131218,0.000360722,0.000726244,0.00170935,0.00227539,0.000110356,0.000286772,0.000180003,0.000156419,0.000182991,0.000142791,0.000184729,0.000178538,0.000858448,0,0.000900997,-0.0013708,0.00104725,0,0.486427,-0.00290842,-0.00115423,0.00101885,0.00273917,1787497500,0.00139869,0.000124486,0.00140931,1,0.00156127,0.000265077,0.00165582,1,0.0017527,7.18449e-05,0.00162008,1,0.00171639,0.000221869,0.00167422,1
1787497800,-0.000459348,-4.10039e-06,3.28025e-05,-0.000459348,0.00274153,0.551012,0.000185877,0.000193492,0.0999257,-0.00257373,-0.00173389,-0.000547453,-0.000164408,0.000159783,0.000411474,0.000741812,0.00169813,0.00224738,0.000134582,0.000286831,0.00018931,0.000171938,0.000228671,0.000152223,0.000166888,0.000199161,0.000839379,0,0.000888012,-0.00135044,0.000967499,0,0.49446,-0.00281186,-0.00105171,0.00104932,0.00273859,1787497800,-0.00135961,0.00143999,2.44339e-05,1,-0.0014326,0.00152204,0.000111195,1,-0.00164369,0.00190811,3.8784e-05,1,0.00169554,0.000185504,0.0016556,1
1787497860,-0.00127662,0,2.87154e-05,-0.00133002,0.00271476,0.5328,0.000373254,0.00039084,0.155954,-0.00249767,-0.0016765,-0.000554673,-0.00018877,8.68363e-05,0.000311988,0.000587102,0.00148769,0.00197982,0.000461433,0.000410952,0.000367622,0.000367469,0.000403759,0.000369739,0.000345897,0.000391482,0.000696858,0,0.000627398,-0.00103026,0.000747911,0,0.484768,-0.00199021,-0.000727494,0.00059128,0.0016757,1787497800,0.00138563,0.000145838,0.00140001,1,0.00142966,0.000125105,0.00145071,1,0.00152783,0.000143853,0.00152457,1,-0.00167571,0.00184599,5.86077e-05,1
1787497920,0.000135538,-4.10751e-06,0.000607726,-4.51835e-05,0.00269353,0.534639,0.000133284,0.000124635,0.147624,-0.00255667,-0.00171565,-0.000591896,-0.000241582,0.000122321,0.000341118,0.000694533,0.00158005,0.00206036,6.65872e-05,0.000261753,0.000139078,0.000119385,0.00016117,0.00011434,0.000126103,0.000140111,0.000803972,0,0.00075065,-0.0012847,0.00106205,0,0.487804,-0.0027345,-0.0010614,0.000965583,0.00257918,1787497800,-0.00107755,0.0010535,0,1,0.00145399,8.89807e-05,0.00145818,1,0.00158731,0.000104863,0.00146007,1,-0.00156406,0.0017063,0,1
1787497980,-5.33917e-05,0,4.92821e-05,-0.000797065,0.00266653,0.543964,0.000127859,0.000130496,0.225067,-0.00242134,-0.00154836,-0.000569131,-0.000157481,0.000115185,0.000390003,0.000720978,0.00165935,0.00213635,6.04008e-05,0.000253272,0.000123813,9.54016e-05,0.000155852,0.000104188,0.000140853,0.000129899,0.000819144,0.000232904,0.000999868,-0.00118764,0.00094385,0,0.493501,-0.00253907,-0.000919721,0.000868656,0.00234453,1787497800,-0.00124893,0.00133848,4.32494e-05,1,0.00114532,7.71367e-05,0.00108551,1,0.00153074,0.000103345,0.00151055,1,0.00151025,0.00016636,0.00151215,1
1787498040,-0.000751894,4.10708e-05,0.000591257,-0.00107254,0.00263974,0.554209,0.000255354,0.000269345,0.31709,-0.00240506,-0.00155844,-0.000523677,-0.000131998,0.000143765,0.000427741,0.000828067,0.00178348,0.00223768,0.00022304,0.000315277,0.000219662,0.000215797,0.000233128,0.000216851,0.000283751,0.000255407,0.000891787,0.000398712,0.00122069,-0.00122169,0.00100611,0,0.496721,-0.00259957,-0.000918836,0.000979827,0.00259951,1787497800,0.00120581,0.000130197,0.00117338,1,0.00135173,0.000129613,0.0013467,1,0.00133389,2.47955e-05,0.00111765,1,-0.00151948,0.00170255,4.38874e-06,1
1787498100,0.00021782,8.22017e-05,0.000620456,-0.000785367,0.00261537,0.526544,0.00017338,0.0001635,0.361286,-0.00291741,-0.00196006,-0.000827873,-0.000285202,9.92795e-05,0.000446831,0.000997963,0.00196813,0.0024853,8.00746e-05,0.000254937,0.000118242,0.000135478,0.000139173,0.000108501,0.000218698,0.000166368,0.00113073,0.000561824,0.00162881,-0.00147504,0.00142064,8.32616e-05,0.49505,-0.00330496,-0.00129152,0.00122515,0.00320627,1787498100,0.0012305,0.000236966,0.00131914,1,-0.00120134,0.00136753,0.00010737,1,0.00148481,0.00014244,0.00134974,1,0.00127112,6.37189e-06,0.00122584,1
1787498160,-0.000468577,8.21868e-06,8.21868e-06,-0.00164098,0.00258927,0.541817,0.000195693,0.000196498,0.439196,-0.00243889,-0.00159551,-0.00062856,-0.000175334,0.000118573,0.000411879,0.000854094,0.00179236,0.0023077,0.000136969,0.000265109,0.000154837,0.000163163,0.000156372,0.00014318,0.000227023,0.000194162,0.000939982,0.000496025,0.00115702,-0.00133203,0.00120578,0,0.497399,-0.00291262,-0.0010785,0.00112017,0.0029798,1787498100,0.00150212,0.000189325,0.00157168,1,0.00132182,0.000189711,0.00132412,1,0.00129985,0.000168558,0.00129332,1,0.00141671,0.000144595,0.00140954,1
1787498220,-0.000333069,4.1112e-05,0.000587741,-0.000452344,0.0025641,0.547925,0.000182976,0.000181153,0.536415,-0.0024791,-0.0016037,-0.000635305,-0.000165646,0.000143007,0.000427642,0.000947201,0.00187397,0.00240506,9.99122e-05,0.000253991,0.00012775,0.0001465,0.000116284,0.00011633,0.000220782,0.000182291,0.00100595,0.00049297,0.00118785,-0.00124486,0.00119933,0,0.497441,-0.00269942,-0.000982905,0.00104754,0.00276713,1787498100,0.00129849,0.000304006,0.00142818,1,0.00147792,0.00026818,0.00154905,1,0.00139164,0.000149803,0.00142852,1,0.0014323,2.59738e-05,0.00134131,1
1787498280,-0.000580052,5.34631e-05,0.000168605,-0.000707627,0.00253877,0.531705,0.000202663,0.000198263,0.416875,-0.00233703,-0.00152234,-0.000623534,-0.000214515,9.48725e-05,0.00034157,0.000677482,0.00158622,0.00211936,0.000167748,0.00027541,0.000169558,0.000178498,0.000143645,0.000168629,0.000215077,0.000209527,0.000795367,0.000405578,0.000973882,-0.00112077,0.000949361,0,0.489936,-0.0024002,-0.000901105,0.000827976,0.00227513,1787498100,0.00118083,0.00030649,0.00140752,1,0.00136773,0.000266387,0.00145055,1,0.00143547,0.000393127,0.00155858,1,0.00141406,0.000189495,0.00144291,1
1787498340,-0.00119407,-0.000115228,-0.000115228,-0.00350805,0.00251459,0.534267,0.000361093,0.000366038,0.316663,-0.00228105,-0.00146327,-0.000566372,-0.000180798,8.90089e-05,0.000296169,0.000662711,0.00155025,0.00196728,0.000419693,0.000375083,0.000358685,0.000339253,0.000303983,0.000374935,0.00038413,0.000361251,0.000761714,0.000208523,0.000915401,-0.00105487,0.000841921,0,0.48781,-0.002188,-0.000820934,0.000743732,0.00202768,1787498100,0.00108653,0.00016928,0.00118094,1,0.00131134,0.000214176,0.0014005,1,0.00140585,0.000280291,0.0015054,1,0.0014732,0.000285908,0.00142424,1
1787498400,0.000679562,4.11987e-05,0.00104592,-0.00109651,0.00249504,0.546118,0.000224269,0.000209992,0.196,-0.00280732,-0.00195906,-0.000792928,-0.000233941,0.00019169,0.000561042,0.00117839,0.00231829,0.00297088,0.000192338,0.00028256,0.0001937,0.000230774,0.000246179,0.000196117,0.000219164,0.000232811,0.00125396,0.000602212,0.00141451,0.00151499,0.00023377,0.00140251,0.50442,-0.00334148,-0.00125229,0.0013767,0.0035505,1787498400,0.00104505,7.64371e-05,0.00107255,1,-0.0011486,0.00132527,0.000152286,1,0.00137145,0.000196474,0.00148438,1,0.00148519,0.000234765,0.00151225,1
1787498460,0.000790182,-5.76419e-05,0.00143997,-0.000189407,0.00247183,0.538811,0.000238321,0.00022165,0.134692,-0.00250467,-0.00172903,-0.000739848,-0.000235999,0.000143416,0.000450965,0.000997696,0.00200451,0.00248984,0.000225568,0.000298266,0.000224091,0.000238717,0.000265508,0.000226722,0.00023142,0.0002441,0.00108709,0.0005078,0.00133111,0.00138589,0,0.00125772,0.500127,-0.00303702,-0.00115137,0.00120971,0.00314683,1787498400,0.0013476,0.000441458,0.00164009,1,0.00112662,0.000115169,0.00113996,1,0.00125887,0.000204653,0.00130657,1,0.0013792,0.00026362,0.00145892,1
1787498520,0.00141829,5.7593e-05,0.0023627,-0.000539067,0.00244954,0.523521,0.000411983,0.000401124,0.103574,-0.00245138,-0.00173064,-0.000818514,-0.000306184,9.11517e-05,0.000353396,0.000793049,0.00178744,0.00230614,0.000511946,0.000409209,0.000437438,0.000401006,0.000485003,0.000419878,0.00038804,0.000429174,0.000971826,0.000540182,0.0012826,-0.00128916,0.00123922,0,0.49633,-0.00283338,-0.0010951,0.00106868,0.00283379,1787498400,0.00129873,0.000304553,0.00144782,1,0.00148361,0.000295901,0.00156766,1,0.00125914,0.000107537,0.00116797,1,0.00133289,0.000124292,0.00133232,1
1787498580,-0.0003287,5.34036e-05,0.000981348,-0.000649287,0.0024332,0.519995,0.00019186,0.000190887,0.102429,-0.00273976,-0.00204401,-0.000930365,-0.000367752,8.94746e-05,0.000434014,0.00101051,0.00219073,0.0028501,9.95965e-05,0.000235391,0.000129572,0.000179131,0.000126606,0.000135104,0.000230418,0.000184406,0.00117981,0.00076878,0.00164569,-0.00152498,0.0016985,0,0.497411,-0.00330908,-0.00132499,0.00131152,0.00350242,1787498400,0.00122853,0.000234682,0.00125602,1,0.00135913,0.000242984,0.00142542,1,-0.00145684,0.00174422,0.00016844,1,0.00123023,0.000113191,0.00121909,1
1787498640,0.000669612,-4.52047e-05,0.000755849,-9.45213e-05,0.00240919,0.520251,0.00023196,0.000211937,0.0821113,-0.00257435,-0.00178011,-0.000850307,-0.000318963,7.85468e-05,0.000375468,0.000846159,0.00189751,0.00238773,0.000189379,0.000271579,0.000190464,0.000217122,0.00020324,0.000192042,0.000231925,0.000242902,0.0010187,0.000562446,0.00134245,-0.00135362,0.00126967,0,0.493164,-0.00298316,-0.0011929,0.0011104,0.00303369,1787498400,0.00137917,0.000377302,0.00147668,1,0.0012415,0.000201633,0.00130697,1,0.00137039,0.000229897,0.00147024,1,0.00147493,0.000336837,0.00155766,1
1787498700,0.000800481,4.51724e-05,0.00101383,4.10667e-06,0.00238686,0.524609,0.000241909,0.000226925,0.0807776,-0.00217816,-0.00150265,-0.000649543,-0.000212361,6.62014e-05,0.000324442,0.000665884,0.00160297,0.00202995,0.000228959,0.000291149,0.000226677,0.000227877,0.000232173,0.000228615,0.000235958,0.000253308,0.000793456,0.000469111,0.00107641,-0.0010703,0.000868019,0,0.494933,-0.00224,-0.000843685,0.000820649,0.00218444,1787498700,0.00124442,0.000296262,0.00129992,1,0.00140645,0.000321009,0.00146342,1,0.0013007,0.000168773,0.00131475,1,0.00141961,0.00024374,0.00144682,1
1787498760,0.000582512,-4.1034e-06,0.000689132,-0.000472001,0.00236558,0.523438,0.00020453,0.000180691,0.0873289,-0.00228701,-0.00162259,-0.000747471,-0.000251539,7.41079e-05,0.000387607,0.000748297,0.00166549,0.00208701,0.000164993,0.000252669,0.000166083,0.000174611,0.000163768,0.000174367,0.000212718,0.000217887,0.000897667,0.000610869,0.00123124,-0.00111927,0.00110826,0,0.499015,-0.00243444,-0.000906269,0.000921311,0.0024689,1787498700,0.00111113,7.25278e-05,0.00102125,1,0.00128066,0.000254303,0.00139289,1,-0.00140706,0.00168016,9.40182e-05,1,0.00135409,0.000162672,0.00132603,1
1787498820,-0.000196867,-4.10101e-06,0,-0.000557892,0.00234325,0.531735,0.000147163,0.000146408,0.0914984,-0.00226311,-0.00157665,-0.000715392,-0.000235531,0.000105134,0.000394023,0.000756075,0.00171305,0.00209714,7.7682e-05,0.000215964,9.73264e-05,0.000122603,0.000105134,0.00011197,0.000168236,0.000152865,0.000892841,0.000561989,0.00125599,-0.00115947,0.00109362,0,0.498104,-0.00250359,-0.000950406,0.000966263,0.0026029,1787498700,0.00113202,0.000157116,0.00107471,1,0.00113658,2.76327e-05,0.00109702,1,0.00133313,0.000238905,0.0014212,1,0.00146889,0.000204847,0.00149845,1
1787498880,-0.000812488,-4.10182e-06,-4.10182e-06,-0.000849435,0.00231987,0.562255,0.000257197,0.000271863,0.0822135,-0.0019874,-0.00131668,-0.00050583,-8.85466e-05,0.000130737,0.000363402,0.000666979,0.00146979,0.00185122,0.000246647,0.000290981,0.000233321,0.00023219,0.000235191,0.000233616,0.000276343,0.000263481,0.000747697,0.000385923,0.0010634,-0.000927215,0.000831024,0,0.497683,-0.00195266,-0.000681029,0.000712281,0.00198578,1787498700,0.00114085,0.000225228,0.00115369,1,0.00113398,0.000123702,0.00110043,1,0.00119577,7.4035e-06,0.00110657,1,0.00139719,0.000161053,0.00142119,1
1787498940,0.00035298,0,0.00035298,-9.44227e-05,0.00229943,0.531219,0.000144205,0.000121262,0.0662277,-0.00195113,-0.00125997,-0.000495368,-0.000172812,7.42621e-05,0.00029687,0.000554457,0.00133976,0.00176053,0.000102686,0.000218683,0.000116409,0.00011567,0.000124952,0.000132477,0.000141963,0.000161906,0.00064748,0.000299646,0.000937102,-0.000958914,0.000838874,0,0.490563,-0.00203981,-0.000776433,0.000711892,0.00197121,1787498700,0.000936421,0.000164092,0.000963654,1,0.0011828,0.000164293,0.00116696,1,-0.0011771,0.00121127,0,1,0.00117312,6.96997e-05,0.00111666,1
1787499000,0.000857304,-3.28301e-05,0.00115657,-3.69339e-05,0.00227686,0.562348,0.000246457,0.000229001,0.0657812,-0.00197636,-0.00128493,-0.000499686,-7.25123e-05,0.000104993,0.000336376,0.00056395,0.00130849,0.0016589,0.000250332,0.000289828,0.000241828,0.000242415,0.000242231,0.00024643,0.000247397,0.000248408,0.000659413,0.000189708,0.00106128,-0.000931084,0.00067597,0,0.496615,-0.00191682,-0.000704773,0.00066957,0.00171949,1787499000,0.000936694,7.2568e-05,0.000950719,1,0.001015,0.000153811,0.000971749,1,-0.00121011,0.00131623,1.62551e-05,1,0.00118481,6.21145e-05,0.00113096,1
1787499060,0.000815602,5.74008e-05,0.0019416,5.74008e-05,0.00225724,0.548105,0.000234756,0.000213889,0.0696264,-0.00192066,-0.0012448,-0.000537653,-0.000130335,0.000112447,0.000367791,0.000628416,0.00135607,0.00183079,0.000233827,0.000280681,0.00023021,0.00023086,0.000222429,0.000233908,0.000233681,0.000237773,0.000724768,0.000473625,0.00109044,-0.0010409,0.000998531,0,0.498193,-0.00222966,-0.000850972,0.000836653,0.00223957,1787499000,0.00105318,0,0.000970328,1,0.00100612,0.000116067,0.000980241,1,-0.00107046,0.00114826,1.90852e-06,1,0.00120733,0.000144435,0.00122635,1
1787499120,-0.00138159,-4.09684e-06,0.000241684,-0.00172626,0.00223753,0.531053,0.000392314,0.000410363,0.061901,-0.0021715,-0.00145007,-0.000718823,-0.000240659,0.000104361,0.000416428,0.000742775,0.00162058,0.00205464,0.000513736,0.000403523,0.000450196,0.000404253,0.000460166,0.000405525,0.000394123,0.000391474,0.00088246,0.000621224,0.00135768,-0.00119819,0.00120549,1.26946e-05,0.495148,-0.0026057,-0.0010549,0.000979962,0.00268453,1787499000,-0.000985949,0.00116765,5.65105e-05,1,0.00100964,1.64988e-05,0.000979196,1,0.00109996,6.45171e-05,0.00101493,1,0.00105817,6.58576e-05,0.00110383,1
1787499180,-0.000997404,5.3331e-05,5.3331e-05,-0.000997404,0.00222364,0.533965,0.000292481,0.00030691,0.0514212,-0.00218744,-0.00144687,-0.000705968,-0.000229501,0.000113468,0.000414507,0.000757507,0.00166704,0.0020636,0.000319587,0.000312538,0.00028614,0.00028544,0.000283267,0.000282533,0.000324192,0.000281618,0.000889437,0.000584547,0.00130087,-0.00121516,0.00113503,0,0.49401,-0.00262561,-0.00106264,0.000995471,0.00267357,1787499000,-0.00105526,0.00136402,0.000146265,1,0.000999872,0.00015858,0.00107492,1,0.00100115,7.70685e-05,0.00100135,1,0.00103571,7.44435e-05,0.00105564,1
1787499240,0.000656839,8.21315e-06,0.00110406,8.21315e-06,0.0022058,0.535712,0.000195268,0.000174457,0.0507598,-0.00195947,-0.00125149,-0.000552479,-0.000166732,8.77171e-05,0.000347799,0.000632817,0.00137572,0.00179325,0.000185984,0.000249304,0.000186766,0.000186602,0.000192626,0.000189194,0.000195747,0.000209923,0.000731457,0.000315491,0.000982134,-0.00101781,0.000803624,0,0.488777,-0.00217599,-0.000870624,0.000775991,0.00209749,1787499000,0.00105513,0.000244922,0.00118286,1,-0.00106283,0.0013493,0.000205526,1,-0.0010531,0.00116725,2.66556e-05,1,0.000962722,0.000157801,0.000912842,1
1787499300,0.000767134,-4.1039e-06,0.00118532,-5.3352e-05,0.00218561,0.543148,0.000219082,0.000197226,0.0468748,-0.00200052,-0.00131319,-0.000610083,-0.000149031,0.000106474,0.00037624,0.000728173,0.00144531,0.00188603,0.000216567,0.000265635,0.000217133,0.00021781,0.000217651,0.000218782,0.000229371,0.000225605,0.000826538,0.000511588,0.00113597,-0.00108347,0.000992067,0,0.498685,-0.00235616,-0.00090928,0.000888517,0.00235858,1787499300,0.00095831,4.38847e-05,0.000986736,1,0.0011342,0.00021199,0.00121715,1,-0.0011053,0.0013811,0.000162821,1,0.00107052,0.000133605,0.00109993,1
1787499360,0.000114814,-1.64031e-05,0.000516561,-0.000172246,0.00216636,0.536212,0.000129026,0.000118627,0.0451933,-0.00202461,-0.00137297,-0.000686029,-0.000203474,0.00011059,0.000396002,0.000703806,0.00147413,0.00184691,6.51287e-05,0.000188396,9.2299e-05,0.000103926,9.39566e-05,0.00011102,0.000155498,0.000133607,0.000837966,0.000545534,0.00122348,-0.00109844,0.00101482,0,0.496874,-0.00238034,-0.000941208,0.000891462,0.00239435,1787499300,0.00103473,0.000147023,0.00106315,1,0.00101438,0.000108464,0.00101771,1,0.00117063,0.000223269,0.00123764,1,0.00118601,0.00019891,0.00128209,1
1787499420,0.000364858,0,0.000364858,-0.000164025,0.00214465,0.544519,0.000145373,0.000118589,0.0424774,-0.0018749,-0.00126001,-0.000591363,-0.000153164,0.000116017,0.000358788,0.000609307,0.00129612,0.00165001,0.000104684,0.000199257,0.000119556,0.000122226,0.000121395,0.000134736,0.000156165,0.00015597,0.0007253,0.000405601,0.00110573,-0.000986079,0.000816539,0,0.495582,-0.0021462,-0.000833678,0.000761003,0.00211254,1787499300,0.00102068,0.000189089,0.00105336,1,0.00100247,0.000181436,0.00108455,1,0.00108545,0.000108075,0.00102509,1,0.00113612,0.00023347,0.00124762,1
1787499480,0.000700646,-4.50876e-05,0.000700646,-0.000356658,0.00212372,0.575239,0.000196424,0.00017009,0.0419305,-0.00173924,-0.00111714,-0.000449536,-5.67594e-05,0.000146659,0.000365709,0.000627775,0.00128478,0.00161074,0.0001977,0.000248,0.00019806,0.000197999,0.000189852,0.000202771,0.000202389,0.000199259,0.000693037,0.000404773,0.00103207,0.000828403,0,0.000780556,0.501707,-0.00173549,-0.000602461,0.000636643,0.00172116,1787499300,0.000927565,0.000173755,0.000943274,1,0.00100778,0.000200206,0.001077,1,0.00103959,0.000139185,0.0010673,1,0.00101638,0.000126095,0.00106568,1
1787499540,0.000982536,-8.19185e-06,0.00101936,-0.000462945,0.00210471,0.564999,0.000276475,0.000247056,0.0430966,-0.00181365,-0.00116575,-0.000531154,-9.0151e-05,0.000151783,0.000389176,0.000703112,0.00141862,0.00171857,0.000298643,0.00029317,0.000281176,0.000276806,0.00026302,0.00028092,0.000279579,0.000274401,0.000775438,0.00042271,0.00115402,-0.000930669,0.000875705,4.05797e-06,0.498754,-0.00198564,-0.000748474,0.000751443,0.00202672,1787499300,0.000834166,0.000100871,0.00083489,1,0.000929725,0.000194335,0.00102111,1,0.0010479,0.000161014,0.00108172,1,0.00107701,0.000132926,0.00109169,1
1787499600,0.000711735,-1.63677e-05,0.00184782,-0.000409272,0.00208819,0.542278,0.000214035,0.000182712,0.04613,-0.00195197,-0.00128999,-0.000680299,-0.000179055,0.000125032,0.000426055,0.00075955,0.00144565,0.00184414,0.000200352,0.000246569,0.000201309,0.00020201,0.000180645,0.000204181,0.000226589,0.000229271,0.000877834,0.000438795,0.00127335,-0.00101567,0.00101301,5.78057e-05,0.499037,-0.00219658,-0.000857438,0.000843632,0.00229298,1787499600,-0.000889459,0.00105762,0.000106767,1,0.000869589,7.75652e-05,0.000844309,1,0.00097386,0.000181546,0.00105273,1,0.00107155,0.000149895,0.00112342,1
1787499660,-0.000179931,-2.45342e-05,0.000372028,-0.000638084,0.00206965,0.536883,0.000149738,0.000153601,0.0482231,-0.00216165,-0.00151404,-0.000859838,-0.000226729,0.000127654,0.000461582,0.000806815,0.00169371,0.00215548,7.5285e-05,0.000179693,9.14968e-05,0.000126931,0.000107975,0.000111658,0.000171428,0.00016085,0.0010053,0.000521974,0.0014446,-0.00114631,0.00124889,0.000144597,0.497323,-0.00250825,-0.00101619,0.000956442,0.00264082,1787499600,-0.000943654,0.00116983,0.000140682,1,0.000927763,0.000116927,0.00099873,1,-0.000895783,0.000919741,0,1,0.00104055,7.54719e-05,0.00111365,1
1787499720,-0.000482702,-8.17976e-05,0.000110416,-0.000482702,0.002049,0.549296,0.00016914,0.000179977,0.0462645,-0.00184068,-0.00123269,-0.000601143,-0.000142789,0.000130857,0.000393136,0.000669481,0.00137573,0.00176389,0.000141301,0.000209519,0.000141581,0.000154619,0.000160467,0.00015136,0.000176883,0.000178395,0.000778416,0.000405407,0.00123767,-0.000963668,0.000814085,1.5794e-05,0.494304,-0.00209983,-0.000832647,0.000756746,0.00213147,1787499600,-0.000986286,0.00133407,0.000240705,1,0.00098,0.000171916,0.00107012,1,-0.000959198,0.00103349,7.44569e-05,1,-0.000893976,0.000905181,4.05596e-05,1
1787499780,0.00180689,-5.72853e-05,0.00180689,-5.72853e-05,0.00202956,0.558525,0.000553161,0.000549346,0.0444437,-0.00179586,-0.00117326,-0.000487926,-9.75127e-05,0.000126142,0.000357369,0.000652093,0.0013285,0.00167663,0.000704527,0.000514546,0.000670096,0.0006329,0.000618039,0.000615415,0.0005558,0.000520161,0.000723269,0.000382341,0.00112971,-0.000814754,0.00061181,0,0.499875,-0.00167535,-0.000658705,0.000589149,0.0016593,1787499600,0.00087357,0.000233227,0.00103376,1,-0.00100538,0.0012958,0.000246798,1,-0.00100024,0.00112764,0.000110674,1,-0.000949608,0.00107342,8.94745e-05,1
1787499840,-0.000809019,0,0.00128981,-0.00103795,0.00202535,0.560856,0.000247149,0.000267004,0.055047,-0.00195732,-0.00133073,-0.000727945,-0.000100694,0.00014395,0.000463207,0.000830921,0.00171201,0.0023947,0.00024556,0.000261727,0.000234231,0.000232234,0.000259589,0.000230632,0.000244227,0.000277579,0.000950285,0.000444776,0.00135062,0.00109275,0,0.00113632,0.500324,-0.00226248,-0.000936752,0.000896811,0.00240287,1787499600,-0.000787121,0.000844211,6.48235e-05,1,-0.000914089,0.00110801,0.000181308,1,-0.001021,0.00128327,0.000249587,1,-0.000996217,0.0011571,0.000118935,1
1787499900,-0.000768765,-0.0001349,-0.0001349,-0.00119839,0.00200825,0.528316,0.000247306,0.000256566,0.0508404,-0.00247948,-0.00176247,-0.000943831,-0.000287159,0.000110259,0.00048331,0.000951006,0.00185727,0.00240269,0.000229295,0.000253321,0.000222708,0.000232986,0.000241381,0.000219145,0.00027937,0.000247953,0.00113808,0.000521459,0.00173146,0.00133467,0,0.00159813,0.501611,-0.00280268,-0.00117821,0.0010744,0.00286241,1787499900,-0.00100997,0.0011839,9.94108e-05,1,-0.000817504,0.000907866,0.000109697,1,0.000954994,0.000184168,0.00114266,1,0.001094,0.000202007,0.00125737,1
1787499960,0.000560276,4.09074e-06,0.00148793,4.09074e-06,0.00199104,0.552957,0.000180213,0.000151962,0.0491782,-0.00191016,-0.00126221,-0.000550261,-0.000130891,0.000138379,0.000412169,0.000752937,0.00149629,0.00188448,0.000158834,0.000213176,0.000160286,0.000163593,0.00014795,0.000172055,0.000200938,0.000183459,0.000824796,0.000512528,0.00126532,0.000966099,0,0.000917055,0.505068,-0.00209219,-0.000798528,0.000815714,0.00218838,1787499900,0.00120575,0.000262889,0.00140156,1,-0.000998801,0.00117271,8.57079e-05,1,-0.000897127,0.000960154,4.377e-05,1,0.000991011,0.000167126,0.00113969,1
1787500020,0.000138998,-4.4974e-05,0.00115636,-6.54175e-05,0.00197262,0.54977,0.000126063,0.00011403,0.0438111,-0.00193518,-0.0012972,-0.000603327,-0.00013527,0.000126212,0.000411828,0.000728754,0.00146726,0.00189632,6.71645e-05,0.00016581,9.44283e-05,0.00011525,9.10831e-05,0.000110674,0.000156081,0.00012312,0.000827313,0.000429628,0.001287,-0.00108682,0.000842609,0,0.498137,-0.00230379,-0.000949817,0.000865922,0.00232934,1787499900,0.000916894,0.000121276,0.00100625,1,-0.00114238,0.0014166,0.000258426,1,-0.0010252,0.00116534,5.01784e-05,1,-0.00088905,0.000928682,8.98492e-05,1
1787500080,0.000568055,-3.67917e-05,0.00073555,-0.000396604,0.00195289,0.552225,0.00018695,0.00015655,0.0408873,-0.00195658,-0.0013512,-0.000622516,-0.000134675,0.000138679,0.000422757,0.000779768,0.00145695,0.0019356,0.000160585,0.000210866,0.000161674,0.00017222,0.00014539,0.000166872,0.000222825,0.000185401,0.00087367,0.000512119,0.00133063,0.00104622,0,0.00106879,0.501407,-0.00230305,-0.000918538,0.000857443,0.00236493,1787499900,0.000988991,0.000157591,0.00110864,1,0.000978788,0.000125254,0.00099654,1,-0.00108956,0.00145194,0.000300102,1,-0.000997857,0.00120118,9.42715e-05,1
1787500140,-0.00103827,-2.0428e-05,-2.0428e-05,-0.0011487,0.00193493,0.560558,0.000307645,0.000331982,0.0387848,-0.00186036,-0.00124397,-0.000566724,-0.000104834,0.000149073,0.000411366,0.000752084,0.00144132,0.00182901,0.000341455,0.000304154,0.000304898,0.000296266,0.000327261,0.000296374,0.000300889,0.000320044,0.000828052,0.000382666,0.00123559,-0.000896877,0.000708813,2.04368e-05,0.499705,-0.00189764,-0.000750142,0.000712232,0.00194894,1787499900,-0.000962634,0.00117789,0.000108024,1,-0.00095329,0.00112867,0.00023037,1,-0.000980105,0.00109917,5.60103e-05,1,0.00112178,0.000339275,0.00124181,1
1787500200,-0.000540001,-5.7259e-05,-2.86291e-05,-0.000544093,0.00192111,0.556025,0.000181554,0.000189879,0.0428208,-0.00186261,-0.00123466,-0.000543107,-0.000121572,0.000145097,0.000385768,0.000675153,0.00136232,0.00175204,0.000157676,0.000207144,0.000157953,0.000156352,0.000170862,0.000167168,0.000209178,0.00019213,0.000763438,0.000434181,0.00117632,0.000856876,0,0.000853623,0.501382,-0.00190315,-0.000724101,0.000701835,0.00193169,1787500200,0.000845032,0.000166727,0.000962637,1,-0.000925137,0.00115255,0.000209851,1,0.00100074,0.000192721,0.00113637,1,-0.000968339,0.00102324,0.000107184,1
1787500260,0.000257764,0,0.000584988,0,0.00190333,0.556435,0.000119779,9.9948e-05,0.0448731,-0.00170083,-0.00111273,-0.000454205,-0.000107776,0.00012975,0.000336614,0.000590797,0.00119889,0.0016063,8.68187e-05,0.000164291,0.000101545,9.61884e-05,9.83869e-05,0.000118106,0.000145359,0.000127475,0.000663309,0.000266145,0.000983447,-0.00070319,0.000576302,0,0.496865,-0.00152296,-0.000552115,0.000510857,0.00145196,1787500200,-0.000812111,0.000925752,0.000101021,1,-0.00088015,0.00102555,0.000117496,1,-0.000960552,0.00115662,0.000154271,1,0.00105636,0.000187685,0.00114191,1
1787500320,-0.000204569,-4.09098e-06,0.000139083,-0.000400995,0.00188455,0.55975,0.000112664,0.000119281,0.0426893,-0.00165044,-0.00109296,-0.00045391,-9.26278e-05,0.000126312,0.000318496,0.000545349,0.0011267,0.0015479,8.00017e-05,0.000158886,9.23549e-05,9.04393e-05,0.000105738,0.000103902,0.000130329,0.00012807,0.000625672,0.000309818,0.000987267,0.000763417,0,0.000734523,0.500488,-0.00165785,-0.000617528,0.000573352,0.00158795,1787500200,-0.000731518,0.000722084,2.34344e-05,1,0.000876233,0.000127874,0.000908082,1,0.000915454,0.000175964,0.00101083,1,0.00106011,0.000101563,0.00113574,1
1787500380,-0.000527982,8.18357e-06,0.000454087,-0.000527982,0.00186584,0.557194,0.000162049,0.000180423,0.0448743,-0.00154991,-0.000991312,-0.000404419,-9.86842e-05,0.000121883,0.000301639,0.000513477,0.0010754,0.0014448,0.000154336,0.000199843,0.000153441,0.000151786,0.000163127,0.000155317,0.000169112,0.000179132,0.000581463,0.000190003,0.0009308,-0.000747412,0.000517022,0,0.495671,-0.00161213,-0.000612124,0.000546985,0.00155026,1787500200,-0.000776431,0.000839451,4.23329e-05,1,0.000772762,5.57489e-05,0.000771923,1,-0.00091927,0.00102176,9.28225e-06,1,-0.000929636,0.00109976,0.000118609,1
1787500440,-0.000401289,0,4.09396e-06,-0.000663442,0.00184859,0.546914,0.000140716,0.000143941,0.049707,-0.00157423,-0.000974839,-0.000433099,-0.000125454,0.000104331,0.000293143,0.000531169,0.001102,0.00143838,0.000119144,0.000177174,0.000120418,0.000123029,0.00013427,0.000125952,0.00015302,0.000152935,0.000601479,0.000247088,0.000949666,-0.000823289,0.000653292,0,0.495506,-0.00182428,-0.000714379,0.000636607,0.00177486,1787500200,0.000755235,5.79951e-05,0.000805382,1,-0.000763666,0.000850341,0.000127448,1,-0.000837285,0.000866281,0,1,-0.00089181,0.000962734,8.54218e-05,1
1787500500,-1.22869e-05,-8.19125e-06,0.000507726,-7.37237e-05,0.00183089,0.5565,9.00761e-05,8.93641e-05,0.0560902,-0.00152603,-0.000940714,-0.000371957,-9.98701e-05,0.000120204,0.000299552,0.000544627,0.00107746,0.00141996,5.94786e-05,0.000141585,6.69216e-05,6.84167e-05,8.4797e-05,7.06969e-05,0.00012243,9.85368e-05,0.000591156,0.000251698,0.00094159,0.00069027,0,0.000678007,0.500517,-0.00153362,-0.000536135,0.000536796,0.0014989,1787500500,-0.000783958,0.000870509,8.35498e-05,1,-0.000786523,0.000869469,7.35456e-05,1,-0.000827694,0.000909915,3.9621e-05,1,0.000816705,0,0.000849048,1
1787500560,0.000630533,-4.09567e-06,0.000822889,-4.09567e-06,0.00181249,0.548059,0.000180953,0.000162486,0.0570039,-0.00148192,-0.00093272,-0.000385686,-0.000111057,9.60465e-05,0.000276467,0.000503797,0.00101476,0.00136203,0.000177916,0.000208682,0.000178206,0.000178636,0.000171952,0.000180162,0.000200113,0.00017882,0.000562948,0.000315694,0.000947863,0.000692579,0,0.000720994,0.501846,-0.00157064,-0.000558611,0.000525263,0.00150674,1787500500,-0.000705759,0.000763371,9.05264e-05,1,-0.000816244,0.000928966,0.000122057,1,0.000860164,8.50029e-05,0.000885828,1,-0.000881475,0.000935634,2.16751e-05,1
1787500620,-0.00147459,-2.45588e-05,-2.45588e-05,-0.00224553,0.00179649,0.550386,0.000455611,0.000498747,0.0484171,-0.00147725,-0.000937287,-0.000404769,-0.000101434,9.57146e-05,0.000277429,0.000515022,0.00105031,0.00138317,0.000557655,0.000423889,0.000540338,0.000524093,0.000509007,0.000539196,0.000419772,0.000444004,0.000577209,0.000332266,0.000925641,0.000713735,0,0.000740523,0.502277,-0.00156669,-0.000571491,0.000557078,0.00154063,1787500500,-0.000701084,0.000800286,0.000107868,1,0.000767152,6.8092e-05,0.000798665,1,0.000877268,0.000146293,0.000923236,1,-0.000868759,0.000945939,6.57925e-05,1
1787500680,-0.00109506,-4.09913e-06,-4.09913e-06,-0.00137415,0.00179062,0.544301,0.000326556,0.000339667,0.0530152,-0.00190154,-0.00132494,-0.000581104,-0.000175648,0.000134006,0.000376851,0.000718918,0.0014059,0.00189859,0.000366998,0.000318428,0.000322847,0.000311729,0.000318644,0.000310563,0.000358165,0.000328546,0.000810607,0.000485506,0.00116743,0.000999287,3.39651e-05,0.000968249,0.503812,-0.00221238,-0.000848089,0.000860149,0.00229752,1787500500,-0.000737514,0.000805133,4.70921e-05,0,-0.000706514,0.000811857,0.000196714,1,-0.000818109,0.00087002,1.51099e-05,1,0.000912791,7.26627e-05,0.000970986,1
1787500740,0.000619453,-4.51407e-05,0.00104177,-4.51407e-05,0.00177938,0.550132,0.00018092,0.000160002,0.0628448,-0.0018982,-0.00124097,-0.00052651,-0.000146445,0.000140068,0.000373561,0.000717944,0.00129054,0.00174519,0.00017513,0.000204563,0.00017633,0.000176386,0.00018005,0.000182907,0.000197989,0.000186016,0.000786817,0.000374862,0.00102929,0.000892607,2.25037e-06,0.000807828,0.504997,-0.0020252,-0.000745712,0.000779492,0.00206957,1787500500,-0.000915131,0.00110378,0.000130256,1,-0.000758916,0.000807878,6.53838e-05,1,-0.000769321,0.000872257,0.00012376,1,-0.00081915,0.00084891,5.16807e-05,1
1787500800,0.00102064,4.10106e-06,0.00136472,4.10106e-06,0.00176367,0.530728,0.000293533,0.000275896,0.0508142,-0.0020831,-0.00147606,-0.000693644,-0.000207587,8.89531e-05,0.000344999,0.000753305,0.00144772,0.00189852,0.000313351,0.000293443,0.000287631,0.000289024,0.000287184,0.000289365,0.000322005,0.000291726,0.000879416,0.000697103,0.00162714,-0.00107542,0.00121307,0.000283303,0.497581,-0.00230876,-0.000934105,0.00088425,0.0023163,1787500800,-0.000888371,0.000933964,4.04249e-05,1,0.00100017,0.000110366,0.00103117,1,-0.000811204,0.000853647,3.31301e-06,1,-0.000883523,0.00088236,3.0068e-05,1
1787500860,0.000442366,4.50647e-05,0.000634815,-4.91638e-05,0.0017519,0.537791,0.000163036,0.000139346,0.0456306,-0.0018644,-0.00136708,-0.000604281,-0.000164134,9.54522e-05,0.000355305,0.000717316,0.00134694,0.00181608,0.000125619,0.000172511,0.00013719,0.000140343,0.000133625,0.000152895,0.0001905,0.000174618,0.000817124,0.000436911,0.00111752,0.000941481,0,0.000919127,0.503437,-0.00203206,-0.000805117,0.000793353,0.00215108,1787500800,-0.00108782,0.00109086,0,1,0.000948181,4.38999e-05,0.000904114,1,-0.000999176,0.00112588,3.901e-05,1,-0.000838871,0.000870694,7.55594e-06,1
1787500920,-0.000159721,4.50448e-05,0.000110561,-0.000434172,0.00173542,0.53783,0.000112047,0.000112259,0.0417153,-0.00170452,-0.00122523,-0.000512571,-0.000161529,9.40664e-05,0.000322818,0.000611102,0.00120567,0.00160939,7.27624e-05,0.000140059,9.08971e-05,8.93988e-05,9.53555e-05,0.000111633,0.000139542,0.000122759,0.000699268,0.000307614,0.000970028,-0.000810686,0.000621094,0,0.496932,-0.00175871,-0.000694296,0.000640134,0.00179663,1787500800,-0.000948378,0.00101908,0,1,0.00108861,0.000176204,0.000972361,1,-0.000945748,0.000989415,0,1,0.000987697,0.000127557,0.00103915,1
1787500980,0.000921114,-4.5054e-05,0.00160424,-0.000135168,0.00171813,0.550657,0.000261978,0.000241628,0.0395216,-0.00157983,-0.00112634,-0.000441058,-0.000108182,0.000104007,0.000310968,0.000566419,0.00115366,0.00149468,0.000274403,0.00026455,0.000259251,0.000263042,0.000252289,0.000263407,0.000264898,0.000263532,0.000638853,0.000323183,0.000961498,-0.000736358,0.00058717,0,0.499095,-0.00161891,-0.000609754,0.000595051,0.00170078,1787500800,0.000847595,3.6958e-05,0.000760322,1,0.00093163,7.94398e-05,0.000913778,1,0.00110943,0,0.00121823,1,0.000942567,0,0.000926167,1
1787501040,0.000102294,-3.68283e-05,0.000417292,-4.09204e-05,0.00170584,0.54174,0.000121717,0.000110003,0.0403851,-0.00180532,-0.00129588,-0.000586903,-0.000148246,0.00010132,0.000375614,0.00070689,0.00143348,0.001867,6.50825e-05,0.000133115,8.47742e-05,0.000100625,8.77061e-05,0.000107415,0.000165484,0.000129335,0.000802415,0.000533283,0.00118166,0.000927282,1.0803e-05,0.000973157,0.500375,-0.00200529,-0.000802129,0.000783861,0.00218128,1787500800,0.000797138,3.31704e-05,0.00075972,1,0.000856562,3.08069e-05,0.000811808,1,-0.000959592,0.00100553,0,1,0.00108349,0.000164417,0.000978554,1
1787501100,0.000130921,2.86403e-05,0.000196374,-0.000491105,0.00168876,0.543943,0.000104881,9.1934e-05,0.0395537,-0.00164752,-0.00113139,-0.000469961,-0.000125593,9.31558e-05,0.000305936,0.000531061,0.00114073,0.00152137,6.65628e-05,0.000132683,8.10081e-05,7.93438e-05,8.83408e-05,0.000100469,0.000141078,0.000117996,0.000618655,0.000417856,0.000966904,0.000691657,0,0.000668498,0.500044,-0.00155077,-0.000580234,0.000540815,0.00159123,1787501100,-0.000926518,0.00105212,6.08133e-05,1,0.000841732,2.62568e-05,0.000789381,1,0.000896048,3.97137e-05,0.00081767,1,0.000983101,1.57866e-05,0.000949225,1
1787501160,-0.000413276,0,0.000290419,-0.000454204,0.00167189,0.563065,0.000148951,0.000154115,0.0405227,-0.00155891,-0.00106805,-0.000416188,-8.53658e-05,0.000134339,0.000315874,0.000572919,0.00116463,0.0015266,0.000122565,0.000164895,0.000123079,0.000126778,0.000136997,0.00013125,0.000177898,0.000164826,0.000634313,0.000420176,0.001007,0.000712238,0,0.000696536,0.501925,-0.00156147,-0.000574959,0.00059494,0.00170538,1787501100,-0.000763297,0.000811097,0,1,-0.000929252,0.00102386,6.78895e-05,1,-0.000879487,0.000884292,0,1,-0.000914197,0.000902255,0,1
1787501220,-0.000442108,-2.86492e-05,4.09268e-06,-0.000589521,0.00165612,0.552894,0.000150032,0.00015562,0.0405775,-0.00154342,-0.00106188,-0.000422615,-0.000103816,0.000109132,0.000294064,0.000528658,0.00111805,0.00150085,0.000130488,0.000168208,0.000129662,0.000131082,0.000139983,0.000130927,0.000180864,0.000163361,0.000600228,0.000455032,0.000961724,-0.000685228,0.000630594,0,0.499128,-0.00154237,-0.000579473,0.000554103,0.00161001,1787501100,0.000760156,0.000114729,0.000797914,1,-0.000754602,0.000792572,3.31105e-05,1,-0.00094421,0.00101978,3.73264e-05,1,-0.000884107,0.000843389,0,1
1787501280,0.000421645,-5.32299e-05,0.000732647,-5.32299e-05,0.00164066,0.556003,0.000138061,0.000114708,0.0418224,-0.00145769,-0.00100251,-0.000394962,-9.80518e-05,0.000116456,0.0002805,0.000543301,0.00107931,0.00143169,0.000119878,0.000159612,0.000120004,0.000122328,0.000126073,0.000124225,0.000166889,0.000148834,0.000598213,0.000386636,0.000889438,-0.000644045,0.00056964,0,0.499849,-0.00143592,-0.000521019,0.000523126,0.00150801,1787501100,-0.000719474,0.000785948,9.0054e-06,1,-0.000818546,0.000883803,0,1,-0.000811955,0.000821637,0,1,0.000995922,3.66372e-05,0.000971636,1
1787501340,-0.000536297,-1.63712e-05,-1.63712e-05,-0.000536297,0.00162527,0.555653,0.000162481,0.000177867,0.0435378,-0.0013655,-0.000902883,-0.000386635,-8.95454e-05,0.000104215,0.000257254,0.000490166,0.00100305,0.00134685,0.000156652,0.0001813,0.000155457,0.000154617,0.000161253,0.00015481,0.000186523,0.000172025,0.000549574,0.000439234,0.000875257,0.0006506,0,0.000636464,0.50344,-0.00143294,-0.000525295,0.000531725,0.00151072,1787501100,-0.000705285,0.000729255,0,1,-0.000751773,0.000824346,1.98193e-05,1,-0.000837531,0.000901487,2.56762e-05,1,-0.000871511,0.000826224,0,1
1787501400,0.00101504,0,0.00117866,-0.000225249,0.00161072,0.55572,0.000288702,0.000277101,0.0445343,-0.00130968,-0.00086761,-0.000362937,-8.37834e-05,9.73225e-05,0.000242338,0.000456428,0.000959983,0.00130318,0.000310692,0.000289982,0.000310773,0.000314897,0.000281057,0.000315967,0.000296569,0.000291099,0.000514297,0.000339283,0.000796452,-0.000576212,0.000523089,0,0.498682,-0.0012793,-0.000458917,0.000442323,0.001309,1787501400,-0.000691533,0.000761322,1.7613e-05,1,0.000749402,3.94225e-05,0.000695321,1,-0.000807139,0.000859982,0,1,-0.000864903,0.000913422,3.1963e-06,1
1787501460,0.000486689,0.00018407,0.000601169,-4.09082e-06,0.00160098,0.552108,0.000153503,0.000129542,0.0394827,-0.00149448,-0.00101332,-0.000451453,-0.000110162,0.000112892,0.000297702,0.000571349,0.00117837,0.00154508,0.000137329,0.000167474,0.000138353,0.000138856,0.000134411,0.000143966,0.000182593,0.000163919,0.000638497,0.00049005,0.000946389,0.000803765,0,0.000782657,0.50182,-0.00173226,-0.000678323,0.000686265,0.00191519,1787501400,-0.000635425,0.000639607,0,0,-0.000708173,0.000768382,3.62548e-05,1,-0.000800292,0.000806399,0,1,0.000835503,3.57051e-06,0.000798592,1
1787501520,-0.000552144,0,0.000396537,-0.00114143,0.00158638,0.549909,0.000163426,0.000179483,0.0390504,-0.00143606,-0.000965281,-0.000430634,-0.000116684,0.000109937,0.000282976,0.000485825,0.00102021,0.00136018,0.000161222,0.000181064,0.000160505,0.000158873,0.00016972,0.000161741,0.000190373,0.000175229,0.000564774,0.000399198,0.00085694,0.000685165,0,0.000632225,0.501409,-0.00149244,-0.000568168,0.00055986,0.00161668,1787501400,0.000828425,0.000103434,0.000817309,1,0.00068175,4.21372e-05,0.00060257,1,-0.000753652,0.000815675,0,1,0.00079241,0,0.000745931,1
1787501580,0.000261795,-6.95508e-05,0.000417204,-0.0012076,0.00157238,0.549173,0.000120349,0.000103322,0.0377348,-0.00159149,-0.00109545,-0.000507886,-0.000131396,0.000121035,0.000321766,0.000595976,0.00126769,0.0017279,8.73454e-05,0.000127589,9.31084e-05,0.000109382,9.68546e-05,9.98413e-05,0.000161548,0.000130952,0.000681536,0.000608109,0.00102,0.0008457,8.13158e-05,0.000817406,0.504941,-0.00184158,-0.000712848,0.000735609,0.00207146,1787501400,0.000747795,7.39947e-05,0.000677981,1,0.000846137,0.000108864,0.000798149,1,-0.000758027,0.000755329,0,1,0.00080164,3.51967e-05,0.000743516,1
1787501640,-0.00027816,6.54381e-05,6.54381e-05,-0.000294524,0.00155702,0.550262,0.000134842,0.000138509,0.0375172,-0.00164257,-0.00110444,-0.000516054,-0.000131942,0.000127037,0.000328496,0.000673554,0.00133549,0.00180135,9.24243e-05,0.000133001,9.67398e-05,0.000120792,0.000112093,9.49568e-05,0.000180516,0.00014787,0.000738399,0.000586993,0.00108694,0.000865609,1.91713e-05,0.000818534,0.506057,-0.00183346,-0.000709713,0.000759771,0.00211028,1787501400,-0.000834202,0.00102363,2.79648e-05,1,0.000763596,6.15569e-05,0.000696412,1,-0.000856376,0.000967924,0,1,0.000729828,0,0.000677428,1
1787501700,-0.000699832,0,0,-0.000871795,0.00154187,0.55092,0.000205781,0.000218544,0.0385254,-0.00150156,-0.00100421,-0.00047042,-0.000106943,0.000104553,0.000261727,0.000485115,0.0010952,0.00142068,0.000202024,0.00020701,0.00020084,0.000200505,0.000207263,0.000198821,0.00022918,0.000213659,0.000576936,0.000414217,0.00100073,-0.00061488,0.000476166,0,0.495598,-0.00136243,-0.000528179,0.000474026,0.00138219,1787501700,0.000865321,0.000201222,0.000919143,1,0.000893392,0.000142315,0.000860987,1,-0.00080852,0.000838402,0,1,0.000882645,7.18415e-05,0.000827524,1
1787501760,0.000969811,0,0.00104343,0,0.00152958,0.551915,0.00026914,0.000253895,0.03903,-0.00137651,-0.000923881,-0.00041821,-0.000118448,0.000121275,0.000283104,0.000540948,0.0011069,0.00145813,0.000293286,0.000276816,0.000292067,0.000276418,0.000266003,0.00029867,0.000262634,0.000265093,0.000599399,0.000517908,0.000901397,0.000658208,0,0.000579609,0.504592,-0.00145735,-0.000540463,0.000563088,0.00159031,1787501700,0.000764174,0,0.000626596,1,0.000910639,0.000166672,0.000874232,1,-0.000880714,0.00102711,6.25106e-07,1,0.000814783,4.11709e-05,0.000751674,1
1787501820,0,4.90794e-05,0.000396656,-0.000331349,0.0015204,0.548067,9.20498e-05,9.13065e-05,0.0357951,-0.00142466,-0.000959584,-0.000456532,-0.0001226,0.000107844,0.000282816,0.000558737,0.00111449,0.00146424,5.94063e-05,0.000108616,7.0412e-05,7.54445e-05,8.20682e-05,7.86898e-05,0.00013605,0.000103528,0.000627042,0.000499413,0.000877931,0.000716151,0,0.000647491,0.504229,-0.00152391,-0.000592249,0.00060653,0.00168206,1787501700,0.000688283,6.14437e-05,0.0006656,1,0.000738866,2.99377e-05,0.000615409,1,-0.000883647,0.00105338,2.29791e-05,1,0.000916529,7.2541e-05,0.000885297,1
1787501880,-0.000511387,5.31692e-05,0.000102246,-0.000515479,0.00150512,0.549017,0.000158452,0.00016697,0.0350213,-0.00144942,-0.000956634,-0.000450374,-0.000112364,0.000102242,0.000271828,0.000514375,0.00102882,0.00140001,0.000149144,0.000167943,0.000148938,0.000148138,0.000155635,0.000148637,0.000195255,0.000175141,0.000592374,0.000465643,0.000889842,0.000709314,0,0.000643688,0.503637,-0.00154894,-0.00059815,0.000594126,0.00171006,1787501700,0.000757271,5.29151e-05,0.000693542,1,0.00074316,7.05407e-05,0.000664779,1,0.000764883,2.96825e-05,0.000645168,1,0.000921311,0.000143011,0.000897507,1
1787501940,-0.000634483,2.04605e-05,0.000580915,-0.000712286,0.00149175,0.55062,0.000190112,0.000199427,0.0357945,-0.00125007,-0.000810532,-0.000364111,-9.86729e-05,9.50356e-05,0.000230178,0.000423128,0.00091222,0.0012154,0.000182982,0.000188509,0.000183028,0.000181112,0.000187355,0.000182149,0.000205488,0.000200606,0.000486382,0.000419515,0.000750118,0.000615742,0,0.000529188,0.501124,-0.00134984,-0.000514922,0.000503008,0.00145814,1787501700,0.000730546,0.00013563,0.000703834,1,0.000757685,7.11378e-05,0.000681492,1,-0.000773966,0.000827793,0,1,0.000715167,4.46722e-05,0.000615901,1
1787502000,0.000937255,0,0.000937255,-0.000311248,0.00147948,0.541461,0.00026425,0.000251427,0.0379642,-0.00142744,-0.000951808,-0.000452204,-0.000131473,8.89253e-05,0.000267536,0.000521392,0.00110218,0.00146652,0.000281171,0.000266984,0.000276445,0.000263857,0.00025815,0.000281666,0.000253404,0.000267457,0.000597698,0.000537698,0.000888439,0.00077683,0,0.000664384,0.505866,-0.0016657,-0.000652095,0.000659118,0.00181768,1787502000,0.000656597,1.91327e-05,0.000572773,1,0.000747312,0.000124536,0.000731973,1,0.000780852,6.02256e-05,0.000674028,1,0.000759425,3.18392e-05,0.000708682,1
1787502060,0.000323129,-6.54565e-05,0.00044172,-0.000302772,0.0014706,0.54672,0.000120347,0.000100788,0.0355501,-0.00140604,-0.000950318,-0.000450244,-0.000115714,9.63105e-05,0.000284713,0.000545294,0.0010952,0.00142723,9.81433e-05,0.000130245,0.00010561,0.000110001,0.00010675,0.000115379,0.000147499,0.000129104,0.000615279,0.000504887,0.000890415,0.000769524,0,0.000674064,0.504479,-0.00159761,-0.00063381,0.000654638,0.00179157,1787502000,0.000761153,9.51081e-05,0.000749566,1,0.000698336,5.25185e-05,0.000593273,1,0.000780696,9.8801e-05,0.000763719,1,0.000784388,6.46543e-05,0.000701982,1
1787502120,-0.000343584,-4.90761e-05,-8.17919e-06,-0.000343584,0.00145653,0.545592,0.000126873,0.000128669,0.0344664,-0.00138957,-0.000913014,-0.000443226,-0.000120828,9.63664e-05,0.000278858,0.000475648,0.000985269,0.00132786,0.000102913,0.000136424,0.000110229,0.000112068,0.00012158,0.000111335,0.000162951,0.000141438,0.000559291,0.000457315,0.000831092,0.00067084,0,0.000591093,0.504355,-0.00142543,-0.000554507,0.000557609,0.00156826,1787502000,0.000803078,5.31204e-05,0.000756334,1,0.000783084,9.24914e-05,0.000779374,1,0.000738917,3.08569e-05,0.000615103,1,0.00082027,7.69586e-05,0.000779307,1
1787502180,4.90906e-05,-0.000106371,9.40882e-05,-0.000110463,0.00144271,0.546912,7.71415e-05,7.05866e-05,0.0345409,-0.00121166,-0.000805144,-0.00038447,-0.000100847,8.40174e-05,0.000236998,0.000395476,0.000882816,0.00116625,6.24128e-05,0.000102835,6.72444e-05,6.38263e-05,7.91154e-05,6.61332e-05,0.000113236,8.86817e-05,0.000470957,0.000389102,0.000724848,-0.00053148,0.000429046,0,0.497904,-0.00114827,-0.000432183,0.000404959,0.00120781,1787502000,0.000701547,7.64503e-05,0.000642717,1,0.000803196,5.52211e-05,0.000732198,1,0.000798973,9.71563e-05,0.000766608,1,0.00071966,0,0.000661452,1
1787502240,-4.90906e-05,-1.22724e-05,0.000167708,-0.000351869,0.00142823,0.551718,7.45596e-05,7.18142e-05,0.0346412,-0.00117404,-0.00077536,-0.000342172,-7.89097e-05,7.84058e-05,0.000229574,0.000389421,0.00083933,0.00112234,6.18801e-05,0.000101764,6.38056e-05,6.25908e-05,8.19288e-05,5.8745e-05,0.000108807,8.72084e-05,0.000452022,0.000396331,0.000651957,0.000483373,0,0.000384779,0.506119,-0.000998194,-0.000342895,0.000361449,0.0010352,1787502000,0.000604287,0,0.000483564,1,0.000719761,5.51457e-05,0.000659398,1,0.000818676,2.77597e-05,0.000741163,1,0.000825767,6.18734e-05,0.000767992,1
1787502300,0.000568485,0,0.000732018,-0.000454202,0.00141389,0.549837,0.000162067,0.000149185,0.0357133,-0.00119011,-0.000785398,-0.000348446,-8.22142e-05,7.60621e-05,0.000228338,0.000405522,0.000854344,0.00114299,0.000161212,0.00016664,0.000160271,0.000160742,0.000152431,0.000160868,0.000172181,0.000167607,0.000466866,0.00045068,0.000773124,0.000608468,0,0.000520977,0.505131,-0.00131822,-0.00049014,0.00051271,0.00145194,1787502300,0.00058281,0,0.000449532,1,0.000632839,1.11007e-05,0.000520514,1,0.000753302,3.42855e-05,0.000682659,1,0.000805621,8.2956e-05,0.000741926,1
1787502360,-0.000392588,0,5.72396e-05,-0.000396679,0.00140199,0.547518,0.000133361,0.000133953,0.0355171,-0.00126166,-0.000845849,-0.000400629,-9.69957e-05,8.27451e-05,0.000253003,0.000482173,0.000992242,0.00129456,0.000115685,0.000139986,0.000115151,0.000122384,0.000128276,0.000112181,0.000172004,0.000148363,0.000545356,0.000492168,0.000854229,0.000652999,0,0.00062908,0.504669,-0.00138544,-0.000538473,0.000557142,0.0015533,1787502300,0.00066422,5.00805e-05,0.000639664,1,0.000584584,0,0.000498706,1,0.000688443,0,0.000547476,1,0.000748937,6.73906e-05,0.000702072,1
1787502420,4.9082e-05,-4.09027e-06,5.72621e-05,-0.000380467,0.00138901,0.543717,7.13062e-05,6.2794e-05,0.0366066,-0.00110074,-0.000711247,-0.000336896,-9.24344e-05,6.74802e-05,0.000204082,0.000375927,0.000793434,0.00107258,6.24124e-05,9.73278e-05,6.02142e-05,6.14072e-05,7.70339e-05,5.47512e-05,0.000108111,8.1661e-05,0.000436376,0.000390604,0.000718691,0.000497926,0,0.000443195,0.50168,-0.00108677,-0.000400172,0.000387721,0.00113684,1787502300,0.000656526,9.9069e-05,0.000697734,1,0.000681879,3.85049e-05,0.000669162,1,0.000624579,0,0.00049642,1,0.0006641,0,0.000605047,1
1787502480,5.72592e-05,0,0.000106336,-5.31722e-05,0.00137506,0.552099,7.19557e-05,6.27935e-05,0.0383804,-0.00109322,-0.000703222,-0.000306988,-7.15882e-05,7.18793e-05,0.000221697,0.000412564,0.000818103,0.00107672,6.27968e-05,9.62504e-05,5.78072e-05,6.40159e-05,7.67107e-05,5.37382e-05,0.00010946,8.13632e-05,0.000453889,0.000441878,0.000758717,0.000524153,0,0.000467725,0.508667,-0.00111553,-0.000392406,0.000443309,0.00125068,1787502300,0.000536998,1.01817e-06,0.000492236,1,0.000689534,7.1412e-05,0.000700022,1,0.000709832,1.65149e-05,0.000700879,1,0.000622865,0,0.000529625,1
1787502540,0.00063781,3.68078e-05,0.000650071,-1.22696e-05,0.00136127,0.548451,0.000180326,0.000168332,0.039981,-0.00103768,-0.000654407,-0.000282976,-6.71238e-05,5.79722e-05,0.000201336,0.000359624,0.000749549,0.00100191,0.000180448,0.00018323,0.00017939,0.000179709,0.000171237,0.000183384,0.000177454,0.00018367,0.000404064,0.000441757,0.000703917,0.00041413,0,0.000359635,0.510051,-0.000851493,-0.000270192,0.00030142,0.000887194,1787502300,0.00057094,5.13451e-05,0.000576002,1,0.000572358,2.09074e-05,0.000521213,1,0.000706874,6.6495e-05,0.000722867,1,0.000731484,2.81815e-05,0.000698732,1
1787502600,-0.000572375,-1.22617e-05,4.90455e-05,-0.000572375,0.0013506,0.546945,0.000171008,0.000180988,0.0389546,-0.00116518,-0.000760227,-0.000351169,-7.63007e-05,6.27344e-05,0.000226407,0.000437407,0.000858976,0.00111296,0.000165438,0.000169302,0.000164611,0.000164226,0.000173307,0.000161691,0.000201567,0.000182667,0.000489673,0.000504676,0.000913883,0.000603613,0,0.000666521,0.507227,-0.00129235,-0.000502899,0.00050337,0.00137659,1787502600,0.000489323,0,0.000425185,1,0.000617919,2.34574e-05,0.000586493,1,0.000630143,0,0.000547509,1,0.000720493,8.52853e-05,0.000716318,1
1787502660,0.000600985,0,0.000605072,-0.000118604,0.00133948,0.544267,0.000170274,0.000157966,0.0383796,-0.00102352,-0.000630815,-0.000301839,-7.65963e-05,5.65826e-05,0.000202864,0.00036395,0.00072395,0.000989067,0.000170035,0.000173194,0.000169423,0.000169492,0.000161058,0.000169847,0.000174543,0.000172827,0.000412241,0.000434785,0.000726883,0.000530629,4.8271e-07,0.000483661,0.503593,-0.00117001,-0.000441588,0.000434683,0.00124628,1787502600,0.000679312,0,0.000624899,1,0.000500694,0,0.000464316,1,0.000629056,1.7857e-05,0.000635983,1,0.000609208,0,0.000580576,1
1787502720,0.00100084,2.04353e-05,0.00104983,-8.17424e-06,0.00132874,0.556459,0.000292322,0.000290122,0.0368954,-0.0010184,-0.000633126,-0.000300001,-5.4917e-05,6.43181e-05,0.00021234,0.000410805,0.000762254,0.00101306,0.000305479,0.000283888,0.000310542,0.000318427,0.000277123,0.000334204,0.000273016,0.000273702,0.000443325,0.000439397,0.00072456,0.000566087,0,0.000529721,0.50494,-0.00119633,-0.000458046,0.000473736,0.00131784,1787502600,0.000541474,2.75501e-05,0.000515012,0,0.000648177,1.47582e-05,0.000604422,1,-0.000543918,0.000500559,0,0,0.000640355,2.02979e-05,0.000639688,1
1787502780,-0.000265431,0,0.00139949,-0.000273599,0.00132297,0.545466,0.000102542,0.000103629,0.0368538,-0.00111348,-0.00071713,-0.000355294,-7.7745e-05,6.04062e-05,0.000223313,0.000433028,0.000825,0.00109336,9.00079e-05,0.00011326,9.67817e-05,8.98644e-05,0.000108696,9.56234e-05,0.000135615,0.000116216,0.000485407,0.000459223,0.000788155,0.00065441,0,0.000643944,0.502229,-0.00136194,-0.000555255,0.000540289,0.00151642,1787502600,0.000587082,2.84675e-05,0.000565191,1,0.000576804,4.04006e-05,0.000533719,1,-0.000577841,0.000668542,3.22336e-05,1,0.000558067,0,0.000512437,1
1787502840,0.000551202,0,0.000665487,-4.08411e-06,0.00131022,0.529926,0.000159692,0.000144872,0.0343287,-0.00138731,-0.000940345,-0.000477189,-0.000140526,5.77743e-05,0.000274487,0.000523723,0.00102805,0.00141002,0.000155768,0.000158858,0.000155698,0.000156989,0.00014241,0.000158078,0.00018352,0.000170147,0.000608931,0.000507818,0.000911346,-0.000787724,0.000780829,0,0.49902,-0.00160531,-0.000672747,0.000625433,0.00177089,1787502600,0.000646687,7.04511e-05,0.000622564,1,0.000603237,2.11515e-05,0.000567002,1,-0.000567193,0.000627315,0,1,0.000611934,6.21901e-05,0.000560728,1
1787502900,0.000167342,0,0.000338736,-4.08186e-06,0.00129939,0.546541,8.32576e-05,7.27006e-05,0.0338894,-0.00114807,-0.000731224,-0.000353239,-7.81637e-05,6.35239e-05,0.0002393,0.000457633,0.000848962,0.00114542,7.19659e-05,9.60412e-05,7.44864e-05,7.61223e-05,8.04399e-05,7.21718e-05,0.000117456,9.29549e-05,0.000503293,0.000464442,0.000754733,0.000578069,0,0.000558719,0.505433,-0.00121776,-0.000478182,0.000478809,0.00135386,1787502900,0.000693843,0.000178273,0.000743345,1,0.000637355,7.42608e-05,0.000602497,1,0.000562548,6.23464e-05,0.000575507,1,0.000589737,0,0.000586363,1
1787502960,-0.000767554,-3.67312e-05,-1.63248e-05,-0.000800229,0.00128655,0.553004,0.000222967,0.000242233,0.0329216,-0.0010971,-0.000701326,-0.000330723,-6.90569e-05,7.20799e-05,0.000218021,0.0004152,0.000789448,0.00106967,0.00022693,0.000223205,0.000223111,0.000219813,0.000231969,0.000228655,0.000224591,0.000231774,0.000463036,0.000393301,0.000721265,0.00050974,0,0.00047565,0.502366,-0.00109395,-0.000423931,0.00039635,0.00116325,1787502900,0.000596002,3.93609e-05,0.000553749,1,-0.000700078,0.00083957,0.000107878,1,0.000608731,7.89069e-05,0.000616324,1,0.000606153,2.29834e-05,0.000586283,1
1787503020,-0.000764056,1.63371e-05,0.000163359,-0.000825369,0.00127823,0.5415,0.000221445,0.000232694,0.0335255,-0.00113203,-0.000752416,-0.000354359,-9.49791e-05,6.37519e-05,0.000217831,0.000417724,0.000840074,0.00111865,0.000225009,0.000221968,0.000218843,0.000217614,0.000227569,0.000221666,0.000239958,0.000224948,0.000475849,0.00042629,0.000754572,0.00057731,0,0.000525144,0.50274,-0.00124586,-0.000489396,0.0004772,0.00134464,1787502900,0.00054164,3.00957e-05,0.000489954,0,0.000598087,4.44451e-05,0.000565266,1,0.000646473,0.000216021,0.000794419,1,0.000638364,7.58512e-05,0.000628101,1
1787503080,0.000122615,0,0.00015531,-0.000126718,0.00126999,0.538663,8.31771e-05,7.39909e-05,0.0367394,-0.00119882,-0.000806819,-0.00038186,-0.000103781,6.22161e-05,0.000226506,0.000476671,0.000892039,0.00118288,6.64592e-05,9.11574e-05,7.32592e-05,7.79191e-05,7.94532e-05,7.12911e-05,0.000114561,8.94476e-05,0.000529847,0.000385781,0.000765329,0.000604007,0,0.000526146,0.504586,-0.00129341,-0.000503721,0.000506679,0.00138338,1787502900,0.000562822,4.31394e-05,0.000549698,1,0.000527381,3.03714e-05,0.000535645,1,-0.000552912,0.000641794,1.19122e-05,1,0.000756245,9.80455e-05,0.000789686,1
1787503140,6.53886e-05,8.17381e-06,6.94752e-05,-0.000339272,0.00125735,0.552077,6.62368e-05,5.61361e-05,0.0340915,-0.00100173,-0.000638297,-0.000285745,-6.37936e-05,6.38584e-05,0.000198143,0.000382668,0.000709807,0.000953708,6.31577e-05,8.65695e-05,6.62278e-05,5.75853e-05,7.54093e-05,6.03938e-05,9.16801e-05,7.62269e-05,0.000419241,0.000305311,0.000652382,0.000473915,0,0.000399729,0.508522,-0.00101228,-0.000360128,0.000385939,0.00106519,1787502900,0.000571826,4.67137e-05,0.00059281,1,0.000596939,4.18653e-05,0.000564587,1,-0.000520475,0.000566843,1.65311e-05,1,0.000604603,1.54074e-05,0.000590703,1
1787503200,-4.08666e-06,-5.72148e-05,0.00011442,-9.80845e-05,0.00124474,0.560389,6.35555e-05,5.94755e-05,0.0330162,-0.00099206,-0.000635112,-0.000278356,-5.56833e-05,7.73003e-05,0.000196302,0.000367226,0.000717257,0.000951131,5.9752e-05,8.23205e-05,5.96671e-05,5.68029e-05,7.52026e-05,5.29918e-05,9.47488e-05,7.13298e-05,0.000406128,0.000300977,0.000693988,0.000514195,0,0.000451293,0.50477,-0.0010978,-0.000410231,0.000421955,0.00117489,1787503200,0.000516432,0,0.00047729,1,0.000598625,5.63117e-05,0.00060445,1,-0.00056689,0.00063607,1.11893e-05,1,0.000572174,1.62078e-05,0.000549875,1
1787503260,-0.00011852,6.12982e-05,6.12982e-05,-0.000310635,0.00123223,0.557522,6.86538e-05,6.82841e-05,0.0331412,-0.000952715,-0.00060971,-0.000271853,-5.40394e-05,6.65022e-05,0.000172315,0.000323629,0.000652578,0.00088575,6.58448e-05,8.73358e-05,6.38237e-05,5.96454e-05,8.07686e-05,5.75167e-05,9.11394e-05,8.37003e-05,0.000369136,0.000285563,0.000638621,0.000434661,0,0.00038818,0.501662,-0.000943406,-0.0003468,0.000320056,0.000937228,1787503200,0.000524253,5.09632e-05,0.000525716,1,0.000513409,1.19453e-05,0.000483259,1,0.000559678,0.000107691,0.000599398,1,0.0005812,2.36809e-05,0.000593173,1
1787503320,0.000674153,9.40001e-05,0.000759922,8.99134e-05,0.00121996,0.554968,0.000189173,0.000178071,0.0343509,-0.000936346,-0.000613176,-0.000268703,-5.58836e-05,6.22568e-05,0.000168352,0.000348396,0.00068103,0.000898526,0.000190121,0.000192287,0.000189914,0.000190256,0.000180726,0.000197273,0.000184312,0.00018946,0.000385249,0.00030238,0.000672128,0.000438346,0,0.00041972,0.504544,-0.000960276,-0.000345809,0.000351025,0.00101002,1787503200,0.000463777,2.64429e-06,0.000410669,1,0.000544376,5.40507e-05,0.000521383,1,0.000494285,3.20538e-05,0.000496182,1,0.000598893,4.92442e-05,0.000610066,1
1787503380,-0.00017973,4.08432e-05,0.000334865,-0.00017973,0.00121146,0.551667,7.89759e-05,7.84913e-05,0.032497,-0.000921014,-0.00059402,-0.00027896,-6.00849e-05,5.90495e-05,0.00016515,0.000360501,0.000669218,0.000901073,7.58738e-05,9.11457e-05,7.4792e-05,7.04944e-05,8.98594e-05,6.85805e-05,0.00010369,9.20001e-05,0.000395151,0.000327502,0.000644629,0.000469666,7.06132e-06,0.000511532,0.506209,-0.00101962,-0.000382511,0.000385762,0.00109274,1787503200,0.000459368,2.08415e-05,0.000462451,1,0.000462605,2.43498e-05,0.000461833,1,0.000522455,8.031e-05,0.000565623,1,0.000536712,1.09095e-05,0.000516336,1
1787503440,-0.000567995,-5.71935e-05,-2.85963e-05,-0.000567995,0.00119955,0.539425,0.000163148,0.000171438,0.0332794,-0.000930146,-0.000609949,-0.000289308,-8.17774e-05,5.01025e-05,0.000158315,0.000334134,0.000652015,0.000887822,0.000164176,0.000166561,0.000163469,0.000162219,0.000171568,0.000160281,0.00016633,0.00016475,0.000381911,0.000300201,0.000630396,-0.000459822,0.000438678,2.34603e-05,0.499042,-0.00103777,-0.000396734,0.000358424,0.00106653,1787503200,-0.000486634,0.00051685,2.32713e-05,1,0.000490461,3.47815e-05,0.000468317,1,0.000456094,6.75973e-05,0.000469839,1,0.000562775,6.60693e-05,0.000586561,1
1787503500,0.000310598,4.08745e-06,0.000347373,-0.000347494,0.00119021,0.534975,0.00010003,8.62098e-05,0.0348977,-0.000968694,-0.000652928,-0.000307978,-9.29273e-05,4.74228e-05,0.00016428,0.00036188,0.00068298,0.000912189,9.59769e-05,0.00010936,9.32029e-05,9.23118e-05,9.87619e-05,9.00745e-05,0.0001264,0.000112398,0.000410698,0.000266519,0.000741137,0.000495986,0,0.000558691,0.500886,-0.00111554,-0.000430233,0.000398097,0.00111176,1787503500,-0.000460408,0.000511352,2.23128e-05,1,0.000495118,3.00853e-05,0.000511891,1,0.000476677,5.74557e-05,0.000504037,1,0.000524637,0,0.000513537,1
1787503560,0.000473885,0,0.000473885,-0.000335123,0.00117907,0.543926,0.000133529,0.000122564,0.0331591,-0.000950928,-0.000621677,-0.000287269,-7.73412e-05,5.68911e-05,0.000177185,0.000367687,0.000698707,0.000930883,0.000134631,0.000136802,0.000133986,0.000134338,0.000124853,0.000134174,0.000142839,0.000133654,0.000406202,0.000309242,0.000646863,0.000515097,0,0.00050713,0.505396,-0.00111009,-0.000418492,0.000433687,0.00120115,1787503500,0.000541738,0,0.000521545,1,0.000472473,5.69489e-05,0.000525451,1,-0.000475071,0.000533412,3.77017e-05,1,0.000511187,2.6206e-06,0.000536272,1
1787503620,0.000163357,1.22527e-05,0.000641022,-0.000388079,0.00116914,0.550056,7.47486e-05,6.17931e-05,0.0316432,-0.000980805,-0.000645916,-0.000298713,-6.89538e-05,6.44221e-05,0.000187522,0.000379195,0.000729784,0.000959865,7.11932e-05,8.41188e-05,6.7854e-05,7.16863e-05,7.64083e-05,6.51162e-05,0.000100611,8.01894e-05,0.000420682,0.000296635,0.000673259,-0.000537251,0.000454112,0,0.498968,-0.00114096,-0.000452276,0.000436235,0.00122576,1787503500,0.000526291,4.26486e-05,0.000562555,1,0.000540814,1.25867e-05,0.000526531,1,-0.00046971,0.000556337,6.17462e-05,1,0.000522712,1.88858e-05,0.000529175,1
1787503680,2.04177e-05,-4.08359e-06,0.000146998,-0.00037576,0.00115762,0.545456,7.02219e-05,6.46102e-05,0.0312977,-0.0010453,-0.000698014,-0.000339924,-8.74322e-05,6.90052e-05,0.000193475,0.000411028,0.000809695,0.00108123,6.05879e-05,7.50777e-05,5.41718e-05,7.07067e-05,6.99066e-05,5.13378e-05,0.000100892,7.30904e-05,0.000460987,0.000343431,0.000745764,0.000556313,4.20949e-06,0.000620818,0.502497,-0.00120936,-0.000475818,0.000457795,0.00130758,1787503500,0.000536276,5.37075e-05,0.000562986,1,0.000540407,3.84369e-05,0.000552186,1,-0.000489458,0.00057694,4.39797e-05,1,0.000533094,1.21427e-05,0.000554035,1
1787503740,0.000249062,4.49175e-05,0.000404185,-6.94219e-05,0.00114599,0.553069,8.78537e-05,7.23447e-05,0.0312447,-0.000946734,-0.000609259,-0.000279932,-6.12697e-05,6.40985e-05,0.000173889,0.00037743,0.000700253,0.00093509,8.53516e-05,9.59555e-05,7.87728e-05,8.6057e-05,8.43594e-05,7.83313e-05,0.00010832,9.17143e-05,0.000408226,0.000310022,0.000692468,0.00047274,0,0.000500837,0.504562,-0.00104852,-0.000389798,0.000391624,0.00113328,1787503500,0.000520233,0.00011558,0.00058978,1,0.000546685,4.308e-05,0.000554119,1,0.000504773,7.51274e-05,0.000566309,1,0.000511979,1.79796e-05,0.000504268,1
1787503800,-4.08249e-06,0,0.000448972,-0.000110233,0.00113502,0.554736,6.16311e-05,5.64604e-05,0.0301572,-0.000929039,-0.00060685,-0.000278267,-5.61718e-05,6.24356e-05,0.000172629,0.000363986,0.000693336,0.000926619,5.95036e-05,7.22815e-05,5.00356e-05,5.94265e-05,6.93033e-05,4.99298e-05,9.20902e-05,6.53945e-05,0.000398926,0.000311595,0.000663641,0.000419319,0,0.000475678,0.506843,-0.000937376,-0.00034128,0.000338495,0.000989622,1787503800,0.00047776,7.70391e-05,0.000515747,1,-0.000543508,0.000634315,6.25146e-05,1,0.000525979,6.67951e-05,0.000575444,1,0.000556227,4.85587e-05,0.0005709,1
1787503860,0.00271118,0,0.00409045,-2.85779e-05,0.00112361,0.552189,0.00115035,0.00116718,0.029343,-0.000947744,-0.000616236,-0.000283397,-5.52605e-05,5.54155e-05,0.000162233,0.000351484,0.000690716,0.000934029,0.00115804,0.00111982,0.00119808,0.00116046,0.00113481,0.00120415,0.0010804,0.00111901,0.000392164,0.00027336,0.000674812,-0.000447737,0.000378496,4.573e-05,0.499109,-0.000997313,-0.000386855,0.000347564,0.00103632,1787503800,-0.000444409,0.000484429,2.78421e-05,0,0.000508989,5.40471e-05,0.000527211,0,-0.000504231,0.000647291,0.000117009,0,0.000558972,7.88823e-05,0.000577212,0
1787503920,-0.00141379,-1.22144e-05,0.000394852,-0.00141379,0.00117655,0.517701,0.000402327,0.000414171,0.515398,-0.00199932,-0.00143481,-0.00072981,-0.000207529,4.3624e-05,0.000323144,0.000793068,0.00160886,0.00222528,0.000526048,0.000453915,0.000411037,0.000402953,0.000462355,0.000412751,0.000400806,0.000397526,0.000921321,0.000361239,0.00118124,-0.000975316,0.000974081,0.000183088,0.482792,-0.00178474,-0.000799552,0.000709816,0.0020317,1787503800,-0.000446895,0.000517382,5.64757e-05,0,-0.000459393,0.00048131,3.64921e-05,0,-0.000473274,0.000568623,8.52925e-05,1,0.000589084,5.34946e-05,0.000631924,1
1787503980,-9.37801e-05,0,0.000281288,-0.000252819,0.00118176,0.520299,0.000110875,0.000105215,0.678863,-0.00169847,-0.0011893,-0.00058084,-0.000179506,4.45136e-05,0.00025767,0.000584282,0.00123766,0.00168041,6.45057e-05,8.78075e-05,0.000120601,0.000105688,0.000138496,0.000129243,0.00013953,0.000108161,0.000699696,0.000354739,0.000966679,-0.000822514,0.000736518,0,0.493455,-0.00164295,-0.000691201,0.000625556,0.0017514,1787503800,-0.000904765,0.0010141,3.92354e-05,1,-0.000456428,0.000507417,0.000111875,1,-0.000442788,0.000493778,5.97544e-05,1,0.000540603,2.51991e-05,0.000571085,1
1787504040,-4.0776e-06,-2.03881e-05,8.56257e-05,-0.000216136,0.00116996,0.53276,8.75668e-05,8.1028e-05,0.521803,-0.00136889,-0.000948502,-0.000447081,-0.000107944,5.0311e-05,0.000230129,0.000499801,0.00100159,0.00133309,5.94819e-05,8.15344e-05,0.000106448,8.30586e-05,0.000112607,0.000106201,0.000104664,8.42711e-05,0.000577636,0.000230286,0.000774502,-0.000647734,0.000426733,0,0.492651,-0.00135177,-0.000548908,0.000509096,0.00145978,1787503800,0.000731274,0.000136799,0.000718182,1,0.000820711,0.000253729,0.000853219,1,0.000451032,9.922e-05,0.000565278,1,0.000502507,6.02799e-06,0.00050727,1
1787504100,2.03878e-05,0,0.000485117,-1.63106e-05,0.0011582,0.538805,8.12914e-05,7.25754e-05,0.37822,-0.00127583,-0.000870126,-0.000403953,-8.20255e-05,4.90767e-05,0.000210519,0.000465778,0.000910734,0.00125013,6.0388e-05,8.07502e-05,9.86837e-05,7.73835e-05,9.73881e-05,9.7301e-05,9.95753e-05,7.79809e-05,0.000532683,0.000177214,0.000731392,-0.000587222,0.000358198,0,0.498294,-0.00124922,-0.000486938,0.000467358,0.00131955,1787504100,0.000696426,0,0.000611861,1,0.000773138,5.10736e-05,0.000761219,1,0.000758557,0.000255152,0.000874728,1,0.000540063,3.98031e-05,0.000559896,1
1787504160,-5.70869e-05,0.000130472,0.000142703,-9.37874e-05,0.00114656,0.53488,8.37076e-05,7.54651e-05,0.267458,-0.00127904,-0.000866742,-0.000394951,-8.12098e-05,4.10423e-05,0.000204298,0.000450821,0.000912771,0.00125143,6.24269e-05,8.19503e-05,9.37308e-05,8.4384e-05,9.32931e-05,8.76829e-05,0.000100924,7.71431e-05,0.000517976,0.000230583,0.000719591,-0.000648993,0.000431933,0,0.492428,-0.00136864,-0.000561338,0.000497394,0.00143459,1787504100,0.00066736,0,0.000575397,1,0.000691545,1.3684e-05,0.000680946,1,0.000730348,0.000114745,0.000761318,1,0.000861062,0.000104041,0.000923997,1
1787504220,0.000163097,3.66991e-05,0.000203867,-0.000191673,0.00113507,0.551684,7.52854e-05,6.07932e-05,0.191998,-0.00102182,-0.000676376,-0.000280247,-4.06394e-05,3.86152e-05,0.000167626,0.000354875,0.000727835,0.00102597,7.08677e-05,8.6316e-05,9.27034e-05,7.00958e-05,8.83599e-05,8.18339e-05,0.000100551,7.5987e-05,0.000397106,0.000152832,0.000603586,0.000419402,0,0.000377496,0.500251,-0.0009304,-0.000341065,0.000314917,0.000943997,1787504100,0.000694561,3.7466e-06,0.000601669,1,0.000627813,1.15744e-05,0.000593538,1,0.000617626,0.00012447,0.000667774,1,0.00073645,0.000117275,0.000759161,1
1787504280,-6.93129e-05,4.07701e-05,0.000370946,-0.000183486,0.00112389,0.555363,6.58128e-05,6.01786e-05,0.142429,-0.000960134,-0.000618726,-0.000252049,-3.67398e-05,3.99922e-05,0.000157507,0.000340783,0.000695205,0.000981517,6.31061e-05,8.01826e-05,8.20473e-05,6.05093e-05,8.60557e-05,6.55347e-05,8.45795e-05,7.09245e-05,0.000373454,0.000184376,0.000604262,0.000353535,0,0.000399004,0.508724,-0.000734308,-0.000239259,0.000259786,0.000780916,1787504100,0.000487968,0,0.000402474,1,0.000639861,4.35807e-05,0.000677062,1,0.00061641,2.26369e-05,0.000608281,1,0.000719552,0,0.000698675,1
1787504340,-0.000868858,-4.07738e-06,0.000293528,-0.000868858,0.00111264,0.540635,0.000253306,0.000283002,0.112823,-0.00100615,-0.000650763,-0.000275024,-5.25617e-05,3.29316e-05,0.000148506,0.000329878,0.000698894,0.00101941,0.000266138,0.000249996,0.000248829,0.000262867,0.00025843,0.000266691,0.000240717,0.000259456,0.000374424,0.000198859,0.000613601,0.000382156,0,0.000438013,0.504413,-0.000831459,-0.000297324,0.000285789,0.000873084,1787504100,-0.000395025,0.000430338,7.74089e-05,0,0.000496416,2.58443e-05,0.00041815,1,0.000617327,0.000104302,0.000648536,1,0.000659724,4.69346e-05,0.000615601,1
1787504400,0.00111347,0.000110179,0.00115423,8.97761e-05,0.00110829,0.516318,0.000320446,0.000323894,0.111156,-0.00136683,-0.000964616,-0.00042527,-0.000118641,2.22703e-05,0.000188353,0.000478682,0.000982065,0.0013268,0.000358874,0.000329938,0.000331644,0.000314965,0.000317525,0.000350353,0.0003316,0.00032589,0.00055199,0.000484862,0.00107171,-0.000668546,0.000795844,0.000201213,0.499675,-0.00139286,-0.000564558,0.000542114,0.0014762,1787504400,-0.000407896,0.000460592,9.53697e-05,1,-0.000440674,0.000449615,6.47062e-05,1,0.000502756,4.92979e-05,0.000439381,1,0.000722621,9.63408e-06,0.000670988,1
1787504460,-0.00169313,-0.000142683,0.000366806,-0.00180338,0.0011084,0.530809,0.000609521,0.000654632,0.101106,-0.00112696,-0.000769095,-0.000338549,-6.51774e-05,2.7047e-05,0.000175022,0.000416731,0.000834668,0.00114501,0.000665219,0.000607099,0.000593261,0.000647848,0.000632559,0.000551499,0.000532663,0.000570553,0.000466345,0.000209053,0.000635999,-0.000592833,0.000456867,0,0.497,-0.00121073,-0.000496348,0.000481763,0.00134757,1787504400,-0.000653721,0.000691837,3.49027e-05,1,-0.000442829,0.000478365,0.00012722,0,-0.000446474,0.000506102,8.08953e-05,0,0.000529949,0,0.000507561,1
1787504520,-0.00168782,-3.26668e-05,-2.85834e-05,-0.0017819,0.00112308,0.515032,0.000538505,0.000580321,0.174314,-0.00148455,-0.00105094,-0.000479957,-0.000138423,2.36945e-05,0.000220788,0.000550607,0.00113162,0.00151833,0.000660673,0.000594065,0.000537186,0.000559332,0.000580699,0.000513983,0.000517008,0.000525406,0.000629687,0.000297951,0.000795415,0.00079872,0,0.00065819,0.505724,-0.00159362,-0.000635858,0.000639836,0.00171507,1787504400,0.000643601,0,0.000615214,0,0.000719361,0.000111844,0.000656294,0,-0.000456406,0.000555962,0.000113235,0,-0.000503484,0.000546934,2.51251e-05,0
1787504580,-0.00239972,-0.00010635,0.000265826,-0.00487098,0.00113712,0.51916,0.000908858,0.000947255,0.151587,-0.00142573,-0.00100258,-0.000483075,-0.000114995,2.61763e-05,0.000210744,0.000541152,0.00110365,0.00143165,0.00101571,0.00093974,0.000854097,0.000943586,0.000849801,0.000854392,0.000842105,0.000887983,0.000622289,0.000252051,0.000706189,0.000777402,0,0.000558884,0.508044,-0.00157235,-0.000605766,0.000649593,0.00168908,1787504400,0.000725646,9.55454e-05,0.000741544,0,0.000623222,2.52412e-05,0.000602156,0,0.000683173,9.04477e-06,0.000821386,0,-0.000541198,0.000589236,2.80037e-05,0
1787504640,0.00111458,-4.10002e-06,0.00117192,-0.000434695,0.00117574,0.525936,0.000302223,0.00029722,0.275548,-0.0024103,-0.00170438,-0.00079981,-0.000202562,6.92876e-05,0.000420071,0.000961921,0.00194436,0.00260574,0.000358408,0.000316316,0.000316278,0.000317935,0.000375377,0.000325534,0.00026865,0.000276829,0.00108143,0.000288617,0.0010223,0.0011724,0.000113945,0.00081546,0.520579,-0.00211586,-0.000810119,0.000915178,0.00229276,1787504400,0.000760099,0,0.000715418,1,0.000767219,1.64184e-05,0.000758516,0,0.000593737,8.45326e-05,0.000584642,0,0.000685419,0.000142558,0.000657211,0
1787504700,0.00211919,-6.96249e-05,0.00232759,-0.000339979,0.00117455,0.519202,0.000679626,0.000701812,0.240181,-0.00180008,-0.00129839,-0.000618829,-0.00014093,3.23756e-05,0.000284749,0.000689291,0.00136087,0.00181283,0.000860011,0.000764846,0.000648225,0.000674353,0.000726304,0.000692652,0.000625885,0.000699599,0.000795597,0.000212748,0.000833002,0.000882808,0,0.0006504,0.500695,-0.00173509,-0.000696923,0.00071287,0.00186643,1787504700,0.000957798,0.000169569,0.00106114,0,0.000816206,0,0.000731136,1,0.000707652,0.000107848,0.000727084,1,0.000648744,4.45639e-05,0.000612749,0
1787504760,0.000551562,2.45203e-05,0.000739432,-0.000326995,0.00120075,0.510399,0.000191217,0.000178516,0.249774,-0.00209442,-0.00150389,-0.000717693,-0.000203675,2.29901e-05,0.000292862,0.000764513,0.00154926,0.00208903,0.000155937,0.000162042,0.000198459,0.000191013,0.00020769,0.000190571,0.000196107,0.000190372,0.000896349,0.000254225,0.00100716,-0.00103702,0.000907586,0,0.49145,-0.00196331,-0.000845359,0.000782186,0.00214438,1787504700,0.000909936,0,0.000810824,0,0.00100719,4.35929e-05,0.000978215,0,0.000703458,9.42753e-05,0.00067513,1,0.000742057,0.000113755,0.000704988,1
1787504820,-0.00122611,-7.3524e-05,0.000461444,-0.00125473,0.00119123,0.5151,0.000351552,0.000359904,0.223612,-0.00176526,-0.00126508,-0.000594173,-0.000156303,2.69519e-05,0.000269091,0.000641723,0.00130125,0.00173679,0.000428801,0.00035979,0.000353686,0.00034955,0.000340591,0.000347656,0.000356367,0.000354384,0.000749692,0.000210489,0.000854071,-0.000842513,0.000638203,0,0.492243,-0.00169758,-0.000716959,0.000646986,0.00183068,1787504700,0.000988423,3.53069e-05,0.000869161,1,0.000838923,4.14314e-05,0.000734616,1,0.000826099,0.000212459,0.000888909,1,0.000755531,0,0.000685939,1
1787504880,0.00158956,4.08952e-06,0.00170388,4.08952e-06,0.00119194,0.518214,0.000464177,0.000466415,0.216293,-0.00187692,-0.00132213,-0.000646475,-0.000164371,3.55437e-05,0.000275726,0.000646477,0.00138141,0.00184348,0.000592945,0.000492044,0.000447835,0.000451271,0.000468327,0.000476004,0.000446382,0.000487347,0.000775772,0.000240642,0.000855339,-0.000913188,0.000699564,0,0.491418,-0.00181054,-0.000757549,0.000699923,0.00193516,1787504700,0.000845202,3.27107e-05,0.000684676,1,0.000907338,0.000183543,0.000768103,1,0.000766755,0.000103016,0.000705936,1,0.000908858,0.000217896,0.000823361,1
1787504940,0.000604106,8.16603e-06,0.000648992,-0.000171502,0.00120118,0.518374,0.000177334,0.000165262,0.201934,-0.00157176,-0.00112532,-0.000568496,-0.000124398,2.69198e-05,0.000246878,0.000590481,0.00120594,0.00155874,0.000170503,0.000174992,0.000199644,0.000172891,0.000206694,0.000182934,0.000192474,0.000177575,0.000698509,0.000221324,0.000813468,-0.000880541,0.000665548,0,0.488395,-0.00173249,-0.000737151,0.00069042,0.00192277,1787504700,0.000872495,2.78744e-05,0.000768144,1,0.000863751,1.74899e-05,0.00071143,1,0.000874551,0.000182211,0.000795922,1,0.000848277,4.82871e-05,0.000742446,1
1787505000,-0.000530614,-3.67258e-05,0.00013465,-0.000943055,0.00119218,0.521408,0.000162703,0.00016594,0.169992,-0.00150078,-0.00106859,-0.000503271,-0.000120031,3.13961e-05,0.000244643,0.000544605,0.00111441,0.001467,0.000155288,0.00016083,0.000186481,0.000155519,0.000192766,0.000167476,0.000174852,0.000165855,0.000636331,0.000195066,0.000749279,-0.000751365,0.000590685,0,0.49631,-0.00156151,-0.000637755,0.00060117,0.00170012,1787505000,0.000962181,0,0.000852832,1,0.00092486,0,0.000851113,1,0.000808543,0.000100497,0.000750978,1,0.000934151,0.000111818,0.000882224,1
1787505060,-0.000351177,8.16543e-06,8.16543e-06,-0.000408357,0.00118258,0.524174,0.000133766,0.000133082,0.127087,-0.00149238,-0.00105478,-0.000504399,-0.000120688,3.69672e-05,0.000239323,0.000545632,0.0011237,0.00148402,0.000105651,0.00012996,0.000149879,0.000128764,0.000156958,0.00013543,0.00014675,0.000135757,0.000637067,0.000181647,0.000751587,-0.000754027,0.000611732,0,0.495891,-0.00157835,-0.000639469,0.000607872,0.00172661,1787505000,0.000839323,0,0.000703819,1,0.000904147,0,0.000844509,1,0.000838313,0.000109756,0.000829968,1,0.000861857,0,0.000817771,1
1787505120,9.80152e-05,4.49248e-05,0.000359342,-0.000273677,0.00117175,0.526888,8.53362e-05,7.59101e-05,0.0961977,-0.00130222,-0.000899683,-0.000415178,-9.03518e-05,3.15047e-05,0.000204594,0.000451804,0.000962836,0.00127699,6.57962e-05,9.64053e-05,0.000113731,7.90256e-05,0.000135898,0.000102499,9.83491e-05,8.25322e-05,0.000527316,0.000107036,0.000612837,-0.000570827,0.000428706,0,0.497106,-0.00125292,-0.000480498,0.000455951,0.0013157,1787505000,0.00076753,5.31843e-05,0.000695929,1,0.000808485,0,0.000704417,1,0.000845258,1.78219e-05,0.000820067,1,0.000893489,9.90986e-07,0.000832703,1
1787505180,-0.000106184,-4.90064e-05,0.000130672,-0.000208294,0.00116005,0.530321,8.67688e-05,8.12161e-05,0.085063,-0.00130631,-0.000891058,-0.000395389,-9.28188e-05,3.83713e-05,0.000202063,0.000448285,0.000971744,0.00129673,6.60527e-05,9.53935e-05,0.000105716,8.42806e-05,0.000130293,9.24043e-05,0.000103227,8.62955e-05,0.000516875,0.000196742,0.00066432,0.000664115,0,0.000562455,0.502292,-0.00142987,-0.000551002,0.000551925,0.00155799,1787505000,0.000657785,0,0.000520615,1,0.000821149,9.14344e-06,0.000741724,1,0.000797528,0,0.000723735,1,0.000897862,2.83342e-05,0.000798234,1
1787505240,-0.000510655,-8.98564e-05,-2.45055e-05,-0.000629165,0.00114849,0.528364,0.000152658,0.000158809,0.110461,-0.00117869,-0.0007937,-0.000345009,-8.51237e-05,3.18848e-05,0.000174339,0.000383442,0.000846727,0.00115911,0.000149617,0.000153397,0.000157201,0.000147379,0.000172077,0.00014991,0.000149777,0.000163139,0.000445469,0.000139284,0.000590198,0.000493891,0,0.000438111,0.5028,-0.00109422,-0.000398403,0.000384797,0.00113705,1787505000,0.000735101,1.6185e-05,0.000669924,1,0.000675451,0,0.000549704,1,0.000760838,0.000100626,0.00076452,1,0.000805045,4.67972e-05,0.000710269,1
1787505300,-0.00247936,0.000163438,0.000392207,-0.00349579,0.00113924,0.519288,0.000975413,0.00101231,0.13842,-0.00128033,-0.000899324,-0.000404203,-0.000110693,2.5364e-05,0.0001828,0.000434758,0.000917498,0.0012542,0.00105391,0.000962864,0.000966567,0.000999098,0.000867961,0.00100745,0.000891993,0.000948604,0.000509343,0.000148665,0.000732544,0.000566992,0,0.000572339,0.50219,-0.00125941,-0.000482001,0.000461073,0.00128797,1787505300,0.000562483,0,0.000506562,0,0.000724644,1.06057e-05,0.00069749,0,0.000662264,2.52452e-06,0.000566852,0,0.000812127,1.94533e-05,0.000772745,0
1787505360,0.000585618,4.09635e-05,0.000974475,-0.000204842,0.00118104,0.526932,0.00018476,0.000175088,0.0405368,-0.00200896,-0.00144381,-0.000690692,-0.000179843,6.45474e-05,0.000362556,0.00079752,0.00156086,0.00204545,0.000166059,0.000170289,0.000188481,0.000198536,0.00021272,0.000188751,0.000174064,0.000165332,0.000910091,0.000266432,0.00086874,0.0010323,0.000120122,0.000772916,0.515205,-0.00200556,-0.000773249,0.000845078,0.00217643,1787505300,0.000652853,0,0.000588846,0,0.000572744,5.32026e-06,0.000565782,0,0.000693271,4.6682e-05,0.000707855,1,0.000679331,0,0.000600321,1
1787505420,0.00145641,5.3221e-05,0.00152182,-0.000368531,0.0011721,0.516065,0.000422928,0.000427044,0.0432716,-0.00158739,-0.00113375,-0.000539379,-0.000137775,2.54731e-05,0.000256003,0.000608179,0.00121695,0.00161944,0.00052504,0.000440282,0.000413214,0.000424588,0.000433343,0.000425597,0.000402026,0.000424971,0.000699097,0.000146048,0.000676138,0.000804136,0,0.000596693,0.50246,-0.00165461,-0.000648801,0.000669061,0.00178454,1787505300,0.000887584,0.000147415,0.00092034,1,0.000654117,6.87876e-06,0.000607486,1,0.000578996,4.59511e-05,0.000579062,1,0.000773412,2.56296e-05,0.000692865,1
1787505480,0.00131958,-4.08808e-06,0.00131958,-0.00120671,0.00117846,0.518212,0.000370868,0.000363195,0.0370414,-0.00173463,-0.00124542,-0.000597015,-0.000150277,3.24136e-05,0.0002726,0.000654137,0.00132403,0.00174278,0.000452252,0.000385063,0.000372393,0.000372448,0.000382657,0.000372551,0.000363496,0.00037188,0.000759572,0.000228837,0.000801763,-0.000908656,0.000877438,0,0.499896,-0.00181309,-0.000743965,0.000736709,0.00200731,1787505300,0.00085339,0,0.000750804,0,0.00097775,0,0.000917018,0,0.000603686,0.000110614,0.000619706,1,0.00065475,0,0.000594387,1
1787505540,-0.000277661,-0.000330752,-0.000191904,-0.000743324,0.00118145,0.516359,0.000144494,0.000143142,0.0375967,-0.00200599,-0.00144277,-0.000665659,-0.000184097,3.50817e-05,0.000311136,0.000728631,0.00149336,0.00195519,9.33813e-05,0.00011952,0.000140117,0.000153161,0.00014694,0.000127568,0.000155001,0.000138452,0.000847948,0.00024151,0.000880273,-0.0010081,0.00100055,0,0.495079,-0.00192449,-0.000816763,0.000790196,0.0022099,1787505300,0.00092234,3.44826e-05,0.000815006,1,0.000808697,2.49697e-05,0.00074298,1,0.00083168,0.000152571,0.000863064,1,0.000641338,5.81637e-05,0.000572513,1
1787505600,-0.000151113,-5.71751e-05,8.57565e-05,-0.000543295,0.00117023,0.517474,0.00010615,9.98934e-05,0.0424371,-0.00159459,-0.00110692,-0.000502855,-0.000149498,3.06624e-05,0.000241048,0.000558959,0.00116215,0.00156461,7.1931e-05,0.000101519,0.000119184,0.00010885,0.000136752,0.000112222,0.00011409,9.96116e-05,0.000647536,0.000169077,0.000669903,0.000734879,0,0.000589477,0.500124,-0.00152543,-0.000607444,0.000599066,0.00169925,1787505600,0.000965549,0.000149097,0.000875944,1,0.000862503,0.000123063,0.00073002,1,0.000738111,0.000112935,0.000708145,1,0.000881947,0.000144188,0.000799746,1
1787505660,-0.00023284,6.53488e-05,0.000477765,-0.000269609,0.00115867,0.519291,0.000113739,0.000110044,0.0510239,-0.00145874,-0.001053,-0.000461849,-0.000125901,2.89845e-05,0.000227534,0.000531836,0.00110997,0.00147029,8.55196e-05,0.000109912,0.000118729,0.000109907,0.000138166,0.000111756,0.000126863,0.000116046,0.000609663,0.0002028,0.000662541,0.00067571,0,0.000585558,0.504294,-0.00144545,-0.000554488,0.000574735,0.00162269,1787505600,0.000788273,5.4368e-05,0.000639258,1,0.000972519,0.00019233,0.000812077,1,0.000824439,0.000115926,0.000750945,1,0.000842236,2.64031e-05,0.000724818,1
1787505720,0.000624869,0.000118469,0.000808579,0.000118469,0.00114749,0.512717,0.000180844,0.000174737,0.0642226,-0.00144605,-0.00101723,-0.000459515,-0.000136391,1.87185e-05,0.000213954,0.000498618,0.00106888,0.00143614,0.000177502,0.000180191,0.00017808,0.00017811,0.000197529,0.000182128,0.00017973,0.000185034,0.000582485,0.000186041,0.000622039,-0.000680533,0.000583982,0,0.498536,-0.00146166,-0.000581819,0.000555684,0.00156901,1787505600,0.000749082,2.8961e-05,0.000669824,1,0.000824433,2.81895e-05,0.000671642,1,0.000876094,0.000255841,0.000865884,1,0.000869282,0.000119849,0.000786003,1
1787505780,-0.000731094,1.22484e-05,0.000159218,-0.000731094,0.00113939,0.516632,0.000215271,0.000220702,0.0754314,-0.00138494,-0.000975174,-0.000425647,-0.000122391,2.35079e-05,0.000204085,0.000487273,0.00101971,0.00134619,0.000210877,0.000213251,0.000212273,0.000210114,0.000211848,0.000211724,0.000219469,0.000223147,0.000559578,0.000188768,0.000589442,0.000608228,0,0.000536115,0.501528,-0.00128936,-0.000507563,0.00049923,0.00140053,1787505600,0.000730159,5.20169e-06,0.000652053,1,0.000772237,0,0.000699953,1,0.000755308,0.000116414,0.000718933,1,0.000939191,0.000120025,0.000930832,1
1787505840,-0.00134514,-4.08583e-06,-4.08583e-06,-0.00143515,0.00113267,0.510352,0.000416148,0.000441921,0.0778712,-0.00130879,-0.000882524,-0.000400493,-0.000129399,1.3841e-05,0.000176642,0.000434224,0.000911454,0.00125035,0.000486484,0.000410405,0.000411157,0.000442416,0.000374253,0.00040431,0.000401996,0.000406619,0.000506972,0.000166834,0.000578872,0.000584764,0,0.000518258,0.503194,-0.001277,-0.000495818,0.00048312,0.00135246,1787505600,0.000673529,0,0.000593612,0,0.000708026,1.89616e-05,0.000702957,1,0.000703914,5.27962e-05,0.000726356,1,0.000807157,1.77466e-05,0.000763089,1
1787505900,-9.81965e-05,0,0.000302712,-0.00067939,0.00113731,0.512755,9.1187e-05,8.46791e-05,0.0565602,-0.0013994,-0.000958799,-0.000456208,-0.000140266,1.97004e-05,0.000194109,0.00049665,0.000986999,0.00133299,6.59912e-05,9.53481e-05,0.000101472,8.64529e-05,0.000123903,0.000112287,0.000107169,8.68404e-05,0.000577744,0.000174567,0.000594041,0.000707374,0,0.000560437,0.506273,-0.00149449,-0.000580314,0.000600067,0.00159464,1787505900,0.000584328,3.63499e-05,0.000560285,1,0.000653465,9.8666e-06,0.000617426,0,0.000686553,4.76861e-05,0.000696064,1,0.000768657,0,0.000716398,1
1787505960,-0.00065489,2.04584e-05,6.13739e-05,-0.00106441,0.00112596,0.512314,0.000195901,0.000197815,0.0735155,-0.00137808,-0.000949942,-0.000434473,-0.000127056,1.65241e-05,0.00019729,0.000500038,0.00101763,0.001347,0.000189079,0.000191753,0.000190779,0.000188925,0.00018784,0.000188501,0.000216254,0.000203943,0.000570934,0.000138762,0.000594152,0.000711716,0,0.000564822,0.50787,-0.00149414,-0.000572883,0.00060777,0.00162164,1787505900,0.00067395,2.93284e-05,0.000648859,1,0.000620992,3.23628e-05,0.000593144,0,0.000631898,5.37423e-05,0.000607749,0,0.000750193,2.26296e-05,0.000678947,1
1787506020,-0.000655319,-9.00809e-05,3.27547e-05,-0.000692193,0.00111849,0.50862,0.000195416,0.000195552,0.0886545,-0.00138092,-0.000956418,-0.00045767,-0.00014077,1.19299e-05,0.000194811,0.000514343,0.00103587,0.00137276,0.000189107,0.000191569,0.000190469,0.000188986,0.000183671,0.000188815,0.000217242,0.000202418,0.000590655,0.000135901,0.000604964,0.000701461,0,0.000546889,0.506671,-0.0014805,-0.000573067,0.000594908,0.00157659,1787505900,0.000711151,4.30412e-05,0.000700661,1,0.000728841,2.80332e-07,0.000672418,1,0.000612265,6.98719e-05,0.000606951,0,0.000682706,3.60198e-05,0.000616435,0
1787506080,-0.000696747,-5.32635e-05,0.000122905,-0.000938673,0.00111112,0.500908,0.000204476,0.000202859,0.105769,-0.00129982,-0.000904842,-0.000434215,-0.000138356,-1.19531e-06,0.000171416,0.000450943,0.000936652,0.00125381,0.000200517,0.000202807,0.000201561,0.000199648,0.000186066,0.00020049,0.000222728,0.000209207,0.000533651,0.000129709,0.000544362,0.000608867,0,0.000479359,0.508337,-0.00133345,-0.000501296,0.000518682,0.00138036,1787505900,0.000683715,2.8048e-05,0.000655058,1,0.000711484,5.62228e-05,0.00069826,1,0.000667162,8.44718e-05,0.000661985,1,0.000636156,4.37707e-05,0.000614979,0
1787506140,0.000725426,8.19985e-06,0.000737717,8.19985e-06,0.00110436,0.50192,0.000201889,0.000201607,0.129344,-0.0013822,-0.000939121,-0.000476764,-0.000149609,3.27778e-08,0.000199766,0.000519393,0.00101914,0.00132693,0.000205348,0.000208352,0.000205752,0.000206092,0.000236215,0.000208439,0.000184321,0.000196793,0.000602363,0.00011109,0.000583233,0.000678399,0,0.000529833,0.509548,-0.0014521,-0.000551457,0.000582164,0.00152303,1787505900,0.000618465,0,0.000537738,1,0.000703414,3.18176e-05,0.000643612,1,0.000654292,0.000113946,0.000704817,1,0.000689932,4.58915e-05,0.000653967,1
1787506200,-6.55536e-05,-4.09698e-06,-4.09698e-06,-0.000454867,0.00109806,0.501394,8.59332e-05,7.90399e-05,0.107772,-0.00133116,-0.000930046,-0.000452929,-0.000138739,-8.15797e-07,0.000179642,0.000482437,0.000952929,0.00125881,6.4176e-05,8.94422e-05,8.44615e-05,8.53749e-05,0.000112552,0.000103553,9.95297e-05,7.96376e-05,0.000565177,0.000116042,0.000652575,0.000626137,0,0.000624337,0.507347,-0.00133981,-0.000517631,0.000525641,0.00135923,1787506200,0.000661083,2.84847e-06,0.000619446,1,0.000636748,9.83103e-06,0.000553671,1,0.000667531,6.38269e-05,0.000660476,1,0.000736479,6.97993e-05,0.000698171,1
1787506260,-0.00195219,-8.19481e-05,-1.63891e-05,-0.0027366,0.00108706,0.498736,0.000737149,0.000764241,0.10773,-0.00119736,-0.000804464,-0.000378405,-0.000111838,-6.04584e-06,0.000154741,0.000411517,0.000857174,0.00116547,0.000789802,0.000707746,0.000740993,0.000750542,0.000605249,0.000683891,0.000734565,0.000733842,-0.000478879,0.000567884,5.78427e-05,0.00055787,0,0.000457663,0.504947,-0.00120207,-0.000447053,0.000469,0.00128045,1787506200,0.000734726,0,0.000629614,0,0.000680352,1.67783e-05,0.000621366,1,0.000598992,6.21544e-05,0.000555978,1,0.000692341,7.24956e-05,0.000658836,1
1787506320,0.00134971,9.03112e-05,0.00135381,-0.000878908,0.00111099,0.508362,0.000371463,0.000376653,0.0511513,-0.00171015,-0.00122592,-0.000614113,-0.000182494,1.5516e-05,0.000264115,0.000684224,0.00130312,0.00166913,0.000468185,0.000404861,0.000390388,0.000380984,0.000420514,0.000381303,0.00034006,0.000360455,0.000786817,0.000209857,0.000734668,0.000886723,0.000141577,0.000700494,0.512461,-0.00177382,-0.00068317,0.000743543,0.00190471,1787506200,0.000595036,8.05361e-06,0.000552188,1,0.000667769,0,0.000601342,1,0.000629877,7.36056e-05,0.000622468,1,0.00064005,0,0.000595654,1
1787506380,-0.000451069,8.19938e-06,0.000122984,-0.000451069,0.00111626,0.499314,0.000164295,0.000157399,0.0388446,-0.00170355,-0.00123943,-0.000621673,-0.000176546,-6.31373e-06,0.00026008,0.000660464,0.00130979,0.00168814,0.000132274,0.00014426,0.000158025,0.0001665,0.000148671,0.00015684,0.000181909,0.000161211,-0.000774251,0.000980757,1.09342e-05,0.000886033,5.75404e-05,0.000776849,0.504599,-0.00174959,-0.000699819,0.000739357,0.00193699,1787506200,0.000778342,9.00537e-05,0.000804127,1,0.000627529,7.55911e-06,0.000555925,1,0.000589843,6.21347e-05,0.000584316,1,0.000677728,1.02724e-05,0.000640501,1
1787506440,0.000824073,0.000114837,0.000942913,9.02301e-05,0.00110688,0.49139,0.00023602,0.000235429,0.0411456,-0.00141142,-0.000982746,-0.000482953,-0.000169774,-1.79266e-05,0.000186407,0.000478544,0.000980641,0.00129823,0.000236842,0.000235783,0.000234009,0.000233123,0.000259161,0.000234836,0.000228972,0.000241864,-0.000577511,0.000614673,0,-0.000631449,0.00053664,0,0.497739,-0.00138434,-0.000545602,0.000507764,0.00137105,1787506200,0.000868833,0,0.000858489,1,0.000859485,0,0.000805313,1,0.00060627,4.01963e-05,0.00060983,1,0.000622215,3.56003e-05,0.000539839,1
1787506500,0.00045889,3.68829e-05,0.000483468,3.68829e-05,0.00110194,0.497498,0.000140965,0.000135884,0.0417916,-0.00139777,-0.000980325,-0.000481153,-0.000150982,-7.50734e-06,0.00018938,0.00050716,0.0010221,0.00133777,0.0001312,0.000142505,0.000147773,0.000139528,0.000173991,0.000154752,0.000137369,0.000138615,-0.000596453,0.000697486,0,-0.000678382,0.000595558,0,0.498971,-0.00142175,-0.000567992,0.0005542,0.00148331,1787506500,0.000659888,0,0.000557224,1,0.000839286,5.1108e-05,0.000780695,1,0.00072864,0.000114327,0.00078439,1,0.000638709,2.10679e-05,0.000641792,1
1787506560,0.000118786,-2.04817e-05,0.000298985,-2.04817e-05,0.00109279,0.49478,8.65289e-05,8.11014e-05,0.0483838,-0.0013381,-0.000938714,-0.000440215,-0.000141598,-1.14782e-05,0.000172252,0.000451203,0.000941953,0.00122829,6.77201e-05,9.31892e-05,9.76195e-05,8.28237e-05,0.0001243,0.000107752,8.8412e-05,8.45015e-05,-0.000536713,0.000639148,0,0.000580174,0,0.000495993,0.502739,-0.00125071,-0.000480113,0.00046987,0.00125736,1787506500,0.000714343,0,0.000603326,1,0.000641953,0,0.000578077,1,0.000728491,0.000107347,0.000780163,1,0.000764546,5.97023e-05,0.000754793,1
1787506620,0.0003358,0,0.000949777,-4.09582e-06,0.00108194,0.501861,0.000112147,0.000105667,0.058574,-0.00124896,-0.000870961,-0.000404288,-0.000120905,-2.33317e-07,0.000154496,0.00039967,0.000845941,0.00112792,0.000101485,0.000120082,0.000118131,0.000107548,0.000147609,0.000126164,0.000113097,0.000113066,0.000482993,7.17463e-05,0.000507606,-0.000521022,0.000411063,0,0.49827,-0.00113877,-0.000436343,0.000402192,0.00113202,1787506500,0.000646487,0,0.000514203,1,0.000703837,0,0.000624208,1,0.0006605,0,0.000604053,1,0.000810484,1.64681e-05,0.000790456,1
1787506680,-0.000315321,6.14146e-05,6.14146e-05,-0.0003358,0.00107212,0.51006,0.000114101,0.000108966,0.0744159,-0.00126266,-0.000852684,-0.000405693,-0.000112368,1.07606e-05,0.000170336,0.000418507,0.000889971,0.00116346,9.94076e-05,0.000117676,0.000114531,0.000109541,0.000127303,0.000116612,0.000118669,0.000118506,0.000496719,0.000123784,0.000577975,0.000612343,0,0.000613754,0.50035,-0.00131981,-0.00052368,0.000499241,0.00137363,1787506500,0.000594131,0,0.000501809,1,0.000621907,0,0.000526608,1,0.000639911,3.18049e-05,0.000618835,1,0.000656065,0,0.000617698,1
1787506740,-0.000581762,4.09564e-05,0.000237524,-0.000721108,0.00106228,0.502375,0.000170506,0.000170529,0.0873583,-0.00113276,-0.000747454,-0.000343344,-0.00010382,-3.01911e-07,0.00013736,0.000344118,0.000767084,0.00102487,0.000168784,0.000170867,0.000169018,0.000166498,0.00016912,0.000169707,0.00017059,0.000176673,0.000412627,5.17496e-05,0.000494718,-0.000456794,0.000391244,0,0.498212,-0.00100289,-0.000374962,0.00035184,0.000992358,1787506500,0.000619333,1.07922e-05,0.000635058,1,0.000578225,0,0.00058497,1,0.000601944,0,0.00053152,1,0.000691706,0,0.000660498,1
1787506800,-0.000430394,4.0981e-06,0.000237662,-0.000701022,0.00105482,0.500844,0.000131208,0.000127365,0.0908331,-0.00122625,-0.000815327,-0.000402747,-0.000131271,-7.86083e-07,0.00015634,0.000414953,0.000859722,0.00112855,0.000126737,0.000135268,0.0001288,0.000127227,0.000140424,0.00012746,0.000143457,0.000135304,0.0004923,0.000112009,0.000563056,0.000552036,0,0.000524083,0.503329,-0.00121417,-0.000457947,0.000465428,0.00125457,1787506800,0.000505521,0,0.000470146,1,-0.00061184,0.000604128,9.07455e-05,1,0.000565474,0,0.000581396,1,0.000613485,0,0.000558829,1
1787506860,-0.000734147,-8.6101e-05,-4.09988e-06,-0.000754661,0.00104599,0.497099,0.000213545,0.000210267,0.106848,-0.00123303,-0.000820064,-0.000418384,-0.000139003,-6.40072e-06,0.000158264,0.000421714,0.000879962,0.00114079,0.000211327,0.000212746,0.000210849,0.000210021,0.00019003,0.000210668,0.000224458,0.000217513,-0.000504473,0.000585016,5.48054e-05,0.000558913,0,0.000507771,0.502672,-0.00121901,-0.000460438,0.000469288,0.00125043,1787506800,0.000555119,2.63881e-06,0.000600888,1,0.000530152,0,0.00051291,0,0.000581632,5.07937e-05,0.000689192,1,0.000622125,0,0.000589367,1
1787506920,0.00106208,4.10288e-06,0.00111536,-9.43708e-05,0.00104067,0.49025,0.000317894,0.000328254,0.10725,-0.00114908,-0.000777988,-0.000407659,-0.000142879,-1.50241e-05,0.000137589,0.00040023,0.000817279,0.0010689,0.000329711,0.000303065,0.000318013,0.000321096,0.000323642,0.000319655,0.000305684,0.00031578,-0.000485729,0.000568262,4.21778e-05,0.00052464,0,0.000464802,0.506762,-0.00117727,-0.000428314,0.00044787,0.00117953,1787506800,0.000558706,1.37304e-06,0.000618016,1,0.000589941,0,0.000641732,1,0.000541636,0,0.000540698,1,0.000666671,0,0.000678851,1
1787506980,0.000282758,4.50828e-05,0.000581822,-0.000147558,0.0010411,0.494896,0.000104321,9.99133e-05,0.0855232,-0.00120537,-0.000818281,-0.000436404,-0.000141184,-9.96465e-06,0.000159086,0.000440197,0.000903635,0.00114935,9.26382e-05,0.000108256,0.000104281,0.000102239,0.000134117,0.000118423,0.000101861,0.000103612,-0.000526306,0.000618745,4.07762e-05,0.000628147,0,0.000598902,0.501811,-0.001328,-0.000519983,0.000528945,0.00140024,1787506800,0.000542202,0,0.000547096,1,0.000583252,0,0.000652302,1,0.00056016,3.32218e-05,0.000642327,1,0.000542424,0,0.00055308,1
1787507040,-0.000791105,1.63893e-05,3.68756e-05,-0.00118074,0.00103141,0.495156,0.000226734,0.000224178,0.0992026,-0.00122783,-0.000828521,-0.000427193,-0.000145906,-9.52416e-06,0.00016199,0.000402097,0.000863992,0.00113154,0.000233331,0.000228515,0.000227035,0.000225746,0.000211392,0.000228462,0.000231545,0.000226649,-0.000501233,0.000589019,6.84947e-05,0.000589543,0,0.000574515,0.502355,-0.0012888,-0.000497245,0.000488484,0.00133941,1787506800,0.000654554,0,0.000650662,1,0.000563579,0,0.000563937,1,0.00055809,4.45266e-05,0.000650941,1,0.000603544,0,0.000633185,1
1787507100,0.00310753,3.28044e-05,0.00324242,3.28044e-05,0.00102716,0.497558,0.00128149,0.00130671,0.0792651,-0.00139106,-0.000955247,-0.000500705,-0.000170293,-5.63329e-06,0.000183667,0.00047348,0.000996612,0.00128676,0.00134646,0.00128947,0.00131009,0.00126323,0.00127665,0.00126056,0.00126313,0.00131199,-0.000588199,0.000676526,0.000138628,0.000699648,0,0.000749158,0.502224,-0.00147624,-0.00058165,0.00057548,0.00151878,1787507100,0.000611403,1.01931e-05,0.00059807,0,0.000633311,6.32667e-06,0.000621451,0,0.000543126,9.37113e-06,0.000561041,0,0.000611407,2.2874e-05,0.00064024,0
1787507160,-0.000805639,0,0.000159415,-0.000858826,0.00110774,0.49771,0.000237322,0.000234343,0.0736762,-0.00184323,-0.00126907,-0.000639079,-0.000214302,-6.79082e-06,0.000236553,0.000651824,0.00135195,0.00188875,0.000238746,0.000233734,0.000239689,0.000231553,0.000227399,0.000287793,0.000237812,0.000236922,-0.000776113,0.000956498,8.33354e-05,-0.000977563,0.00111334,0.000120006,0.492119,-0.00187914,-0.000805063,0.000771148,0.00211531,1787507100,0.00072656,0,0.000717113,0,0.000602197,2.43864e-05,0.00060965,1,0.000588094,6.03597e-05,0.000609232,1,0.000571955,0,0.00057424,0
1787507220,-0.00183863,-4.09119e-06,0.000171815,-0.00184683,0.00110251,0.487932,0.000614873,0.000640243,0.059439,-0.00148037,-0.00104059,-0.000548141,-0.000199363,-2.49918e-05,0.000186516,0.000499848,0.00105142,0.00139487,0.000731338,0.000630559,0.000554614,0.000671934,0.000552331,0.000554738,0.000578344,0.000585111,-0.00063532,0.000692924,1.43569e-05,-0.000759954,0.000777207,0,0.496461,-0.00163007,-0.000658385,0.000614124,0.0017126,1787507100,0.000971154,0,0.000961571,0,0.000737842,0,0.000713441,1,0.000578287,6.20521e-05,0.000621772,1,0.000642077,5.53627e-06,0.000640769,1
1787507280,0.000401593,6.55773e-05,0.000631003,-0.000114771,0.00112197,0.492816,0.000140307,0.000137053,0.0627253,-0.0016008,-0.00109398,-0.000579507,-0.000205518,-1.59123e-05,0.000203113,0.00053887,0.00116796,0.00153928,0.000115755,0.00013761,0.000166847,0.000134182,0.000165616,0.000166566,0.000132633,0.000138832,-0.000677227,0.000751057,0,-0.000897156,0.000803566,0,0.497065,-0.00180755,-0.000726513,0.000720392,0.00189926,1787507100,-0.00076032,0.000793967,0,1,0.000877189,0.00014624,0.000841992,1,0.000621111,0.000116456,0.000721001,1,0.000641885,0,0.000654036,1
1787507340,-4.50688e-05,-6.55552e-05,0.000331807,-0.000176189,0.00111215,0.494422,8.78984e-05,8.2177e-05,0.0555445,-0.00140648,-0.000976337,-0.000498856,-0.000167782,-1.24827e-05,0.000189666,0.000485154,0.00100868,0.00130984,6.35151e-05,9.51588e-05,0.000127991,8.17202e-05,0.000119149,0.000111134,9.10496e-05,8.26229e-05,-0.000592257,0.000575345,0,0.000755806,0,0.000601818,0.500174,-0.00158832,-0.000615632,0.000626333,0.00165,1787507100,0.000830289,1.04496e-05,0.000818892,1,0.000763253,2.3291e-05,0.000710112,1,0.000787513,0.000147259,0.000850241,1,0.000653281,2.80405e-05,0.000663853,1
1787507400,-0.000196687,-1.63891e-05,0.000127007,-0.00031144,0.00110099,0.490901,9.62891e-05,8.85211e-05,0.0533635,-0.00132956,-0.000913665,-0.000465411,-0.000152328,-1.77348e-05,0.000172086,0.000428496,0.000916287,0.00120277,7.97969e-05,0.000103268,0.000126248,8.87908e-05,0.000125245,0.000109429,9.45262e-05,0.000100011,-0.000541176,0.000473398,0,-0.000726214,0.000495906,0,0.49275,-0.0015613,-0.000620088,0.000570058,0.00155942,1787507400,0.000824859,0,0.000760977,1,0.000899931,0,0.000882803,1,-0.000746754,0.000755296,0,1,0.000871813,0,0.000914331,1
1787507460,0.00037695,0.000118837,0.000516222,5.73712e-05,0.00109028,0.487875,0.000118016,0.000114661,0.0568554,-0.00122742,-0.00083975,-0.000424499,-0.000147938,-2.0458e-05,0.000150772,0.000386926,0.000837051,0.00111343,0.000109041,0.000130478,0.000141063,0.000111192,0.000156538,0.000130115,0.000119012,0.000120021,-0.000492239,0.000402855,0,-0.000578927,0.000434404,0,0.497355,-0.00129034,-0.000487621,0.000461387,0.00126962,1787507400,0.000785766,0,0.000707016,1,0.000754655,0,0.00075631,1,0.000767356,0.000108993,0.000835742,1,0.000737978,1.72627e-05,0.000760299,1
1787507520,-6.55464e-05,5.73495e-05,0.000163847,-0.000262211,0.00108064,0.491214,7.49743e-05,6.83824e-05,0.0655815,-0.0011971,-0.000818215,-0.000398196,-0.000137257,-1.57915e-05,0.00015504,0.000381632,0.000824816,0.00109061,6.46156e-05,9.22695e-05,0.000102677,6.83e-05,0.000114783,8.38992e-05,7.86795e-05,7.63762e-05,-0.000470469,0.000451856,0,0.000560365,0,0.000521652,0.501047,-0.00126319,-0.000464011,0.000456313,0.0012481,1787507400,0.000622571,0,0.00055948,1,0.00070684,0,0.000759283,1,0.000696837,4.3608e-05,0.00071656,1,0.000810015,0,0.000836754,1
1787507580,0.000237585,3.27737e-05,0.000520156,-0.000245837,0.00106981,0.490684,8.92427e-05,8.50704e-05,0.0846009,-0.00112717,-0.000742571,-0.000363449,-0.000126325,-1.53008e-05,0.000140321,0.000344001,0.000769165,0.00101747,8.53449e-05,0.00010521,0.000106901,8.39141e-05,0.000128715,9.11121e-05,9.52697e-05,9.15517e-05,-0.000427783,0.000396396,3.14223e-05,0.000451187,0,0.00048293,0.502475,-0.00102735,-0.00035211,0.000353366,0.00101653,1787507400,0.000627759,0,0.000560924,1,0.000632023,0,0.000601753,1,0.000704887,2.11001e-05,0.000742003,1,0.000778082,1.27028e-06,0.000727855,1
1787507640,-0.000774408,-2.45752e-05,0.000200675,-0.00086049,0.0010596,0.493282,0.000224359,0.000221531,0.116068,-0.00114024,-0.000763517,-0.000392459,-0.000124512,-1.28823e-05,0.000153302,0.000373531,0.000811364,0.00106315,0.000226393,0.000224539,0.000223629,0.000220544,0.000211022,0.000224463,0.000226217,0.000230721,-0.000462328,0.000477749,3.17933e-05,0.000497069,0,0.000562157,0.502703,-0.00112767,-0.000403868,0.000409014,0.00115625,1787507400,-0.000502939,0.000503558,4.26738e-05,1,0.000612329,0,0.000580878,1,0.000610444,6.81049e-05,0.000610924,1,0.00079057,1.036e-05,0.000748027,1
1787507700,-0.000106579,-4.09899e-06,0.000381133,-0.000135276,0.00105465,0.486277,7.93039e-05,7.2273e-05,0.108277,-0.00120717,-0.000830585,-0.000442877,-0.00015079,-2.2157e-05,0.000143518,0.000380232,0.000851217,0.00112413,6.67826e-05,9.13166e-05,9.0026e-05,7.6737e-05,0.000111243,7.20872e-05,8.69523e-05,8.10341e-05,-0.000502677,0.000481406,0,-0.000569937,0.000505476,0,0.495138,-0.00128477,-0.0004875,0.000464033,0.00128431,1787507700,-0.00053232,0.000565227,8.53803e-05,1,-0.000536207,0.000523281,5.05156e-05,1,0.000582987,4.77697e-05,0.00057182,1,0.000676445,0,0.000685639,1
1787507760,0.0003279,0,0.000442639,-0.000254196,0.00104416,0.480094,0.000104696,0.000100844,0.154715,-0.00107822,-0.000716108,-0.000381313,-0.000124233,-3.08466e-05,0.000128289,0.0003285,0.000747603,0.000997446,0.000100389,0.000117769,0.000112139,0.000101846,0.000140386,9.79443e-05,0.000110081,0.000107622,-0.000433481,0.000421411,6.39372e-06,0.000500723,0,0.000497652,0.500043,-0.00116658,-0.000416542,0.000405913,0.00115311,1787507700,0.000584572,7.36483e-06,0.000639373,1,-0.000565043,0.000571359,9.60926e-05,1,-0.000536028,0.00055839,7.72743e-05,1,0.00065188,0,0.000624174,1
1787507820,0.000241757,-2.04906e-05,0.000352372,-6.55714e-05,0.0010347,0.486824,9.10964e-05,8.62218e-05,0.208607,-0.00108127,-0.000728902,-0.000383127,-0.000117705,-2.10895e-05,0.000143111,0.000357437,0.000782647,0.00102482,8.59767e-05,0.000102522,9.46126e-05,8.98227e-05,0.000121118,8.0866e-05,9.46386e-05,9.38739e-05,-0.000447905,0.000472327,1.27089e-05,0.000517981,0,0.000523451,0.503533,-0.00117808,-0.000419184,0.000438933,0.00121261,1787507700,0.000566283,0,0.000574694,1,-0.000622608,0.000611026,6.18979e-05,1,-0.000542066,0.000621091,0.000121803,1,-0.000595295,0.000574347,3.24119e-05,1
1787507880,0.000393243,0,0.000426006,-3.68744e-05,0.00102487,0.486699,0.000115425,0.000116381,0.285004,-0.000998116,-0.000672557,-0.000350198,-0.000104947,-1.96712e-05,0.000130033,0.000309656,0.000702615,0.000955944,0.000113312,0.000126844,0.000116729,0.000112192,0.000139978,0.000112091,0.000119754,0.000120276,-0.000401542,0.000414214,6.33572e-06,0.000449311,0,0.000468825,0.505311,-0.00103957,-0.000353309,0.000364229,0.00103297,1787507700,0.000584959,0,0.000610196,1,-0.000562928,0.000559577,8.17314e-05,1,0.000609769,5.56074e-05,0.000677782,1,-0.000629573,0.000636953,3.96435e-05,1
1787507940,-0.000598118,4.09547e-06,0.000110572,-0.000622706,0.0010161,0.491993,0.00017316,0.000170812,0.364629,-0.00102034,-0.000660858,-0.000343955,-9.81654e-05,-1.39872e-05,0.000134856,0.000314739,0.000686755,0.000949267,0.000173294,0.000175287,0.000172915,0.000171065,0.000170806,0.000168842,0.00017874,0.000176039,-0.000398798,0.000406046,0,0.000448717,2.87792e-06,0.000474201,0.505703,-0.001029,-0.00035162,0.000367558,0.00103928,1787507700,0.000535384,0,0.000501854,1,-0.000593576,0.000592889,1.5957e-05,1,0.000544359,7.07759e-05,0.000617586,1,0.000654446,3.03999e-05,0.000677708,1
1787508000,0.000270426,2.45872e-05,0.00032778,-0.000127044,0.00100943,0.485962,0.000104035,9.84273e-05,0.236792,-0.0012538,-0.000859188,-0.000446016,-0.000141681,-2.38672e-05,0.000150194,0.00039818,0.000857032,0.00112711,9.07895e-05,0.000105075,9.40912e-05,0.000101952,0.000114393,8.41312e-05,0.000126522,0.000108429,-0.000512329,0.000715305,0.000279346,-0.000585055,0.000787101,0.000233205,0.495039,-0.0013354,-0.00051267,0.000488793,0.00135803,1787508000,0.000537778,0,0.000492715,1,0.000542567,0,0.000526372,1,0.000570837,5.20434e-05,0.000608578,1,0.000655178,0,0.000638842,1
1787508060,-0.000467146,4.5064e-05,7.374e-05,-0.000848401,0.00100002,0.495192,0.000140206,0.000137239,0.181077,-0.00098495,-0.000665531,-0.000316471,-9.52356e-05,-1.03622e-05,0.000136578,0.000318143,0.000702243,0.000935415,0.000136857,0.000138949,0.000136169,0.000134655,0.000136552,0.000132395,0.000144201,0.000150438,-0.000381085,0.00037713,9.0729e-06,0.000449689,0,0.000450552,0.504932,-0.00102128,-0.000349314,0.000375165,0.00105805,1787508000,-0.000647499,0.000619064,0,1,0.000551908,0,0.000505493,1,-0.000526402,0.000545555,0,1,0.000637004,1.62961e-05,0.000623827,1
1787508120,0.000151642,4.91836e-05,0.000249991,-0.000319752,0.000992171,0.492915,7.27454e-05,6.71341e-05,0.133388,-0.00101286,-0.000677586,-0.000345806,-0.000112588,-1.33724e-05,0.000150155,0.000337859,0.000759086,0.000997791,7.09725e-05,8.64471e-05,7.10681e-05,7.4397e-05,8.60309e-05,6.3339e-05,7.80368e-05,7.37241e-05,-0.000411569,0.00041837,2.06947e-05,0.000537294,0,0.000509938,0.501114,-0.00120579,-0.000446178,0.000455975,0.00127111,1787508000,0.000535554,0,0.000517181,1,0.00071206,4.54132e-05,0.000610361,1,-0.000526457,0.000542233,0,1,0.000587388,0,0.000550822,1
1787508180,-0.000188531,-5.73752e-05,0.000192593,-0.000352499,0.000982433,0.500066,8.03479e-05,7.43332e-05,0.104099,-0.000954574,-0.000631924,-0.000311208,-9.14683e-05,-5.67225e-06,0.000150983,0.000322897,0.000689924,0.000901736,7.84373e-05,9.09819e-05,7.76498e-05,7.77677e-05,8.10704e-05,6.86984e-05,8.87918e-05,8.58814e-05,0.000382582,2.07627e-06,0.000366224,0.00049387,0,0.000476405,0.505832,-0.00110472,-0.000392133,0.000425771,0.00120103,1787508000,0.00056989,9.61992e-06,0.00060349,1,-0.000555198,0.000497429,0,1,-0.000690784,0.000615792,0.000104994,1,0.000574898,0,0.000534453,1
1787508240,7.78757e-05,-5.32869e-05,0.000229511,-0.000192666,0.000972925,0.492628,6.22401e-05,5.78836e-05,0.0777069,-0.00094725,-0.000623696,-0.000313464,-0.000101837,-1.359e-05,0.000143882,0.000306162,0.000676664,0.000892527,6.56899e-05,8.00493e-05,6.08131e-05,6.52273e-05,6.85787e-05,5.42086e-05,6.78236e-05,5.86106e-05,-0.000372972,0.00038464,0,0.000478976,0,0.000456461,0.507003,-0.00108655,-0.000387925,0.000406214,0.00115191,1787508000,0.000564439,2.73821e-06,0.000567463,1,0.000610016,0,0.000608588,1,-0.000524065,0.000519027,1.47785e-05,1,0.000673438,4.04918e-05,0.000650554,1
1787508300,-0.000364839,-5.73815e-05,2.45911e-05,-0.000598569,0.000963209,0.494975,0.000111484,0.000107738,0.0595905,-0.000909472,-0.000596714,-0.000289234,-9.02509e-05,-1.04114e-05,0.000132138,0.000277943,0.000641129,0.000844548,0.000108086,0.000118615,0.000106785,0.000106315,0.00010291,0.000103595,0.000119214,0.00012067,-0.000342285,0.00035716,0,0.000414373,0,0.00041682,0.508899,-0.000941877,-0.000315528,0.000347994,0.00100048,1787508300,0.000544046,0,0.000535811,1,-0.000594508,0.000582909,0,1,0.000591412,1.92595e-05,0.000625652,1,0.000586129,0,0.000548365,1
1787508360,-0.000381378,9.01972e-05,0.000364839,-0.00093525,0.000954923,0.491748,0.000114758,0.000109538,0.0492437,-0.000937313,-0.000610771,-0.000320034,-0.00010689,-1.32088e-05,0.00013155,0.000292033,0.000661405,0.000868999,0.000112388,0.000120608,0.000111299,0.00011108,0.000102571,0.000108241,0.000125249,0.000120525,-0.000371746,0.000344569,0,0.000447983,0,0.000416523,0.50046,-0.00101947,-0.000362937,0.000373949,0.00106912,1787508300,-0.000500157,0.000481955,0,1,-0.000558669,0.000551316,1.22664e-05,1,0.000552709,5.57458e-05,0.000590577,1,0.000627415,1.78271e-05,0.000617019,1
1787508420,-0.00111626,1.23048e-05,0.000180455,-0.0013216,0.000946863,0.489936,0.000348623,0.000361099,0.0373374,-0.00108314,-0.000725883,-0.000382773,-0.00013186,-1.69876e-05,0.000151192,0.000361396,0.000803048,0.00105072,0.000368421,0.000341971,0.000393677,0.000336875,0.000370382,0.000404562,0.000354808,0.000355436,-0.000450034,0.000534537,0,0.000522363,8.71774e-05,0.000523743,0.508049,-0.00118634,-0.000423346,0.000467109,0.00129297,1787508300,0.000509251,0,0.000515404,0,-0.000522793,0.000489196,4.15973e-06,0,-0.000543676,0.000587108,2.79048e-05,1,-0.000630981,0.000607727,0,1
1787508480,0.000385909,0,0.000607533,-0.000131407,0.000950547,0.490921,0.000117408,0.000114123,0.0570887,-0.00116773,-0.000787266,-0.000407236,-0.000139635,-1.66619e-05,0.000164643,0.000396349,0.000863537,0.00116971,0.00011185,0.000119501,0.000112302,0.000121411,0.000131529,0.000113751,0.000113894,0.000113889,-0.000483925,0.000578643,0,0.000605131,4.67721e-05,0.000500784,0.507262,-0.00132761,-0.000485843,0.000527875,0.00140794,1787508300,-0.000560115,0.00059521,6.22389e-05,1,0.000549927,0,0.000540328,1,-0.000500872,0.000525631,2.36006e-05,1,0.000623774,0,0.000593095,1
1787508540,0.00158723,5.7463e-05,0.00158723,5.7463e-05,0.000942575,0.488917,0.0005719,0.000600774,0.0471535,-0.0010427,-0.000701112,-0.000365554,-0.000119889,-1.78071e-05,0.000143946,0.000335063,0.000757023,0.00103902,0.00058679,0.000551671,0.000586397,0.000569168,0.000634019,0.000601303,0.000547152,0.000570406,-0.000425201,0.000461287,0,0.0005289,0,0.000441651,0.500492,-0.00117584,-0.000430832,0.000450673,0.00123245,1787508300,0.000634656,0,0.000635903,0,-0.000613,0.000607306,1.3909e-05,1,0.000539946,2.62319e-05,0.000551472,1,-0.000535488,0.000526045,7.44045e-06,1
1787508600,0.00115091,1.22943e-05,0.00115909,-0.000209025,0.000959721,0.497367,0.000339496,0.00035064,0.127256,-0.00121957,-0.000840621,-0.000435374,-0.000134772,-8.02886e-06,0.000187051,0.000414647,0.000912016,0.0011962,0.000368255,0.000344096,0.00033523,0.000351165,0.000340955,0.000325836,0.000331725,0.000332901,-0.000513079,0.000573721,0,-0.000670918,0.000623952,0,0.488446,-0.00139673,-0.000570733,0.000539869,0.00151578,1787508600,0.000624501,0,0.000559417,0,0.000680827,0,0.00063855,0,-0.000559542,0.000626701,6.551e-05,1,0.000543427,3.24452e-05,0.000565071,1
1787508660,0.00027422,4.09339e-06,0.000981933,-0.000159655,0.000963917,0.49037,0.000107868,0.000102384,0.160426,-0.00130741,-0.000945465,-0.000468917,-0.000160013,-1.99266e-05,0.00019085,0.000452958,0.000974861,0.00125592,9.1497e-05,0.000102876,0.000110868,0.000102214,0.000110229,0.000125897,0.00011341,0.0001094,-0.00055558,0.000622401,0,-0.00068116,0.000682181,1.22425e-06,0.489732,-0.00141723,-0.000583392,0.000544708,0.0015744,1787508600,0.000754928,0,0.000657806,1,0.000612087,0,0.000568812,0,0.000621942,3.04396e-05,0.000615104,0,0.00058834,4.69797e-05,0.000613971,1
1787508720,0.00208897,-2.04616e-05,0.00220331,-6.54785e-05,0.000955016,0.492088,0.000785877,0.000808967,0.141346,-0.00130831,-0.000923651,-0.000474159,-0.000166661,-1.63544e-05,0.000188016,0.000422288,0.000949147,0.00124954,0.000836785,0.000793599,0.000772033,0.000785536,0.000760152,0.000723918,0.000772494,0.000809918,-0.00054605,0.000550921,0,-0.000694755,0.000586514,0,0.484398,-0.00143213,-0.000598594,0.000532936,0.00157145,1787508600,0.000739969,1.80964e-05,0.000629908,0,0.000705098,2.76967e-05,0.000600228,0,0.000571917,2.42658e-05,0.000545169,0,0.000617558,4.34827e-05,0.000603097,0
1787508780,-0.000931525,1.22511e-05,0.000261325,-0.0011073,0.0009905,0.494808,0.000263889,0.000261347,0.286736,-0.00148398,-0.00107642,-0.000601329,-0.000191602,-1.3306e-05,0.000225807,0.000528062,0.00114791,0.00153905,0.000286792,0.000268322,0.000269982,0.000266155,0.000290579,0.000265537,0.00026829,0.000257153,-0.000686606,0.000738449,0,-0.00081817,0.000836507,6.72263e-05,0.482937,-0.0016032,-0.000694886,0.000631886,0.00185648,1787508600,0.000721956,6.05785e-05,0.000628589,1,0.000733531,4.56345e-05,0.000598613,1,0.000681131,4.73997e-05,0.000605991,0,0.00060441,3.42682e-06,0.000563498,0
1787508840,-0.000670581,0,0.000588432,-0.000670581,0.000989355,0.490789,0.000191814,0.000187714,0.231564,-0.00140659,-0.000995204,-0.000534638,-0.000184076,-1.95463e-05,0.000196209,0.000458831,0.00104507,0.00133245,0.000193352,0.000195799,0.000197179,0.000193479,0.000204471,0.000192461,0.000199988,0.000185824,-0.000607524,0.000613421,0,-0.000758676,0.000680826,0,0.48709,-0.0015514,-0.000646879,0.000586607,0.00170466,1787508600,0.000862417,4.70825e-05,0.00077535,1,0.000722606,3.749e-05,0.0006936,1,0.000686554,7.91208e-05,0.00062682,1,0.00066656,7.77493e-05,0.000643481,1
1787508900,0.00101796,-5.31751e-05,0.00153268,-0.000147261,0.000983992,0.492519,0.000292001,0.000293477,0.192093,-0.00149117,-0.00107803,-0.000566102,-0.000192602,-1.70607e-05,0.000209888,0.000490715,0.00109969,0.0014186,0.000312157,0.000288632,0.000287349,0.000287225,0.000281377,0.000288541,0.000291111,0.000301719,-0.000644932,0.000658089,0,-0.000793366,0.000686982,0,0.491328,-0.00160302,-0.00066053,0.000616185,0.00172863,1787508900,0.000748836,9.52846e-05,0.000675449,1,0.000811852,0.000107209,0.000723339,1,0.000670645,0.000128683,0.000696385,1,0.000666067,6.47073e-05,0.000671084,1
1787508960,-0.00020024,-4.0862e-05,0.000236967,-0.000555867,0.000984683,0.498286,0.000108465,0.000103465,0.201628,-0.00148873,-0.00107425,-0.000575735,-0.00017594,-6.61505e-06,0.000230655,0.000519096,0.00117461,0.00148802,8.06547e-05,9.55381e-05,0.000112297,0.000102976,0.000119816,0.000117754,0.000116601,0.00011333,-0.000665134,0.000795344,0,0.000771639,3.47434e-05,0.000714195,0.50014,-0.0015511,-0.00063139,0.000629844,0.00176622,1787508900,0.000859647,0,0.000748059,1,0.000770576,2.10273e-05,0.000710812,1,0.000744831,0.000116277,0.000743093,1,0.000704906,5.93313e-05,0.000718406,1
1787509020,0.000147119,4.08685e-05,0.000665949,3.67818e-05,0.000975198,0.492458,9.13207e-05,8.82975e-05,0.166155,-0.00136926,-0.000945727,-0.000494557,-0.000172921,-1.62543e-05,0.000195675,0.000447396,0.00101062,0.00131934,7.05728e-05,8.71784e-05,0.000101638,8.72686e-05,0.000109526,0.000109635,9.60446e-05,9.2449e-05,-0.000572898,0.000645946,0,-0.000676265,0.000595896,0,0.49764,-0.0014154,-0.000567277,0.000548032,0.00157816,1787508900,0.00079635,5.72129e-05,0.000741187,1,0.000817943,1.90618e-05,0.000793222,1,0.000743623,4.04193e-05,0.000735084,1,0.000734831,0.000119616,0.000752428,1
1787509080,-0.000249298,1.22589e-05,0.000175697,-0.000666295,0.000965621,0.497924,0.000102741,9.70438e-05,0.137298,-0.00124025,-0.000839854,-0.000456914,-0.000143913,-6.28424e-06,0.000183005,0.000408048,0.000928301,0.00121335,8.8811e-05,0.000101718,0.000109261,9.70792e-05,0.000122645,0.000112225,0.000104034,0.000107284,-0.00052627,0.000619003,0,-0.000567499,0.000500094,0,0.496386,-0.00123673,-0.00049113,0.000454516,0.00134688,1787508900,0.000694482,9.29776e-05,0.000615152,1,0.00073233,0.000117274,0.000690869,1,0.000678925,0.000197149,0.000746418,1,0.000683674,0.000159917,0.000690353,1
1787509140,-0.000592842,-8.17504e-05,0.000110352,-0.00104691,0.000956566,0.496553,0.000175926,0.000170633,0.096437,-0.00125695,-0.000875982,-0.000455126,-0.000151502,-8.30874e-06,0.000183554,0.000422721,0.000968707,0.00127139,0.000171516,0.000173388,0.000172819,0.000170969,0.000177799,0.000173367,0.000188745,0.000181795,-0.000532255,0.000675986,1.608e-05,0.000566905,2.15494e-05,0.000526051,0.50309,-0.00124268,-0.000472136,0.000484006,0.00139232,1787508900,0.000589806,6.97908e-05,0.000516996,1,0.000684189,8.96989e-05,0.000622184,1,0.000673425,0.000132012,0.000675684,1,0.000696342,0.00013228,0.000661643,1
1787509200,0.000445687,-0.000130881,0.000711368,-0.000347692,0.000950656,0.498389,0.000134331,0.000130212,0.0781667,-0.00127246,-0.000891729,-0.000475726,-0.000158104,-5.02603e-06,0.000190582,0.000452607,0.0010081,0.00132563,0.000128023,0.000131239,0.000131888,0.000133539,0.000143621,0.00013669,0.000136102,0.000134896,-0.000560779,0.000736585,8.04232e-06,0.000592522,7.53949e-05,0.00054475,0.505749,-0.00129065,-0.000486186,0.000513804,0.00144544,1787509200,0.000580481,9.89704e-05,0.000566532,1,0.000578552,0.000100084,0.000576325,1,0.000654171,0.000110732,0.000646871,1,0.000690344,0.000165237,0.000666313,1
1787509260,0.000347416,0,0.000547636,-0.00027802,0.00094321,0.496132,0.000114244,0.000109193,0.0638094,-0.00119624,-0.000826653,-0.000446852,-0.000143614,-9.46178e-06,0.000184849,0.00040694,0.000927349,0.00123363,0.000103903,0.000114162,0.000112906,0.000113808,0.000123736,0.00011539,0.000117723,0.000113878,-0.000518589,0.000636734,0,-0.000535818,0.000517999,0,0.499573,-0.00115293,-0.00044702,0.000449034,0.00128173,1787509200,0.000595833,9.77679e-05,0.000602877,1,0.000605226,9.54432e-05,0.000559655,1,0.000541785,0.000191778,0.000559861,1,0.000649938,0.000149503,0.000649776,1
1787509320,-0.000899442,-5.31264e-05,-5.31264e-05,-0.000899442,0.000935022,0.499569,0.00025987,0.000266497,0.0706149,-0.00115802,-0.000795479,-0.000433651,-0.000136532,-3.95853e-06,0.00018546,0.00038516,0.000883434,0.00117539,0.000273919,0.000258274,0.000260435,0.000256762,0.000264292,0.000263553,0.00026668,0.000265902,-0.000498644,0.000640166,2.32946e-05,0.000513491,1.46362e-05,0.000507849,0.501853,-0.00112091,-0.000429863,0.000431638,0.00125463,1787509200,0.000555719,6.1337e-05,0.000568985,1,0.000632569,7.16324e-05,0.000597465,1,0.000564839,0.000133753,0.000581208,1,0.000603202,7.36598e-05,0.000606294,1
1787509380,0.000609256,9.40705e-05,0.000780926,-0.000535962,0.000934324,0.493126,0.000175872,0.000178405,0.0669017,-0.00110123,-0.000754203,-0.000420258,-0.000144987,-1.29257e-05,0.000164614,0.00034004,0.000821111,0.00108381,0.000173448,0.000174835,0.00017268,0.000172364,0.000170332,0.000177955,0.000174503,0.00018197,-0.000469275,0.000536368,0,-0.000514138,0.000477809,0,0.494312,-0.00112389,-0.000439354,0.000418311,0.00121002,1787509200,0.000536148,8.50821e-05,0.000534493,1,0.000562025,8.00226e-05,0.000566124,1,0.000573527,0.000125534,0.000604156,1,0.00057071,0.000135133,0.000589112,1
1787509440,-0.000237116,-0.000110375,0.00011445,-0.000282093,0.000928938,0.499363,0.000104135,9.8479e-05,0.0661676,-0.00125686,-0.000866149,-0.000475835,-0.000154169,-4.05222e-06,0.00020311,0.000446213,0.00098438,0.00131026,8.66746e-05,9.66363e-05,9.67691e-05,0.000103542,0.00011234,0.000100637,0.000113498,0.000105197,-0.000557704,0.00069541,1.77146e-06,0.000619811,2.73803e-05,0.000583871,0.501317,-0.00128883,-0.000508136,0.000525486,0.00148259,1787509200,0.00052051,3.68331e-05,0.000484019,1,0.000544894,9.50407e-05,0.000527085,1,0.000529766,0.000141865,0.000560502,1,0.000626323,8.26763e-05,0.00059363,1
1787509500,0.000502783,0,0.000502783,-0.000147204,0.000920213,0.493202,0.000145624,0.000147515,0.0725744,-0.00104111,-0.000704616,-0.0004011,-0.000135815,-1.24438e-05,0.000157844,0.000327845,0.000762879,0.00103284,0.000143804,0.00014514,0.000142849,0.000142761,0.000146438,0.000146894,0.000151393,0.000148985,-0.000448021,0.000488717,2.62894e-06,-0.00047036,0.000376689,0,0.495205,-0.00103379,-0.000402837,0.000365768,0.00108845,1787509500,0.000622065,9.41125e-05,0.00062585,1,0.000562307,5.06433e-05,0.000499322,1,0.000521898,0.000129714,0.000543256,1,0.00059588,0.000108436,0.000566193,1
1787509560,-4.90408e-05,-8.17361e-05,0.000114419,-8.991e-05,0.000913735,0.498245,6.74398e-05,6.34092e-05,0.0707068,-0.00102299,-0.00069007,-0.000381161,-0.000122107,-6.23789e-06,0.000171218,0.000346345,0.000787232,0.00102391,6.40463e-05,7.48901e-05,7.01747e-05,6.81236e-05,9.24506e-05,6.82864e-05,7.19816e-05,6.5574e-05,-0.00044193,0.000527607,6.54835e-06,0.00049382,0,0.000461472,0.500983,-0.00104599,-0.000406785,0.000406312,0.0011622,1787509500,0.000504513,2.76113e-05,0.000448508,1,0.000630066,0.000125737,0.000590158,1,0.000545147,0.000106807,0.000508335,1,0.00057621,0.000103323,0.000554189,1
1787509620,6.53873e-05,0,0.00024518,-5.72174e-05,0.000904578,0.49136,6.17238e-05,5.85175e-05,0.0764583,-0.000943449,-0.000634114,-0.000355161,-0.000113505,-1.41749e-05,0.00014099,0.000285405,0.000683769,0.000919524,6.54116e-05,7.47113e-05,6.70265e-05,6.20174e-05,8.60685e-05,6.08347e-05,6.48057e-05,5.91697e-05,-0.000394588,0.000444463,1.64016e-05,0.000404134,0,0.000365855,0.502075,-0.000896409,-0.000332734,0.000304332,0.000928249,1787509500,0.000525269,2.41366e-05,0.000474258,1,0.00049064,4.85688e-05,0.000493015,1,0.000559986,0.000187491,0.000597421,1,0.000553666,6.72526e-05,0.000535444,1
1787509680,0.000167535,0,0.000588293,-6.13004e-05,0.000895534,0.496248,7.22642e-05,6.65826e-05,0.0729418,-0.000936164,-0.000634129,-0.000344204,-0.000109271,-8.01401e-06,0.000143804,0.000302336,0.000684398,0.000924222,7.39611e-05,8.02513e-05,7.18141e-05,7.1524e-05,8.84682e-05,6.7388e-05,7.70532e-05,7.35932e-05,-0.000393914,0.000496296,3.8685e-05,0.000397932,1.32937e-06,0.000404897,0.50957,-0.000883728,-0.00031658,0.000320812,0.000955027,1787509500,0.000448862,1.98229e-05,0.000366424,1,0.000536284,3.24758e-05,0.000475093,1,0.000504147,6.89412e-05,0.000503219,1,0.000632244,0.000106195,0.000616616,1
1787509740,-0.000286053,4.08588e-06,0.000236953,-0.000384147,0.00088685,0.500927,9.5818e-05,9.07629e-05,0.0706229,-0.000948699,-0.000626149,-0.000350693,-0.000106963,-2.36008e-06,0.000153474,0.000310878,0.000695322,0.000935612,9.4886e-05,0.000100991,9.22184e-05,9.48617e-05,0.000112961,8.56511e-05,0.000101266,9.96423e-05,0.000402294,0.000118417,0.000455491,0.000440371,4.92308e-05,0.000478202,0.509744,-0.000970503,-0.000364397,0.000368403,0.00107291,1787509500,0.00043394,3.49038e-05,0.000394013,1,0.000430095,3.86702e-05,0.000424942,1,0.0004993,8.0767e-05,0.000484047,1,0.000551557,5.62178e-05,0.000514866,1
1787509800,-3.67842e-05,-5.72204e-05,0.000179814,-0.000102182,0.000878868,0.496587,6.52846e-05,6.03532e-05,0.0694714,-0.00102316,-0.000678856,-0.000383826,-0.000127869,-6.92101e-06,0.000151435,0.000320546,0.000729011,0.000969755,6.33096e-05,7.00771e-05,5.72617e-05,7.04331e-05,8.01156e-05,5.25483e-05,7.43951e-05,5.96973e-05,-0.000431338,0.000468865,0.00010619,-0.000471108,0.000416674,6.09954e-05,0.498855,-0.00102332,-0.000408415,0.000373092,0.00107117,1787509800,0.000444991,7.5745e-05,0.000464607,1,0.00043824,2.26736e-05,0.000442327,1,0.000434506,6.7782e-05,0.000428717,1,0.000532966,4.41042e-05,0.000505102,1
1787509860,-0.000216645,4.0872e-06,4.0872e-06,-0.000633717,0.000870051,0.494628,7.87837e-05,7.26256e-05,0.071747,-0.00085256,-0.00055395,-0.000294334,-9.65309e-05,-9.57907e-06,0.000129247,0.00025965,0.000614378,0.000834307,8.33181e-05,8.79083e-05,7.72434e-05,7.8331e-05,9.57728e-05,7.30343e-05,7.65491e-05,8.19018e-05,-0.000338301,0.000382679,4.51568e-05,0.000333863,0,0.000347922,0.505966,-0.0007203,-0.000252495,0.000243467,0.000748383,1787509800,0.000505893,2.02803e-05,0.000511094,1,-0.000449723,0.00051387,5.06009e-05,1,0.000420362,5.20161e-05,0.000450797,1,0.000501484,0,0.000459084,1
1787509920,-0.000245315,-5.31466e-05,0.000102197,-0.000478421,0.000861851,0.494352,8.82452e-05,8.12642e-05,0.072577,-0.000904151,-0.000600689,-0.000318149,-0.000104506,-1.05735e-05,0.000143035,0.000301166,0.000683066,0.000915385,8.79855e-05,9.19656e-05,8.07731e-05,8.88549e-05,9.74426e-05,7.76988e-05,9.6067e-05,8.9917e-05,-0.000374467,0.000456225,6.2285e-05,0.000399081,0,0.000407153,0.510991,-0.000854752,-0.000310816,0.000337831,0.000958413,1787509800,0.000351859,3.58719e-05,0.000366142,1,0.00049316,4.48627e-05,0.000535245,1,-0.00043005,0.000526959,7.22582e-05,1,0.000486203,0,0.000461304,1
1787509980,-0.000290368,8.17815e-06,8.17815e-06,-0.000400811,0.000853894,0.489882,9.45307e-05,8.67413e-05,0.074188,-0.000891802,-0.000600743,-0.00031904,-0.000115861,-1.5385e-05,0.00013594,0.000293926,0.000660709,0.000879528,9.54536e-05,9.86958e-05,8.73466e-05,9.61862e-05,0.000101712,8.51835e-05,0.000100301,9.46335e-05,-0.000372105,0.000444594,5.14092e-05,0.000394706,3.09162e-06,0.000401258,0.509822,-0.000862719,-0.000313447,0.000330082,0.000939824,1787509800,0.000393757,6.334e-05,0.000456098,1,-0.000362777,0.000389405,7.20413e-05,1,0.000456171,5.578e-05,0.000483126,1,0.000503802,3.72687e-05,0.000500043,1
1787510040,-0.000331368,4.49921e-05,0.000347613,-0.000331368,0.000846309,0.485175,0.000100458,9.4694e-05,0.0766674,-0.000831432,-0.000545153,-0.00028127,-0.000109423,-2.0647e-05,0.000122008,0.000255337,0.000612915,0.00081482,0.000102287,0.000104864,9.69578e-05,9.84243e-05,0.00010512,9.43266e-05,0.000105021,0.000108587,-0.000327423,0.000355377,4.60009e-05,0.00035227,0,0.000336741,0.507396,-0.000761517,-0.000271811,0.00028166,0.000807136,1787509800,0.000391732,5.13248e-05,0.000433261,1,0.000438052,3.54763e-05,0.000461798,1,0.000367015,1.96149e-05,0.000386819,1,0.000452382,0.000136201,0.000483353,1
1787510100,0.00130438,0.000102286,0.00132073,0.000102286,0.000839113,0.482077,0.000472148,0.000497974,0.073027,-0.000873359,-0.000574189,-0.000317178,-0.000127699,-2.66689e-05,0.000125484,0.000264734,0.000630331,0.000833265,0.000444985,0.000441156,0.000491417,0.000452378,0.000456465,0.000499392,0.000477537,0.000491401,-0.000359131,0.000384064,2.64097e-05,0.000405445,0,0.000389086,0.502184,-0.000888006,-0.000338056,0.00032699,0.000928619,1787510100,0.000365676,5.99568e-06,0.000374831,1,0.000423378,3.34878e-05,0.000456661,1,0.00042515,5.60987e-06,0.000438335,1,0.000405907,4.52494e-05,0.000440596,1
1787510160,-5.72099e-05,-3.2691e-05,0.00011441,-0.000547715,0.000850915,0.48702,6.66077e-05,6.07269e-05,0.052033,-0.00100655,-0.000670761,-0.00035924,-0.00013079,-2.18446e-05,0.000149857,0.000340962,0.000744952,0.000993023,6.43914e-05,6.8765e-05,7.08383e-05,6.7299e-05,7.83489e-05,8.19293e-05,6.97711e-05,6.11828e-05,-0.000423165,0.0005257,4.41891e-05,0.000537603,5.1756e-05,0.000572259,0.502015,-0.0011113,-0.000451904,0.000444164,0.0012411,1787510100,0.000400206,2.30925e-05,0.000430437,0,0.00039565,1.22386e-05,0.000388767,1,0.000408049,1.4362e-05,0.000419721,1,0.000417619,0.000102621,0.000483044,1
1787510220,0.000371806,0,0.000404485,0,0.000842402,0.481544,0.000108218,0.000111643,0.0451784,-0.000987207,-0.00065139,-0.000353051,-0.000132289,-2.98511e-05,0.000135263,0.000310319,0.000707672,0.000956037,0.000107921,0.000110454,0.000108674,0.000109544,0.000108781,0.000112034,0.000105793,0.000110506,-0.000405347,0.000431885,4.68932e-05,0.000517046,0,0.00051396,0.502383,-0.00108818,-0.000432554,0.000419066,0.00119664,1787510100,0.00053805,2.26307e-05,0.000521788,1,0.000415813,2.87483e-05,0.00046768,0,0.00039636,0,0.00036387,1,0.000417713,7.21256e-05,0.000470794,1
1787510280,-0.000314596,-6.12771e-05,0.000110289,-0.000314596,0.000835591,0.483451,9.59621e-05,8.97165e-05,0.0401398,-0.000864051,-0.00057212,-0.000301369,-0.000108548,-2.41508e-05,0.000125123,0.000271113,0.000625833,0.000867292,9.94675e-05,0.000101736,0.000100495,9.45322e-05,0.000110924,9.7748e-05,9.26918e-05,0.000101017,-0.000348857,0.000368592,6.63854e-06,0.000409539,0,0.000412356,0.501042,-0.000870448,-0.000338039,0.000323264,0.000938995,1787510100,0.0004848,0.000103594,0.000486599,1,0.000512981,7.89114e-05,0.000476193,1,0.000412054,1.47789e-05,0.000411811,1,0.000380542,4.54191e-05,0.000424916,1
1787510340,-0.00055998,-1.63453e-05,-1.63453e-05,-0.000592689,0.000828388,0.479125,0.000161038,0.000154843,0.036875,-0.000866704,-0.00057834,-0.000320217,-0.00012009,-3.04696e-05,0.000118806,0.000268273,0.000626487,0.000853598,0.000162436,0.000162567,0.000161434,0.00016016,0.000167631,0.000159408,0.000156883,0.000164076,-0.000361918,0.000343184,1.80465e-05,-0.000430079,0.000365083,0,0.496386,-0.000936547,-0.000371711,0.000333838,0.000979526,1787510100,0.000437824,1.66635e-06,0.000380833,1,0.000502664,7.12044e-05,0.000494451,1,0.000472886,2.55553e-05,0.000432599,1,0.000421996,6.9605e-05,0.000468006,1
1787510400,0.000874576,-2.45319e-05,0.000878661,-2.45319e-05,0.000823878,0.477819,0.000266932,0.000282403,0.0366382,-0.000851526,-0.000566654,-0.000309837,-0.000122003,-3.25924e-05,0.000117639,0.000271421,0.000624963,0.000841213,0.000256428,0.000254371,0.000259889,0.00026615,0.000244234,0.000268352,0.000273024,0.000268111,-0.00035581,0.000341644,2.26048e-05,-0.000444679,0.000364739,0,0.495862,-0.000949674,-0.000376121,0.000353196,0.00100314,1787510400,0.000434486,1.64949e-05,0.000402367,1,0.000445016,1.22939e-06,0.000403102,1,0.00047993,2.1455e-05,0.000481082,1,0.000471141,8.45595e-05,0.00051085,1
1787510460,-3.67658e-05,-4.0851e-05,0.000196062,-0.0001961,0.000824922,0.483843,5.90198e-05,5.34562e-05,0.037918,-0.000901964,-0.000592058,-0.00032388,-0.000114222,-2.61543e-05,0.000139021,0.000304552,0.000676232,0.000909347,6.32983e-05,6.51815e-05,6.74252e-05,5.90104e-05,7.39146e-05,6.74292e-05,5.92009e-05,5.70946e-05,-0.000380291,0.00042522,3.18653e-05,0.000469376,0,0.000492797,0.503419,-0.000980491,-0.000390442,0.000386636,0.00107698,1787510400,0.000446907,0,0.000428517,1,0.000429328,2.37585e-05,0.000441811,1,0.00041054,0,0.000361492,1,0.000474034,0.000110904,0.000547898,1
1787510520,-0.000294175,-0.000102134,-2.45113e-05,-0.000494427,0.000816648,0.477497,9.19744e-05,8.3817e-05,0.0342662,-0.000864417,-0.000565428,-0.000323818,-0.000116442,-3.26461e-05,0.000115692,0.000273363,0.000619791,0.000839275,9.60261e-05,9.7009e-05,9.7115e-05,9.01586e-05,0.000105636,9.17856e-05,9.01016e-05,9.44106e-05,-0.000365909,0.000375086,4.32355e-05,0.000429036,0,0.000445975,0.50593,-0.000938387,-0.000361317,0.000345313,0.00100643,1787510400,0.000474897,1.1313e-05,0.000479714,1,0.000463594,0,0.000451267,1,0.000429562,0,0.000399853,1,0.000407227,2.51312e-05,0.000432632,1
1787510580,0.00010624,-2.45185e-05,0.000294175,-0.000118512,0.00080951,0.478489,5.88468e-05,5.64992e-05,0.0326685,-0.00083701,-0.000549512,-0.000307526,-0.000119163,-3.02818e-05,0.00011373,0.000275015,0.000623845,0.000845075,6.74858e-05,6.72476e-05,6.50747e-05,6.10607e-05,7.12098e-05,5.96322e-05,5.99288e-05,5.61441e-05,-0.000355351,0.000362482,5.61494e-05,0.000413269,0,0.000406627,0.504535,-0.000874691,-0.000345289,0.000339244,0.000937801,1787510400,0.000424374,6.71554e-05,0.000419055,1,0.000459962,4.15714e-05,0.000454868,1,0.000450471,0,0.000405904,1,0.000420564,5.32192e-05,0.000458541,1
1787510640,-1.22579e-05,4.903e-05,0.000118485,-0.000143018,0.000801515,0.477685,5.26886e-05,4.81177e-05,0.0307055,-0.00083399,-0.000543771,-0.000294726,-0.00011136,-2.98708e-05,0.000107194,0.000263276,0.000603454,0.000818179,6.18039e-05,6.10737e-05,5.68866e-05,5.47339e-05,6.79411e-05,5.20748e-05,5.45397e-05,4.75279e-05,-0.000340453,0.00037109,5.79088e-05,0.000400726,0,0.000400991,0.506659,-0.000850201,-0.000334709,0.00032977,0.00089756,1787510400,0.000378792,5.81516e-05,0.000402526,1,0.000418025,5.73264e-05,0.000452081,1,0.000429833,7.06717e-06,0.000403678,1,0.000417257,5.52344e-05,0.000459159,1
1787510700,-0.000363719,8.98876e-05,8.98876e-05,-0.000829799,0.000793461,0.480614,0.000107635,0.00010164,0.0294708,-0.000871963,-0.000594475,-0.000306714,-0.00011358,-2.46936e-05,0.000105856,0.000269884,0.000615036,0.000832562,0.000108061,0.000107657,0.000106372,0.000105588,0.000112739,0.000103435,0.000108809,0.000113625,-0.0003522,0.000365514,0.000136624,0.000387277,0,0.000446253,0.505276,-0.000832242,-0.000329687,0.000312538,0.000852137,1787510700,0.000377713,4.88919e-05,0.000403921,1,0.000404653,4.54877e-05,0.000423961,1,0.000411394,1.70842e-05,0.000420368,1,0.000426305,8.65893e-05,0.00046341,1
1787510760,-0.000188041,4.49612e-05,4.49612e-05,-0.00046608,0.000787169,0.483959,7.81877e-05,6.9249e-05,0.0298813,-0.000896377,-0.000598947,-0.000321966,-0.00011878,-2.20176e-05,0.000118394,0.00030257,0.00069467,0.000915672,7.83995e-05,7.67249e-05,7.26559e-05,7.85866e-05,8.12544e-05,6.85768e-05,9.19677e-05,7.80913e-05,-0.000378415,0.00049467,8.46815e-05,0.000388465,0.000101124,0.000452635,0.513509,-0.000856589,-0.000318823,0.000346126,0.000930596,1787510700,0.000411341,1.28822e-05,0.000421908,1,-0.000369232,0.000417456,5.65746e-05,1,0.000375742,3.48792e-05,0.000390996,1,0.000430383,6.78146e-05,0.000485153,1
1787510820,-0.000449808,-4.08825e-06,0.000183954,-0.000449808,0.000779711,0.477283,0.000133201,0.000125499,0.0296191,-0.000826607,-0.000540279,-0.000288785,-0.000113309,-2.82915e-05,9.93684e-05,0.000266403,0.000614039,0.000811666,0.000131784,0.000131208,0.00012992,0.000129344,0.000131083,0.000127249,0.00014108,0.000140557,-0.000337532,0.000373569,6.16923e-05,0.000345968,0,0.000361109,0.506177,-0.000747127,-0.000280403,0.000289964,0.000788194,1787510700,-0.000337139,0.000438802,0.000111268,1,0.000382374,3.97213e-05,0.000424651,1,0.000348644,2.94786e-05,0.000376026,1,-0.000374924,0.000432379,8.55767e-05,1
1787510880,0.00042119,4.09007e-06,0.000462072,-2.04506e-05,0.000774491,0.476101,0.000118961,0.000125578,0.030527,-0.000846141,-0.000557306,-0.00030938,-0.000127255,-3.01806e-05,9.92037e-05,0.00027763,0.000622756,0.0008265,0.000121122,0.000121844,0.000119706,0.000120049,0.000119161,0.000119408,0.000117671,0.000117011,-0.000358095,0.00042795,4.85176e-05,0.000363059,4.15786e-05,0.00038442,0.511974,-0.0008041,-0.000300564,0.000313113,0.000838341,1787510700,0.000320768,5.29662e-05,0.000396522,1,0.000377213,7.5016e-05,0.000428891,1,0.00035003,3.14218e-05,0.000393808,1,0.000365569,6.73057e-05,0.000430088,1
1787510940,6.13235e-05,0,0.000138994,-7.76818e-05,0.000769017,0.473606,5.364e-05,5.10082e-05,0.0285719,-0.000808402,-0.000527634,-0.000292573,-0.000114826,-3.24359e-05,9.35301e-05,0.00025924,0.000584217,0.000785872,6.50763e-05,6.04657e-05,5.54453e-05,5.6419e-05,6.40601e-05,5.38663e-05,5.74081e-05,4.74979e-05,-0.000336945,0.000391275,2.60279e-05,0.00034633,9.4341e-07,0.00037074,0.510796,-0.00074228,-0.00027825,0.000293723,0.000783957,1787510700,-0.000335829,0.000381598,6.46465e-05,1,0.000348834,4.66918e-05,0.000395058,1,-0.000341894,0.000393166,5.50297e-05,1,0.000345974,8.83896e-05,0.000404432,1
1787511000,-0.000400715,8.17618e-06,0.000351515,-0.000400715,0.000761338,0.477676,0.000117527,0.000110083,0.0268207,-0.000780412,-0.000508458,-0.000280774,-0.000108984,-2.43891e-05,8.79084e-05,0.000236507,0.000555582,0.000748251,0.000118203,0.000117255,0.000116047,0.000115185,0.000116696,0.000113611,0.000120207,0.000122549,-0.000318338,0.000332777,3.66811e-05,0.000306864,0,0.000320479,0.508785,-0.000669304,-0.000243274,0.000244636,0.000685758,1787511000,-0.000349117,0.000367653,2.98316e-05,1,-0.000348671,0.000394944,5.77936e-05,1,0.000332658,2.87533e-05,0.00036525,1,0.000341736,9.55129e-05,0.000441306,1
1787511060,0.000351656,-1.63591e-05,0.000368009,-5.72581e-05,0.000755814,0.474572,0.000102023,0.000108136,0.0274224,-0.000830255,-0.000541491,-0.000304572,-0.000125568,-2.97855e-05,9.03724e-05,0.000253126,0.000610056,0.000804489,0.000104634,0.000102457,0.000100519,0.000100922,0.000102468,0.000100048,0.000106612,0.000103702,-0.000344867,0.000330936,2.45634e-05,-0.000397738,0.000347454,5.07598e-06,0.498531,-0.000851591,-0.000344986,0.000320409,0.000879414,1787511000,0.000315787,3.2571e-05,0.000325602,1,0.00034737,3.16384e-05,0.000368828,1,-0.000332912,0.000356726,2.36339e-05,1,-0.000329765,0.000410713,8.75686e-05,1
1787511120,0.000347446,0,0.000371967,-0.000179902,0.000749868,0.477535,9.93888e-05,0.000104271,0.0262047,-0.000765758,-0.000491739,-0.000274091,-0.000106995,-2.45961e-05,8.78919e-05,0.000240161,0.000546912,0.000738231,0.000103797,0.000101237,9.93362e-05,9.93303e-05,0.000100183,9.88797e-05,0.000100516,9.9361e-05,-0.000314551,0.000327636,1.31027e-05,0.000335381,0,0.000355073,0.508986,-0.000721513,-0.000269918,0.00028184,0.000758237,1787511000,-0.000356525,0.000405932,5.59484e-05,1,0.000315388,3.64505e-05,0.000342286,1,-0.000323848,0.000340429,0,1,0.000336377,5.95519e-05,0.000404893,1
1787511180,-0.000212541,2.86078e-05,0.00015529,-0.000425127,0.000743956,0.48277,7.64098e-05,6.83007e-05,0.0245193,-0.000795591,-0.000520643,-0.000289274,-0.000107062,-2.11375e-05,0.000104516,0.00027089,0.000578352,0.000783484,8.27064e-05,7.726e-05,7.43278e-05,7.51717e-05,8.07202e-05,7.25541e-05,8.59683e-05,7.75386e-05,-0.00033892,0.000421189,6.09574e-05,0.00035833,5.99657e-05,0.000421246,0.513617,-0.000786488,-0.000293994,0.000313799,0.000856474,1787511000,-0.000346387,0.000356496,1.69495e-05,1,-0.000373483,0.000410375,7.71775e-05,1,-0.000311764,0.000325161,2.63017e-06,1,-0.000330053,0.000382858,4.8667e-05,1
1787511240,0.000212541,5.72269e-05,0.000216628,8.17548e-06,0.000737092,0.480564,7.28796e-05,7.14627e-05,0.0228996,-0.000795726,-0.000518252,-0.000287848,-0.000113269,-2.28602e-05,9.77042e-05,0.000260773,0.000587509,0.000774406,8.11572e-05,7.59507e-05,7.13594e-05,7.50594e-05,7.64188e-05,7.23249e-05,7.58871e-05,6.84769e-05,-0.000334103,0.000343771,3.80619e-05,0.000361554,0,0.000388083,0.501317,-0.000785298,-0.000309026,0.000297141,0.000833362,1787511000,-0.000358783,0.000410987,4.0066e-05,1,0.00034758,1.17601e-05,0.000359824,1,0.000357433,3.62147e-05,0.000391163,1,-0.000322821,0.000364804,5.48582e-05,1
1787511300,0.000690446,-1.63477e-05,0.00069453,-6.94795e-05,0.000730303,0.481491,0.000204497,0.000215127,0.0215237,-0.000732031,-0.000472261,-0.000257461,-9.92563e-05,-2.11049e-05,9.58412e-05,0.00023407,0.000535569,0.000724049,0.000195614,0.000196263,0.000204913,0.000205083,0.000191074,0.000204075,0.00019866,0.000205965,-0.000299294,0.00030762,1.19327e-05,0.000275054,0,0.000288433,0.509064,-0.000583035,-0.000206353,0.000217704,0.000608272,1787511300,-0.000339213,0.000398889,5.20583e-05,1,0.000362573,3.77771e-05,0.000378468,1,-0.0003232,0.000322159,0,1,0.000366038,6.69283e-05,0.000445014,1
1787511360,-0.000657751,1.63361e-05,1.63361e-05,-0.000882548,0.000729527,0.485795,0.000190946,0.000199765,0.0254452,-0.000791652,-0.000524767,-0.000282243,-0.000105927,-1.75141e-05,0.000108701,0.000267818,0.00060274,0.000835091,0.000189977,0.000188488,0.000189921,0.00019097,0.000192299,0.000188832,0.000192712,0.000198639,-0.000332722,0.000401199,4.22987e-05,0.000383758,4.16282e-05,0.000454805,0.50691,-0.000816577,-0.000324713,0.000327189,0.000903367,1787511300,-0.000302973,0.000306013,0,1,-0.00036384,0.000402893,4.56338e-05,1,-0.000337129,0.000337309,1.09118e-05,1,-0.000325534,0.000365441,3.99884e-05,1
1787511420,0.000102164,6.53859e-05,0.000232918,-6.53902e-05,0.000728161,0.484268,5.98077e-05,5.73077e-05,0.0281891,-0.000850358,-0.000576186,-0.000314619,-0.000131737,-1.96147e-05,0.00010798,0.000290668,0.000648787,0.000853126,6.72803e-05,5.90886e-05,6.16715e-05,6.26369e-05,6.29543e-05,5.91131e-05,6.41813e-05,5.78072e-05,-0.000367827,0.000387593,2.21675e-05,0.000419945,0,0.000428636,0.503139,-0.000890541,-0.000355747,0.000349457,0.000957343,1787511300,-0.00038485,0.000429249,3.34828e-05,1,0.000311091,0,0.000311064,1,-0.00034751,0.000372027,2.70398e-05,1,-0.000337155,0.000393109,5.3345e-05,1
1787511480,0.000592343,4.08633e-06,0.000661767,0,0.000720987,0.483338,0.000167581,0.000175278,0.0242223,-0.000760503,-0.000500265,-0.000272652,-0.000105311,-1.81853e-05,9.38418e-05,0.000247594,0.000554721,0.000762343,0.000168335,0.000168862,0.000167274,0.000167235,0.000163154,0.000167194,0.000172625,0.000170968,-0.000316577,0.000292437,8.91641e-06,0.000341189,0,0.00033196,0.501632,-0.00073684,-0.000284121,0.0002779,0.000784412,1787511300,-0.000375784,0.000452708,4.90659e-05,1,-0.000377044,0.000422402,1.43129e-05,1,-0.000296324,0.000286369,0,1,-0.000348548,0.000413804,7.7877e-05,1
1787511540,-8.16787e-06,-8.16787e-06,0.000379732,-0.000224641,0.00071864,0.484652,5.12026e-05,4.7218e-05,0.0262381,-0.000813038,-0.000547239,-0.00029101,-0.000107303,-1.74364e-05,9.90451e-05,0.000259064,0.00061487,0.000868139,6.17535e-05,5.30628e-05,5.60594e-05,5.17939e-05,5.91277e-05,5.27173e-05,5.22418e-05,4.79738e-05,-0.000336158,0.000332745,0,-0.000391137,0.000359422,1.79349e-05,0.499755,-0.00082499,-0.000335104,0.000320709,0.000889272,1787511300,0.000348797,3.14783e-05,0.000355519,1,0.000408889,3.75649e-05,0.000427574,1,-0.000350789,0.000356539,1.25591e-06,1,-0.000297145,0.000318302,3.36575e-05,1
1787511600,0.000265422,-4.49245e-05,0.00032258,-0.000322684,0.000711418,0.490939,9.29685e-05,9.02019e-05,0.0228292,-0.00100269,-0.000696318,-0.000369038,-0.000133983,-1.16504e-05,0.000118846,0.000342865,0.000758596,0.00103944,9.02538e-05,8.32297e-05,8.32369e-05,9.62416e-05,8.19245e-05,8.18108e-05,0.000106555,9.02249e-05,-0.000431502,0.000555138,0.000184748,-0.000506835,0.00057129,0.00021569,0.493346,-0.00101669,-0.000429984,0.000391821,0.00109324,1787511600,-0.000396694,0.000426334,1.03101e-05,1,-0.000352154,0.000381675,3.32461e-05,1,-0.000382418,0.000396737,6.07068e-06,1,-0.0003466,0.000415318,4.89032e-05,1
1787511660,-0.000445131,-3.67465e-05,0.000342902,-0.00085777,0.000705268,0.494983,0.000132548,0.000128497,0.0214583,-0.000841292,-0.00056467,-0.000291395,-0.000104773,-6.23591e-06,0.000108292,0.000291797,0.000675746,0.000916015,0.000131026,0.000129182,0.000128553,0.000128079,0.000133456,0.000126034,0.000134119,0.00014318,-0.000349962,0.000358211,3.88396e-06,0.000381212,0,0.000399008,0.502125,-0.000793844,-0.000319585,0.000318427,0.000898183,1787511600,-0.000465501,0.000549129,3.28609e-05,1,0.000374618,4.5339e-05,0.00038891,1,0.000327406,3.08784e-05,0.000340305,1,-0.000359305,0.000448333,6.84173e-05,1
1787511720,-0.000343172,0,0.000514538,-0.000486196,0.000701012,0.49464,0.000105771,9.90799e-05,0.0219976,-0.000946982,-0.000665073,-0.000344251,-0.000128352,-7.17999e-06,0.000124246,0.000334449,0.000745429,0.000995772,0.000104325,0.000100824,0.000100284,0.000109334,0.000102616,9.77888e-05,0.000111093,0.000111507,-0.00040905,0.000468082,7.48504e-06,0.000435806,3.45868e-05,0.000453553,0.507583,-0.000900926,-0.000359162,0.000369638,0.00101689,1787511600,-0.000368,0.000435088,3.15655e-05,1,0.000473853,0.000129177,0.000478241,1,-0.000360457,0.000366747,0,1,-0.000352757,0.000389683,4.66712e-05,1
1787511780,-5.31205e-05,4.08608e-06,0.000416694,-7.35522e-05,0.000695661,0.490472,6.30265e-05,5.784e-05,0.0215018,-0.0009278,-0.000639182,-0.000338608,-0.000132561,-1.2453e-05,0.000120242,0.000329263,0.00073285,0.000970874,6.40241e-05,5.32397e-05,5.44354e-05,7.18025e-05,5.83393e-05,5.32631e-05,6.51647e-05,5.37192e-05,-0.000402539,0.000444335,0,0.000419981,0,0.000408807,0.504372,-0.000873483,-0.000348977,0.00035339,0.000973594,1787511600,-0.000386774,0.000499209,8.80457e-05,1,-0.000382912,0.000439039,1.18448e-05,1,-0.000451706,0.000436566,0.000100178,1,0.00035472,9.17969e-05,0.000385678,1
1787511840,1.22588e-05,4.49483e-05,0.000939408,-1.63453e-05,0.00068871,0.486478,5.41346e-05,5.07446e-05,0.0195051,-0.000848585,-0.000569422,-0.000301263,-0.000114362,-1.60907e-05,0.000105659,0.000285635,0.000648585,0.000871282,6.25515e-05,5.01645e-05,5.00949e-05,6.13362e-05,5.40547e-05,5.04655e-05,5.37897e-05,4.44579e-05,-0.000355141,0.000374786,0,0.000341936,0,0.000333591,0.504091,-0.000744561,-0.000290718,0.00028444,0.000802448,1787511600,-0.000385034,0.000462495,6.65885e-05,1,-0.000409203,0.000475245,6.5103e-05,1,-0.000347204,0.000394239,1.09767e-05,1,0.000471366,0.000108833,0.000497206,1
1787511900,-1.22588e-05,4.08624e-06,0.000306422,-0.000281991,0.000681791,0.489894,6.03769e-05,5.46361e-05,0.0180544,-0.00093,-0.000635138,-0.000337696,-0.000123077,-1.27489e-05,0.000115432,0.000321351,0.000728095,0.000969824,6.16535e-05,4.94128e-05,4.82519e-05,7.15121e-05,5.41658e-05,5.02325e-05,6.055e-05,4.87266e-05,-0.00039846,0.000438709,0,0.000402741,0,0.00041112,0.501869,-0.000847689,-0.000344226,0.00033152,0.000930469,1787511900,-0.000334867,0.000384389,3.84375e-05,1,-0.000394841,0.000453344,7.11847e-05,1,-0.00037008,0.000420961,4.56973e-05,1,-0.000383643,0.000428966,3.23711e-05,1
1787511960,4.49483e-05,3.26899e-05,0.000236977,-9.39894e-05,0.00067494,0.492914,5.67182e-05,5.23161e-05,0.017039,-0.000863848,-0.000578376,-0.000297453,-0.00010697,-7.76101e-06,0.000100727,0.000295776,0.00067661,0.000888262,6.42266e-05,5.048e-05,4.84923e-05,6.65794e-05,5.42925e-05,5.19453e-05,5.68991e-05,4.43482e-05,-0.000356273,0.000414125,2.16914e-05,0.000348959,0,0.000346613,0.505603,-0.000743861,-0.000291616,0.000295282,0.00083182,1787511900,-0.000366113,0.000452561,6.47301e-05,1,-0.000323806,0.000381121,7.91598e-05,1,-0.000355274,0.00041517,3.7622e-05,1,-0.000411103,0.000494185,3.43458e-05,1
1787512020,-0.00026972,-4.08613e-06,0,-0.00026972,0.000668187,0.494446,8.52952e-05,7.84238e-05,0.0162597,-0.000793888,-0.000524379,-0.000269488,-9.26395e-05,-4.96703e-06,8.50993e-05,0.000258837,0.000606781,0.000802756,9.19663e-05,8.131e-05,7.97495e-05,8.74176e-05,8.42159e-05,8.15111e-05,8.43908e-05,9.24407e-05,-0.000319079,0.000356352,2.41187e-05,0.000277401,0,0.000286815,0.506768,-0.000601927,-0.00022562,0.000228859,0.000666568,1787511900,-0.000332918,0.000407162,4.56396e-05,1,-0.000357469,0.000442126,0.000100969,1,-0.000313585,0.000362443,2.70774e-05,1,0.000412568,5.87493e-05,0.000430764,1
1787512080,-0.000114449,8.17441e-06,6.94803e-05,-0.000232999,0.00066257,0.485515,5.6671e-05,4.93386e-05,0.0165285,-0.000743749,-0.000492481,-0.000257677,-9.35087e-05,-1.25882e-05,7.67336e-05,0.000232944,0.000569549,0.000760685,6.71756e-05,5.48379e-05,5.37496e-05,5.73802e-05,5.7452e-05,5.59286e-05,5.94936e-05,5.55944e-05,-0.000299482,0.000327947,1.61395e-05,0.000224928,0,0.000231842,0.509453,-0.000479585,-0.000166959,0.000176924,0.000521308,1787511900,-0.000284604,0.000332703,3.49666e-05,1,-0.000344867,0.000411836,4.6913e-05,1,-0.000337216,0.000416224,4.95264e-05,1,0.000381675,3.77895e-05,0.000387002,1
1787512140,-0.000404763,0,1.2263e-05,-0.000437478,0.000656111,0.483542,0.000119757,0.000113831,0.0159002,-0.000738774,-0.000486316,-0.000253553,-9.70053e-05,-1.42298e-05,7.48559e-05,0.00023236,0.000567597,0.000753746,0.000119633,0.000117039,0.00011623,0.000116111,0.000114473,0.00011466,0.000121513,0.000128024,-0.000296168,0.000320009,2.44862e-05,0.000249884,0,0.000245688,0.509197,-0.000534282,-0.00019166,0.00020765,0.000596202,1787511900,-0.000244198,0.00025032,1.58542e-05,1,-0.000295897,0.000335427,5.16865e-05,1,0.000323757,6.26993e-05,0.000349209,1,0.000417465,6.32898e-05,0.000432861,1
1787512200,-0.000139047,-4.08935e-06,7.76945e-05,-0.000196308,0.000652034,0.479508,5.97004e-05,5.13327e-05,0.0173856,-0.000719843,-0.000472753,-0.000258233,-0.000100541,-1.67178e-05,6.74738e-05,0.00022748,0.000543721,0.000720984,6.99008e-05,5.80383e-05,5.81368e-05,5.98649e-05,5.90332e-05,6.01262e-05,6.36366e-05,5.83447e-05,-0.000297601,0.000319349,1.74271e-05,0.000282404,0,0.000253072,0.506568,-0.000621918,-0.000229102,0.000242353,0.000669705,1787512200,-0.00026657,0.000287579,2.94539e-05,1,-0.000267593,0.000275103,5.40714e-06,1,-0.000288977,0.00032335,2.19042e-05,1,-0.000381393,0.000430616,2.28894e-05,1
1787512260,-0.00134649,-8.17986e-06,0,-0.00155947,0.00064578,0.475641,0.000528418,0.000542718,0.0162498,-0.000708788,-0.000456179,-0.000249442,-0.000101885,-1.94263e-05,6.29062e-05,0.000216006,0.000528148,0.000702535,0.000483284,0.000529533,0.000535413,0.000528641,0.000518514,0.00052126,0.000510897,0.000535464,-0.000286452,0.000320914,3.15028e-05,0.000263627,0,0.000230443,0.508452,-0.00059018,-0.000207068,0.000227152,0.000626112,1787512200,-0.000296976,0.000299988,1.0342e-05,0,-0.000288241,0.000301171,2.47596e-05,0,-0.000273198,0.00025811,0,0,-0.00034313,0.000364755,1.61913e-05,0
1787512320,0.00011057,-8.19088e-06,0.000188372,-0.000290817,0.000667047,0.486054,6.95743e-05,6.60241e-05,0.0995466,-0.00102104,-0.000691203,-0.000376401,-0.000144917,-1.78596e-05,0.000112871,0.000335905,0.000762236,0.00104828,6.79048e-05,5.55079e-05,7.20745e-05,7.07577e-05,6.58325e-05,8.74858e-05,6.89742e-05,6.00986e-05,-0.000434581,0.000509867,0,0.000489856,5.77658e-05,0.000349799,0.515857,-0.000984456,-0.000369633,0.000420091,0.00105869,1787512200,0.000299865,0,0.000288492,0,0.000316905,2.58461e-06,0.000312254,0,-0.000283477,0.000286863,0,0,-0.000283728,0.000278811,1.00423e-05,0
1787512380,0.000458532,0,0.000458532,-0.000344037,0.000660528,0.483929,0.000129294,0.000136222,0.0623586,-0.000872887,-0.000594424,-0.000307739,-0.000122164,-1.69112e-05,9.09562e-05,0.000287007,0.000668056,0.000907007,0.000131795,0.0001318,0.00013122,0.000130945,0.000137656,0.000134449,0.000120272,0.000126392,-0.000361139,0.000405757,0,0.000387125,0,0.000285592,0.509142,-0.000828693,-0.000301572,0.000345391,0.000895653,1787512200,0.000448144,2.22953e-05,0.00046355,1,-0.000309068,0.0002963,0,1,-0.000310208,0.000294791,0,1,-0.000314339,0.000324657,1.07129e-05,0
1787512440,0.000106415,-2.45589e-05,0.000175988,-0.000102333,0.000657097,0.488988,6.32583e-05,5.96157e-05,0.0511878,-0.000909938,-0.000621228,-0.000320016,-0.000125137,-1.23713e-05,0.000102533,0.000303016,0.000707696,0.000961019,6.76739e-05,5.40684e-05,6.68814e-05,6.76901e-05,6.10756e-05,6.96364e-05,6.30727e-05,5.31076e-05,-0.000377388,0.000430507,0,0.000437312,0,0.00034329,0.501192,-0.000890686,-0.000352375,0.000365444,0.0009629,1787512200,0.000426064,0,0.000388215,1,0.000489471,0,0.000452109,1,-0.000299291,0.000277261,0,1,0.000322478,8.43755e-06,0.000317827,1
1787512500,4.09265e-06,4.09257e-05,4.91107e-05,-0.000974527,0.000650667,0.491504,5.62117e-05,5.15911e-05,0.0369463,-0.000890832,-0.000629062,-0.000325987,-0.000118941,-8.97783e-06,9.95888e-05,0.000285519,0.000651222,0.000898521,6.19852e-05,4.74532e-05,5.79858e-05,5.97656e-05,5.42561e-05,5.65403e-05,6.47932e-05,4.95222e-05,-0.00037363,0.00042503,4.66271e-05,0.000368188,0,0.000356975,0.506477,-0.000802091,-0.000306073,0.000310973,0.000830878,1787512500,0.000454902,0,0.000415677,1,0.000420176,0,0.00037124,1,0.000421448,0,0.000374408,1,0.000334332,0,0.000316425,1
1787512560,7.77572e-05,-4.09265e-06,0.000188244,-0.000159626,0.000644128,0.494811,6.32903e-05,5.85524e-05,0.0283528,-0.000937478,-0.000637192,-0.00033296,-0.000121986,-5.19868e-06,0.000102973,0.000314281,0.000731796,0.000998541,6.5991e-05,5.07349e-05,5.90295e-05,7.44994e-05,5.74966e-05,5.68402e-05,6.33824e-05,4.9948e-05,-0.000392028,0.000452172,1.37589e-05,0.000474742,0,0.000388006,0.500093,-0.000931711,-0.000371383,0.000388027,0.00104092,1787512500,0.000443759,0,0.000344991,1,0.000430517,1.1939e-05,0.000377264,1,0.000366167,0,0.000321572,1,0.000436752,3.02643e-05,0.000400479,1
1787512620,0.000225052,-4.09233e-06,0.000290513,-0.000114592,0.000637749,0.493883,7.53783e-05,7.35785e-05,0.0232157,-0.000798569,-0.000539735,-0.000280612,-0.000102419,-4.05714e-06,7.70981e-05,0.000251795,0.000598169,0.000821399,8.37979e-05,7.19804e-05,7.63205e-05,7.85521e-05,7.82185e-05,7.52069e-05,7.73689e-05,6.98656e-05,-0.000324987,0.000377041,1.46145e-05,0.000290145,0,0.00026454,0.502418,-0.000642136,-0.000235256,0.000248454,0.000692848,1787512500,0.000450627,4.5178e-05,0.00044303,1,0.000412755,0,0.000342386,1,0.000407563,0,0.000343228,1,0.000421613,0,0.000378051,1
1787512680,0.000175915,-4.09141e-06,0.000184096,-0.000118658,0.000632141,0.496885,6.7021e-05,6.45908e-05,0.0207352,-0.000787695,-0.000530836,-0.000277517,-9.88306e-05,-1.60359e-06,8.02504e-05,0.000251398,0.000595726,0.000819826,7.54784e-05,6.33365e-05,6.69339e-05,7.00754e-05,6.91032e-05,6.65148e-05,6.98337e-05,6.18769e-05,-0.000322312,0.000381343,1.10273e-05,0.000291554,0,0.000269803,0.501458,-0.000638885,-0.000238248,0.000249235,0.000693231,1787512500,0.000329227,0,0.000325752,1,0.000482256,7.84124e-06,0.00042872,1,0.000357683,0,0.000309841,1,0.000429265,2.75545e-05,0.000395843,1
1787512740,-0.000188189,8.18133e-06,0.000102262,-0.000188189,0.000626282,0.500487,6.98272e-05,6.29521e-05,0.0187334,-0.000751667,-0.000506061,-0.000257867,-9.11099e-05,1.51666e-06,7.89611e-05,0.000233863,0.000566766,0.000776185,7.81202e-05,6.54457e-05,6.94753e-05,6.92086e-05,6.70415e-05,6.82591e-05,7.49383e-05,7.00298e-05,0.000299827,7.28551e-05,0.000330308,0.0002438,1.26971e-05,0.000242896,0.507706,-0.000536294,-0.000185572,0.000208109,0.00058571,1787512500,0.000332629,0,0.000322016,1,-0.000340146,0.00031136,8.97667e-06,1,0.000418951,8.92419e-06,0.000401573,1,0.000355641,0,0.000337117,1
1787512800,0.000229095,6.95523e-05,0.000298631,-8.18294e-06,0.000620558,0.494028,7.31092e-05,7.25881e-05,0.0170466,-0.000737762,-0.000490969,-0.000253624,-9.45764e-05,-3.36772e-06,7.00774e-05,0.000210204,0.000542682,0.000741622,8.43119e-05,7.12078e-05,7.35951e-05,7.43745e-05,7.73082e-05,7.49519e-05,7.90185e-05,6.98154e-05,-0.000287489,0.000323275,3.04916e-05,-0.000243402,0.000225122,0,0.49794,-0.00054116,-0.000199711,0.000194289,0.000563789,1787512800,-0.000282777,0.000283804,0,1,-0.000338921,0.000312585,0,1,0.000325049,0,0.000315234,1,0.000419279,4.64247e-05,0.000455632,1
1787512860,5.72656e-05,0,0.000130888,-0.000118632,0.000615175,0.498773,4.64107e-05,4.10313e-05,0.0164478,-0.000690194,-0.000447755,-0.000233013,-8.49442e-05,8.30012e-08,7.22052e-05,0.000211726,0.000516107,0.000714998,6.46279e-05,4.63866e-05,4.99697e-05,4.78287e-05,5.34567e-05,5.28246e-05,4.95691e-05,3.9769e-05,-0.000271256,0.000318756,3.66388e-05,0.000257626,0,0.000237471,0.501033,-0.000560682,-0.000206413,0.000214624,0.000604868,1787512800,-0.000271307,0.000257741,0,1,-0.00030198,0.000279501,0,1,0.000323128,0,0.000299606,1,0.00033415,5.53273e-06,0.0003452,1
1787512920,-0.000548248,-4.09029e-06,0,-0.000609638,0.000609046,0.501123,0.000160571,0.000168969,0.0153492,-0.000662735,-0.000424051,-0.000212522,-7.91781e-05,2.58751e-06,6.29528e-05,0.000194733,0.000489861,0.000662392,0.000159691,0.00015959,0.000156533,0.000157714,0.000151734,0.000154518,0.000156181,0.00017238,0.000248383,3.61578e-05,0.000308742,0.000251244,0,0.000233244,0.503118,-0.000556482,-0.00020059,0.000210159,0.000597499,1787512800,0.000293625,0,0.000285528,1,-0.000287254,0.000266438,9.40486e-06,1,-0.00028963,0.000253233,0,1,0.000322719,1.45471e-05,0.000329343,1
1787512980,0.000388714,-8.18508e-06,0.000396896,-4.09261e-05,0.00060789,0.499588,0.000110748,0.000115064,0.0175638,-0.000689178,-0.000451358,-0.000237775,-8.86756e-05,2.05688e-06,6.34056e-05,0.000211883,0.000519965,0.000705405,0.000111944,0.000111621,0.000110687,0.000110641,0.000114475,0.00011043,0.000111194,0.000110815,-0.000275197,0.000308559,3.35851e-05,0.000312979,0,0.00025685,0.500878,-0.000673264,-0.000258639,0.000267288,0.000722284,1787512800,0.000281725,6.26596e-06,0.000276627,1,-0.000300894,0.000280062,2.82257e-06,1,0.000289564,0,0.000266952,1,-0.000286991,0.000295939,1.37587e-05,1
1787513040,-0.000351882,8.18183e-06,1.22727e-05,-0.000351882,0.000604286,0.502581,0.000104143,0.000100094,0.0179515,-0.000668281,-0.000439632,-0.000230161,-8.15347e-05,3.76599e-06,6.49983e-05,0.000211926,0.000501894,0.000685097,0.000105725,0.000102272,0.000102323,0.000101077,9.66633e-05,0.000100193,0.000105347,0.000110387,0.000268778,4.79475e-05,0.000288132,0.000292936,2.50492e-06,0.000257714,0.504901,-0.000628417,-0.000235392,0.000255427,0.00068694,1787512800,0.000315751,0,0.000314167,1,-0.000289836,0.000279172,5.25698e-06,1,0.00028907,0,0.000271989,1,0.000286656,0,0.000303522,1
1787513100,-0.000241479,0,0.000110488,-0.000241479,0.000600279,0.495149,7.32369e-05,6.74312e-05,0.0173018,-0.000665678,-0.000434961,-0.000232502,-8.78801e-05,-1.06332e-06,5.84195e-05,0.00019432,0.000484713,0.000672393,8.72921e-05,7.26792e-05,7.82154e-05,7.1916e-05,7.38898e-05,7.7536e-05,7.54728e-05,7.72156e-05,-0.00026377,0.000271418,2.12908e-05,-0.000283021,0.000270346,0,0.498585,-0.0006249,-0.000237945,0.000237726,0.000653428,1787513100,0.000328702,0,0.000301812,1,0.000343679,0,0.000327715,1,0.000284573,0,0.000272765,1,0.000293966,1.08734e-05,0.000304074,1
1787513160,0.000184184,6.95847e-05,0.000274218,-4.09337e-06,0.000595226,0.492704,6.29875e-05,6.10894e-05,0.016147,-0.000668582,-0.000440264,-0.000238822,-8.8684e-05,-2.94576e-06,5.75921e-05,0.00020352,0.000489451,0.000683015,7.66338e-05,6.21271e-05,6.62484e-05,6.28061e-05,6.98397e-05,6.77115e-05,6.48269e-05,5.97652e-05,-0.000272001,0.000307107,2.32235e-05,0.000283369,1.00538e-05,0.000237667,0.502864,-0.000632442,-0.000233926,0.000244691,0.000668571,1787513100,0.000303865,0,0.000275231,1,0.000324438,0,0.000294619,1,0.000323215,0,0.000290945,1,0.000287985,1.89281e-05,0.000303093,1
1787513220,-0.000523991,-3.68341e-05,0,-0.000962226,0.000589819,0.497952,0.000152191,0.000157229,0.015268,-0.000658192,-0.000431229,-0.00022909,-8.4063e-05,4.30243e-08,6.51919e-05,0.000201199,0.000484075,0.000674681,0.000152682,0.000151995,0.000149903,0.000149166,0.000142891,0.00014783,0.000152118,0.00016141,-0.000263564,0.000303787,2.64623e-05,0.000280504,0,0.000229692,0.502607,-0.000610561,-0.000227295,0.000240434,0.000656336,1787513100,0.0003042,0,0.000275243,1,0.000308976,0,0.000280137,1,0.000295398,0,0.000257799,1,0.000303028,2.42473e-05,0.000321853,1
1787513280,-6.14232e-05,-4.09476e-06,-4.09476e-06,-0.000298962,0.000588575,0.50325,5.43552e-05,4.90842e-05,0.0177533,-0.000793886,-0.000541152,-0.000284733,-0.000104303,4.48085e-06,8.93302e-05,0.000260869,0.000599916,0.000823021,6.41728e-05,4.45906e-05,5.25136e-05,5.98662e-05,5.07005e-05,5.39404e-05,5.99928e-05,4.96391e-05,0.000331733,7.87249e-05,0.00036125,0.00037111,4.26128e-05,0.000304615,0.506241,-0.000767735,-0.000293871,0.000320619,0.000844931,1787513100,0.000315263,0,0.000283604,1,0.000312044,0,0.00029096,1,0.000310463,0,0.000255768,1,0.000295224,1.17513e-05,0.000295137,1
1787513340,0.000233388,4.095e-06,0.000446256,4.095e-06,0.000582724,0.494919,7.14103e-05,7.1488e-05,0.0156277,-0.000687442,-0.000463079,-0.000242022,-8.72348e-05,-2.85801e-06,6.87169e-05,0.000217072,0.000513484,0.000701973,8.49257e-05,6.95157e-05,7.40885e-05,7.35144e-05,7.83251e-05,7.58374e-05,6.87266e-05,6.63102e-05,-0.000280155,0.000312335,3.06807e-05,0.000279166,0,0.000220939,0.504831,-0.000604374,-0.000218227,0.000246258,0.000657172,1787513100,0.000354913,2.78019e-05,0.000378975,1,0.000303205,1.9672e-06,0.000287046,1,0.000288522,0,0.000255128,1,0.00028195,1.94048e-05,0.000293309,1
1787513400,-0.00035215,0,4.91274e-05,-0.000384915,0.000577811,0.495362,0.00010428,9.89188e-05,0.0151465,-0.00078166,-0.00055338,-0.000277828,-9.5749e-05,-2.99623e-06,7.67396e-05,0.000234751,0.000554835,0.00075849,0.000105524,0.000101992,0.000102025,0.000101867,9.40086e-05,0.0001001,0.000100665,0.000111506,-0.00031465,0.000354349,6.48909e-05,-0.000323828,0.000301576,3.33715e-07,0.49889,-0.000692022,-0.000273695,0.000267189,0.000711336,1787513400,0.000302735,0,0.000292228,1,0.00037974,0,0.000368264,1,0.000286902,0,0.000254384,1,0.000292737,0,0.000302837,1
1787513460,-0.000466995,1.22864e-05,9.41918e-05,-0.00056124,0.000574168,0.493877,0.000135224,0.000129409,0.0153678,-0.000688438,-0.000463232,-0.000256364,-9.36717e-05,-2.8974e-06,6.45289e-05,0.000210785,0.000494414,0.000693219,0.000136468,0.000133795,0.000133832,0.000133155,0.000124709,0.000132035,0.000135736,0.000139939,-0.0002877,0.000299601,1.04964e-05,-0.000284548,0.000260793,0,0.496294,-0.000619478,-0.000238735,0.000237776,0.00064379,1787513400,0.000367508,0,0.000350575,1,0.000319953,0,0.000291543,1,0.000339529,0,0.000327543,1,0.000295645,1.62678e-05,0.000301661,0
1787513520,-9.42447e-05,0.000106527,0.000245814,-9.42447e-05,0.000572221,0.494305,5.3476e-05,4.66352e-05,0.0169421,-0.000738963,-0.000501654,-0.000271815,-9.89986e-05,-3.26047e-06,7.16965e-05,0.000238171,0.000541999,0.000742739,6.59372e-05,4.62649e-05,5.37224e-05,5.58276e-05,5.12681e-05,5.56356e-05,5.79683e-05,5.19812e-05,-0.00031154,0.000338837,0,0.000322774,4.9332e-06,0.000257265,0.503236,-0.000688059,-0.000260997,0.000278355,0.000727695,1787513400,0.000294983,0,0.000283407,1,0.000327809,0,0.000341928,1,0.000290951,0,0.000269417,1,0.000328082,5.81311e-05,0.000356897,1
1787513580,0.000335962,-4.0978e-06,0.000589908,-0.00118907,0.000566627,0.483567,9.53992e-05,0.00010128,0.0150263,-0.000671563,-0.000445304,-0.000238794,-8.63738e-05,-1.08101e-05,5.73876e-05,0.000202073,0.000472952,0.000650798,0.000102236,9.70329e-05,9.62794e-05,9.60742e-05,0.000103725,9.56221e-05,9.63479e-05,9.36029e-05,-0.000270686,0.000288793,7.55335e-06,0.000266419,0,0.000221718,0.502764,-0.000595175,-0.000218634,0.000229929,0.000611162,1787513400,0.00031584,0,0.000318436,1,0.000307696,0,0.000297249,1,0.000293825,4.75173e-06,0.000296323,1,0.000292524,7.80204e-06,0.000318266,1
1787513640,0.000606085,-4.91582e-05,0.000696148,-0.000274497,0.00056294,0.496056,0.000168377,0.000173331,0.0155385,-0.000937742,-0.000655098,-0.000340034,-0.000122992,-4.25192e-06,0.000109497,0.000354742,0.000762938,0.00102988,0.000173148,0.000182733,0.000173354,0.000173052,0.000184529,0.000171007,0.000161366,0.000161533,-0.000417965,0.000474182,1.61227e-06,0.00042393,7.01567e-05,0.000410841,0.501947,-0.000817568,-0.000330736,0.000344901,0.000916009,1787513400,0.000287316,0,0.000280197,0,0.000334764,0,0.000325247,1,0.000297746,0,0.000266258,1,0.000299889,4.25815e-05,0.000303211,1
1787513700,-8.59763e-05,-1.22819e-05,-1.22819e-05,-0.000405381,0.000563836,0.496183,5.88455e-05,5.3677e-05,0.0216465,-0.000853624,-0.000597005,-0.000314974,-0.000112575,-2.90986e-06,9.10994e-05,0.000288593,0.000640989,0.000854356,6.54696e-05,4.45298e-05,5.54171e-05,6.90032e-05,5.15325e-05,5.59721e-05,5.85004e-05,5.18839e-05,-0.000366419,0.000412984,3.59504e-06,-0.000365769,0.000374008,0,0.494415,-0.000733246,-0.000305293,0.000295976,0.000808684,1787513700,0.00036841,5.7333e-05,0.000438975,1,0.000281875,0,0.000293297,1,0.000299861,0,0.00028193,1,0.000280623,1.01665e-05,0.000306181,1
1787513760,0.0004339,0,0.000470732,-0.00016788,0.000558301,0.493762,0.000122678,0.000126977,0.0174974,-0.000787384,-0.000535974,-0.000278881,-9.6026e-05,-4.91064e-06,7.96185e-05,0.000257083,0.000571473,0.00075845,0.000125276,0.000124047,0.000123418,0.00012393,0.000127713,0.000122914,0.000118957,0.000121495,-0.000325038,0.000353102,2.17872e-05,-0.000298825,0.0002917,0,0.498523,-0.000642256,-0.000248764,0.000250786,0.000696019,1787513700,0.000347573,1.37855e-05,0.000355331,1,0.00037297,4.87498e-05,0.000399056,1,0.000271047,0,0.000253493,0,0.000295695,9.11411e-06,0.000320878,1
1787513820,1.22774e-05,5.32012e-05,0.000200513,-8.59463e-05,0.000556086,0.49398,5.0487e-05,4.61371e-05,0.0194074,-0.000798158,-0.000554651,-0.000288508,-9.85567e-05,-5.27684e-06,8.57548e-05,0.000268241,0.000584484,0.000794477,6.23062e-05,3.94998e-05,5.02629e-05,5.95928e-05,4.88413e-05,5.11323e-05,4.75248e-05,3.8301e-05,-0.000337083,0.000354132,0,-0.000317656,0.000289529,0,0.489909,-0.000654467,-0.000269385,0.000257622,0.000715681,1787513700,0.000292877,3.20251e-05,0.000294621,1,0.000340087,2.97375e-05,0.000334318,1,0.000327846,2.11591e-05,0.000367961,1,0.00027657,0,0.00029119,0
1787513880,0.000245517,-7.77597e-05,0.000245517,-0.000237391,0.0005505,0.496789,7.64329e-05,7.45369e-05,0.0164844,-0.00076256,-0.000521131,-0.000271842,-8.7049e-05,-1.95339e-06,7.48099e-05,0.000242983,0.000538408,0.000726477,8.69602e-05,7.16135e-05,7.64306e-05,8.10424e-05,7.78891e-05,7.78233e-05,7.69447e-05,7.01155e-05,-0.000312884,0.000319174,1.25281e-05,-0.000275544,0.00025273,0,0.492578,-0.000605788,-0.000238312,0.000223119,0.000639775,1787513700,0.00031898,0,0.00032798,1,0.000312656,4.38736e-06,0.000300112,1,0.000311781,4.86581e-06,0.000309603,1,0.000336714,8.04458e-05,0.000397391,1
1787513940,0.00027818,0,0.000306812,-0.000351927,0.000546072,0.500763,7.95122e-05,8.19513e-05,0.016091,-0.00070979,-0.000485658,-0.00024717,-7.74605e-05,6.95849e-07,7.71081e-05,0.000232704,0.000515906,0.000696592,9.23577e-05,8.05675e-05,8.13178e-05,8.29343e-05,8.26893e-05,8.31979e-05,8.06907e-05,7.7976e-05,0.0002901,1.97754e-05,0.000313359,-0.000287183,0.000288595,5.17881e-06,0.49702,-0.000609057,-0.000239465,0.00024055,0.000666449,1787513700,0.00028437,1.49078e-05,0.000285568,1,0.000319816,0,0.000328492,1,0.000287009,0,0.00028956,1,0.000308052,4.39298e-05,0.000359598,1
1787514000,0.000821815,-4.09032e-06,0.000932157,-8.18066e-06,0.000542013,0.504073,0.000257641,0.000275166,0.0161609,-0.000732382,-0.000502247,-0.000256803,-8.19148e-05,3.72966e-06,8.2057e-05,0.000243704,0.000534727,0.000726691,0.000236345,0.000286122,0.000257933,0.000250432,0.000273634,0.000258517,0.000263804,0.000275166,0.000302263,1.40054e-05,0.000339056,-0.000301128,0.000295361,1.53487e-05,0.495688,-0.000626934,-0.000252989,0.000249743,0.000696952,1787514000,0.000295079,8.11604e-06,0.000305023,0,-0.000276588,0.000282441,3.22333e-05,0,0.000290248,0,0.000297513,0,-0.000277965,0.00030522,5.52462e-05,0
1787514060,-0.000355628,2.86083e-05,0.000138947,-0.000699113,0.000549008,0.504,0.000104329,0.000101785,0.034179,-0.000774853,-0.000531114,-0.000278421,-9.00521e-05,4.08835e-06,8.81255e-05,0.000262986,0.000563582,0.000771722,0.000106173,0.000102855,0.000103684,0.000102778,0.000101534,0.000102044,9.83659e-05,0.000109278,0.00032697,1.04479e-05,0.000349499,-0.000351686,0.000353122,4.12297e-05,0.484526,-0.000707091,-0.00030538,0.000277156,0.000791114,1787514000,0.000290585,3.41717e-05,0.000331801,1,0.000298231,0,0.000302255,1,0.000269766,0,0.00028118,1,0.000286406,2.81505e-05,0.000333118,1
1787514120,-0.000458007,2.45301e-05,0.000118557,-0.000621631,0.000545813,0.500761,0.000132297,0.000128907,0.0270998,-0.000808444,-0.000554492,-0.000294973,-0.000104174,1.73459e-06,8.95343e-05,0.000270495,0.000588561,0.000797014,0.000134235,0.000131139,0.00013193,0.000131416,0.000128546,0.000130091,0.000131984,0.000134672,0.000342954,1.01522e-05,0.000376021,-0.00035391,0.000350263,7.54831e-07,0.49194,-0.00072175,-0.000298147,0.000282321,0.000789832,1787514000,-0.000344762,0.000364419,1.7235e-05,1,0.000297314,2.23934e-05,0.000322409,1,-0.000269197,0.000253591,6.08851e-06,1,0.000273453,2.60058e-05,0.000312365,1
1787514180,0.000952582,3.27217e-05,0.000993445,3.27217e-05,0.000544195,0.503031,0.000309533,0.00032673,0.025179,-0.000777784,-0.000535545,-0.000283858,-9.53171e-05,3.24765e-06,9.40082e-05,0.000283091,0.000582489,0.000792626,0.000287121,0.000347257,0.000299874,0.000298698,0.000335854,0.000315811,0.000305213,0.000324766,0.000340274,4.01943e-05,0.000365688,0.000333486,5.01977e-05,0.000325237,0.502123,-0.000702735,-0.000272767,0.000284008,0.000774288,1787514000,0.000310745,6.77939e-05,0.000350232,1,0.000325473,4.44662e-05,0.000341393,1,0.000275628,2.5197e-06,0.000300654,1,0.000263766,2.69828e-05,0.000306269,0
1787514240,0.000335028,1.22591e-05,0.000416725,-0.000102165,0.000555314,0.501389,9.67787e-05,9.81485e-05,0.0645502,-0.00082585,-0.000567156,-0.000309618,-0.000100635,1.60856e-06,9.9326e-05,0.000282377,0.00060605,0.000833573,0.000101677,9.66257e-05,0.000102064,9.63808e-05,9.35185e-05,0.000102429,9.99803e-05,9.57094e-05,0.000358716,8.83624e-06,0.000364542,-0.000382613,0.000370069,7.14118e-06,0.488984,-0.000756871,-0.000321869,0.000306906,0.00084808,1787514000,0.00030904,4.00351e-05,0.000343536,0,0.000329658,3.31758e-05,0.000356422,1,0.000301147,1.20648e-05,0.000312191,1,-0.000271511,0.000331299,6.11178e-05,1
1787514300,0.000739115,-4.08503e-06,0.00252543,-0.000122558,0.000551771,0.501467,0.000220341,0.000226655,0.0496367,-0.000868982,-0.000612726,-0.00033595,-0.000108776,2.08439e-06,0.000101956,0.000289065,0.000601703,0.000826474,0.00020978,0.00023455,0.000208841,0.000211131,0.000219629,0.000214399,0.000224457,0.000237826,0.000379463,0,0.00041936,-0.000377726,0.000356742,7.71869e-05,0.491599,-0.000767469,-0.000324203,0.000294104,0.000819309,1787514300,-0.000380004,0.00038317,1.979e-05,0,0.00032772,1.99162e-05,0.000345077,0,0.000302418,1.63106e-05,0.000329069,0,0.000295573,5.8751e-05,0.000356275,1
1787514360,0.000375473,0,0.000750806,0,0.000556137,0.503203,0.000120226,0.000116815,0.071964,-0.00117814,-0.000840499,-0.000451797,-0.000151679,4.92142e-06,0.000162743,0.000451992,0.000946644,0.00127985,0.000108409,0.000107655,0.000109198,0.000135944,0.000100715,0.000109673,0.000115682,0.000107141,0.00054229,2.46235e-05,0.000526657,-0.000526849,0.000637087,0.000110751,0.488188,-0.000949548,-0.000416528,0.000388114,0.00109619,1787514300,0.000392068,1.84167e-05,0.000384876,0,0.000338711,6.01512e-05,0.000352047,0,-0.000278705,0.000301063,2.09463e-05,0,0.000287958,8.04327e-05,0.000358464,0
1787514420,2.85629e-05,-5.71282e-05,5.30447e-05,-0.000416294,0.000553102,0.50198,6.20169e-05,5.75675e-05,0.0599939,-0.00095333,-0.000671782,-0.000357582,-0.000121378,2.47194e-06,0.00012452,0.000340474,0.000696406,0.000954065,6.29879e-05,4.25937e-05,6.22819e-05,7.30433e-05,5.02459e-05,5.85137e-05,5.7538e-05,4.96771e-05,0.000420909,1.65199e-05,0.000428301,-0.000382306,0.000368141,3.14553e-05,0.489648,-0.000764257,-0.00032773,0.000300508,0.000863716,1787514300,-0.000436966,0.000553802,7.07402e-05,1,0.000344854,5.76877e-05,0.000350728,1,0.000310973,1.84312e-05,0.000311556,0,0.000279875,3.85436e-05,0.000332072,0
1787514480,-4.08036e-06,0,0.00016728,-0.000195876,0.000547558,0.511177,5.50368e-05,5.14107e-05,0.040836,-0.000869806,-0.000594218,-0.000322278,-9.83231e-05,1.20964e-05,0.000111832,0.000314792,0.000646169,0.000874985,6.11659e-05,4.05961e-05,5.75279e-05,6.64812e-05,5.05743e-05,5.30342e-05,4.94362e-05,4.18145e-05,0.000383111,0,0.000397929,-0.000350061,0.000262316,0,0.491086,-0.000692472,-0.000290564,0.000281034,0.000804088,1787514300,-0.000368894,0.00042217,1.62184e-05,1,-0.000422324,0.000565517,6.77689e-05,1,-0.000308325,0.000342904,1.67354e-05,1,0.000306978,7.88816e-05,0.000356768,1
1787514540,-0.000497929,4.08036e-06,4.08036e-06,-0.000538754,0.000542055,0.507928,0.000143794,0.000142391,0.0295885,-0.000842332,-0.000576936,-0.000308797,-9.01684e-05,7.64303e-06,0.000101836,0.000300637,0.000611498,0.000834417,0.000145466,0.000143455,0.000143155,0.000143112,0.000145819,0.00014088,0.000138541,0.000147582,0.000366513,0,0.000386855,-0.000305617,0.000248282,0,0.495091,-0.000637804,-0.00025783,0.000250207,0.000722379,1787514300,0.000350168,5.08318e-05,0.000375165,1,-0.000348011,0.000411901,4.07631e-05,1,-0.000356298,0.000481654,7.67297e-05,1,0.000289809,0.000105781,0.000334972,1
1787514600,-0.000167392,-1.22473e-05,5.7152e-05,-0.000208224,0.000541208,0.505008,6.87354e-05,6.52777e-05,0.0276478,-0.000836316,-0.000563605,-0.000311931,-9.4614e-05,5.19136e-06,9.52623e-05,0.000293797,0.000613883,0.00082963,7.50333e-05,5.84909e-05,7.05946e-05,7.50266e-05,6.60357e-05,6.59684e-05,6.01965e-05,6.36307e-05,0.000365518,0,0.000362052,-0.000309144,0.000232053,0,0.489739,-0.000640476,-0.000263632,0.00024711,0.000690676,1787514600,-0.000307066,0.000355316,3.44183e-05,1,-0.000356484,0.000380912,2.59793e-05,1,-0.000321007,0.000362255,2.29186e-05,1,-0.00039864,0.000475714,0.00011066,1
1787514660,5.30787e-05,-4.08309e-06,0.000208216,-9.79988e-05,0.000536291,0.498165,4.69416e-05,4.24308e-05,0.0214022,-0.000707906,-0.000462131,-0.000261948,-8.31949e-05,-1.06518e-06,7.58298e-05,0.000231774,0.000508287,0.000706557,6.42718e-05,4.21725e-05,5.55984e-05,5.07138e-05,5.05082e-05,5.32633e-05,4.57166e-05,3.76511e-05,-0.00030012,0.000265163,3.3656e-05,0.000245324,0,0.000230835,0.500049,-0.00053427,-0.000201228,0.000202389,0.000574536,1787514600,-0.000297256,0.000308711,3.24424e-05,1,-0.000304432,0.000345296,5.54936e-05,1,-0.000324373,0.000342747,2.5259e-05,1,-0.000330036,0.000397424,6.86425e-05,1
1787514720,-0.000722929,0,0,-0.000722929,0.000530954,0.502291,0.000224661,0.00023601,0.0171537,-0.000696233,-0.000449997,-0.000247274,-7.8268e-05,2.27543e-06,7.44965e-05,0.000222431,0.000491174,0.000681761,0.000207705,0.00023902,0.000217564,0.000220679,0.000223474,0.000216608,0.000219977,0.000236484,0.000285219,0,0.000335107,0.000255774,0,0.000251299,0.501107,-0.000556773,-0.00021192,0.000211136,0.000597055,1787514600,-0.000256186,0.000261846,2.24307e-05,1,-0.00030602,0.000320547,3.01712e-05,1,-0.000283263,0.000318897,3.43681e-05,0,-0.00031719,0.000395539,7.60475e-05,0
1787514780,-7.76336e-05,0,0.000134823,-0.000200225,0.000535469,0.497894,4.90969e-05,4.48072e-05,0.0263024,-0.00072097,-0.000483039,-0.000273546,-9.24348e-05,-4.31204e-07,7.25185e-05,0.000234022,0.00051617,0.000716421,6.51816e-05,4.38836e-05,5.94516e-05,5.18075e-05,5.30352e-05,5.64303e-05,4.64373e-05,4.25767e-05,-0.000309713,0.000282519,3.13059e-05,-0.000316214,0.000298627,0,0.499852,-0.000675396,-0.000263394,0.000264031,0.000712407,1787514600,-0.000258199,0.000285947,3.58072e-05,0,-0.000256767,0.000283009,3.01317e-05,1,0.000296006,3.22471e-06,0.00029215,1,-0.000298813,0.000363844,6.41201e-05,0
1787514840,-0.000118505,0,0.000187945,-0.000224763,0.000530201,0.496274,5.30347e-05,4.87165e-05,0.0204474,-0.000697589,-0.000458695,-0.000249769,-8.11399e-05,-2.284e-06,7.01522e-05,0.000223372,0.000492002,0.000684441,6.72252e-05,4.96043e-05,6.05436e-05,5.52178e-05,5.56441e-05,5.72925e-05,4.64952e-05,4.83501e-05,-0.000287506,0.00026145,4.35782e-05,0.000284919,0,0.000253606,0.50172,-0.000618946,-0.000233963,0.000240424,0.000660781,1787514600,-0.000287343,0.000315049,3.52103e-05,1,-0.000251961,0.000294502,4.92801e-05,0,-0.00024727,0.000266701,5.70669e-07,1,0.000272109,8.04515e-05,0.000325333,1
1787514900,-0.000253403,-1.22599e-05,5.31246e-05,-0.00025749,0.000525139,0.493979,7.61694e-05,7.13557e-05,0.0174144,-0.000709165,-0.000461814,-0.000255733,-8.60003e-05,-4.02546e-06,7.00505e-05,0.000229475,0.000500376,0.000694211,8.90268e-05,7.43655e-05,8.13658e-05,7.89836e-05,7.76555e-05,7.92353e-05,7.02182e-05,7.79766e-05,-0.000294742,0.000278804,4.73373e-05,0.000287957,0,0.000268605,0.500804,-0.000635391,-0.000241653,0.000241412,0.000667494,1787514900,0.00028451,1.58283e-05,0.000300442,1,0.000306276,3.18691e-05,0.000316973,1,0.000244987,3.4636e-05,0.00026201,0,-0.000251843,0.000291306,4.46602e-05,0
1787514960,-0.000318888,-4.08766e-06,4.08765e-06,-0.000355689,0.000521095,0.487432,9.15147e-05,8.76528e-05,0.016882,-0.00066267,-0.000438704,-0.000244646,-8.7616e-05,-7.73759e-06,5.77846e-05,0.000206612,0.000470496,0.000655148,9.9941e-05,9.23168e-05,9.27665e-05,9.1825e-05,9.00366e-05,9.08749e-05,8.25368e-05,9.37523e-05,-0.000276548,0.000215027,3.18181e-05,-0.000253646,0.000198737,0,0.491311,-0.000566589,-0.000218395,0.000200827,0.000566813,1787514900,0.000283499,2.47833e-05,0.000310203,1,0.000282528,3.77903e-05,0.000305272,1,0.00028403,2.8475e-05,0.000273656,1,-0.000263339,0.000324377,4.66417e-05,0
1787515020,-0.000134945,8.17758e-05,0.00012675,-0.000265818,0.000517825,0.484616,5.41715e-05,4.85099e-05,0.0172355,-0.000655554,-0.000433075,-0.000243493,-8.76222e-05,-1.00313e-05,5.7379e-05,0.000209178,0.0004703,0.000650532,6.90884e-05,5.12131e-05,6.02633e-05,5.65241e-05,5.66983e-05,5.94269e-05,4.66267e-05,4.95334e-05,-0.000276799,0.00021877,3.07438e-05,-0.000261946,0.000215611,0,0.495854,-0.000581312,-0.0002204,0.000215089,0.000592858,1787514900,0.000257969,0,0.000258118,1,-0.000276363,0.000317808,3.40724e-05,1,0.000258237,4.49123e-05,0.000260647,1,0.00026845,7.39903e-05,0.000316552,1
1787515080,-0.000130873,-4.08952e-06,0.000453833,-0.000130873,0.000512976,0.482762,5.44965e-05,4.83636e-05,0.0159497,-0.00067534,-0.000442153,-0.000241739,-8.86886e-05,-1.16778e-05,5.81193e-05,0.000217196,0.000482429,0.000676172,6.83815e-05,5.01308e-05,5.83622e-05,5.71565e-05,5.5615e-05,5.85604e-05,4.8061e-05,5.02691e-05,-0.00027931,0.000240801,4.06075e-05,-0.000244691,0.000219181,0,0.498633,-0.000550879,-0.000202523,0.000205943,0.00057564,1787514900,0.000265825,0,0.000266203,1,0.000262358,9.60588e-06,0.000270821,1,0.000266356,2.60875e-05,0.000270359,1,-0.000280463,0.000317978,3.96326e-05,1
1787515140,-0.000155434,0,0.000114515,-0.000265888,0.000508158,0.480484,6.05784e-05,5.39836e-05,0.0149926,-0.000732865,-0.000480668,-0.000260681,-9.94228e-05,-1.43468e-05,6.12003e-05,0.000229375,0.000515563,0.000725364,7.2475e-05,5.38353e-05,6.14311e-05,6.55352e-05,5.93194e-05,6.25652e-05,5.14818e-05,5.59426e-05,-0.000299278,0.000271924,3.60899e-05,-0.000280208,0.000257763,0,0.494353,-0.00062734,-0.000242166,0.00022844,0.000639955,1787514900,-0.000253704,0.0002588,3.06153e-05,1,0.000274699,9.3523e-06,0.000267903,1,0.000258499,3.86478e-06,0.000236566,1,0.000278965,5.83557e-05,0.000316559,1
1787515200,-0.000102272,0,0,-0.000769344,0.00050353,0.477069,5.50639e-05,4.95338e-05,0.0143746,-0.000811537,-0.000554104,-0.000288827,-0.000115946,-1.9235e-05,6.66595e-05,0.000260562,0.000579638,0.000798897,6.60315e-05,4.45971e-05,5.17582e-05,6.67619e-05,5.18205e-05,5.51829e-05,5.58533e-05,4.86844e-05,-0.000334673,0.000386786,0.000165136,-0.000297036,0.000336262,8.97266e-05,0.491053,-0.000656158,-0.000255858,0.000241609,0.000665468,1787515200,0.000267787,2.36879e-05,0.000308962,1,-0.000265119,0.000278988,1.94865e-05,1,0.000264116,4.23746e-06,0.000234947,1,0.000253558,2.8587e-05,0.000286428,1
1787515260,-0.000949586,-0.000143199,-0.000118649,-0.00119532,0.000498679,0.479199,0.000320872,0.000332219,0.0136427,-0.000775144,-0.000521473,-0.000263633,-0.000101065,-1.73686e-05,6.81268e-05,0.000260129,0.000580791,0.000784723,0.000293239,0.000360627,0.000337115,0.000293543,0.000330223,0.000323597,0.000342263,0.000345162,-0.000314945,0.000300747,4.61651e-05,-0.000291065,0.00026871,0,0.498847,-0.000630825,-0.000237156,0.000247764,0.000681389,1787515200,-0.000300263,0.000295127,2.409e-05,0,-0.000268131,0.000293124,6.48107e-05,0,0.000255434,6.07889e-06,0.000252688,0,0.000254585,3.03171e-05,0.000285756,0
1787515320,-0.00167625,0,0.000233387,-0.00167625,0.000511607,0.483397,0.000669144,0.000679013,0.0367138,-0.000843933,-0.000585639,-0.000311967,-0.000123739,-1.65018e-05,8.49338e-05,0.00029155,0.000637579,0.00085267,0.000646834,0.00071676,0.000664311,0.000644385,0.00068303,0.000662061,0.000678316,0.000702095,-0.000365728,0.000362872,1.14994e-05,0.000357533,2.58392e-06,0.000290562,0.504039,-0.000753221,-0.000282107,0.000298876,0.00078121,1787515200,0.000273611,3.45658e-05,0.000332094,0,0.000322168,3.32539e-05,0.000301472,0,0.000257728,2.58284e-05,0.000280819,0,0.000257145,3.85057e-05,0.000294966,0
1787515380,0.000360898,-4.10187e-06,0.00105362,-0.000726292,0.000559199,0.494396,0.000112296,0.000113253,0.706893,-0.00114959,-0.000821033,-0.000430083,-0.000154241,-8.14942e-06,0.000139267,0.00041536,0.000867065,0.00116133,0.000106465,0.000104864,0.000121161,0.00011562,0.000150957,0.000140651,0.00010177,9.62322e-05,-0.000509401,0.0005409,0,0.000503845,7.65195e-05,0.000353233,0.515796,-0.00100339,-0.000367474,0.000419554,0.00103722,1787515200,0.000318338,1.95951e-05,0.000353924,0,0.000302086,7.4507e-06,0.000323851,0,0.000307535,0,0.00034377,0,0.000285086,4.324e-05,0.000316586,0
1787515440,-0.000832723,-5.33063e-05,0.0001845,-0.00103793,0.000555927,0.491885,0.000242179,0.000234841,0.57344,-0.00123042,-0.000873382,-0.000444682,-0.000160274,-1.26111e-05,0.000145019,0.00042692,0.000922454,0.00123802,0.000247751,0.000273319,0.000237299,0.000237264,0.000213302,0.0002379,0.000251802,0.000258267,-0.000525846,0.000527496,0,0.000540821,1.10754e-05,0.000425996,0.50411,-0.00103224,-0.000401543,0.000431307,0.00111127,1787515200,0.000424267,1.42106e-05,0.000474285,1,0.000351439,0,0.000354855,0,0.000274827,5.6825e-06,0.000299001,0,0.000286612,2.6708e-05,0.000279323,0
1787515500,0.000906527,4.10378e-06,0.001173,4.10378e-06,0.000562798,0.489792,0.000254398,0.000266046,0.670824,-0.00118372,-0.00082999,-0.000431303,-0.000159222,-1.439e-05,0.000128823,0.000401653,0.000864731,0.00114934,0.000270411,0.000301467,0.00025749,0.000257305,0.000304306,0.000257965,0.000254186,0.000268571,-0.000504395,0.000490249,0,0.000491475,0,0.00035054,0.502366,-0.000994563,-0.000382563,0.000394232,0.00100826,1787515500,0.000493054,0,0.000531856,1,0.000464859,0,0.00046372,1,0.000308909,0,0.000302315,1,0.000282334,1.72345e-05,0.000290874,0
1787515560,-0.000771111,-6.1503e-05,1.23001e-05,-0.00109122,0.000571702,0.485206,0.000221949,0.00021425,0.760752,-0.00114164,-0.000804199,-0.000428975,-0.000155851,-2.07883e-05,0.000122016,0.000395161,0.000844438,0.0011313,0.000223755,0.00023974,0.000220476,0.00021938,0.000192314,0.000219963,0.000227039,0.0002338,-0.000499429,0.000502979,0,-0.000488756,0.000441904,0,0.491212,-0.000974413,-0.000396356,0.000388382,0.00103844,1787515500,0.000436315,3.34598e-06,0.000429779,1,0.000455333,3.8118e-05,0.000467638,1,0.000375168,0,0.000364493,1,0.000298503,8.75891e-06,0.000281836,0
1787515620,0.000828511,0,0.000828511,0,0.000576366,0.484703,0.000233917,0.000240936,0.782461,-0.00117877,-0.000826719,-0.000437743,-0.00017115,-2.27192e-05,0.00012811,0.000400697,0.000859035,0.0011554,0.000239961,0.000257626,0.000235917,0.000235535,0.000275782,0.000235951,0.000224854,0.000246517,-0.000508943,0.000499252,0,-0.000497327,0.000464658,0,0.497857,-0.00101073,-0.000395708,0.000397645,0.00104193,1787515500,0.000488197,0,0.000433835,1,0.000431869,0,0.000411145,1,0.000384896,2.54178e-05,0.000392602,1,0.000372043,0,0.000330245,1
1787515680,0.000315638,-9.8401e-05,0.000360721,-9.8401e-05,0.00058248,0.483956,0.000100991,0.000101664,0.806674,-0.00105149,-0.000731684,-0.000384443,-0.000142497,-2.06632e-05,0.000110454,0.000358505,0.000767739,0.00104411,9.89179e-05,9.2521e-05,0.000112715,0.000100265,0.000137349,0.000130842,9.66396e-05,8.68305e-05,-0.000449767,0.000457092,0,-0.000424416,0.000370448,0,0.490271,-0.000880824,-0.000353477,0.000350211,0.000951109,1787515500,0.000455274,6.45086e-06,0.000426934,1,0.000452235,1.30145e-05,0.000401861,1,0.000398246,0,0.000353305,1,0.0004234,0,0.000386003,1
1787515740,8.60658e-05,4.09854e-06,0.000102458,-4.09855e-06,0.000578351,0.482106,6.38541e-05,6.03326e-05,0.717113,-0.000959002,-0.000672369,-0.000357824,-0.000139211,-1.9847e-05,9.33815e-05,0.000302826,0.000692248,0.000948507,6.59661e-05,5.30141e-05,8.00591e-05,6.04882e-05,9.41313e-05,0.000104588,5.95331e-05,4.96468e-05,-0.00040566,0.00039222,0,-0.00037715,0.000325016,0,0.493956,-0.000816098,-0.000319052,0.000309353,0.000845711,1787515500,0.000477014,0,0.000423896,1,0.000468558,0,0.00042481,1,0.00039601,1.47649e-05,0.000347826,1,0.000383444,6.79345e-05,0.000386537,1
1787515800,0.000381059,4.09818e-06,0.0006514,-7.37702e-05,0.000572668,0.481094,0.000112114,0.000117713,0.578505,-0.000876859,-0.000605247,-0.000319114,-0.000120098,-1.67866e-05,7.42954e-05,0.000260136,0.000623896,0.00086966,0.000111184,0.000110442,0.000116192,0.000109105,0.00013146,0.000132196,0.00011408,0.000115089,-0.000357909,0.000320453,0,-0.000265528,0.000193082,0,0.494472,-0.00058892,-0.000211204,0.0002038,0.000589203,1787515800,0.000430749,0,0.000361241,1,0.00045803,0,0.000408764,1,0.000431344,0,0.000378227,1,0.000419654,0,0.000433613,1
1787515860,3.27725e-05,4.09662e-06,6.14476e-05,-0.000274512,0.000569468,0.486554,5.90461e-05,5.50789e-05,0.450239,-0.000936197,-0.000647805,-0.000343731,-0.000127405,-1.32704e-05,8.77049e-05,0.000297347,0.000678095,0.000939498,6.29956e-05,4.89076e-05,6.89937e-05,6.1076e-05,7.71403e-05,8.44265e-05,5.69638e-05,4.43036e-05,-0.000392311,0.000394011,0,-0.000406093,0.000356488,0,0.4912,-0.000853505,-0.000343197,0.000331335,0.000924523,1787515800,0.000350988,0,0.000257148,1,0.00040295,0,0.000360796,1,0.000405735,0,0.000354927,1,0.00040686,4.21225e-05,0.000419462,1
1787515920,0.000389092,1.22894e-05,0.000438229,-0.000335969,0.000563763,0.488349,0.000113077,0.000117656,0.270672,-0.000819081,-0.000541896,-0.000286997,-0.000110716,-8.73599e-06,7.08369e-05,0.000247628,0.000579963,0.000817107,0.000113523,0.000112422,0.000112294,0.000111213,0.000121316,0.000118017,0.000112762,0.000114956,-0.000328023,0.000306909,2.61842e-05,-0.000342537,0.000252202,0,0.495449,-0.00073082,-0.000281673,0.000285896,0.000807095,1787515800,0.000432684,0,0.000407584,1,0.000342519,0,0.000298466,1,0.000391013,0,0.000322863,1,0.000407589,0,0.000413815,1
1787515980,-0.000303069,-4.09491e-06,-4.09491e-06,-0.000532479,0.000560803,0.491201,9.23561e-05,8.59006e-05,0.105739,-0.000856719,-0.000581006,-0.000311,-0.000116115,-7.42277e-06,8.27791e-05,0.000285224,0.000644744,0.000886083,9.70296e-05,8.87881e-05,9.77027e-05,9.4351e-05,9.48894e-05,9.84976e-05,9.01151e-05,9.42504e-05,-0.000362327,0.000357255,1.99441e-05,-0.000362915,0.000324583,0,0.495739,-0.000763006,-0.000301879,0.000306819,0.0008607,1787515800,0.000387082,0,0.000366282,1,-0.000420757,0.000392779,1.04033e-06,1,0.000333314,0,0.000260923,1,0.000371533,2.21994e-06,0.000366544,1
1787516040,3.68646e-05,5.73444e-05,0.000155641,-0.00022941,0.000556819,0.488486,5.29073e-05,4.86507e-05,0.0507619,-0.000818607,-0.000558485,-0.00029218,-0.000113431,-9.48684e-06,7.6356e-05,0.000268975,0.000603596,0.000826767,6.32981e-05,4.77032e-05,6.09588e-05,5.63122e-05,6.41375e-05,5.95636e-05,5.39268e-05,4.30728e-05,-0.00034092,0.000346023,2.85058e-05,0.00032182,0,0.000291465,0.50047,-0.000712681,-0.00026594,0.000278387,0.000781121,1787515800,-0.000388382,0.000383224,1.78409e-05,1,-0.000399528,0.000341759,0,1,0.000391074,0,0.00036945,1,-0.000323515,0.000260358,0,1
1787516100,-0.000426074,-4.096e-06,-4.096e-06,-0.000467052,0.000551247,0.491139,0.000123872,0.000118452,0.0427729,-0.000845171,-0.000592858,-0.000307205,-0.000115245,-6.70571e-06,7.67196e-05,0.000274016,0.000608637,0.000843694,0.000124952,0.000122809,0.000123009,0.000122593,0.000115326,0.000121495,0.000120588,0.00012801,-0.000354128,0.000333117,6.65558e-05,-0.000346916,0.000287484,1.66144e-06,0.498658,-0.000752632,-0.000288496,0.000292287,0.00081041,1787516100,-0.000344004,0.000344753,8.89704e-06,1,-0.000404123,0.000375499,3.87597e-06,1,0.000383192,0,0.000363481,1,0.000401043,0,0.00041501,1
1787516160,0.000372825,-4.09775e-06,0.000426074,-4.09775e-06,0.000549023,0.4856,0.000107786,0.000112501,0.037069,-0.000744932,-0.000514155,-0.000271455,-0.000101158,-9.3027e-06,5.89497e-05,0.000236718,0.000543748,0.000746857,0.000108703,0.000107882,0.000107399,0.000106647,0.000113673,0.000106487,0.000106567,0.000110238,-0.000310874,0.000300908,0,0.000295571,2.12604e-05,0.000258122,0.503505,-0.000674148,-0.000241963,0.000259646,0.000719126,1787516100,0.000406875,0,0.00040314,1,0.000372791,0,0.000365138,1,0.000374433,0,0.000371663,1,-0.000375452,0.000385297,2.17951e-05,1
1787516220,0.000405443,-4.09622e-06,0.000425915,-4.09622e-06,0.000546057,0.48817,0.000116033,0.000119861,0.0351783,-0.000714329,-0.000492829,-0.00026295,-9.65281e-05,-7.11114e-06,5.92411e-05,0.000240523,0.000520984,0.000721606,0.000117704,0.000116757,0.000116253,0.000115567,0.000120512,0.000115335,0.0001167,0.000116529,-0.000305518,0.00029455,0,0.000300674,0,0.000267726,0.502639,-0.000660386,-0.000243526,0.000261592,0.000723732,1787516100,-0.000323529,0.000302286,0,1,-0.000398433,0.000369618,1.11074e-05,1,-0.00035386,0.000304386,0,1,-0.000375114,0.000396706,3.27823e-05,1
1787516280,4.91334e-05,0,0.000147393,-0.00054882,0.000543601,0.490959,4.56604e-05,4.12451e-05,0.034953,-0.000686747,-0.000460066,-0.000250048,-9.30621e-05,-4.19391e-06,5.60479e-05,0.000230458,0.00050009,0.00068838,6.39443e-05,4.67221e-05,5.651e-05,4.64198e-05,5.79481e-05,5.38607e-05,4.40841e-05,3.96696e-05,-0.000291407,0.000271152,0,0.00030016,0,0.000272088,0.500047,-0.000655093,-0.000248302,0.000256641,0.000724108,1787516100,-0.000352531,0.000312604,0,1,0.000342363,0,0.000324481,1,0.000347179,0,0.00036959,1,0.000338633,1.75305e-05,0.00036643,1
1787516340,0.000139198,-8.18873e-06,0.000143292,-0.000356272,0.000538183,0.497046,5.96836e-05,5.82305e-05,0.0284788,-0.000752192,-0.000502879,-0.000274053,-0.000101206,-2.83578e-08,6.59408e-05,0.000253097,0.000560376,0.000772454,6.91923e-05,5.63058e-05,6.16488e-05,6.31058e-05,6.44661e-05,6.03589e-05,5.59132e-05,5.52576e-05,-0.000319811,0.00028782,0,-0.000366429,0.000316,0,0.494101,-0.000759883,-0.000302726,0.000305517,0.00086767,1787516100,-0.000350548,0.000324805,0,1,0.000344354,0,0.000322131,1,-0.000327507,0.000276096,0,1,0.000354822,0,0.000326217,1
1787516400,0.000912497,4.09377e-06,0.000912497,-4.09379e-06,0.000533137,0.500082,0.000303878,0.000322035,0.0237512,-0.000721339,-0.000476668,-0.000256275,-9.02935e-05,1.95507e-06,6.63638e-05,0.000240336,0.000532982,0.000727487,0.00027175,0.000314081,0.00029403,0.000295754,0.000302699,0.000303826,0.000317638,0.000313684,0.000300607,0,0.000284647,-0.000328024,0.000271201,0,0.495109,-0.000687156,-0.000268721,0.000277229,0.000789556,1787516400,0.00036892,3.74336e-05,0.00038446,1,0.000339224,0,0.00030642,1,-0.000317594,0.000285519,0,0,0.00030797,0,0.000286281,0
1787516460,0.000306706,1.22701e-05,0.000376213,-0.000114528,0.000543326,0.503809,8.852e-05,9.02586e-05,0.0386836,-0.000756101,-0.000517081,-0.000272077,-9.27126e-05,4.65127e-06,7.77197e-05,0.000262104,0.000575398,0.000778784,9.69276e-05,8.92298e-05,9.45862e-05,8.85653e-05,9.10446e-05,9.25569e-05,9.31411e-05,8.69805e-05,0.000322135,0,0.000305497,-0.000387464,0.000369913,0,0.488613,-0.000785341,-0.000328308,0.00031732,0.000905668,1787516400,0.000354517,7.97937e-06,0.000354291,0,0.000393395,1.18032e-05,0.000391643,0,-0.000323495,0.000299066,0,0,0.000320459,0,0.000287224,0
1787516520,-8.17792e-05,-8.17762e-06,0.000204419,-0.00013085,0.000539612,0.502328,5.19241e-05,4.75232e-05,0.0333606,-0.000753372,-0.000511066,-0.000273661,-9.73485e-05,3.7695e-06,7.50053e-05,0.000258507,0.000557884,0.000767749,6.53421e-05,4.83008e-05,6.0662e-05,5.45543e-05,5.85485e-05,5.74303e-05,4.8325e-05,4.70558e-05,0.000321654,0,0.000299543,-0.00034387,0.00034082,0,0.495292,-0.000725942,-0.000291082,0.000287629,0.000836086,1787516400,-0.000428154,0.000405921,0,1,0.000371283,0,0.000354694,1,0.00036186,1.21806e-05,0.000362446,1,0.000316022,0,0.000289153,1
1787516580,-0.000257648,-2.86243e-05,2.04454e-05,-0.000319003,0.000534314,0.500102,7.74174e-05,7.2751e-05,0.0266129,-0.000719533,-0.000479068,-0.000261252,-9.02511e-05,2.11997e-06,6.48048e-05,0.00023246,0.000518784,0.000725321,8.99653e-05,7.59894e-05,8.43979e-05,7.9471e-05,8.23782e-05,8.07776e-05,6.96868e-05,7.73125e-05,0.000300583,0,0.000278951,-0.00032242,0.000254725,0,0.489722,-0.0006831,-0.000278785,0.000257571,0.00076503,1787516400,-0.000378803,0.000397014,0,1,0.000403198,1.4046e-05,0.000374411,1,0.00034145,1.67009e-06,0.000323886,1,-0.000367846,0.000378912,0,1
1787516640,0.000964817,-4.09019e-06,0.00100159,-1.63609e-05,0.000530197,0.496944,0.000337934,0.000354323,0.0228711,-0.000689586,-0.000454119,-0.000246055,-8.64772e-05,-1.58058e-07,5.95316e-05,0.000230467,0.000506784,0.000699129,0.000291859,0.000340291,0.000311833,0.00033626,0.000324848,0.000327728,0.000355396,0.000345529,-0.000288418,0.000249061,0,-0.00030349,0.000263362,0,0.495125,-0.00065394,-0.000254116,0.000253679,0.000728955,1787516400,0.000340771,8.74306e-06,0.000316614,1,0.000373317,1.54551e-05,0.000350175,1,0.000374898,0,0.000339481,1,-0.00034152,0.000388753,3.37432e-05,0
1787516700,0.000241059,1.63448e-05,0.000449385,-0.000559971,0.000542314,0.499795,7.90595e-05,7.64685e-05,0.045083,-0.000781937,-0.000537151,-0.000286912,-9.54663e-05,1.27561e-06,7.53013e-05,0.000279764,0.000592806,0.000809968,8.59722e-05,7.40426e-05,8.56744e-05,7.84314e-05,7.81583e-05,8.41883e-05,7.89145e-05,7.65356e-05,-0.000341039,0.000328295,0,-0.000420988,0.000394744,0,0.490479,-0.000824413,-0.000348657,0.000341493,0.000961039,1787516700,0.000331658,0,0.000311069,0,-0.000340756,0.000342178,2.36029e-05,1,-0.000350648,0.00033971,0,1,0.000362434,4.72193e-05,0.000388358,1
1787516760,0.000106211,8.17047e-06,0.000110296,-0.000110308,0.000537944,0.502661,6.05175e-05,5.67099e-05,0.0367056,-0.000856196,-0.000584907,-0.000312518,-0.00010832,3.76194e-06,9.41083e-05,0.000305783,0.000652678,0.000898935,6.71712e-05,5.10882e-05,6.40868e-05,6.84617e-05,5.86201e-05,6.00599e-05,5.68711e-05,5.52786e-05,0.000372027,0,0.000363692,-0.000431028,0.00044845,0,0.498541,-0.000851135,-0.000351057,0.000351972,0.000994113,1787516700,-0.000446869,0.000431231,0,1,0.000336242,0,0.000327358,0,0.000325709,7.2006e-06,0.000315627,1,-0.00034215,0.000384721,3.02968e-05,1
1787516820,-0.000134808,-2.45092e-05,0.000245059,-0.000596561,0.00053275,0.507811,5.75889e-05,5.36584e-05,0.0296587,-0.000710018,-0.000471526,-0.000248143,-8.05857e-05,7.18866e-06,7.50905e-05,0.000242453,0.000533089,0.000736468,6.94953e-05,5.56601e-05,6.54011e-05,5.84243e-05,6.38885e-05,6.08094e-05,5.24982e-05,5.48195e-05,0.000295275,0,0.000283585,0.000285054,0,0.000257303,0.50198,-0.00060129,-0.000229422,0.000240013,0.000698343,1787516700,0.000401815,8.63897e-05,0.000424933,1,0.000408606,3.49964e-05,0.000388694,1,0.000319069,0,0.000287199,1,-0.000338148,0.000352828,3.11214e-05,1
1787516880,6.53637e-05,5.71935e-05,0.000163401,2.45119e-05,0.00052774,0.504758,5.56342e-05,5.04976e-05,0.0240146,-0.000826778,-0.00055665,-0.000290725,-9.83964e-05,5.36371e-06,9.14712e-05,0.000292038,0.000627758,0.000861213,6.49018e-05,4.62096e-05,5.64181e-05,6.56028e-05,5.50103e-05,5.40621e-05,5.20518e-05,4.47414e-05,0.000349768,1.71128e-05,0.000349646,0.000402721,2.39116e-05,0.00037048,0.505185,-0.000807282,-0.000321593,0.00033927,0.000943097,1787516700,0.00031494,1.0857e-05,0.000283118,1,0.000402861,7.05013e-05,0.000408562,1,0.000373518,0,0.000347605,1,0.000304593,2.54232e-05,0.000327948,1
1787516940,-0.000984994,0,0,-0.0010995,0.000522517,0.50493,0.000348615,0.000364999,0.0207731,-0.00070381,-0.000467313,-0.000243093,-8.11073e-05,5.22722e-06,6.62236e-05,0.000227393,0.000511192,0.000712551,0.000307498,0.000358545,0.000333712,0.000343042,0.000342492,0.000339783,0.000354806,0.000361545,0.000284866,0,0.000275678,-0.000268136,0.000196104,0,0.497299,-0.000570148,-0.000222186,0.000213804,0.000634689,1787516700,0.000373217,7.48762e-05,0.000410478,1,0.00032479,1.75323e-06,0.000296671,0,-0.000369899,0.000399362,1.48975e-05,1,0.000363242,1.8619e-05,0.000351281,1
1787517000,0.000294374,-4.08913e-06,0.00033934,-4.08913e-06,0.000535694,0.506505,9.29489e-05,9.00323e-05,0.0398312,-0.000918175,-0.000648045,-0.000338749,-0.000114475,8.30688e-06,9.6822e-05,0.000309426,0.000669531,0.000909545,9.47897e-05,8.56553e-05,9.42049e-05,9.84026e-05,8.8521e-05,9.25622e-05,8.86977e-05,9.03849e-05,0.000392994,0,0.000381402,-0.000443641,0.00037162,0,0.498544,-0.000863286,-0.000354753,0.000351027,0.0009261,1787517000,0.000301323,0,0.000273462,1,-0.000382981,0.000431644,2.54097e-05,1,-0.000296518,0.000297904,0,1,-0.000367947,0.000416214,1.43504e-05,1
1787517060,0.000527203,0,0.000527203,-9.8115e-05,0.000531942,0.50387,0.0001505,0.00015198,0.0311422,-0.000721683,-0.000480324,-0.000251927,-8.1274e-05,4.20301e-06,6.96493e-05,0.000240799,0.000521486,0.000736597,0.000150683,0.000150073,0.000149977,0.000149248,0.000147743,0.000149885,0.000152693,0.000154456,0.000297264,0,0.000256584,0.000299927,0,0.000252432,0.508649,-0.000629669,-0.000235628,0.000262201,0.00070845,1787517000,0.000414116,5.17831e-07,0.000451728,1,-0.000280132,0.00028234,3.23069e-05,1,-0.000337092,0.000370647,2.88868e-05,1,-0.000293685,0.000273518,1.02716e-06,1
1787517120,0.000351314,-4.08585e-05,0.000428914,-0.000134839,0.000531847,0.509897,0.000101064,0.000101129,0.0301583,-0.000757711,-0.000502981,-0.000265201,-8.37106e-05,9.17699e-06,8.22194e-05,0.000260631,0.000552636,0.000760813,0.000104106,0.000101206,0.000102057,0.000100623,9.7233e-05,0.000100979,0.000103674,0.000100849,0.000316139,0,0.000296663,0.000362571,0,0.000320774,0.50222,-0.000731108,-0.000297455,0.000303686,0.000830341,1787517000,0.00032496,0,0.000313727,1,0.00041493,1.16669e-05,0.000426969,1,0.000276398,0,0.000268118,1,0.000346491,2.83359e-05,0.000356734,1
1787517180,-0.000473895,3.67583e-05,3.67583e-05,-0.000482068,0.000528841,0.510765,0.000135421,0.000134945,0.0268817,-0.000731907,-0.000487883,-0.000260657,-8.3981e-05,9.97349e-06,8.25323e-05,0.000248351,0.00053253,0.00073853,0.000139294,0.00013658,0.000137009,0.00013557,0.000137011,0.000134577,0.000132062,0.000136155,0.000307127,0,0.000308612,-0.000360028,0.000306464,0,0.497458,-0.000718828,-0.000300616,0.000292061,0.000819205,1787517000,-0.000363891,0.00037192,0,1,0.000309493,1.42375e-05,0.000298217,1,0.00035218,4.20324e-05,0.000369313,1,-0.000289733,0.000271894,0,1
1787517240,-7.35556e-05,0,0.000216549,-0.000253381,0.000527798,0.509793,4.73182e-05,4.33128e-05,0.0263588,-0.000700517,-0.000465195,-0.000250191,-8.21883e-05,9.0685e-06,7.13725e-05,0.000229095,0.000506788,0.000700656,6.5284e-05,4.72195e-05,6.0641e-05,4.82836e-05,5.66748e-05,5.62087e-05,4.30699e-05,4.3013e-05,0.000290687,0,0.000262871,-0.00034055,0.000293308,0,0.49666,-0.000702048,-0.000287066,0.000278372,0.000776093,1787517000,0.000347897,2.22169e-05,0.000337844,1,0.000336528,4.86883e-05,0.000323282,1,0.000276453,1.02408e-05,0.00025277,1,0.000320908,0.000138837,0.000354836,1
1787517300,0.000208393,3.2692e-05,0.000212479,-8.17317e-06,0.000522597,0.507971,6.86828e-05,6.51698e-05,0.0220441,-0.00070377,-0.000467046,-0.000244801,-7.83658e-05,7.16237e-06,7.21458e-05,0.000240489,0.000512334,0.00070023,8.02247e-05,6.70708e-05,7.49173e-05,6.91348e-05,7.20989e-05,7.22759e-05,6.63422e-05,6.57792e-05,0.000291796,0,0.000284811,0.000330925,0,0.000304565,0.504202,-0.000696286,-0.000270072,0.000283454,0.000788542,1787517300,0.00031828,1.04771e-05,0.000311804,1,0.000340543,3.69211e-05,0.000334017,1,0.000319,7.67947e-06,0.000294982,1,0.000281477,2.70373e-05,0.000303971,1
1787517360,-0.000163442,4.08571e-06,4.08571e-06,-0.0005599,0.000518183,0.511366,5.9112e-05,5.56748e-05,0.0196999,-0.00065132,-0.000425184,-0.000221549,-6.64106e-05,8.48115e-06,6.97482e-05,0.000215545,0.000470033,0.000645094,7.47198e-05,5.94849e-05,6.7492e-05,5.78897e-05,6.61896e-05,6.43352e-05,5.65469e-05,5.72227e-05,0.000263131,0,0.000248417,0.000257146,0,0.000236739,0.507699,-0.000546045,-0.00020036,0.00021687,0.0005987,1787517300,0.000321489,0,0.000317372,1,0.000333113,1.60588e-05,0.000323062,1,0.000316412,2.12614e-05,0.000305159,1,0.00030553,8.00875e-05,0.000348631,1
1787517420,0.000110326,0,0.00026558,-0.000314701,0.000513496,0.512447,5.17414e-05,4.80955e-05,0.0183403,-0.000701929,-0.00046053,-0.000239951,-7.65908e-05,1.05968e-05,7.78273e-05,0.000240885,0.000520539,0.000706329,6.74487e-05,4.97272e-05,5.60405e-05,5.33872e-05,5.69395e-05,5.58835e-05,4.87081e-05,4.80823e-05,0.000288586,0,0.000301325,0.000318695,0,0.000307845,0.505952,-0.000671713,-0.000258325,0.00027496,0.000756543,1787517300,-0.000283182,0.00023983,0,1,-0.000322651,0.000347564,5.03439e-05,1,0.000311436,7.43174e-06,0.000287524,1,-0.000311854,0.000362314,5.66988e-05,1
1787517480,0.000555533,4.08593e-06,0.000575951,4.08593e-06,0.000508574,0.512256,0.000156971,0.000160329,0.0171828,-0.000705298,-0.000463643,-0.000241696,-7.6161e-05,1.03537e-05,8.20912e-05,0.000244494,0.000523736,0.000704823,0.000158411,0.000160073,0.000157149,0.000157049,0.000154757,0.000156557,0.00015618,0.000161103,0.000291974,3.48865e-06,0.000311204,0.000311979,0,0.000314504,0.505507,-0.000656747,-0.000254657,0.000267872,0.000740899,1787517300,0.000293994,1.07665e-05,0.00030276,1,0.000271594,0,0.000272646,1,-0.000290997,0.000311437,3.24938e-05,1,-0.000288101,0.000325466,5.90599e-05,1
1787517540,-2.04185e-05,-1.63348e-05,-1.63348e-05,-0.000359427,0.000509556,0.512133,4.26916e-05,3.87397e-05,0.0200184,-0.000665968,-0.00043726,-0.000230958,-6.86979e-05,9.25633e-06,8.01361e-05,0.000229222,0.000489814,0.000664708,6.23414e-05,4.2127e-05,5.17486e-05,4.47958e-05,5.26468e-05,5.16939e-05,3.85823e-05,3.52075e-05,0.00027635,0,0.00028157,-0.000294881,0.000274682,1.00892e-05,0.497565,-0.000612933,-0.000248501,0.000243547,0.000683911,1787517300,0.000287331,9.12294e-06,0.000301844,1,0.000312103,3.08515e-05,0.000334439,1,-0.000260269,0.000231659,0,1,-0.000306191,0.000308746,1.5269e-05,1
1787517600,-0.000277734,-1.63351e-05,2.45022e-05,-0.000310413,0.000504443,0.517678,8.33035e-05,8.31914e-05,0.0179022,-0.000659493,-0.00042893,-0.000217337,-5.96961e-05,1.2386e-05,7.89676e-05,0.000232348,0.000488094,0.000653294,9.35346e-05,8.1743e-05,8.3963e-05,8.07459e-05,8.51906e-05,8.32298e-05,8.91479e-05,8.64591e-05,0.000271247,2.33467e-05,0.000318853,0.000281983,3.55434e-05,0.000312116,0.512015,-0.000617331,-0.000224994,0.000251102,0.000707636,1787517600,-0.000296778,0.000267256,0,1,-0.00029786,0.00033757,4.11544e-05,1,-0.000286475,0.000299767,2.55334e-05,1,-0.000249006,0.000246939,4.00644e-08,1
1787517660,0.000187887,5.71867e-05,0.000212391,-0.000220608,0.000500915,0.510216,6.20337e-05,5.821e-05,0.0174112,-0.00063611,-0.000410934,-0.000224856,-6.88168e-05,7.93335e-06,6.73857e-05,0.00020876,0.000464805,0.000622957,7.68619e-05,6.15864e-05,6.69976e-05,6.26084e-05,6.73941e-05,6.82111e-05,6.1034e-05,5.77525e-05,0.000262513,0,0.000272411,-0.000256603,0.000236175,0,0.496742,-0.000563744,-0.000216068,0.000208889,0.000598987,1787517600,0.000272722,6.5719e-05,0.000310791,1,-0.000287915,0.000310395,1.99989e-05,1,-0.000269012,0.000302916,3.79764e-05,1,-0.000282126,0.000305347,3.0811e-05,1
1787517720,-5.30949e-05,-4.08412e-06,8.98465e-05,-0.000200142,0.000496592,0.515331,4.39569e-05,3.9769e-05,0.0166991,-0.000652745,-0.000423682,-0.000220135,-6.543e-05,1.14877e-05,7.61256e-05,0.000228317,0.000491986,0.000653808,6.39094e-05,4.2356e-05,4.95697e-05,4.75493e-05,5.36247e-05,5.26187e-05,4.07337e-05,3.82204e-05,0.00026978,0,0.000298238,0.000288654,0,0.000294009,0.504353,-0.000617146,-0.000233613,0.000248938,0.000690688,1787517600,-0.000249194,0.000256962,2.00239e-05,1,0.000292142,3.30018e-05,0.000308199,1,-0.000272749,0.000271272,5.81001e-06,1,-0.00028398,0.000296901,3.01459e-05,1
1787517780,0.000159276,4.49267e-05,0.000179695,4.49267e-05,0.000491659,0.510865,5.47545e-05,5.05973e-05,0.0159653,-0.000587806,-0.000374351,-0.000192038,-5.46656e-05,6.67423e-06,6.02626e-05,0.000190385,0.000430529,0.000572109,7.19138e-05,5.58534e-05,6.01825e-05,5.29674e-05,6.2151e-05,6.31847e-05,5.42309e-05,5.24427e-05,0.000229724,0,0.000280983,0.000265463,0,0.000266683,0.503307,-0.000580609,-0.000218993,0.000222816,0.000631814,1787517600,0.000284205,2.85378e-05,0.000327056,1,0.000264472,2.42955e-06,0.000289273,1,-0.000266151,0.000272931,3.44974e-05,1,-0.000266209,0.000281434,1.97626e-05,1
1787517840,0.000216412,8.16733e-06,0.000404203,-7.3509e-05,0.000487238,0.513956,6.35005e-05,6.29428e-05,0.015709,-0.000532858,-0.00034045,-0.000172683,-4.53538e-05,7.10725e-06,5.7307e-05,0.000165506,0.000392742,0.000524983,8.14363e-05,6.493e-05,6.89502e-05,6.163e-05,7.13336e-05,7.26955e-05,6.91998e-05,6.46698e-05,0.000204127,0,0.000235971,0.000182135,0,0.000198588,0.505385,-0.000388345,-0.000129026,0.000133583,0.000395168,1787517600,-0.000260808,0.000289001,3.0101e-05,1,-0.000288251,0.000306898,3.09281e-05,1,-0.000250747,0.000245201,7.00533e-06,1,-0.000267979,0.000272207,3.50665e-05,1
1787517900,-0.000698402,5.3075e-05,5.3075e-05,-0.000972179,0.000483311,0.515585,0.000217968,0.000234414,0.0157646,-0.000649708,-0.00042744,-0.000217269,-5.94762e-05,1.06234e-05,7.73704e-05,0.000212785,0.000467004,0.000626243,0.00020195,0.000229393,0.000216882,0.000221949,0.000211096,0.000207355,0.000208381,0.000223623,0.000258662,1.44896e-05,0.000357973,0.000285209,2.32633e-05,0.000381542,0.501914,-0.000629032,-0.000245178,0.000238313,0.000670905,1787517900,-0.00020043,0.000191373,9.18138e-06,1,-0.00026151,0.00027933,4.22744e-05,1,-0.00026256,0.000263981,2.96421e-05,1,-0.000242528,0.000230399,2.49609e-05,1
1787517960,0.000298208,0,0.000388062,-0.000290123,0.000488542,0.515904,8.60219e-05,8.53597e-05,0.0219838,-0.000694158,-0.000465593,-0.000245364,-7.35557e-05,1.35408e-05,8.50656e-05,0.000237855,0.000520322,0.000697096,9.52053e-05,8.56295e-05,8.65287e-05,8.49989e-05,8.59596e-05,8.80176e-05,8.08269e-05,8.9821e-05,0.000291029,5.03292e-05,0.000332507,0.000334283,5.83991e-05,0.000342973,0.50238,-0.000717109,-0.000274124,0.000284168,0.000777627,1787517900,-0.000297344,0.00027981,1.16053e-05,1,-0.000203948,0.000198327,1.71725e-05,1,-0.000251635,0.000248785,2.53451e-05,1,-0.00026576,0.000276558,2.31554e-05,1
1787518020,0.000183783,5.30962e-05,0.000196034,-8.1692e-05,0.000485467,0.515544,6.30228e-05,5.82274e-05,0.0197301,-0.000657573,-0.000439419,-0.000227513,-6.4229e-05,1.14638e-05,8.16048e-05,0.000238834,0.000507418,0.00066454,7.58319e-05,5.94794e-05,6.6913e-05,6.32653e-05,6.63309e-05,6.82903e-05,6.10715e-05,6.03695e-05,0.000280814,0,0.000308572,-0.000316531,0.000289361,4.30233e-06,0.493865,-0.000669912,-0.000263238,0.000262667,0.000732193,1787517900,-0.000283262,0.000313669,3.30028e-05,1,-0.000279472,0.000324395,4.88273e-05,1,-0.000199199,0.00018454,0,1,-0.000254741,0.000259067,2.28095e-05,1
1787518080,2.04182e-05,0,0.000151085,-0.000310408,0.00048129,0.520789,3.89129e-05,3.35599e-05,0.0178584,-0.00059865,-0.000401064,-0.000201341,-5.54837e-05,1.40565e-05,7.52088e-05,0.000206714,0.000447729,0.000595116,6.20822e-05,3.89394e-05,4.86662e-05,3.80604e-05,5.03415e-05,5.12322e-05,3.86375e-05,3.27385e-05,0.000245497,2.46869e-06,0.000293269,0.000255081,0,0.000271188,0.500589,-0.000576511,-0.000211772,0.000214388,0.000611155,1787517900,0.000295845,0,0.000307238,1,0.000312673,3.76016e-05,0.000344295,1,-0.000242045,0.00029015,5.53964e-05,1,-0.000200151,0.000180261,1.08555e-05,1
1787518140,-0.000453382,0,7.75854e-05,-0.000596383,0.000476462,0.526519,0.000131118,0.000137093,0.0164206,-0.000630182,-0.000409707,-0.000208478,-5.31644e-05,1.84989e-05,7.53379e-05,0.000216744,0.000474729,0.000628745,0.000134064,0.000130522,0.000130601,0.000129881,0.000129955,0.000128207,0.000129615,0.000134834,0.000255999,0,0.000297609,-0.000298236,0.000259461,1.21194e-05,0.49185,-0.000644066,-0.000253423,0.000241761,0.000698326,1787517900,0.000259465,0,0.000244751,1,0.000294016,4.2544e-05,0.000329624,1,-0.000274716,0.000302241,3.1982e-05,1,-0.000254036,0.000282637,1.75078e-05,1
1787518200,0.000245097,1.22563e-05,0.000245097,-0.000102141,0.000476011,0.518822,7.26474e-05,7.03082e-05,0.0182494,-0.000653704,-0.00043463,-0.000229406,-6.57301e-05,1.47987e-05,7.99844e-05,0.000222357,0.000497739,0.000652459,8.60682e-05,7.07087e-05,7.59587e-05,7.28957e-05,7.66208e-05,7.80419e-05,7.12338e-05,7.40242e-05,0.000272133,0,0.000294646,-0.000308123,0.000283737,0,0.492531,-0.000665191,-0.000260432,0.000250566,0.000703274,1787518200,0.000271815,2.51614e-05,0.000273349,1,0.000250821,3.31684e-05,0.000261477,1,0.000260107,3.65502e-05,0.000291112,1,0.000264727,4.0694e-05,0.000293139,1
1787518260,0.00053492,0,0.000543084,-0.000163391,0.0004725,0.526262,0.000156295,0.000159697,0.0171197,-0.000590958,-0.000386423,-0.000194267,-5.02752e-05,1.72328e-05,7.51713e-05,0.000203438,0.000438564,0.000583863,0.000152166,0.000156814,0.000151014,0.000159327,0.000148705,0.000150904,0.000159121,0.000159313,0.00023972,0,0.000274985,-0.000243812,0.000228462,1.64855e-05,0.498137,-0.000542695,-0.00019985,0.000203867,0.000582918,1787518200,0.000268977,1.15158e-05,0.000275691,1,0.000279115,4.96619e-05,0.000315725,1,-0.000240393,0.000239918,4.7011e-06,1,0.000271891,2.74051e-05,0.000294541,1
1787518320,-0.0003103,0,0,-0.000526751,0.000473829,0.523553,8.98482e-05,9.14592e-05,0.0197021,-0.00064344,-0.000434841,-0.00022808,-6.08356e-05,1.81589e-05,8.05425e-05,0.000221949,0.00049258,0.000664907,9.95361e-05,9.07545e-05,9.11572e-05,8.99962e-05,9.08459e-05,8.9357e-05,8.52745e-05,9.12774e-05,0.000270886,0,0.000310843,-0.00030496,0.000255503,2.16511e-05,0.484838,-0.000640279,-0.000264646,0.000240764,0.000695728,1787518200,-0.000251426,0.000237635,0,1,0.000284078,3.83587e-05,0.000311613,1,0.000256841,4.28415e-05,0.000290846,1,-0.000235838,0.000255946,1.40764e-05,1
1787518380,7.35009e-05,-8.1671e-06,0.000155162,-0.000273634,0.000471115,0.519138,4.41908e-05,3.90557e-05,0.0186513,-0.000635888,-0.000430792,-0.000221771,-6.59594e-05,1.51646e-05,8.0119e-05,0.000212522,0.000474273,0.000660547,6.53641e-05,4.09546e-05,5.26113e-05,4.38283e-05,5.298e-05,5.44304e-05,4.26833e-05,4.22784e-05,0.000261984,0,0.000294369,-0.000288632,0.000242571,2.66929e-06,0.489727,-0.000621319,-0.000248066,0.000230558,0.000667573,1787518200,-0.000291467,0.000288856,6.61859e-07,1,0.00025107,1.98741e-05,0.000270899,1,0.000259483,3.42334e-05,0.000274838,1,-0.000268998,0.000295178,3.10994e-05,1
1787518440,-7.75844e-05,8.98271e-05,8.98271e-05,-0.000294036,0.000466496,0.526202,4.35959e-05,4.20771e-05,0.0168101,-0.000612295,-0.000403457,-0.000207733,-5.49961e-05,1.88643e-05,7.73062e-05,0.000211058,0.000469695,0.000646662,6.55857e-05,4.11567e-05,5.11061e-05,4.3395e-05,5.38301e-05,5.4118e-05,3.89771e-05,4.25549e-05,0.00025165,0,0.000286185,-0.000284475,0.000234507,4.56834e-06,0.494243,-0.000609497,-0.000237437,0.000233052,0.000668849,1787518200,0.000260184,1.5668e-05,0.000259532,1,-0.000278245,0.000330087,2.65871e-05,1,-0.000230838,0.000237522,1.16688e-05,1,0.00025452,3.36693e-05,0.000278388,1
1787518500,-9.801e-05,-8.16713e-06,8.16677e-05,-0.000253212,0.000461938,0.523605,4.5824e-05,4.3848e-05,0.0157726,-0.000605452,-0.00039481,-0.000197853,-5.36955e-05,1.60203e-05,7.14751e-05,0.000198073,0.000440767,0.000608443,6.67204e-05,4.40757e-05,5.16843e-05,4.4215e-05,5.47332e-05,5.50229e-05,4.19557e-05,4.50105e-05,0.000237584,0,0.000288632,-0.000260201,0.000207975,0,0.491422,-0.000569969,-0.00022032,0.00021098,0.000612994,1787518500,0.000268516,1.03802e-05,0.000267048,1,0.000278292,3.45495e-05,0.000299329,1,0.000267788,2.12646e-05,0.000280836,1,-0.0002327,0.00024685,1.21969e-05,1
1787518560,0.000579753,6.12574e-05,0.000734841,6.12574e-05,0.000457505,0.520046,0.000175806,0.000181141,0.0151838,-0.000587452,-0.000380791,-0.00019046,-5.56321e-05,1.34896e-05,6.57441e-05,0.000196144,0.000428474,0.000565278,0.000164193,0.00017665,0.000166421,0.000178085,0.000160982,0.000163267,0.000178924,0.000179908,0.0002326,0,0.000277186,-0.000249187,0.000223061,9.82535e-06,0.497472,-0.000557255,-0.00020899,0.000206535,0.000602423,1787518500,-0.000255419,0.000253814,1.18939e-06,1,-0.00027676,0.000310745,3.07226e-05,1,0.000263866,2.30251e-05,0.000276528,1,-0.00026136,0.000313964,2.43133e-05,1
1787518620,-0.000457242,-8.1632e-06,4.89778e-05,-0.000457242,0.000460268,0.516455,0.000130244,0.000134722,0.0187619,-0.000634349,-0.000425961,-0.000220891,-6.59762e-05,1.2632e-05,7.31165e-05,0.000211293,0.000479123,0.000655113,0.000135557,0.000133049,0.000131702,0.000130556,0.000131824,0.000129506,0.000126319,0.000131047,0.000260848,1.81963e-05,0.000313152,-0.000286119,0.00027122,3.4823e-05,0.49276,-0.000610879,-0.000246398,0.000233028,0.000675071,1787518500,-0.000244517,0.000250584,0,1,-0.000260419,0.000282651,2.95048e-05,1,0.000249518,3.45292e-05,0.000276587,1,-0.000252567,0.000284652,3.10368e-05,1
1787518680,0.000220482,4.08344e-06,0.000383771,-7.35048e-05,0.000460208,0.510542,6.70313e-05,6.58246e-05,0.0197432,-0.000611944,-0.000408299,-0.000213211,-6.82687e-05,8.096e-06,6.10632e-05,0.000189196,0.000427224,0.000580794,8.16299e-05,6.41086e-05,7.3251e-05,6.29325e-05,7.16456e-05,7.44656e-05,7.11598e-05,7.29904e-05,0.000244946,0,0.000259228,-0.000272656,0.000213644,0,0.487314,-0.000591468,-0.000238031,0.000212613,0.000620931,1787518500,-0.00028075,0.000273174,0,1,-0.000251206,0.000279557,3.39116e-05,1,0.000253236,3.8815e-07,0.000266095,1,-0.000261912,0.000278651,2.13881e-05,1
1787518740,0.000314307,4.08254e-06,0.000314307,-8.16513e-06,0.000456648,0.518547,9.19504e-05,9.00325e-05,0.0178219,-0.000614167,-0.00040917,-0.000206481,-5.95478e-05,1.31432e-05,6.90569e-05,0.000200005,0.000443809,0.000621775,9.72674e-05,9.01311e-05,9.00467e-05,8.90618e-05,8.68685e-05,8.96927e-05,9.73647e-05,9.51984e-05,0.000244855,0,0.000259377,-0.000277866,0.000215094,0,0.490969,-0.000589973,-0.000235431,0.000222401,0.000646158,1787518500,-0.000254565,0.000248132,0,1,-0.000269021,0.000318654,2.62161e-05,1,-0.000236481,0.000254456,1.91606e-05,1,-0.000243205,0.000276709,1.99028e-05,1
1787518800,0.00058753,0,0.000591609,0,0.000454239,0.517951,0.000174352,0.00017627,0.0174512,-0.000677348,-0.00046737,-0.000227362,-6.22538e-05,1.32223e-05,7.7494e-05,0.000224703,0.000493386,0.000668299,0.000166266,0.000179729,0.000165861,0.000176935,0.000161934,0.000165556,0.00017957,0.000175757,0.000271619,7.41877e-05,0.00042759,-0.000296205,0.000330676,0.000117535,0.492848,-0.000632912,-0.000252304,0.000238127,0.000676567,1787518800,0.00027472,0,0.0002605,0,-0.000266788,0.000281978,2.48034e-05,0,-0.000251433,0.00028065,1.14737e-05,1,-0.000243059,0.000256667,1.57937e-05,1
1787518860,0.0010192,4.07886e-06,0.00127995,-0.000424292,0.000457286,0.520749,0.000378021,0.000386217,0.0216012,-0.000624165,-0.000429172,-0.000213614,-6.00239e-05,1.52363e-05,8.08007e-05,0.000218286,0.000478613,0.000643594,0.000311387,0.000389414,0.000342933,0.000405179,0.000354271,0.000351609,0.000392058,0.000356051,0.00025976,0,0.000297035,-0.000296687,0.000246924,1.22809e-05,0.489279,-0.000614603,-0.000253806,0.00023661,0.000702748,1787518800,-0.000318403,0.000271322,0,0,-0.000273659,0.00029596,3.20678e-05,0,0.000265247,4.15937e-07,0.000259769,0,-0.000260381,0.000280057,1.40541e-05,0
1787518920,0.000358511,-5.29727e-05,0.000896036,-5.29727e-05,0.000475082,0.503794,0.000108226,0.000103749,0.0585029,-0.00092753,-0.000668585,-0.000352703,-0.000115171,4.51812e-06,0.000121877,0.000347544,0.000746822,0.00102691,0.000104202,0.000102365,0.000105013,0.000102278,9.46285e-05,0.000107703,0.000114414,0.000117747,0.000420935,1.92409e-05,0.000470088,-0.000444582,0.000399592,4.65992e-05,0.485834,-0.000820166,-0.00035924,0.000334951,0.00097834,1787518800,-0.000309656,0.000284287,0,0,0.000315708,4.18687e-05,0.000271017,0,0.000250973,2.77062e-05,0.000263559,0,-0.000245962,0.000274318,1.53685e-05,0
1787518980,0.00241253,5.29509e-05,0.00369981,-8.96156e-05,0.000473033,0.506817,0.00102573,0.0010319,0.0475212,-0.00086477,-0.00061326,-0.00033545,-0.000107315,7.77158e-06,0.000115723,0.000311155,0.000665839,0.000941748,0.000997256,0.00107799,0.00101091,0.00103623,0.00104012,0.00102047,0.00104581,0.00100877,0.000391128,1.31145e-05,0.000417065,-0.000396837,0.000351665,2.53384e-05,0.494145,-0.000759705,-0.000327425,0.000306843,0.000903573,1787518800,-0.000414928,0.000422245,0,0,-0.000298424,0.000323974,0,0,-0.000299352,0.000245476,1.58083e-05,0,-0.000266036,0.000271324,6.08204e-06,0
1787519040,0.00208237,2.43803e-05,0.00220402,-0.000304804,0.000579388,0.501779,0.000699285,0.000704834,0.985884,-0.00149701,-0.00109538,-0.000583632,-0.000188132,3.00539e-06,0.000211339,0.00060449,0.00127767,0.00179068,0.00083173,0.000866412,0.000697316,0.000715825,0.000538983,0.000658532,0.000737769,0.000675653,0.000714514,0.000115161,0.000862753,-0.000748706,0.000672854,9.61611e-05,0.477659,-0.00122772,-0.000571551,0.000522948,0.00151726,1787518800,-0.000379955,0.000389351,0,0,-0.00039329,0.000481087,1.24826e-05,0,-0.000279413,0.000282117,0,0,0.000264742,4.21718e-05,0.000253941,0
1787519100,-0.00108733,-0.000227105,-0.000227105,-0.00140401,0.00064475,0.501261,0.00030436,0.000310629,0.995086,-0.00159919,-0.0011438,-0.000614017,-0.000193176,2.05287e-06,0.000211873,0.00059487,0.00129186,0.00191481,0.000357118,0.000355913,0.000314698,0.000311629,0.000422689,0.000318157,0.000276775,0.00029462,0.00072817,0.000104281,0.000882376,-0.000762754,0.000620628,5.92552e-05,0.479869,-0.0012964,-0.000608529,0.00054895,0.00160369,1787519100,-0.000705308,0.000673779,0,1,-0.000370438,0.000407199,4.08909e-05,0,-0.000360255,0.000406546,1.79765e-05,0,-0.000273621,0.00028225,4.89399e-06,0
1787519160,-0.000251714,-4.05941e-06,6.49482e-05,-0.000836586,0.000656532,0.506883,0.000109508,0.000110478,0.992053,-0.00137835,-0.000964925,-0.000525436,-0.000158236,1.14293e-05,0.000196105,0.000535852,0.00116233,0.00161101,9.03991e-05,8.94121e-05,0.00013469,0.000100631,0.000197051,0.000129652,0.000105683,0.000107331,0.000637573,0.000125844,0.000689793,0.000629705,0,0.000573753,0.500449,-0.00119191,-0.000503745,0.000506954,0.00143469,1787519100,-0.000739499,0.000735044,0,1,-0.000616498,0.000776057,4.10294e-05,1,-0.000344494,0.000358258,2.27343e-05,0,-0.00036851,0.00039209,2.94115e-05,0
1787519220,-0.00104814,1.62415e-05,0.000113685,-0.00105627,0.000650907,0.510636,0.00030598,0.000324321,0.979855,-0.00124938,-0.000866069,-0.000442511,-0.000131749,1.53701e-05,0.000173503,0.000500683,0.00104281,0.00143598,0.000337059,0.000333708,0.000302339,0.000313653,0.000372002,0.000297737,0.00031833,0.000310922,0.000570397,4.11028e-05,0.000582714,0.000616707,0,0.000478327,0.502082,-0.00114024,-0.000472799,0.000507215,0.00139779,1787519100,-0.000579696,0.00063166,0,1,-0.000662602,0.000798049,0,0,-0.000554383,0.000628751,4.78621e-05,1,-0.000354266,0.000349269,1.34765e-05,0
1787519280,0.00127955,-4.06469e-06,0.00164484,-0.000333359,0.000661195,0.526527,0.000392021,0.000395214,0.959065,-0.00121361,-0.000827188,-0.000440814,-0.000117343,4.14117e-05,0.000176131,0.000469469,0.000947566,0.00123191,0.000430337,0.000433402,0.00036094,0.000407916,0.000311576,0.000361127,0.000371734,0.000437726,0.000548523,0.000100788,0.000579857,0.000629984,0,0.000431604,0.500913,-0.00119042,-0.000491064,0.000511971,0.00137046,1787519100,-0.000606766,0.000590683,0,1,-0.000638691,0.000648965,0,1,-0.000634472,0.000644469,0,1,-0.00058562,0.000573179,5.70802e-05,1
1787519340,0.000742609,-6.90135e-05,0.00236388,-0.000142092,0.000679102,0.505246,0.000215743,0.000208251,0.931765,-0.00136108,-0.00096599,-0.000508392,-0.000155202,8.0572e-06,0.000196519,0.000540746,0.00113762,0.00155277,0.000208519,0.000210725,0.000211857,0.000209922,0.000179785,0.000211754,0.000226022,0.000223587,0.000632228,8.0193e-05,0.000718732,-0.00071141,0.000603613,0,0.499665,-0.00128688,-0.000551654,0.000570597,0.00155554,1787519100,-0.0006053,0.000555143,0,0,-0.000621047,0.000629387,2.02346e-05,1,-0.000556214,0.000561624,1.55325e-06,1,-0.000598152,0.000641837,6.29241e-05,1
1787519400,-0.000754787,-0.000129815,0,-0.00137609,0.000680431,0.505976,0.000213426,0.00021921,0.87267,-0.00147202,-0.00105056,-0.000561752,-0.000185458,1.15798e-05,0.000215242,0.000579387,0.00120998,0.00164243,0.000220196,0.000217538,0.000220306,0.000219121,0.000292546,0.000215225,0.000199544,0.00020685,0.00068623,3.3863e-05,0.000754741,-0.00074682,0.000671303,0,0.498189,-0.00134625,-0.000589867,0.0005747,0.0015938,1787519400,-0.000677274,0.000649343,0,1,-0.000578266,0.000587433,3.97564e-05,1,-0.000521489,0.000551296,2.80481e-05,1,-0.00051071,0.000512556,3.68605e-05,1
1787519460,-3.24768e-05,2.84163e-05,0.00151711,-0.000129913,0.000681997,0.511738,8.37814e-05,8.19475e-05,0.763158,-0.00128449,-0.000887063,-0.000478862,-0.000163267,2.13507e-05,0.000191246,0.000492378,0.00103378,0.00139379,6.35727e-05,6.51546e-05,0.000101901,8.60834e-05,0.000138415,0.000106902,8.05933e-05,7.01618e-05,0.000583968,7.05881e-05,0.000642349,-0.000621848,0.000453918,0,0.499753,-0.0011714,-0.000494808,0.00050423,0.0013895,1787519400,-0.000633537,0.000702626,0,1,-0.000609002,0.000755809,2.2339e-05,1,-0.000538057,0.000503434,0,1,-0.000524782,0.000531022,1.082e-05,1
1787519520,0.000361245,6.08931e-05,0.000361245,-0.000357314,0.000675158,0.514388,0.000125283,0.000117527,0.536242,-0.00132059,-0.000919332,-0.000486628,-0.000141771,2.33732e-05,0.000192679,0.000506323,0.00106239,0.00148039,0.000104436,0.000107164,0.000128631,0.000129105,0.000127777,0.000134492,0.000127404,0.0001169,0.000597655,7.80174e-05,0.00061839,0.000668117,0,0.000578223,0.506812,-0.00126062,-0.000523741,0.000547608,0.00150074,1787519400,-0.000543498,0.000585205,0,1,-0.000579372,0.000795259,8.04615e-05,1,-0.000532605,0.000631289,9.25131e-06,1,0.000480183,8.84856e-05,0.000467221,1
1787519580,0.000263748,4.86971e-05,0.000559874,-0.000275995,0.000670322,0.514876,0.000103528,9.51415e-05,0.281843,-0.00118216,-0.000833596,-0.000432832,-0.000121121,2.06979e-05,0.000170221,0.000454484,0.000947693,0.00131238,8.79741e-05,9.03641e-05,0.000107987,9.87157e-05,0.000117255,0.00011373,0.000109624,0.000103001,0.000534599,6.47624e-05,0.000601563,0.000511254,0,0.000434377,0.510017,-0.00101749,-0.000403158,0.000451987,0.00124306,1787519400,-0.000588278,0.000634996,9.18881e-06,1,-0.000586922,0.00066033,1.80845e-05,1,-0.000541777,0.000702937,3.77175e-05,1,-0.000551672,0.000619134,1.11196e-05,1
1787519640,0.000401575,-2.84003e-05,0.000482681,-0.000681829,0.000664633,0.513429,0.00012551,0.000116515,0.22033,-0.00115951,-0.000804001,-0.000409967,-0.000131648,2.00089e-05,0.000166771,0.000426582,0.000917727,0.001288,0.000113464,0.000115774,0.000126677,0.000123213,0.00012023,0.000129468,0.000133013,0.000130274,0.000503976,4.08748e-05,0.000579687,0.000502021,0,0.000432598,0.501744,-0.000985988,-0.000411971,0.000421717,0.00118898,1787519400,-0.000535811,0.000527669,0,1,-0.000567117,0.000700674,0.000118518,1,0.000522439,9.83596e-05,0.000535805,1,-0.00057077,0.000686348,4.04244e-05,1
1787519700,0.000393306,2.02773e-05,0.00105792,8.11096e-06,0.000660399,0.513645,0.000127148,0.000117536,0.120317,-0.00119698,-0.000862035,-0.000451544,-0.000132349,2.04947e-05,0.000182843,0.000442018,0.000961234,0.00138618,0.000110677,0.000113386,0.000122138,0.000128751,0.000115259,0.000122279,0.000133612,0.000132167,0.000537501,2.73108e-05,0.000683786,0.000565554,0,0.000585142,0.50286,-0.00108064,-0.000457999,0.000466446,0.00128609,1787519700,-0.000485356,0.000499867,0,1,-0.000514918,0.000585181,3.27263e-06,1,-0.000486575,0.00063476,7.35255e-05,1,-0.000512526,0.000585192,4.01638e-05,1
1787519760,0.00312877,-6.89187e-05,0.00384381,-6.89187e-05,0.000656124,0.509985,0.00132532,0.00132851,0.148055,-0.00110813,-0.000763506,-0.00042737,-0.000130162,1.41472e-05,0.000157899,0.000392096,0.000883297,0.00128697,0.00135431,0.00136339,0.00132286,0.00132263,0.00114485,0.00134298,0.00134491,0.00131741,0.000496887,4.04964e-05,0.000590435,0.000475905,0,0.00045883,0.500794,-0.00094076,-0.000401,0.000398321,0.00114192,1787519700,-0.000569382,0.000555787,0,0,-0.00048026,0.000565791,5.64514e-05,0,-0.000473379,0.000492935,0,0,-0.000553354,0.000587421,9.92531e-06,0
1787519820,-0.00130213,-1.21238e-05,0.000282847,-0.00132236,0.000785921,0.500302,0.000366453,0.000375806,0.0309454,-0.00203987,-0.00140775,-0.000733439,-0.00022666,-3.14534e-07,0.000257876,0.000726701,0.00161837,0.00247482,0.000465085,0.000414594,0.000375836,0.000373708,0.000478107,0.00040737,0.000328333,0.000352052,0.000877197,0.000118368,0.00109068,-0.00093844,0.000929998,3.71409e-05,0.489461,-0.00162043,-0.000741758,0.000715716,0.00202236,1787519700,-0.000448399,0.00047142,2.26533e-05,0,-0.000548381,0.000656426,2.98305e-05,0,-0.000453737,0.000523756,2.24593e-05,0,-0.000462263,0.000522083,4.07711e-06,1
1787519880,0.00147588,3.64179e-05,0.00167789,-0.000335916,0.000799518,0.506891,0.000452122,0.000445095,0.0367137,-0.00163491,-0.00109233,-0.000606491,-0.000189688,1.38175e-05,0.000214689,0.000552286,0.00124106,0.00177346,0.000527968,0.000480551,0.000415892,0.000456481,0.000337091,0.00043198,0.000455743,0.000479447,0.000703267,8.86121e-05,0.000803338,0.000776896,0,0.000645426,0.500315,-0.00146895,-0.000633003,0.000622087,0.00171985,1787519700,-0.000876524,0.000866757,0,1,-0.000444456,0.000531285,0.000108605,0,-0.000465213,0.000601666,6.58689e-05,0,-0.000465057,0.000528559,2.605e-05,0
1787519940,-0.00035563,-9.69775e-05,-3.63655e-05,-0.0012129,0.000818541,0.500789,0.00013557,0.000139408,0.0316859,-0.00161926,-0.00114124,-0.000636671,-0.000201463,6.01399e-07,0.000230957,0.000607508,0.00139861,0.00206857,0.000108524,0.00012065,0.000162156,0.000133928,0.000208725,0.000155978,0.000111204,0.000131333,0.000751585,1.95928e-05,0.000860287,-0.000849179,0.000639704,0,0.493357,-0.00150305,-0.000671305,0.000671544,0.00185209,1787519700,-0.000665194,0.000736815,0,1,-0.000763185,0.00102479,1.13516e-05,1,-0.000424369,0.000499538,5.37677e-05,0,-0.000470024,0.000587541,2.39024e-05,0
1787520000,0.000299061,4.85025e-05,0.000557637,-0.000671193,0.000811873,0.509825,0.000129138,0.000116779,0.0366326,-0.00148295,-0.0010341,-0.000560473,-0.000182423,1.95229e-05,0.00021579,0.00056644,0.00121061,0.00176677,9.37809e-05,0.000107892,0.000139,0.000115757,0.000125859,0.000130502,0.00013398,0.00014248,0.000676682,2.01403e-05,0.000790999,0.000791602,0,0.000647397,0.509689,-0.00148875,-0.00061406,0.000659689,0.00177723,1787520000,-0.000785239,0.000755111,0,1,-0.000688451,0.000773285,9.7194e-06,1,-0.00068796,0.000817616,2.2524e-05,1,-0.000447855,0.000503427,3.39178e-05,0
1787520060,-0.000816567,-5.65723e-05,0.000206058,-0.00124533,0.000804826,0.508578,0.000229891,0.000239396,0.0423575,-0.00141995,-0.00100245,-0.000531347,-0.000159638,1.45519e-05,0.000219695,0.000542025,0.00119199,0.00172681,0.00024429,0.000236683,0.000238523,0.000235879,0.000314607,0.00023404,0.000223258,0.000219035,0.000645225,2.4415e-05,0.000747855,0.000786027,0,0.000643454,0.503464,-0.00144857,-0.000613106,0.000644033,0.0017569,1787520000,-0.00071152,0.000790628,0,1,-0.000761484,0.000854672,8.4732e-06,1,-0.000646337,0.00067807,0,1,-0.000701591,0.000757745,6.28401e-05,1
1787520120,-0.00104796,1.21321e-05,0.000622592,-0.0010844,0.000805062,0.521041,0.00029551,0.000317422,0.0522012,-0.00133578,-0.000924905,-0.000499989,-0.000153199,3.99662e-05,0.000218334,0.000506989,0.00111428,0.00151952,0.000337463,0.000313518,0.000302265,0.000299606,0.000367347,0.000297669,0.000303457,0.000290442,0.000604989,0.000118715,0.000738409,0.000700399,0,0.000583829,0.512758,-0.00136593,-0.000553069,0.000605913,0.00160898,1787520000,0.000711981,4.20039e-05,0.000647112,1,0.000687295,0.000101386,0.000706258,1,-0.000639631,0.00073894,2.94159e-05,1,-0.000576931,0.000666498,4.09061e-05,1
1787520180,0.0010237,-1.2145e-05,0.00112884,-0.000737063,0.000810634,0.530175,0.000289501,0.000279044,0.0629987,-0.0013559,-0.000923907,-0.000500027,-0.000144906,6.12204e-05,0.00023179,0.000535803,0.00108774,0.00143526,0.000312343,0.000290851,0.000289715,0.00028849,0.00023174,0.000290035,0.0002847,0.000305283,0.000625033,0.000148469,0.000700915,0.000714143,0,0.000565715,0.509745,-0.00137941,-0.000564309,0.000610784,0.0016086,1787520000,-0.000592663,0.000660014,3.34241e-06,1,-0.000698187,0.000795164,2.8985e-05,1,-0.000638446,0.00063667,1.5053e-05,1,-0.000654457,0.000672254,3.4103e-05,1
1787520240,-0.000954878,-6.06643e-05,-4.85311e-05,-0.00120994,0.000815441,0.513413,0.000270164,0.000278291,0.0478525,-0.0014031,-0.000990493,-0.00053526,-0.000160285,2.43232e-05,0.000231563,0.000572753,0.001189,0.00157925,0.000297951,0.000275987,0.000275838,0.000274213,0.000337395,0.000270701,0.000274826,0.000260136,0.000668029,0.000109123,0.000826632,0.00071336,3.41028e-05,0.000653124,0.51413,-0.00136837,-0.000558038,0.000629826,0.00165944,1787520000,-0.000601157,0.000634475,2.40382e-05,1,-0.000602749,0.000730927,4.25788e-05,1,-0.000603617,0.000677996,4.19975e-05,1,-0.000585281,0.000712161,2.31163e-05,1
1787520300,-0.000125497,1.2144e-05,0.000214522,-0.000761319,0.000818462,0.525946,8.96434e-05,8.85521e-05,0.0595642,-0.00126358,-0.00086341,-0.000485407,-0.000146796,5.02863e-05,0.000218406,0.000499487,0.00101287,0.00131934,6.97275e-05,8.41339e-05,0.000109102,8.6755e-05,0.000143967,0.000113644,9.58155e-05,7.69325e-05,0.000592179,8.47914e-05,0.000713895,0.000641712,0,0.000514549,0.50704,-0.00127498,-0.00052191,0.000547779,0.00145047,1787520300,-0.000632238,0.000668232,2.49607e-05,1,-0.000612177,0.000706145,9.17092e-05,1,-0.000539124,0.000630143,2.74388e-05,1,-0.00060704,0.000665996,2.74433e-05,1
1787520360,0.00107229,4.04845e-05,0.00146854,4.04845e-05,0.000810431,0.529365,0.000307447,0.000301216,0.0779193,-0.00122391,-0.000833519,-0.000439023,-0.000109765,4.42838e-05,0.000215579,0.000484382,0.000991107,0.00133006,0.000330949,0.00031069,0.000302724,0.000306861,0.000252045,0.000304271,0.000301586,0.000326682,0.0005592,3.55864e-05,0.000648443,0.000646361,0,0.00052993,0.510381,-0.0012655,-0.000509438,0.000563282,0.00149553,1787520300,-0.000542513,0.000571728,0,1,-0.000602718,0.000776559,3.6914e-05,1,-0.00053694,0.000627768,4.6784e-05,1,-0.000522067,0.000624153,3.82224e-05,1
1787520420,-0.000679656,-0.000113244,-5.66203e-05,-0.00119375,0.000816491,0.511509,0.000188971,0.000196827,0.0562924,-0.00129042,-0.000897301,-0.000512467,-0.000151721,1.93075e-05,0.000205828,0.000505951,0.00104442,0.00141045,0.00019814,0.000198404,0.000198328,0.000196578,0.000254287,0.000194384,0.000181016,0.000176828,0.000611823,6.0916e-05,0.000783069,0.000683199,0,0.000606069,0.50359,-0.00131716,-0.000560001,0.000573865,0.00154018,1787520300,0.000555138,4.25532e-05,0.00054884,1,0.00055386,8.97814e-05,0.000581961,1,-0.000526255,0.00063703,4.37928e-05,1,0.000533125,8.79974e-05,0.000562774,1
1787520480,0.00132652,0,0.00151645,-4.04695e-06,0.00081398,0.521538,0.000408871,0.000401672,0.0718607,-0.00123206,-0.000835991,-0.000468464,-0.000144026,3.86412e-05,0.000210022,0.000484678,0.00100645,0.00133911,0.000452813,0.000409425,0.000393074,0.000406731,0.000321608,0.00037955,0.000396657,0.000437396,0.000573292,6.56466e-05,0.000715484,0.000650635,0,0.000546519,0.505565,-0.00127224,-0.000527397,0.00055044,0.00147663,1787520300,-0.000610121,0.000609725,0,1,0.000570359,0.000114499,0.000612028,1,0.000526669,4.05628e-05,0.000522678,1,-0.000536625,0.000636541,4.27015e-05,1
1787520540,0.00104218,-1.61664e-05,0.00216394,-0.000270823,0.000827348,0.506339,0.000304736,0.000292712,0.0440447,-0.00125573,-0.000881072,-0.000515777,-0.00015288,9.57303e-06,0.00020065,0.000491888,0.00106111,0.00151875,0.000318358,0.000296331,0.000294507,0.000301044,0.000231362,0.000294897,0.000320001,0.000321201,0.000607772,5.05172e-05,0.00079369,0.000679761,0,0.000636985,0.502609,-0.00129773,-0.000557612,0.000573276,0.00154758,1787520300,-0.000548719,0.000599158,0,0,-0.00055748,0.0006955,5.68818e-05,1,0.0004948,0.000121524,0.000544515,1,-0.000477676,0.000650488,0.000112923,1
1787520600,0.000855556,0.000177628,0.00244366,0.000137261,0.000832189,0.500084,0.000259587,0.00024618,0.0382242,-0.00166678,-0.00124005,-0.000713315,-0.000223846,-7.53655e-07,0.000249288,0.000630233,0.00132583,0.00181607,0.00024525,0.000243027,0.000242582,0.000243029,0.000187481,0.000243049,0.000272954,0.000288613,0.0008148,0,0.00103291,-0.00090654,0.000820371,0.000102012,0.499523,-0.00162252,-0.000721379,0.000693977,0.00187602,1787520600,-0.000604146,0.000598582,0,1,0.000568199,8.39548e-05,0.000617493,0,0.000515636,7.72821e-05,0.0005387,1,-0.000516477,0.000639578,0.000124071,1
1787520660,0.000830642,-1.21018e-05,0.000951552,-0.000803072,0.000832663,0.502814,0.000249725,0.000234997,0.0362145,-0.00159327,-0.00115222,-0.000662411,-0.000209019,5.0333e-06,0.000258381,0.000630681,0.0013178,0.0018609,0.000235093,0.000235856,0.000235353,0.000235697,0.000179666,0.000236203,0.000270471,0.000272309,0.000779757,4.314e-05,0.000925846,-0.000831416,0.000785285,5.75018e-07,0.499221,-0.00152382,-0.000674232,0.000657974,0.00182368,1787520600,-0.00080609,0.000921003,0.000106752,1,-0.000578092,0.000701777,3.4913e-05,0,0.000529671,4.4034e-05,0.00056397,0,-0.000514138,0.000675823,0.000108577,1
1787520720,0.000672878,4.43353e-05,0.000934655,-0.000334593,0.000832622,0.507163,0.000205662,0.00018962,0.0369714,-0.00152768,-0.00110844,-0.000629734,-0.000189887,1.42124e-05,0.000251425,0.00061357,0.00130916,0.00181989,0.000188428,0.000191911,0.000191225,0.00019133,0.000149957,0.000192457,0.000221131,0.00023231,0.000748166,4.6794e-06,0.000915409,0.000755191,0,0.000726676,0.502281,-0.0013925,-0.000607373,0.000617853,0.00168119,1787520600,-0.000683817,0.000859229,0.000103059,1,-0.000704015,0.000882954,0.000135706,1,-0.000506977,0.000601532,3.34486e-05,0,-0.000493081,0.000660423,0.000133352,0
1787520780,0.000491278,-4.83354e-05,0.000869639,-0.000318251,0.000829729,0.509378,0.000162216,0.000147917,0.0416177,-0.00143763,-0.00103767,-0.000590189,-0.000176686,1.79413e-05,0.00024439,0.000594297,0.00122479,0.00170028,0.000137859,0.000141384,0.000148,0.000152555,0.000123687,0.000159732,0.000173568,0.000181412,0.000710993,4.80171e-06,0.000858874,0.000693244,0,0.000670534,0.502975,-0.00130847,-0.000566324,0.000575647,0.00158172,1787520600,-0.00064158,0.00078083,8.92767e-05,1,-0.000657396,0.000804787,0.000161671,1,-0.00060694,0.000754341,0.000149106,1,-0.000513907,0.000627255,0.000128175,1
1787520840,-0.00206741,0,0.000426652,-0.00206741,0.000824323,0.514371,0.000734061,0.000776349,0.0506672,-0.00141384,-0.0010093,-0.000565164,-0.000163658,2.69131e-05,0.000249197,0.000580642,0.00117349,0.00163464,0.000847571,0.000792629,0.000769822,0.00074687,0.00084479,0.000717327,0.000745414,0.000697746,0.000688833,3.22953e-05,0.000834684,0.00065352,0,0.00065909,0.508764,-0.00125425,-0.000531908,0.000556553,0.00151624,1787520600,-0.00061993,0.000736033,8.04535e-05,1,-0.000639991,0.000738263,7.66085e-05,1,-0.000589593,0.000696933,0.000132655,1,-0.000604875,0.000864253,0.000147858,1
1787520900,-0.0047839,-1.21027e-05,-1.21027e-05,-0.00568013,0.000866834,0.529393,0.0020779,0.00211936,0.0352324,-0.00155922,-0.00105463,-0.000582271,-0.000162816,6.63351e-05,0.000280819,0.000644476,0.00124533,0.00160818,0.00220519,0.00213531,0.00205381,0.00207567,0.00215125,0.00204294,0.00207717,0.0020965,0.000740901,0.000259152,0.00089884,0.000819272,0,0.000685419,0.513866,-0.00152739,-0.000632031,0.000683286,0.00175299,1787520900,-0.000575948,0.000694886,9.72135e-05,0,-0.00060477,0.000683239,9.79298e-05,0,-0.000575399,0.000622557,8.723e-05,0,-0.000620976,0.000754268,0.000184034,0
1787520960,0.0027405,0,0.00282539,0,0.00109274,0.545782,0.000789228,0.000772995,0.512342,-0.00287561,-0.0020028,-0.000944148,-0.000218741,0.000181015,0.000566684,0.00121649,0.00234445,0.00301008,0.00115728,0.001008,0.000795897,0.000905837,0.000878808,0.000805721,0.000724454,0.000785709,0.00133549,0.000287348,0.00107638,0.00131869,0.000240883,0.000923863,0.531277,-0.0023311,-0.000905489,0.00109938,0.00260311,1787520900,-0.000615532,0.000783439,0.00016322,1,-0.000566581,0.000644405,0.000114575,0,-0.000551462,0.000577609,8.48682e-05,0,-0.000558136,0.00071082,0.000172176,1
1787521020,-0.00183696,-0.000145539,0.000493059,-0.00186531,0.00114909,0.534677,0.000531238,0.000549591,0.554231,-0.00258818,-0.00181209,-0.000889752,-0.000224142,0.000116547,0.000431611,0.00102681,0.00199648,0.0026589,0.000731506,0.000574549,0.000531994,0.000577423,0.000522706,0.000575416,0.000539752,0.000560878,0.00116767,8.56807e-05,0.00122495,0.00116544,0,0.000953945,0.510557,-0.00214494,-0.000893945,0.00099653,0.00246973,1787520900,0.000883357,0.000280827,0.00120317,1,-0.000659334,0.000722663,0.000134543,0,-0.00051369,0.000545144,9.75666e-05,0,-0.000534694,0.000672608,0.000156926,0
1787521080,-0.000279482,-4.0499e-06,0.000457533,-0.00109407,0.00116683,0.5409,0.000173948,0.00018288,0.613521,-0.00265259,-0.00181096,-0.000866353,-0.000208851,0.000141307,0.000454035,0.000978266,0.00197355,0.00255016,9.61714e-05,0.000136374,0.000217461,0.000138574,0.000218051,0.000308341,0.00020142,0.00014644,0.00112599,0.000160281,0.0010928,0.00118702,0,0.000917357,0.511913,-0.00225877,-0.000935559,0.000978035,0.00242989,1787520900,0.00101736,3.78934e-06,0.00114517,1,0.000982336,7.79915e-05,0.00111771,1,-0.000573405,0.000629346,9.3698e-05,0,-0.00051016,0.000622515,0.000155062,0
1787521140,-0.00287225,1.6204e-05,0.000360476,-0.00362413,0.00115578,0.539461,0.00102786,0.00107739,0.516086,-0.00213075,-0.00139552,-0.000668144,-0.000166116,0.000105264,0.000362301,0.000788357,0.00154462,0.00206556,0.0012481,0.00107795,0.000888284,0.00108189,0.000832371,0.00092305,0.00108495,0.00106485,0.000892743,8.00361e-05,0.000881237,0.00110106,0,0.000882581,0.511696,-0.00209517,-0.000856284,0.000935841,0.00235607,1787520900,-0.000887231,0.00109305,0.000108725,1,0.000859716,0.000226109,0.000923123,0,-0.000746226,0.000882283,0.00012856,1,-0.000529312,0.000722339,0.000153706,0
1787521200,0.000479281,0.000166556,0.00132356,-0.00065024,0.00121413,0.55212,0.00019707,0.000189583,0.733554,-0.00295713,-0.00205455,-0.000927727,-0.000193034,0.000204842,0.000573442,0.00118935,0.00229497,0.00300716,0.000134651,0.000169973,0.000226447,0.000186244,0.00029433,0.000325293,0.000175441,0.000169755,0.00131627,0.000280064,0.00115005,0.0013597,0.000101479,0.00101177,0.520492,-0.00250824,-0.000998845,0.00113655,0.00273529,1787521200,0.000848643,0.000161671,0.000924271,1,0.000814903,0.000215233,0.000921695,1,0.00071895,0.00013026,0.000764354,0,0.000699754,0.000309572,0.000849797,1
1787521260,-0.000328973,0.000101513,0.000442522,-0.00111733,0.00120383,0.543644,0.000165077,0.000172607,0.633807,-0.00226498,-0.00148379,-0.000734105,-0.000173489,0.000130626,0.000419965,0.000846514,0.00164097,0.00219844,0.000104588,0.000146916,0.000200371,0.00014794,0.000206296,0.000190512,0.000186484,0.000157474,0.0009669,9.23476e-05,0.000929883,0.00113764,0,0.000923875,0.509589,-0.00217721,-0.000885786,0.000976041,0.00243082,1787521200,0.000976738,0.000215994,0.0011956,1,0.000858914,0.000179538,0.000918626,1,0.000779805,9.10343e-05,0.000810677,1,0.000735792,0.000202962,0.000904105,1
1787521320,0.000629422,4.06199e-05,0.00112862,2.84341e-05,0.00119264,0.545358,0.000187676,0.00017139,0.555779,-0.00196587,-0.00132936,-0.000670467,-0.000164735,0.000132786,0.000394475,0.000794272,0.00144799,0.00186698,0.000176145,0.000192451,0.000228057,0.000188528,0.000273507,0.000190175,0.000177033,0.000175454,0.000897023,3.83658e-05,0.000925559,0.00101088,0,0.000839961,0.510623,-0.00200975,-0.000809252,0.000877497,0.00217273,1787521200,0.000952625,8.18776e-05,0.00114337,1,0.000981424,0.000159003,0.00108592,1,0.000702103,0.000211408,0.000795574,1,0.0007105,0.000291874,0.000913706,1
1787521380,-0.000592865,-0.000194876,-0.000190815,-0.00106009,0.00118401,0.543846,0.00018409,0.00019105,0.453852,-0.00167072,-0.00114429,-0.000605468,-0.000138143,0.000104168,0.000341486,0.000669348,0.00126177,0.00163023,0.000174986,0.000188485,0.000219763,0.000175156,0.000212346,0.000176293,0.000195477,0.000182046,0.00077422,7.45754e-05,0.000863072,0.000872922,0,0.000772258,0.503867,-0.001748,-0.000724916,0.000740304,0.00187189,1787521200,0.000823507,0.000114322,0.000974872,1,-0.00089326,0.000998076,0.000207613,1,0.000824641,0.000128054,0.000909021,1,-0.000752957,0.000838658,0.000234062,1
1787521440,-0.000109678,-0.000101553,0.000446711,-0.000199054,0.0011751,0.542922,0.000110094,0.000111099,0.392278,-0.0016131,-0.00110664,-0.000574872,-0.000149766,0.000109086,0.000335383,0.000645897,0.00121099,0.00157681,6.88901e-05,0.000119621,0.000148959,9.95622e-05,0.000164157,0.000105258,0.000122692,0.00010733,0.000743656,3.7817e-05,0.000824918,0.000830317,0,0.00068966,0.504855,-0.00167922,-0.000675413,0.000713152,0.00178922,1787521200,0.000755573,2.93752e-05,0.000842727,1,0.000783316,0.000124866,0.000925139,1,0.000760488,8.95837e-05,0.000921442,1,0.000781476,0.000260223,0.000989953,1
1787521500,0.0021102,2.03116e-05,0.00220749,2.03116e-05,0.00116339,0.54054,0.000757627,0.000759631,0.34669,-0.00155642,-0.00108156,-0.000534003,-0.000124732,8.18705e-05,0.000281201,0.000565329,0.00110315,0.00147591,0.000842103,0.000677839,0.000644509,0.000765854,0.000656869,0.000766546,0.000759241,0.000784931,0.000665552,0,0.000861248,0.000731863,0,0.000817415,0.503049,-0.00152603,-0.00062161,0.000603007,0.00152834,1787521500,0.000720321,3.62009e-05,0.000802456,1,-0.000724571,0.000777256,0.000148381,1,0.000732197,5.21844e-05,0.000829643,1,0.00080915,0.000143653,0.00102496,1
1787521560,7.70193e-05,8.10757e-06,0.000482286,-0.000283806,0.00118974,0.53061,0.000109321,0.0001009,0.0790761,-0.00159396,-0.00108362,-0.000599206,-0.00017258,7.40302e-05,0.000302228,0.000668031,0.00127514,0.00168601,6.60235e-05,0.000118855,0.000146816,9.30852e-05,0.000168555,0.000116847,0.000126839,0.000106014,0.000766103,9.25111e-05,0.00110819,-0.000933406,0.00079281,1.98808e-06,0.499917,-0.00183009,-0.000781153,0.000791858,0.00202012,1787521500,-0.00070115,0.000673121,0.000176536,1,0.000730207,1.586e-05,0.0008209,1,0.00066405,4.01154e-05,0.000749612,1,-0.000719921,0.000896831,0.000229038,1
1787521620,-0.000811027,0,0.000769867,-0.000811027,0.00117783,0.543092,0.000232148,0.000245837,0.0756049,-0.00142138,-0.00096117,-0.00050519,-0.000123747,9.01381e-05,0.000276169,0.000548614,0.00108164,0.00140138,0.000242768,0.000239916,0.000238901,0.000232648,0.00025627,0.00023161,0.000211034,0.000237462,0.000638848,0,0.000873287,0.000793466,0,0.000800563,0.505617,-0.00164902,-0.000665291,0.000677283,0.00177171,1787521500,-0.000829275,0.000837775,0.000168457,1,-0.000661927,0.000643705,0.000316857,1,0.000692734,0,0.000747087,1,-0.000690366,0.000738219,0.000202308,1
1787521680,0.000960995,5.27367e-05,0.000989364,-2.83979e-05,0.00117162,0.542437,0.000270757,0.000252584,0.0864705,-0.00151986,-0.0010266,-0.000541445,-0.000137173,9.7674e-05,0.000302839,0.000614053,0.00117255,0.00151427,0.00028427,0.000274257,0.000273086,0.000271064,0.000273187,0.000272951,0.00027271,0.000267922,0.000702814,0.000140592,0.000903628,0.000877773,0,0.000879343,0.507206,-0.00181337,-0.000731368,0.000765561,0.00196132,1787521500,-0.000701496,0.000794833,0.000113917,1,-0.000780173,0.000822002,0.000156346,1,-0.00058748,0.000630596,0.000242503,1,-0.000654111,0.000736152,0.000216609,1
1787521740,0.000149945,-4.05289e-06,0.000465973,-0.000389152,0.00116778,0.54384,9.78746e-05,8.91422e-05,0.09611,-0.00138586,-0.000949592,-0.000489786,-0.000115313,8.63686e-05,0.000277579,0.000588107,0.00110398,0.00138421,7.0195e-05,0.000119291,0.000126932,8.12073e-05,0.000155613,0.000114191,0.000111607,9.62134e-05,0.000658168,5.22571e-05,0.000885434,0.000765302,0,0.000778613,0.512621,-0.00157886,-0.000610593,0.000691269,0.00172833,1787521500,-0.000723585,0.000807619,0.000174374,1,-0.000688203,0.000711078,0.000202873,1,-0.000726275,0.000694452,0.000105325,1,-0.000638615,0.000700783,0.000183047,1
1787521800,0.000619806,-4.4576e-05,0.000644104,-0.000433687,0.00115624,0.542495,0.000180724,0.000160875,0.14328,-0.00138503,-0.000932973,-0.000486062,-0.000125188,8.90937e-05,0.000262742,0.000544263,0.00106587,0.00136054,0.000173474,0.000185721,0.000184151,0.000175757,0.000199235,0.000178866,0.000196819,0.000182799,0.000626124,0,0.000849698,0.000797175,0,0.000776936,0.508046,-0.00165414,-0.000652073,0.000695332,0.0017969,1787521800,-0.000735289,0.000723017,0.000114495,1,-0.000752035,0.000759918,0.00022532,1,-0.000667418,0.000632887,0.000144875,1,-0.000707496,0.000812306,0.000228999,1
1787521860,0.00106452,8.09949e-06,0.00121419,-0.00031188,0.00114797,0.542995,0.000303388,0.000282661,0.194434,-0.00133823,-0.00091832,-0.00046311,-0.000118632,8.60135e-05,0.000256581,0.000563265,0.0010574,0.00134426,0.000323651,0.000302678,0.000300667,0.000306772,0.000279347,0.000302725,0.00032128,0.000304233,0.00062754,5.30071e-05,0.000841473,0.000700256,0,0.000753448,0.511795,-0.00144893,-0.000553122,0.000631645,0.00163467,1787521800,-0.000735252,0.000805367,0.000131437,1,-0.00070843,0.000687253,0.000100751,1,-0.000674642,0.000677584,0.000161019,1,-0.000677207,0.000718261,0.000225764,1
1787521920,-0.000190154,2.42724e-05,0.000311452,-0.000202293,0.00114636,0.524558,0.000104386,0.000108422,0.137543,-0.00147479,-0.00104599,-0.000577032,-0.000171143,5.42181e-05,0.000260305,0.000614305,0.00114956,0.00141782,8.1812e-05,0.000118141,0.000113132,9.83106e-05,0.000152568,0.00011574,0.00010859,0.000103371,0.000717926,3.13371e-05,0.000974709,0.000790164,0,0.000857829,0.507075,-0.00162238,-0.000650833,0.000696692,0.00182071,1787521800,-0.000660437,0.000725535,0.000172636,1,-0.000710147,0.000724414,0.000187752,1,-0.000639451,0.00056552,6.84324e-05,1,-0.000690559,0.000703569,0.000229525,1
1787521980,0.0024813,-4.04623e-06,0.00317932,-5.66487e-05,0.00113516,0.535341,0.00100703,0.0010021,0.148089,-0.00126154,-0.000833967,-0.000440562,-0.000123036,6.47654e-05,0.00021399,0.000454395,0.000918968,0.00118334,0.00102443,0.00088221,0.000925159,0.00102715,0.00078806,0.000928261,0.00104491,0.00102905,0.000538977,0,0.000708639,-0.000617869,0.000476686,3.32443e-06,0.499931,-0.0012972,-0.000514347,0.000500683,0.00137681,1787521800,-0.000726549,0.000804138,0.000175336,1,-0.000682428,0.000722192,0.000129466,0,-0.000675951,0.000629648,0.000129092,0,-0.000623684,0.000642638,0.000160954,1
1787522040,-0.00151876,0,0,-0.0016926,0.00117726,0.513869,0.000417137,0.000457386,0.0431824,-0.00184724,-0.00130357,-0.000760013,-0.00022333,3.52036e-05,0.000302914,0.000767734,0.00148786,0.00212367,0.000572357,0.000454308,0.000435437,0.000452249,0.000471254,0.000435675,0.000380921,0.000391793,0.00091701,0.000107706,0.00127642,-0.00103985,0.000939939,8.96696e-05,0.495597,-0.00200868,-0.000866348,0.000862099,0.00232313,1787521800,-0.000598228,0.000623632,9.39162e-05,1,-0.000719366,0.00078024,0.0001479,1,-0.00062238,0.000631577,0.000111135,1,-0.000675089,0.000750039,0.000200156,1
1787522100,-0.00143201,4.85068e-05,0.000157638,-0.00158585,0.00118506,0.530219,0.000413357,0.00045095,0.0307956,-0.00161347,-0.00111289,-0.000596798,-0.000170233,7.16689e-05,0.000280593,0.000646141,0.00127058,0.00161031,0.000528241,0.000419432,0.000411205,0.00044446,0.000435128,0.000406434,0.000400609,0.000395338,0.000750819,0.000140351,0.000945049,0.00089774,0,0.000834955,0.502292,-0.00184691,-0.000747071,0.000768147,0.00203441,1787522100,-0.000930057,0.0010367,0.000209156,0,-0.000595104,0.00060113,0.000199256,1,-0.000665137,0.000668268,0.00011626,1,-0.000623773,0.000688567,0.000220457,1
1787522160,0.00113283,0,0.00125009,-7.28689e-05,0.0011905,0.535715,0.000322095,0.000300573,0.0286617,-0.00157016,-0.00108317,-0.000562427,-0.000156324,8.4204e-05,0.000293652,0.000675205,0.00127314,0.00160997,0.000349438,0.000321959,0.000320731,0.000318853,0.000299225,0.000321709,0.000310695,0.000331364,0.000753018,0.000177898,0.000822144,0.000905214,0,0.000808466,0.50915,-0.00186923,-0.00072345,0.000809988,0.0020902,1787522100,-0.000798698,0.000815956,4.07879e-05,1,-0.000875812,0.00103348,0.000195314,1,-0.00059823,0.000572259,9.65053e-05,1,-0.000661162,0.000755726,0.000220868,1
1787522220,-0.00115307,-2.42615e-05,0.000173857,-0.00115712,0.00118937,0.536621,0.000326123,0.000355288,0.0282455,-0.00148951,-0.00103105,-0.000542853,-0.000151333,8.46942e-05,0.000279541,0.000646647,0.00120341,0.00154166,0.000388764,0.000334917,0.000333303,0.000340994,0.000354949,0.000326302,0.000316572,0.000323286,0.000722517,0,0.000841997,0.00086883,0,0.000763114,0.50514,-0.00176113,-0.000699962,0.000758932,0.00195277,1787522100,-0.000818174,0.00078466,5.44437e-05,1,-0.000820621,0.00088339,0.000132774,1,-0.000786368,0.000875442,0.000155952,1,-0.000601328,0.000625326,0.000197703,1
1787522280,-0.000741096,-4.04821e-06,-4.04821e-06,-0.00146653,0.00118866,0.537318,0.000210221,0.000224076,0.029751,-0.00151941,-0.00105486,-0.000569615,-0.000167993,9.71847e-05,0.000283296,0.000626721,0.00117187,0.00149428,0.000216852,0.000220434,0.000219166,0.00021446,0.000245354,0.000211491,0.000214736,0.000199552,0.000723666,7.62279e-07,0.00079088,-0.000885155,0.000639487,0,0.498027,-0.00181679,-0.00074026,0.000739708,0.00193738,1787522100,-0.00086554,0.000769838,2.26583e-07,1,-0.000864383,0.000897347,0.000123163,1,-0.00078696,0.000786686,6.02843e-05,1,-0.000807294,0.000963642,0.000273618,1
1787522340,0.000639886,3.24091e-05,0.00107299,2.02558e-05,0.00118137,0.542901,0.000181623,0.00016264,0.0379683,-0.00154551,-0.00103739,-0.00053621,-0.000133882,9.70424e-05,0.0002961,0.000651318,0.00120806,0.00155708,0.000179057,0.000189577,0.000191922,0.000181742,0.00020426,0.000185692,0.000176148,0.000183419,0.000724288,1.02325e-05,0.000744994,0.000865311,0,0.000742132,0.508899,-0.00178321,-0.000685618,0.000771507,0.00198843,1787522100,-0.000811515,0.000754702,0,1,-0.000790875,0.000872572,0.000100112,1,-0.000743521,0.000798287,7.76874e-05,1,-0.000704838,0.000882982,0.00023439,1
1787522400,0.0015858,7.69207e-05,0.00193741,-0.000976193,0.00117299,0.533927,0.00048792,0.000469543,0.0436596,-0.00165642,-0.00118603,-0.000615702,-0.000172582,8.62063e-05,0.000292713,0.00065676,0.00124175,0.00160178,0.000574627,0.000463338,0.000469964,0.000477804,0.000425521,0.000480673,0.000499644,0.000505718,0.000768916,0.000147021,0.00113544,-0.00094318,0.000882216,0.000173563,0.497682,-0.00191853,-0.000784166,0.000785494,0.00204004,1787522400,-0.000781661,0.000771358,3.9319e-05,1,-0.000792407,0.000841049,0.000124914,1,-0.00072379,0.000753755,2.82077e-05,1,-0.000724317,0.000810063,0.000204922,1
1787522460,-0.00440761,-9.70175e-05,-9.70175e-05,-0.00677743,0.00118266,0.517392,0.00180562,0.0018552,0.0300846,-0.00188008,-0.00136137,-0.000742395,-0.000242313,5.00186e-05,0.000310617,0.000744515,0.00144642,0.00192069,0.00201477,0.00185714,0.00184535,0.00184445,0.00181835,0.00186811,0.00175978,0.00173745,0.00089237,6.13142e-05,0.00112972,-0.00101358,0.000869383,0,0.499217,-0.00200309,-0.000826726,0.000856407,0.0023062,1787522400,-0.000923748,0.000886132,0.000122235,0,-0.000822633,0.000911823,8.1053e-05,1,0.000777333,0,0.000787675,1,-0.000714515,0.000880264,0.000153624,1
1787522520,-0.000852976,-5.27821e-05,0.000405923,-0.00184497,0.00132637,0.545388,0.000316079,0.000326115,0.0340021,-0.00318524,-0.002292,-0.00104813,-0.00026717,0.000217636,0.000664895,0.00141451,0.00267874,0.00338205,0.000258898,0.000253757,0.000292812,0.000281952,0.000261638,0.000415267,0.000338969,0.000321399,0.00153208,0.00031064,0.00127751,0.00150046,5.6216e-05,0.00116341,0.517747,-0.00278788,-0.00108343,0.0012369,0.00308457,1787522400,-0.000926632,0.00106051,0.000184593,0,0.000896369,0.000178638,0.000906506,0,-0.00072628,0.000834006,5.84767e-05,1,-0.000713575,0.00088632,0.000184376,1
1787522580,-0.00134186,-0.000239776,0.000292531,-0.00188318,0.00131857,0.544744,0.00040901,0.000422401,0.0348103,-0.00252083,-0.00178397,-0.000801124,-0.000216283,0.000170869,0.000517435,0.000991601,0.0020493,0.00255771,0.000481664,0.000389148,0.000391483,0.000387133,0.000371133,0.000430772,0.000446248,0.000418043,0.00111554,2.72674e-05,0.000829465,0.00118612,0,0.000833923,0.506739,-0.00234387,-0.000906608,0.00103185,0.00260426,1787522400,-0.0011331,0.00145199,0.000299742,1,-0.000891757,0.00104422,0.000134604,0,-0.000843662,0.000790854,0.000148567,0,-0.000727761,0.000855834,0.000207117,1
1787522640,0.000919166,-2.44142e-05,0.000919166,-0.00109923,0.00131904,0.552333,0.000249372,0.000233572,0.0360407,-0.00254212,-0.00171615,-0.000821662,-0.000200672,0.000214525,0.000558111,0.00106539,0.0019038,0.00248796,0.0002667,0.0002635,0.000278868,0.00026169,0.000282938,0.000289275,0.000234379,0.000224974,0.00117263,4.38482e-05,0.00094876,0.00118307,0,0.000825145,0.509427,-0.00241015,-0.000919746,0.00103161,0.00257282,1787522400,0.00108949,0,0.00124243,1,0.00126623,3.58699e-05,0.00138603,1,-0.000820091,0.000897893,0.000106554,0,0.000799415,0.00023229,0.000950214,1
1787522700,-0.000378139,0,0.00110513,-0.00129765,0.00131223,0.538651,0.000173952,0.000182409,0.03396,-0.00214939,-0.00153784,-0.000778073,-0.000191004,0.000117031,0.000438906,0.000908431,0.00166239,0.00211759,0.000115931,0.000159665,0.000187335,0.000171305,0.000179739,0.000155145,0.000187511,0.000174463,0.00103037,4.00057e-05,0.000999871,0.00114907,0,0.00087214,0.50292,-0.00230738,-0.000903152,0.000989675,0.00253043,1787522700,-0.00111933,0.00109051,0.000101589,1,-0.0011078,0.00109071,0.000108528,1,-0.00104228,0.00114154,0.000117525,1,-0.000829363,0.00103991,0.000219263,0
1787522760,-0.000223698,4.06677e-06,0.000390334,-0.000793336,0.00130015,0.533887,0.000153273,0.000156855,0.0439052,-0.00223039,-0.00159292,-0.000794961,-0.000242483,0.000121625,0.000415174,0.000907459,0.00171667,0.00215783,8.74598e-05,0.000134485,0.00015844,0.000161766,0.000167864,0.000118413,0.000171427,0.000148609,0.00103744,0.000106453,0.00103899,0.00122674,0,0.000942591,0.502878,-0.00244707,-0.000973264,0.00101983,0.00263787,1787522700,0.00110622,0,0.00114403,1,0.00103258,8.32605e-06,0.00113332,1,0.000916262,7.84624e-05,0.000977592,1,-0.000980854,0.00131125,0.000192912,1
1787522820,0.000841657,5.6946e-05,0.00104079,-0.000341744,0.00128747,0.539328,0.000235381,0.000215798,0.0666098,-0.0017651,-0.00123044,-0.000629405,-0.000171439,0.00010779,0.000359235,0.000743049,0.00137655,0.00179756,0.00023653,0.000241507,0.000240227,0.000238564,0.000258297,0.000241342,0.000226832,0.000231383,0.000838512,0.000131904,0.000907525,0.000851581,0,0.000733006,0.504434,-0.00183883,-0.000689621,0.000758874,0.00199731,1787522700,0.00106495,0.000111197,0.00112532,1,0.00105868,5.16107e-05,0.00104062,1,0.000945088,0,0.000937494,1,-0.000952825,0.00106228,0.000152446,1
1787522880,0.000280395,8.1285e-06,0.000609454,-0.000154454,0.00128007,0.538628,0.000132156,0.000122385,0.0733935,-0.00175425,-0.00128908,-0.000659103,-0.000173735,0.000106127,0.000341073,0.000777427,0.00140627,0.00184062,9.11702e-05,0.000136396,0.00014229,0.000125118,0.000166283,0.000122473,0.000165777,0.000130477,0.000874809,0.00031883,0.0011275,0.000827555,0.000189471,0.000832454,0.517882,-0.00183847,-0.000649551,0.00079469,0.00206751,1787522700,0.000841008,1.26296e-05,0.000936473,1,0.00102866,0.000114893,0.00111307,1,0.000931338,3.62364e-05,0.00090967,1,0.000919054,0.000182859,0.00102258,1
1787522940,0.000560554,-4.06313e-06,0.000966556,-0.000321038,0.00126783,0.540157,0.000170833,0.000154028,0.118672,-0.00163698,-0.00116398,-0.00057517,-0.000160672,0.000104414,0.000296847,0.000651565,0.00125151,0.00162763,0.000156937,0.00018177,0.000179804,0.000160074,0.000199198,0.000164086,0.000197625,0.00017157,0.000747414,0.000159874,0.000971101,0.000702883,0,0.000677636,0.506898,-0.00155361,-0.000561948,0.000619211,0.00166512,1787522700,-0.000884741,0.000886938,9.4671e-05,1,-0.000876648,0.000843884,0.000106097,1,0.000938399,0.000100557,0.000969161,1,-0.00101922,0.00106075,5.23055e-05,1
1787523000,0.00041818,-8.12173e-06,0.000990356,-0.00048742,0.00125759,0.541283,0.000148287,0.000130331,0.174242,-0.00160616,-0.00113916,-0.000593503,-0.000154391,0.000105012,0.000310248,0.000670116,0.00129176,0.00166607,0.000117151,0.000156918,0.000150516,0.000142374,0.000167232,0.000138344,0.000176064,0.000147276,0.000767602,0.00018126,0.00101366,0.000757111,0,0.000721452,0.500953,-0.00162867,-0.000621795,0.000660004,0.00178257,1787523000,-0.000757009,0.000742795,5.58613e-05,1,-0.000872863,0.000880463,2.12542e-05,1,-0.000810439,0.000785468,5.15667e-05,1,-0.00106359,0.00110502,7.42412e-05,1
1787523060,-0.000300422,-5.27703e-05,0.000884503,-0.000511584,0.00124635,0.537714,0.000126312,0.000135632,0.275005,-0.00157488,-0.00108961,-0.000584035,-0.00015711,9.21119e-05,0.000299715,0.00063826,0.00125727,0.00158742,0.000100349,0.000139193,0.000129746,0.000124577,0.000155794,0.000113634,0.000137553,0.000128013,0.000739815,0.000162536,0.000985395,-0.0007983,0.000655183,0,0.498375,-0.00169603,-0.000663704,0.000689059,0.00187456,1787523000,-0.000771383,0.00078693,0.000108206,1,-0.000756792,0.000701352,0.000104268,1,-0.000776219,0.000720283,2.50836e-05,1,-0.000911693,0.000845319,7.27167e-05,1
1787523120,0.00018676,-4.06038e-06,0.000896939,-8.93321e-05,0.00123456,0.53758,0.000105878,9.76618e-05,0.394463,-0.00147814,-0.00100596,-0.000539452,-0.000152796,8.90188e-05,0.00028792,0.000603931,0.00117758,0.00151385,7.52369e-05,0.000123023,0.000104861,0.000107889,0.000122408,8.70891e-05,0.000127817,0.000106246,0.00069347,0.000169292,0.000907535,-0.00079384,0.000661191,0,0.497813,-0.00170697,-0.000669088,0.000679062,0.00185537,1787523000,-0.000799758,0.00084131,0.000129639,1,-0.000803034,0.000765932,0.000122313,1,-0.000730907,0.000631811,3.1392e-05,1,-0.000861592,0.000785424,3.37312e-05,1
1787523180,-0.000121796,0,0.000393705,-0.000601003,0.00122243,0.551603,9.08587e-05,9.50512e-05,0.574024,-0.00134551,-0.000888918,-0.000452417,-0.000105945,0.000107751,0.00026758,0.000537488,0.00103827,0.00135912,7.05609e-05,0.000117726,9.43528e-05,9.50042e-05,0.000108567,6.98614e-05,0.000107885,8.93931e-05,0.00060598,0.000171568,0.000810872,0.000677616,0,0.000636409,0.501037,-0.00147201,-0.00055521,0.000580956,0.00159763,1787523000,-0.00077445,0.000818019,0.000126868,1,-0.000825304,0.000801269,0.000161918,1,-0.000758646,0.00070738,5.80621e-05,1,-0.00081102,0.000725913,3.21481e-05,1
1787523240,0.000121796,4.0601e-06,0.000397811,-0.00101554,0.00121027,0.552564,8.52152e-05,7.6434e-05,0.681193,-0.00126722,-0.000835079,-0.000414901,-0.000100857,0.000106398,0.000250195,0.000505255,0.000991472,0.00127462,6.85014e-05,0.000116003,8.79933e-05,9.61091e-05,8.60143e-05,6.28137e-05,0.000105868,7.35111e-05,0.00056535,0.000178392,0.000788065,0.000673687,0,0.000617421,0.502902,-0.00146043,-0.000539713,0.000590779,0.00161385,1787523000,-0.000692321,0.00071096,0.000119796,1,-0.000800058,0.000764614,0.000217247,1,-0.000788524,0.000747986,8.10284e-05,1,-0.000781179,0.000811652,0.000125059,1
1787523300,-0.00039386,-5.27763e-05,0.000223254,-0.00108857,0.00119823,0.551969,0.000135759,0.000142748,0.757756,-0.0014092,-0.00094883,-0.000461375,-0.000113954,0.000118112,0.000264024,0.0005654,0.00107229,0.00136775,0.000120379,0.000149606,0.000124878,0.000150188,0.000135375,0.000112393,0.000154614,0.000128928,0.000630788,0.000181399,0.00095708,0.00075822,0,0.000834006,0.504697,-0.00162774,-0.000619973,0.000671601,0.00178272,1787523300,-0.000687504,0.000728955,0.000132044,1,-0.00070789,0.000685354,0.000200258,1,-0.000768537,0.000731503,0.000100551,1,-0.000811748,0.000892129,0.00013535,1
1787523360,0.00147719,-5.68586e-05,0.00163128,-0.000125905,0.00118749,0.549002,0.000473408,0.000473052,0.570745,-0.00125559,-0.000824481,-0.000410933,-0.000117937,0.000108759,0.000248492,0.000525292,0.000985516,0.0012638,0.000523655,0.000424926,0.000499165,0.000443691,0.000502033,0.000578478,0.000440318,0.000497722,0.000575327,0.00018251,0.00079334,0.000654902,0,0.000615309,0.504503,-0.00141457,-0.000519679,0.000580844,0.00156126,1787523300,0.000801542,1.80212e-05,0.00101157,1,-0.000721114,0.000705262,0.000154585,1,-0.000681694,0.00065734,9.0027e-05,1,-0.000807601,0.000856892,0.000127322,1
1787523420,-0.00224099,-5.67746e-05,8.1104e-06,-0.00272882,0.00119398,0.539019,0.000831599,0.000882157,0.259954,-0.00139355,-0.000937021,-0.000491144,-0.000138669,8.56725e-05,0.000248395,0.00058504,0.00113774,0.00142977,0.000930874,0.000783157,0.000852978,0.000837868,0.000887098,0.000807844,0.000747888,0.000851591,0.000653574,0.000209114,0.000949362,-0.000782719,0.000703952,0,0.495604,-0.00164812,-0.00065429,0.000677811,0.00184033,1787523300,-0.000635206,0.000692654,0.000166317,1,-0.000826832,0.00081673,0.000159027,1,-0.000700961,0.000665161,7.71701e-05,1,-0.000737086,0.000763137,0.000110823,1
1787523480,0.000694756,2.43856e-05,0.000877507,-0.000146326,0.00122373,0.539526,0.000201444,0.000184842,0.0822693,-0.00182631,-0.00125736,-0.000636037,-0.00019007,0.000121029,0.000349774,0.000800253,0.00146263,0.00186818,0.000194236,0.000200481,0.000200145,0.000198384,0.000217342,0.000204465,0.000205743,0.000202765,0.00087748,0.000481684,0.00108539,0.000983622,0.000193711,0.000804119,0.511653,-0.00207724,-0.000777855,0.000883415,0.00228921,1787523300,-0.000808883,0.000806178,6.1373e-05,1,-0.000699151,0.000679707,0.000143243,1,-0.000718664,0.000766177,0.000172377,1,-0.000722322,0.000796224,0.000124042,1
1787523540,0.00105949,1.21844e-05,0.00107166,-0.000154349,0.00121541,0.536169,0.000304865,0.000284771,0.0788827,-0.00148,-0.00104567,-0.000523398,-0.00015598,8.56297e-05,0.000267327,0.00059732,0.00119194,0.00148827,0.000321009,0.000301388,0.000299698,0.000298235,0.00029424,0.000300607,0.000304929,0.000315268,0.000682438,0.000172335,0.000800625,0.000795366,0,0.000606675,0.500197,-0.0016805,-0.000639418,0.000699378,0.00185396,1787523300,-0.000899081,0.00101458,9.69266e-05,1,-0.000796505,0.000828336,3.1373e-05,1,-0.000674449,0.000639533,8.4802e-05,1,-0.000738651,0.000906399,0.00011896,1
1787523600,7.70836e-05,-2.84007e-05,0.00025557,-0.000620943,0.00121249,0.538276,0.000100388,9.30261e-05,0.0709663,-0.00149941,-0.00105749,-0.000545732,-0.000155264,9.32731e-05,0.000267893,0.000598375,0.00118641,0.00148982,6.65352e-05,0.00011301,0.000110533,9.1319e-05,0.000136083,0.000112058,0.000122495,9.47945e-05,0.000693262,0.000146515,0.000929284,-0.000835752,0.000670306,0,0.497013,-0.00174482,-0.000689248,0.000713326,0.00189472,1787523600,0.000846887,0,0.000832428,1,0.000949241,2.45671e-05,0.000951732,1,0.000733002,0,0.00072782,1,-0.000681019,0.000772688,0.000131208,1
1787523660,-0.000547828,1.21706e-05,0.000178487,-0.000555947,0.00120035,0.543671,0.00016179,0.000175766,0.0790596,-0.00144356,-0.000995224,-0.000492628,-0.00013183,9.84851e-05,0.00027488,0.000577208,0.00114067,0.00143255,0.000163334,0.000174728,0.000167882,0.000160937,0.000195834,0.000167666,0.000164413,0.000161451,0.000654528,0.000131732,0.000853193,-0.000821282,0.000663415,0,0.498961,-0.00173933,-0.000671757,0.000707548,0.00193228,1787523600,0.000887451,0,0.000846875,1,0.000834914,0,0.000817953,1,-0.000843342,0.000831452,0,1,0.000732815,0.000104839,0.000829886,1
1787523720,-6.49477e-05,-8.11823e-06,0.000486973,-0.000568436,0.00119081,0.543849,8.72355e-05,8.91011e-05,0.0851878,-0.00134728,-0.000924719,-0.000466032,-0.000125299,9.41279e-05,0.00023812,0.000522708,0.00103919,0.00132128,6.71101e-05,0.000109316,9.60958e-05,7.98189e-05,0.00012967,0.000102566,9.9727e-05,8.20214e-05,0.000601209,0.000135533,0.000740454,-0.000702917,0.000587262,0,0.49663,-0.00153358,-0.000586674,0.000598698,0.00163949,1787523600,0.000832307,6.9613e-05,0.000812104,1,0.000814811,3.11389e-05,0.000785271,1,0.000728423,1.00596e-05,0.000688023,1,0.000782614,0.000145509,0.000883344,1
1787523780,0.000162361,-5.68327e-05,0.000555978,-0.000215169,0.00117888,0.547399,9.13238e-05,8.24036e-05,0.100746,-0.00133352,-0.000905169,-0.000421879,-0.000102618,8.8222e-05,0.000240433,0.000533615,0.00103938,0.00134676,7.14892e-05,0.000113047,9.45889e-05,9.20464e-05,0.000122572,9.80346e-05,0.000108539,8.53531e-05,0.000589711,0.000160542,0.00078574,0.000738895,0,0.000620246,0.502211,-0.00157967,-0.000599427,0.000649797,0.0017561,1787523600,0.000717761,0,0.000677671,1,0.000833543,3.80654e-05,0.000830415,1,0.000776863,0,0.000697274,1,0.000745004,4.27583e-05,0.000809025,1
1787523840,6.89956e-05,5.27618e-05,0.000393617,-0.000564319,0.00116725,0.552994,8.01009e-05,7.2822e-05,0.120546,-0.00125807,-0.000850963,-0.000391468,-8.57234e-05,9.13799e-05,0.00021708,0.000474747,0.000950743,0.00126915,6.59426e-05,0.000106283,8.33876e-05,7.88926e-05,0.000108247,8.10695e-05,0.000100187,7.22724e-05,0.000533791,0.000180539,0.000759828,0.000644903,0,0.000564886,0.503246,-0.00140219,-0.000521032,0.000559939,0.00152101,1787523600,0.000739176,4.71284e-05,0.000836584,1,0.00072389,9.29366e-06,0.000719236,1,0.000773267,1.03155e-05,0.000760429,1,0.000735154,0.000150963,0.000801059,1
1787523900,4.05842e-06,4.86999e-05,0.000247533,-0.000353145,0.00115556,0.554168,7.63051e-05,7.59841e-05,0.147871,-0.00124139,-0.000817512,-0.000393389,-8.19911e-05,9.14394e-05,0.000220279,0.000485443,0.000931155,0.0012523,6.318e-05,0.00010098,7.41777e-05,8.07448e-05,0.000100126,6.55078e-05,9.32877e-05,7.0918e-05,0.000540036,0.000150777,0.000786727,0.000608681,0,0.000567425,0.503368,-0.00129777,-0.00048052,0.000525869,0.00143463,1787523900,-0.000666006,0.000684792,6.07979e-05,1,-0.000746616,0.000759698,0.000130474,1,0.000690427,0,0.00062588,1,-0.000767638,0.000859046,0.000109451,1
1787523960,-0.000856691,-8.11685e-06,-4.05842e-06,-0.000860753,0.00114395,0.55908,0.000247489,0.000275579,0.183868,-0.00109452,-0.000723198,-0.000330806,-6.31796e-05,8.4612e-05,0.000189752,0.000422958,0.000839416,0.00112129,0.000259995,0.000250721,0.000247352,0.000244971,0.000255507,0.000259726,0.000234146,0.000256321,0.000466328,8.82992e-05,0.000690457,0.000539442,0,0.000482859,0.500068,-0.00112486,-0.000413723,0.000437303,0.00121177,1787523900,-0.000591668,0.000664067,0.000142499,1,-0.000654507,0.000670258,0.00010549,1,0.000693289,5.13745e-06,0.000764066,1,-0.000664641,0.000675831,0.000100726,1
1787524020,0.00153422,0,0.0017532,-0.000215303,0.00113891,0.552285,0.000535361,0.000536829,0.165509,-0.00113861,-0.00076215,-0.000349357,-7.45946e-05,7.67457e-05,0.000184857,0.000437537,0.000857844,0.00112982,0.000552756,0.000458184,0.000528818,0.000555717,0.000477042,0.000547732,0.000507389,0.000524557,0.000484866,0.000187964,0.00068186,0.000554884,0,0.000487084,0.501059,-0.00120594,-0.000439793,0.000471679,0.00127285,1787523900,0.000538713,3.13388e-05,0.000635349,1,-0.000633488,0.000659677,0.00014491,1,-0.00062397,0.000613312,3.7279e-05,1,0.000719965,9.84285e-05,0.000835303,1
1787524080,-0.00100225,-9.73406e-05,0.000758121,-0.00113623,0.00114815,0.533974,0.000282292,0.000298151,0.0838526,-0.0014126,-0.000978237,-0.000517037,-0.000127192,6.30828e-05,0.000222943,0.000573949,0.0011248,0.00145341,0.000316112,0.000291202,0.000287521,0.000287291,0.000301639,0.000284405,0.000261329,0.000280991,0.000659225,0.00015938,0.000958384,-0.000811132,0.000626022,0,0.491804,-0.00163064,-0.000676377,0.000675729,0.00180709,1787523900,-0.00055505,0.000532033,6.73823e-05,1,-0.000577396,0.000574244,0.00012679,1,0.000613495,1.49212e-05,0.000708992,1,0.00064588,6.77349e-05,0.000740143,1
1787524140,-0.00106421,-4.4658e-05,-4.4658e-05,-0.00121866,0.00114542,0.529614,0.000299696,0.000311957,0.0772141,-0.00153016,-0.00105718,-0.000561601,-0.000166256,6.80231e-05,0.000246365,0.000604677,0.00118157,0.00153784,0.000340016,0.000308333,0.000304871,0.000305558,0.00031026,0.000301185,0.000304057,0.000289687,0.000703922,0.000264575,0.00093772,0.000843858,0,0.000712381,0.500198,-0.00177044,-0.000702492,0.000715966,0.00190249,1787523900,0.000783534,0,0.000855941,1,0.0005943,0,0.000648087,1,0.000575947,0,0.000639131,1,-0.000637502,0.000747445,0.000148015,1
1787524200,0.000361635,-8.53487e-05,0.00058099,-0.000414619,0.00114385,0.537356,0.000131625,0.000118534,0.0701751,-0.00149683,-0.00104448,-0.000540478,-0.000128018,7.36101e-05,0.000238071,0.00059567,0.00116338,0.00146261,0.000104877,0.000135211,0.00012752,0.000127636,0.000140037,0.000140031,0.000134613,0.000133185,0.000687316,0.000185374,0.000899946,-0.000794358,0.000698846,0,0.499862,-0.00168856,-0.000659728,0.000679129,0.00175544,1787524200,-0.000742711,0.000841502,9.13938e-05,1,-0.00076096,0.000790862,6.78692e-05,1,0.000584906,0,0.000573229,1,-0.000590269,0.000665269,0.000136677,1
1787524260,-0.000121885,-1.62505e-05,0.000706639,-0.000239721,0.00113351,0.545361,9.3405e-05,9.48475e-05,0.0683271,-0.00135172,-0.000934461,-0.000469028,-0.000107542,8.5516e-05,0.000247225,0.00056146,0.0010564,0.00138768,7.11981e-05,0.000104308,9.13183e-05,9.21284e-05,0.000109386,0.000109915,9.94538e-05,9.08192e-05,0.000629048,9.34376e-05,0.000762583,0.00073551,0,0.000574335,0.500702,-0.00155279,-0.000596187,0.000636299,0.00165595,1787524200,0.000803886,0,0.000835051,1,-0.000741963,0.000795612,0.000122414,1,0.000699643,7.70617e-06,0.000724139,1,0.000540913,3.78766e-05,0.000658306,1
1787524320,-0.000247878,-0.000105646,0.000353425,-0.00041452,0.00112225,0.53971,0.000105998,0.000110188,0.0655112,-0.00130677,-0.00090455,-0.000451406,-0.0001109,7.0088e-05,0.000214057,0.000515471,0.00101373,0.00133723,9.2193e-05,0.00011605,0.000102779,0.000103428,0.000113985,0.000113664,0.000113625,0.0001043,0.000587856,0.000186927,0.000805642,-0.000746637,0.000577199,0,0.492531,-0.00159027,-0.000639922,0.000611143,0.00164499,1787524200,0.000725479,0,0.000767165,1,0.000806919,0,0.000818918,1,0.000699253,1.632e-05,0.00075418,1,0.000697488,0.000134679,0.000825393,1
1787524380,-0.000430886,2.03202e-05,5.28317e-05,-0.000845687,0.00111152,0.541748,0.000132507,0.000138906,0.0655204,-0.00121722,-0.000841553,-0.000400414,-0.000104922,7.20094e-05,0.000200319,0.00047676,0.000942509,0.00123231,0.000131151,0.000145419,0.000129443,0.000128184,0.000139743,0.000137565,0.000142755,0.000134799,0.000536818,0.000198821,0.000731475,-0.000642603,0.000520585,0,0.495578,-0.00139882,-0.000542433,0.000534958,0.00144707,1787524200,0.00068902,3.20446e-05,0.0007335,1,0.000692807,1.99658e-05,0.000743729,1,0.000664745,4.28778e-05,0.000695743,1,0.00068608,0.000138046,0.000820762,1
1787524440,0.000239855,0,0.00043495,-0.000699568,0.00110204,0.538177,9.55788e-05,8.42768e-05,0.0673233,-0.00116722,-0.000772411,-0.000386019,-0.000110141,6.5293e-05,0.000192134,0.0004727,0.000924964,0.001196,8.41548e-05,0.000110655,9.24619e-05,9.1308e-05,0.000108775,0.000100695,9.90923e-05,9.74667e-05,0.000523484,0.000168788,0.000714833,-0.000612491,0.000491278,0,0.495396,-0.00132421,-0.000504063,0.000518485,0.00137828,1787524200,0.000594933,3.47748e-05,0.000651679,1,-0.000649519,0.000679924,0.000155624,1,0.000632596,0,0.000646052,1,0.000681072,2.90637e-05,0.000721606,1
1787524500,-0.00014228,6.50356e-05,0.000670477,-0.000345573,0.00109149,0.538945,8.25391e-05,8.53891e-05,0.069164,-0.00117047,-0.000781576,-0.000392191,-0.000102442,6.2559e-05,0.000205596,0.000469103,0.000907669,0.00120516,7.41616e-05,9.99552e-05,7.57461e-05,8.43046e-05,9.34084e-05,7.66925e-05,0.000101397,8.1493e-05,0.000525673,0.000212062,0.000773364,0.000594329,0,0.000567084,0.500657,-0.00127416,-0.000479899,0.000513113,0.00136081,1787524500,0.000580991,8.82352e-06,0.00066123,1,-0.000599426,0.000637637,0.000115316,1,0.000631391,7.98536e-06,0.000687517,1,0.000688331,5.43177e-05,0.000730541,1
1787524560,-0.000544917,-1.21964e-05,-1.21964e-05,-0.000951765,0.00108071,0.542204,0.000162303,0.000169424,0.0778426,-0.00113803,-0.000760945,-0.000375976,-0.000102176,7.14542e-05,0.000208269,0.00044265,0.000861925,0.00113842,0.000162513,0.000163362,0.000158027,0.00015883,0.000151228,0.000156283,0.000163103,0.000169097,0.000500902,0.000224581,0.00072695,0.000564542,0,0.000555266,0.502367,-0.00122069,-0.000464688,0.000476201,0.00127347,1787524500,0.000561574,4.55292e-05,0.000720481,1,0.000611164,0,0.00068022,1,0.000568317,4.29683e-05,0.000618806,1,0.0007128,2.99199e-05,0.000772712,1
1787524620,-0.000622545,0,0.000101686,-0.000862715,0.00107262,0.538626,0.00018446,0.000189835,0.0841172,-0.00110078,-0.000734657,-0.000365834,-0.000108481,6.55732e-05,0.000194261,0.000448236,0.000854834,0.00110156,0.000183793,0.000184467,0.00017937,0.000179689,0.000168055,0.000177598,0.000200697,0.00018816,0.00049756,0.000215799,0.000689281,0.000550434,0,0.000502245,0.500896,-0.00118791,-0.000440634,0.000470365,0.00123899,1787524500,-0.000519786,0.000556744,0.000147055,1,-0.000595808,0.000599141,0.000137661,1,0.000583291,0,0.000610509,1,0.000650546,0,0.00073313,1
1787524680,0.000374387,8.54703e-05,0.000435415,-0.000354169,0.00106548,0.54083,0.000110823,0.000101459,0.0908285,-0.00110971,-0.000726182,-0.000369014,-0.000109276,7.24645e-05,0.000222096,0.000468012,0.000867551,0.00106421,0.00010674,0.000129534,0.000109084,0.000113035,0.00013033,0.000108951,0.000107648,0.000109988,0.000513173,0.000197149,0.000621034,0.000566846,0,0.000508648,0.505383,-0.00123795,-0.000452626,0.000498758,0.00129018,1787524500,0.000520559,5.74126e-06,0.000635521,1,-0.000540617,0.000545602,0.000195169,1,0.000560806,0,0.00066538,1,0.000609785,3.65444e-05,0.000697859,1
1787524740,0.00129706,6.50965e-05,0.00167895,6.50965e-05,0.0010561,0.54352,0.000425708,0.000432478,0.0923735,-0.00104214,-0.000686401,-0.000350424,-9.38279e-05,6.90436e-05,0.000202063,0.000428872,0.000821457,0.00102488,0.000434359,0.000381275,0.000447678,0.000429807,0.000424163,0.000471302,0.000379484,0.000419406,0.000476708,0.000177363,0.000632246,0.000554057,0,0.000518244,0.507864,-0.00119473,-0.000430465,0.000491366,0.00126945,1787524500,-0.000541992,0.00052485,0.000108898,1,-0.000569241,0.00054114,9.44172e-05,1,0.00053261,0,0.000645766,1,0.000619661,6.19671e-05,0.000720128,1
1787524800,-0.000642222,0.00013002,0.000280335,-0.000715412,0.00106145,0.527111,0.000184523,0.000190597,0.0573742,-0.00123259,-0.000837015,-0.000457806,-0.000147856,5.34166e-05,0.000212093,0.00049711,0.000986708,0.00124123,0.000189313,0.000190076,0.000186276,0.000186161,0.000183118,0.000186676,0.0001827,0.000182072,0.000576294,0.000217687,0.000808603,-0.000701331,0.000614083,0,0.499168,-0.00145001,-0.00058689,0.00059192,0.0015611,1787524800,0.000556919,0,0.000664149,1,-0.000571455,0.000540068,9.57561e-05,1,0.000544973,0,0.000597932,1,0.000606275,9.91673e-06,0.000714347,1
1787524860,-0.000736217,4.06599e-06,0.000630031,-0.000870503,0.0010547,0.528511,0.00020995,0.000214321,0.0525549,-0.0011516,-0.000769545,-0.000423748,-0.000141229,5.46414e-05,0.000194933,0.000424109,0.000881597,0.00113762,0.000215357,0.000215876,0.000212119,0.000210956,0.00020435,0.000212641,0.000223377,0.000202902,0.000508758,0.000176558,0.000648324,0.000622615,0,0.000571666,0.500672,-0.00134555,-0.000522203,0.000529029,0.00140716,1787524800,-0.000670381,0.000655401,8.35209e-05,1,-0.000568031,0.000543861,8.3153e-05,1,0.000539643,0,0.000584842,1,0.000568446,1.3419e-05,0.000671285,1
1787524920,0.000898844,-4.069e-06,0.000898844,-4.069e-06,0.00104928,0.533363,0.000250555,0.000242756,0.0474317,-0.00125044,-0.000846277,-0.000447405,-0.000136204,6.60929e-05,0.000226711,0.000492121,0.000989028,0.00126943,0.00025898,0.000255852,0.000253723,0.000253383,0.000261946,0.000257413,0.00023146,0.000250562,0.000569106,0.000268166,0.000670689,0.000706303,0,0.000636616,0.507041,-0.00149706,-0.000572005,0.000618942,0.00160715,1787524800,-0.000583767,0.00057787,5.21501e-05,1,-0.0006384,0.00065301,9.57567e-05,1,0.000529269,0,0.000589018,1,0.000568476,0,0.000657426,1
1787524980,-0.000126033,2.8457e-05,0.000134147,-0.000382215,0.00104649,0.537909,7.90768e-05,8.04023e-05,0.0439824,-0.00108657,-0.000739752,-0.000385882,-0.000108884,6.39235e-05,0.000217931,0.00045501,0.000864138,0.00111653,7.15023e-05,9.37211e-05,8.24721e-05,6.67011e-05,9.00647e-05,0.00010804,9.09451e-05,8.22196e-05,0.000512732,0.000158531,0.000621686,0.000601871,0,0.000565647,0.508273,-0.00128771,-0.000478451,0.000535406,0.00137086,1787524800,-0.00064076,0.000648605,0.000123657,1,0.000603666,0,0.000678131,1,0.00060053,0,0.000655543,1,-0.000576634,0.000577084,8.03662e-05,1
1787525040,-0.000223647,-1.62635e-05,6.09859e-05,-0.000431073,0.00103612,0.527905,9.02979e-05,9.05512e-05,0.0419423,-0.00107727,-0.000725906,-0.000390593,-0.000132944,4.98529e-05,0.000183433,0.000400457,0.000828148,0.00107852,8.75588e-05,0.000103744,9.23529e-05,8.36672e-05,9.59677e-05,0.000107154,9.96767e-05,8.82116e-05,0.000475897,7.29525e-05,0.000581937,0.000569539,0,0.000503492,0.502348,-0.00123701,-0.000462478,0.000483495,0.00128779,1787524800,-0.000641433,0.000559622,4.71107e-05,1,-0.000666745,0.00063633,0.000137831,1,-0.000584969,0.000525572,2.15534e-05,1,-0.000654944,0.000657087,9.74893e-05,1
1787525100,-0.00112713,1.22002e-05,0.000309026,-0.0011597,0.00102619,0.52991,0.000349674,0.000372754,0.0413947,-0.00108924,-0.000730903,-0.000380212,-0.00012429,5.12873e-05,0.000185771,0.000401815,0.000812591,0.00106745,0.000373631,0.000333983,0.000355607,0.00036919,0.000327434,0.000331269,0.000329594,0.000350417,0.000472296,7.1003e-05,0.000638932,0.000560918,0,0.000585724,0.503522,-0.00122673,-0.000460443,0.000472758,0.00123771,1787525100,0.000583134,0,0.000616567,1,0.000603742,0,0.000638514,1,-0.000587041,0.000574428,8.89941e-05,1,-0.000596429,0.00055639,0.000105838,1
1787525160,0.00146461,8.14236e-05,0.00161502,8.14236e-05,0.00102831,0.533416,0.000468177,0.00047638,0.0412073,-0.00121848,-0.000815415,-0.000426259,-0.000145416,7.09151e-05,0.000237414,0.000561154,0.000966445,0.00120206,0.000516251,0.000450825,0.000484834,0.000502257,0.00050393,0.000436806,0.000424122,0.000458952,0.000599875,0.000152938,0.000604901,0.000656623,0,0.000577411,0.505871,-0.00142362,-0.000535042,0.000576696,0.00148166,1787525100,0.000611361,0,0.000658939,1,-0.000572176,0.000534199,7.62861e-05,1,-0.000546844,0.000460627,9.76962e-06,1,-0.000653424,0.000609724,9.78143e-05,1
1787525220,0.000247958,-4.06547e-05,0.000341434,-0.000154497,0.00103883,0.519436,0.000101595,9.38148e-05,0.0491688,-0.00122305,-0.000861934,-0.000451837,-0.000154911,3.63704e-05,0.00019037,0.000494894,0.00096326,0.00124968,8.60244e-05,0.000106297,0.000106192,8.97925e-05,0.000105821,0.000122184,0.000109687,0.000103079,0.000571855,0.00014793,0.000707103,-0.000694478,0.000621054,0,0.499794,-0.0014526,-0.000571471,0.0005987,0.0015686,1787525100,-0.000605481,0.000591925,0.000117978,1,0.000605864,0,0.000676467,1,0.000565718,0,0.000588482,1,-0.000575264,0.000542233,4.75508e-05,1
1787525280,0.000231643,-6.09676e-05,0.000268213,-0.000528509,0.00102899,0.520426,9.20354e-05,8.32776e-05,0.0450705,-0.00112177,-0.000763398,-0.000400687,-0.000142554,3.55349e-05,0.000181177,0.000399505,0.000836991,0.00110621,8.30665e-05,0.000102595,9.90322e-05,7.81898e-05,0.000101084,0.000116232,9.83047e-05,9.44386e-05,0.000480298,6.51592e-05,0.000591723,0.000538909,0,0.000517108,0.506925,-0.00119593,-0.000432232,0.000464098,0.0012334,1787525100,-0.000708773,0.000638142,8.29176e-05,1,-0.000625798,0.000587619,0.000112775,1,0.000529439,1.78509e-06,0.000596762,1,-0.000590295,0.0005593,8.38778e-05,1
1787525340,2.84437e-05,-3.65716e-05,0.000150336,-0.000414557,0.00101918,0.525702,7.19413e-05,6.89121e-05,0.0433511,-0.00112476,-0.000780489,-0.000386007,-0.000130642,4.37824e-05,0.000204207,0.000415447,0.00086694,0.00114512,6.37529e-05,8.53387e-05,7.77613e-05,6.35055e-05,8.45712e-05,9.82794e-05,7.89869e-05,6.84531e-05,0.000486216,0.000108784,0.000617554,0.000604285,0,0.000574898,0.502691,-0.00130236,-0.000487715,0.000524466,0.0014084,1787525100,-0.000574262,0.000549914,1.46848e-05,1,-0.00066407,0.000652553,6.69128e-05,1,-0.000572422,0.000532413,5.09797e-05,1,-0.000569103,0.000538033,7.45092e-05,1
1787525400,-0.00100414,-2.84437e-05,0.000117829,-0.00101635,0.00100894,0.530249,0.000305201,0.000324932,0.0428251,-0.00105422,-0.000707794,-0.000353654,-0.000113593,4.75122e-05,0.000182673,0.000384124,0.000813987,0.00106645,0.000316711,0.000289698,0.000292896,0.000323657,0.00028597,0.000287179,0.000293684,0.000305444,0.000447691,8.60137e-05,0.000593857,0.000570933,0,0.00052368,0.503033,-0.00125171,-0.000459186,0.000493588,0.00133105,1787525400,0.000607431,9.30356e-06,0.000668277,1,0.000545758,0,0.000586076,1,-0.000593304,0.000555179,3.85973e-05,1,0.000602223,0,0.00068892,1
1787525460,0.000601795,0,0.000601795,-0.000321377,0.00100884,0.523567,0.000171908,0.000164936,0.0403742,-0.00113911,-0.000785725,-0.000402708,-0.000137286,4.10863e-05,0.00019241,0.000425733,0.000868994,0.00114411,0.000168216,0.000172974,0.000171794,0.000169968,0.000175074,0.000176485,0.000159762,0.000176776,0.00050042,0.000197538,0.000607486,0.000608133,0,0.00055817,0.503426,-0.00135198,-0.000501047,0.000535873,0.00142095,1787525400,0.000592562,1.56705e-06,0.00064851,1,0.000634918,0,0.000677376,1,-0.000532354,0.000466741,2.38499e-06,1,-0.000652274,0.000632977,7.40536e-05,1
1787525520,-0.000910965,-4.06497e-06,0.000247932,-0.00104524,0.00100233,0.526756,0.000265721,0.000284163,0.0400285,-0.00109122,-0.000751352,-0.000378879,-0.0001171,4.13118e-05,0.000193073,0.000422125,0.000850885,0.00113326,0.000280214,0.000263361,0.000261525,0.000280257,0.00025532,0.000262158,0.000270889,0.000266031,0.000486789,5.99406e-05,0.00055971,0.000545845,0,0.000532945,0.504905,-0.00119929,-0.000433627,0.000485082,0.0012842,1787525400,-0.000608366,0.000578421,8.81949e-05,1,-0.000595552,0.000572531,7.32679e-05,1,-0.000569725,0.000549303,4.58079e-05,1,-0.000561488,0.000526284,6.52995e-05,1
1787525580,-0.000150552,-8.95146e-05,0.000459653,-0.000288917,0.00100058,0.525202,8.59251e-05,8.60251e-05,0.0398801,-0.00122466,-0.000847128,-0.00043843,-0.000153766,5.04594e-05,0.000217755,0.000465485,0.000925653,0.00121245,7.57202e-05,8.99523e-05,9.36748e-05,7.57986e-05,8.997e-05,0.00010467,0.000106071,8.33049e-05,0.00054633,0.000117112,0.000589877,0.000613086,7.42152e-06,0.00056869,0.5048,-0.00137129,-0.000506208,0.000541174,0.00143148,1787525400,-0.000581585,0.000549432,0.000101376,1,-0.000623643,0.000571627,8.59894e-05,1,-0.000555798,0.000520657,4.59331e-05,1,-0.000622093,0.000585655,9.5898e-05,1
1787525640,-0.000337807,2.44154e-05,0.000358032,-0.00044772,0.000990752,0.521788,0.00010865,0.000108617,0.040132,-0.00108743,-0.000744404,-0.000369202,-0.000125021,3.37246e-05,0.000181175,0.000395921,0.000814552,0.00109945,0.000106929,0.000118697,0.000118386,0.000103201,0.000112464,0.000119434,0.000116474,0.000105383,0.000463434,4.8217e-05,0.000488107,-0.000571123,0.000487519,0,0.498996,-0.00128568,-0.00047923,0.000486905,0.00132641,1787525400,-0.000595701,0.000603688,0.000107608,1,-0.000585263,0.000565006,5.96238e-05,1,-0.000575867,0.000508476,2.65671e-05,1,-0.000609198,0.000587167,7.95809e-05,1
1787525700,-0.000244269,4.07064e-06,0.000382568,-0.00024834,0.000981957,0.531665,9.80342e-05,9.69977e-05,0.0420025,-0.00109568,-0.000751068,-0.000368597,-0.000121548,5.45036e-05,0.00019393,0.000448892,0.000851407,0.00110554,9.11859e-05,0.000102256,0.000100017,8.78538e-05,9.51515e-05,9.63594e-05,0.000113236,0.000102896,0.000500131,7.0602e-05,0.000517111,0.00055476,2.45192e-06,0.000516981,0.504531,-0.00127761,-0.000459251,0.000491133,0.00131245,1787525700,0.00056266,1.54019e-06,0.000647255,1,-0.000601532,0.000601113,9.47229e-05,1,-0.000526293,0.000498844,4.05543e-05,1,-0.000592911,0.000562674,7.1544e-05,1
1787525760,-0.000545749,0.000114,0.000114,-0.000912465,0.000972702,0.516189,0.00016022,0.000160901,0.0453553,-0.0010157,-0.000703064,-0.000345308,-0.000125082,2.34092e-05,0.000158572,0.000370266,0.00077773,0.00102407,0.000162503,0.000161448,0.00015906,0.000157207,0.000144779,0.000156405,0.000166179,0.000162881,0.000433186,5.42488e-05,0.000454645,-0.000502117,0.000428738,0,0.499688,-0.00114651,-0.000419677,0.00042329,0.00115743,1787525700,-0.000562945,0.000485888,0,1,-0.000561446,0.000568264,0.000138586,1,-0.000567999,0.000540437,3.52163e-05,1,-0.000579539,0.00057424,6.67846e-05,1
1787525820,-0.000721335,-1.22217e-05,0.000142575,-0.000721335,0.000966014,0.5247,0.000215987,0.000215139,0.0492101,-0.00108714,-0.000731427,-0.000354221,-0.000130855,4.16565e-05,0.000190999,0.000447076,0.000853606,0.00110466,0.000211233,0.000210037,0.0002078,0.000206505,0.000190608,0.000204715,0.000235849,0.000225093,0.000491435,8.3405e-05,0.000504486,0.00053481,0,0.000496868,0.504567,-0.00122122,-0.000434309,0.000478931,0.00127528,1787525700,-0.000525195,0.000430303,0,1,-0.000548195,0.000553857,8.39276e-05,1,0.000512769,3.14411e-05,0.000581969,1,-0.000597897,0.000609689,7.73629e-05,1
1787525880,0.000586888,-8.15365e-06,0.000586888,-0.000456707,0.00096173,0.523387,0.000158614,0.000156252,0.0532511,-0.00105475,-0.000700124,-0.000358385,-0.000134097,3.97596e-05,0.000194883,0.000431234,0.000807116,0.00105173,0.000164219,0.000168684,0.000167252,0.000165772,0.000182838,0.000167709,0.000153855,0.00014676,0.00048174,4.94721e-05,0.000457524,0.000492844,0,0.000446017,0.501494,-0.00113099,-0.000404626,0.000426703,0.00114024,1787525700,-0.000542994,0.000470953,1.97996e-05,1,-0.000521663,0.000491651,0.000115336,1,-0.000517409,0.000499085,2.5695e-05,1,-0.000620972,0.000573436,6.4717e-05,1
1787525940,0.000268875,0,0.00059876,-0.000191516,0.000955676,0.516256,9.44133e-05,8.92314e-05,0.0461965,-0.00109218,-0.000747336,-0.000373789,-0.000132846,2.5046e-05,0.000186251,0.0004288,0.000837071,0.00114416,8.90129e-05,0.000102811,0.000101052,9.10068e-05,0.000110857,9.30365e-05,9.63247e-05,9.52321e-05,0.000488571,6.80807e-05,0.000526336,0.000544459,0,0.000515516,0.503693,-0.00120829,-0.00043849,0.000482815,0.00128419,1787525700,-0.00050992,0.000407696,6.60157e-06,1,0.000570148,0,0.000615242,1,-0.000504663,0.000473659,2.94017e-05,1,-0.000578437,0.000540861,5.2638e-05,1
1787526000,-6.92488e-05,-4.07333e-06,0.00030138,-0.000627488,0.000946834,0.508579,7.9063e-05,7.82214e-05,0.0461239,-0.00124928,-0.000892041,-0.000443133,-0.000174591,1.62957e-05,0.00017688,0.000427124,0.00090591,0.00121617,6.74772e-05,7.93748e-05,7.6268e-05,7.98392e-05,7.99229e-05,6.5038e-05,0.000106581,7.38439e-05,0.000524857,0.000241191,0.000834191,-0.000624171,0.000691982,0.000192235,0.493619,-0.00138485,-0.000535187,0.000518618,0.00141429,1787526000,0.000580782,0,0.000585851,1,-0.000532633,0.000482956,6.98603e-05,1,-0.000529251,0.00050512,1.3682e-05,1,-0.000578065,0.000511296,5.02604e-05,1
1787526060,-0.000929213,6.92488e-05,9.36885e-05,-0.00105562,0.000937369,0.513295,0.000275436,0.000288695,0.0486823,-0.00107728,-0.000744929,-0.000361849,-0.000131218,1.95454e-05,0.000165183,0.000386086,0.000846804,0.00111297,0.000287395,0.00026908,0.000274925,0.000280872,0.000249844,0.000284662,0.000275661,0.000274299,0.000452665,6.21347e-05,0.000518456,-0.000544744,0.000445486,0,0.495314,-0.00122231,-0.000456973,0.000461871,0.0013066,1787526000,-0.000667144,0.000532066,0,1,-0.000583984,0.000562686,3.31175e-05,1,-0.000508654,0.000456959,7.46418e-07,1,-0.000566128,0.000550481,6.09433e-05,1
1787526120,-0.000921915,-4.0774e-06,-4.0774e-06,-0.00132603,0.000937207,0.520607,0.000277608,0.000288553,0.0445933,-0.00105501,-0.000742035,-0.000374664,-0.000135838,3.4285e-05,0.000192082,0.000444492,0.000872399,0.00111037,0.000284074,0.00026568,0.000263688,0.000282853,0.000243107,0.000276457,0.000283526,0.000280585,0.000499265,4.97623e-05,0.000481796,-0.000549279,0.000427597,0,0.49667,-0.00121277,-0.000455053,0.000464847,0.00126364,1787526000,0.000555123,0,0.000559978,0,0.000671047,4.17612e-05,0.000662552,1,0.000532322,0,0.000548605,1,0.0005447,0,0.00058894,1
1787526180,-0.00120466,1.63245e-05,1.63245e-05,-0.00150708,0.000936904,0.530881,0.000388773,0.000403528,0.0445121,-0.00114955,-0.000816002,-0.000402263,-0.000136973,5.95228e-05,0.000242665,0.000527369,0.000993024,0.00126276,0.000411015,0.000375266,0.00036642,0.00039285,0.000338131,0.00037853,0.000390462,0.000404305,0.000571647,8.53493e-05,0.000510037,0.000584558,0,0.000488221,0.506356,-0.00129939,-0.000464045,0.000524123,0.00138781,1787526000,-0.000564894,0.000448585,0,0,-0.00058601,0.000568316,7.67717e-05,0,0.000648315,0,0.000749446,0,-0.000589783,0.000581076,3.62357e-05,1
1787526240,0.000727056,-5.72066e-05,0.00146582,-0.000527242,0.000943004,0.541338,0.000182347,0.000182054,0.0469769,-0.00129913,-0.000932016,-0.000447077,-0.000138774,9.51314e-05,0.000287137,0.000628283,0.00114716,0.0014351,0.000203629,0.00020749,0.000207181,0.000205477,0.000231426,0.000211334,0.000166894,0.00016855,0.000664141,3.66631e-05,0.000510818,0.000628559,0,0.000497045,0.509349,-0.00138659,-0.000493866,0.000564151,0.00146179,1787526000,-0.000601937,0.000493152,5.24554e-07,1,-0.000606135,0.000508508,3.98843e-05,1,0.000545824,0,0.000592867,1,0.000671026,3.6478e-05,0.000699793,1
1787526300,-6.53317e-05,-5.7165e-05,0.000538824,-0.000310364,0.000939172,0.521212,9.54526e-05,9.44613e-05,0.041917,-0.00142188,-0.0010169,-0.000495814,-0.000173339,4.56577e-05,0.000259003,0.000568428,0.00110987,0.00143776,6.72365e-05,7.9149e-05,9.2411e-05,9.03541e-05,8.05163e-05,9.55885e-05,0.000108634,9.83667e-05,0.000649649,7.01487e-05,0.000618396,0.000713122,0,0.000617003,0.501255,-0.0015015,-0.000570605,0.000608276,0.00162422,1787526300,-0.000620754,0.000513519,0,1,-0.000635425,0.000548249,3.36109e-05,1,0.000571941,0,0.000552874,1,-0.000621855,0.000599332,5.36706e-05,1
1787526360,-0.000739363,2.44999e-05,2.44999e-05,-0.00292797,0.000929779,0.512191,0.000218988,0.00021561,0.039171,-0.00124298,-0.000892416,-0.000439706,-0.000157795,2.13914e-05,0.00020411,0.000475588,0.000923438,0.00123131,0.000215952,0.000214407,0.000213528,0.000211942,0.000187116,0.000213039,0.000226181,0.000227827,0.000554564,5.1838e-06,0.000509432,-0.000609293,0.000497256,0,0.498718,-0.00134866,-0.000508872,0.000510199,0.0014067,1787526300,0.000697061,0,0.000765037,1,0.000641246,0,0.000659094,1,-0.000568413,0.000492862,0,1,-0.000589792,0.000547611,2.94178e-05,1
1787526420,0.000645441,-2.04321e-05,0.00113129,-2.04321e-05,0.000926354,0.521901,0.000173228,0.000170717,0.0385697,-0.00151877,-0.00108598,-0.000522977,-0.000176599,4.84852e-05,0.00030083,0.000674034,0.00131829,0.00173541,0.000181073,0.000184312,0.000183896,0.0001902,0.000207083,0.000187149,0.000163318,0.000162628,0.000736581,0.000113975,0.000666668,0.000779409,0,0.000660155,0.502151,-0.00157384,-0.000598089,0.000648648,0.00173035,1787526300,0.000605056,6.89936e-06,0.000607323,1,-0.000660753,0.00067846,4.89577e-05,1,-0.000572086,0.00050804,0,1,0.000598871,0,0.000606341,1
1787526480,0.000355223,4.08374e-06,0.000930662,4.08374e-06,0.000921575,0.508858,0.000118546,0.000115105,0.0382943,-0.00130472,-0.000922911,-0.000470929,-0.000168818,1.59915e-05,0.000209385,0.000508402,0.00100008,0.00133684,0.00010402,0.000114796,0.00011987,0.000121811,0.000129748,0.000117825,0.000122588,0.000113952,0.000592178,9.76313e-05,0.000573029,-0.000592095,0.000524008,0,0.495668,-0.00129768,-0.000495576,0.000501094,0.00139097,1787526300,0.000681031,9.20755e-05,0.000787805,1,-0.000576659,0.000586381,6.38531e-05,1,0.000584577,5.81592e-06,0.00060666,1,0.000597807,0,0.000594866,1
1787526540,0.000909939,0.000106134,0.00120355,0.000106134,0.000913695,0.507496,0.000257297,0.000255744,0.0392143,-0.0012531,-0.000890741,-0.000465626,-0.000170796,1.3653e-05,0.000190242,0.000459148,0.000930359,0.00125379,0.000263858,0.00025745,0.000256862,0.000256674,0.000277799,0.000264197,0.000260737,0.000256159,0.00055576,6.38388e-05,0.000560268,-0.00054772,0.000441375,0,0.490122,-0.00121663,-0.000474916,0.000445569,0.00128089,1787526300,0.00061757,0,0.000626337,1,0.000750372,0,0.000764572,1,0.000555966,0,0.000559687,1,0.000681785,0,0.000684417,1
1787526600,-0.00108958,6.11769e-05,0.00114543,-0.00108958,0.00091362,0.50527,0.00031991,0.000329097,0.0448705,-0.00124067,-0.000904245,-0.000461255,-0.000176384,9.82248e-06,0.000187451,0.000460762,0.00094409,0.00124843,0.000351553,0.00033333,0.000321384,0.00032565,0.000302405,0.000324256,0.000305686,0.000320833,0.000553287,0.000102734,0.000606046,-0.000550976,0.000456012,0,0.487795,-0.00120412,-0.00047724,0.000449219,0.00130471,1787526600,-0.000577025,0.000559033,1.17901e-05,1,-0.000593603,0.000579311,2.75297e-05,1,0.000636215,1.76351e-05,0.000682612,1,0.000647243,0,0.00065139,1
1787526660,-0.00116025,2.0415e-05,2.0415e-05,-0.00116434,0.00091747,0.514073,0.000337108,0.000340975,0.0403357,-0.00151056,-0.00109546,-0.0005548,-0.000213021,3.42868e-05,0.000250114,0.000608963,0.00115929,0.00153638,0.000384667,0.000359743,0.000340376,0.000331759,0.000321717,0.000331648,0.000350274,0.000344948,0.000704826,0.000150072,0.000661203,-0.000705961,0.000676787,0,0.493685,-0.00148526,-0.000582504,0.000574845,0.00159637,1787526600,0.000588434,0,0.00057914,0,-0.000554947,0.000529519,7.3722e-05,1,0.000539534,0,0.000528915,1,0.000696042,5.05012e-05,0.000722705,1
1787526720,0.000657915,0.0001308,0.000792714,-8.58469e-05,0.000922952,0.521192,0.000175757,0.000175152,0.0420705,-0.00126065,-0.000916301,-0.000454155,-0.000157153,4.12658e-05,0.000241416,0.000536153,0.00102484,0.00131266,0.000184562,0.000187845,0.000188115,0.000186157,0.000209309,0.000191718,0.000164016,0.000160357,0.000605066,0.000101795,0.000506907,-0.000585425,0.000508448,0,0.495784,-0.00128968,-0.000481649,0.000501601,0.00137431,1787526600,0.000641727,6.62665e-05,0.000695728,1,-0.000585725,0.000564718,7.64945e-06,1,0.000543364,0,0.000544822,1,0.000618356,0,0.000605154,1
1787526780,0.000502339,4.085e-05,0.000502339,-0.00044946,0.000918401,0.513858,0.000141669,0.000137832,0.0412719,-0.0012457,-0.000924471,-0.00046817,-0.00015599,2.45034e-05,0.000213351,0.000517744,0.00098469,0.00130324,0.000141095,0.000144428,0.000151376,0.000143036,0.00016237,0.000163221,0.000141429,0.000138392,0.000597489,0.000104992,0.000574439,0.000571214,0,0.000469141,0.501654,-0.00127134,-0.00046293,0.000504791,0.00138626,1787526600,0.000605189,0,0.000604501,1,-0.000672616,0.000656085,7.07986e-05,1,0.000550029,0,0.000528657,1,0.000613279,0,0.000605632,1
1787526840,-0.000122498,0,8.98227e-05,-0.000559532,0.000911942,0.512225,8.57357e-05,8.5452e-05,0.0414719,-0.00122842,-0.000907463,-0.000462422,-0.000159923,2.17647e-05,0.000209059,0.000483451,0.000965421,0.00128331,7.14437e-05,8.00492e-05,9.29177e-05,8.04035e-05,8.37526e-05,0.000104892,9.46099e-05,8.28844e-05,0.000570516,3.66998e-05,0.000571325,-0.00059652,0.000496201,0,0.495001,-0.00129366,-0.000493246,0.000502726,0.00140626,1787526600,0.00064518,0,0.000629419,1,0.000642761,0,0.000626845,1,0.000610955,0,0.000632545,1,-0.000608318,0.000569611,3.54356e-06,1
1787526900,0.000465414,4.08352e-06,0.000465414,-0.000473802,0.000902942,0.510193,0.000135451,0.000132299,0.0395615,-0.00123927,-0.00095645,-0.0004796,-0.000165933,1.84225e-05,0.000201934,0.00045315,0.000910335,0.00124953,0.00013081,0.000133923,0.000137223,0.000133759,0.000149622,0.000142061,0.000136073,0.000137561,0.000562605,0,0.000611767,-0.000596413,0.00045587,0,0.493225,-0.00130428,-0.000502308,0.000488513,0.00137117,1787526900,0.000639782,0,0.000606373,1,0.000602099,0,0.000574267,1,0.000575394,0,0.000518563,1,0.000667122,2.225e-05,0.000668315,1
1787526960,0.000530472,-0.00011021,0.000836385,-0.00011021,0.000896287,0.511834,0.000149848,0.000146193,0.0420372,-0.00108928,-0.000791731,-0.00040328,-0.000129495,1.68234e-05,0.000184018,0.000429777,0.000868278,0.00115262,0.000148767,0.000151874,0.000151611,0.0001505,0.0001652,0.000154792,0.00014732,0.000147854,0.000503411,5.05869e-05,0.000538283,-0.000548999,0.000462625,0,0.494984,-0.00119517,-0.000452066,0.000466794,0.00131999,1787526900,0.00065524,0,0.000605048,1,0.000619584,0,0.000572381,1,0.000542345,0,0.000494035,1,0.000588758,0,0.00056695,1
1787527020,0.00033446,-5.30345e-05,0.000876701,-0.000297846,0.000890445,0.501233,0.000111391,0.000105613,0.0465002,-0.00113815,-0.000834195,-0.000432441,-0.000148712,5.16576e-07,0.000175739,0.00042394,0.000846815,0.00111881,0.000100481,0.000109062,0.000112588,0.000103317,0.00012116,0.000110558,0.000120456,0.000115951,0.000514833,7.86891e-05,0.000562103,-0.000503819,0.000500042,0,0.494126,-0.00113268,-0.000430097,0.000425838,0.00123977,1787526900,0.000589224,0,0.000577646,1,0.000649144,0,0.000607136,1,0.000583037,0,0.000527561,1,0.00059608,0,0.000555664,1
1787527080,0.00188638,-5.30168e-05,0.00188638,-0.000101958,0.000882764,0.511352,0.000702234,0.000711493,0.0516422,-0.00117071,-0.000861182,-0.00043611,-0.000147881,1.8485e-05,0.000199389,0.000442639,0.000904662,0.00118217,0.000726913,0.000710033,0.000700862,0.000706377,0.000724621,0.000732607,0.00068448,0.000695292,0.000528315,0.000103024,0.000587688,-0.000531782,0.000511408,0,0.494863,-0.00117253,-0.000450632,0.000449624,0.00130958,1787526900,-0.000556935,0.000545472,3.72284e-06,0,0.000604619,0,0.000567012,0,0.000557404,2.80765e-05,0.000555631,0,0.000613421,2.34067e-05,0.000596766,1
1787527140,-0.0012667,-6.91995e-05,0.000211639,-0.00131153,0.000913704,0.510653,0.000375331,0.000386874,0.0879077,-0.00139248,-0.00104017,-0.000555696,-0.0001805,2.10857e-05,0.000244364,0.000559761,0.00113031,0.00157514,0.000437588,0.00040031,0.000362513,0.000409595,0.00038432,0.000358971,0.000342776,0.000372451,0.00066979,9.92524e-05,0.000752119,-0.000670716,0.000686182,0,0.489008,-0.00139218,-0.000566007,0.000556924,0.001617,1787526900,-0.000555986,0.000588303,3.90705e-05,1,-0.0005474,0.000531135,1.34644e-05,1,0.000548953,0,0.000515532,1,0.000602449,1.00347e-05,0.00058573,1
1787527200,0.000391179,4.07557e-06,0.000472655,-0.000525888,0.000922089,0.506584,0.000132492,0.000125986,0.0783917,-0.0013793,-0.00102885,-0.000546592,-0.000191271,1.31729e-05,0.000221281,0.000514871,0.00104241,0.00136996,0.000110038,0.000122264,0.000145155,0.000121391,0.000132068,0.000153785,0.000134928,0.000133739,0.00064059,0.00011078,0.000638307,-0.000674485,0.000640856,0,0.492085,-0.0014345,-0.000565914,0.000552357,0.00157101,1787527200,-0.000725745,0.000725537,0,1,-0.000566803,0.00057152,5.15573e-05,1,-0.000514837,0.000466271,0,1,0.000590269,0,0.000580965,1
1787527260,-0.000896678,4.07398e-06,7.74027e-05,-0.00108835,0.000914497,0.510027,0.000258589,0.000259584,0.0670788,-0.00126455,-0.000941913,-0.000485372,-0.000145813,1.54927e-05,0.000224772,0.000502602,0.00099904,0.00130905,0.000273473,0.000258345,0.000258787,0.000256279,0.000247141,0.000256329,0.000264783,0.000259661,0.0005953,3.6098e-05,0.000565449,-0.000623921,0.000549421,0,0.496327,-0.00132309,-0.000503525,0.000535762,0.00151833,1787527200,0.000647289,0,0.000563821,1,0.000683188,6.60146e-05,0.000630754,1,-0.00052947,0.000516868,2.10318e-05,1,0.000562086,0,0.000545482,1
1787527320,-0.000150884,4.89305e-05,0.000277241,-0.000407847,0.000914144,0.517937,9.08242e-05,9.15962e-05,0.0583188,-0.00128724,-0.000942488,-0.00051865,-0.000165229,3.53165e-05,0.000230038,0.000489585,0.000975913,0.00129796,7.61833e-05,8.32456e-05,0.000105419,8.05152e-05,9.02435e-05,0.000121303,0.000100883,8.68241e-05,0.000607701,4.53176e-05,0.000562307,-0.000636582,0.000559504,0,0.495993,-0.00136241,-0.000523299,0.000535684,0.00148718,1787527200,0.000662565,0,0.000580172,1,0.000672374,0,0.000669493,1,-0.000615823,0.000615992,0,1,0.000597325,0,0.000604522,1
1787527380,-0.00037119,-4.07826e-06,2.85474e-05,-0.000991507,0.000905208,0.51141,0.000119201,0.000119442,0.0500218,-0.0011714,-0.000858878,-0.000443179,-0.000133846,1.66319e-05,0.000198807,0.000431479,0.000875252,0.00120032,0.000113739,0.000118856,0.000131058,0.000112094,0.000116729,0.000139922,0.000120803,0.000117409,0.000526048,0,0.000478858,-0.000585454,0.000438368,0,0.493191,-0.0012583,-0.000483819,0.000487295,0.00137928,1787527200,0.00064328,0,0.000561016,1,0.000675331,0,0.000637274,1,0.000627806,0,0.000591064,1,0.00066347,1.41676e-05,0.000674706,1
1787527440,-2.85588e-05,5.71151e-05,0.000440518,-0.000228493,0.000897646,0.51801,7.95521e-05,7.92728e-05,0.0454746,-0.0012169,-0.000884593,-0.000461018,-0.000134129,2.86752e-05,0.000218205,0.000487499,0.000946055,0.00125731,6.58154e-05,7.43001e-05,8.51137e-05,7.38857e-05,8.27168e-05,9.49357e-05,8.87186e-05,7.71162e-05,0.000572648,3.44988e-05,0.000547283,0.000578299,0,0.00046475,0.503655,-0.00126979,-0.000464067,0.000510122,0.00140059,1787527200,0.000606155,0,0.000510622,1,0.000628707,4.12284e-06,0.000615599,1,0.000572806,1.18024e-05,0.000557404,1,0.000629459,0,0.000565944,1
1787527500,-0.000126484,2.85588e-05,0.000391592,-0.000918396,0.000888634,0.507649,7.48347e-05,7.38473e-05,0.0447617,-0.00110401,-0.000803782,-0.000409194,-0.000123199,8.77607e-06,0.000181601,0.000390536,0.000805685,0.00111421,7.18404e-05,7.84021e-05,8.47164e-05,7.10291e-05,8.57536e-05,8.68552e-05,7.80866e-05,7.57154e-05,0.0004819,8.01252e-06,0.000478479,-0.000492427,0.000430813,0,0.49684,-0.0011067,-0.00041121,0.000415594,0.00118818,1787527500,0.000565075,0,0.000523666,1,0.000593809,2.57373e-06,0.000594651,1,0.000589518,0,0.000533423,1,0.000630657,0,0.000555025,1
1787527560,0.00070566,2.04018e-05,0.000754589,-0.000546923,0.000879884,0.507851,0.000197567,0.000194712,0.0470081,-0.0011946,-0.000866125,-0.000442436,-0.00013337,9.96e-06,0.000206368,0.000464166,0.000922736,0.00125224,0.000197781,0.000200933,0.000200559,0.000199975,0.000211292,0.000201645,0.000187357,0.000196506,0.000547135,8.20588e-05,0.000562522,0.000560427,3.67439e-05,0.000508117,0.503464,-0.00123686,-0.000454949,0.000495479,0.00137539,1787527500,0.000494045,0,0.000462359,1,0.000569621,5.50213e-05,0.000551234,1,0.000541755,5.20825e-06,0.000510223,1,0.00058893,3.91427e-06,0.000518057,1
1787527620,0.000370986,3.6697e-05,0.000770355,-9.37874e-05,0.000876739,0.505916,0.000117896,0.00011245,0.0455809,-0.00116595,-0.000858606,-0.000460629,-0.00013872,7.2119e-06,0.000198708,0.000452626,0.000900957,0.001207,0.000107084,0.000114731,0.000118272,0.000119171,0.000126553,0.000114588,0.00012318,0.000115645,0.000548741,3.58248e-05,0.000584,-0.00052102,0.000444869,0,0.493833,-0.00111389,-0.00043299,0.000439392,0.00124833,1787527500,0.000530136,1.28114e-05,0.000542035,1,-0.000492105,0.000518897,5.77889e-05,1,0.000517403,2.94549e-05,0.000499458,1,0.000593742,0,0.00052412,1
1787527680,0.000338252,4.076e-06,0.000338252,-0.00017936,0.000869512,0.504655,0.000111735,0.000105445,0.0489396,-0.00114846,-0.000842088,-0.000445234,-0.000145533,5.79799e-06,0.000192349,0.000425862,0.000846011,0.0011544,0.000101373,0.000108573,0.000110937,0.000109213,0.000119675,0.000104987,0.000120321,0.000113052,0.000524603,6.3868e-05,0.000570792,-0.00047921,0.000497257,0,0.496742,-0.00108049,-0.00040755,0.000406768,0.00118681,1787527500,0.000527813,0,0.000524891,1,0.000546531,6.73933e-05,0.000587153,1,0.000465891,1.74438e-05,0.000480532,1,0.000551428,0,0.000504509,1
1787527740,0.00172209,-6.11213e-05,0.00245399,-6.11213e-05,0.000862101,0.511357,0.00065314,0.000661924,0.0548647,-0.00101589,-0.000742913,-0.000378196,-0.000114584,1.37475e-05,0.000185939,0.000370462,0.00076604,0.00102297,0.000644342,0.000633495,0.000627168,0.000667797,0.00063136,0.000668343,0.000657665,0.000642375,0.000450124,1.50539e-06,0.000490273,-0.000408893,0.000353347,0,0.495407,-0.000897224,-0.000331014,0.000333228,0.00099041,1787527500,-0.000484944,0.000471042,0,0,0.000543951,2.83196e-05,0.0005674,0,0.000493372,4.91043e-05,0.000532851,0,0.000535044,0,0.000490725,0
1787527800,0.00294874,5.69451e-05,0.00438746,-0.00015865,0.000887505,0.497535,0.00113287,0.00113884,0.0596805,-0.00162905,-0.00125247,-0.000709913,-0.000234077,-7.71708e-06,0.000266262,0.000643575,0.00128998,0.00178738,0.00125616,0.0012343,0.00115305,0.00112993,0.00121793,0.00111925,0.00113615,0.00112383,-0.000818142,0.00083678,0.000106921,-0.000779337,0.000844321,0.00015426,0.487445,-0.00154173,-0.000644418,0.000611474,0.00173726,1787527800,0.000438387,0,0.000398433,0,-0.000481329,0.000530482,4.79009e-05,0,0.00050291,1.46184e-05,0.000521255,0,0.000555469,0,0.000525182,0
1787527860,0.00175455,-7.30042e-05,0.00251539,-0.000685639,0.000972529,0.487545,0.000508185,0.000499303,0.534574,-0.0021666,-0.0016478,-0.000911632,-0.000314117,-4.65602e-05,0.000331156,0.000880811,0.00185548,0.00262297,0.000658168,0.000598644,0.000495455,0.000499358,0.000436636,0.000506666,0.000539986,0.000517131,-0.0010799,0.00115726,0.000172504,-0.00101069,0.00110695,0.000102099,0.479692,-0.00188673,-0.000816872,0.000762645,0.00221288,1787527800,0.000789216,3.86431e-05,0.000829383,0,0.000459892,0,0.000455083,0,0.000455711,1.6488e-05,0.000479105,0,0.000546786,0,0.000526868,0
1787527920,-0.00211557,-4.04854e-06,0.000267168,-0.00250107,0.000994216,0.486386,0.000627728,0.000645772,0.697609,-0.00209793,-0.00161331,-0.000926922,-0.000301225,-5.17744e-05,0.000332497,0.000812018,0.00174888,0.00255638,0.000862038,0.000784453,0.000635016,0.000655424,0.000817163,0.00064861,0.000621076,0.000594541,-0.00105709,0.00107723,0.000108845,-0.000967445,0.000998569,7.93969e-05,0.483834,-0.00184931,-0.000790569,0.000744373,0.00216677,1787527800,-0.00093348,0.00109146,3.83952e-05,1,0.000691601,0.000143037,0.00072998,1,0.000431638,0,0.000422227,0,0.000513224,0,0.000486221,0
1787527980,-0.000949814,1.21712e-05,0.000146045,-0.00107571,0.00102869,0.499426,0.000271885,0.000275417,0.818382,-0.00202038,-0.00142493,-0.000781532,-0.000255517,-4.66861e-06,0.000333084,0.000791542,0.001624,0.00217953,0.000294311,0.000275225,0.000281522,0.000276033,0.000346407,0.000276994,0.000282491,0.00026027,-0.000944853,0.0011583,6.9672e-05,-0.000958034,0.0009124,0,0.496376,-0.00186911,-0.000754016,0.000767292,0.0021078,1787527800,-0.000885543,0.00109257,1.82927e-05,0,-0.000815578,0.0010679,5.6794e-05,1,-0.000571814,0.000688699,9.06659e-05,1,-0.00045444,0.000416141,0,0
1787528040,-0.000365553,6.9034e-05,0.000312645,-0.00105234,0.00102717,0.502638,0.000140567,0.000142473,0.779537,-0.00169603,-0.00122378,-0.00065315,-0.000208098,3.348e-06,0.000284508,0.000644321,0.00126686,0.00170141,0.000112808,0.000130968,0.000173231,0.000138427,0.000207944,0.000151792,0.000155114,0.000126996,0.000779364,0.000102045,0.000794633,-0.000785572,0.00066249,0,0.498797,-0.00162093,-0.000627563,0.000670093,0.00181235,1787527800,-0.000802743,0.000989432,7.21745e-05,1,-0.000836933,0.00102264,3.42662e-05,0,-0.000749875,0.000838822,7.98709e-05,1,0.000639375,1.94012e-05,0.000602841,1
1787528100,-0.000406327,0,0.00118959,-0.000434776,0.00101816,0.511504,0.000151999,0.000152848,0.699349,-0.00168929,-0.0012293,-0.000629431,-0.000189114,2.40533e-05,0.000293817,0.000666428,0.00130303,0.00176786,0.000124134,0.000136761,0.000167651,0.000152163,0.000198351,0.000151888,0.000166451,0.000144028,0.000782703,6.40514e-05,0.000822205,0.000839533,0,0.000645403,0.503368,-0.00171781,-0.000655123,0.000717487,0.0019087,1787528100,-0.000754075,0.000749693,3.76846e-05,1,0.000873902,1.88409e-05,0.000930467,1,-0.000758983,0.000824798,7.9171e-05,0,-0.000827858,0.000819377,1.37372e-05,1
1787528160,-0.000622001,-4.47061e-05,0.000325075,-0.000622001,0.00100957,0.50794,0.000183563,0.000183933,0.609424,-0.00166549,-0.00118417,-0.000606521,-0.000198704,1.64371e-05,0.000277404,0.000600789,0.00122459,0.00161962,0.000183909,0.000183546,0.000193551,0.000186485,0.000219216,0.000182247,0.000191071,0.000182909,0.000725106,8.82388e-05,0.000785133,0.000811826,0,0.000678273,0.500921,-0.00168961,-0.000659196,0.000678907,0.00182697,1787528100,0.000789097,6.45566e-05,0.000876467,1,0.000748397,0,0.000803525,1,-0.000742907,0.000770231,7.03111e-05,1,-0.000808781,0.000792211,2.68314e-05,0
1787528220,-0.000280637,-2.84668e-05,0.000930824,-0.000280637,0.00100329,0.508455,0.000116698,0.000115761,0.525258,-0.00143048,-0.00103086,-0.000544203,-0.000171858,1.49464e-05,0.000249123,0.000524767,0.00104555,0.00140963,9.8293e-05,0.00011425,0.000129814,0.000110116,0.000148747,0.000122311,0.000125446,0.000115307,0.00064332,2.13692e-05,0.00066604,0.000650238,0,0.000534878,0.501997,-0.00141695,-0.000535253,0.000556486,0.00149999,1787528100,0.000685764,0.000117727,0.000778133,1,0.00072324,8.0778e-05,0.000799672,1,-0.0006428,0.00062467,1.37763e-05,1,-0.000739877,0.0007549,3.43617e-06,1
1787528280,-0.000675478,0,0.000345701,-0.000728396,0.000993994,0.501466,0.000195633,0.00019369,0.428297,-0.00139429,-0.000985515,-0.000529383,-0.000181948,2.79736e-07,0.000239698,0.000504067,0.00101359,0.00138115,0.000198386,0.000198062,0.000197396,0.000196019,0.000202013,0.000196625,0.000196017,0.000194399,0.000622943,2.82922e-05,0.000655931,0.000636351,0,0.000577571,0.500984,-0.00138434,-0.000528367,0.000540827,0.00147097,1787528100,0.000571555,5.30298e-05,0.000610929,1,-0.000639067,0.000783175,0.00014287,1,0.000649214,2.34334e-05,0.000683092,1,0.000659873,0,0.000619769,1
1787528340,-0.000329766,-1.62822e-05,-1.62822e-05,-0.000973327,0.00098863,0.501172,0.000120604,0.000117935,0.372171,-0.00134817,-0.000958973,-0.000535002,-0.000178808,-1.50091e-07,0.000229255,0.000488105,0.000971921,0.00132297,0.000106072,0.000120867,0.000127348,0.000117346,0.00013305,0.00012044,0.000127999,0.000119743,0.000618139,1.1782e-05,0.000625457,0.000568716,0,0.000511356,0.500651,-0.00124644,-0.000466069,0.000483341,0.00130889,1787528100,-0.000555954,0.000629642,0.000125333,1,0.000556678,0.000109044,0.000618914,1,0.000575884,0.000118034,0.000655449,1,0.000677101,0.000166905,0.000720535,1
1787528400,0.000521062,-4.07194e-05,0.000793698,-0.000558,0.000979804,0.500007,0.000146947,0.000144933,0.336297,-0.00130302,-0.000917513,-0.000481708,-0.000162061,-3.33066e-06,0.000220714,0.000494857,0.000962455,0.00130501,0.000147091,0.000150399,0.000151292,0.000148806,0.000169912,0.000151884,0.000143732,0.000146578,0.000587736,2.60983e-05,0.000615128,0.000560672,0,0.000522122,0.506415,-0.00123906,-0.000437815,0.000502068,0.00134673,1787528400,-0.000518494,0.000548653,0.000110615,1,-0.00054483,0.000640674,0.00017676,1,0.0005142,9.30191e-05,0.000532675,1,0.00066548,9.57133e-05,0.000748265,1
1787528460,-0.000859084,-4.47681e-05,-4.47681e-05,-0.000859084,0.000972752,0.493333,0.000244511,0.000241518,0.242307,-0.00129062,-0.000928222,-0.000517212,-0.000176178,-1.57789e-05,0.000213167,0.000490329,0.000976105,0.00129281,0.000257863,0.000248559,0.000246687,0.000246444,0.000238206,0.00024472,0.000250846,0.000240538,-0.000607348,0.000615903,5.88967e-05,0.000608524,0,0.000598177,0.502828,-0.00131966,-0.000493245,0.000532952,0.00144023,1787528400,0.000525742,5.30482e-05,0.000655527,1,-0.000528637,0.000575461,0.000120372,1,0.000505847,9.65727e-05,0.000607324,1,-0.000568463,0.000605174,9.38789e-05,1
1787528520,-0.000986209,3.25854e-05,0.000248437,-0.0013777,0.000970609,0.483486,0.000281929,0.000288411,0.254441,-0.00113875,-0.00082176,-0.000462858,-0.000189692,-3.24607e-05,0.000167983,0.000391036,0.000824443,0.00112807,0.000306588,0.000283569,0.00028178,0.000302404,0.000263823,0.000284397,0.000289684,0.000265697,-0.000522109,0.000425865,2.41399e-06,-0.000521269,0.000368786,0,0.492449,-0.00112671,-0.000435602,0.000414446,0.00114221,1787528400,-0.000568796,0.000625118,0.000138347,1,0.000553228,5.41652e-05,0.000627025,1,0.000503532,3.598e-05,0.000561449,1,-0.000601609,0.000654837,0.000108401,1
1787528580,-0.000481232,-4.48508e-05,0.000648074,-0.000534263,0.000970924,0.499472,0.000148964,0.000144908,0.27847,-0.00131893,-0.000941468,-0.00052184,-0.000184628,-4.10575e-06,0.000242989,0.000542315,0.00104922,0.00133801,0.000143546,0.000143922,0.000148763,0.000146037,0.000135231,0.000147583,0.000168441,0.00014926,-0.000640549,0.000674184,0,0.000654883,0,0.000587458,0.505478,-0.00142463,-0.000524463,0.000579993,0.00152649,1787528400,-0.000494252,0.000469483,5.39294e-05,1,-0.000567371,0.000643539,9.91772e-05,1,0.000504388,4.18465e-05,0.000570682,1,-0.000546226,0.000597478,0.000107869,1
1787528640,0.00106411,9.78965e-05,0.00117413,-0.00116325,0.000963572,0.493476,0.00030237,0.000306888,0.316879,-0.00126614,-0.000895689,-0.000500298,-0.000186006,-1.65723e-05,0.000231799,0.000508789,0.000960728,0.00124598,0.000324094,0.000301606,0.000301884,0.0003018,0.000341169,0.000309248,0.000294501,0.000302724,-0.000606349,0.000582626,0,0.000622274,0,0.000553602,0.502816,-0.00137647,-0.000510072,0.000540905,0.00143444,1787528400,-0.000576278,0.000623031,0.000135554,1,-0.000515785,0.000502845,6.84992e-05,1,-0.000516923,0.000570006,8.27343e-05,1,-0.000545605,0.000611635,0.000107695,1
1787528700,6.11213e-05,0,0.000448136,-0.000228219,0.000965685,0.489077,0.000104125,0.000106002,0.112536,-0.00158913,-0.00118373,-0.000666835,-0.00024047,-2.86881e-05,0.000237805,0.000615141,0.00121762,0.00155443,6.73912e-05,8.60357e-05,9.33892e-05,0.000125713,0.000102813,9.94896e-05,0.00011163,8.91076e-05,-0.000774494,0.000754569,0.000130834,-0.000841904,0.000725406,7.61124e-05,0.496877,-0.00168546,-0.000674278,0.000684809,0.00180355,1787528700,-0.000567305,0.000586649,0.000122365,1,0.000608536,2.7294e-05,0.000703761,1,0.000513663,0,0.000519114,1,-0.000579271,0.000651247,0.00011086,1
1787528760,0.0011199,4.07462e-06,0.0012542,0,0.000956018,0.492784,0.000339666,0.000341822,0.0865229,-0.00118331,-0.000861799,-0.000479393,-0.000185175,-1.47087e-05,0.000187356,0.000439822,0.000896554,0.00118643,0.000345232,0.000324099,0.000325574,0.00032996,0.000332169,0.000328839,0.00035238,0.000349489,-0.000556667,0.000475735,6.73201e-05,-0.000582542,0.000465866,0,0.498249,-0.00129305,-0.000488998,0.000483948,0.0013275,1787528700,0.000811511,0,0.000966183,1,-0.000551294,0.000583152,0.000152447,1,-0.000532964,0.000566167,7.34832e-05,1,-0.000512617,0.000529359,0.000110718,1
1787528820,-0.000170958,9.76769e-05,0.000492357,-0.000260518,0.00095957,0.491655,9.00805e-05,9.01724e-05,0.0595361,-0.00124833,-0.000941385,-0.000522281,-0.000197117,-1.87168e-05,0.000208649,0.000495383,0.000989013,0.00126503,7.96143e-05,9.10133e-05,9.90017e-05,9.20882e-05,0.000106012,0.000109449,8.82635e-05,8.71836e-05,-0.000613919,0.00056206,9.47052e-05,-0.000625062,0.000513695,7.25725e-06,0.492025,-0.00133053,-0.000530383,0.000514463,0.00140968,1787528700,0.00054032,3.33883e-05,0.000583979,1,0.000745104,5.5682e-05,0.000836175,1,-0.000506598,0.000530595,7.85161e-05,1,-0.000578788,0.000612384,9.7289e-05,1
1787528880,0.000358163,6.92006e-05,0.000520922,-2.84958e-05,0.000950234,0.489976,0.000119337,0.000116211,0.0578148,-0.00120858,-0.000891264,-0.000488026,-0.00019612,-2.00866e-05,0.000184105,0.000432299,0.000906733,0.00120636,0.00010611,0.000120889,0.000121883,0.000118529,0.000131635,0.000125795,0.000127347,0.000115882,-0.000560159,0.000477625,6.61561e-05,-0.000566604,0.00045883,0,0.491886,-0.00126614,-0.000489789,0.000461442,0.00130678,1787528700,-0.000597336,0.000578287,3.83453e-05,1,-0.000528318,0.000543127,0.000102356,1,0.000615431,7.70618e-05,0.000757302,1,0.00058092,1.89268e-05,0.000657525,1
1787528940,0.000166828,0,0.000166828,-0.000464009,0.000942046,0.49056,8.23663e-05,7.95283e-05,0.0603406,-0.00112942,-0.000827334,-0.000444878,-0.00015973,-1.82656e-05,0.000177837,0.000397819,0.000831987,0.00110207,7.41526e-05,8.87756e-05,8.84248e-05,8.05307e-05,0.00010138,8.63297e-05,9.18238e-05,7.92353e-05,-0.000511468,0.000419816,6.60704e-05,-0.000511232,0.000354877,0,0.49157,-0.00111213,-0.000426311,0.000407497,0.00115601,1787528700,-0.000544277,0.000559879,5.30559e-05,1,0.000593451,0,0.000637979,1,0.000511983,0,0.000569444,1,0.000677633,0.000120676,0.000762403,1
1787529000,0.000675165,0,0.000691428,-0.000109859,0.000932877,0.491924,0.000195656,0.000192339,0.0667903,-0.00103213,-0.000738926,-0.000384945,-0.000139042,-1.48406e-05,0.000162677,0.000363729,0.000767262,0.00104085,0.000190168,0.00019333,0.000192038,0.00019104,0.000193551,0.000192773,0.000205488,0.000198237,-0.000452294,0.000353752,0.000134659,-0.000510501,0.00035592,0,0.495116,-0.00111398,-0.000413394,0.00042144,0.00117904,1787529000,-0.000534171,0.000496119,3.47699e-05,1,-0.000537965,0.000524222,0.00012632,1,0.000539131,0,0.000574507,1,-0.000578467,0.000549522,8.54797e-05,1
1787529060,0.0012109,-9.35197e-05,0.00302856,-9.35197e-05,0.000928424,0.490168,0.000391501,0.000399269,0.0727642,-0.00108917,-0.000782594,-0.000422298,-0.000147185,-1.83937e-05,0.000171989,0.000406326,0.000803023,0.00108561,0.000384346,0.00036372,0.000369553,0.000406704,0.000351129,0.000388357,0.000389602,0.000395502,-0.000498908,0.000513915,0.000140327,0.000504256,4.57089e-05,0.000566194,0.506393,-0.00114641,-0.000402657,0.000452859,0.00125603,1787529000,0.000524733,1.71036e-06,0.000606597,0,-0.000540048,0.000479276,8.16476e-05,0,-0.000529793,0.000481337,5.87118e-05,1,-0.000585403,0.000542967,8.21343e-05,1
1787529120,-0.000568697,-4.06097e-06,-4.06097e-06,-0.000816587,0.00093491,0.481783,0.000165317,0.000164912,0.07192,-0.00156431,-0.00121169,-0.000693687,-0.000272033,-5.21239e-05,0.000237749,0.000597951,0.00122141,0.0016182,0.000168131,0.00016709,0.000166193,0.000184692,0.00017309,0.000167245,0.0001607,0.000153019,-0.000786074,0.000816061,0.000147699,-0.000750527,0.000835007,0.000137344,0.492744,-0.0015754,-0.00062931,0.000623652,0.00175658,1787529000,-0.000540456,0.000544389,6.37075e-05,1,-0.000545737,0.000508225,7.22636e-05,1,0.00050731,0,0.000541804,1,-0.000576681,0.000545597,8.39779e-05,1
1787529180,-0.000560889,4.06327e-06,2.43793e-05,-0.00056902,0.000929001,0.490571,0.000156003,0.000155425,0.062495,-0.00120305,-0.000882901,-0.000491279,-0.000185511,-1.84237e-05,0.000180523,0.000442607,0.000931802,0.00122197,0.000165887,0.000164592,0.000163442,0.00016282,0.000165735,0.000164507,0.000147544,0.000149145,-0.00056707,0.000517043,0.000114682,-0.000534578,0.000409118,0,0.492266,-0.00118071,-0.000450465,0.000439305,0.00126177,1787529000,-0.000676486,0.000798773,0.000174061,1,-0.000536061,0.000530144,3.69582e-05,1,0.000522075,0,0.000570971,1,-0.000552145,0.00050962,6.48729e-05,1
1787529240,0.00108491,1.21966e-05,0.00114583,-0.000101644,0.000923079,0.488359,0.000335733,0.000334112,0.0569628,-0.00110634,-0.000815436,-0.000439179,-0.000166898,-2.12636e-05,0.000165094,0.00040771,0.000851476,0.00113869,0.000331447,0.000315528,0.000313276,0.000328417,0.000302888,0.000318858,0.000340634,0.000349432,-0.000512655,0.000444848,6.53997e-05,-0.000478758,0.000358383,0,0.492959,-0.00106713,-0.000394604,0.000391579,0.00112405,1787529000,-0.000534308,0.000549583,5.45464e-05,1,-0.000644376,0.000767938,0.000179599,1,-0.000486341,0.000438403,2.84104e-05,1,-0.000506109,0.00051308,5.57245e-05,1
1787529300,0.000665806,-6.90418e-05,0.00103506,-0.000154335,0.000926593,0.484299,0.000196252,0.000190796,0.0545528,-0.00124017,-0.000920206,-0.000522097,-0.000178175,-3.4637e-05,0.000189676,0.000495312,0.00100829,0.00127933,0.000187297,0.000190576,0.000190231,0.000189621,0.000180192,0.000194278,0.000215118,0.000198701,-0.000613616,0.000553329,0.00010288,-0.000612061,0.000446962,0,0.49207,-0.00128907,-0.000507148,0.000507142,0.00140903,1787529300,-0.000503941,0.000460081,3.28799e-05,0,-0.000564942,0.00054291,6.30619e-05,1,-0.000586092,0.000649552,0.000148116,1,-0.00048186,0.000439401,2.84826e-05,1
1787529360,-0.000503373,-5.27611e-05,4.05843e-06,-0.00067799,0.0009221,0.482241,0.00014089,0.000140664,0.0535523,-0.00127945,-0.000951919,-0.000561125,-0.000225846,-4.16281e-05,0.000196461,0.000491532,0.00100852,0.00130951,0.000150019,0.000148681,0.000150354,0.000152389,0.00015787,0.000154816,0.000130454,0.000129395,-0.000640497,0.000553507,9.10914e-05,-0.000620238,0.000477168,0,0.491303,-0.00132468,-0.000524902,0.00050558,0.00143722,1787529300,-0.000645169,0.000609108,6.76058e-05,1,-0.000525398,0.000485715,5.47142e-05,1,-0.000548824,0.000501441,2.42965e-05,1,-0.00063701,0.00065,8.24006e-05,1
1787529420,0.000653524,-0.0001137,0.0015418,-0.000203045,0.000915604,0.493535,0.000192294,0.000186302,0.0477217,-0.00108429,-0.000770728,-0.000407353,-0.000169004,-1.24511e-05,0.000174988,0.000395263,0.00082062,0.00110663,0.00018374,0.00018676,0.000186328,0.000184912,0.000177205,0.000190335,0.000209699,0.000195612,-0.000483614,0.000406933,0.000116578,-0.000507646,0.00038281,0,0.494628,-0.00112896,-0.000420711,0.000419682,0.00121661,1787529300,-0.000624188,0.000652123,5.29505e-05,1,-0.00061263,0.000615126,5.71907e-05,1,-0.000502288,0.000455626,0,1,-0.000512918,0.000498126,6.6157e-05,1
1787529480,-0.000539837,0.000133899,0.000292121,-0.000543897,0.000911102,0.494164,0.000155412,0.00015611,0.0481825,-0.00126072,-0.000900857,-0.000482161,-0.000183377,-1.34578e-05,0.000208457,0.000501254,0.00102762,0.00138394,0.000160019,0.000158616,0.000157386,0.000159458,0.000164785,0.000158447,0.000138678,0.00015739,-0.000592076,0.000591778,0.000125305,-0.000653945,0.000557607,0,0.495113,-0.00138195,-0.000538673,0.000548141,0.00154675,1787529300,-0.000514699,0.000531708,3.36924e-05,1,-0.000597113,0.000631574,7.89714e-05,1,-0.000564776,0.000542861,1.74953e-05,1,-0.000477503,0.000427212,4.38561e-05,1
1787529540,0.000142091,0,0.000202981,-0.000312671,0.00090517,0.491952,8.19625e-05,8.16565e-05,0.0454251,-0.00117918,-0.000829811,-0.000450293,-0.000187809,-1.56083e-05,0.000179889,0.000415981,0.000895401,0.00121862,7.23915e-05,8.32274e-05,8.75067e-05,8.04047e-05,9.46783e-05,8.57276e-05,9.49171e-05,8.1754e-05,-0.000525784,0.000434395,6.60688e-05,-0.000529443,0.000367321,0,0.489651,-0.00116219,-0.000449189,0.000427854,0.00124097,1787529300,-0.000642193,0.000693656,0.000116492,1,-0.000545671,0.000552671,4.22697e-05,1,-0.000569511,0.000566576,3.28765e-05,1,-0.000605915,0.000654554,6.13642e-05,1
