ts,y,ao,ah,al,sigma,p_up,loss_ens,loss_cal,cp_prob,cal_05,cal_10,cal_25,cal_40,cal_50,cal_60,cal_75,cal_90,cal_95,loss_empirical,loss_ewma,loss_garch,loss_har,loss_bocpd,loss_hmm,loss_online_qr,loss_lgbm,t_b,t_u,t_d,g_b,g_u,g_d,g_p,g_05,g_25,g_75,g_95,g_eff,g2_b,g2_u,g2_d,c2_in,g3_b,g3_u,g3_d,c3_in,g4_b,g4_u,g4_d,c4_in,g5_b,g5_u,g5_d,c5_in
1786665600,0.00028649,0,0.000387273,0,0.000227447,0.505206,8.16128e-05,8.13603e-05,0.0429796,-0.000418099,-0.000329833,-0.000152737,-4.13068e-05,2.1169e-06,4.9312e-05,0.000148159,0.00028592,0.000400475,8.35614e-05,8.47619e-05,8.1328e-05,8.08642e-05,8.83547e-05,8.26907e-05,8.04318e-05,8.781e-05,0.000180827,7.25423e-05,0.000234247,-0.000193057,0.000289559,5.74032e-05,0.487789,-0.000403565,-0.00016235,0.000145901,0.00041866,1786665600,0.000148773,0,0.000139561,0,0.000151117,0,0.000151183,0,0.000143186,0,0.000142826,0,0.000128389,0,0.00013756,0
1786665660,5.83491e-05,0,5.83491e-05,-4.77427e-05,0.000228778,0.501855,2.85832e-05,2.77393e-05,0.0585591,-0.000404146,-0.000319912,-0.000150777,-4.3219e-05,7.67764e-07,4.54948e-05,0.000141799,0.000273333,0.000396946,3.84006e-05,2.47475e-05,2.98841e-05,2.6315e-05,3.01758e-05,3.76304e-05,3.03944e-05,2.75862e-05,0.000176086,0,0.000178078,-0.000176926,0.000163682,1.788e-06,0.488122,-0.000389467,-0.000154075,0.000131372,0.000407088,1786665600,-0.000213279,0.000173235,0,1,0.000144703,0,0.000140426,0,0.000144541,0,0.000156005,0,0.000138303,0,0.000147574,0
1786665720,-0.000440355,3.18253e-05,0.000355326,-0.000440355,0.000226629,0.523025,0.000151103,0.000154013,0.0516608,-0.00035528,-0.000273651,-0.000123217,-2.93092e-05,8.49602e-06,4.829e-05,0.000129204,0.000251374,0.00034647,0.000125954,0.000156083,0.000137203,0.000163993,0.000140521,0.0001299,0.000155452,0.000153401,0.000152532,0,0.000112578,-0.00014578,0.000113172,0,0.498765,-0.000325486,-0.000122597,0.000111093,0.000343803,1786665600,-0.000159816,0.000146431,4.88194e-06,1,0.000190295,0,0.000168211,1,0.000148441,0,0.000139499,1,0.000156663,0,0.000162119,1
1786665780,-9.0217e-05,-5.30666e-06,-5.30666e-06,-0.000334374,0.000232834,0.504677,3.62431e-05,3.63052e-05,0.0545347,-0.000470444,-0.000349628,-0.000156457,-4.62267e-05,2.05518e-06,5.71521e-05,0.000166264,0.000336789,0.000448498,4.24977e-05,3.13507e-05,3.74031e-05,3.96351e-05,2.95096e-05,4.24203e-05,3.51598e-05,3.49716e-05,0.000195269,0,0.000236327,-0.000192944,0.000183743,2.99526e-05,0.492044,-0.000422767,-0.000158862,0.000150342,0.000435786,1786665600,-0.000132589,0.000119711,0,0,-0.000171292,0.000157089,0,1,0.00016433,3.84357e-06,0.000138217,1,0.000146274,0,0.000135295,1
1786665840,0.000360819,-7.961e-05,0.000360819,-0.000180458,0.000230847,0.513841,0.000103254,0.000104849,0.0423435,-0.000419782,-0.000314505,-0.000131128,-3.82478e-05,5.99591e-06,5.61654e-05,0.000161103,0.000314568,0.000417859,0.000104208,0.00011351,0.000103079,0.000104575,0.000118491,0.000102531,9.9249e-05,0.000103098,0.000180232,0,0.000168191,0.000177427,0,0.000144242,0.507535,-0.000391561,-0.000136757,0.000148704,0.000405001,1786665600,-0.000188521,0.000177774,0,1,0.000141585,0,0.000121943,1,-0.000157503,0.000145868,0,1,0.000152324,8.95746e-07,0.000157712,1
1786665900,0.000254618,5.30519e-06,0.000291744,5.30519e-06,0.000234154,0.514331,7.09908e-05,7.03404e-05,0.0629378,-0.00044762,-0.000347923,-0.000154254,-4.47129e-05,7.32304e-06,5.98134e-05,0.000176803,0.000331562,0.000437865,7.45867e-05,7.24386e-05,7.26107e-05,7.19988e-05,7.65858e-05,7.26569e-05,7.18917e-05,6.74924e-05,0.000201974,0,0.00020007,-0.000192843,0.000174359,0,0.49485,-0.000424901,-0.000160768,0.000149361,0.000433524,1786665900,0.000165946,0,0.000163773,0,0.000193636,0,0.000172581,1,0.000133502,0,0.000123662,1,-0.000149257,0.000144155,0,1
1786665960,-0.000519913,-9.5474e-05,-8.48653e-05,-0.000519913,0.000234581,0.510734,0.000176039,0.000178771,0.0695306,-0.000426351,-0.000332481,-0.000150594,-4.675e-05,5.50851e-06,5.41e-05,0.000158529,0.000299377,0.000412509,0.000155625,0.000191716,0.000165143,0.000180811,0.000177796,0.000154882,0.000174374,0.000180908,0.000186762,0,0.000168154,-0.000177031,0.000143249,0,0.488613,-0.000398016,-0.00015567,0.000130788,0.000409815,1786665900,-0.000182071,0.000160147,9.43365e-06,1,-0.000178695,0.000151182,0,1,-0.00019018,0.000165092,0,1,0.000137896,0,0.000113318,1
1786666020,-9.55237e-05,0,0.00041383,-9.55237e-05,0.000243585,0.502887,3.58572e-05,3.60088e-05,0.101943,-0.000457356,-0.000346109,-0.000155185,-4.94408e-05,1.39899e-06,5.34712e-05,0.000160945,0.00030768,0.000421821,4.33882e-05,3.35695e-05,4.10841e-05,3.63619e-05,3.20184e-05,4.38333e-05,3.64227e-05,3.18224e-05,0.000190645,0,0.00020928,-0.00019227,0.000160831,0,0.491725,-0.000427667,-0.000160803,0.000149626,0.000433791,1786665900,-0.000171183,0.00014957,0,0,-0.000200512,0.000170047,0,1,0.000162367,0,0.000152339,1,-0.000191604,0.000173605,0,1
1786666080,6.36835e-05,7.4297e-05,0.000238792,5.30711e-06,0.000241515,0.496934,3.16685e-05,3.10352e-05,0.0700475,-0.000449613,-0.00034182,-0.000157066,-5.28889e-05,-1.52188e-06,4.9469e-05,0.000161018,0.000334365,0.000438722,3.87061e-05,2.72206e-05,3.44999e-05,3.31946e-05,3.31646e-05,3.88761e-05,3.1804e-05,2.98321e-05,-0.000191436,0.000156287,0,-0.000194033,0.000161864,0,0.489018,-0.000432695,-0.000162172,0.000151833,0.000444652,1786665900,0.000186701,0,0.000167284,1,-0.000179234,0.00015709,0,1,0.000173375,0,0.000161999,1,0.000158678,0,0.000148036,1
1786666140,0.000403234,7.95986e-05,0.000403234,7.95986e-05,0.000239257,0.505379,0.000123666,0.000126353,0.0535133,-0.000411264,-0.00032293,-0.000141726,-4.14604e-05,2.3011e-06,4.61113e-05,0.000151268,0.00029994,0.00038951,0.000116025,0.000130187,0.000116529,0.000123333,0.000135276,0.000114873,0.000128598,0.000132753,0.000177316,0,0.000152259,-0.000174815,0.00013259,0,0.493301,-0.000401956,-0.000149224,0.000136483,0.000408407,1786665900,0.000196507,5.23276e-06,0.0001896,1,0.000187174,0,0.000172441,1,-0.000167856,0.000159107,0,1,-0.000164198,0.000152249,9.81813e-06,1
1786666200,-0.000254655,-1.59141e-05,-1.59141e-05,-0.000281186,0.000243621,0.504642,7.28383e-05,7.37045e-05,0.0775565,-0.000430444,-0.000336551,-0.000151308,-4.01751e-05,1.70084e-06,4.9606e-05,0.00015309,0.000297036,0.000408836,7.39746e-05,7.31575e-05,7.43719e-05,7.33785e-05,6.80305e-05,7.2686e-05,7.45856e-05,7.09354e-05,0.000182942,0,0.00015333,-0.00018751,0.000151326,0,0.488445,-0.000417581,-0.000163435,0.000141223,0.000429341,1786666200,0.0001792,3.97735e-06,0.000179321,1,-0.000205591,0.00017063,1.76362e-06,1,-0.000188377,0.000162104,0,1,-0.000173396,0.000153737,0,1
1786666260,0.00011142,5.30586e-05,0.00012203,-8.48996e-05,0.000243847,0.497069,3.75394e-05,3.67348e-05,0.0619692,-0.000410693,-0.0003188,-0.000144476,-4.23375e-05,-1.50488e-06,4.41132e-05,0.000143621,0.000281348,0.000393798,4.54855e-05,3.54513e-05,4.1687e-05,3.53877e-05,4.07166e-05,4.56055e-05,3.79579e-05,3.49642e-05,-0.000172935,0.000136561,0,-0.000178732,0.000138343,0,0.487924,-0.000405024,-0.000154636,0.00013563,0.000411026,1786666200,-0.00019685,0.000161998,0,1,-0.000205677,0.000159323,0,1,0.000206744,0,0.000194944,1,0.000201664,0,0.000169044,1
1786666320,-8.48901e-05,-4.77498e-05,0.000111407,-0.000127338,0.00024191,0.506132,3.30566e-05,3.33549e-05,0.0495857,-0.000411429,-0.000312531,-0.000138317,-3.99436e-05,2.40757e-06,4.98964e-05,0.000159325,0.000296264,0.000396027,4.15766e-05,3.16954e-05,3.77446e-05,3.26986e-05,3.02552e-05,4.00612e-05,3.35456e-05,2.97553e-05,0.000181465,0,0.000129363,-0.000171381,0.0001423,0,0.498187,-0.000381973,-0.000139736,0.000137909,0.000405481,1786666200,-0.000184069,0.000157265,0,1,-0.000194352,0.000160676,0,1,0.000173402,0,0.000182789,1,-0.000201126,0.000182405,6.36157e-06,1
1786666380,2.12232e-05,-5.30587e-06,2.12232e-05,-0.000106123,0.000239779,0.496113,2.47618e-05,2.38266e-05,0.0394002,-0.000421353,-0.000319136,-0.000142589,-3.9775e-05,-1.84427e-06,4.13427e-05,0.000138235,0.000280995,0.00038344,3.62772e-05,2.32231e-05,3.02837e-05,2.33655e-05,2.74821e-05,3.27319e-05,2.39734e-05,2.19847e-05,-0.00016892,0.000127358,0,-0.000177415,0.000141944,0,0.491916,-0.000405316,-0.000150998,0.000136443,0.000418809,1786666200,0.000179251,0,0.000157223,1,-0.000179354,0.000150016,0,1,0.000180305,0,0.000163346,1,-0.00018133,0.000158443,1.61729e-05,1
1786666440,-0.00010612,-5.30588e-05,-5.30588e-05,-0.000206945,0.000237388,0.513796,3.47408e-05,3.48384e-05,0.0330054,-0.000364383,-0.000276172,-0.000117724,-2.78529e-05,4.27829e-06,4.01023e-05,0.000133924,0.000262556,0.000357853,4.49539e-05,3.47057e-05,3.97658e-05,3.2986e-05,3.30563e-05,3.85994e-05,3.6065e-05,3.27424e-05,0.000153479,0,9.64535e-05,0.000160039,0,9.87815e-05,0.505895,-0.000360472,-0.000127523,0.000131251,0.000381504,1786666200,-0.000178741,0.000154782,0,1,-0.000171827,0.00014529,0,1,-0.000167906,0.000152869,1.1232e-06,1,-0.000179273,0.000154274,2.72911e-06,1
1786666500,0.000435023,0,0.000435023,-3.18383e-05,0.000235481,0.506803,0.000145369,0.000148234,0.0295892,-0.000382571,-0.000289216,-0.00012933,-3.3407e-05,2.33935e-06,3.89711e-05,0.000137003,0.000269186,0.000365963,0.000124999,0.000147305,0.000132134,0.000139079,0.000152314,0.000137797,0.000146891,0.000156779,0.000160904,0,0.000154072,0.000159291,0,0.000132376,0.5004,-0.000358702,-0.00013327,0.000126267,0.000367939,1786666500,0.000166292,0,0.000144058,1,-0.000185198,0.000156399,0,1,0.000164724,0,0.000153721,1,0.000183276,0,0.00016354,1
1786666560,-0.000381961,1.06079e-05,1.06079e-05,-0.000397879,0.000241096,0.507004,0.000113846,0.000114792,0.0445747,-0.000427646,-0.00033512,-0.000148163,-4.34224e-05,3.14068e-06,5.28974e-05,0.000158338,0.000303957,0.00041908,0.000109303,0.000119044,0.000109842,0.000118766,0.000110257,0.000108137,0.000112451,0.000115414,0.000201069,0,0.000162066,-0.00018613,0.000154766,0,0.487967,-0.000408278,-0.000161485,0.000140988,0.000426825,1786666500,0.000165873,0,0.000140716,1,-0.000165065,0.000135611,0,1,-0.000168566,0.00014589,0,1,0.000168258,0,0.000155233,1
1786666620,0,-1.59182e-05,6.36703e-05,-6.36743e-05,0.000244709,0.489856,2.43317e-05,2.33963e-05,0.0468566,-0.000425161,-0.000328655,-0.000145915,-4.90202e-05,-4.49635e-06,4.0777e-05,0.000138288,0.000277404,0.000389707,3.48857e-05,2.31408e-05,3.12459e-05,2.2363e-05,2.68707e-05,3.69119e-05,2.25956e-05,2.11166e-05,-0.000185619,0.000126305,0,-0.00018774,0.000151496,0,0.490493,-0.000418834,-0.000160365,0.000144524,0.000426612,1786666500,-0.000193048,0.000156693,0,1,0.000166784,0,0.000133015,1,0.000150053,0,0.000140934,1,-0.000169887,0.000156518,0,1
1786666680,-2.12243e-05,-5.30617e-05,3.71415e-05,-7.42871e-05,0.00024225,0.510894,2.32819e-05,2.24313e-05,0.0373194,-0.000379293,-0.000294505,-0.000122572,-3.38845e-05,4.01783e-06,4.24476e-05,0.000136995,0.000268279,0.000371868,3.60334e-05,2.39685e-05,3.12792e-05,2.09532e-05,2.56727e-05,3.57865e-05,1.99289e-05,2.01786e-05,0.000171441,0,9.82159e-05,0.000170513,0,0.000113551,0.501177,-0.000382976,-0.000138185,0.00013717,0.000403109,1786666500,-0.000191162,0.000153055,0,1,-0.000188963,0.000159565,0,1,0.000131905,0,0.00014172,1,0.000158111,0,0.000137438,1
1786666740,5.83658e-05,-5.30615e-06,0.000514563,-4.77564e-05,0.000239834,0.505832,2.70824e-05,2.63416e-05,0.0323336,-0.00038763,-0.000296522,-0.000128109,-3.04353e-05,1.70488e-06,3.64296e-05,0.000135289,0.000270426,0.00036271,3.80947e-05,2.62623e-05,3.19071e-05,2.38007e-05,3.13919e-05,3.43732e-05,2.6633e-05,2.60169e-05,0.000172423,0,0.000109119,0.000169547,0,0.000119106,0.507162,-0.000389834,-0.000138484,0.000136126,0.000400214,1786666500,0.000172429,0,0.000143287,1,0.000189169,0,0.00016203,1,0.000175093,0,0.000159648,1,0.000153594,0,0.000151721,1
1786666800,0.000466804,6.89734e-05,0.00056226,6.89734e-05,0.000237567,0.502374,0.00015245,0.000154905,0.0299953,-0.000433505,-0.000331073,-0.000149111,-4.13022e-05,7.8854e-07,4.73143e-05,0.000153013,0.000304176,0.00041869,0.000136318,0.000161923,0.000143985,0.000141551,0.000166594,0.000145737,0.000152988,0.0001652,0.000181895,0,0.000182133,-0.000197307,0.000171636,5.02614e-06,0.487515,-0.000437964,-0.00016832,0.000150532,0.000457101,1786666800,-0.000166161,0.000129445,0,1,-0.000166335,0.000134027,0,1,-0.000170953,0.000150878,2.2327e-06,1,-0.00015997,0.000148483,9.43065e-06,1
1786666860,0.000519593,-2.12136e-05,0.000519593,-2.65171e-05,0.000244269,0.500454,0.000173968,0.000175646,0.0514098,-0.000450367,-0.000353155,-0.000166031,-5.15288e-05,4.01927e-07,4.86537e-05,0.000157293,0.000326304,0.000459238,0.000156732,0.000184955,0.000161846,0.000169805,0.000185878,0.000154083,0.000176086,0.000183124,0.000211253,0,0.000182712,-0.000194531,0.000151804,0,0.481642,-0.000426117,-0.000173092,0.000143346,0.000442809,1786666800,-0.000197686,0.000186801,0,0,-0.00017414,0.00013765,0,0,-0.00017123,0.000140009,0,0,0.000175085,0,0.000158699,0
1786666920,-0.000604451,-5.30061e-06,-5.30061e-06,-0.000609754,0.000252732,0.493814,0.000202131,0.000205518,0.114962,-0.000493884,-0.000390653,-0.000185867,-6.19026e-05,-3.6919e-06,5.66089e-05,0.000178955,0.000355032,0.000518209,0.000188498,0.000224603,0.000194135,0.000218361,0.00021965,0.000185917,0.000198934,0.000192255,-0.000237915,0.000192649,0,-0.000219428,0.000195326,0,0.483254,-0.000473669,-0.000192253,0.000161435,0.000503554,1786666800,-0.000196026,0.000177474,3.30048e-06,1,-0.000203033,0.000173688,0,1,-0.000161465,0.000130967,0,1,0.000168015,0,0.000141629,1
1786666980,0.000662756,5.30379e-06,0.000668056,-5.30382e-06,0.000264392,0.498444,0.000239335,0.00024064,0.212144,-0.000521519,-0.000389617,-0.000171307,-5.34218e-05,-1.01701e-06,5.52671e-05,0.000176458,0.000351408,0.000489067,0.000216795,0.000247142,0.000213324,0.000242352,0.000231709,0.000207196,0.000231517,0.000262243,-0.000227005,0.000197436,0,-0.000232031,0.000203967,0,0.488891,-0.00050078,-0.000193069,0.00017996,0.000522055,1786666800,-0.000203059,0.000171138,0,1,-0.000200487,0.000165525,0,1,-0.000192024,0.000151451,0,0,0.000159502,0,0.000132642,0
1786667040,0.000137798,0,0.000238485,0,0.000278011,0.497993,5.08666e-05,4.95445e-05,0.487089,-0.000583442,-0.000448881,-0.00021291,-6.63363e-05,-1.61195e-06,6.97618e-05,0.000209985,0.000424686,0.000629359,5.02045e-05,4.34634e-05,5.28833e-05,4.4508e-05,4.71051e-05,5.61248e-05,5.20569e-05,5.45508e-05,-0.00027524,0.000255429,0,-0.000265861,0.000231116,0,0.491043,-0.000555446,-0.000218033,0.000206076,0.00059009,1786666800,-0.000214608,0.000183564,0,0,-0.000207885,0.000185375,0,1,0.00018349,0,0.000162362,1,-0.000188679,0.000177155,0,0
1786667100,-0.000450564,0,0,-0.000524794,0.000275906,0.513193,0.000133303,0.000135005,0.392888,-0.000524827,-0.000398929,-0.00018122,-5.50686e-05,8.2019e-06,6.0828e-05,0.000183262,0.000379787,0.000551895,0.000128684,0.000139382,0.000129621,0.000146971,0.000141764,0.000128026,0.000133623,0.000129439,0.000237285,0,0.000144382,-0.00023735,0.000180311,0,0.494057,-0.000523832,-0.000203303,0.000180463,0.000544368,1786667100,-0.000238249,0.000209162,0,1,0.000213588,0,0.000186854,1,-0.000187461,0.000158268,0,1,-0.000176319,0.000159612,1.76765e-05,1
1786667160,-0.00046668,0,5.30193e-06,-0.00046668,0.000280467,0.502652,0.000138805,0.000139843,0.401335,-0.000533411,-0.000409646,-0.000180157,-5.45262e-05,1.29661e-06,6.14351e-05,0.000185025,0.000373348,0.000524678,0.000134644,0.000144864,0.000134161,0.000146079,0.000139597,0.000132164,0.000142186,0.000135662,0.000238318,0,0.000179888,-0.000249229,0.000210978,0,0.495756,-0.000537493,-0.000202847,0.000198836,0.000561101,1786667100,-0.000230136,0.000180438,0,0,-0.000242607,0.000203,0,1,-0.000206812,0.00015474,0,1,-0.000176528,0.000165443,0,1
1786667220,-0.00101897,-4.24363e-05,-4.24363e-05,-0.0011411,0.000285384,0.513364,0.000407055,0.000409262,0.401731,-0.000536182,-0.000407767,-0.000179122,-4.97365e-05,7.49627e-06,6.273e-05,0.000188642,0.000370077,0.000510834,0.000391627,0.000417622,0.000379761,0.000428926,0.000385821,0.000385517,0.000412064,0.000407598,0.00024084,0,0.000170417,0.000247688,0,0.00020838,0.503278,-0.000540129,-0.000195948,0.000204133,0.000541693,1786667100,-0.000245227,0.000202331,0,0,0.000240319,0,0.000177645,0,0.000236237,0,0.000170551,0,0.000211279,0,0.000172924,0
1786667280,0.000849212,-5.30984e-06,0.000875738,-5.30984e-06,0.000317145,0.527991,0.000282836,0.000284542,0.713292,-0.000740959,-0.000556655,-0.000232799,-6.37188e-05,2.42757e-05,0.000103714,0.000277548,0.000538304,0.000705241,0.000309424,0.000317844,0.000267668,0.00031004,0.000282035,0.000243484,0.000266325,0.000302444,0.000340494,0,0.0003018,0.000314093,0,0.000316812,0.514325,-0.000674831,-0.00023373,0.000269605,0.000663953,1786667100,0.000234306,0,0.000200024,1,-0.000225281,0.000195718,0,1,-0.000202112,0.000162883,0,0,-0.000195155,0.000191179,0,1
1786667340,-0.000291835,-6.89716e-05,-6.89716e-05,-0.000297142,0.000336144,0.51366,8.67355e-05,8.79942e-05,0.755784,-0.000772935,-0.000601461,-0.000266105,-7.75577e-05,1.20581e-05,9.5746e-05,0.000283037,0.000561364,0.000769149,8.43533e-05,8.47554e-05,8.98767e-05,8.50757e-05,9.20253e-05,0.000108516,9.45817e-05,8.17055e-05,0.00036006,0,0.000268718,0.000338597,0,0.000300591,0.50156,-0.000719194,-0.000269649,0.000272939,0.000714711,1786667100,-0.000302417,0.000222226,0,1,-0.000227659,0.000181745,0,1,-0.000222521,0.000166987,0,1,0.000198757,0,0.000176833,0
1786667400,-0.000732616,-5.30688e-06,-5.30688e-06,-0.000844148,0.000335315,0.508744,0.000229771,0.000231242,0.676628,-0.000710647,-0.000547708,-0.00023975,-6.9131e-05,6.4991e-06,7.99681e-05,0.000231161,0.000477158,0.000660137,0.000247422,0.000253787,0.000219208,0.000266832,0.000204241,0.000211018,0.000238488,0.000245148,0.000307102,0,0.000240171,-0.000298016,0.000244142,1.78451e-05,0.499389,-0.000660172,-0.000253899,0.000233223,0.000631295,1786667400,-0.00031102,0.000236329,0,0,0.000295418,0,0.000244429,1,-0.000224727,0.000161051,0,0,0.000220039,0,0.000179937,0
1786667460,-0.000435577,0,4.24852e-05,-0.000536531,0.000347739,0.517985,0.000129427,0.00012969,0.582938,-0.000785398,-0.000587812,-0.000258074,-7.27168e-05,1.56408e-05,0.000103565,0.000288746,0.000571175,0.000777035,0.000124228,0.000124727,0.000126955,0.00012519,0.000109847,0.000130521,0.00013707,0.000131515,0.00036103,0,0.000286112,0.000329368,0,0.000336881,0.506746,-0.000711068,-0.000257097,0.000276951,0.000705119,1786667400,-0.000267818,0.000219239,0,0,-0.000301141,0.000238145,0,0,-0.000276967,0.000198042,0,1,0.000207664,0,0.000185675,0
1786667520,0.000387779,5.31306e-06,0.000424956,5.31306e-06,0.000349712,0.52705,0.000106098,0.000106199,0.282318,-0.000764758,-0.00058075,-0.000248048,-6.68863e-05,2.42828e-05,0.000110694,0.000285927,0.000568021,0.000749275,0.000112107,0.00011084,0.000111147,0.000109378,0.000129146,0.000118612,9.96179e-05,9.84654e-05,0.000354717,0,0.000261452,0.000325131,0,0.00030174,0.509772,-0.000706024,-0.00024992,0.00027647,0.000682537,1786667400,0.000315516,0,0.000266988,1,0.000271722,0,0.000206745,1,0.000284667,0,0.000222898,1,0.000265213,0,0.000244383,1
1786667580,5.311e-06,0,1.59329e-05,-0.000138096,0.000350514,0.50986,4.05923e-05,4.03547e-05,0.12669,-0.000710764,-0.000558766,-0.000242295,-7.36912e-05,7.90781e-06,8.62516e-05,0.000249238,0.000497952,0.000676466,3.54021e-05,3.68049e-05,5.02408e-05,2.88565e-05,5.98264e-05,6.35193e-05,4.18256e-05,3.4987e-05,0.000320942,0,0.000211437,0.000312279,0,0.000246637,0.507187,-0.000677829,-0.000250913,0.000257312,0.000661204,1786667400,0.000292398,0,0.000270624,1,0.000277392,0,0.00028794,1,-0.000204674,0.000159634,5.28649e-06,1,-0.000238069,0.00022762,2.587e-05,1
1786667640,0.000127456,2.65546e-05,0.000191177,-0.000281522,0.000346992,0.521348,4.5521e-05,4.52395e-05,0.074979,-0.000623735,-0.000471145,-0.000189918,-4.71197e-05,1.2413e-05,7.85551e-05,0.000207118,0.00043621,0.000585661,4.85239e-05,4.81163e-05,5.64673e-05,3.98648e-05,6.88789e-05,5.83326e-05,3.91819e-05,4.00691e-05,0.000262238,0,0.000134471,0.000261822,0,0.000181077,0.511207,-0.000589698,-0.000207157,0.000220409,0.000580772,1786667400,-0.000279024,0.000205739,8.34104e-06,1,-0.000286525,0.000225006,0,1,0.000295096,0,0.000246043,1,0.00023819,0,0.0002284,1
1786667700,0.000960704,5.31029e-06,0.000960704,5.31029e-06,0.000343977,0.508251,0.000359983,0.000361646,0.0778219,-0.000617723,-0.000485008,-0.000206721,-6.16593e-05,5.34615e-06,7.91249e-05,0.000221932,0.000460142,0.000624591,0.000365237,0.000364403,0.000335502,0.00037463,0.000336423,0.000352879,0.00035202,0.000374704,0.000281806,0,0.000206711,0.000289693,0,0.000247072,0.502419,-0.000636832,-0.000235266,0.000239039,0.000641424,1786667700,0.000247421,0,0.00023307,0,0.000284141,0,0.000249789,0,0.000271884,0,0.00023654,0,0.00029225,0,0.000255011,1
1786667760,-0.000413892,-4.24426e-05,-4.24426e-05,-0.000610285,0.000366623,0.495198,0.00011708,0.000118029,0.04469,-0.000774448,-0.000616768,-0.000291866,-8.77618e-05,-5.00863e-06,9.55867e-05,0.000275123,0.000548459,0.000786567,0.000118073,0.000118994,0.000120884,0.000119075,0.00011768,0.000122493,0.000118253,0.000110095,-0.000370121,0.000309389,0,-0.000345666,0.000309295,0,0.488156,-0.000733293,-0.000297334,0.000263568,0.000740511,1786667700,0.000282513,0,0.000267976,1,0.000238728,0,0.00023899,1,0.000256736,0,0.000214388,1,0.000251422,0,0.000247745,1
1786667820,0.000254723,8.49149e-05,0.000371449,4.24583e-05,0.000367628,0.50436,7.54681e-05,7.48186e-05,0.03791,-0.000709235,-0.000552662,-0.000256234,-7.56493e-05,3.17928e-06,9.01573e-05,0.000241855,0.000520301,0.000731189,7.51312e-05,7.39225e-05,7.98207e-05,7.22443e-05,8.71838e-05,9.1026e-05,7.31807e-05,7.94666e-05,0.00032575,0,0.000268407,-0.000318881,0.000275896,0,0.495443,-0.000691433,-0.000267654,0.00025259,0.000695986,1786667700,-0.000316391,0.000259768,1.85006e-05,1,0.000254168,0,0.000279379,1,0.000206477,0,0.00021393,1,0.000227584,0,0.000241828,1
1786667880,-0.00013266,0.000111421,0.000111421,-0.000254723,0.000365712,0.507703,5.19214e-05,5.31364e-05,0.0402883,-0.000640051,-0.000499653,-0.000230876,-6.25168e-05,4.85572e-06,8.73263e-05,0.000235616,0.000473169,0.000669624,4.94951e-05,5.19062e-05,5.98115e-05,4.56002e-05,6.28107e-05,6.231e-05,5.15063e-05,4.68905e-05,0.00030411,0,0.000173106,-0.000291381,0.00021728,0,0.493832,-0.000628309,-0.000246282,0.000229351,0.000636728,1786667700,-0.000293013,0.000248982,0,1,-0.000301445,0.000265654,1.73376e-06,1,0.000241116,0,0.000235322,1,0.0002339,0,0.000220053,1
1786667940,0.000100823,1.59201e-05,0.000100823,-5.30677e-06,0.000362522,0.514814,4.35238e-05,4.29478e-05,0.0485303,-0.000624596,-0.000483215,-0.00022008,-5.93178e-05,1.00633e-05,8.22327e-05,0.000221256,0.000449027,0.000623028,4.39759e-05,4.47617e-05,5.12217e-05,3.90481e-05,6.01056e-05,4.88016e-05,4.12192e-05,4.03798e-05,0.000287104,0,0.000196175,-0.000294687,0.000222123,0,0.498685,-0.00064273,-0.000244812,0.000236008,0.000632533,1786667700,0.000279123,0,0.00027315,1,0.000282849,0,0.00027118,1,0.000269914,0,0.000247234,1,0.000252356,0,0.000252729,1
1786668000,9.55074e-05,1.06124e-05,0.000100813,-0.000100823,0.000359162,0.517062,3.9145e-05,3.82072e-05,0.0685713,-0.000540123,-0.000428773,-0.000185074,-4.40974e-05,8.77641e-06,7.45568e-05,0.000195905,0.000392337,0.000554507,4.30899e-05,4.3469e-05,4.86771e-05,3.29914e-05,5.77306e-05,4.28632e-05,3.26097e-05,3.92704e-05,0.000249996,0,0.000104019,0.000255929,0,0.000139581,0.509681,-0.000552278,-0.000205542,0.000205959,0.000544335,1786668000,0.000263214,0,0.000270312,1,-0.000263076,0.000221846,2.91631e-05,1,0.000243893,0,0.000251601,1,-0.000238596,0.000235632,3.72989e-05,1
1786668060,0.000461491,5.3057e-06,0.000461491,5.3057e-06,0.000355808,0.522916,0.000136918,0.000136752,0.100792,-0.000526219,-0.000412699,-0.000186233,-4.51078e-05,1.29869e-05,7.64176e-05,0.000190894,0.000386404,0.000532936,0.000133905,0.000131157,0.000130834,0.000148692,0.000130774,0.000139024,0.00013516,0.000144126,0.000246127,0,0.000134151,0.000243953,0,0.000158219,0.504196,-0.00053904,-0.000199079,0.000193234,0.000528479,1786668000,0.000229663,0,0.000229223,1,0.000273821,0,0.000263421,1,0.000262757,0,0.000234195,1,0.000247908,0,0.000239416,1
1786668120,0.000254524,0,0.00027043,-7.95522e-05,0.000358228,0.514144,7.29558e-05,7.10293e-05,0.0851103,-0.000555668,-0.000435916,-0.000200135,-5.22855e-05,8.37741e-06,8.06708e-05,0.000207813,0.000404764,0.000572093,7.4471e-05,7.3648e-05,7.34157e-05,7.17216e-05,7.73786e-05,7.28701e-05,7.35592e-05,7.31817e-05,0.000266661,0,0.000149841,-0.000260246,0.000190585,0,0.488781,-0.000565356,-0.000230819,0.000193736,0.000558344,1786668000,0.000225687,0,0.000234387,1,0.0002327,0,0.000218221,1,0.000224417,0,0.000230501,1,0.000245147,0,0.000263497,1
1786668180,0.000344565,4.77161e-05,0.000715503,4.77161e-05,0.000356449,0.508605,0.000100106,9.76268e-05,0.107907,-0.0005673,-0.000446549,-0.000210893,-6.22176e-05,5.68692e-06,7.70022e-05,0.000209607,0.000413381,0.000630199,9.9154e-05,9.84905e-05,9.81422e-05,0.000100143,9.14254e-05,9.78152e-05,0.000100697,0.000104955,0.000273455,0,0.000159386,-0.000271905,0.000218589,0,0.495339,-0.00060178,-0.00023203,0.000207865,0.000604345,1786668000,0.000254025,0,0.000278859,1,0.00022322,0,0.000225596,0,0.00023747,0,0.000184561,0,0.000213754,0,0.000230485,1
1786668240,0.000243774,5.82993e-05,0.000577543,-1.06002e-05,0.000356216,0.489532,7.68132e-05,7.37734e-05,0.118947,-0.00063432,-0.000513445,-0.000263463,-8.7846e-05,-9.23359e-06,8.04004e-05,0.000219007,0.000454847,0.000657091,7.11069e-05,7.03434e-05,7.00626e-05,6.89763e-05,7.03887e-05,6.97111e-05,7.79568e-05,9.08731e-05,-0.000317835,0.00024207,0,-0.000292073,0.000233023,0,0.481819,-0.000642422,-0.000260561,0.000214884,0.000653285,1786668000,-0.000237249,0.000191359,5.78898e-06,1,0.000247955,0,0.00025497,1,0.000216236,0,0.000201183,0,0.000208963,0,0.000198296,0
1786668300,-0.000625454,-5.29881e-06,-5.29881e-06,-0.000625454,0.000354317,0.496202,0.000183969,0.000185898,0.154031,-0.000653357,-0.000524067,-0.000267983,-9.10298e-05,-3.68361e-06,9.09986e-05,0.000242542,0.00048667,0.000694632,0.000197392,0.000197297,0.000193404,0.000187228,0.000199595,0.000200157,0.000180488,0.000169226,-0.000334479,0.000287104,0,-0.000309714,0.000277724,3.97301e-05,0.482204,-0.00067203,-0.000276332,0.00022769,0.000681253,1786668300,-0.000274496,0.00025558,6.98054e-06,1,0.000230853,0,0.00021469,1,0.000244289,0,0.00021926,1,0.00020626,0,0.000219445,1
1786668360,-0.000281052,-4.77202e-05,-4.77202e-05,-0.000530352,0.000361737,0.510326,8.03823e-05,8.2826e-05,0.0589514,-0.000618988,-0.000470503,-0.000215758,-6.93062e-05,7.81368e-06,8.75934e-05,0.000227546,0.000430029,0.000587478,8.21169e-05,8.21956e-05,8.30785e-05,8.20745e-05,8.67167e-05,8.03664e-05,8.31543e-05,7.41081e-05,0.000290376,0,0.000242846,-0.000295051,0.000230385,0,0.492776,-0.000648632,-0.000247912,0.000230621,0.000641661,1786668300,-0.000296733,0.000297306,0,1,-0.000260738,0.000249776,1.30237e-05,1,-0.000235093,0.000181286,0,1,-0.000219683,0.000201213,5.50703e-05,1
1786668420,-0.000148512,0,0.000175004,-0.000286436,0.0003603,0.518155,5.20149e-05,5.41807e-05,0.0637394,-0.000593905,-0.000461126,-0.000202708,-5.99133e-05,1.29702e-05,8.75355e-05,0.000232985,0.000445428,0.000600655,5.21954e-05,5.354e-05,5.63481e-05,5.24871e-05,6.26685e-05,5.26548e-05,5.51844e-05,4.46647e-05,0.000288706,0,0.000202095,0.000288026,0,0.000228679,0.50369,-0.000637003,-0.000227468,0.000239395,0.000631604,1786668300,-0.000262856,0.000233029,0,1,0.000283876,7.11037e-07,0.000258165,1,-0.000268806,0.000214537,0,1,0.000213596,0,0.000211008,1
1786668480,3.18258e-05,-4.77407e-05,0.000355331,-9.54836e-05,0.000357297,0.520426,3.65445e-05,3.62626e-05,0.0726208,-0.000591669,-0.000463707,-0.000205884,-5.9202e-05,1.48301e-05,8.77896e-05,0.000227899,0.00044538,0.000602626,3.67528e-05,3.78524e-05,4.02422e-05,3.7446e-05,4.9495e-05,3.72684e-05,3.69122e-05,3.17243e-05,0.000286192,0,0.000226212,0.000288727,0,0.000263792,0.501711,-0.000653445,-0.000235397,0.000233249,0.00063414,1786668300,0.000261312,0,0.00025244,1,0.000261783,0,0.00024902,1,-0.000247892,0.000206268,0,1,-0.000236476,0.000242748,2.68614e-05,1
1786668540,9.01677e-05,5.30421e-06,0.000318203,-6.89573e-05,0.000353734,0.51338,4.08293e-05,3.9324e-05,0.0827958,-0.000572303,-0.000447452,-0.000202516,-6.00262e-05,9.05385e-06,7.70337e-05,0.000205948,0.000420031,0.000558423,4.17563e-05,4.14817e-05,4.22194e-05,4.0899e-05,5.11839e-05,3.95782e-05,4.03696e-05,3.98491e-05,0.000266194,0,0.000203482,-0.000274251,0.000209708,0,0.493927,-0.000628405,-0.000234939,0.000212533,0.000610434,1786668300,-0.000261043,0.000232487,0,1,-0.000258417,0.000227685,4.88239e-06,1,-0.000263352,0.000200021,0,1,-0.00024812,0.000237332,4.30325e-05,1
1786668600,0.000699849,-2.12152e-05,0.000699849,-0.000212172,0.000350411,0.513109,0.000249794,0.000249113,0.0957423,-0.000568186,-0.000432982,-0.000201655,-5.90707e-05,8.70032e-06,7.53805e-05,0.000191777,0.000389073,0.000536294,0.000235013,0.000234736,0.000235759,0.000242158,0.000210427,0.000254046,0.000248672,0.000270278,0.000256764,0,0.000196894,-0.000266055,0.00020511,0,0.496259,-0.000612473,-0.00022781,0.000205719,0.000597611,1786668600,0.000268706,0,0.000263043,1,-0.000268359,0.000234345,0,1,0.000259079,0,0.000224652,1,0.000237637,0,0.000239518,1
1786668660,-0.00039228,3.17997e-05,3.17997e-05,-0.000397582,0.000360733,0.500783,0.000108337,0.000110934,0.0434257,-0.000674892,-0.000543791,-0.000269869,-8.45933e-05,4.74068e-07,9.03649e-05,0.000248391,0.000495293,0.000694605,0.000112696,0.00011301,0.000113756,0.000113975,0.000118371,0.000111326,0.000108984,9.73029e-05,0.00033886,0,0.000310384,-0.000307115,0.00026615,0,0.490286,-0.000674671,-0.000265843,0.000233926,0.000676452,1786668600,0.000258444,0,0.000245863,1,-0.000262369,0.000233163,6.82288e-06,1,-0.000257249,0.000199,0,1,0.000234609,0,0.000246385,1
1786668720,0.000386979,0,0.000519472,-2.12087e-05,0.00036139,0.506205,0.00011272,0.000109933,0.0407419,-0.000565429,-0.000444412,-0.000217363,-6.57967e-05,4.17153e-06,7.80742e-05,0.000202559,0.000411858,0.000564827,0.000111268,0.000110138,0.000109822,0.000109204,0.000105261,0.000109755,0.000115636,0.000120642,0.000274489,0,0.00022944,-0.000269857,0.000196932,0,0.490479,-0.000607472,-0.000236394,0.00020265,0.000594122,1786668600,-0.000293507,0.000260339,1.13318e-05,1,-0.00024806,0.000224325,5.97074e-06,1,-0.000269521,0.000212992,0,1,0.000234955,0,0.000252739,1
1786668780,-2.65007e-05,5.30005e-06,5.8299e-05,-0.000280943,0.00036192,0.505625,3.79688e-05,3.88494e-05,0.0397871,-0.000606301,-0.000478118,-0.000234629,-7.1045e-05,3.97165e-06,8.76194e-05,0.000230338,0.000451488,0.000628506,3.6387e-05,3.84404e-05,4.14594e-05,3.6951e-05,5.01972e-05,3.944e-05,3.69769e-05,3.5892e-05,0.000302646,0,0.00022734,-0.000287871,0.000222038,0,0.491366,-0.000632596,-0.00024777,0.000221216,0.00063917,1786668600,-0.000248625,0.000227156,0,1,-0.000278833,0.000262231,5.32881e-06,1,-0.000258673,0.000203551,0,1,-0.000259373,0.0002459,3.03485e-05,1
1786668840,4.24007e-05,0,0.000238481,0,0.000358302,0.518693,3.6859e-05,3.62499e-05,0.04783,-0.000593837,-0.000453072,-0.000205783,-5.88934e-05,1.32106e-05,8.51881e-05,0.000220463,0.000429831,0.000589564,3.72704e-05,3.82236e-05,3.99158e-05,3.53572e-05,4.72972e-05,3.74654e-05,3.58289e-05,3.52715e-05,0.000279854,0,0.000199833,0.000284351,0,0.000236191,0.50157,-0.000640503,-0.000233246,0.000227904,0.000647017,1786668600,0.000283816,0,0.000280301,1,0.00025018,0,0.000240362,1,0.000272582,0,0.000240988,1,0.000254108,0,0.000266972,1
1786668900,-0.000116606,0,0.000174884,-0.000159012,0.000354752,0.513377,4.32796e-05,4.57432e-05,0.0601873,-0.000545166,-0.000421772,-0.000195093,-5.54642e-05,8.34611e-06,7.54856e-05,0.00019909,0.000400723,0.000552733,4.66976e-05,4.71943e-05,4.76236e-05,4.33712e-05,5.68932e-05,4.35649e-05,4.08484e-05,4.01459e-05,0.000256984,0,0.000183082,-0.000261449,0.00017927,0,0.492079,-0.000594804,-0.00022784,0.000196152,0.000598896,1786668900,-0.000269197,0.000247731,0,1,-0.000271059,0.00024452,1.24924e-05,1,-0.000243421,0.000197137,0,1,-0.00024373,0.000243608,3.39769e-05,1
1786668960,0,0,5.83049e-05,-3.71049e-05,0.000351573,0.507936,3.09612e-05,3.06913e-05,0.075639,-0.00052314,-0.00040354,-0.000189994,-5.78967e-05,4.84848e-06,6.87443e-05,0.000179497,0.00038138,0.000522392,3.49002e-05,3.53287e-05,3.49405e-05,3.01068e-05,4.5068e-05,2.86905e-05,2.91212e-05,2.9679e-05,0.000241595,0,0.000190504,-0.000246526,0.000173672,0,0.492084,-0.00056639,-0.000214279,0.000185088,0.000558574,1786668900,0.000256807,0,0.000236551,1,0.000273474,0,0.00025077,1,0.000288263,0,0.000233339,1,0.000233672,0,0.000236144,1
1786669020,0.00038157,-4.24057e-05,0.00038157,-4.24057e-05,0.00034804,0.527074,0.000112429,0.000110867,0.102101,-0.000467073,-0.000357988,-0.000155536,-3.68541e-05,1.31651e-05,6.52942e-05,0.000163653,0.000338974,0.000462026,0.000109553,0.000108611,0.000108089,0.000116286,0.000102448,0.000117119,0.000119681,0.000112712,0.000209299,0,0.000113567,-0.000206132,0.000127619,0,0.498612,-0.000468372,-0.000170926,0.000149639,0.000464606,1786668900,0.000241274,0,0.000229182,1,-0.000255574,0.000225791,0,1,-0.000243794,0.000209609,0,1,-0.00025247,0.000244306,2.46617e-05,1
1786669080,-2.11945e-05,-1.05972e-05,9.53698e-05,-7.94818e-05,0.000348742,0.513525,3.24664e-05,3.27532e-05,0.0820228,-0.000540714,-0.000425,-0.000198019,-5.27755e-05,8.03634e-06,6.66271e-05,0.000188122,0.000381289,0.000564044,3.61683e-05,3.60253e-05,3.53225e-05,2.669e-05,4.54084e-05,3.62258e-05,3.2076e-05,3.12043e-05,0.000251903,0,0.000185323,-0.000246965,0.000188294,0,0.494834,-0.000553894,-0.000213932,0.000184585,0.000549787,1786668900,0.000197292,0,0.000187324,1,-0.000243303,0.000217988,0,1,-0.000270904,0.000207371,0,1,0.000240889,0,0.000234711,1
1786669140,0.000238412,6.88806e-05,0.000259602,6.35822e-05,0.00034525,0.519249,7.08889e-05,6.7962e-05,0.103274,-0.000492588,-0.000378561,-0.000173645,-4.09417e-05,9.43045e-06,6.50099e-05,0.000164969,0.000354205,0.000507606,6.93612e-05,6.872e-05,6.81782e-05,6.71611e-05,6.51613e-05,6.91971e-05,7.51064e-05,7.33441e-05,0.000221089,0,0.000155343,-0.000222694,0.000151079,0,0.491699,-0.000511961,-0.000193887,0.000160259,0.000513921,1786668900,-0.000229982,0.000185668,1.05279e-05,1,-0.00020737,0.000177618,0,1,-0.000245951,0.000197761,0,1,-0.000250574,0.000244135,0,1
1786669200,-0.000641194,1.58921e-05,1.58921e-05,-0.000641194,0.000343439,0.506717,0.000213128,0.000217497,0.11353,-0.00054232,-0.000429616,-0.000203384,-5.3296e-05,3.2325e-06,7.99552e-05,0.000217224,0.000413108,0.00058522,0.000205104,0.000212493,0.000216961,0.000216749,0.000215576,0.000214698,0.000199368,0.000220439,0.000275597,6.54271e-05,0.000273818,-0.000269624,0.000307978,0,0.498437,-0.000585767,-0.000229075,0.000205936,0.000595082,1786669200,0.000212882,0,0.000204818,1,0.000231049,0,0.000207879,1,0.000209656,0,0.000189176,1,-0.000232972,0.000223776,1.44563e-05,1
1786669260,1.06016e-05,-5.30084e-06,0.000275605,-0.000190848,0.000351872,0.513972,3.21434e-05,3.13732e-05,0.0534423,-0.000549459,-0.000424446,-0.000193593,-5.05871e-05,7.98754e-06,6.97357e-05,0.00019792,0.000386046,0.000530437,3.53347e-05,3.52663e-05,3.67392e-05,2.59753e-05,4.39434e-05,3.87973e-05,3.20903e-05,2.93275e-05,0.000255288,0,0.000237553,-0.000276535,0.000208721,0,0.497122,-0.000618698,-0.00023239,0.000213598,0.000608425,1786669200,-0.000309881,0.000233629,0,1,-0.000216088,0.000199616,0,1,-0.000239371,0.00019088,0,1,0.000199833,0,0.000204071,1
1786669320,-0.000392334,-1.06016e-05,3.18041e-05,-0.00045597,0.000348339,0.519094,0.000111983,0.000114735,0.064199,-0.000558834,-0.000426311,-0.000191977,-4.66665e-05,1.06846e-05,7.31759e-05,0.000202697,0.000404407,0.000549258,0.000113162,0.000112791,0.00011315,0.00011326,0.000115627,0.000111411,0.000113231,0.00010964,0.000258546,0,0.000188601,0.000277786,0,0.000239534,0.501147,-0.00062454,-0.00022658,0.00022078,0.000632114,1786669200,-0.000262875,0.000226709,0,1,0.000252603,0,0.000239765,0,-0.000218442,0.000172369,0,1,-0.000206639,0.000203386,1.17492e-05,1
1786669380,-0.000206832,0,0.000281011,-0.000286395,0.000349273,0.521691,6.02689e-05,6.24771e-05,0.0611155,-0.000589874,-0.000443735,-0.000204947,-5.1868e-05,1.39797e-05,7.52655e-05,0.000204097,0.000405609,0.000549918,6.18737e-05,6.14667e-05,6.21197e-05,6.12165e-05,6.73449e-05,6.20781e-05,6.29577e-05,5.64724e-05,0.000265954,0,0.000244323,0.000271937,0,0.000255261,0.505237,-0.000621206,-0.000223065,0.000215932,0.000603307,1786669200,0.000276717,0,0.000263089,1,0.000266694,0,0.000243431,1,0.000259335,0,0.000178592,0,0.000210696,2.49428e-06,0.000204667,1
1786669440,0.000874768,0,0.00101784,0,0.000346998,0.512829,0.000327521,0.000326892,0.0687997,-0.000591287,-0.000447357,-0.000209511,-5.45166e-05,7.81914e-06,7.76283e-05,0.000218922,0.000424508,0.00057492,0.000322176,0.000325914,0.000326377,0.000324532,0.000307949,0.000325373,0.000320467,0.000339624,0.000280039,0,0.000248412,0.000276598,0,0.000272652,0.502354,-0.000630566,-0.000228098,0.000219552,0.00062382,1786669200,-0.00025463,0.000211011,0,1,-0.000270672,0.000236371,6.57622e-06,1,-0.00026525,0.000200933,0,1,0.000223182,1.49107e-05,0.000210604,1
1786669500,0.000397369,0,0.000519197,-0.000243798,0.000365108,0.493366,0.000118769,0.000115929,0.0347458,-0.000712246,-0.000563422,-0.000280428,-8.72284e-05,-5.9986e-06,8.47434e-05,0.000249223,0.000517459,0.000720149,0.00011382,0.000112954,0.00011278,0.000111795,0.000106193,0.000114639,0.00011961,0.00013063,-0.000347572,0.000312239,4.19339e-06,-0.000333114,0.000276415,0,0.49133,-0.000728947,-0.000284594,0.000249449,0.000728139,1786669500,0.000277528,0,0.000254101,0,0.00026727,0,0.000232807,0,-0.000283706,0.000213998,0,1,-0.000244955,0.000220822,0,1
1786669560,-0.000657069,2.11886e-05,2.11886e-05,-0.000710077,0.000365781,0.496774,0.000191765,0.000193464,0.0348601,-0.000706342,-0.00056967,-0.000283317,-9.05402e-05,-3.0216e-06,8.88234e-05,0.000251876,0.000518274,0.0007363,0.000213055,0.000211532,0.000201822,0.000202653,0.000207989,0.0002002,0.000185351,0.000173879,-0.000351152,0.000316438,0,-0.000321107,0.000274021,0,0.489103,-0.000707894,-0.000278866,0.000237817,0.000725149,1786669500,-0.000333081,0.000281997,2.20539e-06,1,-0.000269647,0.00023228,0,1,-0.000256355,0.000190044,0,1,0.000251421,1.76587e-06,0.000253897,1
1786669620,6.89065e-05,5.30067e-06,0.000201406,-0.000121923,0.000373837,0.501973,4.44192e-05,4.38833e-05,0.035403,-0.000686488,-0.000528522,-0.000249701,-7.46749e-05,9.86187e-07,8.97407e-05,0.000248512,0.000491574,0.000686722,3.86288e-05,4.132e-05,4.80064e-05,4.05056e-05,4.93164e-05,5.26634e-05,4.85174e-05,4.04789e-05,0.000323965,0,0.000334278,-0.00032177,0.000265896,0,0.497194,-0.000708278,-0.000266971,0.000250054,0.000720011,1786669500,-0.000330759,0.000285439,0,1,-0.000321259,0.000275967,0,1,-0.000286487,0.000207728,0,1,0.000235148,0,0.000230556,1
1786669680,-0.000153721,0,0,-0.00043472,0.000370208,0.519795,5.44462e-05,5.69925e-05,0.0368722,-0.000613021,-0.000471624,-0.000220539,-5.48122e-05,1.31624e-05,8.74549e-05,0.00024321,0.00047782,0.000642842,5.33353e-05,5.46941e-05,5.86968e-05,5.30406e-05,6.20125e-05,5.58526e-05,5.55093e-05,5.08843e-05,0.00030489,0,0.000216427,0.000296492,0,0.000218682,0.505362,-0.000659075,-0.000239174,0.000239195,0.000676751,1786669500,-0.000313293,0.00026854,0,1,-0.000314611,0.000290112,0,1,0.000314739,0,0.00029072,1,-0.000261575,0.000245892,0,1
1786669740,-0.000312816,0,5.83107e-05,-0.000312816,0.000367132,0.526523,9.26275e-05,9.46752e-05,0.0418408,-0.00060545,-0.00047277,-0.000215563,-5.31524e-05,1.86562e-05,9.16933e-05,0.000243895,0.000472083,0.000637289,9.09471e-05,9.09951e-05,9.17913e-05,9.15224e-05,9.23166e-05,8.99633e-05,9.71659e-05,9.10563e-05,0.000303371,0,0.000243075,0.000302044,0,0.000240516,0.507821,-0.000673018,-0.000241748,0.00024662,0.000682632,1786669500,0.00030073,0,0.000276065,1,-0.000290483,0.000266523,0,1,-0.000291415,0.000278123,6.94221e-06,1,-0.000271848,0.000260495,3.76746e-05,1
1786669800,-0.00020683,-1.59085e-05,-1.06056e-05,-0.000254566,0.000366125,0.509038,6.00065e-05,6.18778e-05,0.0458506,-0.000575365,-0.000447671,-0.000215517,-6.47819e-05,6.32673e-06,7.30492e-05,0.000215793,0.000426354,0.000582858,6.187e-05,6.29734e-05,6.54541e-05,6.13472e-05,6.8601e-05,6.21678e-05,6.34934e-05,5.29231e-05,0.000280394,0,0.000247648,-0.000271713,0.000190141,0,0.499821,-0.000613169,-0.000227752,0.000210318,0.000605311,1786669800,-0.000303304,0.000262441,0,1,-0.000297301,0.000244225,0,1,-0.000316379,0.000247876,0,1,-0.000286271,0.000271778,1.00707e-06,1
1786669860,-0.000668513,-4.77361e-05,-4.77361e-05,-0.000668513,0.000363623,0.520325,0.000228242,0.000230295,0.0555678,-0.000548336,-0.000429,-0.000201493,-5.11228e-05,1.26701e-05,7.21477e-05,0.000201317,0.000400166,0.000552336,0.000217795,0.000218498,0.000210763,0.00024999,0.000203601,0.000222215,0.000225394,0.000233267,0.000261842,0,0.000196728,0.000254668,0,0.000192141,0.507361,-0.000580287,-0.000207034,0.000201846,0.000567119,1786669800,0.00026104,0,0.000236314,0,0.000319265,0,0.000275109,0,0.000306759,0,0.000267054,0,0.000298275,0,0.000250074,1
1786669920,0.00044042,0,0.000573039,0,0.000372177,0.526245,0.000121752,0.00012037,0.0458523,-0.000626118,-0.000481685,-0.000221834,-5.7232e-05,1.98357e-05,9.40329e-05,0.000252019,0.000472064,0.000652073,0.00012606,0.000125078,0.000124847,0.000132687,0.00012674,0.000124899,0.000120582,0.000117404,0.000312788,0,0.000302097,0.000294336,0,0.000284409,0.508702,-0.000664657,-0.000236093,0.000239472,0.000647587,1786669800,0.000241536,0,0.000214572,1,-0.000263966,0.000215696,0,1,0.000273912,0,0.00027137,1,0.000268834,0,0.000254185,1
1786669980,0.000233397,1.06101e-05,0.000360681,1.06101e-05,0.000373664,0.504123,6.94952e-05,6.76634e-05,0.0368727,-0.000651215,-0.00051089,-0.000238145,-6.86314e-05,2.79186e-06,7.71275e-05,0.000234698,0.000456533,0.000631631,6.85226e-05,6.75055e-05,6.975e-05,6.60773e-05,7.24419e-05,6.83168e-05,7.00309e-05,7.75914e-05,0.000307647,0,0.000288051,0.000308575,0,0.000263812,0.506336,-0.000687328,-0.000252779,0.000245973,0.00068432,1786669800,-0.000274115,0.000211478,0,1,-0.000247261,0.000194102,0,1,-0.000272986,0.000216831,0,1,0.000258299,0,0.000253121,1
1786670040,-0.000594209,-4.24318e-05,9.01615e-05,-0.000620744,0.000371378,0.506167,0.000179928,0.000181563,0.0385507,-0.000579388,-0.000474951,-0.000233637,-6.86942e-05,4.56977e-06,7.10744e-05,0.000206803,0.000421542,0.000597525,0.000184825,0.00018261,0.000179156,0.000207192,0.000174254,0.000182297,0.000173152,0.000183402,0.000288574,0,0.000245334,0.000287857,0,0.000239297,0.501774,-0.000654698,-0.000246746,0.000220386,0.000650531,1786669800,-0.000301956,0.000233005,0,1,0.000279232,0,0.000245804,1,0.000252434,0,0.000228663,1,0.000243029,0,0.00023545,1
1786670100,0.000111441,-5.30702e-06,0.000111441,-0.000461817,0.000377127,0.515728,4.82619e-05,4.76543e-05,0.0365267,-0.000678236,-0.000527298,-0.000256313,-7.44987e-05,1.36223e-05,0.000106223,0.00026969,0.000503545,0.000679518,4.58033e-05,4.66396e-05,4.98317e-05,4.87729e-05,5.32542e-05,4.82207e-05,5.20603e-05,4.36702e-05,0.000344054,0,0.000389991,0.000335873,0,0.000413134,0.500683,-0.000730645,-0.000280321,0.000262397,0.000730434,1786670100,-0.000290456,0.000224804,0,1,-0.00029454,0.000240204,0,1,-0.000287218,0.000211708,0,1,0.000227681,0,0.000216213,1
1786670160,7.95931e-05,5.30641e-06,7.95931e-05,-0.000238817,0.000373669,0.523652,4.03342e-05,4.00145e-05,0.0400222,-0.000591207,-0.000456008,-0.000209875,-5.32432e-05,1.60313e-05,9.76649e-05,0.000246835,0.00047061,0.000631729,4.04568e-05,4.15593e-05,4.46646e-05,4.06658e-05,4.96733e-05,4.07355e-05,4.07162e-05,3.6029e-05,0.000302754,0,0.000231026,0.000306614,0,0.00023385,0.510481,-0.000675213,-0.000239995,0.000257885,0.000693523,1786670100,0.000342233,0,0.000290161,1,0.000290472,0,0.000250147,1,0.000313154,0,0.000257886,1,0.000251343,0,0.000232518,1
1786670220,-0.000238798,1.59179e-05,6.89756e-05,-0.000366181,0.000370085,0.530289,7.21733e-05,7.36372e-05,0.0469419,-0.000580307,-0.000451027,-0.000206517,-4.82587e-05,2.03245e-05,8.88392e-05,0.000226721,0.000438093,0.000585519,6.99847e-05,7.04469e-05,7.10081e-05,7.03572e-05,7.2274e-05,6.92028e-05,7.9086e-05,6.96377e-05,0.000285267,0,0.000211824,0.000278009,0,0.000199251,0.514434,-0.000626691,-0.000220653,0.000231896,0.000641322,1786670100,0.000326113,0,0.000304892,1,0.000313043,0,0.000268128,1,-0.000283269,0.000234637,0,1,0.000257849,0,0.000258074,1
1786670280,-5.83816e-05,-6.89968e-05,6.89921e-05,-0.000169847,0.000367919,0.521163,3.84004e-05,3.92939e-05,0.0523224,-0.000567682,-0.000451293,-0.00021533,-5.37986e-05,1.40463e-05,8.67703e-05,0.000220637,0.000443738,0.000594834,3.82367e-05,4.00188e-05,4.10822e-05,3.65688e-05,4.69029e-05,3.72191e-05,4.11117e-05,3.49866e-05,0.000284331,0,0.000243019,0.000268006,0,0.000226609,0.505109,-0.000607393,-0.00022198,0.000215087,0.000614387,1786670100,-0.000282754,0.000229887,0,1,-0.000304963,0.000249814,8.59309e-06,1,-0.000296099,0.000229972,0,1,0.000265084,0,0.000256392,1
1786670340,-3.1846e-05,5.83816e-05,6.36889e-05,-0.000148623,0.000364314,0.525744,3.42586e-05,3.45096e-05,0.065743,-0.000524654,-0.000420421,-0.000189387,-4.84079e-05,1.62777e-05,7.99217e-05,0.000206596,0.000406498,0.000545438,3.67219e-05,3.79652e-05,3.79183e-05,3.18648e-05,4.45603e-05,3.21472e-05,3.50375e-05,3.14775e-05,0.000260653,0,0.000183463,0.000248554,0,0.000179632,0.508341,-0.000570874,-0.000202921,0.000200539,0.000578826,1786670100,0.000272246,0,0.000242066,1,0.000289497,0,0.000249502,1,0.000299729,0,0.000281784,1,0.000303973,0,0.000285956,1
1786670400,0.000673856,0,0.000673856,-0.000499052,0.000360681,0.528744,0.000232975,0.000233737,0.0874639,-0.000515101,-0.000404391,-0.000174738,-3.94952e-05,1.53497e-05,7.59325e-05,0.000196311,0.000393594,0.000525994,0.000221824,0.000221696,0.00022614,0.000247627,0.000212029,0.000249277,0.000224195,0.000236391,0.00024556,0,0.000174713,0.000216334,0,0.000150022,0.512003,-0.000488385,-0.00017173,0.00017041,0.000493491,1786670400,0.000265313,0,0.000234064,1,0.000265728,0,0.000253545,1,0.000254254,0,0.000245928,1,0.000281304,0,0.000281822,1
1786670460,0.000238659,0,0.000238659,-0.000206884,0.000369555,0.507802,7.12015e-05,7.05363e-05,0.0404012,-0.000679435,-0.000535335,-0.000260607,-7.59339e-05,6.26034e-06,9.42631e-05,0.000267111,0.000515657,0.000703037,6.98383e-05,6.87402e-05,6.85265e-05,7.20169e-05,7.1593e-05,6.85439e-05,7.79774e-05,6.99706e-05,0.000343979,0,0.000375785,-0.000314393,0.000293917,0,0.496886,-0.000683149,-0.000265292,0.000245733,0.000707094,1786670400,0.000208548,0,0.000194938,0,0.000256939,0,0.000255242,1,0.000264065,0,0.000250739,1,0.000243488,0,0.000234365,1
1786670520,0.000450645,0,0.000625547,-0.000275789,0.000367394,0.507992,0.000128343,0.00012649,0.0469625,-0.000599612,-0.000481167,-0.000230849,-6.72009e-05,5.61359e-06,8.68315e-05,0.000230291,0.000453142,0.000628268,0.000129021,0.000127603,0.000127348,0.000126664,0.000124463,0.000127334,0.000129214,0.000133422,0.000299797,0,0.000266826,0.000284684,0,0.00021503,0.500423,-0.000628976,-0.000240645,0.000220854,0.000652378,1786670400,0.000329167,0,0.000329879,1,0.000217625,0,0.000201552,0,0.000263257,0,0.00024858,0,0.000249428,0,0.000241929,0
1786670580,0.00031798,-1.59017e-05,0.000545804,-0.000174932,0.000369243,0.499873,9.44135e-05,9.19683e-05,0.0486387,-0.00068232,-0.000552781,-0.000285489,-9.26884e-05,-2.53254e-07,9.5651e-05,0.000259844,0.000512693,0.000716005,9.1416e-05,9.06864e-05,9.05201e-05,8.99883e-05,8.5626e-05,9.04277e-05,9.66453e-05,0.000100464,-0.000356712,0.000341057,0,-0.000313679,0.000281522,0,0.493006,-0.000678136,-0.000267779,0.000239914,0.000719521,1786670400,-0.000289023,0.000229902,0,1,-0.000308979,0.000265177,7.39491e-07,1,0.000204776,0,0.000199967,0,0.000255904,0,0.000252331,0
1786670640,-0.000227876,-3.70925e-05,0.000174846,-0.000233176,0.000368288,0.498511,6.81295e-05,7.06339e-05,0.0556728,-0.000664927,-0.000550628,-0.000279239,-9.30755e-05,-1.55705e-06,9.46131e-05,0.000265919,0.00051472,0.000731988,6.75815e-05,6.74463e-05,6.79146e-05,7.31072e-05,7.37191e-05,6.5684e-05,6.81401e-05,6.62834e-05,-0.0003556,0.00033267,0,-0.000317141,0.000271804,0,0.491912,-0.000684067,-0.000269818,0.000238968,0.000722202,1786670400,-0.00032734,0.000282988,0,1,0.000274633,0,0.000250036,1,0.000286812,0,0.000281414,1,0.000186177,0,0.000189009,0
1786670700,-0.00033926,0,3.70996e-05,-0.00033926,0.000366008,0.50609,9.55829e-05,9.75959e-05,0.0533157,-0.000589602,-0.000475055,-0.000235219,-7.31672e-05,4.52611e-06,8.93459e-05,0.000232849,0.000458253,0.000630088,9.85216e-05,9.82234e-05,9.86293e-05,9.9134e-05,0.000100516,9.63151e-05,9.35461e-05,9.195e-05,0.000304497,0,0.000273524,-0.000284325,0.000206248,0,0.491626,-0.000623332,-0.000244697,0.000213274,0.000650736,1786670700,-0.000314899,0.000262561,0,1,-0.000297366,0.000265461,0,1,0.000259074,0,0.000251842,1,-0.000252495,0.0002421,3.40866e-05,1
1786670760,0.000275657,0,0.000280958,-0.000381805,0.000365492,0.509181,7.97733e-05,7.75519e-05,0.0483005,-0.000551741,-0.000438776,-0.000207836,-6.37754e-05,6.29493e-06,7.6938e-05,0.000214565,0.000422216,0.000558051,7.94617e-05,7.89465e-05,7.87117e-05,7.78512e-05,7.61949e-05,7.85234e-05,8.05121e-05,8.18995e-05,0.000275668,0,0.000237094,0.00026298,0,0.000190717,0.500319,-0.000578769,-0.000218564,0.00020453,0.000588388,1786670700,0.000280227,0,0.000254897,1,-0.000300994,0.000266683,0,1,0.000297445,0,0.000276843,1,0.000252293,0,0.000241729,1
1786670820,-0.000519571,0,0,-0.000519571,0.000363913,0.516499,0.000154918,0.000155447,0.0495534,-0.000601055,-0.000476496,-0.000227105,-6.11104e-05,1.17873e-05,9.11436e-05,0.000255059,0.000480674,0.00064266,0.000157079,0.000155435,0.000155604,0.000149494,0.000151878,0.000154467,0.000153221,0.000160125,0.000317164,0,0.000258609,0.000290789,0,0.000205973,0.506222,-0.000638505,-0.000234629,0.00023627,0.000662277,1786670700,0.000246872,0,0.000221549,1,-0.000277808,0.000233393,0,1,-0.000290014,0.00024754,0,1,-0.000267111,0.000254296,1.54657e-06,1
1786670880,-0.000392508,1.06062e-05,7.4241e-05,-0.000525147,0.000367672,0.516582,0.000112762,0.000114106,0.0384477,-0.0005932,-0.000480153,-0.000221623,-6.26405e-05,1.21592e-05,8.25998e-05,0.000235372,0.000432166,0.000612689,0.00011324,0.000112948,0.000113416,0.000113015,0.000112196,0.000111091,0.000114771,0.000110982,0.000299345,0,0.00029295,0.000284135,0,0.000247709,0.510133,-0.000639224,-0.000231688,0.000227411,0.000638051,1786670700,-0.000296735,0.000248797,0,0,-0.000251678,0.000201422,0,1,-0.000277084,0.000201965,0,1,0.000257314,0,0.000251464,1
1786670940,-0.000238763,0,0.000100794,-0.000466967,0.000368185,0.526812,7.29529e-05,7.37179e-05,0.0402234,-0.000587582,-0.000463011,-0.00021823,-5.86352e-05,2.09412e-05,9.39606e-05,0.000258844,0.000464331,0.000610565,7.03707e-05,7.022e-05,7.06437e-05,7.07852e-05,7.17729e-05,6.83837e-05,7.58944e-05,7.59014e-05,0.000315247,0,0.000275408,0.000283223,0,0.000225008,0.508376,-0.000628253,-0.000226609,0.000231692,0.000627029,1786670700,-0.000259862,0.000197542,0,1,-0.000291419,0.000241764,0,0,0.000255388,0,0.000206686,1,0.000248713,0,0.000240112,1
1786671000,3.71446e-05,0,7.42879e-05,-0.000366214,0.000366046,0.528415,4.05353e-05,4.07183e-05,0.047085,-0.000639587,-0.000506895,-0.000239289,-5.83484e-05,2.25792e-05,0.000102219,0.000278077,0.000502067,0.000654767,3.70278e-05,3.78154e-05,3.89645e-05,4.84425e-05,4.54937e-05,3.8591e-05,4.35779e-05,3.56402e-05,0.000341504,0,0.000334355,0.00031328,0,0.000315543,0.514243,-0.000688069,-0.000248785,0.00025688,0.000681218,1786671000,0.000280766,0,0.000249626,1,0.000263822,0,0.000218405,1,0.000269017,0,0.000228211,1,0.00021818,0,0.000218168,1
1786671060,-3.18382e-05,-6.36774e-05,-3.18382e-05,-0.000297196,0.000362405,0.529371,3.71274e-05,3.76227e-05,0.0556091,-0.00057681,-0.000453212,-0.000203738,-4.97526e-05,2.00864e-05,8.68393e-05,0.000241834,0.000436365,0.000576279,3.67024e-05,3.74579e-05,3.75124e-05,3.9469e-05,4.41463e-05,3.56872e-05,3.92118e-05,3.33842e-05,0.000295406,0,0.000225577,0.000274857,0,0.000203631,0.521399,-0.000622328,-0.000212993,0.00023492,0.000631653,1786671000,0.000306191,0,0.000270221,1,-0.000264553,0.000215408,5.87191e-06,1,-0.00025927,0.000174772,0,1,-0.000243297,0.000224453,2.11595e-05,1
1786671120,0.000159181,-5.30646e-06,0.000233456,-5.30646e-06,0.000358791,0.533827,4.83345e-05,4.80594e-05,0.0707316,-0.000529079,-0.000421368,-0.000185126,-3.58687e-05,1.76022e-05,7.84878e-05,0.000216103,0.000395444,0.000537351,5.32505e-05,5.24122e-05,5.16158e-05,5.00656e-05,5.83572e-05,4.96509e-05,4.56872e-05,4.47864e-05,0.000266111,0,0.000194611,0.000253481,0,0.000173962,0.527044,-0.000582047,-0.000194315,0.000218131,0.000589431,1786671000,0.000282851,0,0.000257192,1,0.000296296,0,0.000245306,1,0.000281116,0,0.000232072,1,0.00023253,0,0.000207566,1
1786671180,0.000143241,0,0.000143241,-0.000281236,0.000355897,0.517339,4.64012e-05,4.57646e-05,0.0789892,-0.000489749,-0.000404852,-0.000191861,-4.66874e-05,9.49426e-06,6.49106e-05,0.000187902,0.000369069,0.000504352,5.05938e-05,4.94017e-05,4.81522e-05,4.57394e-05,5.47772e-05,4.59869e-05,4.45327e-05,4.55356e-05,0.00024713,0,0.000186557,0.000228097,0,0.00015467,0.514901,-0.000522859,-0.000189544,0.000179206,0.000522745,1786671000,0.000257712,0,0.00022248,1,0.000270624,0,0.000255304,1,-0.000253997,0.000206597,9.17095e-07,1,0.000255135,0,0.000256119,1
1786671240,5.30483e-06,-9.54917e-05,0.000217475,-9.54917e-05,0.000352902,0.519288,3.14633e-05,3.17934e-05,0.0938397,-0.00051018,-0.000412107,-0.000197062,-5.27291e-05,1.22634e-05,7.53034e-05,0.000201385,0.000385443,0.000531459,3.51679e-05,3.40872e-05,3.20332e-05,3.44268e-05,4.08192e-05,2.7035e-05,3.39326e-05,2.84708e-05,0.000259723,0,0.000213175,0.000234026,0,0.000175422,0.517524,-0.000535072,-0.000188582,0.000192438,0.000551623,1786671000,0.000228849,0,0.000200867,1,0.000242147,0,0.00022398,1,0.000253018,0,0.000245124,1,0.000255134,0,0.000270297,1
1786671300,0.000572756,-5.30483e-06,0.000578058,-0.000111407,0.000349356,0.51003,0.000194436,0.000194688,0.123179,-0.000494851,-0.00038558,-0.000183775,-4.69337e-05,4.94191e-06,6.39388e-05,0.000171521,0.000348861,0.000494504,0.000176808,0.000178407,0.000187912,0.000186853,0.000171026,0.000210248,0.000193195,0.000207088,0.000231969,0,0.00019574,0.000206739,0,0.000166013,0.50907,-0.000480165,-0.00017644,0.000155166,0.000489086,1786671300,0.000234363,0,0.000214352,1,0.000221475,0,0.000199698,1,0.000234181,0,0.000220736,1,0.000247676,0,0.000244995,1
1786671360,-0.000514405,-6.89255e-05,0.000100729,-0.000514405,0.000355204,0.500247,0.000149249,0.00014934,0.0597584,-0.000593759,-0.000472905,-0.000241004,-7.15759e-05,-1.88149e-07,7.90558e-05,0.000233848,0.000426365,0.000612881,0.000154593,0.000154869,0.000155519,0.000156568,0.000150345,0.000151312,0.000144905,0.000142868,0.00030895,0,0.00029385,0.000275979,0,0.000225698,0.506138,-0.000606112,-0.0002325,0.000215937,0.000623543,1786671300,0.000209009,0,0.000186303,1,0.00022372,0,0.000204423,1,0.000235772,0,0.000200742,1,0.000240274,0,0.000214343,1
1786671420,0.000461385,0,0.000493197,0,0.00035908,0.510755,0.000133781,0.000133186,0.0422687,-0.000598103,-0.000472836,-0.000228781,-6.20755e-05,7.30764e-06,8.01252e-05,0.000229038,0.000424232,0.000598584,0.000133316,0.000133304,0.000130947,0.000132281,0.000129188,0.000130364,0.000131752,0.000142371,0.000297623,0,0.000332777,0.000281395,0,0.000279549,0.509822,-0.000630788,-0.000233564,0.000223009,0.00063444,1786671300,-0.000265374,0.000214624,0,1,0.000205684,0,0.000187193,1,0.000215449,0,0.000205966,1,0.000219671,0,0.000216476,1
1786671480,-0.000328782,-2.65106e-05,-2.65106e-05,-0.000349997,0.00036141,0.50907,9.46418e-05,9.60432e-05,0.0394002,-0.000572326,-0.000460865,-0.000221809,-5.72232e-05,5.32636e-06,8.66767e-05,0.000236238,0.000429469,0.00058166,9.5059e-05,9.49607e-05,9.54032e-05,9.5146e-05,9.5379e-05,9.35892e-05,9.60668e-05,9.2789e-05,0.000299891,0,0.000257047,0.000280336,0,0.000200319,0.510322,-0.000607965,-0.000231213,0.000222905,0.000619246,1786671300,-0.000265007,0.000216013,0,1,-0.000253435,0.000222557,0,1,-0.00021707,0.000159337,0,1,0.000208477,0,0.000207611,1
1786671540,0.00059915,0,0.000657455,0,0.000360787,0.513735,0.000197659,0.000196826,0.0382105,-0.000557842,-0.000443319,-0.000211261,-5.08014e-05,7.85873e-06,7.57081e-05,0.00020701,0.000394256,0.00053754,0.000186883,0.000186589,0.00018349,0.000207993,0.000176538,0.000183967,0.000195435,0.000215818,0.000272089,0,0.000255443,0.000264605,0,0.000219259,0.513065,-0.000592556,-0.000218829,0.000209367,0.000580206,1786671300,0.000271152,0,0.000256827,1,0.000261287,0,0.000224806,1,0.000249823,0,0.000198959,1,-0.00020149,0.000183575,9.07982e-06,1
1786671600,0.000296791,0,0.000503433,-8.48136e-05,0.000367074,0.503854,8.55282e-05,8.32034e-05,0.0357275,-0.000607421,-0.000489936,-0.000245727,-6.89144e-05,2.20788e-06,8.97001e-05,0.00024436,0.00045217,0.000629369,8.58018e-05,8.49589e-05,8.49037e-05,8.37908e-05,8.0853e-05,8.49845e-05,8.62761e-05,8.71759e-05,0.000318628,0,0.000293919,0.000305445,0,0.000239562,0.505435,-0.000656436,-0.00025507,0.000237416,0.000668185,1786671600,0.000239575,0,0.000223746,0,-0.00025731,0.000214576,0,1,-0.000258041,0.000183011,0,1,-0.000214878,0.000204041,1.19336e-05,1
1786671660,-5.29907e-06,0,0,-0.000185484,0.000365801,0.496053,3.91085e-05,3.92076e-05,0.0385,-0.00062815,-0.000509246,-0.000260884,-8.33187e-05,-3.41983e-06,8.15619e-05,0.00024029,0.00045461,0.000657798,3.52542e-05,3.62737e-05,3.95773e-05,3.67909e-05,4.37839e-05,3.82859e-05,4.11416e-05,4.13562e-05,-0.000327019,0.000271752,0,0.000307946,0,0.000276173,0.502377,-0.00067721,-0.000260632,0.000233,0.000683689,1786671600,0.000296781,0,0.000287144,1,0.000253627,0,0.00021664,1,0.000273907,0,0.000200161,1,0.000239167,0,0.000216966,1
1786671720,0.000116573,0,0.000190749,-0.000127186,0.000362125,0.520344,4.29715e-05,4.18891e-05,0.0417335,-0.000526007,-0.000417621,-0.000200269,-4.27157e-05,1.05395e-05,7.82806e-05,0.000208159,0.000394447,0.000553607,4.61481e-05,4.55061e-05,4.69e-05,4.00205e-05,4.79986e-05,4.57134e-05,4.06355e-05,4.17939e-05,0.00026677,0,0.000164879,0.000256171,0,0.000155181,0.513186,-0.000561063,-0.00020375,0.000206023,0.000585154,1786671600,-0.000293547,0.000242516,0,1,-0.000279206,0.00023713,0,1,0.000229091,0,0.000198743,1,0.000227589,0,0.000233355,1
1786671780,8.47718e-05,4.23868e-05,0.000201321,-1.58955e-05,0.000358864,0.510011,3.96013e-05,3.81618e-05,0.0483968,-0.000541707,-0.000424553,-0.00020576,-5.62241e-05,5.98654e-06,8.06741e-05,0.000215184,0.000411062,0.00058648,4.08417e-05,3.98254e-05,4.04678e-05,3.6808e-05,4.54178e-05,3.86765e-05,3.90401e-05,4.11393e-05,0.000275075,0,0.000206495,0.000261348,0,0.000177008,0.50499,-0.000575076,-0.000216556,0.000202415,0.000585336,1786671600,0.000246273,0,0.000229082,1,0.000283107,0,0.000257051,1,0.000287519,0,0.00022079,1,0.000207992,0,0.000201227,1
1786671840,0.000180116,0,0.000275459,-1.58942e-05,0.00035546,0.521407,5.44579e-05,5.26687e-05,0.0591639,-0.000526528,-0.000411303,-0.000204591,-4.64591e-05,1.22673e-05,7.83904e-05,0.000205219,0.000398253,0.000573875,5.64357e-05,5.53235e-05,5.52878e-05,5.11815e-05,5.72786e-05,5.34643e-05,5.54789e-05,5.63577e-05,0.000266475,0,0.000192829,0.000246179,0,0.000166103,0.501134,-0.000549005,-0.000208499,0.000184453,0.000556332,1786671600,0.000251749,0,0.00024508,1,0.00023407,0,0.000239587,1,-0.000269832,0.00021371,0,1,0.000242084,0,0.000256001,1
1786671900,-0.000662352,-5.29707e-06,0,-0.000662352,0.000352808,0.511312,0.000219563,0.000222719,0.0722314,-0.000558566,-0.000450352,-0.000219434,-5.95892e-05,7.42035e-06,8.32611e-05,0.000208596,0.000409399,0.000601286,0.0002175,0.000222678,0.000223505,0.000219931,0.000218456,0.000236955,0.00020939,0.000219344,0.00027902,0,0.000261895,-0.000249509,0.000193162,0,0.496566,-0.000547079,-0.000219159,0.00018054,0.000546361,1786671900,0.000231997,0,0.000228462,1,0.000243752,0,0.00024307,1,0.000224942,0,0.000203246,1,0.000251178,0,0.000249194,1
1786671960,2.65025e-05,0,4.24037e-05,-0.000143126,0.000361605,0.521387,3.40798e-05,3.37303e-05,0.0375119,-0.000551527,-0.00043101,-0.00020859,-5.12991e-05,1.35627e-05,8.24037e-05,0.000215291,0.000394488,0.000550506,3.58819e-05,3.63322e-05,3.9007e-05,2.99095e-05,4.30348e-05,3.97992e-05,3.36923e-05,3.0001e-05,0.00027662,0,0.000275416,0.000268605,0,0.000235329,0.50202,-0.000597334,-0.000224097,0.000207444,0.00058338,1786671900,-0.000231102,0.000208563,0,1,0.000238435,0,0.000227531,1,0.000244794,0,0.000211363,1,0.000227424,0,0.000203147,1
1786672020,0.000582877,0,0.000672928,-7.95096e-05,0.00035799,0.541567,0.000192925,0.000190543,0.0425588,-0.000487084,-0.000379813,-0.000175006,-2.85339e-05,1.92789e-05,7.77402e-05,0.000202153,0.000371966,0.000508311,0.00017975,0.000180838,0.000178559,0.000208931,0.000168775,0.000180222,0.000197935,0.000202356,0.000249462,0,0.00013447,0.000240418,0,0.000139477,0.518722,-0.000536829,-0.000183777,0.000198603,0.000537062,1786671900,0.000252182,0,0.00023997,1,0.000226747,0,0.000193328,1,0.000231784,0,0.000205982,1,0.000229075,0,0.000232424,1
1786672080,0,-5.29735e-06,4.23778e-05,-0.000227812,0.000363853,0.506594,3.84658e-05,3.84008e-05,0.0349912,-0.00062785,-0.000504936,-0.000251472,-7.20035e-05,4.90903e-06,8.64446e-05,0.000230989,0.000449825,0.000645791,3.49631e-05,3.56824e-05,3.90031e-05,3.46137e-05,4.30576e-05,3.84665e-05,4.06788e-05,3.99942e-05,0.000314916,0,0.000302596,0.000302311,0,0.000257045,0.500153,-0.000663956,-0.000255972,0.000228382,0.000658188,1786671900,0.000229797,0,0.000215352,1,0.000249682,0,0.00023876,1,-0.000207947,0.000164144,0,1,0.000214412,0,0.000222631,1
1786672140,0.000143018,5.29733e-06,0.00022776,-1.05947e-05,0.000360196,0.527954,4.76155e-05,4.55624e-05,0.0390241,-0.000522047,-0.000423532,-0.000191338,-4.11273e-05,1.53983e-05,8.17957e-05,0.000201159,0.000404403,0.000576803,4.98879e-05,4.9601e-05,5.10119e-05,4.54974e-05,5.18444e-05,5.04633e-05,4.69148e-05,4.49774e-05,0.000257172,0,0.000184253,0.000264681,0,0.000188437,0.506482,-0.000594284,-0.000218474,0.000205721,0.000603693,1786671900,-0.000289835,0.000245057,1.24436e-05,1,-0.000228017,0.000189001,5.41055e-06,1,0.000252496,0,0.000226036,1,-0.000206183,0.000189819,2.8844e-05,1
1786672200,-0.000323144,0,0.00029127,-0.000328442,0.000357149,0.514852,9.05974e-05,9.37523e-05,0.0450874,-0.000512383,-0.000424455,-0.000205754,-4.75027e-05,8.03666e-06,7.66399e-05,0.000193008,0.000391971,0.000570798,9.45525e-05,9.34685e-05,9.38026e-05,9.33273e-05,9.65081e-05,9.2496e-05,8.93879e-05,8.53528e-05,0.000260139,0,0.000193461,0.000260577,0,0.000182684,0.504637,-0.000580924,-0.000218567,0.00019616,0.00058502,1786672200,0.000264089,0,0.000249645,1,-0.000289298,0.000253643,0,1,0.000230222,0,0.000194132,1,0.000239597,0,0.000250535,1
1786672260,3.70874e-05,0,3.70874e-05,-0.000503465,0.000356501,0.507819,3.73463e-05,3.67046e-05,0.0438996,-0.000579167,-0.000449991,-0.000228998,-6.54926e-05,5.35836e-06,8.2402e-05,0.000210558,0.000418418,0.000592628,3.63173e-05,3.62057e-05,3.72771e-05,3.70982e-05,4.25943e-05,3.80168e-05,3.95871e-05,3.49723e-05,0.000287143,0,0.000299271,-0.00027239,0.000202323,0,0.497116,-0.000607146,-0.000231534,0.000204996,0.000603479,1786672200,0.000243115,0,0.000220488,1,0.000250017,0,0.000250216,1,0.000267879,0,0.000234428,1,0.000218025,0,0.000218729,1
1786672320,-0.00013776,-5.29811e-06,-5.29811e-06,-0.000275539,0.000352956,0.529054,4.906e-05,5.23777e-05,0.051778,-0.000553044,-0.000424844,-0.000200104,-4.43732e-05,1.75936e-05,8.83084e-05,0.000220632,0.000423101,0.000592654,5.07299e-05,4.93919e-05,4.95209e-05,5.20933e-05,5.54194e-05,4.81484e-05,5.09743e-05,4.44693e-05,0.000276932,0,0.00022497,0.000267265,0,0.000200818,0.511031,-0.000590783,-0.000210774,0.000218914,0.000605714,1786672200,0.000258741,0,0.000255532,1,-0.000230023,0.000206344,0,1,0.000236064,0,0.000228084,1,-0.000239113,0.000230218,3.89805e-05,1
1786672380,-0.00012718,4.76883e-05,9.0076e-05,-0.000132479,0.000349952,0.528207,4.58567e-05,4.87885e-05,0.0618052,-0.000532503,-0.000409636,-0.000192036,-4.23307e-05,1.60817e-05,8.18436e-05,0.000206542,0.000392475,0.000529332,4.89611e-05,4.72822e-05,4.6873e-05,4.44811e-05,5.29008e-05,4.50588e-05,4.79513e-05,4.28323e-05,0.000261634,0,0.000229611,0.000224405,0,0.000166822,0.50863,-0.00050809,-0.000181881,0.000172342,0.000497918,1786672200,0.000270003,0,0.000265298,1,0.000260804,0,0.000248994,1,-0.000260088,0.000189174,0,1,0.000254761,0,0.000242338,1
1786672440,-0.000455861,-5.29952e-06,5.82928e-05,-0.000455861,0.000346901,0.518843,0.00013796,0.000138739,0.0777799,-0.000498747,-0.000387452,-0.000181233,-4.57651e-05,1.03037e-05,7.27508e-05,0.000182333,0.000359622,0.000489784,0.000132491,0.000133976,0.000136126,0.000143967,0.000130776,0.000139066,0.000134952,0.000141089,0.000236537,0,0.000204598,0.000211195,0,0.000161785,0.502118,-0.000479627,-0.000178095,0.000153131,0.00046334,1786672200,0.000204033,0,0.000201383,1,0.000261162,0,0.000264943,1,-0.000261126,0.000201783,0,1,0.000240376,0,0.000215062,1
1786672500,0.000227956,5.3019e-06,0.000371065,0,0.000349414,0.526131,6.36001e-05,6.15812e-05,0.0650685,-0.000562145,-0.000436821,-0.000201409,-5.25887e-05,1.81089e-05,9.23123e-05,0.000217578,0.000411563,0.000552645,6.64039e-05,6.57476e-05,6.53499e-05,6.44749e-05,6.73763e-05,6.53803e-05,6.41163e-05,5.99593e-05,0.000275551,0,0.000284593,0.000245291,0,0.000223413,0.503766,-0.000554322,-0.000204244,0.000188745,0.000531053,1786672500,0.000190446,0,0.000176052,1,0.000212302,0,0.000200847,1,0.000246216,0,0.000224567,1,-0.000237838,0.000229071,1.17117e-05,1
1786672560,-1.59023e-05,-2.12031e-05,3.71043e-05,-0.000286279,0.000347401,0.514889,3.27382e-05,3.33095e-05,0.0627757,-0.000534729,-0.000423819,-0.000201651,-5.56329e-05,9.4892e-06,7.95031e-05,0.000195297,0.000384187,0.000525221,3.57448e-05,3.41291e-05,3.40239e-05,3.05073e-05,4.13638e-05,3.69759e-05,3.47014e-05,2.90473e-05,0.000258545,0,0.000241126,0.000242257,0,0.000193035,0.505688,-0.000546486,-0.000202869,0.000185055,0.000534489,1786672500,0.000234092,0,0.000224746,1,-0.000199256,0.000171031,0,1,0.00020309,0,0.000187105,1,0.00023939,0,0.000251843,1
1786672620,0.000116611,5.30078e-06,0.000137811,-9.01176e-05,0.000343917,0.529111,4.09574e-05,3.94518e-05,0.0789583,-0.000508925,-0.000405038,-0.000176317,-4.03019e-05,1.59856e-05,8.01281e-05,0.000189724,0.000373488,0.000505795,4.59431e-05,4.34279e-05,4.26819e-05,3.96312e-05,4.77397e-05,4.47697e-05,3.97281e-05,3.85459e-05,0.000240995,0,0.000206886,0.000239577,0,0.000191852,0.510877,-0.000546083,-0.000194013,0.000190011,0.000543736,1786672500,0.000235463,0,0.000235111,1,0.000236073,0,0.000231342,1,0.000206326,0,0.000178828,1,0.000191098,0,0.000197778,1
1786672680,0.000588146,2.12005e-05,0.000588146,2.12005e-05,0.000340859,0.523427,0.000202604,0.00020046,0.0902878,-0.000471674,-0.000369525,-0.000175234,-3.8565e-05,1.13813e-05,7.69963e-05,0.000180308,0.000353646,0.000480932,0.000182067,0.000190127,0.000195756,0.0002124,0.000175391,0.000192961,0.000201891,0.00021422,0.000232111,0,0.000186805,0.000226259,0,0.000159186,0.508629,-0.000507731,-0.0001857,0.000173791,0.000507892,1786672500,0.000241203,0,0.00023974,1,0.000236216,0,0.000229643,1,0.000242224,0,0.000214759,1,-0.000185572,0.000171733,1.08194e-05,1
1786672740,-1.58913e-05,-5.29707e-06,0.000100639,-9.53516e-05,0.000347534,0.500653,3.4734e-05,3.53209e-05,0.0469705,-0.000568632,-0.000466146,-0.000233232,-6.43936e-05,-2.25997e-07,7.77887e-05,0.000204136,0.000397601,0.000580689,3.57341e-05,3.4274e-05,3.56745e-05,2.80054e-05,4.21032e-05,3.8498e-05,3.61264e-05,3.77526e-05,0.000285575,0,0.00026973,-0.000273068,0.000212683,0,0.497055,-0.000597199,-0.000235094,0.000201596,0.000601365,1786672500,0.000219168,0,0.000210107,1,0.000238512,0,0.000229812,1,0.000249358,0,0.000202554,1,0.000224654,0,0.000239622,1
1786672800,-0.000217206,1.05942e-05,0.000105937,-0.000217206,0.000344048,0.511019,6.16246e-05,6.46063e-05,0.0504979,-0.00055227,-0.000454179,-0.000220125,-5.56871e-05,6.70668e-06,8.4454e-05,0.000209344,0.000414915,0.000600687,6.51288e-05,6.39412e-05,6.42324e-05,6.51997e-05,6.82145e-05,6.271e-05,6.06507e-05,5.97533e-05,0.000279934,6.8625e-05,0.000316279,0.000273657,4.37786e-05,0.000309449,0.500039,-0.000596332,-0.000231648,0.000206207,0.000616116,1786672800,-0.000263979,0.000217473,3.95275e-06,1,0.000212167,0,0.000208087,1,0.000220752,0,0.000213123,1,-0.000217228,0.000209323,1.77968e-05,1
1786672860,8.47691e-05,0,8.47691e-05,-0.000238452,0.000341973,0.507917,3.74769e-05,3.57215e-05,0.0511326,-0.00050439,-0.000393306,-0.000188122,-4.72994e-05,3.58646e-06,6.7893e-05,0.000176877,0.000362463,0.000518054,4.0331e-05,3.79204e-05,3.79245e-05,3.23396e-05,4.3554e-05,4.02973e-05,3.87003e-05,3.72547e-05,0.000238252,0,0.000198207,0.000233092,0,0.00019378,0.505362,-0.000526878,-0.000196995,0.000175246,0.000534208,1786672800,0.000336132,0,0.000274449,1,-0.000257073,0.000230739,0,1,0.000224208,0,0.000185557,1,0.000226645,0,0.000228071,1
1786672920,-6.88744e-05,5.29783e-06,0.000121843,-0.000164247,0.000338748,0.532107,3.50844e-05,3.78922e-05,0.0574156,-0.000498873,-0.00038685,-0.000171908,-3.18429e-05,1.44178e-05,7.96682e-05,0.000189031,0.000379798,0.000518096,3.92841e-05,3.64881e-05,3.60527e-05,3.23957e-05,4.34713e-05,3.58413e-05,3.53514e-05,3.38662e-05,0.000238234,0,0.000164411,0.000239673,0,0.000164057,0.517745,-0.000536791,-0.000188959,0.000194638,0.000552753,1786672800,0.000227269,0,0.000198274,1,0.000282833,0,0.000274886,1,0.000258465,0,0.000207384,1,0.00021344,0,0.000201402,1
1786672980,0.000270172,5.2982e-06,0.000270172,0,0.000335485,0.517388,7.82356e-05,7.57343e-05,0.0655049,-0.000492588,-0.000390245,-0.000171953,-4.0843e-05,8.31411e-06,7.13664e-05,0.00017522,0.000358639,0.000514544,7.76351e-05,7.71925e-05,7.67728e-05,7.58809e-05,7.33863e-05,7.84916e-05,8.01037e-05,7.97207e-05,0.000226417,0,0.000191868,0.000232873,0,0.000188016,0.51217,-0.000532417,-0.00019226,0.000180845,0.000540019,1786672800,0.000246396,0,0.000233398,1,-0.000228677,0.000196408,0,1,-0.00025542,0.000218302,0,1,-0.000226918,0.000217512,9.63322e-06,1
1786673040,-0.000392038,-5.29679e-06,-5.29679e-06,-0.000392038,0.000334303,0.514649,0.000112865,0.000114451,0.0645769,-0.000474985,-0.000384531,-0.000177355,-3.89751e-05,6.4174e-06,6.91928e-05,0.000177201,0.000352566,0.000524264,0.000113672,0.000112313,0.000113262,0.000126215,0.000115048,0.000111789,0.000112291,0.000111725,0.000230473,0,0.000165921,0.00021211,0,0.000143173,0.514688,-0.000481332,-0.00017646,0.000159878,0.000486338,1786672800,0.000236697,0,0.000218558,1,0.0002484,0,0.000227742,1,-0.000243601,0.000178306,0,1,0.000255428,9.64829e-06,0.000236309,1
1786673100,-5.29887e-06,0,0.00035496,-2.11956e-05,0.000335556,0.515206,2.87432e-05,2.90415e-05,0.0527538,-0.000470855,-0.000392161,-0.000182023,-4.06249e-05,7.04426e-06,6.9085e-05,0.000175685,0.000344226,0.000494186,3.5124e-05,3.1929e-05,3.20797e-05,2.36929e-05,3.94085e-05,3.68018e-05,2.80121e-05,2.63336e-05,0.000232871,0,0.000204379,0.000221912,0,0.000185519,0.503463,-0.000501533,-0.000188858,0.000165136,0.000493763,1786673100,-0.000209851,0.000161569,0,1,0.000245294,0,0.00021573,1,0.00023518,0,0.00019504,1,0.000219863,0,0.000204324,1
1786673160,0.000630368,-5.2989e-06,0.000630368,-5.2989e-06,0.000332184,0.509537,0.000221124,0.000218865,0.0618616,-0.000482434,-0.000393502,-0.000175814,-4.8369e-05,4.7695e-06,7.00882e-05,0.000175399,0.000362314,0.000517446,0.000199605,0.000214789,0.000217613,0.000225717,0.000195218,0.000207399,0.000220554,0.000232607,0.000228339,0,0.00021173,-0.000231283,0.000164094,0,0.499929,-0.000526863,-0.000196185,0.000173082,0.000535181,1786673100,0.000222281,0,0.000205202,1,0.00021013,0,0.000178005,1,0.000235069,0,0.000198371,1,0.00022248,0,0.000217247,1
1786673220,0.000344151,4.23635e-05,0.000444727,4.23635e-05,0.000340715,0.500954,0.000101231,9.82824e-05,0.0396893,-0.000568895,-0.000472701,-0.000224061,-6.11013e-05,-3.03075e-07,8.02153e-05,0.000205678,0.000405235,0.000594109,9.80014e-05,9.77295e-05,9.7554e-05,9.85621e-05,9.20878e-05,9.77895e-05,0.000103348,0.000108442,0.000280536,0,0.000259767,0.000274342,0,0.000226328,0.504593,-0.000603253,-0.000231403,0.00020648,0.000613401,1786673100,0.000239945,0,0.000222955,0,0.000227683,0,0.000211076,0,0.000225473,0,0.000161467,1,0.00021822,0,0.000207184,1
1786673280,-7.9409e-05,4.23489e-05,0.000164092,-7.9409e-05,0.000340784,0.488493,3.77768e-05,3.93266e-05,0.0405578,-0.000557855,-0.000474542,-0.000230903,-6.91751e-05,-9.28354e-06,7.27545e-05,0.000196687,0.000396002,0.000600523,4.10463e-05,3.85594e-05,4.07423e-05,3.4147e-05,4.59103e-05,4.19644e-05,3.8134e-05,3.80753e-05,-0.000280249,0.00021775,0,0.000263815,0,0.000219697,0.503409,-0.000591725,-0.000227789,0.00019496,0.000612984,1786673100,-0.000274488,0.00021514,0,1,-0.000237522,0.00020323,1.57898e-06,0,0.00022444,0,0.000196314,1,-0.000199529,0.000181763,0,1
1786673340,0.000259379,-2.11768e-05,0.00028055,-0.000132362,0.000337546,0.502731,7.79502e-05,7.48073e-05,0.0423752,-0.000494382,-0.000417001,-0.000193206,-5.19493e-05,7.66945e-07,6.78109e-05,0.000180341,0.000375156,0.000562545,7.45787e-05,7.41528e-05,7.39343e-05,7.28272e-05,6.85505e-05,7.44191e-05,8.528e-05,8.10716e-05,0.000244138,0,0.000186991,0.000236658,0,0.000193715,0.502271,-0.000539849,-0.000204355,0.000174777,0.000561826,1786673100,-0.000268252,0.000216735,0,1,-0.000275257,0.000233205,0,1,-0.000259514,0.00018528,0,0,-0.000212371,0.000181547,2.98569e-06,0
1786673400,-0.000275262,-5.29278e-06,0.000127018,-0.000280556,0.00033616,0.496749,7.61441e-05,7.95804e-05,0.0449309,-0.000530817,-0.000444958,-0.000211903,-6.1528e-05,-3.32121e-06,7.88104e-05,0.000208662,0.000411385,0.000594168,8.11166e-05,8.00037e-05,8.04531e-05,8.00964e-05,8.45056e-05,7.86436e-05,7.70106e-05,6.67762e-05,-0.00027368,0.000224376,0,0.000252606,0,0.000180228,0.512759,-0.000563035,-0.000206911,0.000198972,0.000596579,1786673400,0.000239862,0,0.000193871,1,-0.000262156,0.000230735,0,1,0.000264077,0,0.000202829,1,-0.000231429,0.000224246,2.99162e-06,1
1786673460,-0.000291225,5.29421e-06,0.00020116,-0.000291225,0.000335051,0.496772,8.01913e-05,8.30876e-05,0.0428748,-0.000518464,-0.000428654,-0.000207092,-5.76181e-05,-3.08438e-06,7.24129e-05,0.000186795,0.000382605,0.000568903,8.55507e-05,8.44168e-05,8.48253e-05,8.44682e-05,8.78865e-05,8.29413e-05,8.01643e-05,7.05905e-05,-0.000257797,0.000197937,0,0.000245273,0,0.00020828,0.508482,-0.000558859,-0.000206116,0.000189719,0.000578421,1786673400,-0.000262788,0.000219738,0,1,-0.000233984,0.000198779,0,1,-0.000262304,0.000199271,0,1,-0.000226694,0.000210124,8.35744e-06,1
1786673520,-0.000837082,0,0.000111205,-0.000953693,0.000334231,0.500793,0.000314468,0.000317312,0.0438399,-0.000518622,-0.000419973,-0.000201552,-5.62343e-05,-3.75886e-07,7.20978e-05,0.000195868,0.000389499,0.000558914,0.000304384,0.0003187,0.000312761,0.000325753,0.000309277,0.000306335,0.000303338,0.000321581,0.000258849,0,0.00023582,0.000237414,0,0.000206172,0.513022,-0.000546453,-0.000195302,0.000188564,0.000563473,1786673400,-0.00025589,0.000222172,0,0,-0.000259346,0.000220498,0,0,-0.000252161,0.000178482,0,0,-0.000245957,0.000221676,0,0
1786673580,-0.000424106,-1.06005e-05,7.42001e-05,-0.000450619,0.000351412,0.52447,0.000125714,0.000127701,0.0494768,-0.000681476,-0.000536175,-0.000228611,-5.93588e-05,1.87755e-05,0.000106463,0.000274782,0.000518688,0.000717773,0.000122089,0.000121432,0.000122495,0.000122676,0.000120879,0.000121377,0.000128206,0.000131316,0.000335987,0,0.000368817,0.000303344,0,0.000301468,0.521403,-0.000675073,-0.000231877,0.000250559,0.000675293,1786673400,0.000251283,0,0.000204316,0,-0.000267214,0.000219405,0,0,0.000261566,0,0.000186253,0,-0.000238873,0.000213443,0,0
1786673640,0.000402905,-2.121e-05,0.000402905,-6.36314e-05,0.000353012,0.527676,0.000111114,0.000109023,0.0579108,-0.000631085,-0.000498916,-0.000214362,-5.26437e-05,1.9605e-05,0.000102945,0.000253511,0.000474726,0.00064166,0.000114747,0.000114341,0.000114326,0.000113056,0.000113399,0.000115089,0.000108696,0.000106838,0.000311954,0,0.000288157,0.000281605,0,0.000242986,0.522712,-0.000632942,-0.000216381,0.000234604,0.000622887,1786673400,-0.000310295,0.00023555,0,1,-0.000251252,0.000208095,0,1,-0.000255034,0.00019078,0,0,-0.000235475,0.000212175,0,0
1786673700,0.000233187,0,0.000370953,-5.30033e-06,0.000354079,0.516191,6.75316e-05,6.63513e-05,0.0466539,-0.000651256,-0.000534636,-0.000238155,-6.22398e-05,1.17503e-05,9.82156e-05,0.000253033,0.000464481,0.000640381,6.7578e-05,6.71459e-05,6.86824e-05,6.60946e-05,6.77291e-05,6.92034e-05,7.09923e-05,7.00889e-05,0.000322308,0,0.000323344,0.000309802,0,0.000290203,0.52415,-0.000681513,-0.00024742,0.000248435,0.000673182,1786673700,0.000278315,0,0.000240402,1,0.000303807,0,0.000247229,1,-0.000264451,0.000185669,0,1,-0.0002343,0.000203444,0,1
1786673760,0,4.76906e-05,4.76906e-05,-0.000137786,0.000352068,0.508112,3.60331e-05,3.64972e-05,0.0426976,-0.000608914,-0.000501192,-0.000223082,-6.31001e-05,5.303e-06,8.61742e-05,0.000221238,0.000433883,0.000621599,3.45987e-05,3.41996e-05,3.95027e-05,3.17733e-05,4.08289e-05,3.78737e-05,4.04619e-05,3.27413e-05,0.000288977,0,0.000268437,0.00027946,0,0.000238926,0.515989,-0.000639853,-0.000232961,0.000217388,0.0006463,1786673700,-0.000318007,0.000239201,0,1,-0.00028255,0.000214118,0,1,-0.000315584,0.000209019,0,1,-0.000237192,0.00020873,0,1
1786673820,-0.0003498,0,2.11961e-05,-0.000461126,0.00034853,0.519637,0.000102195,0.000104329,0.0448873,-0.000527256,-0.000437598,-0.000185278,-4.20304e-05,9.92934e-06,8.33785e-05,0.000205602,0.000408315,0.000559245,0.000101699,0.000100839,0.000101468,0.000100866,0.000101391,9.98695e-05,0.000104963,0.00010248,0.000258661,0,0.0001852,0.000251294,0,0.000173472,0.524668,-0.000572826,-0.000197382,0.000206866,0.000597354,1786673700,-0.000291983,0.000221172,0,1,0.000311055,0,0.000226449,1,-0.000293935,0.000193693,0,1,0.000287637,0,0.000249069,1
1786673880,-0.000434771,0,0,-0.000455984,0.000348555,0.512177,0.000125901,0.000126141,0.0461848,-0.000533092,-0.000437315,-0.000200188,-5.2187e-05,7.04269e-06,8.15922e-05,0.000211263,0.000415503,0.000577735,0.000125049,0.000125441,0.000124985,0.000132104,0.000123817,0.000122843,0.000128313,0.000129937,0.000269552,0,0.00024512,0.000254831,0,0.000214622,0.519125,-0.000578197,-0.000204965,0.000208463,0.000595015,1786673700,0.000259115,0,0.000201469,1,-0.000278312,0.00022692,0,1,0.000269702,0,0.000229905,1,0.000249827,0,0.000230534,1
1786673940,-0.000217456,-2.12132e-05,-2.12132e-05,-0.000307635,0.000350487,0.525969,6.70232e-05,6.8063e-05,0.0497887,-0.000545911,-0.000435636,-0.000200293,-4.41497e-05,1.49951e-05,9.21991e-05,0.000235179,0.000425501,0.000581079,6.42293e-05,6.39639e-05,6.59533e-05,6.37307e-05,6.59107e-05,6.4069e-05,7.15869e-05,7.01605e-05,0.000288593,0,0.000237487,0.000256566,0,0.000216383,0.524273,-0.000580311,-0.000201586,0.000213711,0.000587418,1786673700,0.000264991,0,0.00021847,1,-0.000239804,0.000193204,0,0,-0.000284399,0.000223043,0,1,-0.000261935,0.000217384,1.6088e-06,1
1786674000,0.000328818,0,0.000376541,-5.30441e-06,0.000348325,0.536696,8.87964e-05,8.73451e-05,0.0545325,-0.000529976,-0.00042321,-0.000189456,-3.34338e-05,1.85732e-05,9.27059e-05,0.00022733,0.000417486,0.000563234,9.43744e-05,9.36344e-05,9.34711e-05,9.36741e-05,9.34841e-05,9.34111e-05,8.5903e-05,8.15783e-05,0.000277536,0,0.000190154,0.000236837,0,0.000174726,0.528814,-0.000544709,-0.000182551,0.00020028,0.000545483,1786674000,0.000251504,0,0.000211075,1,0.000259572,0,0.000226782,1,0.000246609,0,0.000213748,1,0.000274482,0,0.000235703,1
1786674060,0.000238591,0,0.000238591,-2.65136e-05,0.000347946,0.513748,6.79441e-05,6.59453e-05,0.044899,-0.000540078,-0.000446844,-0.000206731,-4.66782e-05,7.21823e-06,8.16346e-05,0.000213484,0.000401572,0.000550698,6.92035e-05,6.8563e-05,6.83837e-05,6.71352e-05,6.85941e-05,6.82316e-05,6.43878e-05,7.11327e-05,0.000274418,0,0.000207818,0.000252603,0,0.000188934,0.523206,-0.000577967,-0.000205347,0.000205125,0.000580442,1786674000,0.000237489,0,0.000198962,1,0.000260439,0,0.000214506,1,0.000261571,0,0.000223397,1,0.000251954,0,0.000191864,1
1786674120,-0.000296922,0,5.30137e-06,-0.000371166,0.000346097,0.512812,8.59033e-05,8.72146e-05,0.0436684,-0.000507677,-0.000433491,-0.000200165,-4.27238e-05,5.87378e-06,7.9837e-05,0.000202592,0.000377006,0.000528654,8.65961e-05,8.59993e-05,8.64774e-05,8.64051e-05,8.57451e-05,8.44943e-05,8.94614e-05,8.30106e-05,0.000262282,0,0.000179835,0.000242887,0,0.000167211,0.522075,-0.00055262,-0.000200022,0.000193081,0.000559773,1786674000,-0.000260562,0.000190092,0,1,0.000246798,0,0.000209201,1,0.00026058,0,0.000209006,1,0.000241548,0,0.000212554,1
1786674180,-7.42442e-05,3.712e-05,4.77255e-05,-7.95475e-05,0.000345182,0.513095,3.6499e-05,3.87005e-05,0.0444433,-0.000506113,-0.000414121,-0.000199037,-4.78828e-05,7.00674e-06,8.12081e-05,0.000196498,0.00037506,0.00053147,3.9935e-05,3.81425e-05,4.00055e-05,3.17998e-05,4.38667e-05,4.04873e-05,4.00664e-05,3.10182e-05,0.000257235,0,0.000214833,0.00024632,0,0.000206236,0.51697,-0.000553947,-0.000200608,0.000197278,0.000564265,1786674000,-0.000250694,0.00018024,0,1,0.000258414,0,0.000213087,1,0.000238207,0,0.000200231,1,0.000218257,0,0.00019246,1
1786674240,-0.000254593,0,3.71228e-05,-0.000275812,0.000341874,0.519508,7.49679e-05,7.54693e-05,0.0520847,-0.000448797,-0.000364631,-0.000172814,-3.39581e-05,7.89863e-06,6.96366e-05,0.000178864,0.00033363,0.000478804,7.46427e-05,7.41111e-05,7.44812e-05,7.4375e-05,7.27494e-05,7.31358e-05,7.85563e-05,7.44732e-05,0.00022967,0,0.000122698,0.000206788,0,0.000134564,0.519658,-0.000462335,-0.000164815,0.00016132,0.000464231,1786674000,0.000244758,0,0.000205529,1,0.000242009,0,0.000199639,1,0.000259998,0,0.00020726,1,0.00021057,0,0.000195209,1
1786674300,-0.000201599,0,0,-0.000382012,0.000340348,0.519593,6.11634e-05,6.11256e-05,0.0575225,-0.000468719,-0.000385401,-0.00018722,-4.38131e-05,1.03446e-05,8.03198e-05,0.000201468,0.000374644,0.00051456,6.09574e-05,5.93131e-05,5.96815e-05,5.87863e-05,6.21414e-05,5.99137e-05,6.45724e-05,6.29508e-05,0.000254881,0,0.000184947,0.000228894,0,0.000181375,0.519754,-0.000516715,-0.000184879,0.000184576,0.000515244,1786674300,0.000190913,0,0.000158387,1,0.000234766,0,0.000216957,1,0.000245192,0,0.000200139,1,0.000230938,0,0.000221276,1
1786674360,9.0194e-05,0,0.000111415,-2.12233e-05,0.000338132,0.526558,3.61315e-05,3.63119e-05,0.0674441,-0.000506227,-0.000405573,-0.000189237,-3.81942e-05,1.33226e-05,8.6056e-05,0.000219739,0.000395632,0.000537146,4.1803e-05,3.85757e-05,3.90644e-05,3.35856e-05,4.44259e-05,4.1059e-05,3.42905e-05,3.35113e-05,0.000270516,0,0.00020053,0.00023529,0,0.000188505,0.528531,-0.000532514,-0.000181041,0.000199265,0.00053848,1786674300,0.000223518,0,0.000201075,1,-0.000202278,0.00014541,0,1,0.000241497,0,0.000214121,1,0.000232627,0,0.000204792,1
1786674420,-0.000323675,-5.30531e-06,1.59158e-05,-0.000323675,0.000334976,0.521196,9.56724e-05,9.54156e-05,0.0741863,-0.000463967,-0.000369149,-0.00017173,-3.23436e-05,8.33886e-06,7.66975e-05,0.00017955,0.000345046,0.000468038,9.37311e-05,9.31367e-05,9.33434e-05,9.99832e-05,9.03782e-05,9.28207e-05,0.000101914,9.64181e-05,0.000229933,0,0.000123274,0.000203917,0,0.000121625,0.530457,-0.000465813,-0.000158278,0.000165156,0.000461199,1786674300,0.000231241,0,0.000202968,1,0.000235688,0,0.000202968,1,0.000206356,0,0.000170701,1,0.000224186,0,0.000193521,1
1786674480,0.000159198,0,0.000201646,-6.36862e-05,0.000334754,0.524434,4.63546e-05,4.64997e-05,0.0723604,-0.000485103,-0.000382458,-0.000185764,-3.82239e-05,1.19268e-05,8.1006e-05,0.000196356,0.000362,0.000494937,5.32552e-05,4.97428e-05,4.99916e-05,4.51105e-05,5.6294e-05,5.31336e-05,4.24499e-05,4.407e-05,0.000250173,0,0.000174071,0.000215554,0,0.000182438,0.522548,-0.000499108,-0.000175306,0.000174293,0.000491963,1786674300,0.000199123,0,0.000176872,1,0.000228581,0,0.000205164,1,0.000223342,0,0.000199404,1,0.000172028,0,0.000156472,1
1786674540,0.000185699,0,0.000185699,-2.65312e-05,0.000332153,0.522254,5.07708e-05,5.04366e-05,0.0730549,-0.000467118,-0.000374189,-0.000180865,-3.78492e-05,1.04535e-05,8.10883e-05,0.000191925,0.000357223,0.000488535,5.76394e-05,5.38708e-05,5.37752e-05,5.24328e-05,5.99451e-05,5.67729e-05,4.75983e-05,4.948e-05,0.000244263,0,0.00015358,0.000218729,0,0.000154735,0.532277,-0.000505706,-0.000171329,0.000184026,0.000513587,1786674300,0.000212442,0,0.000177466,1,0.000201925,0,0.00016956,1,0.000226059,0,0.000198647,1,0.000191288,0,0.000187445,1
1786674600,0.000244009,5.30517e-06,0.000254616,-3.7137e-05,0.000329862,0.516335,6.85712e-05,6.73068e-05,0.0754002,-0.000477833,-0.000396209,-0.00019576,-4.24315e-05,8.02693e-06,8.00702e-05,0.000188122,0.000352867,0.000483501,7.07916e-05,6.994e-05,6.95827e-05,6.86333e-05,7.01922e-05,7.03482e-05,6.26995e-05,7.15702e-05,0.000249701,0,0.000190398,0.000226291,0,0.000185386,0.532618,-0.00051581,-0.000185384,0.000184977,0.000517686,1786674600,0.000221135,0,0.000183953,1,0.000215661,0,0.000186624,1,0.00021061,0,0.000168487,1,0.00020029,0,0.000181743,1
1786674660,0.000424221,0,0.000424221,0,0.000328365,0.517212,0.000127504,0.000126858,0.0732532,-0.000446364,-0.000365217,-0.000182576,-4.25387e-05,8.57095e-06,7.72183e-05,0.000183343,0.000333284,0.000470674,0.000120736,0.000124392,0.000124495,0.000143344,0.000119025,0.000120207,0.000123678,0.000138265,0.000237979,0,0.000159086,0.000222235,0,0.000167148,0.531418,-0.000509188,-0.000179265,0.000182039,0.000526056,1786674600,-0.000224507,0.000166118,0,1,0.000214056,0,0.000184663,1,0.000213197,0,0.000189963,0,0.000188928,0,0.000169216,1
1786674720,0.000466435,0,0.000466435,-3.18103e-05,0.000330555,0.505945,0.000144186,0.00014272,0.0592377,-0.000467083,-0.000384854,-0.000195288,-4.9025e-05,2.2409e-06,7.96081e-05,0.000191014,0.000345386,0.000493603,0.000134736,0.000140307,0.000138649,0.000163052,0.000128861,0.000133345,0.000142749,0.000155223,0.000251171,0,0.00016406,0.000233129,0,0.000177112,0.522744,-0.000527441,-0.000196286,0.000186338,0.000545764,1786674600,-0.000216812,0.000155853,0,0,0.00022569,0,0.000151452,0,0.000226537,0,0.000177233,0,0.000195217,0,0.000186719,0
1786674780,-0.00058838,-5.29918e-06,-5.29918e-06,-0.00065201,0.000333815,0.499403,0.000189442,0.00019146,0.0557154,-0.000511962,-0.000424762,-0.000221563,-6.03017e-05,-1.57753e-06,8.21805e-05,0.000204039,0.000370931,0.000524848,0.000184301,0.000194033,0.000185359,0.000219182,0.000183887,0.000180098,0.00019641,0.0001721,-0.000276837,0.000211468,0,0.000245331,0,0.000188823,0.517657,-0.000549134,-0.000209091,0.000193383,0.000577357,1786674600,0.00024317,0,0.000210744,1,0.000210303,0,0.00016602,1,0.00019456,0,0.000165386,1,0.000204911,0,0.000182465,1
1786674840,0.000254477,0,0.000254477,-0.000201507,0.000340775,0.508978,7.19545e-05,6.95766e-05,0.0386891,-0.00054573,-0.000431014,-0.000209563,-5.65281e-05,5.23836e-06,8.63735e-05,0.000224434,0.000396475,0.000554573,7.3395e-05,7.29365e-05,7.28201e-05,7.15672e-05,7.08345e-05,7.30674e-05,6.98701e-05,7.27275e-05,0.00028434,0,0.000244815,0.000268216,0,0.000253116,0.523671,-0.000600816,-0.000215181,0.00021989,0.000619316,1786674600,-0.000257375,0.000209318,0,1,0.000233897,0,0.000195744,1,0.000218646,0,0.000166062,1,0.000196043,0,0.000182847,1
1786674900,0.000159015,-5.30095e-06,0.000159015,-0.000206758,0.000339264,0.517822,5.05137e-05,4.94017e-05,0.0397429,-0.000542266,-0.000424425,-0.000204504,-4.84324e-05,1.02093e-05,9.49682e-05,0.000234088,0.000404109,0.000583799,5.32307e-05,5.01969e-05,5.30219e-05,4.7128e-05,5.41356e-05,5.44016e-05,5.17233e-05,4.74392e-05,0.000289413,0,0.000205896,0.000274311,0,0.000203841,0.534606,-0.000604865,-0.000207463,0.00023353,0.000633472,1786674900,0.000262929,0,0.000213252,1,0.000249085,0,0.000207074,1,0.000232796,0,0.000184231,1,0.000193934,0,0.000158524,1
1786674960,-8.48051e-05,5.30008e-06,0.000132494,-8.48051e-05,0.000336606,0.523891,3.99524e-05,4.29931e-05,0.0426497,-0.000524442,-0.000407079,-0.000202722,-4.51501e-05,1.37503e-05,9.87767e-05,0.000224947,0.000393951,0.000543842,4.14067e-05,3.90849e-05,4.15033e-05,3.64204e-05,4.41086e-05,4.08137e-05,4.23872e-05,3.79305e-05,0.000281402,0,0.000189952,0.000257075,0,0.00018434,0.527637,-0.000577227,-0.000203511,0.000212994,0.000590218,1786674900,0.000259959,0,0.000217378,1,0.000254682,0,0.000205663,1,0.000237469,0,0.000194389,1,0.000211834,0,0.000198414,1
1786675020,-0.000280968,0,0,-0.000339292,0.000333439,0.51015,8.00366e-05,8.11332e-05,0.0452551,-0.000488555,-0.000389472,-0.000194462,-5.3518e-05,5.8026e-06,7.95975e-05,0.000189294,0.000356377,0.000493194,8.21362e-05,8.13454e-05,8.18181e-05,8.13149e-05,8.14772e-05,8.0867e-05,8.00522e-05,7.70512e-05,0.000249727,0,0.000187932,0.000226829,0,0.000178878,0.519197,-0.000523589,-0.000189794,0.000177546,0.000531169,1786674900,-0.00025837,0.000206828,0,1,-0.00025034,0.000206489,0,1,-0.000254523,0.000196372,0,1,-0.000217765,0.000187859,0,1
1786675080,-0.000190891,2.12079e-05,7.95273e-05,-0.000196194,0.000332471,0.516235,5.71456e-05,5.77325e-05,0.0439305,-0.000493728,-0.000386896,-0.000191053,-4.85877e-05,9.15905e-06,8.45511e-05,0.000204946,0.00037076,0.000491133,5.9001e-05,5.62317e-05,5.78801e-05,5.63277e-05,6.08574e-05,5.80675e-05,6.02885e-05,5.63267e-05,0.000259554,0,0.000200964,0.000229493,0,0.000179384,0.524003,-0.000522435,-0.000183464,0.000187418,0.000519315,1786674900,0.000226355,0,0.000182384,1,0.000261587,0,0.000210612,1,0.000258327,0,0.000190771,1,0.000237013,0,0.000193542,1
1786675140,0.000228005,5.30303e-06,0.00024391,0,0.000330235,0.511054,6.5043e-05,6.29772e-05,0.048567,-0.000484999,-0.000382055,-0.000186656,-5.56048e-05,6.74601e-06,7.83577e-05,0.000191815,0.000355319,0.000482771,6.6107e-05,6.54705e-05,6.5194e-05,6.41207e-05,6.57684e-05,6.5769e-05,6.21307e-05,6.76039e-05,0.000246896,0,0.000186675,0.000211732,0,0.000168648,0.526802,-0.000489327,-0.000168721,0.000171731,0.000483492,1786674900,0.000221504,0,0.000182031,1,0.000223696,0,0.000202602,1,0.000227462,0,0.000208099,1,0.000215593,0,0.000180008,1
1786675200,-0.000403021,0,0,-0.00046667,0.000328502,0.512703,0.000120077,0.000119694,0.0490808,-0.00047319,-0.000374181,-0.000183893,-4.82505e-05,6.8297e-06,8.65712e-05,0.000198097,0.000352656,0.000476288,0.000116121,0.000116817,0.000115589,0.000134049,0.000114736,0.000114312,0.00012221,0.000122828,0.000250703,0,0.000151168,0.000212351,0,0.000140072,0.528288,-0.000486835,-0.000170132,0.000170358,0.000480393,1786675200,0.000196212,0,0.000163737,1,0.000217505,0,0.000201525,1,0.000230673,0,0.000200788,1,0.000218234,0,0.000209637,1
1786675260,0.000562063,-1.5912e-05,0.000572665,-1.5912e-05,0.000330157,0.511282,0.000184548,0.000183,0.0455713,-0.000516606,-0.000409888,-0.000198493,-5.6718e-05,7.04496e-06,8.54879e-05,0.000206879,0.000368059,0.00050546,0.000172141,0.000180603,0.000174847,0.000201583,0.000168462,0.00017065,0.000177146,0.000201119,0.000264966,0,0.000223619,0.000234215,0,0.000214136,0.523092,-0.00053813,-0.000188349,0.000189508,0.00052698,1786675200,0.000199795,0,0.000182684,1,0.000205471,0,0.000176012,1,0.000220624,0,0.000195354,1,0.000215527,0,0.000193814,1
1786675320,-0.000106025,0,5.30098e-06,-0.000116629,0.000336366,0.510415,4.26679e-05,4.52318e-05,0.0360654,-0.000529568,-0.000422963,-0.000207443,-5.66541e-05,6.37772e-06,9.34121e-05,0.00022058,0.00038453,0.000545063,4.48401e-05,4.26936e-05,4.5924e-05,3.73741e-05,4.73112e-05,4.59754e-05,4.46913e-05,3.89601e-05,0.000280417,0,0.000217165,0.000259415,0,0.000204736,0.518125,-0.000576768,-0.000213587,0.000206023,0.000578683,1786675200,0.000217856,0,0.000188473,1,0.000204359,0,0.000167144,1,0.000205953,0,0.000175401,1,0.000206595,0,0.000194388,1
1786675380,-2.12064e-05,0,7.4219e-05,-4.24133e-05,0.000333323,0.510892,2.91507e-05,3.05359e-05,0.0382068,-0.000466647,-0.000379086,-0.000185963,-4.7343e-05,5.42572e-06,7.98268e-05,0.000182569,0.000335263,0.00047477,3.59657e-05,3.29129e-05,3.60857e-05,1.98238e-05,3.99391e-05,3.67892e-05,2.68734e-05,2.45161e-05,0.000239653,0,0.000133822,0.000212226,0,0.000154146,0.522122,-0.000492426,-0.000175112,0.00016259,0.000480444,1786675200,0.00025362,0,0.000230974,1,0.000215545,0,0.000187572,1,0.000208793,0,0.00016784,1,0.000176202,0,0.000170667,1
1786675440,0.000153736,-3.18105e-05,0.000153736,-0.000100737,0.000329986,0.507543,4.53208e-05,4.48149e-05,0.0432197,-0.000440513,-0.000361109,-0.000179268,-4.63305e-05,3.05308e-06,7.65235e-05,0.000172839,0.000327147,0.000455188,5.2168e-05,4.84152e-05,4.99478e-05,4.33207e-05,5.28985e-05,5.01973e-05,4.54458e-05,4.52443e-05,0.00022918,0,0.000119884,0.000209474,0,0.000144434,0.520447,-0.000483638,-0.00017062,0.000163166,0.000488602,1786675200,0.00018593,0,0.000155271,1,-0.000240494,0.00019773,0,1,0.000215192,0,0.000200566,1,0.000185566,0,0.000181993,1
1786675500,0.000254408,-5.30086e-06,0.000476963,-5.30086e-06,0.000327392,0.517196,7.12607e-05,6.8878e-05,0.0482378,-0.000487325,-0.000391069,-0.000198858,-5.03066e-05,1.01754e-05,9.00938e-05,0.000201206,0.0003576,0.000497187,7.3583e-05,7.26683e-05,7.24484e-05,7.14813e-05,7.03077e-05,7.38537e-05,7.00424e-05,6.98537e-05,0.00026045,0,0.000210852,0.000251433,0,0.000212012,0.526191,-0.000556781,-0.000202497,0.000201192,0.000554733,1786675500,0.000200136,0,0.00016185,1,0.000199147,0,0.000163816,1,0.000251286,0,0.000206823,1,0.000205363,0,0.000192246,1
1786675560,-9.00956e-05,1.05989e-05,0.00016957,-9.00956e-05,0.000326093,0.502635,3.8341e-05,4.08882e-05,0.0499611,-0.000524609,-0.00042241,-0.00021838,-6.55727e-05,1.24788e-06,8.29733e-05,0.00020364,0.000374641,0.000538798,4.21037e-05,3.89057e-05,4.00453e-05,3.56502e-05,4.43829e-05,4.0072e-05,3.92118e-05,3.65728e-05,0.000274851,0,0.000229475,0.000245126,0,0.000224695,0.516044,-0.000556591,-0.000205887,0.000189677,0.000565998,1786675500,0.000232671,0,0.000208014,1,-0.000198367,0.000159354,0,1,0.000186653,0,0.000172275,1,-0.000221587,0.000194699,1.27119e-05,1
1786675620,0.000264964,-1.06e-05,0.000302053,-1.06e-05,0.000323067,0.503909,7.71717e-05,7.46087e-05,0.0559553,-0.000466549,-0.000378616,-0.000187479,-5.81554e-05,1.85647e-06,7.6128e-05,0.000176501,0.0003321,0.000470364,7.64588e-05,7.56472e-05,7.5327e-05,7.43344e-05,7.28469e-05,7.68842e-05,7.93307e-05,7.99448e-05,0.000237245,0,0.000196666,0.00020094,0,0.000179617,0.514205,-0.000469284,-0.000170856,0.000148791,0.000469306,1786675500,-0.000237866,0.00020121,0,1,0.000231791,0,0.00017173,1,0.000216155,0,0.000186676,1,0.000177841,0,0.000159045,1
1786675680,-2.11945e-05,3.17909e-05,3.17909e-05,-9.00798e-05,0.000322008,0.512738,3.09874e-05,3.23255e-05,0.0587345,-0.000477329,-0.000383475,-0.000186406,-5.5149e-05,7.86253e-06,8.67104e-05,0.000200954,0.000352801,0.000506467,3.58947e-05,3.13006e-05,3.22155e-05,2.34172e-05,3.90653e-05,3.41276e-05,3.17699e-05,3.05396e-05,0.0002543,0,0.000187166,0.000214201,0,0.000156795,0.518372,-0.000481219,-0.00017737,0.000164084,0.000484743,1786675500,0.000189811,0,0.000165647,1,0.00023692,0,0.000200821,1,0.000203265,0,0.000183473,1,0.00020448,0,0.000180946,1
1786675740,-0.000180172,-5.2987e-06,-5.2987e-06,-0.000190771,0.000318785,0.514203,5.37698e-05,5.49635e-05,0.0705045,-0.00043924,-0.000346371,-0.000166041,-3.76044e-05,5.90401e-06,7.99652e-05,0.000179715,0.000318311,0.000460775,5.70949e-05,5.31242e-05,5.33941e-05,5.26187e-05,5.89877e-05,5.34364e-05,5.6312e-05,5.25227e-05,0.000227299,0,0.000131704,0.000187452,0,0.00012227,0.522976,-0.000427791,-0.00014868,0.000144509,0.000430348,1786675500,0.000199517,0,0.000188949,1,0.000191017,0,0.000171946,1,0.00023638,0,0.000204657,1,0.000206342,0,0.000198129,1
1786675800,1.05992e-05,-5.29966e-06,0.000121884,-5.29966e-06,0.000316608,0.503972,2.57741e-05,2.68119e-05,0.0741824,-0.000429544,-0.00033702,-0.000165835,-4.37143e-05,5.98813e-07,7.33204e-05,0.000164728,0.000302632,0.000428186,3.53071e-05,2.95549e-05,2.96443e-05,1.98071e-05,3.63037e-05,2.89583e-05,2.40835e-05,2.30421e-05,0.00021491,0,0.000148047,0.000187955,0,0.00013739,0.515858,-0.000424197,-0.000154025,0.000140653,0.000418261,1786675800,0.000172302,0,0.00015222,1,0.000199198,0,0.000174227,1,-0.000201602,0.000159364,0,1,0.000210449,0,0.000202782,1
1786675860,4.23958e-05,0,0.000105986,-0.000143099,0.00031343,0.507766,2.59532e-05,2.67298e-05,0.0932738,-0.000404792,-0.000316248,-0.000154258,-4.29136e-05,3.03529e-06,6.63018e-05,0.000151278,0.00028303,0.000413009,3.70735e-05,3.08841e-05,3.04715e-05,2.02167e-05,3.69095e-05,2.60562e-05,2.46332e-05,2.33451e-05,0.000198761,0,0.000132643,0.000180594,0,0.000132369,0.516852,-0.000422959,-0.000149598,0.000132086,0.000417034,1786675800,0.000170461,0,0.000146103,1,0.00018153,0,0.000158494,1,0.000212602,0,0.000172671,1,0.000184984,0,0.00017387,1
1786675920,3.70948e-05,-3.17967e-05,9.53839e-05,-3.70962e-05,0.000310338,0.521187,2.62149e-05,2.67356e-05,0.12079,-0.000410905,-0.00032124,-0.000158559,-3.73037e-05,9.69434e-06,6.94543e-05,0.00016453,0.000297285,0.000420942,3.67656e-05,3.01665e-05,2.9353e-05,2.23872e-05,3.50814e-05,2.23719e-05,2.61189e-05,2.44786e-05,0.000211026,0,0.00014924,0.000196244,0,0.000151291,0.52325,-0.000453971,-0.000156228,0.000155847,0.000457765,1786675800,0.000174673,0,0.000155599,1,0.000179171,0,0.000165632,1,0.000170083,0,0.000161408,1,0.000183129,0,0.000174876,1
1786675980,0.000116575,0,0.000233136,-1.05984e-05,0.000307263,0.519336,3.57226e-05,3.4695e-05,0.154869,-0.000368258,-0.000290516,-0.00014447,-3.14133e-05,7.23551e-06,6.02814e-05,0.000142661,0.000262727,0.000381878,4.58885e-05,3.99165e-05,3.90152e-05,3.29389e-05,4.11501e-05,3.41585e-05,3.60268e-05,3.4117e-05,0.000186671,0,0.000111046,0.000162798,0,0.000110886,0.519495,-0.000378962,-0.000132728,0.000115468,0.00037391,1786675800,0.000190182,0,0.000176525,1,0.000183131,0,0.000165602,1,0.00018243,0,0.000146624,1,0.000163961,0,0.000150847,1
1786676040,-0.000243763,0,0,-0.000243763,0.000304622,0.508856,6.8804e-05,7.01816e-05,0.148067,-0.000386255,-0.000306955,-0.000152088,-3.91248e-05,3.27753e-06,6.11467e-05,0.000146504,0.000269534,0.000401656,7.17388e-05,7.05764e-05,7.06576e-05,7.03203e-05,7.40046e-05,7.17932e-05,6.81644e-05,6.56082e-05,0.00019424,0,0.00014548,0.000175168,0,0.000137622,0.514541,-0.000411456,-0.000148258,0.000127979,0.000412115,1786675800,0.000155866,0,0.000139682,1,0.00019266,0,0.000168795,1,-0.00019635,0.000140211,0,1,0.000162687,0,0.000157727,1
1786676100,-0.000344549,-4.76997e-05,-4.76997e-05,-0.000386963,0.000303524,0.510542,0.00010348,0.00010353,0.111143,-0.000383413,-0.000296115,-0.000146987,-3.64335e-05,3.86428e-06,5.66671e-05,0.00014138,0.000263214,0.000380381,9.97261e-05,9.8524e-05,9.96759e-05,0.000115711,9.9676e-05,0.000105983,0.000102124,0.000105431,0.000187615,0,0.000136664,0.000170633,0,0.000139803,0.517379,-0.00039614,-0.000141558,0.000126664,0.000390275,1786676100,0.00017564,0,0.000157437,0,0.000161588,0,0.000137357,1,0.000188353,0,0.00015882,1,0.000177142,0,0.000172598,1
1786676160,-0.000291634,-5.30168e-06,-5.30168e-06,-0.000381793,0.000304399,0.515123,8.40366e-05,8.44865e-05,0.0847155,-0.000435493,-0.000339113,-0.000166795,-4.20067e-05,7.26773e-06,6.73658e-05,0.000172112,0.000309703,0.000426577,8.48973e-05,8.38442e-05,8.41064e-05,8.7314e-05,8.25475e-05,8.38714e-05,8.64405e-05,8.43447e-05,0.000221132,0,0.000176544,0.000197146,0,0.000170538,0.524406,-0.000456365,-0.000155929,0.000159309,0.00045199,1786676100,0.000164655,0,0.000136969,0,0.000177623,0,0.000155902,0,0.000176029,0,0.000135665,0,0.000178683,0,0.000169187,1
1786676220,-7.95513e-05,-5.30323e-06,7.9545e-05,-0.000238673,0.000304149,0.529506,3.61282e-05,3.7872e-05,0.0819733,-0.000457775,-0.000358505,-0.000172703,-4.13886e-05,1.68145e-05,7.92336e-05,0.000186466,0.00034104,0.000472361,4.03294e-05,3.48329e-05,3.55756e-05,3.06728e-05,3.59592e-05,3.96293e-05,3.78993e-05,3.66813e-05,0.000235858,0,0.000192831,0.000209434,0,0.000189288,0.52913,-0.00048325,-0.000162046,0.000173402,0.000473647,1786676100,0.00018745,0,0.000154515,1,0.000174273,0,0.000149395,0,0.000188849,0,0.000149757,0,0.000164717,0,0.000155955,0
1786676280,-5.30365e-06,5.30362e-06,4.24282e-05,-9.547e-05,0.000301302,0.525083,2.80016e-05,2.86846e-05,0.0845416,-0.000454044,-0.000349628,-0.000165496,-4.32748e-05,1.4085e-05,7.81116e-05,0.000179071,0.000333581,0.000454952,3.5031e-05,2.77032e-05,2.82708e-05,2.40533e-05,3.05751e-05,3.26703e-05,2.78953e-05,2.76376e-05,0.000226543,0,0.000174377,0.000203809,0,0.000176896,0.527212,-0.000476493,-0.000159572,0.000168736,0.000470561,1786676100,0.000198446,0,0.00017046,1,0.000192549,0,0.000164288,1,0.000174044,0,0.000139877,1,-0.000177533,0.000162945,0,0
1786676340,-0.000355408,0,3.71249e-05,-0.000466831,0.000298275,0.524756,0.000109744,0.000108442,0.0868923,-0.000408637,-0.000318726,-0.000140946,-3.20789e-05,1.01617e-05,7.0419e-05,0.000158189,0.000301611,0.000409352,0.000102342,0.000103293,0.000103449,0.000115309,9.63991e-05,0.00010217,0.000112197,0.000118572,0.000198237,0,0.00012638,0.000183011,0,0.000132919,0.526558,-0.00043142,-0.000143109,0.000148129,0.000424767,1786676100,0.000209224,0,0.000183055,1,0.000205679,0,0.000171948,1,0.000201093,0,0.000151115,1,-0.000160992,0.000139503,0,0
1786676400,-0.000191018,-1.59168e-05,0.000196286,-0.000206938,0.000299524,0.514224,5.84605e-05,5.9322e-05,0.0758073,-0.000526812,-0.000419504,-0.000205211,-5.96071e-05,9.68542e-06,8.81671e-05,0.00022252,0.000409788,0.000536467,5.88903e-05,5.58067e-05,5.6124e-05,6.28122e-05,4.97793e-05,5.83004e-05,6.17064e-05,6.47617e-05,0.000280605,5.00771e-05,0.000345251,0.000249438,0.000103083,0.000366027,0.523127,-0.00054756,-0.000195112,0.00020279,0.000544118,1786676400,0.00018709,0,0.00016136,1,0.000210684,0,0.000188629,1,0.000206581,0,0.000157738,1,0.00018131,0,0.000163602,0
1786676460,-0.00040338,5.30655e-06,5.30655e-06,-0.00040338,0.000297742,0.513305,0.000122667,0.000120444,0.0739259,-0.000475231,-0.000369984,-0.000175928,-5.25163e-05,7.87701e-06,7.85892e-05,0.000192639,0.000368953,0.000488338,0.000115573,0.000121738,0.000120553,0.000122464,0.000108697,0.000114407,0.000122066,0.000132637,0.000242389,0,0.000213792,0.000202363,0,0.000202012,0.525648,-0.000473566,-0.000162048,0.00016429,0.000465154,1786676400,0.00031129,0,0.000230641,1,0.000187449,0,0.000174244,0,0.000206316,0,0.000170051,0,0.000183258,0,0.000166407,0
1786676520,-0.000127417,5.30869e-06,0.000138017,-0.000180512,0.000300219,0.518847,4.55857e-05,4.62062e-05,0.0754616,-0.000485408,-0.000378197,-0.000179832,-5.05628e-05,1.14639e-05,8.27219e-05,0.000198154,0.000358263,0.000476692,4.82245e-05,4.25109e-05,4.44589e-05,3.95481e-05,3.6389e-05,4.86014e-05,4.83532e-05,4.91161e-05,0.000248838,0,0.000213129,0.000207264,0,0.000200955,0.529246,-0.000478772,-0.000162366,0.00017014,0.000460283,1786676400,0.000210801,0,0.000177543,1,0.000256352,0,0.000234131,1,0.000185498,0,0.000157601,0,0.000198714,0,0.000190863,0
1786676580,-0.000260193,-4.24759e-05,0.000111491,-0.000355792,0.000297747,0.516621,7.86633e-05,7.7072e-05,0.0740602,-0.000464047,-0.00036603,-0.000176632,-5.22596e-05,1.01801e-05,8.11849e-05,0.000193875,0.0003687,0.000485718,7.5678e-05,7.4971e-05,7.53298e-05,7.5354e-05,6.10008e-05,7.44928e-05,8.077e-05,8.74004e-05,0.000243675,0,0.000205794,0.000203199,0,0.000187242,0.526698,-0.00047125,-0.000160454,0.00016603,0.000459155,1786676400,0.000201809,0,0.00017431,1,0.000209803,0,0.000190076,0,0.000245584,0,0.000181092,1,0.000191377,0,0.000175898,0
1786676640,-0.000228389,-3.7176e-05,0.00014338,-0.000318696,0.000297043,0.514507,7.07916e-05,6.87354e-05,0.0753827,-0.000502711,-0.000398691,-0.000187136,-5.46682e-05,9.07469e-06,8.46703e-05,0.000205342,0.000393504,0.000534077,6.67977e-05,6.61108e-05,6.64926e-05,6.68877e-05,4.92682e-05,6.55401e-05,7.1954e-05,8.35635e-05,0.000258348,0,0.000261762,0.000222939,0,0.000230844,0.525248,-0.000508852,-0.000174501,0.000180469,0.00049487,1786676400,0.000209669,0,0.000182473,1,0.000211087,0,0.000174336,1,0.00022523,0,0.000172658,0,0.000243545,0,0.00021852,0
1786676700,0.000228389,0,0.000270874,-7.43704e-05,0.000295826,0.509289,6.2239e-05,6.31758e-05,0.073225,-0.000494465,-0.000394036,-0.000189811,-5.59748e-05,5.57865e-06,8.0327e-05,0.0002,0.000389406,0.000513717,6.6873e-05,6.54473e-05,6.52974e-05,6.46538e-05,8.25842e-05,6.55791e-05,5.88087e-05,5.49427e-05,0.000255106,0,0.000249224,0.000215212,0,0.000216889,0.523898,-0.00049216,-0.000169681,0.00017452,0.000483353,1786676700,0.000223245,0,0.000202601,1,0.000211656,0,0.000195111,1,0.00021191,0,0.000162987,1,0.000205281,0,0.000192532,1
1786676760,-0.000122155,3.1864e-05,3.1864e-05,-0.000127466,0.000294629,0.50892,4.48166e-05,4.49574e-05,0.0534497,-0.000470718,-0.00038222,-0.000183145,-5.19329e-05,4.83967e-06,7.86636e-05,0.00019767,0.000372241,0.000489457,4.71893e-05,4.10849e-05,4.29116e-05,4.07414e-05,3.22081e-05,4.68065e-05,4.94082e-05,4.86746e-05,0.000249906,0,0.000218874,0.000209834,0,0.000177375,0.52703,-0.000477786,-0.000166837,0.000169699,0.000473257,1786676700,0.000222084,0,0.000196982,1,0.000221056,0,0.000194453,1,0.00021928,0,0.000172255,1,0.000189718,0,0.000174304,1
1786676820,-0.00025498,-1.06229e-05,7.43569e-05,-0.00025498,0.000292179,0.502688,7.61529e-05,7.38025e-05,0.0470893,-0.000435228,-0.000348075,-0.000168756,-4.88778e-05,5.61169e-07,6.92627e-05,0.000171607,0.000330418,0.000443366,7.39481e-05,7.33967e-05,7.37285e-05,7.32779e-05,5.65988e-05,7.34266e-05,7.93549e-05,8.29409e-05,0.000221742,0,0.000170593,0.000175209,0,0.000142742,0.517946,-0.000401164,-0.000144452,0.000131865,0.000389211,1786676700,0.000216364,0,0.000197969,1,0.000216669,0,0.000199848,1,0.000226999,0,0.000184563,1,0.00019928,0,0.000189943,1
1786676880,0.000111562,-1.59384e-05,0.000143434,-0.000377277,0.000291481,0.497052,3.81223e-05,3.96898e-05,0.0425584,-0.000450299,-0.000359602,-0.00018126,-5.87981e-05,-2.83418e-06,7.48652e-05,0.00018586,0.000357242,0.000477374,4.5341e-05,3.79559e-05,3.96372e-05,3.67491e-05,4.98937e-05,4.46444e-05,3.58223e-05,3.45256e-05,-0.000239324,0.000185447,0,0.000195951,0,0.000179844,0.514342,-0.000441825,-0.000159717,0.000152432,0.000436484,1786676700,0.000167913,0,0.000147377,1,0.00021386,0,0.000188058,1,0.000229309,0,0.000203037,1,0.000210494,0,0.000188891,1
1786676940,2.65605e-05,3.18725e-05,0.00014873,-0.000143439,0.000288983,0.505417,3.06215e-05,3.20086e-05,0.0404749,-0.000480843,-0.000377015,-0.000182117,-5.5393e-05,2.70398e-06,8.01903e-05,0.000200962,0.000382398,0.000523255,3.60816e-05,2.71824e-05,2.91952e-05,3.11832e-05,3.30971e-05,3.38071e-05,3.30398e-05,2.99487e-05,0.000251878,0,0.000234153,0.000214712,0,0.000189162,0.520974,-0.000473536,-0.000166168,0.000175326,0.000481737,1786676700,0.000195769,0,0.000173584,1,0.00017814,0,0.000156295,1,0.000218373,0,0.000180912,1,0.000211475,0,0.000193045,1
1786677000,-1.06241e-05,-5.31204e-06,5.31201e-06,-0.000180625,0.000286103,0.50881,2.82848e-05,2.84756e-05,0.0390174,-0.000440808,-0.00034576,-0.000171271,-4.86614e-05,4.46436e-06,6.9745e-05,0.000175563,0.000345276,0.000470412,3.515e-05,2.62266e-05,2.7842e-05,2.67222e-05,2.75706e-05,2.86851e-05,3.1001e-05,2.83313e-05,0.000226126,0,0.000205174,0.000193879,0,0.000166559,0.514988,-0.000437811,-0.000156239,0.000152403,0.000445235,1786677000,0.0002204,0,0.000215066,1,0.00019413,0,0.000185619,1,0.000174796,0,0.000158655,1,0.00019812,0,0.000183751,1
1786677060,-4.24976e-05,0,0,-0.000371915,0.000283231,0.507305,2.83443e-05,2.81178e-05,0.0377957,-0.000407243,-0.000318318,-0.000152189,-3.93515e-05,2.40201e-06,6.67987e-05,0.000163752,0.000320094,0.000436304,3.68297e-05,2.75729e-05,2.88475e-05,2.57973e-05,2.51078e-05,2.58345e-05,3.34334e-05,3.01914e-05,0.000207338,0,0.000166022,0.000173082,0,0.000121443,0.522381,-0.000391075,-0.000133364,0.000140025,0.000403355,1786677000,0.000199866,0,0.000193505,1,0.000214533,0,0.000202257,1,0.000210255,0,0.000184284,1,0.00016004,0,0.000146846,1
1786677120,0.000499233,-2.65619e-05,0.000584184,-3.18744e-05,0.000280449,0.506431,0.0001585,0.000161042,0.0365187,-0.000422552,-0.000329807,-0.00015595,-4.36018e-05,2.40974e-06,6.83516e-05,0.000173182,0.000339034,0.000453124,0.00014958,0.000169946,0.000167744,0.000159655,0.000204811,0.000181667,0.000142063,0.000143057,0.00021671,0,0.000208033,0.000183493,0,0.000147965,0.521086,-0.000413784,-0.000142462,0.000150746,0.000428682,1786677000,0.000180177,0,0.000163252,1,0.000200843,0,0.000183127,1,0.000208493,0,0.00019257,1,0.000187789,0,0.000172194,1
1786677180,0.000419375,-2.12389e-05,0.000472448,-2.12389e-05,0.000286467,0.493357,0.000120623,0.000122498,0.0664537,-0.000497686,-0.000402054,-0.000201056,-6.28781e-05,-5.37003e-06,7.55294e-05,0.000201097,0.000376075,0.00052175,0.000120231,0.000129175,0.00012424,0.000123971,0.000141103,0.000118488,0.000114474,0.000120949,-0.000261406,0.000254089,3.82387e-06,0.000214726,0,0.000194665,0.512558,-0.000477373,-0.000180247,0.000165798,0.000495603,1786677000,0.000194384,0,0.000178168,0,0.00017487,0,0.000168733,0,0.000191306,0,0.000187745,1,0.000188102,0,0.000180011,1
1786677240,-9.02304e-05,-5.30745e-06,0.000148597,-0.000143311,0.000289723,0.495628,3.93629e-05,3.94498e-05,0.0958413,-0.000498624,-0.000410479,-0.000210476,-6.80645e-05,-3.69831e-06,7.62854e-05,0.000200053,0.000368051,0.000529199,4.14825e-05,3.54832e-05,3.91326e-05,3.61365e-05,3.47651e-05,4.27562e-05,4.21348e-05,3.97213e-05,-0.000267402,0.000245874,0,0.00022139,0,0.000198395,0.514119,-0.000495945,-0.000188207,0.000168472,0.000520093,1786677000,0.000228655,0,0.000208499,1,0.000187683,0,0.000175851,0,0.000173571,0,0.00016532,1,0.000180148,0,0.000170662,1
1786677300,0.000371485,5.30777e-05,0.000408626,-0.000100855,0.000287095,0.494189,0.000103931,0.000105398,0.0793617,-0.00047759,-0.000395734,-0.000200042,-6.66605e-05,-4.84743e-06,7.72246e-05,0.00019731,0.000362403,0.000526339,0.000107053,0.000110337,0.000105147,0.000104623,0.000114372,0.000105473,0.000104299,0.000105667,-0.000258468,0.000247538,0,0.000219803,0,0.000232246,0.510028,-0.000488233,-0.000186731,0.000167002,0.000515359,1786677300,-0.000236972,0.000179744,0,1,0.000226088,0,0.00019329,1,0.000181547,0,0.00017385,0,0.000173467,0,0.000153294,0
1786677360,0.00040317,0,0.000620602,-4.24484e-05,0.000289025,0.49474,0.000112949,0.000113714,0.102356,-0.000504594,-0.000406424,-0.000202996,-6.52811e-05,-4.45886e-06,7.72067e-05,0.00021099,0.000394444,0.000538638,0.000115826,0.000122088,0.000115467,0.000117255,0.000119204,0.000113934,0.000110345,0.000114172,-0.000270164,0.000266616,0,0.000231952,0,0.000186636,0.516122,-0.000505307,-0.000186346,0.000183029,0.000541782,1786677300,0.000238839,0,0.000185216,0,0.000232073,0,0.000181277,1,0.000221127,0,0.000178681,0,0.000177917,0,0.000164051,0
1786677420,2.1215e-05,0,6.36436e-05,-0.000137908,0.000291745,0.484176,3.5895e-05,3.71624e-05,0.13344,-0.000545621,-0.000441984,-0.000229194,-8.14665e-05,-1.38167e-05,7.46644e-05,0.000217245,0.000419664,0.000588763,3.56556e-05,2.76494e-05,3.33348e-05,3.41275e-05,3.1467e-05,3.82523e-05,4.05343e-05,3.76076e-05,-0.000291398,0.000282411,0,0.000249506,0,0.000232024,0.508246,-0.000544828,-0.000207067,0.000188479,0.000581118,1786677300,0.000241844,0,0.000203791,1,0.000228352,0,0.000174138,1,0.000223445,0,0.000179615,1,-0.000188763,0.000169144,0,0
1786677480,0.000312869,5.30368e-06,0.000418904,5.30368e-06,0.000288829,0.493288,8.81919e-05,8.79961e-05,0.120018,-0.000464956,-0.000371411,-0.000182699,-5.90144e-05,-4.97204e-06,6.8166e-05,0.000190764,0.000366219,0.000499783,9.02859e-05,8.8827e-05,8.88251e-05,8.79538e-05,8.5233e-05,8.92546e-05,8.60294e-05,8.95944e-05,-0.000243864,0.000227429,0,0.000203037,0,0.000135868,0.520985,-0.000462176,-0.000163257,0.000162932,0.000502669,1786677300,-0.00026167,0.000208661,0,1,-0.000233593,0.000192333,0,1,-0.000206607,0.000164655,0,0,0.000204035,0,0.000178133,1
1786677540,0.000620145,1.0604e-05,0.000646639,1.0604e-05,0.000289329,0.490825,0.00020943,0.00020889,0.142091,-0.000502405,-0.000405279,-0.000208569,-7.06096e-05,-6.96719e-06,7.01293e-05,0.000203081,0.000386794,0.000544908,0.000198521,0.000224432,0.000209372,0.000216858,0.00020578,0.000198087,0.000200081,0.000213329,-0.00026808,0.000252785,0,0.000219266,0,0.000166659,0.516123,-0.000492871,-0.00018136,0.000170468,0.000529558,1786677300,0.000221511,0,0.000172451,0,-0.000261929,0.000220065,0,1,0.000234155,0,0.000178577,0,0.00021964,0,0.000187112,0
1786677600,-0.000249072,0,2.64934e-05,-0.000583032,0.000299548,0.487763,7.02681e-05,6.98355e-05,0.219544,-0.000554755,-0.0004517,-0.000232199,-8.33912e-05,-1.0755e-05,7.83331e-05,0.000228213,0.000430882,0.000620361,7.26465e-05,7.19822e-05,7.30323e-05,7.28657e-05,8.66768e-05,7.14222e-05,7.04443e-05,6.33097e-05,-0.000299664,0.000296752,0,0.00025598,0,0.000208306,0.512717,-0.000562058,-0.000212889,0.00019471,0.000605517,1786677600,-0.000231066,0.000182811,0,1,0.000214277,0,0.000174249,1,-0.000242214,0.000203368,0,1,0.000202401,0,0.000173109,1
1786677660,3.70998e-05,3.70998e-05,9.0097e-05,-0.000243833,0.000298622,0.491255,3.66481e-05,3.78525e-05,0.149937,-0.000544921,-0.000427841,-0.000222794,-7.6743e-05,-7.19709e-06,7.62957e-05,0.000226051,0.000444751,0.000611848,3.65415e-05,2.96657e-05,3.67298e-05,3.6306e-05,3.35735e-05,3.90621e-05,3.90247e-05,3.69786e-05,-0.000292079,0.000280925,0,0.000247495,0,0.000205295,0.516133,-0.00054821,-0.000197879,0.000196312,0.000592254,1786677600,-0.000264872,0.000204603,0,1,-0.000224199,0.000185612,0,1,0.000208257,0,0.000173254,1,-0.000212797,0.000192854,0,1
1786677720,6.35964e-05,-4.23998e-05,0.000344432,-4.23998e-05,0.000295667,0.50095,3.45378e-05,3.54938e-05,0.12096,-0.000494474,-0.000388071,-0.000191645,-6.03745e-05,9.63064e-08,7.21661e-05,0.0002123,0.000410505,0.000582205,3.80054e-05,3.07771e-05,3.67277e-05,3.30447e-05,3.41716e-05,3.77462e-05,3.53836e-05,3.42523e-05,0.00026481,0,0.000183919,0.000230034,0,0.000151518,0.524042,-0.000511714,-0.000175349,0.00019048,0.000558576,1786677600,-0.000267211,0.000220867,0,1,-0.000262718,0.000219709,0,1,-0.000235889,0.00018201,0,1,0.000211663,0,0.00016134,1
1786677780,-0.0001749,5.29952e-06,5.29952e-06,-0.0001749,0.000292833,0.4943,5.24424e-05,5.33828e-05,0.0930969,-0.00051147,-0.00039436,-0.000201942,-6.69886e-05,-3.88526e-06,6.41161e-05,0.000203083,0.000399501,0.000567376,5.58515e-05,5.12738e-05,5.4199e-05,5.38344e-05,5.8977e-05,5.26896e-05,5.1583e-05,5.09925e-05,-0.000263386,0.000221153,0,0.000228494,0,0.00017606,0.514517,-0.000521439,-0.000188074,0.000177527,0.000549923,1786677600,0.000242454,0,0.000183342,1,0.000251826,0,0.000196788,1,-0.000247721,0.000207559,0,1,-0.000207465,0.000180549,0,1
1786677840,-1.59015e-05,0,8.48037e-05,-7.42091e-05,0.000290944,0.494062,2.78995e-05,2.83424e-05,0.0539013,-0.000451225,-0.000357315,-0.000178174,-5.59771e-05,-3.3981e-06,5.33808e-05,0.0001737,0.000347128,0.000482253,3.52689e-05,2.77788e-05,3.24697e-05,2.43552e-05,3.31308e-05,3.07695e-05,2.72541e-05,2.50518e-05,-0.000229222,0.000174265,0,0.000195632,0,0.00012576,0.52063,-0.000448611,-0.000158437,0.000152943,0.000466289,1786677600,-0.00024472,0.00020024,0,1,-0.00022672,0.000189738,0,1,-0.000240771,0.000201463,0,1,-0.000229661,0.000188691,0,1
1786677900,-6.36085e-05,7.42048e-05,8.48051e-05,-9.54143e-05,0.000288028,0.500157,3.14429e-05,3.19709e-05,0.0516324,-0.000438172,-0.000342993,-0.000166116,-5.10939e-05,-2.653e-07,5.71033e-05,0.000176591,0.00034537,0.000477034,3.79193e-05,3.10968e-05,3.41048e-05,3.04994e-05,3.60319e-05,3.00448e-05,3.10045e-05,3.02727e-05,0.000206841,0,0.000154888,0.000173604,0,0.000105376,0.52234,-0.000409407,-0.000137963,0.000135925,0.000429751,1786677900,-0.000189782,0.000150725,0,1,-0.000249761,0.00020135,0,1,-0.000233437,0.000187886,0,1,0.000262595,0,0.000188849,1
1786677960,-0.000509014,-5.30089e-06,-5.30089e-06,-0.000509014,0.000285275,0.49238,0.000174544,0.000174902,0.0550283,-0.000402404,-0.000325812,-0.000162013,-4.81943e-05,-3.95009e-06,4.72467e-05,0.00015956,0.000311633,0.000430472,0.000153142,0.000172052,0.000160445,0.000183987,0.000172657,0.000181062,0.000175038,0.000178729,-0.000193155,0.000144921,0,0.000156655,0,9.61803e-05,0.520568,-0.000365055,-0.000125672,0.000117382,0.000377046,1786677900,0.000184633,0,0.000137705,0,-0.000198888,0.000150694,0,1,-0.000243888,0.000189982,0,1,0.000237449,0,0.000171411,1
1786678020,0.000286352,-5.30359e-06,0.000328768,-0.000180338,0.000291438,0.49205,8.10922e-05,8.14031e-05,0.0502705,-0.00046014,-0.000365307,-0.000185828,-6.10138e-05,-4.71113e-06,5.52626e-05,0.000189657,0.000355341,0.000477148,8.27647e-05,8.15826e-05,8.15805e-05,8.05705e-05,8.04914e-05,8.15233e-05,8.17271e-05,7.99896e-05,-0.000244423,0.000183727,0,0.000210611,0,0.000163642,0.523564,-0.000482577,-0.000166603,0.000171003,0.000490876,1786677900,0.000159029,0,0.000119712,1,-0.000182592,0.000145229,0,1,-0.000198367,0.000148258,0,1,-0.000236932,0.000191919,0,1
1786678080,-0.000222711,0,0.000174953,-0.000243924,0.000291337,0.492411,6.454e-05,6.342e-05,0.0443722,-0.000487668,-0.000388063,-0.000198285,-6.43105e-05,-5.10581e-06,6.26654e-05,0.00020513,0.000384016,0.000518288,6.51332e-05,6.44854e-05,6.52481e-05,6.52744e-05,6.53393e-05,6.44006e-05,6.68626e-05,6.14519e-05,-0.000262853,0.00020665,0,0.00022429,0,0.000156611,0.528221,-0.000505761,-0.000174789,0.000185251,0.000525304,1786677900,0.000215049,0,0.000163411,1,-0.000167503,0.000131157,0,1,-0.000193118,0.00014935,0,1,0.000190797,0,0.000143826,1
1786678140,-0.000238674,-1.06065e-05,0,-0.000243979,0.000290124,0.486954,6.75853e-05,6.60122e-05,0.0464714,-0.000477165,-0.000389192,-0.000199564,-7.14332e-05,-8.57623e-06,5.83247e-05,0.000187712,0.000363291,0.000497619,6.95673e-05,6.88922e-05,6.9619e-05,6.97426e-05,6.81431e-05,6.83549e-05,6.76324e-05,6.36764e-05,-0.000233477,0.000191216,0,0.000213243,0,0.000175077,0.51929,-0.000492496,-0.000175746,0.000167873,0.000498697,1786677900,0.000237915,0,0.000191151,1,0.000212149,0,0.000167,1,0.000163823,0,0.000137878,1,-0.000201141,0.000159444,0,1
1786678200,-0.000175064,5.30449e-06,5.30449e-06,-0.000249343,0.000289185,0.489734,5.08263e-05,5.07299e-05,0.0503462,-0.000458991,-0.000377015,-0.000197234,-6.66746e-05,-6.80043e-06,6.05969e-05,0.000182124,0.000343058,0.000466861,5.5774e-05,5.12119e-05,5.3545e-05,5.20663e-05,5.11029e-05,5.58982e-05,5.26583e-05,4.71009e-05,-0.00022856,0.000196174,0,0.000214835,0,0.000180736,0.524211,-0.000478345,-0.000173201,0.000171068,0.000483707,1786678200,-0.00022838,0.000181698,0,1,-0.000226833,0.000177702,0,1,-0.000221093,0.000162233,0,1,-0.000164364,0.000123548,0,0
1786678260,-0.000275921,0,3.18321e-05,-0.000275921,0.000287347,0.499573,8.01798e-05,7.79545e-05,0.0552385,-0.000449905,-0.000358129,-0.000180197,-5.76072e-05,-3.27434e-07,5.86526e-05,0.000175948,0.000334113,0.000449936,7.95685e-05,7.91961e-05,7.98616e-05,7.96569e-05,7.58311e-05,7.89486e-05,8.29711e-05,7.97106e-05,-0.00021401,0.000167595,0,0.000203879,0,0.000137868,0.529779,-0.000461405,-0.000157273,0.000167854,0.000463849,1786678200,0.000211292,0,0.000150664,1,0.000227451,0,0.00018075,1,0.000230967,0,0.000178277,1,-0.000222968,0.000163209,0,1
1786678320,-0.000175143,0,2.65341e-05,-0.000175143,0.000287123,0.497559,5.25143e-05,5.07904e-05,0.0566157,-0.000444701,-0.000359026,-0.000183717,-6.12878e-05,-1.67502e-06,6.21864e-05,0.000183356,0.00034063,0.000463315,5.55944e-05,5.12021e-05,5.30678e-05,5.1611e-05,4.9006e-05,5.58475e-05,5.42193e-05,5.42805e-05,-0.00022027,0.000164529,0,0.000198626,0,0.000145336,0.522827,-0.000446451,-0.000157966,0.00015859,0.00044316,1786678200,0.000201172,0,0.000161211,1,0.00020435,0,0.000158467,1,-0.000217149,0.000175291,0,1,-0.000223591,0.000178922,0,1
1786678380,0.000291888,5.30781e-06,0.000297194,0,0.000285314,0.496943,8.05621e-05,8.19697e-05,0.0589162,-0.000419654,-0.000332973,-0.000173343,-5.55175e-05,-2.04599e-06,5.83303e-05,0.000175901,0.000321349,0.000439017,8.4749e-05,8.30682e-05,8.29951e-05,8.49527e-05,8.71329e-05,8.33975e-05,8.04507e-05,7.44899e-05,-0.000209779,0.000128456,0,0.00018564,0,0.000125923,0.521903,-0.000418196,-0.000147453,0.000145501,0.000408239,1786678200,0.000192672,0,0.00016365,1,0.000201061,0,0.00017261,1,-0.000193759,0.000140686,0,1,-0.000229029,0.000174066,0,1
1786678440,-0.000111438,5.30626e-06,5.30626e-06,-0.000116745,0.000285447,0.492174,3.93271e-05,3.86991e-05,0.0460218,-0.000409343,-0.00033697,-0.000173301,-5.52212e-05,-5.01952e-06,5.90597e-05,0.000172303,0.000313432,0.000424902,4.48912e-05,3.89964e-05,4.21537e-05,3.46679e-05,3.89938e-05,4.53416e-05,4.10307e-05,3.59569e-05,-0.000207415,0.000141339,0,0.000198434,0,0.000126098,0.525677,-0.000444217,-0.00016061,0.000157247,0.000442901,1786678200,0.000174885,0,0.000148186,1,0.000197707,0,0.000169559,1,0.00019984,0,0.000167757,1,0.000207784,0,0.000170512,1
1786678500,-0.000451186,0,0,-0.000525518,0.000283017,0.491669,0.000150037,0.000148496,0.0459343,-0.000387756,-0.000309383,-0.000159263,-5.25065e-05,-4.58824e-06,5.06514e-05,0.000152188,0.000279363,0.000398858,0.00012986,0.000143177,0.000137275,0.000169748,0.000132408,0.000130703,0.000155801,0.000167285,-0.000187241,0.00010223,0,0.000173288,0,0.000113872,0.521832,-0.000388153,-0.000141595,0.000129844,0.000382041,1786678500,0.000202593,0,0.000185587,1,0.000177852,0,0.000164698,1,0.000197178,0,0.000169575,1,0.000197398,0,0.000163871,1
1786678560,-2.65467e-05,0,5.30925e-06,-7.43325e-05,0.000287347,0.499329,3.12181e-05,3.12756e-05,0.0480589,-0.000451177,-0.000354191,-0.000184768,-6.41773e-05,-7.90263e-07,7.07378e-05,0.000203202,0.000355297,0.000482706,3.60692e-05,2.82092e-05,3.32837e-05,2.64969e-05,3.03188e-05,3.83984e-05,3.11947e-05,3.06314e-05,-0.000234137,0.000178051,0,0.000217774,0,0.000179231,0.522744,-0.000475455,-0.00017038,0.000175888,0.000475475,1786678500,0.000159962,0,0.000136649,1,0.000198905,0,0.000173739,1,0.000184829,0,0.000161106,1,0.000186551,0,0.000166426,1
1786678620,-0.000138054,-5.30942e-06,0,-0.000323926,0.000284484,0.500364,4.44169e-05,4.29232e-05,0.0457681,-0.000386594,-0.000306103,-0.000153031,-4.68493e-05,-5.34411e-07,5.92064e-05,0.000175804,0.000309269,0.000416932,4.93666e-05,4.34004e-05,4.66409e-05,4.05544e-05,4.15448e-05,4.91158e-05,4.91229e-05,4.95407e-05,0.000199149,0,0.000101751,0.000172885,0,8.89288e-05,0.536058,-0.000383939,-0.00012691,0.000143255,0.000380659,1786678500,0.00021401,0,0.000187059,1,0.000164845,0,0.000146309,1,0.000200651,0,0.000163906,1,0.000175308,0,0.000158401,1
1786678680,-0.000632106,5.31012e-06,5.31012e-06,-0.000632106,0.0002823,0.497959,0.000235911,0.000233258,0.0464945,-0.00043042,-0.000334407,-0.000173536,-5.77791e-05,-1.65013e-06,6.39221e-05,0.000190387,0.000343283,0.000457177,0.000200898,0.000233304,0.000220436,0.000236758,0.000216309,0.000210742,0.000244644,0.000256184,-0.000219564,0.00015329,0,0.000202723,0,0.000151574,0.531411,-0.000451495,-0.000156031,0.0001682,0.000449538,1786678500,0.000166693,0,0.000144697,0,0.000201868,0,0.000193509,0,0.00016213,0,0.00014627,0,0.000194178,0,0.000181739,0
1786678740,0.000276264,0,0.000276264,0,0.000293412,0.495751,7.47467e-05,7.72147e-05,0.058058,-0.000506957,-0.000394593,-0.000197708,-7.02553e-05,-3.35465e-06,7.27457e-05,0.000213214,0.000382185,0.000511975,8.01619e-05,7.89958e-05,7.91037e-05,7.79726e-05,8.72308e-05,7.89178e-05,7.0803e-05,6.61697e-05,-0.000248109,0.000187417,1.30485e-06,0.000234818,0,0.000219101,0.530748,-0.000517129,-0.000180156,0.000192965,0.00050233,1786678500,0.000202653,0,0.000189206,1,0.000173571,0,0.000165709,1,0.0002156,0,0.000190056,1,0.000159885,0,0.000133255,0
1786678800,0.000270877,-2.12483e-05,0.000387703,-2.12483e-05,0.000293079,0.495806,7.38656e-05,7.58683e-05,0.0478351,-0.000468577,-0.000371465,-0.00018336,-6.10818e-05,-3.30205e-06,6.89997e-05,0.000193709,0.000358793,0.000478516,7.86342e-05,7.74401e-05,7.75333e-05,7.64682e-05,8.28079e-05,7.73393e-05,6.72285e-05,7.0631e-05,-0.0002275,0.000147848,0,0.000219632,0,0.000143813,0.535174,-0.000483953,-0.00016973,0.000180429,0.000471312,1786678800,0.000226857,0,0.000200671,1,0.000204098,0,0.00018228,1,0.000168472,0,0.000147463,1,0.000211766,0,0.000178449,1
1786678860,-0.000339936,5.31058e-06,5.31058e-06,-0.000509947,0.000292652,0.488983,9.74812e-05,9.43043e-05,0.0444972,-0.000476538,-0.000388633,-0.000197034,-7.55668e-05,-8.02323e-06,6.59727e-05,0.000187321,0.000357411,0.000487524,9.73811e-05,9.70114e-05,9.78309e-05,9.89628e-05,9.09836e-05,9.6472e-05,0.000100159,9.65319e-05,-0.000231585,0.000173203,0,0.000227078,0,0.000193959,0.525243,-0.000509519,-0.000187493,0.000177574,0.000502479,1786678800,0.000211754,0,0.00019817,1,0.00021726,0,0.000197581,1,0.000185484,0,0.000178248,1,0.000165108,0,0.000144307,1
1786678920,0.000345246,-6.90635e-05,0.00038773,-0.000106254,0.000293672,0.4966,9.49203e-05,9.68161e-05,0.0436363,-0.000500028,-0.000401025,-0.000199105,-7.2874e-05,-2.68804e-06,7.35377e-05,0.000210884,0.000389695,0.000523441,9.9251e-05,9.81246e-05,9.81791e-05,9.73125e-05,0.000102668,9.78626e-05,9.12319e-05,8.99678e-05,-0.000247338,0.000208003,0,0.000235825,0,0.00022034,0.526221,-0.000518649,-0.000185234,0.000189999,0.000520016,1786678800,0.000229435,0,0.000222728,1,0.000208235,0,0.000192612,1,0.000231065,0,0.000202599,1,0.000187692,0,0.000170697,1
1786678980,0.000148685,1.59316e-05,0.000148685,1.59316e-05,0.000294792,0.489087,4.6724e-05,4.93902e-05,0.0441413,-0.000502002,-0.000401086,-0.000201533,-7.7576e-05,-8.8156e-06,7.31431e-05,0.000204875,0.000373228,0.000515987,5.15966e-05,4.54106e-05,5.00676e-05,4.51965e-05,5.02235e-05,5.22401e-05,4.60384e-05,4.30354e-05,-0.000244256,0.000207416,0,0.000242496,0,0.000197234,0.526968,-0.000525398,-0.000191849,0.000193649,0.000529629,1786678800,0.000228406,0,0.000199597,1,0.000228825,0,0.000193612,1,0.000221229,0,0.000170861,1,0.000225248,0,0.000188131,1
1786679040,-7.43396e-05,0,2.12389e-05,-7.43396e-05,0.000292586,0.498009,3.47873e-05,3.38835e-05,0.0431726,-0.000446153,-0.000358701,-0.000180129,-6.11055e-05,-1.59331e-06,6.56941e-05,0.0001814,0.000330603,0.000460088,3.8999e-05,3.37282e-05,3.79797e-05,2.83226e-05,3.44038e-05,3.95493e-05,3.73924e-05,3.25348e-05,-0.00021708,0.000149907,0,0.000194245,0,0.000118171,0.533592,-0.000437728,-0.000156834,0.000151545,0.000434558,1786678800,0.000234491,0,0.000217007,1,0.000210582,0,0.000200821,1,0.000213984,0,0.000194639,1,0.000200627,0,0.000183026,1
1786679100,-0.000100898,5.31015e-06,5.31015e-06,-0.000100898,0.000289836,0.48793,3.81553e-05,3.69637e-05,0.0416542,-0.000439965,-0.00036009,-0.000183951,-6.7149e-05,-8.12994e-06,6.03835e-05,0.000171207,0.000322006,0.000450597,4.34217e-05,3.781e-05,4.14198e-05,3.62025e-05,3.68969e-05,4.17257e-05,3.93805e-05,3.43112e-05,-0.000214066,0.000162644,0,0.000190588,0,0.000157466,0.521514,-0.000422559,-0.000160636,0.000142918,0.000418948,1786679100,0.00018346,0,0.000174754,1,0.000221735,0,0.000210873,1,0.000219199,0,0.000202564,1,0.000211906,0,0.000199697,1
1786679160,-0.000435572,0,0,-0.000440885,0.000287277,0.484219,0.000139632,0.000136689,0.041668,-0.000407981,-0.000326337,-0.000161365,-5.72101e-05,-9.4649e-06,5.16625e-05,0.000159196,0.000301834,0.00041696,0.000124003,0.000134239,0.000129347,0.000157694,0.000123649,0.000129707,0.000147397,0.000154996,-0.000192539,0.000115216,0,0.00017513,0,0.000118209,0.524884,-0.000390679,-0.000139815,0.000133018,0.000381759,1786679100,0.000174481,0,0.000139507,1,0.000195031,0,0.000145567,1,0.000235761,0,0.00018809,1,0.000229281,0,0.000181359,1
1786679220,1.0626e-05,0,0.000148753,-2.65654e-05,0.000290985,0.496157,2.91124e-05,3.06252e-05,0.0384584,-0.000466677,-0.000367693,-0.000183259,-6.71326e-05,-2.8141e-06,6.77851e-05,0.000200035,0.0003551,0.000470051,3.52364e-05,2.77582e-05,3.28317e-05,2.17852e-05,3.23445e-05,3.72532e-05,2.86129e-05,3.00474e-05,-0.000231635,0.000155513,0,0.000214124,0,0.000192583,0.525948,-0.000476904,-0.000168631,0.000172956,0.000467318,1786679100,0.000151816,0,0.000127935,1,0.00018004,0,0.000145709,1,0.000187147,0,0.000149606,1,0.000215691,0,0.000189464,1
1786679280,-0.000435758,0,0.000122191,-0.000733457,0.000288064,0.494237,0.000141441,0.000137677,0.0387624,-0.000415192,-0.000326092,-0.000159044,-5.79899e-05,-3.85429e-06,6.0952e-05,0.000175757,0.000322911,0.000429827,0.00012392,0.000133969,0.000128783,0.000157309,0.00012192,0.000124242,0.000153436,0.000165324,-0.000202739,0.000104817,0,0.000188096,0,0.00014176,0.523151,-0.000432362,-0.000150567,0.0001481,0.000422677,1786679100,0.000196797,0,0.000178301,1,0.000162053,0,0.000147437,0,0.000162263,0,0.000150264,0,0.000181992,0,0.000149073,1
1786679340,0.000196646,0,0.000244473,-2.12613e-05,0.000291752,0.500923,5.47097e-05,5.79579e-05,0.0393914,-0.000552146,-0.000420528,-0.000204811,-7.26013e-05,3.3947e-07,8.30269e-05,0.000227651,0.00042334,0.000549762,5.9746e-05,5.71283e-05,5.72293e-05,5.83112e-05,6.28279e-05,6.0251e-05,5.42169e-05,4.74989e-05,0.000262181,0,0.000282361,0.000242801,0,0.000253462,0.52328,-0.000534284,-0.000187647,0.0001963,0.000519586,1786679100,0.000185992,0,0.000169959,1,0.000204792,0,0.00017509,1,0.000166525,0,0.000140762,1,0.000173482,0,0.000148947,1
1786679400,-0.000233853,-5.31437e-05,-1.06285e-05,-0.000233853,0.000290155,0.492014,7.09525e-05,6.7116e-05,0.0377726,-0.000484859,-0.000383829,-0.000184548,-6.60785e-05,-5.95094e-06,6.9724e-05,0.000194646,0.000370467,0.000484401,6.77409e-05,6.72439e-05,6.79608e-05,6.76241e-05,5.97732e-05,6.70243e-05,7.48685e-05,7.79055e-05,-0.000228906,0.00018402,0,0.000210864,0,0.000156332,0.526896,-0.000470856,-0.000166645,0.000168482,0.000459529,1786679400,0.000237858,0,0.00023515,1,0.000191812,0,0.000186105,1,0.000204308,0,0.000179509,1,0.00015439,0,0.000129792,1
1786679460,0.000100989,6.37836e-05,0.000138193,-0.000186059,0.000289137,0.490652,3.68952e-05,4.00854e-05,0.0382927,-0.000495972,-0.000385995,-0.000189437,-7.15652e-05,-6.77291e-06,6.68354e-05,0.000188019,0.000360394,0.000471442,4.36961e-05,3.70839e-05,4.04352e-05,3.49984e-05,4.34272e-05,4.3509e-05,3.42318e-05,3.24349e-05,-0.000226634,0.000165223,0,0.000202233,0,0.000175929,0.521424,-0.000461822,-0.000164808,0.000156644,0.000440214,1786679400,0.000200915,0,0.0001891,1,0.000231296,0,0.000212694,1,0.000200595,0,0.000183159,1,0.000191166,0,0.000169365,1
1786679520,-9.0358e-05,-5.31495e-06,3.18891e-05,-0.000159461,0.000286587,0.498999,3.97099e-05,3.81209e-05,0.0391205,-0.0004757,-0.000365177,-0.000180903,-6.3104e-05,-1.26066e-06,7.47457e-05,0.00019557,0.000374488,0.000485517,4.12998e-05,3.57451e-05,3.86976e-05,3.73197e-05,3.37759e-05,4.04303e-05,4.30093e-05,4.17465e-05,-0.000227714,0.00020318,0,0.000206511,0,0.00016473,0.525654,-0.000462581,-0.000160315,0.000170112,0.000466712,1786679400,0.000186888,0,0.000169853,1,0.000197632,0,0.000188576,1,0.000226372,0,0.000228286,1,0.000194217,0,0.000189096,1
1786679580,-6.91028e-05,0,5.3154e-06,-7.44186e-05,0.000283994,0.492985,3.46399e-05,3.27751e-05,0.0412736,-0.000459566,-0.000358868,-0.000174242,-6.28468e-05,-4.89322e-06,6.48717e-05,0.000181398,0.00034974,0.000455564,3.83301e-05,3.18352e-05,3.43262e-05,3.10013e-05,3.22278e-05,3.4893e-05,3.72171e-05,3.69176e-05,-0.000214355,0.000169869,0,0.000192328,0,0.000156085,0.524332,-0.000439398,-0.000153307,0.000151854,0.000430398,1786679400,0.000208723,0,0.000190894,1,0.000193785,0,0.000172561,1,0.000214473,0,0.000177603,1,0.000233274,0,0.000218453,1
1786679640,0.000186035,0,0.000186035,-0.000372174,0.00028131,0.479872,5.18639e-05,5.47302e-05,0.0447234,-0.00039975,-0.000317874,-0.000156037,-6.03998e-05,-1.15504e-05,4.69585e-05,0.000153267,0.00030061,0.000396573,5.78324e-05,5.40195e-05,5.38624e-05,5.27099e-05,6.06074e-05,5.51576e-05,4.81567e-05,4.82861e-05,-0.000185936,9.82039e-05,0,0.000154526,0,0.000102787,0.522024,-0.000348234,-0.000122133,0.000112336,0.000336862,1786679400,0.000181641,0,0.000164634,1,0.000198314,0,0.00020647,1,0.000191569,0,0.000182759,1,0.000203043,0,0.000183854,1
1786679700,4.7832e-05,0,0.000138175,-0.00014351,0.000279722,0.493282,3.00292e-05,3.20495e-05,0.0457169,-0.000472969,-0.000367825,-0.00017754,-6.45987e-05,-4.70218e-06,6.53084e-05,0.000185441,0.00035092,0.000478941,3.71348e-05,2.82991e-05,3.08769e-05,3.21121e-05,3.38856e-05,2.92426e-05,3.15999e-05,2.64204e-05,-0.00021886,0.000207102,0,0.000204719,0,0.000187427,0.52182,-0.000459687,-0.000162029,0.000165289,0.000466103,1786679700,0.000136447,0,0.000114782,1,0.000185967,0,0.000169342,1,0.000198782,0,0.000190922,1,0.000194834,0,0.000173943,1
1786679760,1.59435e-05,0,4.78297e-05,0,0.000276994,0.493789,2.63172e-05,2.80962e-05,0.0503861,-0.000436911,-0.000334731,-0.000167433,-6.25636e-05,-4.03636e-06,6.07734e-05,0.000168669,0.000321033,0.00044186,3.53632e-05,2.61207e-05,2.82547e-05,2.69666e-05,3.14314e-05,2.33414e-05,2.71768e-05,2.62432e-05,-0.000201822,0.000182694,0,0.000176659,0,0.000152003,0.521114,-0.000407453,-0.00014342,0.000137485,0.00041356,1786679700,0.000203016,0,0.000194601,1,0.000149132,0,0.000136507,1,0.000182881,0,0.000173979,1,0.000210195,0,0.000191718,1
1786679820,-0.000138185,4.25147e-05,4.25147e-05,-0.000154131,0.000274219,0.485135,4.20005e-05,3.93446e-05,0.0575756,-0.000377486,-0.000297283,-0.000146887,-5.49919e-05,-7.66315e-06,4.49858e-05,0.000136869,0.000273609,0.000375063,4.92584e-05,4.23688e-05,4.36998e-05,4.05236e-05,4.04825e-05,4.0517e-05,4.37955e-05,4.53458e-05,-0.000171433,0.000122764,0,0.000135565,0,8.19428e-05,0.523301,-0.000311786,-0.000107611,9.11072e-05,0.000308983,1786679700,0.000177429,0,0.000165719,1,0.000197009,0,0.000185254,1,0.000153697,0,0.000134043,1,0.000188894,0,0.000164154,1
1786679880,-0.000164784,0,1.59454e-05,-0.000196681,0.000272165,0.485213,4.99607e-05,4.61625e-05,0.0605233,-0.000393442,-0.000302785,-0.000149531,-5.75411e-05,-7.9915e-06,4.71419e-05,0.000148207,0.000289873,0.000386471,5.36869e-05,4.79479e-05,4.83293e-05,4.80497e-05,4.42667e-05,4.78004e-05,5.25599e-05,5.43412e-05,-0.000178811,0.000132432,0,0.000156454,0,0.00012683,0.519775,-0.000356792,-0.000127158,0.000117667,0.000353087,1786679700,0.00013425,0,0.00011193,1,0.000178322,0,0.000158897,1,0.000191102,0,0.000182981,1,0.000148596,0,0.000131572,1
1786679940,-0.000281791,5.31605e-06,9.03691e-05,-0.000281791,0.000270436,0.485628,8.2916e-05,7.87152e-05,0.0610437,-0.000397205,-0.000304921,-0.000152517,-6.22697e-05,-8.37704e-06,5.09918e-05,0.000156711,0.000301154,0.000397086,8.09154e-05,8.04048e-05,8.07955e-05,8.0622e-05,7.14933e-05,8.47282e-05,8.49571e-05,9.17565e-05,-0.000185992,0.000134276,0,0.000161782,0,0.00013088,0.52233,-0.000369247,-0.000129254,0.000126103,0.000365956,1786679700,0.00014859,0,0.000127849,1,0.000143523,0,0.000124048,0,0.00017577,0,0.000168355,1,0.000195184,0,0.000183435,1
1786680000,1.59526e-05,0,0.000111663,-8.50847e-05,0.000270668,0.479479,2.87959e-05,3.06304e-05,0.0536684,-0.000463429,-0.000358981,-0.000185748,-7.84097e-05,-1.33238e-05,5.26879e-05,0.000178312,0.000352338,0.000465567,3.53763e-05,2.54257e-05,2.77145e-05,3.46319e-05,3.08396e-05,2.70015e-05,3.0926e-05,2.58077e-05,-0.000219494,0.000263635,5.97817e-05,0.000209491,5.80236e-05,0.000290805,0.523276,-0.000463569,-0.000166829,0.00017116,0.000461449,1786680000,0.000156878,0,0.000136653,1,0.000159019,0,0.000139155,1,0.000158533,0,0.000131673,1,0.000183027,0,0.000163439,1
1786680060,0.000260523,5.31747e-06,0.000265839,-0.00012231,0.000267957,0.484131,7.18495e-05,7.49846e-05,0.0565346,-0.000392918,-0.00029598,-0.000150993,-5.74809e-05,-7.98539e-06,4.34076e-05,0.000151951,0.000297267,0.000397172,7.62422e-05,7.45744e-05,7.43658e-05,7.44721e-05,8.24576e-05,7.51923e-05,6.91556e-05,6.52343e-05,-0.000181849,0.000114453,0,0.000171443,0,0.000140122,0.535301,-0.000402969,-0.000131606,0.000142372,0.000403805,1786680000,0.00026319,0,0.0001956,1,0.000167312,0,0.000146771,1,0.00015882,0,0.000140384,1,0.000162458,0,0.000136291,1
1786680120,0.000388,5.31608e-06,0.000393314,0,0.00026781,0.480942,0.000115857,0.000119818,0.0504914,-0.000430787,-0.000331957,-0.000167327,-6.49033e-05,-1.06143e-05,4.61521e-05,0.000157855,0.000314433,0.000431989,0.000111536,0.00011924,0.000115986,0.000119261,0.00012498,0.000115219,0.000111036,0.000115544,-0.000196298,0.000154464,0,0.000186851,0,0.000163414,0.533632,-0.000435448,-0.00014923,0.000154123,0.000440192,1786680000,0.000179995,0,0.000150878,0,0.00022865,0,0.000200675,1,0.000167611,0,0.000146173,1,0.000153836,0,0.000139002,1
1786680180,0.000345352,5.31402e-06,0.000488772,0,0.000270737,0.479993,9.91054e-05,0.000102441,0.0493024,-0.000453781,-0.000360569,-0.000184911,-7.55094e-05,-1.23192e-05,5.0337e-05,0.00017058,0.00032481,0.000447381,9.93866e-05,0.000101887,9.79831e-05,0.000104794,0.000104293,9.80604e-05,9.70799e-05,0.000103254,-0.000214757,0.000168475,0,0.000199802,0,0.000183188,0.530756,-0.000461303,-0.000164495,0.000158948,0.000474792,1786680000,0.000204197,0,0.000172448,0,0.000183736,0,0.000156549,0,0.000216714,0,0.000173403,0,0.000160956,0,0.000144932,1
1786680240,-5.31221e-06,3.71847e-05,0.000355854,-5.31221e-06,0.00027243,0.475831,2.92209e-05,3.05858e-05,0.0570958,-0.000474783,-0.000376937,-0.000197389,-8.25212e-05,-1.65878e-05,5.31345e-05,0.000181408,0.000347349,0.000490099,3.49424e-05,2.53905e-05,2.99291e-05,2.75881e-05,2.97874e-05,3.69475e-05,2.97072e-05,2.76672e-05,-0.000229022,0.000194123,0,0.000207709,0,0.000210084,0.524814,-0.000481388,-0.000174801,0.000163301,0.000506326,1786680000,-0.000210727,0.0001586,0,1,0.000201852,0,0.000162756,1,0.000188005,0,0.000158608,0,0.000213447,0,0.000191957,1
1786680300,0.000334614,5.31221e-06,0.000467367,5.31221e-06,0.000269693,0.476699,9.59574e-05,9.79907e-05,0.0527638,-0.000449769,-0.000353656,-0.000187258,-7.83585e-05,-1.40742e-05,4.74053e-05,0.000169194,0.000333576,0.000465477,9.63646e-05,9.77698e-05,9.49715e-05,9.44622e-05,9.84341e-05,9.53668e-05,9.78492e-05,9.99955e-05,-0.000216072,0.00016974,0,0.000195587,0,0.000209315,0.522679,-0.000462213,-0.000165229,0.000154132,0.000491229,1786680300,0.000230266,0,0.000177235,1,0.000205125,0,0.000156134,1,0.000193887,0,0.000160319,0,0.000187863,0,0.000157203,0
1786680360,-0.000233687,-5.31046e-06,6.37234e-05,-0.00024431,0.000271144,0.480986,6.65502e-05,6.35616e-05,0.06294,-0.000474095,-0.000374475,-0.000199175,-7.84628e-05,-1.23183e-05,5.35528e-05,0.00018921,0.000358769,0.000494027,6.77536e-05,6.70889e-05,6.77391e-05,6.7921e-05,6.35024e-05,6.68881e-05,6.73976e-05,6.39668e-05,-0.000234037,0.000200904,0,0.000207576,0,0.00018833,0.527869,-0.000475709,-0.000170176,0.000167301,0.000507779,1786680300,0.000221214,0,0.000161829,1,0.000220402,0,0.000171242,1,0.000208601,0,0.000155176,1,0.000201463,0,0.00017412,1
1786680420,0.000159338,-5.3117e-06,0.00017527,-0.000106239,0.000270446,0.478218,4.78697e-05,5.05471e-05,0.0499062,-0.000457516,-0.000355973,-0.000191151,-7.86688e-05,-1.27587e-05,4.68971e-05,0.000175019,0.000333191,0.000457469,5.34263e-05,4.64698e-05,4.83955e-05,4.57901e-05,5.03388e-05,5.33444e-05,4.7967e-05,4.71231e-05,-0.000221336,0.000163529,0,0.000192527,0,0.000177427,0.530488,-0.000451841,-0.000156334,0.000156675,0.000471657,1786680300,0.000228156,0,0.000172925,1,0.000218896,0,0.000168174,1,0.000224042,0,0.000170252,1,0.000208817,0,0.000159925,1
1786680480,0.000180552,1.06216e-05,0.000207101,0,0.000268674,0.487515,5.10001e-05,5.27561e-05,0.05261,-0.000444605,-0.000341822,-0.000179237,-7.02441e-05,-7.26251e-06,5.19804e-05,0.000181606,0.000339781,0.00045668,5.69621e-05,5.23419e-05,5.23323e-05,5.16897e-05,5.45112e-05,5.61271e-05,5.02602e-05,4.77768e-05,-0.000216666,0.000168926,0,0.000186016,0,0.000135795,0.540215,-0.000435269,-0.000144301,0.000158545,0.00046362,1786680300,0.00020603,0,0.000150516,1,-0.000228669,0.000189896,0,1,-0.000227715,0.000180269,0,1,-0.000230633,0.000183929,0,1
1786680540,-0.000435505,0,0,-0.000456754,0.000267197,0.484793,0.000134295,0.000130501,0.0575102,-0.000438511,-0.000340017,-0.000179123,-6.93313e-05,-8.55839e-06,4.87911e-05,0.000166668,0.000317141,0.000433028,0.000123868,0.000139912,0.000132321,0.000146445,0.000129097,0.000124767,0.000136262,0.000136813,-0.000208643,0.000143341,0,0.000173659,0,0.000123341,0.537275,-0.000416526,-0.000140489,0.000141566,0.000433588,1786680300,0.00021031,0,0.000151221,1,0.000217499,0,0.00014859,1,0.00023042,0,0.000158887,1,-0.000232031,0.000193084,0,1
1786680600,4.78086e-05,-5.31221e-06,0.000100927,-5.31221e-06,0.000271587,0.476033,3.04501e-05,3.19589e-05,0.0448581,-0.000464281,-0.000362159,-0.000190034,-7.61832e-05,-1.50001e-05,4.8673e-05,0.000173974,0.000330804,0.000455415,3.76267e-05,2.76669e-05,3.29969e-05,2.68201e-05,3.27542e-05,3.95036e-05,3.01263e-05,2.7401e-05,-0.000219935,0.000166804,0,0.000201472,0,0.000190223,0.53312,-0.000468361,-0.000158793,0.000167437,0.00048534,1786680600,-0.000195267,0.00015013,0,1,0.000208842,0,0.000156117,1,0.000208246,0,0.000158406,1,-0.000218416,0.000177351,0,1
1786680660,6.37413e-05,0,9.0299e-05,0,0.000268942,0.486989,2.93254e-05,3.16204e-05,0.0423912,-0.000417865,-0.000324026,-0.00017097,-6.3142e-05,-6.74898e-06,4.6199e-05,0.000160303,0.000307492,0.000423925,3.83852e-05,2.90011e-05,3.27625e-05,2.47798e-05,3.46713e-05,3.8239e-05,2.7325e-05,2.62953e-05,-0.000199751,0.000110237,0,0.000169339,0,0.000107542,0.541647,-0.000405635,-0.00012985,0.000140834,0.000419666,1786680600,0.000216029,0,0.000153108,1,0.000203571,0,0.000134005,1,0.000212939,0,0.000144878,1,0.000210334,0,0.000151806,1
1786680720,0.000308026,5.31159e-06,0.000403601,5.31159e-06,0.000266392,0.486582,8.75413e-05,8.97494e-05,0.0406768,-0.000401296,-0.000315548,-0.000164324,-5.6894e-05,-6.40982e-06,4.2427e-05,0.000152663,0.000299372,0.000407601,8.88243e-05,8.7751e-05,8.75918e-05,9.7659e-05,9.08712e-05,8.85344e-05,9.23447e-05,8.66554e-05,-0.000191274,9.83433e-05,0,0.00016311,0,9.99611e-05,0.54418,-0.000395125,-0.000126835,0.000133672,0.000404838,1786680600,0.000183149,0,0.000126465,1,0.00021709,0,0.000154753,1,0.000197516,0,0.000139531,1,0.000213552,0,0.000157416,1
1786680780,2.12397e-05,0,2.65495e-05,-4.77909e-05,0.000267288,0.484438,2.81286e-05,2.93136e-05,0.0418512,-0.000442417,-0.000349138,-0.000185716,-6.99803e-05,-9.0161e-06,4.99879e-05,0.000167803,0.000325276,0.000455294,3.59274e-05,2.55066e-05,3.00923e-05,2.39594e-05,3.05754e-05,3.63107e-05,2.84695e-05,2.52246e-05,-0.000213754,0.000158831,0,0.000198077,0,0.000166936,0.52713,-0.000460903,-0.00016283,0.000158969,0.00048413,1786680600,-0.000175571,0.000125743,0,1,-0.000189161,0.000136537,0,1,-0.000222121,0.000164071,0,1,-0.000203518,0.000148817,0,1
1786680840,7.43352e-05,0,7.43352e-05,0,0.000264619,0.495202,2.98397e-05,3.15656e-05,0.0404016,-0.000384,-0.00030635,-0.000153716,-5.42204e-05,-1.91612e-06,4.3603e-05,0.000154013,0.000292583,0.000401554,3.9332e-05,3.02964e-05,3.32964e-05,2.54869e-05,3.50467e-05,3.67665e-05,2.66076e-05,2.75456e-05,-0.000184666,0.000111931,0,0.00015914,0,8.80639e-05,0.538677,-0.000380247,-0.00012224,0.000130934,0.000403178,1786680600,-0.000221516,0.000171502,0,1,0.000191158,0,0.000117658,1,-0.000212244,0.000145253,0,1,0.000226881,0,0.000157031,1
1786680900,0,-5.30948e-06,5.30945e-06,-5.30948e-06,0.00026217,0.494756,2.32412e-05,2.39161e-05,0.0420362,-0.000382307,-0.000304609,-0.000154441,-5.32478e-05,-2.27205e-06,4.44433e-05,0.000151764,0.000290416,0.000397261,3.47117e-05,2.39115e-05,2.75509e-05,1.94078e-05,2.86239e-05,2.82646e-05,2.02281e-05,2.0674e-05,-0.000183974,0.000114809,0,0.000153814,0,9.1059e-05,0.535959,-0.000357967,-0.000124153,0.000121362,0.000377041,1786680900,0.000178651,0,0.000123308,1,-0.000215733,0.000170954,0,1,0.000190361,0,0.000128211,1,0.000203751,0,0.000142706,1
1786680960,0.00143783,0,0.00143783,-5.30948e-06,0.000259535,0.495866,0.000650356,0.000652095,0.0441493,-0.000354744,-0.000278897,-0.000137199,-4.74605e-05,-8.9273e-07,3.43167e-05,0.000130875,0.000260898,0.000365457,0.000608016,0.000643175,0.000634079,0.000669457,0.000638562,0.000638242,0.000669017,0.000648433,-0.00016154,6.93475e-05,0,0.00012246,0,4.92986e-05,0.538484,-0.000286879,-8.89858e-05,8.66717e-05,0.000301426,1786680900,0.000168768,0,0.000112941,0,0.000177018,0,0.000132319,0,0.000221645,0,0.000159356,0,0.000190617,0,0.000133413,0
1786681020,-0.000318161,-5.30185e-06,0,-0.000477279,0.000327656,0.489478,8.9663e-05,8.8322e-05,0.928548,-0.000784265,-0.000619411,-0.000324571,-0.000119489,-1.06035e-05,9.1486e-05,0.000298693,0.000591197,0.000839355,9.12526e-05,9.1371e-05,9.32838e-05,9.19856e-05,0.000128369,0.000114637,8.65846e-05,7.97512e-05,-0.000376686,0.00036264,0,0.000356195,0,0.000369329,0.505531,-0.000737019,-0.000287568,0.000263327,0.000788962,1786680900,0.000125305,0,8.19398e-05,0,0.000172988,0,0.000102612,0,0.000175835,0,0.000135333,0,-0.000222104,0.000167854,0,0
1786681080,-0.000397843,-0.00011138,-1.59107e-05,-0.000397843,0.000327469,0.489685,0.000112914,0.000110618,0.894441,-0.000692122,-0.00053725,-0.000274679,-0.000105909,-8.96266e-06,7.92326e-05,0.000257405,0.000529398,0.000753532,0.000113387,0.000113476,0.000115224,0.000116201,0.000138782,0.00012239,0.000112255,0.000104424,-0.000321677,0.000273091,0,0.000294185,0,0.000255674,0.516028,-0.000653767,-0.000240982,0.000227948,0.000692628,1786680900,-0.000350478,0.000280929,0,1,0.0001424,0,8.99514e-05,0,0.000165109,0,0.000111392,1,0.000206148,0,0.000138121,1
1786681140,-0.000180408,-5.30564e-06,4.77495e-05,-0.000191021,0.000329024,0.489655,5.97142e-05,5.89903e-05,0.870896,-0.000667869,-0.000503829,-0.000252203,-9.86097e-05,-8.98056e-06,7.91492e-05,0.000244663,0.000492502,0.000701094,5.66162e-05,5.57441e-05,6.67991e-05,5.2956e-05,8.68628e-05,8.12749e-05,5.9165e-05,4.90821e-05,-0.000299182,0.000255436,0,0.000280667,0,0.000202678,0.517522,-0.000610889,-0.000221424,0.000225758,0.000650376,1786680900,-0.000308724,0.000249029,0,1,-0.000335134,0.000278679,0,1,0.000152866,0,9.84622e-05,1,-0.000187127,0.000123251,0,1
1786681200,0.000217546,-5.3066e-06,0.000244073,-1.06132e-05,0.000326715,0.497808,6.28153e-05,6.49621e-05,0.797204,-0.000616689,-0.000466326,-0.000226478,-8.67627e-05,-1.26905e-06,7.32663e-05,0.000221839,0.000456366,0.000635531,6.38651e-05,6.32566e-05,7.00665e-05,6.19345e-05,7.54332e-05,7.74615e-05,6.12065e-05,6.41655e-05,-0.000269696,0.000195387,0,0.000271693,0,0.000175587,0.52178,-0.000598205,-0.000211196,0.000220668,0.000611606,1786681200,0.000288319,0,0.000207241,1,0.000297103,0,0.000220085,1,0.000311877,0,0.000236959,1,0.000157418,0,0.000102576,0
1786681260,-3.18331e-05,1.06108e-05,9.54932e-05,-3.71387e-05,0.000324891,0.492329,3.72708e-05,3.77329e-05,0.716784,-0.000605268,-0.000467058,-0.000222099,-8.55109e-05,-5.7009e-06,7.01674e-05,0.000220913,0.000449621,0.000631492,3.65655e-05,3.44356e-05,4.55611e-05,2.65294e-05,5.83691e-05,4.60542e-05,4.03661e-05,3.02507e-05,-0.000265986,0.000216346,0,0.000285952,0,0.000172213,0.529857,-0.000623711,-0.000219843,0.000230568,0.00064462,1786681200,0.000264757,0,0.000214616,1,-0.00027296,0.000211878,0,1,-0.000272651,0.000227174,0,1,-0.000268608,0.000231904,0,1
1786681320,-0.000127343,-5.30562e-06,-5.30562e-06,-0.000137955,0.000321657,0.482399,4.38827e-05,4.29392e-05,0.609885,-0.000513158,-0.000411618,-0.000203314,-7.69371e-05,-1.06889e-05,5.13258e-05,0.000174746,0.000380745,0.000540119,4.77535e-05,4.60402e-05,5.32059e-05,3.76649e-05,6.30466e-05,4.87439e-05,4.2278e-05,3.69125e-05,-0.000230942,0.000128736,0,0.000212774,0,0.000133438,0.513872,-0.000493009,-0.000177016,0.00015828,0.000498511,1786681200,-0.000277667,0.000191909,0,1,-0.000288136,0.000202458,0,1,0.000314317,0,0.000225034,1,0.000313331,0,0.000214504,1
1786681380,-0.000339659,0,0,-0.000355584,0.000318933,0.487666,9.71929e-05,9.4248e-05,0.512516,-0.000469656,-0.000368318,-0.00018353,-6.86061e-05,-6.25455e-06,4.58104e-05,0.00016892,0.000350622,0.00050182,9.72256e-05,9.71648e-05,9.8156e-05,0.000113037,0.000102332,9.7891e-05,9.87875e-05,0.000100012,-0.000213443,9.82606e-05,0,0.000203723,0,0.000116813,0.517763,-0.000455278,-0.000162344,0.000153911,0.000462229,1786681200,0.000221698,0,0.000176679,1,0.000291147,0,0.000202484,1,0.000272874,0,0.000213779,1,0.000300773,0,0.000213846,1
1786681440,-0.000297297,0.000116771,0.000116771,-0.000302606,0.000319361,0.48508,8.56424e-05,8.21897e-05,0.459199,-0.000493815,-0.000385524,-0.000191537,-7.72431e-05,-7.90933e-06,4.63807e-05,0.000184582,0.000367843,0.000513875,8.53827e-05,8.53907e-05,8.6327e-05,8.97949e-05,8.54912e-05,8.49332e-05,8.90267e-05,8.33607e-05,-0.000226639,0.00012383,0,0.000227741,0,0.000160761,0.518495,-0.000507991,-0.000180662,0.000180369,0.000514005,1786681200,0.00019366,0,0.000150739,1,-0.000223677,0.000164433,0,1,0.000285642,0,0.000200848,1,0.000249167,0,0.00020874,1
1786681500,6.37139e-05,0,0.000122115,-5.3098e-05,0.000318935,0.488694,3.31275e-05,3.5642e-05,0.41484,-0.000502519,-0.000386026,-0.00019781,-7.59797e-05,-6.53828e-06,5.25655e-05,0.000188443,0.000371037,0.000513792,3.83322e-05,3.49526e-05,4.16586e-05,2.55565e-05,4.57087e-05,4.01304e-05,2.9402e-05,3.16567e-05,-0.000232874,0.000113957,0,0.000234255,0,0.000170151,0.518886,-0.00052189,-0.00018511,0.000188743,0.000524586,1786681500,0.000219583,0,0.000183309,1,-0.000198201,0.000144166,0,1,-0.000231238,0.000174723,0,1,0.000259377,0,0.000194782,1
1786681560,0.000408734,5.30931e-06,0.000408734,5.30931e-06,0.000315858,0.499413,0.000118498,0.000121403,0.342968,-0.000475854,-0.000366967,-0.000187123,-6.68508e-05,3.74809e-07,5.38908e-05,0.000182068,0.000363662,0.000488388,0.000117051,0.000117983,0.000116246,0.000142911,0.000120315,0.000116071,0.000118424,0.000117555,-0.000222131,0.00010354,0,0.000216194,0,0.000123868,0.527047,-0.000491518,-0.000166895,0.000174228,0.000497223,1786681500,0.000226531,0,0.000188906,1,0.000224851,0,0.000192559,1,0.000207977,0,0.000174293,1,-0.000244798,0.000181329,0,1
1786681620,-9.02256e-05,4.24563e-05,0.000116751,-9.55333e-05,0.000317981,0.489138,3.80867e-05,3.6889e-05,0.23554,-0.000504222,-0.000391284,-0.000208056,-7.76353e-05,-6.43348e-06,5.40669e-05,0.000184436,0.000370655,0.000506117,4.15803e-05,3.93173e-05,4.36529e-05,3.07472e-05,4.59121e-05,4.24671e-05,3.74986e-05,3.5472e-05,-0.000237993,0.000119021,0,0.000245362,0,0.000159421,0.520826,-0.000547516,-0.000200696,0.00019266,0.000557851,1786681500,0.000217345,0,0.000185529,1,0.000233555,0,0.000201828,1,-0.000229317,0.000168355,0,1,0.000205562,0,0.000170099,1
1786681680,0.000143296,0,0.00020167,-0.000244181,0.000315044,0.47641,4.61931e-05,4.8535e-05,0.1517,-0.000468123,-0.000366503,-0.000196919,-8.48078e-05,-1.267e-05,4.22984e-05,0.000160294,0.000336574,0.000479498,5.09302e-05,4.68558e-05,5.02767e-05,4.09987e-05,5.20568e-05,5.00942e-05,4.6558e-05,4.80326e-05,-0.000219217,8.71373e-05,0,0.000223094,0,0.00015713,0.514187,-0.00050357,-0.000185932,0.000168941,0.000513841,1786681500,-0.000251509,0.000176734,0,1,0.000220055,0,0.000186321,1,0.000234834,0,0.000199305,1,0.000217943,0,0.000189739,1
1786681740,-5.30701e-05,6.89869e-05,0.000233475,-5.30701e-05,0.000312535,0.485895,3.33209e-05,3.35535e-05,0.120035,-0.000500805,-0.000381488,-0.000198423,-8.1694e-05,-9.05784e-06,5.64079e-05,0.000187665,0.000381887,0.000536703,3.76647e-05,3.3532e-05,3.72742e-05,2.94419e-05,3.89565e-05,3.61466e-05,3.27321e-05,3.13803e-05,-0.000233262,0.000160766,0,0.000246921,0,0.000172348,0.523495,-0.000541857,-0.000192437,0.00020032,0.00057355,1786681500,0.000218078,0,0.00017803,1,0.000244139,0,0.000201693,1,0.000225081,0,0.000189771,1,-0.000219109,0.000162564,0,1
1786681800,0.000244099,-5.30717e-06,0.000244099,-5.30717e-06,0.000309485,0.478251,7.19253e-05,7.39714e-05,0.112693,-0.000506325,-0.00038004,-0.00020372,-8.42682e-05,-1.35532e-05,5.00006e-05,0.000172729,0.00035553,0.000495089,7.12164e-05,7.04983e-05,7.03807e-05,6.96423e-05,7.05189e-05,7.11201e-05,7.45206e-05,7.31304e-05,-0.000229766,0.000148605,0,0.000237712,0,0.000215451,0.51403,-0.000525813,-0.000199965,0.00018149,0.000539185,1786681800,0.000248203,0,0.000211386,1,-0.000215179,0.00016621,0,1,0.000244523,0,0.000198487,1,0.000223473,0,0.0001949,1
1786681860,-1.06118e-05,1.59174e-05,0.000111417,-0.000106123,0.000308313,0.484437,2.74165e-05,2.75467e-05,0.0873411,-0.000451137,-0.000343977,-0.000176459,-6.66291e-05,-9.35902e-06,5.2011e-05,0.000168067,0.000334464,0.000466109,3.53055e-05,3.05098e-05,3.30597e-05,2.11352e-05,3.43259e-05,3.24496e-05,2.24322e-05,2.67431e-05,-0.000207747,9.73945e-05,0,0.000207723,0,0.000107901,0.521641,-0.000458304,-0.000169646,0.000162393,0.000473065,1786681800,0.000234401,0,0.000192329,1,-0.000230366,0.000193433,0,1,-0.000221897,0.000165553,0,1,-0.000241247,0.000180571,0,1
1786681920,-0.000217566,-4.24482e-05,-4.24482e-05,-0.000222873,0.000305218,0.486324,6.27296e-05,6.0003e-05,0.0839749,-0.000459874,-0.000342524,-0.000174408,-7.01235e-05,-7.82941e-06,5.06426e-05,0.000159435,0.000328024,0.000454848,6.31524e-05,6.30509e-05,6.33729e-05,6.28847e-05,6.23341e-05,6.39117e-05,6.24562e-05,6.19687e-05,-0.000202423,0.000112387,0,0.000198154,0,0.000129941,0.522713,-0.000445686,-0.000158789,0.000153423,0.000463406,1786681800,0.000220528,0,0.000191189,1,0.000237516,0,0.0001751,1,0.000240303,0,0.000202738,1,0.000226083,0,0.000185771,1
1786681980,0.000206954,-5.30708e-06,0.000228178,-5.30708e-06,0.000303713,0.478705,5.96526e-05,6.16908e-05,0.0707002,-0.000424958,-0.000320024,-0.000162309,-6.31015e-05,-1.19782e-05,4.54856e-05,0.00014762,0.000299887,0.000415844,6.16172e-05,6.00574e-05,5.98603e-05,5.86825e-05,6.10107e-05,6.08689e-05,6.19288e-05,5.73165e-05,-0.000187817,8.06589e-05,0,0.00018634,0,0.000113586,0.523125,-0.00041025,-0.000148075,0.000142775,0.000416461,1786681800,0.000202259,0,0.000179866,1,0.000218831,0,0.00018363,1,-0.000209186,0.000158993,0,1,0.00023777,0,0.00019197,1
1786682040,-0.000222876,0,0,-0.00023349,0.000302082,0.489188,6.46701e-05,6.18574e-05,0.0703223,-0.000429864,-0.000327922,-0.000165248,-6.41925e-05,-5.66981e-06,4.81146e-05,0.000156815,0.00030904,0.000423507,6.43161e-05,6.43929e-05,6.46683e-05,6.38299e-05,6.29479e-05,6.52035e-05,6.64353e-05,6.39094e-05,-0.00019426,8.73552e-05,0,0.000204002,0,0.000115417,0.528874,-0.000452659,-0.000161232,0.000160773,0.000461933,1786681800,0.000177734,0,0.000147391,1,0.000201053,0,0.000178072,1,0.000219796,0,0.000173101,1,-0.000214585,0.000171168,0,1
1786682100,7.42974e-05,-5.30717e-06,0.000100831,-2.65361e-05,0.000300702,0.479267,3.02358e-05,3.23909e-05,0.064672,-0.00040691,-0.000310272,-0.000160599,-6.028e-05,-1.03331e-05,4.07093e-05,0.000143286,0.000278804,0.000399888,3.94543e-05,3.38356e-05,3.47489e-05,2.54529e-05,3.61478e-05,3.62022e-05,2.80362e-05,2.66948e-05,-0.000183881,5.57752e-05,0,0.00019935,0,0.000133749,0.522823,-0.000445871,-0.000160704,0.00015522,0.000447372,1786682100,-0.000198254,0.000139993,0,1,0.000183195,0,0.000163186,1,0.000197167,0,0.000184394,1,-0.000216581,0.000161731,0,1
1786682160,-0.000164523,-5.8376e-05,-5.8376e-05,-0.000180446,0.000297865,0.488058,4.87522e-05,4.57835e-05,0.0689031,-0.000382741,-0.000285845,-0.000151401,-5.18778e-05,-5.8763e-06,4.44927e-05,0.000141703,0.00027917,0.000389959,5.38504e-05,4.92767e-05,4.9702e-05,4.74036e-05,4.75979e-05,4.91853e-05,5.08547e-05,4.87486e-05,-0.000176794,5.35487e-05,0,0.000180121,0,9.10231e-05,0.532467,-0.000403163,-0.000139034,0.000141799,0.000409482,1786682100,0.000187831,0,0.000160245,1,0.000200067,0,0.000161945,1,0.000187252,0,0.000157827,1,0.00019946,0,0.00017139,1
1786682220,0.000159216,3.71527e-05,0.000175136,-3.71541e-05,0.000295788,0.485128,4.56385e-05,4.76466e-05,0.065126,-0.000375052,-0.000283207,-0.000147954,-5.12928e-05,-6.90229e-06,4.06914e-05,0.000129221,0.000256326,0.000368939,5.35594e-05,4.74565e-05,4.78178e-05,4.51352e-05,4.97119e-05,4.7713e-05,4.74839e-05,4.22707e-05,-0.000167834,2.86296e-05,0,0.00017835,0,0.000104711,0.530032,-0.000401138,-0.000139097,0.000138753,0.000397155,1786682100,0.000184006,0,0.000154665,1,0.000196533,0,0.000162617,1,0.00021059,0,0.000160244,1,0.000175977,0,0.000150151,1
1786682280,-7.96049e-05,-6.89906e-05,-4.24552e-05,-0.000137986,0.00029368,0.492848,3.17903e-05,3.07102e-05,0.0660874,-0.000394788,-0.000296656,-0.000158498,-5.58789e-05,-3.44303e-06,4.66259e-05,0.000146935,0.000279821,0.000396754,3.96804e-05,3.47541e-05,3.48897e-05,2.73659e-05,3.24827e-05,3.2673e-05,3.13753e-05,3.02759e-05,-0.000184151,8.27303e-05,0,0.00019538,0,0.00011669,0.535796,-0.000439252,-0.000150404,0.000159248,0.000451746,1786682100,0.000166997,0,0.000138675,1,0.000182268,0,0.000160244,1,0.000189099,0,0.000167176,1,0.000192197,0,0.000164262,1
1786682340,-0.000111458,0,1.59215e-05,-0.000111458,0.000290946,0.488873,3.52784e-05,3.39109e-05,0.0620686,-0.000356116,-0.000266073,-0.000145402,-5.14222e-05,-4.90822e-06,4.0464e-05,0.000125491,0.000252135,0.000355686,4.49891e-05,3.97484e-05,3.96206e-05,3.26115e-05,3.66438e-05,3.53258e-05,3.65639e-05,3.33894e-05,-0.000164304,5.33374e-05,0,0.000166379,0,9.05987e-05,0.538227,-0.000384664,-0.000125171,0.000133269,0.000391546,1786682100,0.000191827,0,0.00016488,1,0.000176695,0,0.000148739,1,0.000195304,0,0.000154523,1,0.000182545,0,0.000157303,1
1786682400,0.000313111,0,0.000318417,-2.65393e-05,0.000288453,0.474522,9.73922e-05,0.000100068,0.059272,-0.0003557,-0.000270284,-0.000142452,-5.88577e-05,-1.04434e-05,3.16996e-05,0.000119958,0.000236576,0.000348851,9.04758e-05,8.92173e-05,8.88992e-05,0.000107547,9.34097e-05,9.61468e-05,0.000103419,0.000106389,-0.000159672,3.92816e-05,0,0.000164119,0,0.000103138,0.529799,-0.000372357,-0.000128399,0.000124905,0.000373475,1786682400,0.000174449,0,0.000139692,1,0.000189534,0,0.000158914,1,0.000172195,0,0.000149475,1,0.0001931,0,0.000163133,1
1786682460,5.306e-05,0,5.306e-05,0,0.000288967,0.487975,2.69758e-05,2.8826e-05,0.0513738,-0.000406317,-0.000320816,-0.0001671,-6.17466e-05,-6.35123e-06,4.76197e-05,0.00014835,0.000290269,0.000405091,3.76118e-05,2.98425e-05,3.04096e-05,2.26962e-05,3.02034e-05,3.208e-05,2.52875e-05,2.58836e-05,-0.000190934,9.27703e-05,0,0.00020097,0,0.000132011,0.530151,-0.000452989,-0.000161559,0.000160688,0.000460753,1786682400,0.000150596,0,0.000117288,1,0.000176371,0,0.000149648,1,0.000195715,0,0.000155045,1,0.000168385,0,0.000141911,1
1786682520,-0.000185722,-5.30587e-06,2.65289e-05,-0.000191029,0.000286161,0.491946,5.44958e-05,5.17486e-05,0.0513351,-0.000363399,-0.000276806,-0.000141225,-4.81674e-05,-3.73433e-06,4.31177e-05,0.000127286,0.000252789,0.00035841,5.73457e-05,5.39457e-05,5.41158e-05,5.32389e-05,5.19582e-05,5.49533e-05,5.68782e-05,5.40889e-05,-0.000162348,3.48684e-05,0,0.000155345,0,6.79292e-05,0.54073,-0.000351713,-0.000119022,0.000116081,0.000351702,1786682400,-0.000201342,0.000150706,0,1,-0.000157899,0.000122277,0,1,0.000169375,0,0.000153449,1,0.000188066,0,0.000152883,1
1786682580,-4.24556e-05,0,9.55186e-05,-5.8377e-05,0.0002845,0.482127,2.41136e-05,2.42685e-05,0.0471712,-0.000371778,-0.000278529,-0.000150689,-6.41565e-05,-7.58641e-06,3.5997e-05,0.000130119,0.000259107,0.000367319,3.69107e-05,2.88145e-05,2.91095e-05,2.03187e-05,2.76818e-05,2.73841e-05,2.21237e-05,2.18053e-05,-0.000170916,6.39109e-05,0,0.000181275,0,0.000130078,0.525965,-0.000410748,-0.000146012,0.000141122,0.000415782,1786682400,0.000153154,0,0.000126166,1,0.00019877,0,0.000162505,1,0.000166757,0,0.00013408,1,0.000187848,0,0.000154509,1
1786682640,-0.000201689,0,0,-0.000206997,0.000281704,0.485918,5.8218e-05,5.50472e-05,0.0464517,-0.000354497,-0.000261532,-0.000141493,-5.70395e-05,-6.12365e-06,3.84878e-05,0.000128242,0.000253835,0.000357828,5.98662e-05,5.81565e-05,5.8306e-05,5.77066e-05,5.45459e-05,5.86919e-05,5.91803e-05,5.80367e-05,-0.000163398,5.48726e-05,0,0.000174081,0,0.000115757,0.52632,-0.000399137,-0.00013939,0.000135695,0.000402087,1786682400,0.000172246,0,0.000138011,1,0.00016197,0,0.000115173,1,0.000201704,0,0.000158476,1,0.000156201,0,0.000127752,1
1786682700,-0.000217657,-5.30815e-06,0,-0.000244204,0.000280328,0.482915,6.26236e-05,5.90261e-05,0.0442024,-0.000373992,-0.000283507,-0.00015217,-5.93741e-05,-8.16718e-06,4.07582e-05,0.000132253,0.000263207,0.000363798,6.26542e-05,6.25603e-05,6.27351e-05,6.23858e-05,5.73625e-05,6.34957e-05,6.39222e-05,6.21005e-05,-0.000172692,7.88835e-05,0,0.000191187,0,0.000162218,0.527498,-0.000426878,-0.000155666,0.000151461,0.000419427,1786682700,0.000175142,0,0.000145601,1,0.000172663,0,0.000151467,1,0.000165311,0,0.000122539,1,0.000192165,0,0.000170667,1
1786682760,0.000228274,0,0.000339737,-6.90232e-05,0.000279213,0.481809,6.4594e-05,6.70852e-05,0.0424198,-0.000369471,-0.000278745,-0.00014593,-5.83123e-05,-8.36857e-06,3.87513e-05,0.000130813,0.000260302,0.000361476,6.74805e-05,6.58038e-05,6.55587e-05,6.62599e-05,7.03912e-05,6.68095e-05,6.35918e-05,6.37966e-05,-0.000167795,5.93765e-05,0,0.000177374,0,0.000129766,0.5316,-0.000403001,-0.000137806,0.000143065,0.000396211,1786682700,0.000181869,0,0.000146733,1,0.000180159,0,0.000159323,1,0.000183763,0,0.000151976,1,0.000171474,0,0.000127312,1
1786682820,0.000116771,-5.3081e-06,0.000132693,-5.3081e-06,0.000278285,0.479419,3.92198e-05,4.14955e-05,0.0403361,-0.000443655,-0.000330482,-0.000179743,-6.86635e-05,-1.18787e-05,4.69523e-05,0.000161469,0.000313561,0.000423597,4.64537e-05,3.86974e-05,3.937e-05,3.59543e-05,4.01209e-05,4.07522e-05,3.89534e-05,4.02195e-05,-0.000206435,0.000136972,0,0.00019943,0,0.000160171,0.532775,-0.000455027,-0.000158468,0.000161863,0.000456841,1786682700,0.000167432,0,0.000140917,1,0.000191582,0,0.000139233,1,0.00018677,0,0.000159225,1,0.000177347,0,0.000142106,1
1786682880,1.59223e-05,1.06149e-05,4.7766e-05,-0.000122079,0.000275983,0.475242,2.32661e-05,2.45663e-05,0.0388613,-0.000394135,-0.000287108,-0.000159542,-6.14331e-05,-1.27912e-05,3.99771e-05,0.000131299,0.000266939,0.000367085,3.51636e-05,2.61756e-05,2.68929e-05,1.73242e-05,2.57306e-05,2.564e-05,2.13735e-05,2.26118e-05,-0.000177225,9.42369e-05,0,0.000168652,0,0.000102619,0.536978,-0.000391646,-0.000135051,0.000131427,0.000389263,1786682700,0.000203191,0,0.000178373,1,0.000172166,0,0.000149903,1,0.000163279,0,0.000149514,1,0.000180271,0,0.000158087,1
1786682940,-0.000775177,-5.30739e-06,0,-0.00081767,0.000273218,0.483494,0.000315507,0.000314056,0.0368183,-0.000381177,-0.000274408,-0.00014662,-5.64249e-05,-8.36315e-06,4.33983e-05,0.000134055,0.00026329,0.000361874,0.000273146,0.000307815,0.000305206,0.000328765,0.000310693,0.000316928,0.00032218,0.000315721,-0.000169746,0.000120153,0,0.000171221,0,0.000115261,0.54016,-0.000397971,-0.000131153,0.000142267,0.000413308,1786682700,-0.000169603,0.000124562,0,0,0.000199345,0,0.000169295,1,0.00017758,0,0.000149595,1,0.000168517,0,0.000154958,1
1786683000,-0.000132796,-3.71811e-05,-3.71811e-05,-0.000138108,0.000291845,0.495812,4.7581e-05,4.59921e-05,0.102711,-0.000536185,-0.000394757,-0.000205505,-7.86101e-05,-2.89229e-06,6.90716e-05,0.000210186,0.000398608,0.000512998,4.81271e-05,4.33834e-05,4.81384e-05,4.16421e-05,4.1026e-05,5.19904e-05,5.09205e-05,4.94705e-05,-0.000249824,0.000207379,7.74795e-06,0.000242861,0,0.000239102,0.536473,-0.000540526,-0.000184215,0.000202841,0.000536686,1786683000,0.000183743,0,0.000145041,0,0.00017319,0,0.000129666,0,0.000203222,0,0.000166936,1,0.000167891,0,0.000143006,1
1786683060,0.000106238,0,0.000143419,-5.31221e-06,0.000289521,0.494141,3.67407e-05,3.92113e-05,0.0823507,-0.000451134,-0.000330554,-0.000171925,-6.7498e-05,-3.25624e-06,5.53556e-05,0.000176972,0.000339031,0.000427812,4.4765e-05,3.82607e-05,4.24097e-05,3.07325e-05,4.41558e-05,4.52314e-05,3.12945e-05,3.60607e-05,-0.000209738,9.6713e-05,0,0.000189016,0,0.000117245,0.545235,-0.000430619,-0.000138346,0.000161064,0.00041838,1786683000,0.000245961,0,0.000201671,1,0.000175222,0,0.000155584,0,0.000177316,0,0.000138054,1,0.000193425,0,0.000171232,1
1786683120,0.000212443,3.71807e-05,0.000217753,2.65578e-05,0.000287005,0.49036,5.96585e-05,6.19737e-05,0.0668523,-0.000451161,-0.000331181,-0.000171086,-7.16083e-05,-5.60876e-06,5.37896e-05,0.000165758,0.000326004,0.000415066,6.30316e-05,6.1513e-05,6.16118e-05,6.02115e-05,6.67695e-05,6.17649e-05,5.54153e-05,5.87971e-05,-0.000202854,0.000102486,0,0.000200576,0,0.000132697,0.544461,-0.000468453,-0.000154927,0.00016645,0.000452624,1786683000,0.000170676,0,0.000131309,1,0.000238519,0,0.000190997,1,0.0001754,0,0.000151963,1,0.000181168,0,0.000141794,1
1786683180,-6.37281e-05,0,0,-8.49717e-05,0.000285704,0.48361,3.05658e-05,3.01723e-05,0.0601873,-0.000461909,-0.000348358,-0.000178388,-7.27866e-05,-9.42203e-06,4.9207e-05,0.000163597,0.000314076,0.00041531,3.77914e-05,3.12225e-05,3.46765e-05,2.46376e-05,3.13668e-05,3.7194e-05,3.37696e-05,2.91852e-05,-0.000206746,0.00011967,0,0.000204427,0,0.00014145,0.540563,-0.000471375,-0.000161947,0.000166304,0.000467048,1786683000,-0.000200629,0.000146857,0,1,-0.000186699,0.000130046,0,1,0.000250037,0,0.000204543,1,0.000194001,0,0.000146608,1
1786683240,2.12431e-05,0,2.65539e-05,-6.90434e-05,0.000282976,0.481729,2.52288e-05,2.63828e-05,0.0534795,-0.000423049,-0.000319807,-0.000167461,-6.33271e-05,-9.75277e-06,4.47579e-05,0.000142716,0.000286312,0.000388084,3.53023e-05,2.75874e-05,3.12289e-05,1.76437e-05,3.03772e-05,3.11844e-05,2.15434e-05,2.47307e-05,-0.000188471,9.1287e-05,0,0.000180933,0,0.000121756,0.538908,-0.000421907,-0.000141613,0.000145997,0.000418173,1786683000,-0.00020736,0.0001525,0,1,0.000214368,0,0.000155137,1,0.000194802,0,0.000138405,1,0.000252642,0,0.000190484,1
1786683300,5.31072e-06,0,5.31072e-06,0,0.000280148,0.493258,2.21913e-05,2.29263e-05,0.0502751,-0.000378309,-0.000281872,-0.00014314,-5.27898e-05,-2.84503e-06,4.23793e-05,0.000143972,0.000271452,0.000363301,3.43245e-05,2.62906e-05,2.92952e-05,1.43517e-05,2.87669e-05,2.56098e-05,1.91335e-05,2.19873e-05,-0.000172344,8.39772e-05,0,0.000159813,0,9.45714e-05,0.545236,-0.000369717,-0.000115497,0.000132009,0.000380539,1786683300,0.000174189,0,0.00012891,1,0.000202959,0,0.00016068,1,0.000206515,0,0.000161144,1,0.00016842,0,0.000129993,1
1786683360,-0.000424946,-5.31072e-06,0,-0.000424946,0.000277334,0.490571,0.000146488,0.000144956,0.0494007,-0.000349987,-0.000260392,-0.000132056,-4.36038e-05,-3.02132e-06,3.19492e-05,0.000126697,0.000247281,0.00033441,0.00012006,0.000131519,0.000128474,0.000172814,0.000123022,0.000140361,0.000158972,0.000150976,-0.000155746,4.63778e-05,0,0.000121503,0,4.27001e-05,0.552345,-0.00026312,-7.64236e-05,8.19126e-05,0.000253729,1786683300,0.000159997,0,0.000127362,1,-0.0001752,0.000132904,0,1,0.000211491,0,0.000159758,1,0.000202927,0,0.00016566,1
1786683420,0.000260301,0,0.000260301,0,0.000281047,0.49694,7.2093e-05,7.43913e-05,0.0477857,-0.000433662,-0.000324098,-0.000171271,-6.34954e-05,-1.03807e-06,4.89099e-05,0.000170956,0.000323729,0.000422629,7.63529e-05,7.46389e-05,7.46793e-05,7.89866e-05,8.07732e-05,7.44866e-05,7.03736e-05,6.77169e-05,-0.000205369,0.000118107,0,0.000199611,0,0.000189072,0.533451,-0.000456812,-0.000156456,0.000164359,0.000453968,1786683300,0.00011061,0,8.57332e-05,1,0.000162894,0,0.000132993,1,0.0001808,0,0.000145371,1,0.000216229,0,0.000161571,1
1786683480,-3.71817e-05,0,5.31156e-06,-0.000100925,0.000280647,0.489738,2.74922e-05,2.74111e-05,0.0462383,-0.000433148,-0.000322451,-0.000169988,-6.24676e-05,-4.55959e-06,4.19802e-05,0.000161746,0.000301814,0.000431851,3.61878e-05,2.82897e-05,3.22367e-05,1.82176e-05,2.89776e-05,3.79041e-05,2.9042e-05,2.59258e-05,-0.00019969,0.000108535,0,0.000198437,0,0.000144819,0.542691,-0.000454372,-0.000152558,0.000164927,0.000456428,1786683300,0.000195311,0,0.000160073,1,0.000129537,0,8.16605e-05,1,0.000166506,0,0.000131559,1,0.000190604,0,0.000130907,1
1786683540,0.000196516,0,0.000196516,-5.31179e-06,0.000277876,0.490119,5.58094e-05,5.77761e-05,0.043522,-0.000420296,-0.000309698,-0.000159225,-5.61958e-05,-4.30622e-06,4.11546e-05,0.00014807,0.000289809,0.000380731,5.95606e-05,5.68673e-05,5.68729e-05,5.71739e-05,6.16239e-05,5.78756e-05,5.13886e-05,5.6847e-05,-0.000185436,9.20709e-05,0,0.000176921,0,0.000125473,0.545208,-0.00041825,-0.000133593,0.000147514,0.000421443,1786683300,-0.000193351,0.000138976,0,1,0.000201205,0,0.000157035,1,0.000139616,0,8.81296e-05,1,0.000173157,0,0.000124499,1
1786683600,0.000169929,0,0.000175239,-0.00010622,0.000276484,0.480041,4.97929e-05,5.13136e-05,0.0440462,-0.000431758,-0.000330833,-0.00017873,-6.9767e-05,-1.03544e-05,4.26306e-05,0.000163097,0.000313874,0.000421519,5.49402e-05,4.94657e-05,4.98118e-05,4.85896e-05,5.31634e-05,5.32694e-05,4.87006e-05,5.43532e-05,-0.000206606,0.000224893,0,0.000217899,6.11877e-05,0.000223842,0.540973,-0.000485753,-0.000170706,0.000182138,0.000500992,1786683600,0.000173728,0,0.000138043,1,0.000196854,0,0.000147692,1,0.000206577,0,0.000164188,1,0.000136816,0,8.60948e-05,1
1786683660,0.000238914,5.30981e-06,0.000254839,5.30981e-06,0.000274758,0.490106,6.84121e-05,6.94898e-05,0.0456527,-0.000419379,-0.000313944,-0.000166547,-6.04386e-05,-5.01965e-06,4.69606e-05,0.000153942,0.000303381,0.000414664,7.00396e-05,6.86028e-05,6.86275e-05,6.88815e-05,7.13689e-05,6.93136e-05,6.51786e-05,7.04616e-05,-0.000193576,0.000122136,0,0.000194888,0,0.000152382,0.542707,-0.000454771,-0.00015211,0.000164058,0.000469614,1786683600,0.000283953,0,0.000189569,1,0.000184814,0,0.000134196,1,0.000213725,0,0.000142462,1,0.000196077,0,0.000149066,1
1786683720,-0.000100868,5.30855e-06,1.59256e-05,-0.000212365,0.000274087,0.490219,3.56368e-05,3.50613e-05,0.0491006,-0.000417979,-0.000312598,-0.00016968,-6.27474e-05,-5.41653e-06,5.10618e-05,0.000157726,0.000296609,0.000410213,4.27821e-05,3.62949e-05,3.85496e-05,2.95913e-05,3.53838e-05,4.19929e-05,3.59747e-05,3.46286e-05,-0.000197376,0.000110476,0,0.000184272,0,0.000137626,0.53896,-0.000428573,-0.000147852,0.000150483,0.000446756,1786683600,-0.000212824,0.000167338,0,1,0.000233016,0,0.00018153,1,0.000171844,0,0.000141663,1,0.000189425,0,0.000141697,1
1786683780,-0.000238938,0,0,-0.000244248,0.000271707,0.486067,6.80453e-05,6.57629e-05,0.0449612,-0.000399208,-0.00029918,-0.000159159,-6.28136e-05,-7.12056e-06,4.50734e-05,0.000151239,0.000291973,0.000404491,6.86835e-05,6.84185e-05,6.87744e-05,6.9444e-05,6.43725e-05,6.95755e-05,7.23725e-05,6.40054e-05,-0.000187128,0.000113193,0,0.000174318,0,0.000141038,0.539791,-0.000409447,-0.000134799,0.00014684,0.000428149,1786683600,-0.000195623,0.000150919,0,1,0.000209268,0,0.00015396,1,0.000237037,0,0.000144991,1,0.000179987,0,0.000123663,1
1786683840,-3.18627e-05,0,0,-0.000154012,0.00027109,0.477431,2.48001e-05,2.4776e-05,0.0397958,-0.000396173,-0.000298438,-0.000153352,-6.16075e-05,-1.10535e-05,3.9008e-05,0.000146589,0.000285745,0.000382425,3.58923e-05,2.66015e-05,2.94433e-05,1.80946e-05,2.75561e-05,3.39856e-05,2.45576e-05,2.17342e-05,-0.000180798,0.000100884,0,0.000177015,0,0.000150563,0.539024,-0.00041213,-0.000136552,0.000149585,0.000421651,1786683600,0.000186151,0,0.000137805,1,0.000198143,0,0.000137243,1,0.000205905,0,0.000154299,1,0.000234643,0,0.000164675,1
1786683900,1.59315e-05,-2.12424e-05,0.00020178,-2.12424e-05,0.000268404,0.489776,2.31535e-05,2.39587e-05,0.0396799,-0.000397694,-0.000291055,-0.000142048,-5.24712e-05,-4.04331e-06,3.7481e-05,0.000149634,0.000287805,0.000379383,3.5061e-05,2.53467e-05,2.77609e-05,1.79589e-05,2.79419e-05,2.88318e-05,2.19769e-05,2.14641e-05,-0.000175652,0.000112967,0,0.000171227,0,0.000120178,0.551858,-0.000406325,-0.000122047,0.000153921,0.000422179,1786683900,0.000176497,0,0.000126644,1,0.00018801,0,0.000141016,1,0.000204812,0,0.000138447,1,0.000215286,0,0.000154342,1
1786683960,-0.000467429,0,0,-0.000478055,0.000265716,0.47946,0.000157795,0.000156549,0.0409096,-0.000399946,-0.00029222,-0.000146155,-5.54517e-05,-8.87829e-06,3.54098e-05,0.000137869,0.00027843,0.000386223,0.000135406,0.000156636,0.000148806,0.000174886,0.00014801,0.000153905,0.000156801,0.000159303,-0.000171486,0.000105542,0,0.000174501,0,0.000157413,0.533362,-0.000421623,-0.000140035,0.000142985,0.000429623,1786683900,0.000178428,0,0.000128051,1,0.000186379,0,0.000135461,1,0.000184082,0,0.000143967,1,0.000197799,0,0.000138657,1
1786684020,0.00022843,-5.31295e-06,0.000318725,-0.000100951,0.000271224,0.495741,6.31126e-05,6.48032e-05,0.0402269,-0.000434442,-0.000327226,-0.000163628,-5.72807e-05,-2.19952e-06,5.14833e-05,0.000174165,0.000328988,0.000428098,6.76795e-05,6.56842e-05,6.57944e-05,6.47001e-05,7.10728e-05,6.54384e-05,6.16945e-05,5.85391e-05,-0.000203579,0.000127168,0,0.000192852,0,0.000190725,0.539017,-0.000454696,-0.000149147,0.000166576,0.000454116,1786683900,0.000188139,0,0.000140806,1,0.000186619,0,0.000133245,1,0.00019325,0,0.000135884,1,0.000192,0,0.000134957,1
1786684080,-0.000345321,0,0,-0.000355948,0.000270434,0.490983,0.000100542,9.7534e-05,0.0395209,-0.000445102,-0.00034151,-0.000168361,-6.2038e-05,-4.89765e-06,5.05816e-05,0.000173489,0.000337976,0.000456518,9.79528e-05,0.000101488,9.84613e-05,0.000104654,9.19681e-05,9.79736e-05,0.000103764,0.000104122,-0.000205632,0.000151405,0,0.000207179,0,0.000183915,0.541071,-0.000477001,-0.000157434,0.00017823,0.000489357,1786683900,0.000209357,0,0.000148661,1,0.000197116,0,0.000141113,1,0.00017952,0,0.000131991,1,0.000179522,0,0.000125605,1
1786684140,-0.000271028,0,5.31354e-06,-0.000276343,0.000272134,0.491142,7.87594e-05,7.56964e-05,0.0406548,-0.000446549,-0.000338604,-0.000169027,-6.43667e-05,-4.44032e-06,4.75131e-05,0.000170768,0.000321115,0.000426227,7.73158e-05,7.73092e-05,7.78844e-05,7.91675e-05,6.98405e-05,7.72083e-05,8.28697e-05,7.93758e-05,-0.000204042,0.000132843,0,0.000200712,0,0.000197867,0.538613,-0.000470068,-0.000155669,0.000170437,0.00046841,1786683900,0.000220545,0,0.000166238,1,0.000209245,0,0.000155185,1,-0.000203355,0.000149383,0,0,0.000182697,0,0.000127407,1
1786684200,0.000122237,0,0.000122237,-0.00020199,0.000272112,0.49502,3.8955e-05,4.12075e-05,0.0417021,-0.000438772,-0.000325801,-0.000163633,-6.26387e-05,-2.55752e-06,5.23557e-05,0.000173969,0.000324157,0.000425116,4.71961e-05,3.92784e-05,4.28699e-05,3.51689e-05,4.50303e-05,4.74834e-05,3.59868e-05,3.74499e-05,-0.000220401,0.000122775,0,0.000194393,0,0.000167233,0.539274,-0.000449819,-0.000147487,0.000168225,0.000452808,1786684200,-0.000203015,0.00014918,0,1,-0.000216454,0.000168667,0,1,0.00021553,0,0.000164886,1,-0.000201884,0.000162794,0,1
1786684260,-0.000249805,-5.31436e-06,9.03398e-05,-0.0002817,0.000269931,0.502459,7.52501e-05,7.20349e-05,0.0387613,-0.000439187,-0.000334315,-0.000163583,-5.61944e-05,1.43722e-06,5.77413e-05,0.000177288,0.000337786,0.000457968,7.12505e-05,7.14423e-05,7.19243e-05,7.15891e-05,6.34574e-05,7.17044e-05,8.00679e-05,8.0113e-05,0.000223137,0,0.000149747,0.000212398,0,0.000172628,0.547863,-0.000485854,-0.000154896,0.00018671,0.000497583,1786684200,0.000198238,0,0.000136513,1,0.000213594,0,0.000143601,1,0.000229147,0,0.000158563,1,0.000224491,0,0.000167613,1
1786684320,-3.18945e-05,-5.31569e-06,0.000164772,-3.72104e-05,0.000269544,0.490599,2.89459e-05,2.88141e-05,0.0394028,-0.000439184,-0.000336194,-0.000173895,-6.43745e-05,-5.75988e-06,5.65859e-05,0.000170486,0.000338531,0.000446975,3.56384e-05,2.65971e-05,3.09149e-05,2.49134e-05,2.68692e-05,3.69826e-05,3.01028e-05,2.80254e-05,-0.000224315,0.000148022,0,0.000196536,0,0.000187789,0.533948,-0.000459665,-0.000154428,0.00016612,0.000464273,1786684200,0.000222972,0,0.000171169,1,-0.000199139,0.000146544,0,1,-0.000205468,0.00014847,0,1,0.000214845,0,0.000163798,1
1786684380,5.84725e-05,-4.25276e-05,0.000106311,-0.000319001,0.000266873,0.483038,2.80395e-05,3.01817e-05,0.0377235,-0.00040888,-0.000317034,-0.00016263,-6.01841e-05,-9.60866e-06,4.81055e-05,0.000155924,0.000313556,0.000415417,3.72615e-05,2.80856e-05,3.14509e-05,2.50764e-05,3.41064e-05,3.54521e-05,2.6487e-05,2.68156e-05,-0.000207985,0.00011985,0,0.000183704,0,0.000159618,0.530804,-0.000433366,-0.000145252,0.000152701,0.000440966,1786684200,0.000211538,0,0.000156853,1,0.000221049,0,0.000161896,1,0.000217037,0,0.000150658,1,0.000207905,0,0.000148378,1
1786684440,-9.56841e-05,0,1.59465e-05,-0.000212644,0.00026432,0.492551,3.68237e-05,3.55374e-05,0.03637,-0.000427904,-0.000326801,-0.00016221,-5.56972e-05,-4.21757e-06,5.27124e-05,0.000163275,0.000330909,0.000444295,4.12982e-05,3.45271e-05,3.69539e-05,3.58263e-05,3.0349e-05,3.77369e-05,3.98301e-05,3.6499e-05,-0.000211701,0.000156448,0,0.000191986,0,0.000162732,0.536479,-0.000442067,-0.000146226,0.000165914,0.000457596,1786684200,0.000199144,0,0.000143459,1,0.000215145,0,0.000156827,1,0.000216823,0,0.000158204,1,0.000206088,0,0.000144544,1
1786684500,-0.000717923,-5.31605e-06,0,-0.000717923,0.000262013,0.490112,0.000281191,0.000278484,0.0359574,-0.000412028,-0.000316531,-0.000164819,-5.98455e-05,-5.40963e-06,5.03478e-05,0.000160727,0.00032366,0.000430904,0.000244119,0.000282855,0.000272238,0.000272192,0.000266538,0.000274273,0.000276816,0.00030056,-0.000195859,0.000167702,0,0.000180879,0,0.00016983,0.532451,-0.000410898,-0.000142229,0.000152336,0.000422504,1786684500,0.00021495,0,0.000171956,0,-0.00019645,0.000146347,0,0,-0.000211706,0.000157986,0,1,0.000215508,0,0.000152471,1
1786684560,0.000377638,3.19186e-05,0.000377638,3.19186e-05,0.000278543,0.49718,0.000103195,0.000106167,0.0710521,-0.000506963,-0.00037186,-0.000192674,-6.94186e-05,-2.12589e-06,7.00025e-05,0.000201044,0.000375067,0.00049154,0.000109534,0.000112343,0.000107631,0.000113661,0.000124359,0.000107281,0.000100223,9.49395e-05,-0.00023701,0.00019001,0,0.000231661,0,0.000224135,0.531657,-0.000512037,-0.000173969,0.000196788,0.000512118,1786684500,0.000192111,0,0.000142506,1,0.000209042,0,0.000164432,1,-0.000218642,0.00015031,0,1,0.000217531,0,0.000164407,1
1786684620,0.000218008,4.78595e-05,0.000223325,4.25419e-05,0.000280868,0.49069,6.11082e-05,6.34051e-05,0.0742252,-0.000489686,-0.000374231,-0.000184113,-6.67199e-05,-5.94227e-06,5.90081e-05,0.000179636,0.000346431,0.000470394,6.49579e-05,6.29289e-05,6.32743e-05,6.18498e-05,6.94115e-05,6.49027e-05,5.59166e-05,6.10882e-05,-0.000218716,0.000153392,0,0.000229065,0,0.000155264,0.527808,-0.000494135,-0.000174248,0.000190743,0.000497834,1786684500,0.000241086,0,0.000191239,1,0.000190713,0,0.000133593,1,0.000199081,0,0.000164572,1,0.000215525,0,0.000161387,1
1786684680,-7.44364e-05,-5.3167e-06,-5.3167e-06,-0.000303097,0.000279749,0.487469,3.36919e-05,3.243e-05,0.0646364,-0.00044763,-0.000358381,-0.000173927,-6.21827e-05,-7.62107e-06,5.43152e-05,0.000169713,0.0003287,0.00045219,3.75084e-05,3.28021e-05,3.81337e-05,2.74284e-05,3.21272e-05,4.08467e-05,3.70452e-05,3.11729e-05,-0.000206625,0.00012893,0,0.000211151,0,0.000135054,0.527463,-0.000472504,-0.000168571,0.000170113,0.000471656,1786684500,0.000225865,0,0.000200464,1,0.000234577,0,0.00018434,1,0.000164814,0,0.000144708,1,0.000209009,0,0.000168176,1
1786684740,-0.000398861,-2.65858e-05,-2.12686e-05,-0.00052121,0.000277137,0.489275,0.000121764,0.000117505,0.0531429,-0.000440914,-0.000349264,-0.000170728,-6.24948e-05,-6.5172e-06,5.53603e-05,0.000169874,0.000343382,0.000473544,0.000112148,0.000120732,0.000113626,0.000126425,0.000108473,0.00011337,0.000125775,0.00013028,-0.00020448,0.000153614,0,0.00021961,0,0.000164901,0.528562,-0.00048402,-0.000167355,0.000185131,0.000507467,1786684500,-0.000214962,0.000141432,0,1,0.000227324,0,0.000190245,1,0.000250893,0,0.000195433,1,0.000185841,0,0.00014898,1
1786684800,3.19147e-05,-5.31922e-06,8.51037e-05,-0.000143629,0.000280091,0.491634,3.1207e-05,3.25919e-05,0.0542733,-0.000485499,-0.000375744,-0.000190567,-6.76841e-05,-5.77072e-06,6.43317e-05,0.000198511,0.000380548,0.000490091,3.58007e-05,2.83083e-05,3.50096e-05,2.66955e-05,3.2335e-05,3.86004e-05,3.1877e-05,3.01228e-05,-0.000253725,0.000174572,0,0.000231617,0,0.000194631,0.52757,-0.000505751,-0.000175878,0.000195685,0.00051507,1786684800,0.00023594,0,0.000184047,1,0.000223287,0,0.000159112,1,0.000238587,0,0.000168434,1,0.000247659,0,0.000181355,1
1786684860,0.000398848,0,0.000398848,0,0.000277312,0.493127,0.000113879,0.00011757,0.0469898,-0.000455505,-0.000349018,-0.000172273,-6.11435e-05,-3.93772e-06,5.4263e-05,0.000187736,0.000349823,0.000463854,0.000115114,0.000120711,0.000113282,0.000129077,0.000129335,0.000113188,0.000107446,0.000106862,-0.000235408,0.000147681,0,0.000208958,0,0.000140444,0.534991,-0.000461685,-0.00015367,0.000181404,0.000478824,1786684800,0.000244031,0,0.000191962,1,0.000213857,0,0.000195516,1,0.000207107,0,0.000166644,1,0.000203705,0,0.000174661,1
1786684920,-0.000127614,0,0.000148863,-0.000127614,0.00028026,0.485882,4.35935e-05,4.22109e-05,0.0554335,-0.000486262,-0.000382244,-0.00018778,-6.78357e-05,-8.43089e-06,5.24064e-05,0.000179875,0.000344906,0.00046978,4.67725e-05,4.17218e-05,4.65382e-05,3.77812e-05,3.925e-05,4.86422e-05,4.69308e-05,4.25842e-05,-0.000239789,0.000161833,0,0.000225084,0,0.000167685,0.525569,-0.000494699,-0.000178522,0.000182588,0.00050522,1786684800,0.000211416,0,0.000176993,1,0.000231944,0,0.000199595,1,0.000216686,0,0.000184185,1,0.000210536,0,0.000165398,1
1786684980,-0.000973593,-4.25417e-05,-4.25417e-05,-0.000994885,0.00027803,0.479557,0.000399698,0.000396251,0.0477238,-0.000452086,-0.000354582,-0.000180041,-7.26717e-05,-1.18843e-05,4.73607e-05,0.000167619,0.000338559,0.000471233,0.000371823,0.000402754,0.000383401,0.00041284,0.000387861,0.000376837,0.000393822,0.00041435,-0.000210298,0.000142616,0,0.000203359,0,0.000170466,0.516413,-0.000459409,-0.000167828,0.000160781,0.000469024,1786684800,-0.000221701,0.000147987,0,0,0.000215039,0,0.000174044,1,0.000239395,0,0.000193888,1,0.000238135,0,0.000169707,0
1786685040,0.00013306,-2.12913e-05,0.00015967,-2.66142e-05,0.000307753,0.499023,4.77287e-05,5.08472e-05,0.238803,-0.0006368,-0.000460954,-0.000230012,-8.44672e-05,-7.70286e-07,8.2082e-05,0.000243745,0.000462014,0.000610707,4.92582e-05,4.50436e-05,5.39968e-05,4.33998e-05,5.83344e-05,6.08874e-05,4.71454e-05,4.28434e-05,-0.000285709,0.000261062,2.01016e-05,0.000283443,0,0.000262806,0.529927,-0.000607642,-0.00020927,0.000239849,0.000609956,1786684800,0.000212096,0,0.000170623,0,0.000224335,0,0.000165729,0,0.000210077,0,0.000164303,1,0.000241993,0,0.000185297,1
1786685100,0.00086712,5.32205e-06,0.00086712,5.32205e-06,0.000305241,0.497248,0.000328791,0.000333946,0.168502,-0.000531864,-0.000390308,-0.000195219,-7.22342e-05,-1.89796e-06,6.83728e-05,0.000204738,0.000391037,0.000520299,0.000329141,0.000336492,0.000305098,0.000366383,0.000341875,0.000299081,0.00032391,0.000326666,-0.000240987,0.000147571,0,0.000242663,0,0.00013632,0.540992,-0.000533204,-0.000176325,0.00021172,0.000532201,1786685100,0.000288169,0,0.000232235,0,0.00020651,0,0.000176499,1,0.000217543,0,0.000164358,1,0.000197298,0,0.000154696,1
1786685160,-0.000265908,0,0,-0.000404208,0.000326108,0.483398,7.7288e-05,7.31863e-05,0.466627,-0.000670605,-0.000519266,-0.000262078,-9.96917e-05,-1.4474e-05,7.4011e-05,0.00024023,0.00048819,0.00067159,7.52967e-05,7.65114e-05,8.0001e-05,7.65009e-05,7.98431e-05,9.25879e-05,7.95415e-05,7.51954e-05,-0.000304119,0.000270915,0,0.000324051,0,0.000287113,0.520788,-0.000686435,-0.00025635,0.000256216,0.000694442,1786685100,0.000231724,0,0.000191261,1,0.00026929,0,0.000226903,1,0.000210713,0,0.000183522,1,0.000199697,0,0.000164902,1
1786685220,0.000202096,0,0.000276543,0,0.000325013,0.48239,6.05974e-05,6.36706e-05,0.301846,-0.000601371,-0.000461708,-0.000236539,-9.33843e-05,-1.37912e-05,6.58218e-05,0.000213206,0.000454851,0.000619479,6.06479e-05,5.91e-05,6.73437e-05,5.78757e-05,7.13362e-05,7.38504e-05,5.98005e-05,6.26329e-05,-0.00027343,0.000216165,0,0.000283521,0,0.000234336,0.521671,-0.000620288,-0.000224701,0.000229383,0.000632537,1786685100,-0.000321435,0.00022447,0,1,0.000240848,0,0.000187227,1,0.000297331,0,0.000236796,1,0.000217872,0,0.000173446,1
1786685280,0.000138253,0,0.000138253,0,0.000323014,0.481398,4.83222e-05,5.10463e-05,0.244099,-0.00055817,-0.000429724,-0.00022455,-8.8566e-05,-1.3878e-05,6.20193e-05,0.00020199,0.00040941,0.000568525,5.00029e-05,4.73289e-05,5.52133e-05,4.1415e-05,5.74854e-05,5.60362e-05,4.63316e-05,4.64618e-05,-0.00025874,0.000192015,0,0.000271484,0,0.000174322,0.52528,-0.000588747,-0.000212591,0.000222129,0.000606402,1786685100,0.000282779,0,0.000228251,1,-0.000319808,0.000239531,0,1,0.000256909,0,0.000170297,1,0.0002961,0,0.000219041,1
1786685340,4.78524e-05,-5.31707e-06,0.000191396,-5.31707e-06,0.000320364,0.486142,3.27112e-05,3.41599e-05,0.195393,-0.000520426,-0.000395215,-0.000208564,-7.26877e-05,-8.92649e-06,5.67704e-05,0.000185307,0.00037016,0.000524808,3.66998e-05,3.46274e-05,4.36103e-05,2.21628e-05,4.42378e-05,3.99262e-05,2.9756e-05,3.06635e-05,-0.000238453,0.000139071,0,0.000238683,0,0.000122251,0.532653,-0.000525324,-0.000185448,0.00019618,0.000532523,1786685100,0.000271533,0,0.000215103,1,0.000260266,0,0.000229661,1,0.000278501,0,0.000235094,1,0.000220258,0,0.000173004,1
1786685400,0.000132911,-5.31682e-06,0.000138227,-0.000292467,0.000317217,0.490466,4.60534e-05,4.82915e-05,0.154247,-0.000537403,-0.000418145,-0.00022189,-8.07655e-05,-6.89467e-06,6.66922e-05,0.000199731,0.000381316,0.000545938,4.89645e-05,4.57572e-05,5.13943e-05,4.25507e-05,5.19179e-05,4.6628e-05,4.76688e-05,4.25428e-05,-0.000254639,0.000194114,0,0.00026998,0,0.000228301,0.520481,-0.000584907,-0.000219006,0.000213283,0.000600741,1786685400,-0.000226114,0.000152903,0,1,-0.00024892,0.000184027,0,1,0.000255619,0,0.000234649,1,-0.000255366,0.000200667,0,1
1786685460,0.000175416,0,0.000175416,0,0.000314591,0.495014,5.18294e-05,5.37275e-05,0.129357,-0.000501598,-0.000389837,-0.000199039,-7.06785e-05,-3.21305e-06,6.30329e-05,0.000196128,0.000388123,0.000533955,5.58541e-05,5.25259e-05,5.72426e-05,5.03128e-05,5.69772e-05,5.22646e-05,5.12324e-05,4.94408e-05,-0.000237447,0.000184418,0,0.000230263,0,0.000156105,0.524381,-0.000510744,-0.000178769,0.00019233,0.000530431,1786685400,0.000263594,0,0.000208931,1,0.000239622,0,0.000168068,1,0.000285907,0,0.00020782,1,0.000285372,0,0.000211038,1
1786685520,0.000170071,-5.31518e-06,0.000249781,-0.00011694,0.000312415,0.493108,4.95497e-05,5.11152e-05,0.119291,-0.000479025,-0.000371311,-0.000184501,-6.48135e-05,-4.13936e-06,5.7042e-05,0.000180316,0.000342432,0.000492625,5.49528e-05,5.13714e-05,5.53605e-05,4.83604e-05,5.43116e-05,5.07548e-05,4.86745e-05,4.88382e-05,-0.000219269,0.000145158,0,0.000208469,0,0.000114247,0.527448,-0.000460157,-0.000162848,0.000164365,0.00046883,1786685400,0.000238011,0,0.00020755,1,0.000263917,0,0.000191483,1,0.000231164,0,0.000171462,1,0.000273857,0,0.000207477,1
1786685580,-0.000504982,-1.59429e-05,0,-0.000659185,0.000310209,0.492532,0.000157417,0.000154493,0.116164,-0.00049761,-0.000388525,-0.000195378,-7.47026e-05,-5.05276e-06,6.39205e-05,0.000185398,0.000363252,0.00052116,0.000149749,0.000156238,0.000150694,0.000171648,0.000154569,0.000160819,0.000156001,0.000167555,-0.000229612,0.000184576,0,0.000221686,0,0.000155114,0.521666,-0.000492155,-0.000176921,0.000177285,0.000510666,1786685400,-0.000186982,0.00012188,0,1,0.000224671,0,0.000204708,1,-0.000238204,0.000172208,0,1,0.000220749,0,0.00016862,1
1786685640,-4.25364e-05,-2.1268e-05,0.000196708,-6.38054e-05,0.000315286,0.500652,3.62089e-05,3.65488e-05,0.0681721,-0.000551955,-0.000423902,-0.000217983,-7.61474e-05,5.42914e-07,7.58858e-05,0.000208456,0.00041641,0.000566939,3.60389e-05,3.34487e-05,3.90546e-05,3.25711e-05,3.79782e-05,3.95033e-05,3.9524e-05,3.41846e-05,0.000256944,0,0.000254857,0.00025802,0,0.000217501,0.523548,-0.000562568,-0.00019884,0.000212904,0.00057108,1786685400,0.000214392,0,0.000192578,1,0.000191942,0,0.000142725,1,0.000217557,0,0.000200192,1,0.000249876,0,0.000204265,1
1786685700,0.00014887,3.72195e-05,0.000186084,-0.00012762,0.000312175,0.494517,4.6506e-05,4.81536e-05,0.0562931,-0.000489277,-0.000378075,-0.000193114,-7.19176e-05,-3.61595e-06,6.38627e-05,0.000183389,0.000366562,0.00049534,5.133e-05,4.77365e-05,5.10899e-05,4.45731e-05,5.23164e-05,5.10088e-05,4.5977e-05,4.23619e-05,-0.00022709,0.000161519,0,0.000230833,0,0.000166395,0.521536,-0.000518037,-0.000181204,0.000188376,0.000523017,1786685700,0.000241855,0,0.00021046,1,0.000209603,0,0.000177429,1,0.000204095,0,0.000151461,1,0.000228483,0,0.000209898,1
1786685760,0.000292358,5.31636e-06,0.000292358,5.31636e-06,0.000309754,0.501664,8.146e-05,8.32944e-05,0.0604793,-0.000487346,-0.000374087,-0.000194085,-6.81e-05,1.344e-06,6.52548e-05,0.000186316,0.000364275,0.000487023,8.53324e-05,8.39799e-05,8.409e-05,8.28377e-05,8.48247e-05,8.38868e-05,7.95211e-05,7.80888e-05,0.000229038,0,0.000169531,0.00023632,0,0.000157744,0.529457,-0.000526272,-0.000180943,0.000197861,0.0005294,1786685700,0.000225219,0,0.000188232,1,0.000235138,0,0.000198695,1,0.000212463,0,0.000182476,1,0.000188371,0,0.000145544,1
1786685820,0.000191315,5.31481e-06,0.000313525,5.31481e-06,0.000309416,0.490575,5.5421e-05,5.67652e-05,0.061924,-0.000470954,-0.000369048,-0.000190197,-6.64022e-05,-6.06375e-06,5.94577e-05,0.00016848,0.000336088,0.000468604,5.83837e-05,5.58852e-05,5.70983e-05,5.45303e-05,5.73498e-05,5.83756e-05,5.46432e-05,5.58616e-05,-0.000235263,0.00015202,0,0.000229879,0,0.00014329,0.524395,-0.000508225,-0.000185076,0.000183431,0.000508515,1786685700,0.000229971,0,0.000208558,1,-0.000227138,0.000171206,0,1,-0.000241064,0.000175265,0,1,0.000206289,0,0.000177646,1
1786685880,-3.71973e-05,-5.31382e-06,0.000191279,-5.31395e-05,0.000307499,0.487886,3.05669e-05,3.10077e-05,0.0639023,-0.000470663,-0.000372286,-0.000196769,-7.43437e-05,-8.48985e-06,6.28251e-05,0.000170452,0.000334312,0.000476995,3.56606e-05,3.19473e-05,3.48469e-05,2.78264e-05,3.51059e-05,3.66847e-05,2.97321e-05,2.71021e-05,-0.000241169,0.000157387,0,0.000230528,0,0.000163016,0.516902,-0.000513734,-0.000190528,0.000179285,0.000518471,1786685700,-0.000222127,0.000157918,0,1,0.000231026,0,0.000192727,1,0.000242452,0,0.000203213,1,0.000236161,0,0.000192029,1
1786685940,-0.000100971,0,0,-0.000100971,0.000304453,0.486682,3.66994e-05,3.64186e-05,0.0612125,-0.000452439,-0.000355782,-0.000182906,-6.46937e-05,-7.98521e-06,5.31898e-05,0.000157128,0.000321361,0.000449982,4.21662e-05,3.94706e-05,4.09787e-05,3.52871e-05,4.03167e-05,4.07565e-05,3.55573e-05,3.27399e-05,-0.000223752,0.000149726,0,0.000212251,0,0.000163627,0.515613,-0.000482567,-0.00017423,0.000163617,0.000494769,1786685700,0.000228332,0,0.000200073,1,0.000215238,0,0.000181654,1,0.000213448,0,0.000193773,1,0.000226058,0,0.000204133,1
1786686000,4.78297e-05,0,4.78297e-05,-9.03513e-05,0.000301732,0.490252,2.57648e-05,2.65847e-05,0.0592956,-0.000399285,-0.000311936,-0.00015486,-5.12888e-05,-5.04211e-06,4.72392e-05,0.000138694,0.000284892,0.000395785,3.62424e-05,3.16839e-05,3.31142e-05,2.14524e-05,3.42728e-05,3.07407e-05,2.10259e-05,2.38907e-05,-0.000177788,8.00936e-05,0,0.000175556,0,9.62596e-05,0.519224,-0.00038534,-0.000138173,0.000132794,0.000380042,1786686000,0.00019897,0,0.000166569,1,0.000217077,0,0.000197367,1,0.000221548,0,0.000179854,1,0.000216291,0,0.000197374,1
1786686060,9.56526e-05,0,9.56526e-05,0,0.000298776,0.507028,3.23282e-05,3.31017e-05,0.0649662,-0.000388093,-0.000298645,-0.000145553,-4.27995e-05,2.90457e-06,5.65322e-05,0.000149026,0.00029791,0.000399664,4.24318e-05,3.73944e-05,3.80302e-05,3.04525e-05,3.87841e-05,3.42519e-05,2.78613e-05,2.94693e-05,0.000177262,0,7.60081e-05,0.000188323,0,9.78158e-05,0.530749,-0.000417036,-0.000140085,0.00015549,0.00042104,1786686000,0.000155588,0,0.000122901,1,-0.000199071,0.000167804,0,1,0.000228012,0,0.000198227,1,0.000218369,0,0.000188599,1
1786686120,0.000340024,-5.31379e-06,0.000340024,-5.31379e-06,0.000296082,0.507778,0.000101502,0.000103677,0.0741115,-0.000375807,-0.000292013,-0.000142075,-4.07466e-05,3.15237e-06,5.33053e-05,0.000133981,0.000268394,0.000375995,9.85267e-05,9.70089e-05,9.6859e-05,0.000116211,9.54014e-05,0.000105198,0.000106574,0.000101129,0.000166315,0,5.92724e-05,0.000168461,0,8.02978e-05,0.527049,-0.000372045,-0.000129074,0.00012628,0.000362403,1786686000,0.000181475,0,0.000161636,1,0.00016787,0,0.000147807,1,-0.000213664,0.000155872,0,1,0.000232903,0,0.0002032,1
1786686180,-0.00011687,-5.31199e-06,-5.31199e-06,-0.000191249,0.000297025,0.49456,3.84417e-05,3.85539e-05,0.0686637,-0.000417321,-0.000330439,-0.000161899,-5.35147e-05,-3.37507e-06,5.57024e-05,0.000151074,0.000299523,0.000421803,4.47959e-05,4.12936e-05,4.20683e-05,3.43202e-05,4.29781e-05,4.37864e-05,3.76134e-05,3.56849e-05,-0.000188797,0.000112253,0,0.000207471,0,0.000136364,0.518531,-0.000459927,-0.000170412,0.000160706,0.000461401,1786686000,0.000151721,0,0.000137893,1,0.00018477,0,0.000160293,1,0.000166872,0,0.000143412,1,0.000210417,0,0.000176196,1
1786686240,-0.000276293,5.31258e-06,5.31258e-06,-0.000286921,0.000294503,0.49441,7.90762e-05,7.74139e-05,0.0699519,-0.000384879,-0.000301685,-0.000147065,-5.13837e-05,-2.94781e-06,4.90471e-05,0.000131998,0.000271696,0.000387899,7.8592e-05,7.8985e-05,7.91844e-05,8.3837e-05,7.9394e-05,8.01311e-05,8.03035e-05,8.1964e-05,-0.000169129,8.27357e-05,0,0.000193026,0,0.000125803,0.520917,-0.000429802,-0.000152769,0.000150947,0.000433149,1786686000,-0.000197838,0.000148782,0,1,0.000159467,0,0.000124498,1,0.000177123,0,0.000158128,1,0.000160921,0,0.000146517,1
1786686300,6.90804e-05,2.1256e-05,7.97077e-05,-7.43996e-05,0.00029415,0.495695,2.93698e-05,3.01051e-05,0.058617,-0.000400566,-0.000314429,-0.000159468,-5.66346e-05,-2.47044e-06,5.42445e-05,0.000144709,0.000287677,0.000394003,3.79848e-05,3.24516e-05,3.32611e-05,2.81264e-05,3.42905e-05,3.6829e-05,2.76727e-05,2.48853e-05,-0.000183952,0.000112527,0,0.000214544,0,0.000185119,0.517358,-0.000465751,-0.000174774,0.000169674,0.000459751,1786686300,0.000174054,0,0.000151998,1,0.000193023,0,0.000167303,1,0.000169036,0,0.000133822,1,0.000183514,0,0.000163566,1
1786686360,0.000324083,5.31368e-06,0.000324083,5.31368e-06,0.000291358,0.507149,9.39424e-05,9.58621e-05,0.0595285,-0.000373821,-0.000285452,-0.000140637,-4.48936e-05,3.2473e-06,5.59933e-05,0.000138452,0.000279734,0.000378709,9.41005e-05,9.24827e-05,9.23672e-05,0.000103498,9.1387e-05,9.33585e-05,9.56251e-05,9.5537e-05,0.000167705,0,7.21656e-05,0.000191113,0,0.00010546,0.53217,-0.000426952,-0.000142757,0.000159553,0.000426843,1786686300,0.000199417,0,0.000160696,1,0.000175881,0,0.000154856,1,0.000200155,0,0.000167702,1,0.000165837,0,0.000141356,1
1786686420,-0.000143434,-3.71845e-05,0.000106234,-0.000180623,0.000292048,0.500228,4.32573e-05,4.33417e-05,0.0519989,-0.000409893,-0.000328094,-0.000161825,-5.24442e-05,-4.31171e-07,6.25843e-05,0.000150421,0.000294459,0.00041523,4.92148e-05,4.51679e-05,4.61394e-05,4.16663e-05,4.67607e-05,5.00869e-05,4.31438e-05,4.38855e-05,0.000203974,0,0.000118635,0.000217142,0,0.000145197,0.521485,-0.000479259,-0.000175632,0.000170201,0.000475541,1786686300,0.000187152,0,0.000166126,1,0.000199536,0,0.000164216,1,0.00017449,0,0.000161972,1,0.00019389,0,0.000179551,1
1786686480,9.03124e-05,0,9.03124e-05,-5.84418e-05,0.000289824,0.490252,3.39713e-05,3.44028e-05,0.049443,-0.000407924,-0.000326697,-0.000167481,-6.26079e-05,-6.02954e-06,5.69811e-05,0.000141369,0.000291804,0.000416568,4.15235e-05,3.55422e-05,3.63081e-05,3.13974e-05,3.64966e-05,4.01794e-05,3.38307e-05,3.11248e-05,-0.000203782,0.0001205,0,0.000205993,0,0.000167203,0.514364,-0.000463402,-0.000169158,0.000157834,0.000461694,1786686300,-0.000204804,0.000150944,0,1,0.000191127,0,0.000168062,1,0.000181608,0,0.000173032,1,0.000180181,0,0.000148693,1
1786686540,-0.000302844,4.24971e-05,4.24971e-05,-0.000302844,0.000287195,0.50479,8.92508e-05,8.71989e-05,0.0502496,-0.000378662,-0.000294903,-0.000144914,-4.57636e-05,1.83192e-06,6.15324e-05,0.000137971,0.000282394,0.000383954,8.62508e-05,8.62579e-05,8.63872e-05,9.31745e-05,8.7007e-05,8.73717e-05,9.55077e-05,9.42846e-05,0.000184714,0,7.96084e-05,0.000186941,0,0.000101954,0.526106,-0.00041516,-0.000144034,0.000149709,0.00041707,1786686300,0.000195795,0,0.000175716,1,0.000206683,0,0.000168398,1,0.000183552,0,0.000161702,1,0.000192319,0,0.000183641,1
1786686600,-6.37684e-05,2.6569e-05,2.6569e-05,-6.37684e-05,0.000287516,0.493019,2.85948e-05,2.83871e-05,0.0440612,-0.000413552,-0.000323669,-0.000161995,-5.81671e-05,-3.7651e-06,5.11817e-05,0.000137919,0.000284891,0.000392591,3.71074e-05,3.13792e-05,3.23072e-05,2.57943e-05,3.29669e-05,3.79434e-05,2.95788e-05,2.31604e-05,-0.000197636,0.000112119,0,0.00020256,0,0.000160991,0.519717,-0.000453852,-0.000162175,0.000160685,0.000445814,1786686600,0.000178964,0,0.000155818,1,0.000192694,0,0.0001782,1,0.000204371,0,0.000169608,1,0.000187335,0,0.000168762,1
1786686660,6.90822e-05,-1.06285e-05,7.97099e-05,-1.06285e-05,0.000284769,0.500787,2.72088e-05,2.78195e-05,0.0457148,-0.000367123,-0.000288835,-0.000143002,-4.65122e-05,2.09708e-07,4.96224e-05,0.000125141,0.000259739,0.000355529,3.78833e-05,3.14971e-05,3.21323e-05,2.3533e-05,3.33423e-05,3.53721e-05,2.21605e-05,2.52137e-05,0.000162653,0,6.51152e-05,0.000168622,0,9.64381e-05,0.522849,-0.000375251,-0.000131062,0.000130286,0.000362826,1786686600,0.000184862,0,0.00016095,1,0.000175507,0,0.000159685,1,-0.000201375,0.000159668,0,1,0.000195263,0,0.00017622,1
1786686720,0.000159402,5.84505e-05,0.000286906,5.84505e-05,0.000282077,0.504594,4.51077e-05,4.58944e-05,0.047492,-0.000368619,-0.000287207,-0.000138502,-4.54585e-05,1.93515e-06,5.48084e-05,0.000128421,0.000268681,0.00035766,5.29358e-05,4.66293e-05,4.66077e-05,4.52235e-05,4.74211e-05,4.77568e-05,4.23296e-05,4.50006e-05,0.000161378,0,6.85457e-05,0.000168098,0,8.83427e-05,0.529757,-0.000381718,-0.000129719,0.000129597,0.000366114,1786686600,0.000148875,0,0.000119614,1,0.000194154,0,0.000159963,1,0.000187842,0,0.000154379,1,0.000207763,0,0.000176953,1
1786686780,0,-1.0626e-05,8.50042e-05,-7.9698e-05,0.00028015,0.500879,2.23709e-05,2.28814e-05,0.0481669,-0.000372854,-0.000294115,-0.000146962,-5.31274e-05,3.33865e-07,5.64915e-05,0.000128206,0.000266001,0.000369441,3.35553e-05,2.60081e-05,2.64894e-05,1.90279e-05,2.7965e-05,2.60371e-05,2.10072e-05,1.91756e-05,0.000167237,0,0.000118061,0.000184295,0,0.000136042,0.515427,-0.000419841,-0.000153365,0.000139243,0.000416407,1786686600,-0.000156198,0.000111418,0,1,-0.000162494,0.00012016,0,1,0.000191276,0,0.000169893,1,0.000191464,0,0.000158612,1
1786686840,0.000180625,0,0.000207185,-5.313e-06,0.000277334,0.505479,5.10887e-05,5.15571e-05,0.0523059,-0.000362824,-0.000275879,-0.000134828,-4.39525e-05,2.20094e-06,5.72438e-05,0.000123905,0.000259754,0.000356673,5.63437e-05,5.24452e-05,5.22711e-05,5.12026e-05,4.94276e-05,5.29812e-05,5.16291e-05,4.89632e-05,0.00015654,0,0.000104875,0.000175988,0,0.00012253,0.520477,-0.000403264,-0.000141168,0.000136329,0.000406067,1786686600,0.000184735,0,0.000167397,1,0.000165913,0,0.000128462,1,0.000166123,0,0.000136175,1,0.000184522,0,0.000161222,1
1786686900,0.000127481,5.31201e-06,0.000127481,-8.49961e-05,0.000275733,0.507207,3.65156e-05,3.64697e-05,0.0521144,-0.000360933,-0.00027613,-0.000133628,-4.39137e-05,3.11159e-06,5.95831e-05,0.000132374,0.000261818,0.000368091,4.72988e-05,4.02544e-05,4.04838e-05,3.63703e-05,3.83808e-05,3.83673e-05,3.65197e-05,3.31737e-05,0.000159738,0,0.000102711,0.000171458,0,0.000110104,0.518851,-0.000385521,-0.000139442,0.000129838,0.000387178,1786686900,0.000178621,0,0.00015509,1,0.000185802,0,0.000167109,1,0.00017504,0,0.000136442,1,0.000154548,0,0.000134381,1
1786686960,-0.000276228,-5.31137e-06,4.7801e-05,-0.000361237,0.000273556,0.503317,7.95563e-05,7.87752e-05,0.0545365,-0.000371399,-0.000285332,-0.000141111,-4.45114e-05,9.32859e-07,6.06292e-05,0.000134286,0.000271261,0.00036854,7.9069e-05,7.87277e-05,7.88826e-05,8.29651e-05,8.29005e-05,8.08411e-05,8.15146e-05,8.11532e-05,0.000165946,0,0.000120432,0.000171253,0,0.000108328,0.521561,-0.00038619,-0.000136928,0.000133448,0.000393546,1786686900,0.000166429,0,0.000150265,1,0.000176824,0,0.000162327,1,0.000193337,0,0.000171034,1,0.000172265,0,0.000139853,1
1786687020,-0.00019128,-3.18774e-05,-2.12515e-05,-0.000212535,0.00027361,0.499318,5.55264e-05,5.43134e-05,0.0489827,-0.000414751,-0.00030888,-0.000157942,-5.33911e-05,-7.54631e-07,5.96997e-05,0.000145473,0.000297286,0.000397742,5.74067e-05,5.51338e-05,5.53498e-05,5.53566e-05,5.65462e-05,5.66445e-05,5.66993e-05,5.46229e-05,-0.000183428,0.00016546,5.65563e-06,0.000193373,0,0.000165286,0.520111,-0.000435186,-0.000154174,0.000154097,0.000441744,1786686900,0.000173693,0,0.000156723,1,0.000168073,0,0.000139983,1,0.00018245,0,0.000167832,1,0.000193259,0,0.000176151,1
1786687080,-5.31385e-06,0,0,-5.31385e-06,0.000272208,0.501083,2.31196e-05,2.35401e-05,0.0496798,-0.000393183,-0.000292567,-0.000144817,-4.89609e-05,5.03236e-08,5.93953e-05,0.00013963,0.00027498,0.000366209,3.40673e-05,2.52513e-05,2.64195e-05,1.8936e-05,2.65832e-05,2.75934e-05,2.35117e-05,2.03016e-05,0.0001712,0,0.000145707,0.000175585,0,0.000122198,0.522143,-0.000393178,-0.000136547,0.000139971,0.000389648,1786686900,0.000189163,0,0.000160842,1,0.000175082,0,0.000144245,1,0.000180983,0,0.000143576,1,0.00019588,0,0.000164362,1
1786687140,0.000116898,5.31385e-06,0.00022847,0,0.000269473,0.502733,3.38083e-05,3.40388e-05,0.0492669,-0.000366512,-0.000269377,-0.000126317,-3.64303e-05,2.22966e-07,5.19669e-05,0.000118606,0.000244392,0.000335775,4.56268e-05,3.78822e-05,3.85287e-05,3.33549e-05,3.72339e-05,3.69989e-05,3.31208e-05,3.14496e-05,0.000147724,0,9.41357e-05,0.000129204,0,5.14669e-05,0.527596,-0.000279738,-9.11699e-05,8.85167e-05,0.00026098,1786686900,0.000162617,0,0.000136466,1,0.000189922,0,0.000157519,1,0.000171574,0,0.000149023,1,0.000174191,0,0.00014795,1
1786687200,-0.000446412,2.12527e-05,6.37569e-05,-0.000451728,0.000267276,0.492485,0.000141906,0.000140971,0.0473199,-0.000422774,-0.000319229,-0.000167686,-5.98512e-05,-4.92161e-06,6.10769e-05,0.000150604,0.000305746,0.000406105,0.000127485,0.000145586,0.000141689,0.000134078,0.000152154,0.000152474,0.000134207,0.000153244,-0.000192818,0.000260794,4.88427e-05,0.000207157,3.16265e-05,0.000226604,0.515805,-0.000455983,-0.000167732,0.000164289,0.000460304,1786687200,0.000103142,0,7.86984e-05,1,0.000171848,0,0.000147605,1,-0.000196226,0.000157541,0,1,0.000178459,0,0.000152999,0
1786687260,-0.000239231,-5.31563e-06,-5.31563e-06,-0.000393433,0.000272017,0.504674,7.16558e-05,6.98665e-05,0.0476972,-0.000456222,-0.000339182,-0.000164701,-5.13313e-05,2.03392e-06,7.25039e-05,0.000173733,0.000330238,0.000436796,6.85653e-05,6.84032e-05,6.87053e-05,6.85859e-05,6.62116e-05,6.85532e-05,7.24735e-05,7.70022e-05,0.0002045,0,0.000207866,0.000208085,0,0.000196617,0.51878,-0.00046463,-0.000163303,0.000167812,0.000458356,1786687200,0.000266486,0,0.000198427,0,-0.000127578,8.31067e-05,0,0,0.000180672,0,0.000145835,1,0.000194303,0,0.000154167,1
1786687320,-0.000425441,-1.06338e-05,-1.06338e-05,-0.000425441,0.000271401,0.515934,0.000136733,0.000133675,0.0489857,-0.000441289,-0.00033059,-0.000159299,-4.46207e-05,8.25192e-06,7.64915e-05,0.000179713,0.000339906,0.000442115,0.00012029,0.000132751,0.000128478,0.000138534,0.000125974,0.000120275,0.000139562,0.000147933,0.000206444,0,0.000176205,0.000203264,0,0.000163053,0.526249,-0.00044866,-0.000151232,0.000172017,0.000447307,1786687200,0.00020542,0,0.000173602,0,0.000225345,0,0.000195676,0,0.00012801,0,9.42186e-05,0,0.000166885,0,0.000135694,0
1786687380,-0.000148947,-3.72347e-05,-3.72347e-05,-0.000223429,0.000275327,0.514521,4.83281e-05,4.75427e-05,0.0590505,-0.000454769,-0.000344957,-0.000165722,-5.20708e-05,8.65832e-06,8.00819e-05,0.000179961,0.000338071,0.000437638,5.04021e-05,4.44246e-05,4.78162e-05,4.32989e-05,4.33194e-05,5.23729e-05,5.20036e-05,5.56881e-05,0.000209839,0,0.000181962,0.000208806,0,0.000181315,0.524696,-0.000465728,-0.000159145,0.000174473,0.000448381,1786687200,0.000201146,0,0.000171845,1,0.00020252,0,0.000171187,0,0.000220677,0,0.000168666,0,0.000117203,0,8.31656e-05,0
1786687440,6.38373e-05,-1.06399e-05,0.000244687,-1.06399e-05,0.000273373,0.516978,2.883e-05,2.99144e-05,0.0595128,-0.000441611,-0.000332556,-0.00015666,-4.70679e-05,9.40204e-06,7.5032e-05,0.000172992,0.000339495,0.000429464,3.72298e-05,2.9648e-05,3.28955e-05,2.54324e-05,3.49399e-05,3.90883e-05,2.68302e-05,2.80252e-05,0.00020058,0,0.000149737,0.000194969,0,0.000139286,0.532654,-0.000438147,-0.00014322,0.000167481,0.00042795,1786687200,0.000205348,0,0.00017807,1,0.000199507,0,0.000180767,1,-0.000215882,0.00016153,0,1,-0.000218783,0.00019103,0,0
1786687500,0.000292535,3.72365e-05,0.000329761,3.72365e-05,0.000270776,0.505163,8.04287e-05,8.21135e-05,0.0536724,-0.000451918,-0.00033758,-0.00016534,-5.36775e-05,2.62017e-06,7.01707e-05,0.000164721,0.00033961,0.000430317,8.49119e-05,8.3646e-05,8.3766e-05,8.54684e-05,8.75091e-05,8.3994e-05,7.96717e-05,7.44302e-05,0.000198118,0,0.000172121,0.00020377,0,0.000177577,0.522347,-0.000465798,-0.000161183,0.000164837,0.00045599,1786687500,0.000189932,0,0.000158053,1,0.000216068,0,0.000175149,1,0.000211283,0,0.000173472,1,0.000218564,0,0.000170476,1
1786687560,-0.00024466,0,2.65899e-05,-0.000297855,0.000271228,0.501365,7.19832e-05,6.96265e-05,0.0467005,-0.000427755,-0.000337046,-0.000164151,-5.35377e-05,3.48408e-07,6.35273e-05,0.000150718,0.000311884,0.000413581,7.03934e-05,6.9862e-05,7.02094e-05,6.9794e-05,6.58839e-05,7.01667e-05,7.46363e-05,7.42021e-05,0.000190421,0,0.000153862,0.000196187,0,0.000148218,0.519177,-0.000441808,-0.000159698,0.00015655,0.000440431,1786687500,0.000212337,0,0.000181991,1,0.000196441,0,0.00016909,1,0.000213235,0,0.000183024,1,0.000202309,0,0.000165551,1
1786687620,-1.06388e-05,0,6.38301e-05,-6.38342e-05,0.000270722,0.5017,2.70003e-05,2.72138e-05,0.046343,-0.000432285,-0.000330609,-0.000167702,-5.74044e-05,6.79037e-07,6.69053e-05,0.000155124,0.000328059,0.000427085,3.42677e-05,2.56064e-05,2.95101e-05,2.11585e-05,2.83007e-05,3.60011e-05,2.7842e-05,2.64417e-05,0.000195364,0,0.000169035,0.000196643,0,0.000174156,0.521521,-0.000444175,-0.000156377,0.000160394,0.000446901,1786687500,0.000210607,0,0.000182295,1,0.00021372,0,0.000182433,1,0.000199287,0,0.000161911,1,0.000205541,0,0.000177527,1
1786687680,-2.12778e-05,-7.97942e-05,-2.12778e-05,-0.000122354,0.000268006,0.508341,2.54158e-05,2.54128e-05,0.0432591,-0.000404337,-0.000305315,-0.00014733,-4.2224e-05,3.50171e-06,6.39744e-05,0.00014345,0.000304477,0.000399107,3.47574e-05,2.582e-05,2.91705e-05,1.89985e-05,2.76749e-05,3.36172e-05,2.6216e-05,2.51563e-05,0.000174957,0,0.000120505,0.000173846,0,0.000120192,0.526877,-0.000394206,-0.00013194,0.000144482,0.000405799,1786687500,0.000203936,0,0.000162688,1,0.000204961,0,0.00017514,1,-0.000223549,0.000164924,0,1,0.000193929,0,0.000153788,1
1786687740,-2.65979e-05,2.12778e-05,5.31938e-05,-2.65979e-05,0.000265329,0.50546,2.4893e-05,2.46778e-05,0.0427469,-0.000410781,-0.000303801,-0.000141014,-3.73717e-05,1.49241e-06,5.72587e-05,0.000140906,0.000296157,0.000383768,3.5051e-05,2.57165e-05,2.86057e-05,1.79598e-05,2.72763e-05,2.96772e-05,2.89331e-05,2.4834e-05,0.000169164,0,9.92873e-05,0.000166998,0,9.73666e-05,0.53741,-0.000380244,-0.000122696,0.000141746,0.00038486,1786687500,0.000177493,0,0.000141232,1,0.000200105,0,0.000167582,1,0.000210122,0,0.000169898,1,0.000223915,0,0.000185492,1
1786687800,-0.000377767,0,0,-0.000739706,0.000262689,0.490189,0.000121154,0.000118396,0.0437334,-0.000361873,-0.000278706,-0.000138247,-3.96208e-05,-4.99322e-06,4.63241e-05,0.000114391,0.000255775,0.000349523,0.000107049,0.000115296,0.000112097,0.000140173,0.000106416,0.000116134,0.000129429,0.000124724,-0.000154133,8.04786e-05,0,0.000149358,0,9.61201e-05,0.523759,-0.000341168,-0.000117928,0.000117646,0.000342,1786687800,0.000168068,0,0.000140612,1,0.000180429,0,0.000155363,1,0.000204931,0,0.000173531,1,0.000213873,0,0.000182483,1
1786687860,8.51431e-05,0,0.000122391,-5.32168e-06,0.00026548,0.509508,3.34497e-05,3.47859e-05,0.0424331,-0.000482065,-0.000365585,-0.000175502,-5.12622e-05,5.27032e-06,7.52603e-05,0.000186814,0.00037369,0.000480711,4.05648e-05,3.2435e-05,3.52881e-05,3.61678e-05,3.795e-05,4.03906e-05,3.49364e-05,2.99807e-05,0.000219157,0,0.000222294,0.000206859,0,0.000202414,0.530889,-0.000460005,-0.000155047,0.000178402,0.000468113,1786687800,0.000156274,0,0.000117792,1,0.000179259,0,0.000122728,1,0.00019434,0,0.000148766,1,0.000215008,0,0.000160596,1
1786687920,-6.91782e-05,5.3212e-06,0.000154303,-8.51431e-05,0.000263088,0.50088,3.17477e-05,3.07567e-05,0.0399493,-0.000406407,-0.000309889,-0.000148121,-4.3209e-05,-4.69069e-07,5.99163e-05,0.00014674,0.000304678,0.000394887,3.75083e-05,2.99424e-05,3.24694e-05,2.71927e-05,2.89688e-05,3.59442e-05,3.53256e-05,3.13064e-05,0.000177084,0,0.000118273,0.000162331,0,9.92202e-05,0.532981,-0.000370692,-0.000123346,0.000136455,0.000371742,1786687800,0.000229447,0,0.000191165,1,0.000168087,0,0.000136662,1,0.000177698,0,0.000129013,1,0.000188679,0,0.000137663,1
1786687980,-0.000340639,0.000122389,0.000143672,-0.000345963,0.000260627,0.494501,0.000102785,9.86552e-05,0.040598,-0.000438866,-0.000326682,-0.000157578,-4.91667e-05,-4.01388e-06,6.44552e-05,0.000152318,0.000324413,0.000422336,9.64388e-05,0.000101082,9.72013e-05,0.000101369,8.97994e-05,9.80591e-05,0.00010037,0.000114161,-0.000186654,0.000141395,0,0.000178073,0,0.000158342,0.525674,-0.000412411,-0.000141525,0.000146524,0.000415488,1786687800,0.000175866,0,0.00013958,1,0.000218932,0,0.000180251,1,0.00016861,0,0.00013355,0,0.000176022,0,0.00012005,1
1786688040,0,5.32338e-06,0.000133076,0,0.000262467,0.500033,2.76455e-05,2.7282e-05,0.0401708,-0.000455643,-0.000344085,-0.000168291,-5.36827e-05,-6.13169e-07,6.69969e-05,0.000167614,0.000335595,0.000444672,3.3975e-05,2.39545e-05,2.78668e-05,2.4958e-05,2.77539e-05,3.49358e-05,2.95019e-05,2.79093e-05,0.00020162,0,0.000191794,0.00019466,0,0.000186429,0.527358,-0.00043649,-0.000150556,0.000165243,0.00043882,1786687800,0.000188962,0,0.000152805,1,0.000181632,0,0.000142704,1,0.000220081,0,0.000186585,1,0.000166048,0,0.000132056,1
1786688100,-0.000149066,5.32338e-06,1.59701e-05,-0.000149066,0.000259829,0.500444,4.70564e-05,4.55166e-05,0.0396639,-0.000450382,-0.000337045,-0.000164958,-5.21227e-05,-3.88584e-07,6.59299e-05,0.000158093,0.000328467,0.000426254,4.98293e-05,4.3136e-05,4.54967e-05,4.52244e-05,3.86942e-05,4.89552e-05,4.93946e-05,5.6254e-05,0.000194667,0,0.000187986,0.000186101,0,0.000176597,0.528469,-0.000423087,-0.000148121,0.000154457,0.000423936,1786688100,0.000204739,0,0.000157402,1,0.000197211,0,0.000149302,1,0.000192927,0,0.00013579,1,0.000226864,0,0.000176688,1
1786688160,-4.79189e-05,0,5.32418e-06,-0.000447332,0.00025808,0.493062,2.71664e-05,2.55548e-05,0.0402905,-0.000405538,-0.000299697,-0.000146593,-4.58474e-05,-3.79713e-06,4.93942e-05,0.000133552,0.000286366,0.000376893,3.58001e-05,2.60364e-05,2.93043e-05,2.13874e-05,2.58941e-05,3.24691e-05,2.97335e-05,2.83588e-05,-0.000169694,9.28075e-05,0,0.000163669,0,0.000127959,0.53402,-0.000378375,-0.000125923,0.000138949,0.000377151,1786688100,0.000203023,0,0.000145759,1,0.000201515,0,0.000164516,1,0.000194155,0,0.000159103,1,0.000182762,0,0.000143888,1
1786688220,-0.000378107,0,0.000330061,-0.000378107,0.000255576,0.497576,0.000118536,0.000113682,0.0412468,-0.000430117,-0.000326698,-0.000156246,-4.85465e-05,-1.95806e-06,5.93658e-05,0.000160192,0.000334153,0.000447432,0.000106445,0.000116346,0.00011255,0.000112307,0.000101858,0.000113589,0.000121721,0.000129479,-0.00019047,0.000153955,0,0.000189427,0,0.000159442,0.53644,-0.000424595,-0.000138926,0.000167598,0.000443016,1786688100,0.000162777,0,0.00012103,1,0.000205744,0,0.000153599,1,0.000211801,0,0.000165381,1,0.000192191,0,0.000150651,0
1786688280,5.32632e-05,-5.32647e-06,8.52197e-05,-0.000410221,0.000258596,0.497877,3.13484e-05,3.24086e-05,0.0406149,-0.000495424,-0.000371653,-0.0001826,-6.31585e-05,-1.59734e-06,6.6191e-05,0.000176681,0.000363749,0.000487519,3.66815e-05,2.65839e-05,3.07104e-05,3.46498e-05,3.437e-05,3.82366e-05,3.33367e-05,2.85946e-05,-0.000216352,0.000183827,1.79679e-05,0.000209265,0,0.000224117,0.525607,-0.000466721,-0.000160738,0.000175411,0.000470494,1786688100,0.000209756,0,0.000168339,1,0.000176446,0,0.00012405,1,-0.000194391,0.000135309,0,1,0.000205516,0,0.000156425,1
1786688340,5.32603e-05,0,0.000101192,-0.000255689,0.000256108,0.502702,3.024e-05,3.10852e-05,0.0378105,-0.000462985,-0.000352599,-0.000168355,-5.41012e-05,1.17281e-06,6.61452e-05,0.000179086,0.000361444,0.00048421,3.66784e-05,2.63283e-05,2.99294e-05,3.44842e-05,3.3746e-05,3.52769e-05,3.07159e-05,2.78486e-05,0.000210009,0,0.000183262,0.000197348,0,0.000161578,0.534394,-0.000436052,-0.000143858,0.000173996,0.000454162,1786688100,0.000225632,0,0.000179811,1,0.000197743,0,0.000166002,1,0.000171849,0,0.000128745,1,0.000203965,0,0.000166227,1
1786688400,-0.00037821,0,0,-0.00040485,0.000253646,0.50084,0.000117232,0.000112088,0.0364841,-0.000447069,-0.000341778,-0.000162098,-5.12713e-05,5.39309e-08,6.02288e-05,0.00016668,0.000343737,0.000449651,0.000106414,0.000116538,0.000112055,0.000107634,0.000100858,0.0001094,0.000117887,0.000132369,0.00019797,0,0.000181199,0.000185965,0,0.00015052,0.53406,-0.00042072,-0.000140322,0.000161432,0.00043443,1786688400,0.000213726,0,0.00017614,1,0.00021932,0,0.000172753,1,0.00019532,0,0.000161078,1,0.000162589,0,0.000118886,1
1786688460,7.99154e-05,5.32789e-06,0.000303645,-2.66399e-05,0.00025673,0.496551,3.19866e-05,3.40348e-05,0.0372171,-0.000456697,-0.000352168,-0.000172746,-5.87567e-05,-2.19637e-06,5.90274e-05,0.000162777,0.000333922,0.000438612,3.99686e-05,3.08782e-05,3.44619e-05,3.42015e-05,3.9188e-05,4.02658e-05,3.1522e-05,2.78807e-05,-0.000202513,0.000166045,4.79399e-06,0.00019037,0,0.000167015,0.526502,-0.00042308,-0.00014696,0.000161125,0.000426648,1786688400,0.000206363,0,0.000169687,1,0.000204349,0,0.000172937,1,-0.000231178,0.000158582,0,1,0.000202299,0,0.000153914,1
1786688520,0.000271665,1.59823e-05,0.000367529,1.59823e-05,0.000254401,0.498043,7.42873e-05,7.77528e-05,0.0352178,-0.000452238,-0.000348466,-0.000171116,-5.80124e-05,-1.42541e-06,6.16898e-05,0.000164688,0.000343531,0.000452712,8.0293e-05,7.7759e-05,7.79992e-05,7.74684e-05,9.01604e-05,7.80656e-05,7.34169e-05,6.49013e-05,-0.000202351,0.000162575,0,0.000193724,0,0.000163804,0.524183,-0.000430681,-0.000150065,0.00016225,0.000440314,1786688400,0.00019693,0,0.000152166,1,0.000201359,0,0.000156851,1,0.00020168,0,0.000162578,1,0.000228111,0,0.000175625,1
1786688580,-9.58732e-05,-5.32605e-06,-5.32605e-06,-0.000394204,0.000254758,0.492344,3.72993e-05,3.56264e-05,0.0392906,-0.000457385,-0.000351268,-0.000173151,-5.99163e-05,-4.57817e-06,5.59276e-05,0.000150927,0.000321387,0.000430834,4.08766e-05,3.36134e-05,3.70748e-05,3.65957e-05,2.89314e-05,4.22729e-05,4.09596e-05,3.67975e-05,-0.000197136,0.000167894,0,0.000192411,0,0.000157377,0.524567,-0.00042832,-0.000153499,0.000157997,0.000437523,1786688400,0.00020606,0,0.000165046,1,0.000192431,0,0.000154476,1,0.000186261,0,0.000159156,1,0.00019808,0,0.00016028,1
1786688640,0,5.32653e-06,0.000362139,-0.000143827,0.000252561,0.498268,2.71692e-05,2.66211e-05,0.0359902,-0.00043985,-0.000342067,-0.000163641,-5.6055e-05,-1.20465e-06,5.88478e-05,0.000159552,0.00033396,0.000452669,3.37154e-05,2.27971e-05,2.69809e-05,2.82322e-05,2.66234e-05,3.25777e-05,2.87906e-05,2.67484e-05,-0.000194497,0.000180562,0,0.000192067,0,0.000164207,0.53846,-0.00042953,-0.000143717,0.000167774,0.000453385,1786688400,-0.000200309,0.000138724,0,1,0.000200654,0,0.000174048,1,0.000200865,0,0.000157856,1,0.000196568,0,0.00015617,1
1786688700,-0.000165136,-3.72865e-05,-3.72865e-05,-0.000234395,0.000250023,0.496291,5.15006e-05,4.7917e-05,0.0351638,-0.000445454,-0.000342683,-0.000162824,-5.47401e-05,-2.43075e-06,5.84659e-05,0.000156145,0.000334196,0.000444107,5.24012e-05,4.73673e-05,4.77268e-05,5.16789e-05,3.93847e-05,4.9337e-05,5.17519e-05,6.10451e-05,-0.000192361,0.000175278,0,0.000192468,0,0.000185786,0.527455,-0.000430998,-0.00015046,0.000162755,0.000452672,1786688700,0.000208419,0,0.000159335,1,0.00020296,0,0.000148488,1,0.000216241,0,0.000162721,1,0.000197781,0,0.000144331,1
1786688760,-0.000234434,-5.32744e-06,-5.32744e-06,-0.000234434,0.000248609,0.503581,7.11413e-05,6.71856e-05,0.0326447,-0.00041689,-0.000317313,-0.000153049,-4.9066e-05,1.76643e-06,5.31831e-05,0.000148608,0.000307877,0.000402795,6.64746e-05,6.66051e-05,6.69547e-05,6.7181e-05,5.52353e-05,6.86036e-05,7.48593e-05,7.95645e-05,0.000181553,0,0.00015953,0.000160444,0,0.0001112,0.52961,-0.000359774,-0.000121872,0.000137788,0.000368497,1786688700,0.000219826,0,0.00016623,1,0.000195678,0,0.000150581,1,0.000195013,0,0.00014946,1,0.000200346,0,0.000161275,1
1786688820,-0.000362415,0,0,-0.000442378,0.000248334,0.495725,0.000113102,0.000107296,0.0308346,-0.000414134,-0.000313024,-0.000153325,-5.23317e-05,-2.19324e-06,4.92597e-05,0.000144414,0.000300842,0.000396504,0.000102025,0.000111055,0.000105689,0.000111019,9.33202e-05,0.000103963,0.000115998,0.000125937,-0.000179794,0.000136587,0,0.000164982,0,0.000122823,0.527683,-0.000368011,-0.000126798,0.000140678,0.000369895,1786688700,0.000162517,0,0.000127183,0,0.00020461,0,0.000176817,0,0.000189876,0,0.000152564,1,0.000183259,0,0.000149064,1
1786688880,0.000181224,-5.33062e-06,0.000181224,-5.33062e-06,0.000251124,0.4977,4.88053e-05,5.2974e-05,0.0323772,-0.000455396,-0.000349871,-0.000174494,-5.87612e-05,-1.41396e-06,5.81029e-05,0.000162945,0.000333762,0.000436157,5.68485e-05,5.262e-05,5.29612e-05,5.22249e-05,6.52016e-05,5.69927e-05,4.61673e-05,4.37379e-05,-0.000203795,0.000165339,1.30888e-06,0.000187668,0,0.000153921,0.527229,-0.000412166,-0.000140999,0.000161419,0.000409269,1786688700,0.000160949,0,0.000122499,1,0.000168616,0,0.000127573,1,0.000214925,0,0.000168558,1,0.000201717,0,0.000135464,1
1786688940,-0.000330492,0,2.13183e-05,-0.000341155,0.000249918,0.500176,9.95447e-05,9.34134e-05,0.0338487,-0.000423427,-0.000328717,-0.000160067,-5.27998e-05,8.31994e-08,5.31404e-05,0.000152183,0.000309661,0.000401851,9.3106e-05,9.81698e-05,9.37361e-05,0.000100461,8.05208e-05,9.4093e-05,0.000104045,0.000110125,0.000188248,0,0.000138479,0.000176509,0,0.0001068,0.530994,-0.000389819,-0.000133933,0.000149576,0.000386214,1786688700,0.000188395,0,0.000156091,1,0.000167755,0,0.000130193,1,0.000160988,0,0.000129662,0,0.000212409,0,0.000165685,1
1786689000,0.000394446,-1.06629e-05,0.000666203,-1.06629e-05,0.000251782,0.49479,0.000115698,0.000121769,0.0341509,-0.000446847,-0.000355771,-0.00018302,-6.38913e-05,-2.90588e-06,5.49261e-05,0.000158422,0.000316183,0.00042023,0.000114429,0.00012426,0.00011678,0.00011879,0.000148287,0.000111526,0.000113226,0.000107139,-0.000206924,0.000159699,1.71299e-05,0.000207674,0,0.000219441,0.520509,-0.000447024,-0.000163642,0.000168809,0.00043717,1786689000,0.000171422,0,0.000146433,1,0.000187451,0,0.000154715,1,0.000169872,0,0.000128541,1,0.000157815,0,0.000123392,1
1786689060,0.000223805,3.73044e-05,0.000309051,-5.32944e-05,0.000255417,0.489763,6.28293e-05,6.66265e-05,0.0504748,-0.000487354,-0.000384965,-0.000198327,-7.03694e-05,-6.81248e-06,6.07555e-05,0.000168215,0.000351362,0.000472074,6.69986e-05,6.44575e-05,6.49081e-05,6.42209e-05,7.35707e-05,6.47659e-05,6.05438e-05,5.88104e-05,-0.00022313,0.00019414,9.44468e-06,0.000219683,0,0.000203286,0.515689,-0.000469084,-0.000173833,0.000177558,0.000479302,1786689000,0.000201151,0,0.000161191,0,0.000173626,0,0.000133614,1,0.000190026,0,0.000156381,1,0.000155721,0,0.000121259,1
1786689120,6.9263e-05,-5.32812e-06,0.000245063,-5.32812e-06,0.000254823,0.492982,3.11469e-05,3.32591e-05,0.0541593,-0.00046201,-0.000366096,-0.000184816,-6.49514e-05,-4.29484e-06,5.77878e-05,0.00016214,0.000331993,0.000446674,3.8189e-05,2.91252e-05,3.39852e-05,3.29073e-05,3.59665e-05,3.99866e-05,3.1595e-05,2.71558e-05,-0.000210521,0.000175396,0,0.000203957,0,0.00016595,0.519504,-0.00044684,-0.000163812,0.000164989,0.000454804,1786689000,0.000225622,0,0.000192614,1,0.000200213,0,0.000144621,1,0.00018309,0,0.000127162,1,0.000181284,0,0.000149477,1
1786689180,-5.32775e-06,3.72935e-05,0.000298309,-5.32775e-06,0.000252452,0.492932,2.69492e-05,2.66238e-05,0.0500349,-0.000443064,-0.000342956,-0.000175438,-6.28216e-05,-4.34986e-06,5.78871e-05,0.000152635,0.000311771,0.000423954,3.34422e-05,2.33748e-05,2.9102e-05,2.68672e-05,2.69298e-05,3.41262e-05,2.66425e-05,2.63566e-05,-0.000199186,0.000163498,0,0.000189796,0,0.000151618,0.513891,-0.000418094,-0.000155198,0.000150728,0.000434135,1786689000,0.000211667,0,0.000185567,1,-0.000208562,0.000158056,0,1,-0.000172744,0.0001217,0,1,0.000165422,0,0.000131237,1
1786689240,-0.000282411,-5.32778e-06,-5.32778e-06,-0.000378343,0.000249916,0.489825,8.23214e-05,7.83561e-05,0.0456054,-0.000434823,-0.000336328,-0.000167822,-6.19841e-05,-5.91809e-06,5.32472e-05,0.000146388,0.000310515,0.000417415,7.97799e-05,8.00293e-05,8.04547e-05,8.09186e-05,7.08877e-05,8.16872e-05,8.16501e-05,9.09034e-05,-0.000191302,0.000157447,0,0.000187183,0,0.000162672,0.515966,-0.000416637,-0.000152248,0.000150972,0.000429463,1786689000,0.000191566,0,0.000155161,1,0.00020453,0,0.000166957,1,0.000222034,0,0.000176043,1,0.000190459,0,0.000161498,1
1786689300,9.05935e-05,0,0.000277084,0,0.000250607,0.495803,3.34988e-05,3.56012e-05,0.0397164,-0.00044917,-0.000345595,-0.000172412,-5.83186e-05,-2.72248e-06,5.97799e-05,0.000164664,0.000331443,0.000425367,4.17082e-05,3.2287e-05,3.64858e-05,3.63567e-05,3.96011e-05,4.06097e-05,3.16458e-05,2.86318e-05,-0.000203117,0.00017302,0,0.000188451,0,0.000148815,0.525906,-0.000411091,-0.000144231,0.000160381,0.000418652,1786689300,0.000194318,0,0.000155449,1,0.000183588,0,0.000160972,1,0.000188726,0,0.000170008,1,0.00020154,0,0.000187189,1
1786689360,-0.000239824,0,4.26294e-05,-0.000239824,0.000248419,0.491092,7.05519e-05,6.64474e-05,0.0397227,-0.000429404,-0.000330372,-0.000167469,-5.99743e-05,-4.97071e-06,5.1825e-05,0.000146019,0.000305454,0.000405019,6.78947e-05,6.81633e-05,6.85753e-05,6.8858e-05,5.81232e-05,6.97539e-05,7.26975e-05,7.52583e-05,-0.000190597,0.00015041,0,0.000176638,0,0.000137633,0.521101,-0.000394945,-0.000139755,0.000145617,0.000399241,1786689300,0.000184691,0,0.000151031,1,0.000189976,0,0.000168259,1,0.00019777,0,0.000158317,1,0.000198601,0,0.00016958,1
1786689420,-0.001232,-5.33008e-06,3.73098e-05,-0.001232,0.00024825,0.493478,0.000536421,0.000531114,0.0357404,-0.000429923,-0.000333726,-0.000167773,-5.85554e-05,-3.57308e-06,5.20752e-05,0.000146879,0.000301453,0.000396849,0.000501699,0.000543298,0.000525291,0.000539671,0.000522414,0.000511389,0.00054141,0.000544032,-0.000206859,0.000133657,0,0.000171033,0,0.000137046,0.518251,-0.000381492,-0.000136002,0.000139809,0.00037252,1786689300,0.000174023,0,0.000148144,0,0.000186216,0,0.000148069,0,0.000197387,0,0.000165618,0,0.000196003,0,0.000150968,0
1786689480,0.000757515,0.000202772,0.000848165,0.000202772,0.000301251,0.50149,0.0002434,0.000252652,0.802836,-0.000700388,-0.00053041,-0.000269795,-9.14222e-05,1.24285e-06,9.88338e-05,0.000252663,0.00049859,0.000661982,0.000274564,0.000282767,0.000235978,0.00026745,0.000255682,0.000217467,0.000222712,0.000248092,0.00034137,0,0.000363113,0.000301752,0,0.000296807,0.524323,-0.000625587,-0.000217284,0.000251879,0.000601535,1786689300,0.00016087,0,0.0001379,1,0.00017693,0,0.000149503,0,0.000180416,0,0.000150038,1,0.00019368,0,0.000162201,0
1786689540,0.000186623,0,0.000186623,-0.000149324,0.000316881,0.493467,6.16002e-05,6.43887e-05,0.937594,-0.000721729,-0.000557907,-0.000287529,-0.000103726,-6.71635e-06,9.73538e-05,0.000253814,0.00051366,0.000690972,5.78173e-05,5.53349e-05,6.80017e-05,5.55847e-05,8.9852e-05,9.06294e-05,5.67183e-05,5.66942e-05,-0.000355629,0.000325,0,0.000311085,0,0.000244369,0.521253,-0.000645601,-0.000234419,0.000255767,0.000630186,1786689300,0.00028808,0,0.000265249,0,0.000166081,0,0.000137455,1,0.000184595,0,0.000146333,1,0.000174326,0,0.000141795,1
1786689600,0.000175927,3.73205e-05,0.000277205,-1.06633e-05,0.000314805,0.49702,5.65912e-05,5.90397e-05,0.892553,-0.000657462,-0.000512122,-0.000263104,-8.87791e-05,-2.88443e-06,9.03242e-05,0.000223122,0.000474065,0.000633185,5.60282e-05,5.32907e-05,6.44899e-05,5.20646e-05,8.07031e-05,8.06697e-05,5.16655e-05,5.08092e-05,-0.000320729,0.000272582,0,0.000287645,0,0.000220725,0.52549,-0.000623594,-0.000223313,0.000234201,0.000605656,1786689600,0.00028415,0,0.000274338,1,0.000268267,0,0.000243646,0,0.000162363,0,0.000147223,1,0.000169227,0,0.00015112,1
1786689660,-0.000362551,5.33065e-06,5.33065e-06,-0.000367883,0.000312633,0.491164,0.000105056,9.99597e-05,0.828165,-0.000589601,-0.000463182,-0.000245457,-8.46379e-05,-7.95518e-06,8.33259e-05,0.000198729,0.000435366,0.000595329,0.00010218,0.000102914,0.000103906,0.000103247,0.000101251,0.000107687,0.000110095,0.000106456,-0.000294515,0.000267965,0,0.000269071,0,0.000199721,0.516124,-0.000579516,-0.000215574,0.000215243,0.000580274,1786689600,-0.000275063,0.000190829,0,1,-0.000277578,0.000195789,5.94457e-06,1,0.000296999,0,0.000261793,1,0.000160439,0,0.000143095,1
1786689720,-0.000175991,0,0.000127974,-0.000677469,0.000313709,0.491891,5.74694e-05,5.53467e-05,0.77732,-0.000601481,-0.00046045,-0.000241588,-8.61653e-05,-7.06892e-06,8.13591e-05,0.0001961,0.00042728,0.000571084,5.43272e-05,5.35121e-05,6.26256e-05,5.12051e-05,6.49465e-05,6.63819e-05,6.47563e-05,5.29614e-05,-0.000290292,0.00025241,0,0.000275951,0,0.00022898,0.516216,-0.000589389,-0.000216063,0.000223299,0.000573269,1786689600,0.000264443,0,0.000225928,1,0.00027431,0,0.000218013,1,0.00028346,0,0.000226975,1,0.000296945,0,0.000239465,1
1786689780,0.000186656,0,0.000255977,-5.33355e-06,0.000311552,0.498798,5.7416e-05,6.00088e-05,0.700807,-0.00063179,-0.000488366,-0.000244656,-8.59713e-05,-1.38395e-06,9.26232e-05,0.000232917,0.000483535,0.000648304,5.7844e-05,5.49665e-05,6.26064e-05,6.02651e-05,7.5964e-05,6.2089e-05,5.32751e-05,5.34748e-05,-0.000312136,0.000309241,0,0.000294103,0,0.000267647,0.523919,-0.000616314,-0.000216052,0.000248311,0.000624113,1786689600,0.000245233,0,0.000212336,1,0.000235207,0,0.000254507,1,0.000229829,0,0.000237065,1,0.000232106,0,0.000252833,1
1786689840,0.000250598,5.33252e-06,0.000250598,-6.39925e-05,0.000309548,0.491061,7.01043e-05,7.45996e-05,0.625025,-0.000547437,-0.000431911,-0.000225587,-8.03351e-05,-7.28691e-06,7.54663e-05,0.000186109,0.0004032,0.000534121,7.45439e-05,7.26536e-05,7.32456e-05,7.14493e-05,8.21957e-05,7.248e-05,6.05191e-05,7.19148e-05,-0.00027269,0.000227,0,0.000221458,0,0.000148697,0.51905,-0.000488301,-0.000176435,0.000179002,0.000467078,1786689600,0.000272827,0,0.000260281,1,0.000238697,0,0.000228331,1,0.000262908,0,0.000227766,1,0.000257017,0,0.000226014,1
1786689900,3.73177e-05,-1.59937e-05,3.73177e-05,-0.000127957,0.000308479,0.494976,3.53197e-05,3.66565e-05,0.556653,-0.000557893,-0.000445406,-0.000234051,-7.79815e-05,-4.28367e-06,7.96356e-05,0.000191275,0.00040107,0.000543739,3.57622e-05,3.28848e-05,4.09947e-05,3.72071e-05,4.86542e-05,3.84817e-05,3.64115e-05,2.81935e-05,-0.000280545,0.000262622,0,0.000237475,0,0.000196311,0.518941,-0.00051729,-0.0001958,0.000191159,0.000501684,1786689900,0.000212804,0,0.000209355,1,0.000266422,0,0.000245837,1,0.00024617,0,0.000223203,1,0.000275614,0,0.000224521,1
1786689960,0.000138596,0,0.000373101,0,0.000305425,0.495997,4.43256e-05,4.62193e-05,0.450851,-0.000501619,-0.000400623,-0.000200043,-6.68165e-05,-2.92019e-06,6.73223e-05,0.000172395,0.000371412,0.00049783,4.96874e-05,4.5881e-05,5.10681e-05,4.32188e-05,5.62787e-05,4.80589e-05,3.85237e-05,4.24124e-05,-0.000245643,0.000211918,0,0.000209002,0,0.000128961,0.524607,-0.000461207,-0.000160241,0.000172241,0.000456663,1786689900,0.000243545,0,0.000217446,1,0.000217879,0,0.000197912,1,0.000257984,0,0.000236319,1,0.000243746,0,0.000201595,1
1786690020,-0.000730513,0,0,-0.000730513,0.00030299,0.49468,0.000264619,0.000258882,0.376407,-0.000541573,-0.000416142,-0.000215109,-7.88879e-05,-4.2859e-06,7.61922e-05,0.000183139,0.000392979,0.000538102,0.000250427,0.000268908,0.000248614,0.000262764,0.000240428,0.000265059,0.000259983,0.000281657,-0.000263282,0.000229763,0,0.000222998,0,0.000190162,0.50852,-0.00049202,-0.00018466,0.000172863,0.00048681,1786689900,0.000201907,0,0.000184673,1,0.000234484,0,0.000196743,1,0.000212606,0,0.000196994,1,0.000243405,0,0.000221552,1
1786690080,-0.000186713,-5.33417e-06,-5.33417e-06,-0.000666992,0.000317237,0.497572,5.91463e-05,5.7257e-05,0.280389,-0.000588418,-0.000449506,-0.000236306,-8.27556e-05,-2.13118e-06,8.25624e-05,0.000202539,0.000414417,0.000548253,5.6199e-05,5.55048e-05,6.20904e-05,5.42608e-05,5.99198e-05,6.08121e-05,6.47098e-05,5.89447e-05,-0.000288753,0.000240266,0,0.000270334,0,0.00025927,0.515671,-0.000581366,-0.000211038,0.000221227,0.00056018,1786689900,0.000209463,0,0.000203265,0,0.000193219,0,0.000188862,0,0.000194473,0,0.000208745,1,0.000207631,0,0.000219089,1
1786690140,-0.000234774,3.20104e-05,3.20104e-05,-0.000544334,0.000315157,0.503442,7.33669e-05,6.79287e-05,0.0695335,-0.000597663,-0.00045907,-0.000227431,-7.60662e-05,2.4573e-06,9.02625e-05,0.000215329,0.000445733,0.00058212,6.62361e-05,6.73553e-05,6.88485e-05,6.81124e-05,6.56526e-05,6.757e-05,8.03276e-05,8.23477e-05,0.000289423,0,0.000257111,0.000279516,0,0.00023699,0.525297,-0.000591972,-0.000202921,0.000240534,0.000584687,1786689900,0.000247642,0,0.000233974,1,0.000207077,0,0.000203124,0,0.000192316,0,0.000186444,0,0.000230025,0,0.000255263,1
1786690200,0.000736153,3.20179e-05,0.000736153,3.20179e-05,0.000313751,0.50496,0.000248975,0.000258405,0.074816,-0.000605518,-0.0004624,-0.000229017,-7.64729e-05,3.86253e-06,8.84484e-05,0.000211925,0.000442094,0.00056797,0.000264118,0.000268561,0.00024936,0.000256078,0.000259022,0.000254991,0.000242986,0.000231744,0.000288866,0,0.000266427,0.000268231,0,0.000238425,0.522607,-0.000582582,-0.000202207,0.000226006,0.000557228,1786690200,0.000259202,0,0.00025409,1,0.000246924,0,0.000222222,1,0.000220083,0,0.000203734,1,0.00021403,0,0.000186624,1
1786690260,-0.000800192,-5.33249e-06,0.000111976,-0.000800192,0.000327581,0.486353,0.000279734,0.000272247,0.0438599,-0.000628842,-0.000498413,-0.00026159,-9.43362e-05,-1.22511e-05,7.88296e-05,0.000198113,0.000436604,0.000590515,0.000283261,0.000293202,0.000261665,0.00029527,0.000242098,0.000268924,0.000271689,0.000287656,-0.000306051,0.000272265,9.10752e-06,0.000302132,0,0.00027198,0.51348,-0.000642093,-0.000241889,0.000238748,0.000626568,1786690200,0.000251545,0,0.000253473,1,0.000251313,0,0.000256147,1,0.000249111,0,0.000238504,1,0.000210692,0,0.000204734,0
1786690320,-0.00100381,-4.26949e-05,-4.26949e-05,-0.00162369,0.000343467,0.496705,0.000368006,0.000358965,0.0344185,-0.000732216,-0.0005593,-0.000281262,-9.99237e-05,-3.39535e-06,9.82503e-05,0.00024067,0.000514896,0.000682974,0.000384912,0.000387649,0.000348434,0.000379338,0.000319793,0.000319181,0.000364323,0.000384118,-0.000344636,0.000308568,4.66191e-05,0.000326912,0,0.000371198,0.513401,-0.0007039,-0.000257366,0.000259159,0.000672429,1786690200,0.000278585,0,0.000278912,0,0.000254157,0,0.000236112,0,0.000251197,0,0.000235403,0,0.000245803,0,0.000221851,0
1786690380,0.000299113,0,0.000336496,-0.000758867,0.00036846,0.509028,8.34252e-05,8.6901e-05,0.0350727,-0.000869795,-0.000658413,-0.000325465,-0.000109545,1.07253e-05,0.000136893,0.000316408,0.000644877,0.00085666,8.83667e-05,8.70054e-05,9.03288e-05,9.05124e-05,0.000109388,0.000109994,7.81088e-05,7.04744e-05,0.000418434,8.45557e-06,0.00046791,0.000389645,0,0.000401663,0.520476,-0.000799331,-0.000277694,0.000323623,0.000780555,1786690200,0.000302807,0,0.000287564,1,0.000267413,0,0.000262329,0,0.000230266,0,0.000242251,1,0.000238038,0,0.000228801,1
1786690440,-0.000267061,2.13618e-05,2.13618e-05,-0.000389933,0.000367202,0.506882,8.68632e-05,8.42397e-05,0.0368894,-0.000844595,-0.000656985,-0.000324788,-0.000110947,8.09154e-06,0.00012939,0.000299328,0.000623503,0.000840497,7.5224e-05,7.68335e-05,8.36789e-05,8.6601e-05,7.31027e-05,9.83908e-05,9.53199e-05,9.60273e-05,0.000409069,0,0.000400856,0.000391354,0,0.000373958,0.521882,-0.000804258,-0.000281124,0.00032315,0.000783693,1786690200,0.000354864,0,0.000341996,1,0.00028832,0,0.000265364,1,0.000268089,0,0.000236024,0,0.000235741,0,0.000239197,1
1786690500,0.000389885,0,0.000416584,-0.000192328,0.000365468,0.502894,0.000107633,0.000113887,0.039281,-0.000757687,-0.000583676,-0.000298185,-0.000107014,3.17537e-06,0.000111833,0.000245063,0.000532842,0.000717233,0.00011357,0.000112175,0.000112933,0.000111224,0.000132143,0.000115789,0.000100406,9.85716e-05,0.000360076,0,0.000357889,0.00032917,0,0.000287995,0.512334,-0.000706433,-0.000256782,0.000263518,0.000664393,1786690500,0.000351659,0,0.00038122,1,0.000324912,0,0.000340234,1,-0.000293619,0.000223377,5.72786e-06,1,0.000247391,0,0.00025277,0
1786690560,-0.000240322,-9.07817e-05,0.000165522,-0.000421938,0.000365972,0.496585,7.69366e-05,7.42853e-05,0.0410881,-0.000759527,-0.000595913,-0.00030312,-0.000111174,-4.22335e-06,0.000115517,0.000262091,0.000547884,0.000740703,6.7789e-05,6.9382e-05,7.67119e-05,7.58567e-05,6.91477e-05,8.1207e-05,8.25974e-05,8.37147e-05,-0.000372626,0.000333673,6.88506e-06,0.000342355,0,0.000294937,0.509816,-0.00072105,-0.000268063,0.000271403,0.000699856,1786690500,0.000289473,0,0.000299811,1,0.000350385,0,0.000344519,1,0.000369752,0,0.00032931,1,0.000319911,0,0.000266906,1
1786690620,-0.000406009,-4.273e-05,0,-0.000507537,0.000363885,0.496466,0.000119513,0.000112361,0.0450256,-0.000755158,-0.000586346,-0.000301275,-0.000112396,-3.96344e-06,0.000108098,0.00024663,0.00053586,0.000734519,0.000113715,0.00011533,0.000115983,0.00011674,9.66295e-05,0.000117208,0.000122639,0.000128693,-0.000363593,0.00032392,2.2377e-05,0.000330482,0,0.000330778,0.507705,-0.000713828,-0.000262831,0.000260145,0.000691469,1786690500,0.000316623,0,0.000321447,1,0.00029971,0,0.000279241,1,0.000321788,0,0.000315433,1,0.000356909,0,0.000305553,1
1786690680,-6.94654e-05,0,8.01464e-05,-0.000374101,0.000364775,0.492153,4.66188e-05,4.64932e-05,0.0409862,-0.000704128,-0.000537237,-0.000282425,-0.000105011,-8.77562e-06,0.000104519,0.00024174,0.000510041,0.000666129,3.73719e-05,4.15292e-05,4.93436e-05,4.47586e-05,5.16403e-05,4.69486e-05,5.25453e-05,4.72963e-05,-0.0003461,0.000300028,3.33167e-06,0.000294713,0,0.000260612,0.509651,-0.000633754,-0.000231229,0.000238342,0.000613611,1786690500,0.000311012,0,0.000315113,1,-0.00028821,0.000236298,4.11413e-05,1,0.000269568,0,0.000293309,1,0.000294633,0,0.000312341,1
1786690740,-0.000229805,-3.74065e-05,0.000117554,-0.00023515,0.000361242,0.495216,7.21129e-05,6.82983e-05,0.0533695,-0.00067675,-0.000518993,-0.000264759,-9.43565e-05,-5.00619e-06,9.76601e-05,0.000231329,0.000482304,0.000640828,6.47644e-05,6.6612e-05,7.11323e-05,6.80035e-05,6.2593e-05,6.67281e-05,8.03159e-05,8.24564e-05,-0.000326612,0.000255087,0,0.000292978,0,0.000245141,0.516354,-0.000636143,-0.000222579,0.000244529,0.000619398,1786690500,0.000263025,0,0.000257056,1,0.000301303,0,0.000304292,1,0.000311519,0,0.0002935,1,0.00027891,0,0.000267632,1
1786690800,-8.01768e-05,-1.06899e-05,0.000171022,-0.000235204,0.000359085,0.486408,4.87092e-05,4.81706e-05,0.0666254,-0.00072237,-0.000569919,-0.000300095,-0.000117035,-1.54079e-05,9.93886e-05,0.000245576,0.000511312,0.000678449,3.86163e-05,4.13897e-05,4.60628e-05,5.76279e-05,4.85435e-05,4.05724e-05,5.62326e-05,4.77932e-05,-0.000361214,0.000401381,8.67806e-05,0.000321103,5.89422e-05,0.000423163,0.502551,-0.000675187,-0.000256678,0.000256236,0.000650016,1786690800,0.000274363,0,0.000283727,1,0.000262915,0,0.000269026,1,0.00029839,0,0.000317346,1,0.000310317,0,0.000294433,1
1786690860,-0.000138988,-1.60361e-05,-1.60361e-05,-0.000203143,0.000355657,0.486411,5.44041e-05,5.05827e-05,0.0991682,-0.00065122,-0.0004987,-0.000259094,-9.348e-05,-1.30932e-05,8.46838e-05,0.000209829,0.000457073,0.000603078,4.83238e-05,5.07836e-05,5.32889e-05,5.18139e-05,5.01565e-05,4.8104e-05,5.90641e-05,5.92587e-05,-0.000311131,0.000228272,0,0.000273239,0,0.000248233,0.510458,-0.000600522,-0.000213848,0.000222788,0.000579952,1786690800,0.000374578,0,0.000320114,1,0.000275467,0,0.000280546,1,0.000276978,0,0.000264134,1,0.000317248,0,0.000292632,1
1786690920,0.00110069,0,0.00110069,-9.6234e-05,0.000352631,0.484116,0.00043791,0.000450139,0.144723,-0.000586207,-0.000448632,-0.000236283,-8.36816e-05,-1.34471e-05,7.26206e-05,0.000186695,0.000415027,0.000545433,0.000445713,0.000436641,0.000431217,0.000458452,0.000451771,0.00045023,0.000443834,0.000415419,-0.000281343,0.000173604,0,0.000236015,0,0.000171727,0.512696,-0.000514212,-0.000181941,0.000189928,0.000483524,1786690800,0.00026248,0,0.000267743,0,0.000328414,0,0.000333567,1,0.000265485,0,0.000273195,1,0.000263088,0,0.000246301,1
1786690980,0.000464489,0,0.000464489,-0.000144196,0.000382219,0.475392,0.0001323,0.000139579,0.0323426,-0.000771049,-0.000614522,-0.000316466,-0.000122989,-2.96989e-05,9.25178e-05,0.000247572,0.000548857,0.000762476,0.000140533,0.000132925,0.000133537,0.000131785,0.000145203,0.000136636,0.000132203,0.000127419,-0.000376382,0.000349249,6.0668e-05,0.000368578,0,0.000385396,0.506375,-0.000775911,-0.000297409,0.000290776,0.00077789,1786690800,0.000217603,0,0.000214085,0,0.000260105,0,0.000276319,0,0.000304457,0,0.000287074,0,0.000264109,0,0.000264762,1
1786691040,0.000261514,-5.33773e-06,0.00026685,-0.000202854,0.000384038,0.47399,7.7507e-05,8.42148e-05,0.0391193,-0.000735489,-0.000589642,-0.000313298,-0.000123672,-2.89817e-05,8.3978e-05,0.000227265,0.000508231,0.000722764,7.79371e-05,7.64965e-05,8.01229e-05,7.51212e-05,8.83893e-05,8.90685e-05,7.77182e-05,7.76935e-05,-0.00036222,0.000300682,0,0.000345575,0,0.000319424,0.510378,-0.000747509,-0.000282059,0.000271774,0.000755284,1786690800,0.000359685,0,0.000362079,1,0.000226828,0,0.000231715,0,0.000270037,0,0.000273966,0,0.000289892,0,0.000302895,0
1786691100,-3.20184e-05,-8.0048e-05,-1.06727e-05,-0.000181451,0.000381972,0.47427,4.26809e-05,4.22777e-05,0.046837,-0.000677873,-0.0005414,-0.000289509,-0.000115385,-2.8753e-05,8.45239e-05,0.000220097,0.000488108,0.000693135,3.52514e-05,4.1246e-05,4.83916e-05,4.01298e-05,5.20685e-05,5.10098e-05,4.16428e-05,3.91782e-05,-0.000340825,0.000294711,0,0.00033054,0,0.000265231,0.512829,-0.000708713,-0.000262442,0.000267644,0.000737915,1786691100,-0.000345564,0.000273383,0,1,-0.000346449,0.000290481,0,1,0.000223816,0,0.000228462,0,0.000267906,0,0.000263226,0
1786691160,0.000394822,3.73548e-05,0.000394822,-5.33651e-06,0.000378161,0.477005,0.000111695,0.000117884,0.0568177,-0.000612885,-0.000493489,-0.00025767,-9.4733e-05,-2.31621e-05,7.90758e-05,0.000197824,0.00044747,0.000621661,0.000114921,0.000113331,0.000113613,0.000113051,0.000119195,0.000113478,0.000107806,0.00011077,-0.000304246,0.000226967,0,0.000296357,0,0.000187761,0.51989,-0.000643479,-0.000226106,0.000246702,0.000661583,1786691100,0.000334614,0,0.000295643,1,0.000332811,0,0.000287096,1,0.000332551,0,0.000304326,1,0.000223985,0,0.000218395,0
1786691220,-0.000453526,3.734e-05,3.734e-05,-0.000464199,0.000378501,0.474729,0.000129348,0.000122539,0.0635033,-0.00064403,-0.000516927,-0.000272133,-0.000102069,-2.57343e-05,7.76121e-05,0.000215085,0.000464626,0.00064152,0.000128935,0.000128759,0.000129227,0.00013154,0.000124175,0.000128812,0.000133458,0.000127524,-0.000323715,0.000266916,0,0.000325227,0,0.000230942,0.515036,-0.000696467,-0.000255939,0.000264848,0.000714557,1786691100,0.000293027,0,0.000261748,1,0.000311872,0,0.000293895,1,0.000312285,0,0.000295095,1,-0.000304617,0.000261253,1.88117e-05,1
1786691280,-0.000133429,-1.06737e-05,-1.06737e-05,-0.000469749,0.000380147,0.47681,5.19101e-05,4.84846e-05,0.0446404,-0.0006313,-0.000497406,-0.000263429,-9.69456e-05,-2.2416e-05,7.57685e-05,0.000208543,0.000448381,0.000622978,4.74854e-05,5.19833e-05,5.54638e-05,4.63324e-05,5.629e-05,5.23265e-05,5.33539e-05,5.15333e-05,-0.000313223,0.000226416,0,0.000302348,0,0.000265379,0.508651,-0.000665984,-0.000242036,0.00024329,0.000664047,1786691100,-0.000321699,0.000258135,0,1,0.000298629,0,0.000255222,1,0.000325177,0,0.000276354,1,0.000335745,0,0.000285791,1
1786691340,-5.33753e-06,-3.73633e-05,-5.33753e-06,-0.0001548,0.000376799,0.479392,3.73322e-05,3.8239e-05,0.0534957,-0.000598282,-0.000475756,-0.000245048,-9.26058e-05,-1.96407e-05,7.7175e-05,0.000212801,0.000462705,0.0006173,3.38139e-05,3.87335e-05,4.18802e-05,3.53621e-05,5.07688e-05,3.70145e-05,3.76537e-05,3.28841e-05,-0.000302679,0.000236448,0,0.000295791,0,0.000222605,0.519857,-0.000648711,-0.000219892,0.00025476,0.000664812,1786691100,0.000286996,0,0.000248782,1,0.000331934,0,0.000263488,1,0.000292155,0,0.000249943,1,0.000338281,0,0.000266102,1
1786691400,-8.54044e-05,5.33753e-06,7.47229e-05,-0.000133448,0.000373012,0.485509,4.20193e-05,3.83513e-05,0.0726444,-0.000546142,-0.000434685,-0.00021643,-7.4086e-05,-1.09526e-05,6.61237e-05,0.000183676,0.000417296,0.000560041,3.94675e-05,4.3075e-05,4.42998e-05,3.48257e-05,5.12634e-05,3.92721e-05,4.55392e-05,4.17112e-05,-0.000265238,0.0001757,0,0.000257871,0,0.000147849,0.5254,-0.000577609,-0.000187168,0.000220161,0.000578441,1786691400,0.000299518,0,0.000262534,1,0.000298846,0,0.000246572,1,0.000322987,0,0.000252003,1,0.000302107,0,0.000229311,1
1786691460,5.33786e-05,0,5.33786e-05,-0.000101427,0.000369461,0.475401,3.52661e-05,3.74542e-05,0.10175,-0.000553414,-0.000441771,-0.000230358,-8.61207e-05,-1.89175e-05,5.94643e-05,0.000176403,0.000411203,0.000560939,3.70585e-05,4.02206e-05,4.069e-05,3.11345e-05,5.11292e-05,3.21042e-05,3.32482e-05,3.09266e-05,-0.000272774,0.000177613,0,0.000261398,0,0.00018916,0.51305,-0.00058719,-0.00020508,0.000210748,0.000584418,1786691400,0.000257397,0,0.000229175,1,0.000292792,0,0.000277601,1,-0.000291536,0.000231422,0,1,0.000302087,0,0.000256563,1
1786691520,0.000106749,3.73633e-05,0.000261514,3.73633e-05,0.000365826,0.480559,3.94555e-05,4.32805e-05,0.151918,-0.000517367,-0.000414659,-0.000209078,-7.36849e-05,-1.35125e-05,5.74576e-05,0.000168942,0.000390045,0.000536035,4.48087e-05,4.54073e-05,4.50052e-05,3.76653e-05,5.50343e-05,3.68701e-05,3.41749e-05,3.55444e-05,-0.000251985,0.000175559,0,0.000241601,0,0.000139181,0.522425,-0.000540437,-0.000178402,0.000201607,0.000544011,1786691400,0.000252734,0,0.000216709,1,0.000267261,0,0.000223664,1,0.000293636,0,0.000264742,1,-0.000288892,0.000220625,0,1
1786691580,-0.000197494,-5.87103e-05,-5.87103e-05,-0.000352314,0.000362463,0.470849,5.75304e-05,5.28916e-05,0.221773,-0.000512842,-0.000411793,-0.000218306,-8.55427e-05,-2.06617e-05,5.16656e-05,0.000149072,0.000361257,0.000519645,5.8145e-05,6.04786e-05,5.92188e-05,5.71691e-05,6.15051e-05,5.77403e-05,5.77678e-05,5.91995e-05,-0.000249157,0.000173818,0,0.000219527,0,0.000159844,0.507723,-0.000498771,-0.000176724,0.000163849,0.000498656,1786691400,0.000243478,0,0.000210906,1,-0.000262752,0.00020445,0,1,0.000250711,0,0.000228026,1,0.000296675,0,0.000263455,1
1786691640,7.4732e-05,0,8.54076e-05,0,0.000359906,0.473419,3.41175e-05,3.77446e-05,0.274622,-0.000498668,-0.000396285,-0.000202023,-7.67747e-05,-1.86714e-05,5.30125e-05,0.000161738,0.000377502,0.000522256,3.9468e-05,3.98671e-05,3.78927e-05,3.29276e-05,4.63318e-05,3.0413e-05,2.93139e-05,3.24723e-05,-0.000243395,0.000174947,0,0.000226004,0,0.00015774,0.51613,-0.00050566,-0.000171272,0.000184423,0.000514815,1786691400,0.000220065,0,0.000196737,1,0.000241703,0,0.000215713,1,-0.000265969,0.000203245,0,1,0.000268912,0,0.000229128,1
1786691700,-5.33782e-06,-5.33782e-06,0,-5.33782e-06,0.000356445,0.472682,2.7749e-05,2.82121e-05,0.367142,-0.000458425,-0.000373022,-0.000192125,-7.35677e-05,-1.78821e-05,4.90028e-05,0.000138456,0.00032525,0.000464297,3.37944e-05,3.54886e-05,3.2667e-05,2.54975e-05,3.70028e-05,2.07033e-05,2.64434e-05,2.41555e-05,-0.000222673,0.000148906,0,0.000207994,0,0.000119557,0.518075,-0.000454813,-0.000161567,0.000159016,0.000445659,1786691700,0.000229034,0,0.00019572,1,0.000228907,0,0.00020009,1,0.000245422,0,0.000215449,1,0.000265246,0,0.000227483,1
1786691760,0.000629666,5.33782e-06,0.00077902,5.33782e-06,0.000352864,0.469822,0.000235418,0.000246486,0.456211,-0.000410275,-0.000329963,-0.000168975,-6.42737e-05,-1.5169e-05,3.65083e-05,0.000104445,0.000280429,0.000412154,0.000209793,0.000204701,0.000217224,0.000253812,0.000219894,0.000254855,0.000261215,0.00022909,-0.000188375,9.00577e-05,0,0.000158595,0,6.56223e-05,0.514554,-0.000335771,-0.000108025,9.47878e-05,0.000324475,1786691700,0.000212162,0,0.000166048,0,0.000230531,0,0.000203971,1,-0.000245738,0.000186051,0,1,0.000264058,0,0.00021926,1
1786691820,-6.93505e-05,3.73406e-05,6.40116e-05,-0.000213402,0.000360489,0.469643,3.95909e-05,3.87938e-05,0.120427,-0.000596539,-0.000479996,-0.000251135,-0.000101712,-2.56505e-05,6.02887e-05,0.00019561,0.000420206,0.000619214,3.73713e-05,3.95842e-05,3.928e-05,3.866e-05,4.65996e-05,4.16061e-05,4.24765e-05,3.6725e-05,-0.000297638,0.000258622,0,0.000303903,0,0.000261765,0.507542,-0.000665035,-0.000247139,0.000241575,0.000688643,1786691700,0.000155463,0,0.000116489,0,0.000221875,0,0.000157263,1,0.00022892,0,0.000214563,1,-0.000243799,0.000195717,0,1
1786691880,0.000234705,0,0.000330705,-5.33486e-06,0.000357,0.468936,6.83002e-05,7.40479e-05,0.144381,-0.000512742,-0.000416364,-0.000215447,-8.54174e-05,-2.24999e-05,5.13593e-05,0.000160827,0.000377054,0.000536925,7.052e-05,6.86989e-05,6.83772e-05,6.72785e-05,6.96143e-05,6.75454e-05,6.9605e-05,6.75546e-05,-0.000253416,0.000178757,0,0.000256982,0,0.000179926,0.514006,-0.000574508,-0.000204441,0.000209034,0.000595585,1786691700,-0.000308937,0.000239991,0,1,0.00017989,0,0.000148989,0,0.000208055,0,0.000176863,1,-0.000241671,0.000185923,0,1
1786691940,0.000117332,5.33345e-05,0.000117332,-6.40051e-05,0.000354968,0.471418,4.3756e-05,4.64459e-05,0.156047,-0.000509203,-0.000414795,-0.000221404,-8.83548e-05,-2.19178e-05,5.61858e-05,0.00016839,0.000376656,0.000547436,4.65882e-05,4.58416e-05,4.47248e-05,4.20806e-05,4.72353e-05,4.6017e-05,4.25077e-05,4.25731e-05,-0.00026096,0.000191916,0,0.000263273,0,0.000174281,0.511099,-0.00057766,-0.000212488,0.000211049,0.000601634,1786691700,0.000272019,0,0.000222543,1,-0.000298853,0.000246266,0,1,0.000191429,0,0.000161304,0,-0.000233853,0.000159114,0,1
1786692000,-0.000127999,0,0.000106654,-0.000127999,0.000351791,0.479244,4.50374e-05,4.22621e-05,0.145693,-0.000494421,-0.000394793,-0.000204067,-7.56914e-05,-1.41925e-05,5.55938e-05,0.000164369,0.000362755,0.000520982,4.65954e-05,4.75964e-05,4.58232e-05,4.25166e-05,5.19338e-05,4.64418e-05,4.60793e-05,4.22259e-05,-0.000245012,0.000175738,0,0.000246709,0,0.000136297,0.520259,-0.000543787,-0.000188765,0.000205295,0.000567744,1786692000,0.000277385,0,0.000230347,1,0.000266867,0,0.000229167,1,-0.000304302,0.000241571,0,1,-0.000201789,0.000148496,0,0
1786692060,0.000277311,5.33363e-06,0.000277311,5.33363e-06,0.000348726,0.471213,8.02844e-05,8.54107e-05,0.118282,-0.000495254,-0.000394948,-0.00020642,-8.37143e-05,-1.97625e-05,5.0282e-05,0.000152607,0.000353815,0.000508629,8.23413e-05,8.04033e-05,7.99386e-05,7.9007e-05,7.50901e-05,8.01606e-05,8.27578e-05,7.97578e-05,-0.000223241,0.000169508,0,0.000250217,0,0.000175845,0.510148,-0.000554904,-0.000201759,0.000199151,0.000572062,1786692000,0.00026101,0,0.000220727,1,-0.000269032,0.000213074,0,1,0.000250999,0,0.000236073,1,-0.000287851,0.000227551,0,1
1786692120,2.13284e-05,0,0.000293226,-4.79907e-05,0.000347442,0.475075,2.8815e-05,2.9977e-05,0.10107,-0.000462527,-0.000373205,-0.000185657,-7.21494e-05,-1.6384e-05,5.07401e-05,0.000151634,0.000329224,0.000481775,3.53081e-05,3.49696e-05,3.23527e-05,2.46074e-05,3.43049e-05,3.5131e-05,2.42217e-05,2.63979e-05,-0.000206869,0.000136453,0,0.000226304,0,0.000125461,0.515619,-0.000497058,-0.000180118,0.000180809,0.000506691,1786692000,0.000249557,0,0.000198823,1,0.000262835,0,0.00021264,1,0.000290408,0,0.000222776,1,0.000278803,0,0.000230754,1
1786692180,9.59724e-05,0,0.000314542,0,0.000343963,0.478684,3.78799e-05,3.99781e-05,0.0932101,-0.000489278,-0.000391466,-0.000196526,-8.02135e-05,-1.48227e-05,5.60902e-05,0.000152463,0.000340115,0.000502653,4.30282e-05,4.10447e-05,3.86652e-05,3.68261e-05,3.5099e-05,3.9146e-05,4.03466e-05,3.38966e-05,-0.000215598,0.000171347,0,0.000243902,0,0.000188657,0.507792,-0.00054983,-0.000199771,0.000191315,0.000569216,1786692000,0.000242764,0,0.000210985,1,-0.000257811,0.000198165,0,1,0.000243376,0,0.000211017,1,0.000280266,0,0.000234363,1
1786692240,9.59632e-05,3.19887e-05,0.000159933,2.66574e-05,0.000340776,0.479082,3.67421e-05,3.84725e-05,0.089157,-0.000470911,-0.000369926,-0.000184453,-7.09562e-05,-1.45846e-05,5.64996e-05,0.00014527,0.000333161,0.00048496,4.30238e-05,4.06369e-05,3.79376e-05,3.57453e-05,3.26198e-05,3.66108e-05,3.74211e-05,3.39319e-05,-0.000203637,0.000172883,0,0.000229673,0,0.000163097,0.507977,-0.000515202,-0.000188052,0.000178876,0.00053423,1786692000,-0.000255588,0.000212873,0,1,0.000241176,0,0.000201634,1,-0.000264061,0.000197687,0,1,0.000258981,0,0.000211697,1
1786692300,3.19857e-05,-5.33104e-06,0.000282505,-5.33104e-06,0.000337624,0.48437,2.70986e-05,2.77176e-05,0.0881558,-0.000431922,-0.000345064,-0.000166042,-5.78982e-05,-9.84385e-06,5.44886e-05,0.000132796,0.000302651,0.000450244,3.58855e-05,3.40906e-05,3.0082e-05,2.35689e-05,2.78396e-05,2.52029e-05,2.3129e-05,2.61767e-05,-0.00018373,0.000140027,0,0.000203129,0,0.000108107,0.510928,-0.000451687,-0.000162041,0.00015367,0.000461475,1786692300,0.000239239,0,0.000202128,1,0.000257845,0,0.000217342,1,0.000247344,0,0.000196225,1,0.000251527,0,0.000202825,1
1786692360,3.19846e-05,5.33085e-06,7.46293e-05,0,0.000334261,0.484601,2.82266e-05,2.8572e-05,0.0863034,-0.000464678,-0.000361503,-0.000171072,-6.07231e-05,-9.36724e-06,5.28016e-05,0.000138153,0.000312212,0.000463013,3.58808e-05,3.35822e-05,2.92076e-05,2.76671e-05,2.63852e-05,2.18338e-05,2.79391e-05,2.62904e-05,-0.00018996,0.000166339,0,0.000222912,0,0.000160152,0.506357,-0.000502654,-0.000183351,0.000171445,0.000521681,1786692300,0.00020826,0,0.000175108,1,-0.000236333,0.000192294,0,1,-0.000259382,0.000201335,0,1,-0.000241954,0.000182513,0,1
1786692420,8.52874e-05,3.73141e-05,0.000117268,3.73141e-05,0.000330933,0.485483,3.11486e-05,3.22554e-05,0.0887378,-0.000390473,-0.000321394,-0.000150793,-4.98999e-05,-6.7667e-06,4.11706e-05,0.000110477,0.000265448,0.000404017,4.12385e-05,3.77661e-05,3.42994e-05,2.9255e-05,2.72332e-05,2.79515e-05,2.69851e-05,3.06168e-05,-0.000161875,0.000112592,0,0.000164819,0,7.75225e-05,0.513743,-0.000356757,-0.000123066,0.000113918,0.000363761,1786692300,0.000229177,0,0.000194917,1,0.000213588,0,0.000177098,1,-0.000255782,0.000192933,0,1,-0.00025948,0.000213716,0,1
1786692480,-0.000111941,-5.33025e-06,-5.33025e-06,-0.000138596,0.000327829,0.502835,3.76678e-05,3.58793e-05,0.0923582,-0.000382063,-0.000310565,-0.000145228,-4.23982e-05,1.04227e-06,4.70374e-05,0.000112734,0.000264919,0.000399258,4.39214e-05,4.2239e-05,3.8561e-05,3.29728e-05,4.39329e-05,3.26345e-05,3.54418e-05,4.0194e-05,0.000158551,0,4.6815e-05,0.000169572,0,7.90689e-05,0.51783,-0.000370989,-0.000127306,0.000121944,0.000377569,1786692300,0.000165967,0,0.000136443,1,-0.000231592,0.000189628,0,1,0.000223286,0,0.000183681,1,-0.000247934,0.000201377,0,1
1786692540,1.06616e-05,-5.33097e-05,1.59924e-05,-5.33097e-05,0.00032492,0.493799,2.13622e-05,2.13875e-05,0.0738933,-0.000370739,-0.000302489,-0.000139659,-4.41724e-05,-2.34826e-06,3.79933e-05,0.000102391,0.000247907,0.000380535,3.46955e-05,3.10587e-05,2.62157e-05,1.84627e-05,2.47926e-05,1.81224e-05,1.57819e-05,1.92418e-05,-0.000149872,9.01232e-05,0,0.000175771,0,9.61689e-05,0.514853,-0.000383288,-0.000132864,0.000132198,0.000390452,1786692300,0.00016569,0,0.000136933,1,0.000174589,0,0.000145384,1,-0.000246026,0.000183095,0,1,-0.00022347,0.000173198,0,1
1786692600,-0.000149273,0,5.33076e-06,-0.000159936,0.000321658,0.501529,4.59496e-05,4.25008e-05,0.0641179,-0.000365529,-0.000293825,-0.000134094,-3.949e-05,6.88309e-07,3.9592e-05,0.000105584,0.000247399,0.000372275,5.01359e-05,4.77797e-05,4.39709e-05,4.30958e-05,5.24521e-05,4.28038e-05,4.6756e-05,4.99873e-05,0.000147223,0,4.66018e-05,0.000168906,0,8.27184e-05,0.523062,-0.000363972,-0.000127709,0.000125555,0.000361637,1786692600,0.000163161,0,0.000129843,1,0.000175064,0,0.000134704,1,0.000188254,0,0.000155164,1,-0.000237363,0.000196801,0,1
1786692660,-0.000245282,4.26517e-05,4.26517e-05,-0.000250615,0.000319124,0.495989,7.16876e-05,6.77624e-05,0.0573552,-0.000345852,-0.000273493,-0.000132247,-4.04018e-05,-1.28343e-06,3.55971e-05,8.95128e-05,0.000221343,0.000346615,6.92233e-05,7.01299e-05,6.99034e-05,7.48278e-05,7.77059e-05,7.28102e-05,7.44401e-05,7.67875e-05,-0.00013764,4.5974e-05,0,0.000176872,0,0.000102006,0.51306,-0.000388875,-0.000136891,0.000134371,0.000388261,1786692600,0.000168825,0,0.000127259,1,-0.000171781,0.000135628,0,1,-0.000189438,0.000137648,0,1,-0.000188667,0.00014707,0,1
1786692720,-0.000410716,-5.33289e-06,-5.33289e-06,-0.000720198,0.000317815,0.492447,0.000137664,0.0001323,0.0590859,-0.000365979,-0.000286387,-0.0001404,-4.61305e-05,-2.81345e-06,3.73768e-05,9.89104e-05,0.00024249,0.000367279,0.000115167,0.000120281,0.000125736,0.000150156,0.000145663,0.000132479,0.000144798,0.000152381,-0.000148747,6.56313e-05,0,0.000198806,0,0.000129988,0.511989,-0.000436667,-0.000156649,0.000158395,0.000433791,1786692600,0.000165834,0,0.000132414,0,0.000173973,0,0.000112941,0,-0.000174594,0.000133659,0,0,-0.000184069,0.000143157,0,0
1786692780,-0.000304145,1.06701e-05,2.134e-05,-0.000421559,0.000319938,0.507401,9.11398e-05,8.62483e-05,0.0861661,-0.000521746,-0.000401085,-0.000193177,-6.81194e-05,5.45709e-06,6.53304e-05,0.000177228,0.000369696,0.000505867,8.55571e-05,8.64696e-05,8.63687e-05,8.68896e-05,8.80693e-05,8.67514e-05,9.21854e-05,0.000101049,0.000242964,0,0.000238523,0.000250614,0,0.000197864,0.520996,-0.000544771,-0.000187492,0.000212231,0.000547337,1786692600,0.000190973,0,0.000157231,0,0.000175416,0,0.000145839,0,0.000165626,0,0.000131355,0,-0.000168922,0.000128401,0,0
1786692840,-0.000250856,3.20196e-05,3.20196e-05,-0.000726054,0.00031963,0.501428,7.57685e-05,7.03774e-05,0.105582,-0.000493923,-0.000379844,-0.00018468,-7.03658e-05,1.64231e-06,5.84773e-05,0.000161582,0.000357356,0.000479252,7.06588e-05,7.16573e-05,7.15961e-05,7.18586e-05,6.93496e-05,7.16985e-05,7.83016e-05,8.40917e-05,0.000229015,0,0.000209143,0.000236085,0,0.000167907,0.518862,-0.000514531,-0.000179011,0.000198477,0.000506036,1786692600,0.000250946,0,0.000220835,1,0.000194301,0,0.000173212,0,0.000176194,0,0.000152422,0,-0.000182162,0.000128271,0,0
1786692900,9.60799e-05,-1.06761e-05,9.60799e-05,-0.000234901,0.0003184,0.506197,3.80497e-05,4.04023e-05,0.119781,-0.000539447,-0.000417536,-0.000203867,-7.56924e-05,5.10229e-06,6.82727e-05,0.000185118,0.000397484,0.000540368,4.31773e-05,3.83608e-05,3.76264e-05,4.29778e-05,3.72674e-05,4.2908e-05,3.83614e-05,3.45673e-05,0.000236172,0,0.000254399,0.000260537,0,0.00021328,0.524815,-0.000563405,-0.000192463,0.000222633,0.000560814,1786692900,0.000232116,0,0.000203443,1,0.000240191,0,0.000210444,1,0.000198912,0,0.000174055,0,-0.00017018,0.00012834,0,0
1786692960,0.000192132,0,0.000192132,0,0.000315492,0.50124,5.27757e-05,5.74482e-05,0.0920732,-0.000500639,-0.00039238,-0.000187489,-7.08224e-05,1.31967e-06,6.26056e-05,0.000168158,0.000357591,0.000516293,5.91826e-05,5.63505e-05,5.60138e-05,5.5558e-05,5.70221e-05,5.76493e-05,5.26383e-05,4.84607e-05,0.000216145,0,0.000210278,0.000240428,0,0.000159978,0.525948,-0.000523857,-0.000178573,0.000203753,0.00052373,1786692900,0.000266526,0,0.000244137,1,0.000229181,0,0.000210904,1,-0.000241739,0.000184891,0,1,-0.000188724,0.000143766,0,1
1786693020,3.20184e-05,0,3.20184e-05,-5.33651e-06,0.000313501,0.494082,2.80877e-05,2.85266e-05,0.0705362,-0.000462073,-0.000365507,-0.000182283,-6.60917e-05,-2.88728e-06,5.12211e-05,0.000136092,0.000310071,0.000442126,3.60143e-05,3.07448e-05,2.93462e-05,2.57931e-05,2.65332e-05,3.52149e-05,2.8038e-05,2.46847e-05,-0.000196544,0.000162985,0,0.00021201,0,0.000119764,0.519739,-0.000466978,-0.000168539,0.00016918,0.000454942,1786692900,0.000235322,0,0.000216821,1,0.000251436,0,0.000232796,1,0.000229339,0,0.000207098,1,0.000240183,0,0.000210273,1
1786693080,-0.000624545,-1.06727e-05,0,-0.000635224,0.000310383,0.489651,0.000232902,0.000226673,0.0581616,-0.000427826,-0.000332482,-0.000165525,-5.71222e-05,-4.76412e-06,4.30991e-05,0.000122183,0.000282225,0.000401405,0.000194665,0.000220329,0.000224518,0.000246474,0.000238725,0.000214449,0.000242305,0.00023707,-0.000177627,0.000137467,0,0.00016494,0,6.60265e-05,0.531879,-0.000361924,-0.000120908,0.000128022,0.000353636,1786692900,-0.000211274,0.000143888,0,1,0.000223556,0,0.000204429,1,0.000242377,0,0.000231241,1,0.000220921,0,0.000206934,1
1786693140,-0.000309748,1.60188e-05,8.00916e-05,-0.000309748,0.000319706,0.49578,9.12292e-05,8.57125e-05,0.152621,-0.000541963,-0.00040594,-0.000208384,-8.09076e-05,-2.73403e-06,6.76247e-05,0.000180763,0.000376049,0.000514088,8.67371e-05,8.80169e-05,8.81798e-05,8.82797e-05,8.11479e-05,8.81709e-05,9.3183e-05,9.85634e-05,-0.00023697,0.000226556,4.77393e-05,0.000250781,0,0.000218362,0.520238,-0.000542537,-0.000193569,0.000208045,0.000535018,1786692900,0.000163366,0,0.000131629,0,0.000205175,0,0.000175199,0,0.000222106,0,0.00019712,1,0.000246414,0,0.000228242,1
1786693200,0.000715479,-5.34132e-06,0.000747504,-3.73899e-05,0.00031951,0.492373,0.000260201,0.000271047,0.157643,-0.00049704,-0.000374622,-0.000199006,-7.95945e-05,-4.8364e-06,6.10462e-05,0.00016046,0.000346232,0.000482078,0.000252296,0.00026227,0.000256709,0.000281856,0.000288355,0.000242457,0.000257116,0.000250828,-0.000220709,0.000158002,0,0.000239828,0,0.000185146,0.52209,-0.00051964,-0.000182474,0.00020235,0.000505518,1786693200,0.000243806,0,0.000210662,1,0.000164881,0,0.000131184,1,0.000211301,0,0.000174299,1,0.000223558,0,0.000189708,1
1786693260,-5.3375e-06,-5.3375e-06,-5.3375e-06,-0.000144123,0.000332089,0.486761,3.57765e-05,3.55936e-05,0.28323,-0.000602408,-0.000461135,-0.000246983,-9.53998e-05,-9.90134e-06,6.62181e-05,0.0001871,0.000399986,0.000573201,3.40266e-05,3.20874e-05,3.79465e-05,2.88185e-05,3.54839e-05,4.14491e-05,4.22503e-05,3.41485e-05,-0.000266493,0.000249067,2.80929e-05,0.000301841,0,0.000258407,0.517372,-0.000633645,-0.000235523,0.000240964,0.00062772,1786693200,0.000224983,0,0.00019715,1,0.000235158,0,0.000207626,1,0.000175501,0,0.000131724,1,0.000213505,0,0.00018249,1
1786693320,4.26992e-05,0,4.26992e-05,0,0.000328752,0.500909,3.11453e-05,3.14777e-05,0.202309,-0.000503479,-0.000388912,-0.000194292,-7.3913e-05,1.37858e-06,6.05525e-05,0.000151248,0.000339308,0.000489434,3.66911e-05,3.36756e-05,3.82921e-05,2.48009e-05,3.60255e-05,3.87514e-05,2.88418e-05,2.69377e-05,0.000212991,0,0.000154809,0.00023963,0,0.000147087,0.530038,-0.000529656,-0.000181065,0.000200961,0.000533593,1786693200,-0.000285757,0.000207349,9.20235e-07,1,0.000229839,0,0.000212474,1,0.000247265,0,0.000215072,1,0.00018555,0,0.000133277,1
1786693380,4.80345e-05,-5.3373e-06,4.80345e-05,-0.000138779,0.000325504,0.494889,2.95574e-05,2.96261e-05,0.140316,-0.000469863,-0.000363035,-0.00018529,-6.63237e-05,-2.50025e-06,5.28665e-05,0.000137383,0.000305193,0.000454141,3.69859e-05,3.34853e-05,3.7029e-05,2.22266e-05,3.46416e-05,3.48138e-05,2.57317e-05,2.72749e-05,-0.0001985,0.000133348,0,0.000205528,0,8.78269e-05,0.528753,-0.000446587,-0.00015541,0.000163924,0.000436727,1786693200,0.000241312,0,0.000217537,1,-0.000284086,0.000220085,0,1,0.000240184,0,0.000200218,1,0.000240827,0,0.00019741,1
1786693440,-0.000224181,-3.73599e-05,-3.73599e-05,-0.000261549,0.000322304,0.509288,6.80628e-05,6.28952e-05,0.102066,-0.000470645,-0.000359805,-0.000180067,-6.18045e-05,6.23595e-06,5.65423e-05,0.000148241,0.000322491,0.000463624,6.30315e-05,6.43006e-05,6.45238e-05,6.40898e-05,6.25479e-05,6.58081e-05,7.1259e-05,7.46012e-05,0.00020064,0,0.000146055,0.000232031,0,0.000140052,0.529868,-0.000506178,-0.000173567,0.000196774,0.000512186,1786693200,0.00018963,0,0.000155527,1,0.000231301,0,0.000208495,1,0.000265697,0,0.000228478,1,0.000210838,0,0.000191333,1
1786693500,0.000133447,-5.33824e-06,0.000133447,-1.60148e-05,0.000320636,0.49764,4.27084e-05,4.48104e-05,0.0875098,-0.000483176,-0.000372554,-0.00020081,-7.26761e-05,-6.85131e-07,5.57408e-05,0.000151363,0.000337591,0.000478757,4.9484e-05,4.50013e-05,4.67684e-05,4.17953e-05,4.61093e-05,4.48725e-05,4.26078e-05,3.72436e-05,-0.000216787,0.000170546,2.44881e-06,0.000243158,0,0.000205816,0.51867,-0.000518896,-0.000193846,0.000196822,0.00051027,1786693500,0.000230108,0,0.000209143,1,0.00018397,0,0.000159803,1,0.000205989,0,0.000210966,1,0.000232376,0,0.000234815,1
1786693560,-0.000138785,-5.33753e-06,1.0675e-05,-0.000144123,0.000317974,0.504509,4.33502e-05,4.087e-05,0.0769506,-0.000421326,-0.000323344,-0.000166523,-5.84692e-05,3.34979e-06,4.70156e-05,0.000122709,0.000278223,0.00041443,4.85988e-05,4.57933e-05,4.69699e-05,3.98825e-05,4.39081e-05,4.39766e-05,4.60134e-05,4.74279e-05,0.000178273,0,0.000100231,0.000186038,0,0.000101249,0.522678,-0.00040627,-0.000142115,0.000146093,0.000392421,1786693500,0.000228372,0,0.000189096,1,0.000228507,0,0.000199879,1,0.000218528,0,0.000148964,1,0.000244767,0,0.000187801,1
1786693620,-0.000720925,0,0,-0.000854486,0.00031539,0.494297,0.000281743,0.000274685,0.0688754,-0.000424941,-0.000322758,-0.00017168,-6.36369e-05,-1.20374e-06,3.77791e-05,0.000108429,0.000273083,0.000403975,0.000242372,0.000265263,0.000260368,0.000306281,0.000268537,0.00027527,0.000281545,0.000298384,-0.000175944,8.11965e-05,0,0.000184851,0,0.000124871,0.513449,-0.000407832,-0.000147274,0.000140205,0.000388666,1786693500,0.000175885,0,0.000167529,0,0.000236834,0,0.000183355,1,0.000215317,0,0.000191637,1,0.000215742,0,0.000137596,1
1786693680,0.000464655,-2.13687e-05,0.000566103,-2.13687e-05,0.000328445,0.507193,0.000130429,0.000139859,0.106795,-0.000597583,-0.000447766,-0.000231197,-8.54861e-05,6.5323e-06,6.98277e-05,0.000192379,0.000415747,0.000588105,0.000140674,0.000140562,0.000134222,0.000142948,0.000150241,0.00013149,0.000124192,0.000119807,0.000259046,0,0.000318969,0.000280039,0,0.000280879,0.526735,-0.000606013,-0.000208629,0.000235489,0.000593325,1786693500,0.000165299,0,0.000150964,1,0.000180129,0,0.000153975,1,0.000198636,0,0.000194135,1,0.000222527,0,0.000180921,1
1786693740,0.000560504,0,0.000629878,0,0.000331718,0.492937,0.000172597,0.000181303,0.103221,-0.000589237,-0.000448804,-0.000237774,-9.22243e-05,-4.04781e-06,5.96066e-05,0.000172128,0.000407959,0.000585773,0.000177582,0.000178989,0.000170105,0.000189515,0.000183883,0.000167086,0.000163772,0.000173265,-0.000276537,0.000220536,0,0.000283253,0,0.000239463,0.52495,-0.000612809,-0.00021712,0.000233519,0.000603056,1786693500,0.000263571,0,0.000234752,0,0.000178381,0,0.000158648,1,0.000192867,0,0.000153451,1,0.000209433,0,0.000192952,1
1786693800,-0.000202813,-5.33665e-06,0.000117399,-0.00020815,0.000337815,0.489883,6.06409e-05,5.81636e-05,0.0934687,-0.000612179,-0.000476002,-0.000251605,-0.000102555,-7.10316e-06,6.44576e-05,0.0001833,0.000417165,0.000598064,5.95492e-05,5.86613e-05,6.38493e-05,5.87082e-05,6.07481e-05,6.42842e-05,6.3024e-05,5.90275e-05,-0.000292522,0.000243075,0,0.000294065,0,0.000269549,0.518257,-0.000642998,-0.000237866,0.000230949,0.000636354,1786693800,0.000267392,0,0.000248511,1,0.000254496,0,0.000218348,1,0.000176503,0,0.000165667,1,0.000181957,0,0.000159838,1
1786693860,-6.40547e-05,-5.33773e-06,-5.33773e-06,-0.000293618,0.000335648,0.48477,3.62189e-05,3.55028e-05,0.0741022,-0.000549961,-0.000427735,-0.000225413,-9.84338e-05,-1.03767e-05,5.90977e-05,0.000155049,0.000377229,0.000531279,3.74181e-05,3.58699e-05,4.17271e-05,3.20912e-05,3.92017e-05,4.12111e-05,3.58657e-05,3.36944e-05,-0.000239788,0.000196713,1.1943e-06,0.00026134,0,0.000230531,0.5102,-0.000578362,-0.000214985,0.000202898,0.000575395,1786693800,-0.000288096,0.000217472,0,1,-0.000264223,0.00020606,0,1,-0.000272844,0.000192717,0,1,0.00016931,0,0.0001555,1
1786693920,-0.000138799,-8.54126e-05,-8.54126e-05,-0.000325675,0.000332398,0.501155,4.8791e-05,4.58954e-05,0.0604296,-0.000532784,-0.000407902,-0.000203003,-7.74497e-05,1.54211e-06,6.45749e-05,0.000166854,0.000385331,0.000526037,4.87307e-05,4.73608e-05,5.07763e-05,4.49685e-05,4.73935e-05,4.90862e-05,4.99567e-05,5.11619e-05,0.000227773,0,0.000200018,0.000259081,0,0.000186891,0.530873,-0.00056847,-0.000191941,0.000222667,0.000581073,1786693800,0.000252957,0,0.000212434,1,0.000287394,0,0.000230669,1,0.000277889,0,0.00021452,1,0.000264142,0,0.000205858,1
1786693980,-0.000112121,0,0,-0.000176196,0.000329642,0.503443,4.448e-05,4.12715e-05,0.0576908,-0.000541497,-0.000407855,-0.000198242,-7.37265e-05,3.2355e-06,5.90676e-05,0.000167319,0.00037558,0.000508889,4.42843e-05,4.25846e-05,4.52536e-05,3.84258e-05,4.18359e-05,4.30938e-05,4.68632e-05,4.75559e-05,0.000224006,0,0.000192188,0.000241071,0,0.000171446,0.54025,-0.000542689,-0.000175417,0.000212792,0.000550529,1786693800,0.000261752,0,0.000216638,1,0.000241593,0,0.000231243,1,0.000262981,0,0.000235017,1,0.000240487,0,0.000221516,1
1786694040,-0.000165535,0,5.33938e-06,-0.000176216,0.000326714,0.496294,5.13193e-05,4.78053e-05,0.0584542,-0.000493332,-0.000379314,-0.000188701,-7.32181e-05,-1.19188e-06,5.14874e-05,0.000149571,0.000351662,0.0004709,5.31837e-05,5.11481e-05,5.31387e-05,4.7709e-05,4.96455e-05,4.98575e-05,5.42131e-05,5.75944e-05,-0.000209366,0.000148601,0,0.000214596,0,0.000147494,0.531544,-0.00048802,-0.000161716,0.00018206,0.000482868,1786693800,0.000243181,0,0.000206858,1,0.00024628,0,0.000237362,1,0.00025812,0,0.000235364,1,-0.000261478,0.000214886,0,1
1786694100,8.54409e-05,0,0.000272317,0,0.000324276,0.48864,3.42154e-05,3.70618e-05,0.0614379,-0.000478906,-0.000373711,-0.000184301,-7.44034e-05,-5.2638e-06,4.38877e-05,0.00014368,0.000334374,0.000451706,4.16139e-05,3.7441e-05,3.9148e-05,2.93917e-05,4.11855e-05,3.56832e-05,3.10056e-05,3.24959e-05,-0.00020334,0.000116164,0,0.000188564,0,0.000137355,0.527186,-0.000434873,-0.000144302,0.000152238,0.000417604,1786694100,0.000209129,0,0.000167485,1,0.000252623,0,0.000197815,1,0.00025102,0,0.000216859,1,0.000270468,0,0.000214792,1
1786694160,-8.54409e-05,5.33968e-05,0.000288309,-9.07812e-05,0.000321245,0.486092,3.65206e-05,3.29441e-05,0.0663473,-0.000500859,-0.000380866,-0.000192545,-8.32497e-05,-7.68359e-06,4.88489e-05,0.000137811,0.000332808,0.00047176,3.98347e-05,3.72056e-05,3.81237e-05,3.22536e-05,3.55416e-05,3.28492e-05,3.74417e-05,3.77242e-05,-0.000207463,0.000151053,0,0.000202955,0,0.000171859,0.523106,-0.000473421,-0.000161985,0.000162359,0.000465754,1786694100,0.00018028,0,0.000141653,1,0.000219767,0,0.000183392,1,0.000229085,0,0.000197374,1,0.000261527,0,0.000204027,1
1786694220,6.94213e-05,-5.3403e-06,0.000144177,-1.06806e-05,0.000318245,0.482011,3.28453e-05,3.55186e-05,0.0779246,-0.000504909,-0.000382569,-0.000192844,-8.58291e-05,-9.99317e-06,4.683e-05,0.000138171,0.000340541,0.000479901,3.89429e-05,3.41589e-05,3.47713e-05,3.11677e-05,3.70095e-05,2.78009e-05,3.39297e-05,3.33864e-05,-0.000208719,0.000160016,4.04512e-06,0.000205346,0,0.000200492,0.521275,-0.000481066,-0.000166573,0.000164706,0.000474781,1786694100,0.000203122,0,0.000179976,1,0.000191232,0,0.000162284,1,0.000212449,0,0.000180081,1,0.000236068,0,0.000184914,1
1786694280,-0.00036318,0,0,-0.000368522,0.0003152,0.485798,0.000107605,0.000100054,0.0920357,-0.000459936,-0.000345671,-0.000177218,-7.78295e-05,-7.06549e-06,4.39465e-05,0.000124443,0.000302969,0.000432474,0.000101762,0.000102773,0.000102815,0.000113138,9.84795e-05,0.000118396,0.000106206,0.000114114,-0.000190014,0.000140876,0,0.000182058,0,0.000131176,0.529492,-0.000425335,-0.000140843,0.000145287,0.000421673,1786694100,0.000208739,0,0.000180177,1,0.000210084,0,0.000178829,1,0.000194515,0,0.000166604,1,0.000212505,0,0.000176192,1
1786694340,-0.000448816,-3.73937e-05,-3.73937e-05,-0.000480882,0.000316231,0.487337,0.000139135,0.000130779,0.073741,-0.00048212,-0.000369331,-0.000189888,-8.07892e-05,-6.54742e-06,4.64224e-05,0.000137303,0.000331619,0.000451134,0.000126229,0.000134703,0.000133517,0.000151722,0.000126327,0.000132212,0.000141144,0.000146762,-0.000205176,0.000138613,0,0.000203878,0,0.000180331,0.528012,-0.000471543,-0.000160165,0.000170752,0.000461023,1786694100,0.000182715,0,0.000151939,0,0.000214872,0,0.000183899,1,-0.000227351,0.000172606,0,1,-0.000191909,0.000146899,0,1
1786694400,0.000774616,5.34424e-06,0.000854715,5.34424e-06,0.000319422,0.48474,0.000280352,0.000292241,0.0624689,-0.000545843,-0.000430314,-0.000222907,-9.47248e-05,-1.07606e-05,6.10313e-05,0.000178858,0.00039566,0.000524279,0.000279993,0.000291576,0.000285934,0.000271946,0.000307083,0.000273115,0.000272288,0.000279419,-0.000247848,0.000309464,8.37855e-05,0.000264022,8.50819e-05,0.000357024,0.531859,-0.000577525,-0.000198094,0.000232081,0.000576444,1786694400,0.000211852,0,0.000167549,1,0.000189574,0,0.000151149,1,-0.000223657,0.000176726,0,1,-0.000216102,0.000186483,0,1
1786694460,-5.34013e-06,5.3401e-06,0.000138833,-0.000272383,0.00033465,0.480116,3.68374e-05,3.6779e-05,0.0647326,-0.000624897,-0.000481399,-0.000249285,-0.000110349,-1.45864e-05,6.01093e-05,0.000180312,0.000417608,0.000593186,3.42501e-05,3.2452e-05,3.89678e-05,3.12443e-05,3.63131e-05,4.23495e-05,4.18863e-05,3.64157e-05,-0.000268578,0.000249174,3.99129e-05,0.000297191,0,0.000307328,0.528095,-0.000652197,-0.000229688,0.00024813,0.000657867,1786694400,0.000342379,0,0.000225976,1,0.000217969,0,0.00017988,1,-0.000209665,0.000155784,0,1,-0.000219949,0.000185438,0,1
1786694520,-0.000192264,0,0,-0.000560872,0.000331287,0.485753,5.73846e-05,5.35785e-05,0.0551477,-0.000560041,-0.00044051,-0.000216244,-9.1808e-05,-8.67158e-06,5.35181e-05,0.000156776,0.000388098,0.000554129,5.76979e-05,5.61423e-05,6.00143e-05,5.57202e-05,5.5484e-05,5.98068e-05,5.69734e-05,6.36847e-05,-0.000234532,0.000193125,0,0.000266318,0,0.000264257,0.532569,-0.000611089,-0.00020577,0.000227149,0.000626285,1786694400,-0.000303192,0.000235926,0,1,0.000291084,0,0.000246641,1,0.000216448,0,0.000187893,1,0.000202894,0,0.000158358,1
1786694580,0.000453896,-0.000101487,0.000464574,-0.000112171,0.000329083,0.486204,0.000129075,0.000138871,0.0499162,-0.000563421,-0.00044487,-0.000215415,-9.42783e-05,-8.83741e-06,5.65383e-05,0.000170089,0.000415775,0.000564975,0.00013589,0.000136135,0.000130876,0.000133944,0.000138807,0.000130363,0.000126128,0.000123156,-0.000240536,0.00022732,0,0.000270197,0,0.000257983,0.531888,-0.000601571,-0.000200479,0.000236855,0.000626408,1786694400,-0.000297191,0.00025183,0,1,-0.000301869,0.000240702,0,1,0.000282918,0,0.000208827,1,-0.000219758,0.000166629,0,1
1786694640,-0.000480602,0,5.33873e-06,-0.000491285,0.000332039,0.48765,0.000142905,0.000134261,0.0555882,-0.000587495,-0.00045816,-0.000223341,-9.43612e-05,-8.50593e-06,6.16977e-05,0.000177432,0.000403878,0.000563136,0.000138619,0.000144073,0.000137498,0.000146616,0.000138225,0.000137793,0.00013942,0.00014969,-0.000248017,0.000221666,0,0.000279758,0,0.000242722,0.523674,-0.000614232,-0.000217346,0.000233457,0.000626389,1786694400,0.000294255,0,0.000218684,1,0.000291806,0,0.000229019,1,0.00029698,0,0.000224586,1,0.000272444,0,0.000225045,1
1786694700,-5.34132e-06,0,0.000368482,-5.34132e-06,0.000335656,0.485614,3.54734e-05,3.48997e-05,0.0539219,-0.000601833,-0.000468465,-0.000228085,-9.87362e-05,-9.91232e-06,6.03327e-05,0.0001797,0.000410559,0.000564887,3.42624e-05,3.25971e-05,3.82055e-05,2.86767e-05,3.64999e-05,3.84685e-05,3.85519e-05,3.63741e-05,-0.000252852,0.000215715,2.09521e-05,0.000276274,0,0.000278915,0.521669,-0.000612557,-0.00021434,0.000230809,0.000616005,1786694700,-0.00029318,0.000229877,0,1,0.000266061,0,0.000240804,1,0.000261243,0,0.000244002,1,-0.000261912,0.000224243,0,1
1786694760,0.000138865,0,0.00029907,0,0.000332283,0.481457,4.70861e-05,5.01431e-05,0.0496223,-0.000563697,-0.000438319,-0.000211355,-9.42665e-05,-1.15721e-05,5.21637e-05,0.000152887,0.000399553,0.000555265,5.06135e-05,4.72985e-05,5.0741e-05,4.59053e-05,5.18756e-05,4.96736e-05,4.87156e-05,4.13792e-05,-0.000231042,0.000181575,0,0.000253107,0,0.000248555,0.518777,-0.000577159,-0.000199054,0.00021193,0.000588585,1786694700,-0.000273003,0.000214611,0,1,0.000290705,0,0.000227508,1,0.000282041,0,0.000228119,1,0.000303118,0,0.000229176,1
1786694820,2.13622e-05,5.34058e-06,9.61261e-05,-0.000202963,0.000329529,0.489042,3.33822e-05,3.35872e-05,0.0493316,-0.000564389,-0.000438302,-0.00021129,-9.12037e-05,-6.47139e-06,5.40555e-05,0.000159077,0.00038759,0.000537281,3.57282e-05,3.2595e-05,3.60158e-05,2.88692e-05,3.63545e-05,3.43763e-05,3.63243e-05,3.16371e-05,-0.000231964,0.000180711,0,0.000250677,0,0.000218137,0.520512,-0.000571209,-0.000197344,0.000207256,0.000571648,1786694700,0.000268554,0,0.000213928,1,0.000286644,0,0.000204993,1,0.000290648,0,0.000214091,1,0.000305414,0,0.000218802,1
1786694880,5.87436e-05,-1.60216e-05,0.000117484,-2.13622e-05,0.000326231,0.496123,3.29523e-05,3.38076e-05,0.0514265,-0.000521401,-0.000411776,-0.000192249,-7.91916e-05,-1.01638e-06,5.0524e-05,0.00014656,0.00036591,0.000514827,3.78048e-05,3.41797e-05,3.66137e-05,3.02528e-05,3.76606e-05,3.22467e-05,3.33445e-05,2.97735e-05,-0.000212051,0.000174344,0,0.000239388,0,0.000195416,0.528285,-0.000545596,-0.000181097,0.000208303,0.000566487,1786694700,-0.000254268,0.000195272,0,1,-0.000266612,0.000213863,0,1,-0.000272897,0.000210555,0,1,0.000273283,0,0.000227153,1
1786694940,0.000197567,1.06803e-05,0.000202906,5.34015e-06,0.000323059,0.490367,5.74479e-05,6.38624e-05,0.05731,-0.000485617,-0.000385729,-0.000185167,-7.71734e-05,-3.4911e-06,4.01977e-05,0.000124785,0.000329504,0.000476825,6.05319e-05,5.81573e-05,5.81173e-05,5.65886e-05,5.93621e-05,5.82372e-05,5.85385e-05,5.51043e-05,-0.000197177,0.000137558,0,0.000205384,0,0.000139868,0.523872,-0.000476222,-0.000159757,0.000169494,0.000481775,1786694700,0.000264559,0,0.000212372,1,0.000268367,0,0.000201237,1,-0.000303195,0.000220201,0,1,0.00027096,0,0.000196269,1
1786695000,6.40673e-05,0,0.000234893,-3.20352e-05,0.00032103,0.490945,3.14787e-05,3.34227e-05,0.0632828,-0.000479862,-0.000387114,-0.000184536,-7.2783e-05,-3.47851e-06,4.17606e-05,0.000132045,0.000330653,0.000479847,3.81067e-05,3.37377e-05,3.49232e-05,2.66471e-05,3.64597e-05,3.04563e-05,3.3045e-05,2.93001e-05,-0.000198762,0.000148599,0,0.000192949,0,0.000126608,0.52401,-0.000442097,-0.000148866,0.000157798,0.000452604,1786695000,0.000217366,0,0.000168181,1,0.000261064,0,0.00021624,1,-0.000269434,0.000200202,0,1,-0.000283582,0.000242589,0,1
1786695060,-0.000485946,5.33876e-06,0.000122784,-0.0006462,0.000317933,0.491245,0.00015081,0.000143526,0.0773718,-0.000490919,-0.000389476,-0.000191102,-7.86474e-05,-4.03095e-06,4.73513e-05,0.000133577,0.000332586,0.000476768,0.000140706,0.000149014,0.000148438,0.000165698,0.000145652,0.000168327,0.000144631,0.000153989,-0.000204399,0.00016049,0,0.000202306,0,0.000170646,0.518546,-0.000472236,-0.000161655,0.000164776,0.000492222,1786695000,-0.000199278,0.000142789,0,1,0.000220339,0,0.000172405,1,0.000249828,0,0.000215048,1,0.000258442,0,0.000206465,1
1786695120,-0.000347249,1.6024e-05,1.6024e-05,-0.000373966,0.000322153,0.497712,0.000101039,9.56559e-05,0.044796,-0.000567855,-0.000452483,-0.00022394,-8.81878e-05,-6.67726e-07,6.34277e-05,0.000176538,0.000415127,0.000586457,9.73911e-05,9.8546e-05,9.87788e-05,9.90837e-05,9.359e-05,9.8448e-05,0.0001015,0.000107612,-0.0002481,0.000236781,4.18027e-05,0.000255209,0,0.000265975,0.524314,-0.000574162,-0.000193952,0.000219789,0.000592577,1786695000,-0.000214227,0.000176706,0,0,0.000206321,0,0.000143868,0,-0.000240099,0.000177398,0,1,0.000271304,0,0.000211157,1
1786695180,0.000213706,5.34321e-06,0.000443389,5.34321e-06,0.000322674,0.498848,5.94338e-05,6.59016e-05,0.0432802,-0.000534284,-0.00041938,-0.000206093,-7.84532e-05,2.61207e-07,5.76542e-05,0.000164702,0.000385707,0.000539435,6.4994e-05,6.26052e-05,6.26525e-05,6.13508e-05,6.64303e-05,6.30794e-05,5.94563e-05,5.37138e-05,-0.000248222,0.000185365,0,0.000242203,0,0.000212711,0.527836,-0.000545263,-0.000179942,0.000212687,0.000551073,1786695000,-0.000269577,0.000207902,0,1,0.000221045,0,0.000167073,1,0.000217758,0,0.000152432,1,0.000243725,0,0.000179428,1
1786695240,-0.000208363,0,0,-0.000272483,0.000320858,0.495969,6.19668e-05,5.73057e-05,0.0432101,-0.00054694,-0.000434171,-0.00021576,-8.67562e-05,-1.94253e-06,6.14457e-05,0.000164046,0.000388151,0.000542458,6.03745e-05,5.9931e-05,6.01894e-05,6.03255e-05,5.63829e-05,6.16438e-05,6.30379e-05,6.766e-05,-0.000255927,0.000199308,0,0.000251785,0,0.000229325,0.526271,-0.000574455,-0.000194076,0.000215355,0.000583199,1786695000,0.000235253,0,0.000176618,1,0.000263101,0,0.000198334,1,-0.000232228,0.000177003,0,1,0.00021121,0,0.000159352,1
1786695300,0.000539517,5.34305e-05,0.000640978,5.34305e-05,0.000318997,0.497158,0.00016562,0.00017622,0.0452708,-0.000549053,-0.000442479,-0.000216208,-8.62752e-05,-4.79036e-07,5.46057e-05,0.000162528,0.000389075,0.000523702,0.00016891,0.000173695,0.000169665,0.00016894,0.0001804,0.000163377,0.000161729,0.000162805,-0.000235971,0.000207071,2.32651e-05,0.00024755,0,0.000254076,0.526494,-0.000558907,-0.000192796,0.000210542,0.00056224,1786695300,-0.000264945,0.000201331,0,1,-0.000244319,0.00018659,0,1,-0.000276158,0.000200197,0,1,-0.000229019,0.000191906,0,1
1786695360,0.000282996,0,0.000507201,-0.000224318,0.000324877,0.492183,8.1111e-05,8.69516e-05,0.0410887,-0.000574797,-0.00045728,-0.000230581,-9.43553e-05,-5.02597e-06,6.2803e-05,0.000171895,0.00040576,0.000574632,8.4224e-05,8.18426e-05,8.19329e-05,8.09445e-05,8.28719e-05,8.06533e-05,8.35992e-05,7.72571e-05,-0.000250775,0.000239202,2.84416e-05,0.00027146,0,0.000244219,0.519623,-0.000599622,-0.000213525,0.000225146,0.000621086,1786695300,0.000252406,0,0.000174745,0,-0.000275134,0.00020833,0,1,-0.000259558,0.000173938,0,1,0.000275029,0,0.000197809,1
1786695420,-0.000897321,-3.73723e-05,-3.73723e-05,-0.000897321,0.000324093,0.494672,0.000333842,0.000326752,0.0430762,-0.000597605,-0.000481867,-0.000241139,-9.71509e-05,-3.24247e-06,6.66164e-05,0.000182049,0.000423762,0.000609125,0.000330568,0.000349491,0.000336787,0.000329824,0.000343608,0.000334589,0.000314979,0.000340546,-0.000262896,0.000259519,4.12529e-05,0.000277681,0,0.000280282,0.514195,-0.000611417,-0.000220523,0.000225939,0.000640296,1786695300,-0.000287791,0.000214313,0,1,0.000256959,0,0.00016645,1,-0.000277738,0.000201052,0,1,0.000233107,0,0.000167199,1
1786695480,-0.000309976,0,0.000160295,-0.000379467,0.000345021,0.496066,9.09067e-05,8.51525e-05,0.0715816,-0.000664444,-0.000521795,-0.000252379,-0.00010703,-2.43078e-06,7.52394e-05,0.000207743,0.000467098,0.000640121,8.7077e-05,8.84003e-05,8.90319e-05,8.87136e-05,8.13253e-05,9.11986e-05,9.26251e-05,9.56232e-05,-0.000283618,0.00031027,8.76993e-05,0.000304923,0,0.000312484,0.522078,-0.000663899,-0.000229963,0.000259745,0.000680344,1786695300,-0.000299928,0.000235257,0,0,-0.000270452,0.000212204,0,1,-0.000220546,0.000160578,0,1,-0.000257139,0.000205725,0,1
1786695540,-0.000433059,5.34524e-06,2.13808e-05,-0.000700473,0.000344355,0.501504,0.000126812,0.000120526,0.0654988,-0.000653787,-0.000511239,-0.00024795,-0.000101141,2.41816e-06,7.66224e-05,0.000209285,0.000480945,0.00065293,0.000121241,0.000122869,0.000123115,0.00012299,0.000114146,0.000123968,0.000130386,0.000135161,0.000304701,0,0.000315318,0.000301001,0,0.000269795,0.525401,-0.000652444,-0.000219896,0.00026237,0.000662994,1786695300,0.00031728,0,0.000235589,1,0.000288734,0,0.000226581,0,0.000291128,0,0.000206156,0,0.00025028,0,0.000190211,1
1786695600,9.62515e-05,0,0.000294073,-0.000181834,0.000346351,0.512552,4.48646e-05,4.64428e-05,0.0687345,-0.000693565,-0.000536364,-0.000258594,-9.53892e-05,1.34927e-05,8.77624e-05,0.000227871,0.000505887,0.00068673,4.35193e-05,4.16939e-05,4.74841e-05,4.50591e-05,4.95025e-05,4.76796e-05,5.07263e-05,4.23747e-05,0.000321399,0,0.000357691,0.00032006,0,0.000295305,0.52569,-0.000688217,-0.000231319,0.00027581,0.000686971,1786695600,0.000298077,0,0.000232948,1,0.000301196,0,0.00022645,1,-0.000273941,0.00022595,0,0,-0.000271833,0.000215145,0,1
1786695660,0.00110089,0,0.00124509,-0.000545548,0.000343141,0.509528,0.000421963,0.00043307,0.058557,-0.00064587,-0.000507053,-0.000245425,-9.25189e-05,9.59915e-06,8.12503e-05,0.000209864,0.00047531,0.000630523,0.0004419,0.000443669,0.000426223,0.000434482,0.000454926,0.000432639,0.000411245,0.000393615,0.000302156,0,0.000298347,0.000294824,0,0.000251119,0.521876,-0.000647187,-0.000221347,0.000251982,0.000653289,1786695600,-0.00031829,0.000223123,0,0,-0.000297582,0.000220168,0,1,-0.000322475,0.000222785,0,1,-0.000283327,0.000230356,0,1
1786695720,-0.00148595,5.34115e-06,5.34115e-06,-0.00153944,0.00037367,0.494803,0.000579326,0.000569781,0.202753,-0.000852768,-0.000683149,-0.00034743,-0.000140752,-4.90925e-06,9.71247e-05,0.000275861,0.000620343,0.000877105,0.000624444,0.000621096,0.000579077,0.00055794,0.000602,0.000507263,0.000551898,0.000605341,-0.00041677,0.000427462,0.000101556,0.000399843,2.88625e-06,0.000449333,0.505931,-0.000821876,-0.000309853,0.000312499,0.000847486,1786695600,0.000310562,0,0.000261886,1,0.000330337,0,0.000244889,1,-0.00032431,0.000213843,0,1,0.000327263,0,0.000219185,1
1786695780,5.3491e-06,-2.67459e-05,7.48847e-05,-0.000358455,0.000425438,0.505818,6.03138e-05,6.00727e-05,0.771715,-0.00100202,-0.000773297,-0.00038597,-0.00015186,9.27569e-06,0.000130383,0.000326654,0.000711585,0.000980974,3.49405e-05,4.47436e-05,6.51983e-05,5.2059e-05,7.64538e-05,8.41697e-05,7.32617e-05,5.32464e-05,0.000472599,5.31597e-05,0.000579209,0.000438714,8.8454e-06,0.000498114,0.517265,-0.000927126,-0.000329741,0.000360922,0.000926549,1786695600,-0.00041234,0.000321464,0,0,-0.000299708,0.000221877,0,1,-0.00030349,0.000219166,0,1,0.000284317,0,0.000216619,1
1786695840,-0.000915111,-5.3491e-06,-5.3491e-06,-0.00109181,0.000421163,0.506951,0.000307183,0.000295002,0.668822,-0.000842258,-0.000653908,-0.000310765,-0.000115499,8.50253e-06,0.000116152,0.000283277,0.000640414,0.000849675,0.0003383,0.000316555,0.000274081,0.000311447,0.000244424,0.000261445,0.000336304,0.000340732,0.000391363,0,0.000310604,0.000376163,0,0.000253262,0.528722,-0.000798092,-0.000265596,0.000339385,0.000824118,1786695600,-0.000450471,0.000317244,0,1,-0.000374194,0.000302381,0,0,0.000303562,0,0.000254398,0,0.000290956,0,0.000236371,1
1786695900,0.000198078,4.81846e-05,0.000583413,-0.000139213,0.000436554,0.510375,7.26537e-05,7.67039e-05,0.706118,-0.000993924,-0.000767358,-0.000381496,-0.000143784,1.64432e-05,0.000133244,0.000329054,0.000715847,0.000964391,6.08095e-05,6.75627e-05,8.13384e-05,7.21138e-05,0.000103824,9.44372e-05,7.49327e-05,5.82204e-05,0.000469995,0,0.000534774,0.000439943,0,0.000422043,0.521122,-0.000927414,-0.000322814,0.00037205,0.000900133,1786695900,0.000397195,0,0.00031851,1,0.00041269,0,0.000325526,1,0.000348643,0,0.000323696,0,0.000299199,0,0.000254077,1
1786695960,-0.000289099,3.2117e-05,0.000128462,-0.000417615,0.000433073,0.506762,9.32407e-05,8.91169e-05,0.580736,-0.000932426,-0.000728798,-0.000356028,-0.000135685,9.71468e-06,0.000120141,0.000297094,0.000678475,0.000925419,8.14544e-05,8.34016e-05,9.40799e-05,8.83945e-05,8.31791e-05,0.000102515,0.000100089,0.000105077,0.000434782,0,0.000428693,0.000423826,0,0.000371234,0.516839,-0.000892557,-0.000317552,0.000355652,0.000893921,1786695900,-0.000432484,0.000307578,0,1,-0.000363732,0.000266221,2.12892e-05,1,-0.00042198,0.000295727,0,1,-0.000333963,0.000277834,0,0
1786696020,0.000353332,2.6772e-05,0.000471082,-2.14181e-05,0.000430666,0.501846,9.98821e-05,0.000109098,0.408417,-0.000881458,-0.000690561,-0.000340643,-0.000133898,3.49287e-06,0.000102523,0.000255332,0.000602946,0.000823407,0.000103974,0.000102929,0.000103765,0.000101425,0.000128463,0.00010574,9.26395e-05,9.30775e-05,0.000401474,0,0.000414592,0.000387778,0,0.00033857,0.515679,-0.000841014,-0.000298143,0.000323346,0.000812708,1786695900,0.000430904,0,0.000387651,1,0.000447212,0,0.000348693,1,0.000390789,0,0.000312974,1,0.00046286,0,0.000326434,1
1786696080,0.000454865,5.35256e-06,0.000454865,-5.35272e-05,0.000429256,0.494041,0.000128743,0.000137252,0.296161,-0.000818506,-0.000652163,-0.000328857,-0.000129689,-5.77328e-06,9.68347e-05,0.000244408,0.000569688,0.000788473,0.00013574,0.000131101,0.000131716,0.000129408,0.000150697,0.000132834,0.000121019,0.000126668,-0.000356143,0.000338121,1.51665e-05,0.000353142,0,0.000265249,0.513866,-0.000763283,-0.000277543,0.00029328,0.000760365,1786695900,0.000382002,0,0.00034493,1,-0.000410293,0.000299607,3.23168e-06,1,0.000394954,0,0.000374257,1,0.000375136,0,0.00031849,1
1786696140,0.000337002,0,0.000337002,-4.81524e-05,0.000429783,0.49088,9.82525e-05,0.000106094,0.155493,-0.000796821,-0.000647965,-0.000324656,-0.000127761,-8.30599e-06,8.48302e-05,0.000225953,0.000537779,0.000757264,9.91436e-05,9.83048e-05,9.8784e-05,9.64126e-05,0.000111925,9.9448e-05,9.22103e-05,0.000102729,-0.000343745,0.000324988,2.50136e-05,0.000357256,0,0.000260357,0.51394,-0.000770549,-0.000284438,0.000292854,0.000765931,1786695900,0.000353645,0,0.000320616,1,0.000369858,0,0.000350062,1,0.000422432,0,0.000366853,1,0.000388629,0,0.000349066,1
1786696200,0.000128352,5.34832e-06,0.000363621,-0.000139066,0.000428124,0.489324,5.54176e-05,5.82718e-05,0.15005,-0.000764699,-0.000627312,-0.000325132,-0.000124099,-9.95754e-06,8.50227e-05,0.000228563,0.00051769,0.000743088,4.8783e-05,5.46705e-05,6.07741e-05,5.2489e-05,7.12496e-05,5.58094e-05,5.66418e-05,5.33674e-05,-0.000342631,0.000340619,9.73078e-06,0.000337316,0,0.000264032,0.511965,-0.000717564,-0.00027759,0.000273082,0.000722193,1786696200,0.00036043,0,0.000337248,1,0.000334239,0,0.000323573,1,0.0003532,0,0.000351682,1,0.000391865,0,0.000366382,1
1786696260,-0.000561661,-7.48699e-05,-7.48699e-05,-0.000695436,0.00042421,0.493614,0.00016049,0.000152116,0.15717,-0.00071697,-0.000584157,-0.000306322,-0.000116234,-5.50973e-06,8.63765e-05,0.000210038,0.000498929,0.000718167,0.000170112,0.000160068,0.000159628,0.000167162,0.000152248,0.000167823,0.000159525,0.00016179,-0.000321733,0.000303518,2.31876e-06,0.000330447,0,0.000261008,0.510025,-0.000717042,-0.000265603,0.000269647,0.00073583,1786696200,0.00035592,0,0.000304061,1,0.000343647,0,0.000308174,1,0.000352267,0,0.000300572,1,0.00036811,0,0.000333403,1
1786696320,-0.000160533,-0.000139127,-3.21044e-05,-0.000326443,0.000427392,0.50185,6.25167e-05,5.91498e-05,0.0879265,-0.000735299,-0.000586985,-0.00030334,-0.000112773,2.81346e-06,9.54856e-05,0.000238065,0.000525609,0.000724728,5.30935e-05,6.01612e-05,6.45167e-05,5.56489e-05,6.3204e-05,5.82826e-05,6.64722e-05,6.71578e-05,0.000360519,0,0.000369583,0.000336568,0,0.000268546,0.515306,-0.000720762,-0.000261085,0.000284856,0.000722958,1786696200,0.00033964,0,0.000311907,1,0.000335713,0,0.000273195,1,0.000334837,0,0.000298395,1,0.00033823,0,0.000312013,1
1786696380,2.14058e-05,-1.60547e-05,2.14058e-05,-0.000326496,0.000423706,0.501485,4.08011e-05,4.18792e-05,0.0707954,-0.000666761,-0.000525902,-0.000275717,-0.000105007,2.4873e-06,8.47422e-05,0.000217633,0.00048989,0.000665997,3.5794e-05,4.43967e-05,4.83578e-05,3.4932e-05,5.84824e-05,3.89302e-05,3.88874e-05,4.17055e-05,0.000329332,0,0.000263123,0.000306251,0,0.000196917,0.52468,-0.000669422,-0.000226109,0.000269387,0.00067319,1786696200,0.000334178,0,0.000296843,1,0.000324142,0,0.000314832,1,0.00028933,0,0.000284501,1,0.000337803,0,0.000310128,1
1786696440,0.00108574,4.81614e-05,0.00108574,4.81614e-05,0.000419458,0.507668,0.000409528,0.00042247,0.102839,-0.000658221,-0.000523117,-0.000263542,-9.83858e-05,8.09848e-06,8.24465e-05,0.000214232,0.000486513,0.000654765,0.000433668,0.000406677,0.000401774,0.000431612,0.000407485,0.000434694,0.000405707,0.000389209,0.000318402,0,0.000255211,0.00030663,0,0.000199853,0.529996,-0.00067459,-0.000222595,0.000273453,0.000676735,1786696200,0.00031863,0,0.00027983,0,0.000328416,0,0.000303896,1,0.00032662,0,0.000306902,1,0.00033195,0,0.000333146,1
1786696500,0.00112194,-1.60369e-05,0.00112194,-1.60369e-05,0.000442722,0.486638,0.000411466,0.000423592,0.033982,-0.000835618,-0.000667594,-0.000346803,-0.000140483,-1.24318e-05,8.23744e-05,0.000241775,0.000559061,0.000800175,0.000450489,0.00041501,0.000392229,0.000436117,0.000386241,0.000349091,0.000403988,0.000433473,-0.000397043,0.00035584,4.70325e-05,0.000401123,0,0.000334556,0.509737,-0.000850295,-0.000323925,0.000320718,0.000856832,1786696500,0.000315997,0,0.000291261,0,0.000318122,0,0.000308789,0,0.000320543,0,0.000299438,0,0.000328997,0,0.000303209,1
1786696560,-6.94172e-05,5.33958e-06,0.000101447,-0.000229629,0.00046611,0.478094,5.81534e-05,5.85315e-05,0.031263,-0.000918578,-0.000744896,-0.000402333,-0.00017139,-2.54688e-05,9.26581e-05,0.000279056,0.000626118,0.00091624,3.88447e-05,5.24077e-05,6.44275e-05,4.44278e-05,7.0759e-05,8.68998e-05,5.80097e-05,5.57946e-05,-0.000459001,0.000387048,0,0.000443216,0,0.000371727,0.500452,-0.000927201,-0.00036769,0.000338115,0.000946531,1786696500,-0.00039678,0.000310056,0,1,0.000313742,0,0.000287616,0,0.000309935,0,0.000290071,0,0.000316861,0,0.000289079,0
1786696620,0.000448457,0,0.000507168,-8.54432e-05,0.000461529,0.483798,0.000130749,0.000137959,0.0363986,-0.000788433,-0.000630935,-0.000335531,-0.000132831,-1.61659e-05,8.54604e-05,0.000230075,0.000557732,0.000818738,0.000132077,0.000129505,0.00013,0.000128302,0.000123783,0.000131979,0.000137025,0.000128815,-0.000383794,0.000275084,0,0.000373978,0,0.000251129,0.506383,-0.000797325,-0.000301345,0.000296701,0.000829872,1786696500,-0.000444237,0.000357407,0,1,-0.0003726,0.00029991,0,0,0.000278757,0,0.000279291,0,0.000311741,0,0.000303239,0
1786696680,5.33756e-06,1.06751e-05,0.000202807,-3.73637e-05,0.000461271,0.481889,4.9945e-05,5.0683e-05,0.0383038,-0.000817113,-0.000650676,-0.000343908,-0.000137039,-1.89209e-05,8.73955e-05,0.000248737,0.000583258,0.000836668,3.53793e-05,4.79596e-05,5.58261e-05,3.92844e-05,6.43176e-05,6.7042e-05,4.61267e-05,5.25225e-05,-0.000399805,0.000317893,0,0.000392823,0,0.000242325,0.506988,-0.0008222,-0.000312606,0.000316631,0.000853429,1786696500,0.000374417,0,0.000330575,1,-0.000403529,0.000343053,0,1,0.000360241,0,0.000322478,1,0.000297589,0,0.000288569,0
1786696740,-0.000469814,-1.06751e-05,-1.06751e-05,-0.000469814,0.000456636,0.490699,0.00013311,0.000127057,0.0515256,-0.000750307,-0.000587393,-0.000302127,-0.000119175,-6.89481e-06,7.25213e-05,0.000215358,0.000526765,0.000774969,0.000134142,0.000133768,0.000134326,0.000137363,0.000140635,0.00013723,0.000129484,0.000133001,-0.000351021,0.000251282,0,0.000365896,0,0.000233976,0.50886,-0.00079814,-0.000292667,0.000290273,0.000815928,1786696500,0.000401,0,0.000361292,1,0.000345599,0,0.000352661,1,0.00037822,0,0.000366945,1,-0.000334681,0.000275074,1.5098e-05,1
1786696800,0.000160189,5.34004e-06,0.000234935,0,0.000456903,0.495006,5.8869e-05,6.14835e-05,0.0404708,-0.000730909,-0.000569972,-0.000300074,-0.000111961,-2.70035e-06,7.28751e-05,0.000218608,0.000512865,0.000723174,5.43509e-05,6.2081e-05,6.57177e-05,5.10456e-05,7.01451e-05,6.57054e-05,5.67735e-05,5.6431e-05,-0.000348796,0.00024649,0,0.000357871,0,0.000245511,0.510669,-0.0007723,-0.000281187,0.000291299,0.000771438,1786696800,0.000354745,0,0.000318552,1,0.00037433,0,0.000367949,1,0.000341455,0,0.000338694,1,-0.000383445,0.000315608,0,1
1786696860,-0.00076914,0,0,-0.000833262,0.000452878,0.500435,0.00026272,0.000252219,0.0572022,-0.000655454,-0.000521742,-0.000261673,-9.86574e-05,2.05714e-06,7.07965e-05,0.000188813,0.000468641,0.000662405,0.00026464,0.000236863,0.000233777,0.000289489,0.000227822,0.000248083,0.000272423,0.000289421,0.000305308,0,0.000157529,0.000297132,0,0.000153071,0.512284,-0.000649369,-0.000230777,0.000234739,0.000631863,1786696800,0.000332808,0,0.000277791,1,0.000378946,0,0.000323335,1,0.000380941,0,0.000329758,1,0.000376899,0,0.000308236,1
1786696920,-5.87781e-05,5.34329e-06,1.60298e-05,-0.000160312,0.000461333,0.507314,5.08419e-05,5.10521e-05,0.0291552,-0.000804842,-0.000620821,-0.000315035,-0.000119091,9.25157e-06,9.34591e-05,0.000252291,0.000568842,0.000787869,3.81227e-05,5.05769e-05,5.50011e-05,4.02694e-05,6.3765e-05,5.92333e-05,5.32494e-05,4.98462e-05,0.00037836,0,0.000351495,0.000379907,0,0.000314358,0.513045,-0.000829817,-0.000294591,0.00031241,0.000805714,1786696800,0.000297834,0,0.0002731,1,0.000335981,0,0.000305258,1,0.000351913,0,0.000329331,1,0.000371467,0,0.000357492,1
1786696980,-4.80938e-05,3.74047e-05,0.000261803,-5.87816e-05,0.000456772,0.505704,4.16987e-05,4.15414e-05,0.0427949,-0.00067581,-0.000527191,-0.000264393,-9.06439e-05,6.08335e-06,7.30669e-05,0.00019297,0.000474054,0.000660881,3.75271e-05,4.92531e-05,5.16158e-05,3.09503e-05,6.12087e-05,4.60634e-05,3.99939e-05,3.95995e-05,0.000308242,0,0.000149834,0.000307372,0,0.000162695,0.521133,-0.000671813,-0.000222888,0.000259452,0.000654008,1786696800,0.000356464,0,0.000324803,1,0.000299929,0,0.000286544,1,0.000335911,0,0.000300344,1,0.000351341,0,0.000310179,1
1786697040,0.000160304,0,0.000176332,-6.94728e-05,0.000452233,0.49953,5.50343e-05,5.78331e-05,0.067104,-0.000677014,-0.000537463,-0.000274803,-0.000102608,1.60923e-06,6.83425e-05,0.000179614,0.000466971,0.000658215,5.4459e-05,6.14022e-05,6.18268e-05,5.12363e-05,7.10707e-05,5.36134e-05,5.26837e-05,4.89235e-05,-0.000310877,0.000172479,0,0.000327031,0,0.000240622,0.51003,-0.000736257,-0.000263059,0.000259125,0.000701612,1786696800,0.000292088,0,0.000253179,1,0.000356943,0,0.000315127,1,0.000309371,0,0.000282991,1,0.000323892,0,0.000293972,1
1786697100,0.000357918,5.34301e-06,0.000357918,-0.000187023,0.000448261,0.502871,0.000101359,0.000108532,0.0964225,-0.00066936,-0.000528429,-0.000276613,-9.65398e-05,3.92642e-06,7.38588e-05,0.000193122,0.000465301,0.000649946,0.000105044,0.000104087,0.000103588,0.000101982,0.000104505,0.000102929,9.98896e-05,9.70651e-05,0.00031638,0,0.000246118,0.000335702,0,0.000236628,0.517323,-0.000729394,-0.00026592,0.000271154,0.000706727,1786697100,0.000320833,0,0.00029876,1,-0.000288909,0.000219362,1.55336e-05,1,-0.000345618,0.000275954,0,1,-0.000307621,0.000242836,2.05847e-05,1
1786697160,0.000549983,3.73871e-05,0.000774161,3.73871e-05,0.000446633,0.492301,0.000163318,0.000173035,0.0949368,-0.000693472,-0.000551328,-0.000288276,-0.000110358,-5.53751e-06,7.35155e-05,0.0001935,0.000467419,0.000669944,0.000171259,0.000157404,0.000157935,0.000166889,0.00015488,0.000165836,0.000165074,0.000168454,-0.000326243,0.000241443,0,0.000345083,0,0.000241642,0.512505,-0.000752657,-0.000273124,0.000277816,0.000744901,1786697100,0.000330333,0,0.000289966,1,-0.000330853,0.000253137,0,1,0.000294737,0,0.000281417,1,-0.00034903,0.00026709,0,1
1786697220,-0.000170836,5.33803e-05,5.33803e-05,-0.000448507,0.000448933,0.480543,5.96945e-05,5.76544e-05,0.0658544,-0.000762075,-0.00059506,-0.000325883,-0.0001323,-1.73663e-05,7.36827e-05,0.000213739,0.000511142,0.000751909,5.53165e-05,6.30034e-05,6.22729e-05,5.88598e-05,7.25117e-05,5.73332e-05,5.74398e-05,5.83248e-05,-0.000366167,0.000284695,0,0.000352102,0,0.000284701,0.502591,-0.000768709,-0.000292428,0.000269769,0.00077266,1786697100,0.000343846,0,0.000332724,1,0.000320673,0,0.000267593,1,0.000322413,0,0.000338745,1,0.000300131,0,0.00029469,1
1786697280,0.000245568,5.33907e-06,0.00038434,5.33907e-06,0.000445078,0.484162,7.36797e-05,7.98564e-05,0.078114,-0.000702079,-0.000561438,-0.000288921,-0.00011806,-1.28727e-05,7.0185e-05,0.00020398,0.000480211,0.000694487,7.32509e-05,7.46071e-05,7.29779e-05,7.10577e-05,7.91197e-05,7.04839e-05,7.51619e-05,7.81039e-05,-0.000333397,0.000267098,0,0.000331549,0,0.000249462,0.513297,-0.000728592,-0.000259026,0.000268788,0.000742251,1786697100,-0.000340105,0.00028505,0,1,0.000321336,0,0.000318935,1,0.000284341,0,0.000286301,1,-0.000328908,0.000266426,2.51937e-05,1
1786697340,-7.47316e-05,2.13509e-05,3.20261e-05,-0.000336336,0.000441971,0.487421,4.3532e-05,4.364e-05,0.0996056,-0.00067512,-0.000533575,-0.000284321,-0.000112179,-9.68238e-06,6.90557e-05,0.000195498,0.000467965,0.000677537,3.9303e-05,4.8189e-05,4.50207e-05,3.99266e-05,5.7572e-05,4.02027e-05,4.10623e-05,4.50835e-05,-0.00032491,0.000237739,0,0.000319312,0,0.000209868,0.508062,-0.000700369,-0.000256661,0.000249759,0.000703801,1786697100,0.000317492,0,0.000286543,1,-0.000328039,0.000293272,0,1,0.000319457,0,0.000311457,1,0.000326335,0,0.000326045,1
1786697400,0.000160132,0,0.000181481,-6.40601e-05,0.000437657,0.490485,5.65231e-05,5.82251e-05,0.135846,-0.00067332,-0.000529283,-0.000273674,-0.000101217,-6.74269e-06,6.80304e-05,0.000187817,0.000456225,0.000663951,5.40713e-05,5.94143e-05,5.61824e-05,5.46556e-05,6.11276e-05,5.20284e-05,5.81149e-05,5.62951e-05,-0.000312115,0.000242212,0,0.000326002,0,0.000222027,0.513191,-0.000709346,-0.000248779,0.00026512,0.000717878,1786697400,0.000309507,0,0.000285512,1,0.000306425,0,0.000285686,1,-0.000335379,0.000290221,0,1,0.000334138,0,0.000330607,1
1786697460,0.000234814,0,0.000234814,0,0.000433849,0.491936,6.90194e-05,7.42401e-05,0.194582,-0.000617741,-0.000484496,-0.000246572,-8.98967e-05,-5.41302e-06,6.64294e-05,0.000175153,0.000419881,0.000614287,7.02029e-05,7.13873e-05,6.87224e-05,6.74734e-05,7.02063e-05,6.81459e-05,6.99687e-05,7.02478e-05,-0.000284305,0.00018973,0,0.000287763,0,0.000158678,0.509979,-0.000621633,-0.000225454,0.000224148,0.000615991,1786697400,-0.000303047,0.00025096,0,1,-0.00030738,0.000262895,0,1,-0.000300106,0.000264248,0,1,-0.00032557,0.00028172,0,1
1786697520,1.60081e-05,-8.00442e-05,4.80234e-05,-0.000272176,0.000430771,0.495829,3.4812e-05,3.48647e-05,0.255078,-0.000598012,-0.000469551,-0.000235527,-8.82163e-05,-1.49676e-06,6.03696e-05,0.000165947,0.000392394,0.000582633,3.59476e-05,4.32527e-05,3.73247e-05,2.64619e-05,4.487e-05,3.41161e-05,2.97223e-05,3.88224e-05,-0.000270534,0.000159415,0,0.000269545,0,0.000147063,0.508225,-0.000585626,-0.000214186,0.000200627,0.000568988,1786697400,0.000285291,0,0.000278901,1,0.000309901,0,0.000278333,1,0.000330137,0,0.000280795,1,0.000318422,0,0.000276779,1
1786697580,-7.47065e-05,-5.33599e-06,9.6043e-05,-0.000330885,0.000426447,0.506094,3.79552e-05,3.69827e-05,0.361693,-0.000571086,-0.000442547,-0.000217621,-7.83638e-05,5.6563e-06,6.35563e-05,0.000163811,0.000390305,0.00057395,3.92584e-05,4.58483e-05,3.9055e-05,3.50668e-05,4.84567e-05,3.48762e-05,3.66396e-05,3.64459e-05,0.000256273,0,0.000153427,0.00027346,0,0.000169732,0.510865,-0.000597229,-0.000211589,0.000214622,0.000603697,1786697400,-0.000257443,0.000191879,4.10174e-06,1,0.000284562,0,0.000271053,1,-0.000288328,0.000252548,0,1,-0.000315165,0.000268389,0,1
1786697640,-6.40386e-05,1.06727e-05,2.66815e-05,-0.00011207,0.000422294,0.501325,3.67385e-05,3.63491e-05,0.316498,-0.000588252,-0.000455249,-0.000224291,-8.13472e-05,2.55462e-06,5.85307e-05,0.000157496,0.000389625,0.000570945,3.86062e-05,4.45916e-05,3.69445e-05,3.57971e-05,4.34122e-05,3.01183e-05,3.57502e-05,3.58482e-05,0.000258485,0,0.000199753,0.000274499,0,0.000197546,0.509591,-0.000604465,-0.000212519,0.000217477,0.00061384,1786697400,0.000276594,0,0.000275489,1,0.000262333,0,0.000227465,1,0.000288984,0,0.000265887,1,0.000295605,0,0.000261235,1
1786697700,0,-5.33673e-06,4.26929e-05,-5.33673e-06,0.000418147,0.509312,2.87781e-05,2.80579e-05,0.308599,-0.00051786,-0.000398316,-0.000187958,-5.65503e-05,6.129e-06,5.06258e-05,0.000136774,0.000340357,0.00051286,3.50485e-05,4.03964e-05,3.20767e-05,2.38951e-05,3.37693e-05,2.15918e-05,2.48886e-05,2.86206e-05,0.000218244,0,0.000113713,0.000232952,0,0.000130314,0.509736,-0.000503341,-0.000174306,0.000172064,0.000495844,1786697700,0.00027149,0,0.000268953,1,0.000271784,0,0.000262678,1,0.000271903,0,0.000238715,1,0.00029116,0,0.000279458,1
1786697760,9.07201e-05,-5.33673e-06,0.000138745,-5.33673e-06,0.000413945,0.505597,3.39784e-05,3.49581e-05,0.332741,-0.000479578,-0.000372005,-0.000173284,-5.11585e-05,3.78884e-06,4.40979e-05,0.000111302,0.000307166,0.000467803,4.24601e-05,4.513e-05,3.84599e-05,3.07913e-05,3.18005e-05,2.94609e-05,3.07834e-05,3.21877e-05,0.000194323,0,7.32163e-05,0.000204158,0,0.000100597,0.505888,-0.000440176,-0.000152536,0.000130005,0.000422456,1786697700,0.000214052,0,0.000198129,1,0.000268287,0,0.000266694,1,0.000268,0,0.00026848,1,-0.000267868,0.000223704,0,1
1786697820,0.000122726,-7.47101e-05,0.000122726,-7.47101e-05,0.000409985,0.507732,3.99071e-05,4.10431e-05,0.359177,-0.000487522,-0.000377849,-0.000175763,-5.12062e-05,4.72149e-06,4.75438e-05,0.000117463,0.000309925,0.000479617,4.77849e-05,5e-05,4.30343e-05,3.76187e-05,3.39731e-05,3.57683e-05,3.70701e-05,4.02626e-05,0.000198714,0,6.97648e-05,0.00020529,0,0.000109376,0.507595,-0.000443426,-0.0001542,0.000136513,0.000429668,1786697700,0.000192737,0,0.000177741,1,-0.000231086,0.000194412,0,1,-0.000272764,0.000242007,0,1,0.000283867,0,0.000269837,1
1786697880,0.000544081,0,0.000597407,-5.3356e-06,0.000406236,0.520917,0.000185217,0.000193676,0.370048,-0.000451094,-0.000354891,-0.000157806,-3.9525e-05,1.00242e-05,4.58044e-05,0.000117953,0.00028901,0.000460544,0.000168591,0.000161413,0.000180014,0.000205318,0.00017585,0.000213588,0.00020188,0.000173019,0.000183969,0,2.93932e-05,0.00021466,0,0.000111642,0.508971,-0.000466846,-0.000164679,0.000150765,0.000455646,1786697700,-0.000199672,0.000160071,0,0,-0.000218232,0.000172651,0,0,0.000232421,0,0.00021843,1,-0.000275151,0.000252159,0,1
1786697940,0.00077294,5.33266e-06,0.00077294,5.33266e-06,0.000409448,0.487043,0.000277177,0.000284283,0.139656,-0.000589345,-0.000477114,-0.000236298,-7.75175e-05,-8.22437e-06,5.68887e-05,0.0001691,0.000383619,0.000615615,0.00027438,0.000260418,0.000283575,0.00030245,0.000265238,0.000271807,0.000282314,0.000265489,-0.00027003,0.00020188,0,0.000307092,0,0.000241055,0.508523,-0.000682115,-0.000249479,0.000239318,0.000695994,1786697700,-0.000217211,0.000167011,0,0,0.000212132,0,0.000182477,0,-0.00023454,0.00018432,0,0,-0.000226444,0.000195359,0,0
1786698000,-0.000266463,4.79559e-05,9.59095e-05,-0.000410383,0.000419813,0.481798,7.45808e-05,7.43476e-05,0.0890961,-0.000731121,-0.000588599,-0.000308861,-0.000113547,-1.57167e-05,7.23085e-05,0.000228402,0.000495152,0.000744987,7.6073e-05,7.69702e-05,7.69958e-05,7.77336e-05,9.73082e-05,7.73946e-05,7.41028e-05,7.153e-05,-0.000357307,0.000453929,3.70851e-05,0.000402479,0.000190948,0.000506419,0.505948,-0.000838807,-0.00032086,0.000313729,0.000876124,1786698000,-0.000300782,0.000228258,0,1,0.000221555,0,0.000186228,0,-0.000230047,0.000188982,0,0,-0.000229826,0.000201289,0,0
1786698060,-0.000453151,1.06599e-05,1.06599e-05,-0.000453151,0.000417299,0.485126,0.000125637,0.000123472,0.0790711,-0.00064026,-0.000501685,-0.000254129,-9.33492e-05,-1.07315e-05,6.30889e-05,0.000179015,0.000440545,0.000682311,0.00012838,0.000128767,0.000128743,0.000134793,0.000147811,0.000128527,0.000123561,0.000117438,-0.000270638,0.000225443,0,0.000326646,0,0.000282952,0.507915,-0.000721412,-0.000259045,0.000261817,0.000751394,1786698000,-0.000501446,0.000371098,0,1,-0.000297293,0.000264559,0,1,0.000236671,0,0.00020376,1,-0.000227418,0.000191219,0,1
1786698120,-0.000426683,0,0,-0.000426683,0.000418046,0.500645,0.000121952,0.000119123,0.0762769,-0.000616758,-0.000476166,-0.000227708,-8.04616e-05,1.2135e-06,6.95411e-05,0.000182374,0.000417205,0.00060537,0.000120539,0.000121328,0.000121357,0.000129547,0.000130931,0.00012106,0.0001222,0.00012288,0.000273308,0,0.000194681,0.000308994,0,0.000237883,0.509333,-0.000677005,-0.000240879,0.000254444,0.000689397,1786698000,-0.000321447,0.000276214,0,1,-0.000415043,0.000370514,0,1,-0.000310875,0.00025138,0,1,-0.000241441,0.000194294,0,1
1786698180,0.000181362,-5.33468e-06,0.000336028,-9.60287e-05,0.00041822,0.506351,5.63808e-05,5.71894e-05,0.07841,-0.000618413,-0.000487877,-0.00023049,-8.25219e-05,5.94315e-06,7.09544e-05,0.000182818,0.000422908,0.000597404,5.76235e-05,6.06923e-05,5.96859e-05,5.24228e-05,5.94999e-05,5.94645e-05,5.71047e-05,5.30258e-05,0.000276007,0,0.000194452,0.000313798,0,0.000239535,0.51475,-0.000694785,-0.000239351,0.000263508,0.000690594,1786698000,0.000310367,0,0.000249319,1,-0.000315848,0.000288195,0,1,-0.000385799,0.000354187,0,1,-0.000291038,0.000250149,0,1
1786698240,0.000181329,0,0.000186662,0,0.000414811,0.505826,5.77915e-05,5.81694e-05,0.0757072,-0.00063151,-0.000498534,-0.000237022,-8.81675e-05,5.79239e-06,7.61462e-05,0.000194592,0.000443775,0.000622757,5.76147e-05,6.02884e-05,5.8591e-05,5.38441e-05,5.70993e-05,5.77721e-05,6.09987e-05,5.54771e-05,0.000265385,0,0.000210339,0.000322052,0,0.000242588,0.514692,-0.000717781,-0.000247576,0.000267219,0.000722775,1786698000,0.000310491,0,0.000257879,1,-0.000313206,0.000261864,0,1,-0.000320668,0.000267615,0,1,-0.000376185,0.000338291,0,1
1786698300,-0.000314681,-5.33275e-06,-5.33275e-06,-0.000314681,0.000411442,0.495761,8.93509e-05,8.66765e-05,0.0752075,-0.000584555,-0.000472972,-0.000224971,-7.66757e-05,-2.12055e-06,6.07488e-05,0.00016182,0.000394762,0.000568482,8.94376e-05,8.99841e-05,8.99885e-05,9.16847e-05,9.87159e-05,8.97827e-05,9.004e-05,8.67186e-05,-0.000240488,0.000152918,0,0.000272119,0,0.000159013,0.516801,-0.000621265,-0.000211596,0.000218321,0.000614063,1786698300,-0.000337823,0.000279881,0,1,-0.000336844,0.000262906,0,1,0.000331403,0,0.000271321,1,0.000334216,0,0.000244422,1
1786698360,-0.000149375,0,0,-0.00026142,0.00040973,0.488098,4.82426e-05,4.72092e-05,0.0793018,-0.000577389,-0.000464838,-0.000232699,-8.69757e-05,-6.97079e-06,5.44056e-05,0.000149927,0.000366429,0.000541535,5.1738e-05,5.46709e-05,5.22172e-05,4.32997e-05,5.86372e-05,5.20498e-05,4.78954e-05,4.31146e-05,-0.00023928,0.000152659,0,0.000274741,0,0.000206784,0.508236,-0.000619407,-0.000218102,0.000220251,0.000618528,1786698300,-0.00027803,0.000191435,0,1,-0.00034854,0.000276593,0,1,0.000324675,0,0.000273239,1,-0.000314497,0.000254297,0,1
1786698420,-0.000234777,3.73458e-05,4.80157e-05,-0.000234777,0.000406162,0.495996,6.8652e-05,6.50688e-05,0.089285,-0.000574254,-0.000448505,-0.000216531,-7.9134e-05,-1.99517e-06,6.22017e-05,0.000174416,0.00039459,0.00056092,6.7198e-05,6.85026e-05,6.76294e-05,6.71374e-05,7.19198e-05,6.75189e-05,6.95702e-05,7.03667e-05,-0.000240418,0.000172763,0,0.000269873,0,0.000182438,0.515958,-0.000604597,-0.00020178,0.000227125,0.000617267,1786698300,-0.000274858,0.000227855,0,1,-0.000282096,0.000223188,0,1,-0.00034135,0.000279923,0,1,-0.000300726,0.000240207,0,1
1786698480,3.73546e-05,0,0.000192094,-5.33648e-06,0.000403449,0.49381,3.39041e-05,3.38772e-05,0.102108,-0.000554281,-0.000443762,-0.000215287,-8.26243e-05,-3.01787e-06,5.71779e-05,0.00015604,0.000370169,0.000536983,3.70868e-05,4.0208e-05,3.59004e-05,2.44369e-05,3.97744e-05,3.71287e-05,3.2547e-05,3.46681e-05,-0.000231147,0.000141167,0,0.000250265,0,0.000177913,0.510354,-0.000563066,-0.0001949,0.000202416,0.000559052,1786698300,0.000270103,0,0.000226037,1,-0.000274853,0.000223456,0,1,-0.000293041,0.000222053,0,1,-0.000328895,0.000278784,0,1
1786698540,-9.07206e-05,0,5.33625e-06,-9.07206e-05,0.000399429,0.496508,3.77494e-05,3.61161e-05,0.112144,-0.000524951,-0.000411378,-0.00020146,-7.54582e-05,-7.99358e-07,5.26835e-05,0.000139453,0.000351538,0.000515966,4.18845e-05,4.37245e-05,3.98195e-05,3.17368e-05,4.37618e-05,3.94782e-05,3.71456e-05,3.60191e-05,-0.000214021,0.000134373,0,0.000245709,0,0.000168886,0.510437,-0.000566443,-0.00019376,0.000195329,0.000571774,1786698300,0.000252936,0,0.000211889,1,-0.000274058,0.000223339,0,1,-0.000290045,0.000229874,0,1,-0.000300318,0.000232447,0,1
1786698600,-0.000144103,0,0,-0.000282888,0.000395622,0.490444,4.46902e-05,4.26681e-05,0.133101,-0.000485883,-0.000385455,-0.000184436,-6.51105e-05,-3.33191e-06,4.01008e-05,0.000116029,0.000308942,0.000474016,5.07718e-05,5.21958e-05,4.78341e-05,4.14218e-05,5.07487e-05,4.60164e-05,4.30423e-05,4.43946e-05,-0.000189952,8.3904e-05,0,0.000215447,0,0.000123906,0.50847,-0.000480301,-0.000164477,0.000162722,0.000472522,1786698600,0.000264261,0,0.000226515,1,-0.000273295,0.000214833,0,1,-0.000285845,0.00022534,0,1,-0.000291474,0.000225312,0,1
1786698660,0.000378892,-5.33753e-06,0.000389563,-5.33753e-06,0.000392176,0.493847,0.000107848,0.000115836,0.168613,-0.000512367,-0.000399696,-0.000192676,-7.21341e-05,-2.05478e-06,4.69082e-05,0.000145422,0.000351082,0.000518895,0.000110143,0.000109259,0.000108298,0.000117634,0.000107156,0.000112041,0.000107696,0.000106538,-0.000210257,0.000163066,0,0.000240177,0,0.000165336,0.513914,-0.000540686,-0.000180238,0.000199662,0.000556908,1786698600,0.000206829,0,0.000165803,1,-0.000277658,0.000217268,0,1,0.00026748,0,0.000235543,1,0.000277468,0,0.00022314,1
1786698720,-0.000469634,-6.4028e-05,-6.4028e-05,-0.000555046,0.000391915,0.493435,0.000140456,0.000133972,0.090644,-0.000523195,-0.000423627,-0.000208561,-7.46462e-05,-3.07247e-06,5.30364e-05,0.000147083,0.000354969,0.000527953,0.000134764,0.000133535,0.000140593,0.000163161,0.000144165,0.000136015,0.000136852,0.000140688,-0.000221369,0.000166488,0,0.000258359,0,0.000172097,0.513951,-0.000582506,-0.000204704,0.000211839,0.00059663,1786698600,-0.000246899,0.000194106,0,1,-0.000226858,0.00016896,0,1,-0.00029328,0.000226068,0,1,-0.000254865,0.0002015,0,1
1786698780,0.000330901,1.06759e-05,0.000330901,1.06759e-05,0.000393619,0.489235,9.57322e-05,0.00010102,0.0729813,-0.00058349,-0.000455019,-0.000224484,-9.26491e-05,-6.78877e-06,5.89978e-05,0.000161299,0.000385833,0.000569253,9.67915e-05,9.59741e-05,9.52276e-05,9.55389e-05,9.33161e-05,9.38972e-05,9.781e-05,9.58717e-05,-0.000241331,0.000207752,1.77854e-05,0.000280377,0,0.000234668,0.514364,-0.000631945,-0.000218161,0.000234258,0.000647243,1786698600,-0.000285563,0.000215767,0,1,-0.000248906,0.000208452,0,1,-0.000230787,0.000178658,0,1,-0.000286697,0.000241263,0,1
1786698840,0.000266776,-5.33625e-06,0.000266776,-5.33625e-06,0.000392463,0.487451,7.75395e-05,8.21924e-05,0.0574425,-0.000540877,-0.000435792,-0.000216017,-8.22548e-05,-8.23003e-06,5.89236e-05,0.000156592,0.000365621,0.000547652,7.89542e-05,7.81173e-05,7.74145e-05,7.57917e-05,7.25554e-05,7.60802e-05,7.70333e-05,7.98103e-05,-0.000231394,0.000173722,0,0.000274236,0,0.00017072,0.516937,-0.000607393,-0.000211612,0.000229582,0.00062799,1786698600,-0.000292501,0.000222889,0,1,0.000282516,0,0.000228092,1,-0.000256694,0.000205279,0,1,-0.000223985,0.000171335,0,1
1786698900,-0.000197408,-5.33483e-06,-5.33483e-06,-0.000224087,0.000390346,0.494336,5.79876e-05,5.64696e-05,0.0518493,-0.000567965,-0.000464004,-0.000233093,-8.66587e-05,-3.33367e-06,6.43959e-05,0.000166096,0.000376438,0.000555584,5.96802e-05,6.06051e-05,5.81154e-05,5.68496e-05,6.23282e-05,6.01085e-05,6.12655e-05,5.5442e-05,-0.000246714,0.000202029,0,0.000289456,0,0.000220598,0.516337,-0.000637923,-0.000234071,0.000235293,0.000648903,1786698900,-0.000291393,0.000208022,0,1,0.000295237,0,0.000229782,1,0.000290956,0,0.000226645,1,-0.000255995,0.000210316,0,1
1786698960,-6.40324e-05,0,0,-6.93687e-05,0.00038743,0.484133,3.29102e-05,3.25572e-05,0.0523406,-0.000510289,-0.000412172,-0.000207266,-8.17195e-05,-9.23922e-06,5.05384e-05,0.000140124,0.000334718,0.000513289,3.85435e-05,3.94903e-05,3.58732e-05,2.67168e-05,3.90253e-05,3.91555e-05,3.1976e-05,3.09388e-05,-0.000217122,0.000142576,0,0.000252274,0,0.000168324,0.509288,-0.000558847,-0.000199957,0.000204656,0.00057888,1786698900,-0.000320513,0.000241157,0,1,-0.000285429,0.000223907,0,1,-0.000293833,0.000228091,0,1,-0.000282063,0.000224751,0,1
1786699020,9.07114e-05,0,0.00018675,-5.33622e-06,0.000383643,0.489582,3.55907e-05,3.67672e-05,0.0549965,-0.00047717,-0.00038432,-0.000182276,-6.41431e-05,-4.90722e-06,4.56358e-05,0.000124978,0.000312705,0.000474669,4.24005e-05,4.19682e-05,3.88157e-05,2.82071e-05,3.80968e-05,4.01444e-05,3.46154e-05,3.31291e-05,-0.000192175,9.05061e-05,0,0.000215094,0,0.000107145,0.510888,-0.000470898,-0.000162506,0.000169696,0.000479145,1786698900,0.000259951,0,0.000204972,1,0.000325621,0,0.000207692,1,0.000315183,0,0.000216333,1,0.000297768,0,0.000223573,1
1786699080,-0.000144075,6.40266e-05,9.60384e-05,-0.000144075,0.000380004,0.497635,4.58288e-05,4.40724e-05,0.0571194,-0.000483471,-0.000374462,-0.000183119,-6.52222e-05,-6.2739e-07,5.27926e-05,0.000136787,0.00032709,0.000491275,5.06995e-05,5.0547e-05,4.68683e-05,4.14765e-05,5.05569e-05,4.68988e-05,4.52178e-05,4.7166e-05,-0.000198474,0.000124385,0,0.00023536,0,0.000144689,0.516932,-0.000537401,-0.000183286,0.000193776,0.000558227,1786698900,0.000209548,0,0.000157031,1,-0.000264925,0.000206115,0,1,-0.000271836,0.000222625,0,1,0.000287392,0,0.000221837,1
1786699140,-9.07245e-05,5.33648e-06,9.60523e-05,-9.60615e-05,0.000376736,0.486915,3.5279e-05,3.31526e-05,0.0611392,-0.000463024,-0.000368627,-0.000176796,-6.62042e-05,-6.17341e-06,4.33943e-05,0.000121141,0.000299376,0.000466043,4.17968e-05,4.12794e-05,3.73734e-05,2.92618e-05,4.03767e-05,3.65863e-05,3.43241e-05,3.40231e-05,-0.000186583,0.000102813,0,0.000217951,0,0.000147306,0.513681,-0.000493124,-0.000171167,0.000176716,0.000507571,1786698900,-0.000256388,0.000200841,0,1,-0.000226186,0.00015928,0,1,0.000268275,0,0.000217826,1,-0.000300446,0.00022422,0,1
1786699200,4.26949e-05,0,4.26949e-05,-0.000336286,0.000373171,0.484361,2.80752e-05,2.80752e-05,0.0687164,-0.000454914,-0.000358965,-0.000170848,-6.65179e-05,-7.65696e-06,4.2797e-05,0.000116468,0.000302896,0.000460275,3.72959e-05,3.62685e-05,3.08321e-05,2.14558e-05,3.332e-05,2.66621e-05,2.78204e-05,2.64776e-05,-0.000181602,0.00010519,0,0.000201404,0,0.000129542,0.515765,-0.000458931,-0.000155162,0.000161869,0.000474467,1786699200,0.000232882,0,0.000179628,1,0.00027287,0,0.000201325,1,0.000235389,0,0.000179865,1,0.000264443,0,0.000199149,1
1786699260,0.000405511,0,0.000522865,0,0.000369469,0.501374,0.000115826,0.000123022,0.0792007,-0.000503133,-0.000379448,-0.00017495,-6.52038e-05,1.76618e-06,5.29251e-05,0.0001562,0.000356338,0.000509719,0.000117497,0.000116379,0.000122226,0.000126297,0.000115377,0.000132666,0.000112663,0.000106985,0.000201972,0,0.000171491,0.000221824,0,0.000148955,0.528554,-0.000506675,-0.000159915,0.000197781,0.000544706,1786699200,0.000225318,0,0.000172673,1,-0.000244271,0.000188837,0,1,-0.000274582,0.00021081,0,1,0.000220492,0,0.000167475,1
1786699320,0,0,0,-1.06692e-05,0.000370225,0.483869,3.28067e-05,3.25229e-05,0.0569598,-0.000557723,-0.000445835,-0.000219283,-8.33619e-05,-1.00371e-05,5.36643e-05,0.000159959,0.000376794,0.000558354,3.49242e-05,3.3547e-05,2.93706e-05,2.66323e-05,3.23964e-05,3.49265e-05,3.90635e-05,3.22129e-05,-0.00023571,0.000204795,3.9021e-06,0.000257247,0,0.000192419,0.51187,-0.000576937,-0.000207554,0.00021049,0.000604733,1786699200,-0.000250733,0.000190834,0,1,-0.000232374,0.000178222,0,1,0.000242102,0,0.000201163,1,-0.000263402,0.000215769,0,1
1786699380,5.33444e-05,5.33457e-06,5.33444e-05,5.33457e-06,0.000366504,0.503594,2.83795e-05,2.84736e-05,0.0640299,-0.000443189,-0.000356696,-0.000154421,-5.57753e-05,2.76181e-06,4.73301e-05,0.000130418,0.000317566,0.000458387,3.78862e-05,3.59977e-05,3.13358e-05,2.25195e-05,3.25518e-05,3.44129e-05,2.51207e-05,2.8894e-05,0.000175363,0,6.57993e-05,0.000168266,0,5.53876e-05,0.53425,-0.000367428,-0.000103138,0.000136953,0.000398554,1786699200,-0.000279452,0.000207115,0,1,0.000245695,0,0.000196995,1,0.000243137,0,0.000200287,1,-0.000234899,0.000182919,0,1
1786699440,0.000261347,0,0.000261347,0,0.000362899,0.501917,7.37527e-05,7.75309e-05,0.0732867,-0.000446475,-0.00035735,-0.000156259,-5.12863e-05,1.48775e-06,4.63878e-05,0.000132571,0.000316659,0.000462252,7.74557e-05,7.62347e-05,7.53503e-05,7.89619e-05,6.84583e-05,7.60788e-05,7.58787e-05,6.86345e-05,0.000177188,0,7.43982e-05,0.000184849,0,7.03194e-05,0.52786,-0.000410671,-0.000130839,0.000149744,0.000431839,1786699200,0.000186798,0,0.000124827,1,-0.000275075,0.000224272,0,1,-0.00023791,0.000202254,0,1,-0.000220892,0.000189309,0,1
1786699500,-0.000480077,-5.33292e-06,-5.33292e-06,-0.000480077,0.000361147,0.502225,0.000150144,0.000146011,0.0668406,-0.000473355,-0.000385076,-0.000174995,-6.11906e-05,2.13987e-06,5.08006e-05,0.000146704,0.000343899,0.000510288,0.000138778,0.00014308,0.000149404,0.000174282,0.000162279,0.000145171,0.000145224,0.000155233,0.000197571,0,0.000124975,0.000224584,0,0.000129005,0.530208,-0.000514348,-0.000172283,0.000193687,0.000546157,1786699500,-0.000196777,0.000131376,0,1,0.000195084,0,0.000145486,1,-0.000280541,0.000222789,0,1,0.000227525,0,0.000196521,1
1786699560,0.000672043,5.33545e-06,0.000672043,5.33545e-06,0.000363907,0.486624,0.000239059,0.000246167,0.0490347,-0.000521275,-0.000408731,-0.000195829,-7.76315e-05,-7.26605e-06,4.85206e-05,0.000150204,0.000347102,0.000531694,0.000224107,0.000230585,0.000239326,0.000267026,0.000234406,0.000221613,0.000228999,0.000242237,-0.000214457,0.000174881,0,0.000257396,0,0.000206162,0.524946,-0.000582738,-0.000197615,0.000221952,0.000609444,1786699500,-0.000254661,0.000183792,0,1,0.000202799,0,0.000133388,1,0.000181896,0,0.000143149,1,-0.000246066,0.000217682,0,1
1786699620,-0.00061869,4.26542e-05,4.26542e-05,-0.00061869,0.000372576,0.490061,0.000197374,0.000192389,0.0540356,-0.000575483,-0.000460449,-0.000232465,-8.86506e-05,-6.50406e-06,6.12472e-05,0.000179424,0.000402483,0.000594036,0.000192594,0.000198788,0.000192868,0.000235271,0.000221519,0.000189098,0.000188039,0.000188446,-0.000254007,0.000194139,0,0.000287965,0,0.000208164,0.527343,-0.000636213,-0.000222383,0.00024785,0.000675398,1786699500,-0.000268311,0.000199256,0,1,0.000256305,0,0.000168242,1,0.000224864,0,0.000135586,1,0.000203369,0,0.000138824,1
1786699680,-0.000805937,-5.3352e-06,-5.3352e-06,-0.000821956,0.000379067,0.493919,0.000284814,0.000278429,0.0769621,-0.000621199,-0.000493633,-0.000228724,-9.28995e-05,-3.1752e-06,6.08203e-05,0.000182518,0.000414113,0.000621073,0.000283835,0.000288975,0.000276099,0.000323845,0.000298608,0.000266124,0.000266076,0.000290304,-0.000253972,0.000213637,3.72043e-07,0.000306365,0,0.0002742,0.52493,-0.000684546,-0.000234742,0.000259437,0.000703297,1786699500,-0.000319127,0.000242421,0,0,0.000272208,0,0.000186862,1,0.000256892,0,0.000169858,0,0.000208413,0,0.000138243,0
1786699740,3.73757e-05,0,0.000224233,0,0.000392185,0.511268,4.26628e-05,4.26715e-05,0.167613,-0.000734522,-0.000549099,-0.000247724,-8.9275e-05,1.11379e-05,9.11368e-05,0.000237785,0.000511527,0.000691887,3.70894e-05,3.91694e-05,4.61353e-05,2.9786e-05,4.44061e-05,5.99513e-05,4.31426e-05,4.25039e-05,0.000292896,0,0.000279458,0.000326131,0,0.000269581,0.527315,-0.000708857,-0.000238947,0.000286889,0.0007259,1786699500,-0.000314842,0.000221978,0,1,-0.000303335,0.00023817,0,0,-0.000274342,0.000199942,0,1,-0.00023284,0.000192813,0,0
1786699800,-0.000400527,5.33927e-06,5.33927e-06,-0.000485993,0.000388279,0.507189,0.000116482,0.00011316,0.13093,-0.000669863,-0.000517245,-0.00023459,-8.91271e-05,6.94126e-06,7.75798e-05,0.000202881,0.000454695,0.000612689,0.000113248,0.000113547,0.000114073,0.000116638,0.000110813,0.000116227,0.000116397,0.000122233,0.000267576,0,0.000252941,0.000313531,0,0.00025707,0.526805,-0.000694879,-0.000239876,0.000267382,0.0006924,1786699800,0.000346279,0,0.000255304,1,0.000318418,0,0.000210626,1,0.000313988,0,0.000209863,0,0.000246557,0,0.000177646,1
1786699860,-0.000320537,5.34128e-05,0.000128186,-0.000320537,0.000388528,0.517221,9.6748e-05,9.28109e-05,0.137088,-0.000670125,-0.000518026,-0.000235942,-8.45246e-05,1.72604e-05,8.43209e-05,0.000217172,0.00047938,0.000634588,9.09612e-05,9.13101e-05,9.17348e-05,9.11307e-05,8.59109e-05,9.28134e-05,9.89925e-05,0.000106851,0.000274885,0,0.000248495,0.000309762,0,0.0002481,0.527045,-0.00068637,-0.000232279,0.000268246,0.000684238,1786699800,0.000335313,0,0.000253078,1,0.000323186,0,0.000273821,1,-0.000301717,0.000219674,0,0,-0.000258901,0.000227419,0,0
1786699920,0.000138912,5.34312e-06,0.000229728,-0.000352709,0.000387285,0.512003,4.95637e-05,5.12677e-05,0.136289,-0.000654744,-0.000500098,-0.000235388,-8.58575e-05,1.15002e-05,7.6171e-05,0.000205596,0.000463088,0.00061699,5.04864e-05,5.0881e-05,5.42768e-05,4.31451e-05,5.63789e-05,5.35941e-05,4.96661e-05,4.67835e-05,0.000269332,0,0.000247869,0.000297973,0,0.000245038,0.525668,-0.000665535,-0.000225474,0.000257863,0.000662701,1786699800,-0.000317357,0.000231527,0,1,0.000351288,0,0.000257145,1,0.000362567,0,0.000262388,1,0.000285554,0,0.00020468,1
1786699980,1.60271e-05,-4.80827e-05,0.000144234,-0.000197688,0.000383895,0.518301,3.8781e-05,3.84995e-05,0.110171,-0.000661566,-0.000505718,-0.000237335,-8.53677e-05,1.87788e-05,8.2231e-05,0.00021795,0.000474228,0.000663719,3.58849e-05,3.67877e-05,3.97055e-05,3.33022e-05,4.02865e-05,3.76697e-05,4.41438e-05,4.17967e-05,0.000276143,0,0.000265012,0.000310901,0,0.000253573,0.535409,-0.000689596,-0.000226827,0.000276601,0.000706503,1786699800,0.000301558,0,0.000231906,1,0.000323737,0,0.000251066,1,-0.000308514,0.000216367,0,1,0.000315799,0,0.000252283,1
1786700040,0.000293784,0,0.000293784,-5.34232e-06,0.000380044,0.514507,8.08133e-05,8.59734e-05,0.0983655,-0.000595393,-0.000460731,-0.000216238,-7.83356e-05,1.30347e-05,7.59467e-05,0.00019005,0.000431382,0.000590983,8.67641e-05,8.56364e-05,8.54777e-05,8.39777e-05,8.76932e-05,8.46321e-05,7.8575e-05,7.24957e-05,0.000248058,0,0.000223047,0.000259249,0,0.000198033,0.532627,-0.000594286,-0.000195381,0.000228689,0.00061067,1786699800,0.00033248,0,0.000278035,1,-0.000285295,0.000208539,0,1,0.000296147,0,0.000254364,1,-0.000290062,0.00024065,0,1
1786700100,-0.000438037,2.67033e-05,2.67033e-05,-0.000438037,0.000378511,0.504959,0.000127601,0.000122661,0.0817287,-0.000570706,-0.0004549,-0.000211987,-7.75149e-05,4.46005e-06,6.72682e-05,0.000176976,0.000392049,0.000554964,0.000123582,0.000123788,0.000123943,0.000140466,0.000121044,0.000124012,0.000130907,0.000133785,0.000238222,0,0.000200712,0.000255098,0,0.000170762,0.529411,-0.000574043,-0.000196203,0.000219841,0.000583989,1786700100,0.000279025,0,0.000228396,1,-0.000312632,0.000239877,0,1,-0.000311154,0.000214692,0,1,0.000274972,0,0.000237584,1
1786700160,6.94576e-05,-1.06862e-05,0.000229726,-1.06862e-05,0.000379793,0.509415,3.87158e-05,3.87073e-05,0.0722276,-0.000611603,-0.000483542,-0.000224687,-7.98227e-05,8.13827e-06,7.36942e-05,0.000195838,0.000422017,0.000600646,3.89068e-05,3.91767e-05,4.09657e-05,3.10064e-05,4.24462e-05,4.10549e-05,4.30656e-05,3.62154e-05,0.000256108,0,0.000278017,0.000276036,0,0.000253011,0.521851,-0.000613905,-0.00021276,0.000235141,0.000616714,1786700100,0.000265612,0,0.000212661,1,0.000274274,0,0.000222502,1,0.000305375,0,0.0002554,1,0.0002753,0,0.00023047,1
1786700220,-3.73997e-05,-3.20568e-05,-3.20568e-05,-0.000432853,0.000376104,0.509978,3.54947e-05,3.49765e-05,0.0587436,-0.000554126,-0.000433587,-0.000211612,-7.57505e-05,8.22924e-06,6.81522e-05,0.000172289,0.00039873,0.000550002,3.70771e-05,3.68459e-05,3.75327e-05,2.76841e-05,3.79553e-05,3.70722e-05,3.79263e-05,3.42208e-05,0.00023624,0,0.000212409,0.000246995,0,0.000181704,0.525574,-0.000556014,-0.000189032,0.000212756,0.000564831,1786700100,0.000255768,0,0.00020351,1,0.000252725,0,0.000196969,1,0.00026686,0,0.00022592,1,0.000283743,0,0.000248234,1
1786700280,-0.000374074,4.8085e-05,4.8085e-05,-0.000379418,0.000372362,0.52018,0.000111517,0.000107479,0.0628979,-0.000556591,-0.000431529,-0.000199246,-6.11898e-05,1.50932e-05,6.93414e-05,0.000180147,0.000394295,0.000550824,0.000105819,0.000105933,0.000106015,0.000107941,0.000101337,0.000106889,0.000118511,0.000117908,0.000230111,0,0.000208026,0.000263266,0,0.000203045,0.535634,-0.000586613,-0.000189299,0.000239966,0.000604157,1786700100,0.000251375,0,0.000202369,1,0.000258737,0,0.000198434,1,0.000269635,0,0.0001925,1,0.000257911,0,0.000221128,1
1786700340,-0.000427684,0,0,-0.000427684,0.000372396,0.508782,0.000127674,0.000120111,0.0548216,-0.000535451,-0.000423265,-0.000207008,-6.72676e-05,6.48985e-06,6.30481e-05,0.000168217,0.000375573,0.000516173,0.000120577,0.000120827,0.000120934,0.000136711,0.000114099,0.000120795,0.000132839,0.000134724,0.000229669,0,0.000210797,0.000251746,0,0.000215604,0.523791,-0.000559069,-0.000194141,0.000218221,0.000552056,1786700100,0.000275234,0,0.0002394,1,0.000256514,0,0.000215844,1,-0.000267333,0.000187625,0,1,0.000263688,0,0.000200732,1
1786700400,0.000122978,0,0.000224557,-0.000246001,0.000373582,0.516953,4.22493e-05,4.43248e-05,0.0509442,-0.000563758,-0.000437842,-0.000211175,-6.92046e-05,1.38225e-05,7.2487e-05,0.000181296,0.000400571,0.000540613,4.79566e-05,4.68325e-05,4.7631e-05,3.84756e-05,5.26584e-05,4.80897e-05,3.77016e-05,3.94584e-05,0.000239319,0,0.000224376,0.000257874,0,0.000219339,0.526516,-0.000573202,-0.000195594,0.000226283,0.000556307,1786700400,0.00025385,0,0.000201149,1,0.000272883,0,0.000226896,1,0.000279651,0,0.000209461,1,0.000255665,0,0.000180524,1
1786700460,-0.000422466,5.88102e-05,0.000144346,-0.00062574,0.000370236,0.517341,0.000125096,0.000120295,0.0510948,-0.00059657,-0.00046315,-0.000221031,-7.38029e-05,1.51726e-05,7.68151e-05,0.000196417,0.000429186,0.000601411,0.000118884,0.000119323,0.000119417,0.000123827,0.000111289,0.000119563,0.000129488,0.000135603,0.000253793,0,0.000252033,0.000273875,0,0.00023079,0.530484,-0.00060665,-0.000202181,0.000242288,0.000609116,1786700400,0.000257084,0,0.000208696,1,0.000253139,0,0.000221967,1,0.000243387,0,0.000226407,1,0.000255004,0,0.000209717,1
1786700520,0.000262057,4.27894e-05,0.000262057,-0.000144428,0.000371353,0.518805,7.05783e-05,7.67304e-05,0.0470069,-0.000644378,-0.000496003,-0.000243066,-7.88692e-05,1.79222e-05,8.6564e-05,0.000206753,0.000460826,0.000623604,7.78716e-05,7.67294e-05,7.64687e-05,7.57414e-05,8.41055e-05,7.47315e-05,7.05123e-05,6.07858e-05,0.000274573,0,0.000341774,0.000290055,0,0.000305686,0.528515,-0.000641796,-0.000219725,0.0002517,0.000632627,1786700400,0.000273203,0,0.000246628,1,0.000256611,0,0.000231449,1,0.000253458,0,0.000219042,1,0.000260361,0,0.000219587,1
1786700580,4.81254e-05,-1.06948e-05,0.000106942,-0.000122998,0.000369484,0.511388,3.65999e-05,3.66164e-05,0.0433663,-0.000586811,-0.000456485,-0.000223889,-7.72832e-05,9.7426e-06,7.61157e-05,0.000189434,0.00041814,0.000577249,3.78133e-05,3.66302e-05,3.69965e-05,3.37431e-05,4.02729e-05,3.9125e-05,3.92645e-05,3.36431e-05,0.000252516,0,0.000264901,0.000272324,0,0.000213831,0.532141,-0.000600416,-0.000202426,0.00024062,0.00060389,1786700400,0.000292175,0,0.000261498,1,0.0002738,0,0.00023638,1,0.000263392,0,0.000224327,1,0.000248731,0,0.000219724,1
1786700640,0.000213863,-5.34715e-06,0.000261975,-2.13888e-05,0.000365834,0.516159,5.90766e-05,6.45315e-05,0.0476876,-0.000568331,-0.000439355,-0.000217054,-7.30907e-05,1.38045e-05,6.92968e-05,0.000170511,0.000395949,0.00054088,6.44892e-05,6.32174e-05,6.28048e-05,6.16833e-05,6.80479e-05,6.18677e-05,5.82077e-05,5.37353e-05,0.000238698,0,0.000233074,0.000251579,0,0.000193891,0.531183,-0.000570934,-0.00018928,0.000218352,0.000571689,1786700400,0.000277276,0,0.000240424,1,0.000286119,0,0.000245865,1,0.000268329,0,0.000228685,1,0.000232773,0,0.000223027,1
1786700700,0.000336741,3.20754e-05,0.000571858,3.20754e-05,0.000363418,0.505787,9.45492e-05,9.93948e-05,0.0506226,-0.00056673,-0.000455913,-0.000229872,-8.38649e-05,5.39615e-06,7.20071e-05,0.000177148,0.000393117,0.000544214,9.86014e-05,9.72573e-05,9.68012e-05,9.61818e-05,0.00010053,9.59943e-05,9.07318e-05,9.25911e-05,0.000250326,6.45602e-06,0.000289071,0.000260416,0,0.000238595,0.524069,-0.000573017,-0.000208088,0.000217493,0.000574864,1786700700,0.000251402,0,0.000215541,1,0.000260276,0,0.000240191,1,0.000278039,0,0.000252678,1,0.000236868,0,0.000221706,1
1786700760,9.08471e-05,5.34418e-06,0.000106878,-4.27545e-05,0.000362903,0.498702,4.13174e-05,4.23577e-05,0.0519803,-0.000581244,-0.000468172,-0.000241185,-9.19125e-05,-1.97976e-08,6.97946e-05,0.000178008,0.000404011,0.000579428,4.26253e-05,4.03289e-05,3.9968e-05,4.04829e-05,4.3223e-05,4.21534e-05,4.51715e-05,3.94515e-05,-0.000259267,0.000246139,3.5798e-05,0.000268699,0,0.000256403,0.517089,-0.00059859,-0.000216308,0.000220129,0.000607596,1786700700,0.000265757,0,0.000211386,1,0.0002548,0,0.000203358,1,0.000272185,0,0.000218478,1,0.000261495,0,0.000233514,1
1786700820,0.000293861,0,0.000293861,0,0.000359486,0.512115,8.25547e-05,8.6513e-05,0.0618601,-0.000502112,-0.000408045,-0.000205973,-7.03669e-05,9.50191e-06,6.47807e-05,0.0001562,0.000339926,0.000503848,8.66497e-05,8.51592e-05,8.47233e-05,8.39992e-05,8.5774e-05,8.40547e-05,7.92243e-05,8.09177e-05,0.000221804,0,0.00016393,0.000217109,0,0.000134551,0.522021,-0.000484398,-0.000166428,0.000179765,0.000493929,1786700700,0.000274374,0,0.000237047,1,0.000258165,0,0.000188913,1,0.000243884,0,0.000208228,1,0.000244709,0,0.000219363,1
1786700880,9.61538e-05,0,9.61538e-05,-3.73957e-05,0.000358291,0.516859,3.7585e-05,3.79791e-05,0.0699002,-0.000512296,-0.000414391,-0.000206177,-6.54476e-05,1.29809e-05,7.31194e-05,0.000170012,0.000349705,0.000513858,4.35118e-05,4.07553e-05,4.00138e-05,3.3574e-05,4.19671e-05,4.27225e-05,3.70254e-05,3.62238e-05,0.000228352,0,0.000180041,0.00023496,0,0.000163118,0.519255,-0.000520942,-0.000185531,0.000193665,0.000530474,1786700700,0.000218209,0,0.000180359,1,0.000268781,0,0.000228649,1,0.000239862,0,0.00019946,1,0.000239475,0,0.000195165,1
1786700940,0.000267046,3.73907e-05,0.000373844,2.67078e-05,0.00035495,0.520529,7.3939e-05,7.70232e-05,0.0868269,-0.000485213,-0.000390939,-0.000193339,-6.27214e-05,1.58353e-05,6.89562e-05,0.000159592,0.000333943,0.000488168,7.91834e-05,7.76469e-05,7.71603e-05,7.6124e-05,7.53912e-05,7.67464e-05,7.17766e-05,6.89098e-05,0.000214662,0,0.000136842,0.000212962,0,0.000123183,0.522475,-0.000475052,-0.000162408,0.00017594,0.000482322,1786700700,0.000235391,0,0.000199093,1,0.000222548,0,0.000172832,1,0.000273443,0,0.000226775,1,0.000243901,0,0.000217504,1
1786701000,4.80606e-05,1.60205e-05,0.000400435,1.06803e-05,0.000353407,0.505065,3.55618e-05,3.49335e-05,0.10661,-0.0005467,-0.000438871,-0.000223095,-7.93522e-05,4.57119e-06,6.82826e-05,0.000169821,0.000361903,0.000559235,3.78695e-05,3.45618e-05,3.30685e-05,2.92488e-05,3.5581e-05,3.76374e-05,3.98617e-05,3.58161e-05,0.00024035,0,0.000258594,0.000252525,0,0.000209911,0.514515,-0.000559832,-0.000200481,0.000204317,0.000575925,1786701000,0.000213359,0,0.000177228,1,0.000234107,0,0.000181029,1,0.000223056,0,0.000177885,1,0.000249384,0,0.00022825,1
1786701060,-0.000640998,0,0,-0.000651685,0.000349921,0.505995,0.000222686,0.000217624,0.132523,-0.000512522,-0.000401048,-0.000207159,-7.68273e-05,5.23548e-06,6.14995e-05,0.000146514,0.000338028,0.000515591,0.000200659,0.000219514,0.000224818,0.000230776,0.000225813,0.000217286,0.000218293,0.000228012,0.000219121,0,0.00021983,0.000226987,0,0.000208988,0.509954,-0.000519947,-0.000187289,0.000180899,0.000531707,1786701000,-0.00023684,0.000177231,0,1,0.000222039,0,0.000162992,1,0.000246909,0,0.000180935,1,0.000219068,0,0.000179668,1
1786701120,0.000571577,0,0.000694396,0,0.000358069,0.515673,0.00017793,0.000185035,0.0448029,-0.000551643,-0.000436119,-0.000220191,-7.91963e-05,1.44537e-05,7.47448e-05,0.000187752,0.000393691,0.000544725,0.000179402,0.000180881,0.000178434,0.000198385,0.000184545,0.000172705,0.000175871,0.000173103,0.000248409,0,0.000284757,0.000264495,0,0.000247872,0.515388,-0.000583832,-0.000205016,0.000222194,0.000581437,1786701000,0.000247273,0,0.000206784,1,0.000243146,0,0.000183578,1,0.000219493,0,0.000169592,1,0.000222499,0,0.000189219,1
1786701180,-0.000438001,1.06806e-05,1.06806e-05,-0.000438001,0.00036357,0.507729,0.000123528,0.000121424,0.0487847,-0.000606451,-0.000480047,-0.000243137,-9.0897e-05,7.49199e-06,7.81373e-05,0.000197443,0.000417649,0.000604898,0.000123157,0.000124978,0.000123961,0.00012688,0.000122927,0.00012421,0.000123133,0.000123447,0.000269351,0,0.000295192,0.000288142,0,0.000246592,0.514723,-0.000626548,-0.000225419,0.00023835,0.00063199,1786701000,0.000269215,0,0.000218254,1,0.000252498,0,0.000220586,1,-0.000261881,0.00019317,0,1,0.000213375,0,0.000172065,1
1786701240,0.000448682,0,0.000560821,-7.47999e-05,0.000365207,0.511791,0.000130527,0.000136115,0.042911,-0.000577264,-0.000459677,-0.000225598,-8.37921e-05,1.10053e-05,6.94287e-05,0.000178022,0.000396998,0.000557419,0.0001314,0.000131047,0.000128544,0.000139325,0.000130559,0.000127115,0.000131075,0.000130246,0.000248278,0,0.000266239,0.000270842,0,0.000248009,0.513299,-0.000608452,-0.000215017,0.000221435,0.000593155,1786701000,0.00030059,0,0.00026083,1,0.000267756,0,0.000222672,1,0.000253346,0,0.000232637,1,0.000239012,0,0.000169783,1
1786701300,-0.000395257,0,5.34024e-06,-0.000395257,0.000367063,0.508366,0.000112124,0.000109902,0.0450487,-0.000613136,-0.000485556,-0.000247362,-9.28232e-05,8.34104e-06,7.91354e-05,0.000203843,0.000447316,0.000629163,0.000111228,0.000111785,0.000112113,0.000112378,0.00011063,0.000112251,0.000111028,0.000113517,0.000276557,0,0.000291931,0.000295316,0,0.000253067,0.513077,-0.000644692,-0.000230516,0.000243143,0.000657779,1786701300,0.000272901,0,0.000225031,1,-0.000296807,0.000238981,0,1,0.000275926,0,0.00023389,1,-0.000262185,0.00022675,0,1
1786701360,-4.80824e-05,5.34235e-06,4.2738e-05,-4.80824e-05,0.000367648,0.508235,3.66174e-05,3.71199e-05,0.0424056,-0.00058516,-0.000465465,-0.000229519,-8.52572e-05,7.51934e-06,6.7819e-05,0.000174594,0.000401398,0.000561502,3.80331e-05,3.68181e-05,4.09395e-05,3.03279e-05,3.91298e-05,4.12433e-05,3.82227e-05,3.31177e-05,0.000249799,0,0.000263242,0.000275593,0,0.00024608,0.512227,-0.000619643,-0.000218029,0.000224892,0.000605809,1786701300,0.000313348,0,0.000255911,1,0.000287026,0,0.000221911,1,0.000301683,0,0.000242194,1,0.00027859,0,0.00023196,1
1786701420,-0.000106858,0,0.000165608,-0.000149605,0.000364016,0.507802,4.06116e-05,4.03325e-05,0.0414048,-0.000519974,-0.000409589,-0.000202466,-7.00917e-05,6.05941e-06,6.10392e-05,0.000154724,0.000357866,0.000505468,4.48732e-05,4.33615e-05,4.54793e-05,3.54769e-05,4.32188e-05,4.4502e-05,3.81992e-05,3.87248e-05,0.000220356,0,0.000164211,0.000218164,0,0.000129917,0.512356,-0.000491342,-0.000168185,0.000176452,0.000486794,1786701300,0.000276646,0,0.00022129,1,-0.000288447,0.000240743,0,1,0.000257952,0,0.000242974,1,-0.000270015,0.000229736,0,1
1786701480,-4.80899e-05,-4.80899e-05,0.000128228,-0.000309953,0.000360674,0.506208,3.55056e-05,3.55817e-05,0.0438573,-0.00055921,-0.000439145,-0.000220872,-8.21909e-05,5.7908e-06,6.09235e-05,0.000171311,0.000390777,0.000541019,3.79972e-05,3.58549e-05,3.77195e-05,3.08712e-05,3.79879e-05,3.53365e-05,3.58066e-05,3.54688e-05,0.000242017,0,0.000243251,0.000250933,0,0.000212876,0.513419,-0.000575271,-0.000197364,0.000207384,0.000568345,1786701300,0.000223703,0,0.000158568,1,0.000285531,0,0.000227106,1,0.000316509,0,0.000247973,1,0.000278569,0,0.000236957,1
1786701540,-0.000208416,-5.34346e-06,0,-0.000229795,0.000357114,0.513868,6.29391e-05,6.08547e-05,0.0501056,-0.00057268,-0.00044438,-0.000217083,-7.29176e-05,1.15099e-05,7.26393e-05,0.000187584,0.000410068,0.00057525,6.17935e-05,5.97391e-05,6.01231e-05,6.00942e-05,5.90701e-05,6.13356e-05,6.24266e-05,7.07135e-05,0.000246581,0,0.000267002,0.000262595,0,0.000231298,0.51562,-0.000590514,-0.000199786,0.000222101,0.000603364,1786701300,0.000266579,0,0.000216979,1,-0.000236997,0.00017352,0,1,0.000268651,0,0.000242407,1,-0.000304354,0.000248342,0,1
1786701600,-0.000112242,-2.67232e-05,-2.67232e-05,-0.000384883,0.000354752,0.500761,4.45586e-05,4.34352e-05,0.0560341,-0.000576926,-0.00046677,-0.000226601,-8.08988e-05,1.60184e-06,6.23102e-05,0.000182028,0.000400627,0.000552495,4.57067e-05,4.32528e-05,4.34843e-05,4.57664e-05,4.22789e-05,4.13176e-05,4.79095e-05,4.31039e-05,0.000250529,9.43443e-05,0.000348559,-0.000253582,0.000295798,2.94756e-05,0.499788,-0.00054959,-0.000201923,0.000208459,0.000543627,1786701600,0.000277322,0,0.000235593,1,0.000277539,0,0.00023614,1,0.000250592,0,0.000200871,1,0.000287418,0,0.000235536,1
1786701660,0.000331345,3.20705e-05,0.000464921,-0.000256601,0.000351545,0.510818,9.21366e-05,9.62301e-05,0.0695146,-0.000537421,-0.000420142,-0.000196279,-6.83716e-05,8.12331e-06,6.34159e-05,0.000175623,0.000392274,0.000540113,9.71289e-05,9.57928e-05,9.54444e-05,9.45616e-05,9.76758e-05,9.55296e-05,9.11388e-05,8.50522e-05,0.000226333,0,0.000242604,0.00021634,0,0.000169947,0.512578,-0.000484998,-0.000160628,0.000186636,0.000492648,1786701600,0.000310376,0,0.000227121,1,0.000275891,0,0.000239479,1,0.000269884,0,0.000246092,1,0.000248065,0,0.000215155,1
1786701720,0.00028316,0,0.00028316,0,0.000351152,0.501101,8.14602e-05,8.49952e-05,0.0551285,-0.000608853,-0.000493519,-0.000243434,-9.10534e-05,1.78649e-06,7.32849e-05,0.000199134,0.000440718,0.000602509,8.36818e-05,8.23971e-05,8.20832e-05,8.18275e-05,8.25122e-05,8.11734e-05,8.38316e-05,7.76923e-05,0.000271559,0,0.000330234,0.000256618,0,0.000250524,0.506719,-0.000570568,-0.000202463,0.000213451,0.000583606,1786701600,0.000230865,0,0.000204419,1,0.000273573,0,0.000261884,1,-0.000276233,0.000226288,0,1,-0.000280902,0.000222117,0,1
1786701780,0.000646159,4.80758e-05,0.000667512,4.80758e-05,0.000349922,0.496033,0.000221904,0.000228354,0.0548407,-0.00055025,-0.000448398,-0.000214362,-7.7871e-05,-2.0656e-06,6.14266e-05,0.000172137,0.000373916,0.000534912,0.00021072,0.000221089,0.000222317,0.000240136,0.000220269,0.000212414,0.000215925,0.000223759,-0.000236789,0.000208826,1.49973e-06,0.000228508,0,0.000166277,0.506512,-0.000513622,-0.000185689,0.000183057,0.000518823,1786701600,0.000275561,0,0.000252025,0,0.000228419,0,0.000212975,0,0.000260194,0,0.000224609,0,0.000289086,0,0.000244917,1
1786701840,0.000197502,0,0.000400302,0,0.000358255,0.487477,6.28728e-05,6.32191e-05,0.0459341,-0.000616436,-0.000487905,-0.000260337,-0.000104712,-9.86999e-06,7.03801e-05,0.000200248,0.000423924,0.000619515,6.03681e-05,5.87472e-05,6.08263e-05,5.75023e-05,5.87465e-05,6.16537e-05,6.90972e-05,6.48937e-05,-0.000282819,0.000245321,1.84552e-05,-0.000273401,0.000244454,0,0.497964,-0.000595144,-0.000227109,0.000215393,0.000618576,1786701600,-0.000244803,0.000186426,0,0,0.000269165,0,0.000243361,0,0.000227635,0,0.000217014,0,0.000265999,0,0.000245606,0
1786701900,-0.000277582,1.06747e-05,0.000330863,-0.000314955,0.000355753,0.491437,7.68485e-05,7.49511e-05,0.0507662,-0.000588731,-0.000471917,-0.000245101,-9.92976e-05,-6.59782e-06,7.23146e-05,0.000192179,0.000426812,0.000620565,7.88805e-05,7.8978e-05,7.91864e-05,7.93601e-05,8.05713e-05,7.93207e-05,6.99921e-05,7.79699e-05,-0.000269782,0.000236786,1.63696e-05,-0.000267356,0.000229148,0,0.495312,-0.000590588,-0.000223043,0.000206654,0.000617614,1786701900,0.000304118,0,0.000262296,1,0.000245216,0,0.000190882,1,0.000265853,0,0.000242315,1,0.000242275,0,0.000230333,0
1786701960,-0.000181538,0,0.000106771,-0.000192217,0.000354358,0.487058,5.59415e-05,5.54612e-05,0.044169,-0.000608065,-0.000478505,-0.000252497,-0.000102097,-1.0636e-05,7.29666e-05,0.000192963,0.000436575,0.000619146,5.70898e-05,5.49154e-05,5.63774e-05,5.92136e-05,5.69222e-05,5.75069e-05,5.2431e-05,5.70564e-05,-0.000275727,0.000272482,6.8507e-05,-0.000278098,0.000249078,0,0.499398,-0.000607642,-0.000223079,0.000224358,0.000638716,1786701900,-0.000288784,0.00025145,0,1,-0.000285034,0.000247469,0,1,0.000248052,0,0.00020023,1,-0.000264892,0.0002295,0,1
1786702020,0.000240263,0,0.000240263,-5.33984e-06,0.000351735,0.493433,6.97079e-05,7.2682e-05,0.0443091,-0.00053994,-0.000425161,-0.000218733,-8.79294e-05,-4.61675e-06,6.91697e-05,0.000177114,0.000388071,0.000546673,7.16697e-05,7.05453e-05,7.04101e-05,6.9292e-05,6.8165e-05,6.89691e-05,7.67315e-05,6.20692e-05,-0.000243365,0.000209973,1.96523e-05,0.000246222,0,0.000191644,0.504714,-0.000548422,-0.000193118,0.000204039,0.000565084,1786701900,0.000304368,0,0.000247916,1,0.000287583,0,0.000235489,1,0.000287695,0,0.000242336,1,0.000257009,0,0.000211309,1
1786702080,-0.000405812,4.80457e-05,0.000117441,-0.000405812,0.000349854,0.499223,0.000115278,0.000113002,0.0459794,-0.000535492,-0.00042735,-0.000209203,-7.77793e-05,-3.84569e-08,6.71309e-05,0.000179198,0.000379224,0.000539907,0.000114433,0.000114466,0.0001146,0.000122866,0.000115042,0.000114899,0.000113333,0.000121121,-0.000236767,0.000200238,0,0.000243143,0,0.000152263,0.511394,-0.000541649,-0.000189496,0.00020259,0.000553272,1786701900,0.000260946,0,0.000202683,1,0.000300361,0,0.000255578,1,-0.00029066,0.000247974,0,1,-0.000290095,0.000240992,0,1
1786702140,0.000165548,-2.67039e-05,0.000165548,-0.000213651,0.00035106,0.484123,5.45705e-05,5.51634e-05,0.0394639,-0.000574602,-0.000453343,-0.000228306,-9.79888e-05,-1.10586e-05,5.99971e-05,0.00017027,0.000380271,0.000553724,5.49658e-05,5.22144e-05,5.36956e-05,5.1444e-05,5.41775e-05,5.50308e-05,6.0675e-05,5.3335e-05,-0.000247299,0.000231384,6.28841e-05,0.000249284,0,0.000228998,0.50379,-0.00056341,-0.00019918,0.000204804,0.000569971,1786701900,-0.000263988,0.000199225,0,1,-0.000277443,0.000218804,0,1,-0.000315605,0.000259712,0,1,-0.000301539,0.000257603,0,1
1786702200,0.000208232,4.27177e-05,0.000315,5.33981e-06,0.00034832,0.49897,6.01828e-05,6.27371e-05,0.041568,-0.000548645,-0.000428108,-0.000218851,-8.35934e-05,-1.58622e-07,6.98227e-05,0.000186715,0.000395985,0.00055828,6.2651e-05,6.15308e-05,6.1343e-05,6.04763e-05,6.05952e-05,6.13581e-05,6.493e-05,5.60034e-05,-0.000247482,0.000214559,0,0.000245129,0,0.000174288,0.512994,-0.000546956,-0.000186021,0.000211033,0.000569719,1786702200,-0.000269176,0.000221088,0,1,0.000279964,0,0.000198576,1,0.000281242,0,0.000222893,1,-0.000314189,0.000267244,0,1
1786702260,-5.87276e-05,5.3387e-06,2.66932e-05,-5.87276e-05,0.000346074,0.491762,3.48733e-05,3.52693e-05,0.0443936,-0.000548073,-0.000438906,-0.000220985,-8.67093e-05,-4.91177e-06,5.87533e-05,0.000167563,0.000370226,0.000537545,3.821e-05,3.47272e-05,3.53636e-05,3.09978e-05,3.81251e-05,3.83629e-05,3.58648e-05,3.33984e-05,-0.000239634,0.000188591,0,0.000236792,0,0.000178783,0.506958,-0.000540392,-0.000189822,0.000193534,0.00055606,1786702200,0.00027557,0,0.000227857,1,0.000272981,0,0.000220296,1,0.000272526,0,0.000200501,1,-0.000265411,0.000216908,0,1
1786702320,-0.000138824,0,0.000330965,-0.000144164,0.000342697,0.490348,4.27976e-05,4.24587e-05,0.0498341,-0.000476329,-0.000384895,-0.000197426,-7.29325e-05,-4.87384e-06,4.90776e-05,0.000135729,0.000310527,0.000476194,4.97893e-05,4.66544e-05,4.65053e-05,3.99723e-05,4.87886e-05,4.76731e-05,3.92016e-05,4.00716e-05,-0.000206115,0.000133297,0,0.000192161,0,0.000113762,0.50018,-0.000432443,-0.000153702,0.000147206,0.000443665,1786702200,-0.000264917,0.000211671,0,1,-0.000260911,0.000214264,0,1,-0.000271856,0.000216832,0,1,-0.000260301,0.000207326,0,1
1786702380,0.000117468,0,0.000224245,-6.94194e-05,0.00033982,0.491845,4.40796e-05,4.43401e-05,0.055962,-0.000514945,-0.000410894,-0.000211196,-8.42935e-05,-4.97334e-06,5.9439e-05,0.000158568,0.000364773,0.000531261,4.67881e-05,4.2986e-05,4.27094e-05,4.37864e-05,4.45884e-05,4.27265e-05,5.05717e-05,3.94374e-05,-0.000229376,0.00020267,2.54736e-05,0.000231989,0,0.000208574,0.503521,-0.000530967,-0.000187636,0.000190922,0.000552931,1786702200,0.00020019,0,0.000145118,1,-0.000271904,0.000216311,0,1,0.000276753,0,0.000217605,1,-0.000280113,0.000214712,0,1
1786702440,0.000218881,-1.06783e-05,0.000405693,-1.06783e-05,0.000336815,0.496273,6.48538e-05,6.70132e-05,0.0654279,-0.000505279,-0.00039986,-0.00019975,-7.71492e-05,-1.76064e-06,5.93611e-05,0.000155566,0.00035479,0.000516016,6.55195e-05,6.42255e-05,6.38251e-05,6.31202e-05,6.14727e-05,6.42787e-05,6.87917e-05,6.34664e-05,-0.000219502,0.000209332,1.18671e-05,0.00021297,0,0.000152038,0.507882,-0.000484874,-0.000166425,0.000177199,0.00051027,1786702200,0.000273462,0,0.000210541,1,-0.000213422,0.000160106,0,1,-0.000263509,0.000216237,0,1,0.000276981,0,0.00023065,1
1786702500,0,-5.33799e-06,1.60138e-05,-0.000101427,0.000334863,0.492637,3.29155e-05,3.25806e-05,0.0702526,-0.000537732,-0.00043654,-0.000217708,-8.79068e-05,-4.55257e-06,6.15843e-05,0.000165854,0.000374423,0.000545589,3.49175e-05,2.99764e-05,2.89979e-05,3.63254e-05,3.35239e-05,2.90035e-05,4.0819e-05,2.89269e-05,-0.000237379,0.000254439,7.28041e-05,0.000239215,0,0.000233103,0.500589,-0.000533932,-0.000199034,0.000190575,0.000556056,1786702500,-0.000235465,0.000188452,0,1,-0.000266266,0.000217879,0,1,0.000218859,0,0.000175657,1,-0.000269852,0.000216841,0,1
1786702560,0.00120565,0,0.00120565,-5.33799e-06,0.000331498,0.502405,0.000516283,0.000521138,0.0843036,-0.000450344,-0.000357982,-0.000166734,-5.94808e-05,2.0204e-06,5.12281e-05,0.000141836,0.000314182,0.00046117,0.00049093,0.000507978,0.000514188,0.000528379,0.000500699,0.000519925,0.000517189,0.000519409,0.00018862,0,0.000150131,0.000179667,0,9.65015e-05,0.512215,-0.000407529,-0.000132358,0.000149426,0.000440016,1786702500,-0.000270513,0.000234604,0,0,-0.000242929,0.000198996,0,0,-0.000282238,0.000226976,0,0,-0.000223361,0.000168271,0,0
1786702620,-0.000106637,2.66574e-05,2.66574e-05,-0.000303944,0.000369817,0.483042,5.11222e-05,5.15166e-05,0.154018,-0.000776923,-0.000612682,-0.000319667,-0.000123916,-1.61478e-05,8.05514e-05,0.000248906,0.000548832,0.000789547,4.44387e-05,4.44697e-05,5.18231e-05,4.52077e-05,5.21603e-05,7.63379e-05,5.1847e-05,5.32772e-05,-0.000350067,0.000338837,5.19607e-05,-0.000344872,0.000321599,0,0.492282,-0.000718693,-0.000278408,0.000264858,0.000769138,1786702500,0.000208924,0,0.000156066,0,0.000271647,0,0.000188759,0,-0.00024881,0.000194823,0,0,-0.000288765,0.000231202,0,0
1786702680,-4.79901e-05,0,7.99785e-05,-0.000143977,0.000366411,0.486403,4.06965e-05,4.07942e-05,0.1078,-0.000656291,-0.000508383,-0.000261464,-9.77933e-05,-1.04405e-05,6.78101e-05,0.000207973,0.000466521,0.000689356,3.75507e-05,3.72789e-05,4.53994e-05,3.3299e-05,4.23342e-05,5.8228e-05,3.65978e-05,4.1527e-05,-0.000288874,0.000229075,0,0.000288645,0,0.000207022,0.500979,-0.000633013,-0.000229889,0.000231751,0.000679928,1786702500,-0.000369678,0.000303069,0,1,0.000206392,0,0.000170834,0,-0.000239407,0.000194387,0,1,-0.000242718,0.000198923,0,0
1786702740,-0.000234652,-5.33238e-06,-5.33238e-06,-0.000234652,0.000362792,0.496693,6.71828e-05,6.61226e-05,0.0834337,-0.000583106,-0.000449957,-0.000224506,-7.45663e-05,-1.96516e-06,6.50421e-05,0.000190752,0.000430472,0.000633466,6.70317e-05,6.71139e-05,6.98297e-05,6.71078e-05,7.11911e-05,7.11537e-05,6.18962e-05,7.03171e-05,-0.000253821,0.000204409,0,0.000269442,0,0.000164684,0.502662,-0.000585822,-0.000209435,0.00022294,0.000639481,1786702500,-0.000316558,0.000262869,0,1,-0.000344518,0.000289838,0,1,0.000202617,0,0.000174306,1,-0.000248318,0.000202952,0,1
1786702800,-0.000106678,0,5.3336e-06,-0.000149352,0.000360676,0.496393,4.16184e-05,4.1398e-05,0.071688,-0.000548134,-0.000436868,-0.00020477,-6.95446e-05,-1.70686e-06,5.71214e-05,0.000173395,0.000387469,0.000558291,4.43833e-05,4.34334e-05,4.74645e-05,3.63803e-05,4.68065e-05,4.67283e-05,3.83962e-05,3.99502e-05,-0.000231148,0.000155594,0,0.000263469,0,0.000166322,0.503563,-0.000577177,-0.000206533,0.000216358,0.00059752,1786702800,0.000298982,0,0.000220097,1,-0.000311364,0.000260363,0,1,0.000340114,0,0.00026501,1,0.000218551,0,0.000187318,1
1786702860,-6.40123e-05,-5.3342e-06,-5.3342e-06,-0.000144033,0.000357369,0.505625,3.46132e-05,3.42338e-05,0.0690917,-0.000526716,-0.000414761,-0.000191591,-6.58507e-05,4.28794e-06,5.82657e-05,0.000172774,0.000382994,0.000542103,3.84042e-05,3.68958e-05,4.10739e-05,2.94973e-05,4.01783e-05,3.62812e-05,3.23857e-05,3.46837e-05,0.000221458,0,0.000142879,0.000255337,0,0.000142686,0.508506,-0.000560579,-0.000193809,0.000214762,0.000586026,1786702800,-0.000268238,0.000217416,0,1,-0.000283435,0.000228726,0,1,-0.000277286,0.000253863,0,1,-0.000282517,0.000263003,0,1
1786702920,-0.00018139,2.13379e-05,0.00012802,-0.00018139,0.000353893,0.511401,5.46268e-05,5.27433e-05,0.0763406,-0.000477355,-0.000380463,-0.000174493,-5.27507e-05,6.68201e-06,5.07184e-05,0.000156809,0.000341753,0.000496278,5.68135e-05,5.51297e-05,5.72744e-05,5.18378e-05,5.74601e-05,5.40336e-05,5.36322e-05,6.03435e-05,0.000200968,0,0.000107378,0.000196674,0,0.000100369,0.508614,-0.000437772,-0.000144489,0.000160352,0.000455345,1786702800,0.000259567,0,0.000195934,1,-0.000292852,0.000213261,0,1,0.000310941,0,0.000230006,1,0.00030083,0,0.000225378,1
1786702980,4.80183e-05,0,0.000144048,-9.07075e-05,0.000351274,0.495006,3.1194e-05,3.07599e-05,0.0894291,-0.000485725,-0.000391679,-0.000190323,-6.69412e-05,-1.79279e-06,4.78509e-05,0.00014604,0.000338107,0.000489866,3.73698e-05,3.51459e-05,3.73305e-05,2.65426e-05,3.75207e-05,2.98581e-05,3.05684e-05,2.7709e-05,-0.000207604,0.000140225,0,0.000214405,0,0.000148852,0.500303,-0.00048401,-0.000172617,0.000170448,0.000495573,1786702800,0.000211422,0,0.000169707,1,-0.000281692,0.000202259,0,1,0.000277025,0,0.00021282,1,0.000290026,0,0.000222623,1
1786703040,-0.000181415,0,5.3351e-05,-0.000181415,0.00034781,0.512459,5.44843e-05,5.24051e-05,0.111301,-0.000481512,-0.000374066,-0.000180015,-5.48864e-05,7.61321e-06,5.61251e-05,0.000158272,0.000340247,0.00049442,5.6677e-05,5.44162e-05,5.52619e-05,5.19026e-05,5.57391e-05,5.34555e-05,5.38936e-05,5.99938e-05,0.000205387,0,0.000135598,0.000217127,0,0.000133677,0.506786,-0.000491878,-0.000167332,0.000179061,0.000514944,1786702800,0.000232692,0,0.000189123,1,-0.000216837,0.000168715,0,1,0.000269265,0,0.000200736,1,0.000238814,0,0.000195807,1
1786703100,5.33619e-06,3.73528e-05,3.73528e-05,-4.8027e-05,0.000345269,0.502812,2.79266e-05,2.75238e-05,0.143278,-0.000477397,-0.000377463,-0.000182069,-6.41472e-05,2.70736e-06,4.9955e-05,0.000145187,0.000322426,0.000501715,3.49901e-05,3.1927e-05,3.2614e-05,2.25683e-05,3.39133e-05,2.34931e-05,2.88989e-05,2.55855e-05,0.000200801,0,0.000156439,-0.000208191,0.000138463,0,0.499137,-0.000468194,-0.000166311,0.000163297,0.00047807,1786703100,-0.000235099,0.000182378,0,1,-0.000235027,0.000186128,0,1,0.000211665,0,0.000188183,1,0.000234175,0,0.000185316,1
1786703160,0.000144066,0,0.000160073,-0.00013875,0.0003418,0.522065,4.18683e-05,4.21076e-05,0.199255,-0.000419842,-0.000332221,-0.000151577,-4.51211e-05,1.23877e-05,4.89156e-05,0.000144637,0.00030247,0.000436971,5.15032e-05,4.78519e-05,4.79397e-05,4.16837e-05,4.91145e-05,4.22811e-05,3.72179e-05,3.96411e-05,0.000178538,0,6.88111e-05,0.000176618,0,8.12633e-05,0.511967,-0.000386179,-0.00012598,0.000142998,0.000405142,1786703100,-0.000205333,0.00015251,0,1,-0.000233093,0.000187488,0,1,-0.000242564,0.000192355,0,1,-0.00020648,0.00017068,0,1
1786703220,-5.86912e-05,3.2012e-05,4.26824e-05,-0.000106714,0.000338977,0.515685,3.12708e-05,3.05966e-05,0.219499,-0.00044709,-0.000346715,-0.00017505,-5.40086e-05,9.79457e-06,5.2943e-05,0.000147036,0.000326169,0.000469978,3.78609e-05,3.40033e-05,3.34319e-05,2.89648e-05,3.44118e-05,2.46263e-05,3.2531e-05,3.09602e-05,0.000196504,0,0.000135085,0.000215242,0,0.000131737,0.507904,-0.000479734,-0.000167113,0.000178088,0.00050305,1786703100,0.000187876,0,0.000144639,1,-0.000215784,0.000171138,0,1,-0.000245323,0.000187689,0,1,-0.000223746,0.000187193,0,1
1786703280,-0.000149411,0,0,-0.000160085,0.000335673,0.512652,4.45971e-05,4.31491e-05,0.314508,-0.000413399,-0.000320502,-0.000157225,-4.71973e-05,6.65772e-06,4.2443e-05,0.000125684,0.000275247,0.000425297,5.12188e-05,4.78547e-05,4.69012e-05,4.28708e-05,4.52027e-05,4.31878e-05,4.57243e-05,4.7159e-05,0.000172627,0,9.15444e-05,0.000183302,0,0.000104552,0.505435,-0.00040705,-0.000141277,0.0001444,0.000425549,1786703100,-0.000229907,0.000168372,0,1,-0.000191455,0.000146089,0,1,-0.000225355,0.00016207,0,1,-0.000229857,0.000199957,0,1
1786703340,0.000453501,0,0.00066151,0,0.00033297,0.503761,0.000150042,0.000156505,0.243678,-0.000391031,-0.000305491,-0.000149479,-4.82548e-05,2.77405e-06,3.74999e-05,0.000116701,0.00026564,0.00040894,0.000133496,0.000138254,0.00013994,0.00016694,0.000146101,0.000166324,0.000158562,0.000150944,0.000163459,0,8.57507e-05,0.000181232,0,0.000106169,0.508003,-0.000403378,-0.000139614,0.000144723,0.000416103,1786703100,0.00018771,0,0.000147805,1,0.000226157,0,0.000186271,1,0.000192305,0,0.000164009,1,-0.000199721,0.000167986,0,1
1786703400,0.000469291,5.33409e-06,0.000469291,5.33409e-06,0.000335805,0.49219,0.000139721,0.000144702,0.0818971,-0.000571497,-0.00045057,-0.0002328,-8.31049e-05,-4.73529e-06,5.94897e-05,0.000182027,0.000405038,0.000582166,0.000139378,0.000143473,0.000143166,0.000135437,0.000136788,0.000135633,0.000139455,0.000140063,-0.000254889,0.000248619,3.42591e-05,0.000272689,0,0.000271436,0.505791,-0.000587798,-0.000221108,0.000218879,0.000613881,1786703400,0.000185021,0,0.00013722,0,-0.00019323,0.000154863,0,0,-0.000226935,0.000184637,0,1,0.000186442,0,0.000172287,1
1786703460,0.000181258,4.26519e-05,0.000186589,-0.000149296,0.000338991,0.483783,5.70995e-05,5.83721e-05,0.0560317,-0.000537656,-0.00044455,-0.000224164,-8.50373e-05,-1.0626e-05,5.62536e-05,0.000169059,0.000373648,0.000573573,5.74692e-05,5.38836e-05,5.53688e-05,5.25021e-05,5.30278e-05,5.80094e-05,5.97323e-05,6.15632e-05,-0.000242231,0.000196571,0,0.000252698,0,0.000176327,0.507658,-0.000558364,-0.00020606,0.000202743,0.000587594,1786703400,-0.000294323,0.000243797,0,1,-0.000190782,0.000148204,0,0,0.000195093,0,0.000165409,0,0.000214498,0,0.000196699,1
1786703520,-0.000175926,0,0,-0.00018659,0.000336561,0.495017,5.25325e-05,5.21996e-05,0.0577156,-0.000515061,-0.000406117,-0.000209742,-7.74936e-05,-3.01321e-06,6.30039e-05,0.000176628,0.000374235,0.000566555,5.57964e-05,5.25644e-05,5.342e-05,5.07626e-05,5.73471e-05,5.62394e-05,5.12863e-05,5.18251e-05,-0.000235759,0.000205917,0,0.000243266,0,0.000161964,0.514166,-0.000537534,-0.000190592,0.000203493,0.000581471,1786703400,-0.000273486,0.00019895,0,1,0.000286352,0,0.000209264,1,0.000199504,0,0.000159263,0,-0.000184315,0.000154622,0,1
1786703580,0.000186588,0,0.000186588,-0.000207953,0.000334106,0.49889,5.4722e-05,5.67414e-05,0.0533159,-0.000472178,-0.000373843,-0.000180699,-6.53129e-05,-1.04115e-07,5.52603e-05,0.000151169,0.000331303,0.000505228,5.81597e-05,5.52535e-05,5.49987e-05,5.36565e-05,5.35624e-05,5.73107e-05,5.8036e-05,5.22136e-05,-0.000203003,0.000153177,0,0.000214701,0,0.000132241,0.508986,-0.000475355,-0.000170712,0.000175331,0.000499712,1786703400,-0.000267079,0.000207264,0,1,0.000265763,0,0.000197048,1,-0.000253682,0.000204064,0,1,-0.00017933,0.000145879,0,0
1786703640,-0.000143936,-2.66532e-05,-5.33059e-06,-0.000143936,0.000331799,0.507102,4.81093e-05,4.77481e-05,0.0562258,-0.000508272,-0.000394956,-0.000198378,-6.95152e-05,5.36927e-06,6.61186e-05,0.000182494,0.000382543,0.000560485,5.04687e-05,4.67455e-05,4.6985e-05,4.66074e-05,5.14888e-05,4.97183e-05,4.76138e-05,4.94416e-05,0.000230586,0,0.000189966,0.000245621,0,0.000156691,0.520178,-0.000536846,-0.000185357,0.000212173,0.000575809,1786703400,0.000217602,0,0.00016172,1,0.000248047,0,0.000203563,1,0.000256674,0,0.000197535,1,-0.000238485,0.00020741,0,1
1786703700,-0.000122628,2.13251e-05,2.13251e-05,-0.000245272,0.000329095,0.491775,3.96529e-05,3.89582e-05,0.05528,-0.000461147,-0.000360552,-0.000175398,-6.94334e-05,-3.75529e-06,4.70445e-05,0.000136202,0.000309576,0.000468612,4.68768e-05,4.28939e-05,4.28171e-05,3.64939e-05,4.71582e-05,4.5062e-05,3.77466e-05,3.5651e-05,-0.000192635,0.000132317,0,0.000200971,0,0.000118667,0.509709,-0.0004525,-0.000159552,0.000161506,0.000463815,1786703700,-0.000267444,0.000211819,0,1,-0.000222156,0.000173674,0,1,0.00025001,0,0.000194548,1,-0.00023688,0.000206738,0,1
1786703760,-2.66603e-05,5.33198e-06,0.000325199,-2.66603e-05,0.000326248,0.501181,2.91628e-05,2.87206e-05,0.0583712,-0.000463364,-0.000353707,-0.000171916,-6.8622e-05,1.78723e-06,5.16936e-05,0.000152073,0.00032583,0.000480325,3.61459e-05,3.07682e-05,3.03522e-05,2.58269e-05,3.45253e-05,3.13188e-05,2.81617e-05,2.78992e-05,0.000197422,0,0.000169539,0.000201271,0,0.000127516,0.517913,-0.000454659,-0.000152015,0.00017259,0.000476628,1786703700,0.000198797,0,0.000154019,1,0.000264925,0,0.000205314,1,0.00022744,0,0.000172102,1,0.000245053,0,0.000184203,1
1786703820,-0.000442665,-5.33215e-06,0,-0.000442665,0.000322991,0.491044,0.000133816,0.000131056,0.0654746,-0.000474252,-0.000363203,-0.000178018,-6.95634e-05,-4.20114e-06,4.67333e-05,0.000140736,0.000327877,0.00048064,0.000125218,0.000133038,0.000134643,0.00013581,0.000135207,0.000138955,0.000125714,0.000142441,-0.000197207,0.000162084,5.87797e-06,0.000207112,0,0.000167479,0.511126,-0.000481531,-0.00016643,0.000169505,0.00049597,1786703700,0.000211516,0,0.000166505,1,-0.000217801,0.000164131,0,1,0.000255903,0,0.000191845,1,0.000202674,0,0.000156681,1
1786703880,0.000229357,0,0.000245357,-1.06691e-05,0.000325816,0.491875,6.63974e-05,6.90365e-05,0.0533531,-0.000484821,-0.000374876,-0.000185477,-7.15726e-05,-3.89858e-06,4.88757e-05,0.00015645,0.000323349,0.000471746,6.85435e-05,6.70798e-05,6.68616e-05,6.5747e-05,6.39736e-05,6.57031e-05,6.81042e-05,6.45608e-05,-0.000208443,0.00016609,0,0.000218904,0,0.00016883,0.516064,-0.000495488,-0.000170331,0.000185717,0.000498712,1786703700,0.000224821,0,0.000185534,1,-0.000209286,0.000173498,0,1,0.000208654,0,0.000165895,1,0.000226193,0,0.000189068,1
1786703940,6.39973e-05,-0.000106671,0.000111993,-0.000106671,0.000324168,0.500286,3.1998e-05,3.22213e-05,0.0496122,-0.000461998,-0.000369401,-0.000179677,-6.48525e-05,8.05126e-07,5.46746e-05,0.000160089,0.000323371,0.000478875,3.81241e-05,3.29653e-05,3.35923e-05,2.75217e-05,3.59298e-05,3.9472e-05,3.25342e-05,2.95194e-05,0.000205908,0,0.000153786,0.000213258,0,0.000126825,0.522316,-0.000483298,-0.000162761,0.000182721,0.000490823,1786703700,0.000229062,0,0.000182064,1,-0.000228897,0.000188251,0,1,0.000215397,0,0.000172286,1,0.000184959,0,0.000150507,1
1786704000,-0.000346701,0,0,-0.000346701,0.000321038,0.500652,9.83462e-05,9.64547e-05,0.0539914,-0.000452626,-0.000354718,-0.000174423,-6.33783e-05,9.89262e-07,5.40466e-05,0.000142132,0.000313587,0.000461527,9.83052e-05,9.79017e-05,9.80386e-05,0.000104639,9.99726e-05,9.89e-05,9.81454e-05,0.000102326,0.000194076,0,0.000135803,0.000202086,0,0.000125418,0.522293,-0.000470163,-0.000158935,0.000169048,0.000473447,1786704000,-0.000226029,0.00016097,0,1,0.000229864,0,0.000185332,1,-0.000243019,0.000183719,0,1,0.000196357,0,0.000168284,1
1786704060,-0.000165392,0,0,-0.000170728,0.000321571,0.496264,4.73173e-05,4.62561e-05,0.0531944,-0.000451084,-0.000347337,-0.000174839,-6.42392e-05,-1.35563e-06,4.93112e-05,0.000138571,0.000299743,0.000441976,5.38768e-05,4.93755e-05,4.99949e-05,4.73979e-05,5.21106e-05,5.45694e-05,4.70335e-05,4.57533e-05,-0.000192095,0.00013995,0,0.000211103,0,0.000160997,0.516232,-0.000480788,-0.000166176,0.000177853,0.000486043,1786704000,-0.000226334,0.000168665,0,1,-0.000222357,0.000173726,0,1,0.000232305,0,0.000193695,1,-0.000214273,0.000202092,0,1
1786704120,-5.86941e-05,0,0,-5.86941e-05,0.000319197,0.508382,2.9438e-05,2.80584e-05,0.060944,-0.000418592,-0.000318351,-0.000154412,-5.25539e-05,4.89529e-06,5.06693e-05,0.000131506,0.000280742,0.000419662,3.77419e-05,3.18158e-05,3.2433e-05,2.38817e-05,3.53715e-05,3.82855e-05,2.80544e-05,2.78654e-05,0.000174144,0,0.00011627,0.000194926,0,0.000125406,0.521533,-0.000446637,-0.000147929,0.000167342,0.000445499,1786704000,0.000223243,0,0.000167155,1,0.0002276,0,0.00016456,1,0.000238571,0,0.000170313,1,0.000211749,0,0.000188982,1
1786704180,6.40297e-05,5.33597e-06,0.000144061,5.33597e-06,0.000316098,0.50663,2.69454e-05,2.75389e-05,0.0659943,-0.00039385,-0.000299353,-0.000141991,-5.06066e-05,3.97849e-06,4.34353e-05,0.000116243,0.000259288,0.000389972,3.80357e-05,3.2172e-05,3.23476e-05,2.28023e-05,3.51747e-05,3.56852e-05,2.28386e-05,2.21128e-05,0.000158345,0,7.3714e-05,0.000162082,0,8.41586e-05,0.521212,-0.00036891,-0.000119569,0.000131424,0.000359313,1786704000,0.000197505,0,0.000144089,1,0.000215797,0,0.000184149,1,0.000221909,0,0.000176593,1,0.000206742,0,0.000178242,1
1786704240,-5.33565e-06,0,5.33562e-06,-5.86937e-05,0.000313052,0.503303,2.34591e-05,2.28226e-05,0.0657476,-0.000391864,-0.00029835,-0.000143077,-5.40567e-05,2.20235e-06,4.94282e-05,0.000116049,0.000263894,0.000392819,3.47716e-05,2.80235e-05,2.77306e-05,1.8307e-05,3.08494e-05,2.8572e-05,2.08178e-05,2.00143e-05,0.000159503,0,9.79076e-05,0.000179508,0,0.000115014,0.52228,-0.000422287,-0.000139429,0.000149153,0.000423301,1786704000,0.00015837,0,0.00011306,1,-0.00020343,0.000151938,0,1,0.000227518,0,0.000184444,1,0.000217743,0,0.000185845,1
1786704300,0.000106708,-1.60071e-05,0.000277416,-0.000491002,0.000309907,0.517455,3.27614e-05,3.30886e-05,0.0708328,-0.000379586,-0.000289014,-0.000131779,-4.32705e-05,8.88812e-06,5.20613e-05,0.00012187,0.000257375,0.000381556,4.51475e-05,3.8631e-05,3.81943e-05,3.2052e-05,4.06547e-05,3.60029e-05,2.92181e-05,2.68012e-05,0.000153437,0,0.000100287,0.000176177,0,0.000110906,0.529367,-0.000404208,-0.00013104,0.000152736,0.000410617,1786704300,0.000197906,0,0.00015315,1,-0.000180586,0.000126219,0,1,0.000212122,0,0.000161126,1,0.000213727,0,0.000181746,1
1786704360,-0.000304147,-5.33511e-06,0,-0.000309484,0.000307163,0.503429,8.78094e-05,8.61131e-05,0.0704357,-0.000485266,-0.000365615,-0.000175781,-6.88607e-05,2.72781e-06,6.30925e-05,0.000161121,0.000347095,0.000507767,8.63855e-05,8.60292e-05,8.60672e-05,8.68769e-05,8.50767e-05,9.10108e-05,8.72163e-05,9.13792e-05,0.000204515,4.94176e-06,0.000233176,0.00020608,0,0.000203041,0.520611,-0.000470794,-0.000160221,0.000177824,0.00049365,1786704300,0.000193912,0,0.000137519,1,0.00020303,0,0.000160285,1,0.000171875,0,0.000134746,1,0.000184912,0,0.000156914,1
1786704420,-0.000437707,-5.33673e-06,-5.33673e-06,-0.000437707,0.000307103,0.489279,0.000134432,0.000131125,0.0634889,-0.000457975,-0.000343324,-0.000171674,-6.84095e-05,-5.88569e-06,5.03594e-05,0.00013745,0.000307646,0.000434357,0.000123187,0.000133555,0.000133793,0.000138552,0.000128864,0.000130888,0.000132375,0.000142546,-0.000190501,0.000167258,2.70445e-05,0.000181785,0,0.000147933,0.516583,-0.000415927,-0.00014462,0.000151336,0.000415149,1786704300,0.000227285,0,0.000200191,0,0.000193568,0,0.000145878,1,0.000211623,0,0.000166588,1,0.000151623,0,0.000131534,1
1786704480,0.000234891,-3.20349e-05,0.000314955,-6.94101e-05,0.000310254,0.504007,6.44827e-05,6.76852e-05,0.0580011,-0.000476179,-0.000357913,-0.00017918,-6.60766e-05,2.9217e-06,6.41466e-05,0.000169202,0.000344975,0.000469319,7.03162e-05,6.84529e-05,6.83606e-05,6.74081e-05,7.06926e-05,6.72145e-05,6.53548e-05,5.52641e-05,0.000210328,0,0.000231823,0.000206463,0,0.000176815,0.520317,-0.00046539,-0.000159458,0.000178947,0.000460705,1786704300,0.000192006,0,0.00015378,1,0.000214401,0,0.000187231,1,0.000162348,0,0.000151993,1,0.000200099,0,0.000173991,1
1786704540,0.000277527,-3.73653e-05,0.000277527,-9.60851e-05,0.000308927,0.499117,7.85364e-05,8.12378e-05,0.0504704,-0.000499166,-0.000383335,-0.000187949,-7.39558e-05,-5.8934e-08,6.22223e-05,0.000166842,0.000349158,0.000499596,8.21414e-05,8.02472e-05,8.0144e-05,7.94326e-05,8.07937e-05,7.91178e-05,7.76173e-05,7.62012e-05,-0.000215795,0.000184399,1.68468e-05,0.000217636,0,0.000173247,0.522876,-0.000489507,-0.000168664,0.000186629,0.000488597,1786704300,0.000219445,0,0.000175754,1,0.000196704,0,0.000162447,1,0.000220529,0,0.000188448,1,0.000192413,0,0.000164558,1
1786704600,0.000192089,0,0.00020276,-2.6682e-05,0.00030833,0.498009,5.57354e-05,5.79451e-05,0.0461636,-0.000476133,-0.000372734,-0.000187872,-7.35648e-05,-8.64e-07,6.18977e-05,0.000155957,0.000334196,0.000481272,5.93632e-05,5.64256e-05,5.62516e-05,5.55751e-05,5.54644e-05,5.87109e-05,5.50247e-05,5.55703e-05,-0.000210482,0.000176936,3.22268e-06,0.000212615,0,0.000164314,0.518288,-0.000479859,-0.000172115,0.000176388,0.000479981,1786704600,0.00023512,0,0.000207022,1,0.000220199,0,0.000189924,1,0.000197559,0,0.000168054,1,0.000203738,0,0.000187162,1
1786704660,0.000213389,-5.33531e-06,0.000213389,-0.000128055,0.000306438,0.492344,6.21577e-05,6.38704e-05,0.046142,-0.000451855,-0.000345691,-0.000176051,-6.86674e-05,-4.55499e-06,5.66309e-05,0.000142382,0.000294736,0.000434655,6.39604e-05,6.22963e-05,6.21095e-05,6.09829e-05,6.0313e-05,6.16593e-05,6.31288e-05,6.18853e-05,-0.000194557,0.00014311,0,0.000206355,0,0.000147232,0.513843,-0.000465095,-0.000167041,0.000167554,0.000473018,1786704600,0.000243802,0,0.000213851,1,0.000238285,0,0.000197832,1,0.000228717,0,0.000188617,1,0.00018251,0,0.000164522,1
1786704720,0.000218677,0,0.000506617,0,0.000304856,0.495064,6.36431e-05,6.4866e-05,0.0483435,-0.000463908,-0.000355091,-0.000180645,-6.76381e-05,-3.13175e-06,6.14829e-05,0.000150839,0.000316127,0.000460431,6.54088e-05,6.36804e-05,6.34621e-05,6.26517e-05,6.07889e-05,6.3231e-05,6.48036e-05,6.32892e-05,-0.00020225,0.000176484,6.81242e-06,0.000211983,0,0.000163844,0.518087,-0.000476341,-0.000168014,0.000177529,0.000495862,1786704600,-0.000221959,0.000169628,0,1,0.000237894,0,0.000199087,1,0.000237535,0,0.000189339,1,0.000203847,0,0.00018847,0
1786704780,-0.000453407,0,5.33298e-06,-0.000496091,0.000303372,0.49154,0.000133186,0.00013116,0.0518961,-0.000506057,-0.000391623,-0.000205369,-8.17125e-05,-5.68439e-06,6.29378e-05,0.000163929,0.00035012,0.000507966,0.000129045,0.000140511,0.000139816,0.000135754,0.000139754,0.000132342,0.000128078,0.000129991,-0.000226597,0.000194593,2.73972e-05,0.000216913,0,0.000207632,0.506514,-0.000487507,-0.000179532,0.000173018,0.000509511,1786704600,0.000236652,0,0.000194497,1,0.000210127,0,0.000175457,1,0.000217873,0,0.000196197,1,0.000204654,0,0.000196973,1
1786704840,0.000234731,5.3354e-06,0.000288071,-0.000144066,0.000307092,0.498589,6.72892e-05,6.8439e-05,0.0414711,-0.000486088,-0.000365431,-0.000184105,-7.32059e-05,-5.99095e-07,6.41829e-05,0.000167249,0.000331794,0.000468737,6.97846e-05,6.82032e-05,6.81364e-05,6.73113e-05,6.60232e-05,6.72165e-05,7.01765e-05,6.33795e-05,-0.000212782,0.000192855,3.63239e-05,0.000216494,0,0.000198986,0.514469,-0.000487141,-0.000171277,0.000181836,0.000497046,1786704600,0.000240288,0,0.000200995,1,0.000224404,0,0.00018625,1,0.000223155,0,0.000172615,1,0.000217433,0,0.000215621,1
1786704900,-0.000421487,0,0,-0.000421487,0.000305813,0.502514,0.000125158,0.000122763,0.0417768,-0.000507447,-0.000387122,-0.000190887,-7.04135e-05,1.87171e-06,7.13491e-05,0.00018556,0.000370581,0.000503696,0.00011904,0.000126904,0.000124642,0.000123701,0.000124781,0.000119215,0.000120662,0.000133525,0.000226543,0,0.000245363,0.000225704,0,0.000181718,0.516413,-0.000500086,-0.000173537,0.000191389,0.000518444,1786704900,0.000236811,0,0.00018663,1,0.000240618,0,0.000195948,1,0.000227166,0,0.000178153,1,0.000218978,0,0.000172641,1
1786704960,-4.26922e-05,0,0,-0.000154768,0.000308551,0.494251,3.14312e-05,3.15101e-05,0.0410834,-0.00050967,-0.000387437,-0.000185703,-7.51324e-05,-3.58862e-06,6.19334e-05,0.000165323,0.000336575,0.000471428,3.73177e-05,3.02195e-05,3.31353e-05,2.85717e-05,3.46671e-05,3.96209e-05,3.32322e-05,2.72399e-05,-0.000213249,0.000183336,3.34779e-05,0.000221705,0,0.000205671,0.514282,-0.000505833,-0.000175108,0.000184901,0.000500758,1786704900,0.000241002,0,0.000205072,1,0.000237613,0,0.000187283,1,0.00024247,0,0.0001971,1,0.000220434,0,0.000181101,1
1786705020,0.000234784,0,0.000234784,-5.33665e-06,0.00030551,0.50452,6.54189e-05,6.66274e-05,0.0410811,-0.000458632,-0.000344214,-0.000162962,-5.65277e-05,2.52331e-06,6.47458e-05,0.000164235,0.000326495,0.000452346,6.95661e-05,6.81911e-05,6.81115e-05,6.7048e-05,6.68169e-05,6.75703e-05,6.54945e-05,6.02363e-05,0.000196541,0,0.000171182,0.000196556,0,0.000126425,0.524497,-0.000449361,-0.000143686,0.00017461,0.000461087,1786704900,-0.000232875,0.000186279,0,1,-0.000239995,0.000202475,0,1,0.000236218,0,0.000194555,1,-0.000219944,0.000214007,0,1
1786705080,-0.000250794,3.20118e-05,0.000240063,-0.000256131,0.000304256,0.500663,7.20727e-05,7.11059e-05,0.0404121,-0.000465739,-0.00036209,-0.000171093,-5.78891e-05,3.93522e-07,5.8366e-05,0.000157444,0.000314048,0.000444296,7.16032e-05,7.13118e-05,7.15368e-05,7.12293e-05,7.15802e-05,7.20619e-05,7.06066e-05,7.46838e-05,0.000198439,0,0.000174674,0.000207964,0,0.000145264,0.519383,-0.00047908,-0.000163598,0.000174045,0.000477219,1786704900,0.000214444,0,0.000163856,1,0.000247188,0,0.000181021,1,0.000249285,0,0.000185308,1,0.000224943,0,0.000187438,1
1786705140,6.9375e-05,0,6.9375e-05,-0.00010674,0.00030328,0.481447,3.51028e-05,3.50927e-05,0.0407351,-0.000503801,-0.000383334,-0.000193801,-7.86364e-05,-1.27146e-05,5.70308e-05,0.000158859,0.000325371,0.00047906,3.88445e-05,3.22577e-05,3.3726e-05,3.38429e-05,3.5534e-05,3.84175e-05,3.93568e-05,3.24941e-05,-0.000215418,0.000179529,4.13344e-05,0.000218456,0,0.000228377,0.510826,-0.000503619,-0.00017604,0.000179807,0.000510416,1786704900,-0.000229804,0.000167985,0,1,-0.000212012,0.000167926,0,1,-0.000230824,0.000188922,0,1,0.00021186,0,0.000184913,1
1786705200,0.000149407,0,0.000282787,-0.000170778,0.000300392,0.499618,4.76832e-05,4.73661e-05,0.0425364,-0.000498878,-0.000382429,-0.000185916,-6.69116e-05,-2.56753e-07,6.6535e-05,0.000185388,0.000347566,0.000488866,5.21788e-05,4.5302e-05,4.6279e-05,5.07536e-05,4.8121e-05,4.8925e-05,5.34533e-05,4.12342e-05,-0.000222831,0.000305822,6.78489e-05,0.000224348,8.16562e-05,0.000220307,0.517455,-0.000495309,-0.000168326,0.000197727,0.00051712,1786705200,-0.000242839,0.000206445,0,1,0.000233492,0,0.000170827,1,0.000218544,0,0.000171422,1,0.000217285,0,0.00018232,1
1786705260,0.000170723,5.33554e-06,0.000192061,-0.000218782,0.000298122,0.494846,5.1619e-05,5.11909e-05,0.0446865,-0.000502646,-0.000375205,-0.000183988,-7.16885e-05,-3.12651e-06,6.06358e-05,0.000169001,0.000338601,0.000485877,5.57286e-05,5.02756e-05,5.00967e-05,5.08845e-05,5.11147e-05,5.11419e-05,5.66629e-05,4.95426e-05,-0.000213621,0.000174027,1.61946e-05,0.000203603,0,0.000193807,0.513836,-0.000471955,-0.000160356,0.00017405,0.000490212,1786705200,0.00030648,0,0.000213237,1,0.000242049,0,0.000193748,1,0.000229807,0,0.000173686,1,0.000208894,0,0.000173195,1
1786705320,0.000288029,5.33463e-06,0.000490667,-0.000101363,0.000296112,0.499472,8.2134e-05,8.22853e-05,0.0479028,-0.000490828,-0.000366381,-0.000181036,-6.7167e-05,-3.4841e-07,6.65163e-05,0.000177004,0.000352901,0.000487759,8.43282e-05,8.27421e-05,8.25941e-05,8.21813e-05,8.03456e-05,8.29124e-05,8.62757e-05,7.7518e-05,-0.000215342,0.000184822,3.90457e-06,0.000201611,0,0.000177871,0.514892,-0.000462956,-0.000156867,0.000173792,0.000489909,1786705200,-0.000235483,0.000198108,0,1,-0.000256279,0.00020679,0,1,-0.000248315,0.00019918,0,1,0.000216265,0,0.000182115,1
1786705380,0.000277283,-5.33312e-06,0.000458542,-0.000106668,0.000295953,0.494726,8.09419e-05,8.06262e-05,0.0490815,-0.000529115,-0.000406606,-0.00020211,-7.7092e-05,-3.80169e-06,6.94698e-05,0.000187783,0.000378192,0.000534936,8.13224e-05,7.97272e-05,7.96412e-05,7.94853e-05,7.61337e-05,7.98269e-05,8.7855e-05,7.76611e-05,-0.000235718,0.000202572,2.41776e-05,0.000212186,0,0.000215103,0.504987,-0.000484721,-0.000172369,0.000174636,0.000511891,1786705200,-0.00023418,0.000195173,0,1,0.000237718,0,0.000183702,1,0.000253006,0,0.000179012,1,-0.000237507,0.000209925,0,1
1786705440,0,2.13263e-05,0.000474402,-5.33164e-06,0.000295591,0.494139,3.3425e-05,3.32673e-05,0.0532763,-0.000537828,-0.000418154,-0.000212036,-8.33557e-05,-4.31969e-06,7.11628e-05,0.000191988,0.000384235,0.000546041,3.49805e-05,2.62491e-05,2.75922e-05,3.46747e-05,3.14629e-05,3.31654e-05,3.60677e-05,3.69097e-05,-0.000244797,0.000200107,1.15346e-05,-0.000214545,0.000203662,0,0.499879,-0.000482565,-0.000176164,0.000172687,0.000514243,1786705200,-0.000247778,0.000217887,0,1,0.000227378,0,0.000176842,1,-0.000229993,0.000202951,0,1,0.000242842,0,0.000190358,1
1786705500,-0.000245285,-4.26539e-05,-4.26539e-05,-0.00061866,0.00029262,0.500573,6.944e-05,6.97814e-05,0.0594511,-0.000514775,-0.000385575,-0.000187309,-7.11317e-05,5.55705e-07,6.83543e-05,0.000176275,0.000361772,0.000516382,7.01031e-05,6.96472e-05,6.9822e-05,7.06119e-05,7.26093e-05,7.10361e-05,5.78166e-05,7.74856e-05,0.000219671,0,0.000268712,-0.000209559,0.000190962,1.97366e-05,0.496135,-0.000479585,-0.000174026,0.000166841,0.000510004,1786705500,-0.000246124,0.000216529,0,1,-0.000236443,0.000214107,0,1,0.000224979,0,0.000177637,1,-0.000215981,0.000204333,0,1
1786705560,-0.000421391,-2.1332e-05,0.000197299,-0.000453402,0.000291748,0.508882,0.000125306,0.00012376,0.051674,-0.000522535,-0.000385752,-0.000187723,-6.69734e-05,6.41428e-06,7.39802e-05,0.00018349,0.000366546,0.000513489,0.000119021,0.000128934,0.000127899,0.000119549,0.000127276,0.000123327,0.0001194,0.000136347,0.000223248,0,0.000261652,0.00021071,1.35334e-06,0.000193213,0.514218,-0.000473649,-0.000159214,0.000185076,0.000506192,1786705500,-0.000242329,0.000229997,0,0,-0.000239645,0.000219273,0,1,-0.000243086,0.000213322,0,1,-0.000219486,0.000201667,0,1
1786705620,-0.000293478,-1.60057e-05,-1.60057e-05,-0.000293478,0.0002949,0.501434,8.31203e-05,8.25665e-05,0.0439402,-0.000555041,-0.000414006,-0.000206943,-7.74452e-05,1.39544e-06,7.14348e-05,0.000188273,0.00037785,0.000556007,8.34634e-05,8.29892e-05,8.32362e-05,8.39964e-05,8.313e-05,8.36566e-05,7.87681e-05,8.64455e-05,0.000239239,0,0.000311119,0.00022791,0,0.00024265,0.511516,-0.000513825,-0.000173458,0.000196436,0.00052902,1786705500,-0.000249263,0.0002152,0,0,-0.0002418,0.000217717,0,0,-0.00024084,0.000215541,0,1,-0.000229558,0.000211338,0,1
1786705680,0.00058687,0,0.0007362,-5.33676e-06,0.000294872,0.501621,0.000204501,0.000208626,0.0456073,-0.000501746,-0.000378823,-0.000184837,-7.00915e-05,1.52611e-06,6.24012e-05,0.000164192,0.000327465,0.000467818,0.000184305,0.000209303,0.000202279,0.000206339,0.000200158,0.000180851,0.000204094,0.000214201,0.000211579,0,0.000231067,0.000198176,0,0.000165942,0.512046,-0.000454263,-0.000151666,0.000173149,0.000453807,1786705500,-0.00025468,0.000203194,0,1,0.000241048,0,0.000188359,1,-0.00025644,0.000209408,0,1,-0.000226169,0.000212475,0,1
1786705740,-0.000144018,-3.20022e-05,-1.6001e-05,-0.000144018,0.000303478,0.492311,4.84229e-05,4.88848e-05,0.0441925,-0.000587196,-0.00045222,-0.000230536,-8.63703e-05,-5.64831e-06,6.92164e-05,0.000198398,0.000406602,0.000568416,5.07969e-05,4.49516e-05,4.87359e-05,5.26628e-05,4.91007e-05,5.2585e-05,4.67533e-05,4.71681e-05,-0.000260865,0.000236227,5.56586e-05,0.000251549,0,0.000255783,0.506897,-0.000559005,-0.000198784,0.000207888,0.000574631,1786705500,0.000212856,0,0.000162552,1,0.000261891,0,0.000190604,1,0.000240864,0,0.00019166,1,-0.000238116,0.000229272,0,1
1786705800,5.33437e-06,5.33437e-06,0.000293348,-0.000197392,0.000301117,0.492006,2.79043e-05,2.80549e-05,0.0416078,-0.000471801,-0.000375323,-0.000185178,-7.00667e-05,-4.18339e-06,5.11649e-05,0.000149806,0.000314026,0.000459428,3.53569e-05,2.77317e-05,3.20305e-05,2.62084e-05,3.22618e-05,3.63861e-05,2.61595e-05,2.3851e-05,-0.000204722,0.000142701,0,0.000186915,0,0.000139934,0.504139,-0.000438723,-0.000154047,0.000151345,0.000440511,1786705800,-0.000286046,0.000226781,0,1,-0.000229083,0.00017246,0,1,-0.000275094,0.000200862,0,1,-0.000234672,0.000211286,0,1
1786705860,-0.000784458,-4.26758e-05,-2.66721e-05,-0.000784458,0.000298092,0.502298,0.000295536,0.00029389,0.0408883,-0.000507852,-0.000389336,-0.000193375,-7.03999e-05,1.8861e-06,6.61646e-05,0.000178787,0.000368814,0.000521824,0.000275637,0.000305357,0.00029328,0.000275717,0.000298102,0.000286868,0.0002856,0.000319382,0.000225173,0,0.000246789,0.000233886,0,0.000233794,0.508605,-0.000526535,-0.000180536,0.000199553,0.000560468,1786705800,0.000215788,0,0.000152978,0,-0.000281207,0.000224185,0,1,-0.000229884,0.000173556,0,1,-0.000239674,0.000214007,0,1
1786705920,0.000592403,-4.8048e-05,0.00141905,-0.000170848,0.00031526,0.507679,0.000186656,0.000190828,0.0767292,-0.0005851,-0.000450644,-0.000217445,-7.958e-05,6.51391e-06,7.80484e-05,0.000213311,0.00039895,0.000568156,0.000186196,0.000201774,0.000182889,0.000192729,0.000195565,0.000177352,0.000184296,0.000189162,0.00025882,0,0.000307959,0.000263146,0,0.00028444,0.517292,-0.000589982,-0.000195631,0.000232219,0.000597171,1786705800,0.000279039,0,0.000206363,1,-0.000220459,0.000163855,0,1,-0.000275191,0.000228699,0,1,-0.000197778,0.000165515,0,1
1786705980,0.000309404,3.20118e-05,0.000314738,-0.000106713,0.000323141,0.494125,9.11829e-05,9.1305e-05,0.0936552,-0.00071322,-0.000557723,-0.000277206,-0.000105009,-5.37139e-06,8.7938e-05,0.000255023,0.000503071,0.000730661,8.98037e-05,8.94275e-05,9.0039e-05,9.59472e-05,8.63788e-05,8.93768e-05,9.69828e-05,8.82927e-05,-0.00032174,0.000315441,8.56426e-05,0.000321964,2.35521e-05,0.000418014,0.506932,-0.000679599,-0.000241507,0.000265357,0.000713111,1786705800,-0.000300846,0.000228216,0,0,-0.000253309,0.000215549,0,1,0.000205486,0,0.000180744,1,-0.000234743,0.000213444,0,1
1786706040,-0.000197368,0,0,-0.000373431,0.000322872,0.501717,5.95769e-05,6.02657e-05,0.0811823,-0.000610494,-0.000485345,-0.000237117,-8.57695e-05,1.87213e-06,7.67501e-05,0.000218249,0.000424255,0.000616789,5.97909e-05,5.65508e-05,6.21409e-05,6.49787e-05,5.96382e-05,6.29918e-05,5.72616e-05,5.88582e-05,0.000274951,0,0.000285176,0.000261301,0,0.000222321,0.510739,-0.000589946,-0.000205761,0.000219345,0.000608601,1786705800,-0.000359656,0.000311282,0,1,0.000301352,0,0.000208738,1,-0.000284638,0.000223471,0,1,-0.00021889,0.000169741,0,1
1786706100,-5.86844e-05,1.06695e-05,1.06695e-05,-0.000330811,0.000320843,0.49624,3.98461e-05,4.05591e-05,0.0678233,-0.000609335,-0.000484078,-0.000238629,-8.90343e-05,-3.1562e-06,8.22896e-05,0.000224368,0.000430379,0.000621523,3.84203e-05,3.36922e-05,4.06726e-05,5.39214e-05,3.76911e-05,4.036e-05,4.04214e-05,3.34841e-05,-0.000279156,0.000280812,4.68796e-05,0.000269271,2.16533e-05,0.000283491,0.507511,-0.000588313,-0.000210707,0.000227238,0.000618415,1786706100,-0.000306306,0.000232224,0,1,-0.000350821,0.000284131,0,1,-0.000304504,0.000222039,0,1,-0.000271853,0.000244535,0,1
1786706160,0.000645339,0,0.000645339,0,0.000317727,0.508711,0.000211687,0.000214892,0.0577921,-0.000558155,-0.00043466,-0.000202723,-7.09447e-05,6.64808e-06,7.80716e-05,0.00021181,0.000403019,0.000577563,0.000209302,0.000227045,0.000210371,0.000198649,0.000218456,0.000215392,0.000211726,0.000214461,0.000250184,0,0.000242761,0.000250399,0,0.000195616,0.517674,-0.000557922,-0.000183626,0.000224849,0.000592907,1786706100,0.000311656,0,0.000211954,1,0.000303613,0,0.000219771,1,-0.000358844,0.000284068,0,1,0.000288784,0,0.000220775,0
1786706220,-0.000325284,0,9.59652e-05,-0.000325284,0.000327507,0.493647,9.08131e-05,9.05984e-05,0.0724981,-0.000635225,-0.000506943,-0.00025056,-9.37839e-05,-5.52384e-06,8.27322e-05,0.00022894,0.000436315,0.000654268,9.24965e-05,9.20145e-05,9.25987e-05,9.2856e-05,9.49356e-05,9.27917e-05,8.65144e-05,9.08866e-05,-0.000289502,0.000269086,2.43288e-05,-0.000283295,0.000259011,0,0.497801,-0.00060446,-0.000226401,0.000227947,0.000636388,1786706100,0.000289888,0,0.000215759,1,0.000284347,0,0.000218609,1,-0.000264164,0.000237692,0,1,-0.000276197,0.000271078,0,1
1786706280,0.00057051,5.33325e-05,0.00057051,4.79994e-05,0.000327463,0.491013,0.000184408,0.000187024,0.0603385,-0.000554509,-0.000441229,-0.00021384,-8.39328e-05,-6.01502e-06,6.2577e-05,0.000185535,0.000369853,0.000564632,0.00017731,0.000184988,0.000172916,0.000183508,0.000176477,0.000172126,0.000192407,0.000198319,-0.000242566,0.00019025,1.67869e-05,-0.00025154,0.00020969,0,0.49575,-0.000561525,-0.000206015,0.000203046,0.000580793,1786706100,-0.000303652,0.000233762,0,1,-0.000274196,0.000220127,0,1,-0.000257856,0.000216034,0,1,-0.000271449,0.000228118,0,1
1786706340,0.000234508,4.26419e-05,0.000271811,4.26419e-05,0.000334061,0.491983,7.00834e-05,6.96083e-05,0.0732136,-0.000577472,-0.000461015,-0.000232429,-8.75032e-05,-6.39731e-06,7.47324e-05,0.000210001,0.000407136,0.000610994,6.89884e-05,6.88835e-05,7.00832e-05,6.77438e-05,6.28891e-05,6.8851e-05,7.60872e-05,6.82265e-05,-0.000267512,0.000207345,0,-0.000276012,0.000238291,0,0.495127,-0.000589391,-0.000222491,0.000222466,0.000625147,1786706100,-0.000273643,0.000223231,0,1,-0.000309235,0.000250441,0,1,0.000274715,0,0.000212888,1,0.000293152,0,0.000229939,1
1786706400,-0.000197196,5.32908e-06,1.59872e-05,-0.000234508,0.000332362,0.492849,5.65518e-05,5.75858e-05,0.0596405,-0.00054613,-0.000444489,-0.000227075,-8.30046e-05,-5.21321e-06,6.94148e-05,0.000202399,0.000381869,0.000596218,5.98425e-05,5.69333e-05,6.20966e-05,5.64119e-05,6.15017e-05,6.09586e-05,5.08132e-05,5.79667e-05,-0.000259304,0.000168946,0,-0.00025328,0.000193934,0,0.496545,-0.000559967,-0.00020796,0.000199824,0.000584359,1786706400,-0.000298843,0.0002321,0,1,0.000275145,0,0.000216106,1,0.000291889,0,0.000219927,1,0.000268475,0,0.000211213,1
1786706460,-0.00017591,0.000106597,0.000303772,-0.00017591,0.000330202,0.495241,5.17181e-05,5.24078e-05,0.0504457,-0.000514249,-0.00040998,-0.000197905,-7.34166e-05,-3.26167e-06,6.66984e-05,0.00018778,0.000361418,0.000550659,5.6284e-05,5.31225e-05,5.74537e-05,5.0482e-05,5.71126e-05,5.61398e-05,4.5186e-05,5.48289e-05,-0.000232412,0.000159059,0,-0.000244046,0.000183237,0,0.495433,-0.000534798,-0.000196466,0.000198159,0.000567593,1786706400,-0.000272397,0.000196799,0,1,-0.000278842,0.000229845,0,1,-0.000267699,0.000217283,0,1,-0.000242869,0.00022478,0,1
1786706520,-0.000277255,5.33107e-06,5.33107e-06,-0.000277255,0.000327828,0.492646,7.78313e-05,7.74525e-05,0.0455684,-0.000533808,-0.00041852,-0.000202964,-7.88517e-05,-5.07426e-06,6.56492e-05,0.000189616,0.000367193,0.000541614,7.92643e-05,7.86538e-05,7.90653e-05,7.89909e-05,8.12727e-05,7.95586e-05,7.02961e-05,8.27994e-05,-0.000236968,0.0001657,0,-0.00025119,0.000201611,0,0.49838,-0.000559072,-0.000200792,0.000207969,0.000583338,1786706400,-0.000254676,0.000212552,0,1,0.00028335,0,0.000201144,1,0.000305092,0,0.000222028,1,-0.000260271,0.000220015,0,1
1786706580,-5.86599e-05,0,5.33255e-06,-5.86599e-05,0.000326894,0.496207,3.15681e-05,3.23272e-05,0.0424552,-0.000497507,-0.000387637,-0.000185623,-6.8532e-05,-1.92112e-06,5.70007e-05,0.000176467,0.000336672,0.000490671,3.84556e-05,3.44847e-05,3.8576e-05,2.93202e-05,3.78673e-05,3.80274e-05,2.72455e-05,2.93535e-05,-0.000218108,0.000131043,0,0.00022664,0,0.000159095,0.504709,-0.000509102,-0.000177309,0.00019278,0.000521333,1786706400,0.000276018,0,0.00021658,1,-0.000255001,0.000205845,0,1,-0.000266368,0.000217581,0,1,-0.000256146,0.000233359,0,1
1786706640,9.59872e-05,-5.33289e-06,0.000277271,-4.26639e-05,0.000323714,0.492581,3.69972e-05,3.69864e-05,0.0475056,-0.000457346,-0.000357693,-0.00017093,-6.05379e-05,-3.49335e-06,4.71207e-05,0.000148723,0.000302677,0.000447808,4.34819e-05,3.96142e-05,4.20493e-05,3.28118e-05,3.99493e-05,4.00782e-05,3.5987e-05,3.43432e-05,-0.000193987,8.38132e-05,0,0.000175094,0,8.88062e-05,0.503144,-0.000390657,-0.000132721,0.000138866,0.000390559,1786706400,0.000242419,0,0.000181532,1,-0.000273676,0.000220236,0,1,-0.00026212,0.000210327,0,1,0.000249833,0,0.000195309,1
1786706700,0.00010131,0,0.00010131,-0.000245319,0.000320748,0.49382,4.01611e-05,3.98226e-05,0.0530239,-0.000490773,-0.000383282,-0.000187398,-6.85208e-05,-3.61368e-06,5.74653e-05,0.000172902,0.000339605,0.000496,4.43592e-05,4.01246e-05,4.18681e-05,3.98506e-05,4.04712e-05,3.8873e-05,4.24984e-05,3.62708e-05,-0.000217637,0.000140963,0,0.000212813,0,0.000159624,0.504603,-0.000492108,-0.000171389,0.000177409,0.000505858,1786706700,0.000179137,0,0.000129126,1,-0.00025845,0.000194304,0,1,-0.000286709,0.000223241,0,1,0.000239768,0,0.000185605,1
1786706760,0.000458432,3.73221e-05,0.000458432,2.66588e-05,0.000317848,0.504021,0.000139869,0.000141893,0.0615058,-0.00049353,-0.000379968,-0.000181188,-6.27223e-05,2.67772e-06,6.47096e-05,0.000180145,0.000344734,0.000499986,0.000133026,0.000140618,0.000138714,0.000138723,0.000132009,0.000144099,0.000144183,0.000139406,0.000216902,0,0.000189554,0.000212987,0,0.000146973,0.51134,-0.000483589,-0.000163555,0.000185041,0.000512169,1786706700,0.000249571,0,0.000203415,1,-0.000198175,0.000136535,0,1,0.000246068,0,0.000199175,1,-0.000252092,0.000220964,0,1
1786706820,-0.000522416,0,1.06587e-05,-0.000522416,0.000321263,0.493836,0.000159508,0.000158744,0.0432688,-0.000516296,-0.000410752,-0.000203513,-7.02683e-05,-4.22801e-06,6.48424e-05,0.000186332,0.000355088,0.000537301,0.000156831,0.000163257,0.000158648,0.000170466,0.000165803,0.000156144,0.000152753,0.000166675,-0.000235119,0.00015885,0,-0.000234791,0.000197814,0,0.499797,-0.000521387,-0.000192233,0.000189993,0.000548835,1786706700,-0.00024567,0.000193072,0,1,-0.000244925,0.00019459,0,1,0.000196017,0,0.000158552,1,-0.000218085,0.00017766,0,1
1786706880,-7.99857e-05,-3.73259e-05,-3.73259e-05,-8.53183e-05,0.000326503,0.495073,3.52878e-05,3.58465e-05,0.0374463,-0.000522287,-0.000405926,-0.000198725,-7.47874e-05,-3.21293e-06,6.49116e-05,0.000182538,0.000352268,0.000518092,4.02935e-05,3.66384e-05,3.95642e-05,3.56717e-05,3.98272e-05,4.23498e-05,3.24983e-05,3.11855e-05,-0.000230272,0.000174431,3.05283e-06,0.000246447,0,0.000211764,0.50174,-0.000550027,-0.000197767,0.000204536,0.000567273,1786706700,-0.000259837,0.000197222,0,1,0.000230669,0,0.000197026,1,-0.000247679,0.000204135,0,1,-0.000174791,0.000139088,0,1
1786706940,1.06651e-05,0,0.000362551,-5.33261e-06,0.000323419,0.499173,2.58851e-05,2.64313e-05,0.0397742,-0.000439274,-0.000341989,-0.000167266,-5.53984e-05,-4.71302e-07,5.48945e-05,0.000153455,0.000297469,0.000442137,3.57081e-05,3.12733e-05,3.4054e-05,2.33046e-05,3.41176e-05,3.6061e-05,1.85565e-05,2.18148e-05,-0.000193474,9.2869e-05,0,0.000178346,0,7.89281e-05,0.50733,-0.000389269,-0.000132007,0.00014709,0.000398151,1786706700,-0.000266285,0.000211385,0,1,-0.000245062,0.000204718,0,1,0.00022679,0,0.000196484,1,-0.000235118,0.000204103,0,1
1786707000,0.00018129,0,0.000266591,-5.33255e-06,0.000320172,0.496125,5.54276e-05,5.50007e-05,0.0440567,-0.000533135,-0.00041448,-0.000207078,-8.07093e-05,-2.20309e-06,6.4213e-05,0.000184624,0.000363402,0.000516873,5.76155e-05,5.39127e-05,5.50108e-05,5.94593e-05,5.38816e-05,5.47088e-05,6.12935e-05,4.98398e-05,-0.000237335,0.000185624,3.09453e-05,0.000266278,0,0.000284651,0.503259,-0.000589072,-0.000214859,0.000216778,0.000599805,1786707000,0.000184612,0,0.00012361,1,0.000259322,0,0.000204374,1,0.000251701,0,0.000195979,1,0.000227845,0,0.000207758,1
1786707060,-0.000335945,-5.33158e-06,-5.33158e-06,-0.000335945,0.000317989,0.50182,9.40999e-05,9.39691e-05,0.0447018,-0.000479503,-0.000371981,-0.000184239,-6.69529e-05,1.58324e-06,6.11272e-05,0.000168231,0.000319887,0.000474946,9.58524e-05,9.47018e-05,9.48966e-05,9.47443e-05,9.69197e-05,9.61478e-05,9.03545e-05,0.000104271,0.000212709,0,0.000184377,0.000234586,0,0.000160575,0.50321,-0.000521327,-0.00018802,0.000191938,0.000536907,1786707000,0.000291779,0,0.000229994,1,-0.000196935,0.000133218,0,1,-0.000260317,0.000207443,0,1,-0.000230893,0.000197707,0,1
1786707120,0.000239972,-5.33338e-06,0.000431909,-5.33338e-06,0.000318358,0.503021,6.95793e-05,6.96536e-05,0.0421855,-0.000463451,-0.000365425,-0.000177493,-6.05268e-05,1.95174e-06,6.16283e-05,0.000156191,0.000308835,0.000457294,7.03996e-05,7.02279e-05,7.02054e-05,6.91354e-05,6.64688e-05,6.90596e-05,7.33954e-05,6.51474e-05,0.000201901,0,0.000187163,0.000221609,0,0.000172426,0.500669,-0.000493752,-0.000179678,0.000182005,0.000495544,1786707000,-0.000246437,0.000184687,0,1,0.000305696,0,0.000224553,1,0.000202838,0,0.000154633,1,0.000251688,0,0.000210184,1
1786707180,8.53097e-05,3.1992e-05,8.53097e-05,2.66601e-05,0.000316981,0.504025,3.67159e-05,3.60256e-05,0.0404068,-0.000485717,-0.000380501,-0.000189153,-6.9057e-05,2.97321e-06,6.9983e-05,0.000177643,0.000335109,0.000491471,4.14734e-05,3.71145e-05,3.8244e-05,3.83905e-05,3.77392e-05,4.00913e-05,3.94335e-05,2.92441e-05,0.000221007,0,0.000213744,0.000226198,0,0.00017398,0.50191,-0.000502238,-0.000183132,0.000186579,0.000519329,1786707000,0.000230327,0,0.000187489,1,-0.000245344,0.000192072,0,1,-0.000256872,0.000201937,0,1,0.000180496,0,0.000160983,1
1786707240,9.59647e-05,4.79835e-05,0.000373144,4.79835e-05,0.000314027,0.515496,3.52398e-05,3.42349e-05,0.0450521,-0.000432149,-0.000340819,-0.000166183,-5.11754e-05,9.15423e-06,6.76604e-05,0.000160708,0.000297813,0.000433544,4.30614e-05,3.85217e-05,3.90755e-05,3.32805e-05,3.90831e-05,3.99869e-05,3.26482e-05,3.20521e-05,0.000196423,0,0.000113866,0.000175619,0,7.59559e-05,0.508224,-0.000387057,-0.000136287,0.000138202,0.000387231,1786707000,0.000244425,0,0.000211288,1,0.000223227,0,0.000202364,1,-0.000251946,0.000193616,0,1,-0.0002532,0.000223155,0,1
1786707300,9.59555e-05,1.59932e-05,9.59555e-05,0,0.000311167,0.504647,3.80381e-05,3.67243e-05,0.0517454,-0.000466877,-0.000365971,-0.000185288,-6.89137e-05,3.38651e-06,7.15709e-05,0.000167217,0.000321258,0.000469251,4.30441e-05,3.8176e-05,3.81922e-05,3.8701e-05,3.87457e-05,3.79028e-05,4.18286e-05,3.22979e-05,0.000213013,0,0.000217742,-0.000218255,0.00016691,0,0.495355,-0.00048896,-0.000183016,0.00017235,0.000506903,1786707300,-0.000184094,0.000131735,0,1,-0.00023678,0.000193847,0,1,0.000227643,0,0.000203917,1,0.000228361,0,0.000195495,1
1786707360,0.000117266,0,0.000117266,-5.33062e-06,0.000308338,0.522741,3.81433e-05,3.65263e-05,0.0618103,-0.000419615,-0.000330699,-0.000156497,-4.64986e-05,1.33233e-05,7.08529e-05,0.000159624,0.000290758,0.000425082,4.65548e-05,4.14057e-05,4.10057e-05,3.66605e-05,4.18922e-05,3.93977e-05,3.73141e-05,3.44803e-05,0.000190282,0,0.000121762,0.000182414,0,8.94169e-05,0.506623,-0.000403479,-0.000143491,0.00014622,0.000411759,1786707300,0.000233557,0,0.00020504,1,0.000196554,0,0.000144932,1,0.000253858,0,0.000208032,1,0.000217168,0,0.000201552,1
1786707420,0.00042098,2.66495e-05,0.000538183,2.66495e-05,0.000305689,0.515702,0.000131523,0.000132477,0.075671,-0.00043308,-0.000329487,-0.000156263,-4.92271e-05,8.94192e-06,6.62771e-05,0.000149089,0.000288965,0.000432608,0.000120344,0.000128376,0.000129444,0.000142525,0.000117416,0.000132372,0.000144127,0.000124922,0.000183784,0,0.000120817,0.000177398,0,9.08985e-05,0.504269,-0.000391141,-0.000141083,0.000139615,0.000401815,1786707300,-0.000189055,0.000135976,0,1,-0.000228522,0.000189115,0,1,0.000187259,0,0.000152355,0,-0.00021922,0.000201163,4.73977e-07,1
1786707480,0.000569905,6.92582e-05,0.00115013,6.92582e-05,0.000308418,0.494328,0.000193541,0.00019388,0.0591351,-0.00050494,-0.000404051,-0.00020761,-7.73683e-05,-4.18079e-06,7.04238e-05,0.00016861,0.000340348,0.000521287,0.000176584,0.000194145,0.00019407,0.000194291,0.000178349,0.00017695,0.000206521,0.000190812,-0.000228948,0.000166646,0,-0.00022714,0.000189504,0,0.49909,-0.000502168,-0.000188676,0.000180924,0.000524775,1786707300,-0.000181103,0.00012811,0,0,0.000191757,0,0.000151468,0,-0.000245758,0.000197135,0,0,0.000185795,0,0.000157571,0
1786707540,-0.000617856,-5.32471e-06,0,-0.000623184,0.000315777,0.484532,0.000180876,0.000181199,0.0527679,-0.000632475,-0.000504625,-0.000265334,-0.000107169,-1.42707e-05,7.92536e-05,0.000212708,0.000441311,0.000645246,0.000194152,0.000213332,0.0002027,0.00017747,0.000217945,0.000191006,0.000170817,0.000167536,-0.000292576,0.000252376,5.37505e-05,-0.000279442,0.000275862,4.86823e-05,0.496043,-0.000604877,-0.000229737,0.00021785,0.000638688,1786707300,-0.000237803,0.000190611,0,1,0.000187833,0,0.00013971,1,0.000198084,0,0.000154333,1,-0.000220313,0.000212018,0,1
1786707600,-0.000532941,-5.32801e-06,-5.32801e-06,-0.000532941,0.000324585,0.502782,0.000160588,0.000160119,0.0453959,-0.000581248,-0.000439658,-0.000214481,-8.24615e-05,2.38947e-06,8.46115e-05,0.000202402,0.000394012,0.000554172,0.000160824,0.000166569,0.000158161,0.00015781,0.000169434,0.000155396,0.000154287,0.000168518,0.000251464,0,0.000289748,0.000262806,0,0.000250183,0.504161,-0.000577368,-0.000208934,0.000216699,0.000591908,1786707600,-0.00029178,0.000254345,0,0,-0.000232377,0.000201816,0,1,0.000195325,0,0.000147163,1,0.000188733,0,0.000154291,1
1786707660,0.000101281,0,0.000325128,0,0.000330044,0.514825,4.17888e-05,4.00029e-05,0.0569058,-0.000557979,-0.000424303,-0.000200752,-7.12506e-05,1.21721e-05,8.84034e-05,0.000207259,0.000394795,0.00053842,4.39406e-05,4.12144e-05,4.60384e-05,4.32648e-05,4.12155e-05,4.74502e-05,4.15261e-05,3.71583e-05,0.000246001,0,0.000248467,0.000259728,0,0.000215762,0.512994,-0.00056899,-0.000196864,0.000227647,0.000573893,1786707600,-0.000273773,0.000221114,0,1,-0.000278548,0.000250001,0,0,0.000236793,0,0.000190543,1,0.000178758,0,0.000146881,1
1786707720,0.000335752,0,0.000362394,0,0.000327041,0.515052,9.56992e-05,9.39586e-05,0.0480694,-0.000560672,-0.00042346,-0.000206188,-7.69508e-05,1.34029e-05,9.27442e-05,0.00020168,0.000397395,0.000548183,9.67264e-05,9.68541e-05,9.70725e-05,9.65164e-05,9.21183e-05,9.58431e-05,9.80001e-05,9.19465e-05,0.000245274,0,0.000240189,0.000259237,0,0.000212096,0.515425,-0.000583273,-0.000199834,0.000222537,0.000579393,1786707600,0.000271955,0,0.000207584,1,0.000260819,0,0.000207035,1,-0.000276671,0.0002392,0,1,-0.000206907,0.00019534,0,1
1786707780,5.32849e-06,0,1.59854e-05,-0.000261131,0.000327217,0.512541,3.37674e-05,3.44757e-05,0.044852,-0.000557216,-0.000445997,-0.000209593,-7.51653e-05,1.05907e-05,9.23573e-05,0.000198817,0.000383933,0.000553697,3.55609e-05,3.16134e-05,3.62311e-05,3.13872e-05,3.45693e-05,3.74477e-05,3.45534e-05,3.26097e-05,0.000246071,0,0.000229724,0.000258975,0,0.000199138,0.512902,-0.000579852,-0.000204903,0.000216115,0.000577625,1786707600,0.000275359,0,0.000235922,1,0.000265448,0,0.000234332,1,-0.000268275,0.000214849,0,1,-0.000241963,0.00023723,0,1
1786707840,0.000394229,5.32846e-06,0.000394229,5.32846e-06,0.000323929,0.517084,0.000115555,0.000115418,0.0431435,-0.000511144,-0.000397845,-0.000176895,-6.28853e-05,1.26897e-05,8.10871e-05,0.000178194,0.000346773,0.000499582,0.000112934,0.000114553,0.000113147,0.000118779,0.000107552,0.000112097,0.00011877,0.000118301,0.000213357,0,0.000178087,0.00024409,0,0.00018521,0.517975,-0.000552658,-0.000184071,0.000212866,0.000569586,1786707600,-0.000273014,0.000206608,0,1,0.000296474,0,0.000240537,1,0.000284788,0,0.000223612,1,0.000262078,0,0.000205604,1
1786707900,7.45664e-05,0,0.00018108,0,0.000325484,0.502618,3.88212e-05,3.78484e-05,0.0423361,-0.00054661,-0.000433715,-0.000217423,-8.10481e-05,2.06694e-06,8.81067e-05,0.000193577,0.000366338,0.000532766,3.939e-05,3.62093e-05,3.91322e-05,3.50496e-05,3.7333e-05,4.08539e-05,4.1236e-05,3.95888e-05,0.000248284,0,0.000243689,0.000262699,0,0.000241999,0.506698,-0.000573621,-0.00021461,0.000213487,0.000582076,1786707900,0.000266075,0,0.000218292,1,0.000273961,0,0.000211765,1,0.000280083,0,0.000231319,1,0.000245664,0,0.000225207,1
1786707960,-0.000292972,5.32596e-06,5.32596e-06,-0.000335593,0.000322385,0.510142,8.10992e-05,8.31876e-05,0.0435981,-0.000506111,-0.000392386,-0.000188302,-7.11462e-05,7.8847e-06,7.64331e-05,0.000169171,0.000335776,0.000504858,8.40864e-05,8.29427e-05,8.32401e-05,8.27327e-05,8.68465e-05,8.3848e-05,7.56246e-05,8.15911e-05,0.000216484,0,0.000170834,0.000212442,0,0.00015658,0.503877,-0.00048931,-0.000174361,0.000169205,0.000498167,1786707900,0.000280219,0,0.000218269,1,-0.000240594,0.000209441,0,1,0.000258946,0,0.000211104,1,0.000239044,0,0.000233443,1
1786708020,-0.000159839,0,0,-0.000159839,0.000321823,0.51245,4.71768e-05,4.93795e-05,0.0410047,-0.00049976,-0.000378242,-0.000180956,-6.33585e-05,8.82647e-06,7.66806e-05,0.000169518,0.000332791,0.000477538,5.34971e-05,4.9563e-05,5.14348e-05,4.57572e-05,5.35397e-05,5.30121e-05,4.39743e-05,4.65922e-05,0.000211401,0,0.000191462,0.000222727,0,0.000183627,0.506807,-0.000503835,-0.000176181,0.000187065,0.000513262,1786707900,-0.000224081,0.000194134,0,1,0.000265132,0,0.000199493,1,0.000238268,0,0.000217198,1,0.00024278,0,0.000219748,1
1786708080,-8.52579e-05,-2.66423e-05,0,-0.00012256,0.00031939,0.512574,3.32246e-05,3.50842e-05,0.0439322,-0.000456928,-0.000347822,-0.000166727,-5.59861e-05,7.86846e-06,6.81896e-05,0.000155745,0.000301077,0.000437961,4.10308e-05,3.68545e-05,3.81838e-05,2.94903e-05,4.06947e-05,3.94812e-05,3.01182e-05,3.05673e-05,0.000194373,0,0.000143157,0.000195335,0,0.000135852,0.508799,-0.000447498,-0.000151458,0.000163253,0.000441928,1786707900,0.000228162,0,0.000175004,1,0.000233935,0,0.000180393,1,-0.000243593,0.000208199,0,1,0.000258549,0,0.000215842,1
1786708140,0.000463502,0,0.000484807,0,0.00031641,0.51406,0.000152909,0.000153056,0.0505987,-0.000443882,-0.000344706,-0.000163384,-5.4011e-05,8.6294e-06,6.6332e-05,0.000154109,0.000294928,0.000423406,0.000135654,0.000142822,0.000141306,0.000169621,0.000133248,0.000139928,0.000163881,0.000161492,0.000191195,0,0.000140956,0.000194725,0,0.000129957,0.514036,-0.000451892,-0.000147539,0.000165883,0.00044802,1786707900,0.000191815,0,0.000143119,1,0.000228709,0,0.000187557,1,-0.000234718,0.000194789,0,1,-0.000247994,0.00020778,0,1
1786708200,0.000447315,0,0.000553789,-5.32639e-06,0.000320015,0.503744,0.00013967,0.000139065,0.0380737,-0.000500386,-0.000404074,-0.000199453,-7.28454e-05,2.93382e-06,7.28466e-05,0.000175863,0.0003412,0.00051415,0.000128699,0.000135698,0.000132669,0.00014856,0.000124866,0.000126308,0.000146371,0.000143968,0.000227067,0,0.000211287,0.000238239,0,0.000201877,0.50706,-0.000538646,-0.000193194,0.00019592,0.000541252,1786708200,0.000197977,0,0.000155849,0,-0.000207186,0.000163671,0,0,0.000236614,0,0.000190557,1,0.000224125,0,0.000186317,1
1786708260,-2.66203e-05,5.32398e-06,6.38859e-05,-3.19445e-05,0.000323053,0.48571,3.32637e-05,3.49974e-05,0.0380395,-0.000562777,-0.000452599,-0.000231503,-9.57853e-05,-1.11585e-05,6.82208e-05,0.000180329,0.000374661,0.000556417,3.67394e-05,3.22524e-05,3.52996e-05,3.00641e-05,3.62944e-05,3.9052e-05,3.33881e-05,3.76278e-05,-0.000252552,0.000175017,0,-0.000255773,0.000222867,0,0.499858,-0.000574253,-0.00021315,0.000201698,0.000583866,1786708200,-0.000251255,0.000198689,0,1,0.000216457,0,0.000169816,0,0.000211173,0,0.00016468,1,0.000218188,0,0.000185994,1
1786708320,0.000218266,0,0.000228912,0,0.000319828,0.49733,6.74598e-05,6.51179e-05,0.0402809,-0.000462031,-0.000373627,-0.000183514,-6.87772e-05,-1.61749e-06,6.32657e-05,0.000150244,0.000320543,0.000486456,6.39319e-05,6.40203e-05,6.39639e-05,6.24669e-05,5.83927e-05,6.2972e-05,7.51274e-05,6.9544e-05,-0.000204146,0.000113418,0,-0.000198725,0.000130601,0,0.496388,-0.00045823,-0.000165937,0.00015111,0.000466283,1786708200,-0.000271896,0.000221935,0,1,-0.000247413,0.000212075,0,1,0.000208369,0,0.000170956,0,0.000182976,0,0.000162561,0
1786708380,-0.000330079,-5.32299e-06,-5.32299e-06,-0.000330079,0.000318115,0.498124,8.9161e-05,9.14549e-05,0.0425322,-0.00047699,-0.000384129,-0.000199135,-7.48734e-05,-1.44663e-06,7.37719e-05,0.00016777,0.000335632,0.000512382,9.47362e-05,9.32931e-05,9.35073e-05,9.77973e-05,9.80157e-05,9.41178e-05,8.71061e-05,8.08451e-05,-0.000222952,0.000134132,0,0.000221463,0,0.000147725,0.503976,-0.000495026,-0.000179326,0.000179186,0.000507943,1786708200,0.000205927,0,0.000157417,1,-0.00026091,0.000231923,0,1,0.000250668,0,0.0002002,1,0.000192436,0,0.000167872,1
1786708440,0.000143757,5.32471e-06,0.000143757,-9.58497e-05,0.000318358,0.500926,4.76322e-05,4.55345e-05,0.0376935,-0.000487618,-0.000383122,-0.000189943,-7.02084e-05,6.66608e-07,7.09949e-05,0.000170553,0.000323173,0.000477746,5.09842e-05,4.6971e-05,4.83864e-05,4.19392e-05,4.62472e-05,5.07782e-05,5.00299e-05,4.74461e-05,0.000217702,0,0.000198325,0.000229049,0,0.000198994,0.502333,-0.000516545,-0.000185548,0.00018709,0.000518766,1786708200,-0.000233441,0.000186728,0,1,-0.000210968,0.000174065,0,1,-0.000260104,0.000228959,0,1,-0.000224152,0.00020429,0,1
1786708500,9.58267e-05,-5.32398e-06,0.00014906,-5.32398e-06,0.000315814,0.511479,3.8706e-05,3.63023e-05,0.0402281,-0.000470901,-0.000366713,-0.000176406,-6.36541e-05,8.09019e-06,7.65765e-05,0.000175009,0.000343995,0.000500804,4.29877e-05,3.86789e-05,3.95513e-05,3.4443e-05,3.79546e-05,4.15857e-05,3.95854e-05,3.82701e-05,0.000211016,0,0.00016039,0.000219437,0,0.000147925,0.510976,-0.000495414,-0.000169142,0.00018689,0.000508605,1786708500,-0.000232084,0.000194965,0,1,0.000234637,0,0.000182937,1,-0.00022431,0.000184934,0,1,-0.000247714,0.000227321,0,1
1786708560,-0.000143744,-5.32347e-06,0,-0.000143744,0.000312933,0.51206,4.19686e-05,4.44825e-05,0.0453279,-0.000436913,-0.000352,-0.000166276,-6.12834e-05,8.23233e-06,6.81069e-05,0.000151227,0.000303645,0.000467056,5.11753e-05,4.59951e-05,4.6295e-05,4.1109e-05,5.11525e-05,4.7737e-05,3.74745e-05,3.92762e-05,0.000192165,0,0.000128228,0.00019372,0,0.000130713,0.505666,-0.000456246,-0.000156561,0.000154436,0.000454352,1786708500,-0.00023425,0.000190956,0,1,0.000248257,0,0.000190558,1,0.00024981,0,0.000181591,1,0.000220249,0,0.000173349,1
1786708620,-0.000719028,5.3242e-06,5.3242e-06,-0.000719028,0.000310454,0.511639,0.000277016,0.000278434,0.0500148,-0.000413906,-0.000329047,-0.000158517,-5.53634e-05,7.12887e-06,6.1455e-05,0.000137587,0.000280343,0.000423262,0.000243995,0.000265846,0.000265361,0.0002987,0.000267071,0.000263661,0.000277865,0.000285512,0.000179685,0,0.000121699,-0.000181759,0.000116295,0,0.499565,-0.000421571,-0.000147971,0.000142153,0.00041987,1786708500,-0.000209546,0.000167901,0,0,-0.000237081,0.000201285,0,1,0.00023894,0,0.00019569,1,0.000225206,0,0.000181925,1
1786708680,-0.000383693,-3.19688e-05,-3.19688e-05,-0.000383693,0.00032372,0.517341,0.000108919,0.000110642,0.0448876,-0.000543123,-0.000408089,-0.000193724,-6.63839e-05,1.36549e-05,8.82325e-05,0.000194812,0.00037036,0.000516871,0.000109251,0.00010809,0.000108475,0.000113461,0.000110167,0.000108927,0.000106944,0.000116418,0.000233341,0,0.000256276,0.000257685,0,0.000263197,0.507603,-0.000581459,-0.000200309,0.000218493,0.000574649,1786708500,0.000187888,0,0.000139176,0,0.000223601,0,0.000161387,0,0.000244009,0,0.000185084,0,0.000215376,0,0.000178968,1
1786708740,0.000154561,-4.7972e-05,0.000154561,-0.000218558,0.000325027,0.522695,4.74736e-05,4.55307e-05,0.0533971,-0.000501751,-0.000385078,-0.000180323,-6.00411e-05,1.72453e-05,8.63596e-05,0.000181869,0.000356818,0.000490638,5.28307e-05,4.96346e-05,5.29501e-05,4.50227e-05,5.019e-05,5.44448e-05,4.51782e-05,4.4444e-05,0.000217653,0,0.000177452,0.000233452,0,0.000195385,0.510906,-0.000533537,-0.000179451,0.000203375,0.000519035,1786708500,-0.00027897,0.000222452,0,1,-0.000197502,0.000162244,0,0,-0.000223293,0.000181408,0,0,0.000220607,0,0.00018636,1
1786708800,-3.19761e-05,-5.32928e-06,0.000229132,-0.000218524,0.000322502,0.518447,3.69793e-05,3.86635e-05,0.0465558,-0.000578697,-0.000446495,-0.000211414,-7.6068e-05,1.6915e-05,0.000100084,0.000225949,0.0004174,0.000568006,3.70371e-05,3.25441e-05,3.57984e-05,4.20704e-05,3.6082e-05,3.78485e-05,4.11029e-05,3.24059e-05,0.000265057,8.06151e-05,0.000320582,0.000293841,0.00012141,0.000356125,0.510752,-0.00063068,-0.000219833,0.000252488,0.000632984,1786708800,0.000248791,0,0.000196762,1,0.000270769,0,0.000224123,1,-0.00020304,0.000169204,0,0,-0.000213758,0.000189351,0,0
1786708860,-0.000938421,-5.32945e-06,0,-0.000943756,0.000319293,0.512607,0.00036596,0.000366236,0.0481697,-0.000539602,-0.000415109,-0.000198405,-6.78658e-05,9.60604e-06,8.58715e-05,0.000187652,0.000371954,0.000514284,0.000353216,0.000371062,0.000362818,0.00036841,0.000370808,0.000363998,0.000365658,0.000366905,0.000232736,0,0.000233312,0.000253885,0,0.000272362,0.503874,-0.000580546,-0.000201072,0.00021302,0.000582665,1786708800,-0.000385813,0.000276735,0,0,-0.000259821,0.000200147,0,1,-0.000290143,0.000221814,0,0,-0.000190448,0.000160635,0,0
1786708920,0.000261354,0,0.000325348,0,0.000342815,0.526097,7.14038e-05,6.98269e-05,0.130739,-0.000655958,-0.000482521,-0.000225892,-7.23328e-05,2.50588e-05,0.000118221,0.000249076,0.000468115,0.000641187,7.65893e-05,7.65952e-05,7.71671e-05,7.57356e-05,7.70554e-05,7.92956e-05,7.20628e-05,6.41821e-05,0.000289496,0,0.000349664,0.00030873,0,0.000375917,0.505246,-0.000680148,-0.000234053,0.000262457,0.00066744,1786708800,-0.000288025,0.000246401,0,1,-0.00034081,0.000268497,0,1,0.000265058,0,0.000216151,1,-0.000271557,0.000229401,0,1
1786708980,0.000197303,0,0.000197303,-0.000320034,0.000341376,0.52007,5.7671e-05,5.54673e-05,0.0947065,-0.00058621,-0.000442416,-0.00019763,-6.93138e-05,1.70615e-05,0.000101309,0.000215041,0.000403774,0.000554871,5.99558e-05,5.8761e-05,6.40403e-05,5.74414e-05,5.96745e-05,6.42728e-05,5.55605e-05,5.50596e-05,0.000251422,0,0.000214527,0.000268821,0,0.000217107,0.506963,-0.00059992,-0.000206451,0.000232474,0.000594064,1786708800,-0.00032953,0.000244384,0,1,-0.000278105,0.000234962,0,1,0.000303167,0,0.000238408,1,-0.000230038,0.000196326,0,1
1786709040,-0.000175971,1.59959e-05,1.59959e-05,-0.000351974,0.000339095,0.521064,5.6637e-05,5.89994e-05,0.0725523,-0.000597703,-0.000459321,-0.000207989,-6.92288e-05,1.81113e-05,0.000106739,0.000223551,0.000438823,0.000584784,5.64172e-05,5.40372e-05,5.839e-05,5.53949e-05,5.55889e-05,5.77244e-05,5.75262e-05,5.9786e-05,0.000262336,0,0.000264356,0.000289751,0,0.000285854,0.507888,-0.000642695,-0.000221963,0.000247044,0.000648582,1786708800,0.000286265,0,0.000250225,1,0.000305139,0,0.000263471,1,-0.000274986,0.00023538,0,1,0.000274071,0,0.000255219,1
1786709100,0.000202631,5.33292e-06,0.000383898,-0.00028802,0.000336608,0.518411,5.79176e-05,5.5898e-05,0.0652174,-0.000552634,-0.000426714,-0.000195892,-6.8357e-05,1.51213e-05,0.000100261,0.000199978,0.000400654,0.000550406,6.08466e-05,6.01194e-05,6.25284e-05,5.91625e-05,5.93513e-05,6.02173e-05,5.9429e-05,5.29093e-05,0.000238494,0,0.000246769,0.00026401,0,0.00025308,0.500847,-0.000588852,-0.000207522,0.000223773,0.000598274,1786709100,-0.000314908,0.000245117,0,1,-0.000290684,0.000224677,0,1,-0.000343162,0.000242343,0,1,-0.000274475,0.000255478,0,1
1786709160,-0.000149303,0,5.33184e-06,-0.000479982,0.000334455,0.518244,5.20631e-05,5.43597e-05,0.0561029,-0.000591944,-0.000461105,-0.000217275,-7.45538e-05,1.63385e-05,0.000105354,0.000221995,0.000434228,0.000615118,5.19054e-05,4.90991e-05,5.19251e-05,5.41271e-05,5.1002e-05,5.03492e-05,5.10346e-05,5.396e-05,0.000264561,0,0.000308514,0.000294927,1.30493e-06,0.000325648,0.501746,-0.000643654,-0.000228563,0.000247421,0.000662553,1786709100,0.000286314,0,0.000241907,1,0.000321261,0,0.000255462,1,0.000314907,0,0.000235874,1,0.000329581,0,0.0002568,1
1786709220,0.000485154,0,0.000618396,0,0.000331766,0.51817,0.000143005,0.000142529,0.0548251,-0.000555663,-0.000427055,-0.000197057,-6.75268e-05,1.46989e-05,9.69264e-05,0.000206023,0.000411016,0.000557966,0.000144231,0.00014865,0.00014473,0.000143018,0.000143141,0.000147075,0.000139483,0.000142991,0.000243766,1.64702e-06,0.000266072,0.000240511,0,0.000236308,0.507252,-0.000545384,-0.000185602,0.00021183,0.000565962,1786709100,-0.000323323,0.0002625,0,1,-0.000270002,0.000230817,0,1,-0.000279544,0.000255525,0,1,0.000263144,0,0.000241951,1
1786709280,-0.000229219,-5.33008e-06,3.73098e-05,-0.000239882,0.000335522,0.508226,6.4996e-05,6.71172e-05,0.0437548,-0.000592435,-0.000467146,-0.000225216,-8.16943e-05,7.20178e-06,0.000102737,0.00021728,0.000432829,0.000606027,6.5956e-05,6.5261e-05,6.55924e-05,6.60838e-05,6.70731e-05,6.59772e-05,6.2819e-05,6.77531e-05,0.000266453,0,0.000316007,-0.000263335,0.000249642,5.27667e-06,0.497096,-0.000587191,-0.000215479,0.000218102,0.000608394,1786709100,-0.000271951,0.00022848,0,1,-0.000303769,0.000261001,0,1,0.000278651,0,0.000245605,1,0.000275782,0,0.000254208,1
1786709340,-0.00085337,0,5.86424e-05,-0.00085337,0.000333728,0.509516,0.000322883,0.000322927,0.0395388,-0.000535107,-0.000424364,-0.000196906,-7.69848e-05,7.95613e-06,8.94102e-05,0.000188077,0.000371483,0.000528423,0.000310243,0.000321932,0.00031153,0.000330653,0.000325286,0.000314068,0.000315013,0.000337438,0.000232098,0,0.000246183,-0.000230398,0.000181838,0,0.493807,-0.000526292,-0.000190807,0.000187469,0.00053154,1786709100,-0.000291536,0.000236398,0,0,0.000274667,0,0.000224913,1,-0.000320291,0.000263364,0,1,0.000276178,0,0.000230774,1
1786709400,-5.86959e-05,0,0.000208076,-0.000154751,0.000351726,0.523119,4.30207e-05,4.49748e-05,0.0641321,-0.000659529,-0.000500848,-0.000224556,-7.83592e-05,2.31407e-05,0.000122541,0.000255281,0.000477164,0.000655154,3.85401e-05,3.79808e-05,4.5255e-05,4.01899e-05,3.94036e-05,4.70099e-05,4.55498e-05,4.45744e-05,0.000294372,4.80766e-06,0.000355555,0.000299914,0,0.000340991,0.504476,-0.000659415,-0.000230062,0.000261109,0.000666499,1786709400,-0.000247945,0.000207546,0,0,-0.000288238,0.000247526,0,0,0.000257123,0,0.000229915,1,0.00028895,0,0.00024991,1
1786709460,-0.000160097,0,5.33601e-05,-0.000272181,0.00034829,0.524619,5.49084e-05,5.67195e-05,0.0533802,-0.000596195,-0.000462707,-0.000203743,-6.84942e-05,2.19151e-05,0.000108625,0.000227634,0.000435101,0.000591675,5.37149e-05,5.2244e-05,5.65261e-05,5.13657e-05,5.20473e-05,5.52033e-05,5.51451e-05,6.03801e-05,0.000264134,0,0.000256985,0.000279309,0,0.00026392,0.50822,-0.000628361,-0.00021153,0.000247416,0.000632795,1786709400,0.000337279,0,0.000277764,1,0.000258759,0,0.000208995,0,0.000301912,0,0.000230023,0,0.000249115,0,0.000222969,1
1786709520,-0.000950438,0,0,-0.000955781,0.000345532,0.52401,0.000370115,0.000368794,0.0494794,-0.000578226,-0.000441868,-0.00019791,-6.56433e-05,2.03043e-05,0.000103517,0.000222429,0.000415711,0.000564983,0.000358021,0.000365275,0.000349301,0.000374467,0.000363027,0.000364277,0.000366642,0.000390328,0.000257273,0,0.000254676,0.000271353,0,0.000259408,0.511102,-0.000619477,-0.00020705,0.000240413,0.000617529,1786709400,0.000307451,0,0.000264441,0,0.000323165,0,0.000275131,0,-0.000250686,0.00021137,0,0,-0.000254646,0.000245311,0,0
1786709580,0.000453974,-5.34209e-06,0.000608812,-0.000496937,0.000367521,0.525984,0.000124223,0.000123198,0.110725,-0.000726048,-0.000543899,-0.000244973,-7.80109e-05,2.687e-05,0.000134075,0.000266799,0.000502156,0.000689399,0.000131754,0.000130695,0.000131433,0.000134077,0.000144148,0.000132258,0.000119785,0.000111568,0.000312106,8.41613e-06,0.000374433,0.000330474,0,0.000390466,0.506934,-0.000728159,-0.000249199,0.000287916,0.000716617,1786709400,-0.000294577,0.000227909,0,1,-0.000322056,0.000243229,0,1,0.000353261,0,0.000284038,1,0.000239488,0,0.00020277,0
1786709640,0.000411069,0,0.000411069,0,0.000369448,0.517943,0.000115546,0.000113932,0.0994746,-0.000770614,-0.000598848,-0.000277924,-9.30966e-05,2.00342e-05,0.000130468,0.000280859,0.00053691,0.000756677,0.000118317,0.000118639,0.000119311,0.000118615,0.0001256,0.000119765,0.000111363,0.000111286,0.000335907,1.43905e-05,0.000403499,0.000364869,1.60337e-05,0.00040715,0.505126,-0.000773406,-0.000270296,0.000310636,0.000787502,1786709400,-0.000361184,0.000265145,0,1,0.000315711,0,0.00024299,1,0.000328957,0,0.00026272,1,0.000322165,0,0.000265927,1
1786709700,0.00108825,3.73615e-05,0.00108825,3.73615e-05,0.000370326,0.511034,0.000422437,0.000422191,0.090874,-0.000688354,-0.000556752,-0.000257734,-9.11887e-05,1.11255e-05,0.000114293,0.000247066,0.000457875,0.000649352,0.000430671,0.000427089,0.000403563,0.000422248,0.00043368,0.000388844,0.000409149,0.000453205,0.000303631,1.1063e-05,0.000347229,0.000323183,2.65803e-06,0.000333717,0.500609,-0.000704424,-0.000264913,0.000264546,0.000699467,1786709700,-0.000387471,0.000298858,0,0,0.000339487,0,0.000292649,0,0.000287067,0,0.000241992,1,0.000276117,0,0.000254143,1
1786709760,-0.000213289,5.33164e-06,5.33164e-06,-0.000522639,0.000397598,0.495746,7.12035e-05,7.38012e-05,0.282198,-0.000850508,-0.000677998,-0.000329898,-0.00013152,-5.9729e-06,0.000133471,0.000309168,0.000596041,0.000861825,6.27091e-05,6.59656e-05,7.55826e-05,6.62663e-05,7.36337e-05,9.43407e-05,7.07245e-05,6.72198e-05,-0.000385708,0.000394074,4.53817e-05,-0.000384664,0.000396636,2.98362e-05,0.48677,-0.000812359,-0.000316181,0.000301226,0.00084839,1786709700,-0.000368277,0.000293828,0,1,-0.000363425,0.000294187,0,1,-0.000368247,0.000260985,0,0,0.000263706,0,0.000225343,1
1786709820,-0.000426714,0,0,-0.000501408,0.000394756,0.503117,0.000121538,0.000123165,0.220311,-0.000763959,-0.00059408,-0.000279246,-0.000107747,3.15435e-06,0.00012744,0.0002766,0.000560454,0.000808512,0.000120888,0.00012046,0.000121216,0.000120616,0.000117356,0.000125915,0.000119134,0.000124783,0.000333899,0,0.000321063,-0.000349857,0.000354937,0,0.494362,-0.000758751,-0.000276714,0.000288447,0.000797735,1786709700,-0.000412803,0.000329497,0,1,0.000374035,0,0.000259881,1,-0.000381017,0.000299421,0,1,0.000347568,0,0.000285206,1
1786709880,-0.000293472,-5.86875e-05,6.40188e-05,-0.000357514,0.000395421,0.510163,8.60137e-05,8.70198e-05,0.183795,-0.000728835,-0.00056065,-0.00026264,-9.8402e-05,1.09526e-05,0.00012532,0.000271098,0.000526668,0.000739352,8.38627e-05,8.34487e-05,8.62409e-05,8.34301e-05,8.09945e-05,9.63031e-05,8.71127e-05,8.95753e-05,0.000321983,0,0.000301433,-0.000326139,0.000293845,0,0.495196,-0.000702526,-0.00025475,0.000278176,0.000736181,1786709700,-0.000383274,0.000316988,0,1,-0.000374656,0.000321797,0,1,0.000287285,0,0.000275776,1,0.000315158,0,0.000307752,1
1786709940,-0.000394989,-5.33665e-06,0.000112063,-0.000400328,0.000393641,0.508467,0.000113773,0.000114153,0.136,-0.000712052,-0.000547398,-0.000255202,-9.72399e-05,8.84897e-06,0.000118686,0.000247998,0.000502332,0.000703577,0.000111903,0.000111597,0.000112227,0.000111416,0.000102145,0.000115901,0.00011659,0.000115186,0.000302931,0,0.000286991,-0.000328088,0.000275884,0,0.499021,-0.00071575,-0.000252525,0.000281582,0.000728887,1786709700,0.00034434,0,0.000270056,1,-0.00035409,0.000311847,0,1,0.00038216,0,0.000310015,1,-0.000312113,0.000252366,0,1
1786710000,0.000629773,0,0.000672456,0,0.000393668,0.509678,0.00018981,0.000190444,0.104626,-0.000708987,-0.000546608,-0.000260513,-0.000101462,1.07024e-05,0.000119025,0.000254544,0.000503413,0.000694282,0.000201083,0.000195054,0.000185631,0.000204875,0.000201807,0.000182489,0.00018322,0.000191731,0.000309823,0,0.000314701,-0.000332336,0.000277301,0,0.497555,-0.000725795,-0.000258662,0.000282112,0.000726281,1786710000,0.000339636,0,0.000291711,1,-0.000338114,0.000282795,0,1,-0.000340447,0.000303246,0,1,-0.00033691,0.000311967,0,1
1786710060,-0.000485638,5.33537e-06,1.06707e-05,-0.00060308,0.000399759,0.501534,0.000137589,0.000137869,0.0760126,-0.000743851,-0.000577583,-0.000276425,-0.000104874,1.21613e-06,0.000121022,0.000263056,0.000513544,0.000717638,0.000141618,0.00013678,0.000137378,0.00014037,0.000129168,0.000141129,0.000137862,0.000138438,0.000325189,0,0.00033107,-0.000333873,0.000302502,0,0.496121,-0.000728163,-0.000267472,0.00027801,0.000735444,1786710000,0.000339776,0,0.000294658,1,0.000364179,0,0.000296666,1,0.000358918,0,0.000278243,1,0.000359433,0,0.000282647,1
1786710120,0.000112091,1.60138e-05,0.000282873,-9.60881e-05,0.000401656,0.50693,5.0047e-05,5.01985e-05,0.064447,-0.00071843,-0.000559527,-0.000274068,-9.94131e-05,7.25784e-06,0.000120645,0.00025802,0.000509962,0.00070909,4.60234e-05,5.00705e-05,5.57385e-05,4.6347e-05,6.29163e-05,5.86577e-05,4.88961e-05,4.6041e-05,0.000320998,0,0.000325797,-0.000321767,0.000286783,0,0.496452,-0.000713598,-0.000257774,0.000270678,0.000713431,1786710000,-0.000354433,0.000271364,0,1,0.000358756,0,0.000297309,1,0.000349909,0,0.000286821,1,0.000313954,0,0.00026178,1
1786710180,0.000698952,5.33736e-06,0.000698952,-0.000112091,0.000397935,0.509606,0.000225775,0.000225814,0.0557144,-0.000641368,-0.00050199,-0.000249548,-8.90936e-05,9.29876e-06,0.000114459,0.000234882,0.000469245,0.000654146,0.000235448,0.000222559,0.000214349,0.000240909,0.000224071,0.000217092,0.000224382,0.000234746,0.000292305,0,0.000253915,-0.000308085,0.000274446,0,0.498949,-0.000678124,-0.00024042,0.000264817,0.000698481,1786710000,0.000350849,0,0.000302539,1,-0.000342964,0.00027629,0,1,0.000346425,0,0.000294522,1,0.000298293,0,0.000270864,1
1786710240,0.000426601,-5.33366e-06,0.000426601,-9.06761e-05,0.000406148,0.5012,0.000123946,0.000122083,0.0400475,-0.000750335,-0.000588362,-0.000293839,-0.000107184,1.11143e-06,0.000114905,0.000271147,0.000542185,0.000763908,0.000122651,0.000123424,0.000123761,0.00012214,0.000126265,0.000124255,0.000124597,0.000124513,0.000341502,0,0.000341989,-0.00035614,0.00034348,0,0.496644,-0.000765706,-0.000285054,0.000295027,0.00078412,1786710000,0.000335901,0,0.000288641,0,0.000336452,0,0.000302508,1,0.000348527,0,0.000291279,1,0.000299881,0,0.000278845,1
1786710300,-0.000101301,4.79812e-05,0.000143937,-0.000111965,0.000406567,0.494336,4.75632e-05,5.03639e-05,0.0404659,-0.000725143,-0.00056786,-0.000293482,-0.000113701,-6.47206e-06,0.000108385,0.000255318,0.000503283,0.000729105,4.43594e-05,4.7727e-05,5.27912e-05,4.39113e-05,5.54951e-05,5.39294e-05,4.67886e-05,4.70349e-05,-0.00033293,0.000274438,0,-0.000340861,0.000329175,0,0.493709,-0.00073723,-0.000275804,0.000277735,0.000767013,1786710300,-0.000380712,0.000303886,0,1,-0.000316549,0.000256918,1.32691e-06,1,0.000317584,0,0.000314742,1,-0.000300723,0.000268694,7.04237e-06,1
1786710360,0.000175938,-5.33193e-06,0.000255899,-8.53142e-05,0.000402736,0.495465,5.92408e-05,5.78446e-05,0.042165,-0.000618609,-0.000493815,-0.000252827,-9.31945e-05,-4.65297e-06,9.49327e-05,0.000218119,0.000441424,0.000637195,5.68089e-05,6.05594e-05,6.37581e-05,5.3968e-05,6.67673e-05,5.96195e-05,6.15067e-05,5.83082e-05,-0.00028603,0.000201128,0,-0.000289787,0.000226509,0,0.486907,-0.000640141,-0.000239728,0.00023144,0.000659629,1786710300,-0.000358715,0.000276621,0,1,0.000373154,0,0.000322294,1,0.000346871,0,0.000291796,1,0.000324626,0,0.000313401,1
1786710420,-0.000469236,0,0,-0.000629253,0.000399464,0.502665,0.000132473,0.000132547,0.0508341,-0.000608354,-0.000480249,-0.000244615,-8.80182e-05,2.04479e-06,0.00010277,0.000231982,0.000454082,0.000642633,0.000135125,0.000132303,0.000132675,0.000136259,0.000131667,0.000135217,0.000134163,0.000136278,0.000287269,0,0.000198381,-0.000299876,0.000262496,0,0.496249,-0.000652172,-0.000236522,0.000251723,0.000681421,1786710300,0.000299166,0,0.000238301,1,0.000345224,0,0.000279538,1,0.000343549,0,0.000302983,1,0.000310792,0,0.000292246,1
1786710480,0.000346616,0,0.000346616,0,0.000400978,0.503025,0.000100457,9.8359e-05,0.0380651,-0.000660867,-0.00050529,-0.000254299,-9.2289e-05,2.59597e-06,0.000106144,0.000242085,0.000478558,0.000666432,0.000100652,0.000101014,0.000100886,9.97036e-05,0.000103135,9.87439e-05,0.000100462,0.000100566,0.0002992,0,0.00026971,-0.000324348,0.000297452,0,0.499059,-0.000708179,-0.000250658,0.000277587,0.000725779,1786710300,0.000317295,0,0.000272689,1,-0.000291225,0.000240788,0,1,0.00033374,0,0.000279018,1,-0.000306842,0.000282131,1.1768e-05,1
1786710540,0.000463744,0,0.000511705,-5.33164e-06,0.000399963,0.505386,0.000134629,0.000133194,0.041147,-0.000592349,-0.000469202,-0.000232903,-7.73427e-05,3.93935e-06,0.000102519,0.000225445,0.000431323,0.000613906,0.000135226,0.000133458,0.000133224,0.000144091,0.000132996,0.000131124,0.00013558,0.000138153,0.000298601,0,0.00017019,0.000291051,0,0.000184558,0.500093,-0.000637345,-0.000227618,0.000246431,0.000649018,1786710300,0.000333398,0,0.000278738,1,0.000315031,0,0.000271132,1,0.000305611,0,0.000265774,1,0.000316909,0,0.000273975,1
1786710600,-6.39519e-05,0,0.000298388,-0.000559718,0.000401338,0.495679,4.31998e-05,4.61207e-05,0.0424308,-0.00066761,-0.000537601,-0.000282124,-0.000109245,-4.6637e-06,0.000103538,0.000247084,0.000474313,0.000669089,3.92444e-05,4.39276e-05,4.59254e-05,4.28091e-05,5.0921e-05,4.22441e-05,4.44071e-05,4.00792e-05,-0.000347079,0.000259192,0,-0.000333864,0.000333249,0,0.49404,-0.000721816,-0.000276728,0.000268319,0.000726417,1786710600,-0.000301067,0.000235053,0,1,0.000336156,0,0.00027123,1,0.000318738,0,0.000263022,1,0.000288329,0,0.000255989,1
1786710660,0.000596725,-6.92858e-05,0.000639335,-0.000399792,0.000397408,0.497586,0.000183693,0.00018152,0.0503635,-0.000661699,-0.000526733,-0.000273192,-0.000101325,-2.86949e-06,0.000106242,0.000244659,0.000487219,0.000697234,0.000186742,0.000182228,0.000181089,0.000174156,0.000172065,0.00018615,0.000186998,0.000187955,-0.000339767,0.000260952,0,-0.000333143,0.000342439,0,0.495534,-0.000724237,-0.000263891,0.000277097,0.000757605,1786710600,-0.000353535,0.000294938,0,1,0.000299015,0,0.00024681,1,0.000318029,0,0.000281294,1,0.000288798,0,0.000268589,1
1786710720,-0.000410211,2.1305e-05,7.98916e-05,-0.000687331,0.000402363,0.48925,0.000110995,0.000113079,0.04371,-0.00073067,-0.000585086,-0.000305185,-0.000116848,-1.31142e-05,0.000110487,0.00026977,0.000538885,0.000743358,0.000116002,0.000116004,0.000116326,0.000116677,0.000120281,0.000116277,0.00010567,0.000102965,-0.000377786,0.000297555,0,-0.00034947,0.000347562,0,0.494055,-0.000744043,-0.000279906,0.000286738,0.000777125,1786710600,-0.00035718,0.000307646,0,1,0.000350098,0,0.000258975,1,0.00031286,0,0.00024289,1,0.000296555,0,0.000276004,1
1786710780,-0.000218492,-5.32864e-05,-5.32864e-05,-0.000485011,0.000402521,0.499117,6.56498e-05,6.85525e-05,0.0362841,-0.000693523,-0.000536356,-0.000279589,-0.000105521,-1.11008e-06,0.000108107,0.000256599,0.000515617,0.000718758,6.37868e-05,6.65689e-05,6.78109e-05,7.2913e-05,7.17613e-05,6.52238e-05,6.36466e-05,6.1677e-05,-0.000351453,0.000290731,0,-0.000331982,0.000311101,0,0.49646,-0.00072114,-0.000262755,0.000276392,0.000740887,1786710600,-0.000367842,0.000312111,0,1,0.000325343,0,0.0003135,1,-0.000284616,0.000253589,0,1,0.000272214,0,0.000258758,1
1786710840,-0.000298506,-7.99482e-05,-6.92881e-05,-0.000346488,0.000399672,0.503206,8.50805e-05,8.62218e-05,0.0389901,-0.000634142,-0.000484259,-0.000246541,-8.82114e-05,2.44624e-06,0.000108886,0.000248209,0.000485325,0.000641382,8.46218e-05,8.48229e-05,8.50794e-05,8.51442e-05,8.46098e-05,8.51935e-05,8.57119e-05,8.45404e-05,0.00032187,0,0.000255451,0.000303285,0,0.000215451,0.502697,-0.000657628,-0.000229268,0.000264552,0.000680874,1786710600,-0.000344011,0.000293342,0,1,-0.000334504,0.000299078,0,1,-0.000326313,0.000291737,0,1,-0.000294793,0.000249922,1.2626e-05,1
1786710900,-0.000245268,-5.33127e-06,-5.33127e-06,-0.000282597,0.000397901,0.507792,7.07242e-05,7.12326e-05,0.0422973,-0.000611177,-0.000478332,-0.00024228,-8.41294e-05,6.91489e-06,0.000108951,0.00023005,0.000465997,0.000611386,6.97042e-05,7.03979e-05,7.03099e-05,7.00275e-05,7.32185e-05,7.03183e-05,7.04217e-05,7.30006e-05,0.000308584,0,0.000240191,-0.000276457,0.000198618,0,0.49826,-0.000611359,-0.000215862,0.00023232,0.000599639,1786710900,0.000312238,0,0.000263386,1,0.000335499,0,0.000285411,1,0.00033882,0,0.000296028,1,0.000317513,0,0.00030107,1
1786710960,6.93209e-05,0,0.000234605,0,0.000395426,0.507653,3.84125e-05,4.05346e-05,0.0503266,-0.000586849,-0.000459669,-0.000231983,-8.0227e-05,6.43848e-06,0.000102765,0.000219346,0.000431856,0.000576924,3.92059e-05,4.29947e-05,4.1951e-05,3.88461e-05,4.89779e-05,3.96854e-05,3.59985e-05,3.43321e-05,0.000294734,0,0.000219724,-0.000274651,0.000194196,0,0.496892,-0.000602708,-0.000216258,0.000229632,0.000587481,1786710900,0.000270091,0,0.000231035,1,0.000297387,0,0.000284973,1,0.000312598,0,0.00029766,1,-0.000299463,0.000288006,1.03905e-05,1
1786711020,-6.93209e-05,0,0,-0.000277313,0.000391574,0.504003,3.70989e-05,3.95397e-05,0.062503,-0.000568458,-0.000445582,-0.000229029,-8.21673e-05,3.19212e-06,9.50081e-05,0.000202235,0.00040346,0.00055176,3.9204e-05,4.24022e-05,4.01716e-05,3.69708e-05,4.64237e-05,3.69981e-05,3.38244e-05,3.47443e-05,0.000283041,0,0.000193954,-0.000259391,0.000187654,0,0.495299,-0.000584991,-0.000209112,0.00020976,0.000568979,1786710900,0.00026476,0,0.000229667,1,0.000282926,0,0.000250309,1,0.000304442,0,0.0002694,1,0.000304872,0,0.000288048,1
1786711080,-0.000682801,0,0,-0.000682801,0.000387763,0.515607,0.000243824,0.000242226,0.0859588,-0.000521481,-0.000409492,-0.000199549,-6.15882e-05,1.11026e-05,9.35366e-05,0.000199142,0.000387084,0.000530644,0.000223513,0.000218059,0.000227493,0.000240609,0.00020862,0.00024375,0.000252828,0.000268042,0.00025919,0,0.000156591,0.00025228,0,0.000172808,0.501906,-0.000557178,-0.000191582,0.000214869,0.000556986,1786710900,0.000270671,0,0.000240855,1,0.000273167,0,0.000256753,1,0.000268997,0,0.000250519,1,0.000280779,0,0.000270991,1
1786711140,0.000458809,-5.33622e-06,0.000517478,-0.00012274,0.000395825,0.518849,0.000128005,0.000127662,0.0473306,-0.000599206,-0.000456582,-0.000228873,-7.261e-05,1.64977e-05,0.000110726,0.000240665,0.000436558,0.000586598,0.000133642,0.000132073,0.000131683,0.000139167,0.000135657,0.000129701,0.000133484,0.00011081,0.000307295,0,0.000262249,-0.000303022,0.000245446,0,0.493887,-0.000655632,-0.000241508,0.00025124,0.00063421,1786710900,0.000256549,0,0.000235678,1,0.000270625,0,0.000266219,1,0.000266809,0,0.000249018,1,0.00024647,0,0.000254677,1
1786711200,-0.00041612,-5.86731e-05,-5.3339e-05,-0.00041612,0.000397182,0.505557,0.000118689,0.000118689,0.0356111,-0.000619793,-0.000477454,-0.000243253,-8.07174e-05,4.35745e-06,0.000105518,0.000238957,0.000449445,0.000619309,0.00011722,0.000117406,0.00011767,0.000117424,0.000113808,0.000117895,0.000119524,0.000124085,0.000313795,0,0.000263167,-0.000314613,0.000268744,0,0.499096,-0.000673613,-0.00024902,0.000263641,0.000666342,1786711200,0.000296248,0,0.000274956,1,0.000248365,0,0.000246979,1,0.000279592,0,0.000268577,1,0.000239741,0,0.00025113,1
1786711260,-8.53793e-05,-4.26888e-05,-4.26888e-05,-0.000410955,0.00039757,0.511832,4.10609e-05,4.27528e-05,0.0379207,-0.000586023,-0.000459463,-0.000233368,-7.62877e-05,1.00246e-05,0.000100869,0.000211547,0.000419035,0.00057478,4.14012e-05,4.39887e-05,4.41783e-05,3.6761e-05,4.85127e-05,4.32693e-05,4.20376e-05,3.79931e-05,0.000291156,0,0.000233144,-0.000289004,0.000210633,0,0.494927,-0.000637436,-0.000235596,0.000234867,0.000606875,1786711200,0.000320518,0,0.000315728,1,0.00028353,0,0.000284086,1,0.000237193,0,0.00024842,1,-0.000264084,0.00024009,2.38103e-05,1
1786711320,-0.000197468,-1.60094e-05,4.80268e-05,-0.000197468,0.000393759,0.512852,6.03011e-05,6.15742e-05,0.0456405,-0.000572192,-0.000437559,-0.000220603,-7.27888e-05,1.05022e-05,0.000108302,0.000218305,0.00042293,0.000573655,6.00655e-05,6.1759e-05,6.10248e-05,5.93062e-05,6.19812e-05,5.96897e-05,6.54444e-05,6.24311e-05,0.000285531,0,0.000203078,0.000297283,0,0.000225388,0.507733,-0.000642408,-0.000221611,0.000262341,0.000646897,1786711200,0.000276698,0,0.00025863,1,0.000307568,0,0.000317548,1,0.000297547,0,0.000296407,1,0.000241199,0,0.000261604,1
1786711380,1.06749e-05,7.47221e-05,0.000229486,0,0.000390801,0.507165,3.3021e-05,3.53181e-05,0.0558249,-0.000562838,-0.000438215,-0.000220682,-7.9645e-05,5.9658e-06,9.72205e-05,0.000200779,0.000404101,0.000540465,3.60049e-05,3.88318e-05,3.6905e-05,3.10857e-05,4.49024e-05,3.49551e-05,3.01397e-05,3.05516e-05,0.00027629,0,0.0002106,-0.000275265,0.000190108,0,0.494906,-0.00060732,-0.000222113,0.00022425,0.000576022,1786711200,0.00030474,0,0.000281879,1,0.000287948,0,0.000259661,1,0.000311396,0,0.000289804,1,0.00027717,0,0.000291444,1
1786711440,-0.000330976,-1.06749e-05,-1.06749e-05,-0.000389708,0.000386876,0.507271,9.52562e-05,9.42547e-05,0.065483,-0.000547987,-0.000414141,-0.000206034,-7.45613e-05,5.63867e-06,9.25851e-05,0.000189698,0.000378504,0.000523466,9.34848e-05,9.36292e-05,9.36875e-05,9.33355e-05,8.79382e-05,9.47941e-05,9.51961e-05,0.000102849,0.000259127,0,0.00019264,-0.000264866,0.000192831,0,0.493145,-0.000586593,-0.000214558,0.0002135,0.000569516,1786711200,0.000259929,0,0.000240395,1,0.00027966,0,0.000306055,1,0.000265129,0,0.000270337,1,0.000287894,0,0.00031457,1
1786711500,0.00017084,0,0.000459066,-6.40724e-05,0.000385837,0.515295,5.14029e-05,5.18316e-05,0.0636634,-0.000564629,-0.0004371,-0.000223808,-7.38136e-05,1.30502e-05,0.000104121,0.000218162,0.00040089,0.000543486,5.6238e-05,5.72908e-05,5.51574e-05,5.52803e-05,6.38407e-05,5.43268e-05,4.62376e-05,4.51759e-05,0.000287642,0,0.000258595,-0.000280089,0.000241804,1.77535e-05,0.495131,-0.000602324,-0.00023039,0.000228811,0.000569921,1786711500,0.000251398,0,0.000239597,1,0.000271671,0,0.000264894,1,0.000288681,0,0.000281162,1,0.000272418,0,0.000261259,1
1786711560,-0.000437835,0,0,-0.00047522,0.000382723,0.505714,0.000126757,0.000123644,0.0673485,-0.000575982,-0.000437094,-0.000223806,-8.30457e-05,4.88042e-06,9.65626e-05,0.000211382,0.000406359,0.000561897,0.000122991,0.000123293,0.000124678,0.000123279,0.000117459,0.000126989,0.000127192,0.000138939,0.000284176,0,0.000260648,-0.000272105,0.000232722,0,0.494293,-0.000596449,-0.000220334,0.000222559,0.000584629,1786711500,0.000277694,0,0.000249911,1,-0.000263929,0.000216101,0,1,0.000266503,0,0.000260454,1,0.000298306,0,0.000280882,1
1786711620,0.000144186,-4.27259e-05,0.000170885,-0.000331174,0.000383903,0.512358,4.78042e-05,4.8235e-05,0.0561173,-0.000588074,-0.000448693,-0.000224683,-7.6855e-05,1.06209e-05,0.000101968,0.000217321,0.00041168,0.000552856,5.17924e-05,5.25958e-05,5.0641e-05,4.80015e-05,5.96661e-05,5.14961e-05,4.22312e-05,4.56995e-05,0.000287953,0,0.000251343,-0.000271576,0.000213598,0,0.495923,-0.000593688,-0.000219521,0.000223762,0.000563358,1786711500,0.000271118,0,0.000279265,1,0.000278441,0,0.000259099,1,0.000272981,0,0.000255367,1,0.000260318,0,0.000254506,1
1786711680,0.000437772,-4.80599e-05,0.000437772,-4.80599e-05,0.000380591,0.513587,0.000122274,0.000122861,0.0622328,-0.000579432,-0.000440401,-0.000222144,-7.56365e-05,1.16537e-05,0.000107223,0.000223949,0.000417307,0.000568909,0.00012638,0.000125953,0.000128336,0.000125042,0.000130487,0.000124268,0.000114247,0.000123962,0.000267984,0,0.000245692,0.000284013,0,0.000254015,0.504599,-0.000613892,-0.000217499,0.000245123,0.000609911,1786711500,0.000260845,0,0.000261539,1,0.000267852,0,0.000282039,1,0.000234896,0,0.00027018,1,0.000255164,0,0.000243644,1
1786711740,0.000432246,0,0.000432246,-5.33753e-06,0.000381818,0.507406,0.000125384,0.000125032,0.0468935,-0.000588935,-0.000463297,-0.000234022,-7.99975e-05,6.22694e-06,9.84888e-05,0.000211194,0.000400852,0.000550264,0.000124819,0.000124388,0.000124724,0.000128557,0.00012608,0.000122075,0.000122956,0.000132376,0.000290929,0,0.000242025,-0.000289555,0.000249649,0,0.497307,-0.000629213,-0.000236588,0.000234481,0.000610697,1786711500,0.00028228,0,0.000288061,1,0.000266012,0,0.000260326,0,0.00028447,0,0.000276387,1,0.000247647,0,0.000290092,1
1786711800,0.000197383,1.06704e-05,0.000197383,-4.80181e-05,0.000382892,0.50098,5.95069e-05,5.90602e-05,0.0447666,-0.000605136,-0.000476686,-0.000239709,-8.5105e-05,2.53374e-07,0.000101126,0.000214992,0.000407394,0.000597743,6.05924e-05,6.12261e-05,5.99368e-05,5.76279e-05,6.48806e-05,6.08845e-05,6.2292e-05,5.65021e-05,0.000297306,0,0.000259254,-0.000297948,0.000265705,0,0.490721,-0.000639897,-0.000245775,0.000233718,0.000635566,1786711800,-0.00028543,0.000219175,1.40692e-05,1,0.000271077,0,0.00027958,0,0.000260175,0,0.000268613,0,0.000247842,2.59107e-06,0.000280153,1
1786711860,-0.000907218,-5.33417e-06,-5.33417e-06,-0.000907218,0.00038007,0.504672,0.00034814,0.000345999,0.0529782,-0.00055562,-0.000429383,-0.000220339,-7.59405e-05,3.23246e-06,0.000100125,0.000197428,0.000387476,0.000536747,0.000334807,0.000334755,0.000341449,0.000361244,0.000327257,0.000341085,0.000352099,0.00035643,0.000273582,0,0.000188372,-0.000269503,0.00022613,0,0.492705,-0.000580723,-0.000219899,0.000213662,0.000580647,1786711800,-0.000279284,0.0002033,1.09905e-05,1,0.000286817,0,0.000257565,1,0.000282595,0,0.000265191,1,0.00024127,0,0.000257252,1
1786711920,-0.00030971,5.33899e-06,5.33899e-06,-0.00030971,0.000397524,0.511097,9.10834e-05,9.04252e-05,0.0312757,-0.000685464,-0.000504891,-0.000254797,-8.91924e-05,1.09345e-05,0.000120519,0.000256962,0.000479524,0.000670714,8.74653e-05,8.78677e-05,8.83083e-05,8.77406e-05,8.12878e-05,9.03736e-05,9.3179e-05,9.71494e-05,0.000333057,0,0.000355235,-0.000341809,0.000317086,4.67661e-05,0.493353,-0.000722297,-0.000267847,0.000279179,0.000709001,1786711800,-0.000263555,0.000211714,0,0,0.000274414,0,0.000241839,1,0.000279328,0,0.000258355,1,0.000251849,0,0.000261688,1
1786711980,0.000112147,5.34064e-06,0.000149527,-0.0002457,0.000395958,0.519785,4.19469e-05,4.21725e-05,0.0321168,-0.000594146,-0.000437775,-0.000221842,-7.00675e-05,1.68919e-05,0.000114811,0.00022759,0.000433841,0.000574923,4.63196e-05,4.84897e-05,5.04252e-05,3.88061e-05,5.55206e-05,5.0308e-05,3.52369e-05,3.79617e-05,0.000293304,0,0.000200668,-0.000297036,0.000213972,0,0.494791,-0.000634305,-0.000231721,0.000248452,0.000607396,1786711800,-0.000324312,0.000264487,0,1,0.000256212,0,0.000236698,0,-0.000285699,0.000231906,0,1,0.00025228,0,0.000261283,1
1786712040,0.000565886,-4.80616e-05,0.000597907,-4.80616e-05,0.0003923,0.521501,0.000168661,0.00016819,0.0353064,-0.000623453,-0.000455583,-0.000226689,-7.59691e-05,2.03785e-05,0.000112809,0.00023857,0.000448157,0.000589304,0.000175712,0.000172248,0.000170399,0.000182999,0.000173314,0.000171635,0.000162353,0.00016532,0.000304664,0,0.000229292,0.000314426,0,0.000270637,0.506193,-0.000683526,-0.000237178,0.000270136,0.000666488,1786711800,0.000266411,0,0.000249846,1,0.000320621,0,0.000288469,1,0.000266406,0,0.000240278,1,0.000255699,0,0.000228454,1
1786712100,0.000122744,0,0.000256145,-0.000122759,0.000396517,0.503205,4.88552e-05,4.83926e-05,0.0326576,-0.000645026,-0.000499639,-0.000255704,-8.82551e-05,2.74246e-06,9.83184e-05,0.000223324,0.000446928,0.00059624,4.81105e-05,5.02371e-05,5.19684e-05,4.5351e-05,5.54304e-05,5.08058e-05,4.79083e-05,4.78315e-05,0.000314391,0,0.000280277,-0.000324825,0.000287272,0,0.491838,-0.000697332,-0.000268285,0.000257556,0.000678941,1786712100,0.000312346,0,0.000318742,1,-0.000287604,0.00022905,0,1,-0.000338904,0.00026493,0,1,0.000258349,0,0.000230827,1
1786712160,-0.000427001,0,2.66815e-05,-0.000480389,0.000392915,0.50865,0.000120582,0.000120377,0.0374594,-0.000626035,-0.000481673,-0.000245577,-8.78177e-05,8.16706e-06,0.000103638,0.000216323,0.000437307,0.0005989,0.000120171,0.000120448,0.000120785,0.000120303,0.000116577,0.000121152,0.000118298,0.000128486,0.00030341,0,0.000268489,-0.000314528,0.000280759,0,0.489702,-0.000686188,-0.000256387,0.000247922,0.000679911,1786712100,0.000336517,0,0.000342063,1,0.000328336,0,0.000299467,1,0.000300463,0,0.000262342,1,0.000308164,0,0.000274182,1
1786712220,-0.000528667,0,3.20314e-05,-0.000619476,0.000393626,0.506813,0.000158323,0.000155178,0.0327613,-0.000634907,-0.000474202,-0.000241238,-8.54618e-05,6.08659e-06,0.00010238,0.000221631,0.000436563,0.000609051,0.000157614,0.00015291,0.00015209,0.000161137,0.00014313,0.00015587,0.00015683,0.000169923,0.000302898,0,0.000292387,-0.000299547,0.00026037,5.21278e-06,0.488239,-0.000649004,-0.000241573,0.000241188,0.000641505,1786712100,-0.000315237,0.000264138,0,1,0.000323734,0,0.000323743,1,0.00029345,0,0.000291983,1,0.000240644,0,0.000246382,1
1786712280,-0.000657218,-5.3415e-06,0,-0.000699979,0.000396777,0.51936,0.000211309,0.00020716,0.0310907,-0.000673362,-0.000492961,-0.000248181,-8.21099e-05,1.93313e-05,0.000124487,0.000265129,0.000502493,0.000671754,0.000209041,0.000202104,0.000200372,0.000210949,0.000188126,0.000206247,0.000211773,0.000237554,0.000336628,0,0.00032205,-0.000318164,0.000286584,1.48377e-05,0.497404,-0.000690281,-0.0002454,0.00026871,0.000677027,1786712100,0.000282096,0,0.000263495,0,-0.000297734,0.000264163,9.94282e-08,0,0.000314521,0,0.000310336,0,0.000274945,0,0.000293358,1
1786712340,0.000171025,-3.20705e-05,0.000486276,-0.000149671,0.000403636,0.524738,5.53528e-05,5.56757e-05,0.0329492,-0.000712562,-0.000529365,-0.000258175,-8.4359e-05,2.71968e-05,0.000135584,0.000271722,0.000515846,0.000662503,5.63119e-05,5.90043e-05,6.17608e-05,5.55939e-05,6.76964e-05,6.04028e-05,5.02103e-05,5.05864e-05,0.000347352,0,0.000326146,0.000331276,0,0.00035702,0.50209,-0.000723479,-0.000252618,0.000284628,0.000693391,1786712100,0.00030484,0,0.000284981,1,0.000278163,0,0.000267633,1,-0.0003075,0.00026121,0,0,-0.000297531,0.000272843,3.86973e-05,1
1786712400,-0.000122921,4.80955e-05,0.000261826,-0.000160335,0.000400311,0.515305,5.76395e-05,5.93297e-05,0.0339519,-0.00077218,-0.000591557,-0.000300314,-0.000104611,1.86151e-05,0.00014436,0.000304747,0.00058374,0.000757933,4.78163e-05,4.98774e-05,5.15614e-05,6.78241e-05,4.91933e-05,4.9137e-05,6.36615e-05,6.14869e-05,0.000363807,0.000137624,0.000482117,-0.000389403,0.000604308,0.000227738,0.492202,-0.000806715,-0.000296645,0.000320526,0.000794878,1786712400,0.00032438,0,0.000302628,1,0.000314357,0,0.00028207,1,-0.000303257,0.000238991,0,1,0.000309908,0,0.000285499,0
1786712460,0.000288574,-1.60343e-05,0.000293917,-0.000368855,0.000396669,0.513849,8.10947e-05,8.1152e-05,0.0400265,-0.000682395,-0.000519768,-0.00026108,-9.32358e-05,1.47329e-05,0.000119663,0.000242882,0.000492649,0.000646644,8.52838e-05,8.47492e-05,8.44216e-05,8.35828e-05,9.09931e-05,8.28702e-05,8.03777e-05,7.30764e-05,0.000304519,0,0.000317264,-0.000310756,0.00026821,4.26386e-05,0.489237,-0.000694375,-0.000251035,0.000252661,0.000667058,1786712400,0.000477514,0,0.000421322,1,0.000342,0,0.000298749,1,-0.000328543,0.000254878,0,1,0.000275066,0,0.000250812,1
1786712520,-0.000620003,5.34318e-06,0.000106858,-0.000620003,0.000394797,0.512803,0.000190791,0.000186365,0.041078,-0.000690844,-0.000536268,-0.000260587,-9.42941e-05,1.36131e-05,0.000123455,0.00026237,0.000516611,0.000679037,0.000192448,0.000188073,0.000188565,0.000185229,0.000174162,0.000198554,0.000185595,0.000206358,0.000314127,9.72175e-06,0.000349323,-0.000327365,0.00035012,1.91916e-05,0.496554,-0.000712293,-0.00025333,0.000276167,0.00071714,1786712400,-0.000306995,0.000257956,0,1,-0.000413925,0.000341675,6.22809e-06,1,0.000339766,0,0.000308992,1,0.000282883,0,0.0002676,1
1786712580,0.000326084,1.0693e-05,0.000432973,1.0693e-05,0.000400544,0.513056,9.08056e-05,9.07566e-05,0.0303558,-0.000709457,-0.000543296,-0.000273564,-0.000102999,1.52265e-05,0.000130204,0.000263344,0.00051951,0.000669985,9.57788e-05,9.51536e-05,9.49236e-05,9.40872e-05,0.000102734,9.29434e-05,8.88747e-05,8.00867e-05,0.000323375,2.39633e-06,0.000383486,-0.000318861,0.00030382,6.48704e-05,0.491622,-0.000703483,-0.000255184,0.000265293,0.000685078,1786712400,-0.000333777,0.000263401,0,1,-0.000313266,0.000261684,0,1,-0.00040152,0.000335165,0,1,0.000296809,0,0.000294334,1
1786712640,0.00010689,-5.34478e-06,0.000395434,-0.000614837,0.000399191,0.509379,4.56269e-05,4.73686e-05,0.0310717,-0.000656514,-0.000508916,-0.000256103,-9.71613e-05,9.8911e-06,0.000122685,0.000248502,0.000485074,0.000630075,4.55317e-05,4.76394e-05,4.85957e-05,4.45889e-05,5.56422e-05,4.61856e-05,4.77717e-05,4.03186e-05,0.000303658,0,0.000308161,-0.000298075,0.000274956,0,0.49324,-0.000651498,-0.000237162,0.000250321,0.000649037,1786712400,0.000330421,0,0.000302163,1,-0.000309855,0.00028086,0,1,-0.000314881,0.000249926,0,1,-0.000338041,0.000348983,3.10402e-05,1
1786712700,-4.80989e-05,-2.67213e-05,0.000325943,-4.80989e-05,0.000395468,0.511573,4.6083e-05,4.92248e-05,0.038078,-0.000707335,-0.000556375,-0.000278358,-0.000106129,1.36831e-05,0.000128359,0.000270405,0.000538849,0.000725143,3.81712e-05,4.12142e-05,4.11098e-05,5.19177e-05,4.44194e-05,3.80154e-05,5.11329e-05,4.82731e-05,0.0003303,2.14863e-06,0.000394591,-0.000341004,0.000384643,9.36344e-05,0.494842,-0.000739433,-0.000266377,0.000284668,0.000748116,1786712700,0.00030695,0,0.000289709,1,0.000326583,0,0.000298863,1,-0.000328182,0.000270438,0,1,0.000295427,0,0.000292873,1
1786712760,-0.000652236,-4.81012e-05,-4.27565e-05,-0.000721761,0.000391552,0.504113,0.000205692,0.000201007,0.0492732,-0.000632223,-0.000503837,-0.000259042,-9.92509e-05,4.09604e-06,0.000112737,0.000227851,0.000466697,0.000622416,0.000206127,0.000202706,0.000205974,0.000199013,0.000187268,0.0002228,0.00019376,0.000232026,0.000295847,0,0.000340437,-0.000289284,0.000258977,3.10588e-05,0.483826,-0.000644625,-0.000240926,0.000231437,0.000647333,1786712700,-0.000359733,0.000303977,1.34543e-05,1,-0.000309028,0.000261156,0,1,-0.000331011,0.000272049,0,1,0.000304993,0,0.000287601,1
1786712820,-0.000256734,0,0.000122995,-0.000406526,0.000398441,0.516082,7.86268e-05,7.82207e-05,0.0303516,-0.000710909,-0.000550221,-0.00027077,-9.22914e-05,1.73815e-05,0.00012956,0.00027406,0.000523357,0.000692698,7.23662e-05,7.32169e-05,7.34993e-05,7.3359e-05,6.88155e-05,7.35806e-05,8.25295e-05,9.31984e-05,0.000327526,2.65756e-05,0.000397184,-0.000321748,0.000309099,4.07032e-05,0.492686,-0.000700844,-0.000251117,0.000271232,0.00069098,1786712700,0.000309565,0,0.000287885,1,0.000357233,0,0.000329566,1,0.000333678,0,0.000277133,1,0.000320189,0,0.000310201,1
1786712880,5.34917e-05,5.3493e-06,0.00024069,-0.000310308,0.000396104,0.518204,4.25584e-05,4.52827e-05,0.0340152,-0.000677767,-0.000526199,-0.000257551,-9.04672e-05,1.97806e-05,0.000130132,0.00026425,0.000518676,0.000672448,3.82583e-05,4.15542e-05,4.17989e-05,4.48591e-05,4.88213e-05,4.01612e-05,4.48681e-05,4.18818e-05,0.000314423,1.32331e-05,0.000342641,-0.000306134,0.000285217,2.88657e-06,0.493949,-0.000665831,-0.000235532,0.000263047,0.000663452,1786712700,-0.00032217,0.000254348,0,1,-0.000309813,0.000265737,4.91011e-07,1,-0.000328774,0.000303775,1.35896e-06,1,0.000283933,0,0.000282059,1
1786712940,-0.000128385,-3.20947e-05,0,-0.000717026,0.000392196,0.519661,5.4625e-05,5.5745e-05,0.0417269,-0.000678035,-0.000525643,-0.000256988,-8.80445e-05,2.11626e-05,0.000124143,0.000263397,0.000517166,0.000668728,4.83801e-05,4.97733e-05,4.91052e-05,5.44754e-05,4.80535e-05,4.72618e-05,5.87192e-05,6.4272e-05,0.000313451,5.6931e-06,0.000337362,-0.00030697,0.000305494,9.14351e-06,0.496885,-0.00067486,-0.000236574,0.000263898,0.000676099,1786712700,0.000308492,0,0.000291122,1,0.000319332,0,0.000286031,1,-0.000332255,0.00027452,0,1,0.000313226,0,0.000319754,1
1786713000,-0.000808133,-5.34972e-06,-5.34972e-06,-0.000808133,0.000388678,0.514413,0.000282832,0.000276635,0.0532339,-0.000669636,-0.000521869,-0.000252616,-8.9452e-05,1.48015e-05,0.000117509,0.000256921,0.000506608,0.000655809,0.000284131,0.000281921,0.000287554,0.000257669,0.000256132,0.000301202,0.000284886,0.000290699,0.000306543,2.51475e-05,0.000343715,-0.000307264,0.000332486,1.98927e-05,0.499681,-0.000671755,-0.000235786,0.000267342,0.000681698,1786713000,0.0003247,0,0.000324483,1,0.000317782,0,0.000301385,1,-0.000337494,0.000255773,0,1,-0.00030584,0.000299421,0,0
1786713060,-6.42505e-05,-2.14164e-05,-2.14164e-05,-0.00146808,0.000401386,0.516903,4.73412e-05,4.98967e-05,0.0303461,-0.000727121,-0.000556427,-0.000275715,-9.72867e-05,1.9463e-05,0.000131199,0.000275395,0.000521084,0.000678683,3.89025e-05,4.28187e-05,4.50854e-05,4.31373e-05,4.49075e-05,4.473e-05,5.36276e-05,5.33497e-05,0.000330696,3.65336e-05,0.00042153,-0.000329957,0.000305682,4.81055e-05,0.49212,-0.000713831,-0.000259866,0.000277531,0.000695537,1786713000,0.00034027,0,0.000334111,1,0.000330524,0,0.000313913,1,0.000327458,0,0.000295049,1,0.000307591,0,0.000275098,1
1786713120,0.000455019,5.35437e-06,0.000604862,-5.35452e-05,0.000397456,0.517931,0.000122801,0.000124263,0.035368,-0.000769849,-0.000591652,-0.000282012,-9.58912e-05,2.0604e-05,0.000140069,0.00030573,0.0005891,0.000780595,0.000133754,0.00013107,0.000130813,0.000132473,0.000141974,0.000129027,0.000112493,0.000105946,0.000356956,5.47128e-05,0.000423353,0.000367551,6.50468e-05,0.000424884,0.501583,-0.000765433,-0.000267334,0.000319487,0.00078488,1786713000,0.000343426,0,0.000321172,1,0.00032169,0,0.000320437,1,0.000313865,0,0.000308643,1,0.000282514,0,0.000284922,1
1786713180,0.000342466,-4.81687e-05,0.000572494,-4.81687e-05,0.000398689,0.506785,9.58444e-05,9.66817e-05,0.0311763,-0.000735721,-0.000586889,-0.00029071,-0.00010602,7.599e-06,0.000122212,0.000279046,0.000539842,0.000716752,0.000100311,9.97575e-05,9.95088e-05,9.99537e-05,0.000108867,9.74459e-05,9.15338e-05,8.79701e-05,0.000343049,3.28608e-05,0.000410932,-0.000328087,0.000307087,5.54291e-06,0.490849,-0.000713804,-0.000265503,0.000268909,0.000711082,1786713000,-0.000389791,0.000312107,1.97286e-05,1,0.000330647,0,0.000315874,1,0.000308748,0,0.000315345,1,0.000292031,0,0.000308804,1
1786713240,-0.000604745,-4.28018e-05,0.000181887,-0.000610099,0.000397642,0.498345,0.000177581,0.00017178,0.0345546,-0.000712987,-0.000577456,-0.000289272,-0.000110788,-2.07489e-06,0.000113588,0.000262096,0.000516719,0.000706053,0.000186425,0.000181729,0.000181344,0.000170554,0.000163698,0.000185818,0.000169887,0.000191447,-0.000333688,0.000355937,6.07159e-05,-0.000325531,0.000315615,1.56417e-05,0.483653,-0.000707606,-0.000270991,0.000257658,0.000717074,1786713000,-0.000346835,0.000272706,5.5267e-06,1,-0.00036314,0.000324811,1.84259e-05,1,-0.00035383,0.00026715,0,1,0.000308861,0,0.000315524,1
1786713300,2.14132e-05,0,0.000572644,-0.000160613,0.000402829,0.508246,4.79417e-05,5.08062e-05,0.0269922,-0.000776982,-0.000617041,-0.000314645,-0.000116091,1.0289e-05,0.00013703,0.000302787,0.000572642,0.000765398,3.65727e-05,4.05745e-05,4.27621e-05,6.43059e-05,4.80158e-05,4.10513e-05,5.46147e-05,4.56703e-05,0.000371542,6.69984e-05,0.000506424,-0.000365125,0.000401808,0.000140135,0.483528,-0.000762743,-0.000296868,0.000289449,0.000763901,1786713300,-0.000350449,0.000283274,0,1,-0.000352719,0.000284484,0,1,0.00036487,0,0.000352485,1,0.000325557,0,0.000303684,1
1786713360,-0.00140889,1.07064e-05,0.000128469,-0.00140889,0.000398792,0.511898,0.000576451,0.000569131,0.0319736,-0.000709375,-0.000554387,-0.000274651,-9.77883e-05,1.2991e-05,0.000127612,0.000283283,0.000550998,0.000724293,0.000583193,0.00057776,0.000574016,0.000521438,0.000549036,0.000590554,0.000574015,0.00062122,0.000336236,2.08123e-05,0.000377837,-0.000328914,0.000321791,2.14398e-05,0.485425,-0.000699514,-0.000261569,0.000271661,0.000720747,1786713300,0.000394435,0,0.000335682,0,-0.000333443,0.000283416,0,0,0.000333988,0,0.000305742,0,0.000321983,7.5559e-07,0.000338766,1
1786713420,0.000782368,-1.07216e-05,0.000862713,-0.000251988,0.000442215,0.519665,0.000222643,0.000224859,0.060511,-0.000954073,-0.000735499,-0.000356311,-0.000119254,2.87596e-05,0.000169601,0.000369741,0.000693222,0.000895195,0.000280145,0.000250577,0.000233509,0.000235779,0.000280378,0.000222401,0.000199515,0.000206841,0.000438121,9.24355e-05,0.000587504,-0.000432809,0.000441788,8.92647e-05,0.493852,-0.000896356,-0.000325549,0.000360353,0.000878354,1786713300,0.000352516,0,0.000337095,1,0.000368214,0,0.000323387,1,-0.000339406,0.000284424,0,1,-0.000294891,0.000277479,1.20051e-05,1
1786713480,5.35644e-05,1.60696e-05,0.000390954,-0.000241076,0.000451536,0.511501,5.96627e-05,6.28185e-05,0.0828458,-0.000948197,-0.000757821,-0.000370246,-0.000127975,1.63963e-05,0.000165946,0.000385792,0.000711756,0.000916727,3.84433e-05,4.89199e-05,6.1053e-05,5.99995e-05,5.5908e-05,8.3457e-05,6.32057e-05,5.65774e-05,0.000456198,3.09062e-05,0.000509413,-0.000442762,0.000445282,0,0.491276,-0.000905903,-0.000336801,0.000366712,0.000914025,1786713300,-0.000446265,0.000333459,0,1,-0.000345153,0.000294274,1.71288e-05,1,-0.000339407,0.00027444,6.53712e-06,1,-0.000320172,0.000291536,0,1
1786713540,-0.000589367,-4.82079e-05,0.000133899,-0.000621524,0.000447062,0.513641,0.000170662,0.000168139,0.065921,-0.000900124,-0.00071886,-0.000348828,-0.000119041,1.85217e-05,0.000143026,0.000328284,0.000647629,0.000853641,0.000180436,0.000166485,0.000166537,0.000166386,0.000150353,0.00017105,0.000171838,0.000186924,0.000408277,0,0.00044205,-0.000411705,0.000396263,3.59273e-05,0.489867,-0.000885508,-0.000326351,0.000333297,0.000879293,1786713300,-0.000439323,0.000348305,0,1,0.000447636,0,0.000376942,1,0.000364424,0,0.000336182,1,-0.000385032,0.000301746,0,1
1786713600,0.00012326,5.35932e-05,0.000557228,2.14376e-05,0.000450349,0.511063,5.88708e-05,6.18731e-05,0.0585824,-0.000894724,-0.000710589,-0.000352397,-0.000123086,1.50874e-05,0.000149499,0.000331787,0.000643701,0.000850529,4.83077e-05,5.55359e-05,6.26543e-05,6.11597e-05,6.71127e-05,7.63639e-05,6.03403e-05,5.55966e-05,0.000412398,4.09328e-05,0.000489528,-0.000398593,0.000376898,2.7168e-05,0.485606,-0.000843035,-0.000318469,0.000325848,0.000843588,1786713600,-0.000431159,0.000347236,1.05011e-05,1,-0.000419445,0.000335444,1.91718e-05,1,-0.00043701,0.000331855,0,1,-0.000336355,0.000314518,1.7551e-07,1
1786713660,0.000535736,-8.57444e-05,0.000637494,-9.11037e-05,0.000446163,0.511507,0.000149507,0.000150712,0.0515238,-0.000829753,-0.000659182,-0.000328763,-0.000113252,1.44939e-05,0.000133966,0.000306753,0.000604964,0.000787294,0.000164425,0.000154164,0.000154472,0.000153708,0.000169423,0.000155884,0.00014479,0.000136862,0.000383436,0,0.000409372,-0.000386516,0.000340214,0,0.487291,-0.000824803,-0.000309749,0.000317508,0.000823726,1786713600,0.000411215,0,0.000369841,1,0.000432543,0,0.000399953,1,0.00044226,0,0.000371827,1,0.000435495,0,0.000379127,1
1786713720,-0.000321407,-5.35594e-06,7.49802e-05,-0.000449999,0.00044813,0.50845,9.46669e-05,9.42116e-05,0.0488179,-0.000854533,-0.000684431,-0.000339671,-0.000116037,1.0544e-05,0.000132165,0.000318915,0.000605784,0.000817659,9.05858e-05,9.14315e-05,9.23604e-05,9.17163e-05,8.05067e-05,9.74411e-05,9.90639e-05,9.99479e-05,0.000396694,2.31127e-05,0.00042299,-0.000384549,0.000375116,0,0.488118,-0.000815315,-0.000311291,0.000313235,0.000822756,1786713600,0.000415428,0,0.000386861,1,-0.000376713,0.000317031,1.18946e-05,1,-0.000381153,0.000333656,2.00366e-05,1,0.000368748,0,0.000374183,1
1786713780,0.000632003,5.35764e-06,0.000658774,-0.000182177,0.000445949,0.512944,0.000181826,0.000183381,0.042427,-0.00078121,-0.000630388,-0.000314484,-0.000106885,1.56268e-05,0.00012811,0.000297302,0.000573516,0.000775382,0.000204402,0.000189929,0.000183111,0.000188808,0.000205384,0.000181778,0.000176687,0.000163387,0.000368534,1.75475e-05,0.000387381,-0.000342073,0.000316196,0,0.485268,-0.00073934,-0.000278438,0.000280159,0.000745634,1786713600,-0.000388832,0.000303062,6.17374e-07,1,-0.000402164,0.000311542,3.42948e-05,1,0.00041626,0,0.00037949,1,0.000407867,0,0.00037878,1
1786713840,0.000214148,5.35425e-06,0.000331909,-6.96079e-05,0.000450424,0.507039,7.19111e-05,7.29221e-05,0.0435277,-0.000833263,-0.000669306,-0.000334031,-0.000114085,8.49391e-06,0.000134964,0.000323779,0.000606588,0.000819275,6.41588e-05,7.04542e-05,7.46465e-05,7.36549e-05,7.92983e-05,7.81184e-05,7.45559e-05,6.29722e-05,0.000395455,2.63932e-05,0.000431851,-0.000387986,0.000396437,0,0.486333,-0.000808611,-0.000310242,0.000317947,0.000832122,1786713600,0.00034604,0,0.000320277,1,0.000397568,0,0.000338053,1,0.000418226,0,0.000393948,1,0.000412399,0,0.000348799,1
1786713900,-0.000294465,-3.74725e-05,-3.74725e-05,-0.00119446,0.000446924,0.506621,8.56081e-05,8.58689e-05,0.0462988,-0.000767554,-0.000627152,-0.000313125,-0.000108722,7.60391e-06,0.00012051,0.000287312,0.000552488,0.000757985,8.33958e-05,8.39524e-05,8.55194e-05,8.39245e-05,7.73387e-05,8.64448e-05,8.71185e-05,9.03291e-05,0.000362267,0,0.000352172,-0.000349642,0.000321235,0,0.484735,-0.000748066,-0.00028621,0.000280604,0.000761243,1786713900,-0.000390029,0.000314413,0,1,0.000335684,0,0.000321506,1,0.00037244,0,0.000328593,1,0.0003988,0,0.000397936,1
1786713960,0.0011292,0,0.0011292,-6.42584e-05,0.000444388,0.508751,0.000397804,0.000399324,0.0410398,-0.000836898,-0.000663505,-0.00031812,-0.000113661,1.07304e-05,0.000137614,0.000328284,0.000636475,0.000856535,0.000451402,0.000424968,0.000419735,0.000377415,0.000444347,0.000431301,0.00037661,0.000369663,0.000389602,7.10888e-05,0.000443955,-0.000400871,0.000479093,8.9708e-06,0.492282,-0.00082981,-0.000303513,0.000338051,0.000871495,1786713900,-0.000345823,0.000277322,0,1,-0.000361874,0.000312601,3.58979e-06,1,0.000335091,0,0.000326287,0,0.000347529,0,0.000329434,1
1786714020,5.34864e-06,-3.20924e-05,0.000502647,-0.00010163,0.00046801,0.496611,5.64839e-05,5.92711e-05,0.0512082,-0.000915496,-0.000750739,-0.000378101,-0.000146923,-4.53711e-06,0.000133424,0.000350938,0.000676109,0.000912785,3.61635e-05,4.80154e-05,5.60516e-05,5.58031e-05,5.26809e-05,7.67379e-05,6.21866e-05,5.31805e-05,-0.000440177,0.000453573,6.73794e-05,-0.00043683,0.000445708,0,0.481284,-0.000893187,-0.000352948,0.000345902,0.000919177,1786713900,-0.000401085,0.000325913,0,1,0.000354129,0,0.000304036,1,0.000381089,0,0.000332225,1,0.000345498,0,0.000312715,0
1786714080,1.60457e-05,1.06972e-05,0.000524028,1.06972e-05,0.000463306,0.497762,5.10878e-05,5.34764e-05,0.0414699,-0.000842867,-0.000679726,-0.00034408,-0.000131919,-2.24878e-06,0.000115008,0.000296725,0.000611666,0.000837716,3.67476e-05,4.78469e-05,5.35169e-05,5.58998e-05,5.22886e-05,6.33012e-05,5.27442e-05,4.46135e-05,-0.000390023,0.000355667,7.8568e-06,-0.000398558,0.000380434,7.12169e-06,0.480527,-0.000854509,-0.000330663,0.000311698,0.000875287,1786713900,-0.000423275,0.0003517,0,1,0.000367125,0,0.00035099,1,0.000334241,0,0.000310119,1,0.00035136,0,0.000337458,1
1786714140,-0.000128373,0,1.60455e-05,-0.000128373,0.000458656,0.500138,5.50782e-05,5.71268e-05,0.0483459,-0.000789839,-0.000635559,-0.000323737,-0.000122916,6.65161e-07,0.000111314,0.000280907,0.000573549,0.000778185,4.90013e-05,5.59564e-05,5.86871e-05,6.10334e-05,5.41336e-05,5.7527e-05,5.10138e-05,5.66864e-05,0.000367568,0,0.000383025,-0.00037627,0.000340337,0,0.47777,-0.000800971,-0.000311404,0.000296067,0.000827342,1786713900,-0.000410236,0.000379837,0,1,-0.000401613,0.000344237,0,1,0.000371486,0,0.000349378,1,0.000336114,0,0.000298633,1
1786714200,-0.000604645,0,0.000550818,-0.000690288,0.000454409,0.508916,0.000175793,0.000169784,0.0607524,-0.000734745,-0.00060195,-0.000295744,-0.00010192,9.79922e-06,0.000104561,0.000260624,0.000529647,0.000698675,0.000186897,0.000171936,0.000170339,0.000171408,0.000160906,0.000187143,0.000174173,0.000184413,0.000337244,0,0.000327539,-0.000332837,0.000251885,0,0.479331,-0.0006969,-0.000278855,0.00025908,0.000680745,1786714200,0.000381542,0,0.000341341,1,0.000412712,0,0.000370347,1,0.000400097,0,0.000348401,1,0.000377604,0,0.000328368,1
1786714260,-0.00114072,-3.74679e-05,0.000181967,-0.00114608,0.000457897,0.511143,0.000411593,0.000403417,0.0317664,-0.000861463,-0.000677615,-0.000334602,-0.000122504,1.51325e-05,0.000130732,0.000330897,0.000652515,0.000847085,0.00044895,0.000419915,0.000410533,0.000365071,0.000401958,0.000419541,0.000404155,0.000446068,0.000399755,3.77544e-05,0.000477229,-0.000421379,0.000417109,3.37469e-05,0.48706,-0.000874558,-0.000328385,0.000343217,0.000879723,1786714200,0.000305616,0,0.000246642,0,-0.000361328,0.000314417,2.14556e-05,0,0.00038009,0,0.000378387,0,-0.000353245,0.000316086,1.42737e-05,0
1786714320,0.000616046,5.89425e-05,0.000830233,-8.57408e-05,0.000481146,0.523818,0.000167744,0.000169086,0.0263793,-0.000996629,-0.000768912,-0.000363013,-0.000120789,3.71616e-05,0.000164056,0.000383969,0.000735511,0.000946216,0.000194995,0.000178737,0.000177746,0.000177137,0.000194643,0.000176658,0.000157744,0.000151975,0.000451926,8.56605e-05,0.000552832,-0.00044301,0.000420445,1.52494e-05,0.489597,-0.000923239,-0.000336163,0.000368089,0.000896488,1786714200,0.000415399,0,0.000398812,1,0.000328598,0,0.000275308,1,0.000402612,0,0.00036243,1,0.000400686,0,0.000366191,1
1786714380,-0.00050888,4.81963e-05,0.000728051,-0.00086257,0.000484212,0.517475,0.000150078,0.000147705,0.0274921,-0.000952286,-0.000758212,-0.000362461,-0.000122489,2.55277e-05,0.000149356,0.000366312,0.000698679,0.00090192,0.000149385,0.000143535,0.000144077,0.000143954,0.000130541,0.000147309,0.000154728,0.000163222,0.000474433,0,0.00046477,-0.000436786,0.000394496,0,0.490382,-0.000908686,-0.000339552,0.000360735,0.000891517,1786714200,0.000417791,0,0.000402161,1,0.00040949,0,0.000382126,1,0.000272241,0,0.000274796,0,0.000384905,0,0.00034904,0
1786714440,0.00117806,2.67896e-05,0.00117806,-6.4298e-05,0.000484718,0.517134,0.000391951,0.000393982,0.0263804,-0.00103162,-0.000812616,-0.00039499,-0.000137642,2.80596e-05,0.000165809,0.000391882,0.000768298,0.00099285,0.000476443,0.000434167,0.000416412,0.000363456,0.000459992,0.0003611,0.000389138,0.000356273,0.000511847,2.24992e-07,0.0005609,-0.000471004,0.000481094,0.000106127,0.489207,-0.000985036,-0.000367734,0.000378177,0.000960603,1786714200,0.000421378,0,0.00042728,1,0.000403367,0,0.000382839,1,-0.000409996,0.000335247,0,1,0.000288225,0,0.0002784,1
1786714500,-0.00133882,0,5.35167e-06,-0.00134954,0.000507946,0.50232,0.000472386,0.000462311,0.0433786,-0.00103661,-0.000845769,-0.000418754,-0.000153783,3.84951e-06,0.000150339,0.000397454,0.000759914,0.00102038,0.000547541,0.000497913,0.000459622,0.000450599,0.000485196,0.000414361,0.000455925,0.000518439,0.000532686,1.10482e-05,0.00057695,-0.000494357,0.000485979,0,0.481633,-0.00100492,-0.000395938,0.000386708,0.00100593,1786714500,-0.000472324,0.00039228,1.89804e-05,1,-0.000409388,0.000331083,2.57091e-05,1,-0.000430867,0.000309553,0,1,0.000391689,0,0.000376109,1
1786714560,-0.000107183,3.21526e-05,0.00104978,-0.000251898,0.000537306,0.5177,7.40858e-05,7.84022e-05,0.0861224,-0.00115384,-0.000895331,-0.000438854,-0.000150905,3.19914e-05,0.000186079,0.000436652,0.000819012,0.00106473,4.52154e-05,6.22099e-05,7.78443e-05,7.01373e-05,6.65766e-05,8.84542e-05,8.1107e-05,7.42315e-05,0.000569281,5.99818e-05,0.000642935,-0.000518909,0.000500015,6.24106e-05,0.487395,-0.00108331,-0.000408994,0.000415415,0.00104154,1786714500,-0.000465107,0.000373965,0,1,0.000450306,0,0.000443817,1,0.000411074,0,0.000393867,1,0.000408584,0,0.000391976,1
1786714620,0.000562582,5.35942e-06,0.000825012,-3.75167e-05,0.000532121,0.509331,0.000156873,0.000158387,0.0675913,-0.00107523,-0.000842375,-0.00041706,-0.000145382,1.47432e-05,0.000172892,0.000405887,0.000814651,0.00105338,0.000175136,0.000162943,0.00016383,0.000163563,0.000173458,0.000163174,0.000150783,0.000145019,0.000536379,0,0.000505373,-0.000509408,0.000503045,4.81023e-05,0.488268,-0.00105045,-0.000395379,0.00041924,0.00104876,1786714500,-0.000495184,0.000391964,0,1,-0.000408746,0.000355609,5.32113e-05,1,-0.000418718,0.000361604,5.45002e-05,1,-0.000366094,0.000324463,5.35723e-05,1
1786714680,0.000647916,1.60691e-05,0.00107606,-4.28522e-05,0.000532748,0.510187,0.000182793,0.000183468,0.0544643,-0.0010784,-0.000862035,-0.000420781,-0.000147696,1.65102e-05,0.00015906,0.000397548,0.000780693,0.0010161,0.000211406,0.00018661,0.000187335,0.000186323,0.000193813,0.000186929,0.000178925,0.000176635,0.000534447,0,0.000530005,-0.000493795,0.000441397,0,0.489316,-0.00103549,-0.000393127,0.000396702,0.000999199,1786714500,0.000511076,1.05429e-05,0.000474589,1,0.000474356,0,0.000427978,1,0.000444909,0,0.000400892,1,0.000445152,0,0.000465435,1
1786714740,-0.00105509,-4.81777e-05,-4.81777e-05,-0.00230442,0.000535294,0.495232,0.000320754,0.000311904,0.0545221,-0.00108469,-0.000877014,-0.000445992,-0.000166056,-7.21952e-06,0.000147321,0.000391331,0.000770325,0.00106707,0.000405093,0.000345426,0.000320464,0.000313174,0.000326964,0.000313382,0.000310836,0.000352847,-0.000549601,0.000504424,2.0793e-05,-0.000507538,0.000492212,2.93256e-05,0.482942,-0.00105387,-0.000415047,0.000394977,0.00104562,1786714500,-0.000467401,0.000393556,2.42949e-05,1,-0.000471446,0.000411446,8.39794e-05,1,-0.000454353,0.000371259,2.90938e-05,1,0.000398964,0,0.000419202,1
1786714800,0.000605338,1.60757e-05,0.00065889,-0.000246526,0.000550521,0.514603,0.000167496,0.000168046,0.0599895,-0.00125608,-0.00098635,-0.000487605,-0.000166779,2.81437e-05,0.000206255,0.000488859,0.000928388,0.00121299,0.000191604,0.000175066,0.000175913,0.000177047,0.00018339,0.000173023,0.000160045,0.000154547,0.000634927,5.43194e-05,0.000712552,-0.000555309,0.000638875,0.000102452,0.493242,-0.00113405,-0.000421778,0.000454602,0.00112323,1786714800,-0.000493239,0.000438938,1.07753e-05,1,0.000477475,0,0.000453761,1,0.000525022,0,0.000498725,1,0.000492304,0,0.000447874,1
1786714860,-0.00016603,3.21316e-05,0.000348037,-0.000358873,0.00055167,0.511134,7.96061e-05,8.2199e-05,0.053221,-0.00111446,-0.00089509,-0.00044173,-0.000152263,1.88002e-05,0.000181152,0.000437207,0.000816901,0.00107172,5.50753e-05,7.07258e-05,7.84545e-05,8.50374e-05,7.33552e-05,8.76901e-05,8.18827e-05,7.73476e-05,0.000571706,0,0.000543664,-0.000482657,0.000451887,0,0.490034,-0.000997821,-0.000379001,0.000398584,0.00098931,1786714800,0.000561395,0,0.000572714,1,0.00046891,0,0.000479477,1,0.000437708,0,0.000439047,1,0.00047384,0,0.000509291,1
1786714920,0.000326678,3.7493e-05,0.000642543,-0.000198201,0.00054663,0.510267,0.000100024,0.000102035,0.0429541,-0.00108427,-0.000870261,-0.000427363,-0.000153527,1.73156e-05,0.000166271,0.000393762,0.000770282,0.0010351,9.61541e-05,9.79289e-05,0.000103755,0.00010945,0.000106971,0.000105698,0.000101406,8.62187e-05,0.000537179,0,0.000538829,-0.000473056,0.000412253,1.34078e-06,0.487241,-0.00100692,-0.000381834,0.000378576,0.000974247,1786714800,0.000457383,0,0.000463657,1,0.000486183,0,0.000520971,1,0.000453523,0,0.000453674,1,0.000415822,0,0.000449854,1
1786714980,-0.000380241,6.42519e-05,0.000214157,-0.000385598,0.000543105,0.503107,0.00010955,0.000111865,0.039617,-0.00103691,-0.000840589,-0.000422035,-0.000157198,5.04166e-06,0.000163543,0.000382203,0.000751683,0.00101338,0.00010688,0.000108224,0.000109271,0.00011962,0.000104639,0.000112731,0.000108375,0.000118888,0.000527026,0,0.000543104,-0.00046641,0.000433246,0,0.48649,-0.000979391,-0.000376996,0.000375168,0.000969023,1786714800,0.000439245,0,0.000476473,1,0.000433974,0,0.000470955,1,0.000526035,0,0.000546017,1,0.000444533,0,0.000458066,1
1786715040,0.000385596,5.35652e-06,0.000808509,0,0.000540329,0.506486,0.000111798,0.00011208,0.0370557,-0.000995184,-0.000802498,-0.000388544,-0.000145237,9.97423e-06,0.000149221,0.000349776,0.000697283,0.000932258,0.000112484,0.000113719,0.000113633,0.000114184,0.000119788,0.000113196,0.000111515,0.000106304,0.000484352,0,0.000516289,-0.000426651,0.000335081,0,0.482543,-0.000914031,-0.000354306,0.000335581,0.000865991,1786714800,0.000454673,0,0.000468123,1,0.000460446,0,0.000440949,1,0.000483754,0,0.000422377,1,0.0005459,0,0.000527254,1
1786715100,4.28348e-05,4.28348e-05,0.000620925,0,0.000537671,0.498915,6.32937e-05,6.70574e-05,0.0403525,-0.00101195,-0.000836615,-0.000429153,-0.00016498,-1.54097e-06,0.000156525,0.000371758,0.000702109,0.000960572,3.79661e-05,5.76415e-05,5.92561e-05,7.84622e-05,6.36139e-05,5.03534e-05,6.76419e-05,5.3786e-05,-0.000524745,0.000492524,6.05993e-05,-0.000462656,0.000469232,8.5254e-05,0.483106,-0.000967343,-0.000386902,0.000361962,0.000939499,1786715100,0.000395209,0,0.000402369,1,0.000426676,0,0.000477701,1,0.000442104,0,0.0004482,1,0.000409577,0,0.000438307,1
1786715160,-0.000573067,-4.28348e-05,0.000224853,-0.000573067,0.000532301,0.501186,0.00015869,0.000156904,0.0630042,-0.000893234,-0.000734631,-0.000370111,-0.00014912,2.61538e-06,0.000128014,0.000298264,0.000598097,0.000830088,0.000174185,0.000161719,0.000161909,0.000162053,0.000154447,0.000171581,0.000151318,0.000165274,0.000441513,0,0.000446447,-0.000392927,0.000331083,1.34296e-05,0.47979,-0.00086552,-0.000334296,0.00030138,0.000833016,1786715100,0.000453124,0,0.000442619,1,0.000395515,0,0.000418141,1,0.000471789,0,0.000445321,1,0.000413511,0,0.000416584,1
1786715220,0.00012321,5.35729e-06,0.000278541,-0.000632362,0.000533147,0.508364,5.95969e-05,6.31571e-05,0.0382465,-0.000907299,-0.00072955,-0.000367876,-0.000134535,1.20851e-05,0.00014111,0.000338671,0.000646277,0.000860181,4.83804e-05,6.23128e-05,6.18368e-05,6.73983e-05,6.99909e-05,5.33487e-05,5.95986e-05,5.5616e-05,0.000461862,0,0.000477768,-0.000404646,0.000348565,5.91782e-06,0.482936,-0.000877278,-0.000334573,0.000321327,0.000840187,1786715100,0.000384378,0,0.000408783,1,0.000444419,0,0.000427129,1,0.000420543,0,0.000420636,1,0.000428271,0,0.000444795,1
1786715280,0.000208887,0,0.000819231,0,0.000528077,0.515055,7.23069e-05,7.37679e-05,0.0568864,-0.000893507,-0.000718513,-0.000348887,-0.000125274,2.18277e-05,0.000144318,0.000346944,0.000644944,0.000859939,6.32509e-05,7.59412e-05,7.39336e-05,8.5157e-05,8.25568e-05,6.35302e-05,7.08313e-05,6.31771e-05,0.00045247,0,0.000431374,-0.000419132,0.000414236,0,0.494292,-0.000899305,-0.000325578,0.000354443,0.000886287,1786715100,0.000386161,0,0.000375728,1,0.000392269,0,0.000416637,1,0.000397147,0,0.000425301,1,0.000388398,0,0.000401071,1
1786715340,-0.000524979,-4.82009e-05,0.000406937,-0.000728617,0.000523603,0.503651,0.000146646,0.000144796,0.0805432,-0.000896467,-0.000733569,-0.000367452,-0.000141947,5.82583e-06,0.000126975,0.00030797,0.000611185,0.000829483,0.000155389,0.000148142,0.000148225,0.000148752,0.000139756,0.000157125,0.000142342,0.00015193,0.000444707,0,0.000466371,-0.000404962,0.000357628,2.95896e-05,0.48162,-0.000886595,-0.000340905,0.000315083,0.000852575,1786715100,0.000413669,0,0.000431444,1,0.000379873,0,0.000393785,1,0.000389564,0,0.000431079,1,-0.000404129,0.000372104,4.56904e-05,1
1786715400,-0.000766536,0,3.75077e-05,-0.000820162,0.000523631,0.510322,0.000225227,0.000216151,0.0560053,-0.000930203,-0.000752595,-0.000384748,-0.00013844,1.56933e-05,0.000146111,0.000348348,0.000669348,0.00089239,0.000261266,0.000224617,0.000230994,0.0002161,0.000209932,0.000261879,0.000221,0.000247359,0.000479627,0,0.000543365,-0.000423146,0.00040094,6.84651e-05,0.48429,-0.000910833,-0.000346755,0.00033733,0.000877546,1786715400,0.000395911,0,0.000421237,1,0.00039547,0,0.000435327,1,0.00039907,0,0.00041222,1,-0.000387927,0.00037728,4.10275e-05,1
1786715460,0.000278808,-1.0725e-05,0.00112012,-0.000107255,0.000529582,0.521202,8.32033e-05,8.51628e-05,0.031861,-0.000940003,-0.000742522,-0.000362461,-0.000121267,3.2059e-05,0.000154007,0.00035117,0.000658328,0.000853723,8.27585e-05,8.76402e-05,8.60641e-05,9.40348e-05,9.70483e-05,8.16071e-05,7.9179e-05,7.65917e-05,0.000464743,0,0.000495516,-0.000421616,0.000361095,8.75923e-06,0.486788,-0.000901841,-0.000337425,0.000343652,0.000848586,1786715400,0.000412561,0,0.000436842,1,0.000404643,0,0.000414487,1,0.000393805,0,0.000418475,1,0.000392702,0,0.000408125,1
1786715520,5.36081e-05,1.07218e-05,0.000348401,-0.000337797,0.00052574,0.509251,6.14921e-05,6.47693e-05,0.0361041,-0.00100276,-0.000807931,-0.000406327,-0.000154536,1.55392e-05,0.00015129,0.000363325,0.000705983,0.000952325,3.85098e-05,5.59969e-05,5.23483e-05,8.08959e-05,6.17772e-05,4.40328e-05,6.48516e-05,5.61995e-05,0.000465735,0,0.000558411,-0.000459527,0.000439138,0.00010039,0.486364,-0.000987767,-0.000369807,0.000367907,0.000949969,1786715400,0.000391913,0,0.000387359,1,0.000396199,0,0.000424969,1,0.00039857,0,0.000426918,1,0.000392428,0,0.000435615,1
1786715580,-7.50521e-05,8.04068e-05,0.000830558,-7.50521e-05,0.000520511,0.51179,5.71725e-05,6.14465e-05,0.0488737,-0.000921446,-0.000741151,-0.000370642,-0.000133369,1.75476e-05,0.000134034,0.000322418,0.000641233,0.000843637,3.97723e-05,5.63616e-05,5.09435e-05,7.25307e-05,5.63497e-05,4.01813e-05,5.74489e-05,5.77645e-05,0.000420079,0,0.000467416,-0.000418336,0.000396147,2.38916e-05,0.490641,-0.000915465,-0.000336317,0.000340356,0.000883136,1786715400,0.0004365,0,0.000466866,1,0.000384532,0,0.000408297,1,-0.000411062,0.000359303,3.68867e-05,1,-0.000388232,0.000370209,4.9228e-05,1
1786715640,6.96915e-05,0,0.000364486,-0.000219828,0.000515389,0.503338,5.60881e-05,5.87624e-05,0.0714355,-0.000892205,-0.000733455,-0.000376327,-0.000140625,5.36367e-06,0.000124257,0.000300447,0.00061944,0.000833037,3.94147e-05,5.52821e-05,4.82578e-05,7.69306e-05,5.91711e-05,3.60054e-05,5.74436e-05,5.22344e-05,0.000412901,0,0.000505052,-0.000413313,0.000378905,0.000102215,0.481118,-0.000903827,-0.000348468,0.000322499,0.000870229,1786715400,0.000410059,0,0.000437255,1,-0.00044004,0.000393823,1.92362e-05,1,0.000410018,0,0.000421054,1,0.000415189,0,0.000434698,1
1786715700,0.00052521,4.82451e-05,0.00057343,-0.000193004,0.000510304,0.51243,0.000150157,0.000150838,0.112673,-0.000835438,-0.000677614,-0.000337226,-0.000117022,1.63203e-05,0.000116812,0.000286709,0.000583288,0.000776314,0.000160523,0.000151948,0.000151487,0.000152117,0.000159359,0.000169015,0.000152548,0.000140768,0.00037884,2.09914e-05,0.000428602,-0.000389954,0.00036162,4.3794e-06,0.486211,-0.000850386,-0.000317508,0.000312581,0.000827268,1786715700,0.00041966,0,0.000426286,1,0.000411256,0,0.000417357,1,-0.000453562,0.000374067,0,1,0.000395111,0,0.000411818,1
1786715760,-0.000332244,2.6789e-05,0.000144652,-0.000460884,0.000510607,0.502456,9.28402e-05,9.44035e-05,0.0685085,-0.000875502,-0.000710187,-0.000362755,-0.000127664,3.79764e-06,0.000113886,0.00029944,0.000596576,0.000808232,9.36142e-05,9.44809e-05,9.44453e-05,0.000105085,8.89528e-05,9.44037e-05,9.06882e-05,9.41581e-05,0.000435225,0,0.000461317,-0.000371505,0.000354562,0,0.485001,-0.000797965,-0.000309126,0.000296027,0.000784101,1786715700,0.000380039,0,0.000391523,1,-0.000400279,0.000367199,5.78126e-05,1,-0.000389956,0.000356737,3.52756e-05,1,-0.000407088,0.000393424,3.8529e-05,1
1786715820,-0.000214409,-4.82381e-05,0.000187571,-0.000214409,0.000507654,0.507592,7.10414e-05,7.29366e-05,0.062703,-0.000825582,-0.000673205,-0.000340857,-0.000125867,1.01746e-05,0.000114106,0.000279379,0.000572318,0.000774303,6.30209e-05,7.32668e-05,6.72598e-05,8.04037e-05,6.79967e-05,6.34388e-05,6.83969e-05,7.59354e-05,0.000409286,0,0.000439613,-0.000357436,0.000316332,7.68324e-06,0.481302,-0.000780687,-0.000299982,0.000279411,0.000755762,1786715700,0.000373471,0,0.000397453,1,0.000374536,0,0.000396188,1,-0.000430636,0.000371797,2.66408e-05,1,0.000406453,0,0.000418492,1
1786715880,0.000219769,9.11296e-05,0.000369827,-0.000101861,0.000503466,0.508338,6.88575e-05,7.02224e-05,0.0770752,-0.000740624,-0.000601765,-0.000308171,-0.000118294,1.05775e-05,0.000109531,0.000256317,0.000526467,0.000701231,6.62501e-05,7.45565e-05,6.77247e-05,7.81117e-05,8.12489e-05,6.35077e-05,6.92721e-05,6.58932e-05,0.000372799,0,0.000363529,-0.000328069,0.000259973,0,0.482194,-0.000718945,-0.000276243,0.000255785,0.000691355,1786715700,0.000347926,0,0.00035077,1,0.000369706,0,0.000381329,1,-0.000387085,0.000337129,1.102e-05,1,-0.000427038,0.000397517,2.71664e-05,1
1786715940,0.000958914,-5.35965e-06,0.000958914,-5.35965e-06,0.000499374,0.515538,0.000343814,0.0003461,0.0999789,-0.000736439,-0.000593648,-0.000291763,-0.000105234,1.89915e-05,0.000109694,0.000261933,0.000520792,0.00070627,0.00036672,0.00032734,0.000359503,0.000316776,0.000345249,0.000369417,0.000354592,0.000323198,0.000335124,7.16137e-06,0.000335368,-0.000343052,0.000303212,0,0.491016,-0.000755789,-0.000278923,0.000281727,0.000739867,1786715700,0.000340476,3.04884e-05,0.000318543,0,0.000350954,0,0.000352779,1,0.000358286,9.30341e-08,0.000375235,1,0.000388592,0,0.000392724,1
1786716000,0.000208803,4.81893e-05,0.00147675,-0.00023027,0.000512618,0.490745,8.24162e-05,8.29858e-05,0.0334268,-0.000971314,-0.000810263,-0.000409014,-0.000164469,-1.17384e-05,0.000117141,0.000352529,0.000664524,0.000917291,6.29972e-05,7.36061e-05,7.07691e-05,9.50831e-05,8.01161e-05,7.14507e-05,9.39663e-05,7.10094e-05,-0.000499453,0.000648167,0.000159192,-0.000489311,0.000766515,0.00021457,0.475482,-0.000986334,-0.000405065,0.00037692,0.000988064,1786716000,0.000363779,4.09843e-06,0.000359049,0,0.000345351,0,0.00038153,0,0.000348837,0,0.000372578,1,-0.000359664,0.00033047,4.8135e-05,1
1786716060,-0.000669396,0.000128473,0.000529844,-0.000690824,0.000508324,0.4853,0.000180439,0.000179496,0.0449977,-0.000953146,-0.000775386,-0.000403966,-0.000170474,-1.84897e-05,0.000109322,0.000303705,0.000654871,0.000922832,0.000213078,0.000190591,0.000198141,0.000189671,0.000180492,0.000206588,0.000163212,0.000194441,-0.000473103,0.000409485,8.92427e-05,-0.000453449,0.000493996,0.000207487,0.473464,-0.000966209,-0.00038435,0.000342592,0.000978019,1786716000,-0.000600966,0.000514211,0,1,0.000373787,0,0.000378391,1,0.000364481,0,0.000377283,1,0.00036087,0,0.000368046,1
1786716120,-0.00021966,-6.42856e-05,-6.42856e-05,-0.000551919,0.000512042,0.498543,7.46565e-05,7.68811e-05,0.0260201,-0.000929701,-0.000744619,-0.000376153,-0.000149064,-1.01642e-06,0.000122701,0.000313095,0.00065595,0.000889057,6.40379e-05,7.4457e-05,7.18975e-05,9.40522e-05,7.05128e-05,7.30384e-05,7.08036e-05,7.34274e-05,-0.000456336,0.000464304,8.24686e-05,-0.000424958,0.00042297,8.59856e-05,0.478259,-0.000906429,-0.000351896,0.000336379,0.000906016,1786716000,-0.000478551,0.000479756,1.99976e-05,1,-0.00050915,0.000452802,1.20394e-05,1,0.000353671,0,0.000370881,1,-0.000362372,0.000324203,3.81255e-05,1
1786716180,0.000674898,5.35812e-06,0.000674898,-0.000284022,0.000507847,0.51316,0.00019492,0.000196071,0.0299705,-0.000837455,-0.000663331,-0.00031202,-0.000114342,1.70192e-05,0.000125233,0.000304096,0.000620249,0.000809983,0.000224987,0.000200658,0.000206108,0.000193809,0.000207763,0.000208704,0.000191987,0.000187041,0.000401663,1.11641e-05,0.000382639,-0.000381759,0.000354463,0,0.493418,-0.000822506,-0.000294562,0.000329124,0.000827367,1786716000,0.000440398,6.90422e-07,0.000413122,1,-0.000445881,0.000448103,3.40441e-05,1,0.000455556,2.86193e-05,0.000410233,1,-0.00036506,0.000330597,4.16639e-05,1
1786716240,1.0709e-05,-0.000128517,0.000626283,-0.000653465,0.000511723,0.499499,5.58482e-05,5.83044e-05,0.0250304,-0.000956043,-0.000760068,-0.000373105,-0.000145394,7.06552e-08,0.000125985,0.000328143,0.000671533,0.0008919,3.62341e-05,5.11e-05,4.78678e-05,7.28382e-05,5.67554e-05,4.86548e-05,6.04535e-05,4.93118e-05,-0.000461731,0.00043652,3.76167e-05,-0.000430316,0.000419304,0,0.486401,-0.000911951,-0.000348408,0.000349861,0.000913189,1786716000,0.000393913,0,0.00036825,1,0.000418175,0,0.000432661,1,-0.000445248,0.000437126,3.66043e-05,1,-0.000426987,0.000429547,5.33204e-05,1
1786716300,-2.67727e-05,0,5.35445e-06,-0.000439163,0.000506582,0.497776,5.61057e-05,6.01021e-05,0.0331868,-0.000961761,-0.000775671,-0.000384047,-0.000156829,-1.72614e-06,0.000119288,0.000323242,0.000691142,0.000927144,3.7109e-05,5.11883e-05,4.62353e-05,8.60976e-05,5.37194e-05,4.09776e-05,6.20721e-05,5.40889e-05,-0.000469081,0.000427778,6.10684e-05,-0.000435443,0.000472811,0.000106631,0.480341,-0.000939413,-0.000357778,0.000342469,0.000948262,1786716300,-0.000449189,0.000418147,1.35862e-05,1,0.000400456,0,0.000397749,1,-0.000445418,0.000401436,0,1,-0.000461835,0.000453763,1.51117e-05,1
1786716360,0.000117794,2.14182e-05,0.000551373,2.14182e-05,0.000501505,0.499904,5.60191e-05,5.64537e-05,0.0480318,-0.000811264,-0.000656284,-0.000312859,-0.000113808,4.194e-07,0.000103365,0.000270145,0.00057734,0.000768419,4.75221e-05,5.70698e-05,5.22647e-05,6.87319e-05,6.32889e-05,4.53663e-05,5.88497e-05,5.02983e-05,-0.000384884,0.000365775,0,-0.000361986,0.00035311,0,0.487672,-0.000785118,-0.000285378,0.000302828,0.000809702,1786716300,-0.00045714,0.000418025,1.46563e-05,1,0.000454106,0,0.000434651,1,0.000381984,0,0.000372588,1,-0.000449299,0.000406152,0,1
1786716420,-0.00105529,-4.8187e-05,-4.8187e-05,-0.00105529,0.000496744,0.49284,0.000362595,0.000354957,0.0737184,-0.000844802,-0.000673523,-0.000338848,-0.000137496,-6.46499e-06,9.17894e-05,0.000255531,0.000556424,0.000763217,0.000406432,0.000369433,0.000393194,0.000323896,0.000357919,0.000428269,0.000341925,0.000367855,-0.00039708,0.00034611,3.17479e-05,-0.000357051,0.000310622,0,0.475939,-0.000792624,-0.000304187,0.000275662,0.000795706,1786716300,0.000388268,0,0.000358708,1,-0.000434465,0.000424551,0,1,0.000408332,1.6318e-05,0.000405452,1,0.000389121,0,0.000387462,1
1786716480,-0.000546832,6.96728e-05,0.000294736,-0.000643363,0.000513899,0.51729,0.000158069,0.00015655,0.0193418,-0.000946955,-0.000743828,-0.000353933,-0.000120262,2.47109e-05,0.000131522,0.000332989,0.000659467,0.000871776,0.000164028,0.000154049,0.000154352,0.000154618,0.000142785,0.000158909,0.000155467,0.000172735,0.000448755,1.12355e-05,0.000509352,-0.000407152,0.000381271,2.42785e-05,0.485274,-0.000885817,-0.000330509,0.000335141,0.000869707,1786716300,-0.000374454,0.000371037,0,0,-0.000362501,0.000339169,3.15057e-05,0,-0.000425223,0.000397798,2.43645e-05,1,-0.000404068,0.000371102,4.02792e-05,1
1786716540,0.000182311,-6.43528e-05,0.00101837,-8.04417e-05,0.000514578,0.518529,7.01577e-05,7.11125e-05,0.0209146,-0.000971244,-0.000749401,-0.000362621,-0.000127566,2.85445e-05,0.00014116,0.000345991,0.000693932,0.000888801,5.81862e-05,6.92424e-05,6.86937e-05,8.13666e-05,7.7788e-05,7.60889e-05,7.03031e-05,6.28342e-05,0.000462691,0,0.000484952,-0.000408502,0.000380697,1.85805e-05,0.488567,-0.000892658,-0.000324852,0.000344871,0.000873801,1786716300,0.000429908,0,0.000385739,1,-0.000383168,0.00034871,0,0,0.000361243,4.00172e-06,0.000375765,1,-0.000449639,0.000420135,0,1
1786716600,0.000369881,-4.82554e-05,0.000552091,-0.000257389,0.000510059,0.510904,0.000108779,0.000109204,0.0268163,-0.00098961,-0.000759456,-0.000371624,-0.000140799,1.69825e-05,0.000128427,0.000323844,0.000673544,0.000891192,0.000107805,0.000108804,0.00010826,0.000114038,0.000116473,0.000108117,0.000112941,9.92701e-05,0.000458414,0,0.00049541,-0.000434707,0.000420241,8.85875e-05,0.485993,-0.000954741,-0.000355134,0.00035156,0.000933513,1786716600,0.000431945,0,0.000382817,1,0.000431033,0,0.000385319,1,-0.000394501,0.000349691,0,1,-0.000403928,0.000354656,0,1
1786716660,0.00115165,0,0.00155308,0,0.000507634,0.504798,0.000414479,0.000415314,0.0299958,-0.000970052,-0.000764574,-0.000371687,-0.000137554,7.2421e-06,0.000121055,0.000310851,0.000642985,0.000873085,0.000463405,0.000421196,0.000433259,0.000381249,0.000432903,0.000430121,0.000407154,0.000417554,0.000450493,0,0.000492217,-0.000418817,0.000418503,1.55247e-05,0.486879,-0.00091778,-0.000342777,0.000339741,0.000913356,1786716600,-0.000469683,0.000439558,0,0,-0.000427703,0.000369585,1.342e-06,0,-0.000425302,0.000373903,0,1,-0.000384331,0.000361957,2.93558e-07,1
1786716720,-0.000856916,-5.35345e-06,3.74733e-05,-0.000872991,0.000528266,0.481742,0.000232696,0.000229608,0.0223728,-0.0011144,-0.000891147,-0.000470758,-0.000202961,-2.63726e-05,0.000120186,0.000368457,0.000749077,0.00104568,0.000306808,0.000260281,0.000255999,0.000241496,0.000250325,0.000243587,0.000215728,0.000248965,-0.00055706,0.000492541,0.000102091,-0.000488843,0.00050524,9.47962e-05,0.473973,-0.00103072,-0.000412778,0.000370805,0.00104978,1786716600,-0.000445424,0.000371201,0,1,-0.000476271,0.000404678,0,1,0.000448279,0,0.000419485,1,-0.000438194,0.000361656,0,1
1786716780,-0.000380492,0,0,-0.00049842,0.000536814,0.502025,0.000107258,0.000108677,0.0206552,-0.00104355,-0.00082764,-0.000405937,-0.000154252,3.93669e-06,0.000132584,0.000352722,0.000716578,0.00097286,0.000106944,0.00010803,0.000108687,0.000111126,9.92073e-05,0.000124056,0.000103508,0.000119741,0.000499432,0,0.000546195,-0.000445532,0.000430568,4.10436e-05,0.478055,-0.000965604,-0.00037263,0.000351023,0.000966781,1786716600,-0.000517491,0.000463983,0,1,-0.000431243,0.000375745,0,1,-0.000464017,0.000403808,0,1,-0.000425907,0.000364426,1.11677e-05,1
1786716840,-0.00041281,-4.82417e-05,0.000112555,-0.000520061,0.000534136,0.513679,0.000122113,0.000120315,0.0222086,-0.000948667,-0.000738795,-0.0003495,-0.000124903,1.94545e-05,0.000140537,0.000340777,0.00069878,0.000910953,0.000115884,0.000116946,0.0001175,0.000117251,0.000106309,0.000124764,0.000121152,0.000136916,0.000449979,0,0.000410133,-0.00041024,0.000363963,0,0.484993,-0.000880211,-0.000327025,0.000343906,0.000892704,1786716600,-0.000458694,0.00039882,0,1,-0.000471547,0.000423104,2.42791e-05,1,-0.000422151,0.000370112,0,1,-0.000443907,0.000403979,3.21778e-05,1
1786716900,0.000777228,5.36226e-06,0.000777228,-3.75366e-05,0.000531981,0.517552,0.00021996,0.000220876,0.0242196,-0.00105068,-0.000824419,-0.000402353,-0.000145504,3.05222e-05,0.000155692,0.000382449,0.000755287,0.00098189,0.000277259,0.000236601,0.000233585,0.000223009,0.000246227,0.000223163,0.000217313,0.000205964,0.000512504,1.41053e-06,0.000548371,-0.000472579,0.000487369,9.3511e-05,0.490198,-0.00100634,-0.000377951,0.000389087,0.000986351,1786716900,0.000410576,0,0.000342068,1,0.000442592,0,0.000391835,1,-0.00047744,0.000443982,0,1,-0.000428345,0.00037158,0,1
1786716960,-0.00100247,0,4.82218e-05,-0.00110438,0.000537983,0.504103,0.000307828,0.000299657,0.0210015,-0.00102286,-0.000812031,-0.000404828,-0.000147133,6.69631e-06,0.000131265,0.000348654,0.000697146,0.000942522,0.000379432,0.000325339,0.000312977,0.000313511,0.000314262,0.000289896,0.000297872,0.000329068,0.000495233,0,0.000485788,-0.000462417,0.000440185,0,0.486731,-0.000984127,-0.000375766,0.000375858,0.000986472,1786716900,-0.000487413,0.000439909,0,1,-0.000408342,0.000345957,0,1,-0.000444272,0.000376282,0,1,-0.00045969,0.000412005,1.36595e-05,1
1786717020,0.000632691,2.14537e-05,0.00105069,-2.14542e-05,0.000551122,0.516777,0.00017941,0.000179967,0.0211519,-0.00105539,-0.000834831,-0.000420525,-0.000144268,2.86387e-05,0.000150761,0.000372282,0.000738854,0.000979743,0.000204193,0.000182474,0.000182717,0.000181804,0.000189364,0.000180656,0.000181646,0.000166239,0.000519731,0,0.000544983,-0.000462878,0.000463024,6.57481e-05,0.488872,-0.00102267,-0.000378705,0.000381765,0.000997164,1786716900,-0.000477904,0.000385554,0,1,0.000515836,0,0.000394145,1,0.000435062,0,0.000367346,1,0.000471066,0,0.000395004,1
1786717080,-0.00124431,-1.60804e-05,0.000150071,-0.00137849,0.000552872,0.500202,0.000421394,0.000410761,0.0220437,-0.00104164,-0.000841097,-0.000432976,-0.000165635,1.41195e-06,0.000137915,0.00035804,0.000730531,0.000993005,0.000499795,0.000439695,0.000419405,0.000405582,0.000430343,0.000379765,0.000413576,0.000448444,0.000522165,0,0.00051599,-0.000470147,0.00046953,0,0.484761,-0.00100963,-0.0003858,0.000384066,0.00102067,1786716900,-0.00050451,0.000427081,0,1,-0.000474407,0.000391468,0,1,-0.000413946,0.000354279,0,1,0.000405492,0,0.000360265,1
1786717140,-0.000520712,0,0.000112696,-0.000520712,0.000574909,0.521327,0.000155029,0.000151975,0.0267931,-0.0012367,-0.000953921,-0.000465099,-0.000167101,4.46746e-05,0.000192774,0.000458732,0.000868938,0.00113664,0.000153726,0.000147009,0.000147852,0.000147677,0.000134442,0.000149319,0.000157387,0.000169988,0.000601146,3.07343e-05,0.000666242,-0.000530796,0.000553257,0.000110135,0.491088,-0.00114302,-0.000420822,0.000438534,0.00111344,1786716900,0.000509814,0,0.000448591,0,0.000480375,0,0.000424698,1,0.000462104,0,0.000394049,0,-0.000437092,0.000362915,0,1
1786717200,0.000252337,2.1478e-05,0.000971418,-0.000134248,0.000573875,0.524193,8.44373e-05,8.65415e-05,0.0264281,-0.00110623,-0.000864647,-0.000414149,-0.00013608,4.26964e-05,0.000178279,0.000404407,0.000771813,0.00101308,7.54128e-05,8.66805e-05,9.3119e-05,8.69083e-05,9.43156e-05,0.000100736,8.15779e-05,7.58347e-05,0.000532938,0,0.000494043,-0.000476105,0.000414851,0,0.488048,-0.00102946,-0.000378645,0.000400479,0.00100618,1786717200,-0.000555158,0.000443251,0,1,-0.000475661,0.000402791,2.35303e-05,1,-0.000470231,0.000395357,0,1,-0.000429171,0.000374746,0,0
1786717260,0.000622518,0,0.000622518,-0.000391956,0.000569227,0.51875,0.000174895,0.000175609,0.0285467,-0.00114605,-0.000900857,-0.000451401,-0.000160753,3.65708e-05,0.000178217,0.000413579,0.000815508,0.00106995,0.000198374,0.000179926,0.000180265,0.000180697,0.00018798,0.000180248,0.000174158,0.000161305,0.000566187,0,0.000549314,-0.000511297,0.000493332,6.25835e-05,0.490893,-0.00110902,-0.000412285,0.000419869,0.00108305,1786717200,0.000461449,0,0.000395326,1,0.000550623,0,0.000453239,1,0.000512445,0,0.000438948,1,0.000507467,0,0.000452553,1
1786717320,0.000391558,-4.82849e-05,0.000579238,-0.00022535,0.000570342,0.513205,0.000113943,0.000115026,0.0247351,-0.00112695,-0.000905706,-0.000453456,-0.000162919,2.44394e-05,0.000164918,0.000404388,0.000791526,0.00106743,0.000113714,0.000115662,0.00011567,0.000119358,0.000122081,0.00011866,0.000119743,0.000110286,0.000562145,0,0.000563583,-0.000504708,0.000522884,0,0.488218,-0.00107219,-0.000407346,0.000411738,0.00107551,1786717200,0.000551483,0,0.000529688,1,-0.000461211,0.000368589,0,1,-0.000518996,0.000423938,0,1,-0.000468492,0.000418166,7.93918e-06,1
1786717380,-0.000193078,-4.2903e-05,0.000364601,-0.000193078,0.000567318,0.50404,7.57843e-05,7.91189e-05,0.0285971,-0.00103449,-0.000860322,-0.000436738,-0.000161569,7.19073e-06,0.00014494,0.000354857,0.000720692,0.00100196,5.98069e-05,7.49633e-05,7.72648e-05,8.26241e-05,6.99497e-05,8.05462e-05,7.46378e-05,7.35595e-05,0.000522065,0,0.000497104,-0.000473659,0.000471266,0,0.483802,-0.0010227,-0.000394416,0.000377882,0.00102922,1786717200,-0.000516143,0.000409005,0,1,-0.000546589,0.000442048,0,1,0.000506051,0,0.000411799,1,0.000537714,0,0.000467422,1
1786717440,-0.000622394,-4.29113e-05,1.60913e-05,-0.00102501,0.00056228,0.501336,0.000172593,0.000170013,0.0361133,-0.000958706,-0.000781557,-0.000399398,-0.00015529,3.07298e-06,0.000130553,0.000304656,0.000653829,0.000909141,0.000193631,0.000175269,0.000175641,0.000175428,0.000165188,0.000178995,0.000164643,0.00018527,0.000468541,0,0.000435825,-0.000411827,0.000367936,0,0.478179,-0.00090555,-0.000352579,0.000321703,0.000910586,1786717200,-0.000501199,0.00042344,0,1,-0.000492696,0.000424242,0,1,0.000519949,0,0.000504204,1,0.000441313,0,0.000378931,1
1786717500,0.000858374,-5.36715e-06,0.000858374,-0.00012882,0.000563545,0.518662,0.000247113,0.000248021,0.0242808,-0.00106559,-0.000826157,-0.000409247,-0.000142483,3.21732e-05,0.000169566,0.000406145,0.000773511,0.00102546,0.000316217,0.000263894,0.000262381,0.00024803,0.000274696,0.000259575,0.000242614,0.000226344,0.000530325,0,0.000509825,-0.000457064,0.000473226,0,0.489342,-0.000979596,-0.00036191,0.000384714,0.000988178,1786717500,0.000430693,0,0.00037795,1,-0.000460698,0.000403556,0,1,0.000467449,0,0.000435906,1,-0.000499993,0.000449876,2.08833e-05,1
1786717560,0.000343143,0,0.000514671,-8.58042e-05,0.000570936,0.504947,0.000105497,0.000106531,0.0196168,-0.0010905,-0.000876317,-0.000436647,-0.000160255,8.54431e-06,0.000147423,0.000387055,0.000743893,0.00100434,0.000100017,0.000102004,0.000102787,0.00010495,0.000107271,0.000113031,0.000111571,9.79938e-05,0.000539502,0,0.000507071,-0.000484188,0.00047218,0,0.48718,-0.00102123,-0.000391921,0.000395345,0.00102765,1786717500,0.000453034,0,0.000417266,1,0.000420858,0,0.000415878,1,0.000468318,0,0.000438398,1,0.000462434,0,0.000435188,1
1786717620,0.000776999,4.82451e-05,0.00114653,4.82451e-05,0.000567277,0.500672,0.000239065,0.000238221,0.0255069,-0.0010033,-0.00082497,-0.000415941,-0.000159311,2.31168e-06,0.000129071,0.000322811,0.000668943,0.000937494,0.000274821,0.000231496,0.000230342,0.00023056,0.00023735,0.000223188,0.000248524,0.000237515,0.000489177,0,0.000448116,-0.00044626,0.000401654,0,0.482229,-0.000958444,-0.000375308,0.000350824,0.000956344,1786717500,-0.000474721,0.000384791,0,1,0.000442494,0,0.000402272,0,0.000440727,0,0.000416872,1,0.000483351,0,0.000442334,1
1786717680,-0.000337518,-5.35655e-06,6.42763e-05,-0.000498281,0.000572225,0.482655,9.46094e-05,9.85132e-05,0.0252051,-0.00105704,-0.000863671,-0.000466319,-0.000197651,-2.51223e-05,0.000122009,0.000343577,0.000707284,0.00100536,9.57184e-05,9.93504e-05,0.000100398,0.000106734,9.65257e-05,0.000112716,8.5703e-05,9.516e-05,-0.000538423,0.000401676,0,-0.000479031,0.000457613,0,0.475815,-0.00100319,-0.000409914,0.000367055,0.00102602,1786717500,-0.000448749,0.000369754,8.50708e-06,1,-0.00047072,0.000402496,0,1,0.000446983,0,0.000406605,1,-0.000439091,0.000394238,0,1
1786717740,5.894e-05,-2.14336e-05,0.00048749,-0.000101814,0.000568481,0.495491,5.75553e-05,6.1421e-05,0.0263251,-0.000940504,-0.00077396,-0.000399254,-0.000158404,-5.0225e-06,0.000121065,0.000301001,0.000647851,0.00089501,3.92268e-05,6.01617e-05,5.97567e-05,6.20773e-05,6.41725e-05,6.89353e-05,5.8573e-05,4.97474e-05,-0.000466684,0.000349745,0,-0.000437905,0.000379217,0,0.480758,-0.000932099,-0.00036347,0.000347042,0.000942841,1786717500,0.000498309,0,0.000475452,1,0.000447237,0,0.000403504,1,0.000461397,0,0.000390632,1,0.000431942,0,0.000388732,1
1786717800,-0.000117883,2.67898e-05,0.000283935,-0.000171471,0.00056283,0.494858,6.08603e-05,6.67387e-05,0.0396806,-0.000973734,-0.000798376,-0.00042915,-0.000170946,-6.10588e-06,0.000125033,0.000317801,0.000659352,0.000903408,4.73277e-05,6.25165e-05,5.98439e-05,7.78736e-05,6.35101e-05,5.88626e-05,5.78625e-05,6.07564e-05,-0.000495576,0.000389414,0,-0.00048014,0.000488725,2.01534e-05,0.481734,-0.00100087,-0.000397532,0.000377358,0.00101687,1786717800,0.0004309,0,0.000397756,1,-0.000454939,0.000411522,3.37788e-05,1,0.000420075,0,0.000410135,1,0.00041181,0,0.00040412,1
1786717860,0.000792767,-4.28702e-05,0.000792767,-0.000294769,0.000557422,0.500385,0.000253742,0.00025246,0.0593803,-0.000886035,-0.000714074,-0.00036354,-0.000143804,2.13882e-06,0.000110064,0.000276948,0.000590932,0.000800026,0.000282675,0.000240004,0.000245116,0.000242563,0.000244565,0.000263771,0.000264721,0.000250898,0.000426257,0,0.000366449,-0.000400551,0.000319257,0,0.482496,-0.00087153,-0.000333662,0.000316984,0.000865431,1786717800,0.000492541,1.06424e-05,0.000423383,1,0.000420786,0,0.000405734,1,0.00046927,0,0.000447103,1,0.000427042,0,0.000401781,1
1786717920,0.000380091,-0.000112449,0.000449669,-0.000417731,0.000563094,0.486232,0.000119524,0.000117966,0.0295817,-0.00102465,-0.000814869,-0.000428937,-0.000176399,-1.7895e-05,0.000114335,0.000343667,0.000703318,0.000960461,0.000110236,0.000112082,0.000111344,0.000111871,0.000113497,0.000112459,0.000129893,0.000113461,-0.00051189,0.000380229,0,-0.000464403,0.000444563,0,0.485512,-0.00098111,-0.000380973,0.000372132,0.000998978,1786717800,0.000390606,0,0.000373291,1,0.000481281,0,0.000433883,1,0.000406722,0,0.000405005,1,-0.000456103,0.000417405,1.91713e-05,1
1786717980,-0.000422927,0,5.35236e-06,-0.00115678,0.00056002,0.485595,0.000110995,0.00011074,0.0370915,-0.000980774,-0.000792391,-0.000410719,-0.000177084,-1.71525e-05,0.000104165,0.000318986,0.000661583,0.000927211,0.000119194,0.000119781,0.000119922,0.000119969,0.000115368,0.000123383,0.000100143,0.000113769,-0.000485584,0.000334177,0,-0.000438849,0.000412493,0,0.48309,-0.000938992,-0.000364849,0.00034595,0.00095484,1786717800,-0.00046206,0.000398422,0,1,0.000406758,0,0.000383581,1,-0.000430082,0.000386328,0,1,0.000421709,0,0.000390245,1
1786718040,0.000417575,-6.96127e-05,0.000701212,-0.000546322,0.000557609,0.493026,0.00012717,0.000125417,0.0322038,-0.000981146,-0.000770473,-0.000401231,-0.00017052,-8.86884e-06,0.000123454,0.000341866,0.000696588,0.000931454,0.000120646,0.000122516,0.000121672,0.000123605,0.000124162,0.000121038,0.000134968,0.000120639,-0.000491187,0.000408334,0,-0.000446087,0.000459749,0,0.488422,-0.000951693,-0.000355959,0.000367336,0.000981827,1786717800,-0.000438065,0.000364175,7.87566e-06,1,-0.000441,0.000398765,0,1,0.000394933,0,0.000385107,1,-0.000446882,0.000406505,0,1
1786718100,0.000203371,3.74661e-05,0.000326443,3.74661e-05,0.000555154,0.493834,8.19453e-05,8.16369e-05,0.0376943,-0.000977418,-0.000777202,-0.000406771,-0.000167864,-7.87784e-06,0.000126285,0.000350471,0.000716558,0.00093611,6.15548e-05,7.54882e-05,7.16761e-05,9.10292e-05,7.96603e-05,6.86228e-05,9.09125e-05,7.16571e-05,-0.0004999,0.000385137,0,-0.000457964,0.000444336,0,0.48538,-0.000963073,-0.000370465,0.000368026,0.00098774,1786718100,0.000450807,0,0.000418158,1,0.000413949,0,0.00039236,1,0.000430986,0,0.000392233,1,0.000379055,0,0.000373024,1
1786718160,0.0004922,3.74585e-05,0.0004922,-5.88662e-05,0.000550327,0.497527,0.000150031,0.000147023,0.0535442,-0.00087273,-0.000710006,-0.000371947,-0.000146736,-1.05262e-06,0.00010213,0.000283483,0.000595533,0.000803978,0.000146828,0.000142856,0.000141795,0.000142158,0.000142518,0.000139884,0.000161351,0.000144825,-0.000435324,0.000289568,0,-0.000380314,0.000284137,0,0.484491,-0.000832915,-0.000318251,0.000293343,0.000826713,1786718100,0.000461942,0,0.000444028,1,0.000411624,0,0.000407173,1,0.000399016,0,0.000397329,1,-0.000408153,0.000372336,1.01351e-05,1
1786718220,7.48787e-05,5.34867e-06,0.000310175,-2.1395e-05,0.000549225,0.488998,5.77416e-05,5.97403e-05,0.0542763,-0.000875524,-0.000721551,-0.000385499,-0.00015736,-1.2627e-05,0.000104345,0.000295893,0.000612559,0.000833847,4.01625e-05,5.78603e-05,5.12299e-05,6.1685e-05,6.17509e-05,4.54817e-05,6.33784e-05,6.11838e-05,-0.000452369,0.000308294,0,-0.000385399,0.00032146,0,0.484653,-0.000826669,-0.000322265,0.000301541,0.000838441,1786718100,-0.000371997,0.000328292,0,1,-0.00043473,0.000409049,1.48244e-05,1,0.000413909,0,0.000409362,1,0.000411711,0,0.00039878,1
1786718280,0.00037431,0,0.000449155,0,0.000543808,0.495265,0.000118941,0.000115068,0.0759899,-0.000835139,-0.000681818,-0.000353781,-0.00014422,-3.4823e-06,9.52988e-05,0.000263524,0.00057254,0.000791892,0.00010864,0.000109979,0.000108759,0.000109404,0.000106088,0.000106654,0.00013521,0.000110314,-0.0004125,0.000265028,0,-0.000364109,0.000272369,0,0.478759,-0.000799118,-0.000310461,0.000272496,0.000801863,1786718100,-0.000391823,0.000352196,0,1,0.000389289,0,0.000329068,1,0.000432906,0,0.000418437,1,0.000436586,0,0.000410117,1
1786718340,0.000251244,5.34626e-06,0.000502424,5.34626e-06,0.000540939,0.497874,8.3617e-05,8.14003e-05,0.0915259,-0.000804511,-0.000663501,-0.000361198,-0.000138165,-8.16027e-07,0.000100746,0.000273649,0.000560341,0.000783784,7.42362e-05,8.16884e-05,7.534e-05,7.98847e-05,7.99071e-05,7.20995e-05,9.47297e-05,8.77117e-05,-0.000419758,0.000262232,0,-0.000368259,0.000289212,0,0.480813,-0.000786294,-0.000309514,0.000281284,0.000795581,1786718100,-0.000361522,0.000343849,0,1,0.000373447,0,0.000359477,1,-0.000375029,0.000332208,0,1,-0.000419097,0.000392852,3.76033e-05,1
1786718400,-0.000288668,0,0.000144303,-0.00048116,0.000536679,0.498409,7.5011e-05,8.09741e-05,0.125108,-0.000759202,-0.000624148,-0.000344956,-0.000134283,9.18526e-08,9.5299e-05,0.000249849,0.00051917,0.000743508,8.22177e-05,8.70269e-05,8.23096e-05,8.27918e-05,9.20114e-05,8.2454e-05,6.2831e-05,8.01126e-05,-0.000394177,0.000218,0,-0.000366635,0.000293577,0,0.481181,-0.000806443,-0.000312523,0.000277318,0.000810563,1786718400,-0.000360164,0.000321614,0,1,-0.000360101,0.000328573,0,1,0.000375611,0,0.000352178,1,0.00037697,0,0.0003457,1
1786718460,-2.13861e-05,9.0886e-05,0.000138999,-0.000192492,0.000532852,0.506864,4.34651e-05,4.93784e-05,0.107199,-0.000775076,-0.000621885,-0.000315549,-0.000127992,9.56053e-06,0.000101877,0.000262636,0.00053872,0.000752482,3.69072e-05,5.24759e-05,4.22493e-05,5.20212e-05,5.47518e-05,3.75252e-05,4.3323e-05,4.37645e-05,0.000382387,0,0.00032763,-0.000374266,0.000312022,0,0.483175,-0.00081322,-0.000308609,0.000294517,0.000821991,1786718400,-0.000364616,0.000342075,0,1,0.000355055,0,0.000333426,1,-0.000369523,0.000331655,0,1,-0.000381317,0.000337296,4.01032e-06,1
1786718520,-0.000513405,-1.60399e-05,-1.60399e-05,-0.000588298,0.000527505,0.520776,0.000147008,0.000146014,0.15127,-0.000685107,-0.000541592,-0.000260146,-9.01277e-05,2.30827e-05,9.92265e-05,0.000236941,0.000484428,0.000649505,0.000151611,0.000144894,0.000145908,0.00014462,0.000150813,0.000155607,0.000143654,0.000165663,0.000325905,0,0.000213778,-0.000321237,0.000241304,0,0.487435,-0.000696936,-0.000256873,0.000254827,0.000701013,1786718400,-0.000359961,0.000337613,0,1,-0.000365258,0.000343683,0,1,0.000368106,0,0.000335715,1,-0.000374936,0.000351716,0,1
1786718580,-0.000230048,-5.34935e-06,9.62835e-05,-0.000460149,0.000527226,0.517058,6.78391e-05,7.25783e-05,0.0864776,-0.000756231,-0.000599104,-0.000301214,-0.000111818,2.25633e-05,0.000106659,0.000255714,0.000509045,0.000668396,6.61406e-05,7.62081e-05,6.85541e-05,7.27761e-05,7.72574e-05,6.6325e-05,6.52822e-05,6.53762e-05,0.000366274,0,0.000328907,-0.000356073,0.000265939,0,0.48544,-0.000774935,-0.000292415,0.000282744,0.000753801,1786718400,0.000314545,1.28989e-06,0.000290512,1,-0.00035411,0.000343328,0,1,-0.000368753,0.000337026,0,1,-0.000358642,0.000326243,0,1
1786718640,-0.000219397,1.60516e-05,1.60516e-05,-0.000246156,0.000522941,0.517437,6.76398e-05,7.18059e-05,0.103091,-0.000755666,-0.000592881,-0.000295208,-0.000111299,2.30637e-05,0.00011546,0.000274241,0.000524702,0.000686339,6.4174e-05,7.39068e-05,6.57268e-05,7.44592e-05,7.36178e-05,6.37446e-05,6.5076e-05,6.79631e-05,0.00037223,0,0.000316246,-0.000354277,0.000283677,0,0.490386,-0.000777622,-0.00028346,0.000290234,0.00076643,1786718400,0.000337115,0,0.000324155,1,-0.000316815,0.000294043,7.10556e-06,1,-0.000357989,0.000329251,0,1,-0.000367124,0.000339358,0,1
1786718700,0.000700833,0,0.000775702,0,0.000518614,0.52118,0.000234057,0.000232185,0.13093,-0.000723684,-0.000586933,-0.000289197,-0.000102626,2.70191e-05,0.000108905,0.000240905,0.00046782,0.000622888,0.00023713,0.000211554,0.000235407,0.0002147,0.000212742,0.000239582,0.000250507,0.000237729,0.000347629,0,0.000297509,-0.000333069,0.000244024,0,0.484806,-0.000721575,-0.000281521,0.000257131,0.000676928,1786718700,0.000347489,0,0.000331651,1,0.000346434,0,0.000327438,1,0.000314307,0,0.000316469,1,-0.00035958,0.000331175,0,1
1786718760,-0.000700833,-5.34801e-06,0.000326174,-0.000700833,0.000522881,0.502984,0.000201781,0.000197035,0.0470404,-0.000814989,-0.000657947,-0.000334343,-0.000133243,5.17217e-06,0.000102632,0.000273153,0.000534024,0.000743526,0.000228998,0.000203483,0.000215326,0.000206709,0.000201065,0.000226945,0.00018693,0.000208436,0.000400018,0,0.000379981,-0.000394409,0.000326234,0,0.484214,-0.00085049,-0.000330435,0.00030601,0.000836084,1786718700,0.00032327,0,0.000278239,1,-0.000344082,0.000317638,6.47971e-06,1,0.000339301,0,0.000343401,1,-0.000318805,0.000291084,1.78563e-05,1
1786718820,-6.95751e-05,-2.67591e-05,0.000192644,-0.000112393,0.000527029,0.501454,5.2349e-05,5.81229e-05,0.0298563,-0.000910911,-0.000725496,-0.000367382,-0.000152266,3.67406e-06,0.000113502,0.000287977,0.000579555,0.000805685,3.9789e-05,5.43436e-05,4.84692e-05,6.14166e-05,5.89351e-05,4.8014e-05,5.42373e-05,4.53538e-05,0.000433772,0,0.000492505,-0.000418404,0.000357442,4.73088e-05,0.484329,-0.000912791,-0.00034927,0.000324875,0.000886335,1786718700,-0.000382476,0.000319878,8.26252e-06,1,0.000335614,0,0.00030236,1,0.000350271,0,0.000348986,1,-0.000333142,0.000293093,6.18062e-06,1
1786718880,0.000262219,8.56302e-05,0.000460176,-2.14087e-05,0.000521825,0.507766,8.1108e-05,7.8696e-05,0.0397402,-0.000738286,-0.000606012,-0.000303483,-0.000113454,9.51364e-06,0.000105741,0.000240641,0.00049631,0.000659983,7.76719e-05,8.14391e-05,7.74234e-05,7.88297e-05,8.72395e-05,7.57856e-05,8.60866e-05,7.97252e-05,0.000359697,0,0.000308227,-0.000348831,0.000252521,0,0.487273,-0.000766924,-0.000288175,0.000275381,0.000752902,1786718700,-0.000413557,0.000357502,0,1,-0.000370758,0.000337254,0,1,-0.000279456,0.000260788,3.71984e-05,1,-0.00034492,0.000315159,1.13002e-05,1
1786718940,-0.000278276,0,0,-0.000438855,0.00051791,0.508998,7.82219e-05,8.2348e-05,0.0443018,-0.000803962,-0.000647303,-0.000327288,-0.000122123,1.18706e-05,0.000114378,0.000274613,0.000541483,0.00071507,7.907e-05,8.33137e-05,7.94301e-05,8.35039e-05,8.45764e-05,7.98964e-05,7.46571e-05,8.04973e-05,0.000395711,0,0.000360503,-0.000374792,0.000295301,0,0.489762,-0.000822811,-0.000309449,0.000297565,0.00080467,1786718700,0.000355534,1.61441e-05,0.000321369,1,0.000398515,0,0.000380058,1,-0.000380695,0.000338883,0,1,-0.000308463,0.000246214,4.04789e-05,1
1786719000,-0.000251585,-8.02862e-05,-3.74661e-05,-0.000294414,0.000514212,0.507474,7.2446e-05,7.60169e-05,0.0517258,-0.000795755,-0.000627544,-0.000311881,-0.000117683,9.4624e-06,0.000108805,0.000253022,0.000509499,0.000688255,7.16559e-05,7.84616e-05,7.19563e-05,7.77979e-05,7.87682e-05,7.22765e-05,6.97218e-05,7.19738e-05,0.000372474,0,0.000349909,-0.00035844,0.000281399,0,0.489463,-0.000784711,-0.000293647,0.000287435,0.0007705,1786719000,-0.000377089,0.000350099,1.97621e-06,1,-0.000351882,0.000305948,4.02021e-05,1,-0.000405483,0.00034538,1.27199e-05,1,-0.000358087,0.0003283,1.21016e-05,1
1786719060,-0.000990897,1.60605e-05,2.1414e-05,-0.00122135,0.000510286,0.510362,0.000354629,0.000347672,0.0637264,-0.000740366,-0.00059182,-0.000289958,-0.000107534,1.21942e-05,0.000107869,0.000239567,0.000470968,0.000635028,0.000373441,0.000338299,0.000367312,0.000357971,0.000325153,0.000383625,0.000351668,0.000351069,0.000348067,0,0.00030379,-0.000314188,0.000217278,0,0.48881,-0.000697898,-0.00025822,0.000247747,0.000670738,1786719000,0.000348662,0,0.000332344,0,0.000388176,0,0.000370852,0,0.000385026,0,0.000365134,1,0.000417629,0,0.000383721,1
1786719120,0,9.10964e-05,0.000294694,-0.000101823,0.000524234,0.523221,5.47463e-05,5.99944e-05,0.0258638,-0.000984118,-0.000737732,-0.000348308,-0.000122499,3.64136e-05,0.000153534,0.000362258,0.000664537,0.000885114,3.58375e-05,5.00904e-05,4.72043e-05,5.57203e-05,5.75015e-05,5.26999e-05,5.82732e-05,5.66352e-05,0.000464608,0,0.000513486,-0.000420127,0.000383343,5.28207e-05,0.495705,-0.000913491,-0.000332453,0.000349266,0.000879481,1786719000,0.000309989,0,0.000276975,1,0.000351511,0,0.000338016,1,0.000368681,0,0.000368741,0,0.000370926,0,0.000367974,1
1786719180,-0.000498498,0,1.60764e-05,-0.000578924,0.000518966,0.522556,0.000146206,0.000145191,0.03306,-0.000884075,-0.000669051,-0.000308234,-0.000106796,3.05005e-05,0.000138232,0.000310985,0.000576946,0.000772697,0.000145308,0.000140584,0.000140613,0.000140524,0.000132681,0.000142517,0.000145392,0.000161659,0.000403122,0,0.00036271,-0.000375791,0.00029033,0,0.49308,-0.000834367,-0.00030075,0.000310361,0.000804335,1786719000,-0.00041741,0.000349465,0,1,-0.000314294,0.000272317,6.87296e-06,0,0.000340713,0,0.000339901,0,-0.000368419,0.000345848,8.3664e-06,0
1786719240,5.89751e-05,3.753e-05,0.000536009,3.753e-05,0.000518564,0.525482,4.88098e-05,5.23936e-05,0.0327812,-0.000853813,-0.000663773,-0.000317739,-0.00010437,3.49807e-05,0.000143448,0.000309533,0.000578363,0.000733925,3.90811e-05,5.24943e-05,4.81375e-05,5.0494e-05,6.03405e-05,4.70501e-05,4.62237e-05,5.0939e-05,0.00040834,0,0.000386042,-0.000370442,0.000285376,0,0.494016,-0.000824299,-0.000305457,0.000302902,0.000771046,1786719000,0.000360994,0,0.000353043,1,0.000413905,0,0.00037852,1,0.000329755,0,0.000314417,0,0.000351345,0,0.000327208,0
1786719300,-0.000321724,5.3612e-06,0.000160823,-0.000359266,0.00051342,0.511177,9.18369e-05,9.06668e-05,0.0433325,-0.000827636,-0.000648226,-0.000325313,-0.000118647,1.4671e-05,0.000125723,0.000277943,0.000544403,0.000710391,9.08784e-05,9.13606e-05,9.13302e-05,9.13926e-05,8.84764e-05,9.23204e-05,8.73272e-05,0.000103309,0.000396008,0,0.000383333,-0.000369707,0.00029253,2.43276e-05,0.489586,-0.000828206,-0.000313612,0.000292554,0.00079422,1786719300,0.000380041,0,0.000369657,1,-0.00037581,0.000317154,1.13456e-06,1,-0.000421244,0.000351255,0,1,0.000326765,0,0.000310499,0
1786719360,-0.000563267,-1.60889e-05,-1.60889e-05,-0.000955059,0.000510292,0.516551,0.000161223,0.000159284,0.0523275,-0.000825751,-0.000653362,-0.000316491,-0.000114851,2.23744e-05,0.000127688,0.000285304,0.000560503,0.000708095,0.000170392,0.000158399,0.000160972,0.000158426,0.000148202,0.00016996,0.00015968,0.000173264,0.000394294,0,0.00039173,-0.000361487,0.000282273,1.22717e-05,0.490072,-0.000804054,-0.000304272,0.000288578,0.000760093,1786719300,0.00040447,1.19744e-05,0.000382045,1,0.000391177,0,0.000378372,1,-0.000393364,0.000321448,0,1,0.000412701,0,0.000376963,1
1786719420,0.000348726,-1.6098e-05,0.000348726,-0.000660231,0.000511406,0.523638,9.44945e-05,9.48696e-05,0.0477676,-0.000881464,-0.000674808,-0.000329286,-0.000112187,3.40942e-05,0.000149277,0.000337147,0.000629138,0.000796378,0.000101833,0.000102665,0.000101931,0.000102652,0.000111135,9.94366e-05,9.0798e-05,8.81376e-05,0.000434692,0,0.000448142,-0.000378396,0.000361137,4.36911e-05,0.496221,-0.000831523,-0.000303177,0.0003187,0.000806872,1786719300,0.000377862,0,0.000362054,1,-0.000397754,0.000339198,4.90007e-05,1,0.000367542,0,0.000388236,1,0.000355076,0,0.000329684,1
1786719480,0.000182362,5.36407e-06,0.000182362,5.36407e-06,0.000508662,0.517419,6.78221e-05,6.90881e-05,0.0412863,-0.000922043,-0.000718885,-0.000341911,-0.000122692,2.5451e-05,0.000147926,0.00035606,0.000657686,0.000848031,5.8291e-05,6.70091e-05,6.27613e-05,7.70354e-05,7.65245e-05,5.9295e-05,6.95142e-05,6.41497e-05,0.000421232,1.22967e-06,0.000470122,-0.000400436,0.000409972,3.69427e-05,0.49821,-0.000872631,-0.000316954,0.000337689,0.000862387,1786719300,0.000390948,0,0.000383304,1,0.00038074,0,0.000389889,1,0.00042303,0,0.000420093,1,0.000376928,0,0.000387888,1
1786719540,0.000182329,-4.29058e-05,0.000638006,-9.65406e-05,0.00050421,0.521119,6.0563e-05,6.13025e-05,0.0505422,-0.000776002,-0.000617902,-0.000296543,-9.68582e-05,2.53916e-05,0.000122072,0.00026426,0.000512446,0.000667785,5.82855e-05,6.64748e-05,6.13561e-05,6.08033e-05,7.5489e-05,5.76568e-05,5.81259e-05,6.05015e-05,0.000338579,0,0.000286746,-0.00030743,0.000233093,0,0.492918,-0.000688404,-0.000254686,0.000241729,0.000651891,1786719300,0.000411504,0,0.000421904,1,0.000380788,0,0.000378607,1,0.000374916,0,0.000389968,1,-0.000411301,0.000395239,1.41607e-05,1
1786719600,0.000680759,-5.36215e-06,0.000680759,-0.000171603,0.000499808,0.50002,0.000198451,0.000197285,0.0677081,-0.000923313,-0.000764691,-0.000390483,-0.000161766,7.01346e-07,0.000142725,0.00034225,0.000658712,0.000869225,0.00022684,0.000207056,0.000221717,0.000198075,0.000208762,0.000230844,0.000197602,0.000204676,0.000444297,0.000182039,0.000622233,-0.000422683,0.000652615,0.000276199,0.477655,-0.000887147,-0.000357946,0.000327328,0.000889588,1786719600,-0.000310159,0.000234625,0,1,0.000399597,0,0.000396817,1,0.000390068,0,0.000382203,1,0.000383311,0,0.000387746,1
1786719660,-0.000943538,1.07169e-05,0.000107164,-0.000986447,0.000504064,0.502201,0.000296208,0.000288776,0.0397098,-0.000915553,-0.000735943,-0.000362397,-0.000137513,3.28102e-06,0.000135268,0.000324332,0.000614061,0.000825122,0.000349567,0.000316344,0.00033158,0.000287844,0.000295086,0.000348079,0.000277098,0.000300518,0.000414916,0,0.000503491,-0.000397631,0.000391539,2.58737e-05,0.48184,-0.000847024,-0.000333016,0.000311479,0.000854696,1786719600,0.000550446,0,0.000475475,1,0.000330682,0,0.000264092,1,0.000393796,0,0.000372058,1,0.00038973,0,0.000371456,1
1786719720,0.00024133,-5.36356e-06,0.000498685,-0.000236024,0.000516531,0.510094,8.11021e-05,8.1567e-05,0.0197376,-0.00096945,-0.000753418,-0.000365779,-0.000140096,1.54965e-05,0.00014841,0.000346506,0.000670851,0.000877864,7.19086e-05,7.76479e-05,7.77078e-05,8.40099e-05,8.63382e-05,8.52717e-05,8.48724e-05,7.34171e-05,0.000429445,2.11727e-05,0.000539126,-0.000415616,0.000408551,0.000100926,0.484979,-0.000897893,-0.000344036,0.000331172,0.000886704,1786719600,-0.000392623,0.000327106,2.10109e-05,1,-0.000456718,0.000410878,4.08853e-05,1,0.00032924,0,0.000287759,1,0.000381988,0,0.000376317,1
1786719780,-0.000262785,-4.28989e-05,-4.28989e-05,-0.000300331,0.000512477,0.512115,8.30069e-05,8.60761e-05,0.025071,-0.000910068,-0.000715048,-0.000347825,-0.000130816,1.77502e-05,0.000142388,0.000330772,0.000633431,0.00086333,7.46493e-05,8.04099e-05,7.91767e-05,8.58703e-05,7.93778e-05,8.09594e-05,8.38647e-05,8.50523e-05,0.000408845,0,0.0004572,-0.00041521,0.000410502,2.16096e-05,0.489042,-0.000891785,-0.000330746,0.000341739,0.000902115,1786719600,-0.00042519,0.000381112,0,1,-0.000381583,0.00035967,0,1,0.00045508,0,0.000409572,1,0.000338156,0,0.000279529,1
1786719840,0.000209161,-5.36367e-06,0.000278871,-0.000364795,0.000508686,0.520171,6.78157e-05,6.80814e-05,0.0299255,-0.000827818,-0.000659195,-0.000307404,-0.000108561,2.69172e-05,0.000135151,0.000285461,0.000573903,0.000743976,6.28809e-05,7.14381e-05,6.94429e-05,6.69058e-05,8.04116e-05,6.70489e-05,6.77335e-05,6.43439e-05,0.00035814,0,0.000352829,-0.00034484,0.000254898,0,0.485772,-0.00076231,-0.000286204,0.000276135,0.000732462,1786719600,0.000413793,0,0.000395932,1,0.000423364,0,0.00037081,1,0.000386584,0,0.000348981,1,0.000428181,3.00496e-05,0.000446009,1
1786719900,0.000241285,-3.21757e-05,0.0003217,-0.000128709,0.000504441,0.515644,7.57767e-05,7.55245e-05,0.0402973,-0.000826703,-0.000664602,-0.000322113,-0.000121425,2.21449e-05,0.000143209,0.000312392,0.00060359,0.000788804,7.15847e-05,7.63359e-05,7.33657e-05,7.99042e-05,8.50002e-05,7.00598e-05,7.89737e-05,6.83104e-05,0.000381777,0,0.000407533,-0.00039129,0.000389198,0,0.49115,-0.000844005,-0.000314813,0.0003234,0.000854568,1786719900,-0.000331338,0.00029224,0,1,-0.000408292,0.00036698,0,1,-0.00042216,0.000375467,0,1,0.000367849,0,0.000339927,1
1786719960,4.825e-05,-5.89754e-05,0.000353779,-0.000402174,0.000500536,0.511894,4.8809e-05,5.17177e-05,0.0543335,-0.000816306,-0.000665746,-0.000325226,-0.000120856,1.60451e-05,0.000128929,0.000275192,0.000548704,0.000741561,3.85212e-05,4.96702e-05,4.44306e-05,4.91578e-05,5.75066e-05,3.89861e-05,5.17793e-05,4.68562e-05,0.000364594,0,0.000378764,-0.000361264,0.000324072,0,0.486902,-0.000796339,-0.000301573,0.000288718,0.000789818,1786719900,0.000416427,0,0.000398441,1,0.000369767,0,0.000317758,1,-0.000442951,0.00037402,0,1,0.000436181,0,0.000373047,1
1786720020,0.00051988,5.36097e-06,0.000562745,-0.000225187,0.000495552,0.511412,0.00014994,0.000148046,0.0883644,-0.000845841,-0.000678291,-0.000324822,-0.000124465,1.57787e-05,0.000134479,0.000292917,0.000587703,0.0008219,0.000157217,0.000149737,0.00015255,0.000149983,0.000153084,0.000159391,0.00015538,0.000139515,0.000374294,0,0.000423851,-0.00034942,0.000363887,3.23888e-05,0.482505,-0.00077581,-0.000291668,0.000279301,0.000794262,1786719900,-0.000383812,0.000329466,0,1,-0.000402959,0.000362449,0,1,0.000335635,0,0.000326039,1,0.000397226,0,0.000347251,1
1786720080,-0.000686084,1.60745e-05,0.000353578,-0.000686084,0.000496051,0.505395,0.000196585,0.000191591,0.0660889,-0.000846173,-0.000678882,-0.000332303,-0.000134178,7.80589e-06,0.000122179,0.000287762,0.000576394,0.000781869,0.00022126,0.000202323,0.000209924,0.000192872,0.000190036,0.000225054,0.00018769,0.000199457,0.000377008,0,0.000419686,-0.000351108,0.000352921,0,0.485222,-0.000772265,-0.000296471,0.000281488,0.000792369,1786719900,-0.000363949,0.000331545,0,1,0.00038148,0,0.000352596,1,0.000401796,0,0.000373129,1,0.00033688,0,0.000305207,1
1786720140,0.000289499,-5.36189e-06,0.000332381,-0.00018232,0.000500559,0.506416,8.98762e-05,8.90809e-05,0.028294,-0.000921901,-0.000724779,-0.000358333,-0.000148762,1.00613e-05,0.000137208,0.000320573,0.00064511,0.000850385,8.46871e-05,8.58514e-05,8.53665e-05,9.30711e-05,9.3186e-05,8.3337e-05,9.70341e-05,8.39694e-05,0.00041222,2.4994e-05,0.000510939,-0.000385107,0.000386537,8.42787e-05,0.484442,-0.000855018,-0.000322168,0.000307555,0.000857796,1786719900,-0.000385487,0.000361842,0,1,-0.000357918,0.000353847,0,1,0.000379579,0,0.000354355,1,0.000407909,0,0.000380933,1
1786720200,0.000557318,0,0.000787657,0,0.000497216,0.516117,0.000158524,0.00015612,0.0353646,-0.00083693,-0.000671174,-0.000316425,-0.00012133,2.29292e-05,0.000136783,0.000305811,0.000591068,0.000779424,0.000171326,0.000160169,0.000163401,0.00016011,0.000164143,0.000166115,0.00016007,0.000152465,0.000374537,7.77105e-06,0.000379635,-0.000359745,0.00034808,0,0.491367,-0.000791491,-0.00028899,0.000301066,0.000811134,1786720200,-0.000411711,0.000373693,0,1,-0.000372699,0.000352296,0,1,-0.000366128,0.000335241,0,1,0.000392391,0,0.000357408,1
1786720260,-0.000123226,2.67863e-05,0.000316033,-0.000262544,0.000498489,0.502721,5.69249e-05,6.2508e-05,0.0340393,-0.000898615,-0.000733511,-0.000357498,-0.000151697,4.86643e-06,0.000129115,0.000306229,0.000609189,0.000821379,4.87273e-05,5.58171e-05,5.34905e-05,6.2396e-05,5.98773e-05,5.09562e-05,5.98375e-05,5.61086e-05,0.00040411,0,0.000453828,-0.000388941,0.000371417,7.90484e-06,0.483699,-0.000855886,-0.000329134,0.000305049,0.000863872,1786720200,0.000380863,0,0.000332791,1,0.000411393,0,0.000343982,1,0.00037181,0,0.000337174,1,-0.000371113,0.000355349,0,1
1786720320,8.03667e-05,5.35798e-06,0.000364277,5.35798e-06,0.000493787,0.49699,5.29969e-05,5.50414e-05,0.0439395,-0.000807379,-0.000678124,-0.000331355,-0.000138532,-2.9149e-06,0.000112791,0.000267823,0.000563459,0.000777617,4.10778e-05,5.06347e-05,4.6114e-05,5.82163e-05,5.93326e-05,4.13402e-05,5.98046e-05,4.97339e-05,-0.00036753,0.000354419,2.8005e-05,-0.000372184,0.000356753,1.17498e-05,0.479486,-0.000820549,-0.000313513,0.000290689,0.000843084,1786720200,-0.000416395,0.000365747,0,1,-0.00037622,0.000331959,0,1,-0.000414628,0.000355931,0,1,-0.000374287,0.000338928,0,1
1786720380,-4.82192e-05,-9.64408e-05,0.000241061,-0.000273273,0.000488956,0.498419,4.38568e-05,4.88224e-05,0.0647987,-0.00075573,-0.000631394,-0.0003093,-0.000129221,-5.73872e-07,0.000100315,0.000242106,0.000503512,0.000692721,3.85231e-05,4.81562e-05,4.23287e-05,5.05012e-05,5.42741e-05,3.62018e-05,4.40171e-05,4.08352e-05,-0.000338271,0.000308443,5.6522e-06,-0.000336154,0.000289343,0,0.481251,-0.000755236,-0.000285961,0.000262947,0.000771437,1786720200,-0.000394234,0.000372376,0,1,-0.000424568,0.00037602,0,1,0.000396029,0,0.000317152,1,-0.000424126,0.000370568,0,1
1786720440,8.57215e-05,0,0.000123222,-0.000241131,0.00048409,0.508056,4.92868e-05,4.95859e-05,0.0892821,-0.000771561,-0.000616227,-0.000295126,-0.000113573,9.78189e-06,0.000102839,0.00024427,0.000518515,0.000696743,4.18728e-05,4.95227e-05,4.31421e-05,5.41621e-05,5.67751e-05,3.70528e-05,5.31023e-05,4.77037e-05,0.000329843,0,0.000323163,-0.00032735,0.000310262,0,0.488059,-0.000737952,-0.000271946,0.000266502,0.000761093,1786720200,0.000369261,0,0.000304745,1,-0.000387169,0.000355192,0,1,-0.000400649,0.000369802,0,1,-0.000352,0.000335959,0,1
1786720500,-2.67872e-05,0,0.00018749,-0.000101795,0.000479378,0.51568,4.49462e-05,4.93139e-05,0.134242,-0.000766738,-0.000628603,-0.000296564,-0.000107076,1.95547e-05,0.000111681,0.000274798,0.000533593,0.000715092,3.73241e-05,4.5526e-05,3.75268e-05,5.61564e-05,4.93308e-05,2.83313e-05,4.78747e-05,4.16078e-05,0.000344836,4.62507e-05,0.000355706,-0.000333861,0.000366236,0,0.492897,-0.000737539,-0.000271801,0.000279295,0.000763833,1786720500,0.000370348,0,0.000320117,1,-0.000365708,0.000315966,0,1,-0.000391075,0.000348388,0,1,-0.000370336,0.000350546,6.57828e-06,1
1786720560,0.000262483,5.35736e-05,0.000262483,-0.000326861,0.000474575,0.513136,8.14675e-05,7.90314e-05,0.209357,-0.000717456,-0.000577606,-0.000266224,-9.92942e-05,1.47291e-05,8.86501e-05,0.000217159,0.000463729,0.000644355,7.70601e-05,7.79438e-05,7.67971e-05,7.72837e-05,7.83847e-05,7.52702e-05,8.49062e-05,8.45137e-05,0.0002957,5.9921e-07,0.000296938,-0.000254434,0.000213283,0,0.4803,-0.000579161,-0.000212236,0.000191514,0.000592263,1786720500,-0.000376065,0.000351881,0,1,0.000377391,0,0.000329527,1,-0.000397203,0.000335875,0,1,-0.000382189,0.000362844,0,1
1786720620,0.000112472,5.35609e-06,0.000235641,-0.000224982,0.00047127,0.518004,5.15882e-05,4.96037e-05,0.242892,-0.000725331,-0.000584362,-0.000265546,-9.42352e-05,2.02769e-05,0.000103091,0.00025785,0.000513211,0.000703029,4.6197e-05,5.13729e-05,4.45692e-05,5.50227e-05,4.98076e-05,3.90313e-05,5.44922e-05,5.2973e-05,0.000314947,4.34263e-05,0.000301218,-0.000288118,0.000292642,0,0.49019,-0.000651186,-0.000234412,0.000239487,0.000684894,1786720500,0.000268074,0,0.000243316,1,0.000371918,0,0.000285835,1,0.000364758,0,0.000338225,1,-0.000366604,0.000349841,0,1
1786720680,-5.89122e-05,-4.82006e-05,8.03292e-05,-0.00038567,0.000466804,0.518269,4.16323e-05,4.58283e-05,0.361574,-0.000707837,-0.000563575,-0.000257974,-9.37934e-05,2.05476e-05,9.8961e-05,0.000234864,0.000473528,0.00066624,3.89859e-05,4.55987e-05,3.57555e-05,4.9497e-05,4.17164e-05,2.84936e-05,4.22058e-05,4.21064e-05,0.000298266,3.53753e-05,0.000276914,-0.000280235,0.000267912,0,0.486621,-0.000635764,-0.000232243,0.000225942,0.000665402,1786720500,-0.000319231,0.000286414,0,1,-0.000279722,0.000262382,0,1,-0.000309368,0.000295297,0,1,-0.000354968,0.000343706,4.07196e-06,1
1786720740,0.000133886,-7.49842e-05,0.000133886,-0.000235684,0.000462188,0.524336,5.06539e-05,4.83276e-05,0.501153,-0.000639087,-0.000513651,-0.000227254,-7.35382e-05,2.30582e-05,9.17653e-05,0.000220589,0.000445434,0.000629366,4.97553e-05,5.3946e-05,4.61231e-05,5.75001e-05,4.36941e-05,3.93509e-05,4.97456e-05,5.41761e-05,0.000269457,6.44325e-05,0.000231185,-0.000273978,0.000273344,0,0.492342,-0.000627698,-0.000221187,0.000229057,0.000665638,1786720500,-0.00030876,0.000279239,0,1,-0.0003111,0.000298844,0,1,-0.000292842,0.000252022,0,1,-0.000360347,0.000299355,0,1
1786720800,0.000637054,-2.67758e-05,0.000979503,-2.67758e-05,0.000457934,0.539533,0.000201939,0.000200184,0.633695,-0.000618354,-0.000494713,-0.000213082,-5.44986e-05,3.44334e-05,9.95059e-05,0.000220395,0.000436349,0.000616437,0.0002051,0.00019659,0.000226085,0.000195483,0.000215646,0.000247195,0.000196138,0.000203035,0.000261838,5.44482e-05,0.000192606,-0.000265319,0.000249315,0,0.494935,-0.000606659,-0.000212862,0.000222185,0.000634925,1786720800,0.000312628,0,0.00025777,1,0.000306619,0,0.00026516,1,0.000307449,0,0.000275521,1,-0.000290508,0.000268209,0,0
1786720860,0.000674085,0,0.00129961,0,0.000462197,0.494525,0.000213479,0.000209309,0.217914,-0.000822077,-0.000659881,-0.000326022,-0.000127232,-4.90201e-06,9.39975e-05,0.000267928,0.000556334,0.000811662,0.000223038,0.000209889,0.000230779,0.000193561,0.000196595,0.000220239,0.000215647,0.000221573,-0.000362781,0.000370244,6.87916e-05,-0.000352166,0.000356106,2.02548e-05,0.484715,-0.000780423,-0.000297153,0.000279702,0.000815164,1786720800,-0.000293648,0.000244864,0,0,0.000304849,0,0.000266102,0,-0.000303211,0.000284551,0,0,-0.000317706,0.000280669,0,0
1786720920,8.0218e-05,1.06961e-05,0.000251328,-3.2089e-05,0.000467377,0.481217,6.18856e-05,6.07301e-05,0.109167,-0.00089844,-0.000737586,-0.000382185,-0.000155299,-2.2784e-05,0.000100385,0.000293089,0.000621278,0.000863389,4.0794e-05,4.71906e-05,4.32226e-05,7.01437e-05,4.75015e-05,4.48574e-05,7.46106e-05,6.6748e-05,-0.000414921,0.000380588,8.90506e-05,-0.000379157,0.00039301,5.90546e-05,0.479474,-0.000825186,-0.000325388,0.000290122,0.000869883,1786720800,-0.000374334,0.00031222,0,1,0.000293006,0,0.000228295,0,-0.000303737,0.00029118,0,0,-0.000318149,0.000283051,0,0
1786720980,0.000865944,-3.20864e-05,0.00170445,-3.20864e-05,0.000462819,0.496613,0.00030942,0.000304967,0.108385,-0.000728974,-0.000595047,-0.00030061,-0.000105578,-2.53591e-06,8.70529e-05,0.00023148,0.000510427,0.000717291,0.000318807,0.000301845,0.000319124,0.000285187,0.000279917,0.000317716,0.000331734,0.000284009,-0.000326597,0.000275202,0,-0.000303019,0.000256535,0,0.484303,-0.000679401,-0.00025981,0.00023629,0.000721695,1786720800,-0.000417517,0.000382253,0,1,-0.000366554,0.000331065,0,0,-0.000297027,0.000261902,0,0,-0.00032503,0.000288706,0,0
1786721040,0.000603579,-2.67155e-05,0.000843841,-0.000406152,0.000474252,0.48241,0.000186035,0.000180302,0.0690386,-0.00099783,-0.000798319,-0.000410917,-0.000166163,-2.26995e-05,0.000108244,0.000332552,0.000694835,0.000967542,0.000188658,0.000179782,0.000179692,0.000175387,0.000157076,0.000172639,0.000203928,0.000187289,-0.000455185,0.000425253,0.000114726,-0.000426082,0.000468009,8.69143e-05,0.480316,-0.000899541,-0.000352547,0.000327003,0.000960058,1786720800,-0.000344093,0.000336622,0,0,-0.000393773,0.000364509,0,0,-0.000368446,0.000316016,0,0,-0.000281884,0.000256974,0,0
1786721100,-0.000480697,0,0.000186875,-0.000619608,0.000477182,0.489528,0.000125673,0.000131082,0.0756282,-0.000984626,-0.000788009,-0.000399157,-0.000156245,-1.31063e-05,0.000113959,0.000338706,0.000699139,0.000989039,0.000139822,0.000135984,0.000136169,0.000138261,0.000152882,0.000139467,0.000109447,0.000122973,-0.000449783,0.000411834,6.68772e-05,-0.000418477,0.000461031,2.08936e-05,0.487196,-0.000895718,-0.000342778,0.000328033,0.000957283,1786721100,-0.000449243,0.000419387,0,1,-0.000335483,0.000294364,0,1,-0.000387203,0.000363666,0,1,-0.000317809,0.000307817,0,0
1786721160,-0.000187,1.6027e-05,0.000395257,-0.000518344,0.000477252,0.501038,6.49496e-05,7.11963e-05,0.0516582,-0.000892065,-0.000712929,-0.000357224,-0.0001333,2.20239e-06,0.000113028,0.000312313,0.000648846,0.000915372,5.97419e-05,6.48731e-05,6.5427e-05,8.35485e-05,7.29371e-05,7.00123e-05,5.64902e-05,6.95486e-05,0.000407136,0,0.000461223,-0.000373719,0.000359918,0,0.487227,-0.000813999,-0.000307753,0.000300275,0.000861231,1786721100,-0.000444653,0.000386635,0,1,-0.000420414,0.000388083,0,1,-0.000339988,0.000316005,0,1,-0.000353323,0.000345624,0,1
1786721220,0.00023508,-9.08413e-05,0.000464765,-0.000101529,0.000473195,0.507899,8.23187e-05,7.88276e-05,0.0508087,-0.000890496,-0.000692628,-0.000332037,-0.000123739,1.04498e-05,0.000124271,0.000321092,0.000656736,0.00088753,6.85107e-05,7.23848e-05,7.22605e-05,9.39815e-05,7.30715e-05,7.13589e-05,9.50022e-05,7.101e-05,0.000393415,0,0.000450411,-0.000382626,0.000376392,0,0.492692,-0.000829098,-0.000301351,0.000318085,0.000874691,1786721100,-0.000405932,0.000379543,0,1,-0.000428101,0.00039933,0,1,-0.000429878,0.000389801,0,1,-0.000338447,0.000318363,0,1
1786721280,0.000240366,0.000101495,0.000502032,-5.34212e-06,0.000469618,0.506611,8.16931e-05,7.77483e-05,0.05492,-0.000853662,-0.000665654,-0.000325373,-0.00011835,8.32415e-06,0.000119457,0.000298343,0.000610305,0.00082948,6.99061e-05,7.28556e-05,7.18501e-05,8.82932e-05,7.0506e-05,6.97964e-05,9.18632e-05,7.87099e-05,0.000377509,0,0.000394351,-0.0003563,0.000302303,0,0.491415,-0.000780554,-0.000290992,0.000288757,0.000803866,1786721100,-0.000407946,0.000377317,0,1,-0.000385711,0.000358719,0,1,-0.000392974,0.000377636,0,1,-0.000360436,0.000363732,0,1
1786721340,0.00274142,2.67038e-05,0.00294912,2.67038e-05,0.000466139,0.507027,0.00123117,0.00122502,0.0606863,-0.00081396,-0.000649795,-0.000324558,-0.000116644,8.74457e-06,0.000111126,0.000269779,0.000575757,0.000792776,0.0012554,0.00123669,0.00124589,0.00119192,0.0012068,0.00125486,0.0012478,0.00120956,0.000362874,0,0.000382367,-0.00032978,0.000281701,0,0.487874,-0.000737595,-0.000276278,0.000262493,0.000765301,1786721100,-0.000381786,0.000341105,0,0,-0.000391658,0.000351698,0,0,-0.000389875,0.000349062,0,0,-0.000369156,0.000358857,0,0
1786721400,-0.00128444,5.85865e-05,0.000351468,-0.00138044,0.0006027,0.482422,0.000357115,0.000358454,0.903559,-0.00147703,-0.00119871,-0.000627795,-0.000259278,-3.49636e-05,0.000166352,0.000519346,0.001065,0.00153113,0.0005229,0.000438911,0.000374399,0.000361871,0.000435468,0.000391065,0.000317305,0.000345122,-0.000700893,0.000658908,0.000143442,-0.000723703,0.00086793,0.000364773,0.470247,-0.00139891,-0.000587968,0.000506539,0.00144299,1786721400,-0.00035929,0.000334623,0,0,-0.000392545,0.000331613,0,0,-0.000406143,0.000347196,0,0,-0.000376563,0.000347711,0,0
1786721460,-0.000453412,5.33303e-06,9.59903e-05,-0.0006882,0.000623681,0.499023,0.000129023,0.000137637,0.931349,-0.00140132,-0.00110874,-0.00058395,-0.000225304,-6.25093e-07,0.000181239,0.000476865,0.00100864,0.00149207,0.000129366,0.000129527,0.000146323,0.000137618,0.000195729,0.00013725,0.000121713,0.000119712,-0.000648982,0.00060002,4.58628e-05,-0.000634222,0.000659029,0.000102913,0.480146,-0.00133038,-0.000517988,0.000476053,0.00134767,1786721400,-0.000688076,0.000638003,0,1,-0.000353038,0.00030936,0,1,-0.00037262,0.000332624,0,1,-0.000360617,0.000351127,0,1
1786721520,0.000144047,5.33545e-06,0.000373413,-0.000165413,0.000620734,0.514944,8.02034e-05,7.94862e-05,0.830301,-0.00116359,-0.000908882,-0.000454718,-0.000160826,2.782e-05,0.000184086,0.00042246,0.00089331,0.00123209,5.08376e-05,7.26039e-05,9.71372e-05,7.9115e-05,0.000122514,8.46067e-05,8.3419e-05,7.35356e-05,0.000530785,0,0.000439476,-0.000549449,0.000489659,0,0.487419,-0.00114509,-0.000433082,0.000449087,0.00118521,1786721400,-0.000625097,0.000504087,0,1,-0.000616206,0.000562825,0,1,-0.000343604,0.000315829,0,1,-0.000336457,0.000315942,0,1
1786721580,-5.33471e-06,5.33468e-06,0.000496004,-9.0694e-05,0.000614833,0.524527,6.73261e-05,7.38091e-05,0.737797,-0.00113876,-0.000889564,-0.000448092,-0.000147467,4.71234e-05,0.000185339,0.000407664,0.000860935,0.00118007,3.65353e-05,6.37141e-05,8.42776e-05,6.77705e-05,0.000111452,6.41507e-05,6.62402e-05,6.35571e-05,0.000518365,0,0.000364285,-0.000543301,0.00043994,0,0.494598,-0.00116367,-0.000429385,0.000442558,0.00115937,1786721400,0.000546102,1.52828e-05,0.000421818,1,0.000581104,0,0.000454484,1,-0.000511647,0.000508537,0,1,-0.000328521,0.000309868,0,1
1786721640,0.00043202,5.86803e-05,0.000549326,-3.73438e-05,0.000608654,0.519145,0.000132635,0.000125446,0.663272,-0.00112167,-0.000869833,-0.000419705,-0.000147438,3.43343e-05,0.00016275,0.000376544,0.000818772,0.00114687,0.000123201,0.000126643,0.00013205,0.000126676,0.000130561,0.000126499,0.000141412,0.000131256,0.00048391,0,0.000389321,-0.000550234,0.000455168,0,0.487249,-0.0011844,-0.000447117,0.000430782,0.00118709,1786721400,-0.000546119,0.000527588,0,1,-0.000499787,0.000445677,2.20102e-05,1,-0.000557031,0.000471385,0,1,-0.00048254,0.000439777,4.58276e-05,1
1786721700,0.000682317,2.13295e-05,0.00106059,-8.53224e-05,0.000605626,0.509546,0.000207032,0.000198923,0.554417,-0.00108823,-0.000884961,-0.000435218,-0.000156478,1.62573e-05,0.000142889,0.000354286,0.000756516,0.00108272,0.000225958,0.000195992,0.000197349,0.000195194,0.000171929,0.000202947,0.000211685,0.000221879,0.000482508,0,0.000377001,-0.000475473,0.000391768,0,0.485134,-0.00103986,-0.000395556,0.000371427,0.00102948,1786721700,-0.000548625,0.000536944,0,1,-0.000579665,0.000475325,0,1,0.000563295,0,0.000449525,1,0.000623016,0,0.000451226,1
1786721760,-5.3288e-06,-5.3288e-06,0.00010657,-0.00033577,0.000607255,0.499986,7.03128e-05,7.14748e-05,0.473983,-0.00116139,-0.000937896,-0.000468523,-0.000183577,1.30328e-06,0.000149774,0.000388732,0.000815217,0.00117846,3.65511e-05,6.23065e-05,7.43436e-05,6.86061e-05,9.45971e-05,5.71039e-05,7.20638e-05,7.58392e-05,-0.000523877,0.000410721,0,-0.000486858,0.000437829,0,0.479849,-0.0010591,-0.000418939,0.000368659,0.00106245,1786721700,-0.000470817,0.000399673,0,1,-0.000558772,0.000473004,0,1,0.000507624,0,0.000471155,1,0.000522135,0,0.000455435,1
1786721820,0.000340986,-4.79605e-05,0.000484805,-0.000298458,0.000601152,0.517412,0.000107584,9.8874e-05,0.426653,-0.000967362,-0.00078368,-0.000377651,-0.000119175,2.46191e-05,0.000148874,0.000337377,0.000710428,0.00104412,9.79093e-05,0.000102859,0.000109772,9.98959e-05,9.866e-05,9.94377e-05,0.000113683,0.000114621,0.000433401,0,0.000277511,-0.000421157,0.000363589,0,0.486848,-0.000921736,-0.000345287,0.000331366,0.000944526,1786721700,-0.000483441,0.000444475,0,1,-0.000442838,0.000390141,0,1,-0.000530427,0.00047191,0,1,-0.000507083,0.000458465,0,1
1786721880,0.00111272,4.26151e-05,0.00120318,-4.79441e-05,0.000597061,0.507441,0.000375958,0.000365834,0.402708,-0.000995973,-0.00080694,-0.000407584,-0.000137612,1.09472e-05,0.000140936,0.000349701,0.000721328,0.00105334,0.000440993,0.000367683,0.000350128,0.000362979,0.00029516,0.000421635,0.000384718,0.000385008,0.000459874,0,0.000351402,-0.000444857,0.000391373,0,0.485062,-0.000961193,-0.000371734,0.000347708,0.000977743,1786721700,0.000418576,0,0.000389178,0,-0.000459217,0.000443631,0,1,-0.000464401,0.000395137,0,0,-0.000528923,0.000492747,0,0
1786721940,0.00110617,0,0.00153661,-7.44978e-05,0.00061165,0.493485,0.00036251,0.000350393,0.290832,-0.00119507,-0.000970911,-0.000485559,-0.000186672,-9.40178e-06,0.000140651,0.000411309,0.000826146,0.00121475,0.000437639,0.000357903,0.00034016,0.000348843,0.000263799,0.000329429,0.000376786,0.000387053,-0.000545358,0.000398704,0,-0.000532095,0.000484299,0,0.480616,-0.00112346,-0.000448461,0.000404788,0.00113826,1786721700,-0.000446671,0.000430156,0,0,-0.000405444,0.000394212,0,0,-0.000459912,0.000434711,0,0,-0.000464722,0.000404195,0,0
1786722000,-0.000659301,0,1.59454e-05,-0.000781638,0.000625384,0.487362,0.0001681,0.000178489,0.202929,-0.00127173,-0.00103998,-0.000536726,-0.000213927,-2.0845e-05,0.0001466,0.000448738,0.000930358,0.00136046,0.000210375,0.000187116,0.000187964,0.000187881,0.000248336,0.000187905,0.000146268,0.000147534,-0.000601702,0.000443913,4.44048e-05,-0.000588659,0.00057758,4.43125e-05,0.477251,-0.00123619,-0.000498781,0.000435617,0.00126082,1786722000,-0.000501752,0.000441891,0,1,-0.000425485,0.000414757,0,1,-0.000390383,0.000397736,4.68995e-06,0,-0.000449284,0.000423039,1.11826e-05,1
1786722060,0.000164866,-1.59562e-05,0.000446671,-1.59562e-05,0.00062608,0.49999,8.5679e-05,7.89173e-05,0.0232795,-0.00106288,-0.000866161,-0.000460227,-0.000166857,1.13232e-06,0.000140929,0.000367108,0.000786701,0.00112147,5.43371e-05,7.56932e-05,8.2894e-05,7.64859e-05,8.78005e-05,8.86352e-05,9.24632e-05,9.14702e-05,-0.000506293,0.000309015,0,-0.000495247,0.000415731,0,0.482106,-0.00106855,-0.00042041,0.000379028,0.00107309,1786722000,-0.000547489,0.00048206,0,1,-0.000488036,0.00046553,0,1,0.000432417,0,0.000403917,1,0.000426244,0,0.000396474,0
1786722120,0.000425335,-5.31783e-06,0.000425335,-0.000351038,0.000620226,0.504854,0.000137582,0.000126115,0.0386316,-0.00100415,-0.000810352,-0.000422621,-0.000143408,7.46448e-06,0.000143763,0.000346495,0.000742783,0.0010603,0.000121322,0.000124535,0.000125138,0.000123585,0.000103597,0.000125473,0.000153155,0.000148092,0.000469386,0,0.000332834,-0.000474277,0.000368943,0,0.487168,-0.00103204,-0.000394822,0.000369916,0.00103527,1786722000,-0.000481688,0.000474578,0,1,-0.000520047,0.000513535,0,1,-0.000471748,0.000454104,0,1,-0.000429767,0.000407446,1.79471e-07,0
1786722180,-0.000435971,-7.97366e-05,5.31554e-06,-0.000435971,0.000616932,0.510848,0.00011389,0.000124988,0.0404616,-0.00109709,-0.000883802,-0.000445243,-0.000146845,1.7568e-05,0.000153954,0.000390437,0.000800449,0.00112954,0.000124195,0.000124966,0.00012534,0.000125123,0.00017559,0.000128411,0.000105853,0.000107091,0.000506589,0,0.00041719,-0.000519662,0.000464816,0,0.494291,-0.00112372,-0.000416384,0.000419765,0.00112914,1786722000,0.000472608,2.28394e-05,0.000401526,1,-0.000459617,0.000450842,0,1,-0.000509006,0.000479155,0,1,-0.000439239,0.000421391,0,1
1786722240,0.000744226,1.59535e-05,0.000818618,-0.000180824,0.000613836,0.513568,0.000232952,0.000219428,0.0425654,-0.000957871,-0.000776431,-0.00039728,-0.000135573,2.08967e-05,0.000133065,0.000317901,0.000699802,0.000990145,0.000256653,0.000213052,0.000213213,0.000219346,0.000167897,0.000213695,0.000260405,0.000242278,0.000438003,0,0.000356877,-0.00043669,0.0003113,0,0.484071,-0.000967901,-0.0003707,0.000332824,0.000942775,1786722000,-0.000495929,0.000435826,0,1,-0.00047104,0.000425275,0,1,-0.000458761,0.000444155,0,1,-0.000482379,0.000474163,0,1
1786722300,-0.000228525,0.000100959,0.000148779,-0.000802724,0.000616714,0.510066,7.9464e-05,9.05649e-05,0.0248305,-0.00109943,-0.000891175,-0.000460398,-0.000159836,1.76145e-05,0.000167312,0.000393476,0.000799358,0.00109947,6.67228e-05,8.55527e-05,8.69074e-05,9.56388e-05,0.000126476,9.08082e-05,6.97111e-05,6.95589e-05,0.000518311,0,0.000538764,-0.000518131,0.000510041,1.17111e-05,0.489559,-0.00110521,-0.000436025,0.000406454,0.00109397,1786722300,-0.000416723,0.000409091,0,1,-0.000506624,0.000469921,0,1,0.000499495,0,0.000427023,1,0.000482245,0,0.000433122,1
1786722360,0.000164756,-4.2522e-05,0.000648236,-7.44146e-05,0.00061137,0.51372,7.99638e-05,7.26817e-05,0.0387807,-0.00103364,-0.000818707,-0.000403575,-0.00014157,2.21239e-05,0.000153184,0.000360987,0.000755657,0.00106174,5.43176e-05,7.38325e-05,7.3803e-05,7.91704e-05,7.68889e-05,7.14686e-05,8.50105e-05,8.63018e-05,0.0004639,0,0.000410103,-0.00046568,0.000416284,0,0.491168,-0.00102985,-0.000383857,0.000371598,0.00102729,1786722300,-0.000545636,0.000531533,0,1,-0.000425516,0.000387547,0,1,-0.000459513,0.000443838,0,1,-0.000473128,0.000449095,0,1
1786722420,-0.00015944,0,4.25132e-05,-0.000292327,0.000605674,0.507416,6.30627e-05,7.20374e-05,0.0629571,-0.000979017,-0.000782055,-0.000391849,-0.000145656,1.15204e-05,0.000147955,0.000338498,0.00071121,0.00101526,5.53709e-05,7.27133e-05,7.04549e-05,7.69173e-05,0.000104682,6.14159e-05,5.39825e-05,6.28495e-05,0.000444752,0,0.000396859,-0.000447547,0.000371938,0,0.486352,-0.00100191,-0.000380155,0.000344944,0.000997164,1786722300,-0.000466898,0.000447652,0,1,0.000505216,0,0.000463707,1,-0.000422059,0.000386262,0,1,-0.000461703,0.000428393,0,1
1786722480,-0.000717797,0,0,-0.000760349,0.000600011,0.518342,0.000198453,0.000203874,0.110759,-0.000889811,-0.00072315,-0.000346485,-0.00011623,2.55687e-05,0.00013336,0.000308076,0.000640874,0.000918792,0.000239149,0.00020298,0.000203732,0.000203126,0.000239004,0.000234559,0.000200242,0.000175208,0.000396934,0,0.000292593,-0.000392613,0.000287899,0,0.490691,-0.00088537,-0.000321103,0.000308103,0.000866506,1786722300,-0.000456181,0.000462213,0,1,0.000459141,0,0.000424772,1,-0.000442719,0.000442734,3.27783e-06,1,-0.000425181,0.000368811,0,1
1786722540,0.000111691,-5.31894e-06,0.000239323,-0.000138302,0.000602592,0.521251,6.4098e-05,6.16067e-05,0.0647987,-0.000939743,-0.000732291,-0.000354676,-0.000113545,2.99896e-05,0.000150914,0.000336759,0.000681358,0.000932304,4.53232e-05,6.63775e-05,6.2446e-05,6.48868e-05,7.20605e-05,5.60573e-05,6.73243e-05,6.57574e-05,0.00041676,0,0.000394094,-0.000435613,0.000337389,0,0.487999,-0.000968229,-0.0003605,0.000345413,0.000939864,1786722300,-0.000377787,0.000359556,0,1,-0.000442488,0.000426121,0,1,-0.000419586,0.000438943,2.28437e-05,1,-0.00047354,0.000425881,3.94457e-05,1
1786722600,2.12731e-05,-4.78661e-05,0.000111679,-0.000234034,0.000596745,0.528929,5.23114e-05,5.45656e-05,0.0972172,-0.000876007,-0.00068861,-0.000337597,-9.78921e-05,3.88751e-05,0.000146181,0.000313933,0.000644142,0.000894035,3.67274e-05,6.04237e-05,5.43822e-05,5.61613e-05,7.12748e-05,4.17415e-05,4.54536e-05,5.66858e-05,0.000393173,0,0.000280096,-0.00039341,0.000299045,0,0.494532,-0.00089186,-0.0003164,0.000316405,0.0008687,1786722600,-0.000418454,0.000391879,0,1,-0.000391619,0.000360168,0,1,-0.000476419,0.000429972,0,1,-0.000454795,0.000425998,0,1
1786722660,-0.000175517,0,0,-0.000436189,0.000590755,0.530131,6.14837e-05,7.07586e-05,0.156076,-0.000800797,-0.000641169,-0.00029882,-8.57491e-05,3.59607e-05,0.00013612,0.000291472,0.000590259,0.000836361,5.80024e-05,7.35189e-05,6.73519e-05,6.74718e-05,8.72637e-05,5.55291e-05,5.54311e-05,5.6726e-05,0.000354913,0,0.000233919,-0.000384093,0.000299171,0,0.496036,-0.000878239,-0.000309642,0.000308709,0.000857165,1786722600,-0.00039365,0.000367444,0,1,-0.000422726,0.000402523,0,1,-0.000379082,0.00035683,0,1,-0.000459912,0.00044664,0,1
1786722720,-4.78735e-05,0,0.000191471,-0.000111708,0.000585344,0.53875,4.51558e-05,5.12759e-05,0.224526,-0.000768561,-0.000613009,-0.000267117,-7.19535e-05,4.404e-05,0.000131658,0.000280855,0.000564769,0.000817662,3.87421e-05,6.01925e-05,5.05855e-05,5.15215e-05,6.18422e-05,3.48614e-05,3.74359e-05,4.40621e-05,0.000332058,0,0.000245741,-0.000382744,0.000309179,0,0.495003,-0.000873395,-0.000307844,0.000311787,0.000861968,1786722600,-0.000389114,0.000354826,0,1,-0.000401448,0.000364673,0,1,-0.000431758,0.000381673,0,1,-0.000391556,0.000350466,0,1
1786722780,0.000106382,-1.06389e-05,0.000404193,-5.31955e-05,0.000579501,0.536264,5.14699e-05,4.65901e-05,0.32328,-0.000729329,-0.000580085,-0.000254124,-6.87287e-05,3.77858e-05,0.000118155,0.00024741,0.000518105,0.00077181,4.42109e-05,6.25527e-05,5.21428e-05,5.25954e-05,5.51774e-05,3.92919e-05,4.9089e-05,5.34145e-05,0.000301674,0,0.000213917,-0.000365152,0.000267079,0,0.490882,-0.000846273,-0.000303009,0.000284445,0.000824273,1786722600,-0.000382485,0.000347721,0,1,-0.000401995,0.0003704,0,1,-0.000413497,0.000369008,0,1,-0.000419713,0.000368217,0,1
1786722840,0.000159552,1.06376e-05,0.000345665,-1.06377e-05,0.000573874,0.534321,6.06218e-05,5.429e-05,0.429391,-0.000732592,-0.000575297,-0.000254014,-7.47197e-05,3.78459e-05,0.000120963,0.00025194,0.000516688,0.000771557,5.30655e-05,6.86272e-05,5.93202e-05,6.36214e-05,5.90582e-05,4.70069e-05,6.01134e-05,6.28898e-05,0.000303812,0,0.000237756,-0.000323409,0.000253265,0,0.488992,-0.000750735,-0.000272064,0.00023981,0.000728729,1786722600,0.000371701,0,0.000331698,1,-0.000378715,0.000357305,0,1,-0.000384028,0.00036469,0,1,-0.000407817,0.000379989,0,1
1786722900,0.000271181,0.000319028,0.000696414,0.000218014,0.000568554,0.538071,8.4807e-05,7.4952e-05,0.518889,-0.000691109,-0.000550816,-0.000251133,-6.50838e-05,3.86121e-05,0.000118622,0.000236976,0.000486925,0.000753633,7.81133e-05,8.65886e-05,7.9473e-05,7.96606e-05,7.7697e-05,7.78582e-05,8.96072e-05,8.84188e-05,0.00029411,0,0.000209665,-0.000315137,0.000239488,0,0.489162,-0.000728788,-0.000263541,0.00023273,0.000708877,1786722900,-0.000337897,0.000327501,0,1,-0.000381698,0.000345241,0,1,-0.000381153,0.000353772,0,1,-0.000407773,0.000378525,0,1
1786722960,-0.000287135,-5.31656e-06,0,-0.000452009,0.000564145,0.531801,7.60729e-05,8.60896e-05,0.539144,-0.000700565,-0.000576099,-0.000274816,-7.46509e-05,3.37568e-05,0.000121966,0.000243782,0.000507121,0.00075823,8.37038e-05,8.92186e-05,8.24789e-05,8.58615e-05,8.7387e-05,8.26452e-05,7.18398e-05,7.76798e-05,0.000313697,0,0.00025049,-0.000332002,0.00025827,0,0.48737,-0.000777993,-0.000289575,0.000246434,0.000769231,1786722900,-0.000325517,0.000292956,0,1,0.000351195,1.53332e-07,0.000321194,1,-0.00040053,0.000348515,0,1,-0.000397357,0.000359522,0,1
1786723020,-9.04113e-05,5.31806e-06,0.00013826,-9.04113e-05,0.000559949,0.550742,4.28852e-05,5.14773e-05,0.415367,-0.000661056,-0.000518385,-0.000232489,-5.09994e-05,5.02286e-05,0.000119502,0.000230988,0.000482959,0.000726128,4.37934e-05,5.87621e-05,4.46836e-05,5.20083e-05,4.11013e-05,3.85476e-05,3.6718e-05,4.25284e-05,0.000278233,0,0.000185385,-0.000320849,0.000252915,0,0.495225,-0.000740169,-0.000264686,0.000253131,0.000733154,1786722900,0.000361845,2.68586e-05,0.000326575,1,0.00033842,0,0.000300959,1,-0.00036832,0.000337496,0,1,-0.000398233,0.000375367,0,1
1786723080,-2.65931e-05,0,0.00027121,-4.25493e-05,0.000554469,0.550798,3.47915e-05,4.01452e-05,0.421696,-0.000631383,-0.000483959,-0.000204334,-4.61246e-05,4.53314e-05,0.00011349,0.000208457,0.000442658,0.000681399,3.72532e-05,5.43731e-05,3.868e-05,4.34523e-05,3.26701e-05,2.93778e-05,2.48762e-05,3.61908e-05,0.000248894,0,0.000150796,-0.000302843,0.000207034,0,0.490162,-0.000704271,-0.000250774,0.000227943,0.000688632,1786722900,0.000349022,0,0.000302677,1,-0.000369009,0.000359436,0,1,-0.000359868,0.000317339,0,1,-0.000356803,0.000356362,0,1
1786723140,-0.00048944,-2.1275e-05,-5.31871e-06,-0.00048944,0.000548909,0.551338,0.000145387,0.000149485,0.456585,-0.000594426,-0.000459779,-0.000193496,-4.31533e-05,4.32097e-05,0.00010539,0.000193501,0.00042589,0.000653964,0.000145169,0.000139103,0.000141892,0.000138577,0.000148184,0.000163463,0.000155169,0.000152724,0.000232199,0,0.000132547,-0.000314265,0.000231653,0,0.492193,-0.000745575,-0.000265244,0.000240766,0.000730886,1786722900,0.000314753,0,0.000270403,1,0.000355149,0,0.000319832,1,-0.000379555,0.000373377,0,1,-0.000347582,0.00034215,0,1
1786723200,0.000356464,-1.06427e-05,0.00055858,-4.78928e-05,0.000547783,0.535735,0.000104993,9.67758e-05,0.281637,-0.000750663,-0.000607624,-0.000270194,-6.79635e-05,3.65733e-05,0.000127558,0.000279775,0.000539234,0.000750459,0.000101555,0.000104437,0.000102681,0.000105276,0.000110788,0.000101183,0.000109583,0.000100677,0.000332156,0.000142926,0.000430553,-0.00038528,0.00046566,0.000117262,0.487008,-0.000861785,-0.00032776,0.00031453,0.000852205,1786723200,0.000345937,7.46108e-06,0.000305925,1,-0.000337515,0.000305797,0,1,0.000348415,8.34798e-06,0.000331627,1,-0.000373809,0.000374762,4.76896e-06,1
1786723260,-0.000143634,5.31939e-06,0.000180843,-0.000244723,0.000544615,0.518951,5.31602e-05,6.0924e-05,0.148616,-0.000767079,-0.000625468,-0.000284343,-8.55921e-05,1.95035e-05,0.000111238,0.000258068,0.000530795,0.000807804,5.24372e-05,6.31359e-05,5.17625e-05,5.88637e-05,4.62498e-05,5.14058e-05,4.95676e-05,5.31535e-05,0.00032792,0,0.000345725,-0.000368626,0.000309822,0,0.492153,-0.000850175,-0.00030643,0.000299937,0.000849934,1786723200,0.000501859,0,0.000398386,1,-0.000369728,0.000340093,0,1,-0.00035959,0.00031397,0,1,-0.000363153,0.000330626,0,1
1786723320,0.000409569,1.06403e-05,0.000430841,-5.32018e-06,0.000539524,0.530446,0.000122874,0.000114428,0.0981667,-0.000677617,-0.000544668,-0.000242757,-6.91644e-05,2.93304e-05,0.00011264,0.000227341,0.000476151,0.000687296,0.00011628,0.000118938,0.000117192,0.000117586,0.000126823,0.000116088,0.00013248,0.000121343,0.000283706,0,0.000266468,-0.000326789,0.000255738,0,0.494065,-0.000768499,-0.000276979,0.000260314,0.00076268,1786723200,-0.000384396,0.000323695,0,1,-0.000448767,0.000391077,0,1,-0.000377131,0.000344263,0,1,-0.00033834,0.000321005,0,1
1786723380,9.04017e-05,-5.318e-06,0.000233964,-0.000111684,0.000537233,0.516778,5.07658e-05,4.73212e-05,0.0777883,-0.000701261,-0.000581276,-0.000270154,-8.43461e-05,1.65712e-05,0.000111834,0.000248313,0.00050856,0.000736798,4.12168e-05,5.54185e-05,4.20812e-05,4.54086e-05,4.13896e-05,4.26001e-05,4.97417e-05,6.31052e-05,0.000313267,0,0.000267504,-0.000342767,0.000286063,0,0.494617,-0.000790074,-0.000286409,0.000278525,0.000798225,1786723200,0.000373801,2.37344e-06,0.000333993,1,-0.000387451,0.000358519,0,1,0.00042497,0,0.000358821,1,-0.000369907,0.000360606,0,1
1786723440,-0.000776658,3.19045e-05,0.000345578,-0.000781979,0.000531988,0.52449,0.000250165,0.000254019,0.0665233,-0.000694388,-0.000567238,-0.000254568,-7.34768e-05,2.314e-05,0.00010407,0.000228971,0.000497738,0.000723895,0.000271873,0.00023425,0.000276156,0.000249341,0.000287173,0.000279079,0.000255433,0.00022332,0.000293117,0,0.000248638,-0.000332694,0.000276748,0,0.496163,-0.000785068,-0.000278388,0.000269742,0.000798354,1786723200,-0.000375603,0.000317194,0,1,0.00038605,0,0.00035157,1,-0.000417498,0.000347754,0,1,-0.000386351,0.000382904,3.04041e-06,1
1786723500,-0.000729331,0,0,-0.000798565,0.000537973,0.517951,0.000213405,0.000216184,0.0681902,-0.000844882,-0.000663199,-0.000306233,-0.000103168,2.2101e-05,0.000135308,0.000297443,0.000592139,0.000809256,0.000246634,0.0002146,0.000233398,0.00020637,0.000230954,0.000236723,0.000206258,0.000212313,0.000363177,0,0.000453363,-0.000391248,0.000359481,5.8525e-05,0.494456,-0.000898365,-0.00032669,0.000322616,0.000909761,1786723500,-0.000377124,0.000353288,0,0,-0.000373047,0.000340658,0,0,-0.00036775,0.000370752,0,1,-0.000383882,0.00036812,0,1
1786723560,-9.5864e-05,-1.59767e-05,1.0651e-05,-0.000356874,0.000542462,0.538358,5.28833e-05,5.95472e-05,0.0820716,-0.000826189,-0.00063744,-0.000289739,-8.16186e-05,4.94381e-05,0.000155397,0.000312533,0.00058648,0.000799058,4.46324e-05,5.65726e-05,4.93209e-05,5.4742e-05,4.64083e-05,5.28231e-05,5.17538e-05,5.50294e-05,0.000366526,0,0.000381316,-0.000382413,0.000314805,0,0.498341,-0.000873358,-0.000309014,0.0003264,0.000869807,1786723500,-0.000444497,0.000418611,0,1,-0.000384679,0.00035251,0,0,-0.000398351,0.000349901,0,1,-0.000386403,0.000359209,0,1
1786723620,0.000287564,5.32602e-06,0.000548431,5.32602e-06,0.000537181,0.543927,8.16643e-05,7.56846e-05,0.07606,-0.000781951,-0.000608432,-0.000258294,-6.84644e-05,5.1951e-05,0.00014546,0.000300035,0.000578487,0.000766176,8.25169e-05,8.58153e-05,8.38556e-05,8.38073e-05,9.57065e-05,8.32107e-05,8.07851e-05,8.03645e-05,0.000344702,0,0.00027837,0.000362163,0,0.000285435,0.506708,-0.000839049,-0.000280214,0.000321043,0.000846607,1786723500,0.000425314,0,0.000360913,1,0.000435949,0,0.000376774,1,-0.000378918,0.000357586,0,1,-0.000384491,0.000348554,0,1
1786723680,5.32449e-06,0,0.000473768,0,0.000533335,0.524361,4.76466e-05,5.06014e-05,0.0699303,-0.000805832,-0.00065277,-0.000296724,-9.64345e-05,3.0371e-05,0.000140371,0.000287518,0.000574375,0.000782014,3.52434e-05,5.02335e-05,4.08664e-05,5.02892e-05,4.3522e-05,3.83243e-05,4.81367e-05,5.13091e-05,0.000351527,0,0.000355251,-0.000375306,0.000308398,0,0.494623,-0.000871853,-0.000317002,0.000305299,0.000867633,1786723500,-0.000403336,0.000368401,0,1,-0.00042961,0.00038059,0,1,-0.000455484,0.000403289,0,1,-0.000399095,0.000369275,0,1
1786723740,0.000106484,6.92158e-05,0.000473766,-9.58451e-05,0.000527975,0.523372,5.32806e-05,5.0473e-05,0.0688998,-0.000792579,-0.000631901,-0.00028236,-8.94762e-05,2.6647e-05,0.000125196,0.000255148,0.000532431,0.000760616,4.38251e-05,5.506e-05,4.68752e-05,5.58216e-05,5.34378e-05,4.33474e-05,5.88571e-05,5.01017e-05,0.000325435,0,0.000365128,-0.000363831,0.000299161,2.16951e-05,0.491266,-0.000860772,-0.000314955,0.000289317,0.000866967,1786723500,-0.000430627,0.000381301,0,1,-0.000423247,0.0003542,0,1,-0.000441301,0.000387899,0,1,-0.000450079,0.000409322,0,1
1786723800,0.000856782,7.98554e-05,0.000947207,4.7914e-05,0.000522885,0.530113,0.000289046,0.000281697,0.0717293,-0.000761591,-0.000611673,-0.000270357,-7.8119e-05,3.27588e-05,0.000122651,0.000267463,0.000553267,0.000768236,0.000312926,0.000276239,0.000313681,0.000280356,0.000328973,0.000328695,0.000285545,0.000275462,0.000323031,0,0.000365771,-0.000351179,0.00031521,4.68852e-06,0.494964,-0.00082297,-0.000296815,0.000288751,0.000849156,1786723800,-0.000433488,0.000422607,0,1,-0.000435527,0.000371153,0,1,0.000391725,0,0.000353264,1,-0.000419653,0.000364533,0,1
1786723860,2.65964e-05,5.31933e-06,0.000494577,-7.97934e-05,0.000531622,0.501664,5.75859e-05,5.72492e-05,0.0641818,-0.000921389,-0.000757218,-0.000355901,-0.000129107,2.30658e-06,0.000128969,0.000323907,0.000632628,0.000897225,3.6399e-05,5.11849e-05,4.48599e-05,5.0727e-05,4.69228e-05,4.50193e-05,6.29449e-05,6.76065e-05,0.000410821,0,0.000472677,-0.000390393,0.000367789,0,0.490853,-0.000883932,-0.000334447,0.000314789,0.000916067,1786723800,-0.00041255,0.000398103,0,1,-0.000426168,0.00036915,0,1,-0.000432463,0.000383247,0,1,-0.000398763,0.000359557,0,1
1786723920,4.78717e-05,-7.44717e-05,0.000212746,-7.44717e-05,0.000526293,0.511783,5.29013e-05,5.2147e-05,0.0629915,-0.000844149,-0.000675758,-0.000313395,-0.000105476,1.3807e-05,0.000118081,0.000286616,0.00059615,0.000869336,3.75132e-05,5.15995e-05,4.3823e-05,5.29008e-05,4.62919e-05,4.0259e-05,5.95878e-05,5.65703e-05,0.000363162,0,0.000408315,-0.000367813,0.000336165,2.35503e-05,0.490208,-0.000859079,-0.000319151,0.000292088,0.000896863,1786723800,-0.000432949,0.000372711,0,1,-0.000402223,0.000364821,0,1,-0.000445176,0.000389127,0,1,-0.000429679,0.000386476,0,1
1786723980,-0.000846071,-3.19142e-05,-3.19142e-05,-0.000846071,0.000521047,0.519872,0.000271034,0.000273865,0.0668973,-0.000778918,-0.00062392,-0.000272968,-8.25591e-05,1.99577e-05,0.000108067,0.000257814,0.000556002,0.000799281,0.000306731,0.000265811,0.000294077,0.000282475,0.000294499,0.000315897,0.00025352,0.000262155,0.000320475,0,0.00031603,-0.000328072,0.000269218,0,0.492673,-0.000764341,-0.000276667,0.000265,0.000800544,1786723800,-0.000428625,0.000415092,0,1,-0.000426929,0.000390959,0,1,-0.000418628,0.00038235,0,1,-0.0004552,0.000423776,0,1
1786724040,0.000180981,0,0.000431107,-2.66176e-05,0.000529506,0.534462,6.726e-05,6.20649e-05,0.0488331,-0.000830366,-0.000638031,-0.000287894,-8.05605e-05,4.12474e-05,0.000128155,0.000308131,0.000582814,0.000795929,5.61654e-05,6.74342e-05,6.41955e-05,6.42733e-05,6.79349e-05,6.49459e-05,7.19331e-05,6.50467e-05,0.000361513,0,0.000396858,-0.000378971,0.000325217,0,0.495941,-0.000862744,-0.000312554,0.000318359,0.000878314,1786723800,-0.00037117,0.00033659,0,1,-0.00042874,0.000400533,0,1,-0.000425035,0.000398038,0,1,-0.000418516,0.000399292,0,1
1786724100,0.000106444,3.72567e-05,0.000250126,-0.000250188,0.000524809,0.529488,5.71846e-05,5.44733e-05,0.046965,-0.000868086,-0.000680639,-0.000304988,-9.5404e-05,3.90201e-05,0.000133211,0.000304878,0.000602942,0.000817451,4.37426e-05,5.47412e-05,5.0247e-05,5.95979e-05,5.40727e-05,4.7797e-05,6.36878e-05,5.53698e-05,0.000365931,0,0.000421151,-0.000401551,0.000384172,1.09806e-05,0.498727,-0.000901752,-0.000330692,0.000335276,0.000922705,1786724100,-0.000428963,0.00038813,0,1,-0.000373431,0.000331322,0,1,-0.000423599,0.000395,0,1,-0.000397683,0.000372391,0,1
1786724160,0.000111754,-1.59659e-05,0.000159645,-0.00036728,0.000519753,0.5415,5.42787e-05,4.94822e-05,0.0473291,-0.000800683,-0.000620172,-0.000272718,-7.04082e-05,4.84725e-05,0.000120925,0.00027893,0.000583214,0.000777623,4.46251e-05,5.4838e-05,4.95407e-05,5.26543e-05,5.35553e-05,4.53697e-05,5.77483e-05,5.54549e-05,0.000332386,0,0.000320456,0.000350925,0,0.000302822,0.502372,-0.000819469,-0.000286706,0.000299051,0.000843525,1786724100,-0.000466544,0.000443294,0,1,0.000435378,0,0.000347911,1,-0.000409099,0.000339397,0,1,-0.000437126,0.000423205,0,1
1786724220,0.000420297,-1.06427e-05,0.00056922,-1.06427e-05,0.000514771,0.54369,0.000123251,0.00011545,0.0572082,-0.000771079,-0.000616717,-0.000256504,-6.65816e-05,5.00612e-05,0.000114279,0.000273078,0.000566615,0.00078133,0.000119422,0.000121609,0.000120456,0.000120788,0.000122063,0.000121362,0.000124033,0.000126828,0.000321609,0,0.000316862,0.000351794,0,0.000296225,0.501054,-0.000810877,-0.000284327,0.000301682,0.000851887,1786724100,-0.000413928,0.000374888,0,1,-0.000472118,0.000400787,0,1,-0.000428332,0.000380338,0,1,-0.000394426,0.000364249,0,1
1786724280,-0.000335159,0,5.31895e-05,-0.000542695,0.000513053,0.52232,8.81771e-05,9.72639e-05,0.0550954,-0.000784078,-0.00064133,-0.000302403,-9.93195e-05,2.79478e-05,0.000108279,0.000270248,0.000562748,0.000788242,9.71776e-05,9.61036e-05,9.58332e-05,9.60372e-05,9.48817e-05,9.53276e-05,8.75489e-05,7.90249e-05,0.000347071,0,0.000349476,-0.000354193,0.000309852,0,0.494409,-0.000813706,-0.000301345,0.000288767,0.000841336,1786724100,-0.000405274,0.000351269,0,1,-0.00041919,0.000364361,0,1,-0.000417101,0.000357202,0,1,-0.000422048,0.000359105,0,1
1786724340,5.85279e-05,0,0.00032984,-5.85313e-05,0.000510103,0.533096,4.8423e-05,4.6819e-05,0.048473,-0.000784152,-0.000623647,-0.000274341,-8.20057e-05,3.95573e-05,0.000115451,0.000274834,0.000553666,0.000773413,3.80759e-05,5.00694e-05,4.18822e-05,4.9636e-05,4.62605e-05,4.01973e-05,5.27865e-05,4.77645e-05,0.000329616,0,0.000356869,-0.000324223,0.000289681,0,0.496067,-0.000751042,-0.000269864,0.000270758,0.000785917,1786724100,-0.000411385,0.000351128,0,1,-0.000387999,0.000347649,0,1,-0.000380999,0.000373247,0,1,-0.000425765,0.000374585,0,1
1786724400,-0.00025542,2.66025e-05,7.98053e-05,-0.000447027,0.000505044,0.539258,7.32105e-05,8.07581e-05,0.0585935,-0.000762858,-0.000605702,-0.000258918,-6.98494e-05,4.38387e-05,0.000110092,0.000262327,0.00053334,0.00074577,7.49571e-05,7.77943e-05,7.34922e-05,7.59582e-05,7.13682e-05,7.34078e-05,7.47791e-05,7.29515e-05,0.000313545,0,0.00031708,-0.000312691,0.00026303,0,0.495779,-0.000734296,-0.000260436,0.000258145,0.000769831,1786724400,-0.000365888,0.000326413,0,1,-0.000398312,0.000346548,0,1,-0.000386368,0.000357763,0,1,-0.000405362,0.000366916,0,1
1786724460,0.000563965,0,0.000574603,0,0.000501271,0.543152,0.000166566,0.000158702,0.0606092,-0.000743553,-0.000591958,-0.000246489,-6.71106e-05,4.94197e-05,0.000105715,0.000260114,0.000537553,0.000732466,0.000173085,0.000161722,0.000173564,0.000163072,0.000173167,0.000173964,0.000163176,0.000173854,0.000307087,0,0.00030418,-0.000319091,0.000275256,0,0.498104,-0.000741203,-0.000261289,0.00026955,0.000767174,1786724400,-0.000351939,0.000323459,0,1,0.000364577,0,0.000298515,1,-0.000410137,0.000361604,0,1,-0.000404041,0.000363625,0,1
1786724520,0.000420107,1.06378e-05,0.000632752,5.31891e-06,0.000502602,0.528423,0.000126925,0.000118805,0.0462702,-0.000759943,-0.000627632,-0.000277786,-8.13906e-05,3.15215e-05,0.000102328,0.00026466,0.000543404,0.000750618,0.000119459,0.000121366,0.000120292,0.000120243,0.000118873,0.000118798,0.000126763,0.000139403,0.000326832,0,0.000299869,-0.000345835,0.000305814,0,0.494708,-0.000783662,-0.000288599,0.000284961,0.000813823,1786724400,-0.000350448,0.000308569,0,1,-0.000354909,0.000316673,0,1,-0.000357602,0.000331577,0,1,-0.000400919,0.000354863,0,1
1786724580,0.000398672,-2.65838e-05,0.000403987,-0.000356282,0.000501085,0.519094,0.000124704,0.000115818,0.048782,-0.000782088,-0.000654192,-0.000305306,-0.000104917,2.42877e-05,9.88119e-05,0.000266655,0.000552762,0.000780273,0.000113418,0.000115291,0.000114311,0.000114598,0.000110047,0.000112878,0.0001286,0.000139587,0.000347263,0,0.000339161,-0.000346467,0.000306545,0,0.491286,-0.000794408,-0.000299396,0.000275387,0.000823782,1786724400,-0.000374741,0.000299811,0,1,-0.000358247,0.000322619,0,0,-0.000382035,0.000316939,0,1,-0.000363523,0.000325513,0,1
1786724640,-0.000419939,5.31443e-05,0.000143483,-0.000419939,0.000499243,0.52209,0.000112657,0.000122431,0.0545225,-0.000790442,-0.000663582,-0.000300455,-0.000100812,2.80178e-05,0.000110848,0.000295517,0.000586084,0.000822874,0.000120666,0.000119634,0.000119368,0.000120044,0.000123563,0.000118784,0.000110555,0.000101038,0.000358133,0,0.000352228,-0.000363365,0.00036302,0,0.492152,-0.000810316,-0.000301658,0.000297253,0.000867382,1786724400,-0.00039248,0.000339135,0,1,-0.000369623,0.000323911,0,1,-0.000344661,0.000310119,0,1,-0.000357959,0.000338737,0,1
1786724700,-1.06337e-05,-5.31682e-06,0.000175439,-0.000244603,0.00049778,0.528413,4.36013e-05,4.67883e-05,0.0440164,-0.000762155,-0.000600098,-0.000271859,-8.57179e-05,3.32313e-05,0.000104102,0.000266698,0.000534087,0.000741366,3.61289e-05,4.59293e-05,3.92663e-05,4.47885e-05,4.31723e-05,3.85438e-05,4.52205e-05,4.6321e-05,0.000323689,0,0.000326089,-0.000343014,0.000282124,0,0.486847,-0.000772642,-0.00028956,0.000274454,0.000804368,1786724700,-0.000392778,0.00033089,0,1,-0.000383571,0.00034444,0,1,-0.000382996,0.00032278,0,1,-0.000345845,0.000301644,0,1
1786724760,0.000207336,1.06337e-05,0.000223283,-0.000186107,0.00049278,0.543844,6.69198e-05,6.09681e-05,0.0468634,-0.000678475,-0.000549871,-0.000230734,-6.03342e-05,4.55681e-05,0.000114125,0.000272238,0.00053157,0.000740474,6.05875e-05,6.80883e-05,6.22828e-05,6.83057e-05,6.39675e-05,6.09839e-05,6.82365e-05,6.86045e-05,0.000310185,0,0.000251658,0.000335727,0,0.000263585,0.500238,-0.00075863,-0.000267553,0.00028743,0.000807715,1786724700,-0.000353291,0.000306056,0,1,-0.000368354,0.000348967,0,1,-0.000377225,0.000343248,0,1,-0.000356997,0.000310283,0,1
1786724820,0.000722682,5.31574e-06,0.000759864,-0.000148852,0.000488707,0.5442,0.00022791,0.000218223,0.0505699,-0.000684661,-0.000555998,-0.000238454,-5.94955e-05,4.55793e-05,0.00011092,0.00027827,0.000530752,0.000741992,0.000246171,0.000225249,0.000250168,0.000226354,0.000233011,0.000253158,0.000227917,0.000223553,0.000317434,0,0.00025779,0.000321804,0,0.000233633,0.501884,-0.000732478,-0.000257992,0.000274446,0.000767535,1786724700,0.000368102,0,0.00030399,1,-0.000351282,0.000319819,0,1,-0.000374127,0.000343363,0,1,-0.000381531,0.000337555,0,1
1786724880,-0.000255004,-3.1872e-05,0.000302733,-0.000616372,0.000494473,0.516719,7.32851e-05,8.18779e-05,0.0412752,-0.000816988,-0.000678838,-0.000318009,-0.000104238,2.0529e-05,0.000105569,0.000301159,0.000589568,0.000839275,7.50379e-05,7.7034e-05,7.36808e-05,8.14482e-05,8.0123e-05,7.33545e-05,7.05552e-05,7.05649e-05,0.000373003,0,0.000385532,-0.000372143,0.000343158,0,0.491772,-0.000823791,-0.00031237,0.000299477,0.000866157,1786724700,-0.000345648,0.000280976,0,1,-0.000368029,0.000324372,0,1,-0.000363781,0.000302086,0,1,-0.000375543,0.000342178,0,1
1786724940,5.31313e-05,4.78183e-05,0.000302811,-0.000175353,0.00049083,0.522531,5.0892e-05,4.90487e-05,0.0394482,-0.000766446,-0.000637134,-0.000291273,-9.53308e-05,2.71556e-05,0.000104931,0.00028546,0.000599726,0.000843083,3.77361e-05,4.75453e-05,4.19681e-05,5.985e-05,4.39309e-05,4.065e-05,5.42285e-05,5.69026e-05,0.000346848,0,0.000371641,-0.000365981,0.000355123,5.40845e-06,0.493778,-0.000824625,-0.000303743,0.000297138,0.000866826,1786724700,-0.000396981,0.000327104,0,1,-0.000352161,0.000308691,0,1,-0.000368577,0.000333511,0,1,-0.000351986,0.000304178,0,1
1786725000,0.000217809,5.31297e-06,0.000578948,5.31297e-06,0.000485955,0.53071,7.3914e-05,6.73806e-05,0.0446618,-0.000714553,-0.000607685,-0.000273163,-8.23441e-05,3.56343e-05,0.000118298,0.000290643,0.000582629,0.000797211,6.2573e-05,6.91905e-05,6.42512e-05,8.17245e-05,6.32868e-05,6.3069e-05,7.47345e-05,8.0338e-05,0.000341639,1.42737e-06,0.000348842,-0.000352197,0.000345848,0,0.490826,-0.000765455,-0.000293932,0.000283729,0.000806936,1786725000,-0.000402294,0.000355765,0,1,-0.000379326,0.00034451,0,1,-0.000332864,0.000300579,0,1,0.000356156,0,0.000292237,1
1786725060,-0.000541954,-5.31185e-06,0,-0.000616362,0.000482056,0.526859,0.000147592,0.000157624,0.0490907,-0.000727562,-0.000607177,-0.000275805,-8.76222e-05,3.14682e-05,0.00011016,0.000280325,0.000560416,0.00080279,0.000166128,0.000153434,0.000162129,0.000154127,0.000167737,0.00016629,0.000144156,0.000139807,0.00033455,0,0.000330627,-0.000338606,0.000279367,0,0.491191,-0.000763399,-0.000285733,0.000269472,0.000792005,1786725000,0.000400088,3.05862e-05,0.000310656,1,-0.000376759,0.000361722,0,1,-0.000374624,0.000344374,0,1,0.000331945,0,0.000270411,1
1786725120,0.000648185,5.3147e-06,0.000648185,-1.59443e-05,0.000483327,0.537671,0.000202648,0.000192718,0.0383336,-0.000706023,-0.000568892,-0.000254144,-6.8494e-05,4.02288e-05,0.000110211,0.000267596,0.000517933,0.000715356,0.000208295,0.000196722,0.000205648,0.000190458,0.000193427,0.000206574,0.000199804,0.000218663,0.000315734,0,0.000327533,-0.00033553,0.000273256,0,0.49416,-0.000751278,-0.00027571,0.000275709,0.000771837,1786725000,-0.000360792,0.000325751,0,1,0.000375293,0,0.000334966,1,-0.000377496,0.000340066,0,1,-0.000356201,0.000326811,0,1
1786725180,0.000276148,5.31125e-06,0.000403575,-4.78025e-05,0.000487171,0.52828,8.60698e-05,7.84628e-05,0.0332928,-0.000768611,-0.000635912,-0.000287938,-8.51491e-05,3.2807e-05,0.000116157,0.000295424,0.000564333,0.000793718,7.87587e-05,8.10454e-05,8.04917e-05,8.12164e-05,7.33482e-05,7.93551e-05,8.71415e-05,9.73293e-05,0.000351455,0,0.000328801,-0.00034905,0.000291025,0,0.493806,-0.000769665,-0.000288021,0.000284439,0.00079652,1786725000,-0.000342709,0.000296628,0,1,-0.000363861,0.000328643,0,1,-0.000331452,0.000327086,0,1,-0.000398678,0.000363158,0,1
1786725240,6.9025e-05,5.84061e-05,0.00016459,-6.90298e-05,0.000483853,0.531865,4.93077e-05,4.61567e-05,0.0351505,-0.000717464,-0.000598432,-0.000271439,-8.2165e-05,3.75207e-05,0.000106857,0.000274523,0.000533983,0.00076888,3.84039e-05,4.77208e-05,4.36564e-05,4.8206e-05,4.43195e-05,4.19866e-05,4.98232e-05,6.28265e-05,0.000328173,0,0.000279525,-0.00033383,0.000269753,0,0.493535,-0.00075471,-0.000282156,0.000264602,0.000776791,1786725000,-0.000358722,0.000291838,0,1,0.000342258,0,0.000277873,1,-0.000359526,0.000317419,0,1,-0.000367751,0.000338119,0,1
1786725300,0.000483042,-5.30945e-06,0.000626317,-5.30945e-06,0.00047909,0.541816,0.00014466,0.000133348,0.0399824,-0.000655692,-0.000538127,-0.000239499,-5.95466e-05,4.14188e-05,0.000104125,0.000241847,0.00047873,0.000692506,0.00014085,0.000138327,0.000139391,0.000138937,0.000127169,0.000141971,0.000154318,0.000151054,0.000289327,0,0.000211547,-0.000300821,0.000234317,0,0.495358,-0.000679545,-0.00024753,0.000242467,0.000720674,1786725300,-0.000351358,0.000294188,0,1,-0.000344752,0.000302193,0,1,-0.0003405,0.000293982,0,0,-0.000343296,0.000324451,0,1
1786725360,0.000891157,-3.18417e-05,0.000891157,-3.18417e-05,0.000479169,0.530196,0.000316189,0.000304386,0.0384518,-0.000720852,-0.000604771,-0.000275704,-7.83441e-05,3.30609e-05,0.000111311,0.000266098,0.000526541,0.000748146,0.000329438,0.000308858,0.000323892,0.000311511,0.000298709,0.000327975,0.000323502,0.000307405,0.000325875,0,0.000296392,-0.000346499,0.000292292,0,0.491008,-0.000765507,-0.000292518,0.000273164,0.000795305,1786725300,0.000321732,0,0.000260227,0,0.000351564,0,0.000277905,0,0.000364119,0,0.000280982,0,0.000337745,0,0.000278016,0
1786725420,-0.000100746,5.30213e-06,0.000206762,-0.000615238,0.00049081,0.522461,5.2236e-05,5.76638e-05,0.0402187,-0.000827717,-0.000676898,-0.000315338,-9.9062e-05,2.81263e-05,0.000117388,0.000304454,0.000582525,0.00087997,4.55284e-05,5.14781e-05,5.1638e-05,5.03441e-05,5.89988e-05,5.47332e-05,4.95693e-05,5.95079e-05,0.000372691,0,0.000378035,-0.000399438,0.000368138,0,0.488744,-0.000862216,-0.000334859,0.000310007,0.000902657,1786725300,-0.000362222,0.000321738,0,1,-0.000310681,0.000279401,0,0,-0.000333105,0.000304489,0,1,-0.000329983,0.000295831,0,0
1786725480,-0.000509187,1.06053e-05,2.12105e-05,-0.000647136,0.000486086,0.528027,0.000137352,0.000148958,0.0389621,-0.000774238,-0.000621597,-0.000290204,-8.84643e-05,3.36919e-05,0.000116552,0.00029154,0.000591123,0.000841072,0.000153858,0.000144438,0.000144598,0.000145268,0.000162545,0.000145309,0.000132963,0.000125239,0.000349294,0,0.000338861,-0.000369309,0.000363546,0,0.495691,-0.000814728,-0.000304616,0.000297723,0.000863997,1786725300,-0.000384621,0.000310812,0,1,-0.00034826,0.000317579,0,1,0.00031666,0,0.000275537,1,-0.000344167,0.000307912,0,1
1786725540,-0.000127337,-4.77495e-05,0.000217497,-0.000148562,0.000486558,0.53476,5.06682e-05,5.97615e-05,0.0357823,-0.000741003,-0.000586072,-0.000260383,-8.03726e-05,4.17863e-05,0.000120945,0.000280356,0.000561007,0.000777142,4.99536e-05,5.54565e-05,5.47217e-05,5.88241e-05,6.05769e-05,5.33021e-05,4.69441e-05,4.79641e-05,0.000328551,0,0.000348138,-0.000353657,0.000295997,0,0.492571,-0.000770957,-0.000287557,0.000288479,0.000799265,1786725300,-0.000395364,0.000384189,0,1,-0.000376161,0.000354148,0,1,-0.000356695,0.000324063,0,1,0.000333143,0,0.000273285,1
1786725600,0.000503948,0,0.000615313,-1.59183e-05,0.000482005,0.538992,0.000147746,0.000137785,0.0405004,-0.000716804,-0.000560208,-0.000252359,-7.4539e-05,4.64072e-05,0.00011573,0.000270178,0.000537136,0.000739742,0.000148279,0.000144233,0.000143838,0.000143713,0.000131342,0.000146658,0.000154518,0.00014799,0.00031707,0,0.00031016,-0.000341758,0.000250802,0,0.492098,-0.000759156,-0.000279384,0.000274105,0.000772426,1786725600,0.000351651,0,0.000293887,1,0.000370662,0,0.000324422,1,-0.000368203,0.00033419,0,1,-0.000344516,0.000311966,0,1
1786725660,-0.00035539,4.24261e-05,0.000286342,-0.000472112,0.000482453,0.530973,9.61173e-05,0.000107096,0.0343274,-0.000765986,-0.000637477,-0.00028422,-9.30334e-05,4.08792e-05,0.000123676,0.000298647,0.000578701,0.000797696,0.000103377,0.000101682,0.000101795,0.000102171,0.000113479,0.000101291,9.42246e-05,8.70699e-05,0.000352642,0,0.000346662,-0.000364127,0.000294511,0,0.492965,-0.000797477,-0.000301343,0.000288693,0.000809511,1786725600,0.000337418,0,0.000293803,1,-0.000340685,0.000320774,0,1,0.000353438,1.02373e-05,0.000325589,1,-0.000344286,0.000319589,0,1
1786725720,-0.000143252,-5.30528e-06,1.59157e-05,-0.000164477,0.000480242,0.530871,5.41797e-05,6.27493e-05,0.0362212,-0.000750406,-0.000607398,-0.000279055,-8.97311e-05,3.9213e-05,0.00012016,0.000283085,0.000573259,0.000798252,5.26644e-05,5.74637e-05,5.568e-05,6.51225e-05,6.24501e-05,5.2793e-05,5.12133e-05,4.99396e-05,0.000338098,0,0.000389008,-0.000343241,0.000282804,1.56231e-06,0.488982,-0.000768167,-0.000289458,0.000268431,0.000774878,1786725600,-0.00036372,0.000312289,0,1,-0.00035253,0.000310025,0,1,0.00035799,0,0.000302064,1,0.000386726,0,0.000324073,1
1786725780,-0.000451114,5.30601e-06,0.000159168,-0.000451114,0.000475847,0.547852,0.000125328,0.000135051,0.0429671,-0.000625573,-0.000502725,-0.000218929,-5.63622e-05,4.99735e-05,0.000106285,0.000230404,0.000464112,0.000652464,0.000131431,0.000128163,0.000128166,0.000128007,0.000136675,0.000128244,0.00012429,0.000124352,0.000272295,0,0.000231233,-0.000279241,0.000175715,0,0.487975,-0.00061906,-0.000229418,0.000216529,0.000621442,1786725600,-0.000347948,0.000314757,0,1,-0.0003671,0.000327296,0,1,-0.000357073,0.000303169,0,1,0.000347271,0,0.000294322,1
1786725840,0.000212314,5.30841e-06,0.00042989,5.30841e-06,0.000475365,0.535776,6.96101e-05,6.35201e-05,0.0461252,-0.000705913,-0.000562136,-0.000256418,-8.06145e-05,4.38466e-05,0.000110046,0.000263267,0.000510248,0.000729199,6.06604e-05,6.78436e-05,6.56558e-05,7.00721e-05,6.30432e-05,6.35993e-05,7.16626e-05,7.44324e-05,0.000313177,0,0.00034633,-0.000328554,0.000249342,0,0.492081,-0.00073624,-0.000271206,0.000263817,0.000730446,1786725600,0.000261504,0,0.000224235,1,-0.000335645,0.000323872,0,1,-0.000353897,0.000323292,0,1,-0.000331761,0.000317954,0,1
1786725900,-0.000254782,0,1.06145e-05,-0.000254782,0.000471544,0.53746,7.33927e-05,8.12779e-05,0.0466671,-0.000719676,-0.000580144,-0.000272711,-8.04457e-05,4.70544e-05,0.000124906,0.000282988,0.000527838,0.00076797,7.53798e-05,7.51421e-05,7.35098e-05,8.35202e-05,8.06076e-05,7.29925e-05,7.50459e-05,6.58065e-05,0.000335398,1.3385e-05,0.000383819,-0.000349373,0.000303227,1.0856e-05,0.491218,-0.00076315,-0.000292276,0.000274749,0.0007612,1786725900,-0.000317463,0.000278172,0,1,-0.000266667,0.000227808,0,1,-0.000340302,0.000304339,0,1,-0.00033874,0.000309447,0,1
1786725960,-0.000732861,1.06172e-05,0.000100859,-0.000801927,0.000468193,0.543477,0.000243165,0.000248643,0.0571841,-0.00062741,-0.000505094,-0.000223102,-5.95841e-05,4.43915e-05,0.000102612,0.000222365,0.000440816,0.000613974,0.000253726,0.000228954,0.00024287,0.00024433,0.000250371,0.000254617,0.00024158,0.000246516,0.000267344,0,0.000251094,-0.000279009,0.000179517,0,0.487067,-0.000629038,-0.000235955,0.000212786,0.000612374,1786725900,-0.000353463,0.000323932,0,1,0.000325869,0,0.0002876,1,-0.000290261,0.000244388,0,0,-0.000353235,0.000316821,0,1
1786726020,0.000212479,-1.06251e-05,0.000239036,-0.000196583,0.000474934,0.545721,6.62877e-05,6.0541e-05,0.0535891,-0.000709823,-0.000553078,-0.000242572,-7.31212e-05,5.99915e-05,0.000131773,0.000276799,0.000513966,0.000678475,6.08022e-05,6.79974e-05,6.70731e-05,7.09255e-05,6.60174e-05,6.55627e-05,6.63268e-05,6.30717e-05,0.000319083,0,0.000348865,-0.000345493,0.000288284,1.18827e-05,0.493027,-0.000761177,-0.000282518,0.000280006,0.000751659,1786725900,-0.000260741,0.00022881,0,1,0.000351231,0,0.000294883,1,-0.00033147,0.000277464,0,1,0.00027587,0,0.000245789,1
1786726080,0.000631858,1.06228e-05,0.000642474,1.06228e-05,0.00047112,0.556106,0.000191619,0.000181406,0.04982,-0.000656058,-0.000514024,-0.000216993,-5.53158e-05,6.82975e-05,0.000140176,0.000275241,0.000496956,0.000650415,0.000199829,0.000191426,0.000194157,0.000190637,0.000183404,0.000198195,0.000187847,0.000202332,0.00030844,0,0.000255968,0.000324681,0,0.00025516,0.500614,-0.000718165,-0.000258527,0.000271604,0.000716104,1786725900,0.000353077,0,0.00031794,1,-0.000274105,0.000240332,0,1,-0.000319195,0.000269175,0,1,-0.000317274,0.000283786,0,1
1786726140,-0.000111475,-5.30807e-06,9.02328e-05,-0.000260128,0.000474868,0.5357,4.7792e-05,5.57698e-05,0.0330529,-0.000701079,-0.000576166,-0.000265413,-8.20724e-05,4.45119e-05,0.000125838,0.000265103,0.000513281,0.000694801,4.71643e-05,5.18409e-05,5.11667e-05,5.04252e-05,5.56989e-05,4.91318e-05,4.84613e-05,4.76277e-05,0.000318337,0,0.00030143,-0.000347385,0.000283066,0,0.493027,-0.000766422,-0.000294556,0.000272574,0.000761021,1786725900,0.000334633,0,0.000315219,1,0.000339535,0,0.000329127,1,-0.000274366,0.000238135,0,1,-0.000330625,0.000299414,0,1
1786726200,-0.000531005,0,5.30863e-06,-0.000536317,0.00047036,0.542689,0.000153287,0.000158617,0.0366026,-0.000641808,-0.000517648,-0.000226271,-7.02901e-05,5.09551e-05,0.000115644,0.000242334,0.000489732,0.000668319,0.000162149,0.000150237,0.000151368,0.000150385,0.000159428,0.000158226,0.000152706,0.000158563,0.000284959,0,0.000272009,-0.000318445,0.000255048,0,0.492135,-0.000716208,-0.000267353,0.000251056,0.000726406,1786726200,-0.000357924,0.000305895,0,1,0.000332834,0,0.000321092,1,-0.000361158,0.000314088,0,1,-0.00027323,0.00022937,0,1
1786726260,0.000116845,0,0.000180573,-8.4987e-05,0.000471649,0.54945,4.70648e-05,4.25397e-05,0.0372238,-0.000648516,-0.000513153,-0.000219134,-5.92019e-05,5.60686e-05,0.000127387,0.000243815,0.000468851,0.00062939,4.49799e-05,5.18781e-05,5.10237e-05,4.98744e-05,4.96296e-05,4.88202e-05,4.67687e-05,4.08189e-05,0.000284177,0,0.000284558,-0.00032632,0.0002508,0,0.49105,-0.000720882,-0.000271736,0.000261518,0.000717696,1786726200,0.000325887,0,0.000299788,1,0.000358868,0,0.000317401,1,0.000332938,0,0.000304757,1,-0.00036106,0.00031449,0,1
1786726320,0.000477862,5.31083e-06,0.000562791,5.31083e-06,0.000467201,0.563335,0.000134901,0.000124784,0.0399392,-0.0006113,-0.000479663,-0.00019947,-4.34899e-05,7.18955e-05,0.000129893,0.000257141,0.00046612,0.000619816,0.000138785,0.000136957,0.000136498,0.000139146,0.000129686,0.000138355,0.000135323,0.000133262,0.000286955,0,0.000217847,0.000302404,0,0.000232776,0.501067,-0.00067678,-0.000241542,0.000252322,0.000680526,1786726200,0.000327953,0,0.000290833,1,-0.00031646,0.000294739,0,1,0.000338176,0,0.000312524,1,0.000328146,0,0.000323605,1
1786726380,-0.00035041,0,0.000127391,-0.00035041,0.000467417,0.544598,9.8774e-05,0.000107857,0.0331373,-0.00065666,-0.000543079,-0.000235401,-7.20679e-05,5.65081e-05,0.000125761,0.000258841,0.000503162,0.000675177,0.000101748,0.000100084,0.000100192,0.000100132,0.000106083,9.95273e-05,0.000100031,9.37291e-05,0.000302116,0,0.000285328,-0.000334271,0.00027256,0,0.49392,-0.000741681,-0.000282233,0.000264918,0.000741593,1786726200,0.000307103,0,0.000294869,1,-0.000321581,0.000293141,0,1,-0.000319142,0.000302031,0,1,-0.000338552,0.000306473,0,1
1786726440,-9.55876e-05,-1.06204e-05,4.24804e-05,-0.000440841,0.000465365,0.545461,4.31961e-05,5.04713e-05,0.0347661,-0.000639327,-0.000511807,-0.000227475,-6.7151e-05,5.44223e-05,0.000116646,0.000238446,0.000464674,0.000623724,4.44156e-05,4.82969e-05,4.63637e-05,4.63852e-05,5.12031e-05,4.40161e-05,4.20589e-05,3.85987e-05,0.000282187,0,0.000287385,-0.000307028,0.000235882,1.07444e-05,0.487829,-0.000694271,-0.00026431,0.000237509,0.000689878,1786726200,-0.000347525,0.000299619,1.06439e-06,1,0.000322474,0,0.000289445,1,0.000345137,0,0.000312074,1,0.000344549,0,0.000294059,1
1786726500,-8.49744e-05,-5.31069e-06,4.24845e-05,-0.000196514,0.000460886,0.556561,4.42448e-05,5.09789e-05,0.0416232,-0.000629265,-0.000496978,-0.000204006,-5.27183e-05,6.62436e-05,0.000128852,0.000262039,0.000489954,0.000632978,4.25727e-05,4.65226e-05,4.31604e-05,4.77344e-05,4.8531e-05,4.05817e-05,4.5284e-05,4.16957e-05,0.000292682,0,0.000254935,-0.000313282,0.000278006,0,0.499821,-0.000700496,-0.000249913,0.000263505,0.000719106,1786726500,0.000315454,0,0.000293458,1,0.000355616,0,0.000312263,1,0.000322265,0,0.000282803,1,0.000336755,0,0.000303789,1
1786726560,0.000302688,-8.49816e-05,0.000323926,-0.000106228,0.000456412,0.557146,8.37025e-05,7.64658e-05,0.0528132,-0.000606797,-0.00047386,-0.000194307,-5.11767e-05,6.58096e-05,0.000121288,0.000247142,0.000459335,0.000595979,8.60637e-05,8.81144e-05,8.74482e-05,8.71787e-05,8.18612e-05,8.68047e-05,8.22664e-05,7.89894e-05,0.000276888,0,0.000219215,-0.000274574,0.000205035,0,0.496894,-0.000623524,-0.000222165,0.000223867,0.000626069,1786726500,0.00033065,0,0.000306829,1,0.0003145,0,0.000303195,1,0.00033973,0,0.000309441,1,0.000308503,0,0.000271447,1
1786726620,1.59284e-05,2.12378e-05,0.000138038,-0.000127437,0.000453848,0.550123,3.71663e-05,4.05178e-05,0.0513584,-0.000611406,-0.000492052,-0.000208904,-5.77977e-05,5.6258e-05,0.000124255,0.000248657,0.000463651,0.000622871,3.50882e-05,4.17431e-05,3.67614e-05,3.9128e-05,4.21661e-05,3.52604e-05,3.47553e-05,3.77683e-05,0.000283827,0,0.000228672,-0.000296012,0.00024395,0,0.494836,-0.000665252,-0.00024763,0.000237342,0.000668669,1786726500,0.00027693,0,0.000267498,1,-0.000319998,0.00029984,4.01669e-06,1,-0.000324448,0.000294784,0,1,0.000331727,0,0.000312116,1
1786726680,4.77838e-05,5.30942e-06,0.000191121,-0.000238953,0.000449293,0.555732,3.63125e-05,3.61106e-05,0.0677493,-0.000584813,-0.000462174,-0.000191338,-4.70871e-05,5.7019e-05,0.000119221,0.000231311,0.000435166,0.000584359,3.68419e-05,4.2883e-05,3.6877e-05,4.00344e-05,4.29071e-05,3.37534e-05,3.31804e-05,3.5376e-05,0.000263532,0,0.000216469,-0.000262952,0.000210859,0,0.494738,-0.000607711,-0.000219226,0.000207971,0.000618823,1786726500,-0.0003119,0.000262278,0,1,0.000296346,0,0.000271022,1,0.000330009,0,0.000306991,1,-0.00033113,0.000298757,0,1
1786726740,-8.49505e-05,0,0.000132721,-9.02601e-05,0.000444828,0.550628,4.07601e-05,4.68988e-05,0.0907593,-0.000587285,-0.000462551,-0.000192994,-5.06025e-05,5.00644e-05,0.000113794,0.000225596,0.000447114,0.000589926,4.23995e-05,4.44313e-05,3.909e-05,4.53649e-05,4.71218e-05,3.52433e-05,4.07445e-05,3.83616e-05,0.000259246,2.98303e-06,0.000238016,-0.000261213,0.000232134,0,0.494545,-0.00060022,-0.000216909,0.000209589,0.000621394,1786726500,0.000285852,0,0.00026792,1,0.000316166,0,0.000274445,1,0.000284807,0,0.000272625,1,0.000335898,0,0.000303908,1
1786726800,0.000270755,9.55688e-05,0.000270755,-3.18583e-05,0.000440521,0.536911,7.87768e-05,7.19243e-05,0.123268,-0.00059695,-0.000486112,-0.000210474,-6.90602e-05,3.93729e-05,0.000109315,0.000238019,0.000450388,0.000609643,7.7307e-05,7.90493e-05,7.81378e-05,8.30798e-05,7.27429e-05,7.77735e-05,7.88821e-05,7.94026e-05,0.000275102,0.000164168,0.000343068,-0.000267436,0.00031321,5.89323e-05,0.485827,-0.000604016,-0.000234358,0.000208282,0.000614977,1786726800,0.000286447,0,0.000266654,1,0.000289152,0,0.000278161,1,0.000322053,0,0.000278268,1,0.000286524,0,0.000258812,1
1786726860,0.000106158,4.77726e-05,0.000212305,-0.00014864,0.000437772,0.550536,4.2016e-05,3.7163e-05,0.122176,-0.000549604,-0.000431595,-0.000175403,-4.63346e-05,4.55503e-05,0.000107002,0.000219964,0.000443288,0.000580358,4.2921e-05,4.66523e-05,4.11147e-05,4.3838e-05,4.39017e-05,3.90117e-05,3.89038e-05,4.43153e-05,0.000247594,0,0.000188561,-0.000251975,0.000209476,0,0.495943,-0.00057277,-0.000207443,0.000202932,0.000593344,1786726800,0.000361499,0,0.000282595,1,0.000283191,0,0.000273434,1,-0.000286498,0.000281474,0,1,0.000315639,0,0.000282333,1
1786726920,-0.000297271,5.30762e-06,5.30749e-05,-0.000297271,0.000433632,0.550306,8.5555e-05,9.35097e-05,0.16397,-0.000562064,-0.000439929,-0.000180784,-4.95651e-05,4.84196e-05,0.000103894,0.000213256,0.000432201,0.00058676,8.68519e-05,8.51023e-05,8.46649e-05,8.53154e-05,9.07842e-05,8.52268e-05,8.87509e-05,8.14929e-05,0.000244344,7.19164e-06,0.000205249,-0.000246054,0.000214169,0,0.493641,-0.000572111,-0.000206441,0.000194166,0.000596061,1786726800,-0.000271123,0.000251325,0,1,0.000333651,0,0.0003129,1,-0.00029104,0.000288587,0,1,-0.000307526,0.000295385,0,1
1786726980,-0.000148669,4.77817e-05,0.000318502,-0.00035578,0.000431327,0.545727,4.77259e-05,5.34002e-05,0.135749,-0.000537979,-0.000422557,-0.000181961,-5.21151e-05,4.24557e-05,9.33915e-05,0.000195846,0.00039855,0.00053644,5.29556e-05,5.36864e-05,4.77483e-05,5.12067e-05,5.56073e-05,4.73175e-05,4.70626e-05,4.32299e-05,0.000230039,0,0.00021259,-0.000245388,0.00018615,0,0.486069,-0.000563215,-0.000210303,0.000188117,0.000573848,1786726800,-0.000271334,0.000265883,0,1,0.00027872,0,0.000244245,1,0.000311913,0,0.000275729,1,-0.000301436,0.000295621,0,1
1786727040,-8.49636e-05,-2.65503e-05,0.000260156,-8.49636e-05,0.00042751,0.545351,4.03826e-05,4.55698e-05,0.16374,-0.000568228,-0.000441339,-0.00019084,-5.54462e-05,4.45929e-05,0.00010672,0.000222713,0.000454314,0.000592015,4.23113e-05,4.26711e-05,3.64538e-05,4.93159e-05,4.33437e-05,3.53616e-05,4.01004e-05,3.87034e-05,0.00025515,1.12361e-05,0.000256401,-0.000270829,0.000241751,1.56304e-05,0.493511,-0.000620371,-0.000226511,0.000220888,0.000639858,1786726800,0.000254297,0,0.000218621,1,0.000275286,0,0.000244522,1,0.000275856,0,0.000243356,1,-0.000294611,0.000317072,1.18484e-05,1
1786727100,-1.0621e-05,0,0.000228323,-0.000106215,0.000423383,0.545066,3.2464e-05,3.5757e-05,0.184108,-0.000531955,-0.0004214,-0.000177254,-5.92884e-05,4.72491e-05,9.88861e-05,0.000195338,0.000408538,0.000537374,3.58156e-05,3.74253e-05,2.89109e-05,4.04328e-05,3.62716e-05,2.5701e-05,3.04143e-05,3.22183e-05,0.00022826,9.52166e-06,0.000216878,-0.000246154,0.000190395,0,0.493883,-0.000579906,-0.00021119,0.000193979,0.00058816,1786727100,0.00030955,4.65745e-06,0.000276866,1,-0.000263351,0.000249058,0,1,-0.000269338,0.000274555,0,1,-0.000281671,0.000262562,0,1
1786727160,-0.000308057,0,0.000196469,-0.000308057,0.000419131,0.551218,9.05064e-05,9.68772e-05,0.178615,-0.000527345,-0.000420113,-0.00016211,-4.77985e-05,4.84261e-05,9.79452e-05,0.000202853,0.000419076,0.000552466,8.96241e-05,8.78608e-05,8.74077e-05,8.83558e-05,8.83939e-05,9.06049e-05,9.05295e-05,9.51999e-05,0.00022929,3.06675e-05,0.000219178,-0.000239883,0.000200393,0,0.497544,-0.000572831,-0.000201337,0.000193868,0.000589981,1786727100,0.000289207,9.66526e-06,0.000247219,1,0.000308138,0,0.000295133,1,-0.000276645,0.00024925,0,1,-0.000288394,0.000275235,0,1
1786727220,-0.000170003,-5.31216e-06,0,-0.000255015,0.000417199,0.541554,5.39564e-05,5.8133e-05,0.137928,-0.000571847,-0.000452339,-0.000186524,-5.38716e-05,3.71156e-05,9.05069e-05,0.000209603,0.00043637,0.000585207,5.6071e-05,5.58176e-05,4.94901e-05,6.05702e-05,5.22045e-05,5.00903e-05,5.57602e-05,5.20236e-05,0.000242955,3.86063e-05,0.000278254,-0.000255456,0.000214978,2.32453e-05,0.495477,-0.000604675,-0.000216047,0.000207814,0.000613341,1786727100,0.00027466,0,0.000232819,1,0.000301808,0,0.000273745,1,0.000312872,0,0.00029408,1,-0.000273754,0.000240375,0,1
1786727280,0.000191251,-1.06261e-05,0.000324043,-8.50123e-05,0.000413705,0.555363,5.36567e-05,5.04703e-05,0.142697,-0.000526929,-0.000417231,-0.000161012,-3.94319e-05,4.68547e-05,9.23447e-05,0.000205641,0.000417836,0.000578011,5.75335e-05,5.86342e-05,5.56994e-05,5.92905e-05,5.90573e-05,5.59089e-05,5.30616e-05,5.2205e-05,0.000230349,3.52625e-05,0.000220017,-0.000229271,0.000181289,0,0.499626,-0.000538953,-0.000184177,0.000192456,0.000552061,1786727100,-0.000280656,0.000250656,0,1,-0.000279983,0.000261715,0,1,-0.000301222,0.00028467,0,1,-0.00031097,0.000299338,0,1
1786727340,-0.00025501,-3.18727e-05,1.0624e-05,-0.000377225,0.00041044,0.55412,7.66936e-05,8.23576e-05,0.107056,-0.000521597,-0.00041518,-0.000163219,-4.179e-05,4.73596e-05,9.87395e-05,0.000202342,0.000424899,0.000546665,7.45222e-05,7.30596e-05,7.26578e-05,7.34425e-05,7.04784e-05,7.35973e-05,7.97998e-05,7.92987e-05,0.000229131,3.54943e-05,0.000211598,-0.000243525,0.00021263,0,0.499706,-0.000573367,-0.000204117,0.000201287,0.000588626,1786727100,0.000236522,0,0.000200034,1,-0.000284285,0.000264374,0,1,-0.000289001,0.00026109,0,1,-0.000300544,0.000287631,0,1
1786727400,7.96976e-05,6.37586e-05,0.000350622,-7.43901e-05,0.000407912,0.550679,3.48975e-05,3.31089e-05,0.0960259,-0.00051299,-0.000408369,-0.000166097,-4.4085e-05,4.36222e-05,9.21542e-05,0.000197945,0.0004094,0.000540201,3.90166e-05,3.95398e-05,3.3743e-05,4.16474e-05,3.91038e-05,3.49828e-05,3.34639e-05,3.16324e-05,0.000225918,3.47484e-05,0.000214205,-0.000241841,0.000210738,0,0.499511,-0.000569232,-0.000201116,0.000201366,0.000584163,1786727400,-0.000282955,0.000254536,0,1,-0.000248851,0.000221231,0,1,-0.000302833,0.000250413,0,1,-0.000292363,0.000277624,0,1
1786727460,-1.0626e-05,-1.0626e-05,3.18773e-05,-0.000116892,0.000403969,0.551811,3.09672e-05,3.35616e-05,0.0863015,-0.000497461,-0.000399245,-0.000163192,-4.36534e-05,4.5197e-05,9.10166e-05,0.000190112,0.000403004,0.000537012,3.52515e-05,3.5052e-05,2.69221e-05,4.00407e-05,2.9257e-05,2.61709e-05,3.00354e-05,2.95801e-05,0.000218583,3.68583e-05,0.000210263,-0.000245593,0.000220936,0,0.496498,-0.000572745,-0.000207132,0.000201854,0.000596875,1786727400,0.000272281,0,0.000223064,1,0.000288269,0,0.00023883,1,-0.000262595,0.00021678,0,1,-0.000297772,0.00026279,0,1
1786727520,-0.000180659,-2.65654e-05,-1.06261e-05,-0.000515495,0.000399912,0.568897,5.73881e-05,6.24359e-05,0.0823131,-0.000454048,-0.000361568,-0.000128151,-2.39252e-05,4.94536e-05,8.45028e-05,0.000172395,0.000365392,0.000474382,5.7563e-05,5.59421e-05,5.18534e-05,5.42823e-05,4.70968e-05,5.23436e-05,6.33576e-05,5.96393e-05,0.000192351,3.56668e-05,0.000125518,0.000208791,0,0.000152111,0.502894,-0.000490024,-0.000166457,0.000174219,0.000513571,1786727400,0.000297731,8.15441e-06,0.000240055,1,0.000277146,0,0.000227049,1,0.000288961,0,0.000242972,1,0.000252453,0,0.000201139,1
1786727580,0.000276289,0,0.000409092,0,0.000396716,0.557284,7.61588e-05,7.23855e-05,0.071678,-0.000494492,-0.000393039,-0.000154289,-3.44366e-05,4.40521e-05,8.85583e-05,0.000198759,0.000413259,0.000545552,7.99268e-05,8.01813e-05,7.91679e-05,8.04839e-05,8.51439e-05,7.89544e-05,7.24479e-05,7.37255e-05,0.000221658,5.32767e-05,0.000212486,0.000240328,0,0.00023358,0.501536,-0.000556093,-0.000194323,0.000206554,0.000586317,1786727400,0.000242005,0,0.000199723,1,-0.000290742,0.000261024,0,1,-0.000275057,0.000249716,0,1,-0.000289478,0.000261681,0,1
1786727640,0.000472701,0,0.000578896,0,0.000394668,0.554455,0.0001423,0.000136784,0.0602866,-0.000499405,-0.000399429,-0.000164603,-3.83544e-05,4.39708e-05,9.22426e-05,0.000188769,0.00039151,0.000529171,0.000138295,0.000141543,0.000155674,0.000137131,0.000159523,0.00014917,0.000137619,0.000143771,0.000218075,3.25876e-05,0.000201021,-0.000233783,0.000206028,0,0.498518,-0.000546557,-0.000198859,0.000192268,0.000567264,1786727400,0.000273467,0,0.000232291,1,0.000253162,0,0.000212601,1,0.000301107,0,0.000266423,1,-0.000288652,0.000247016,0,1
1786727700,-4.24809e-05,5.30986e-05,9.02659e-05,-0.000281469,0.000396379,0.532357,3.93477e-05,4.19682e-05,0.0653546,-0.000602211,-0.00050283,-0.000227324,-6.94381e-05,3.24566e-05,9.50423e-05,0.000233391,0.000469894,0.000637828,3.70854e-05,3.61648e-05,3.10558e-05,4.89385e-05,3.38656e-05,3.8654e-05,4.31339e-05,3.63155e-05,0.000277635,5.14022e-05,0.000312571,-0.000286741,0.000311557,6.84118e-05,0.494666,-0.000641557,-0.000246966,0.000228624,0.000667714,1786727700,0.000276809,0,0.000226696,1,0.00027101,0,0.000229517,1,0.000240105,0,0.000215992,1,-0.000304381,0.000285121,0,1
1786727760,0.000254858,4.24809e-05,0.000334488,-1.59308e-05,0.000392442,0.549633,7.22833e-05,6.75434e-05,0.0587465,-0.000524789,-0.000425558,-0.000163996,-4.04232e-05,3.82877e-05,9.20016e-05,0.000202253,0.000425243,0.00056584,7.39567e-05,7.41629e-05,7.33966e-05,7.42193e-05,7.18496e-05,7.33424e-05,7.01653e-05,7.23879e-05,0.000229091,3.18598e-05,0.00020126,-0.00024596,0.000237453,0,0.499999,-0.000568668,-0.00020327,0.000206586,0.000610944,1786727700,-0.000332145,0.000285305,0,1,0.000277147,0,0.000228547,1,0.000269728,0,0.000233361,1,0.0002627,0,0.000224061,1
1786727820,-2.12357e-05,7.43214e-05,0.000100863,-0.000685079,0.000390166,0.546644,3.34594e-05,3.59131e-05,0.061553,-0.000529708,-0.000428371,-0.000174822,-4.35384e-05,3.6697e-05,9.42349e-05,0.000214413,0.000436876,0.000576469,3.57481e-05,3.42206e-05,2.89024e-05,3.79137e-05,3.11405e-05,3.51727e-05,3.27852e-05,3.38844e-05,0.000262186,0,0.000206507,-0.000245337,0.000222859,0,0.498207,-0.000561373,-0.000205191,0.000203245,0.000600044,1786727700,-0.000279685,0.000251686,0,1,0.000325066,0,0.000228164,1,0.000286589,0,0.000225619,1,0.000281005,0,0.000238292,1
1786727880,0.000180489,0,0.000281337,-0.000249553,0.000386256,0.55167,5.52063e-05,5.1833e-05,0.0569909,-0.000588604,-0.000453874,-0.000174012,-3.8464e-05,3.94696e-05,9.70034e-05,0.000237161,0.000482876,0.000648321,5.56933e-05,5.45393e-05,5.26706e-05,6.61339e-05,4.9596e-05,5.33979e-05,5.67579e-05,5.21611e-05,0.000259306,5.23215e-05,0.000257722,0.00027692,3.23133e-05,0.000296971,0.503724,-0.000622188,-0.000220145,0.000236936,0.000672259,1786727700,-0.000281248,0.000248201,0,1,0.000273667,0,0.000224971,1,-0.000277047,0.000254997,0,1,-0.000278964,0.000248561,0,1
1786727940,-0.000196416,1.59239e-05,4.77711e-05,-0.000265436,0.000383225,0.551415,6.10676e-05,6.70161e-05,0.0574567,-0.000554948,-0.000439502,-0.000176399,-3.88203e-05,3.94594e-05,9.80407e-05,0.000236331,0.000473425,0.000612554,6.02308e-05,5.72723e-05,5.63359e-05,6.70361e-05,5.93658e-05,5.74622e-05,6.31006e-05,6.57107e-05,0.000258819,4.39412e-05,0.000253436,0.000254075,2.8201e-07,0.000239205,0.501385,-0.000579455,-0.00020766,0.000214907,0.000625202,1786727700,-0.000309635,0.000269572,0,1,-0.000276857,0.000244089,0,1,0.000269412,0,0.000224741,1,-0.000300187,0.000256881,0,1
1786728000,0.000302571,3.18539e-05,0.000355644,-2.65457e-05,0.000380389,0.550682,8.60465e-05,8.12071e-05,0.0499702,-0.000513359,-0.000404812,-0.000165632,-3.71158e-05,3.65793e-05,8.12694e-05,0.000197898,0.000411404,0.000527339,8.69534e-05,8.72739e-05,8.65039e-05,8.7546e-05,8.3711e-05,8.69589e-05,8.45133e-05,8.64912e-05,0.000224786,3.13399e-05,0.000213902,-0.000212464,0.000175555,0,0.498455,-0.000497802,-0.000177191,0.000174892,0.000523277,1786728000,-0.00028942,0.000256703,0,1,0.000304773,0,0.000236771,1,0.000290593,0,0.000215877,1,0.000288844,0,0.00021884,1
1786728060,-0.000350354,5.30732e-05,0.000366148,-0.000360973,0.000378989,0.550781,0.000102228,0.000107967,0.0546841,-0.000518254,-0.000420828,-0.000176063,-3.84816e-05,3.8139e-05,9.29159e-05,0.00021773,0.000442238,0.00056142,0.00010121,9.9351e-05,0.000100084,0.000100053,0.00010651,0.000100029,0.000105423,0.000102573,0.00024439,2.70377e-05,0.000214051,0.000228,0,0.000183573,0.502241,-0.000526713,-0.000189859,0.000190956,0.00056029,1786728000,0.000234997,0,0.00018357,1,-0.000283997,0.00026015,0,1,-0.000283263,0.000275341,0,1,0.000282367,0,0.0002196,1
1786728120,0.00101887,0,0.00112494,0,0.000378438,0.537327,0.00039441,0.000389369,0.0519127,-0.000590406,-0.000460592,-0.00020145,-5.47181e-05,3.16881e-05,9.1856e-05,0.000222579,0.000465707,0.000601474,0.000396449,0.000408932,0.000421878,0.000361021,0.000420052,0.000398512,0.000383047,0.000398866,0.000258593,3.70219e-05,0.000294602,-0.000252049,0.000237219,3.27162e-05,0.498433,-0.000584083,-0.000212411,0.000207084,0.000606208,1786728000,-0.000266214,0.000235383,0,1,0.000242425,0,0.000188084,0,0.000284244,0,0.00021879,1,0.000295738,0,0.000230073,1
1786728180,2.12154e-05,5.3039e-06,0.000180317,-0.000132607,0.000401388,0.516687,4.81484e-05,4.70289e-05,0.16403,-0.00076089,-0.000607852,-0.000279836,-8.82486e-05,1.73545e-05,0.000103825,0.000304359,0.000595673,0.000801097,3.51605e-05,3.67653e-05,4.17736e-05,4.98503e-05,4.1189e-05,5.41037e-05,5.11948e-05,5.12852e-05,0.000383571,0,0.000385764,-0.000338631,0.000331204,2.45069e-05,0.487466,-0.000723871,-0.000280561,0.000264566,0.000771323,1786728000,-0.000292815,0.000260817,0,0,-0.00026476,0.000230761,0,1,-0.000240729,0.000214111,0,0,-0.000281216,0.000259768,0,1
1786728240,-0.000127299,0,0.00023334,-0.000366029,0.000397366,0.530746,4.97668e-05,5.43454e-05,0.126295,-0.000636418,-0.000496998,-0.000221466,-6.4803e-05,2.80637e-05,9.3374e-05,0.000252416,0.000514116,0.000685135,4.86259e-05,4.79615e-05,5.05569e-05,5.26675e-05,5.51583e-05,5.31088e-05,4.78565e-05,4.98977e-05,0.000313416,0,0.000248814,-0.0002869,0.00025209,0,0.493489,-0.000650272,-0.000241074,0.000227477,0.000690962,1786728000,-0.000351196,0.000303151,0,1,0.000289952,0,0.000221961,1,0.000269498,0,0.000199662,1,-0.000243628,0.000206817,0,1
1786728300,-0.000350157,2.12177e-05,0.000190943,-0.000583663,0.000393784,0.52745,0.00010087,0.000106646,0.09931,-0.000629749,-0.000493795,-0.000211167,-6.61986e-05,2.44503e-05,9.25562e-05,0.000258059,0.000532121,0.000693492,0.000100986,9.94429e-05,9.97683e-05,0.000100529,0.00010601,0.000100581,9.8662e-05,0.000104802,0.000312963,0,0.000285503,-0.000298608,0.000293857,0,0.496373,-0.000658543,-0.000242043,0.000244814,0.000712944,1786728300,-0.000320355,0.000282931,0,1,-0.000333749,0.00029306,0,1,-0.000287746,0.000249446,0,1,-0.000261695,0.000230166,0,1
1786728360,-0.000307815,3.18375e-05,6.3674e-05,-0.000567939,0.000392959,0.534193,9.098e-05,9.61233e-05,0.0888909,-0.000669126,-0.000512642,-0.000218416,-6.2354e-05,3.1582e-05,9.83863e-05,0.00027416,0.000540672,0.000686485,8.91757e-05,8.7679e-05,8.79868e-05,9.12851e-05,9.21014e-05,8.81299e-05,9.08757e-05,9.60083e-05,0.000329306,1.69734e-06,0.000315664,0.000309156,0,0.000310339,0.502554,-0.000682286,-0.000243919,0.000258863,0.000716161,1786728300,0.000335548,0,0.000251008,1,-0.000317318,0.000282456,0,1,0.000344198,0,0.00025007,1,-0.000295638,0.000254887,0,1
1786728420,-0.000164561,-5.30798e-06,-5.30798e-06,-0.000493763,0.000391437,0.540133,5.84003e-05,6.19276e-05,0.0864214,-0.000639364,-0.000489793,-0.000208095,-5.63202e-05,3.67063e-05,0.000102752,0.000269872,0.000521856,0.000644409,5.48282e-05,5.36384e-05,5.49148e-05,6.54845e-05,5.7532e-05,5.52274e-05,6.07998e-05,5.70347e-05,0.00032093,0,0.00027416,0.0002988,0,0.000275207,0.506057,-0.000659773,-0.000232666,0.000256397,0.000688962,1786728300,-0.000338494,0.000296433,0,1,-0.000310053,0.00028599,0,1,-0.000289925,0.000273061,0,1,-0.000298651,0.000274528,0,1
1786728480,0.000366243,5.30883e-06,0.000398084,5.30883e-06,0.000388201,0.545299,0.000100069,9.60534e-05,0.0849367,-0.00062084,-0.000477095,-0.000194203,-5.01736e-05,4.02639e-05,0.000102168,0.000263211,0.000495068,0.000616704,0.000104855,0.000105181,0.000105044,0.000106002,0.000101066,0.000104206,9.62016e-05,9.56533e-05,0.000309631,0,0.000246163,0.000256778,0,0.000217883,0.505371,-0.000586022,-0.000202121,0.000222686,0.000605286,1786728300,0.00032219,0,0.000251972,1,-0.000332634,0.000295405,0,1,-0.000334619,0.000293556,0,1,0.000327722,0,0.00024458,1
1786728540,-0.000371552,0,0,-0.000467116,0.000387774,0.536454,0.000107575,0.000112216,0.0713638,-0.000625532,-0.000492363,-0.000209551,-5.51355e-05,3.07399e-05,9.11294e-05,0.000244987,0.000471699,0.00061108,0.000106898,0.000105324,0.000105533,0.000106042,0.000108936,0.000105356,0.000110247,0.000107348,0.000302252,0,0.0002469,-0.000261196,0.00021678,0,0.497466,-0.000592394,-0.000216608,0.000213221,0.000606241,1786728300,0.000274823,0,0.000226217,1,0.000325784,0,0.00025154,1,-0.000328988,0.000280948,0,1,0.000332837,0,0.000251982,1
1786728600,-0.000153969,5.30886e-06,0.000185793,-0.000339825,0.000387457,0.53268,5.47702e-05,5.79344e-05,0.0702875,-0.000638087,-0.000505091,-0.00022399,-6.58513e-05,3.12141e-05,9.41247e-05,0.000240937,0.000475189,0.000610923,5.31233e-05,5.1572e-05,5.23455e-05,6.46895e-05,5.5057e-05,5.3341e-05,5.75704e-05,4.95949e-05,0.000305659,7.19962e-06,0.000317918,-0.000281264,0.000271391,3.86403e-05,0.497999,-0.000624212,-0.000235304,0.000228758,0.000631135,1786728600,-0.000270386,0.000204162,0,1,0.000273212,0,0.000225875,1,0.000310537,0,0.000246737,1,0.00032567,0,0.000254804,1
1786728660,0.000238907,5.30967e-06,0.000366301,-9.55789e-05,0.00038418,0.537658,6.64551e-05,6.26901e-05,0.0692552,-0.000568897,-0.000446393,-0.000194264,-5.75436e-05,3.38308e-05,9.57099e-05,0.000237524,0.000455019,0.000585152,6.94549e-05,6.98231e-05,6.96624e-05,7.39524e-05,6.64498e-05,6.86451e-05,6.55317e-05,6.16651e-05,0.000288536,0,0.000241279,0.00026259,0,0.000246612,0.501625,-0.000590567,-0.000212756,0.000221186,0.000611143,1786728600,0.000305917,0,0.00023414,1,-0.000268173,0.000228777,0,1,0.000265281,0,0.000227914,1,0.000305058,0,0.000248213,1
1786728720,0.000297227,0,0.000753512,0,0.000381817,0.540252,8.24602e-05,7.8116e-05,0.0590648,-0.000560035,-0.000439775,-0.000190739,-5.33195e-05,3.48928e-05,9.43997e-05,0.00023989,0.000447387,0.000564986,8.55641e-05,8.5942e-05,8.57392e-05,8.64825e-05,8.14314e-05,8.48933e-05,8.09228e-05,7.85393e-05,0.000288294,0,0.000224562,0.000258303,0,0.000226908,0.503694,-0.000584223,-0.000212572,0.000215241,0.00059911,1786728600,0.000288128,0,0.000226889,1,0.000296025,0,0.000222588,1,-0.000279013,0.000223496,0,1,0.000272058,0,0.000239411,1
1786728780,0.00020164,5.30683e-06,0.000307749,-5.8377e-05,0.000380309,0.523044,6.28087e-05,6.01e-05,0.050785,-0.000608331,-0.00048031,-0.000224883,-7.58152e-05,2.22473e-05,8.49571e-05,0.000232782,0.000458058,0.000630864,5.91216e-05,5.93432e-05,5.91228e-05,7.11816e-05,5.84687e-05,6.02704e-05,6.65033e-05,6.34403e-05,0.000298852,0,0.000306587,-0.00028472,0.00026117,3.56664e-05,0.492298,-0.000631765,-0.00024141,0.000223195,0.000654024,1786728600,0.000282311,0,0.000238835,1,0.000274017,0,0.000252769,1,-0.000252208,0.000221021,0,1,-0.000267218,0.000223972,0,1
1786728840,-9.55084e-05,-5.30579e-06,3.18341e-05,-0.000196333,0.000377565,0.529467,4.10031e-05,4.46403e-05,0.0510666,-0.00055475,-0.000432656,-0.000198746,-6.49729e-05,2.65134e-05,8.85538e-05,0.000223685,0.000431851,0.00058019,4.34023e-05,4.09543e-05,4.03201e-05,4.86283e-05,4.57204e-05,4.19166e-05,4.08391e-05,3.73993e-05,0.000278919,0,0.000238395,-0.000248819,0.00021101,0,0.493826,-0.000557225,-0.000210351,0.000197205,0.000581836,1786728600,-0.000300205,0.000262862,0,1,0.000282748,0,0.000233406,1,0.000292812,0,0.000243176,1,-0.000294906,0.000227465,0,1
1786728900,-0.000557315,-5.30629e-06,5.83674e-05,-0.000557315,0.000374015,0.537752,0.000181882,0.000185518,0.0552118,-0.000510969,-0.000396091,-0.000175601,-5.27866e-05,3.1107e-05,8.43932e-05,0.000206106,0.000400144,0.000523475,0.000172459,0.000173592,0.000177626,0.000162383,0.000177217,0.000175856,0.00019233,0.000191841,0.000253833,0,0.000191136,-0.00021967,0.000173068,0,0.496928,-0.000492665,-0.000180661,0.000176904,0.000516819,1786728900,-0.000261745,0.000223689,0,1,-0.00029124,0.000269078,0,1,0.000272697,0,0.000227474,1,0.000284583,0,0.000250151,1
1786728960,-0.000297361,0,0.000228271,-0.000297361,0.000378551,0.533441,8.61392e-05,9.02318e-05,0.0422525,-0.000567348,-0.000437782,-0.000193498,-6.29711e-05,3.08776e-05,9.06546e-05,0.000229481,0.000426076,0.000555276,8.64807e-05,8.46611e-05,8.48419e-05,8.55197e-05,8.60418e-05,8.46497e-05,8.66312e-05,8.75837e-05,0.000281374,0,0.000257368,-0.000265949,0.000224583,0,0.49663,-0.000583002,-0.000216487,0.00021823,0.000591453,1786728900,0.000226824,0,0.000187413,0,0.000250426,0,0.000219654,0,-0.000292783,0.000260019,0,1,0.000268605,0,0.000241644,1
1786729020,-0.000138091,0,0.0001009,-0.000265576,0.000377099,0.537818,5.07055e-05,5.34542e-05,0.0448998,-0.000578534,-0.000442947,-0.000192542,-6.45918e-05,3.8366e-05,0.000100092,0.000237261,0.000436997,0.000582298,5.02633e-05,4.81782e-05,4.84949e-05,5.71742e-05,5.07246e-05,5.0591e-05,5.00234e-05,5.20082e-05,0.000287864,0,0.000255726,-0.00026962,0.000217329,0,0.495742,-0.000590859,-0.000217922,0.000220853,0.000591525,1786728900,0.000269383,0,0.000228454,1,0.000227051,0,0.000200296,0,0.00026246,0,0.000220343,0,-0.000281958,0.000267761,0,1
1786729080,1.59345e-05,0,0.000249612,-0.000143422,0.000373819,0.540977,3.22467e-05,3.45062e-05,0.049334,-0.000538201,-0.000407252,-0.00017703,-5.85947e-05,3.96407e-05,9.66008e-05,0.00022589,0.000414983,0.000535216,3.46319e-05,3.35225e-05,3.33219e-05,4.06446e-05,3.74517e-05,3.59277e-05,2.91645e-05,3.28295e-05,0.000270814,0,0.000197636,0.000251192,0,0.000225715,0.501118,-0.00055634,-0.000202146,0.000209306,0.000552201,1786728900,0.000269414,0,0.000234091,1,0.000269243,0,0.00022898,1,0.000227874,0,0.000199875,0,0.00026469,0,0.000218215,0
1786729140,-3.18693e-05,3.71796e-05,0.000297398,-5.84278e-05,0.000370069,0.534638,3.38817e-05,3.58225e-05,0.0540592,-0.000531882,-0.000404907,-0.00017472,-5.84837e-05,3.02087e-05,9.38645e-05,0.000213504,0.000401535,0.000522601,3.61017e-05,3.38951e-05,3.28236e-05,4.28785e-05,3.75701e-05,3.36983e-05,3.11374e-05,3.35607e-05,0.000260312,0,0.000211406,0.00025136,0,0.000246078,0.50063,-0.000562284,-0.000206319,0.000206056,0.000562699,1786728900,0.000258279,0,0.000238097,1,0.000274149,0,0.000247993,1,0.000277795,0,0.000238116,1,0.000234827,0,0.000200226,0
1786729200,0.000207132,7.96713e-05,0.000260236,-1.5935e-05,0.000366377,0.526247,6.09595e-05,5.79064e-05,0.0628639,-0.000525631,-0.000404743,-0.000178766,-6.24395e-05,2.1699e-05,7.86808e-05,0.000184026,0.000372542,0.000514535,6.04774e-05,6.07642e-05,6.04204e-05,6.54242e-05,6.1038e-05,6.04341e-05,6.35942e-05,5.80539e-05,0.000237059,0,0.000224936,-0.000244399,0.000191852,9.28693e-06,0.495659,-0.000548901,-0.000206115,0.00019406,0.000544789,1786729200,0.000269878,0,0.000246178,1,0.000265092,0,0.000247444,1,0.000283823,0,0.000246722,1,0.000267246,0,0.000229736,1
1786729260,-0.000159329,5.31052e-06,0.000175232,-0.000180574,0.000363876,0.540114,5.09796e-05,5.33367e-05,0.0610749,-0.000490847,-0.000384201,-0.000166191,-4.94685e-05,3.21605e-05,9.07403e-05,0.000204504,0.000375888,0.000502344,5.3772e-05,5.0413e-05,4.87528e-05,5.55225e-05,5.24184e-05,4.82257e-05,5.0282e-05,5.33419e-05,0.00022964,0,0.000185461,-0.000218598,0.00017729,0,0.496534,-0.000484069,-0.000181302,0.000174857,0.000489117,1786729200,0.000255266,0,0.000228916,1,0.00026307,0,0.000261596,1,0.000251342,0,0.000241938,1,0.00026021,0,0.000240303,1
1786729320,-0.000233728,-4.24919e-05,0.000106222,-0.000244353,0.000360923,0.527832,6.7221e-05,7.03931e-05,0.0682003,-0.000498126,-0.000384116,-0.00016974,-5.90548e-05,2.22179e-05,7.79609e-05,0.000182612,0.000357392,0.000499044,6.84603e-05,6.68435e-05,6.67732e-05,6.85985e-05,6.55121e-05,6.77517e-05,6.52243e-05,6.99633e-05,0.000214068,0,0.000208926,-0.000212319,0.000169039,0,0.491998,-0.000478874,-0.000181838,0.000164321,0.000477992,1786729200,0.000222317,0,0.000207875,1,0.000249422,0,0.000248925,1,0.000262929,0,0.000254255,1,0.000250171,0,0.000244196,1
1786729380,-0.000441045,2.12503e-05,3.71877e-05,-0.00045699,0.000358821,0.528142,0.000135097,0.000136209,0.074111,-0.000480765,-0.00036496,-0.00016706,-5.93846e-05,2.26949e-05,8.02665e-05,0.000178666,0.000354964,0.000479251,0.000126899,0.000129875,0.000133232,0.000125072,0.000124566,0.000134494,0.000137573,0.000147839,0.000209774,0,0.00019315,-0.000212164,0.00016872,0,0.49564,-0.000475694,-0.000178064,0.000169087,0.000473341,1786729200,0.000213153,0,0.00019455,0,0.000219225,0,0.000210333,0,0.000260226,0,0.00024709,1,0.000266469,0,0.000255002,1
1786729440,-9.56739e-05,1.06299e-05,1.06299e-05,-0.000622044,0.00036065,0.532228,3.96461e-05,4.11167e-05,0.0672531,-0.000504435,-0.000386209,-0.000173782,-5.83756e-05,2.70737e-05,8.23283e-05,0.000187903,0.000366001,0.000484651,4.31521e-05,3.96114e-05,3.88492e-05,4.39617e-05,3.88671e-05,4.28985e-05,3.90365e-05,3.76532e-05,0.000219858,0,0.000189861,0.000234732,0,0.00024453,0.503141,-0.00052295,-0.000191325,0.000196491,0.000508799,1786729200,0.000216994,0,0.000186332,1,0.000215516,0,0.000200341,1,0.000224159,0,0.000206157,0,0.00025833,0,0.000238515,1
1786729500,0.0003667,3.18923e-05,0.000494217,3.18923e-05,0.000357281,0.530471,0.000100503,9.8518e-05,0.0734328,-0.000562875,-0.00043296,-0.000186446,-6.55293e-05,2.80916e-05,9.67997e-05,0.000231105,0.00043103,0.000559974,0.000104891,0.000105081,0.000105444,0.000107072,0.000108576,0.000104398,9.51236e-05,9.84661e-05,0.000258426,1.2417e-05,0.000265768,0.000275261,3.27967e-05,0.000342598,0.510711,-0.000586931,-0.000213139,0.000234339,0.000588262,1786729500,0.000238274,0,0.000204448,1,0.000218565,0,0.000207314,1,0.000221976,0,0.000212841,1,0.000225568,0,0.00021521,1
1786729560,-6.37643e-05,-5.31354e-06,-5.31354e-06,-0.000122219,0.000357472,0.522492,3.59178e-05,3.75781e-05,0.0511769,-0.000532556,-0.000423948,-0.000189768,-7.17473e-05,2.04055e-05,8.51327e-05,0.000203786,0.000395769,0.000527556,3.78186e-05,3.43812e-05,3.36987e-05,4.49005e-05,3.75396e-05,3.9683e-05,3.52004e-05,3.46387e-05,0.000258794,0,0.00023183,-0.000250822,0.000209272,4.38133e-06,0.497945,-0.000554759,-0.000209273,0.000200082,0.00054696,1786729500,0.000292036,0,0.000256947,1,0.000244465,0,0.00021587,1,0.000232072,0,0.000211416,1,0.000222016,0,0.000209735,1
1786729620,-0.000132855,-3.18837e-05,1.59415e-05,-0.000504944,0.000353994,0.533242,4.48542e-05,4.61364e-05,0.054626,-0.000471474,-0.000370225,-0.000158677,-5.01224e-05,2.42529e-05,7.73945e-05,0.000178364,0.000346581,0.000468395,4.93033e-05,4.52616e-05,4.41057e-05,4.82793e-05,4.52731e-05,4.74708e-05,4.31753e-05,4.45562e-05,0.000223604,0,0.000148059,0.000201682,0,0.000154379,0.502754,-0.000456333,-0.000164219,0.000163561,0.000453792,1786729500,0.000252447,0,0.000240659,1,0.000281902,0,0.000244412,1,0.000244291,0,0.000220538,1,0.00022461,0,0.00021595,1
1786729680,-8.50367e-05,5.31456e-06,9.03436e-05,-0.0002445,0.00035094,0.52584,3.89319e-05,3.98444e-05,0.0557021,-0.000508729,-0.000395068,-0.000169681,-5.96151e-05,2.02824e-05,8.37657e-05,0.000202781,0.00039101,0.000520123,4.1294e-05,3.70031e-05,3.5515e-05,4.91881e-05,3.69393e-05,3.80109e-05,3.9043e-05,3.80872e-05,0.000248745,0,0.000229311,0.000244036,0,0.000262511,0.507534,-0.00053878,-0.000192671,0.000207342,0.000551086,1786729500,0.000199673,0,0.000171558,1,0.000252245,0,0.000228569,1,0.000233422,0,0.00024127,1,0.000239019,0,0.000227194,1
1786729740,0.000132867,0,0.00028697,-0.000186043,0.00034762,0.523277,4.26966e-05,4.22794e-05,0.0571072,-0.000491066,-0.000375135,-0.000159404,-5.89117e-05,1.74511e-05,7.63896e-05,0.000193607,0.000373478,0.000490842,4.75259e-05,4.44774e-05,4.28106e-05,5.30404e-05,4.8888e-05,4.37741e-05,4.08013e-05,3.86144e-05,0.000236035,0,0.000205703,0.000216976,0,0.000215936,0.503603,-0.000485119,-0.000174795,0.000181351,0.000487851,1786729500,0.000253385,0,0.000228361,1,0.00020564,0,0.000185138,1,0.000251964,0,0.000223725,1,0.000261625,0,0.000264833,1
1786729800,-0.000701736,0,5.3143e-06,-0.000749599,0.000344639,0.521383,0.00025914,0.000259906,0.0575022,-0.00048837,-0.000381551,-0.000163207,-6.22839e-05,1.65658e-05,7.89082e-05,0.000187215,0.000369916,0.000496437,0.000240274,0.000255724,0.000263642,0.000214283,0.000247593,0.000263832,0.000265308,0.000271009,0.000215106,0,0.000220203,0.000227592,0,0.000246028,0.503192,-0.000506268,-0.000185911,0.000187841,0.00051148,1786729800,0.000219179,0,0.000206392,1,0.000238639,0,0.000230841,1,0.000199736,0,0.000184788,1,0.000244407,0,0.000231272,1
1786729860,-0.000515984,-2.65906e-05,8.50851e-05,-0.00060112,0.000355316,0.524523,0.000160088,0.000159626,0.0467603,-0.000564444,-0.000432478,-0.000184706,-6.75168e-05,2.14749e-05,8.7611e-05,0.000221843,0.000418998,0.000551951,0.00015582,0.00015831,0.000155893,0.000146205,0.000147916,0.000150292,0.000163463,0.000174196,0.000250552,0,0.000266783,0.000259698,0,0.000326176,0.504875,-0.000574932,-0.000209007,0.000216219,0.00055964,1786729800,0.000235976,0,0.000227042,0,0.00022418,0,0.000208649,0,0.000250351,0,0.000224298,0,0.000218915,0,0.00018127,0
1786729920,-0.000303331,-6.38515e-05,6.38474e-05,-0.000452369,0.000359234,0.526288,9.16623e-05,9.26243e-05,0.0552893,-0.000603401,-0.000450896,-0.000194044,-7.48615e-05,2.6185e-05,0.000101422,0.000246412,0.000456121,0.000592091,8.76865e-05,8.62175e-05,8.65273e-05,8.73601e-05,7.78825e-05,8.66869e-05,9.32637e-05,0.000101152,0.00027302,0,0.000272449,0.000272469,0,0.000319318,0.505754,-0.00059432,-0.00021242,0.00023082,0.00058015,1786729800,0.000268351,0,0.000236688,0,0.000237383,0,0.000219442,0,0.000222799,0,0.000207261,0,0.000256251,0,0.000218455,0
1786729980,2.66117e-05,1.59671e-05,3.72561e-05,-0.000234213,0.000358202,0.529706,3.57238e-05,3.64852e-05,0.0557211,-0.000600223,-0.00045184,-0.000189265,-6.75662e-05,2.79476e-05,0.000100912,0.000249726,0.000460016,0.000587257,3.53018e-05,3.31692e-05,3.63295e-05,4.59342e-05,3.83415e-05,3.94012e-05,3.38268e-05,3.76257e-05,0.000273426,0,0.000258678,0.000271676,0,0.000303314,0.505377,-0.000594939,-0.000212065,0.000228372,0.000573693,1786729800,0.000277855,0,0.000244703,1,0.00026523,0,0.000224868,1,0.000233551,0,0.000215383,0,0.000221366,0,0.000201911,0
1786730040,-0.000228884,0,0.000164977,-0.000228884,0.000354621,0.536072,7.3654e-05,7.40165e-05,0.0502598,-0.00054364,-0.000404697,-0.000159572,-5.00095e-05,2.74174e-05,9.38792e-05,0.000225062,0.000426189,0.000516566,6.69992e-05,6.54685e-05,6.57067e-05,6.86714e-05,5.78614e-05,6.60926e-05,7.94225e-05,8.41451e-05,0.000242678,0,0.000185133,0.000248754,0,0.000223521,0.510772,-0.000549889,-0.000191687,0.000215101,0.000542227,1786729800,0.000275495,0,0.000263586,1,0.000273507,0,0.000260133,1,0.000271185,0,0.000247416,1,0.00023075,0,0.000216432,0
1786730100,-0.00191829,-3.72651e-05,-3.72651e-05,-0.00205698,0.000352546,0.517212,0.000857551,0.000855298,0.0505421,-0.000559139,-0.000424309,-0.000186399,-6.96926e-05,1.41963e-05,8.0559e-05,0.000211378,0.000414252,0.000529062,0.000847911,0.00085774,0.000851993,0.000823718,0.000837506,0.000850751,0.000864552,0.00087477,0.000243019,0,0.000243552,-0.000252716,0.000203059,4.67178e-05,0.496893,-0.00056258,-0.000210086,0.000201886,0.000539369,1786730100,0.00026408,0,0.000247737,0,0.000284906,0,0.000264758,0,0.000297397,0,0.000258096,0,0.000282382,0,0.000239824,0
1786730160,0.000362626,1.6001e-05,0.000959606,-0.000250715,0.000442041,0.528578,9.86101e-05,9.9951e-05,0.957144,-0.00100875,-0.000752633,-0.000334319,-0.000114596,4.51456e-05,0.000173351,0.000407537,0.000755993,0.000992022,0.000104147,0.000105544,0.000109831,0.000106675,0.000158931,0.000122141,9.10682e-05,8.47617e-05,0.000457511,6.94572e-05,0.000529608,0.0004504,2.26962e-05,0.000638599,0.501487,-0.000926214,-0.000335157,0.000367012,0.000886372,1786730100,0.000262997,0,0.000240198,0,0.000264823,0,0.000261923,0,0.000275101,0,0.000264671,0,0.000279254,0,0.000252139,0
1786730220,0.000261223,5.33176e-06,0.000479744,5.33176e-06,0.000440593,0.528153,8.02183e-05,8.11044e-05,0.934896,-0.000952682,-0.00071952,-0.000317275,-0.000108706,4.19048e-05,0.000167305,0.000383745,0.00073766,0.000947035,7.57746e-05,7.72843e-05,9.07276e-05,9.31956e-05,0.000128573,0.000100579,7.09257e-05,6.99613e-05,0.000432589,1.55186e-05,0.000402163,-0.000433533,0.000395297,0.000102986,0.496329,-0.000888819,-0.000332838,0.000350614,0.000864938,1786730100,0.000458774,0,0.000468789,1,0.000260293,0,0.000261231,0,0.000245316,1.61059e-06,0.000243888,0,0.000272114,0,0.000260062,0
1786730280,0.000303785,-1.59913e-05,0.000479619,-4.26439e-05,0.000437726,0.529204,8.38376e-05,8.42704e-05,0.897246,-0.000860721,-0.00065662,-0.000291402,-0.000102527,4.15709e-05,0.000147616,0.000335505,0.000641681,0.00083015,8.75432e-05,8.90056e-05,9.55574e-05,9.07744e-05,0.000125784,0.000100326,7.54228e-05,7.63353e-05,0.000384628,4.06762e-06,0.000322582,-0.000386015,0.000305693,3.30503e-05,0.490451,-0.000828398,-0.000320132,0.000297798,0.000781194,1786730100,0.000438851,0,0.000451078,1,0.000426347,0,0.000394905,1,0.000268513,0,0.00026243,1,0.000266714,0,0.000255349,0
1786730340,1.06575e-05,5.32874e-06,6.3943e-05,-0.000191854,0.000435452,0.523618,5.00091e-05,5.13977e-05,0.846676,-0.000838751,-0.00064887,-0.000283136,-0.000100622,3.05744e-05,0.000138964,0.000308704,0.00061442,0.000811196,3.4422e-05,4.35203e-05,5.72593e-05,5.45274e-05,7.497e-05,5.59856e-05,5.33443e-05,4.30025e-05,0.000360719,3.86669e-05,0.000336152,-0.000387994,0.000344383,3.83427e-05,0.482916,-0.000817332,-0.000323101,0.000294582,0.000803574,1786730100,-0.000392269,0.000334093,3.94223e-05,1,-0.000426278,0.000353099,8.46404e-05,1,-0.000470894,0.000350359,0,1,0.000276296,0,0.000256603,1
1786730400,-0.000501023,2.66431e-05,2.66431e-05,-0.000511686,0.000431078,0.528854,0.000151875,0.000152187,0.758493,-0.00081109,-0.0006353,-0.000263475,-9.00128e-05,3.58061e-05,0.000148675,0.000333038,0.000630049,0.000820281,0.000150069,0.000141769,0.000142539,0.000144059,0.000124899,0.000143935,0.000161098,0.000163747,0.000371976,0.000231967,0.000393111,-0.000411479,0.000589882,0.000106375,0.487682,-0.00083312,-0.00032478,0.000325157,0.000843888,1786730400,0.000385434,0,0.000389748,1,0.000413715,0,0.00039211,1,0.000445741,0,0.000425243,1,0.000489595,0,0.000398085,1
1786730460,-0.00100814,5.33136e-06,2.13253e-05,-0.00158467,0.000432587,0.528404,0.000370429,0.000367007,0.641309,-0.000761828,-0.000568479,-0.000243788,-8.02541e-05,3.11524e-05,0.000128992,0.000291531,0.000561605,0.00073182,0.000392794,0.000365162,0.000330088,0.000353663,0.00026962,0.000355771,0.000384652,0.000399574,0.000330725,2.31191e-05,0.000284266,-0.000318784,0.000267371,2.3496e-05,0.481572,-0.000680916,-0.000268162,0.000248627,0.000669892,1786730400,0.000499064,0,0.000436331,0,-0.000358105,0.000318487,3.34952e-05,0,0.000356454,0,0.000393731,1,0.000378783,1.04845e-05,0.000437069,1
1786730520,0.000346829,-4.80319e-05,0.000421514,-0.000186804,0.000451349,0.528198,9.39636e-05,9.49466e-05,0.493296,-0.000960835,-0.000720053,-0.00031524,-0.000103356,3.988e-05,0.000168218,0.000380937,0.000728177,0.000937916,9.96657e-05,0.000101122,0.000102457,0.000107614,0.000144247,0.000113695,8.60471e-05,8.21152e-05,0.000429968,5.66346e-05,0.000444152,-0.000421529,0.000443092,0.000120278,0.492353,-0.000870689,-0.000324858,0.000344017,0.000859276,1786730400,0.000293312,0,0.000305605,1,-0.000424916,0.000341997,4.72974e-05,1,0.000390551,0,0.000370806,1,0.00038156,0,0.000389067,1
1786730580,0.000176036,0,0.000362707,0,0.000449497,0.529166,6.23586e-05,6.2878e-05,0.437866,-0.000870441,-0.000665952,-0.000285532,-9.15712e-05,3.69645e-05,0.000150453,0.000340308,0.000653352,0.000841226,5.5093e-05,6.30667e-05,7.17878e-05,6.99706e-05,0.000101427,7.93349e-05,5.55763e-05,5.57209e-05,0.000386487,5.71251e-06,0.000313844,-0.000381597,0.000334693,0,0.489983,-0.000803578,-0.000304417,0.000309174,0.000787308,1786730400,0.000413565,0,0.000457587,1,0.000304671,0,0.000309645,1,0.000389402,2.07638e-07,0.000374042,1,0.00039445,0,0.00035092,1
1786730640,0.000330651,1.60017e-05,0.000597225,1.60017e-05,0.000445675,0.522901,9.16404e-05,9.19475e-05,0.386457,-0.000810497,-0.000627257,-0.000277599,-9.39152e-05,2.73658e-05,0.000129045,0.000286729,0.000584975,0.000766863,9.51354e-05,9.63841e-05,9.71206e-05,9.65465e-05,0.00012725,9.83382e-05,8.33688e-05,8.85115e-05,0.00034067,0,0.000291456,-0.000353044,0.000282051,2.29155e-07,0.482747,-0.000767217,-0.000300488,0.000269002,0.000740014,1786730400,0.000364764,0,0.000407609,1,0.000404167,0,0.000412418,1,0.000312021,0,0.000313138,1,0.000405095,1.24712e-05,0.000382841,1
1786730700,0.00058637,-6.39884e-05,0.000714259,-0.000122648,0.000443667,0.518731,0.000163491,0.000163097,0.339161,-0.000813418,-0.000641928,-0.000281586,-9.85965e-05,2.23158e-05,0.000131614,0.000294417,0.000589985,0.000783803,0.000184011,0.00017272,0.000167946,0.000168029,0.000191624,0.000167737,0.00015885,0.000160826,0.000348509,1.8604e-05,0.000346071,-0.000372018,0.000335231,4.38244e-05,0.478758,-0.000792347,-0.000316741,0.000281321,0.000789381,1786730700,-0.000349162,0.0002987,3.84787e-05,1,0.000373813,0,0.000389395,1,0.000413785,0,0.000428217,1,0.000297925,0,0.000290909,1
1786730760,-0.000239837,1.59871e-05,0.000383619,-0.000431748,0.000446968,0.513805,7.86994e-05,7.95834e-05,0.254315,-0.000830604,-0.000648827,-0.000292546,-0.000106074,1.67022e-05,0.000134222,0.000307104,0.000607517,0.000820452,6.98922e-05,7.36595e-05,7.90703e-05,8.40212e-05,7.65067e-05,7.85679e-05,8.16989e-05,7.73364e-05,0.000362818,1.85126e-05,0.000362934,-0.000393195,0.00038436,4.85113e-05,0.478609,-0.000823962,-0.000332735,0.000297035,0.000831455,1786730700,-0.000369372,0.00032761,2.27004e-05,1,0.000362139,0,0.000359397,1,0.000374536,0,0.000358633,1,0.000407203,0,0.000392588,1
1786730820,2.66514e-05,0,0.000175886,0,0.000443774,0.515078,4.75474e-05,4.83166e-05,0.0755882,-0.000777895,-0.000609903,-0.000272331,-0.000100658,1.75572e-05,0.00012732,0.000288595,0.0005841,0.000811691,3.53333e-05,4.52122e-05,5.08355e-05,5.77905e-05,6.59721e-05,4.46471e-05,4.73987e-05,4.45654e-05,0.000340004,6.67865e-06,0.000348321,-0.000364659,0.000367927,8.12343e-05,0.479687,-0.000783115,-0.0003088,0.000280009,0.000799787,1786730700,-0.000390791,0.00034899,2.20943e-05,1,-0.000350307,0.00032041,4.01785e-05,1,0.000345762,0,0.000368425,1,0.000341128,0,0.00035443,1
1786730880,7.46201e-05,0,0.000154564,-6.39645e-05,0.00043933,0.527018,4.1995e-05,4.2405e-05,0.104188,-0.000660554,-0.000519628,-0.000221788,-7.56141e-05,2.73423e-05,0.000109797,0.000245533,0.000493857,0.000652709,3.79569e-05,4.7209e-05,5.08759e-05,4.61437e-05,6.45337e-05,4.06359e-05,3.71951e-05,3.74604e-05,0.000285719,0,0.000209729,-0.000292224,0.000224825,0,0.48047,-0.000640883,-0.000249815,0.000219694,0.000647952,1786730700,-0.000363652,0.00035003,8.30547e-06,1,-0.00037349,0.000348173,1.54212e-05,1,0.000380805,0,0.000371755,1,0.000355813,0,0.000346739,1
1786730940,-0.000202553,5.32979e-06,5.32979e-06,-0.00052779,0.000435042,0.535071,6.75441e-05,6.81339e-05,0.15684,-0.000661615,-0.000513916,-0.000218864,-6.34e-05,3.3305e-05,0.000113319,0.000251933,0.000501972,0.000661319,6.09988e-05,6.60935e-05,6.74059e-05,6.64348e-05,6.68195e-05,5.93625e-05,6.90893e-05,7.4182e-05,0.000289636,0,0.000197299,-0.000299631,0.000246521,0,0.485872,-0.000655615,-0.000248713,0.000234863,0.000660844,1786730700,0.000296134,7.80841e-06,0.000273972,1,0.000359477,2.4121e-06,0.000354636,1,0.000379089,0,0.000366113,1,0.000370818,0,0.000352743,1
1786731000,0.000213213,5.33087e-06,0.000373093,0,0.000431621,0.528772,6.22811e-05,6.19454e-05,0.18459,-0.000666603,-0.000514959,-0.000220343,-7.27248e-05,2.86798e-05,0.000113302,0.000260874,0.000517387,0.000681027,6.22446e-05,6.70801e-05,6.76096e-05,7.32122e-05,8.029e-05,6.2204e-05,5.91099e-05,5.52907e-05,0.000296817,1.59436e-05,0.000247809,-0.000322028,0.000311199,0,0.488368,-0.000698658,-0.00026203,0.000261316,0.000713061,1786731000,0.000297075,0,0.00029619,1,-0.000307896,0.000273806,7.0293e-06,1,-0.000360915,0.000345263,5.47108e-06,1,0.000373886,0,0.000368357,1
1786731060,8.52724e-05,0,0.000415634,-0.000175897,0.000428346,0.52571,4.16094e-05,4.15999e-05,0.257096,-0.000640158,-0.000503048,-0.000218587,-7.69012e-05,2.60209e-05,9.71773e-05,0.000236113,0.000473949,0.000635182,3.97312e-05,4.6193e-05,4.56186e-05,4.93276e-05,5.2801e-05,3.75447e-05,3.97451e-05,3.72691e-05,0.000276434,0,0.0002126,-0.000286922,0.00024953,0,0.479369,-0.00063702,-0.000246236,0.000216606,0.000638695,1786731000,0.000320034,0,0.000317516,1,0.0003167,0,0.000290016,1,0.000331856,0,0.000306328,1,0.000366052,0,0.000336714,1
1786731120,-0.000245178,5.32928e-06,5.32928e-06,-0.000245178,0.000424212,0.525554,7.25701e-05,7.37767e-05,0.372469,-0.000629151,-0.000493725,-0.000220093,-7.27897e-05,2.4403e-05,8.73116e-05,0.000218378,0.000455179,0.000634412,7.1223e-05,7.19821e-05,7.07111e-05,7.76689e-05,7.20398e-05,7.09799e-05,7.43293e-05,7.35102e-05,0.000263322,1.2564e-05,0.000226925,-0.000296203,0.000286744,1.48334e-05,0.479801,-0.000661196,-0.000254805,0.000225851,0.000672214,1786731000,-0.000283238,0.000255155,0,1,0.00032262,0,0.000312297,1,0.00030654,0,0.000293774,1,0.000316122,0,0.000292699,1
1786731180,-0.000581205,-4.79766e-05,-4.79766e-05,-0.000581205,0.000421378,0.53027,0.000189323,0.00018679,0.384458,-0.000549957,-0.000435573,-0.000186744,-6.18661e-05,2.61241e-05,7.9754e-05,0.000185459,0.000389518,0.000541213,0.000180733,0.000170826,0.000174899,0.000174583,0.000165181,0.00019556,0.000206015,0.0002082,0.000223507,0,0.000129454,-0.000252562,0.000189766,0,0.476419,-0.000550306,-0.000217493,0.000184644,0.000546417,1786731000,-0.000297701,0.000279996,0,1,-0.000286339,0.000273746,0,1,0.000312719,0,0.000312784,1,0.000310116,0,0.000282738,1
1786731240,-0.000272056,0,0.000277314,-0.000421451,0.000425163,0.526571,8.2144e-05,8.20826e-05,0.136967,-0.000636212,-0.000493268,-0.000219233,-7.72229e-05,2.7329e-05,9.77701e-05,0.00023258,0.000467165,0.000611815,7.86512e-05,7.81391e-05,7.814e-05,7.83818e-05,7.18337e-05,7.76626e-05,8.61065e-05,8.67558e-05,0.000273814,0,0.000217769,-0.000308621,0.00026072,0,0.482038,-0.000670162,-0.000256531,0.000244386,0.000663142,1786731000,0.000239904,0,0.000213005,0,0.000299461,4.67753e-06,0.000282121,1,-0.000309907,0.000266244,0,1,0.000323095,0,0.000306919,1
1786731300,0.000640014,3.73454e-05,0.000645345,3.73454e-05,0.000422645,0.521676,0.000188518,0.000190139,0.132587,-0.000704691,-0.00055674,-0.000259453,-9.24038e-05,2.5104e-05,0.000111985,0.000268222,0.000528564,0.000701664,0.000209229,0.000197683,0.000199879,0.000183539,0.000212947,0.000205564,0.00018446,0.000180119,0.000318241,2.07955e-05,0.000326358,-0.000362393,0.000384184,0.000100879,0.485496,-0.000763572,-0.000295051,0.000287581,0.000759502,1786731300,0.000298507,0,0.000275682,1,-0.000251787,0.000229622,0,1,-0.000303159,0.000282455,6.01731e-08,1,-0.000298513,0.000273954,0,1
1786731360,-5.86509e-05,5.33173e-06,5.33173e-06,-0.000202627,0.000428076,0.516637,4.33299e-05,4.46284e-05,0.0637931,-0.000678779,-0.000539792,-0.000243782,-8.6981e-05,1.7017e-05,9.76706e-05,0.000240271,0.000489883,0.000640822,3.78178e-05,4.46096e-05,4.47728e-05,4.65469e-05,5.01207e-05,4.25854e-05,4.42957e-05,4.12323e-05,0.000290913,0,0.000237336,-0.000350065,0.000319316,0,0.481632,-0.000744935,-0.000291962,0.000271923,0.000742027,1786731300,0.000367481,0,0.000338469,1,0.000304302,0,0.000288472,1,0.000259343,0,0.000248577,1,-0.000305145,0.000297273,0,1
1786731420,-7.9984e-05,0,0.000175942,-0.000111979,0.000423854,0.523808,4.20249e-05,4.19354e-05,0.0729687,-0.000588406,-0.00047483,-0.000205778,-6.69849e-05,2.04014e-05,8.50286e-05,0.000208288,0.000437552,0.00058492,4.05454e-05,4.51741e-05,4.39239e-05,4.29539e-05,4.94314e-05,4.04476e-05,4.18529e-05,4.05282e-05,0.000249,0,0.000147359,-0.000303445,0.000260726,0,0.482335,-0.000660174,-0.000250349,0.000237251,0.000669151,1786731300,-0.000341401,0.00027973,0,1,0.000367582,0,0.000327151,1,0.000317021,0,0.000298026,1,-0.000256087,0.00021458,2.09129e-06,1
1786731480,0.000442498,-5.33249e-06,0.000501128,-0.000218656,0.000419747,0.510915,0.000127518,0.000128773,0.0738394,-0.00058366,-0.000468739,-0.000212022,-7.992e-05,9.58677e-06,7.56463e-05,0.000196536,0.000423977,0.000566864,0.00012764,0.00012709,0.000126825,0.000126856,0.00013485,0.000128712,0.000135115,0.000124779,0.000247599,0,0.000187184,-0.0003079,0.000258205,0,0.476378,-0.000667487,-0.000261308,0.000234177,0.000678705,1786731300,0.000293412,0,0.000268616,1,-0.000342739,0.000295606,0,1,-0.000323843,0.000280884,1.48216e-05,1,-0.000306749,0.000258943,0,1
1786731540,-9.06162e-05,5.33011e-06,5.33011e-06,-0.000106608,0.000420214,0.511849,4.55393e-05,4.54552e-05,0.0582077,-0.000651019,-0.000516676,-0.00023098,-8.99705e-05,1.18677e-05,9.1579e-05,0.000242497,0.00049721,0.000645623,4.23718e-05,4.56658e-05,4.39974e-05,5.4928e-05,4.90524e-05,4.27448e-05,4.60669e-05,4.32373e-05,0.000286219,0,0.000248347,-0.000346745,0.000348287,0,0.480485,-0.000728268,-0.000286597,0.000269837,0.000747014,1786731300,0.000305452,0,0.0002644,1,0.00029524,0,0.000273757,1,0.000337158,0,0.000300958,1,-0.000338317,0.000299552,1.12684e-05,1
1786731600,7.99559e-05,5.33059e-06,0.000111936,0,0.000416188,0.516219,3.67043e-05,3.71205e-05,0.0622067,-0.000561434,-0.000448223,-0.000188776,-7.09494e-05,1.34129e-05,6.90069e-05,0.000190363,0.00039313,0.000537789,3.92201e-05,4.39905e-05,4.08959e-05,3.93955e-05,4.86212e-05,3.94103e-05,3.3029e-05,3.24643e-05,0.000227829,0,0.000123822,-0.000264237,0.000185401,0,0.476261,-0.000567956,-0.000223611,0.000196807,0.000573208,1786731600,-0.000342168,0.00030799,0,1,-0.000296425,0.00026299,1.07968e-05,1,0.000278148,0,0.000280133,1,-0.000321516,0.000279949,1.70552e-06,1
1786731660,-0.00041584,-5.33019e-06,6.39601e-05,-0.000506495,0.00041216,0.521119,0.000122338,0.000120708,0.0734225,-0.00053205,-0.000424544,-0.000179693,-6.46807e-05,1.68757e-05,7.68135e-05,0.000188564,0.00039139,0.000517039,0.000118573,0.000117892,0.000117704,0.000117821,0.000114946,0.000119706,0.000129004,0.000132498,0.000222941,0,0.00010071,-0.000244192,0.000182599,0,0.480879,-0.000522774,-0.000202913,0.00018129,0.000529657,1786731600,0.000232929,0,0.000208062,1,-0.000335562,0.000307864,0,1,-0.000327712,0.000274466,0,1,0.000317001,0,0.000278258,1
1786731720,0.000319893,-5.33241e-06,0.000383859,-1.59973e-05,0.000412234,0.516423,8.91141e-05,8.99432e-05,0.0573058,-0.000599941,-0.000471068,-0.000211962,-8.28379e-05,1.59542e-05,8.7154e-05,0.000222166,0.00044069,0.000587059,9.20804e-05,9.28985e-05,9.25256e-05,9.30514e-05,9.7645e-05,9.09625e-05,9.049e-05,7.93251e-05,0.000262405,0,0.00021703,-0.000305223,0.000272732,0,0.481978,-0.000655623,-0.000253488,0.000240042,0.000660026,1786731600,0.000236812,0,0.000216553,1,-0.00025635,0.000215003,0,1,0.000327539,0,0.000301152,1,0.000321694,0,0.00029282,1
1786731780,-3.19846e-05,2.66531e-05,0.000207875,-7.46324e-05,0.000410591,0.514725,3.66639e-05,3.77771e-05,0.058232,-0.000579805,-0.000459178,-0.000202841,-7.79528e-05,1.31767e-05,8.25228e-05,0.000223746,0.000433276,0.000566811,3.64682e-05,4.0584e-05,3.69694e-05,4.20795e-05,4.26351e-05,3.83385e-05,3.41821e-05,3.41637e-05,0.000259584,0,0.00017443,-0.000305981,0.000266354,0,0.480483,-0.000645071,-0.000253625,0.000238205,0.000653899,1786731600,0.000294543,0,0.000278959,1,0.000242727,0,0.000223852,1,0.000244967,0,0.000225278,1,-0.000320531,0.000293828,3.89554e-07,1
1786731840,4.2646e-05,4.2646e-05,8.52901e-05,-0.000325235,0.000406489,0.507968,3.31718e-05,3.34969e-05,0.0689752,-0.000543559,-0.000427928,-0.000192454,-7.55476e-05,6.72749e-06,6.39907e-05,0.000181268,0.0003829,0.000520135,3.6373e-05,4.05866e-05,3.59746e-05,3.97366e-05,4.27388e-05,3.6368e-05,2.81878e-05,2.89724e-05,0.000226018,0,0.000151167,-0.000277819,0.000221792,0,0.477088,-0.000603909,-0.00023871,0.00020716,0.000605325,1786731600,0.000292837,0,0.000286743,1,0.00029783,0,0.00027528,1,0.00026542,0,0.000228541,1,0.000230836,0,0.000210517,1
1786731900,5.33062e-06,-1.5992e-05,5.33062e-06,-0.000234575,0.000402449,0.52074,3.15359e-05,3.22066e-05,0.0850162,-0.000531366,-0.000414226,-0.000176204,-6.12786e-05,1.56134e-05,7.36036e-05,0.000203977,0.00041162,0.000531345,3.42927e-05,3.79113e-05,3.24308e-05,4.23317e-05,3.87059e-05,3.11004e-05,2.76229e-05,2.84497e-05,0.000232978,0,0.000147085,-0.000286981,0.000280196,0,0.486824,-0.000608634,-0.000230911,0.000231172,0.000635411,1786731900,0.000271856,0,0.000264832,1,0.000293318,0,0.000275522,1,0.000295885,0,0.000288164,1,0.000244913,0,0.000229819,1
1786731960,0.00038373,0,0.000511607,0,0.000398405,0.519569,0.000105889,0.000106411,0.103463,-0.000513497,-0.000393907,-0.000155271,-5.35306e-05,1.26367e-05,6.89746e-05,0.000192472,0.000394137,0.000514457,0.000109507,0.000110422,0.00011035,0.000110205,0.000108566,0.000113649,0.00010381,0.000101668,0.000215742,0,0.000138227,-0.0002673,0.000239688,0,0.490293,-0.000571313,-0.000211464,0.000217509,0.000591474,1786731900,0.000287507,0,0.000274379,1,0.000279221,0,0.000273368,1,0.000305844,0,0.000266658,1,0.000274477,0,0.000282466,1
1786732020,-0.000479685,1.06571e-05,0.000197137,-0.000479685,0.000398117,0.511808,0.000142789,0.000141002,0.0881029,-0.000560764,-0.000444026,-0.000195526,-7.50222e-05,9.83171e-06,6.93732e-05,0.000204046,0.000417676,0.000558301,0.000141493,0.000135807,0.000143463,0.000135946,0.000142259,0.000141582,0.000141976,0.000152769,0.000241262,0,0.000205102,-0.000287015,0.000257545,0,0.480137,-0.000610233,-0.000245082,0.000218456,0.000622597,1786731900,0.000259358,0,0.000252124,1,0.000273619,0,0.000290009,1,0.000271288,0,0.000284897,1,0.000265118,0,0.000275897,1
1786732080,-0.000522586,-4.79812e-05,-4.79812e-05,-0.000565258,0.000399911,0.499018,0.000153196,0.000150414,0.0546021,-0.000599511,-0.000480639,-0.000217576,-9.38108e-05,8.37601e-07,6.44399e-05,0.000197412,0.000419362,0.000585228,0.000158122,0.000152006,0.000157515,0.000148112,0.000149576,0.000154468,0.000152032,0.000163966,-0.000252429,0.00024135,1.53467e-05,-0.000303114,0.000271426,1.16642e-05,0.479871,-0.000648131,-0.00025518,0.000232286,0.000651479,1786731900,0.000280704,0,0.00027553,0,0.000257802,0,0.000251705,1,0.000271717,0,0.000276944,1,-0.00025892,0.000253771,2.01788e-05,1
1786732140,-0.000485503,-5.33392e-06,-5.33392e-06,-0.000725674,0.000402731,0.511765,0.000145649,0.000141855,0.0445178,-0.000580957,-0.000464079,-0.000202564,-7.61445e-05,9.93779e-06,7.56346e-05,0.000222842,0.000441548,0.000571516,0.000143616,0.000137098,0.000140172,0.000137456,0.000130204,0.000138937,0.000149946,0.000162942,0.000258646,0,0.000215699,-0.000302823,0.000253388,0,0.483586,-0.000635644,-0.000244614,0.000241345,0.000635851,1786731900,0.000288304,0,0.00027721,0,0.000276861,0,0.000262218,0,0.000248025,0,0.000248615,1,0.000286243,0,0.000289937,1
1786732200,0.000149411,-4.26929e-05,0.000288129,-0.000256184,0.000404553,0.520392,5.30398e-05,5.40736e-05,0.0440337,-0.000677011,-0.000537493,-0.00023821,-8.28404e-05,2.08056e-05,9.99404e-05,0.000269324,0.000518239,0.000669414,5.05272e-05,5.36767e-05,5.29284e-05,6.69217e-05,6.12302e-05,5.37712e-05,5.14478e-05,4.75995e-05,0.000309694,1.37153e-05,0.000312917,-0.000361998,0.000373892,5.26214e-05,0.491978,-0.000738578,-0.000281941,0.000290588,0.000728545,1786732200,0.000279282,0,0.000253587,1,0.000283854,0,0.000263971,1,0.000281168,0,0.000258727,0,0.000266025,0,0.00025085,1
1786732260,-0.000261483,5.33555e-05,9.60379e-05,-0.000298844,0.000401044,0.519351,7.96995e-05,7.88662e-05,0.0439568,-0.000621968,-0.000487861,-0.000211399,-7.48411e-05,1.7573e-05,8.99636e-05,0.00023358,0.000466584,0.00059664,7.58414e-05,7.48104e-05,7.47316e-05,7.95928e-05,6.88723e-05,7.49642e-05,8.29524e-05,8.60333e-05,0.000271196,0,0.000225621,-0.000325495,0.000292344,0,0.492653,-0.000684091,-0.000258068,0.000262822,0.000681004,1786732200,0.000343674,0,0.000311594,1,0.000275781,0,0.000273402,1,-0.000289882,0.000247575,0,1,-0.000267779,0.000248264,5.46041e-06,0
1786732320,5.33695e-05,-5.3371e-06,5.87063e-05,-0.00041104,0.000398731,0.511681,3.79393e-05,3.8564e-05,0.0467023,-0.000620494,-0.000484364,-0.000211415,-8.12802e-05,1.05392e-05,8.52494e-05,0.000217681,0.000439857,0.000566572,3.68601e-05,4.02616e-05,3.77486e-05,4.31134e-05,4.4751e-05,3.87769e-05,3.50028e-05,3.77711e-05,0.000258761,0,0.000229778,-0.000298259,0.00023148,0,0.483286,-0.000635628,-0.000247684,0.000230987,0.000616455,1786732200,0.000317137,0,0.000313481,1,0.000341583,0,0.000288788,1,0.000295694,0,0.000271111,1,0.000290487,0,0.000271455,1
1786732380,-0.00032026,0,0.00010673,-0.000373646,0.000394796,0.519515,9.68732e-05,9.56186e-05,0.0518508,-0.000584652,-0.000458117,-0.000192108,-6.65553e-05,1.57543e-05,8.47293e-05,0.000220739,0.000438043,0.000562615,9.20499e-05,9.10302e-05,9.08808e-05,9.17235e-05,8.27678e-05,9.1622e-05,0.000101852,0.000103043,0.000253263,0,0.000207458,-0.000304114,0.000291955,0,0.492244,-0.000634828,-0.000238631,0.000248404,0.000644027,1786732200,0.00027301,0,0.000267142,1,0.000313979,0,0.000311862,1,-0.000290559,0.000246069,1.23709e-05,1,0.000277252,0,0.000269767,1
1786732440,-9.07589e-05,0,4.27072e-05,-0.000331043,0.000393444,0.510242,4.37396e-05,4.27429e-05,0.0532998,-0.000609171,-0.000485449,-0.000218593,-8.331e-05,9.32703e-06,8.04447e-05,0.000219628,0.000442703,0.000577267,4.22136e-05,4.28118e-05,4.01668e-05,4.76286e-05,4.18531e-05,4.14235e-05,4.53709e-05,4.39347e-05,0.000263128,0,0.000262935,-0.000293397,0.000242156,0,0.482609,-0.000619818,-0.000242131,0.000227818,0.000607296,1786732200,0.000295377,0,0.000291538,1,0.000272393,0,0.000274147,1,0.000304711,0,0.000297276,1,0.000308892,0,0.000313447,1
1786732500,0.000314951,5.33899e-06,0.000411019,5.33899e-06,0.000389701,0.517549,8.49232e-05,8.73264e-05,0.0611302,-0.000562872,-0.000436533,-0.00018769,-6.87534e-05,1.43018e-05,8.09286e-05,0.000216106,0.000428924,0.000544655,9.05272e-05,9.12765e-05,9.08165e-05,9.1394e-05,9.87897e-05,9.01819e-05,8.09213e-05,7.58348e-05,0.000247324,0,0.000199443,-0.000266258,0.000233839,0,0.490238,-0.000560808,-0.000212424,0.000215568,0.000562548,1786732500,0.000261746,0,0.000271858,1,0.0002732,0,0.000303279,1,0.000269092,0,0.000278342,1,0.000295834,0,0.000307411,1
1786732560,0.000453569,0,0.000469574,0,0.000388347,0.50613,0.000132636,0.000135108,0.0546282,-0.000577611,-0.000460841,-0.000205812,-8.10982e-05,5.58882e-06,7.00886e-05,0.000194888,0.000406745,0.000534218,0.000132163,0.000131595,0.000136125,0.00012958,0.00013754,0.000130843,0.000128973,0.000138016,0.000242117,0,0.000223973,-0.000277791,0.000232303,0,0.485389,-0.000589342,-0.000232684,0.000214294,0.000578924,1786732500,0.000247893,0,0.000255284,0,0.000262702,0,0.000264921,1,0.000277235,0,0.000282057,1,0.00027249,0,0.000270781,1
1786732620,5.33488e-06,-5.33491e-06,0.000133364,-0.000250772,0.000389758,0.502395,3.38459e-05,3.43915e-05,0.0486758,-0.000576217,-0.000471898,-0.000213112,-8.34038e-05,2.80748e-06,6.84077e-05,0.000200957,0.00040662,0.00054711,3.41616e-05,3.64043e-05,3.37407e-05,3.61415e-05,3.97077e-05,3.75323e-05,3.34431e-05,3.01167e-05,0.000250093,0,0.000221398,-0.000291367,0.000258423,0,0.482956,-0.000611896,-0.000247131,0.000220921,0.00061016,1786732500,0.000254084,0,0.000271918,1,0.000244267,0,0.000265661,1,0.000267017,0,0.000274579,1,0.000286928,0,0.000292805,1
1786732680,0.000208038,-5.33488e-06,0.000320041,-0.000112039,0.000385842,0.509798,5.98749e-05,6.10496e-05,0.0556273,-0.000534617,-0.000431568,-0.000187382,-7.61616e-05,8.10551e-06,6.7583e-05,0.00018342,0.000387267,0.000511876,6.06364e-05,6.15118e-05,6.10718e-05,6.36118e-05,6.47427e-05,6.07806e-05,5.82089e-05,5.93588e-05,0.00022318,0,0.000191443,-0.000276318,0.000257941,0,0.489189,-0.000585796,-0.000228802,0.000216179,0.000598984,1786732500,-0.000266702,0.00021735,1.21963e-05,1,0.000255157,0,0.000249458,1,0.000246699,0,0.000256848,1,0.000259945,0,0.000256176,1
1786732740,7.46699e-05,0,0.00039462,-3.7337e-05,0.000383095,0.511722,3.59897e-05,3.63031e-05,0.0646254,-0.000540888,-0.000430892,-0.000191812,-7.57546e-05,9.85541e-06,7.36498e-05,0.000196075,0.000398904,0.000530863,3.80532e-05,3.92899e-05,3.61077e-05,4.26195e-05,4.143e-05,3.80938e-05,3.49366e-05,3.28358e-05,0.000233557,0,0.000206073,-0.000276736,0.000251041,0,0.486882,-0.00058115,-0.000229999,0.000215215,0.000592758,1786732500,0.000276348,0,0.00027028,1,0.000260933,0,0.000247006,1,0.000260459,0,0.000250409,1,0.000243066,0,0.000259162,1
1786732800,0.000543855,-5.33338e-06,0.000655788,-0.000101339,0.000379392,0.512065,0.000171783,0.000174046,0.0791384,-0.00053397,-0.000423215,-0.000191995,-7.6077e-05,1.02299e-05,6.90717e-05,0.00018223,0.000379877,0.000529748,0.000166837,0.000168137,0.000178475,0.000162281,0.000166908,0.000171683,0.000182378,0.000170652,0.000226062,0,0.000216504,-0.000276118,0.000240241,0,0.485472,-0.000589374,-0.000233732,0.000210046,0.000595308,1786732800,0.0002628,0,0.000260494,1,0.000260265,0,0.000281282,1,0.000262255,0,0.000246786,1,0.000246039,0,0.000250764,0
1786732860,-7.46293e-05,-1.0661e-05,3.73125e-05,-0.000202578,0.000383373,0.510398,4.02542e-05,4.14171e-05,0.0706141,-0.000586027,-0.000477307,-0.000222192,-8.5679e-05,9.76519e-06,8.18212e-05,0.000225206,0.000443888,0.000605732,3.98014e-05,3.94372e-05,3.75135e-05,4.83913e-05,4.17273e-05,4.16823e-05,3.77013e-05,4.20455e-05,0.000268946,0,0.000270102,-0.000308379,0.000294074,5.03002e-06,0.483701,-0.000636456,-0.00025755,0.000234445,0.000649503,1786732800,0.000265894,0,0.000267606,1,0.000254045,0,0.000260469,1,0.000255074,8.03294e-06,0.000274047,1,0.00025789,0,0.000252134,1
1786732920,-0.000149275,-1.06618e-05,-1.06618e-05,-0.000389229,0.000379667,0.518507,4.92638e-05,4.96055e-05,0.0691416,-0.000517902,-0.000415956,-0.000175739,-6.53589e-05,1.44981e-05,7.58216e-05,0.000193271,0.000391464,0.000505702,5.21844e-05,5.13674e-05,4.89282e-05,5.32396e-05,5.26222e-05,5.12815e-05,4.62289e-05,5.33817e-05,0.000225017,0,0.000178793,-0.000251419,0.000207478,0,0.488989,-0.000537451,-0.000208409,0.000194039,0.000546327,1786732800,0.000287485,0,0.000296722,1,0.000269162,0,0.000267299,1,0.000263701,0,0.0002505,1,0.000277825,0,0.000279372,1
1786732980,-0.000378619,5.33164e-06,5.86465e-05,-0.000479964,0.000376444,0.516202,0.000110756,0.000110815,0.0663415,-0.000517854,-0.000412318,-0.000172827,-6.66632e-05,1.25979e-05,7.68963e-05,0.000200952,0.000401683,0.000516289,0.000108106,0.00010727,0.000107129,0.000107887,0.000107073,0.000107755,0.000115105,0.000123179,0.000229626,0,0.000196561,-0.000263518,0.000236478,0,0.492647,-0.0005563,-0.000210274,0.000212497,0.00057196,1786732800,0.00023686,0,0.000237397,1,0.00027836,0,0.000283259,1,0.000265061,0,0.000269592,1,0.000256067,0,0.000255676,1
1786733040,0.000325301,-5.33369e-06,0.000346629,-5.33369e-06,0.000376487,0.512948,9.1566e-05,9.22855e-05,0.0502801,-0.000551785,-0.000433198,-0.000188247,-7.74757e-05,1.12992e-05,7.31547e-05,0.000198215,0.00040416,0.000522846,9.33982e-05,9.38856e-05,9.3473e-05,9.42233e-05,9.40342e-05,9.2482e-05,9.12743e-05,8.71797e-05,0.000233815,0,0.000229089,-0.000276049,0.000234287,0,0.492193,-0.000588804,-0.000223154,0.000220414,0.000583418,1786732800,0.000245414,0,0.000237953,1,0.000238565,0,0.000239027,1,0.000276126,0,0.000263956,1,0.000259464,1.97636e-06,0.000263368,1
1786733100,-0.000191968,5.86496e-05,0.00013329,-0.000266633,0.000375532,0.512706,5.74609e-05,5.74818e-05,0.0508484,-0.000552541,-0.000448497,-0.000202067,-7.90272e-05,1.12845e-05,7.69684e-05,0.000205371,0.000399296,0.000522086,5.89082e-05,5.81386e-05,5.60593e-05,6.39905e-05,5.87116e-05,5.92515e-05,5.94115e-05,5.51071e-05,0.000245087,0,0.000225227,-0.000294182,0.000276608,0,0.492421,-0.000613316,-0.000241637,0.000229648,0.000604758,1786733100,0.000256068,0,0.000247347,1,0.000238683,0,0.000248706,1,0.000225713,4.41573e-06,0.000241462,1,0.000260269,0,0.000276739,1
1786733160,-0.000245346,0,0,-0.000314694,0.000372748,0.506906,6.99636e-05,6.96032e-05,0.0486526,-0.000528311,-0.000420282,-0.000186509,-7.7544e-05,6.04097e-06,6.05719e-05,0.000171075,0.000367322,0.000485543,7.0879e-05,7.02556e-05,7.01407e-05,7.06431e-05,6.84381e-05,7.0417e-05,7.08537e-05,6.78999e-05,0.000217199,0,0.000195715,-0.00025509,0.000204453,0,0.486911,-0.000555108,-0.000214815,0.000194532,0.000542149,1786733100,0.000279863,0,0.000257509,1,0.000261138,0,0.000250397,1,0.000244405,0,0.000239775,1,0.000244904,0,0.000235531,1
1786733220,-0.00049621,-7.46826e-05,0.000176015,-0.00049621,0.000370629,0.50895,0.000154448,0.000150911,0.0480388,-0.00049761,-0.00039598,-0.000176845,-7.2202e-05,7.04347e-06,6.11923e-05,0.000168735,0.000359401,0.000455876,0.000147238,0.000146826,0.000151315,0.000145595,0.000143011,0.000147031,0.000166819,0.000170323,0.000208766,0,0.000164691,-0.000243706,0.000190277,0,0.488334,-0.000523958,-0.000200427,0.000190007,0.000514831,1786733100,0.000237692,0,0.00023678,1,0.000281017,0,0.000233845,1,0.000258024,0,0.000257614,1,0.000246374,0,0.000238643,1
1786733280,-0.00111604,4.26944e-05,0.000117405,-0.00111604,0.000373555,0.508233,0.000450526,0.000445998,0.0437077,-0.000576608,-0.000456339,-0.000209058,-8.39346e-05,7.40746e-06,7.54382e-05,0.000214401,0.000426359,0.000546584,0.000446238,0.000446241,0.000450027,0.000416684,0.000437012,0.000442033,0.000453677,0.00047081,0.000254974,0,0.000254283,-0.000287151,0.000247417,3.06482e-05,0.491481,-0.000616831,-0.000233113,0.00022649,0.000597444,1786733100,0.000225594,0,0.00020796,0,0.000241659,0,0.00023878,0,0.000246568,0,0.000236575,0,0.000254683,0,0.000257551,0
1786733340,0.000635601,0,0.000635601,0,0.000402073,0.518986,0.000183604,0.00018607,0.0875406,-0.000763263,-0.000574194,-0.000253123,-9.71091e-05,2.23814e-05,0.000110096,0.000282987,0.000547558,0.00069221,0.000207213,0.000198896,0.000189298,0.000189107,0.000211351,0.00018386,0.000184064,0.000171272,0.000327041,0,0.000320426,-0.000359573,0.000336377,6.62768e-05,0.496467,-0.000747691,-0.000277286,0.000290308,0.000714304,1786733100,0.000275283,0,0.000266765,1,0.000221803,0,0.000237284,0,0.000231755,0,0.000252349,0,0.000257279,0,0.000264891,0
1786733400,-5.33963e-05,-8.54354e-05,0.000373694,-8.54354e-05,0.000408056,0.512152,4.61602e-05,4.7203e-05,0.0940607,-0.000754047,-0.000585247,-0.000252823,-9.90032e-05,1.34696e-05,9.75978e-05,0.000268804,0.000526064,0.000670266,3.75919e-05,4.22717e-05,5.03183e-05,4.3223e-05,4.45777e-05,7.13482e-05,4.46234e-05,4.2027e-05,0.000316046,0,0.000256158,-0.000361093,0.00030684,0,0.491504,-0.000748306,-0.00028473,0.000285215,0.000720952,1786733400,0.000344847,0,0.000335992,1,0.000274152,0,0.000273118,1,0.000235425,0,0.000234202,0,-0.000244523,0.000215284,1.09856e-05,0
1786733460,0.000453777,3.20381e-05,0.000565855,1.06795e-05,0.000404025,0.504562,0.000129049,0.000130724,0.0743062,-0.000729305,-0.000561162,-0.000246177,-9.91191e-05,5.08433e-06,8.69979e-05,0.000242108,0.000506214,0.000679962,0.000132335,0.000130021,0.000130487,0.000130226,0.000136466,0.000132926,0.000131433,0.000121349,0.000293666,0,0.000290803,-0.000350164,0.000292876,7.49421e-05,0.486821,-0.000758622,-0.000291327,0.000261976,0.000728397,1786733400,0.000317658,0,0.000336654,1,0.000338405,0,0.000326277,1,0.000283261,0,0.0002895,1,0.000235768,0,0.000244767,1
1786733520,0.000325525,-2.66871e-05,0.000352203,-0.000138781,0.00040508,0.49993,9.3981e-05,9.50207e-05,0.0705638,-0.000713769,-0.000565238,-0.000252699,-0.000104673,7.71732e-07,8.64774e-05,0.000251527,0.000506165,0.000688371,9.37259e-05,9.43302e-05,9.48337e-05,9.45276e-05,9.87717e-05,9.63977e-05,9.49385e-05,9.03321e-05,-0.000302722,0.000265515,5.88575e-06,-0.000350632,0.000320227,1.68643e-05,0.484989,-0.000734356,-0.000288197,0.000267166,0.000731055,1786733400,-0.00032781,0.000281902,2.47961e-05,1,-0.000317776,0.000269046,7.73664e-06,1,0.000349499,0,0.000357857,0,0.000281542,0,0.000289973,1
1786733580,-3.735e-05,2.13422e-05,0.000213402,-0.000101382,0.000403643,0.506143,4.15946e-05,4.26889e-05,0.0673858,-0.000670595,-0.000532537,-0.000232947,-9.7437e-05,6.47533e-06,9.01407e-05,0.000247023,0.000487011,0.000635584,3.66435e-05,4.07306e-05,4.55592e-05,4.46029e-05,4.30132e-05,4.81561e-05,3.83963e-05,4.07784e-05,0.000290622,0,0.000256622,-0.000335759,0.000307463,0,0.489506,-0.000710032,-0.000277209,0.000258627,0.000707739,1786733400,-0.00032034,0.000270467,5.86819e-06,1,0.00033548,0,0.00032056,1,0.000333821,0,0.00029605,1,0.000354238,0,0.000355156,1
1786733640,1.60073e-05,-1.60076e-05,9.07046e-05,-1.60076e-05,0.000399621,0.504002,3.66005e-05,3.73643e-05,0.0624604,-0.000609731,-0.000482318,-0.00021816,-8.9465e-05,4.03153e-06,8.32572e-05,0.000218113,0.00043895,0.000590403,3.47231e-05,3.89657e-05,4.21852e-05,3.95065e-05,4.30775e-05,3.9066e-05,3.2892e-05,3.68801e-05,0.000261771,0,0.000222592,-0.000289894,0.000247189,0,0.48623,-0.000628727,-0.000245634,0.000221147,0.000636733,1786733400,-0.000325091,0.00029002,6.42613e-06,1,-0.000293476,0.00027435,2.58897e-05,1,-0.000319674,0.000272749,2.88611e-05,1,0.000290876,0,0.000309675,1
1786733700,0.000133384,-5.33574e-06,0.000186733,-0.000138738,0.000395611,0.512412,4.52178e-05,4.60969e-05,0.0657519,-0.000557968,-0.00043751,-0.000186881,-7.1803e-05,9.95061e-06,7.16284e-05,0.00019879,0.00039969,0.000519816,4.82145e-05,5.04877e-05,5.19435e-05,4.69584e-05,5.4753e-05,4.71395e-05,4.18154e-05,3.95955e-05,0.000233738,0,0.000155431,-0.000233464,0.000163186,0,0.488539,-0.000512193,-0.000196055,0.000171103,0.000506427,1786733700,0.000280958,1.26569e-05,0.000273682,1,0.000314623,0,0.000308681,1,0.000336437,0,0.000297263,1,0.000338469,0,0.000309062,1
1786733760,0.000197376,3.20096e-05,0.000362715,3.20096e-05,0.000392089,0.517796,5.76294e-05,5.80999e-05,0.077928,-0.000613711,-0.000470856,-0.000193733,-6.98719e-05,1.47871e-05,8.35176e-05,0.000230862,0.000440572,0.000568276,5.87265e-05,6.07676e-05,6.13177e-05,6.05721e-05,6.42338e-05,5.78768e-05,5.81724e-05,5.11509e-05,0.000261568,0,0.000221029,-0.000270374,0.000236379,0,0.497846,-0.000597283,-0.000219322,0.000218721,0.000607783,1786733700,0.000229116,4.98597e-06,0.000217858,1,0.00028407,0,0.000290793,1,0.000306391,0,0.000301612,1,0.000318287,0,0.000283966,1
1786733820,-0.00043748,5.33394e-06,5.33394e-06,-0.000560223,0.00038915,0.510425,0.000126288,0.000125127,0.0963791,-0.000581354,-0.000453839,-0.000198903,-7.75867e-05,8.84895e-06,7.28408e-05,0.000205079,0.000413776,0.000550207,0.000124097,0.000123861,0.00012391,0.000124058,0.000121291,0.000131942,0.000123426,0.000139144,0.000243563,0,0.000222261,-0.00024833,0.000201318,0,0.489114,-0.000554243,-0.000213707,0.000186859,0.000556088,1786733700,-0.000259371,0.000233354,9.61612e-06,1,0.000242371,0,0.000242674,1,0.000287298,0,0.000287875,1,0.000324753,0,0.000304963,1
1786733880,2.66811e-05,-2.13454e-05,0.000154741,-0.000101395,0.000390176,0.510705,3.55899e-05,3.59324e-05,0.0580444,-0.000594929,-0.000469412,-0.000205071,-8.12197e-05,9.54955e-06,7.69566e-05,0.000213349,0.000425652,0.000553943,3.51106e-05,3.81993e-05,3.83873e-05,3.94832e-05,4.23701e-05,3.77815e-05,3.36858e-05,3.17175e-05,0.000252638,0,0.000245851,-0.000262961,0.000229696,8.34075e-06,0.492395,-0.000581467,-0.000219647,0.000208031,0.000578064,1786733700,-0.000250387,0.000241867,6.26216e-06,1,0.000270089,0,0.000245759,1,0.000255757,0,0.000246028,1,0.000290784,3.90664e-07,0.000274156,1
1786733940,-0.000202794,-9.07187e-05,0,-0.000245493,0.000386273,0.515111,6.06893e-05,6.04403e-05,0.071097,-0.00054678,-0.000425291,-0.000182897,-7.17621e-05,1.24997e-05,7.28534e-05,0.000188248,0.000394491,0.000508748,6.03107e-05,6.14099e-05,6.05091e-05,6.02378e-05,6.03482e-05,5.90145e-05,5.98176e-05,6.69889e-05,0.000223827,0,0.000179332,-0.000246215,0.00020015,0,0.495153,-0.000548513,-0.000201066,0.000195756,0.000551119,1786733700,0.000266033,0,0.000258982,1,0.000257203,0,0.000251124,1,0.000266688,0,0.000248552,1,0.00025537,0,0.000242041,1
1786734000,-0.000865006,3.73599e-05,3.73599e-05,-0.000865006,0.000383464,0.504091,0.000318945,0.000314898,0.0780125,-0.000595416,-0.000479193,-0.000221977,-8.74655e-05,4.194e-06,7.50245e-05,0.000216902,0.000434918,0.000552224,0.000320206,0.000315611,0.000320338,0.000267616,0.0003053,0.000328136,0.000320237,0.000343286,0.000264049,0.00010239,0.000324721,-0.000279519,0.000345443,6.1957e-05,0.490753,-0.000604931,-0.000234516,0.000222423,0.000602744,1786734000,0.000253704,3.5978e-06,0.000242882,0,0.000265424,0,0.000264514,0,0.000263205,0,0.000258989,0,0.000263938,0,0.000235472,0
1786734060,0.00072089,-5.34187e-06,0.000806294,-5.34199e-05,0.000398834,0.51534,0.000235497,0.000239875,0.0364809,-0.000683372,-0.000516647,-0.000228267,-8.54469e-05,1.51937e-05,9.08989e-05,0.000245097,0.000479832,0.000615156,0.000251415,0.000241207,0.000231121,0.000242299,0.000250757,0.000224972,0.000242572,0.000219676,0.000287079,0,0.000292962,-0.000321563,0.000300304,6.22442e-05,0.498664,-0.000702557,-0.000257605,0.000263987,0.000684352,1786734000,0.00034938,0,0.000303929,1,0.000258236,0,0.000267045,1,0.000265889,0,0.0002775,1,-0.00025889,0.000257783,6.49449e-07,1
1786734120,2.13518e-05,2.66897e-05,0.000144116,-0.00040577,0.000407776,0.503206,4.35165e-05,4.40421e-05,0.0383237,-0.000747935,-0.000576166,-0.000262242,-9.98524e-05,3.76315e-06,8.82773e-05,0.00025938,0.000523275,0.000691718,3.48908e-05,4.05448e-05,4.61532e-05,4.43991e-05,4.47389e-05,5.22495e-05,4.51469e-05,3.90141e-05,0.000313382,0,0.000325564,-0.000355524,0.000331678,3.13188e-05,0.495887,-0.000762842,-0.0002865,0.000284911,0.000760424,1786734000,0.000319751,0,0.00029884,1,0.000327675,0,0.000319728,1,0.000271217,0,0.0002616,1,-0.000277604,0.000253783,5.23345e-06,1
1786734180,-0.000507228,5.33787e-06,0.000122764,-0.000507228,0.000403689,0.512474,0.000148811,0.000146159,0.0370752,-0.00066945,-0.000520944,-0.000222234,-8.75319e-05,1.22446e-05,8.44401e-05,0.000238041,0.000495239,0.000641194,0.00015101,0.00014416,0.000143724,0.000143879,0.000136436,0.0001447,0.000148547,0.000168099,0.000279208,0,0.00025909,-0.000332342,0.000332252,2.38427e-05,0.499562,-0.000733234,-0.000268668,0.000267885,0.000740384,1786734000,-0.000342499,0.000298112,0,1,0.000314907,0,0.000294048,1,0.000285726,1.34803e-05,0.000278518,1,-0.000265406,0.000260433,2.91225e-06,1
1786734240,-0.000176255,-4.27257e-05,2.13622e-05,-0.000186938,0.000406018,0.505823,5.91501e-05,5.8911e-05,0.0354422,-0.000674921,-0.000530414,-0.000238025,-9.2662e-05,6.02884e-06,7.83458e-05,0.000238464,0.000494453,0.000634113,5.59886e-05,5.91882e-05,6.218e-05,6.21863e-05,5.567e-05,6.19899e-05,5.60116e-05,6.35454e-05,0.00028597,0,0.000287116,-0.000325147,0.000301914,3.86599e-05,0.490517,-0.000714093,-0.000269664,0.000257417,0.000711105,1786734000,-0.000344354,0.00032119,0,1,-0.000336606,0.000298528,8.65262e-07,1,0.000330578,0,0.000314673,1,0.000281411,1.47885e-05,0.000307089,1
1786734300,0.000299081,-5.34155e-06,0.000299081,-0.000160259,0.00040271,0.510181,8.42965e-05,8.59968e-05,0.0368827,-0.000638478,-0.000492737,-0.000212124,-8.0313e-05,8.92066e-06,7.62156e-05,0.000221636,0.000467206,0.0005922,8.69608e-05,8.69812e-05,8.71631e-05,8.64777e-05,9.25252e-05,8.59073e-05,8.76443e-05,7.22784e-05,0.000262067,0,0.000214043,-0.000288268,0.000218603,0,0.495237,-0.000644867,-0.000234857,0.000233663,0.00063243,1786734300,0.000328312,0,0.000276306,1,0.000346951,0,0.000314426,1,0.00035251,0,0.000298451,1,0.000332766,0,0.000304754,1
1786734360,-0.000352498,1.60197e-05,1.60197e-05,-0.000496738,0.0004009,0.511618,0.000104489,0.000103321,0.0372526,-0.000657859,-0.000521884,-0.000221419,-8.45725e-05,1.09065e-05,8.29928e-05,0.000247477,0.000488436,0.000620219,0.000100217,0.000100356,0.000100568,0.000100707,9.27082e-05,0.000100396,0.000105856,0.000113245,0.00028591,0,0.000247289,-0.00031715,0.00030215,0,0.497092,-0.000691802,-0.000254989,0.000258423,0.000695073,1786734300,0.000275134,0,0.000237025,1,-0.000309173,0.000289283,0,1,-0.000300171,0.000311725,2.481e-05,1,-0.000308708,0.000291461,2.92958e-06,1
1786734420,-0.000170953,0,8.01241e-05,-0.000219039,0.000399989,0.506646,5.75208e-05,5.69475e-05,0.0366696,-0.000651585,-0.000511478,-0.00022841,-9.12935e-05,6.65911e-06,7.72875e-05,0.000230313,0.000475423,0.000613593,5.51031e-05,5.76046e-05,5.86159e-05,5.95359e-05,5.43068e-05,5.66013e-05,5.70756e-05,5.90773e-05,0.000275574,0,0.000261698,-0.000291576,0.000269941,1.48869e-05,0.493553,-0.000650828,-0.000241984,0.000234559,0.00064423,1786734300,-0.000306481,0.000262412,0,1,-0.000288687,0.000240716,0,1,-0.000342934,0.000289852,0,1,0.000346381,0,0.000318997,1
1786734480,0.00019232,4.80835e-05,0.000235053,-1.06855e-05,0.000396706,0.507517,5.7882e-05,5.95526e-05,0.0414804,-0.000616023,-0.000480493,-0.00021109,-8.32573e-05,6.87539e-06,7.02811e-05,0.000218214,0.000447309,0.00057778,5.80023e-05,6.0624e-05,6.10121e-05,5.9173e-05,6.69311e-05,5.87861e-05,5.74602e-05,5.30285e-05,0.000258827,0,0.000222205,-0.000274449,0.000230932,0,0.49332,-0.00061501,-0.000225859,0.000222048,0.000610151,1786734300,0.00028939,0,0.0002709,1,0.000319951,0,0.000272994,1,0.00030222,0,0.000261865,1,0.000346735,0,0.00030444,1
1786734540,0.000448603,-5.34172e-06,0.000501995,-1.06835e-05,0.00039366,0.511227,0.000128687,0.000130664,0.0460616,-0.000583185,-0.000456485,-0.000199015,-7.65958e-05,9.48829e-06,7.0356e-05,0.000205018,0.000417298,0.000539146,0.000131898,0.00012839,0.000128253,0.000133072,0.000133176,0.000129373,0.000129485,0.000125108,0.000243548,0,0.000169017,-0.00025731,0.000220692,0,0.497395,-0.000576724,-0.000211837,0.000207943,0.000571886,1786734300,0.000265868,0,0.000238841,1,0.000290461,0,0.000267399,1,0.000303798,0,0.000270766,1,0.000288467,0,0.000252832,1
1786734600,-0.000389846,-2.66969e-05,-2.66969e-05,-0.000459286,0.000394834,0.504612,0.000111827,0.000110643,0.0420446,-0.000616813,-0.000497869,-0.000219391,-8.69285e-05,4.81398e-06,6.901e-05,0.000217493,0.000437016,0.00058318,0.000110401,0.000110683,0.000110767,0.000110797,0.000104168,0.000110335,0.000111129,0.000116422,0.000262413,0,0.000222338,-0.000291632,0.000274591,0,0.490584,-0.000642691,-0.000248925,0.000228123,0.000647064,1786734600,0.000264207,0,0.000249488,1,-0.000267008,0.000238642,0,1,-0.000286031,0.000261537,0,1,0.000301831,0,0.000273761,1
1786734660,0.000117504,0,0.000117504,-2.67073e-05,0.000394735,0.506427,4.54144e-05,4.67872e-05,0.0370821,-0.000607996,-0.000473931,-0.000214583,-9.08117e-05,6.5175e-06,6.99033e-05,0.000204099,0.00042937,0.000566106,4.54623e-05,4.7954e-05,4.8091e-05,4.60349e-05,5.38644e-05,4.74442e-05,4.58628e-05,3.93377e-05,0.000253038,0,0.000226904,-0.00028106,0.000253788,3.24019e-06,0.490423,-0.000624376,-0.000236325,0.00022315,0.000625425,1786734600,-0.000301118,0.000266535,0,1,0.000276308,0,0.000248102,1,0.000291865,0,0.000257604,1,0.000301672,0,0.000277194,1
1786734720,3.20441e-05,2.67035e-05,3.20441e-05,-0.000208312,0.000391121,0.514305,3.20867e-05,3.26995e-05,0.0441809,-0.00053823,-0.000419751,-0.000186026,-6.69208e-05,1.09097e-05,7.04552e-05,0.000194307,0.000393681,0.000508798,3.53687e-05,3.87596e-05,3.77754e-05,3.06636e-05,4.35086e-05,3.70944e-05,2.60025e-05,3.02782e-05,0.000229726,0,0.000113926,-0.000244737,0.000200937,0,0.498198,-0.000538906,-0.000195947,0.000200001,0.000545714,1786734600,0.00027973,0,0.000254673,1,0.000301253,0,0.000272988,1,0.00027064,0,0.000249531,1,0.000277912,0,0.000247699,1
1786734780,6.94253e-05,-5.34061e-06,6.94253e-05,-0.000218988,0.000387216,0.520177,3.47278e-05,3.50247e-05,0.0555803,-0.00055355,-0.000426664,-0.000180778,-6.46917e-05,1.59605e-05,7.18952e-05,0.00020114,0.000413576,0.00053348,3.73624e-05,4.02812e-05,3.82137e-05,3.57261e-05,4.50451e-05,3.61635e-05,3.15468e-05,3.19376e-05,0.00023295,0,0.000149563,0.000265581,0,0.000207034,0.504367,-0.000592821,-0.000207338,0.000226269,0.000613193,1786734600,0.000248161,0,0.000220749,1,0.000277687,0,0.000256449,1,0.00029638,0,0.000269188,1,0.000274937,0,0.000263535,1
1786734840,-0.000315123,-5.87442e-05,-3.20419e-05,-0.000341833,0.00038345,0.516367,9.26848e-05,9.16494e-05,0.0701152,-0.000542665,-0.000424564,-0.000182966,-6.73565e-05,1.28819e-05,6.11852e-05,0.00019065,0.000403643,0.000522895,8.97132e-05,8.98459e-05,8.97251e-05,8.98171e-05,8.39518e-05,9.0441e-05,9.50782e-05,9.66327e-05,0.000225563,0,0.000158423,0.000261051,0,0.000207818,0.502922,-0.000582244,-0.00020778,0.000220103,0.000604339,1786734600,0.00026952,0,0.000254186,1,0.000253222,0,0.000226288,1,0.000281287,0,0.000266397,1,-0.000296606,0.000267428,0,1
1786734900,0.00085434,-2.67099e-05,0.000950408,-0.00016027,0.000382203,0.506287,0.000323389,0.000327381,0.0626486,-0.000581562,-0.000458486,-0.000216846,-8.5626e-05,6.14066e-06,6.24588e-05,0.000190805,0.000410227,0.000535408,0.00031903,0.000314916,0.000324857,0.000314675,0.000318919,0.000322267,0.000328857,0.00032649,0.000248521,0,0.000245162,-0.000267053,0.000257683,2.96016e-05,0.49575,-0.000596168,-0.000225719,0.000215471,0.000591569,1786734900,0.000274131,0,0.000245737,1,0.000282408,0,0.000242987,1,0.000272837,0,0.00021995,1,0.000293906,0,0.000256838,1
1786734960,-0.000298936,-2.66871e-05,-2.66871e-05,-0.000827631,0.000397185,0.500746,8.57963e-05,8.464e-05,0.0388779,-0.000741883,-0.000579153,-0.000271764,-0.000108451,1.95561e-06,8.18183e-05,0.000258689,0.000531968,0.000734593,8.51874e-05,8.55205e-05,8.5728e-05,8.6284e-05,7.97772e-05,8.63005e-05,7.99276e-05,9.4794e-05,0.000320247,0,0.000368821,-0.000354578,0.000373303,4.72325e-05,0.487321,-0.000751176,-0.000290035,0.000276186,0.000776919,1786734900,0.000272219,0,0.000219971,1,0.000273408,0,0.000244316,1,0.000254123,0,0.000242394,1,0.000268337,0,0.000226852,1
1786735020,0.00011745,5.33893e-06,0.00011745,-9.61056e-05,0.000395459,0.504558,5.07636e-05,5.19544e-05,0.0350472,-0.000702436,-0.000545586,-0.000250968,-0.000102069,5.34844e-06,8.13463e-05,0.000247067,0.000522165,0.000713262,4.54167e-05,4.80429e-05,4.9444e-05,5.74134e-05,5.32519e-05,4.93048e-05,5.61946e-05,4.22937e-05,0.000299518,0,0.00032893,-0.000335558,0.000371349,3.51982e-05,0.497225,-0.00072837,-0.000268473,0.000271743,0.000751937,1786734900,-0.000337455,0.000285701,0,1,0.000274213,0,0.000218371,1,0.000266642,0,0.000238854,1,0.000275338,0,0.000238758,1
1786735080,0.000240195,0,0.000282891,-8.54167e-05,0.000391837,0.511611,6.78326e-05,6.90473e-05,0.0387552,-0.000607085,-0.000470898,-0.000211594,-8.02632e-05,1.03379e-05,7.83169e-05,0.000220176,0.000460809,0.000593984,7.06249e-05,7.03294e-05,7.03853e-05,7.02663e-05,7.34519e-05,6.93389e-05,7.01789e-05,5.79775e-05,0.000260569,0,0.000211124,-0.00027803,0.000251635,0,0.498951,-0.000608902,-0.0002201,0.000232045,0.000638643,1786734900,-0.000341497,0.000288782,0,1,-0.000327349,0.000305662,0,1,-0.000245243,0.000209042,0,1,0.000281072,0,0.000244331,1
1786735140,-0.000373662,5.33702e-06,2.66848e-05,-0.000475109,0.000389383,0.507113,0.000107351,0.00010643,0.0434493,-0.000632853,-0.000492437,-0.000231306,-8.79917e-05,6.81116e-06,7.59743e-05,0.00022757,0.00047538,0.000617457,0.000105865,0.000106203,0.000106212,0.000106708,0.000101015,0.0001063,0.000105077,0.000113781,0.000275925,0,0.000265366,-0.000301951,0.000274777,0,0.494678,-0.000659972,-0.000245656,0.000242643,0.000678084,1786734900,0.000280852,0,0.000237351,1,0.000334159,0,0.000275681,1,-0.000337213,0.000299254,0,1,-0.000269043,0.000216757,0,1
1786735200,0.000186849,5.33901e-06,0.000186849,-8.00886e-05,0.000389075,0.505691,5.97348e-05,6.05778e-05,0.0371255,-0.000643657,-0.00049424,-0.000235043,-9.50126e-05,6.03845e-06,7.63494e-05,0.00022617,0.000474827,0.000627163,5.70098e-05,5.89096e-05,5.8847e-05,6.36253e-05,6.43456e-05,5.86653e-05,6.50597e-05,5.12272e-05,0.000278216,0,0.000297481,-0.000304018,0.000281254,0,0.494332,-0.000663757,-0.000246838,0.000245961,0.000679554,1786735200,-0.000300913,0.000248779,0,1,-0.00027109,0.000237577,0,1,-0.00030618,0.000288672,0,1,-0.000294387,0.000281058,0,1
1786735260,0.000261529,4.80411e-05,0.000352248,4.80411e-05,0.00038607,0.512045,7.40382e-05,7.48017e-05,0.0423399,-0.000582716,-0.000449534,-0.00021167,-7.56271e-05,1.01449e-05,7.80595e-05,0.000211297,0.000441236,0.000567852,7.65689e-05,7.60577e-05,7.60023e-05,7.58171e-05,7.89352e-05,7.49591e-05,7.60357e-05,6.63905e-05,0.000253837,0,0.000205587,-0.00025702,0.000223019,0,0.498503,-0.000568504,-0.000206571,0.000211368,0.00058313,1786735200,-0.000298664,0.000263062,0,1,0.000307925,0,0.000250299,1,0.000297413,0,0.000229027,1,0.000341767,0,0.000275149,1
1786735320,0.000506852,-5.33665e-06,0.000618858,-5.33665e-06,0.000383975,0.510852,0.000154435,0.000154674,0.0479115,-0.000586459,-0.000457766,-0.000215577,-8.0143e-05,9.56876e-06,7.07975e-05,0.0002044,0.000411396,0.000557078,0.000154289,0.000151283,0.000152985,0.000155911,0.000150251,0.000150834,0.000160519,0.000149788,0.000253388,0,0.000200332,-0.000261209,0.000219147,0,0.492962,-0.000586073,-0.000220875,0.000204266,0.000595209,1786735200,0.000263084,0,0.000230504,1,0.000301214,0,0.000250457,1,0.000296421,0,0.000251014,1,0.000291257,0,0.000226131,1
1786735380,-9.60154e-05,0,0.000128006,-0.00019204,0.000386815,0.504542,4.34158e-05,4.44001e-05,0.0461624,-0.000652814,-0.000509803,-0.000246767,-9.44789e-05,5.06224e-06,7.31615e-05,0.000229965,0.000463235,0.000626831,4.247e-05,4.39661e-05,4.36583e-05,4.52412e-05,4.53115e-05,4.40624e-05,4.13042e-05,4.77244e-05,0.000288157,0,0.000282894,-0.000305105,0.000286522,0,0.485278,-0.000661122,-0.000258302,0.000233447,0.000687989,1786735200,-0.000265477,0.000225761,0,1,0.000259956,0,0.000231999,1,-0.000296972,0.000257743,0,1,0.000297694,0,0.000247592,1
1786735440,-0.00043752,2.13375e-05,2.13375e-05,-0.000528249,0.000383168,0.508422,0.000123758,0.00012262,0.049063,-0.000578905,-0.000453065,-0.000216738,-8.83433e-05,7.98401e-06,6.77448e-05,0.000198737,0.000422955,0.000560342,0.000123818,0.00012389,0.000123878,0.00012413,0.000120574,0.000123831,0.000118678,0.000135161,0.00025222,0,0.000212518,-0.000265833,0.000226623,0,0.489342,-0.000589679,-0.000225004,0.000205616,0.000614926,1786735200,-0.000300273,0.000250757,0,1,0.000274515,0,0.000222681,1,0.000274078,0,0.000224961,1,0.000299806,0,0.000244274,1
1786735500,0.000144083,-5.33679e-06,0.000218784,-5.33679e-06,0.000384331,0.509508,5.03433e-05,5.08557e-05,0.0380762,-0.000597706,-0.000459042,-0.000217964,-8.46297e-05,8.73058e-06,7.3685e-05,0.000214546,0.000438327,0.000571052,4.98889e-05,5.12295e-05,5.09436e-05,5.195e-05,5.63813e-05,5.17991e-05,5.34243e-05,4.3087e-05,0.000260026,0,0.00024315,-0.000282837,0.000251457,0,0.494217,-0.000614928,-0.000229671,0.000229927,0.000634175,1786735500,0.000279947,0,0.000238967,1,-0.000288848,0.000270926,0,1,-0.000268259,0.000237615,0,1,0.00026783,0,0.000238562,1
1786735560,-4.80252e-05,-5.33602e-06,-5.33602e-06,-0.000181441,0.000381013,0.515025,3.42167e-05,3.58593e-05,0.044262,-0.000550671,-0.000426437,-0.000204044,-7.45877e-05,1.29191e-05,6.9432e-05,0.000188255,0.000403593,0.000520842,3.67981e-05,3.83903e-05,3.69888e-05,3.54124e-05,4.19989e-05,3.81149e-05,3.02646e-05,3.19443e-05,0.000237739,0,0.000158695,-0.000256796,0.000198351,0,0.497641,-0.000567051,-0.000209245,0.000206786,0.000576431,1786735500,0.000281019,0,0.000238677,1,-0.000272835,0.000249851,0,1,-0.00029927,0.000262388,0,1,-0.000268499,0.000235326,0,1
1786735620,0.000821447,0,0.000821447,0,0.000377245,0.519518,0.000310773,0.000312978,0.0533916,-0.000525685,-0.000411171,-0.000184883,-6.16439e-05,1.45838e-05,6.7751e-05,0.000183767,0.000395051,0.00050177,0.000302023,0.000300464,0.000308452,0.000311788,0.000297291,0.000306528,0.000317711,0.000312835,0.000221366,0,0.000142055,0.000243997,0,0.000154782,0.501852,-0.000539269,-0.000192528,0.000200963,0.000554659,1786735500,0.00026352,0,0.000226108,0,0.000275493,0,0.000247939,1,0.000270132,0,0.00025621,1,-0.000285625,0.000258955,0,1
1786735680,0.000447778,0,0.000447778,-1.06638e-05,0.000391105,0.50212,0.000129196,0.000128953,0.0389638,-0.000649907,-0.000506113,-0.00024686,-9.37514e-05,2.7557e-06,7.72973e-05,0.000230012,0.00047036,0.000640798,0.000131074,0.000127723,0.00012798,0.000127891,0.000128064,0.000127317,0.000136763,0.000122619,0.000288365,0,0.000273649,-0.000323227,0.00028442,0,0.483056,-0.000680978,-0.000272417,0.00024431,0.000708984,1786735500,0.000249113,0,0.000219103,0,0.000273573,0,0.000232752,0,0.000286487,0,0.00024821,0,-0.000287354,0.00025498,0,1
1786735740,-0.000293165,-4.26369e-05,-3.73072e-05,-0.000293165,0.000392319,0.498889,8.17402e-05,8.19669e-05,0.0445327,-0.000613426,-0.000497635,-0.000238567,-9.47006e-05,4.26482e-07,6.8659e-05,0.000220522,0.000456302,0.00063324,8.37312e-05,8.39036e-05,8.41015e-05,8.38495e-05,8.24757e-05,8.42607e-05,7.56479e-05,8.43273e-05,-0.000278074,0.000164123,0,-0.000305135,0.00025321,0,0.483833,-0.000653816,-0.000261021,0.000227457,0.000684355,1786735500,-0.000321788,0.000280703,0,1,0.000259791,0,0.000227415,0,0.000276145,0,0.000229397,1,0.000277942,0,0.000245606,1
1786735800,-0.000501245,0,0,-0.000586588,0.000390582,0.498921,0.000143762,0.000141202,0.0383499,-0.00059293,-0.000480937,-0.000236634,-9.04488e-05,3.54785e-07,6.74872e-05,0.000209662,0.000424205,0.000587823,0.000148751,0.000144494,0.000142126,0.000147449,0.000138984,0.000144583,0.000132122,0.000157487,-0.000270844,0.000223719,6.17069e-06,-0.000289801,0.000238492,0,0.482123,-0.00061339,-0.000249332,0.000217462,0.000637899,1786735800,-0.000309024,0.000258995,0,1,-0.000300789,0.000269989,1.82224e-06,1,0.000230153,0,0.000225942,1,0.000264631,0,0.000243067,1
1786735860,4.80024e-05,0,0.000549224,-8.00092e-05,0.000393101,0.501527,3.90324e-05,3.97444e-05,0.03379,-0.00063242,-0.000497952,-0.000237083,-9.11828e-05,2.39983e-06,7.09317e-05,0.000218678,0.000449085,0.000595749,3.63361e-05,4.01885e-05,4.27377e-05,3.84603e-05,4.43433e-05,4.22648e-05,4.22128e-05,3.06934e-05,0.000275936,0,0.000304048,-0.00031376,0.000260996,0,0.493139,-0.000666633,-0.000249104,0.000253889,0.000686981,1786735800,0.00028139,0,0.000225813,1,-0.000296596,0.000268621,0,1,0.000305721,0,0.000269149,1,0.000252741,0,0.000235328,1
1786735920,0.000399931,5.86665e-05,0.000613162,-6.40038e-05,0.000389209,0.508579,0.000114601,0.000114691,0.036099,-0.000648651,-0.000503779,-0.000248166,-9.41293e-05,8.68688e-06,8.18347e-05,0.000234539,0.000480445,0.000623918,0.000114909,0.000114447,0.000114584,0.000114826,0.000115931,0.000113596,0.000120777,0.000106221,0.000291501,0,0.000314583,-0.000322958,0.000271887,0,0.495103,-0.000692999,-0.000260323,0.000256361,0.000711127,1786735800,-0.000291114,0.000256135,0,1,0.000270697,0,0.000236119,1,0.000283823,0,0.000261605,1,-0.000282853,0.000257925,1.09076e-05,1
1786735980,-0.000330598,0,0,-0.000330598,0.000389427,0.506447,9.36429e-05,9.33357e-05,0.0360124,-0.000668353,-0.000526544,-0.000260206,-9.81681e-05,6.84273e-06,8.34516e-05,0.000249023,0.000497978,0.000653084,9.41242e-05,9.41831e-05,9.432e-05,9.50202e-05,9.08957e-05,9.40132e-05,8.60552e-05,0.000102253,0.000306957,0,0.000351001,-0.000310023,0.000259712,0,0.489575,-0.000666882,-0.000257937,0.000239346,0.000683141,1786735800,0.000328609,0,0.000305517,1,-0.000287632,0.000263565,0,1,-0.000244612,0.000220635,0,1,-0.000299733,0.00026145,0,1
1786736040,0.000271951,4.79968e-05,0.000325267,4.79968e-05,0.000388337,0.503741,8.10224e-05,8.09663e-05,0.0346789,-0.000597949,-0.000477596,-0.000234108,-9.05265e-05,4.29338e-06,6.89504e-05,0.000199933,0.000420931,0.000555943,7.9141e-05,7.88792e-05,7.90024e-05,7.85398e-05,8.02151e-05,7.76693e-05,8.74886e-05,7.78042e-05,0.000264779,0,0.000277245,-0.00026099,0.000183289,0,0.488022,-0.00057273,-0.000221954,0.000198477,0.000573233,1786735800,-0.000307368,0.000277358,5.92424e-07,1,-0.000332543,0.000295146,0,1,-0.000300495,0.000252666,0,1,-0.000270987,0.000218511,0,1
1786736100,0.000330508,5.33164e-06,0.000341168,-7.9978e-05,0.000386353,0.507035,9.55915e-05,9.49261e-05,0.0374046,-0.000594217,-0.000478341,-0.000233686,-8.42385e-05,6.43723e-06,7.82736e-05,0.000217461,0.000431257,0.000571116,9.53995e-05,9.51197e-05,9.51868e-05,9.49013e-05,9.57874e-05,9.39521e-05,0.000100326,9.07552e-05,0.000272413,0,0.000262256,-0.000264351,0.000195322,0,0.492677,-0.000575026,-0.000219122,0.000205908,0.000587782,1786736100,0.000251119,0,0.000225454,1,-0.000302416,0.000274922,0,1,0.000322488,0,0.000303608,1,0.000279836,0,0.000241119,1
1786736160,-5.32991e-06,0,7.46157e-05,-0.000111934,0.000385316,0.508914,3.7521e-05,3.95503e-05,0.0405857,-0.000625087,-0.000499494,-0.00024489,-8.9204e-05,8.57929e-06,8.38285e-05,0.000240116,0.000461168,0.000624251,3.45812e-05,3.66741e-05,3.67102e-05,3.82768e-05,4.04299e-05,3.70239e-05,4.07872e-05,3.85087e-05,0.000291501,0,0.000293107,-0.000278312,0.000221511,0,0.490729,-0.000601163,-0.000231975,0.00021475,0.000619581,1786736100,0.00026126,0,0.000238651,1,-0.000246221,0.000216411,0,1,0.000285274,0,0.000282158,1,-0.000297663,0.000292423,5.30275e-06,1
1786736220,6.92866e-05,0,0.000122581,-0.000117265,0.000381444,0.512043,3.63855e-05,3.6564e-05,0.0479002,-0.000541287,-0.00043454,-0.00020987,-7.55225e-05,1.01315e-05,7.19988e-05,0.000200226,0.000397627,0.000553694,3.74784e-05,3.96301e-05,3.85336e-05,3.62951e-05,4.4183e-05,3.79482e-05,3.75954e-05,3.26323e-05,0.000247157,0,0.00021315,-0.000243124,0.000178251,0,0.491434,-0.000527044,-0.000200918,0.000185439,0.000554827,1786736100,-0.000266371,0.000227662,7.13919e-06,1,-0.000250428,0.000219351,0,1,0.00024556,0,0.000244826,1,-0.000276423,0.00026054,1.4587e-05,1
1786736280,-0.000143908,-1.59888e-05,-5.32957e-06,-0.000154569,0.000377737,0.51475,4.74468e-05,4.88697e-05,0.0606944,-0.000529396,-0.000417211,-0.000200232,-6.84677e-05,1.15845e-05,7.03558e-05,0.000192704,0.000382308,0.000529099,5.05059e-05,5.08891e-05,4.91569e-05,4.72069e-05,5.27463e-05,4.76021e-05,4.27205e-05,4.93297e-05,0.000236574,0,0.000211214,-0.000243499,0.000183067,0,0.492659,-0.000526974,-0.000197909,0.00018962,0.000552793,1786736100,0.00025046,9.06848e-06,0.000233266,1,0.000267619,0,0.000239687,1,0.000290411,0,0.000233232,1,0.000252164,0,0.00024177,1
1786736340,0.000229177,0,0.000357068,0,0.000374494,0.508874,6.83998e-05,6.76592e-05,0.0712658,-0.000490542,-0.000392123,-0.000188411,-7.04252e-05,6.90487e-06,5.49253e-05,0.000167051,0.000347039,0.00047937,6.7141e-05,6.69047e-05,6.66265e-05,6.60781e-05,6.78608e-05,6.65678e-05,7.39411e-05,6.55649e-05,0.000215944,0,0.00017802,-0.000209897,0.000126294,0,0.486792,-0.00044754,-0.00017478,0.000151022,0.000453005,1786736100,0.000238348,0,0.000235074,1,-0.000245386,0.00022279,1.29002e-05,1,0.000269861,0,0.000242408,1,0.000258504,0,0.00024376,1
1786736400,5.32896e-05,1.06581e-05,0.000143875,-0.000229177,0.000372144,0.511072,3.53315e-05,3.54555e-05,0.0825623,-0.000541241,-0.000433722,-0.000209825,-7.56586e-05,9.23477e-06,7.22713e-05,0.000196941,0.000390255,0.000534978,3.65644e-05,3.74574e-05,3.43961e-05,3.46449e-05,4.17794e-05,3.27443e-05,3.82278e-05,3.34117e-05,0.00026591,0,0.000247586,-0.000242799,0.00018082,0,0.487622,-0.000527939,-0.00020537,0.000182335,0.00053954,1786736400,0.000194499,2.4272e-06,0.000184111,1,-0.000231642,0.000216753,7.71283e-06,1,0.000251028,0,0.000250611,1,-0.000253525,0.000234588,0,1
1786736460,0.000527414,5.86152e-05,0.000527414,0,0.000368481,0.511988,0.000168099,0.00016797,0.110739,-0.000520442,-0.000415285,-0.00020191,-7.48952e-05,1.00009e-05,6.62612e-05,0.000185397,0.000371959,0.000516891,0.000161765,0.000162235,0.000169507,0.000162566,0.000154968,0.000176523,0.000177686,0.000169438,0.000253788,0,0.000236142,-0.000226019,0.000180993,0,0.490317,-0.000491948,-0.000187406,0.000171087,0.000509951,1786736400,-0.000232952,0.000215175,3.45341e-06,1,-0.000207651,0.000182057,1.57565e-06,0,0.000252982,0,0.000233238,1,0.00025444,0,0.000254148,1
1786736520,-0.000202409,2.66297e-05,7.45613e-05,-0.000287646,0.000372325,0.50767,5.84886e-05,6.03337e-05,0.0729491,-0.000568972,-0.000466834,-0.000227369,-8.26783e-05,6.85383e-06,7.33314e-05,0.000211785,0.000419757,0.000586829,6.0314e-05,6.01465e-05,5.87405e-05,5.97275e-05,6.3977e-05,6.13598e-05,5.23012e-05,6.2381e-05,0.000287268,0,0.000280887,-0.000265573,0.00021509,0,0.485596,-0.000566318,-0.000226125,0.000199401,0.000583997,1786736400,0.000226953,1.24874e-06,0.000237545,1,-0.000231843,0.00022123,0,1,0.000212001,0,0.000206548,1,0.000238969,0,0.000230565,1
1786736580,0.000468673,0.000106536,0.000495296,0.000106536,0.000369693,0.507398,0.000144825,0.000143014,0.0658946,-0.0005435,-0.000443944,-0.00021254,-8.5773e-05,6.87373e-06,6.84718e-05,0.000193109,0.000389276,0.000549019,0.000138566,0.000139021,0.000141349,0.000139591,0.000130652,0.000135429,0.000156114,0.000145314,0.000266386,0,0.000270259,-0.000249583,0.000187072,0,0.487612,-0.000542438,-0.000211052,0.000188224,0.000554026,1786736400,-0.000255507,0.000238161,4.93436e-06,1,0.000222693,1.89673e-07,0.000237612,1,-0.000240667,0.000223768,0,1,-0.000196581,0.000175457,1.4976e-05,0
1786736640,-7.4547e-05,-1.59739e-05,3.1947e-05,-0.000319526,0.000371931,0.509067,3.78015e-05,3.9814e-05,0.0572568,-0.000566958,-0.000460089,-0.000223911,-8.36801e-05,8.19535e-06,7.64015e-05,0.000209707,0.000412649,0.00057793,3.9218e-05,3.88807e-05,3.80515e-05,3.72693e-05,4.39434e-05,4.16593e-05,3.36677e-05,4.08832e-05,0.000283539,0,0.0002724,-0.000265217,0.0002056,0,0.489599,-0.000565138,-0.000222151,0.000203534,0.000585422,1786736400,-0.000235462,0.000226784,5.00869e-07,1,-0.000243792,0.000233352,9.29333e-06,1,0.000210544,1.56609e-05,0.000243483,1,-0.000227753,0.000219875,1.06179e-05,1
1786736700,5.32497e-06,-5.325e-06,0.000191681,-0.000255632,0.000368344,0.5106,3.5881e-05,3.62588e-05,0.0608731,-0.000589326,-0.000471774,-0.000224955,-8.59434e-05,1.0015e-05,7.75142e-05,0.000217299,0.00042219,0.0005835,3.39097e-05,3.44339e-05,3.26514e-05,4.25291e-05,3.90557e-05,3.54866e-05,3.81899e-05,3.30183e-05,0.000288419,0,0.000320659,-0.000283228,0.000266131,0,0.495544,-0.000601599,-0.000232055,0.000221436,0.000620783,1786736700,-0.000251457,0.000231398,6.91243e-07,1,0.000234355,0,0.000234858,1,0.000246467,1.94936e-07,0.000238235,1,-0.000224049,0.000222958,3.31215e-05,1
1786736760,-0.000197043,0.000138439,0.000239594,-0.000197043,0.000364643,0.506284,5.64123e-05,5.77305e-05,0.0653678,-0.000550798,-0.000427706,-0.000198588,-7.39742e-05,5.1248e-06,6.94519e-05,0.000198937,0.000407241,0.000552724,5.93329e-05,5.85248e-05,5.67903e-05,6.13383e-05,6.30754e-05,5.74715e-05,5.06877e-05,6.21123e-05,0.000258454,0,0.000267941,-0.000264442,0.000227345,0,0.495665,-0.000573098,-0.000214879,0.000209187,0.000599782,1786736700,-0.00028091,0.000276508,0,1,-0.00024359,0.000227827,4.91821e-06,1,-0.000225769,0.000222887,1.63129e-05,1,-0.000238433,0.000225932,2.10441e-05,1
1786736820,0.000559074,0,0.000559074,0,0.000362052,0.500911,0.00018773,0.000187413,0.063392,-0.000542831,-0.000422602,-0.000204707,-8.18038e-05,2.01646e-06,5.84386e-05,0.000181746,0.00037151,0.000500717,0.000174033,0.000175258,0.000184805,0.000174242,0.000165384,0.000178365,0.00020043,0.000198966,0.000254386,0,0.000253245,-0.000233654,0.000168221,0,0.491642,-0.000515675,-0.000199279,0.000177272,0.000513989,1786736700,0.000267855,1.25487e-05,0.000254632,1,0.000277526,0,0.000245978,1,0.000258042,0,0.00022813,1,0.000235973,0,0.000232537,1
1786736880,-0.000378006,1.5969e-05,8.51648e-05,-0.000378006,0.00036703,0.503775,0.000105027,0.000106409,0.0436631,-0.000609546,-0.000485773,-0.000227632,-8.5469e-05,3.97828e-06,6.81622e-05,0.000217012,0.000428584,0.00058507,0.000107365,0.00010724,0.000107228,0.000107471,0.00011034,0.000107062,9.93083e-05,0.000105912,0.000290373,0,0.000300405,-0.000276618,0.000225868,0,0.493139,-0.000597702,-0.000229875,0.000214559,0.000610794,1786736700,0.000237109,1.96855e-05,0.000218831,1,-0.000255264,0.00024995,1.7508e-05,1,-0.000218477,0.000230763,4.16594e-05,1,0.000238107,0,0.000236693,1
1786736940,6.38984e-05,-3.7276e-05,0.000143766,-7.45533e-05,0.000367253,0.499529,3.80755e-05,3.79821e-05,0.0374468,-0.00058261,-0.000458788,-0.000228711,-9.10358e-05,1.02783e-06,6.40859e-05,0.000196028,0.000401765,0.000539681,3.71635e-05,3.76932e-05,3.75105e-05,3.76685e-05,4.26236e-05,4.10805e-05,4.19805e-05,3.66516e-05,-0.000280291,0.000210601,1.02632e-05,-0.000251024,0.000190815,0,0.49518,-0.000565695,-0.000214186,0.000192804,0.000563176,1786736700,-0.000257632,0.000225768,7.37435e-06,1,-0.000239357,0.000220529,1.01698e-05,1,0.000258201,2.80151e-06,0.00025993,1,-0.000262704,0.000243093,0,1
1786737000,7.4543e-05,-4.79235e-05,0.000228936,-0.000149103,0.000363674,0.512207,3.76804e-05,3.7438e-05,0.0415387,-0.000556396,-0.00043744,-0.000208222,-7.26639e-05,9.90104e-06,6.45733e-05,0.00020183,0.000392866,0.000527856,3.83231e-05,3.77409e-05,3.69148e-05,3.56437e-05,4.253e-05,3.92009e-05,4.05619e-05,3.49953e-05,0.00026724,0,0.000239711,-0.000237005,0.000176747,0,0.499536,-0.000528804,-0.000192602,0.000188111,0.000540157,1786737000,-0.0002504,0.000246935,0,1,-0.000255885,0.000244126,0,1,0.000230056,7.62118e-06,0.00024774,1,-0.000261183,0.000263389,1.60996e-06,1
1786737060,-0.000431362,-1.06487e-05,6.38896e-05,-0.000553881,0.000360173,0.513095,0.000120233,0.000121525,0.0476761,-0.000584609,-0.0004505,-0.000218165,-7.61415e-05,1.12556e-05,6.57642e-05,0.00020423,0.000402503,0.000542221,0.000122374,0.000122786,0.000125625,0.000122253,0.00012395,0.000125297,0.000115412,0.000121107,0.000276054,0,0.000277231,0.000257013,0,0.000229723,0.500433,-0.000576442,-0.000210415,0.000204184,0.000584404,1786737000,0.000234002,0,0.000213207,1,0.00025164,0,0.000231193,1,0.000260066,0,0.000227723,1,-0.000232958,0.000211062,3.72359e-05,1
1786737120,0.000489927,1.06531e-05,0.00186257,1.06531e-05,0.000361734,0.509021,0.000149583,0.000147577,0.0417695,-0.000587753,-0.000448362,-0.000228687,-7.93373e-05,7.72363e-06,7.16775e-05,0.000209568,0.000413983,0.000538962,0.000146682,0.000148344,0.000149126,0.000143175,0.00013992,0.000142628,0.00015225,0.000159492,0.0002868,0,0.000309995,-0.000265487,0.000222508,2.97675e-07,0.499188,-0.000584737,-0.000216761,0.00021235,0.000588591,1786737000,-0.000252463,0.000231197,5.52657e-07,1,-0.000227972,0.000212009,0,1,-0.000239382,0.000233275,9.05554e-06,1,-0.000238215,0.000228299,0,1
1786737180,0.00039922,0,0.00159061,0,0.00036474,0.49566,0.000118865,0.000117037,0.0349267,-0.000769072,-0.000591226,-0.000297962,-0.000121299,-3.39781e-06,8.68126e-05,0.00027497,0.000544369,0.000737548,0.000114057,0.000114009,0.000114088,0.000119047,0.000110745,0.000112966,0.000130241,0.000116231,-0.000375513,0.00038238,0.000162833,-0.000329557,0.000328852,0.0001783,0.491098,-0.000705157,-0.000269922,0.000250458,0.000715378,1786737000,0.000269243,0,0.000254629,0,-0.000258181,0.00024656,0,1,-0.00027057,0.000223509,0,1,-0.000257184,0.000225934,0,1
1786737240,0.000452256,2.12872e-05,0.00219021,-1.59657e-05,0.000365461,0.494953,0.000135187,0.000132779,0.0354965,-0.000792403,-0.000608867,-0.000308277,-0.000127844,-4.02995e-06,8.60474e-05,0.000279549,0.000563895,0.000770842,0.000131521,0.000132587,0.000131265,0.000132479,0.000123964,0.000127724,0.000148397,0.00013519,-0.000386262,0.000397466,0.000164676,-0.000328259,0.000331832,0.000187012,0.488959,-0.000710556,-0.000275451,0.000243402,0.000721096,1786737000,-0.000317819,0.000306973,4.30226e-06,1,0.000264803,0,0.000258607,0,-0.000266541,0.000233965,0,1,0.000244194,0,0.000218364,1
1786737300,0.000132978,5.31945e-06,0.000154252,-0.000170237,0.000367398,0.487688,6.5451e-05,6.43896e-05,0.0373971,-0.000853434,-0.00066292,-0.000338977,-0.000146123,-1.31775e-05,9.53245e-05,0.000304394,0.00060747,0.000832871,4.78638e-05,4.79259e-05,4.92064e-05,0.000102395,4.81621e-05,5.05293e-05,8.27051e-05,6.21943e-05,-0.000423187,0.000442805,0.000181261,-0.000349295,0.000394643,0.000263533,0.487468,-0.00074179,-0.000290626,0.000256948,0.000765737,1786737300,-0.000317399,0.000299965,1.24731e-05,1,-0.00029599,0.00030443,2.36535e-05,1,-0.000279247,0.000252538,0,0,-0.000251313,0.000242977,0,1
1786737360,-0.000367061,0,0.000101051,-0.000372382,0.000364192,0.509747,0.000102674,0.000105094,0.0413675,-0.000675834,-0.000524953,-0.000256663,-9.26175e-05,9.84463e-06,9.08309e-05,0.000256652,0.000511359,0.000668354,0.000104893,0.000104229,0.000104303,0.000109905,0.000108972,0.000104258,9.54578e-05,0.000104333,0.000333656,3.25451e-05,0.000391286,0.000260249,0,0.000218607,0.502538,-0.000581373,-0.000213844,0.000208789,0.000602579,1786737300,-0.000344888,0.000344586,0,1,-0.000308678,0.000325615,0,1,-0.000342445,0.000289097,0,1,-0.000271179,0.000248804,0,1
1786737420,0.000159608,0,0.000159608,0,0.000364249,0.507209,5.91539e-05,5.80652e-05,0.0368708,-0.000698255,-0.000535201,-0.000260378,-9.87748e-05,7.56121e-06,8.90464e-05,0.000253826,0.000505154,0.000667461,5.23099e-05,5.20564e-05,5.27363e-05,7.51933e-05,5.34389e-05,5.41077e-05,6.90131e-05,5.24426e-05,0.000335158,3.42081e-05,0.000437209,-0.000265863,0.000225993,4.91487e-06,0.497123,-0.00059133,-0.000220404,0.000211216,0.000601913,1786737300,-0.000268776,0.000264847,0,1,-0.000310814,0.000340581,7.98394e-06,1,-0.00031911,0.000284751,0,1,-0.000275006,0.000291341,1.76161e-05,1
1786737480,-0.000335207,5.31984e-06,5.31984e-06,-0.000761029,0.000361294,0.517843,9.55641e-05,9.77279e-05,0.0409563,-0.000629425,-0.000482971,-0.00022902,-7.77026e-05,1.65622e-05,8.87835e-05,0.000238132,0.000465249,0.000605966,9.61475e-05,9.53153e-05,9.53476e-05,9.68684e-05,9.86681e-05,9.54269e-05,9.07172e-05,0.00010023,0.000305185,1.0602e-05,0.000326858,0.000227762,0,0.00014429,0.506731,-0.000515131,-0.000182508,0.000186011,0.000517889,1786737300,-0.000258907,0.000257607,0,1,-0.00026099,0.000253113,0,1,-0.00033205,0.00031241,0,1,-0.000286735,0.000295789,0,1
1786737540,-0.000106438,7.45002e-05,0.00018624,-0.000340643,0.000360791,0.510294,4.79435e-05,5.02365e-05,0.0401464,-0.000708641,-0.000539856,-0.000261338,-9.23303e-05,1.04295e-05,9.4715e-05,0.00026224,0.000509696,0.000669738,4.49991e-05,4.33142e-05,4.32323e-05,7.35589e-05,4.7862e-05,4.48084e-05,5.05545e-05,4.62653e-05,0.000340471,3.99296e-05,0.000442537,0.000276414,0,0.000301502,0.507882,-0.00061956,-0.000219092,0.000230414,0.000628162,1786737300,-0.000225783,0.000198964,0,1,-0.000263312,0.000257248,0,1,0.000254656,3.15481e-06,0.00023333,1,-0.000308693,0.000327228,0,1
1786737600,-0.000101127,7.98299e-05,0.000388446,-0.000170325,0.000357482,0.507948,4.6081e-05,4.79876e-05,0.0473604,-0.000670885,-0.000527139,-0.000260001,-9.65823e-05,8.21518e-06,8.70273e-05,0.000262009,0.000495357,0.00065865,4.38627e-05,4.20784e-05,4.13512e-05,7.78128e-05,4.65163e-05,4.24842e-05,5.02572e-05,4.206e-05,0.000339579,0.0001413,0.000490988,0.000293353,0.000137873,0.000415644,0.501833,-0.000635627,-0.00023395,0.000241808,0.000653715,1786737600,-0.000282683,0.00026147,0,1,0.000239918,0,0.000190465,1,-0.000269641,0.00024836,0,1,0.000278729,0,0.000238924,1
1786737660,0.000340598,5.3226e-05,0.000340598,-3.1937e-05,0.000354178,0.506082,0.000100515,9.85987e-05,0.0582043,-0.000630413,-0.000482239,-0.000235111,-8.82673e-05,5.91016e-06,7.03025e-05,0.000220797,0.000440676,0.000574648,9.77011e-05,9.75315e-05,9.74483e-05,9.9061e-05,9.45513e-05,9.74035e-05,0.000107302,0.000100778,0.000298193,0,0.000370944,0.000247586,0,0.000273607,0.50495,-0.000577251,-0.000206168,0.000200196,0.000577582,1786737600,0.00036094,0,0.000296946,1,0.000286456,0,0.000244477,1,0.000248457,0,0.00019166,1,-0.000266049,0.000246916,0,1
1786737720,-0.000276727,0,0.000186215,-0.000308662,0.000353911,0.511021,7.74941e-05,7.8953e-05,0.0497622,-0.000591608,-0.000464694,-0.000227768,-7.85292e-05,9.55173e-06,7.48752e-05,0.000219119,0.000431929,0.000559103,7.96426e-05,7.89904e-05,7.89529e-05,8.02154e-05,8.14212e-05,7.92222e-05,7.35128e-05,7.66393e-05,0.000291464,1.49109e-06,0.000326874,0.000233547,0,0.000192862,0.50499,-0.000534846,-0.00019361,0.000188781,0.000542771,1786737600,-0.000262095,0.000249622,0,1,-0.000305511,0.000286059,0,1,-0.000266313,0.000258629,0,1,0.00024253,0,0.000201075,1
1786737780,-0.000106454,-5.32242e-06,-5.32242e-06,-0.000452507,0.000352533,0.503137,4.26523e-05,4.42348e-05,0.0532111,-0.000611229,-0.000475006,-0.000238693,-8.9988e-05,3.5295e-06,7.19985e-05,0.000213866,0.000425936,0.000561318,4.44698e-05,4.24638e-05,4.14567e-05,5.54776e-05,4.7042e-05,4.41452e-05,4.06735e-05,3.96421e-05,0.000296998,0,0.000365944,0.000238427,0,0.000253384,0.500212,-0.000551741,-0.000203086,0.000187943,0.000554211,1786737600,-0.000245383,0.000223137,0,1,-0.000262416,0.000247607,0,1,-0.000301092,0.0002821,0,1,-0.00028181,0.000263316,0,1
1786737840,0.000526835,5.32296e-06,0.000526835,5.32296e-06,0.000349315,0.508275,0.000161756,0.000159435,0.0658716,-0.000558322,-0.000432517,-0.000212904,-8.0246e-05,7.1136e-06,7.43684e-05,0.000214057,0.000426803,0.000546797,0.000160509,0.000164362,0.000169226,0.000150496,0.000153899,0.000161611,0.000162572,0.000167253,0.000277692,1.79583e-05,0.000310425,0.000227643,0,0.000199602,0.512795,-0.000522729,-0.000179635,0.000195215,0.00054441,1786737600,-0.000259594,0.000252916,0,1,-0.00024511,0.000224383,0,1,-0.000263752,0.000237641,0,1,0.000275321,2.54768e-05,0.000260261,1
1786737900,-6.38441e-05,-1.59606e-05,3.72405e-05,-0.000202187,0.000353739,0.506653,3.77851e-05,3.97699e-05,0.0410856,-0.000590572,-0.000470238,-0.000229683,-8.41632e-05,6.0882e-06,7.21664e-05,0.000219424,0.000431738,0.000568572,3.80807e-05,3.61917e-05,3.64565e-05,4.4948e-05,4.27386e-05,4.10793e-05,3.69067e-05,3.54043e-05,0.000293164,0,0.000329284,0.000255235,0,0.000231598,0.504812,-0.000579408,-0.000214006,0.00020597,0.000588828,1786737900,0.000255227,4.39882e-06,0.000213321,1,-0.000255136,0.000239463,0,1,0.000244146,0,0.000212136,1,-0.000260285,0.000242457,0,1
1786737960,-0.000122379,-5.32052e-06,0.000212798,-0.000196878,0.0003503,0.505848,4.41723e-05,4.56241e-05,0.0468778,-0.000564933,-0.000439644,-0.00021179,-7.66008e-05,5.01723e-06,6.63025e-05,0.000204041,0.000410422,0.000535363,4.72597e-05,4.49099e-05,4.42974e-05,5.04359e-05,5.04759e-05,4.67761e-05,3.95009e-05,4.31921e-05,0.00027134,0,0.000289416,0.000231314,0,0.000195696,0.506543,-0.000537059,-0.000190305,0.000188538,0.000557592,1786737900,-0.000270527,0.00024278,0,1,-0.000244828,0.000230452,0,1,-0.000253472,0.000238514,0,1,-0.000245249,0.000219346,0,1
1786738020,-0.000133038,-5.3213e-05,0.000138341,-0.000170292,0.000347211,0.501767,4.53651e-05,4.64491e-05,0.0525949,-0.000550174,-0.000430703,-0.000214072,-8.24036e-05,2.33963e-06,6.38448e-05,0.000196999,0.000409278,0.000538909,4.89441e-05,4.63602e-05,4.52479e-05,5.58451e-05,5.16991e-05,4.70527e-05,4.00298e-05,4.35563e-05,0.000269797,0,0.000315487,0.000234285,0,0.000227663,0.503504,-0.000543979,-0.000196157,0.000189544,0.000563482,1786737900,-0.000248555,0.00023714,0,1,-0.000274356,0.000244469,0,1,0.000247013,9.50352e-08,0.000225294,1,-0.000269375,0.000239157,0,1
1786738080,-6.91867e-05,-5.32188e-06,3.19307e-05,-0.000202251,0.000344236,0.498725,3.42965e-05,3.57078e-05,0.0604561,-0.000531213,-0.00041431,-0.000202054,-8.02237e-05,1.96147e-07,5.93711e-05,0.000190869,0.000389729,0.00051292,3.82912e-05,3.54117e-05,3.38851e-05,4.46123e-05,4.15643e-05,3.48576e-05,3.20205e-05,3.095e-05,-0.000257146,0.000247731,2.92939e-05,0.000221056,0,0.00020011,0.507666,-0.000518931,-0.000183804,0.000180802,0.000531361,1786737900,0.00026475,6.31094e-06,0.000207003,1,-0.000252686,0.00023272,0,1,0.000282637,0,0.000219238,1,-0.00025671,0.000239231,0,1
1786738140,0.000212867,-4.79013e-05,0.000239472,-0.000149034,0.000340917,0.502584,6.27517e-05,6.15472e-05,0.0722007,-0.000506089,-0.000388602,-0.000184441,-6.90559e-05,2.34855e-06,5.98229e-05,0.000188642,0.000377905,0.000492392,6.26563e-05,6.193e-05,6.1763e-05,6.35221e-05,6.14721e-05,6.19841e-05,6.6401e-05,6.09039e-05,0.000243122,0,0.000240924,0.000209619,0,0.000162256,0.513998,-0.000487243,-0.000166919,0.000178405,0.000505512,1786737900,0.00025289,6.44682e-06,0.000201904,1,-0.000251453,0.000234157,0,1,-0.000250214,0.000229645,0,1,-0.000256702,0.000228105,0,1
1786738200,-0.000431102,-3.72484e-05,-1.06423e-05,-0.000532252,0.000338831,0.502979,0.000125,0.000125151,0.0717424,-0.000519499,-0.000400381,-0.000192663,-7.03737e-05,2.57338e-06,6.282e-05,0.000193576,0.00038595,0.000503668,0.000122203,0.000126354,0.000129797,0.000122788,0.000124854,0.000131185,0.000119383,0.00013016,0.00025119,0,0.000270216,0.00020224,0,0.000167512,0.507946,-0.000469742,-0.000167956,0.000165182,0.000482759,1786738200,0.000239284,3.51776e-06,0.000193365,1,-0.000259541,0.000229946,0,1,-0.000288475,0.000246128,0,1,-0.000260673,0.000234939,0,1
1786738260,-1.06468e-05,-1.06468e-05,4.25863e-05,-7.98541e-05,0.000340921,0.504284,3.27907e-05,3.409e-05,0.0549367,-0.000552299,-0.000432093,-0.000211429,-7.97127e-05,4.00605e-06,6.63467e-05,0.000203293,0.000398941,0.000533222,3.50148e-05,3.15909e-05,3.05621e-05,4.32507e-05,3.79628e-05,3.6322e-05,3.36535e-05,2.87404e-05,0.000270602,0,0.000319777,0.000225344,0,0.000225416,0.50769,-0.000521587,-0.000186103,0.000186993,0.000530513,1786738200,0.000232392,0,0.000204202,1,0.000248482,0,0.000215367,1,-0.00027294,0.000240266,0,1,-0.0002732,0.000248818,0,1
1786738320,5.32344e-06,2.12936e-05,0.000117109,-0.000143744,0.000337498,0.506797,2.95365e-05,2.98027e-05,0.0641992,-0.000501354,-0.000391437,-0.000182565,-6.41159e-05,4.81705e-06,6.06576e-05,0.0001877,0.000369529,0.000486631,3.41033e-05,3.07957e-05,2.90591e-05,3.42219e-05,3.66259e-05,3.30877e-05,2.65149e-05,2.70174e-05,0.000241486,0,0.000223719,0.000192699,0,0.000128763,0.513535,-0.000450173,-0.000149947,0.000163362,0.000469266,1786738200,0.000254116,0,0.000215134,1,0.000230578,0,0.000204409,1,0.000246191,0,0.000208009,1,-0.00025784,0.000234741,0,1
1786738380,-0.000388686,2.66168e-05,2.66168e-05,-0.000404662,0.000334107,0.506454,0.000110942,0.000110574,0.0776434,-0.00050162,-0.000389588,-0.000182659,-6.35339e-05,4.54587e-06,6.00645e-05,0.00018671,0.000373178,0.000484731,0.000110498,0.000110358,0.000113734,0.000110747,0.000110175,0.000112685,0.000109282,0.000117099,0.000240723,0,0.000240592,0.000206833,0,0.000170052,0.513631,-0.00048425,-0.000167099,0.00017476,0.000499635,1786738200,0.000219156,0,0.000172587,1,0.000250516,0,0.000218636,1,0.000227079,0,0.000203548,1,-0.000241398,0.000216864,0,1
1786738440,0.000186375,5.32548e-06,0.000202348,5.32548e-06,0.000335285,0.50166,5.61157e-05,5.53781e-05,0.0700384,-0.000516305,-0.000406873,-0.000196952,-6.88759e-05,1.97508e-06,5.45207e-05,0.000185061,0.000369564,0.000494291,5.71546e-05,5.45461e-05,5.44797e-05,5.86789e-05,5.876e-05,5.74307e-05,5.99591e-05,5.57656e-05,0.000249704,0,0.000268516,0.000219474,0,0.000205977,0.506408,-0.000504094,-0.000181553,0.000181619,0.00050939,1786738200,0.000244135,0,0.000203826,1,-0.000221439,0.000185052,0,1,0.000245759,0,0.000228355,1,-0.000231575,0.000209582,0,1
1786738500,-5.32464e-05,0,0.000207634,-0.000181049,0.00033296,0.503633,3.25073e-05,3.35617e-05,0.0676209,-0.000503908,-0.00040239,-0.000198199,-6.65739e-05,2.92829e-06,5.88064e-05,0.000189637,0.000369931,0.000488581,3.72281e-05,3.29587e-05,3.14952e-05,4.16571e-05,3.87029e-05,3.68678e-05,3.14833e-05,2.65554e-05,0.000252962,0,0.000258612,0.000221249,0,0.00018184,0.511742,-0.000501041,-0.000182801,0.000184126,0.000505253,1786738500,0.000244509,0,0.000196738,1,0.000250889,0,0.000219893,1,0.000228982,0,0.000193042,1,-0.000261073,0.000224207,0,1
1786738560,1.06495e-05,-6.38995e-05,0.000218292,-0.000111827,0.0003297,0.500555,3.01567e-05,3.02043e-05,0.0819861,-0.000495843,-0.000387143,-0.000191512,-6.65105e-05,9.27228e-07,5.72217e-05,0.000181787,0.000365393,0.000482295,3.427e-05,3.01438e-05,2.81048e-05,3.95882e-05,3.55958e-05,3.13459e-05,2.82295e-05,2.78909e-05,0.000243845,0,0.000250157,0.000210739,0,0.00019773,0.507449,-0.000489755,-0.000176924,0.000171581,0.000501197,1786738500,0.000256748,0,0.000197251,1,0.000243802,0,0.000215323,1,0.000227308,2.21635e-06,0.000216628,1,0.000229335,0,0.000198255,1
1786738620,-0.0003728,-3.19489e-05,-2.6624e-05,-0.000404761,0.00032639,0.503163,0.000104734,0.000104759,0.0826282,-0.000475311,-0.00037577,-0.00018206,-6.2725e-05,2.65136e-06,5.20108e-05,0.000172377,0.000348647,0.000471617,0.000105895,0.000105517,0.000109157,0.000106478,0.000103877,0.000109465,9.96908e-05,0.000111864,0.000231596,0,0.000240534,0.000203746,0,0.000182239,0.507849,-0.000473426,-0.000171209,0.000166313,0.000488912,1786738500,0.000254038,2.08557e-06,0.000210014,1,0.000252329,0,0.000192742,1,0.0002418,0,0.00021533,1,-0.00024107,0.000219619,0,1
1786738680,0.000149137,8.52238e-05,0.000489938,3.72863e-05,0.000327382,0.503525,4.73759e-05,4.77542e-05,0.0678776,-0.000492493,-0.000389936,-0.000187579,-6.10593e-05,2.78245e-06,5.15411e-05,0.000177016,0.000354878,0.0004744,5.09561e-05,4.69014e-05,4.58991e-05,5.21417e-05,5.23885e-05,5.03459e-05,4.78697e-05,4.52898e-05,0.000238145,0,0.000247121,0.000208901,0,0.000186398,0.508874,-0.000478639,-0.000171895,0.000173806,0.00048275,1786738500,0.000246334,0,0.000194765,1,0.000253882,0,0.000228078,1,0.000230962,0,0.000193544,1,-0.000247914,0.000203631,0,1
1786738740,1.59776e-05,0,0.000149115,-2.13039e-05,0.000324778,0.499493,3.12915e-05,3.11183e-05,0.0637648,-0.000502786,-0.000396472,-0.000197381,-7.01971e-05,4.91448e-07,5.56878e-05,0.000184577,0.000368859,0.000496115,3.45261e-05,2.98581e-05,2.81777e-05,4.3913e-05,3.5006e-05,3.27904e-05,3.20329e-05,2.69237e-05,-0.000249798,0.000248362,2.87377e-05,0.000215335,0,0.000209509,0.506956,-0.000494813,-0.00018028,0.000176792,0.000509532,1786738500,0.000236852,0,0.000185466,1,0.000235726,0,0.000220573,1,0.000232284,3.4751e-06,0.00023082,1,-0.000249291,0.000196691,0,1
1786738800,-3.19555e-05,3.19545e-05,0.000175737,-8.5217e-05,0.000321521,0.505387,2.90813e-05,2.97244e-05,0.0687707,-0.000479218,-0.000374479,-0.000181403,-5.99379e-05,3.92339e-06,4.80987e-05,0.000168856,0.000343492,0.000460853,3.60019e-05,3.02945e-05,2.81069e-05,3.80693e-05,3.3519e-05,3.0087e-05,2.71921e-05,2.51169e-05,0.000229133,0,0.000233764,0.000187664,0,0.000152179,0.509015,-0.000442045,-0.000157357,0.000150803,0.000449596,1786738800,0.000253517,4.52081e-06,0.000204163,1,0.000236099,0,0.000207108,1,0.000243253,0,0.00021514,1,-0.000249553,0.000224831,2.44587e-06,1
1786738860,0.000319509,-1.06521e-05,0.000372751,-1.06521e-05,0.000318322,0.50334,9.29798e-05,9.21769e-05,0.0769721,-0.000456899,-0.000358027,-0.00017838,-5.63914e-05,2.59476e-06,4.6086e-05,0.000161927,0.000330174,0.000447929,9.23438e-05,9.12299e-05,9.16991e-05,9.20074e-05,9.4029e-05,9.1752e-05,0.000100451,9.45315e-05,0.000205757,6.85828e-06,0.000221709,0.0001888,0,0.000163054,0.508907,-0.000436439,-0.000158332,0.000153539,0.000449165,1786738800,0.000216903,0,0.000177133,1,-0.000248671,0.000214435,0,1,0.000230502,0,0.000206275,1,-0.00024735,0.000225227,0,1
1786738920,0.000255534,0,0.000383276,-0.000202344,0.000318346,0.504103,7.54833e-05,7.41781e-05,0.0653199,-0.000481046,-0.000385813,-0.000186435,-6.20365e-05,3.28198e-06,4.90377e-05,0.000177267,0.000350832,0.000472833,7.43611e-05,7.34656e-05,7.33646e-05,7.41754e-05,7.31176e-05,7.38761e-05,7.75948e-05,7.77576e-05,0.00023739,0,0.000241355,0.000210998,0,0.000178392,0.508371,-0.000477325,-0.000176757,0.000172507,0.00049027,1786738800,0.000225435,5.39401e-06,0.00017308,0,0.000223989,0,0.000190013,1,0.000251382,0,0.000221582,1,-0.000239619,0.000194492,0,1
1786738980,4.79053e-05,-5.32308e-05,0.000186286,-8.51707e-05,0.000317211,0.506852,3.42398e-05,3.369e-05,0.0627031,-0.000518616,-0.000414632,-0.00020162,-6.87931e-05,5.16964e-06,6.09774e-05,0.000194618,0.000380413,0.000508788,3.63267e-05,3.067e-05,2.92975e-05,4.68015e-05,3.43074e-05,3.4225e-05,3.72839e-05,3.22952e-05,0.000258311,9.02025e-06,0.000295408,0.000222018,6.31259e-07,0.000220944,0.506011,-0.000498542,-0.000185946,0.000180198,0.000522954,1786738800,0.000237034,0,0.000195761,1,0.000218539,0,0.000208438,1,0.000213825,0,0.000195604,1,-0.00023711,0.000224252,5.55826e-06,1
1786739040,-0.000106459,7.98371e-05,7.98371e-05,-0.000202283,0.000314096,0.515426,3.86062e-05,3.97648e-05,0.0681431,-0.000466075,-0.000365587,-0.000176716,-5.27819e-05,9.39778e-06,5.24206e-05,0.000173046,0.000340904,0.000456059,4.43329e-05,3.88164e-05,3.73374e-05,4.52798e-05,4.13052e-05,3.91635e-05,3.61467e-05,3.78257e-05,0.000227704,0,0.000230459,0.000193702,0,0.000159941,0.505767,-0.00044266,-0.000164128,0.000154762,0.000464135,1786738800,-0.000246345,0.000226713,0,1,0.000230024,0,0.000197331,1,0.000218547,0,0.000199225,1,-0.000220801,0.000199206,0,1
1786739100,-0.000612362,5.85541e-05,0.000202263,-0.000654975,0.000311304,0.520387,0.000217378,0.0002189,0.070298,-0.000458753,-0.000356765,-0.000163975,-4.87128e-05,1.21552e-05,4.93242e-05,0.000167926,0.000338453,0.00043897,0.000195088,0.000217946,0.000224627,0.000200993,0.000216481,0.000221577,0.00021862,0.00021962,0.000216348,0,0.000216349,0.000188476,0,0.000153737,0.511575,-0.000427032,-0.0001533,0.000157446,0.00044687,1786739100,0.000223049,0,0.000175048,0,0.000238151,0,0.000204526,1,0.000230922,0,0.000186633,1,-0.000224705,0.000201431,0,1
1786739160,2.13058e-05,-3.72863e-05,5.32637e-05,-0.000106536,0.000320112,0.517318,3.39892e-05,3.34485e-05,0.0487964,-0.000558781,-0.000436136,-0.000203411,-6.4515e-05,1.32448e-05,6.72394e-05,0.000215859,0.000416554,0.000525581,3.48733e-05,2.98667e-05,3.1594e-05,4.24762e-05,3.55127e-05,3.89875e-05,3.61873e-05,3.07926e-05,0.00027431,1.55051e-05,0.000310906,0.000247204,0,0.000264334,0.514106,-0.000543795,-0.000195124,0.000207832,0.000552394,1786739100,0.00020413,0,0.000156945,0,0.000214774,0,0.000186843,1,0.000224403,0,0.000199218,1,-0.000226386,0.000196824,0,1
1786739220,0.000367454,2.66317e-05,0.000516528,0,0.000316909,0.531284,0.000101614,0.000100491,0.0472245,-0.000505842,-0.0003882,-0.000167205,-4.66857e-05,2.06771e-05,6.2322e-05,0.000202673,0.000375186,0.000468298,0.000105356,0.000107138,0.00010558,0.000104799,0.000105821,0.00010443,9.77092e-05,0.000100186,0.000245566,0,0.000197141,0.000202037,0,0.000129956,0.521726,-0.000458292,-0.000153739,0.000177723,0.000467491,1786739100,0.000274629,0,0.000218025,1,0.000204165,0,0.00017567,1,0.000218411,0,0.000186129,1,-0.000228962,0.000213809,0,1
1786739280,9.58354e-05,4.79189e-05,0.000149073,-5.85706e-05,0.000317999,0.521416,4.06326e-05,4.02404e-05,0.0443216,-0.000555825,-0.000433101,-0.000200359,-5.97544e-05,1.59379e-05,6.31053e-05,0.000213194,0.000398167,0.000520687,4.19506e-05,3.73881e-05,3.86496e-05,4.38299e-05,4.0634e-05,4.33252e-05,4.40186e-05,3.81885e-05,0.00027061,0,0.000288481,0.000242866,0,0.000235158,0.507895,-0.000539483,-0.000199812,0.000195855,0.000542258,1786739100,0.000217857,0,0.000170883,1,0.000268283,0,0.000218564,1,0.000199027,0,0.00016701,1,-0.000226388,0.000204836,0,1
1786739340,-9.0511e-05,3.19431e-05,3.19431e-05,-0.00018103,0.000315094,0.527174,3.86972e-05,3.99121e-05,0.0453202,-0.000498697,-0.000394298,-0.00018217,-5.08338e-05,1.84974e-05,6.24463e-05,0.000194172,0.000374178,0.00047695,4.1695e-05,3.65944e-05,3.722e-05,3.96735e-05,3.98754e-05,4.09438e-05,3.97612e-05,3.81152e-05,0.000246446,0,0.000227327,0.000212947,0,0.000163991,0.508632,-0.000480186,-0.000174222,0.00017325,0.000493869,1786739100,-0.000252954,0.000210577,0,1,0.000224267,0,0.000184948,1,0.000266613,0,0.000226795,1,0.000200345,0,0.000177203,1
1786739400,8.5187e-05,0,0.000143749,-0.00015442,0.00031219,0.521488,3.61981e-05,3.56951e-05,0.0459538,-0.000493377,-0.000393539,-0.000180316,-5.54977e-05,1.48472e-05,5.99545e-05,0.000186476,0.000357775,0.000463486,4.01735e-05,3.50374e-05,3.53521e-05,4.19873e-05,3.78387e-05,3.82043e-05,3.57922e-05,3.41539e-05,0.000239437,7.31354e-07,0.000244532,0.000216855,0,0.000199177,0.509958,-0.000474146,-0.000178484,0.000177372,0.000483421,1786739400,0.000228151,0,0.000185738,1,0.00025311,0,0.000209614,1,0.000223617,0,0.000172855,1,0.000268239,0,0.000233634,1
1786739460,-1.0648e-05,0,7.98563e-05,-0.000191681,0.000309287,0.526143,2.90437e-05,2.96382e-05,0.0485178,-0.000484035,-0.000371649,-0.000170616,-5.20767e-05,1.79951e-05,6.0509e-05,0.000187341,0.000344707,0.00044123,3.48727e-05,2.79043e-05,2.77827e-05,3.11456e-05,3.17187e-05,2.92127e-05,2.84873e-05,2.89449e-05,0.000235133,0,0.000200921,0.00019912,0,0.000158062,0.51619,-0.000450417,-0.00015848,0.000168752,0.000468154,1786739400,0.000235627,3.3497e-06,0.000172325,1,0.000217111,0,0.000192981,1,0.000235874,0,0.000203677,1,0.000214217,0,0.000182907,1
1786739520,-0.000159733,5.32401e-06,6.38862e-05,-0.000266236,0.000306182,0.524933,4.7485e-05,4.86771e-05,0.0527737,-0.000469157,-0.000353967,-0.000157608,-4.8859e-05,1.58218e-05,5.35249e-05,0.000175268,0.00033136,0.00042308,5.31741e-05,4.71691e-05,4.65843e-05,5.02403e-05,4.88577e-05,4.69737e-05,4.93781e-05,4.69772e-05,0.000219062,0,0.000190577,0.000194273,0,0.000157594,0.517717,-0.000441738,-0.000154467,0.000164487,0.000457985,1786739400,0.000208342,0,0.000171394,1,0.000221873,0,0.000193092,1,0.000211089,0,0.000188204,1,-0.000228046,0.000200326,0,1
1786739580,-0.00022367,2.12993e-05,3.19487e-05,-0.000303564,0.000303945,0.516849,6.32765e-05,6.42525e-05,0.0551939,-0.000457189,-0.000354934,-0.000167277,-5.42692e-05,1.07505e-05,4.87175e-05,0.00016596,0.000317166,0.000413922,6.44812e-05,6.38002e-05,6.38464e-05,6.4385e-05,6.23568e-05,6.45978e-05,6.57223e-05,5.87952e-05,0.000216728,0,0.000202748,0.00017647,0,0.000151024,0.511166,-0.000404176,-0.000143577,0.000144468,0.000409722,1786739400,0.000207933,0,0.000169774,1,0.000207082,0,0.000173417,1,0.000193573,0,0.000186128,1,0.000230192,0,0.000189779,1
1786739640,-2.13045e-05,0,4.79334e-05,-7.98941e-05,0.000302549,0.520514,2.78187e-05,2.81112e-05,0.0564208,-0.000459421,-0.000353935,-0.000164486,-5.20468e-05,1.31202e-05,5.17059e-05,0.000169846,0.000318859,0.000409083,3.5402e-05,2.76287e-05,2.70257e-05,3.05432e-05,2.95602e-05,2.68256e-05,2.77838e-05,2.61015e-05,0.000218123,0,0.000196009,0.000181005,0,0.000155482,0.514686,-0.000413236,-0.000145299,0.00015149,0.000412294,1786739400,0.000180897,0,0.000147425,1,0.000208672,0,0.000175216,1,0.000203215,0,0.000169181,1,0.000224614,0,0.000203507,1
1786739700,-0.000324949,0,0.000266273,-0.000324949,0.000299523,0.523775,9.35398e-05,9.40057e-05,0.0622147,-0.000454869,-0.000336157,-0.000150725,-4.5866e-05,1.39321e-05,4.94208e-05,0.000164184,0.000303642,0.00039476,9.26143e-05,9.18792e-05,9.25349e-05,9.22115e-05,8.84093e-05,9.66827e-05,9.68309e-05,9.40817e-05,0.00020675,0,0.000167862,0.000165086,0,0.00011567,0.517898,-0.000381885,-0.000128445,0.000138117,0.000382511,1786739700,0.000183335,0,0.000147253,1,0.00017882,0,0.000156399,1,0.000193217,1.38105e-06,0.000175312,1,0.00020207,0,0.000178052,1
1786739760,0.000165151,5.32789e-06,0.00020244,-2.13119e-05,0.000300053,0.508059,5.01026e-05,5.0205e-05,0.0593664,-0.000516595,-0.000391476,-0.000183951,-6.51696e-05,5.70212e-06,5.01468e-05,0.000169133,0.000342307,0.000470204,5.34437e-05,4.82645e-05,4.82925e-05,5.42132e-05,5.21746e-05,4.94407e-05,5.08537e-05,5.56774e-05,0.000231299,0,0.000262383,0.000212521,0,0.000241685,0.512916,-0.000483247,-0.000172484,0.000175313,0.000474229,1786739700,0.000164924,0,0.00013432,1,0.000183663,0,0.000159499,1,0.000181545,0,0.00016197,1,0.000202336,0,0.000184156,1
1786739820,0.000138493,0,0.000356847,-9.05635e-05,0.000297954,0.515994,4.29985e-05,4.28528e-05,0.0580885,-0.000457422,-0.000351623,-0.000163081,-5.21611e-05,9.70405e-06,4.83711e-05,0.000160795,0.000316876,0.000405122,4.89963e-05,4.25951e-05,4.2463e-05,4.45669e-05,4.60159e-05,4.4032e-05,4.06312e-05,4.45372e-05,0.000210771,0,0.000185171,0.000188014,0,0.000144309,0.517045,-0.000425544,-0.000150413,0.00015765,0.00041918,1786739700,0.000211977,0,0.00018292,1,0.000171653,0,0.000145088,1,0.000185258,0,0.000161426,1,-0.000181886,0.000165292,0,1
1786739880,-7.45708e-05,-5.32643e-05,2.66311e-05,-0.000261022,0.000295609,0.513566,3.27797e-05,3.33183e-05,0.0560494,-0.000470049,-0.000361369,-0.000173498,-5.64241e-05,8.67064e-06,5.25783e-05,0.000160825,0.000321457,0.000422613,3.89646e-05,3.19882e-05,3.16122e-05,3.90737e-05,3.08747e-05,3.20418e-05,3.38172e-05,3.00671e-05,0.000201787,0,0.000229231,0.000205568,0,0.000217412,0.512746,-0.000463334,-0.000170196,0.000166398,0.000459505,1786739700,0.000187844,0,0.000160062,1,0.00020815,0,0.000174031,1,0.000171116,0,0.000146439,1,0.000182433,0,0.00017219,1
1786739940,-3.72875e-05,-2.1307e-05,2.66331e-05,-0.000111867,0.000292828,0.51295,2.80757e-05,2.81147e-05,0.0581428,-0.000458832,-0.000350165,-0.000164069,-5.37843e-05,7.82728e-06,4.90249e-05,0.000154694,0.000307142,0.000419761,3.62814e-05,2.73556e-05,2.66376e-05,3.43131e-05,2.8e-05,2.55215e-05,2.86969e-05,2.60615e-05,0.00019216,9.95555e-06,0.000217282,0.000190933,0,0.000178108,0.517714,-0.000434408,-0.000151448,0.000161728,0.000442654,1786739700,0.000213524,0,0.000190548,1,0.000185948,0,0.000163051,1,-0.000215574,0.00017464,0,1,0.000168467,0,0.000148904,1
1786740000,0.000111858,4.79408e-05,0.000122511,4.79408e-05,0.000289933,0.51336,3.68382e-05,3.66449e-05,0.0547041,-0.000421773,-0.000321563,-0.000149941,-4.63625e-05,6.97042e-06,4.52809e-05,0.000143955,0.000287639,0.000372847,4.45421e-05,3.73489e-05,3.66126e-05,4.01106e-05,4.03869e-05,3.50402e-05,3.39399e-05,3.72058e-05,0.00017692,0,0.000173972,0.000169362,0,0.000129242,0.51875,-0.000385607,-0.000133068,0.000142289,0.000386788,1786740000,0.000190026,0,0.000166221,1,0.000208169,0,0.000187016,1,0.000196257,0,0.000156358,1,0.000209875,0,0.000182196,1
1786740060,5.85875e-05,0,0.000197053,-1.06526e-05,0.000287454,0.51325,2.75722e-05,2.70867e-05,0.0502175,-0.000406155,-0.000305061,-0.000145302,-4.3607e-05,6.4847e-06,3.7431e-05,0.000131067,0.000267575,0.000349876,3.68571e-05,2.82206e-05,2.74088e-05,2.79439e-05,3.08097e-05,2.57619e-05,2.28677e-05,3.07015e-05,0.00016707,0,0.000132157,0.000143774,0,8.48636e-05,0.519202,-0.000326105,-0.000113362,0.000113729,0.000313871,1786740000,0.000170262,0,0.000141116,1,0.000181704,0,0.000162587,1,0.000199163,0,0.000188616,1,0.000187228,0,0.000166762,1
1786740120,0.000106514,3.72811e-05,0.000106514,-1.0652e-05,0.000284686,0.512424,3.63588e-05,3.5587e-05,0.0486768,-0.00041098,-0.000314748,-0.000155487,-4.91351e-05,6.80913e-06,4.02299e-05,0.000130323,0.000270633,0.000357223,4.34535e-05,3.59162e-05,3.49788e-05,3.85669e-05,3.82589e-05,3.32292e-05,3.50722e-05,3.86031e-05,0.000173565,0,0.000178995,0.000159011,0,0.000142558,0.511187,-0.000368303,-0.000133898,0.000124294,0.000360317,1786740000,0.000140976,0,0.000115305,1,0.000169702,0,0.000156183,1,0.000186916,0,0.000164527,1,0.000202264,0,0.000196555,1
1786740180,-0.00011184,-5.32542e-06,1.06508e-05,-0.000202386,0.000282227,0.524162,3.58204e-05,3.64915e-05,0.0484385,-0.000388782,-0.000295742,-0.000135968,-3.68478e-05,1.13801e-05,4.40716e-05,0.000131593,0.000262248,0.000346504,4.53029e-05,3.69445e-05,3.58316e-05,3.65408e-05,3.54802e-05,3.40563e-05,3.71528e-05,3.20551e-05,0.000160897,0,0.000137672,0.00014362,0,9.78569e-05,0.518514,-0.000327511,-0.000112586,0.000116381,0.000324407,1786740000,0.000161002,0,0.000137464,1,0.000152269,0,0.000116411,1,0.000172444,0,0.000152382,1,0.000191874,0,0.000154724,1
1786740240,4.79329e-05,2.66297e-05,9.58635e-05,-4.79352e-05,0.000279838,0.521169,2.4731e-05,2.38666e-05,0.0460798,-0.000383406,-0.000288415,-0.00013408,-4.12294e-05,1.07712e-05,3.9899e-05,0.000127318,0.000254839,0.000337767,3.60795e-05,2.63023e-05,2.49677e-05,2.69719e-05,2.79658e-05,2.34032e-05,2.15817e-05,2.53124e-05,0.000157477,0,0.000154894,0.000152267,0,0.000131799,0.51469,-0.000346258,-0.000122579,0.000123724,0.000341537,1786740000,0.000138442,0,0.000120096,1,0.000163098,0,0.000142605,1,0.000152541,0,0.000121647,1,0.000175785,0,0.000152564,1
1786740300,-2.13032e-05,4.79306e-05,0.000191709,-4.79329e-05,0.000277108,0.525379,2.41122e-05,2.40506e-05,0.0475979,-0.000400252,-0.000309152,-0.000139432,-4.0825e-05,1.35076e-05,4.70744e-05,0.000136408,0.000266203,0.000347652,3.51902e-05,2.44596e-05,2.3029e-05,2.90646e-05,2.44723e-05,2.13911e-05,2.40226e-05,2.19604e-05,0.000165751,1.34199e-05,0.000197193,0.000161893,0,0.000154761,0.516984,-0.000367258,-0.000130917,0.000134082,0.000365694,1786740300,0.000148448,0,0.000129084,1,0.000141537,0,0.00011806,1,0.000165857,0,0.000151878,1,0.000155762,0,0.000136094,1
1786740360,-3.72817e-05,5.32585e-06,7.45593e-05,-0.000101197,0.00027434,0.514192,2.27243e-05,2.24439e-05,0.047817,-0.000371574,-0.000283591,-0.000132692,-4.14075e-05,6.66717e-06,3.52451e-05,0.000113517,0.000246548,0.00032429,3.59477e-05,2.49982e-05,2.34747e-05,2.80332e-05,2.48024e-05,2.2065e-05,2.05572e-05,1.93773e-05,0.000149866,0,0.000162903,0.000149351,0,0.000147133,0.511106,-0.000345108,-0.000125212,0.000116787,0.000335016,1786740300,0.000158684,0,0.000135124,1,0.000150891,0,0.000136813,1,0.00014595,0,0.000122212,1,-0.000167288,0.000158003,0,1
1786740420,-0.000191757,-1.06522e-05,-1.06522e-05,-0.000207738,0.000271633,0.51637,5.39531e-05,5.49823e-05,0.048924,-0.000365572,-0.000278892,-0.000126881,-3.6845e-05,6.99943e-06,3.54978e-05,0.000114419,0.000243054,0.000318811,5.87159e-05,5.4755e-05,5.47762e-05,5.5212e-05,5.10407e-05,5.46399e-05,5.44115e-05,5.1499e-05,0.0001461,0,0.000149537,0.000142285,0,0.00012559,0.51535,-0.000329319,-0.000114614,0.000114602,0.000323493,1786740300,0.000151085,4.94627e-06,0.000132025,1,0.000161728,0,0.000128087,1,0.000149143,0,0.000141788,1,0.000150432,0,0.000129445,1
1786740480,0.000303598,-1.06542e-05,0.000330225,-3.72903e-05,0.000270267,0.517582,9.33928e-05,9.36301e-05,0.0406833,-0.000370711,-0.000279395,-0.000126945,-3.41362e-05,7.05135e-06,3.45984e-05,0.000114426,0.000242105,0.000324238,8.74347e-05,8.95469e-05,9.06339e-05,8.8709e-05,9.47646e-05,9.10113e-05,9.84124e-05,0.000101666,0.00014601,0,0.000154237,0.000145953,0,0.000132007,0.511411,-0.00033452,-0.000118622,0.000117212,0.000319804,1786740300,0.000140478,0,0.00012182,1,0.000155327,0,0.000143808,1,0.000145489,0,0.000136771,1,0.000154667,0,0.00014897,1
1786740540,0.000202347,0,0.000202347,-5.32561e-05,0.000270974,0.519042,5.90652e-05,5.83637e-05,0.0400834,-0.00040598,-0.000309324,-0.000141729,-3.99902e-05,9.15085e-06,4.51027e-05,0.000129306,0.000274445,0.000358345,5.93075e-05,5.82214e-05,5.82437e-05,5.84171e-05,5.95892e-05,5.88529e-05,5.73398e-05,6.2376e-05,0.000163931,4.01216e-06,0.0001768,0.000177296,0,0.000171929,0.514589,-0.000398973,-0.000144985,0.000144973,0.000391546,1786740300,0.000135239,0,0.000118374,0,0.000143317,0,0.000131404,1,0.00015367,0,0.000151439,1,0.000157254,0,0.000140916,1
1786740600,-0.000170395,-5.3244e-06,7.98626e-05,-0.000186371,0.000269773,0.518682,4.84602e-05,4.97341e-05,0.0399611,-0.000403833,-0.00030427,-0.000139684,-3.94648e-05,8.81897e-06,4.52871e-05,0.000128582,0.000270462,0.000354543,5.5178e-05,4.88146e-05,4.89684e-05,4.92966e-05,4.7218e-05,5.0025e-05,5.0014e-05,4.49869e-05,0.000162106,0,0.000160576,0.000172849,0,0.000158544,0.514407,-0.000393646,-0.000143003,0.00013929,0.000386379,1786740600,0.000172502,0,0.00015607,1,0.000141263,0,0.00012678,1,0.000146977,0,0.00013658,1,-0.000154322,0.000148192,7.87964e-06,1
1786740660,0.000197017,-1.06506e-05,0.000282201,-1.5976e-05,0.000268146,0.505146,5.95112e-05,5.87157e-05,0.0349048,-0.000409875,-0.000312118,-0.000146475,-4.40411e-05,2.75176e-06,3.85002e-05,0.000120799,0.000263445,0.000373796,5.84116e-05,5.66692e-05,5.67731e-05,5.69104e-05,5.7893e-05,5.73223e-05,6.02086e-05,6.52012e-05,0.000162892,0,0.000186807,0.000172543,0,0.000184699,0.508469,-0.000396916,-0.000143471,0.000138093,0.000392409,1786740600,-0.000169957,0.000147243,0,1,0.000173034,0,0.000152335,1,0.000145728,0,0.000132417,1,0.000147914,0,0.000141486,1
1786740720,0.000207624,-2.66216e-05,0.000292791,-2.66216e-05,0.00026691,0.511749,6.13741e-05,6.01612e-05,0.0354587,-0.000419468,-0.000320163,-0.000144148,-4.31339e-05,5.60019e-06,4.60685e-05,0.000133977,0.000277767,0.000385155,6.05859e-05,5.95478e-05,5.97099e-05,5.98516e-05,5.95986e-05,6.03021e-05,6.10743e-05,6.56971e-05,0.000181936,0,0.000190527,0.000181392,0,0.000179987,0.514279,-0.000412391,-0.00014733,0.000148678,0.000410952,1786740600,0.000163863,0,0.000137358,1,0.000172141,0,0.000139781,1,0.000176963,0,0.000146319,1,0.000143835,0,0.000135163,0
1786740780,-0.000149059,-3.19394e-05,9.5812e-05,-0.000244894,0.000265854,0.519843,4.31323e-05,4.43022e-05,0.0371242,-0.000435045,-0.00032031,-0.000147144,-4.37853e-05,1.05759e-05,5.11869e-05,0.000144185,0.00028258,0.000377018,5.17072e-05,4.29069e-05,4.30983e-05,4.55692e-05,4.26404e-05,4.45623e-05,4.25062e-05,4.27893e-05,0.000189643,0,0.000197745,0.000184202,0,0.000190449,0.510877,-0.000416875,-0.000152427,0.000147101,0.000414544,1786740600,-0.000173408,0.00014978,0,1,0.000160845,0,0.000140661,1,0.000164487,0,0.000145051,1,-0.000167726,0.000152684,0,1
1786740840,-0.00010116,0,2.12955e-05,-0.00010116,0.000264024,0.515664,3.5221e-05,3.59749e-05,0.0331699,-0.000428904,-0.000319139,-0.000148638,-4.20301e-05,7.61011e-06,4.88487e-05,0.000137626,0.000288725,0.000402209,4.37182e-05,3.37488e-05,3.46015e-05,3.91842e-05,3.34979e-05,3.56456e-05,3.49219e-05,3.42506e-05,0.000187307,3.86156e-06,0.000220578,0.000178678,0,0.000201684,0.508988,-0.000408602,-0.000145861,0.000144631,0.000410947,1786740600,-0.000176655,0.000152018,0,1,-0.000173645,0.000160824,0,1,-0.000174895,0.000144707,0,1,0.000175267,0,0.000154575,1
1786740900,2.6622e-05,-2.12981e-05,6.92158e-05,-2.12981e-05,0.000261762,0.51175,2.24452e-05,2.16163e-05,0.0303621,-0.000374525,-0.000285574,-0.000131693,-3.94202e-05,5.12717e-06,3.94546e-05,0.000119329,0.000254596,0.000335019,3.48377e-05,2.32814e-05,2.43713e-05,2.50694e-05,2.4492e-05,2.45052e-05,1.8934e-05,2.10499e-05,0.000164683,0,0.000151726,0.000142666,0,0.000113483,0.503622,-0.000324392,-0.000117893,0.000110638,0.000317505,1786740900,-0.000171962,0.000151817,0,1,0.000184361,0,0.000141749,1,0.000188812,0,0.000141286,1,0.000176567,0,0.00013824,1
1786740960,-0.000111817,-3.19465e-05,-3.19465e-05,-0.000117142,0.000259159,0.520037,3.51966e-05,3.57236e-05,0.0283654,-0.000381057,-0.000285564,-0.000127266,-3.60113e-05,8.76407e-06,4.2979e-05,0.000126399,0.000259645,0.00033659,4.53754e-05,3.5031e-05,3.56339e-05,3.59119e-05,3.45496e-05,3.48105e-05,3.51695e-05,3.32645e-05,0.000164988,0,0.000157821,0.000141999,0,0.000101809,0.508053,-0.000328826,-0.000115651,0.000111845,0.000322594,1786740900,0.000138491,2.6412e-06,0.000115711,1,0.000169585,0,0.000144537,1,-0.000178921,0.000161279,0,1,0.000175768,0,0.000142259,1
1786741020,0.000186355,0,0.000223622,0,0.000257041,0.518412,5.42998e-05,5.34887e-05,0.0271646,-0.000364535,-0.000274261,-0.000122877,-3.47351e-05,7.60662e-06,3.75093e-05,0.000119045,0.000245615,0.00032551,5.66926e-05,5.35874e-05,5.37289e-05,5.35514e-05,5.42835e-05,5.34526e-05,5.45822e-05,5.54804e-05,0.000157695,0,0.000149803,0.00012917,0,9.58403e-05,0.505108,-0.000296707,-0.000105494,9.86953e-05,0.000287011,1786740900,0.000139962,0,0.000128797,1,-0.000144466,0.000125345,0,1,-0.000179456,0.000150705,0,1,0.000177774,0,0.000149287,1
1786741080,0.000170351,-5.32395e-06,0.000282129,-5.32395e-06,0.000255819,0.524442,4.92146e-05,4.80038e-05,0.028286,-0.000377062,-0.000284467,-0.000127243,-3.54723e-05,1.11436e-05,4.51386e-05,0.00013021,0.000260474,0.000342418,5.40253e-05,4.90954e-05,4.92778e-05,4.91365e-05,4.87469e-05,4.92043e-05,4.88576e-05,4.95318e-05,0.000167919,0,0.000170497,0.000149704,0,0.000127566,0.50407,-0.000342313,-0.000125017,0.000117633,0.000340319,1786740900,0.000122692,0,0.000106253,1,0.000152831,0,0.000126574,1,0.0001519,0,0.000137393,1,0.000182391,0,0.00014197,1
1786741140,-3.72619e-05,-5.32304e-06,4.79061e-05,-0.000117113,0.000254391,0.520722,2.38452e-05,2.38367e-05,0.0290354,-0.000386629,-0.000288324,-0.000130796,-3.94813e-05,1.00539e-05,4.52423e-05,0.000130633,0.000258092,0.000353053,3.60222e-05,2.30797e-05,2.44679e-05,2.53266e-05,2.41212e-05,2.41893e-05,2.31298e-05,2.2201e-05,0.000169947,0,0.000187215,0.000157374,0,0.000156694,0.500652,-0.000363002,-0.000134467,0.000121324,0.000365813,1786740900,-0.000152187,0.000133205,0,1,0.000134382,0,0.000120349,1,0.000155435,0,0.000134598,1,-0.000149721,0.00012688,0,1
1786741200,0.000335307,5.32321e-06,0.000431088,-2.12931e-05,0.000251889,0.513053,0.000102128,0.000101219,0.0264467,-0.000387609,-0.000299603,-0.000138745,-3.96246e-05,5.79751e-06,4.47502e-05,0.000137387,0.000275224,0.000360162,9.61517e-05,0.000103992,0.000102246,9.56583e-05,0.000101966,0.000103368,9.88052e-05,0.000112776,0.00017963,0.000103984,0.000244919,0.000164505,6.1914e-05,0.000196251,0.503687,-0.000365114,-0.000136338,0.000132086,0.000379854,1786741200,-0.000160819,0.000141119,0,1,-0.000152499,0.000138566,0,1,0.000132874,0,0.000123671,0,0.000155179,0,0.000135674,1
1786741260,-0.000111757,-5.32146e-06,5.32143e-06,-0.000111757,0.000253826,0.512893,3.66275e-05,3.75244e-05,0.0355902,-0.000404456,-0.000310487,-0.000139875,-4.2026e-05,6.07009e-06,5.07888e-05,0.000144845,0.000298319,0.00039333,4.54041e-05,3.47841e-05,3.66186e-05,3.9473e-05,3.62865e-05,3.92745e-05,3.44274e-05,3.699e-05,0.000186002,0,0.000205416,0.000174093,0,0.000174081,0.500193,-0.000386346,-0.000146635,0.000134514,0.000401212,1786741200,0.000216145,0,0.000167533,1,-0.000162057,0.000154251,0,1,0.000162849,0,0.000142463,1,-0.000136001,0.000110577,0,0
1786741320,-0.000649499,4.78972e-05,4.78972e-05,-0.000702756,0.000251772,0.515913,0.00024884,0.000251655,0.0312184,-0.000390514,-0.000294846,-0.000127772,-3.83764e-05,7.0718e-06,4.37363e-05,0.000128584,0.000263987,0.000355485,0.000213973,0.000257071,0.000249254,0.000252964,0.000260005,0.000242657,0.000252292,0.000243666,0.000166803,0,0.000163346,-0.00014272,9.81912e-05,0,0.498396,-0.000329966,-0.000121086,0.000108092,0.00033739,1786741200,-0.000184128,0.000177931,0,0,0.000185001,0,0.000176799,1,-0.000164677,0.000148961,0,1,-0.000159916,0.000141544,0,1
1786741380,0.00047918,0,0.00047918,0,0.000265628,0.518113,0.000149298,0.000150314,0.151397,-0.000492032,-0.000373776,-0.000160819,-5.23309e-05,1.13402e-05,6.25048e-05,0.000181234,0.000355784,0.000449788,0.000142377,0.000167169,0.00014815,0.000147792,0.000164364,0.000136725,0.000144529,0.00015753,0.000226104,1.08077e-05,0.000241873,0.000211426,2.53943e-06,0.000246194,0.51244,-0.000463695,-0.000164044,0.000174037,0.00046467,1786741200,-0.000137223,0.000123207,0,1,-0.000178136,0.000165572,0,1,0.00017391,2.31665e-06,0.00015566,1,-0.000166522,0.000151367,0,1
1786741440,0.000409783,1.06458e-05,0.000409783,-5.85541e-05,0.00027155,0.517801,0.000122371,0.000120747,0.254777,-0.000502133,-0.000383353,-0.000166136,-5.34113e-05,1.13317e-05,6.37992e-05,0.000179864,0.000353499,0.000462789,0.000117132,0.000129002,0.000118282,0.000125155,0.000121206,0.000116056,0.000116907,0.0001337,0.000227608,0,0.000210351,0.000218369,0,0.000199791,0.505882,-0.000472704,-0.000173543,0.000175596,0.000479398,1786741200,0.000221959,0,0.000184343,0,-0.000149044,0.000132094,0,1,0.000181868,0,0.000160022,1,0.000179215,9.09977e-06,0.000165837,1
1786741500,-0.000372523,5.32075e-06,1.59622e-05,-0.000484307,0.000274996,0.50937,0.000105281,0.000107236,0.322473,-0.000509261,-0.000399245,-0.000177562,-6.07456e-05,6.16632e-06,6.31213e-05,0.000187459,0.000379555,0.000497943,0.000106274,0.000111556,0.000105977,0.000105976,0.000109597,0.000105695,0.000106447,0.00010219,0.000239073,0,0.000224789,-0.000225782,0.000196018,0,0.496033,-0.000487651,-0.000187637,0.000170646,0.000499087,1786741500,-0.000217735,0.000189823,0,1,0.000212172,0,0.000182186,1,-0.000144457,0.000126561,0,1,-0.000176128,0.000163609,1.30256e-06,1
1786741560,0.000228852,0,0.000292708,-5.32276e-06,0.000277283,0.507103,6.78409e-05,6.59862e-05,0.357042,-0.00050815,-0.000387714,-0.000177507,-6.30814e-05,4.81164e-06,6.19395e-05,0.000179226,0.000376176,0.000486591,6.68057e-05,6.5719e-05,6.63806e-05,6.58716e-05,6.51994e-05,6.63951e-05,6.56123e-05,7.55164e-05,0.000232193,4.91283e-06,0.00023113,-0.000221132,0.000205688,1.32976e-05,0.497665,-0.000483874,-0.000180823,0.00017257,0.000497969,1786741500,-0.000233388,0.00020015,5.24651e-06,1,-0.000221423,0.000183074,0,1,-0.000231268,0.000187507,0,1,-0.000150548,0.000122682,0,1
1786741620,-0.000164981,3.725e-05,6.38563e-05,-0.000164981,0.000276398,0.513864,4.93196e-05,5.04896e-05,0.302731,-0.000494229,-0.00037855,-0.000168837,-5.56336e-05,8.7763e-06,6.47575e-05,0.000181771,0.000361161,0.000473799,5.4121e-05,4.76552e-05,5.2297e-05,4.8783e-05,5.17522e-05,5.47766e-05,5.00882e-05,4.60086e-05,0.00023028,0,0.000198586,-0.000212552,0.000172131,0,0.497496,-0.000463034,-0.000172386,0.000167729,0.00048384,1786741500,-0.000233209,0.000213161,0,1,-0.000238366,0.000207424,0,1,0.00022577,0,0.000177188,1,0.000238015,0,0.000192404,1
1786741680,-0.000979802,0,0,-0.000990458,0.000274613,0.515695,0.000398626,0.000401399,0.237088,-0.00047434,-0.000358582,-0.000158242,-5.24099e-05,9.55237e-06,6.00578e-05,0.000170291,0.000333327,0.000445045,0.00037815,0.000409308,0.000387339,0.000409563,0.000400741,0.000380482,0.00040487,0.000400446,0.000215819,0,0.000178991,-0.000193245,0.000139535,0,0.496835,-0.000432282,-0.000160753,0.000150813,0.000442626,1786741500,-0.000220448,0.000193752,0,0,-0.000212013,0.000195772,0,0,0.000216536,0,0.000204545,0,-0.000196659,0.00017391,6.04447e-08,0
1786741740,2.66378e-05,0,8.52383e-05,-4.79497e-05,0.00030513,0.529328,3.85078e-05,3.79212e-05,0.847491,-0.00066443,-0.000486616,-0.000208352,-6.24548e-05,2.54117e-05,9.65492e-05,0.000253853,0.000478241,0.000636363,3.52514e-05,3.08655e-05,4.34067e-05,3.37248e-05,5.2653e-05,5.15386e-05,4.14934e-05,3.48541e-05,0.000308647,3.30311e-05,0.00027993,0.000282307,1.49705e-05,0.000343738,0.511703,-0.000610508,-0.000215079,0.000233188,0.000601353,1786741500,-0.000190959,0.00017235,0,0,-0.000212202,0.000177913,0,0,-0.000241946,0.000195237,0,0,-0.000218473,0.000186812,0,0
1786741800,-1.0655e-05,5.32747e-06,2.6637e-05,-0.000111883,0.000302087,0.534622,3.37333e-05,3.39179e-05,0.750141,-0.000571439,-0.000419288,-0.000175534,-4.88221e-05,2.52147e-05,8.24325e-05,0.000213896,0.000409974,0.000519379,3.49516e-05,2.95281e-05,4.04239e-05,2.57057e-05,4.72895e-05,4.10345e-05,3.35707e-05,2.94787e-05,0.000260592,0,0.00014058,0.000222955,0,0.000157528,0.515402,-0.000507252,-0.000170415,0.000191586,0.000496992,1786741800,-0.000285029,0.000233424,0,1,0.000209863,0,0.000172844,0,0.000250611,0,0.000188937,0,0.000249074,0,0.000201153,0
1786741860,0.000186446,0,0.000191773,-5.32768e-05,0.000299054,0.53554,5.19316e-05,5.11773e-05,0.616057,-0.000536113,-0.000398148,-0.000159155,-4.24153e-05,2.27259e-05,7.55144e-05,0.000202134,0.000390244,0.000493295,5.71342e-05,5.42934e-05,5.95577e-05,5.37434e-05,6.91515e-05,5.70949e-05,4.49906e-05,5.11042e-05,0.000243424,0,0.000136442,0.000221149,0,0.000167654,0.517842,-0.000507812,-0.000171742,0.000188072,0.00049659,1786741800,0.000225751,0,0.000190284,1,0.000274585,0,0.000225333,1,-0.000201362,0.000174389,0,0,-0.000218155,0.000192257,0,0
1786741920,9.05471e-05,0,0.000197063,-8.52283e-05,0.000297221,0.524268,3.70234e-05,3.597e-05,0.420284,-0.000527586,-0.0004021,-0.000169766,-4.65306e-05,1.45298e-05,7.17711e-05,0.000193615,0.000378188,0.000487419,4.1151e-05,3.62475e-05,4.24787e-05,3.38026e-05,4.9761e-05,3.9515e-05,3.33009e-05,3.53666e-05,0.000241033,0,0.00016449,0.000229434,0,0.000185464,0.507519,-0.000514653,-0.00018615,0.000186433,0.000511232,1786741800,0.000226088,0,0.000202137,1,-0.000235993,0.000177141,0,1,-0.000321567,0.000222567,0,1,-0.000192266,0.000160942,0,1
1786741980,-0.000639332,0,0,-0.000713947,0.000294512,0.521907,0.000220883,0.000223694,0.277094,-0.000513752,-0.000397319,-0.00017311,-5.10625e-05,1.39935e-05,6.92644e-05,0.00018463,0.000372134,0.000486045,0.00020689,0.000229537,0.00020604,0.000228401,0.000190803,0.000225565,0.000226522,0.000220936,0.000234931,0,0.000188188,0.000233223,0,0.000214174,0.504321,-0.000522256,-0.000191046,0.000186393,0.000525985,1786741800,0.000238565,0,0.00020829,1,0.000246071,0,0.00019858,1,0.000265511,0,0.000198911,1,0.000304684,0,0.000228095,1
1786742040,0.000351683,-4.79664e-05,0.000357011,-0.000303826,0.00030525,0.525072,9.85427e-05,9.68027e-05,0.0884312,-0.000595239,-0.000452137,-0.000196674,-5.4741e-05,1.79081e-05,8.21767e-05,0.000221566,0.000428136,0.000551945,0.000100763,0.000100199,0.000100989,9.99907e-05,0.000113513,9.99723e-05,9.49204e-05,9.61331e-05,0.000276612,0,0.000249309,0.000249325,4.13364e-06,0.000283385,0.507756,-0.000553479,-0.000199508,0.000206047,0.000549502,1786741800,0.000248983,0,0.000217446,1,-0.000227549,0.000184735,0,1,0.000223262,0,0.000201323,1,0.000229003,0,0.00019855,1
1786742100,1.59827e-05,-5.32761e-06,0.000197102,-1.06552e-05,0.000306247,0.520822,3.65155e-05,3.55627e-05,0.071833,-0.000607046,-0.000469909,-0.000205776,-5.92013e-05,1.52463e-05,8.78341e-05,0.000233495,0.000451371,0.000571678,3.46571e-05,3.036e-05,3.87818e-05,4.26981e-05,4.55178e-05,3.88629e-05,4.01621e-05,3.13732e-05,0.000290735,1.73566e-05,0.000297104,0.000282059,3.76212e-05,0.000325132,0.50559,-0.000590818,-0.000221925,0.000228318,0.000602842,1786742100,0.000252222,0,0.000220466,1,-0.000236095,0.000198402,0,1,0.000255376,0,0.00019857,1,0.00022946,0,0.000197538,1
1786742160,7.99094e-05,-5.32752e-06,7.99094e-05,-5.32752e-06,0.000303178,0.52158,3.65868e-05,3.51989e-05,0.0687785,-0.000537838,-0.000415642,-0.00017979,-5.5456e-05,1.49268e-05,7.04634e-05,0.000192331,0.000382049,0.000495884,3.93234e-05,3.50466e-05,4.05222e-05,3.49132e-05,4.85538e-05,3.9651e-05,3.57288e-05,3.3033e-05,0.000244476,0,0.000204303,-0.00022544,0.000177114,0,0.499681,-0.000513288,-0.000190757,0.00017541,0.000513192,1786742100,0.000287191,0,0.000263936,1,0.000245823,0,0.000208293,1,-0.000256381,0.000206126,0,1,0.000246958,0,0.000202512,1
1786742220,0.000138495,-5.3271e-06,0.000149147,-5.3271e-06,0.000300343,0.529651,4.41056e-05,4.24237e-05,0.0701844,-0.000492579,-0.000386281,-0.000163792,-3.86859e-05,1.5799e-05,6.88912e-05,0.000181232,0.000355009,0.000456341,4.90151e-05,4.44609e-05,4.89388e-05,4.14986e-05,5.61045e-05,4.73807e-05,3.96808e-05,4.23156e-05,0.000227995,0,0.00013716,0.000191099,0,0.000106678,0.505102,-0.000427653,-0.000155416,0.000152322,0.000431685,1786742100,-0.000238074,0.000210974,0,1,0.000280445,0,0.000245877,1,-0.000275114,0.000211709,0,1,0.000253411,0,0.000211839,1
1786742280,-0.000308976,-5.32636e-06,2.13052e-05,-0.000378242,0.000297969,0.528551,8.90989e-05,9.17608e-05,0.0772663,-0.000490407,-0.000384403,-0.000163823,-4.25082e-05,1.65102e-05,6.9098e-05,0.000180087,0.000351373,0.000455321,8.8631e-05,8.78902e-05,8.84081e-05,8.80683e-05,8.33097e-05,8.87335e-05,9.28351e-05,8.74383e-05,0.000227036,0,0.000149143,0.000206152,0,0.000134971,0.505045,-0.000464898,-0.00016962,0.000165047,0.000469524,1786742100,0.000196895,0,0.000170453,1,0.000250377,0,0.000214575,1,0.000269214,0,0.000225935,1,0.000262252,0,0.00021172,1
1786742340,-0.000389019,-5.32801e-06,-5.32801e-06,-0.000389019,0.000298193,0.524622,0.00011093,0.000113124,0.0669896,-0.000517239,-0.000393595,-0.000175889,-4.94522e-05,1.57638e-05,6.98548e-05,0.000181804,0.000366611,0.000479943,0.000110726,0.000113048,0.00011063,0.000111519,0.000102708,0.000110689,0.000114058,0.000110984,0.000233734,0,0.000202109,0.000215631,0,0.000202146,0.503218,-0.000482393,-0.000176974,0.000175216,0.000489729,1786742100,-0.000212657,0.000169221,0,0,0.000196638,0,0.000171428,1,-0.000244306,0.000207659,0,1,-0.000245734,0.000220549,0,1
1786742400,-4.79717e-05,-5.33008e-06,0,-0.000191901,0.000300279,0.530117,3.22562e-05,3.26756e-05,0.0549784,-0.000512993,-0.000383148,-0.000171532,-4.62994e-05,1.94354e-05,7.09024e-05,0.000183753,0.000359787,0.000461175,3.69743e-05,3.12202e-05,3.62668e-05,2.66288e-05,3.8713e-05,3.89893e-05,3.34022e-05,2.9174e-05,0.000233354,0,0.000169111,0.000214937,0,0.000199231,0.506669,-0.000481349,-0.000173343,0.000178715,0.000476726,1786742400,0.000215913,0,0.000191563,1,0.000213963,0,0.000176878,0,0.000228297,0,0.000166836,1,0.00023826,0,0.00021227,1
1786742460,0.000373053,0,0.000394366,-9.06195e-05,0.000297339,0.537943,0.000104853,0.000103574,0.0591249,-0.00049835,-0.000368185,-0.00015791,-3.95556e-05,2.3458e-05,7.28957e-05,0.000184805,0.000354792,0.00045658,0.000107095,0.000109198,0.000106345,0.000114632,0.00011562,0.000106145,9.92466e-05,0.000107076,0.000228102,0,0.000135842,0.000206359,0,0.000151846,0.518119,-0.000468597,-0.000156861,0.00018036,0.000471269,1786742400,0.000209561,0,0.000181545,1,0.000218322,0,0.000188202,1,0.000235215,0,0.000176116,1,0.000219615,0,0.000167784,1
1786742520,0.000303669,2.13131e-05,0.000330302,1.59849e-05,0.000299041,0.525026,8.60546e-05,8.39646e-05,0.052416,-0.000515655,-0.000408482,-0.000181665,-4.95276e-05,1.61327e-05,7.37877e-05,0.000194109,0.000381489,0.000488461,8.76992e-05,8.66062e-05,8.70099e-05,8.64031e-05,9.28963e-05,8.64615e-05,8.22602e-05,8.78855e-05,0.000246734,0,0.00020729,0.000239575,0,0.000220019,0.504918,-0.000524827,-0.000195357,0.000193332,0.000527663,1786742400,0.000202287,0,0.000180641,0,0.000212607,0,0.000189858,1,0.000231926,0,0.000194394,1,0.000224846,0,0.000178534,1
1786742580,7.45712e-05,3.72863e-05,7.45712e-05,-0.00010654,0.000299134,0.519054,3.53103e-05,3.36617e-05,0.0546789,-0.000513008,-0.000406529,-0.000179036,-5.27838e-05,1.21428e-05,6.59749e-05,0.000180822,0.000357469,0.000472532,3.8459e-05,3.35877e-05,3.67522e-05,3.16428e-05,4.21583e-05,4.04745e-05,3.53354e-05,3.35792e-05,0.00023429,0,0.000199437,-0.000229512,0.000197525,0,0.49745,-0.000507497,-0.000193031,0.00017893,0.000515217,1786742400,-0.000239455,0.000192216,0,1,0.000213024,0,0.000180922,0,0.000240815,0,0.000188896,1,0.000217297,0,0.000187296,1
1786742640,0.000101195,0,0.000170428,-5.32633e-06,0.000296315,0.527354,3.78278e-05,3.58919e-05,0.0619844,-0.000479922,-0.000371516,-0.000166096,-4.501e-05,1.65017e-05,6.88747e-05,0.000174052,0.000343217,0.000445995,4.28812e-05,3.75949e-05,4.00752e-05,3.50875e-05,4.5033e-05,4.24175e-05,3.57894e-05,3.5952e-05,0.000222765,0,0.000155245,0.000210335,0,0.000145741,0.504984,-0.000468986,-0.00016823,0.000172043,0.000492971,1786742400,-0.000224201,0.000167208,0,1,0.000238035,0,0.000211567,1,0.000218691,0,0.000175133,0,0.000209843,0,0.000182819,1
1786742700,-6.39114e-05,0,5.32576e-06,-0.000133153,0.000293686,0.528597,3.17925e-05,3.36526e-05,0.0724017,-0.000470316,-0.000363507,-0.000164249,-4.3877e-05,1.71023e-05,6.83516e-05,0.000166872,0.000329834,0.000436201,3.7884e-05,3.20964e-05,3.3795e-05,2.93673e-05,3.77602e-05,3.48577e-05,3.00564e-05,3.04116e-05,0.000215806,0,0.000146691,-0.000198594,0.000159397,0,0.499793,-0.000444459,-0.000165581,0.000155148,0.000458322,1786742700,0.000207426,0,0.000183949,1,0.000216665,0,0.000189771,1,0.000244619,0,0.000201156,1,0.000199158,0,0.000168122,1
1786742760,0.000143795,0,0.000165096,-5.32613e-06,0.000290875,0.532023,4.35813e-05,4.15711e-05,0.0738709,-0.000458962,-0.00034617,-0.000154101,-3.95958e-05,1.81049e-05,6.52845e-05,0.000165831,0.000320086,0.00042551,4.97938e-05,4.4086e-05,4.54421e-05,4.147e-05,4.97126e-05,4.53278e-05,4.08501e-05,4.33521e-05,0.000210341,0,0.000135055,0.000189225,0,0.000125814,0.507472,-0.000426573,-0.000150798,0.000154884,0.000442451,1786742700,0.000196733,0,0.00017319,1,-0.000198786,0.000176802,0,1,0.000238079,0,0.000188451,1,0.000219638,0,0.000207163,1
1786742820,6.92272e-05,0,0.000159748,-5.32537e-06,0.000288669,0.536546,2.98741e-05,2.7584e-05,0.0780405,-0.000427801,-0.000326812,-0.000142586,-3.74872e-05,2.09257e-05,6.72947e-05,0.000160401,0.000305443,0.000397957,3.74871e-05,3.13966e-05,3.23954e-05,2.70817e-05,3.62093e-05,3.16109e-05,2.75125e-05,2.79505e-05,0.000200746,0,0.000117687,0.000182822,0,0.000115998,0.505495,-0.000410988,-0.000149521,0.000145237,0.000420316,1786742700,0.000178832,0,0.000152962,1,0.000198123,0,0.000168107,1,-0.00021631,0.000174141,0,1,0.000222162,0,0.000178555,1
1786742880,0.000154413,0,0.000340741,-0.000170414,0.000285935,0.535916,4.47546e-05,4.17173e-05,0.0880064,-0.000426132,-0.000327371,-0.000142711,-3.65845e-05,1.98632e-05,6.64074e-05,0.000151265,0.000289946,0.000385973,5.13478e-05,4.53041e-05,4.58699e-05,4.43136e-05,4.83694e-05,4.52361e-05,4.64195e-05,4.25545e-05,0.000193143,0,0.000137908,-0.000168402,0.000125907,0,0.49861,-0.000385047,-0.000142229,0.000126365,0.000393608,1786742700,-0.0001796,0.00014492,0,1,0.00018948,0,0.000152303,1,0.000222801,0,0.000168733,1,0.00021435,0,0.00016075,1
1786742940,-6.92165e-05,0,0,-0.000335478,0.000283902,0.531881,3.22913e-05,3.44269e-05,0.102034,-0.000456826,-0.000349057,-0.000158129,-4.3547e-05,1.98494e-05,7.25298e-05,0.000164309,0.000332821,0.000431412,3.85543e-05,3.18854e-05,3.2003e-05,3.55656e-05,3.5261e-05,2.91621e-05,3.05876e-05,3.3306e-05,0.000210994,0,0.00019044,-0.000195807,0.000179994,0,0.498226,-0.00043685,-0.000165186,0.000152358,0.000455352,1786742700,-0.000166119,0.000138003,0,1,0.000184877,0,0.000148528,1,0.000195002,0,0.000152588,1,0.000202832,0,0.000163547,1
1786743000,8.51889e-05,0,8.51889e-05,-3.72724e-05,0.000281219,0.535616,3.33513e-05,3.08047e-05,0.112575,-0.000438835,-0.000338416,-0.000150746,-3.97704e-05,2.13777e-05,7.27539e-05,0.000166456,0.000321311,0.000413544,3.99858e-05,3.32888e-05,3.33165e-05,3.9903e-05,3.47059e-05,3.06419e-05,3.35896e-05,3.05013e-05,0.000209591,1.51163e-05,0.000205114,0.0001953,6.38165e-06,0.000182459,0.506526,-0.000429859,-0.000159703,0.000158172,0.000448123,1786743000,0.000203342,0,0.000185258,1,0.000171207,0,0.000143958,1,0.000205087,0,0.00015071,1,0.00018222,0,0.000141761,1
1786743060,-7.98643e-05,-0.000117137,3.72678e-05,-0.000170385,0.000278654,0.544494,3.21415e-05,3.41323e-05,0.135467,-0.000397231,-0.000301294,-0.000130657,-2.88955e-05,2.22694e-05,6.66951e-05,0.000146718,0.000289597,0.000372484,4.00609e-05,3.30985e-05,3.26037e-05,3.19591e-05,3.60582e-05,2.91538e-05,3.14987e-05,3.12875e-05,0.000184068,0,0.000116001,0.000157682,0,8.69132e-05,0.50724,-0.000351131,-0.000124966,0.000123355,0.000362499,1786743000,0.000201149,0,0.00017888,1,0.000192843,0,0.000184103,1,-0.000188775,0.00015018,0,1,0.000184613,0,0.000153377,1
1786743120,-0.000154422,-4.79217e-05,-4.79217e-05,-0.000213003,0.000276084,0.533201,4.45256e-05,4.75962e-05,0.129024,-0.000415087,-0.000309975,-0.000137429,-3.98002e-05,1.92327e-05,6.33319e-05,0.000142638,0.00028469,0.000368641,5.24445e-05,4.52344e-05,4.49212e-05,4.66252e-05,4.76638e-05,4.44565e-05,4.47553e-05,4.29117e-05,0.000183297,0,0.000158097,0.000166839,0,0.000123205,0.50372,-0.000381494,-0.000137508,0.000129596,0.000391451,1786743000,0.000155185,0,0.000138883,1,0.000195175,0,0.000162034,1,0.000208653,0,0.000184085,1,0.000172764,0,0.000150197,1
1786743180,0.000165071,4.79268e-05,0.00017572,1.59758e-05,0.00027418,0.531587,4.7919e-05,4.52046e-05,0.118745,-0.00039993,-0.000301724,-0.000132934,-3.78068e-05,1.69491e-05,6.0378e-05,0.00014046,0.000277093,0.000359503,5.33808e-05,4.76669e-05,4.76732e-05,4.7523e-05,4.65886e-05,4.75202e-05,4.62388e-05,5.0453e-05,0.00017945,0,0.000149037,0.000159516,0,0.000108858,0.507119,-0.000360597,-0.000126821,0.000127331,0.000367188,1786743000,0.000167656,0,0.000153181,1,0.000158513,0,0.000133556,1,-0.000176525,0.000160555,0,1,-0.000193127,0.000185663,2.13503e-06,1
1786743240,-0.000239629,-2.66226e-05,-2.66226e-05,-0.000239629,0.000272427,0.540753,6.91838e-05,7.21108e-05,0.107558,-0.000387627,-0.000285312,-0.000126596,-3.27682e-05,2.17901e-05,6.37249e-05,0.000142409,0.00027217,0.000348332,6.93449e-05,6.85811e-05,6.85495e-05,6.871e-05,7.07108e-05,6.83415e-05,7.12906e-05,6.79752e-05,0.000178318,0,0.000121321,0.000160293,0,9.86472e-05,0.5096,-0.000362303,-0.000128895,0.000126787,0.000366094,1786743000,0.000148737,0,0.000130609,1,0.000169903,0,0.000146772,1,0.000174624,0,0.000136299,1,-0.000190807,0.000169357,0,1
1786743300,4.79303e-05,0,8.52079e-05,-1.59773e-05,0.00027181,0.531761,2.45738e-05,2.29473e-05,0.0742303,-0.000386123,-0.000282102,-0.00012941,-3.83658e-05,1.73505e-05,5.36773e-05,0.000128108,0.00025547,0.000339512,3.62898e-05,2.70518e-05,2.68725e-05,2.26042e-05,2.92e-05,2.61274e-05,2.13665e-05,2.43414e-05,0.000167528,0,0.000123585,0.000166927,0,0.000129115,0.505476,-0.000380007,-0.000138478,0.000129416,0.000373763,1786743300,0.000158045,0,0.000141732,1,0.000153014,0,0.00013403,1,-0.000185288,0.000151219,0,1,0.000164504,0,0.000143295,1
1786743360,-0.000479407,-2.13021e-05,1.59763e-05,-0.000479407,0.000269163,0.539453,0.000170122,0.000173884,0.0666024,-0.000365374,-0.000269507,-0.000121647,-3.0691e-05,1.92967e-05,5.80891e-05,0.000130271,0.000250786,0.000328109,0.00014089,0.000161529,0.000163045,0.000175677,0.000162658,0.000169211,0.000179917,0.000176468,0.000165675,0,9.99318e-05,0.000155374,0,9.21647e-05,0.513037,-0.000355328,-0.000123719,0.000122839,0.000355054,1786743300,0.000158599,0,0.00013259,1,0.00016092,0,0.000136629,0,0.000168835,0,0.000136939,1,0.00017373,0,0.000155998,1
1786743420,0.000426151,7.99171e-05,0.000490058,0,0.000274948,0.532654,0.000132993,0.000133286,0.0539305,-0.000467119,-0.000343516,-0.000153666,-4.48602e-05,2.12179e-05,6.77579e-05,0.000161459,0.000310268,0.000400602,0.000122081,0.00013422,0.000130806,0.00013872,0.000132095,0.000120725,0.000133695,0.000150394,0.000206549,0,0.00018998,0.000208322,0,0.000206699,0.513253,-0.000465668,-0.00016614,0.000169717,0.000453204,1786743300,0.000156691,0,0.00012715,1,0.000163312,0,0.000138107,1,0.000175512,0,0.000138468,1,0.00015421,0,0.00013271,1
1786743480,-6.92371e-05,4.26051e-05,4.79306e-05,-0.000431479,0.000278777,0.529772,3.33642e-05,3.51112e-05,0.0497854,-0.000477858,-0.000363018,-0.000165486,-5.09094e-05,2.11092e-05,7.69749e-05,0.000179084,0.000334265,0.00043165,3.81664e-05,3.15088e-05,3.37919e-05,3.31695e-05,3.31986e-05,4.09707e-05,3.34232e-05,3.09028e-05,0.000226785,0,0.000208862,0.000222546,0,0.000195844,0.508712,-0.000479426,-0.000178505,0.000178466,0.000483194,1786743300,0.000199999,0,0.000173772,1,0.000156243,0,0.000137952,1,0.000171781,0,0.000145788,1,0.000161134,0,0.000148019,1
1786743540,0.000127819,-5.32613e-06,0.000127819,-3.19572e-05,0.000276149,0.527749,4.22362e-05,4.01559e-05,0.0450353,-0.000494584,-0.000369562,-0.000165235,-5.07478e-05,1.90659e-05,7.58775e-05,0.000178523,0.000348035,0.000440134,4.7296e-05,4.00555e-05,4.20077e-05,4.4147e-05,4.28655e-05,4.74247e-05,4.16486e-05,4.07265e-05,0.000226304,0,0.000219159,0.000222202,0,0.000216048,0.514381,-0.000487924,-0.000174921,0.000180531,0.000491866,1786743300,0.000218974,0,0.000200184,1,0.000200045,0,0.000164726,1,0.000179484,0,0.000136878,1,-0.000162851,0.000131149,0,1
1786743600,0.000122478,-5.32545e-06,0.000292856,-5.32545e-06,0.00027397,0.531412,3.90928e-05,3.67488e-05,0.0422992,-0.000428284,-0.000326359,-0.000146901,-4.02108e-05,1.7914e-05,6.72821e-05,0.000158082,0.000306875,0.000385633,4.64058e-05,3.89326e-05,4.05399e-05,3.80599e-05,4.11918e-05,4.50736e-05,3.60137e-05,3.78757e-05,0.000200623,0,0.000155283,0.000183187,0,0.000118136,0.512522,-0.000403978,-0.00014739,0.000147023,0.000406767,1786743600,-0.00022029,0.000189634,0,1,-0.000209954,0.00018015,0,1,-0.000214321,0.000163256,0,1,0.00016655,0,0.000144201,1
1786743660,4.79219e-05,5.85709e-05,0.000138435,-0.000202362,0.000271769,0.525486,2.93908e-05,2.81769e-05,0.0411057,-0.000469827,-0.000348672,-0.000159603,-5.04088e-05,1.68693e-05,6.82043e-05,0.000159995,0.000316505,0.00041424,3.63019e-05,2.72248e-05,2.89437e-05,3.09673e-05,3.0367e-05,3.28427e-05,3.05924e-05,2.68336e-05,0.00019184,1.05748e-06,0.000218087,0.000204678,0,0.00018494,0.505124,-0.000455406,-0.000169424,0.000158897,0.000457858,1786743600,0.000186168,0,0.000161564,1,0.000215108,0,0.000191204,1,0.000229007,0,0.000183738,1,0.000202134,0,0.000173169,1
1786743720,-0.000527267,0,5.32452e-06,-0.000527267,0.000269123,0.537103,0.000181,0.000184845,0.0411236,-0.000437732,-0.000322838,-0.000147745,-3.95441e-05,2.26923e-05,7.00341e-05,0.000160794,0.000318289,0.000409013,0.000159317,0.000184862,0.000180568,0.000164832,0.000182211,0.000175387,0.00018396,0.000188918,0.000187607,1.43704e-05,0.000199695,0.000192574,0,0.000167713,0.511322,-0.000423435,-0.000154114,0.000156017,0.000439301,1786743600,-0.000201263,0.000174624,0,1,0.000176255,0,0.000167872,1,0.00020333,0,0.000196156,1,-0.000193572,0.000178011,8.20262e-06,1
1786743780,-0.00011188,1.59819e-05,0.000436746,-0.000223773,0.000276657,0.531826,4.10386e-05,4.27416e-05,0.0471378,-0.000508999,-0.000376714,-0.00016166,-5.03812e-05,2.30035e-05,7.67304e-05,0.000178988,0.000339441,0.000453214,4.52138e-05,3.84883e-05,4.12064e-05,4.04822e-05,3.91265e-05,4.62844e-05,4.3186e-05,3.76283e-05,0.000208085,2.15408e-05,0.000241309,0.000210346,0,0.000217911,0.509768,-0.000465827,-0.000168197,0.000170215,0.000457399,1786743600,0.00019647,6.19811e-07,0.000180218,0,0.000197612,0,0.000179206,1,0.000187498,0,0.000155743,1,0.000208309,0,0.000187324,1
1786743840,-0.000261103,0.000117208,0.000218421,-0.000261103,0.000274333,0.533835,7.67701e-05,7.92452e-05,0.043852,-0.000511728,-0.000376572,-0.000165073,-4.99976e-05,2.50061e-05,8.0508e-05,0.000189053,0.000361196,0.000458407,7.51836e-05,7.46162e-05,7.49212e-05,7.61141e-05,7.1714e-05,7.48716e-05,7.69147e-05,8.15689e-05,0.000217104,1.903e-05,0.000253383,0.00022303,0,0.000252784,0.512707,-0.0004876,-0.000175471,0.000181552,0.000484082,1786743600,0.000194836,0,0.000179346,1,0.000191345,0,0.000187097,0,-0.000200737,0.000173133,0,0,0.000192284,0,0.000166925,0
1786743900,-4.79651e-05,2.13171e-05,0.000207822,-9.06026e-05,0.000274075,0.533899,3.37948e-05,3.43887e-05,0.0455707,-0.000534703,-0.000396884,-0.000172131,-5.45378e-05,2.74069e-05,8.40586e-05,0.000189624,0.000364736,0.000460756,3.69635e-05,2.7972e-05,3.11092e-05,4.04796e-05,3.07081e-05,3.77095e-05,3.77211e-05,3.12042e-05,0.00022084,4.42434e-05,0.000286735,0.000227702,0,0.000299558,0.513036,-0.000494161,-0.000183062,0.00018152,0.000470712,1786743900,0.000220174,0,0.000203864,1,0.000192174,0,0.000168313,1,0.000180462,9.15339e-06,0.000180402,0,0.000195963,0,0.00017164,0
1786743960,2.66476e-05,6.92822e-05,0.000186518,-0.000170561,0.000271405,0.533892,2.81615e-05,2.70246e-05,0.0435043,-0.000482359,-0.000349821,-0.000155354,-4.64114e-05,2.32375e-05,7.27579e-05,0.000168988,0.000328233,0.0004168,3.51872e-05,2.60836e-05,2.85507e-05,3.19311e-05,3.02819e-05,3.3586e-05,2.7038e-05,2.53965e-05,0.00019737,9.62051e-06,0.000212826,0.000196756,0,0.000195049,0.513132,-0.000441747,-0.000159701,0.000158215,0.000425509,1786743900,0.000217006,0,0.000198973,1,0.00021455,0,0.000212349,1,-0.000203441,0.00016579,0,1,0.000188031,0,0.00018436,0
1786744020,2.66468e-05,1.59882e-05,0.000250452,-0.0002132,0.000268703,0.539641,2.77677e-05,2.64272e-05,0.0427915,-0.000477678,-0.000345128,-0.000147991,-4.06114e-05,2.59662e-05,7.38758e-05,0.000170851,0.000328564,0.000414915,3.51786e-05,2.57034e-05,2.75608e-05,3.33431e-05,2.98518e-05,3.00615e-05,2.7369e-05,2.5259e-05,0.000195976,1.9702e-05,0.000216767,0.000201446,0,0.000204631,0.51677,-0.000449919,-0.000160313,0.000164595,0.000438511,1786743900,0.000201439,0,0.000179835,1,0.000224271,0,0.00017923,1,0.000228006,0,0.000206796,1,0.000201653,0,0.000167974,1
1786744080,9.59228e-05,0,0.000325034,-5.32944e-05,0.00026603,0.537815,3.46663e-05,3.25943e-05,0.0436274,-0.000459551,-0.00033087,-0.000148222,-4.06105e-05,2.40479e-05,6.98575e-05,0.000163015,0.000324852,0.000415992,4.19674e-05,3.3721e-05,3.47863e-05,4.16618e-05,3.77757e-05,3.52085e-05,3.46622e-05,3.07638e-05,0.000189622,2.69913e-05,0.000230134,0.000184879,0,0.000204165,0.513377,-0.000419002,-0.000151778,0.000148985,0.000412218,1786743900,0.000205825,0,0.000190411,1,0.000195483,0,0.000204391,1,-0.000203199,0.00016331,0,1,0.000206273,0,0.00020675,1
1786744140,0.000175834,0.000138539,0.000319676,0.000101242,0.000263705,0.531236,5.08101e-05,4.87063e-05,0.0453684,-0.000432383,-0.000322868,-0.000148266,-4.34016e-05,1.92363e-05,6.30362e-05,0.00014913,0.000302518,0.000389469,5.5286e-05,5.05653e-05,5.06059e-05,5.26524e-05,5.20195e-05,5.1085e-05,5.03312e-05,5.11314e-05,0.000178614,1.89441e-05,0.000222095,0.000176571,0,0.000188225,0.50759,-0.000400184,-0.000149315,0.000137499,0.000391621,1786743900,0.000192506,1.27975e-06,0.000179809,1,0.000197584,0,0.000203559,1,0.000214033,0,0.00019664,1,-0.000200474,0.000165014,0,1
1786744200,-0.000218466,9.58967e-05,9.58967e-05,-0.000325052,0.000262236,0.532127,6.23851e-05,6.51241e-05,0.0454398,-0.000436986,-0.000324221,-0.000145668,-4.1903e-05,1.9338e-05,6.05979e-05,0.000150406,0.000296561,0.000378162,6.33545e-05,6.27018e-05,6.29567e-05,6.36651e-05,6.02823e-05,6.29304e-05,6.10845e-05,6.25419e-05,0.000178585,1.36964e-05,0.00022021,0.000158726,0,0.000150627,0.503709,-0.000364876,-0.000135855,0.000119788,0.000359659,1786744200,0.000183307,3.77179e-07,0.000172838,1,0.000183255,0,0.000189463,1,0.000203614,0,0.00019572,1,0.000196095,0,0.000202213,1
1786744260,2.13158e-05,1.0658e-05,7.9932e-05,-4.2633e-05,0.000261433,0.530758,2.62651e-05,2.47633e-05,0.0441595,-0.000449568,-0.000329884,-0.000149301,-4.37688e-05,1.89783e-05,6.21167e-05,0.000150224,0.000297632,0.000384706,3.48818e-05,2.44337e-05,2.56511e-05,3.16373e-05,2.8606e-05,2.57106e-05,2.69295e-05,2.38221e-05,0.000179906,2.44792e-05,0.000224425,0.000175492,0,0.000189783,0.509868,-0.000397047,-0.000144345,0.000140756,0.000388615,1786744200,0.000155922,0,0.000148445,1,0.000176187,0,0.00018298,1,0.00019432,0,0.000188969,1,0.0001972,0,0.0001994,1
1786744320,-0.000271811,1.59866e-05,0.000394261,-0.000517037,0.000258823,0.541234,7.81897e-05,8.06083e-05,0.0468695,-0.000404616,-0.000295002,-0.000132408,-3.4157e-05,2.32403e-05,5.92713e-05,0.000143687,0.000273368,0.000348589,7.79641e-05,7.74853e-05,7.77215e-05,7.81713e-05,7.44158e-05,7.75095e-05,8.05095e-05,7.72025e-05,0.000167799,8.77447e-06,0.00016833,0.00015305,0,0.000116795,0.514129,-0.000350914,-0.000121877,0.000123118,0.000345423,1786744200,0.000167029,0,0.000156792,1,0.000157254,0,0.000156435,1,0.000192768,0,0.000182646,1,0.000187801,0,0.000200028,1
1786744380,2.66514e-05,0,0.000314441,0,0.000259089,0.533216,2.87505e-05,2.71787e-05,0.0446812,-0.000489487,-0.000354392,-0.000160112,-4.51491e-05,2.19405e-05,6.82774e-05,0.000166856,0.000338587,0.000427367,3.5176e-05,2.44734e-05,2.58937e-05,4.30347e-05,2.87807e-05,2.70192e-05,3.13323e-05,2.58482e-05,0.000197503,4.41133e-05,0.000276487,0.000209161,7.68411e-06,0.00028559,0.512356,-0.000460956,-0.000166156,0.000168496,0.000451274,1786744200,0.000151717,4.04342e-07,0.000133419,1,0.000166876,0,0.00015518,1,0.000160971,0,0.000159299,1,-0.000181133,0.00017811,1.36341e-05,1
1786744440,-0.000314532,0,0,-0.000314532,0.000256513,0.536275,9.01061e-05,9.26199e-05,0.0465574,-0.000426397,-0.000306328,-0.000143532,-3.93435e-05,2.18122e-05,5.74787e-05,0.000145923,0.000296207,0.000366993,8.98096e-05,9.19327e-05,9.06325e-05,9.093e-05,8.54503e-05,9.27021e-05,8.80874e-05,9.78703e-05,0.000174098,1.49717e-05,0.000213996,0.000177985,0,0.000194221,0.508012,-0.000404569,-0.000148079,0.000140424,0.00039366,1786744200,0.000209358,0,0.000206796,1,0.000155616,0,0.000150186,0,0.000168266,0,0.00016148,1,-0.000158256,0.000158126,3.58889e-06,0
1786744500,0.000239906,0,0.000239906,-5.86524e-05,0.000257801,0.540924,6.77321e-05,6.61853e-05,0.042406,-0.000467634,-0.000338437,-0.000144194,-3.60639e-05,2.42686e-05,5.88969e-05,0.000152559,0.000309787,0.000382333,7.02156e-05,6.82886e-05,6.84364e-05,6.85667e-05,7.16534e-05,6.95413e-05,6.62136e-05,6.65305e-05,0.000179805,1.90164e-05,0.000214301,0.000178038,0,0.000190593,0.512593,-0.000406816,-0.000144223,0.000144622,0.000382967,1786744500,0.000185672,4.19877e-06,0.000169162,1,0.000207217,0,0.000190091,1,0.000161806,0,0.000148317,1,0.000172323,0,0.000162,1
1786744560,0.000282482,4.79743e-05,0.000330443,4.79743e-05,0.000257455,0.540285,7.9065e-05,7.7114e-05,0.0390274,-0.000442152,-0.000324946,-0.0001436,-3.61113e-05,2.36672e-05,6.11316e-05,0.000158182,0.000308442,0.000383588,8.19991e-05,8.01446e-05,8.02605e-05,8.04157e-05,8.25422e-05,8.13845e-05,7.67067e-05,7.81121e-05,0.000183719,3.57217e-06,0.000194749,0.000182385,0,0.000165352,0.512367,-0.000404951,-0.000146376,0.000148736,0.00039284,1786744500,0.000166824,0,0.000155931,0,0.000183602,0,0.00018927,1,0.000204974,0,0.000205335,1,0.000161934,0,0.000153343,1
1786744620,1.59872e-05,5.32908e-06,0.000149204,-3.19751e-05,0.00025798,0.53487,2.59902e-05,2.49743e-05,0.0391299,-0.000448907,-0.000335503,-0.000153499,-4.17145e-05,2.17815e-05,5.7878e-05,0.000151626,0.000303878,0.000387392,3.45838e-05,2.38946e-05,2.65126e-05,3.14458e-05,2.80745e-05,3.27625e-05,2.51365e-05,2.17685e-05,0.000183248,0,0.000201849,0.000185107,0,0.000178785,0.505554,-0.000413367,-0.000156011,0.000143116,0.000399763,1786744500,0.000178192,0,0.000175536,1,0.000173193,0,0.000154447,1,0.000194315,0,0.0001873,1,0.000206522,0,0.000203249,1
1786744680,0.000543412,-4.2633e-05,0.000596671,-4.2633e-05,0.000255397,0.535315,0.000202745,0.000203423,0.0375039,-0.000406266,-0.000296355,-0.000138813,-3.50013e-05,1.85513e-05,4.81288e-05,0.00012968,0.000269621,0.00035276,0.000167571,0.000199871,0.000193238,0.000193681,0.000195049,0.000178964,0.000218237,0.000215217,0.000161908,0,0.000158994,0.000172142,0,0.000167101,0.501887,-0.000392409,-0.000146216,0.000131892,0.000390344,1786744500,0.000187559,0,0.000187158,0,0.000176383,0,0.000173815,0,0.00017413,0,0.000163244,0,-0.000184935,0.000180424,9.79728e-06,0
1786744740,-3.72835e-05,5.3261e-06,0.000170421,-7.9895e-05,0.000264252,0.526664,3.03305e-05,3.07914e-05,0.0583481,-0.000492268,-0.000368043,-0.000169871,-5.07171e-05,1.80556e-05,6.51564e-05,0.000173444,0.000333058,0.000451037,3.62512e-05,2.64194e-05,3.12335e-05,3.1592e-05,2.99894e-05,3.9454e-05,2.81806e-05,2.95982e-05,0.000206618,0,0.000233995,-0.000224418,0.00021665,2.89667e-05,0.494644,-0.000479152,-0.00018677,0.000169543,0.000485144,1786744500,0.000178046,0,0.000161783,0,0.000188328,0,0.000177811,1,0.000183664,0,0.000162565,0,0.00017458,0,0.000157388,0
1786744800,0.000101195,-1.06527e-05,0.000101195,-0.000436853,0.000261649,0.524722,3.89642e-05,3.65948e-05,0.0490395,-0.00049234,-0.000372712,-0.000174874,-4.83687e-05,1.55409e-05,6.47287e-05,0.000173172,0.00033818,0.000442065,4.27396e-05,3.44751e-05,3.74745e-05,4.62964e-05,3.71641e-05,4.30601e-05,4.3219e-05,3.41849e-05,0.000208963,7.81399e-05,0.00027695,-0.000230961,0.000327273,0.000100387,0.494451,-0.000491707,-0.00019069,0.000174183,0.000502705,1786744800,-0.000215312,0.000196114,0,1,0.000172797,0,0.000175263,1,0.000178373,0,0.00017626,1,0.000175866,0,0.000174308,0
1786744860,0.000255605,0,0.000314172,0,0.000259414,0.534969,7.24086e-05,6.97222e-05,0.0468396,-0.000462505,-0.00033742,-0.00015397,-4.02961e-05,2.111e-05,6.80976e-05,0.000168776,0.00033209,0.000435942,7.44058e-05,7.26838e-05,7.29006e-05,7.30884e-05,7.20342e-05,7.37135e-05,7.29754e-05,7.0049e-05,0.000196236,0,0.000198582,0.000211362,1.4067e-05,0.000206966,0.506118,-0.000453751,-0.000166246,0.00016913,0.000474451,1786744800,-0.000274207,0.000236081,0,1,-0.000204688,0.000191921,1.55062e-06,1,0.000178347,0,0.000175427,0,0.000184169,0,0.000185854,0
1786744920,0.000303446,5.3244e-06,0.000457795,5.3244e-06,0.000259339,0.532962,8.71225e-05,8.40278e-05,0.0519696,-0.000461667,-0.000340693,-0.000153604,-4.19713e-05,2.01267e-05,6.05981e-05,0.000161956,0.000321714,0.000420223,8.76799e-05,8.76892e-05,8.6195e-05,8.6053e-05,8.43277e-05,8.69022e-05,9.10941e-05,8.60666e-05,0.000206727,0,0.000185975,-0.000195622,0.000165844,0,0.49881,-0.000431613,-0.00016318,0.000149309,0.000437715,1786744800,0.000213366,0,0.000197577,1,0.000247472,0,0.000216069,1,0.000211512,0,0.000185435,1,0.000188323,0,0.000169736,0
1786744980,1.59683e-05,-5.85525e-05,0.00039913,-0.000218259,0.000260294,0.518289,3.00335e-05,2.81218e-05,0.0612567,-0.00049681,-0.000370814,-0.000177161,-5.41033e-05,1.18763e-05,5.88781e-05,0.000170143,0.00033655,0.000469087,3.43727e-05,2.4416e-05,2.83263e-05,3.37145e-05,2.77013e-05,3.5673e-05,3.04559e-05,3.13109e-05,0.000226431,0,0.00023372,-0.000213062,0.000192577,3.69168e-06,0.494866,-0.000468052,-0.000178145,0.000160449,0.000484676,1786744800,-0.00019238,0.00017179,0,1,-0.00020108,0.000195426,6.03486e-07,1,-0.000236514,0.000211066,0,1,-0.000197132,0.000185761,0,1
1786745040,-7.45208e-05,5.3227e-06,6.91929e-05,-0.000287468,0.000257688,0.526617,3.29095e-05,3.52774e-05,0.0566317,-0.000485717,-0.000358178,-0.000163372,-4.78716e-05,1.69894e-05,6.13602e-05,0.000170281,0.000343931,0.000469784,3.93699e-05,3.05899e-05,3.31461e-05,4.31934e-05,3.35109e-05,3.64178e-05,2.99653e-05,3.39645e-05,0.000218145,0,0.000240171,-0.000202373,0.000197775,2.92888e-05,0.493083,-0.000451044,-0.000170166,0.000152715,0.000470983,1786744800,-0.000204643,0.000178432,0,1,-0.000197507,0.00017827,0,1,0.000215638,0,0.000186444,1,0.000222809,1.31185e-05,0.000184155,1
1786745100,0.000223546,0,0.000223546,0,0.000255315,0.53284,6.49075e-05,6.16735e-05,0.0501355,-0.000450892,-0.000329844,-0.000145864,-4.27209e-05,2.03901e-05,5.93825e-05,0.000160483,0.000324632,0.000416737,6.5338e-05,6.37072e-05,6.38996e-05,6.41552e-05,6.14729e-05,6.49943e-05,6.79015e-05,6.39972e-05,0.000201888,0,0.00020048,0.000183128,0,0.000161648,0.500736,-0.000407085,-0.000147853,0.000144953,0.0004273,1786745100,-0.000207119,0.000192555,0,1,-0.000205954,0.000194383,0,1,0.000205786,0,0.000171346,1,0.000208067,0,0.00019363,1
1786745160,-0.000186285,0,0.00013836,-0.000186285,0.000254719,0.534589,5.33137e-05,5.70439e-05,0.0535284,-0.000446601,-0.00032987,-0.000143764,-3.83108e-05,1.97197e-05,5.49011e-05,0.000157417,0.000309931,0.000420164,5.79391e-05,5.37231e-05,5.41647e-05,5.47281e-05,5.51443e-05,5.46576e-05,5.09009e-05,5.34295e-05,0.000198337,0,0.000165269,0.000174953,0,0.000122883,0.500278,-0.000392296,-0.000144096,0.000135644,0.000404068,1786745100,-0.000185931,0.000177707,0,1,-0.000196414,0.000199525,0,1,-0.000220092,0.00018216,0,1,-0.00019013,0.000169558,0,1
1786745220,-0.00102252,0,0,-0.00104916,0.000253531,0.525174,0.000424765,0.000429078,0.0428379,-0.000443514,-0.000324791,-0.000152321,-4.30328e-05,1.41366e-05,5.38097e-05,0.000144339,0.000295368,0.000396944,0.000398285,0.000437379,0.000428073,0.000405184,0.000433569,0.000418256,0.000423679,0.000425958,0.000193661,0,0.000199069,-0.000176091,0.000139906,0,0.494519,-0.000398948,-0.000149518,0.000132392,0.000406125,1786745100,-0.000171741,0.000140253,0,0,-0.000182428,0.000175358,0,0,-0.000217893,0.000184791,0,0,-0.000198227,0.000183338,0,0
1786745280,0.00017582,0,0.000245075,-0.000170522,0.000289661,0.538399,5.5417e-05,5.25172e-05,0.425175,-0.000634357,-0.000460061,-0.000199679,-5.60436e-05,3.4213e-05,9.48083e-05,0.000238105,0.000443258,0.000580049,5.52403e-05,5.07741e-05,5.79981e-05,5.70569e-05,6.63128e-05,6.78446e-05,5.29748e-05,5.3379e-05,0.000291804,2.62611e-05,0.000295654,0.000271053,1.10086e-06,0.000299957,0.508716,-0.000581098,-0.000206016,0.000218313,0.000571129,1786745100,-0.000182796,0.000173897,0,0,-0.000178717,0.000158248,0,0,-0.000196492,0.00017304,0,0,-0.000207336,0.000200715,0,0
1786745340,0.000218401,-3.19651e-05,0.000218401,-4.26203e-05,0.000287826,0.541247,6.19122e-05,5.83367e-05,0.305733,-0.000576058,-0.000418717,-0.000182587,-4.78632e-05,3.27933e-05,8.22658e-05,0.000208027,0.000397364,0.000512047,6.4124e-05,6.25321e-05,6.39038e-05,6.25912e-05,6.8556e-05,6.83002e-05,5.59728e-05,6.47424e-05,0.000258942,0,0.000194662,0.00024935,0,0.000204283,0.51456,-0.000543963,-0.000188673,0.000207847,0.000542561,1786745100,-0.000279343,0.000231423,0,1,-0.000185216,0.000170228,0,1,-0.000194005,0.000155418,0,0,-0.000188979,0.000176178,0,1
1786745400,-0.000191764,4.26092e-05,5.32612e-05,-0.000191764,0.000286602,0.53344,5.5077e-05,5.90257e-05,0.225969,-0.000554046,-0.000405828,-0.000180093,-4.75142e-05,2.32959e-05,6.90511e-05,0.000188422,0.000366587,0.000481663,5.87099e-05,5.5791e-05,6.02343e-05,5.63447e-05,5.61064e-05,6.06907e-05,5.83226e-05,4.86867e-05,0.000241203,0,0.000180013,0.000238607,0,0.000182379,0.507981,-0.000535206,-0.000191534,0.000188574,0.000522344,1786745400,0.000251905,0,0.00022259,1,0.000261277,0,0.000229015,1,-0.000193915,0.000166184,0,0,-0.000175911,0.000149674,0,0
1786745460,-0.000623486,5.32727e-06,9.05597e-05,-0.000714111,0.000285015,0.532578,0.000214243,0.000218401,0.182632,-0.000502259,-0.000374396,-0.000172447,-4.66922e-05,2.2011e-05,6.14006e-05,0.000162199,0.000328297,0.000448632,0.000198566,0.00022317,0.000198228,0.000221319,0.000204193,0.000199043,0.00022254,0.000218103,0.000218441,0,0.000165845,-0.000216285,0.000163872,0,0.498859,-0.000485893,-0.000181696,0.000166338,0.000478255,1786745400,-0.000231821,0.000168967,0,0,-0.000252619,0.000205419,0,1,-0.000301599,0.000220091,0,1,-0.000187369,0.000162711,0,0
1786745520,0.000191883,4.79743e-05,0.000442342,4.79743e-05,0.000295607,0.540622,5.6592e-05,5.37049e-05,0.373967,-0.000586659,-0.000432674,-0.000194465,-5.31074e-05,3.55234e-05,9.29108e-05,0.000228531,0.000422568,0.000543567,5.79073e-05,5.53031e-05,6.00092e-05,5.9942e-05,6.72169e-05,6.21688e-05,5.22421e-05,5.61958e-05,0.000281024,1.89123e-06,0.000247573,0.000272652,0,0.00029904,0.509847,-0.000587809,-0.000212013,0.000219139,0.000574402,1786745400,0.000223662,0,0.000179779,1,0.00024793,0,0.000182051,1,0.000275507,0,0.000215286,1,0.000297868,0,0.000246727,1
1786745580,-0.000303832,-3.1978e-05,3.1977e-05,-0.000490442,0.000293892,0.535091,8.66215e-05,9.00633e-05,0.282276,-0.000544385,-0.000408758,-0.000188272,-5.32042e-05,2.81273e-05,7.66636e-05,0.000195879,0.000375779,0.000494863,8.67246e-05,8.69009e-05,8.78485e-05,8.8052e-05,7.9156e-05,8.68546e-05,8.97545e-05,8.22685e-05,0.000231851,0,0.000199661,0.000239292,0,0.000219062,0.505341,-0.000530792,-0.000194637,0.000191023,0.000522765,1786745400,0.000291981,0,0.00024421,1,-0.000210411,0.000168362,0,1,-0.00024011,0.000179019,0,1,-0.000235071,0.000202325,0,1
1786745640,-2.1325e-05,0,5.86415e-05,-0.000117293,0.000294094,0.540528,3.51818e-05,3.60052e-05,0.2698,-0.000586263,-0.000431683,-0.00019183,-5.0895e-05,3.38818e-05,8.74115e-05,0.000212405,0.000402422,0.000546767,3.53993e-05,2.99316e-05,3.73986e-05,3.72044e-05,3.61517e-05,3.81498e-05,3.74837e-05,3.32091e-05,0.000246428,1.97895e-05,0.000238287,0.00025181,0,0.000265256,0.511884,-0.000562896,-0.000198805,0.00020609,0.000551714,1786745400,0.000246095,0,0.000217523,1,0.00026517,0,0.000258529,1,0.000229646,0,0.000198842,1,-0.000228846,0.000177429,0,1
1786745700,-0.000479933,-5.33146e-05,-5.33146e-05,-0.000735992,0.000291154,0.540115,0.000146072,0.000149161,0.198239,-0.000537254,-0.000401248,-0.000176868,-4.4442e-05,2.89906e-05,8.17666e-05,0.000193335,0.00036545,0.000483574,0.000140581,0.000148925,0.000140907,0.000139187,0.000132145,0.000142066,0.000150158,0.000150183,0.00022544,2.37045e-05,0.000207725,0.000230086,0,0.000213463,0.51136,-0.000509549,-0.000184542,0.000188735,0.000504909,1786745700,-0.000243322,0.000198513,0,1,-0.00025007,0.000211801,0,1,0.000298968,0,0.000254941,1,-0.000227983,0.00017462,0,0
1786745760,0.000101338,0,0.000176002,-0.000165364,0.000296111,0.546387,4.07301e-05,3.81737e-05,0.248492,-0.000605162,-0.000440965,-0.000195014,-4.60585e-05,3.88266e-05,9.82407e-05,0.000229898,0.000427001,0.000564144,4.27559e-05,3.81804e-05,4.32476e-05,4.57795e-05,5.0747e-05,4.4838e-05,3.93073e-05,3.90453e-05,0.000261283,3.81983e-05,0.000259864,0.000263529,0,0.00027884,0.510982,-0.000574822,-0.00020326,0.000216126,0.000564783,1786745700,0.000238568,0,0.00019753,1,0.000250486,0,0.000202182,1,0.000269885,0,0.000224908,1,0.000294145,0,0.000265616,1
1786745820,-0.00018135,-6.4002e-05,-6.4002e-05,-0.000186684,0.000293485,0.541771,5.54017e-05,5.81053e-05,0.16108,-0.000530636,-0.00039934,-0.000177003,-4.49841e-05,3.14279e-05,8.49085e-05,0.00020323,0.000378303,0.000490707,5.67024e-05,5.2818e-05,5.68768e-05,5.70559e-05,4.96781e-05,5.66673e-05,6.1561e-05,5.57126e-05,0.000232944,4.46013e-06,0.000191068,0.00022857,0,0.000190967,0.510638,-0.000503663,-0.000179692,0.000189697,0.000502986,1786745700,0.000257489,0,0.00024359,1,0.000228838,0,0.000206169,1,-0.000250659,0.000194328,0,1,-0.000231447,0.000209278,1.042e-05,1
1786745880,0.000501299,0.000117348,0.00050663,0.000117348,0.000291665,0.544387,0.000158043,0.000159126,0.101519,-0.000525132,-0.000387036,-0.000169263,-3.96853e-05,3.07429e-05,7.70317e-05,0.000187583,0.00034761,0.000454458,0.000151786,0.000162286,0.000152354,0.000169383,0.000168829,0.000150398,0.000166629,0.000157972,0.000217697,0,0.000162711,0.000191851,0,0.000140516,0.503217,-0.00043422,-0.000157545,0.00015087,0.000415186,1786745700,0.000229087,0,0.000215151,1,0.000250701,0,0.000221908,1,0.000225459,0,0.000200342,1,0.000240038,0,0.000198712,1
1786745940,0.000149274,5.33161e-06,0.000239894,0,0.00029731,0.529778,4.83682e-05,4.55999e-05,0.0468481,-0.000531983,-0.000405947,-0.000188884,-5.13921e-05,2.12889e-05,7.68732e-05,0.000192869,0.000358467,0.000484405,5.05931e-05,4.62643e-05,5.06432e-05,4.57874e-05,5.42312e-05,5.28017e-05,4.72101e-05,4.72695e-05,0.000229778,0,0.0002181,0.000238684,0,0.000201902,0.501231,-0.000517898,-0.000197725,0.000187967,0.000517399,1786745700,0.000175162,0,0.000161408,0,0.000226384,0,0.000221842,1,-0.000267462,0.000199451,0,1,0.000234484,0,0.00020465,1
1786746000,-4.79786e-05,-5.33085e-06,-5.33085e-06,-0.000218588,0.000295078,0.532854,3.18696e-05,3.27549e-05,0.0462267,-0.000507397,-0.000386656,-0.000181246,-4.88955e-05,2.33471e-05,7.18633e-05,0.000175091,0.000345394,0.000463372,3.66859e-05,3.14586e-05,3.64522e-05,3.17319e-05,3.46994e-05,3.83211e-05,3.03205e-05,2.62151e-05,0.000214265,0,0.000192328,0.000224756,0,0.000186182,0.502096,-0.000501082,-0.000189975,0.000173408,0.000499068,1786746000,0.000232569,0,0.000225808,1,0.000189086,0,0.000167127,1,0.000245408,0,0.000207032,1,0.000254995,0,0.000213216,1
1786746060,7.99631e-05,0,0.000197231,0,0.000292191,0.548143,3.29788e-05,3.00179e-05,0.0455796,-0.000466017,-0.000351882,-0.000158119,-3.21067e-05,2.87219e-05,7.59895e-05,0.000175403,0.000333211,0.000442767,3.89497e-05,3.41572e-05,3.70632e-05,3.24199e-05,3.97037e-05,3.8137e-05,2.92321e-05,2.8795e-05,0.00020345,0,0.000148619,0.000209002,0,0.000156495,0.510108,-0.000460364,-0.000165498,0.000172921,0.000478699,1786746000,0.000228878,0,0.000214646,1,0.000224493,0,0.000217062,1,0.000194896,0,0.000169021,1,0.000219612,0,0.000210809,1
1786746120,6.39659e-05,0,0.000197215,0,0.000289475,0.544527,3.04407e-05,2.79354e-05,0.048195,-0.000461254,-0.000344174,-0.000156583,-3.59469e-05,2.79241e-05,7.0481e-05,0.000166582,0.000311348,0.000428401,3.68915e-05,3.11765e-05,3.41564e-05,2.84654e-05,3.58514e-05,3.3317e-05,2.93474e-05,2.64537e-05,0.000195834,0,0.000159354,0.000208891,0,0.000162476,0.50263,-0.000466644,-0.00017317,0.000164645,0.000472176,1786746000,0.000207744,0,0.000186734,1,0.000226023,0,0.000201765,1,0.000248694,0,0.000195656,1,0.000179428,0,0.000153655,1
1786746180,-0.000197241,-5.33033e-06,-5.33033e-06,-0.000303874,0.000286709,0.546009,5.71815e-05,6.04914e-05,0.0534192,-0.000438818,-0.000332494,-0.000151131,-3.36883e-05,2.77303e-05,6.5042e-05,0.000155279,0.000299914,0.000419939,5.96643e-05,5.71647e-05,5.75624e-05,5.73691e-05,5.36135e-05,5.75646e-05,5.51789e-05,5.90959e-05,0.000184681,0,0.000145132,0.00020484,0,0.000157285,0.501937,-0.000457967,-0.000171903,0.000158523,0.000459874,1786746000,0.000202718,0,0.000188029,1,0.000201252,0,0.000194858,1,0.000233991,0,0.000202669,1,0.000215815,0,0.000202539,1
1786746240,-0.000165286,0,5.33136e-06,-0.000719994,0.000285195,0.54832,4.91525e-05,5.19949e-05,0.0510627,-0.000451053,-0.000335497,-0.000152404,-3.1886e-05,2.87466e-05,6.7577e-05,0.00015729,0.000304095,0.000418692,5.43325e-05,4.87289e-05,5.0124e-05,4.85719e-05,4.76818e-05,4.86904e-05,5.13965e-05,4.91912e-05,0.00018682,0,0.000161769,0.000188318,0,0.00015249,0.50357,-0.000421578,-0.00015379,0.000149854,0.000423157,1786746000,0.000204929,0,0.000182755,1,0.000206428,0,0.000183983,1,0.000213518,0,0.000181336,1,0.000226872,0,0.000193432,1
1786746300,-0.000181313,0,0,-0.000314652,0.000283294,0.546173,5.55319e-05,5.79084e-05,0.0527087,-0.000490435,-0.000367271,-0.000166228,-3.73052e-05,3.1029e-05,8.08521e-05,0.000187672,0.000349037,0.000480435,5.6871e-05,5.26071e-05,5.28625e-05,5.99524e-05,4.98703e-05,5.30271e-05,5.93391e-05,5.87917e-05,0.000216277,2.16276e-05,0.000217505,0.000216635,1.03557e-05,0.000210284,0.511334,-0.000476432,-0.000169264,0.000181042,0.000483444,1786746300,0.000176379,0,0.000162486,1,0.000212066,0,0.000185363,1,0.00023073,0,0.00018201,1,0.000208566,0,0.000171982,1
1786746360,-8.00015e-05,0,0,-8.00015e-05,0.000281617,0.547204,3.56011e-05,3.75192e-05,0.0552409,-0.000466418,-0.000347594,-0.000158966,-3.60249e-05,3.12018e-05,7.44268e-05,0.000169641,0.000324411,0.000424819,3.99858e-05,3.40618e-05,3.48716e-05,3.79809e-05,3.31576e-05,3.25809e-05,3.80552e-05,3.47711e-05,0.000199272,5.07884e-06,0.000174271,0.000193193,0,0.000156624,0.510431,-0.000431106,-0.000153645,0.00015857,0.000424267,1786746300,0.000210953,0,0.000205197,1,0.000178314,0,0.000160625,1,0.000222607,0,0.000188002,1,0.000203193,0,0.000167885,1
1786746420,0.000207991,5.33363e-06,0.000207991,-9.60102e-05,0.000279016,0.543008,5.94121e-05,5.75396e-05,0.0639668,-0.000431748,-0.000323257,-0.000145971,-3.32301e-05,2.42338e-05,6.0195e-05,0.000141065,0.000289169,0.000385959,6.12007e-05,5.98082e-05,5.98649e-05,5.95325e-05,6.32854e-05,5.99815e-05,5.62993e-05,6.07714e-05,0.000172621,0,0.000116189,0.000156407,0,9.44319e-05,0.504093,-0.000348043,-0.000126644,0.000117078,0.000328836,1786746300,0.000182919,0,0.00016911,1,0.000202483,0,0.000193614,1,0.000192009,0,0.000164741,1,0.000203461,0,0.000184524,1
1786746480,-3.73285e-05,2.13299e-05,2.13299e-05,-5.86596e-05,0.000277773,0.540505,2.80604e-05,2.87185e-05,0.0602598,-0.000437724,-0.000334958,-0.000157629,-3.65164e-05,2.41047e-05,6.57713e-05,0.000160609,0.000307138,0.000407347,3.60169e-05,2.83334e-05,2.88561e-05,3.30229e-05,3.0375e-05,2.61322e-05,2.91128e-05,2.45452e-05,0.000191485,0,0.000163897,0.000195712,0,0.000147204,0.509537,-0.000431689,-0.000159073,0.000156538,0.000423345,1786746300,0.000139869,0,0.000116377,1,0.000187178,0,0.000170205,1,0.000218016,0,0.000193353,1,0.000178191,0,0.00016108,1
1786746540,-0.000218666,0,2.13307e-05,-0.000224,0.000275032,0.544925,6.3461e-05,6.52548e-05,0.0692953,-0.000410415,-0.000309454,-0.000142707,-3.18422e-05,2.50761e-05,5.83043e-05,0.000133138,0.000275391,0.00037227,6.34369e-05,6.2867e-05,6.2947e-05,6.3241e-05,5.84894e-05,6.269e-05,6.4698e-05,6.40375e-05,0.000166219,0,0.000124159,0.000156979,0,9.58842e-05,0.503342,-0.000349757,-0.000128744,0.000116856,0.000338139,1786746300,0.000194677,0,0.000182188,1,0.00015111,0,0.000137352,1,0.000195388,0,0.000171704,1,0.000201467,0,0.000194646,1
1786746600,0.000623872,-5.33392e-06,0.000751798,-4.80063e-05,0.000274019,0.536348,0.000237781,0.000239441,0.0699112,-0.000413262,-0.000313302,-0.000148734,-3.83199e-05,2.12562e-05,5.75983e-05,0.000140416,0.000276036,0.000376876,0.000205045,0.000231699,0.000231923,0.000226549,0.000232762,0.000235174,0.000246909,0.000249578,0.000174001,5.42518e-08,0.000172431,0.00019426,0,0.000191177,0.50269,-0.000425136,-0.000164096,0.000150959,0.000410661,1786746600,0.000142798,0,0.000121989,1,0.00018981,0,0.000179322,1,0.000161402,0,0.000134674,1,0.00017911,0,0.000172999,1
1786746660,0.00052226,5.33056e-06,0.000618156,5.33056e-06,0.000285252,0.521854,0.000165112,0.000165423,0.0500459,-0.000521967,-0.000403351,-0.000193327,-5.74564e-05,1.57489e-05,7.1088e-05,0.000185736,0.000362078,0.000508858,0.000159669,0.000175457,0.000164749,0.000159822,0.000173478,0.000153903,0.000165413,0.000170863,0.000228028,5.18586e-07,0.000265618,-0.000259179,0.000244871,6.66622e-06,0.49845,-0.000546027,-0.000211287,0.000197914,0.000546669,1786746600,0.000184021,0,0.000156518,0,0.000149023,0,0.000136923,0,0.000198204,0,0.000173387,0,0.000144213,0,0.000137144,0
1786746720,-0.000287742,0,5.32765e-05,-0.000287742,0.000291884,0.51617,7.968e-05,8.1921e-05,0.0757232,-0.000537857,-0.000415501,-0.000206647,-6.84166e-05,1.29714e-05,6.86318e-05,0.000189125,0.000375337,0.00053546,8.28411e-05,8.23147e-05,8.27676e-05,8.32331e-05,8.1278e-05,8.21664e-05,7.46908e-05,7.68648e-05,0.000258936,0,0.000261608,-0.000263359,0.000241461,0,0.494256,-0.000557666,-0.00022148,0.000193954,0.000560162,1786746600,-0.00023299,0.000198287,0,1,0.000179688,0,0.000156093,0,0.000154642,0,0.000136129,1,0.000186465,0,0.000190403,1
1786746780,5.32918e-05,-4.26355e-05,0.000287742,-4.26355e-05,0.000291802,0.520838,3.18817e-05,3.05978e-05,0.0620213,-0.000488615,-0.000371848,-0.00018082,-5.80824e-05,1.49817e-05,6.57043e-05,0.000169511,0.000342221,0.0004658,3.6455e-05,3.09147e-05,3.57915e-05,3.22086e-05,3.43111e-05,4.03352e-05,3.09114e-05,2.88906e-05,0.000228958,0,0.000199915,-0.000231628,0.000191645,0,0.496715,-0.000503003,-0.000195272,0.000174933,0.000503335,1786746600,-0.000244639,0.000205668,0,1,-0.00022758,0.000203397,0,1,0.000177997,0,0.00016114,0,0.00014898,0,0.000134485,1
1786746840,0.000442213,5.32903e-06,0.000442213,5.32903e-06,0.000288968,0.529194,0.000134859,0.000133357,0.0539522,-0.000490892,-0.000368274,-0.000173244,-5.24037e-05,2.11302e-05,7.18947e-05,0.000175675,0.00034599,0.000473435,0.000128407,0.000136512,0.000131584,0.000131373,0.000134193,0.00012653,0.000141018,0.00013633,0.000209797,0,0.000198417,0.000240429,0,0.000202929,0.502049,-0.000518068,-0.000195101,0.0001869,0.000522962,1786746600,0.000219384,0,0.000181737,1,0.000238531,0,0.000206738,1,0.000243321,0,0.000190783,1,0.000180085,0,0.000169427,0
1786746900,1.59799e-05,0,5.32654e-05,-2.66338e-05,0.00029282,0.530503,3.14425e-05,3.07992e-05,0.069865,-0.00051532,-0.000390155,-0.000189969,-5.54096e-05,2.38063e-05,7.26551e-05,0.000191152,0.000366812,0.000506216,3.42449e-05,2.89314e-05,3.35557e-05,2.99761e-05,3.19031e-05,3.8161e-05,3.0626e-05,2.96086e-05,0.000247926,0,0.000210799,0.000255251,0,0.000203655,0.50387,-0.000539578,-0.000206576,0.000197005,0.000540543,1786746900,0.000228374,0,0.000201694,1,0.000204116,0,0.000193361,1,0.000235265,0,0.000203357,1,-0.000199566,0.000182621,4.8589e-07,1
1786746960,0.000111852,4.26119e-05,0.000117178,1.59797e-05,0.000289885,0.533477,3.90092e-05,3.66032e-05,0.0605012,-0.000466019,-0.000346758,-0.000162478,-4.42172e-05,2.16684e-05,6.58098e-05,0.00016288,0.000324307,0.000450727,4.42803e-05,3.91955e-05,4.19399e-05,3.58522e-05,4.10821e-05,4.47148e-05,3.71556e-05,3.57577e-05,0.000211564,0,0.00014237,0.000196856,0,0.000117274,0.504045,-0.000440908,-0.000161985,0.000150187,0.000444416,1786746900,-0.000230375,0.000192084,0,1,-0.000221451,0.000195841,0,1,0.000226324,0,0.000190926,1,0.000217571,0,0.000203286,1
1786747020,5.32599e-06,5.32599e-06,5.32599e-06,-1.06521e-05,0.000287408,0.539659,2.52762e-05,2.57013e-05,0.0579655,-0.000430751,-0.000319813,-0.000153311,-3.77693e-05,2.40682e-05,6.11632e-05,0.000154071,0.000311755,0.000416549,3.36425e-05,2.74939e-05,3.03804e-05,2.18761e-05,3.03763e-05,3.2538e-05,1.92798e-05,2.13667e-05,0.000199939,0,0.00011071,0.000183122,0,9.87355e-05,0.508044,-0.000403531,-0.000147689,0.000141325,0.000405547,1786746900,0.000183456,0,0.000162586,1,0.000240781,0,0.000194606,1,0.000256142,0,0.000199613,1,0.00022163,0,0.000181864,1
1786747080,2.66295e-05,0,3.19553e-05,-5.32599e-06,0.00028452,0.554452,2.49189e-05,2.34847e-05,0.0547574,-0.000413766,-0.000300649,-0.000134797,-2.54917e-05,2.91145e-05,6.5026e-05,0.000157385,0.000301338,0.000399603,3.48129e-05,2.8265e-05,3.03417e-05,2.08433e-05,3.12136e-05,3.01314e-05,1.77592e-05,2.1905e-05,0.000194097,0,9.06167e-05,0.000151025,0,5.71144e-05,0.516038,-0.000327999,-0.000107793,0.000116177,0.000334007,1786746900,0.000175839,0,0.000152843,1,0.000188718,0,0.00016119,1,0.000236295,0,0.000189121,1,0.000221353,0,0.000191233,1
1786747140,0.000191712,0,0.000191712,0,0.000281686,0.54821,5.39715e-05,5.15365e-05,0.0550123,-0.000400766,-0.000293198,-0.000132585,-2.63803e-05,2.35082e-05,5.66724e-05,0.000146296,0.000280149,0.000379152,5.75744e-05,5.53364e-05,5.55097e-05,5.45191e-05,5.4303e-05,5.58677e-05,5.49223e-05,4.93553e-05,0.000169662,0,7.75845e-05,0.000158172,0,6.85073e-05,0.510136,-0.000348958,-0.000123185,0.000117985,0.000344114,1786746900,0.00013756,0,0.000116857,1,0.000171416,0,0.000158805,1,-0.000195502,0.00015543,0,1,0.00020615,0,0.000194081,1
1786747200,-0.000223667,0,0,-0.000276929,0.000280169,0.546181,6.50942e-05,6.78337e-05,0.0586451,-0.000398622,-0.000296626,-0.000134265,-2.72286e-05,2.24024e-05,5.63928e-05,0.000147414,0.000285071,0.000393158,6.50416e-05,6.4303e-05,6.44489e-05,6.38548e-05,6.39638e-05,6.47508e-05,6.34916e-05,6.846e-05,0.000185498,0,9.5816e-05,0.000168964,0,0.000104033,0.503182,-0.000375722,-0.000140676,0.000124478,0.000369482,1786747200,0.000145238,0,0.000126592,1,0.000151192,0,0.000130683,1,0.000191732,0,0.000152071,1,0.000192188,0,0.000146582,1
1786747260,0.000154442,0,0.000154442,-5.32602e-06,0.000279151,0.533884,4.51384e-05,4.26198e-05,0.0512622,-0.000409341,-0.00030021,-0.000141443,-3.34254e-05,1.65577e-05,5.58232e-05,0.000142123,0.000277573,0.000377233,5.14208e-05,4.51639e-05,4.59554e-05,4.43336e-05,4.72801e-05,4.58577e-05,4.70143e-05,4.35176e-05,0.000184449,0,0.000132058,0.000180766,0,0.000140549,0.501178,-0.000403845,-0.000151012,0.000136019,0.000396389,1786747200,-0.000156809,0.000130014,0,1,0.000155994,0,0.000125777,1,0.000147172,0,0.000128744,1,0.000185473,0,0.000156569,1
1786747320,4.26006e-05,5.32517e-06,9.0524e-05,5.32517e-06,0.000277208,0.541423,2.5044e-05,2.33992e-05,0.0536668,-0.000396419,-0.000290117,-0.000133882,-3.04572e-05,2.07534e-05,5.89496e-05,0.000142933,0.00027207,0.000373264,3.57614e-05,2.81296e-05,2.88511e-05,2.03941e-05,3.12658e-05,2.76052e-05,2.14181e-05,2.29778e-05,0.000167723,0,0.000101866,0.000173686,0,0.000101773,0.505926,-0.000386204,-0.00014102,0.000132494,0.000380025,1786747200,0.000166223,0,0.000150611,1,0.000158686,0,0.00013723,1,0.000168547,0,0.000130442,1,0.000151767,0,0.000120459,1
1786747380,2.66244e-05,5.32494e-06,8.51957e-05,0,0.000274488,0.54108,2.31989e-05,2.13507e-05,0.0619032,-0.000388671,-0.000280869,-0.000135258,-3.05345e-05,2.05239e-05,5.08968e-05,0.000126818,0.000257527,0.000354829,3.48732e-05,2.686e-05,2.70679e-05,1.93441e-05,3.00445e-05,2.434e-05,1.92516e-05,2.06291e-05,0.000157805,0,0.000108914,0.000160638,0,9.63471e-05,0.504687,-0.000367566,-0.000133892,0.000116344,0.000357879,1786747200,-0.000159656,0.000130403,0,1,0.000166206,0,0.000156093,1,0.000174572,0,0.000144524,1,0.000162313,0,0.000128926,1
1786747440,3.19484e-05,0,3.7273e-05,-5.32483e-06,0.000271755,0.542976,2.31933e-05,2.11461e-05,0.0719906,-0.000374401,-0.000271432,-0.000130507,-2.82213e-05,2.04497e-05,5.07457e-05,0.000126998,0.000253641,0.000347496,3.51677e-05,2.67665e-05,2.65227e-05,1.96438e-05,2.99408e-05,2.31489e-05,2.04132e-05,2.11427e-05,0.000154727,0,0.00011203,0.00015809,0,9.80261e-05,0.503632,-0.000361744,-0.000131934,0.00011459,0.000357794,1786747200,0.000152896,0,0.000137673,1,0.000160178,0,0.000141157,1,0.000175351,0,0.000163404,1,-0.00016294,0.00014228,0,1
1786747500,0.000117135,0,0.000122459,-0.00025029,0.000269062,0.551341,3.56472e-05,3.28071e-05,0.0818091,-0.00036959,-0.000273418,-0.00012884,-2.42425e-05,2.44433e-05,5.19278e-05,0.000131453,0.000253569,0.000339819,4.52049e-05,3.78687e-05,3.74292e-05,3.43143e-05,3.93679e-05,3.49829e-05,3.57947e-05,3.3773e-05,0.000156631,0,0.000117044,0.00014997,0,8.38877e-05,0.511567,-0.000337112,-0.000121921,0.000110283,0.000325783,1786747500,0.000152778,0,0.000131667,1,0.000161285,0,0.000137268,1,0.000183911,0,0.000142424,1,-0.000168789,0.000145921,0,1
1786747560,-0.000244935,0,8.51807e-05,-0.000276887,0.000266872,0.540699,6.91795e-05,7.23168e-05,0.0929961,-0.00039845,-0.000287953,-0.000139104,-3.29619e-05,2.18894e-05,5.36261e-05,0.000138379,0.000280769,0.000376688,7.07693e-05,7.00438e-05,7.00781e-05,7.04958e-05,7.10828e-05,6.95971e-05,6.75226e-05,6.84599e-05,0.000166553,0,0.000160767,0.000172397,0,0.000138864,0.510193,-0.000388923,-0.000139872,0.000136147,0.000395084,1786747500,-0.000143754,0.000122428,0,1,-0.00015506,0.000138483,0,1,-0.000170875,0.000139516,0,1,0.000167995,0,0.000154346,1
1786747620,-0.000111838,-2.13015e-05,-2.13015e-05,-0.000170425,0.000266451,0.526307,3.48888e-05,3.72306e-05,0.06547,-0.000411559,-0.00030259,-0.000150821,-4.28834e-05,1.4928e-05,4.88776e-05,0.00013067,0.000265201,0.000366076,4.55174e-05,3.76776e-05,3.73929e-05,3.79561e-05,3.9532e-05,3.5913e-05,3.27982e-05,2.93407e-05,0.00017022,0,0.000189315,0.000173755,0,0.000160048,0.504497,-0.000395443,-0.00014544,0.000133114,0.000390001,1786747500,0.000167317,0,0.000160537,1,0.00014923,0,0.000110024,1,-0.00017414,0.000142232,0,1,-0.000163728,0.000144521,0,1
1786747680,-0.000154464,5.32591e-06,2.13035e-05,-0.000154464,0.000264247,0.537693,4.35742e-05,4.60669e-05,0.0639398,-0.000384065,-0.000275712,-0.000138146,-3.18563e-05,1.86321e-05,4.99484e-05,0.000130482,0.000253835,0.000341851,5.26157e-05,4.4862e-05,4.48959e-05,4.50288e-05,4.61078e-05,4.48114e-05,4.47541e-05,3.91994e-05,0.000161519,0,0.000137478,0.000155576,0,0.000106441,0.511487,-0.000352589,-0.000122737,0.000122459,0.000347694,1786747500,0.000165804,0,0.000154814,1,0.000164946,2.04211e-06,0.000156579,1,-0.000145636,0.000114375,0,1,0.000165539,0,0.000147663,1
1786747740,0.000117181,-5.32676e-06,0.00013316,-5.32676e-06,0.000262502,0.531596,3.6499e-05,3.41132e-05,0.0624043,-0.000376543,-0.000277694,-0.000139025,-3.68008e-05,1.65131e-05,4.71172e-05,0.000120393,0.000247863,0.000336314,4.52106e-05,3.72618e-05,3.69835e-05,3.49228e-05,3.98844e-05,3.60618e-05,3.70202e-05,3.8251e-05,0.000156879,0,0.000143919,0.000158767,0,0.000122959,0.506268,-0.000362802,-0.000130756,0.000121167,0.000346552,1786747500,0.000143862,0,0.000127519,1,0.000164597,0,0.000155475,1,0.000170964,0,0.000158086,1,0.000159438,0,0.000134118,1
1786747800,0.000165096,-1.59785e-05,0.000165096,-3.19572e-05,0.000260391,0.539993,4.82306e-05,4.58871e-05,0.0598976,-0.000373061,-0.000269508,-0.00013532,-3.18172e-05,2.05109e-05,5.01512e-05,0.000125386,0.000253398,0.000342586,5.31964e-05,4.77162e-05,4.76835e-05,4.7294e-05,4.71849e-05,4.75332e-05,4.87474e-05,4.90333e-05,0.000157055,0,0.000134404,0.000159139,0,0.000104593,0.510903,-0.000361005,-0.000128923,0.000123424,0.000348769,1786747800,0.000144176,0,0.000131461,1,-0.000147902,0.000133574,0,1,-0.000180008,0.000155729,0,1,-0.000165233,0.000160736,6.80333e-06,1
1786747860,-5.32525e-06,-5.32525e-06,0,-5.32525e-06,0.000258829,0.544613,2.14994e-05,2.18819e-05,0.0566729,-0.000367399,-0.0002658,-0.000133003,-2.93503e-05,2.28066e-05,4.99921e-05,0.000123542,0.000251017,0.000338922,3.42827e-05,2.38872e-05,2.3472e-05,2.00414e-05,2.68609e-05,2.25542e-05,1.85319e-05,1.93121e-05,0.000154512,0,0.000132377,0.000165422,0,0.000120608,0.509337,-0.000375164,-0.000136849,0.000127368,0.000365757,1786747800,-0.000150905,0.000123576,0,1,0.000153126,0,0.000140651,1,0.000162319,0,0.00013959,1,-0.000169796,0.000155636,0,1
1786747920,-0.000351529,5.32525e-06,3.19511e-05,-0.000351529,0.000256229,0.542475,0.000110961,0.000115006,0.0586287,-0.000328716,-0.000240256,-0.000118655,-2.63251e-05,1.86814e-05,3.98766e-05,9.93724e-05,0.000212588,0.000301614,0.000100379,0.000105741,0.00010656,0.000122837,0.000104854,0.000109003,0.000120315,0.000120509,0.000131992,0,9.78829e-05,0.000112435,0,5.1882e-05,0.504899,-0.000250499,-8.77935e-05,6.69582e-05,0.000241349,1786747800,-0.00016175,0.000134596,0,1,0.000154787,0,0.000138456,1,0.000162373,0,0.000145791,1,0.000150167,0,0.000143878,1
1786747980,0.000335553,-5.32715e-06,0.000718905,-2.13088e-05,0.00025848,0.537278,0.000103441,0.000102131,0.0488114,-0.000390648,-0.000284477,-0.000138102,-3.37156e-05,1.94237e-05,5.08647e-05,0.0001264,0.00026023,0.000359789,9.64807e-05,0.000100427,9.92915e-05,0.000104061,9.62787e-05,9.5932e-05,0.00010921,0.000111916,0.000159569,0,0.000164928,0.000179254,0,0.00017719,0.507326,-0.000405385,-0.000146845,0.000141794,0.000397089,1786747800,0.00010977,0,9.04058e-05,1,0.000160623,0,0.000145825,1,0.000172778,0,0.000142111,1,-0.000147178,0.000124828,4.51448e-07,1
1786748040,-5.32549e-05,-5.32537e-06,0,-6.39063e-05,0.000260245,0.518221,3.06145e-05,3.10492e-05,0.0413236,-0.000472812,-0.000351202,-0.000177069,-5.25177e-05,1.14696e-05,5.95302e-05,0.000165975,0.000338407,0.000463236,3.6956e-05,2.73966e-05,2.87704e-05,3.65547e-05,3.08034e-05,3.48343e-05,3.16272e-05,2.87532e-05,0.0002069,0,0.000274455,0.000217261,0,0.000259214,0.502553,-0.000476049,-0.000176998,0.000168741,0.000479334,1786747800,0.000170019,0,0.000157117,1,-0.000119038,9.59206e-05,0,1,0.000172815,0,0.000149754,1,0.000159221,0,0.000147402,1
1786748100,-0.000287626,-5.32565e-06,2.66278e-05,-0.000287626,0.000257739,0.53445,8.06622e-05,8.29961e-05,0.0399727,-0.000402994,-0.000295094,-0.000145841,-3.56449e-05,1.81915e-05,5.29541e-05,0.000131647,0.000273007,0.00037039,8.26391e-05,8.18049e-05,8.19981e-05,8.29979e-05,8.13142e-05,8.27503e-05,7.75501e-05,8.27802e-05,0.000167548,0,0.000153199,0.00014814,0,9.85571e-05,0.509103,-0.000341712,-0.000122042,0.000111314,0.000331254,1786748100,-0.000201432,0.000182841,3.09354e-06,1,0.000167839,0,0.000158064,1,0.000134238,0,0.000120746,1,0.000166926,0,0.000157741,1
1786748160,0.000255671,5.32715e-06,0.000255671,0,0.000258371,0.526324,7.44107e-05,7.23236e-05,0.0402801,-0.000431372,-0.00031692,-0.000156422,-4.33441e-05,1.51171e-05,5.58036e-05,0.00014251,0.00029528,0.000408511,7.42487e-05,7.28235e-05,7.30284e-05,7.27686e-05,7.26897e-05,7.39695e-05,7.70311e-05,7.55607e-05,0.000180605,0,0.000210055,0.000183926,0,0.000179274,0.50639,-0.000417121,-0.000150244,0.000146038,0.000411995,1786748100,0.000139629,0,0.000124071,1,-0.000201469,0.000194727,0,1,-0.000190289,0.000154924,0,1,0.000133547,0,0.00010937,1
1786748220,0.000143786,0,0.000149111,0,0.000258317,0.531769,4.30906e-05,4.06681e-05,0.0381106,-0.00042863,-0.000316762,-0.000151061,-3.74813e-05,1.69706e-05,5.84356e-05,0.000155607,0.000294934,0.000392394,4.96616e-05,4.17023e-05,4.31546e-05,4.1564e-05,4.43048e-05,4.80363e-05,4.47183e-05,4.00492e-05,0.000184712,0,0.000184989,0.000188215,0,0.000148917,0.510813,-0.000420186,-0.000151143,0.000150798,0.000415349,1786748100,0.000172535,0,0.000155902,1,0.000153536,0,0.000133259,1,-0.000226585,0.000185597,0,1,0.000176606,0,0.000159005,1
1786748280,0.00011182,0,0.000133117,-2.13004e-05,0.000256528,0.533859,3.67978e-05,3.41299e-05,0.037682,-0.000410517,-0.000299726,-0.000145474,-3.57191e-05,1.77599e-05,5.68194e-05,0.000139486,0.000277081,0.000373539,4.43242e-05,3.59395e-05,3.74512e-05,3.48625e-05,3.85598e-05,4.10106e-05,3.68314e-05,3.45362e-05,0.000171381,0,0.000150887,0.000167479,0,0.000117385,0.509863,-0.000378176,-0.000138787,0.000129113,0.000370704,1786748100,-0.000179628,0.000145708,0,1,-0.000167767,0.000154573,0,1,0.000149284,0,0.000138214,1,-0.000183297,0.000182608,0,1
1786748340,-0.00014377,0,2.12976e-05,-0.000191698,0.000254442,0.530683,4.04878e-05,4.31651e-05,0.0382461,-0.000400808,-0.000293746,-0.000139542,-3.47175e-05,1.49174e-05,5.00677e-05,0.000129937,0.00026066,0.000381916,5.08617e-05,4.19269e-05,4.31695e-05,4.17925e-05,4.45559e-05,4.43381e-05,3.62815e-05,4.08765e-05,0.000162321,0,0.00016156,0.00016694,0,0.00012538,0.503666,-0.000381208,-0.000137568,0.000129448,0.000385889,1786748100,-0.000171278,0.000150548,0,1,-0.000182472,0.000157607,0,1,-0.000199153,0.00015074,0,1,0.000147303,0,0.000129721,1
1786748400,0.000138446,0,0.000138446,-0.00010651,0.000252704,0.523938,4.28913e-05,4.02379e-05,0.0379379,-0.000427774,-0.000316849,-0.000156602,-4.31587e-05,1.32643e-05,5.50785e-05,0.00014316,0.000288898,0.000399686,4.87639e-05,4.01669e-05,4.11861e-05,4.48497e-05,4.25579e-05,4.22629e-05,4.68004e-05,4.46278e-05,0.000180862,7.43261e-05,0.000252001,0.000193601,4.26892e-05,0.000229464,0.50031,-0.000420019,-0.00015926,0.000151846,0.000426976,1786748400,-0.000156385,0.000118946,0,1,0.00017891,0,0.000151617,1,0.000203109,0,0.000156753,1,0.000181408,0,0.0001483,1
1786748460,0.000175692,4.25949e-05,0.000186339,-9.58451e-05,0.000250929,0.537846,5.11826e-05,4.85004e-05,0.0389236,-0.000395957,-0.00028763,-0.000136112,-3.26794e-05,1.92873e-05,5.58826e-05,0.000135538,0.000275936,0.000376913,5.47774e-05,5.04771e-05,5.07176e-05,5.02296e-05,4.86392e-05,5.09887e-05,5.3396e-05,5.04828e-05,0.000163042,0,0.000158398,0.000167305,0,0.000125547,0.509418,-0.000372936,-0.000134196,0.000133417,0.00038237,1786748400,0.000234536,0,0.000192775,1,-0.000155425,0.000142689,0,1,0.000178287,0,0.000158209,1,0.000178448,0,0.000160784,1
1786748520,-0.000260887,5.32352e-06,5.85572e-05,-0.000266212,0.000249647,0.531205,7.31354e-05,7.58982e-05,0.0406414,-0.000398728,-0.00029929,-0.000143829,-3.89594e-05,1.72192e-05,5.74118e-05,0.00013583,0.00027991,0.000374483,7.5751e-05,7.42406e-05,7.44059e-05,7.45655e-05,7.55562e-05,7.46079e-05,7.01657e-05,7.25084e-05,0.000168551,0,0.000184091,0.000166993,0,0.000134455,0.504509,-0.000374966,-0.000137481,0.000129352,0.000383735,1786748400,0.000167937,0,0.000163263,1,0.000204269,0,0.00019417,1,-0.000182634,0.000135207,0,1,0.000177432,0,0.000166661,1
1786748580,-7.45518e-05,0,0,-9.05279e-05,0.000249876,0.526539,2.89678e-05,3.12694e-05,0.038829,-0.000400879,-0.000298604,-0.000148327,-4.23788e-05,1.49486e-05,5.56326e-05,0.000128549,0.000274213,0.000375054,3.94375e-05,2.99363e-05,3.1309e-05,2.9571e-05,3.25857e-05,3.2178e-05,2.56964e-05,2.64545e-05,0.000167999,0,0.00019336,-0.000167553,0.000128748,0,0.497527,-0.000376695,-0.00014153,0.000125932,0.000377542,1786748400,-0.000169103,0.000153227,0,1,0.00017102,0,0.000160056,1,0.000204268,0,0.000167823,1,0.000170304,0,0.000127482,1
1786748640,0.000356733,0.000111826,0.000362056,0.000111826,0.00024759,0.535782,0.000112139,0.00011189,0.0400161,-0.000367861,-0.000271042,-0.000130332,-3.16128e-05,1.70624e-05,5.09588e-05,0.000122291,0.00025627,0.000344786,0.000101868,0.00011019,0.000108113,0.000122287,0.00010367,0.000107968,0.000121898,0.000117511,0.000152305,0,0.000135132,0.000140585,0,8.79235e-05,0.502373,-0.000315691,-0.000113247,0.000105915,0.000315784,1786748400,0.000170169,0,0.000156552,1,0.000171484,0,0.000159294,1,0.000180636,0,0.000154619,1,0.000188456,0,0.000168049,1
1786748700,-0.000138419,-5.32344e-06,-5.32344e-06,-0.000138419,0.000250239,0.531038,4.09102e-05,4.32319e-05,0.0392262,-0.000424104,-0.000310977,-0.000147823,-3.86707e-05,1.69539e-05,5.85634e-05,0.000141658,0.000289297,0.000383126,4.99887e-05,4.06902e-05,4.28121e-05,4.03124e-05,4.38919e-05,4.59876e-05,3.7145e-05,4.14496e-05,0.000174243,0,0.000181764,0.000175172,0,0.000129777,0.501297,-0.000387903,-0.000146034,0.000133251,0.000390541,1786748700,0.000135248,0,0.000117278,1,0.000166437,0,0.000163531,1,0.000172284,0,0.000160488,1,0.00016923,0,0.00016287,1
1786748760,-0.000122463,5.32402e-05,5.32402e-05,-0.000143763,0.000248497,0.526718,3.6668e-05,3.87195e-05,0.0379813,-0.000413606,-0.000299596,-0.000142453,-4.02251e-05,1.43036e-05,4.95003e-05,0.00012452,0.000262615,0.000366385,4.73263e-05,3.78264e-05,3.97469e-05,3.56775e-05,4.08318e-05,4.1623e-05,3.21561e-05,3.48537e-05,0.000161789,0,0.00016198,-0.000156331,0.000101342,0,0.494992,-0.000354684,-0.000133129,0.00011459,0.000355845,1786748700,-0.000176791,0.000152832,0,1,-0.000141282,0.000113219,0,1,-0.000182305,0.000154862,0,1,-0.00016738,0.000152656,8.04975e-08,1
1786748820,7.9869e-05,0,8.51934e-05,-1.06497e-05,0.000246608,0.525511,3.1283e-05,2.88197e-05,0.0381981,-0.000404262,-0.000290368,-0.000135611,-3.97285e-05,1.32683e-05,4.86282e-05,0.000127136,0.000265063,0.000361003,3.84709e-05,2.97029e-05,3.14817e-05,2.63526e-05,3.22142e-05,3.28591e-05,3.21992e-05,3.1376e-05,0.000158562,0,0.00015867,-0.000160861,0.000110955,0,0.496438,-0.000359409,-0.000132667,0.000122831,0.000368565,1786748700,-0.000148675,0.000126512,0,1,-0.000183224,0.000152656,0,1,0.000157273,0,0.000134058,1,-0.000176738,0.000150265,0,1
1786748880,-5.857e-05,0,0,-6.38947e-05,0.000244391,0.537214,2.56935e-05,2.76188e-05,0.0380766,-0.000369562,-0.000269074,-0.000126081,-3.13681e-05,1.8013e-05,5.13644e-05,0.000123237,0.000249398,0.000346557,3.72687e-05,2.67631e-05,2.82699e-05,2.19761e-05,2.9729e-05,2.76898e-05,2.30317e-05,2.41134e-05,0.000149834,0,0.00011798,0.000147217,0,8.25017e-05,0.510953,-0.000335611,-0.000117057,0.000115444,0.000341621,1786748700,0.00015573,0,0.000140761,1,-0.000153954,0.000127862,0,1,0.000186049,0,0.000160882,1,-0.000143596,0.000115653,0,1
1786748940,-0.000170405,-5.32471e-06,0,-0.000175731,0.000242076,0.535158,4.84231e-05,5.05534e-05,0.0387397,-0.000356254,-0.000262053,-0.0001214,-3.17367e-05,1.66831e-05,4.675e-05,0.000111346,0.000236497,0.000330289,5.52702e-05,4.90737e-05,4.92295e-05,4.87569e-05,4.97151e-05,4.90991e-05,4.57143e-05,4.91329e-05,0.000140644,0,0.000117904,0.000133557,0,7.95049e-05,0.502057,-0.000303585,-0.000109454,9.83521e-05,0.000308588,1786748700,-0.000151391,0.000120317,0,1,-0.000152326,0.000127424,4.7238e-06,1,-0.000162208,0.000127846,0,1,-0.000170102,0.000144097,6.73249e-06,1
1786749000,1.59767e-05,0,7.45557e-05,-6.92353e-05,0.000240852,0.530122,2.16754e-05,2.02035e-05,0.0400627,-0.000367483,-0.000269609,-0.000128254,-3.63183e-05,1.52402e-05,4.7847e-05,0.000116796,0.000242585,0.000338824,3.42694e-05,2.21388e-05,2.39646e-05,1.66699e-05,2.60077e-05,2.34631e-05,2.03829e-05,1.98012e-05,0.000148099,0,0.000140328,-0.000140391,9.45047e-05,0,0.499801,-0.000320993,-0.000116467,0.000105641,0.000325442,1786749000,0.000130036,0,0.000111048,1,0.000161071,0,0.000130562,1,-0.000178238,0.000135705,0,1,-0.000155815,0.000122743,0,1
1786749060,0.000409981,5.32538e-05,0.000415305,2.66273e-05,0.000238442,0.53315,0.000138736,0.000139155,0.0408116,-0.000357166,-0.000264508,-0.000122666,-3.46402e-05,1.67048e-05,4.69393e-05,0.000123171,0.000251919,0.000342878,0.000116703,0.000138846,0.000134875,0.000151944,0.000128604,0.000136199,0.000142443,0.000140952,0.000147594,0,0.000141138,0.000140908,0,9.71416e-05,0.508068,-0.000326459,-0.000112487,0.000111086,0.000338605,1786749000,0.000139264,0,0.000123892,0,-0.000141726,0.000109694,0,1,0.000170715,0,0.000134135,1,-0.00016077,0.000130492,0,1
1786749120,0.000207589,1.06466e-05,0.000207589,-0.000165037,0.000243062,0.528646,6.04785e-05,5.80911e-05,0.0392021,-0.000423011,-0.000313943,-0.000150289,-4.20904e-05,1.65072e-05,5.8403e-05,0.000147363,0.000296357,0.000421537,6.0264e-05,5.92521e-05,5.96544e-05,5.90318e-05,5.67898e-05,6.06111e-05,6.48002e-05,5.86402e-05,0.00017887,0,0.000197725,0.000178024,0,0.000148925,0.501573,-0.000396295,-0.000148802,0.000136972,0.000411801,1786749000,-0.000146349,0.00012555,0,0,-0.000140278,0.000119276,0,0,0.000146181,0,0.000125108,1,-0.000161671,0.000130229,0,1
1786749180,0.000111761,0,0.000159654,-5.32225e-06,0.000242403,0.523089,3.86406e-05,3.59445e-05,0.0394802,-0.000423997,-0.000313153,-0.000154312,-4.37657e-05,1.28476e-05,5.82237e-05,0.000145762,0.000307784,0.000427988,4.37952e-05,3.47174e-05,3.73089e-05,3.57599e-05,3.6072e-05,4.13754e-05,4.1581e-05,3.92312e-05,0.000181013,0,0.000196038,0.000177574,0,0.000149289,0.503082,-0.000393519,-0.000147729,0.000136587,0.000415624,1786749000,-0.000183889,0.000151761,0,1,-0.0001494,0.000129286,0,0,-0.000159721,0.000122795,0,0,-0.000136706,0.000107022,0,1
1786749240,-5.32165e-06,5.32163e-06,0.000127711,-5.32165e-06,0.000240487,0.527764,2.36951e-05,2.42601e-05,0.0392823,-0.000399832,-0.000298658,-0.000142936,-4.12045e-05,1.5467e-05,5.75618e-05,0.000135162,0.000286599,0.000407962,3.44447e-05,2.19146e-05,2.50409e-05,2.04193e-05,2.62933e-05,2.75196e-05,2.35874e-05,2.44273e-05,0.000167775,0,0.00016713,0.000159055,0,0.00011127,0.504645,-0.000361168,-0.000133593,0.000122273,0.000383081,1786749000,-0.000197435,0.000176464,0,1,-0.000182958,0.000156603,0,1,-0.000164358,0.000128373,0,0,-0.000146153,0.000117273,0,0
1786749300,-0.000101117,4.78939e-05,0.000191562,-0.000149018,0.000238071,0.529829,3.40081e-05,3.60581e-05,0.0383258,-0.000399977,-0.000302585,-0.000142457,-3.90602e-05,1.61989e-05,5.52373e-05,0.000131237,0.000276671,0.000394832,4.37476e-05,3.32962e-05,3.52684e-05,3.57892e-05,3.73074e-05,3.52817e-05,2.90912e-05,3.54938e-05,0.000165354,0,0.000200633,0.000165512,0,0.000150673,0.502883,-0.000375283,-0.000142172,0.000125833,0.000394692,1786749300,-0.000173031,0.000146827,0,1,-0.000185551,0.000163375,0,1,0.000190127,0,0.000153798,1,-0.000152581,0.000134084,0,1
1786749360,-0.000180971,-2.12891e-05,-2.12891e-05,-0.000516387,0.000236112,0.527299,5.13614e-05,5.38091e-05,0.0376755,-0.00040014,-0.000287615,-0.000139354,-4.09423e-05,1.50191e-05,5.50763e-05,0.00013738,0.0002871,0.000391404,5.70537e-05,5.19401e-05,5.21477e-05,5.25788e-05,5.45977e-05,5.21999e-05,4.67229e-05,5.33945e-05,0.000166285,0,0.000195446,0.000170109,0,0.000152459,0.509756,-0.000385475,-0.000138609,0.000136264,0.000406384,1786749300,0.000185925,0,0.000145884,1,-0.000166133,0.000141079,0,1,0.000185167,0,0.000167862,1,-0.000170129,0.000146225,0,1
1786749420,-0.000298142,-5.32318e-06,0,-0.000298142,0.000235136,0.531218,8.55411e-05,8.78297e-05,0.037485,-0.000413028,-0.000296144,-0.000140186,-3.91678e-05,1.73498e-05,5.93185e-05,0.000149258,0.000311367,0.000412704,8.66779e-05,8.82015e-05,8.49205e-05,8.54644e-05,8.75139e-05,8.60275e-05,8.44205e-05,8.82034e-05,0.000175127,1.70303e-05,0.000205894,0.000165783,0,0.000143935,0.518567,-0.000374022,-0.000128622,0.000139171,0.000394395,1786749300,-0.000181582,0.000168288,0,1,0.000186355,0,0.000149175,1,-0.000187126,0.000150112,0,1,-0.000188019,0.000164748,0,1
1786749480,7.45438e-05,4.79217e-05,0.000117138,-5.32477e-06,0.00023656,0.530183,3.05123e-05,2.83018e-05,0.0407257,-0.000410483,-0.00030033,-0.000140894,-4.05402e-05,1.71175e-05,5.542e-05,0.000140403,0.000282699,0.000386873,3.75942e-05,2.79916e-05,3.0549e-05,2.87755e-05,3.0374e-05,3.2753e-05,3.21754e-05,2.95579e-05,0.000168829,3.47332e-07,0.000185307,0.000156826,0,0.000129068,0.514497,-0.000362253,-0.00012552,0.000128669,0.000367737,1786749300,-0.000183037,0.000164435,0,1,-0.000183006,0.000161991,0,1,-0.000178134,0.000147405,0,1,0.000180173,0,0.000139974,1
1786749540,-6.92191e-05,4.2594e-05,0.000181012,-6.92191e-05,0.00023442,0.535368,2.91337e-05,3.07408e-05,0.0382193,-0.000381412,-0.00028194,-0.000135076,-3.59882e-05,1.91804e-05,5.8048e-05,0.000138107,0.000276891,0.000367452,3.8426e-05,2.76686e-05,2.99005e-05,2.8369e-05,3.06952e-05,2.99578e-05,2.87479e-05,2.85785e-05,0.000164446,0,0.000153739,0.000144248,0,9.0218e-05,0.517898,-0.000333377,-0.000113131,0.000118376,0.000343308,1786749300,-0.000161088,0.000132555,0,1,0.000178509,0,0.000153978,1,-0.000194356,0.000160478,0,1,-0.000183433,0.000157177,0,1
1786749600,3.19479e-05,5.32471e-06,0.000138433,-5.32474e-06,0.00023227,0.527078,2.44732e-05,2.29893e-05,0.0387005,-0.000384139,-0.000285358,-0.000140284,-4.19312e-05,1.52252e-05,5.38091e-05,0.000129074,0.000268835,0.000365605,3.51406e-05,2.21022e-05,2.48522e-05,2.59087e-05,2.56081e-05,2.45614e-05,2.57373e-05,2.25803e-05,0.000162785,0,0.000181893,0.000152851,0,0.000132266,0.50737,-0.000352475,-0.000128706,0.000118564,0.000356604,1786749600,0.000157102,0,0.000128449,1,0.000163767,0,0.000131298,1,0.000184404,0,0.000154284,1,-0.000176626,0.000157542,0,1
1786749660,-3.72726e-05,-3.72726e-05,-3.19479e-05,-0.000314198,0.00022998,0.531212,2.38474e-05,2.41106e-05,0.0384098,-0.000367784,-0.000272952,-0.00013172,-3.794e-05,1.67979e-05,5.28537e-05,0.000125663,0.000260208,0.000351827,3.60297e-05,2.23737e-05,2.48359e-05,2.39512e-05,2.59183e-05,2.38474e-05,2.35357e-05,2.26576e-05,0.000155079,0,0.000163499,0.000143529,0,0.000105314,0.50974,-0.000333049,-0.00011936,0.000112251,0.000343699,1786749600,0.000169632,0,0.000142543,1,-0.000159866,0.000124816,0,1,-0.00018046,0.000133493,0,1,-0.000177108,0.000158643,0,1
1786749720,0.000276849,5.32474e-06,0.000340726,5.32474e-06,0.00022773,0.540298,7.90463e-05,7.81126e-05,0.0397526,-0.000358609,-0.000260621,-0.000123497,-3.00367e-05,1.96593e-05,5.2777e-05,0.000124411,0.000261922,0.000353877,7.94715e-05,8.20867e-05,7.9231e-05,7.85087e-05,7.6246e-05,8.02128e-05,7.69002e-05,8.23048e-05,0.000148917,1.01939e-05,0.000151928,0.000153648,0,0.000116755,0.520921,-0.00034812,-0.000118555,0.000129193,0.000366775,1786749600,0.000159525,0,0.000129149,1,-0.000166616,0.000136902,0,1,0.000169111,0,0.000135842,1,-0.000161729,0.000128327,0,1
1786749780,0.000228875,0.000111783,0.000287416,6.38774e-05,0.000228816,0.525438,6.66857e-05,6.45984e-05,0.0369023,-0.000382868,-0.000284888,-0.000137728,-3.94043e-05,1.31312e-05,4.97647e-05,0.000129241,0.000265506,0.000363531,6.61453e-05,6.50152e-05,6.53294e-05,6.50949e-05,6.1815e-05,6.57032e-05,6.90217e-05,6.82582e-05,0.000161005,0,0.000180095,0.000154365,0,0.000123909,0.507132,-0.000347251,-0.000129707,0.000120528,0.00036168,1786749600,0.000169582,0,0.000144648,0,-0.000153424,0.000124527,0,1,0.000174305,0,0.000156567,1,-0.000155756,0.000131186,0,1
1786749840,0.000106436,5.32205e-06,0.000180934,0,0.000228817,0.524733,3.60902e-05,3.35147e-05,0.036244,-0.000388628,-0.000285745,-0.000141757,-4.01613e-05,1.28964e-05,4.98658e-05,0.000130208,0.000273924,0.000377853,4.28566e-05,3.26416e-05,3.51339e-05,3.33919e-05,3.26941e-05,3.6657e-05,3.83034e-05,3.7625e-05,0.000164369,0,0.000174284,0.000152018,0,0.000115014,0.507742,-0.000344911,-0.000128529,0.00011741,0.000362545,1786749600,-0.000162757,0.00013756,0,1,0.000161594,0,0.000145798,0,-0.000174644,0.000134113,0,1,-0.000163367,0.000138159,0,1
1786749900,-0.000367251,0,0,-0.000409839,0.000227017,0.527659,0.000111453,0.000115161,0.0348088,-0.000378485,-0.000274408,-0.000135766,-3.74086e-05,1.39556e-05,5.03275e-05,0.000124951,0.000263715,0.000373331,0.000105903,0.000119357,0.000112261,0.000116908,0.000121846,0.000112558,0.000108118,0.000109409,0.000157536,0,0.000157093,0.000147352,0,0.000105781,0.508641,-0.000336603,-0.000124421,0.000113907,0.00035651,1786749900,-0.000163962,0.000143893,0,1,-0.000158538,0.000137658,0,1,0.000164154,0,0.000142269,1,-0.000161224,0.000139116,0,1
1786749960,-4.79122e-05,0,0,-0.000149068,0.000230658,0.531947,2.60708e-05,2.7487e-05,0.0406345,-0.000407622,-0.000295649,-0.00014526,-3.85806e-05,1.76785e-05,5.58514e-05,0.000134822,0.000283616,0.000383101,3.66579e-05,2.39646e-05,2.78585e-05,2.57246e-05,2.73003e-05,3.2942e-05,2.64351e-05,2.30537e-05,0.000169082,0,0.000183832,0.000169362,0,0.000146614,0.514754,-0.000377892,-0.000135467,0.000137301,0.000391738,1786749900,-0.000158512,0.000136252,0,1,-0.000159756,0.000136701,0,1,0.000171796,0,0.000132072,1,0.000164296,0,0.000145082,1
1786750020,0.000111792,1.5971e-05,0.000111792,1.06474e-05,0.000228441,0.541895,3.48054e-05,3.23839e-05,0.0367881,-0.000379934,-0.00026931,-0.000124072,-3.01848e-05,2.11052e-05,5.50663e-05,0.00013356,0.000270482,0.000358046,4.37525e-05,3.35695e-05,3.64978e-05,3.30698e-05,3.48328e-05,3.90236e-05,3.37054e-05,3.3595e-05,0.000156277,0,0.000132251,0.000152441,0,9.5255e-05,0.526215,-0.000342675,-0.000114408,0.000131611,0.000361365,1786749900,0.000177791,0,0.000138871,1,-0.000152479,0.000132333,0,1,0.000162928,0,0.000133792,1,-0.000152892,0.000134085,0,1
1786750080,0.000271442,-5.32313e-06,0.000271442,-1.06463e-05,0.000226697,0.546964,7.82223e-05,7.66707e-05,0.03409,-0.000371747,-0.000266452,-0.000124422,-2.74714e-05,2.35233e-05,5.26466e-05,0.000124922,0.000252573,0.000340393,7.78241e-05,7.96914e-05,7.7046e-05,8.33822e-05,7.36773e-05,7.77332e-05,7.85023e-05,8.20754e-05,0.000149704,0,0.000123692,0.000142791,0,7.96246e-05,0.522662,-0.000326017,-0.000112389,0.000117296,0.000331434,1786749900,0.000155541,0,0.000122816,1,0.000170394,0,0.000138391,1,0.000168102,0,0.000124976,1,-0.000155918,0.000136706,0,1
1786750140,2.6608e-05,-1.59651e-05,7.98218e-05,-3.19305e-05,0.000227678,0.53904,2.36218e-05,2.19446e-05,0.0357975,-0.000391977,-0.000286976,-0.000133944,-3.2564e-05,2.02718e-05,5.39887e-05,0.000132836,0.000266091,0.000362235,3.4958e-05,2.14978e-05,2.56749e-05,2.0046e-05,2.4144e-05,2.87022e-05,2.36681e-05,2.1709e-05,0.000160158,0,0.000150432,0.000163571,0,0.00012391,0.511912,-0.000365405,-0.000134809,0.000129272,0.000378919,1786749900,-0.000143146,0.00010218,0,1,-0.000160028,0.00012744,0,1,0.000185049,0,0.00014168,1,0.000159707,0,0.000124917,1
1786750200,1.59645e-05,2.12859e-05,0.000111746,-0.000111758,0.000225421,0.537661,2.26876e-05,2.12519e-05,0.0330002,-0.000382638,-0.000283426,-0.000137274,-3.3363e-05,1.96113e-05,5.08928e-05,0.000122611,0.000254054,0.000357803,3.42901e-05,2.05829e-05,2.43263e-05,2.19521e-05,2.28716e-05,2.52792e-05,2.24126e-05,2.13051e-05,0.00015696,0,0.000160495,0.000154111,0,0.000124177,0.513333,-0.000348327,-0.000129747,0.000120273,0.000361385,1786750200,-0.000165305,0.00012308,0,1,0.000153725,0,0.000108592,1,0.000166958,0,0.000122669,1,0.000176777,0,0.000140156,1
1786750260,5.85341e-05,5.85341e-05,6.38553e-05,5.85341e-05,0.000223167,0.541614,2.57088e-05,2.2939e-05,0.0312062,-0.000359047,-0.000257291,-0.00012061,-2.73555e-05,1.8861e-05,4.90652e-05,0.000120703,0.000254694,0.000341967,3.66546e-05,2.41551e-05,2.66123e-05,2.40691e-05,2.47342e-05,2.67785e-05,2.62826e-05,2.50779e-05,0.000144806,0,0.000139217,0.000145441,0,0.00011067,0.513104,-0.000328723,-0.000117685,0.000117003,0.000351131,1786750200,-0.000168347,0.000140969,0,1,0.000159686,0,0.000130568,1,0.000156141,0,0.000112173,1,0.000149902,0,0.000122281,1
1786750320,-0.000260769,4.25681e-05,0.000154301,-0.000298028,0.000221079,0.546506,7.45211e-05,7.83556e-05,0.030094,-0.00033681,-0.000239175,-0.000114983,-2.4474e-05,2.05081e-05,4.45528e-05,0.000102324,0.000223344,0.000317122,7.62465e-05,7.58389e-05,7.45362e-05,8.10199e-05,7.91177e-05,7.40435e-05,7.53242e-05,7.39977e-05,0.00013148,0,0.000102952,9.92726e-05,0,3.91534e-05,0.510964,-0.000220919,-7.767e-05,6.48826e-05,0.000228184,1786750200,0.000152072,0,0.000128349,1,0.000159963,0,0.000123841,1,0.000171947,0,0.000126418,1,0.000142839,0,0.000111093,1
1786750380,-0.000196953,-5.32253e-06,-5.32253e-06,-0.000218247,0.000221942,0.535779,5.59228e-05,5.8411e-05,0.0333294,-0.000388827,-0.000279092,-0.000135346,-3.36822e-05,1.82706e-05,5.31905e-05,0.000127899,0.000273039,0.000359922,5.96812e-05,5.63962e-05,5.68107e-05,5.71589e-05,5.88103e-05,5.68496e-05,5.54124e-05,5.39628e-05,0.000158734,0,0.000177564,0.000160884,0,0.000149378,0.513105,-0.000359856,-0.000130246,0.000128444,0.000367719,1786750200,0.000101234,0,7.4764e-05,0,-0.000145618,0.000132219,0,1,-0.00015416,0.000120143,0,1,0.000155222,0,0.000126575,1
1786750440,-0.000394022,-5.32358e-06,1.59706e-05,-0.000431302,0.00022147,0.546218,0.000128676,0.000132434,0.0356989,-0.000362926,-0.000260247,-0.000121909,-2.69187e-05,2.23717e-05,5.2888e-05,0.000124344,0.000254213,0.000330852,0.000113153,0.000134271,0.000122426,0.000132622,0.000133093,0.000121992,0.000131887,0.000133119,0.000148217,0,0.0001337,0.000139532,0,0.00010318,0.517503,-0.000316654,-0.000111098,0.000113797,0.000316849,1786750200,0.00016379,0,0.000137011,0,-0.000112955,8.0788e-05,0,0,0.000158144,0,0.000129566,0,0.000164809,0,0.000124078,0
1786750500,5.85806e-05,5.32565e-06,0.000266248,-3.19545e-05,0.000226215,0.546433,2.67064e-05,2.51103e-05,0.0554082,-0.000412483,-0.000297801,-0.000141431,-3.31107e-05,2.79171e-05,6.63378e-05,0.000146192,0.00029853,0.000374373,3.67656e-05,2.46814e-05,2.86113e-05,2.69245e-05,2.73724e-05,3.55556e-05,2.51046e-05,2.509e-05,0.000173499,0,0.000168916,0.000171822,0,0.000158589,0.524487,-0.000381989,-0.000133345,0.000142647,0.000368579,1786750500,0.000136374,0,0.000108838,1,0.000159298,0,0.000132222,1,0.000120135,0,9.79008e-05,0,0.000147815,0,0.000125315,0
1786750560,0.000404645,0,0.000404645,-0.000644575,0.000224094,0.543809,0.000128799,0.00012923,0.0457053,-0.000402066,-0.000293674,-0.000141542,-3.25713e-05,2.46948e-05,5.89654e-05,0.000141721,0.000285322,0.000363067,0.000115033,0.000139385,0.000125046,0.00012729,0.000130174,0.000119795,0.000131733,0.000132924,0.000169989,0,0.000165858,0.000170955,0,0.000154855,0.520078,-0.000383205,-0.000135384,0.000139412,0.000376702,1786750500,0.000173389,0,0.000141727,1,0.000136806,0,0.000119631,1,0.000171044,0,0.000138577,1,0.000112338,0,9.034e-05,1
1786750620,0.000234193,4.79076e-05,0.000234193,4.79076e-05,0.000229104,0.532374,6.62977e-05,6.41492e-05,0.0514335,-0.000478868,-0.000359201,-0.000171107,-4.73292e-05,2.22192e-05,7.20546e-05,0.000180681,0.000363392,0.000476033,6.7557e-05,6.6472e-05,6.6857e-05,6.85522e-05,6.40531e-05,6.76108e-05,6.8088e-05,6.31214e-05,0.000212611,1.53433e-05,0.00027478,0.000216638,0,0.000253994,0.50915,-0.000452578,-0.000168741,0.000166192,0.00046016,1786750500,0.000171214,0,0.000144516,0,0.000171171,0,0.000142213,0,0.000152062,0,0.000116479,1,0.000158748,0,0.000137286,1
1786750680,0.000196893,-5.32197e-06,0.00024478,-0.00013838,0.000229207,0.537531,5.66848e-05,5.41737e-05,0.0490099,-0.000427929,-0.000320104,-0.000154135,-3.74811e-05,2.19676e-05,6.352e-05,0.000148431,0.000293949,0.000388446,5.8091e-05,5.60963e-05,5.64616e-05,5.6282e-05,5.27991e-05,5.90826e-05,5.9544e-05,5.48463e-05,0.000181916,0,0.00017764,0.000165541,0,0.000118003,0.507471,-0.000364886,-0.000139544,0.000125264,0.000367605,1786750500,-0.000205118,0.000169867,0,1,0.000167917,0,0.000151508,0,0.000180539,0,0.000147293,0,0.000135138,0,0.000119862,1
1786750740,0.000186214,-5.32092e-06,0.000191534,-0.000148996,0.000228605,0.526363,5.49038e-05,5.20386e-05,0.0463736,-0.000446783,-0.000332725,-0.000165018,-4.64119e-05,1.62885e-05,6.54165e-05,0.000158038,0.000319341,0.000427391,5.62986e-05,5.31137e-05,5.34556e-05,5.47154e-05,4.90751e-05,5.63907e-05,5.74653e-05,5.62832e-05,0.000210678,0,0.00021618,0.000182206,0,0.00015905,0.504931,-0.000391109,-0.000149557,0.000139601,0.000408345,1786750500,-0.000164234,0.000129364,0,1,-0.000191085,0.000173485,0,1,0.000186503,0,0.000145841,0,0.00016863,0,0.000155549,0
1786750800,-0.000281995,0,0,-0.000585362,0.000227835,0.52868,7.91893e-05,8.23031e-05,0.044752,-0.000447415,-0.000328818,-0.000161787,-4.50253e-05,1.77395e-05,6.61217e-05,0.000159824,0.000318222,0.000434918,8.23148e-05,8.23221e-05,8.07012e-05,8.16887e-05,8.45198e-05,8.1228e-05,7.63554e-05,7.74437e-05,0.000193145,0,0.000209528,0.000176552,0,0.000143845,0.507716,-0.000380007,-0.000143166,0.000137467,0.000398796,1786750800,0.00018099,0,0.000166601,1,0.000154584,0,0.000138216,1,0.000189829,0,0.00016746,1,0.000160505,0,0.000146786,1
1786750860,0.000287315,0,0.000287315,-0.0001224,0.000229044,0.531677,8.21049e-05,7.91477e-05,0.0452441,-0.000463933,-0.000337683,-0.000163802,-4.49199e-05,2.04015e-05,6.93546e-05,0.00016643,0.000332419,0.000431061,8.20722e-05,8.47518e-05,8.15478e-05,8.21165e-05,7.78865e-05,8.25997e-05,8.24447e-05,8.3233e-05,0.000198586,5.12353e-06,0.000231491,0.000192548,0,0.000185973,0.514318,-0.000412559,-0.000149249,0.000153833,0.000426622,1786750800,-0.000168154,0.000145836,0,1,-0.000164041,0.000147761,1.10317e-06,1,0.000164896,0,0.000135636,1,-0.00016835,0.000154887,5.33489e-07,1
1786750920,-0.000143647,4.78778e-05,0.000154265,-0.000186213,0.000230354,0.539767,4.41532e-05,4.67024e-05,0.0475649,-0.000441388,-0.000320833,-0.000153948,-3.82089e-05,2.4618e-05,7.08131e-05,0.000166117,0.000316556,0.000426349,5.09705e-05,4.17163e-05,4.50344e-05,4.72083e-05,4.4644e-05,5.00523e-05,4.06302e-05,4.56486e-05,0.000210202,0,0.00019674,0.000181233,0,0.000144801,0.509113,-0.00038925,-0.000144854,0.000142812,0.0004024,1786750800,-0.000184607,0.000159877,0,1,0.000163702,0,0.000148343,1,0.000179084,0,0.000151454,1,0.000161793,0,0.000135892,1
1786750980,-0.000255424,-4.7887e-05,4.78847e-05,-0.00027139,0.000228941,0.533261,7.21473e-05,7.50192e-05,0.0420696,-0.000432602,-0.000315921,-0.000153071,-4.22584e-05,2.06037e-05,6.512e-05,0.000151348,0.000298321,0.000390618,7.46817e-05,7.27226e-05,7.32463e-05,7.39888e-05,7.51974e-05,7.38343e-05,6.89201e-05,7.2081e-05,0.000198029,0,0.00019851,0.000172814,0,0.0001617,0.507223,-0.000385304,-0.000142979,0.00013271,0.000385351,1786750800,-0.000170998,0.000151485,0,1,0.000178425,0,0.000152577,1,0.000169062,0,0.000141141,1,0.000169525,0,0.000148667,1
1786751040,-0.000250166,-5.32202e-06,0.000106434,-0.000330019,0.000229501,0.536546,7.12972e-05,7.38141e-05,0.0419895,-0.000423328,-0.000310289,-0.00015046,-3.9792e-05,2.2389e-05,6.57601e-05,0.000149452,0.000294977,0.000381562,7.27621e-05,7.12298e-05,7.17171e-05,7.23262e-05,7.28264e-05,7.2336e-05,6.98072e-05,7.13892e-05,0.000195031,0,0.000195642,0.000169197,0,0.000151207,0.510168,-0.000375181,-0.000137015,0.00013358,0.000374342,1786750800,-0.000165268,0.000146515,0,1,-0.000167443,0.000149819,0,0,0.000185105,0,0.00015667,1,0.000157152,0,0.000137701,1
1786751100,0.000212911,7.4524e-05,0.0002342,6.9201e-05,0.000229933,0.537807,5.99775e-05,5.74099e-05,0.0438382,-0.000448588,-0.000332832,-0.000164557,-4.26795e-05,2.53856e-05,7.38418e-05,0.000167096,0.000324695,0.000406777,6.17601e-05,6.06185e-05,6.10018e-05,6.30443e-05,5.873e-05,6.19642e-05,5.88573e-05,5.84713e-05,0.000216048,0,0.000234301,0.00019313,0,0.000222716,0.515581,-0.000415156,-0.000153014,0.000153264,0.000404919,1786751100,0.000163819,0,0.000145189,1,0.000166939,0,0.000143909,1,0.000179552,0,0.00014283,1,0.000177975,0,0.000146578,1
1786751160,-2.12891e-05,-5.32222e-06,0.000101117,-2.66114e-05,0.000229604,0.542779,2.47882e-05,2.55867e-05,0.0389135,-0.000407479,-0.000297858,-0.000143895,-3.3042e-05,2.40164e-05,6.51141e-05,0.000145894,0.000277477,0.000360212,3.57056e-05,2.238e-05,2.78348e-05,2.48146e-05,2.62161e-05,3.35302e-05,2.2925e-05,2.16098e-05,0.000188768,0,0.000154773,0.000160832,0,0.000111962,0.51538,-0.000358741,-0.000129535,0.000127755,0.000350309,1786751100,0.000193898,0,0.000177023,1,0.000156392,0,0.000154305,1,-0.000167534,0.000142134,0,1,-0.000155217,0.000144148,0,1
1786751220,-0.000186299,0,0,-0.000223562,0.000227317,0.53656,5.23952e-05,5.47845e-05,0.0359496,-0.000393153,-0.000285733,-0.000143253,-3.54481e-05,1.99044e-05,5.56514e-05,0.000129388,0.000259045,0.000346551,5.79097e-05,5.34492e-05,5.38285e-05,5.3946e-05,5.49938e-05,5.46248e-05,4.88802e-05,5.21175e-05,0.000178046,0,0.000158399,0.000149559,0,0.000124099,0.50805,-0.000346201,-0.000127461,0.000112209,0.000337571,1786751100,0.000151137,0,0.000147002,1,0.000187068,0,0.000165261,1,0.000180611,0,0.000151529,1,0.00015825,0,0.000145574,1
1786751280,0.000207588,0,0.000415132,0,0.000226569,0.53956,5.95419e-05,5.70346e-05,0.0372605,-0.000385016,-0.000280071,-0.000136143,-3.29544e-05,2.09768e-05,5.63004e-05,0.000132553,0.000262916,0.000345166,6.02192e-05,5.91119e-05,5.94399e-05,5.91974e-05,5.67992e-05,6.04595e-05,5.99103e-05,5.96606e-05,0.000174924,0,0.000149838,0.000153016,0,0.000129447,0.512163,-0.000345263,-0.000125257,0.00012063,0.000337746,1786751100,0.000150697,0,0.000137472,1,0.000157004,0,0.000139041,1,0.000177823,0,0.000170034,1,0.000164134,0,0.00014585,1
1786751340,0.000127725,7.45081e-05,0.00018626,3.72548e-05,0.000226205,0.528834,3.98769e-05,3.73309e-05,0.0347587,-0.000410684,-0.000300883,-0.0001504,-4.16732e-05,1.65176e-05,5.66782e-05,0.000142264,0.000278838,0.000366295,4.67457e-05,3.69094e-05,3.98958e-05,4.18016e-05,3.76705e-05,4.22346e-05,4.12192e-05,4.02692e-05,0.000190832,0,0.000194667,0.000173031,0,0.000171961,0.508478,-0.000386081,-0.000143489,0.000134236,0.000384132,1786751100,0.000147591,0,0.000127467,1,0.000149854,0,0.000146125,1,0.000166421,0,0.000135264,1,-0.000178703,0.000149581,0,1
1786751400,-2.12863e-05,5.85351e-05,0.000148992,-2.6608e-05,0.000224659,0.535687,2.29929e-05,2.37293e-05,0.033411,-0.000392522,-0.000278318,-0.000140147,-3.53211e-05,1.91011e-05,5.29246e-05,0.000131566,0.000254377,0.000344948,3.57262e-05,2.17385e-05,2.60521e-05,2.33762e-05,2.55838e-05,2.67628e-05,2.04132e-05,2.10692e-05,0.000177054,0,0.000153544,0.000149995,0,0.000116087,0.510956,-0.000344993,-0.000124885,0.000115547,0.000344238,1786751400,0.000169403,0,0.000160068,1,-0.000141487,0.00012278,1.52625e-06,1,-0.000159846,0.000130799,0,1,0.00014716,0,0.000140264,1
1786751460,-3.72522e-05,-5.32165e-06,-5.32165e-06,-0.000250148,0.000222421,0.534393,2.2792e-05,2.38264e-05,0.0330664,-0.000379934,-0.000267959,-0.000135894,-3.29024e-05,1.67821e-05,4.95824e-05,0.000119636,0.000239901,0.000328225,3.66131e-05,2.23044e-05,2.61551e-05,2.4889e-05,2.6127e-05,2.53916e-05,1.95952e-05,2.03284e-05,0.000166912,0,0.000149516,0.000141606,0,0.000122507,0.503512,-0.000326623,-0.000121559,0.00010533,0.000325888,1786751400,-0.000143497,0.000126081,0,1,-0.000164978,0.00015109,0,1,0.00015974,0,0.000138012,1,0.000152901,0,0.000142096,1
1786751520,0.000367139,0,0.000367139,0,0.000220249,0.540253,0.000119091,0.000118726,0.0333928,-0.000368662,-0.000263316,-0.000123755,-2.88429e-05,1.88387e-05,5.35753e-05,0.000126787,0.000249446,0.000325974,0.000104139,0.000121237,0.000112615,0.000110791,0.000108776,0.000114329,0.000121694,0.000133434,0.000163466,0,0.000143028,0.000148361,0,0.00012003,0.518031,-0.000334777,-0.000116264,0.000121513,0.000341641,1786751400,0.00013724,0,0.000119563,1,0.000148462,0,0.000125681,1,0.000182968,0,0.000153039,1,0.000150876,0,0.000137023,1
1786751580,0.000101073,0,0.00040423,0,0.000224132,0.533415,3.4729e-05,3.2037e-05,0.036047,-0.000401039,-0.000292854,-0.000140428,-3.60375e-05,1.76352e-05,5.81785e-05,0.000142703,0.000273658,0.000370949,4.18307e-05,3.19277e-05,3.53916e-05,3.40642e-05,3.21516e-05,3.86766e-05,3.62233e-05,3.32717e-05,0.000184459,0,0.000176311,0.00016797,0,0.000148395,0.507536,-0.000371581,-0.000139841,0.00012976,0.000375664,1786751400,0.000147972,0,0.000136716,0,-0.000134717,0.000124154,0,1,-0.000152965,0.000127829,0,1,-0.000159351,0.000149491,0,1
1786751640,0.000138293,-5.31936e-06,0.00018616,-0.000154273,0.00022234,0.523099,4.25504e-05,3.94055e-05,0.0348407,-0.00041311,-0.000295853,-0.000149649,-4.22219e-05,1.24155e-05,5.63375e-05,0.00013652,0.000280759,0.000373972,4.80298e-05,3.97868e-05,4.11238e-05,4.34095e-05,3.7867e-05,4.28453e-05,4.86666e-05,4.29724e-05,0.000187258,0,0.000205,0.000170388,0,0.000193032,0.50054,-0.000384892,-0.000146261,0.000126979,0.000390556,1786751400,-0.000160417,0.000139081,0,1,0.000144729,0,0.000141887,0,-0.000152968,0.000126111,0,1,0.000145468,0,0.000127249,1
1786751700,9.57304e-05,0,9.57304e-05,-5.31863e-06,0.000220972,0.532251,3.39544e-05,3.09099e-05,0.0353331,-0.000392147,-0.000282803,-0.000138816,-3.58618e-05,1.66507e-05,5.82211e-05,0.000137293,0.000280826,0.000370179,4.08894e-05,3.07189e-05,3.36876e-05,3.61215e-05,3.03049e-05,3.46322e-05,3.52632e-05,3.40534e-05,0.000179634,0,0.000182388,0.00016226,0,0.000149016,0.508619,-0.000361218,-0.000133037,0.000127258,0.000374745,1786751700,-0.000170068,0.0001556,0,1,-0.000161864,0.000147984,0,1,0.000151119,0,0.000137546,0,-0.000142368,0.000129257,0,0
1786751760,9.04037e-05,1.06361e-05,9.57213e-05,1.06361e-05,0.00021917,0.541578,3.15506e-05,2.83069e-05,0.035585,-0.000369602,-0.00026468,-0.000127404,-2.8269e-05,1.94943e-05,5.6305e-05,0.00012522,0.000254963,0.000355578,3.987e-05,2.96348e-05,3.23626e-05,3.05226e-05,2.89868e-05,3.25487e-05,3.11914e-05,3.23233e-05,0.00015175,0,0.000130526,0.000138057,0,8.7004e-05,0.515191,-0.000316219,-0.000112351,0.00010788,0.000320554,1786751700,-0.00016212,0.000149087,0,1,0.000165869,0,0.000152086,1,0.000170807,0,0.000137164,1,0.000148883,0,0.000140118,0
1786751820,5.84921e-05,1.06352e-05,0.000175466,5.31761e-06,0.000217343,0.541656,2.5982e-05,2.25431e-05,0.0352898,-0.000356626,-0.000256795,-0.000124937,-2.86139e-05,1.98084e-05,5.5187e-05,0.000120139,0.000246596,0.000345632,3.65814e-05,2.41134e-05,2.66425e-05,2.4557e-05,2.47527e-05,2.64718e-05,2.53235e-05,2.74912e-05,0.000147435,0,0.000124541,0.000133845,0,8.14041e-05,0.514066,-0.000305078,-0.00010902,0.000103757,0.000310187,1786751700,-0.000134927,0.000108494,0,1,-0.000153605,0.000146691,0,1,-0.000177505,0.000151543,0,1,-0.000150487,0.000136863,0,1
1786751880,-9.57162e-05,0,1.06346e-05,-0.000132942,0.000215318,0.53992,3.10938e-05,3.39264e-05,0.0351579,-0.000364916,-0.000255682,-0.000127934,-2.98189e-05,1.92412e-05,5.57626e-05,0.000118946,0.000248333,0.000347244,4.33504e-05,3.1025e-05,3.35645e-05,3.43789e-05,3.56375e-05,3.21242e-05,2.48728e-05,3.19902e-05,0.000148869,0,0.000158964,0.000132393,0,0.000111056,0.505364,-0.000309529,-0.000112908,9.91973e-05,0.00031662,1786751700,-0.000131908,0.00010901,0,1,0.000140861,0,0.000110041,1,0.00016937,0,0.000143764,1,-0.000165417,0.000161131,0,1
1786751940,-3.19074e-05,-4.78615e-05,-3.19074e-05,-0.000255288,0.000213583,0.545299,2.08921e-05,2.23734e-05,0.0338297,-0.00034726,-0.000245016,-0.00011372,-2.5667e-05,2.05479e-05,5.2815e-05,0.000112016,0.000231432,0.000321159,3.62013e-05,2.09106e-05,2.40774e-05,2.21331e-05,2.49144e-05,2.31521e-05,1.66523e-05,1.93914e-05,0.000135596,0,0.000131088,0.000124247,0,9.41683e-05,0.509113,-0.000288853,-0.000101843,9.52577e-05,0.000293709,1786751700,-0.000134996,0.000126434,0,1,0.00013923,0,0.000111162,1,-0.000151819,0.000121971,0,1,0.000160134,0,0.000142764,1
